byte offset: 0
first index: 0
index count: 22902
topology: trianglelist
format: DXGI_FORMAT_R16_UINT

0 1 2
0 2 3
4 5 6
4 6 7
8 9 5
10 8 11
10 12 13
10 13 14
0 15 1
16 17 1
18 19 20
18 20 21
19 18 22
19 22 23
23 22 24
23 24 11
19 4 25
19 25 20
26 27 28
26 28 29
30 31 28
32 28 27
32 27 33
32 34 30
32 30 28
35 36 37
35 37 38
39 40 41
39 41 42
43 44 45
43 46 21
43 21 47
47 21 20
47 20 48
25 49 36
25 36 35
50 51 52
50 52 53
52 54 55
52 55 53
56 54 57
56 57 58
58 57 59
58 59 60
61 62 60
61 60 59
50 63 51
64 65 29
64 29 31
30 58 60
34 56 58
34 58 30
39 55 56
39 56 34
4 19 23
4 23 5
4 7 49
4 49 25
48 35 38
48 38 33
34 32 40
34 40 39
35 48 20
35 20 25
42 53 55
42 55 39
8 5 11
11 5 23
55 54 56
46 66 21
67 68 66
67 66 46
69 22 18
70 67 46
70 46 45
43 45 46
71 72 17
7 73 49
36 49 73
36 73 74
74 75 37
42 41 75
42 75 76
76 50 53
76 53 42
14 13 77
14 77 78
79 80 81
79 81 82
80 79 83
80 83 84
85 86 87
85 87 88
89 85 88
89 88 90
90 91 92
90 92 89
10 11 12
12 11 24
26 29 65
26 65 93
64 31 60
64 60 62
72 94 2
72 2 1
27 26 43
27 43 47
33 27 47
33 47 48
40 38 37
40 37 41
32 33 38
32 38 40
44 43 26
44 26 93
74 37 36
37 75 41
95 70 45
96 97 98
96 98 99
100 101 102
100 102 103
99 98 104
99 104 105
105 104 106
105 106 107
108 107 106
108 106 109
110 108 109
110 109 111
101 110 111
101 111 102
112 113 114
112 114 115
114 116 117
114 117 115
116 118 119
116 119 117
120 121 122
120 122 123
122 124 125
122 125 123
126 127 128
126 128 129
130 131 132
130 132 133
127 134 135
127 135 128
134 130 133
134 133 135
136 137 138
136 138 139
140 141 142
140 142 143
140 143 137
140 137 136
144 145 146
144 146 147
148 149 144
148 144 147
150 151 152
150 152 153
154 155 153
154 153 152
156 157 158
156 158 159
150 156 159
150 159 151
78 77 82
78 82 81
121 120 119
121 119 118
145 155 154
145 154 146
86 84 83
86 83 87
124 126 129
124 129 125
149 148 142
149 142 141
97 96 113
97 113 112
5 9 6
66 68 69
66 69 18
21 66 18
1 15 16
158 157 160
158 160 161
161 160 162
161 162 163
163 162 164
163 164 165
164 166 167
164 167 165
166 168 169
166 169 167
17 72 1
95 45 44
28 31 29
30 60 31
170 171 172
170 172 173
174 175 176
174 176 177
178 177 179
180 181 178
182 183 180
182 180 184
170 173 185
186 173 187
188 189 190
188 190 191
191 192 193
191 193 188
192 181 194
192 194 193
191 190 195
191 195 174
196 197 198
196 198 199
200 196 201
202 203 197
202 197 196
200 204 202
200 202 196
205 206 207
205 207 208
209 210 211
209 211 212
213 214 44
189 215 213
189 213 216
216 217 190
216 190 189
195 207 206
195 206 218
219 220 221
219 221 222
223 224 221
223 221 220
225 226 227
225 227 224
226 228 229
226 229 227
61 229 228
61 228 62
219 222 230
64 201 199
64 199 65
200 228 226
204 200 226
204 226 225
209 204 225
209 225 223
174 177 192
174 192 191
174 195 218
174 218 175
208 207 217
208 217 203
204 209 212
204 212 202
207 195 190
207 190 217
210 209 223
210 223 220
178 181 177
181 192 177
223 225 224
215 189 231
232 215 231
232 231 233
234 188 193
235 214 215
235 215 232
213 215 214
71 187 72
175 218 236
206 237 236
206 236 218
237 205 238
210 239 238
210 238 211
220 219 239
220 239 210
184 240 241
184 241 182
242 243 244
242 244 245
243 246 247
243 247 244
248 249 250
248 250 251
252 253 249
252 249 248
254 255 253
254 253 252
180 183 181
183 194 181
65 199 198
65 198 93
228 201 64
228 64 62
72 173 172
72 172 94
197 216 213
197 213 198
203 217 216
203 216 197
212 211 205
212 205 208
202 212 208
202 208 203
198 213 44
198 44 93
237 206 205
205 211 238
95 214 235
256 257 258
256 258 259
260 261 262
260 262 263
257 264 265
257 265 258
264 266 267
264 267 265
267 266 268
267 268 269
269 268 270
269 270 271
271 270 261
271 261 260
272 273 274
272 274 275
276 277 272
276 272 275
278 279 277
278 277 276
280 281 282
280 282 283
284 285 280
284 280 283
286 287 288
286 288 289
290 291 292
290 292 293
294 295 289
294 289 288
293 292 295
293 295 294
296 297 298
296 298 299
300 301 302
300 302 303
302 296 299
302 299 303
304 305 306
304 306 307
306 308 309
306 309 307
310 311 312
310 312 313
311 314 315
311 315 312
316 317 318
316 318 319
319 318 310
319 310 313
240 242 245
240 245 241
281 279 278
281 278 282
305 304 315
305 315 314
247 246 251
247 251 250
285 284 287
285 287 286
308 301 300
308 300 309
273 256 259
273 259 274
177 176 179
231 188 234
231 234 233
189 188 231
173 186 185
320 317 316
320 316 321
322 320 321
322 321 323
324 322 323
324 323 325
324 325 326
324 326 327
327 326 169
327 169 168
187 173 72
95 44 214
196 199 201
200 201 228
328 51 63
328 63 329
330 52 51
330 51 328
331 54 52
331 52 330
54 331 332
54 332 57
57 332 333
57 333 59
334 61 59
334 59 333
335 336 337
337 338 339
337 339 340
340 339 341
340 341 342
342 341 343
343 344 345
343 345 346
346 345 347
346 347 348
349 348 347
349 347 350
335 351 336
63 352 329
343 341 344
329 337 340
329 340 328
328 340 342
328 342 330
330 342 343
330 343 331
331 343 346
331 346 332
332 346 348
332 348 333
337 329 352
337 352 335
353 354 351
351 355 353
356 357 347
356 347 345
358 359 357
358 357 356
344 360 356
344 356 345
358 361 362
341 363 360
341 360 344
364 365 361
366 341 339
367 368 364
369 370 371
369 371 372
373 367 366
374 373 338
374 338 354
367 373 375
367 375 368
376 373 374
377 369 378
377 378 379
380 377 379
381 374 354
381 354 353
382 376 374
382 374 381
383 384 385
386 381 353
387 382 381
387 381 386
384 383 388
384 388 389
390 391 392
390 392 393
394 395 396
373 376 385
383 385 376
383 376 382
388 383 382
388 382 387
389 388 391
389 391 390
391 388 387
391 387 397
386 355 398
386 398 399
386 399 397
386 397 387
373 385 375
400 380 384
389 401 400
389 400 384
390 402 401
390 401 389
393 403 402
393 402 390
337 354 338
337 336 354
336 351 354
404 405 406
404 406 407
408 409 405
408 405 404
410 411 412
410 412 413
407 406 410
407 410 413
386 353 355
333 348 349
333 349 334
350 347 357
350 357 414
359 415 414
359 414 357
416 417 418
416 418 419
420 395 421
395 420 396
422 423 230
422 230 222
424 422 222
424 222 221
425 424 221
425 221 224
426 425 224
426 224 227
427 426 227
427 227 229
334 427 229
334 229 61
428 429 430
429 431 432
429 432 433
431 434 435
431 435 432
434 436 435
436 437 438
436 438 439
438 437 440
438 440 441
441 440 349
441 349 350
428 430 442
230 423 443
436 439 435
423 422 431
423 431 429
422 424 434
422 434 431
424 425 436
424 436 434
437 436 425
437 425 426
426 427 440
426 440 437
443 423 429
443 429 428
444 442 445
442 444 446
447 438 441
447 441 448
448 449 450
448 450 447
451 452 453
451 453 454
447 455 439
447 439 438
447 450 456
447 456 455
454 453 457
454 457 458
455 459 435
455 435 439
455 456 460
455 460 459
461 462 463
461 463 464
459 465 435
459 460 466
459 466 465
464 463 467
464 467 468
433 432 469
433 469 470
471 445 433
471 433 470
472 473 474
472 474 475
476 471 470
477 478 479
477 479 480
479 481 480
482 444 445
482 445 471
483 482 471
483 471 476
484 481 485
486 444 482
487 486 482
487 482 483
485 488 489
485 489 484
470 481 476
484 483 476
484 476 481
489 487 483
489 483 484
488 490 491
488 491 489
487 489 491
487 491 492
486 493 494
486 494 446
492 493 486
492 486 487
470 495 481
496 485 497
488 485 496
488 496 498
490 488 498
490 498 499
429 433 445
429 445 430
430 445 442
500 501 502
500 502 503
504 505 506
504 506 507
501 505 504
501 504 502
486 446 444
427 334 349
427 349 440
350 414 448
350 448 441
449 448 414
449 414 415
419 508 452
481 495 480
466 477 480
466 480 495
509 464 468
509 468 510
456 458 511
450 454 458
449 451 454
415 416 451
415 451 449
415 359 512
359 358 513
360 358 356
479 514 497
479 497 481
478 515 514
478 514 479
463 516 515
463 515 478
457 517 516
457 516 518
385 379 375
368 375 379
368 379 378
519 520 372
519 372 371
362 365 521
362 521 522
513 362 522
513 522 523
512 513 523
512 523 417
417 416 512
367 364 363
360 363 364
360 364 361
361 358 360
453 524 517
453 517 457
452 508 524
452 524 453
416 452 451
419 452 416
380 379 385
366 367 363
366 363 341
366 339 338
366 338 373
435 469 432
470 469 465
364 368 365
490 525 526
490 526 491
527 528 529
525 490 499
525 499 530
531 500 503
531 503 532
533 529 534
529 528 534
535 536 537
538 537 536
539 540 541
539 541 542
540 543 544
540 544 541
545 546 547
545 547 548
549 542 541
549 541 550
551 544 552
548 547 553
548 553 554
555 549 550
555 550 556
551 552 557
554 553 558
554 558 559
555 560 561
562 563 564
559 558 565
559 565 566
563 567 560
568 567 569
568 569 535
570 567 563
570 563 562
567 571 569
566 565 572
566 572 573
572 574 573
535 569 575
535 575 536
569 571 576
569 576 575
577 578 579
575 580 536
575 576 581
575 581 580
582 583 584
582 584 585
586 587 588
586 588 589
590 591 592
571 567 579
571 579 578
571 578 576
581 576 578
581 578 593
594 582 585
594 585 595
596 597 581
596 581 593
591 538 580
591 580 592
580 581 597
580 597 592
579 567 570
579 574 577
598 599 600
598 600 577
599 601 588
599 588 602
601 603 589
601 589 588
536 580 538
540 539 604
540 604 605
543 540 605
543 605 606
546 545 607
546 607 608
586 590 609
597 590 592
610 611 612
611 610 613
614 615 616
614 616 617
618 619 617
618 617 616
616 615 620
616 620 621
622 618 616
622 616 621
621 620 623
621 623 624
624 623 625
624 625 626
627 628 625
627 625 623
627 612 629
627 629 628
630 631 626
630 626 628
629 632 628
633 634 635
633 635 636
637 633 638
612 611 639
612 639 629
629 639 640
629 640 632
637 641 642
611 643 639
639 643 644
639 644 640
645 646 647
645 647 648
637 628 632
632 640 641
632 641 637
641 640 644
641 644 649
650 651 646
650 646 645
644 652 653
644 653 649
654 655 643
654 643 613
652 644 643
652 643 655
630 628 637
637 642 656
657 642 658
657 658 659
659 658 660
659 660 661
613 643 611
617 662 663
617 663 614
662 617 619
662 619 664
665 666 667
630 637 638
638 668 631
638 631 630
669 670 618
669 618 622
670 671 619
671 672 664
671 664 619
606 607 673
606 673 543
544 543 673
552 544 674
544 550 541
656 675 633
656 633 637
676 677 634
676 634 633
573 579 570
573 570 562
573 562 566
566 562 557
566 557 559
607 545 673
544 673 674
564 563 556
564 556 550
564 550 551
544 551 550
667 672 671
667 666 672
573 574 579
560 555 556
560 556 563
560 567 568
560 568 561
625 628 626
562 564 557
678 679 660
678 660 680
655 654 681
661 660 679
661 679 682
683 681 678
655 681 652
684 685 686
684 686 687
687 686 688
687 688 689
690 689 688
690 688 691
692 693 694
692 694 695
696 697 698
696 698 699
700 696 699
700 699 701
702 700 701
702 701 703
702 703 704
702 704 705
692 706 707
692 707 693
708 709 710
708 710 711
695 694 712
695 712 713
714 715 716
714 716 717
718 719 716
718 716 715
720 721 719
720 719 718
708 722 723
708 723 709
724 725 726
724 726 727
728 727 726
728 726 729
730 728 729
730 729 731
732 733 734
732 734 735
722 732 735
722 735 723
736 737 738
736 738 739
740 736 739
740 739 741
720 742 743
720 743 721
737 744 745
737 745 738
384 380 385
497 485 481
577 574 598
656 642 657
397 392 391
586 609 587
526 492 491
683 678 680
746 100 103
746 103 747
747 412 411
747 411 746
748 749 263
748 263 262
749 748 507
749 507 506
750 751 752
750 752 753
754 755 751
754 751 750
756 755 757
758 756 757
758 757 759
760 761 758
760 758 759
762 761 760
763 764 765
763 765 766
767 768 752
767 769 768
769 770 771
755 767 751
755 772 767
773 770 769
773 769 772
756 774 772
775 774 756
775 756 758
776 775 758
776 758 761
765 777 776
765 776 761
764 778 777
764 777 765
779 777 778
779 778 780
781 776 777
781 777 779
781 782 775
781 775 776
782 783 774
782 774 775
783 784 773
783 773 774
773 784 770
780 785 786
780 786 779
779 786 787
779 787 781
781 787 788
781 788 782
782 788 789
782 789 783
790 784 783
790 783 789
786 791 792
786 792 787
787 792 793
787 793 788
788 793 794
769 771 795
755 756 772
789 788 794
790 789 794
796 797 798
796 798 799
757 755 754
772 774 773
800 798 797
800 797 801
800 801 802
800 802 803
804 797 796
804 796 805
793 792 800
798 800 792
798 792 791
798 791 806
798 806 799
785 806 791
785 791 786
807 808 801
797 804 807
801 808 809
801 809 802
800 803 793
807 801 797
765 761 762
765 762 766
753 752 810
753 810 811
767 752 751
752 812 810
752 768 812
768 813 812
768 769 795
767 772 769
768 795 813
814 815 816
814 816 817
817 818 819
817 819 814
820 821 818
822 823 821
822 821 820
824 823 822
824 822 825
826 824 825
763 827 828
763 828 764
829 816 830
829 830 831
831 832 833
818 817 829
818 829 834
835 834 831
835 831 833
820 834 836
837 822 820
837 820 836
838 825 822
838 822 837
838 839 828
838 828 825
839 778 764
839 764 828
840 780 778
840 778 839
841 840 839
841 839 838
837 842 841
837 841 838
836 843 842
836 842 837
835 844 843
835 843 836
835 833 844
780 840 845
780 845 785
840 841 846
840 846 845
841 842 847
841 847 846
842 843 848
842 848 847
843 844 849
843 849 848
845 846 850
845 850 851
846 847 852
846 852 850
847 853 852
831 854 832
818 834 820
848 853 847
849 853 848
796 799 855
796 855 856
821 819 818
834 835 836
856 855 857
856 857 858
857 859 860
857 860 858
796 856 861
796 861 805
852 857 850
850 857 855
850 855 851
855 799 806
855 806 851
785 845 851
785 851 806
862 858 863
856 862 861
864 863 858
864 858 860
857 852 859
862 856 858
828 827 826
828 826 825
815 865 866
815 866 816
829 817 816
816 866 867
816 867 830
830 867 868
830 854 831
829 831 834
830 868 854
869 870 871
869 871 872
872 873 874
872 874 869
875 874 873
875 873 876
877 875 876
877 876 878
879 877 878
879 878 880
881 879 880
881 880 882
883 884 885
883 885 886
886 887 888
886 888 883
889 890 891
889 891 892
893 891 890
893 890 894
895 896 897
895 897 898
895 898 899
895 899 900
900 899 901
900 901 902
903 902 901
903 901 904
905 903 904
905 904 906
896 893 894
896 894 897
905 906 907
869 908 870
872 871 909
909 910 873
909 873 872
911 908 869
911 869 874
910 912 876
910 876 873
913 911 874
913 874 875
912 914 878
912 878 876
915 913 875
915 875 877
914 916 880
914 880 878
917 915 877
917 877 879
916 918 882
916 882 880
919 917 879
919 879 881
920 885 882
920 882 918
921 884 883
921 883 922
923 887 886
923 886 924
925 922 883
925 883 888
926 889 887
926 887 923
927 892 891
927 891 928
929 930 894
929 894 890
928 891 893
928 893 931
932 933 898
932 898 897
934 935 896
934 896 895
933 936 899
933 899 898
937 934 895
937 895 900
936 938 901
936 901 899
939 937 900
939 900 902
938 940 904
938 904 901
902 903 939
940 941 906
940 906 904
931 893 896
931 896 935
930 932 897
930 897 894
906 941 907
942 943 944
942 944 945
943 942 946
943 946 947
947 946 948
947 948 949
949 948 950
949 950 951
951 950 952
951 952 953
953 952 954
953 954 955
956 957 958
956 958 959
957 956 960
957 960 961
962 963 964
962 964 965
963 962 966
963 966 967
968 969 970
968 970 971
971 970 972
971 972 973
974 973 972
974 972 975
974 975 976
974 976 977
978 979 977
978 977 976
969 968 967
969 967 966
978 980 979
943 981 944
942 945 982
982 983 946
982 946 942
984 981 943
984 943 947
983 985 948
983 948 946
986 984 947
986 947 949
985 987 950
985 950 948
988 986 949
988 949 951
987 989 952
987 952 950
990 988 951
990 951 953
991 954 952
991 952 989
992 990 953
992 953 955
993 959 954
993 954 991
958 957 994
958 994 995
996 997 960
996 960 956
998 994 957
998 957 961
999 965 960
999 960 997
964 963 1000
964 1000 1001
1002 1003 966
1002 966 962
1000 963 967
1000 967 1004
1005 1006 970
1005 970 969
1007 968 971
1007 971 1008
1006 1009 972
1006 972 970
1010 1008 971
1010 971 973
1009 1011 975
1009 975 972
1010 973 974
1010 974 1012
975 1011 976
1013 1012 974
1013 974 977
1014 1013 977
1014 977 979
1004 967 968
1004 968 1007
1003 1005 969
1003 969 966
979 980 1014
882 885 884
882 884 881
886 885 920
886 920 924
881 884 921
881 921 919
959 958 955
959 955 954
996 956 959
996 959 993
955 958 995
955 995 992
965 964 961
965 961 960
962 965 999
962 999 1002
961 964 1001
961 1001 998
887 889 892
887 892 888
889 926 929
889 929 890
888 892 927
888 927 925
863 864 1015
863 1015 1016
862 863 1016
862 1016 1017
861 862 1017
861 1017 1018
1018 1019 805
1018 805 861
808 1020 1021
808 1021 809
1020 808 807
1020 807 1022
1022 807 804
1022 804 1023
1023 804 805
1023 805 1019
1024 1025 1026
1024 1026 1027
1028 1029 1030
1028 1030 1031
1025 1024 1029
1025 1029 1028
1025 1028 1032
1025 1032 1033
1033 1034 1026
1033 1026 1025
1028 1031 1035
1028 1035 1032
1031 1030 1036
1031 1036 1037
1037 1036 1038
1039 1040 1041
1039 1041 1037
1042 1043 1040
1042 1040 1039
1035 1031 1037
1035 1037 1041
1044 1045 1046
1044 1046 1047
1048 1044 1047
1048 1047 1049
1050 1051 1052
1053 1050 1054
1053 1054 1055
1045 1056 1057
1045 1057 1046
1049 1058 1059
1049 1059 1048
1050 1053 1060
1050 1060 1061
1051 1050 1061
1051 1061 1062
1062 1061 1063
1062 1063 1064
1061 1060 1065
1061 1065 1063
1066 1056 1045
1066 1045 1067
1068 1032 1035
1068 1035 1069
1070 1071 1040
1070 1040 1043
1032 1068 1072
1032 1072 1033
1048 1073 1074
1048 1074 1044
1044 1074 1067
1044 1067 1045
1069 1035 1041
1069 1041 1075
1040 1071 1075
1040 1075 1041
1048 1059 1076
1048 1076 1073
1034 1033 1072
1034 1072 1077
1078 1079 1080
1081 1066 1067
1081 1067 1082
1083 1084 1085
1086 1087 1088
1086 1088 1089
1086 1090 1091
1086 1091 1092
1091 1093 1094
1091 1094 1092
1095 1096 1097
1095 1097 1098
1099 1100 1101
1083 1102 1103
1104 1105 1103
1106 1092 1094
1092 1106 1086
1081 1082 1107
1081 1107 1108
1103 1109 1104
1071 1098 1110
1071 1110 1075
1111 1112 1113
1114 1115 1116
1114 1116 1117
1098 1071 1070
1098 1070 1095
1079 1118 1119
1120 1121 1118
1083 1111 1102
1106 1122 1123
1124 1125 1126
1127 1069 1075
1127 1075 1110
1069 1127 1099
1069 1099 1068
1128 1112 1129
1129 1130 1131
1111 1129 1112
1111 1132 1129
1133 1134 1135
1133 1135 1080
1117 1111 1083
1117 1116 1136
1137 1128 1131
1137 1131 1138
1131 1139 1140
1131 1140 1138
1130 1136 1141
1130 1141 1142
1107 1143 1142
1107 1142 1141
1074 1144 1082
1074 1082 1067
1131 1130 1142
1131 1142 1139
1145 1139 1142
1145 1142 1143
1073 1146 1144
1073 1144 1074
1139 1145 1147
1139 1147 1140
1103 1148 1083
1149 1124 1126
1100 1150 1151
1100 1151 1152
1117 1136 1132
1153 1154 1155
1153 1155 1087
1098 1097 1155
1156 1157 1158
1103 1102 1159
1160 1110 1155
1158 1154 1123
1158 1123 1156
1156 1123 1149
1106 1153 1086
1063 1135 1134
1063 1134 1064
1146 1073 1076
1146 1076 1161
1162 1163 1101
1162 1101 1100
1164 1165 1152
1135 1063 1065
1135 1065 1166
1101 1072 1068
1101 1068 1099
1150 1099 1167
1101 1163 1077
1101 1077 1072
1110 1160 1127
1079 1168 1118
1122 1169 1123
1106 1094 1122
1120 1168 1170
1120 1170 1171
1039 1038 1172
1039 1172 1042
1037 1038 1039
1173 1174 1049
1173 1049 1047
1175 1173 1047
1175 1047 1046
1046 1057 1176
1046 1176 1175
1050 1052 1054
1054 1052 1177
1058 1049 1174
1058 1174 1178
1103 1159 1109
1123 1169 1149
1155 1110 1098
1111 1113 1102
1052 1178 1179
1052 1179 1177
1062 1059 1058
1062 1058 1051
1064 1076 1059
1064 1059 1062
1121 1137 1138
1121 1138 1118
1138 1140 1119
1138 1119 1118
1140 1147 1133
1140 1133 1119
1161 1076 1064
1161 1064 1134
1051 1058 1178
1051 1178 1052
1108 1107 1141
1108 1141 1180
1144 1143 1107
1144 1107 1082
1146 1145 1143
1146 1143 1144
1161 1147 1145
1161 1145 1146
1134 1133 1147
1134 1147 1161
1119 1133 1080
1119 1080 1079
1166 1080 1135
1136 1116 1141
1116 1115 1180
1117 1132 1111
1129 1132 1136
1129 1136 1130
1129 1131 1128
1105 1148 1103
1084 1083 1148
1128 1137 1181
1128 1181 1182
1093 1183 1184
1093 1184 1094
1185 1102 1113
1185 1113 1186
1187 1121 1120
1187 1120 1188
1112 1128 1182
1112 1182 1189
1190 1124 1149
1190 1149 1191
1164 1192 1193
1164 1193 1194
1159 1195 1196
1159 1196 1109
1165 1164 1194
1165 1194 1197
1149 1169 1198
1149 1198 1191
1094 1184 1199
1094 1199 1122
1125 1200 1193
1125 1193 1192
1188 1120 1171
1188 1171 1201
1102 1185 1195
1102 1195 1159
1122 1199 1198
1122 1198 1169
1186 1113 1112
1186 1112 1189
1137 1121 1187
1137 1187 1181
1202 1203 1204
1202 1204 1205
1206 1207 1208
1206 1208 1209
1210 1211 1212
1210 1212 1213
1214 1215 1216
1214 1216 1217
1218 1219 1203
1218 1203 1202
1212 1207 1213
1217 1216 1219
1217 1219 1218
1208 1220 1221
1208 1221 1209
1222 1215 1214
1220 1223 1221
1157 1126 1151
1157 1151 1150
1164 1152 1151
1164 1151 1192
1162 1100 1152
1162 1152 1224
1078 1170 1168
1078 1168 1079
1118 1168 1120
1156 1126 1157
1149 1126 1156
1106 1123 1154
1106 1154 1153
1160 1155 1154
1160 1154 1158
1086 1153 1087
1160 1167 1127
1158 1167 1160
1100 1099 1150
1150 1167 1157
1167 1099 1127
1158 1157 1167
1078 1080 1166
1223 1225 1226
1223 1226 1227
1205 1228 1229
1205 1229 1202
1206 1209 1230
1206 1230 1231
1232 1233 1234
1232 1234 1235
1221 1223 1227
1221 1227 1236
1214 1237 1238
1214 1238 1222
1239 1240 1241
1239 1241 1242
1213 1243 1244
1213 1244 1210
1245 1246 1242
1245 1242 1241
1214 1217 1247
1214 1247 1237
1202 1229 1248
1202 1248 1218
1222 1238 1249
1222 1249 1250
1233 1251 1252
1233 1252 1234
1206 1231 1243
1206 1243 1213
1217 1218 1248
1217 1248 1247
1209 1221 1236
1209 1236 1230
1225 1232 1235
1225 1235 1226
1203 1184 1183
1203 1183 1204
1207 1185 1186
1207 1186 1208
1211 1196 1195
1211 1195 1212
1215 1191 1198
1215 1198 1216
1219 1199 1184
1219 1184 1203
1212 1195 1185
1212 1185 1207
1216 1198 1199
1216 1199 1219
1186 1189 1220
1186 1220 1208
1182 1181 1253
1182 1253 1254
1187 1188 1255
1187 1255 1256
1257 1194 1193
1257 1193 1258
1259 1260 1197
1259 1197 1261
1258 1193 1200
1258 1200 1262
1263 1255 1188
1263 1188 1201
1181 1187 1256
1181 1256 1253
1189 1182 1220
1220 1182 1254
1190 1191 1215
1190 1215 1264
1225 1223 1254
1225 1254 1253
1233 1232 1256
1233 1256 1255
1242 1257 1258
1242 1258 1239
1265 1259 1266
1265 1266 1246
1239 1258 1262
1239 1262 1250
1267 1268 1263
1267 1263 1269
1232 1225 1253
1232 1253 1256
1264 1215 1222
1220 1254 1223
1155 1097 1087
1087 1097 1096
1087 1096 1088
1250 1249 1240
1250 1240 1239
1250 1262 1264
1250 1264 1222
1262 1200 1190
1262 1190 1264
1200 1125 1124
1200 1124 1190
1126 1125 1151
1151 1125 1192
1260 1270 1165
1260 1165 1197
1246 1245 1271
1246 1271 1272
1194 1257 1261
1194 1261 1197
1257 1242 1246
1257 1246 1261
1152 1165 1224
1224 1165 1270
1213 1207 1206
1141 1116 1180
1086 1089 1273
1086 1273 1090
1105 1084 1148
1083 1085 1117
1274 1084 1105
1275 1276 1277
1275 1277 1278
1279 1280 1281
1279 1281 1282
1278 1279 1282
1278 1282 1275
1283 1279 1278
1283 1278 1284
1284 1278 1277
1284 1277 1285
1286 1280 1279
1286 1279 1283
1280 1287 1288
1280 1288 1281
1287 1289 1288
1290 1287 1291
1290 1291 1292
1292 1293 1294
1292 1294 1290
1286 1291 1287
1286 1287 1280
1295 1296 1297
1295 1297 1298
1299 1300 1296
1299 1296 1295
1301 1302 1303
1304 1301 1305
1304 1305 1306
1057 1056 1298
1057 1298 1297
1300 1299 1307
1300 1307 1308
1309 1305 1301
1309 1301 1310
1303 1311 1310
1303 1310 1301
1311 1312 1313
1311 1313 1310
1310 1313 1314
1310 1314 1309
1066 1315 1298
1066 1298 1056
1286 1283 1316
1286 1316 1317
1292 1318 1319
1292 1319 1293
1320 1316 1283
1320 1283 1284
1321 1322 1299
1321 1299 1295
1315 1321 1295
1315 1295 1298
1317 1323 1291
1317 1291 1286
1292 1291 1323
1292 1323 1318
1299 1322 1324
1299 1324 1307
1320 1284 1285
1320 1285 1325
1326 1327 1328
1081 1329 1315
1081 1315 1066
1330 1085 1084
1331 1332 1333
1331 1333 1334
1335 1336 1331
1335 1331 1337
1338 1339 1335
1338 1335 1337
1340 1341 1342
1340 1342 1343
1344 1345 1346
1330 1347 1348
1349 1347 1350
1351 1338 1337
1337 1331 1351
1081 1108 1352
1081 1352 1329
1347 1349 1353
1354 1341 1318
1354 1318 1323
1355 1356 1357
1114 1358 1359
1114 1359 1115
1341 1340 1319
1341 1319 1318
1328 1360 1361
1362 1361 1363
1330 1348 1355
1351 1364 1365
1366 1367 1368
1323 1317 1369
1323 1369 1354
1317 1316 1344
1317 1344 1369
1370 1371 1357
1371 1372 1373
1355 1357 1371
1355 1371 1374
1375 1327 1376
1375 1376 1377
1358 1330 1355
1358 1378 1359
1379 1380 1372
1379 1372 1370
1372 1380 1381
1372 1381 1382
1373 1383 1384
1373 1384 1378
1383 1385 1352
1383 1352 1384
1329 1386 1321
1329 1321 1315
1372 1382 1383
1372 1383 1373
1387 1385 1383
1387 1383 1382
1386 1388 1322
1386 1322 1321
1382 1381 1389
1382 1389 1387
1347 1330 1390
1391 1367 1366
1358 1114 1085
1392 1393 1346
1392 1346 1394
1358 1374 1378
1395 1396 1397
1395 1397 1334
1341 1395 1342
1398 1399 1400
1347 1401 1348
1402 1395 1354
1364 1396 1399
1364 1399 1398
1398 1391 1364
1351 1331 1397
1377 1376 1313
1377 1313 1312
1388 1403 1324
1388 1324 1322
1345 1404 1405
1345 1405 1346
1406 1394 1407
1314 1313 1376
1314 1376 1408
1345 1344 1316
1345 1316 1320
1393 1409 1344
1325 1404 1345
1325 1345 1320
1354 1369 1402
1328 1361 1410
1365 1364 1411
1351 1365 1338
1362 1412 1413
1362 1413 1410
1290 1294 1414
1290 1414 1289
1287 1290 1289
1300 1415 1416
1300 1416 1296
1296 1416 1417
1296 1417 1297
1297 1417 1176
1297 1176 1057
1301 1304 1302
1304 1418 1302
1415 1300 1308
1415 1308 1419
1347 1353 1401
1364 1391 1411
1395 1341 1354
1355 1348 1356
1302 1418 1420
1302 1420 1419
1311 1303 1308
1311 1308 1307
1312 1311 1307
1312 1307 1324
1380 1379 1363
1380 1363 1361
1380 1361 1360
1380 1360 1381
1381 1360 1375
1381 1375 1389
1403 1377 1312
1403 1312 1324
1303 1302 1419
1303 1419 1308
1108 1180 1384
1108 1384 1352
1352 1385 1386
1352 1386 1329
1388 1386 1385
1388 1385 1387
1403 1388 1387
1403 1387 1389
1377 1403 1389
1377 1389 1375
1360 1328 1327
1360 1327 1375
1408 1376 1327
1378 1384 1359
1359 1180 1115
1358 1355 1374
1371 1373 1378
1371 1378 1374
1371 1370 1372
1350 1347 1390
1390 1330 1084
1370 1421 1422
1370 1422 1379
1339 1338 1423
1339 1423 1424
1356 1348 1425
1356 1425 1426
1362 1363 1427
1362 1427 1428
1357 1429 1421
1357 1421 1370
1391 1366 1430
1391 1430 1431
1432 1433 1406
1432 1406 1434
1401 1353 1435
1401 1435 1436
1434 1406 1407
1434 1407 1437
1438 1411 1391
1438 1391 1431
1338 1365 1439
1338 1439 1423
1368 1433 1432
1368 1432 1440
1412 1362 1428
1412 1428 1441
1348 1401 1436
1348 1436 1425
1365 1411 1438
1365 1438 1439
1357 1356 1426
1357 1426 1429
1379 1422 1427
1379 1427 1363
1442 1443 1444
1442 1444 1445
1446 1447 1448
1446 1448 1449
1450 1451 1452
1450 1452 1453
1454 1455 1456
1454 1456 1457
1458 1442 1445
1458 1445 1459
1452 1451 1449
1455 1458 1459
1455 1459 1456
1448 1447 1460
1448 1460 1461
1462 1454 1457
1461 1460 1463
1400 1393 1392
1400 1392 1367
1406 1433 1392
1406 1392 1394
1394 1346 1405
1394 1405 1464
1326 1328 1410
1326 1410 1413
1361 1362 1410
1398 1400 1367
1391 1398 1367
1396 1364 1351
1396 1351 1397
1396 1395 1402
1396 1402 1399
1331 1334 1397
1402 1369 1409
1399 1402 1409
1346 1393 1344
1393 1400 1409
1409 1369 1344
1399 1409 1400
1326 1408 1327
1465 1466 1463
1465 1463 1467
1443 1442 1468
1443 1468 1469
1470 1447 1446
1470 1446 1471
1472 1473 1474
1472 1474 1475
1467 1463 1460
1467 1460 1476
1454 1462 1477
1454 1477 1478
1479 1480 1481
1479 1481 1482
1451 1450 1483
1451 1483 1484
1480 1485 1486
1480 1486 1481
1487 1455 1454
1487 1454 1478
1442 1458 1488
1442 1488 1468
1462 1489 1490
1462 1490 1477
1491 1492 1473
1491 1473 1472
1446 1451 1484
1446 1484 1471
1488 1458 1455
1488 1455 1487
1476 1460 1447
1476 1447 1470
1475 1474 1466
1475 1466 1465
1445 1444 1424
1445 1424 1423
1449 1448 1426
1449 1426 1425
1453 1452 1436
1453 1436 1435
1457 1456 1438
1457 1438 1431
1459 1445 1423
1459 1423 1439
1452 1449 1425
1452 1425 1436
1456 1459 1439
1456 1439 1438
1426 1448 1461
1426 1461 1429
1421 1493 1494
1421 1494 1422
1427 1495 1496
1427 1496 1428
1497 1498 1432
1497 1432 1434
1499 1500 1437
1499 1437 1501
1498 1502 1440
1498 1440 1432
1428 1496 1503
1428 1503 1441
1422 1494 1495
1422 1495 1427
1429 1461 1421
1461 1493 1421
1430 1457 1431
1430 1504 1457
1493 1463 1466
1493 1466 1494
1495 1474 1473
1495 1473 1496
1480 1479 1498
1480 1498 1497
1505 1485 1506
1505 1506 1499
1479 1489 1502
1479 1502 1498
1473 1507 1503
1473 1503 1508
1494 1466 1474
1494 1474 1495
1504 1462 1457
1461 1463 1493
1395 1334 1342
1334 1333 1343
1334 1343 1342
1489 1479 1482
1489 1482 1490
1489 1462 1504
1489 1504 1502
1502 1504 1430
1502 1430 1440
1440 1430 1366
1440 1366 1368
1367 1392 1368
1392 1433 1368
1407 1509 1501
1407 1501 1437
1485 1510 1511
1485 1511 1486
1500 1497 1434
1500 1434 1437
1485 1480 1497
1485 1497 1500
1394 1464 1407
1464 1509 1407
1451 1446 1449
1384 1180 1359
1512 1332 1331
1512 1331 1336
1084 1350 1390
1085 1330 1358
1274 1350 1084
1085 1114 1117
1513 1514 1515
1515 1516 1517
1518 1519 1520
1518 1520 1521
1519 1522 1523
1519 1523 1520
1524 1525 1518
1524 1518 1521
1526 1527 1528
1526 1528 1529
1529 1528 1530
1531 1532 1533
1531 1533 1534
1535 1536 1537
1535 1537 1538
1538 1539 1540
1538 1540 1541
1542 1521 1520
1542 1520 1543
1543 1520 1523
1543 1523 1544
1545 1524 1521
1545 1521 1542
1546 1531 1534
1546 1534 1547
1534 1523 1522
1534 1522 1547
1544 1523 1534
1544 1534 1533
1529 1530 1548
1529 1548 1549
1538 1537 1539
1515 1517 1550
1517 1516 1551
1515 1514 1516
1516 1514 1552
1553 1554 1555
1555 1556 1557
1558 1559 1560
1558 1560 1561
1562 1563 1564
1562 1564 1565
1566 1567 1559
1566 1559 1558
1568 1569 1570
1568 1570 1571
1571 1572 1573
1574 1575 1576
1574 1576 1577
1578 1579 1580
1578 1580 1581
1581 1582 1583
1558 1561 1584
1558 1584 1585
1586 1565 1564
1586 1564 1587
1588 1566 1558
1588 1558 1585
1589 1574 1577
1589 1577 1590
1577 1564 1563
1577 1563 1590
1587 1564 1577
1587 1577 1576
1571 1573 1591
1571 1591 1592
1581 1580 1582
1555 1557 1593
1557 1556 1594
1555 1554 1556
1556 1554 1595
1565 1561 1560
1565 1560 1562
1584 1561 1565
1584 1565 1586
1596 1597 1598
1596 1598 1599
1600 1601 1602
1600 1602 1603
1604 1605 1606
1607 1608 1609
1607 1609 1610
1611 1612 1613
1611 1613 1614
1615 1616 1617
1615 1617 1618
1619 1599 1598
1619 1598 1620
1621 1622 1623
1624 1625 1626
1624 1626 1627
1628 1615 1618
1628 1618 1629
1630 1631 1632
1630 1632 1633
1621 1634 1635
1621 1635 1636
1637 1638 1639
1637 1639 1623
1640 1641 1610
1642 1622 1636
1643 1644 1632
1643 1632 1631
1645 1614 1613
1645 1613 1646
1647 1640 1624
1648 1649 1622
1648 1622 1602
1650 1633 1632
1650 1632 1606
1651 1652 1613
1651 1613 1612
1653 1624 1627
1653 1627 1654
1623 1639 1634
1623 1634 1621
1625 1610 1609
1625 1609 1626
1655 1636 1635
1655 1635 1656
1623 1649 1637
1647 1624 1653
1610 1641 1607
1642 1636 1655
1640 1598 1597
1640 1597 1641
1603 1602 1622
1603 1622 1642
1657 1606 1632
1657 1632 1644
1620 1598 1640
1620 1640 1647
1658 1646 1613
1658 1613 1652
1645 1646 1659
1660 1648 1602
1660 1602 1601
1650 1606 1605
1623 1622 1649
1640 1610 1625
1636 1622 1621
1624 1640 1625
1661 1646 1658
1659 1646 1661
1604 1606 1657
1662 1663 1664
1662 1664 1665
1666 1667 1668
1666 1668 1669
1670 1671 1672
1673 1674 1675
1673 1675 1676
1677 1678 1679
1677 1679 1680
1681 1682 1683
1681 1683 1684
1664 1663 1685
1664 1685 1686
1687 1688 1689
1690 1691 1692
1690 1692 1693
1684 1683 1694
1684 1694 1695
1696 1697 1698
1696 1698 1699
1700 1701 1687
1700 1687 1702
1703 1704 1705
1703 1705 1688
1706 1674 1707
1708 1702 1689
1696 1709 1710
1696 1710 1697
1679 1678 1711
1679 1711 1712
1713 1692 1706
1689 1714 1715
1689 1715 1668
1696 1699 1716
1696 1716 1671
1679 1717 1718
1679 1718 1680
1693 1692 1719
1693 1719 1720
1688 1687 1701
1688 1701 1703
1675 1674 1691
1675 1691 1690
1700 1702 1721
1700 1721 1722
1688 1705 1714
1713 1719 1692
1674 1673 1707
1708 1721 1702
1665 1664 1706
1665 1706 1707
1667 1708 1689
1667 1689 1668
1723 1709 1696
1723 1696 1671
1686 1713 1706
1686 1706 1664
1724 1717 1679
1724 1679 1712
1711 1725 1712
1668 1715 1726
1668 1726 1669
1716 1672 1671
1688 1714 1689
1706 1691 1674
1702 1687 1689
1692 1691 1706
1727 1724 1712
1725 1727 1712
1670 1723 1671
1728 1729 1730
1728 1730 1731
1732 1733 1734
1732 1734 1735
1736 1737 1738
1736 1738 1739
1740 1732 1735
1740 1735 1741
1742 1743 1744
1745 1746 1747
1745 1747 1748
1749 1750 1751
1749 1751 1752
1753 1754 1755
1753 1755 1756
1757 1749 1752
1757 1752 1758
1759 1760 1761
1762 1763 1764
1762 1764 1736
1765 1766 1767
1765 1767 1768
1762 1769 1770
1771 1765 1768
1771 1768 1772
1773 1774 1775
1773 1775 1776
1777 1778 1779
1777 1779 1746
1780 1774 1781
1780 1781 1760
1782 1783 1778
1782 1778 1777
1744 1769 1739
1761 1781 1754
1731 1730 1763
1731 1763 1762
1735 1734 1766
1735 1766 1765
1736 1739 1769
1736 1769 1762
1741 1735 1765
1741 1765 1771
1774 1780 1747
1774 1747 1775
1778 1752 1751
1778 1751 1779
1773 1755 1774
1783 1758 1752
1783 1752 1778
1736 1764 1784
1736 1784 1737
1785 1768 1767
1785 1767 1786
1731 1770 1787
1731 1787 1728
1788 1772 1768
1788 1768 1785
1789 1773 1776
1789 1776 1790
1791 1777 1746
1791 1746 1745
1780 1760 1759
1780 1759 1792
1793 1782 1777
1793 1777 1791
1744 1743 1769
1761 1760 1781
1744 1739 1738
1761 1754 1753
1730 1794 1767
1748 1747 1780
1748 1780 1792
1734 1764 1763
1734 1763 1766
1776 1775 1779
1776 1779 1751
1766 1763 1730
1766 1730 1767
1775 1747 1746
1775 1746 1779
1733 1784 1764
1733 1764 1734
1795 1776 1751
1756 1755 1773
1756 1773 1789
1742 1787 1770
1742 1770 1743
1762 1770 1731
1770 1769 1743
1774 1755 1781
1781 1755 1754
1730 1729 1794
1790 1776 1795
1767 1794 1786
1795 1751 1750
1796 1797 1798
1796 1798 1799
1800 1801 1802
1800 1802 1803
1804 1805 1806
1804 1806 1807
1808 1809 1801
1808 1801 1800
1810 1811 1812
1813 1814 1815
1813 1815 1816
1817 1818 1819
1817 1819 1820
1821 1822 1823
1821 1823 1824
1820 1819 1825
1820 1825 1826
1827 1828 1829
1830 1806 1831
1830 1831 1832
1833 1834 1835
1833 1835 1836
1830 1837 1838
1839 1840 1834
1839 1834 1833
1841 1842 1843
1841 1843 1844
1845 1846 1847
1845 1847 1816
1848 1842 1849
1848 1849 1829
1846 1850 1851
1846 1851 1847
1811 1807 1838
1828 1824 1848
1797 1830 1832
1797 1832 1798
1801 1833 1836
1801 1836 1802
1806 1830 1838
1806 1838 1807
1809 1839 1833
1809 1833 1801
1815 1849 1842
1815 1842 1841
1817 1820 1846
1817 1846 1845
1843 1842 1823
1820 1826 1850
1820 1850 1846
1806 1805 1852
1806 1852 1831
1835 1834 1853
1835 1853 1854
1797 1796 1855
1797 1855 1837
1834 1840 1856
1834 1856 1853
1844 1843 1857
1844 1857 1858
1816 1847 1859
1816 1859 1813
1849 1860 1827
1849 1827 1829
1847 1851 1861
1847 1861 1859
1811 1838 1812
1828 1848 1829
1811 1804 1807
1828 1821 1824
1798 1835 1862
1814 1860 1849
1814 1849 1815
1832 1831 1802
1832 1802 1836
1844 1817 1845
1844 1845 1841
1798 1832 1836
1798 1836 1835
1841 1845 1816
1841 1816 1815
1831 1852 1803
1831 1803 1802
1863 1817 1844
1822 1857 1843
1822 1843 1823
1837 1855 1810
1837 1810 1812
1830 1797 1837
1837 1812 1838
1842 1848 1823
1848 1824 1823
1798 1862 1799
1858 1863 1844
1835 1854 1862
1863 1818 1817
1864 1865 1866
1864 1866 1867
1868 1869 1870
1868 1870 1871
1872 1873 1874
1875 1876 1877
1875 1877 1878
1879 1880 1881
1879 1881 1882
1883 1867 1866
1883 1866 1884
1885 1886 1887
1888 1889 1890
1888 1890 1891
1892 1893 1894
1892 1894 1895
1885 1896 1897
1885 1897 1898
1899 1900 1901
1899 1901 1887
1902 1903 1878
1904 1886 1898
1905 1906 1894
1905 1894 1893
1907 1882 1881
1907 1881 1908
1909 1902 1888
1910 1911 1886
1910 1886 1870
1912 1895 1894
1912 1894 1874
1913 1914 1881
1913 1881 1880
1915 1888 1891
1915 1891 1916
1887 1901 1896
1887 1896 1885
1889 1878 1877
1889 1877 1890
1917 1898 1897
1917 1897 1918
1887 1911 1899
1909 1888 1915
1878 1903 1875
1904 1898 1917
1902 1866 1865
1902 1865 1903
1871 1870 1886
1871 1886 1904
1919 1874 1894
1919 1894 1906
1884 1866 1902
1884 1902 1909
1920 1908 1881
1920 1881 1914
1907 1908 1921
1922 1910 1870
1922 1870 1869
1912 1874 1873
1887 1886 1911
1902 1878 1889
1898 1886 1885
1888 1902 1889
1923 1908 1920
1921 1908 1923
1872 1874 1919
1924 1925 1926
1924 1926 1927
1928 1929 1930
1928 1930 1931
1932 1933 1934
1935 1936 1937
1935 1937 1938
1939 1940 1941
1939 1941 1942
1943 1944 1945
1943 1945 1946
1926 1925 1947
1926 1947 1948
1949 1950 1951
1952 1953 1954
1952 1954 1955
1946 1945 1956
1946 1956 1957
1958 1959 1960
1958 1960 1961
1962 1963 1949
1962 1949 1964
1965 1966 1967
1965 1967 1950
1968 1936 1969
1970 1964 1951
1958 1971 1972
1958 1972 1959
1941 1940 1973
1941 1973 1974
1975 1954 1968
1951 1976 1977
1951 1977 1930
1958 1961 1978
1958 1978 1933
1941 1979 1980
1941 1980 1942
1955 1954 1981
1955 1981 1982
1950 1949 1963
1950 1963 1965
1937 1936 1953
1937 1953 1952
1962 1964 1983
1962 1983 1984
1950 1967 1976
1975 1981 1954
1936 1935 1969
1970 1983 1964
1927 1926 1968
1927 1968 1969
1929 1970 1951
1929 1951 1930
1985 1971 1958
1985 1958 1933
1948 1975 1968
1948 1968 1926
1986 1979 1941
1986 1941 1974
1973 1987 1974
1930 1977 1988
1930 1988 1931
1978 1934 1933
1950 1976 1951
1968 1953 1936
1964 1949 1951
1954 1953 1968
1989 1986 1974
1987 1989 1974
1932 1985 1933
1990 1991 1992
1992 1993 1994
1995 1996 1997
1995 1997 1998
1996 1999 2000
1996 2000 1997
2001 2002 1995
2001 1995 1998
2003 2004 2005
2003 2005 2006
2006 2005 2007
2008 2009 2010
2008 2010 2011
2012 2013 2014
2012 2014 2015
2015 2016 2017
2015 2017 2018
2019 1998 1997
2019 1997 2020
2020 1997 2000
2020 2000 2021
2022 2001 1998
2022 1998 2019
2023 2008 2011
2023 2011 2024
2011 2000 1999
2011 1999 2024
2021 2000 2011
2021 2011 2010
2006 2007 2025
2006 2025 2026
2015 2014 2016
1992 1994 2027
1994 1993 2028
1992 1991 1993
1993 1991 2029
2030 2031 2032
2030 2032 2033
2034 2035 2036
2037 2034 2038
2037 2038 2039
2039 2033 2032
2039 2032 2037
2040 2041 2042
2040 2042 2043
2044 2045 2046
2044 2046 2047
2048 2049 2050
2048 2050 2051
2031 2030 2050
2031 2050 2049
2052 2053 2054
2052 2054 2055
2056 2053 2052
2056 2052 2057
2058 2059 2060
2058 2060 2061
2059 2062 2063
2064 2065 2066
2067 2068 2069
2067 2069 2070
2069 2071 2072
2070 2069 2073
2070 2073 2074
2075 2076 2077
2075 2077 2078
2079 2080 2081
2079 2081 2082
2083 2084 2085
2083 2085 2086
2087 2077 2076
2087 2076 2088
2089 2083 2086
2089 2086 2090
2091 2092 2090
2091 2090 2086
2091 2086 2085
2091 2085 2093
2094 2095 2051
2094 2051 2050
2096 2097 2098
2096 2098 2099
2100 2079 2082
2100 2082 2101
2102 2103 2104
2102 2104 2105
2097 2095 2106
2097 2106 2107
2108 2054 2053
2101 2030 2100
2109 2093 2100
2074 2073 2058
2074 2058 2061
2101 2094 2050
2110 2104 2103
2110 2103 2111
2105 2104 2112
2105 2112 2113
2112 2104 2110
2112 2110 2114
2082 2115 2094
2082 2094 2101
2082 2081 2116
2082 2116 2115
2117 2118 2105
2117 2105 2113
2119 2120 2078
2119 2078 2102
2121 2075 2078
2121 2078 2120
2084 2080 2079
2084 2079 2085
2079 2100 2093
2079 2093 2085
2122 2123 2099
2122 2099 2098
2099 2124 2125
2099 2125 2096
2126 2127 2128
2129 2130 2131
2106 2095 2094
2132 2116 2133
2124 2099 2123
2124 2123 2134
2096 2125 2048
2096 2048 2051
2096 2051 2095
2096 2095 2097
2076 2075 2084
2076 2084 2083
2135 2136 2137
2075 2121 2080
2075 2080 2084
2080 2121 2138
2080 2138 2081
2081 2138 2139
2081 2139 2116
2111 2103 2077
2111 2077 2087
2103 2102 2078
2103 2078 2077
2046 2045 2140
2046 2140 2141
2047 2042 2041
2047 2041 2044
2054 2109 2038
2055 2054 2038
2055 2038 2036
2109 2108 2091
2109 2091 2093
2083 2089 2088
2083 2088 2076
2056 2142 2143
2056 2143 2053
2144 2062 2145
2141 2146 2147
2141 2147 2067
2148 2073 2069
2148 2069 2072
2149 2145 2062
2150 2151 2152
2135 2137 2153
2135 2153 2154
2150 2137 2136
2150 2136 2126
2155 2107 2156
2155 2156 2157
2097 2107 2098
2158 2122 2155
2115 2132 2094
2152 2159 2160
2152 2160 2153
2161 2162 2163
2161 2163 2164
2165 2166 2167
2165 2167 2168
2169 2170 2171
2169 2171 2172
2173 2171 2174
2173 2174 2175
2172 2176 2177
2172 2177 2169
2178 2179 2180
2178 2180 2181
2179 2182 2183
2179 2183 2180
2184 2185 2186
2184 2186 2187
2188 2189 2190
2188 2190 2182
2191 2183 2182
2191 2182 2190
2162 2191 2190
2162 2190 2163
2192 2163 2190
2193 2161 2164
2193 2164 2194
2178 2181 2195
2178 2195 2196
2197 2198 2199
2197 2199 2200
2174 2166 2175
2201 2202 2203
2201 2203 2204
2205 2206 2207
2205 2207 2208
2204 2209 2210
2204 2210 2211
2211 2210 2212
2211 2212 2213
2196 2195 2214
2196 2214 2215
2216 2217 2218
2216 2218 2219
2220 2189 2166
2220 2166 2165
2221 2179 2178
2221 2178 2222
2188 2182 2179
2188 2179 2221
2170 2223 2174
2166 2189 2188
2166 2188 2175
2175 2188 2173
2173 2221 2222
2173 2222 2224
2171 2173 2224
2171 2224 2172
2201 2224 2222
2201 2222 2202
2225 2217 2216
2225 2216 2226
2174 2223 2227
2174 2227 2167
2168 2167 2227
2168 2227 2228
2196 2202 2222
2196 2222 2178
2172 2224 2201
2172 2201 2176
2168 2228 2229
2168 2229 2165
2165 2229 2230
2165 2230 2220
2230 2225 2226
2230 2226 2220
2212 2210 2208
2212 2208 2231
2214 2184 2187
2214 2187 2215
2176 2201 2204
2176 2204 2211
2213 2177 2176
2213 2176 2211
2232 2233 2234
2232 2234 2235
2236 2193 2194
2236 2194 2237
2185 2232 2235
2185 2235 2186
2203 2238 2209
2203 2209 2204
2226 2216 2239
2164 2239 2199
2164 2199 2194
2240 2241 2235
2240 2235 2234
2241 2242 2186
2241 2186 2235
2242 2238 2187
2242 2187 2186
2198 2237 2194
2198 2194 2199
2239 2216 2219
2239 2219 2199
2240 2243 2206
2240 2206 2241
2206 2205 2242
2206 2242 2241
2205 2209 2238
2205 2238 2242
2215 2203 2202
2215 2202 2196
2215 2187 2238
2215 2238 2203
2163 2192 2239
2163 2239 2164
2122 2158 2244
2122 2244 2123
2244 2245 2134
2244 2134 2123
2220 2226 2192
2246 2149 2148
2246 2148 2247
2248 2145 2246
2135 2154 2249
2135 2249 2072
2250 2251 2207
2089 2090 2142
2062 2058 2149
2149 2073 2148
2148 2072 2249
2148 2249 2247
2252 2244 2158
2155 2253 2158
2147 2127 2068
2147 2068 2067
2043 2042 2061
2061 2042 2047
2061 2047 2074
2074 2047 2046
2074 2046 2070
2070 2046 2141
2070 2141 2067
2200 2199 2219
2254 2131 2064
2254 2064 2066
2210 2209 2205
2210 2205 2208
2231 2208 2207
2231 2207 2251
2127 2147 2128
2071 2068 2127
2071 2127 2136
2255 2146 2254
2255 2254 2066
2091 2108 2143
2091 2143 2092
2143 2142 2090
2143 2090 2092
2119 2102 2105
2119 2105 2118
2256 2106 2257
2133 2257 2132
2116 2139 2258
2116 2258 2133
2138 2259 2139
2121 2120 2259
2121 2259 2138
2120 2119 2260
2120 2260 2259
2118 2117 2261
2262 2263 2066
2071 2136 2135
2109 2033 2039
2109 2100 2033
2100 2030 2033
2101 2050 2030
2220 2192 2189
2192 2190 2189
2129 2146 2140
2126 2151 2150
2068 2071 2069
2072 2071 2135
2137 2150 2152
2126 2136 2127
2062 2059 2058
2108 2053 2143
2109 2054 2108
2132 2257 2106
2118 2261 2260
2118 2260 2119
2264 2245 2244
2265 2266 2197
2265 2197 2200
2218 2265 2200
2218 2200 2219
2252 2264 2244
2207 2206 2243
2131 2254 2129
2146 2129 2254
2146 2141 2140
2132 2115 2116
2255 2147 2146
2147 2255 2128
2060 2043 2061
2034 2036 2038
2226 2239 2192
2109 2039 2038
2144 2063 2062
2149 2058 2073
2188 2221 2173
2174 2167 2166
2132 2106 2094
2170 2174 2171
2250 2207 2243
2267 2248 2246
2267 2246 2247
2249 2268 2267
2249 2267 2247
2154 2269 2268
2154 2268 2249
2153 2160 2269
2153 2269 2154
2137 2152 2153
2145 2149 2246
2270 2271 2272
2270 2272 2273
2258 2274 2133
2271 2270 2275
2271 2275 2276
2274 2257 2133
2260 2261 2276
2273 2274 2258
2270 2258 2139
2270 2139 2275
2088 2277 2278
2088 2278 2087
2111 2279 2280
2111 2280 2110
2277 2088 2089
2057 2281 2282
2057 2282 2056
2283 2142 2056
2283 2056 2282
2248 2284 2145
2285 2114 2110
2285 2110 2280
2279 2111 2087
2279 2087 2278
2286 2287 2288
2287 2289 2290
2287 2290 2288
2291 2292 2293
2294 2295 2296
2295 2297 2298
2297 2299 2300
2301 2302 2294
2302 2301 2293
2289 2303 2304
2289 2304 2290
2277 2089 2283
2283 2089 2142
2297 2295 2299
2300 2299 2305
2295 2306 2299
2299 2306 2307
2299 2307 2305
2296 2295 2298
2301 2294 2296
2293 2292 2302
2287 2286 2291
2291 2286 2292
2158 2253 2308
2158 2308 2252
2263 2309 2126
2260 2275 2259
2273 2258 2270
2260 2276 2275
2139 2259 2275
2098 2107 2155
2098 2155 2122
2308 2253 2310
2253 2155 2157
2253 2157 2310
2066 2263 2255
2255 2263 2128
2066 2065 2262
2152 2151 2311
2152 2311 2159
2126 2309 2151
2106 2256 2107
2107 2256 2156
2263 2126 2128
2312 2313 2314
2312 2314 2315
2316 2317 2318
2319 2320 2321
2319 2321 2316
2320 2319 2314
2320 2314 2313
2322 2323 2324
2322 2324 2325
2326 2327 2328
2326 2328 2329
2330 2331 2332
2330 2332 2333
2315 2333 2332
2315 2332 2312
2334 2335 2336
2334 2336 2337
2338 2339 2334
2338 2334 2337
2340 2341 2342
2340 2342 2343
2343 2344 2345
2346 2347 2348
2349 2350 2351
2349 2351 2352
2351 2353 2354
2350 2355 2356
2350 2356 2351
2357 2358 2359
2357 2359 2360
2361 2362 2363
2361 2363 2364
2365 2366 2367
2365 2367 2368
2369 2370 2360
2369 2360 2359
2371 2372 2366
2371 2366 2365
2373 2366 2372
2373 2372 2374
2373 2375 2367
2373 2367 2366
2376 2332 2331
2376 2331 2377
2378 2379 2380
2378 2380 2381
2382 2383 2362
2382 2362 2361
2384 2385 2386
2384 2386 2387
2381 2388 2389
2381 2389 2377
2390 2337 2336
2383 2382 2312
2391 2382 2375
2355 2341 2340
2355 2340 2356
2383 2332 2376
2392 2393 2387
2392 2387 2386
2385 2394 2395
2385 2395 2386
2395 2396 2392
2395 2392 2386
2362 2383 2376
2362 2376 2397
2362 2397 2398
2362 2398 2363
2399 2394 2385
2399 2385 2400
2401 2384 2358
2401 2358 2402
2403 2402 2358
2403 2358 2357
2368 2367 2361
2368 2361 2364
2361 2367 2375
2361 2375 2382
2404 2380 2379
2404 2379 2405
2379 2378 2406
2379 2406 2407
2408 2409 2410
2411 2412 2413
2389 2376 2377
2414 2415 2398
2407 2416 2405
2407 2405 2379
2378 2331 2330
2378 2330 2406
2378 2381 2377
2378 2377 2331
2360 2365 2368
2360 2368 2357
2417 2418 2419
2357 2368 2364
2357 2364 2403
2364 2363 2420
2364 2420 2403
2363 2398 2421
2363 2421 2420
2393 2369 2359
2393 2359 2387
2387 2359 2358
2387 2358 2384
2328 2422 2423
2328 2423 2329
2327 2326 2325
2327 2325 2324
2336 2321 2391
2335 2317 2321
2335 2321 2336
2391 2375 2373
2391 2373 2390
2365 2360 2370
2365 2370 2371
2338 2337 2424
2338 2424 2425
2426 2427 2345
2422 2349 2428
2422 2428 2429
2430 2353 2351
2430 2351 2356
2431 2345 2427
2432 2433 2434
2417 2435 2436
2417 2436 2418
2432 2408 2419
2432 2419 2418
2437 2388 2438
2437 2438 2439
2381 2380 2388
2440 2438 2404
2397 2376 2414
2433 2436 2441
2433 2441 2442
2443 2444 2445
2443 2445 2446
2447 2448 2449
2447 2449 2450
2451 2452 2453
2451 2453 2454
2455 2456 2457
2455 2457 2453
2452 2451 2458
2452 2458 2459
2460 2461 2462
2460 2462 2463
2463 2462 2464
2463 2464 2465
2466 2467 2468
2466 2468 2469
2470 2465 2471
2470 2471 2472
2473 2471 2465
2473 2465 2464
2446 2445 2471
2446 2471 2473
2474 2471 2445
2475 2476 2444
2475 2444 2443
2460 2477 2478
2460 2478 2461
2479 2480 2481
2479 2481 2482
2457 2456 2450
2483 2484 2485
2483 2485 2486
2487 2488 2489
2487 2489 2490
2484 2491 2492
2484 2492 2493
2491 2494 2495
2491 2495 2492
2477 2496 2497
2477 2497 2478
2498 2499 2500
2498 2500 2501
2502 2447 2450
2502 2450 2472
2503 2504 2460
2503 2460 2463
2470 2503 2463
2470 2463 2465
2454 2457 2505
2450 2456 2470
2450 2470 2472
2456 2455 2470
2455 2506 2504
2455 2504 2503
2453 2452 2506
2453 2506 2455
2483 2486 2504
2483 2504 2506
2507 2508 2498
2507 2498 2501
2457 2449 2509
2457 2509 2505
2448 2510 2509
2448 2509 2449
2477 2460 2504
2477 2504 2486
2452 2459 2483
2452 2483 2506
2448 2447 2511
2448 2511 2510
2447 2502 2512
2447 2512 2511
2512 2502 2508
2512 2508 2507
2495 2513 2488
2495 2488 2492
2497 2496 2467
2497 2467 2466
2459 2491 2484
2459 2484 2483
2494 2491 2459
2494 2459 2458
2514 2515 2516
2514 2516 2517
2518 2519 2476
2518 2476 2475
2469 2468 2515
2469 2515 2514
2485 2484 2493
2485 2493 2520
2508 2521 2498
2444 2476 2481
2444 2481 2521
2522 2516 2515
2522 2515 2523
2523 2515 2468
2523 2468 2524
2524 2468 2467
2524 2467 2520
2482 2481 2476
2482 2476 2519
2521 2481 2499
2521 2499 2498
2522 2523 2490
2522 2490 2525
2490 2523 2524
2490 2524 2487
2487 2524 2520
2487 2520 2493
2496 2477 2486
2496 2486 2485
2496 2485 2520
2496 2520 2467
2445 2444 2521
2445 2521 2474
2404 2405 2526
2404 2526 2440
2526 2405 2416
2526 2416 2527
2502 2474 2508
2528 2529 2430
2528 2430 2431
2530 2528 2427
2417 2353 2531
2417 2531 2435
2532 2489 2533
2371 2425 2372
2345 2431 2340
2431 2430 2356
2430 2529 2531
2430 2531 2353
2534 2440 2526
2438 2440 2535
2428 2349 2352
2428 2352 2410
2323 2341 2324
2341 2355 2327
2341 2327 2324
2355 2350 2328
2355 2328 2327
2350 2349 2422
2350 2422 2328
2480 2499 2481
2536 2347 2346
2536 2346 2412
2492 2488 2487
2492 2487 2493
2513 2533 2489
2513 2489 2488
2410 2409 2428
2354 2419 2410
2354 2410 2352
2537 2536 2429
2537 2347 2536
2373 2374 2424
2373 2424 2390
2424 2374 2372
2424 2372 2425
2401 2400 2385
2401 2385 2384
2538 2539 2389
2415 2414 2539
2398 2415 2540
2398 2540 2421
2420 2421 2541
2403 2420 2541
2403 2541 2402
2542 2401 2402
2542 2402 2541
2400 2543 2399
2544 2347 2545
2354 2417 2419
2391 2320 2313
2391 2313 2382
2382 2313 2312
2383 2312 2332
2502 2472 2474
2474 2472 2471
2411 2423 2429
2408 2432 2434
2352 2351 2354
2353 2417 2354
2418 2433 2432
2408 2410 2419
2345 2340 2343
2390 2424 2337
2391 2390 2336
2414 2389 2539
2400 2542 2543
2400 2401 2542
2546 2526 2527
2547 2480 2479
2547 2479 2548
2500 2499 2480
2500 2480 2547
2534 2526 2546
2489 2525 2490
2412 2411 2536
2429 2536 2411
2429 2423 2422
2414 2398 2397
2537 2429 2428
2428 2409 2537
2342 2341 2323
2316 2321 2317
2508 2474 2521
2391 2321 2320
2426 2345 2344
2431 2356 2340
2470 2455 2503
2457 2450 2449
2414 2376 2389
2454 2453 2457
2532 2525 2489
2549 2529 2528
2549 2528 2530
2531 2529 2549
2531 2549 2550
2435 2531 2550
2435 2550 2551
2436 2435 2551
2436 2551 2441
2418 2436 2433
2427 2528 2431
2552 2553 2554
2552 2554 2555
2540 2415 2556
2555 2557 2558
2555 2558 2552
2556 2415 2539
2542 2557 2543
2553 2540 2556
2552 2558 2421
2552 2421 2540
2370 2369 2559
2370 2559 2560
2393 2392 2561
2393 2561 2562
2560 2371 2370
2339 2338 2563
2339 2563 2564
2565 2563 2338
2565 2338 2425
2530 2427 2566
2567 2561 2392
2567 2392 2396
2562 2559 2369
2562 2369 2393
2568 2569 2570
2570 2569 2571
2570 2571 2572
2573 2574 2575
2576 2577 2578
2578 2579 2580
2580 2581 2582
2583 2576 2584
2584 2574 2583
2572 2571 2585
2572 2585 2586
2560 2565 2371
2565 2425 2371
2580 2582 2578
2581 2587 2582
2578 2582 2588
2589 2588 2582
2589 2582 2587
2577 2579 2578
2583 2577 2576
2574 2584 2575
2570 2573 2568
2573 2575 2568
2590 2535 2440
2590 2440 2534
2545 2408 2591
2542 2541 2558
2553 2552 2540
2542 2558 2557
2421 2558 2541
2380 2438 2388
2380 2404 2438
2590 2592 2535
2535 2439 2438
2535 2592 2439
2347 2537 2545
2537 2409 2545
2347 2544 2348
2433 2593 2434
2433 2442 2593
2408 2434 2591
2389 2388 2538
2388 2437 2538
2545 2409 2408
2161 2594 2595
2161 2595 2162
2181 2596 2597
2181 2597 2195
2598 2596 2181
2598 2181 2180
2180 2183 2599
2180 2599 2598
2600 2185 2184
2600 2184 2601
2183 2191 2602
2183 2602 2599
2595 2602 2191
2595 2191 2162
2603 2604 2193
2603 2193 2236
2604 2594 2161
2604 2161 2193
2605 2214 2606
2601 2184 2214
2601 2214 2605
2232 2607 2608
2232 2608 2233
2607 2232 2185
2607 2185 2600
2609 2610 2611
2609 2611 2612
2598 2599 2613
2598 2613 2614
2615 2616 2614
2615 2614 2613
2599 2602 2617
2599 2617 2613
2618 2596 2598
2618 2598 2614
2618 2614 2616
2618 2616 2619
2602 2595 2620
2602 2620 2617
2597 2596 2618
2597 2618 2621
2622 2621 2618
2622 2618 2619
2623 2624 2625
2623 2625 2626
2594 2627 2620
2594 2620 2595
2628 2629 2630
2628 2630 2631
2632 2609 2625
2632 2625 2624
2627 2594 2604
2627 2604 2633
2633 2634 2635
2633 2635 2636
2629 2637 2638
2629 2638 2630
2639 2640 2638
2639 2638 2637
2641 2629 2628
2641 2628 2642
2611 2610 2643
2611 2643 2644
2645 2646 2647
2645 2647 2648
2639 2637 2646
2639 2646 2645
2630 2605 2606
2630 2606 2631
2649 2650 2651
2649 2651 2652
2634 2633 2604
2634 2604 2603
2621 2622 2628
2621 2628 2631
2642 2628 2622
2642 2622 2653
2654 2641 2642
2647 2646 2641
2647 2641 2654
2655 2652 2651
2655 2651 2656
2656 2651 2645
2656 2645 2648
2657 2623 2658
2657 2658 2659
2657 2660 2624
2657 2624 2623
2601 2605 2630
2601 2630 2638
2597 2621 2631
2597 2631 2606
2653 2661 2642
2662 2663 2664
2662 2664 2665
2653 2666 2667
2615 2664 2663
2615 2663 2616
2653 2622 2619
2653 2619 2666
2635 2643 2610
2635 2610 2636
2657 2659 2617
2657 2617 2620
2660 2657 2620
2660 2620 2627
2627 2633 2636
2627 2636 2660
2607 2668 2669
2607 2669 2608
2669 2668 2650
2669 2650 2649
2662 2667 2666
2662 2666 2663
2663 2666 2619
2663 2619 2616
2670 2671 2626
2670 2626 2672
2673 2672 2626
2673 2626 2625
2671 2670 2674
2671 2674 2675
2612 2673 2625
2612 2625 2609
2632 2636 2610
2632 2610 2609
2660 2636 2632
2660 2632 2624
2676 2615 2613
2676 2613 2677
2675 2676 2677
2675 2677 2671
2675 2664 2615
2675 2615 2676
2677 2613 2617
2677 2617 2659
2677 2659 2658
2677 2658 2671
2671 2658 2623
2671 2623 2626
2645 2651 2650
2645 2650 2639
2638 2640 2600
2638 2600 2601
2640 2668 2607
2640 2607 2600
2639 2650 2668
2639 2668 2640
2629 2641 2646
2629 2646 2637
2606 2195 2597
2214 2195 2606
2675 2674 2665
2675 2665 2664
2654 2642 2661
2653 2667 2661
2443 2446 2678
2443 2678 2679
2461 2478 2680
2461 2680 2681
2682 2462 2461
2682 2461 2681
2462 2682 2683
2462 2683 2464
2684 2685 2466
2684 2466 2469
2464 2683 2686
2464 2686 2473
2678 2446 2473
2678 2473 2686
2687 2518 2475
2687 2475 2688
2688 2475 2443
2688 2443 2679
2689 2690 2497
2685 2689 2497
2685 2497 2466
2514 2517 2691
2514 2691 2692
2692 2684 2469
2692 2469 2514
2693 2694 2695
2693 2695 2696
2682 2697 2698
2682 2698 2683
2699 2698 2697
2699 2697 2700
2683 2698 2701
2683 2701 2686
2702 2697 2682
2702 2682 2681
2702 2703 2700
2702 2700 2697
2686 2701 2704
2686 2704 2678
2680 2705 2702
2680 2702 2681
2706 2703 2702
2706 2702 2705
2707 2708 2709
2707 2709 2710
2679 2678 2704
2679 2704 2711
2712 2713 2714
2712 2714 2715
2716 2710 2709
2716 2709 2693
2711 2717 2688
2711 2688 2679
2717 2718 2719
2717 2719 2720
2715 2714 2721
2715 2721 2722
2723 2722 2721
2723 2721 2724
2725 2726 2712
2725 2712 2715
2695 2727 2728
2695 2728 2696
2729 2730 2731
2729 2731 2732
2723 2729 2732
2723 2732 2722
2714 2713 2690
2714 2690 2689
2733 2734 2735
2733 2735 2736
2720 2687 2688
2720 2688 2717
2705 2713 2712
2705 2712 2706
2726 2737 2706
2726 2706 2712
2738 2726 2725
2731 2738 2725
2731 2725 2732
2739 2740 2735
2739 2735 2734
2740 2730 2729
2740 2729 2735
2741 2742 2743
2741 2743 2707
2741 2707 2710
2741 2710 2744
2685 2721 2714
2685 2714 2689
2680 2690 2713
2680 2713 2705
2737 2726 2745
2746 2747 2748
2746 2748 2749
2737 2750 2751
2699 2700 2749
2699 2749 2748
2737 2751 2703
2737 2703 2706
2719 2718 2696
2719 2696 2728
2741 2704 2701
2741 2701 2742
2744 2711 2704
2744 2704 2741
2718 2717 2711
2718 2711 2744
2692 2691 2752
2692 2752 2753
2752 2733 2736
2752 2736 2753
2746 2749 2751
2746 2751 2750
2749 2700 2703
2749 2703 2751
2708 2754 2755
2708 2755 2756
2757 2709 2708
2757 2708 2756
2754 2758 2759
2754 2759 2755
2694 2693 2709
2694 2709 2757
2716 2693 2696
2716 2696 2718
2744 2710 2716
2744 2716 2718
2760 2761 2698
2760 2698 2699
2758 2754 2761
2758 2761 2760
2758 2760 2699
2758 2699 2748
2701 2698 2761
2701 2761 2742
2761 2754 2743
2761 2743 2742
2754 2708 2707
2754 2707 2743
2729 2723 2736
2729 2736 2735
2721 2685 2684
2721 2684 2724
2724 2684 2692
2724 2692 2753
2723 2724 2753
2723 2753 2736
2715 2722 2732
2715 2732 2725
2690 2680 2478
2497 2690 2478
2747 2759 2758
2747 2758 2748
2738 2745 2726
2737 2745 2750
2762 2763 2764
2762 2764 2765
2766 2767 2768
2766 2768 2769
2770 2763 2762
2770 2762 2771
2772 2773 2774
2772 2774 2775
2776 2769 2768
2776 2768 2777
2778 2779 2780
2778 2780 2781
2782 2783 2784
2782 2784 2785
2786 2787 2788
2786 2788 2781
2789 2778 2781
2789 2781 2788
2786 2790 2791
2786 2791 2792
2793 2794 2795
2793 2795 2796
2797 2798 2799
2797 2799 2800
2766 2769 2799
2766 2799 2801
2802 2803 2804
2802 2804 2805
2806 2807 2808
2806 2808 2809
2809 2808 2810
2809 2810 2811
2812 2813 2814
2812 2814 2815
2816 2817 2814
2816 2814 2813
2818 2819 2820
2818 2820 2821
2821 2820 2822
2821 2822 2823
2824 2825 2815
2824 2815 2814
2817 2826 2824
2817 2824 2814
2818 2821 2827
2818 2827 2828
2829 2830 2831
2829 2831 2823
2832 2825 2833
2832 2833 2834
2826 2835 2836
2826 2836 2824
2837 2828 2827
2837 2827 2838
2838 2827 2831
2838 2831 2839
2840 2841 2842
2840 2842 2843
2844 2845 2846
2844 2846 2847
2848 2849 2850
2848 2850 2851
2852 2853 2854
2852 2854 2855
2856 2857 2858
2856 2858 2859
2860 2861 2862
2860 2862 2863
2864 2865 2866
2864 2866 2867
2868 2869 2865
2868 2865 2864
2870 2871 2872
2870 2872 2873
2874 2875 2876
2874 2876 2869
2877 2878 2879
2877 2879 2880
2881 2882 2883
2881 2883 2829
2884 2855 2854
2884 2854 2851
2871 2860 2863
2871 2863 2872
2807 2864 2808
2796 2885 2886
2796 2886 2793
2790 2780 2887
2790 2887 2888
2763 2889 2764
2890 2891 2892
2890 2892 2893
2888 2887 2894
2888 2894 2895
2896 2871 2870
2896 2870 2897
2898 2899 2900
2898 2900 2901
2902 2903 2774
2902 2774 2773
2805 2804 2904
2805 2904 2905
2816 2813 2820
2816 2820 2819
2813 2812 2822
2813 2822 2820
2875 2874 2882
2875 2882 2881
2767 2906 2907
2767 2907 2908
2906 2767 2766
2906 2766 2909
2878 2870 2873
2878 2873 2879
2910 2911 2850
2910 2850 2839
2912 2837 2838
2912 2838 2849
2792 2913 2787
2792 2787 2786
2781 2780 2790
2781 2790 2786
2782 2914 2915
2782 2915 2783
2916 2791 2790
2916 2790 2888
2917 2768 2767
2770 2918 2889
2770 2889 2763
2919 2920 2772
2919 2772 2764
2921 2922 2923
2921 2923 2924
2925 2921 2924
2925 2924 2926
2775 2765 2764
2775 2764 2772
2905 2904 2927
2905 2927 2928
2785 2784 2929
2785 2929 2930
2896 2897 2922
2896 2922 2921
2931 2896 2921
2931 2921 2925
2932 2931 2925
2932 2925 2933
2891 2797 2800
2891 2800 2892
2777 2888 2895
2777 2895 2776
2933 2925 2926
2933 2926 2934
2785 2935 2936
2785 2936 2782
2936 2788 2787
2936 2787 2782
2914 2782 2787
2914 2787 2913
2795 2784 2783
2795 2783 2796
2853 2852 2841
2853 2841 2840
2861 2857 2856
2861 2856 2862
2937 2938 2857
2937 2857 2861
2915 2885 2796
2915 2796 2783
2898 2939 2929
2898 2929 2899
2917 2940 2777
2917 2777 2768
2935 2789 2788
2935 2788 2936
2887 2780 2779
2887 2779 2894
2894 2779 2923
2894 2923 2893
2941 2942 2878
2941 2878 2877
2943 2870 2878
2943 2878 2942
2944 2941 2877
2944 2877 2945
2860 2931 2932
2860 2932 2946
2938 2947 2858
2938 2858 2857
2867 2810 2808
2867 2808 2864
2896 2931 2860
2896 2860 2871
2940 2916 2888
2940 2888 2777
2870 2943 2948
2870 2948 2897
2861 2860 2946
2861 2946 2937
2948 2890 2922
2948 2922 2897
2946 2932 2933
2946 2933 2949
2798 2797 2942
2798 2942 2941
2944 2950 2798
2944 2798 2941
2951 2809 2811
2951 2811 2952
2938 2898 2901
2938 2901 2947
2949 2939 2937
2949 2937 2946
2939 2898 2938
2939 2938 2937
2785 2930 2934
2785 2934 2935
2890 2948 2943
2890 2943 2891
2942 2797 2891
2942 2891 2943
2928 2927 2801
2928 2801 2950
2802 2806 2953
2802 2953 2803
2902 2906 2909
2902 2909 2903
2907 2906 2902
2907 2902 2954
2955 2802 2805
2955 2805 2956
2956 2805 2905
2956 2905 2957
2957 2905 2928
2957 2928 2958
2806 2802 2955
2806 2955 2807
2765 2953 2951
2765 2951 2762
2958 2928 2950
2958 2950 2944
2954 2902 2773
2954 2773 2959
2959 2773 2772
2959 2772 2920
2868 2955 2956
2868 2956 2960
2960 2956 2957
2960 2957 2961
2864 2807 2955
2864 2955 2868
2957 2958 2962
2957 2962 2961
2883 2962 2945
2883 2945 2963
2848 2964 2912
2848 2912 2849
2965 2966 2967
2965 2967 2968
2968 2967 2964
2968 2964 2848
2845 2844 2966
2845 2966 2965
2945 2877 2880
2945 2880 2963
2962 2958 2944
2962 2944 2945
2908 2969 2917
2969 2970 2940
2969 2940 2917
2970 2971 2916
2970 2916 2940
2972 2973 2885
2972 2885 2915
2973 2974 2886
2973 2886 2885
2918 2975 2976
2918 2976 2889
2919 2889 2976
2977 2978 2979
2916 2971 2791
2791 2980 2981
2791 2981 2792
2982 2913 2983
2913 2982 2984
2913 2984 2914
2984 2972 2915
2984 2915 2914
2977 2985 2978
2986 2987 2988
2792 2981 2989
2983 2913 2792
2983 2792 2989
2987 2979 2988
2987 2977 2979
2917 2767 2908
2764 2889 2919
2791 2971 2980
2800 2799 2769
2800 2769 2776
2950 2801 2799
2950 2799 2798
2774 2804 2803
2774 2803 2775
2893 2892 2895
2893 2895 2894
2794 2900 2899
2794 2899 2795
2903 2904 2804
2903 2804 2774
2924 2923 2779
2924 2779 2778
2926 2924 2778
2926 2778 2789
2909 2927 2904
2909 2904 2903
2930 2929 2939
2930 2939 2949
2892 2800 2776
2892 2776 2895
2934 2926 2789
2934 2789 2935
2795 2899 2929
2795 2929 2784
2890 2893 2923
2890 2923 2922
2762 2951 2952
2762 2952 2771
2934 2930 2949
2934 2949 2933
2766 2801 2927
2766 2927 2909
2803 2953 2765
2803 2765 2775
2809 2951 2953
2809 2953 2806
2880 2879 2910
2880 2910 2830
2883 2963 2829
2963 2880 2830
2963 2830 2829
2823 2831 2827
2823 2827 2821
2839 2831 2830
2839 2830 2910
2841 2856 2859
2841 2859 2842
2863 2862 2852
2863 2852 2855
2834 2866 2865
2834 2865 2832
2832 2865 2869
2832 2869 2876
2873 2872 2884
2873 2884 2911
2960 2874 2869
2960 2869 2868
2872 2863 2855
2872 2855 2884
2961 2882 2874
2961 2874 2960
2852 2862 2856
2852 2856 2841
2879 2873 2911
2879 2911 2910
2962 2883 2882
2962 2882 2961
2875 2812 2815
2875 2815 2876
2876 2815 2825
2876 2825 2832
2836 2833 2825
2836 2825 2824
2845 2840 2843
2845 2843 2846
2851 2850 2911
2851 2911 2884
2968 2854 2853
2968 2853 2965
2851 2854 2968
2851 2968 2848
2881 2822 2812
2881 2812 2875
2965 2853 2840
2965 2840 2845
2829 2823 2822
2829 2822 2881
2839 2850 2849
2839 2849 2838
2990 2991 2992
2990 2992 2993
2994 2990 2993
2994 2993 2995
2996 2994 2995
2996 2995 2997
2998 2996 2997
2998 2997 2999
3000 2998 2999
3000 2999 3001
3002 3000 3001
3002 3001 3003
3004 3002 3003
3004 3003 3005
3006 3004 3005
3006 3005 3007
3008 3006 3007
3008 3007 3009
3010 3011 3012
3010 3012 3013
3014 3010 3013
3014 3013 3015
2991 3014 3015
2991 3015 2992
3016 3017 3018
3016 3018 3019
3020 3021 3022
3020 3022 3023
3024 3025 3021
3024 3021 3020
3023 3022 3018
3023 3018 3017
3016 3019 3026
3025 3024 3027
3028 3029 3030
3030 3031 3032
3033 3034 3035
3033 3035 3036
3034 3037 3038
3034 3038 3035
3039 3040 3033
3039 3033 3036
3041 3042 3043
3041 3043 3044
3044 3043 3045
3046 3047 3048
3046 3048 3049
3050 3051 3052
3050 3052 3053
3053 3054 3055
3053 3055 3056
3057 3036 3035
3057 3035 3058
3058 3035 3038
3058 3038 3059
3060 3039 3036
3060 3036 3057
3061 3046 3049
3061 3049 3062
3049 3038 3037
3049 3037 3062
3059 3038 3049
3059 3049 3048
3044 3045 3063
3044 3063 3064
3053 3052 3054
3030 3032 3065
3032 3031 3066
3030 3029 3031
3031 3029 3067
3068 3069 3070
3070 3071 3072
3073 3074 3075
3073 3075 3076
3074 3077 3078
3074 3078 3075
3079 3080 3073
3079 3073 3076
3081 3082 3083
3081 3083 3084
3084 3083 3085
3086 3087 3088
3086 3088 3089
3090 3091 3092
3090 3092 3093
3093 3094 3095
3093 3095 3096
3097 3076 3075
3097 3075 3098
3098 3075 3078
3098 3078 3099
3100 3079 3076
3100 3076 3097
3101 3086 3089
3101 3089 3102
3089 3078 3077
3089 3077 3102
3099 3078 3089
3099 3089 3088
3084 3085 3103
3084 3103 3104
3093 3092 3094
3070 3072 3105
3072 3071 3106
3070 3069 3071
3071 3069 3107
3108 3109 3110
3108 3110 3111
3112 3110 3109
3112 3109 3113
3114 3112 3113
3114 3113 3115
3115 3116 3117
3115 3117 3114
3108 3111 3118
3108 3118 3119
3120 3119 3118
3120 3118 3121
3122 3123 3124
3122 3124 3125
3124 3126 3125
3123 3122 3120
3123 3120 3121
3127 3128 3129
3127 3129 3130
3131 3132 3133
3131 3133 3134
3135 3136 3137
3135 3137 3138
3139 3140 3138
3139 3138 3137
3141 3142 3143
3141 3143 3144
3145 3146 3143
3145 3143 3142
3147 3148 3149
3147 3149 3150
3151 3147 3150
3148 3146 3145
3148 3145 3149
3152 3153 3154
3152 3154 3155
3156 3157 3158
3156 3158 3159
3160 3161 3153
3160 3153 3152
3162 3156 3159
3162 3159 3163
3164 3162 3163
3164 3163 3165
3166 3167 3161
3166 3161 3160
3168 3169 3170
3168 3170 3171
3166 3172 3173
3166 3173 3167
3164 3165 3174
3164 3174 3175
3176 3177 3158
3176 3158 3157
3178 3155 3154
3178 3154 3179
3176 3180 3181
3176 3181 3177
3178 3179 3182
3178 3182 3183
3184 3185 3186
3184 3186 3187
3188 3189 3190
3188 3190 3191
3192 3193 3194
3192 3194 3195
3196 3197 3198
3196 3198 3199
3183 3182 3190
3183 3190 3189
3180 3187 3186
3180 3186 3181
3200 3201 3202
3200 3202 3203
3204 3205 3206
3204 3206 3207
3208 3209 3210
3211 3212 3213
3211 3213 3214
3215 3216 3217
3215 3217 3218
3219 3203 3202
3219 3202 3220
3221 3222 3223
3224 3225 3226
3224 3226 3227
3228 3229 3230
3228 3230 3231
3221 3232 3233
3221 3233 3234
3235 3236 3237
3235 3237 3223
3238 3239 3214
3240 3222 3234
3241 3242 3230
3241 3230 3229
3243 3218 3217
3243 3217 3244
3245 3238 3224
3246 3247 3222
3246 3222 3206
3248 3231 3230
3248 3230 3210
3249 3250 3217
3249 3217 3216
3251 3224 3227
3251 3227 3252
3223 3237 3232
3223 3232 3221
3225 3214 3213
3225 3213 3226
3253 3234 3233
3253 3233 3254
3223 3247 3235
3245 3224 3251
3214 3239 3211
3240 3234 3253
3238 3202 3201
3238 3201 3239
3207 3206 3222
3207 3222 3240
3255 3210 3230
3255 3230 3242
3220 3202 3238
3220 3238 3245
3256 3244 3217
3256 3217 3250
3243 3244 3257
3258 3246 3206
3258 3206 3205
3248 3210 3209
3223 3222 3247
3238 3214 3225
3234 3222 3221
3224 3238 3225
3259 3244 3256
3257 3244 3259
3208 3210 3255
3260 3261 3262
3260 3262 3263
3264 3265 3266
3264 3266 3267
3268 3269 3270
3271 3272 3273
3271 3273 3274
3275 3276 3277
3275 3277 3278
3279 3280 3281
3279 3281 3282
3262 3261 3283
3262 3283 3284
3285 3286 3287
3288 3289 3290
3288 3290 3291
3282 3281 3292
3282 3292 3293
3294 3295 3296
3294 3296 3297
3298 3299 3285
3298 3285 3300
3301 3302 3303
3301 3303 3286
3304 3272 3305
3306 3300 3287
3294 3307 3308
3294 3308 3295
3277 3276 3309
3277 3309 3310
3311 3290 3304
3287 3312 3313
3287 3313 3266
3294 3297 3314
3294 3314 3269
3277 3315 3316
3277 3316 3278
3291 3290 3317
3291 3317 3318
3286 3285 3299
3286 3299 3301
3273 3272 3289
3273 3289 3288
3298 3300 3319
3298 3319 3320
3286 3303 3312
3311 3317 3290
3272 3271 3305
3306 3319 3300
3263 3262 3304
3263 3304 3305
3265 3306 3287
3265 3287 3266
3321 3307 3294
3321 3294 3269
3284 3311 3304
3284 3304 3262
3322 3315 3277
3322 3277 3310
3309 3323 3310
3266 3313 3324
3266 3324 3267
3314 3270 3269
3286 3312 3287
3304 3289 3272
3300 3285 3287
3290 3289 3304
3325 3322 3310
3323 3325 3310
3268 3321 3269
3326 3327 3328
3326 3328 3329
3330 3331 3332
3330 3332 3333
3334 3335 3336
3337 3338 3339
3337 3339 3340
3341 3342 3343
3341 3343 3344
3345 3329 3328
3345 3328 3346
3347 3348 3349
3350 3351 3352
3350 3352 3353
3354 3355 3356
3354 3356 3357
3347 3358 3359
3347 3359 3360
3361 3362 3363
3361 3363 3349
3364 3365 3340
3366 3348 3360
3367 3368 3356
3367 3356 3355
3369 3344 3343
3369 3343 3370
3371 3364 3350
3372 3373 3348
3372 3348 3332
3374 3357 3356
3374 3356 3336
3375 3376 3343
3375 3343 3342
3377 3350 3353
3377 3353 3378
3349 3363 3358
3349 3358 3347
3351 3340 3339
3351 3339 3352
3379 3360 3359
3379 3359 3380
3349 3373 3361
3371 3350 3377
3340 3365 3337
3366 3360 3379
3364 3328 3327
3364 3327 3365
3333 3332 3348
3333 3348 3366
3381 3336 3356
3381 3356 3368
3346 3328 3364
3346 3364 3371
3382 3370 3343
3382 3343 3376
3369 3370 3383
3384 3372 3332
3384 3332 3331
3374 3336 3335
3349 3348 3373
3364 3340 3351
3360 3348 3347
3350 3364 3351
3385 3370 3382
3383 3370 3385
3334 3336 3381
3386 3387 3388
3386 3388 3389
3390 3391 3392
3390 3392 3393
3394 3395 3396
3397 3398 3399
3397 3399 3400
3401 3402 3403
3401 3403 3404
3405 3406 3407
3405 3407 3408
3388 3387 3409
3388 3409 3410
3411 3412 3413
3414 3415 3416
3414 3416 3417
3408 3407 3418
3408 3418 3419
3420 3421 3422
3420 3422 3423
3424 3425 3411
3424 3411 3426
3427 3428 3429
3427 3429 3412
3430 3398 3431
3432 3426 3413
3420 3433 3434
3420 3434 3421
3403 3402 3435
3403 3435 3436
3437 3416 3430
3413 3438 3439
3413 3439 3392
3420 3423 3440
3420 3440 3395
3403 3441 3442
3403 3442 3404
3417 3416 3443
3417 3443 3444
3412 3411 3425
3412 3425 3427
3399 3398 3415
3399 3415 3414
3424 3426 3445
3424 3445 3446
3412 3429 3438
3437 3443 3416
3398 3397 3431
3432 3445 3426
3389 3388 3430
3389 3430 3431
3391 3432 3413
3391 3413 3392
3447 3433 3420
3447 3420 3395
3410 3437 3430
3410 3430 3388
3448 3441 3403
3448 3403 3436
3435 3449 3436
3392 3439 3450
3392 3450 3393
3440 3396 3395
3412 3438 3413
3430 3415 3398
3426 3411 3413
3416 3415 3430
3451 3448 3436
3449 3451 3436
3394 3447 3395
3452 3453 3454
3452 3454 3455
3456 3457 3453
3456 3453 3452
3458 3459 3457
3458 3457 3456
3460 3461 3459
3460 3459 3458
3462 3463 3461
3462 3461 3460
3464 3465 3463
3464 3463 3462
3466 3467 3465
3466 3465 3464
3468 3469 3467
3468 3467 3466
3470 3471 3469
3470 3469 3468
3472 3473 3474
3472 3474 3475
3476 3477 3473
3476 3473 3472
3455 3454 3477
3455 3477 3476
3478 3479 3480
3478 3480 3481
3482 3483 3484
3482 3484 3485
3486 3482 3485
3486 3485 3487
3483 3481 3480
3483 3480 3484
3478 3488 3479
3487 3489 3486
3490 3491 3492
3491 3493 3494
3495 3496 3497
3495 3497 3498
3498 3497 3499
3498 3499 3500
3495 3501 3502
3495 3502 3496
3503 3504 3505
3503 3505 3506
3504 3507 3505
3508 3509 3510
3508 3510 3511
3512 3513 3514
3512 3514 3515
3513 3516 3517
3513 3517 3518
3497 3496 3519
3497 3519 3520
3499 3497 3520
3499 3520 3521
3496 3502 3522
3496 3522 3519
3511 3510 3523
3511 3523 3524
3500 3499 3511
3500 3511 3524
3521 3508 3511
3521 3511 3499
3504 3525 3526
3504 3526 3507
3513 3518 3514
3491 3527 3493
3493 3528 3494
3491 3494 3492
3494 3529 3492
3530 3531 3532
3531 3533 3534
3535 3536 3537
3535 3537 3538
3538 3537 3539
3538 3539 3540
3535 3541 3542
3535 3542 3536
3543 3544 3545
3543 3545 3546
3544 3547 3545
3548 3549 3550
3548 3550 3551
3552 3553 3554
3552 3554 3555
3553 3556 3557
3553 3557 3558
3537 3536 3559
3537 3559 3560
3539 3537 3560
3539 3560 3561
3536 3542 3562
3536 3562 3559
3551 3550 3563
3551 3563 3564
3540 3539 3551
3540 3551 3564
3561 3548 3551
3561 3551 3539
3544 3565 3566
3544 3566 3547
3553 3558 3554
3531 3567 3533
3533 3568 3534
3531 3534 3532
3534 3569 3532
3570 3571 3572
3570 3572 3573
3574 3575 3573
3574 3573 3572
3576 3577 3575
3576 3575 3574
3577 3576 3578
3577 3578 3579
3570 3580 3581
3570 3581 3571
3582 3583 3581
3582 3581 3580
3584 3585 3586
3584 3586 3587
3586 3585 3588
3587 3583 3582
3587 3582 3584
3589 3590 3591
3589 3591 3592
3593 3594 3595
3593 3595 3596
3597 3598 3599
3597 3599 3600
3601 3602 3598
3601 3598 3603
3604 3605 3606
3604 3606 3607
3608 3607 3606
3608 3606 3609
3610 3611 3612
3610 3612 3613
3614 3611 3610
3613 3612 3608
3613 3608 3609
3615 3616 3617
3615 3617 3618
3619 3620 3621
3619 3621 3622
3623 3615 3618
3623 3618 3624
3625 3626 3620
3625 3620 3619
3627 3628 3626
3627 3626 3625
3629 3623 3624
3629 3624 3630
3631 3632 3633
3631 3633 3634
3629 3630 3635
3629 3635 3636
3627 3637 3638
3627 3638 3628
3639 3622 3621
3639 3621 3640
3641 3642 3617
3641 3617 3616
3639 3640 3643
3639 3643 3644
3641 3645 3646
3641 3646 3642
3647 3648 3649
3647 3649 3650
3651 3652 3653
3651 3653 3654
3655 3656 3657
3655 3657 3658
3659 3660 3661
3659 3661 3662
3645 3654 3653
3645 3653 3646
3644 3643 3649
3644 3649 3648
3663 3664 3665
3663 3665 3666
3667 3668 3669
3667 3669 3670
3671 3672 3673
3674 3675 3676
3674 3676 3677
3678 3679 3680
3678 3680 3681
3665 3664 3682
3665 3682 3683
3684 3685 3686
3687 3688 3689
3687 3689 3690
3691 3692 3693
3691 3693 3694
3695 3696 3684
3695 3684 3697
3698 3699 3700
3698 3700 3685
3701 3675 3702
3703 3697 3686
3691 3704 3705
3691 3705 3692
3680 3679 3706
3680 3706 3707
3708 3689 3701
3686 3709 3710
3686 3710 3669
3691 3694 3711
3691 3711 3672
3680 3712 3713
3680 3713 3681
3690 3689 3714
3690 3714 3715
3685 3684 3696
3685 3696 3698
3676 3675 3688
3676 3688 3687
3695 3697 3716
3695 3716 3717
3685 3700 3709
3708 3714 3689
3675 3674 3702
3703 3716 3697
3666 3665 3701
3666 3701 3702
3668 3703 3686
3668 3686 3669
3718 3704 3691
3718 3691 3672
3683 3708 3701
3683 3701 3665
3719 3712 3680
3719 3680 3707
3706 3720 3707
3669 3710 3721
3669 3721 3670
3711 3673 3672
3685 3709 3686
3701 3688 3675
3697 3684 3686
3689 3688 3701
3722 3719 3707
3720 3722 3707
3671 3718 3672
3723 3724 3725
3723 3725 3726
3727 3728 3729
3727 3729 3730
3731 3732 3733
3734 3735 3736
3734 3736 3737
3738 3739 3740
3738 3740 3741
3742 3743 3744
3742 3744 3745
3746 3726 3725
3746 3725 3747
3748 3749 3750
3751 3752 3753
3751 3753 3754
3755 3742 3745
3755 3745 3756
3757 3758 3759
3757 3759 3760
3748 3761 3762
3748 3762 3763
3764 3765 3766
3764 3766 3750
3767 3768 3737
3769 3749 3763
3770 3771 3759
3770 3759 3758
3772 3741 3740
3772 3740 3773
3774 3767 3751
3775 3776 3749
3775 3749 3729
3777 3760 3759
3777 3759 3733
3778 3779 3740
3778 3740 3739
3780 3751 3754
3780 3754 3781
3750 3766 3761
3750 3761 3748
3752 3737 3736
3752 3736 3753
3782 3763 3762
3782 3762 3783
3750 3776 3764
3774 3751 3780
3737 3768 3734
3769 3763 3782
3767 3725 3724
3767 3724 3768
3730 3729 3749
3730 3749 3769
3784 3733 3759
3784 3759 3771
3747 3725 3767
3747 3767 3774
3785 3773 3740
3785 3740 3779
3772 3773 3786
3787 3775 3729
3787 3729 3728
3777 3733 3732
3750 3749 3776
3767 3737 3752
3763 3749 3748
3751 3767 3752
3788 3773 3785
3786 3773 3788
3731 3733 3784
3789 3790 3791
3789 3791 3792
3793 3794 3795
3793 3795 3796
3797 3798 3799
3800 3801 3802
3800 3802 3803
3804 3805 3806
3804 3806 3807
3791 3790 3808
3791 3808 3809
3810 3811 3812
3813 3814 3815
3813 3815 3816
3817 3818 3819
3817 3819 3820
3821 3822 3810
3821 3810 3823
3824 3825 3826
3824 3826 3811
3827 3801 3828
3829 3823 3812
3817 3830 3831
3817 3831 3818
3806 3805 3832
3806 3832 3833
3834 3815 3827
3812 3835 3836
3812 3836 3795
3817 3820 3837
3817 3837 3798
3806 3838 3839
3806 3839 3807
3816 3815 3840
3816 3840 3841
3811 3810 3822
3811 3822 3824
3802 3801 3814
3802 3814 3813
3821 3823 3842
3821 3842 3843
3811 3826 3835
3834 3840 3815
3801 3800 3828
3829 3842 3823
3792 3791 3827
3792 3827 3828
3794 3829 3812
3794 3812 3795
3844 3830 3817
3844 3817 3798
3809 3834 3827
3809 3827 3791
3845 3838 3806
3845 3806 3833
3832 3846 3833
3795 3836 3847
3795 3847 3796
3837 3799 3798
3811 3835 3812
3827 3814 3801
3823 3810 3812
3815 3814 3827
3848 3845 3833
3846 3848 3833
3797 3844 3798
3849 3850 3851
3849 3851 3852
3853 3854 3855
3853 3855 3856
3857 3858 3859
3860 3861 3862
3860 3862 3863
3864 3865 3866
3864 3866 3867
3868 3869 3870
3868 3870 3871
3872 3852 3851
3872 3851 3873
3874 3875 3876
3877 3878 3879
3877 3879 3880
3881 3868 3871
3881 3871 3882
3883 3884 3885
3883 3885 3886
3874 3887 3888
3874 3888 3889
3890 3891 3892
3890 3892 3876
3893 3894 3863
3895 3875 3889
3896 3897 3885
3896 3885 3884
3898 3867 3866
3898 3866 3899
3900 3893 3877
3901 3902 3875
3901 3875 3855
3903 3886 3885
3903 3885 3859
3904 3905 3866
3904 3866 3865
3906 3877 3880
3906 3880 3907
3876 3892 3887
3876 3887 3874
3878 3863 3862
3878 3862 3879
3908 3889 3888
3908 3888 3909
3876 3902 3890
3900 3877 3906
3863 3894 3860
3895 3889 3908
3893 3851 3850
3893 3850 3894
3856 3855 3875
3856 3875 3895
3910 3859 3885
3910 3885 3897
3873 3851 3893
3873 3893 3900
3911 3899 3866
3911 3866 3905
3898 3899 3912
3913 3901 3855
3913 3855 3854
3903 3859 3858
3876 3875 3902
3893 3863 3878
3889 3875 3874
3877 3893 3878
3914 3899 3911
3912 3899 3914
3857 3859 3910
3915 3916 3917
3915 3917 3918
3919 3920 3921
3922 3923 3924
3922 3924 3925
3926 3927 3928
3919 3921 3929
3919 3929 3930
3931 3932 3933
3931 3933 3934
3935 3936 3937
3935 3937 3938
3939 3940 3941
3939 3941 3942
3943 3931 3934
3943 3934 3944
3945 3946 3947
3945 3947 3948
3949 3950 3951
3949 3951 3952
3942 3941 3953
3942 3953 3954
3937 3955 3956
3937 3956 3957
3958 3959 3960
3961 3962 3963
3961 3963 3964
3965 3966 3967
3965 3967 3968
3969 3970 3971
3969 3971 3972
3973 3974 3975
3973 3975 3976
3977 3943 3944
3977 3944 3978
3946 3979 3980
3946 3980 3947
3981 3949 3952
3981 3952 3982
3983 3984 3985
3954 3953 3975
3954 3975 3974
3956 3955 3971
3956 3971 3986
3966 3965 3987
3966 3987 3988
3959 3989 3990
3991 3992 3993
3994 3995 3996
3994 3996 3997
3993 3998 3999
3993 3999 4000
4001 4002 4003
4001 4003 4004
4005 4006 4007
4005 4007 4008
4009 4010 4011
4009 4011 4012
4013 4014 4015
4016 4017 4018
4016 4018 4019
4020 4021 4022
4020 4022 4023
4024 4025 4026
3995 4027 4028
3995 4028 3996
3998 4024 4029
3998 4029 3999
4030 4031 4032
4033 4004 4003
4033 4003 4034
4035 4006 4036
4035 4036 4037
4038 4039 4040
4038 4040 4041
3964 4042 4020
3964 4020 4023
4043 4044 4045
4043 4045 4046
4047 4048 4049
4050 4051 4052
4053 4043 4046
4053 4046 4054
4047 4049 4055
4047 4055 4056
4057 4058 4059
4060 4061 4062
4060 4062 4063
4064 4065 4066
4064 4066 4067
3987 4068 4069
3987 4069 3988
4070 4071 4072
4070 4072 4073
3990 3989 4074
4075 4076 4077
4075 4077 4078
4079 4080 4081
4079 4081 4082
4083 4053 4054
4083 4054 4084
4085 4056 4055
4085 4055 4086
4087 4088 4089
4087 4089 4090
4091 4092 4093
4080 4063 4062
4080 4062 4081
4076 4094 4065
4076 4065 4077
4095 4096 4097
4095 4097 4098
4099 4095 4100
4099 4100 4101
4102 4070 4073
4102 4073 4103
4096 4095 4104
4096 4104 4105
4106 4107 4108
4106 4108 4109
4110 4111 4112
4110 4112 4113
4114 4115 4116
4114 4116 4117
4118 4119 4120
4118 4120 4121
4122 4123 4124
4125 4126 4111
4125 4111 4110
4127 4128 4106
4127 4106 4129
4130 4131 4132
4130 4132 4133
4134 4132 4099
4134 4099 4101
4135 4136 4137
4135 4137 4138
4139 4140 4141
4139 4141 4142
4143 4144 4145
4143 4145 4146
4147 4148 4149
4147 4149 4150
4151 4114 4117
4151 4117 4152
4153 4118 4121
4153 4121 4154
4155 4156 4157
4158 4149 4125
4158 4125 4137
4159 4128 4145
4159 4145 4144
4160 4161 4131
4160 4131 4130
4136 4162 4158
4136 4158 4137
4163 4164 4141
4163 4141 4165
4166 4167 4104
4166 4104 4168
4169 4170 4171
4169 4171 4172
4173 4174 4175
4173 4175 4176
4177 4178 4179
4177 4179 4180
4181 4182 4183
4181 4183 4184
4185 4186 4187
4185 4187 4188
4189 4190 4191
4185 4188 4192
4185 4192 4193
4194 4195 4196
4194 4196 4197
4198 4199 4176
4198 4176 4175
4200 4179 4178
4200 4178 4201
4202 4203 4204
4202 4204 4205
4191 4206 4189
4207 4208 4209
4207 4209 4210
4042 4211 4212
4213 4214 4215
4213 4215 4216
3920 3919 4217
4218 4219 4220
4218 4220 4221
4222 4223 4224
4000 4225 4226
4000 4226 4227
4228 4225 4000
4228 4000 3999
4029 4229 4230
4029 4230 4231
4228 3999 4029
4228 4029 4231
4232 4233 4234
4232 4234 4235
4236 4237 4238
4236 4238 4239
4050 4240 4241
4050 4241 4242
4243 4240 4050
4243 4050 4088
4244 4245 4102
4244 4102 4103
4243 4088 4087
4243 4087 4246
4138 4247 4248
4138 4248 4135
4249 4250 4119
4249 4119 4118
4251 4252 4158
4251 4158 4162
4249 4118 4153
4249 4153 4253
4254 4255 4256
4254 4256 4257
4127 4258 4255
4127 4255 4254
4126 4258 4259
4126 4259 4111
4154 4121 4260
4154 4260 4261
4111 4259 4262
4111 4262 4112
4260 4263 4115
4260 4115 4114
3957 4264 4265
3957 4265 4266
4267 4264 3957
4267 3957 3956
3968 3967 3986
3968 3986 4268
3967 4267 3956
3967 3956 3986
4269 4044 4043
4269 4043 4049
4094 4097 4270
4094 4270 4271
4076 4098 4097
4076 4097 4094
4272 4273 3994
4272 3994 4274
4275 3995 3994
4275 3994 4273
4008 4007 4010
4008 4010 4009
4276 4027 4041
4276 4041 4040
4275 4041 4027
4275 4027 3995
4007 4277 4278
4007 4278 4010
3964 4279 4280
4281 3966 3988
4069 4281 3988
3954 3974 4282
3954 4282 4283
3942 3954 4283
3942 4283 4284
3936 3935 4285
3936 4285 4284
4063 4286 4287
4063 4287 4060
4080 4288 4286
4080 4286 4063
4289 4290 4291
4289 4291 4052
4292 4293 4294
4292 4294 4028
4036 4295 4296
4036 4296 4037
3998 4297 4294
3998 4294 4024
4298 4295 4299
4298 4299 4300
3997 3996 4297
3997 4297 4301
3993 3992 4302
3993 4302 4301
4303 4304 4305
4303 4305 4306
4307 4308 4305
4309 4310 4311
4312 4313 4314
4315 4316 4317
4316 4318 4317
4319 4320 4321
4319 4322 4323
4187 4324 4325
4187 4325 4188
4325 4326 4192
4325 4192 4188
4327 4328 4329
4327 4329 4330
4331 4332 4202
4331 4202 4205
4333 4209 4208
4333 4208 4334
4335 4330 4329
4335 4329 4336
4170 4337 4338
4170 4338 4171
4339 4340 4341
4339 4341 4342
4179 4343 4344
4179 4344 4180
4195 4194 4345
4195 4345 4346
4340 4347 4198
4340 4198 4175
4348 4343 4179
4348 4179 4200
4017 4349 4350
4017 4350 4351
4352 4219 4218
4352 4218 4353
3922 3928 3923
4161 4160 4354
4161 4354 4355
4356 4303 4306
4356 4306 4357
4358 4307 4359
4358 4359 4360
4361 4036 4006
4361 4006 4005
4035 4277 4007
4035 4007 4006
3994 4362 4274
4363 4028 4027
3936 4364 3955
3936 3955 3937
3955 4364 3972
3955 3972 3971
4065 4094 4271
4065 4271 4066
4077 4065 4064
4077 4064 4365
4128 4159 4107
4128 4107 4106
4128 4127 4254
4128 4254 4145
4177 4327 4330
4177 4330 4178
4201 4178 4330
4201 4330 4335
4366 4078 4077
4366 4077 4365
4367 4129 4106
4367 4106 4109
3941 4234 4368
3941 4368 3953
4368 4236 3975
4368 3975 3953
4298 4300 4001
4298 4001 4004
4369 4298 4004
4369 4004 4033
4061 4071 4070
4061 4070 4062
4081 4062 4070
4081 4070 4102
4110 4138 4137
4110 4137 4125
4149 4148 4126
4149 4126 4125
3975 4236 4239
3975 4239 3976
4081 4102 4245
4081 4245 4082
4247 4138 4110
4247 4110 4113
3962 3961 4264
3962 4264 4267
3967 3966 3962
3967 3962 4267
4278 4279 4011
4278 4011 4010
4096 4069 4270
4096 4270 4097
4370 4371 4372
4370 4372 4142
4373 4374 4375
4021 4020 4376
4021 4376 4377
4042 4376 4020
3964 3963 4211
3964 4211 4042
4012 4011 4023
4012 4023 4022
4023 4011 4279
4023 4279 3964
4374 4105 4104
4374 4104 4167
4017 4016 4378
4017 4378 4349
4212 4211 4373
4204 4379 4380
4185 4381 4186
4002 4382 4383
4002 4383 4003
4383 4384 4034
4383 4034 4003
4228 4231 4360
4228 4360 4304
4304 4303 4225
4304 4225 4228
4225 4356 4226
4358 4231 4230
4233 4385 4368
4233 4368 4234
4368 4385 4237
4368 4237 4236
4386 4387 4388
4232 4222 4224
4389 4390 4238
4391 4314 4392
4391 4392 4393
4394 4395 4322
4396 4397 4398
4399 4400 4401
4402 4403 4315
4400 4404 4405
4400 4405 4406
4407 4404 4400
4407 4400 4408
4396 4398 4244
4243 4246 4409
4243 4409 4316
4403 4240 4243
4403 4243 4316
4240 4403 4410
4411 4412 4413
4414 4415 4416
4030 4417 4418
4419 4391 4420
4310 4309 4313
4310 4313 4421
4422 3984 3983
4423 4390 4389
4317 4318 4424
4317 4424 4425
4315 4317 4425
4315 4425 4402
4400 4426 4401
4319 4395 4427
4428 4321 4320
4429 4430 4431
4155 4432 4156
4427 4428 4319
4409 4433 4424
4251 4431 4430
4253 4322 4434
4253 4434 4249
4434 4321 4250
4434 4250 4249
4124 4248 4122
4435 4436 4009
4435 4009 4012
4009 4436 4437
4009 4437 4008
4437 4438 4005
4437 4005 4008
4439 4300 4299
4439 4299 4440
4439 4441 4001
4439 4001 4300
4002 4442 4443
4002 4443 4382
4443 4013 4015
4442 4002 4001
4442 4001 4441
4019 4038 4041
4019 4041 4275
4378 4016 4273
4378 4273 4272
4444 4445 3978
4444 3978 4446
4054 4046 3990
4054 3990 4074
4447 4448 4083
4447 4083 4084
4449 4361 4005
4449 4005 4438
4180 4344 4450
4180 4450 4451
4451 4452 4177
4451 4177 4180
4327 4453 4454
4327 4454 4328
4454 4455 4328
4456 4457 4458
4456 4458 4459
4460 4461 4181
4460 4181 4184
4324 4169 4172
4324 4172 4325
4326 4173 4176
4326 4176 4334
4197 4331 4333
4197 4333 4199
4331 4197 4196
4331 4196 4332
4453 4327 4177
4453 4177 4452
4462 4413 4463
4463 4464 4335
4463 4335 4336
4464 4465 4201
4464 4201 4335
4466 4200 4201
4466 4201 4465
4200 4466 4467
4200 4467 4348
4257 4146 4145
4257 4145 4254
4252 4150 4149
4252 4149 4158
4468 4469 4163
4468 4163 4165
4470 4152 4471
4472 4473 4261
4472 4261 4151
4474 4154 4475
4153 4476 4477
4153 4477 4253
4253 4477 4394
4416 4415 4478
4478 4479 4034
4478 4034 4384
4034 4479 4480
4034 4480 4033
4481 4369 4033
4481 4033 4480
4037 4296 4482
4037 4482 4483
4483 4484 4035
4483 4035 4037
4485 4277 4035
4485 4035 4484
4277 4485 4486
4277 4486 4278
4487 4279 4278
4487 4278 4486
4280 4279 4487
4280 4487 4488
4280 4488 4489
4280 4489 3961
3971 3970 4268
3971 4268 3986
3941 3940 4235
3941 4235 4234
3950 4387 4386
3950 4386 4490
3950 4490 4491
4492 4493 4494
4492 4494 3948
4495 3948 4494
3945 4496 3932
3945 3932 3931
3961 4489 4265
3961 4265 4264
4497 4498 4499
4497 4499 4166
4500 4501 4502
4500 4502 4503
4504 4212 4502
4504 4502 4501
4376 4212 4504
4376 4504 4505
4376 4505 4377
3979 3977 4506
3979 4506 4507
3979 4507 4508
4509 3982 4510
4511 4393 3981
4511 3981 4512
4420 4393 4511
4098 4513 4100
4098 4100 4095
4271 4270 4514
4271 4514 4515
4515 4516 4066
4515 4066 4271
4517 4067 4066
4517 4066 4516
4518 4287 4067
4518 4067 4517
4519 4520 4061
4519 4061 4060
4521 4071 4061
4521 4061 4520
4071 4521 4522
4071 4522 4072
4522 4058 4523
4068 4514 4270
4068 4270 4069
4524 4086 4525
4526 4090 4527
4087 4528 4529
4087 4529 4246
4433 4246 4529
4530 4531 4532
4530 4532 4497
4533 4534 4535
4533 4535 4213
4165 4141 4140
4165 4140 4535
4159 4130 4133
4159 4133 4107
4133 4536 4108
4133 4108 4107
4370 4164 4117
4370 4117 4116
4117 4164 4163
4117 4163 4152
4163 4469 4471
4163 4471 4152
4354 4160 4144
4354 4144 4143
4144 4160 4130
4144 4130 4159
4537 4250 4538
4119 4250 4537
4119 4537 4539
4119 4539 4540
4541 4542 4263
4541 4263 4120
4115 4543 4544
4371 4370 4116
4371 4116 4545
4132 4134 4536
4132 4536 4133
4365 4288 4546
4365 4546 4366
4547 4548 4549
4547 4549 4085
4085 4549 4550
4085 4550 4056
4052 4291 4550
4052 4550 4089
4049 4043 4053
4049 4053 4055
3949 3981 4393
3949 4393 4392
3972 4282 4551
3972 4551 3969
4552 4553 4554
4552 4554 3980
3980 4554 4555
3980 4555 3947
3947 4555 4492
3947 4492 3948
3979 3946 3943
3979 3943 3977
3943 3946 3945
3943 3945 3931
3937 3957 4266
3937 4266 3938
4050 4052 4089
4050 4089 4088
4172 4171 4174
4172 4174 4173
4208 4207 4193
4208 4193 4192
4326 4334 4208
4326 4208 4192
4171 4338 4341
4171 4341 4174
4325 4172 4173
4325 4173 4326
3964 4280 3961
4096 4105 4281
4096 4281 4069
4374 4373 4281
4374 4281 4105
4211 3963 4281
4211 4281 4373
3963 3962 3966
3963 3966 4281
4095 4099 4104
4104 4099 4132
4166 4168 4530
4166 4530 4497
4194 4197 4199
4194 4199 4198
4205 4204 4210
4205 4210 4209
4556 4557 4345
4556 4345 4347
4334 4176 4199
4334 4199 4333
4204 4380 4558
4204 4558 4210
4207 4559 4560
4207 4560 4193
4561 4562 4563
4561 4563 4564
4565 4566 4567
4565 4567 4498
4568 3929 3921
4569 4570 3930
4569 3930 3929
4571 4569 4568
4572 4573 4574
3960 4038 4019
3960 4019 4018
3960 3959 3944
3960 3944 3934
4038 4575 4576
4038 4576 4039
4576 4575 3934
4576 3934 3933
3944 3959 3990
3944 3990 3978
4445 4506 3977
4445 3977 3978
4446 4046 4045
4446 4045 4444
4074 4139 4084
4074 4084 4054
4084 4577 4578
4084 4578 4447
4141 4164 4370
4141 4370 4142
4578 4577 4142
4578 4142 4372
4575 4038 3960
3990 4446 3978
4139 4577 4084
4305 4308 4357
4305 4304 4360
4305 4360 4359
4579 4580 4581
4580 4582 4583
4580 4583 4584
4585 4586 4584
4585 4584 4583
4584 4586 4587
4419 4421 4313
4419 4313 4312
4588 4589 4590
4590 4591 4592
4590 4592 4588
4593 4594 4588
4593 4588 4592
4594 4595 4588
4387 3950 3949
4387 3949 4392
4387 4392 4314
4387 4314 4311
4314 4313 4309
4596 4091 4093
4597 4598 4599
4597 4599 4600
4598 4601 4599
4602 4603 4599
4603 4604 4600
4603 4600 4599
4181 4605 4606
4181 4606 4182
4607 4608 4609
4607 4609 4610
4181 4461 4611
4181 4611 4605
4612 4458 4457
4612 4457 4613
4573 4614 4615
4573 4615 4616
4615 4617 4457
4615 4457 4456
3958 3960 4018
3958 4018 4618
4185 4193 4560
4185 4560 4619
4559 4207 4210
4559 4210 4558
4559 4620 4621
4559 4621 4560
4381 4560 4621
4620 4559 4558
4620 4558 4622
4623 4455 4624
4380 4379 4558
4625 4626 4627
4625 4627 4628
4627 4626 4629
4630 4631 4627
4631 4632 4628
4631 4628 4627
4607 4610 4182
4607 4182 4606
4633 4634 4635
4634 4636 4637
4638 4639 4637
4634 4637 4640
4634 4640 4635
4435 4012 4022
4435 4022 4641
4641 4022 4021
4641 4021 4642
4618 4018 4017
4618 4017 4351
3915 4377 4643
4337 4612 4613
4337 4613 4338
4340 4175 4174
4340 4174 4341
4606 4605 4344
4606 4344 4343
4557 4644 4346
4557 4346 4345
4340 4339 4556
4340 4556 4347
4607 4606 4343
4607 4343 4348
4344 4605 4611
4344 4611 4450
4608 4607 4348
4608 4348 4467
4338 4613 4342
4338 4342 4341
4194 4198 4347
4194 4347 4345
4574 4616 4636
4636 4616 4645
3916 4643 4221
4182 4610 3917
4182 3917 4183
4342 4617 4646
4342 4646 4339
4342 4613 4457
4342 4457 4617
4647 4556 4339
4647 4339 4646
3920 4217 4648
3920 4648 4216
4618 4351 4649
4571 4568 4650
4651 4652 4653
4505 4504 3924
4505 3924 3923
4643 4505 3923
4218 4221 3928
4218 3928 3927
4501 4500 4564
4501 4564 4563
4618 4649 4654
4649 4647 4655
4649 4655 4654
4353 4218 3927
4353 3927 4656
4572 4633 4657
4636 4638 4637
4637 4639 4658
4637 4658 4640
4016 4019 4275
4016 4275 4273
4556 4647 4659
4556 4659 4557
4660 4661 4659
4660 4659 4662
4661 4644 4557
4661 4557 4659
4647 4662 4659
3928 4643 3923
4468 4165 4535
4468 4535 4534
4355 4531 4530
4355 4530 4161
4161 4530 4168
4161 4168 4131
4168 4104 4132
4168 4132 4131
4663 4655 4614
4663 4614 4573
4293 4025 4024
4293 4024 4294
4298 4369 4296
4298 4296 4295
4297 3996 4028
4297 4028 4294
4036 4361 4299
4036 4299 4295
3998 3993 4301
3998 4301 4297
4664 3997 4301
4664 4301 4302
4361 4449 4440
4361 4440 4299
4369 4481 4482
4369 4482 4296
4653 4657 4651
4653 4652 4215
4653 4215 4665
4650 4633 4666
4667 4668 3958
4148 4147 4256
4148 4256 4255
4258 4126 4148
4258 4148 4255
4127 4129 4259
4127 4259 4258
4114 4151 4261
4114 4261 4260
4129 4367 4262
4129 4262 4259
4260 4121 4120
4260 4120 4263
4475 4154 4261
4475 4261 4473
4543 4115 4263
4543 4263 4542
4064 4067 4287
4064 4287 4286
4288 4365 4064
4288 4064 4286
4669 4047 4291
4669 4291 4290
4519 4060 4287
4519 4287 4518
4080 4079 4546
4080 4546 4288
4527 4090 4549
4527 4549 4548
4090 4089 4550
4090 4550 4549
4047 4056 4550
4047 4550 4291
4076 4075 4513
4076 4513 4098
4448 4525 4086
4448 4086 4083
4083 4086 4055
4083 4055 4053
3972 4364 4283
3972 4283 4282
4364 3936 4284
4364 4284 4283
3939 3942 4284
3939 4284 4285
4492 3951 4670
4492 4670 4493
3974 3973 4551
3974 4551 4282
4510 3982 4554
4510 4554 4553
4554 3982 3952
4554 3952 4555
4555 3952 3951
4555 3951 4492
4209 4333 4331
4209 4331 4205
3925 3924 4563
3925 4563 4562
4501 4563 3924
4501 3924 4504
4500 4671 4672
4500 4672 4564
4564 4672 4673
4564 4673 4561
4567 4566 4671
4643 3916 3915
4350 4662 4351
4667 3958 4618
4656 3927 4674
3926 3928 3922
4674 3927 3926
4575 3960 3934
3990 4046 4446
4139 4142 4577
4503 4567 4500
4633 4651 4657
4650 4675 4651
4139 4676 4140
4535 4140 4214
4535 4214 4213
4663 4572 4657
4677 4678 4638
4677 4638 4645
4657 4679 4667
3959 3958 3989
3920 4675 3921
4657 4653 4679
4676 3989 4668
4676 4668 4665
4074 4676 4139
3928 4221 4643
3915 4680 4642
3915 4642 4021
4609 4680 3918
4042 4212 4376
4584 4587 4681
4523 4058 4057
4398 4397 4682
4240 4410 4241
4433 4409 4246
4050 4242 4051
4052 4051 4289
4087 4526 4528
4087 4090 4526
4085 4524 4547
4085 4086 4524
4047 4669 4048
4049 4048 4269
3945 4495 4496
3945 3948 4495
3950 4491 3951
3951 4491 4670
3981 4509 4512
3981 3982 4509
3979 4508 3980
3980 4508 4552
4024 4026 4029
4029 4026 4229
4363 4027 4276
4363 4292 4028
4362 3997 4664
3994 3997 4362
3991 4000 4227
3991 3993 4000
4119 4540 4120
4120 4540 4541
4115 4544 4116
4116 4544 4545
4153 4474 4476
4153 4154 4474
4151 4470 4472
4151 4152 4470
4667 4679 4668
4649 4351 4662
4660 4662 4350
3915 4021 4377
4377 4505 4643
3916 4221 4220
4663 4573 4572
4573 4616 4574
4634 4574 4636
4636 4645 4638
4663 4657 4667
4568 4675 4650
4402 4410 4403
4409 4424 4318
4538 4321 4428
4322 4395 4323
4319 4321 4434
4434 4322 4319
4319 4428 4320
4319 4323 4395
4538 4250 4321
4683 4123 4122
4684 4430 4429
4253 4394 4322
4312 4391 4419
4311 4310 4388
4423 4685 4390
4420 4391 4393
4388 4387 4311
4222 4686 4223
4314 4309 4311
4312 4314 4391
4315 4403 4316
4316 4409 4318
4305 4357 4306
4307 4305 4359
4225 4303 4356
4687 4014 4013
4414 4688 4415
4358 4360 4231
4203 4379 4204
4411 4413 4462
4619 4381 4185
4623 4624 4689
4624 4455 4454
4462 4463 4336
4443 4015 4382
4416 4478 4384
4232 4224 4233
4389 4238 4237
4522 4523 4072
4396 4244 4103
4135 4248 4124
4251 4162 4431
4381 4619 4560
4558 4379 4622
4623 4689 4690
4411 4691 4412
4074 3989 4676
4638 4678 4639
4574 4634 4572
4572 4634 4633
4633 4635 4666
4650 4666 4571
4568 4569 3929
4568 3921 4675
4647 4649 4662
3920 4652 4675
4651 4675 4652
4650 4651 4633
4140 4676 4214
4167 4166 4499
4567 4671 4500
4687 4692 4014
4414 4692 4688
4581 4584 4681
4587 4586 4693
4581 4580 4584
4686 4694 4223
4685 4694 4695
4696 4595 4594
4697 3984 4422
3985 3984 4698
4589 4699 4590
4588 4595 4700
4700 4589 4588
4694 4685 4423
4694 4686 4695
4030 4032 4701
4701 4417 4030
4059 4702 4057
4702 4682 4397
4426 4406 4703
4704 4091 4596
4091 4705 4092
4706 4408 4399
4400 4406 4426
4399 4408 4400
4707 4123 4683
4429 4707 4684
4708 4601 4598
4156 4432 4709
4157 4156 4710
4711 4603 4602
4599 4601 4712
4602 4599 4712
4707 4683 4713
4684 4707 4713
4714 4702 4059
4714 4682 4702
4715 4692 4687
4688 4692 4715
4623 4690 4716
4691 4411 4716
4716 4690 4717
4691 4716 4717
4626 4718 4629
4191 4190 4719
4191 4720 4206
4721 4631 4630
4627 4629 4722
4630 4627 4722
4723 4724 4725
4723 4725 4726
4727 4728 4729
4730 4731 4732
4730 4732 4733
4734 4735 4736
4727 4737 4738
4727 4738 4728
4739 4740 4741
4739 4741 4742
4743 4744 4745
4743 4745 4746
4747 4748 4749
4747 4749 4750
4751 4752 4740
4751 4740 4739
4753 4754 4755
4753 4755 4756
4757 4758 4759
4757 4759 4760
4748 4761 4762
4748 4762 4749
4745 4763 4764
4745 4764 4765
4766 4767 4768
4769 4770 4771
4769 4771 4772
4773 4774 4775
4773 4775 4776
4777 4778 4779
4777 4779 4780
4781 4782 4783
4781 4783 4784
4785 4786 4752
4785 4752 4751
4756 4755 4787
4756 4787 4788
4789 4790 4758
4789 4758 4757
4791 4792 4793
4761 4784 4783
4761 4783 4762
4764 4794 4779
4764 4779 4765
4776 4795 4796
4776 4796 4773
4768 4797 4798
4799 4800 4801
4802 4803 4804
4802 4804 4805
4800 4806 4807
4800 4807 4808
4809 4810 4811
4809 4811 4812
4813 4814 4815
4813 4815 4816
4817 4818 4819
4817 4819 4820
4821 4822 4823
4824 4825 4826
4824 4826 4827
4828 4829 4830
4828 4830 4831
4832 4833 4834
4805 4804 4835
4805 4835 4836
4808 4807 4837
4808 4837 4832
4838 4839 4840
4841 4842 4811
4841 4811 4810
4843 4844 4845
4843 4845 4816
4846 4847 4848
4846 4848 4849
4770 4829 4828
4770 4828 4850
4851 4852 4853
4851 4853 4854
4855 4856 4857
4858 4859 4860
4861 4862 4852
4861 4852 4851
4855 4863 4864
4855 4864 4856
4865 4866 4867
4868 4869 4870
4868 4870 4871
4872 4873 4874
4872 4874 4875
4796 4795 4876
4796 4876 4877
4878 4879 4880
4878 4880 4881
4797 4882 4798
4883 4884 4885
4883 4885 4886
4887 4888 4889
4887 4889 4890
4891 4892 4862
4891 4862 4861
4893 4894 4864
4893 4864 4863
4895 4896 4897
4895 4897 4898
4899 4900 4901
4890 4889 4870
4890 4870 4869
4886 4885 4875
4886 4875 4902
4903 4904 4905
4903 4905 4906
4907 4908 4909
4907 4909 4903
4910 4911 4879
4910 4879 4878
4906 4912 4913
4906 4913 4903
4914 4915 4916
4914 4916 4917
4918 4919 4920
4918 4920 4921
4922 4923 4924
4922 4924 4925
4926 4927 4928
4926 4928 4929
4930 4931 4932
4933 4918 4921
4933 4921 4934
4935 4936 4914
4935 4914 4937
4938 4939 4940
4938 4940 4941
4942 4908 4907
4942 4907 4940
4943 4944 4945
4943 4945 4946
4947 4948 4949
4947 4949 4950
4951 4952 4953
4951 4953 4954
4955 4956 4957
4955 4957 4958
4959 4960 4923
4959 4923 4922
4961 4962 4927
4961 4927 4926
4963 4964 4965
4966 4945 4933
4966 4933 4957
4967 4954 4953
4967 4953 4937
4968 4938 4941
4968 4941 4969
4946 4945 4966
4946 4966 4970
4971 4972 4949
4971 4949 4973
4974 4975 4913
4974 4913 4976
4977 4978 4979
4977 4979 4980
4981 4982 4983
4981 4983 4984
4985 4986 4987
4985 4987 4988
4989 4990 4991
4989 4991 4992
4993 4994 4995
4993 4995 4996
4997 4998 4999
4993 5000 5001
4993 5001 4994
5002 5003 5004
5002 5004 5005
5006 4983 4982
5006 4982 5007
5008 5009 4988
5008 4988 4987
5010 5011 5012
5010 5012 5013
4998 4997 5014
5015 5016 5017
5015 5017 5018
4850 5019 5020
5021 5022 5023
5021 5023 5024
4729 5025 4727
5026 5027 5028
5026 5028 5029
5030 5031 5032
4806 5033 5034
4806 5034 5035
5036 4807 4806
5036 4806 5035
4837 5037 5038
4837 5038 5039
5036 5037 4837
5036 4837 4807
5040 5041 5042
5040 5042 5043
5044 5045 5046
5044 5046 5047
4858 5048 5049
4858 5049 5050
5051 4898 4858
5051 4858 5050
5052 4911 4910
5052 4910 5053
5051 5054 4895
5051 4895 4898
4944 4943 5055
4944 5055 5056
5057 4926 4929
5057 4929 5058
5059 4970 4966
5059 4966 5060
5057 5061 4961
5057 4961 4926
5062 5063 5064
5062 5064 5065
4935 5062 5065
4935 5065 5066
4934 4921 5067
4934 5067 5066
4962 5068 5069
4962 5069 4927
4921 4920 5070
4921 5070 5067
5069 4922 4925
5069 4925 5071
4763 5072 5073
4763 5073 5074
5075 4764 4763
5075 4763 5074
4774 5076 4794
4774 4794 4775
4775 4794 4764
4775 4764 5075
5077 4856 4851
5077 4851 4854
4902 5078 5079
4902 5079 4905
4886 4902 4905
4886 4905 4904
5080 5081 4802
5080 4802 5082
5083 5082 4802
5083 4802 4805
4814 4817 4820
4814 4820 4815
5084 4848 4847
5084 4847 4836
5083 4805 4836
5083 4836 4847
4815 4820 5085
4815 5085 5086
4770 5087 5088
5089 4795 4776
4876 4795 5089
4761 5090 5091
4761 5091 4784
4748 5092 5090
4748 5090 4761
4746 5092 5093
4746 5093 4743
4869 4868 5094
4869 5094 5095
4890 4869 5095
4890 5095 5096
5097 4859 5098
5097 5098 5099
5100 4835 5101
5100 5101 5102
4845 4844 5103
4845 5103 5104
4808 4832 5101
4808 5101 5105
5106 5107 5108
5106 5108 5104
4803 5109 5105
4803 5105 4804
4800 5109 5110
4800 5110 4801
5111 5112 5113
5111 5113 5114
5115 5113 5116
5117 5118 5119
5120 5121 5122
5123 5124 5125
5125 5124 5126
5127 5128 5129
5127 5130 5131
4995 4994 5132
4995 5132 5133
5132 4994 5001
5132 5001 5134
5135 5136 5137
5135 5137 5138
5139 5011 5010
5139 5010 5140
5141 5142 5018
5141 5018 5017
5143 5144 5137
5143 5137 5136
4980 4979 5145
4980 5145 5146
5147 5148 5149
5147 5149 5150
4987 4986 5151
4987 5151 5152
5005 5153 5154
5005 5154 5002
5150 4983 5006
5150 5006 5155
5156 5008 4987
5156 4987 5152
4827 5157 5158
4827 5158 5159
5160 5161 5026
5160 5026 5029
4730 4733 4735
4969 5162 5163
4969 5163 4968
5164 5165 5112
5164 5112 5111
5166 5167 5168
5166 5168 5115
5169 4813 4816
5169 4816 4845
4843 4816 4815
4843 4815 5086
4802 5081 5170
5171 4836 4835
4746 4745 4765
4746 4765 5172
4765 4779 4778
4765 4778 5172
4875 4874 5078
4875 5078 4902
4885 5173 4872
4885 4872 4875
4937 4914 4917
4937 4917 4967
4937 4953 5062
4937 5062 4935
4985 4988 5136
4985 5136 5135
5009 5143 5136
5009 5136 4988
5174 5173 4885
5174 4885 4884
5175 4915 4914
5175 4914 4936
4749 4762 5176
4749 5176 5042
5176 4762 4783
5176 4783 5044
5106 4810 4809
5106 4809 5107
5177 4841 4810
5177 4810 5106
4871 4870 4878
4871 4878 4881
4889 4910 4878
4889 4878 4870
4918 4933 4945
4918 4945 4944
4957 4933 4934
4957 4934 4958
4783 4782 5045
4783 5045 5044
4889 4888 5053
4889 5053 4910
5056 4919 4918
5056 4918 4944
4772 5075 5074
4772 5074 4769
4775 5075 4772
4775 4772 4776
5085 4820 4819
5085 4819 5088
4906 4905 5079
4906 5079 4876
5178 4948 5179
5178 5179 5180
5181 5019 5182
4831 5183 5184
4831 5184 4828
4850 4828 5184
4770 4850 5020
4770 5020 4771
4818 4830 4829
4818 4829 4819
4829 4770 5088
4829 5088 4819
5185 4976 4913
5185 4913 4912
4827 5159 5186
4827 5186 4824
5019 5181 5020
5012 5187 5188
4993 4996 5189
4812 4811 5190
4812 5190 5191
5190 4811 4842
5190 4842 5192
5036 5114 5167
5036 5167 5037
5114 5036 5035
5114 5035 5111
5035 5034 5164
5166 5038 5037
5043 5042 5176
5043 5176 5193
5176 5044 5047
5176 5047 5193
5194 5195 5196
5040 5031 5030
5197 5046 5198
5199 5200 5201
5199 5201 5121
5202 5131 5203
5204 5205 5206
5207 5208 5209
5210 5123 5211
5209 5212 5213
5209 5213 5214
5215 5216 5209
5215 5209 5214
5204 5052 5205
5051 5125 5217
5051 5217 5054
5211 5125 5051
5211 5051 5050
5050 5218 5211
5219 5220 5221
5222 5223 5224
4838 5225 5226
5227 5228 5199
5119 5229 5122
5119 5122 5117
5230 4791 4793
5231 5197 5198
5124 5232 5233
5124 5233 5126
5123 5210 5232
5123 5232 5124
5209 5208 5234
5127 5235 5203
5236 5129 5128
5237 5238 5239
4963 4965 5240
5235 5127 5236
5217 5233 5241
5059 5239 5238
5061 5057 5242
5061 5242 5131
5242 5057 5058
5242 5058 5128
4931 4930 5055
5243 4818 4817
5243 4817 5244
4817 4814 5245
4817 5245 5244
5245 4814 4813
5245 4813 5246
5247 5248 5108
5247 5108 5107
5247 5107 4809
5247 4809 5249
4812 5191 5250
4812 5250 5251
5250 4822 4821
5251 5249 4809
5251 4809 4812
4825 5083 4847
4825 4847 4846
5186 5080 5082
5186 5082 4824
5252 5253 4786
5252 4786 5254
4862 4882 4797
4862 4797 4852
5255 4892 4891
5255 4891 5256
5257 5246 4813
5257 4813 5169
4986 5258 5259
4986 5259 5151
5258 4986 4985
5258 4985 5260
5135 5138 5261
5135 5261 5262
5261 5138 5263
5264 5265 5266
5264 5266 5267
4989 5268 5269
4989 5269 4990
5133 5132 4978
5133 4978 4977
5134 5142 4982
5134 4982 4981
5003 5007 5141
5003 5141 5139
5139 5140 5004
5139 5004 5003
5262 5260 4985
5262 4985 5135
5270 5271 5220
5271 5144 5143
5271 5143 5272
5272 5143 5009
5272 5009 5273
5274 5273 5009
5274 5009 5008
5008 5156 5275
5008 5275 5274
5063 5062 4953
5063 4953 4952
5060 4966 4957
5060 4957 4956
5276 4972 4971
5276 4971 5277
5278 5279 4960
5280 4959 5068
5280 5068 5281
5282 5283 4962
4961 5061 5284
4961 5284 5285
5061 5202 5284
5223 5286 5224
5286 5192 4842
5286 4842 5287
4842 4841 5288
4842 5288 5287
5289 5288 4841
5289 4841 5177
4844 5290 5291
4844 5291 5103
5290 4844 4843
5290 4843 5292
5293 5292 4843
5293 4843 5086
5086 5085 5294
5086 5294 5293
5295 5294 5085
5295 5085 5088
5087 5296 5295
5087 5295 5088
5087 4769 5297
5087 5297 5296
4779 4794 5076
4779 5076 4780
4749 5042 5041
4749 5041 4750
4760 5298 5194
4760 5194 5196
4760 5299 5298
5300 4754 5301
5300 5301 5302
5303 5301 4754
4753 4739 4742
4753 4742 5304
4769 5074 5073
4769 5073 5297
5305 4974 5306
5305 5306 5307
5308 5309 5310
5308 5310 5311
5312 5311 5310
5312 5310 5019
5184 5313 5312
5184 5312 5019
5184 5183 5313
4788 5314 5315
4788 5315 4785
4788 5316 5314
5317 5318 4790
5319 5320 4789
5319 4789 5200
5228 5319 5200
4904 4903 4909
4904 4909 5321
5078 5322 5323
5078 5323 5079
5322 5078 4874
5322 4874 5324
5325 5324 4874
5325 4874 4873
5326 5325 4873
5326 4873 5094
5327 4868 4871
5327 4871 5328
5329 5328 4871
5329 4871 4881
4881 4880 5330
4881 5330 5329
5330 5331 4867
4877 4876 5079
4877 5079 5323
5332 5333 4894
5334 5335 4896
4895 5054 5336
4895 5336 5337
5241 5336 5054
5338 5305 5339
5338 5339 5340
5341 5021 5342
5341 5342 5343
4972 5342 4950
4972 4950 4949
4967 4917 4939
4967 4939 4938
4939 4917 4916
4939 4916 5344
5178 4924 4923
5178 4923 4973
4923 4960 4971
4923 4971 4973
4971 4960 5279
4971 5279 5277
5163 4951 4954
5163 4954 4968
4954 4967 4938
4954 4938 4968
5345 5346 5058
4929 5347 5345
4929 5345 5058
4929 5348 5347
5349 4928 5071
5349 5071 5350
4925 5351 5352
5180 5353 4924
5180 4924 5178
4940 4939 5344
4940 5344 4942
5173 5174 5354
5173 5354 5096
5355 4893 5356
5355 5356 5357
4893 4863 5358
4893 5358 5356
4859 4897 5358
4859 5358 5098
4856 4864 4861
4856 4861 4851
4757 5201 5200
4757 5200 4789
4778 4777 5359
4778 5359 5091
5360 4787 5361
5360 5361 5362
4787 4755 5363
4787 5363 5361
4755 4754 5300
4755 5300 5363
4788 4785 4751
4788 4751 4756
4751 4739 4753
4751 4753 4756
4745 4744 5072
4745 5072 4763
4858 4898 4897
4858 4897 4859
4978 4981 4984
4978 4984 4979
5018 5001 5000
5018 5000 5015
5134 5001 5018
5134 5018 5142
4979 4984 5149
4979 5149 5145
5132 5134 4981
5132 4981 4978
4770 4769 5087
4906 4876 5089
4906 5089 4912
5185 4912 5089
5185 5089 5181
5020 5181 5089
5020 5089 4771
4771 5089 4776
4771 4776 4772
4903 4913 4907
4913 4940 4907
4974 5305 5338
4974 5338 4975
5002 5006 5007
5002 5007 5003
5011 5017 5016
5011 5016 5012
5364 5155 5154
5364 5154 5365
5142 5141 5007
5142 5007 4982
5012 5016 5366
5012 5366 5187
5015 5000 5367
5015 5367 5368
5369 5370 5371
5369 5371 5372
5373 5374 5375
5373 5375 5307
5376 4728 4738
5377 4738 4737
5377 4737 5378
5379 5376 5377
5380 5381 5382
4767 4826 4825
4767 4825 4846
4767 4740 4752
4767 4752 4768
4846 4849 5383
4846 5383 5384
5383 4741 4740
5383 4740 5384
4752 4786 4797
4752 4797 4768
5254 4786 4785
5254 4785 5315
5253 5252 4853
5253 4853 4852
4882 4862 4892
4882 4892 4947
4892 5255 5385
4892 5385 5386
4949 4948 5178
4949 5178 4973
5385 5179 4948
5385 4948 5386
5384 4767 4846
4797 4786 5253
4947 4892 5386
5113 5165 5116
5113 5168 5167
5113 5167 5114
5387 5388 5389
5389 5390 5391
5389 5391 5392
5393 5391 5390
5393 5390 5394
5390 5395 5394
5227 5120 5122
5227 5122 5229
5396 5397 5398
5397 5396 5399
5397 5399 5400
5401 5399 5396
5401 5396 5402
5402 5396 5403
5196 5201 4757
5196 4757 4760
5196 5118 5121
5196 5121 5201
5121 5117 5122
5404 4900 4899
5405 5406 5407
5405 5407 5408
5408 5407 5409
5410 5407 5411
5411 5407 5406
5411 5406 5412
4989 4992 5413
4989 5413 5414
5415 5416 5417
5415 5417 5418
4989 5414 5419
4989 5419 5268
5420 5421 5265
5420 5265 5264
5382 5422 5423
5382 5423 5424
5265 5425 5423
5265 5423 5266
4766 5426 4826
4766 4826 4767
4993 5427 5367
4993 5367 5000
5368 5366 5016
5368 5016 5015
5368 5367 5428
5368 5428 5429
5189 5428 5367
5429 5430 5366
5429 5366 5368
5431 5432 5263
5187 5366 5188
5433 5434 5435
5433 5435 5436
5435 5437 5436
5438 5435 5439
5439 5435 5434
5439 5434 5440
5415 5413 4992
5415 4992 5416
5441 5442 5443
5443 5444 5445
5446 5444 5447
5443 5442 5448
5443 5448 5444
5243 5449 4830
5243 4830 4818
5449 5450 4831
5449 4831 4830
5426 5157 4827
5426 4827 4826
4725 5451 5183
5146 5145 5421
5146 5421 5420
5150 5149 4984
5150 4984 4983
5413 5152 5151
5413 5151 5414
5365 5154 5153
5365 5153 5452
5150 5155 5364
5150 5364 5147
5415 5156 5152
5415 5152 5413
5151 5259 5419
5151 5419 5414
5418 5275 5156
5418 5156 5415
5145 5149 5148
5145 5148 5421
5002 5154 5155
5002 5155 5006
5381 5445 5422
5445 5453 5422
4724 5027 5451
4723 5416 4992
4723 4992 4991
5148 5147 5454
5148 5454 5425
5148 5425 5265
5148 5265 5421
5455 5454 5147
5455 5147 5364
5456 5025 4729
5456 4729 5022
5426 5457 5157
5379 5458 5376
5459 5460 5461
5313 4733 4732
5313 4732 5312
5451 4733 5313
5026 4736 4735
5026 4735 5027
5311 5371 5370
5311 5370 5308
5426 5462 5463
5457 5463 5464
5457 5464 5455
5161 5465 4736
5161 4736 5026
5380 5466 5441
5445 5444 5446
5444 5448 5467
5444 5467 5447
4824 5082 5083
4824 5083 4825
5364 5365 5468
5364 5468 5455
5469 5470 5468
5469 5468 5471
5471 5468 5365
5471 5365 5452
5455 5468 5470
4735 4733 5451
5276 5343 5342
5276 5342 4972
5162 4969 5338
5162 5338 5340
4969 4941 4975
4969 4975 5338
4975 4941 4940
4975 4940 4913
5472 5382 5424
5472 5424 5464
5102 5101 4832
5102 4832 4834
5106 5104 5103
5106 5103 5177
5105 5101 4835
5105 4835 4804
4845 5104 5108
4845 5108 5169
4808 5105 5109
4808 5109 4800
5473 5110 5109
5473 5109 4803
5169 5108 5248
5169 5248 5257
5177 5103 5291
5177 5291 5289
5460 5459 5466
5460 5474 5023
5460 5023 5461
5458 5475 5441
5462 4766 5476
4958 5065 5064
4958 5064 4955
5066 5065 4958
5066 4958 4934
4935 5066 5067
4935 5067 4936
4922 5069 5068
4922 5068 4959
4936 5067 5070
4936 5070 5175
5069 5071 4928
5069 4928 4927
5283 5281 5068
5283 5068 4962
5352 5350 5071
5352 5071 4925
4872 5095 5094
4872 5094 4873
5096 5095 4872
5096 4872 5173
5477 5099 5098
5477 5098 4855
5327 5326 5094
5327 5094 4868
4890 5096 5354
4890 5354 4887
5335 5357 5356
5335 5356 4896
4896 5356 5358
4896 5358 4897
4855 5098 5358
4855 5358 4863
4886 4904 5321
4886 5321 4883
5256 4891 4894
5256 4894 5333
4891 4861 4864
4891 4864 4894
4778 5091 5090
4778 5090 5172
5172 5090 5092
5172 5092 4746
4747 5093 5092
4747 5092 4748
5300 5302 5478
5300 5478 4759
4784 5091 5359
4784 5359 4781
5318 5362 5361
5318 5361 4790
5361 5363 4758
5361 4758 4790
5363 5300 4759
5363 4759 4758
5017 5011 5139
5017 5139 5141
4731 5372 5371
4731 5371 4732
5311 5312 4732
5311 4732 5371
5308 5370 5479
5308 5479 5480
5370 5369 5481
5370 5481 5479
5373 5480 5374
5451 4725 4724
5158 5157 5470
5462 5426 4766
5465 5482 4736
4734 4730 4735
5482 4734 4736
5384 4740 4767
4797 5253 4852
4947 5386 4948
5309 5308 5373
5441 5466 5459
5458 5459 5483
4947 4950 5484
5342 5021 5024
5342 5024 4950
5472 5466 5380
5485 5453 5446
5485 5446 5486
5466 5462 5487
4768 4798 4766
4729 4728 5483
5466 5487 5460
5476 4798 5484
5476 5484 5474
4882 4947 5484
4735 5451 5027
4725 5450 5488
4725 4831 5450
5417 4726 5488
4850 5184 5019
5390 5489 5395
5331 4865 4867
5205 5490 5206
5050 5049 5218
5241 5054 5217
4858 4860 5048
4859 5097 4860
4895 5337 5334
4895 5334 4896
4893 5355 5332
4893 5332 4894
4855 4857 5477
4856 5077 4857
4753 5304 5303
4753 5303 4754
4760 4759 5299
4759 5478 5299
4789 5320 5317
4789 5317 4790
4788 4787 5316
4787 5360 5316
4832 4837 4833
4837 5039 4833
5171 5084 4836
5171 4835 5100
5170 5473 4803
4802 5170 4803
4799 5033 4806
4799 4806 4800
4929 4928 5348
4928 5349 5348
4925 4924 5351
4924 5353 5351
4961 5285 5282
4961 5282 4962
4959 5280 5278
4959 5278 4960
5457 5470 5157
5469 5158 5470
4725 5183 4831
5183 5451 5313
4724 5028 5027
5472 5380 5382
5382 5381 5422
5443 5445 5381
5445 5446 5453
5472 5462 5466
5376 5458 5483
5210 5211 5218
5217 5126 5233
5346 5236 5128
5131 5130 5203
5127 5242 5128
5242 5127 5131
5127 5129 5236
5127 5203 5130
5346 5128 5058
5491 4930 4932
5492 5237 5239
5061 5131 5202
5120 5227 5199
5118 5195 5119
5231 5198 5493
5228 5200 5199
5195 5118 5196
5030 5032 5494
5121 5118 5117
5120 5199 5121
5123 5125 5211
5125 5126 5217
5113 5112 5165
5115 5168 5113
5035 5164 5111
5495 4821 4823
5222 5224 5496
5166 5037 5167
5013 5012 5188
5219 5270 5220
5427 4993 5189
5431 5497 5432
5432 5261 5263
5270 5144 5271
5250 5191 4822
5223 5192 5286
5040 5043 5031
5197 5047 5046
5330 4880 5331
5204 4911 5052
4943 4931 5055
5059 5238 4970
5189 5367 5427
5366 5430 5188
5431 5498 5497
5219 5221 5499
4882 5484 4798
5446 5447 5486
5381 5380 5443
5380 5441 5443
5441 5475 5442
5458 5379 5475
5376 4738 5377
5376 5483 4728
5455 5470 5457
4729 5483 5461
5459 5461 5483
5458 5441 5459
4950 5024 5484
4976 5185 5182
5373 5308 5480
5495 4823 5500
5222 5496 5500
5388 5489 5390
5395 5501 5394
5388 5390 5389
5494 5032 5502
5493 5503 5502
5504 5402 5403
5505 5230 4793
4792 5506 4793
5398 5397 5507
5396 5508 5403
5508 5396 5398
5502 5231 5493
5502 5503 5494
4838 5509 4839
5509 4838 5226
4866 4865 5510
5510 5206 5490
5234 5511 5212
5512 5404 4899
4899 4901 5513
5514 5207 5216
5209 5234 5212
5207 5209 5216
5515 5491 4932
5237 5492 5515
5516 5408 5409
4965 5517 5240
4964 5518 4965
5519 5410 5411
5407 5520 5409
5410 5520 5407
5515 5521 5491
5492 5521 5515
5522 4866 5510
5522 5510 5490
5523 5495 5500
5496 5523 5500
5431 5524 5498
5499 5524 5219
5524 5525 5498
5499 5525 5524
5436 5437 5526
4998 5527 4999
4998 5014 5528
5529 5438 5439
5435 5530 5437
5438 5530 5435
5416 4723 4726
5416 4726 5417
5028 4991 4990
5028 4990 5029
5267 5266 5453
5267 5453 5485
5029 4990 5269
5029 5269 5160
5424 5423 5425
5424 5425 5454
5266 5423 5422
5266 5422 5453
4724 4723 4991
4724 4991 5028
5472 5464 5463
5472 5463 5462
5464 5424 5454
5464 5454 5455
5426 5463 5457
5488 4726 4725
3918 3917 4610
3918 4610 4609
4184 4183 4220
4184 4220 4219
4645 4456 4459
4645 4459 4677
4352 4460 4184
4352 4184 4219
4617 4615 4614
4617 4614 4646
4616 4615 4456
4616 4456 4645
4183 3917 3916
4183 3916 4220
4654 4655 4663
4654 4663 4667
4646 4614 4655
4646 4655 4647
4618 4654 4667
3918 4680 3915
4216 4215 4652
4216 4652 3920
4503 4499 4498
4503 4498 4567
4532 4565 4498
4532 4498 4497
4216 4648 4533
4216 4533 4213
4665 4215 4214
4665 4214 4676
4665 4668 4679
4665 4679 4653
4502 4375 4499
4502 4499 4503
5461 5023 5022
5461 5022 4729
5307 5306 5309
5307 5309 5373
5307 5375 5339
5307 5339 5305
5341 5456 5022
5341 5022 5021
5024 5023 5474
5024 5474 5484
5487 5476 5474
5487 5474 5460
5306 5182 5310
5306 5310 5309
4167 4375 4374
4167 4499 4375
4976 5306 4974
4976 5182 5306
4373 4375 4212
5181 5182 5185
5182 5019 5310
4212 4375 4502
5462 5476 5487
3958 4668 3989
5476 4766 4798
523 522 5531
523 5531 5532
554 552 674
554 674 548
5533 5534 5535
5533 5535 5536
417 523 5532
417 5532 418
548 674 673
548 673 545
710 5536 5535
710 5535 711
359 513 512
358 362 513
415 512 416
522 521 370
522 370 5531
559 557 552
559 552 554
685 684 5534
685 5534 5533
361 365 362
551 557 564
671 670 5537
671 5537 667
667 5537 5538
667 5538 665
449 454 450
670 619 618
670 669 5539
670 5539 5537
5537 5539 5540
5537 5540 5538
621 624 5541
621 5541 622
669 5542 5543
669 5543 5539
622 5541 5542
622 5542 669
5539 5543 5544
5539 5544 5540
733 730 731
733 731 734
450 458 456
456 511 460
624 626 631
624 631 5541
5545 635 634
5545 634 5546
5541 631 668
5541 668 5542
5546 634 677
5546 677 5547
435 465 469
1571 1570 1572
1581 1583 5548
1581 5548 5549
