byte offset: 0
first index: 0
index count: 67443
topology: trianglelist
format: DXGI_FORMAT_R16_UINT

0 1 2
3 2 4
5 6 7
5 7 8
6 9 10
6 10 7
11 12 13
14 15 16
17 18 19
20 21 22
14 18 23
11 24 25
11 25 26
27 28 24
29 5 8
29 8 30
4 31 3
32 13 12
32 12 33
30 31 34
30 34 29
21 20 35
21 35 36
20 19 37
20 37 35
4 2 38
32 34 4
29 34 33
39 5 29
39 29 33
5 40 6
41 6 40
42 43 27
42 27 15
28 27 43
33 12 39
44 1 45
44 45 46
17 19 20
17 20 47
2 37 38
27 11 13
4 38 16
1 37 2
32 4 16
26 48 11
49 50 12
49 12 11
39 51 52
39 52 40
53 41 40
53 40 52
51 39 12
51 12 50
54 55 56
49 48 56
57 58 59
57 59 60
61 62 63
60 55 54
64 62 61
58 62 64
14 23 42
18 17 23
20 22 47
22 21 65
25 28 66
58 57 62
25 24 28
27 24 11
42 15 14
15 27 13
15 13 32
1 44 36
1 36 35
37 1 35
19 18 38
19 38 37
38 18 14
38 14 16
15 32 16
55 60 59
41 9 6
5 39 40
34 32 33
3 0 2
4 34 31
0 45 1
57 60 67
25 68 69
48 26 67
48 67 54
70 62 69
62 57 67
62 67 69
26 25 69
26 69 67
60 54 67
48 49 11
48 54 56
69 71 70
70 63 62
25 66 68
68 71 69
72 73 74
75 76 73
77 78 79
77 79 80
80 79 81
80 81 82
83 84 85
86 87 88
89 90 91
92 93 94
86 95 91
83 96 97
83 97 98
99 98 100
101 102 78
101 78 77
76 75 103
104 105 85
104 85 84
102 101 106
102 106 103
94 107 108
94 108 92
92 108 109
92 109 90
76 110 73
104 76 106
101 105 106
111 105 101
111 101 77
77 80 112
113 112 80
114 88 99
114 99 115
100 115 99
105 111 85
116 117 118
116 118 74
89 119 92
89 92 90
73 110 109
99 84 83
76 87 110
120 73 109
104 87 76
96 83 121
122 83 85
122 85 123
111 112 124
111 124 125
126 124 112
126 112 113
125 123 85
125 85 111
127 128 129
122 128 121
130 131 132
130 132 133
134 135 136
131 127 129
137 134 136
133 137 136
86 114 95
91 95 89
92 119 93
93 138 94
97 139 100
133 136 130
97 100 98
99 83 98
114 86 88
88 104 84
88 84 99
74 108 107
74 107 116
109 108 120
90 109 110
90 110 91
110 86 91
110 87 86
88 87 104
129 132 131
113 80 82
77 112 111
106 105 104
75 73 72
76 103 106
72 74 118
130 140 131
97 141 142
121 127 140
121 140 96
143 141 136
136 141 140
136 140 130
96 141 97
96 140 141
131 140 127
121 83 122
121 128 127
141 143 144
143 136 135
97 142 139
142 141 144
145 146 147
145 147 148
149 150 151
149 151 152
153 154 155
153 155 156
154 157 158
154 158 155
159 153 156
159 156 160
146 158 157
146 157 147
161 145 148
161 148 162
160 163 164
160 164 159
165 166 164
165 164 163
150 149 167
150 167 168
168 167 166
168 166 165
169 170 171
169 171 172
173 161 162
173 162 174
169 172 152
169 152 151
163 160 175
163 175 176
160 156 177
160 177 175
156 155 178
156 178 177
179 151 150
179 150 180
155 158 181
155 181 178
158 146 182
158 182 181
161 173 183
161 183 184
184 185 145
184 145 161
165 186 187
165 187 168
168 187 180
168 180 150
163 176 186
163 186 165
188 189 170
188 170 169
188 169 151
188 151 179
190 191 182
190 182 185
175 192 193
175 193 176
192 175 177
192 177 194
177 178 195
177 195 194
196 179 180
196 180 197
178 181 198
178 198 195
191 198 181
191 181 182
199 200 184
199 184 183
200 190 185
200 185 184
201 187 186
201 186 202
197 180 187
197 187 201
176 193 202
176 202 186
203 204 189
203 189 188
203 188 179
203 179 196
205 206 207
208 209 210
208 210 211
212 213 214
212 214 215
216 217 218
216 218 219
220 221 222
220 222 223
224 205 225
224 225 226
227 228 229
230 231 232
230 232 233
234 235 236
231 237 238
231 238 232
239 240 236
194 195 241
194 241 242
243 244 242
243 242 241
195 198 245
195 245 241
192 194 242
192 242 246
246 242 244
246 244 247
198 191 248
198 248 245
192 246 249
192 249 193
247 250 249
251 248 191
251 191 190
252 253 254
252 254 255
256 257 258
256 258 259
190 200 260
190 260 251
260 261 262
260 262 263
252 264 265
252 265 253
266 265 264
266 264 267
252 255 268
252 268 269
239 236 270
271 272 273
272 267 264
274 275 276
274 276 277
278 279 280
278 280 281
282 283 275
282 275 274
284 285 286
284 286 287
287 286 279
287 279 278
288 289 290
288 290 291
284 292 293
284 293 285
294 295 296
294 296 297
253 201 202
253 202 254
218 217 223
218 223 222
282 288 291
282 291 283
298 299 221
298 221 220
300 221 299
300 299 301
302 303 304
302 304 305
260 200 199
260 199 261
225 306 307
225 307 226
219 308 309
219 309 216
310 311 211
310 211 210
209 208 312
209 312 313
219 218 225
218 222 225
283 314 315
283 315 275
275 315 316
275 316 276
210 317 318
210 318 310
281 318 317
281 317 278
319 320 284
319 284 287
233 232 321
233 321 322
232 238 323
232 323 321
220 324 325
220 325 298
324 220 223
324 223 326
314 283 291
314 291 326
254 249 255
250 268 255
221 300 306
221 306 222
269 268 224
269 224 226
307 273 269
307 269 226
300 301 327
300 327 271
300 271 306
233 313 328
233 328 230
313 233 322
313 322 320
216 315 314
216 314 217
315 216 309
315 309 316
209 313 320
209 320 319
322 321 294
322 294 292
321 323 295
321 295 294
329 325 324
329 324 290
290 324 326
290 326 291
217 314 326
217 326 223
292 284 320
292 320 322
330 234 331
332 333 334
332 334 335
201 253 265
201 265 197
193 249 254
193 254 202
205 224 268
205 268 336
215 337 338
215 338 212
336 206 205
243 338 337
243 337 244
339 250 247
263 262 235
334 245 248
334 248 335
340 335 248
340 248 251
263 340 251
263 251 260
203 341 342
203 342 204
341 303 302
341 302 342
311 308 207
311 207 214
206 339 337
206 337 215
337 339 247
337 247 244
292 294 297
292 297 293
277 276 281
277 281 280
276 316 318
276 318 281
316 309 310
316 310 318
309 308 311
309 311 310
343 344 345
343 345 346
229 347 312
348 346 345
212 338 348
212 348 228
234 236 240
234 240 331
234 330 349
259 263 235
259 235 256
258 340 259
228 227 213
228 213 212
209 319 317
209 317 210
319 287 278
319 278 317
350 351 243
346 348 351
338 243 351
338 351 348
245 334 350
245 350 241
346 350 333
333 332 343
333 343 346
272 304 303
272 303 267
265 266 196
265 196 197
266 341 203
266 203 196
267 303 341
267 341 266
252 269 273
252 273 264
146 145 185
146 185 182
343 332 257
332 335 258
343 352 349
343 349 344
328 347 330
312 328 313
285 353 354
285 354 286
286 354 355
286 355 279
356 280 279
356 279 355
277 357 358
277 358 274
288 359 360
288 360 289
282 274 358
282 358 361
361 359 288
361 288 282
285 293 362
285 362 353
297 296 363
297 363 364
364 362 293
364 293 297
357 277 280
357 280 356
365 366 367
365 367 368
357 369 370
357 370 358
371 372 366
371 366 365
356 373 369
356 369 357
361 374 375
361 375 359
376 377 375
376 375 378
379 380 381
368 367 379
368 379 382
383 384 385
383 385 386
387 388 389
387 389 390
391 392 393
391 393 394
395 396 386
395 386 397
386 396 398
386 398 383
383 398 399
383 399 388
388 387 384
388 384 383
400 401 402
400 402 403
395 397 404
405 389 388
405 388 399
406 407 408
406 408 409
392 406 409
392 409 393
410 401 400
410 400 411
399 412 413
399 413 405
414 415 392
414 392 391
392 415 416
392 416 406
416 417 407
416 407 406
395 418 419
395 419 420
396 395 420
396 420 421
396 421 422
396 422 398
412 399 398
412 398 422
377 376 423
404 408 407
419 418 407
419 407 417
361 358 370
424 410 425
424 425 426
411 427 425
411 425 410
428 429 381
428 381 430
386 385 431
386 431 397
431 432 404
433 434 409
433 409 408
404 432 433
435 393 409
435 409 434
391 424 426
391 426 414
364 363 436
364 436 437
438 439 440
424 391 394
424 394 440
401 440 439
401 439 402
424 440 401
424 401 410
441 438 394
440 394 438
393 441 394
435 441 393
395 404 418
404 407 418
431 404 397
404 433 408
213 211 311
213 311 214
206 215 214
206 214 207
344 347 229
344 229 345
330 347 344
330 344 349
256 234 352
256 352 257
256 235 234
270 236 235
257 332 258
343 257 352
227 312 208
227 208 211
227 211 213
227 229 312
228 345 229
348 345 228
336 268 250
336 250 339
336 339 206
308 219 205
308 205 207
247 249 246
259 340 263
258 335 340
346 351 350
350 243 241
333 350 334
234 349 352
330 230 328
312 347 328
442 443 367
442 367 366
444 445 446
373 442 366
373 366 372
372 371 446
372 446 445
374 447 378
374 378 375
377 360 359
377 359 375
379 381 382
379 367 443
377 423 448
444 449 447
444 447 374
380 437 430
380 430 381
450 428 430
450 430 451
451 430 437
451 437 436
353 362 380
353 380 379
362 364 437
362 437 380
356 355 442
356 442 373
369 445 444
369 444 370
373 372 445
373 445 369
240 239 237
331 240 230
330 331 230
240 237 231
230 240 231
235 262 270
271 327 272
327 301 305
327 305 304
271 273 307
272 264 273
272 327 304
271 307 306
219 225 205
225 222 306
255 249 250
355 354 443
355 443 442
379 443 353
382 381 429
353 443 354
448 452 360
448 360 377
453 454 455
453 455 456
457 458 459
457 459 460
461 462 463
461 463 464
434 433 461
434 461 464
465 466 456
465 456 455
467 466 465
467 465 468
469 470 468
471 472 459
473 457 460
473 460 474
475 435 476
477 475 476
477 476 478
438 474 439
384 455 385
455 384 465
387 390 469
479 431 385
479 385 454
480 432 431
480 431 479
472 403 402
460 459 402
460 402 439
481 479 454
481 454 453
479 481 482
479 482 480
462 461 480
462 480 482
432 480 461
432 461 433
483 484 438
483 438 441
485 473 474
485 474 484
486 485 484
486 484 483
474 438 484
475 483 441
475 441 435
475 477 486
475 486 483
464 463 478
464 478 476
487 488 489
487 489 490
491 492 493
494 495 496
494 496 497
498 497 496
499 500 501
502 503 504
505 506 507
508 495 494
508 494 509
510 511 512
510 512 513
514 512 511
514 511 515
505 487 490
505 490 506
516 517 518
516 518 519
515 520 493
515 493 514
519 518 521
522 523 517
522 517 516
387 468 465
387 465 384
434 464 476
462 495 508
462 508 463
466 505 524
466 524 456
488 487 467
488 467 470
471 458 492
512 514 457
512 457 473
478 522 516
478 516 477
477 516 519
477 519 486
496 482 481
496 481 500
500 481 453
500 453 503
503 453 456
503 456 524
473 485 513
473 513 512
466 467 487
466 487 505
522 478 463
522 463 508
458 457 514
458 514 493
485 486 519
485 519 513
495 462 482
495 482 496
525 526 527
525 527 528
529 530 531
529 531 532
533 534 535
533 535 536
534 537 538
534 538 535
539 540 541
539 541 542
543 544 545
543 545 546
547 548 549
547 549 550
551 552 553
551 553 554
555 556 553
555 553 552
557 551 554
557 554 558
559 560 561
559 561 562
562 561 540
562 540 539
563 528 527
563 527 564
565 566 567
565 567 568
559 565 568
559 568 560
569 570 571
569 571 572
570 573 574
570 574 571
573 575 576
573 576 574
577 578 579
577 579 580
578 577 581
578 581 582
583 584 582
583 582 581
533 536 567
533 567 566
513 521 510
519 521 513
439 474 460
557 558 538
557 538 537
523 522 508
523 508 509
543 546 531
543 531 530
504 503 524
504 524 585
547 529 532
547 532 548
550 549 556
550 556 555
501 503 502
501 500 503
498 500 499
498 496 500
563 564 545
563 545 544
524 507 585
505 507 524
385 455 454
471 459 458
468 470 467
387 469 468
472 402 459
491 493 520
492 458 493
361 370 374
374 370 444
423 376 586
444 446 449
329 290 289
329 289 587
587 289 360
587 360 452
588 589 590
588 590 591
592 593 594
592 594 595
596 597 598
596 598 599
600 601 589
600 589 602
589 588 603
589 603 602
588 595 604
588 604 603
595 588 591
595 591 592
605 606 607
605 607 608
600 609 601
610 604 595
610 595 594
611 612 613
611 613 614
599 598 612
599 612 611
615 616 605
615 605 608
604 610 617
604 617 618
619 596 599
619 599 620
599 611 621
599 621 620
621 611 614
621 614 622
600 623 624
600 624 625
602 626 623
602 623 600
602 603 627
602 627 626
618 627 603
618 603 604
609 614 613
624 622 614
624 614 625
628 629 630
628 630 615
616 615 630
616 630 631
589 601 632
589 632 590
632 609 633
634 613 612
634 612 635
609 634 633
636 635 612
636 612 598
596 619 629
596 629 628
637 638 639
628 638 597
628 597 596
608 607 639
608 639 638
628 615 608
628 608 638
640 597 637
638 637 597
598 597 640
636 598 640
600 625 609
609 625 614
632 601 609
609 613 634
641 642 643
641 643 644
645 646 647
645 647 648
649 650 651
649 651 652
635 650 649
635 649 634
653 643 642
653 642 654
655 656 653
655 653 654
657 656 658
659 647 660
661 662 646
661 646 645
663 664 636
665 666 664
665 664 663
637 639 662
591 590 643
643 653 591
592 657 593
667 644 590
667 590 632
668 667 632
668 632 633
660 607 606
646 639 607
646 607 647
669 641 644
669 644 667
667 668 670
667 670 669
652 670 668
652 668 649
633 634 649
633 649 668
671 640 637
671 637 672
673 672 662
673 662 661
674 671 672
674 672 673
662 672 637
663 636 640
663 640 671
663 671 674
663 674 665
650 664 666
650 666 651
675 676 677
675 677 678
679 680 681
682 683 684
682 684 685
686 684 683
687 688 689
690 691 692
693 694 695
685 696 697
685 697 682
698 699 700
698 700 701
702 703 701
702 701 700
693 695 676
693 676 675
704 705 706
704 706 707
703 702 680
703 680 708
705 709 706
710 704 707
710 707 711
592 591 653
592 653 656
635 636 664
652 651 696
652 696 685
654 642 712
654 712 693
678 658 655
678 655 675
659 681 648
700 661 645
700 645 702
666 665 704
666 704 710
665 674 705
665 705 704
684 689 669
684 669 670
689 692 641
689 641 669
692 712 642
692 642 641
661 700 699
661 699 673
654 693 675
654 675 655
710 696 651
710 651 666
648 680 702
648 702 645
673 699 705
673 705 674
685 684 670
685 670 652
713 714 715
713 715 716
717 718 719
717 719 720
721 722 723
721 723 724
724 723 725
724 725 726
727 728 729
727 729 730
731 732 733
731 733 734
735 736 737
735 737 738
739 740 741
739 741 742
743 742 741
743 741 744
739 745 746
739 746 740
747 748 749
747 749 750
748 727 730
748 730 749
751 752 715
751 715 714
753 754 755
753 755 756
747 750 754
747 754 753
757 758 759
757 759 760
760 759 761
760 761 762
762 761 763
762 763 764
765 766 767
765 767 768
768 769 770
768 770 765
771 770 769
771 769 772
721 756 755
721 755 722
699 698 709
705 699 709
639 646 662
745 726 725
745 725 746
711 697 696
711 696 710
731 720 719
731 719 732
691 712 692
691 773 712
735 738 718
735 718 717
736 743 744
736 744 737
688 690 692
688 692 689
686 687 689
686 689 684
751 734 733
751 733 752
712 773 694
693 712 694
590 644 643
659 648 647
656 655 658
592 656 657
660 647 607
679 708 680
681 680 648
774 775 776
775 777 778
775 778 776
779 780 781
778 777 779
778 779 781
782 783 784
782 784 785
786 787 788
786 788 789
790 791 792
793 794 795
793 795 796
797 798 783
797 783 782
799 800 801
799 801 802
803 804 805
803 805 806
807 808 806
807 806 805
809 810 804
809 804 803
810 809 811
810 811 812
813 814 815
813 815 816
817 818 819
817 819 820
820 819 821
820 821 822
823 824 825
823 825 826
827 828 823
827 823 826
829 830 831
829 831 832
806 833 834
806 834 803
833 806 808
833 808 835
836 837 838
836 838 839
813 816 840
813 840 841
842 843 844
842 844 845
803 834 846
803 846 809
847 811 809
847 809 846
848 849 850
848 850 851
832 831 852
832 852 853
854 844 843
854 843 855
854 855 856
854 856 857
858 859 842
858 842 845
860 861 851
860 851 850
862 863 864
819 788 787
819 787 821
865 866 825
865 825 824
853 852 867
853 867 868
798 869 870
798 870 783
865 797 871
865 871 818
818 817 866
818 866 865
868 867 849
868 849 848
872 801 800
872 800 873
828 827 874
828 874 875
876 877 830
876 830 829
799 875 878
799 878 879
880 878 875
880 875 874
881 882 877
881 877 876
814 813 883
814 883 884
883 813 841
883 841 885
839 886 887
839 887 836
833 855 843
833 843 834
843 842 846
843 846 834
847 846 842
847 842 859
822 860 850
822 850 820
820 850 849
820 849 817
817 849 867
817 867 866
866 867 852
866 852 825
825 852 831
825 831 826
826 831 830
826 830 827
877 874 827
877 827 830
882 880 874
882 874 877
841 840 837
841 837 836
885 841 836
885 836 887
888 856 835
888 835 889
835 856 855
835 855 833
890 891 892
893 894 895
893 895 896
808 807 897
808 897 898
835 808 898
835 898 889
856 888 899
856 899 857
900 893 896
884 883 898
884 898 897
889 898 883
889 883 885
887 888 889
887 889 885
887 886 899
887 899 888
901 902 895
901 895 894
811 847 822
811 822 821
861 860 859
861 859 858
860 822 847
860 847 859
812 811 821
812 821 787
786 796 812
786 812 787
903 894 893
903 893 904
905 906 907
905 907 908
909 814 884
909 884 910
911 904 912
911 912 910
913 903 904
913 904 911
914 915 903
914 903 913
916 917 915
916 915 914
795 794 917
795 917 916
918 815 814
918 814 909
800 799 879
800 879 919
920 921 922
920 922 923
924 925 802
924 802 801
926 925 924
926 924 869
798 797 865
798 865 824
818 871 788
818 788 819
796 795 810
796 810 812
796 786 927
796 927 793
897 911 910
897 910 884
807 913 911
807 911 897
913 807 805
913 805 914
804 916 914
804 914 805
916 804 810
916 810 795
928 909 910
928 910 912
929 918 909
929 909 928
873 800 919
873 919 930
931 788 871
862 871 797
862 797 782
932 933 872
924 801 872
924 872 892
934 864 863
935 905 908
935 908 936
783 870 937
783 937 784
863 862 782
863 782 785
788 931 789
869 924 892
869 892 870
932 872 873
938 928 912
929 928 939
928 938 939
900 940 941
904 893 941
904 941 912
942 943 944
942 944 945
946 947 948
946 948 949
950 951 952
950 952 953
947 954 955
947 955 956
957 958 959
957 959 960
961 957 960
961 960 962
960 963 964
960 964 962
959 965 963
959 963 960
966 964 963
966 963 967
968 969 970
968 970 971
972 971 957
972 957 961
973 974 966
973 966 967
973 967 975
973 975 976
977 978 979
977 979 980
981 980 979
981 979 982
956 983 948
956 948 947
965 959 954
965 954 984
985 986 987
985 987 988
989 990 943
989 943 942
991 992 993
991 993 994
995 996 997
995 997 998
999 1000 1001
999 1001 1002
1003 1004 1005
1003 1005 1006
1007 1008 1009
1007 1009 1010
1011 1012 1013
1011 1013 1014
1015 1016 1017
1015 1017 1018
1019 1020 1021
1019 1021 1022
1023 1024 1025
1023 1025 1026
1005 1004 1027
1005 1027 1028
1029 1030 1020
1029 1020 1019
1031 1032 1016
1031 1016 1015
1000 999 1033
1000 1033 1034
993 1035 1036
993 1036 994
1022 1017 1016
1022 1016 1019
1023 1011 1014
1023 1014 1024
1019 1016 1032
1019 1032 1029
987 978 977
987 977 988
984 946 1037
984 1037 1038
1039 1040 992
1039 992 1041
1042 1038 1037
1042 1037 1043
994 1032 1031
994 1031 991
1036 1035 1044
1036 1044 1045
985 1046 1047
985 1047 986
1015 1000 1034
1015 1034 1031
1000 1015 1018
1000 1018 1001
995 1013 1012
995 1012 996
954 959 958
954 958 955
947 946 984
947 984 954
969 952 951
969 951 970
975 965 984
975 984 1038
1038 945 976
1038 976 975
1040 949 948
1040 948 1048
948 983 1049
948 1049 1048
1041 992 991
1041 991 989
953 1045 1044
953 1044 950
992 1040 1048
992 1048 993
1048 1049 1035
1048 1035 993
1049 1050 1044
1049 1044 1035
1041 989 942
1041 942 1042
1042 942 945
1042 945 1038
983 1051 1050
983 1050 1049
950 1051 1052
950 1052 951
955 951 1052
955 1052 956
955 958 970
955 970 951
958 957 971
958 971 970
967 963 965
967 965 975
971 972 1053
971 1053 968
987 986 953
987 953 952
969 968 979
969 979 978
968 1053 982
968 982 979
1021 1020 1004
1021 1004 1003
1009 1008 1026
1009 1026 1025
1004 1020 1030
1004 1030 1027
1027 1030 1045
1027 1045 1047
952 969 978
952 978 987
953 986 1047
953 1047 1045
1054 976 945
1054 945 944
973 976 1054
973 1054 1055
974 973 1055
974 1055 1056
983 956 1052
983 1052 1051
1037 946 949
1037 949 1043
1039 1043 949
1039 949 1040
950 1044 1050
950 1050 1051
1039 1041 1042
1039 1042 1043
989 1034 1033
989 1033 990
1034 989 991
1034 991 1031
1036 1045 1030
1036 1030 1029
1027 1047 1046
1027 1046 1028
994 1036 1029
994 1029 1032
974 1057 1058
974 1058 966
1058 1059 964
1058 964 966
1059 1060 962
1059 962 964
1061 961 962
1061 962 1060
1062 981 982
1062 982 1063
1064 886 839
1064 839 1063
1062 1063 839
1062 839 838
845 1058 1057
845 1057 858
845 844 1059
845 1059 1058
1060 1059 844
1060 844 854
1061 1060 854
1061 854 857
899 1065 1061
899 1061 857
961 1061 1065
961 1065 972
886 1064 1065
886 1065 899
972 1065 1064
972 1064 1053
1053 1064 1063
1053 1063 982
1066 861 858
1066 858 1057
1056 1066 1057
1056 1057 974
1067 920 923
1067 923 1068
926 869 798
926 798 824
828 802 925
828 925 823
875 799 802
875 802 828
926 824 823
926 823 925
1069 1070 1071
1069 1071 1072
1073 944 943
1073 943 1074
1075 1071 1070
1075 1070 1076
1077 1078 1079
1077 1079 1080
1081 1082 1083
1081 1083 1084
1056 1055 1085
1056 1085 1086
1054 1087 1085
1054 1085 1055
1088 1089 1090
1088 1090 1091
1092 1093 1090
1092 1090 1094
1095 1096 1097
1095 1097 1098
1091 1090 1093
1091 1093 1099
1100 1101 1102
1100 1102 1103
1103 1104 1105
1103 1105 1100
943 990 1106
943 1106 1074
1107 1078 1074
1107 1074 1106
1108 1083 1082
1108 1082 1109
1108 1110 1069
1108 1069 1083
1111 1112 1076
1111 1076 1070
1113 1114 1115
1113 1115 1116
1117 1118 1119
1117 1119 1120
1121 1122 1123
1121 1123 1124
1125 1126 1127
1125 1127 1128
1129 1130 1116
1129 1116 1115
1119 1131 1132
1119 1132 1120
1123 1122 998
1123 998 997
1002 1128 1127
1002 1127 999
1130 1129 1133
1130 1133 1134
1135 1132 1131
1135 1131 1136
1134 1137 1138
1134 1138 1130
1139 1116 1130
1139 1130 1138
1116 1139 1140
1116 1140 1113
1126 1141 1142
1126 1142 1127
999 1127 1142
999 1142 1033
1143 1144 1110
1143 1110 1108
1099 1072 1071
1099 1071 1091
1080 1079 1082
1080 1082 1081
1109 1082 1079
1109 1079 1145
1103 1102 1146
1103 1146 1097
1104 1103 1097
1104 1097 1096
1121 1124 1118
1121 1118 1117
1114 1113 1126
1114 1126 1125
1141 1126 1113
1141 1113 1140
1146 1147 1098
1146 1098 1097
1085 1098 1147
1085 1147 1086
1087 1095 1098
1087 1098 1085
1095 1087 1073
1095 1073 1077
1078 1077 1073
1078 1073 1074
1094 1090 1089
1094 1089 1148
1087 1054 944
1087 944 1073
1091 1071 1075
1091 1075 1088
1080 1096 1095
1080 1095 1077
1104 1081 1084
1104 1084 1105
1081 1104 1096
1081 1096 1080
1101 1100 1093
1101 1093 1092
1099 1093 1100
1099 1100 1105
1072 1099 1105
1072 1105 1084
1072 1084 1083
1072 1083 1069
1145 1079 1078
1145 1078 1107
1142 1106 990
1142 990 1033
1107 1149 1150
1107 1150 1145
1143 1108 1109
1143 1109 1151
1112 1111 1138
1112 1138 1137
1151 1109 1145
1151 1145 1150
1152 1066 1056
1152 1056 1086
1153 1152 1086
1153 1086 1147
1101 1154 1155
1101 1155 1102
1092 1156 1154
1092 1154 1101
1157 1146 1102
1157 1102 1155
1147 1146 1157
1147 1157 1153
1094 1158 1156
1094 1156 1092
1158 1094 1148
1158 1148 1159
1159 881 876
1159 876 1158
829 1156 1158
829 1158 876
1156 829 832
1156 832 1154
1154 832 853
1154 853 1155
1155 853 868
1155 868 1157
848 1153 1157
848 1157 868
1153 848 851
1153 851 1152
861 1066 1152
861 1152 851
1149 1107 1106
1149 1106 1142
1140 1151 1150
1140 1150 1141
1139 1143 1151
1139 1151 1140
1144 1143 1139
1144 1139 1138
1111 1110 1144
1111 1144 1138
1070 1069 1110
1070 1110 1111
1149 1142 1141
1149 1141 1150
995 998 1002
995 1002 1001
1009 1003 1006
1009 1006 1010
1014 1013 1018
1014 1018 1017
1022 1021 1025
1022 1025 1024
1017 1022 1024
1017 1024 1014
1001 1018 1013
1001 1013 995
1025 1021 1003
1025 1003 1009
1120 1115 1114
1120 1114 1117
1128 1122 1121
1128 1121 1125
1132 1129 1115
1132 1115 1120
1002 998 1122
1002 1122 1128
1135 1133 1129
1135 1129 1132
1125 1121 1117
1125 1117 1114
1160 1161 1162
1160 1162 1163
1164 1165 1166
1164 1166 1167
1168 1169 1170
1168 1170 1171
1172 1173 1174
1172 1174 1175
1175 1169 1168
1175 1168 1172
1171 1170 1161
1171 1161 1160
1173 1166 1165
1173 1165 1174
996 1176 1177
996 1177 997
1012 1011 1178
1012 1178 1179
1180 1181 1023
1180 1023 1026
1182 1183 1008
1182 1008 1007
1184 1160 1163
1184 1163 1185
1167 1166 1186
1167 1186 1187
1188 1168 1171
1188 1171 1189
1190 1191 1173
1190 1173 1172
1181 1178 1011
1181 1011 1023
1188 1190 1172
1188 1172 1168
1185 1177 1176
1185 1176 1184
1189 1179 1178
1189 1178 1188
1181 1180 1191
1181 1191 1190
1183 1182 1187
1183 1187 1186
1178 1181 1190
1178 1190 1188
1176 996 1012
1176 1012 1179
1179 1189 1184
1179 1184 1176
1160 1184 1189
1160 1189 1171
1026 1008 1183
1026 1183 1180
1166 1173 1191
1166 1191 1186
1180 1183 1186
1180 1186 1191
1161 1192 1193
1161 1193 1162
1165 1164 1194
1165 1194 1195
1196 1170 1169
1196 1169 1197
1197 1169 1175
1197 1175 1198
1199 1198 1175
1199 1175 1174
1192 1161 1170
1192 1170 1196
1174 1165 1195
1174 1195 1199
1200 1201 1202
1200 1202 1203
1204 1205 1206
1204 1206 1207
1203 1208 1209
1203 1209 1200
1163 1162 1207
1163 1207 1206
1210 1209 1208
1210 1208 1211
1202 1201 1205
1202 1205 1204
1212 1123 997
1212 997 1177
1212 1213 1124
1212 1124 1123
1119 1118 1214
1119 1214 1215
1215 1216 1131
1215 1131 1119
1136 1131 1216
1136 1216 1217
1201 1200 1218
1201 1218 1219
1220 1206 1205
1220 1205 1221
1200 1209 1222
1200 1222 1218
1206 1220 1185
1206 1185 1163
1209 1210 1223
1209 1223 1222
1177 1185 1220
1177 1220 1212
1213 1212 1220
1213 1220 1221
1219 1218 1215
1219 1215 1214
1216 1215 1218
1216 1218 1222
1217 1216 1222
1217 1222 1223
1214 1118 1124
1214 1124 1213
1219 1214 1213
1219 1213 1221
1205 1201 1219
1205 1219 1221
1197 1224 1225
1197 1225 1196
1226 1227 1203
1226 1203 1202
1162 1193 1228
1162 1228 1207
1198 1229 1224
1198 1224 1197
1230 1229 1198
1230 1198 1199
1231 1228 1232
1231 1232 1233
1211 1208 1234
1211 1234 1235
1208 1203 1227
1208 1227 1234
1204 1231 1226
1204 1226 1202
1196 1225 1236
1196 1236 1192
1237 1238 1236
1237 1236 1239
1240 1232 1238
1240 1238 1237
1241 1225 1224
1241 1224 1242
1233 1232 1240
1233 1240 1243
1244 1245 1246
1244 1246 1247
1248 1244 1247
1248 1247 1249
1250 1248 1249
1250 1249 1251
1252 1253 1254
1252 1254 1255
1224 1229 1256
1224 1256 1242
1229 1230 1257
1229 1257 1256
1239 1236 1225
1239 1225 1241
1243 1246 1245
1243 1245 1233
1227 1226 1245
1227 1245 1244
1228 1193 1238
1228 1238 1232
1192 1236 1238
1192 1238 1193
1195 1194 1253
1195 1253 1252
1199 1195 1252
1199 1252 1230
1231 1204 1207
1231 1207 1228
1235 1234 1248
1235 1248 1250
1234 1227 1244
1234 1244 1248
1226 1231 1233
1226 1233 1245
1230 1252 1255
1230 1255 1257
1258 907 906
1258 906 1259
1068 1258 1259
1068 1259 1067
917 935 901
917 901 915
906 905 794
906 794 793
1259 906 793
1259 793 927
1067 1259 927
1067 927 1260
917 794 905
917 905 935
915 901 894
915 894 903
902 901 935
902 935 936
920 1067 1260
920 1260 1261
1260 927 786
1260 786 789
941 893 900
941 940 912
1261 1260 789
1261 789 931
1262 922 921
1262 921 1263
1264 1262 1263
1264 1263 1265
1266 1264 1265
1266 1265 792
1267 934 785
1267 785 784
1263 921 864
1263 864 934
921 920 1261
921 1261 864
792 1265 1267
792 1267 1268
1265 1263 934
1265 934 1267
933 1269 890
891 890 1269
891 1269 790
891 937 870
891 870 892
790 1268 937
790 937 891
1268 1267 784
1268 784 937
933 890 872
790 1269 791
792 791 1266
790 792 1268
864 1261 931
934 863 785
912 940 938
1270 1271 1272
1270 1272 1273
1274 1275 1276
1274 1276 1277
1278 1279 1280
1281 1282 1283
1281 1283 1284
1285 1270 1273
1285 1273 1286
1287 1288 1289
1287 1289 1290
1291 1292 1293
1291 1293 1294
1295 1293 1292
1295 1292 1296
1297 1291 1294
1297 1294 1298
1298 1299 1300
1298 1300 1297
1301 1302 1303
1301 1303 1304
1305 1306 1307
1305 1307 1308
1306 1309 1310
1306 1310 1307
1311 1312 1313
1311 1313 1314
1315 1312 1311
1315 1311 1316
1317 1318 1319
1317 1319 1320
1292 1291 1321
1292 1321 1322
1322 1323 1296
1322 1296 1292
1324 1325 1326
1324 1326 1327
1301 1328 1329
1301 1329 1302
1330 1331 1332
1330 1332 1333
1291 1297 1334
1291 1334 1321
1335 1334 1297
1335 1297 1300
1336 1337 1338
1336 1338 1339
1318 1340 1341
1318 1341 1319
1342 1343 1333
1342 1333 1332
1342 1344 1345
1342 1345 1343
1346 1331 1330
1346 1330 1347
1348 1338 1337
1348 1337 1349
1350 1351 1352
1307 1310 1277
1307 1277 1276
1353 1314 1313
1353 1313 1354
1340 1355 1356
1340 1356 1341
1286 1273 1357
1286 1357 1358
1353 1308 1359
1353 1359 1285
1308 1353 1354
1308 1354 1305
1355 1336 1339
1355 1339 1356
1360 1361 1290
1360 1290 1289
1316 1362 1363
1316 1363 1315
1364 1317 1320
1364 1320 1365
1287 1366 1367
1287 1367 1362
1368 1363 1362
1368 1362 1367
1369 1364 1365
1369 1365 1370
1304 1371 1372
1304 1372 1301
1372 1373 1328
1372 1328 1301
1325 1324 1374
1325 1374 1375
1322 1321 1333
1322 1333 1343
1333 1321 1334
1333 1334 1330
1335 1347 1330
1335 1330 1334
1309 1306 1338
1309 1338 1348
1306 1305 1339
1306 1339 1338
1305 1354 1356
1305 1356 1339
1354 1313 1341
1354 1341 1356
1313 1312 1319
1313 1319 1341
1312 1315 1320
1312 1320 1319
1365 1320 1315
1365 1315 1363
1370 1365 1363
1370 1363 1368
1328 1324 1327
1328 1327 1329
1373 1374 1324
1373 1324 1328
1376 1377 1323
1376 1323 1345
1323 1322 1343
1323 1343 1345
1378 1360 1379
1380 1381 1382
1380 1382 1383
1296 1384 1385
1296 1385 1295
1323 1377 1384
1323 1384 1296
1345 1344 1386
1345 1386 1376
1387 1381 1380
1371 1385 1384
1371 1384 1372
1377 1373 1372
1377 1372 1384
1374 1373 1377
1374 1377 1376
1374 1376 1386
1374 1386 1375
1388 1383 1382
1388 1382 1389
1300 1310 1309
1300 1309 1335
1349 1346 1347
1349 1347 1348
1348 1347 1335
1348 1335 1309
1299 1277 1310
1299 1310 1300
1274 1277 1299
1274 1299 1282
1390 1391 1380
1390 1380 1383
1392 1393 1394
1392 1394 1395
1396 1397 1371
1396 1371 1304
1398 1397 1399
1398 1399 1391
1400 1398 1391
1400 1391 1390
1401 1400 1390
1401 1390 1402
1403 1401 1402
1403 1402 1404
1283 1403 1404
1283 1404 1284
1405 1396 1304
1405 1304 1303
1290 1406 1366
1290 1366 1287
1407 1408 1409
1407 1409 1410
1411 1289 1288
1411 1288 1412
1413 1358 1411
1413 1411 1412
1286 1314 1353
1286 1353 1285
1308 1307 1276
1308 1276 1359
1282 1299 1298
1282 1298 1283
1282 1281 1414
1282 1414 1274
1385 1371 1397
1385 1397 1398
1295 1385 1398
1295 1398 1400
1400 1401 1293
1400 1293 1295
1294 1293 1401
1294 1401 1403
1403 1283 1298
1403 1298 1294
1415 1399 1397
1415 1397 1396
1416 1415 1396
1416 1396 1405
1361 1417 1406
1361 1406 1290
1351 1350 1359
1350 1270 1285
1350 1285 1359
1418 1360 1419
1411 1379 1360
1411 1360 1289
1420 1421 1352
1422 1423 1393
1422 1393 1392
1273 1272 1424
1273 1424 1357
1421 1271 1270
1421 1270 1350
1276 1275 1351
1358 1357 1379
1358 1379 1411
1418 1361 1360
1425 1399 1415
1416 1426 1415
1415 1426 1425
1387 1427 1428
1391 1399 1427
1391 1427 1380
1429 1430 1431
1429 1431 1432
1433 1434 1435
1433 1435 1436
1437 1438 1439
1437 1439 1440
1436 1441 1442
1436 1442 1443
1444 1445 1446
1444 1446 1447
1448 1449 1445
1448 1445 1444
1445 1449 1450
1445 1450 1451
1446 1445 1451
1446 1451 1452
1453 1454 1451
1453 1451 1450
1455 1456 1457
1455 1457 1458
1459 1448 1444
1459 1444 1456
1460 1454 1453
1460 1453 1461
1460 1462 1463
1460 1463 1454
1464 1465 1466
1464 1466 1467
1468 1469 1466
1468 1466 1465
1441 1436 1435
1441 1435 1470
1452 1471 1443
1452 1443 1446
1472 1473 1474
1472 1474 1475
1476 1429 1432
1476 1432 1477
1478 1479 1480
1478 1480 1481
1482 1483 1484
1482 1484 1485
1486 1487 1488
1486 1488 1489
1490 1491 1492
1490 1492 1493
1494 1495 1496
1494 1496 1497
1498 1499 1500
1498 1500 1501
1502 1503 1504
1502 1504 1505
1506 1507 1508
1506 1508 1509
1510 1511 1512
1510 1512 1513
1492 1514 1515
1492 1515 1493
1516 1506 1509
1516 1509 1517
1518 1502 1505
1518 1505 1519
1489 1520 1521
1489 1521 1486
1480 1479 1522
1480 1522 1523
1507 1506 1505
1507 1505 1504
1510 1513 1499
1510 1499 1498
1506 1516 1519
1506 1519 1505
1474 1473 1464
1474 1464 1467
1471 1524 1525
1471 1525 1433
1526 1527 1481
1526 1481 1528
1529 1530 1525
1529 1525 1524
1479 1478 1518
1479 1518 1519
1522 1531 1532
1522 1532 1523
1472 1475 1533
1472 1533 1534
1502 1518 1520
1502 1520 1489
1489 1488 1503
1489 1503 1502
1482 1485 1501
1482 1501 1500
1443 1442 1447
1443 1447 1446
1436 1443 1471
1436 1471 1433
1458 1457 1440
1458 1440 1439
1463 1524 1471
1463 1471 1452
1524 1463 1462
1524 1462 1430
1528 1535 1435
1528 1435 1434
1435 1535 1536
1435 1536 1470
1527 1476 1478
1527 1478 1481
1438 1437 1532
1438 1532 1531
1481 1480 1535
1481 1535 1528
1535 1480 1523
1535 1523 1536
1536 1523 1532
1536 1532 1537
1527 1529 1429
1527 1429 1476
1529 1524 1430
1529 1430 1429
1470 1536 1537
1470 1537 1538
1437 1440 1539
1437 1539 1538
1442 1441 1539
1442 1539 1440
1442 1440 1457
1442 1457 1447
1447 1457 1456
1447 1456 1444
1454 1463 1452
1454 1452 1451
1456 1455 1540
1456 1540 1459
1474 1439 1438
1474 1438 1475
1458 1467 1466
1458 1466 1455
1455 1466 1469
1455 1469 1540
1508 1490 1493
1508 1493 1509
1496 1512 1511
1496 1511 1497
1493 1515 1517
1493 1517 1509
1515 1533 1531
1515 1531 1517
1439 1474 1467
1439 1467 1458
1438 1531 1533
1438 1533 1475
1541 1431 1430
1541 1430 1462
1460 1542 1541
1460 1541 1462
1461 1543 1542
1461 1542 1460
1470 1538 1539
1470 1539 1441
1525 1530 1434
1525 1434 1433
1526 1528 1434
1526 1434 1530
1437 1538 1537
1437 1537 1532
1526 1530 1529
1526 1529 1527
1476 1477 1521
1476 1521 1520
1520 1518 1478
1520 1478 1476
1522 1516 1517
1522 1517 1531
1515 1514 1534
1515 1534 1533
1479 1519 1516
1479 1516 1522
1461 1453 1544
1461 1544 1545
1544 1453 1450
1544 1450 1546
1546 1450 1449
1546 1449 1547
1548 1547 1449
1548 1449 1448
1549 1550 1469
1549 1469 1468
1551 1550 1325
1551 1325 1375
1549 1326 1325
1549 1325 1550
1331 1346 1545
1331 1545 1544
1331 1544 1546
1331 1546 1332
1547 1342 1332
1547 1332 1546
1548 1344 1342
1548 1342 1547
1386 1344 1548
1386 1548 1552
1448 1459 1552
1448 1552 1548
1375 1386 1552
1375 1552 1551
1459 1540 1551
1459 1551 1552
1540 1469 1550
1540 1550 1551
1553 1545 1346
1553 1346 1349
1543 1461 1545
1543 1545 1553
1554 1555 1408
1554 1408 1407
1413 1314 1286
1413 1286 1358
1316 1311 1412
1316 1412 1288
1362 1316 1288
1362 1288 1287
1413 1412 1311
1413 1311 1314
1556 1557 1558
1556 1558 1559
1560 1561 1432
1560 1432 1431
1562 1563 1559
1562 1559 1558
1564 1565 1566
1564 1566 1567
1568 1569 1570
1568 1570 1571
1543 1572 1573
1543 1573 1542
1541 1542 1573
1541 1573 1574
1575 1576 1577
1575 1577 1578
1579 1580 1577
1579 1577 1581
1582 1583 1584
1582 1584 1585
1576 1586 1581
1576 1581 1577
1587 1588 1589
1587 1589 1590
1588 1587 1591
1588 1591 1592
1432 1561 1593
1432 1593 1477
1594 1593 1561
1594 1561 1567
1595 1596 1571
1595 1571 1570
1595 1570 1556
1595 1556 1597
1598 1559 1563
1598 1563 1599
1600 1601 1602
1600 1602 1603
1604 1605 1606
1604 1606 1607
1608 1609 1610
1608 1610 1611
1612 1613 1614
1612 1614 1615
1616 1602 1601
1616 1601 1617
1606 1605 1618
1606 1618 1619
1610 1484 1483
1610 1483 1611
1487 1486 1614
1487 1614 1613
1617 1620 1621
1617 1621 1616
1622 1623 1619
1622 1619 1618
1620 1617 1624
1620 1624 1625
1626 1624 1617
1626 1617 1601
1601 1600 1627
1601 1627 1626
1615 1614 1628
1615 1628 1629
1486 1521 1628
1486 1628 1614
1630 1595 1597
1630 1597 1631
1586 1576 1558
1586 1558 1557
1565 1568 1571
1565 1571 1566
1596 1632 1566
1596 1566 1571
1588 1584 1633
1588 1633 1589
1592 1585 1584
1592 1584 1588
1608 1604 1607
1608 1607 1609
1603 1612 1615
1603 1615 1600
1629 1627 1600
1629 1600 1615
1633 1584 1583
1633 1583 1634
1573 1572 1634
1573 1634 1583
1574 1573 1583
1574 1583 1582
1582 1564 1560
1582 1560 1574
1567 1561 1560
1567 1560 1564
1580 1635 1578
1580 1578 1577
1574 1560 1431
1574 1431 1541
1576 1575 1562
1576 1562 1558
1565 1564 1582
1565 1582 1585
1592 1591 1569
1592 1569 1568
1568 1565 1585
1568 1585 1592
1590 1579 1581
1590 1581 1587
1586 1591 1587
1586 1587 1581
1557 1569 1591
1557 1591 1586
1557 1556 1570
1557 1570 1569
1632 1594 1567
1632 1567 1566
1628 1521 1477
1628 1477 1593
1594 1632 1636
1594 1636 1637
1630 1638 1596
1630 1596 1595
1599 1625 1624
1599 1624 1598
1638 1636 1632
1638 1632 1596
1639 1572 1543
1639 1543 1553
1640 1634 1572
1640 1572 1639
1590 1589 1641
1590 1641 1642
1579 1590 1642
1579 1642 1643
1644 1641 1589
1644 1589 1633
1634 1640 1644
1634 1644 1633
1580 1579 1643
1580 1643 1645
1645 1646 1635
1645 1635 1580
1646 1645 1364
1646 1364 1369
1317 1364 1645
1317 1645 1643
1643 1642 1318
1643 1318 1317
1642 1641 1340
1642 1340 1318
1641 1644 1355
1641 1355 1340
1336 1355 1644
1336 1644 1640
1640 1639 1337
1640 1337 1336
1349 1337 1639
1349 1639 1553
1637 1628 1593
1637 1593 1594
1627 1629 1636
1627 1636 1638
1626 1627 1638
1626 1638 1630
1631 1624 1626
1631 1626 1630
1598 1624 1631
1598 1631 1597
1559 1598 1597
1559 1597 1556
1637 1636 1629
1637 1629 1628
1482 1488 1487
1482 1487 1483
1496 1495 1491
1496 1491 1490
1499 1504 1503
1499 1503 1500
1507 1513 1512
1507 1512 1508
1504 1499 1513
1504 1513 1507
1488 1482 1500
1488 1500 1503
1512 1496 1490
1512 1490 1508
1605 1604 1603
1605 1603 1602
1613 1612 1608
1613 1608 1611
1618 1605 1602
1618 1602 1616
1487 1613 1611
1487 1611 1483
1622 1618 1616
1622 1616 1621
1612 1603 1604
1612 1604 1608
1647 1648 1649
1647 1649 1650
1651 1652 1653
1651 1653 1654
1655 1656 1657
1655 1657 1658
1659 1660 1661
1659 1661 1662
1660 1659 1655
1660 1655 1658
1656 1647 1650
1656 1650 1657
1662 1661 1654
1662 1654 1653
1485 1484 1663
1485 1663 1664
1501 1665 1666
1501 1666 1498
1667 1511 1510
1667 1510 1668
1669 1494 1497
1669 1497 1670
1671 1672 1648
1671 1648 1647
1652 1673 1674
1652 1674 1653
1675 1676 1656
1675 1656 1655
1677 1659 1662
1677 1662 1678
1668 1510 1498
1668 1498 1666
1675 1655 1659
1675 1659 1677
1672 1671 1664
1672 1664 1663
1676 1675 1666
1676 1666 1665
1668 1677 1678
1668 1678 1667
1670 1674 1673
1670 1673 1669
1666 1675 1677
1666 1677 1668
1664 1665 1501
1664 1501 1485
1665 1664 1671
1665 1671 1676
1647 1656 1676
1647 1676 1671
1511 1667 1670
1511 1670 1497
1653 1674 1678
1653 1678 1662
1667 1678 1674
1667 1674 1670
1650 1649 1679
1650 1679 1680
1654 1681 1682
1654 1682 1651
1683 1684 1658
1683 1658 1657
1684 1685 1660
1684 1660 1658
1686 1661 1660
1686 1660 1685
1680 1683 1657
1680 1657 1650
1661 1686 1681
1661 1681 1654
1687 1688 1689
1687 1689 1690
1691 1692 1693
1691 1693 1694
1688 1687 1695
1688 1695 1696
1648 1693 1692
1648 1692 1649
1697 1698 1696
1697 1696 1695
1689 1691 1694
1689 1694 1690
1699 1663 1484
1699 1484 1610
1699 1610 1609
1699 1609 1700
1606 1701 1702
1606 1702 1607
1701 1606 1619
1701 1619 1703
1623 1704 1703
1623 1703 1619
1690 1705 1706
1690 1706 1687
1707 1708 1694
1707 1694 1693
1687 1706 1709
1687 1709 1695
1693 1648 1672
1693 1672 1707
1695 1709 1710
1695 1710 1697
1663 1699 1707
1663 1707 1672
1700 1708 1707
1700 1707 1699
1705 1702 1701
1705 1701 1706
1703 1709 1706
1703 1706 1701
1704 1710 1709
1704 1709 1703
1702 1700 1609
1702 1609 1607
1705 1708 1700
1705 1700 1702
1694 1708 1705
1694 1705 1690
1684 1683 1711
1684 1711 1712
1713 1689 1688
1713 1688 1714
1649 1692 1715
1649 1715 1679
1685 1684 1712
1685 1712 1716
1717 1686 1685
1717 1685 1716
1718 1719 1720
1718 1720 1715
1698 1721 1722
1698 1722 1696
1696 1722 1714
1696 1714 1688
1691 1689 1713
1691 1713 1718
1683 1680 1723
1683 1723 1711
1724 1725 1723
1724 1723 1726
1727 1724 1726
1727 1726 1720
1728 1729 1712
1728 1712 1711
1719 1730 1727
1719 1727 1720
1731 1732 1733
1731 1733 1734
1735 1736 1732
1735 1732 1731
1737 1738 1736
1737 1736 1735
1739 1740 1741
1739 1741 1742
1712 1729 1743
1712 1743 1716
1716 1743 1744
1716 1744 1717
1725 1728 1711
1725 1711 1723
1730 1719 1734
1730 1734 1733
1714 1731 1734
1714 1734 1713
1715 1720 1726
1715 1726 1679
1680 1679 1726
1680 1726 1723
1681 1739 1742
1681 1742 1682
1686 1717 1739
1686 1739 1681
1718 1715 1692
1718 1692 1691
1721 1737 1735
1721 1735 1722
1722 1735 1731
1722 1731 1714
1713 1734 1719
1713 1719 1718
1717 1744 1740
1717 1740 1739
1745 1746 1395
1745 1395 1394
1555 1554 1746
1555 1746 1745
1404 1402 1388
1404 1388 1422
1395 1281 1284
1395 1284 1392
1746 1414 1281
1746 1281 1395
1554 1747 1414
1554 1414 1746
1404 1422 1392
1404 1392 1284
1402 1390 1383
1402 1383 1388
1389 1423 1422
1389 1422 1388
1407 1748 1747
1407 1747 1554
1747 1275 1274
1747 1274 1414
1427 1387 1380
1427 1399 1428
1748 1351 1275
1748 1275 1747
1749 1750 1410
1749 1410 1409
1751 1752 1750
1751 1750 1749
1753 1279 1752
1753 1752 1751
1754 1272 1271
1754 1271 1420
1750 1420 1352
1750 1352 1410
1410 1352 1748
1410 1748 1407
1279 1755 1754
1279 1754 1752
1752 1754 1420
1752 1420 1750
1419 1378 1756
1757 1278 1756
1757 1756 1378
1757 1379 1357
1757 1357 1424
1278 1757 1424
1278 1424 1755
1755 1424 1272
1755 1272 1754
1419 1360 1378
1278 1280 1756
1279 1753 1280
1278 1755 1279
1352 1351 1748
1420 1271 1421
1399 1425 1428
1758 1759 1760
1761 1759 1762
1762 1759 1763
1763 1759 1758
1764 1765 1766
1767 1765 1768
1769 1765 1767
1766 1765 1769
1764 1766 1770
1764 1770 1771
1772 1767 1768
1772 1768 1773
1774 1769 1767
1774 1767 1772
1774 1770 1766
1770 1758 1760
1770 1760 1771
1761 1762 1772
1761 1772 1773
1762 1763 1774
1762 1774 1772
1770 1774 1763
1770 1763 1758
1774 1766 1769
1775 1776 1777
1778 1779 1780
1780 1779 1781
1782 1776 1775
1783 1784 1785
1786 1787 1788
1789 1787 1786
1785 1784 1790
1783 1785 1791
1783 1791 1792
1793 1786 1788
1793 1788 1794
1795 1789 1786
1795 1786 1793
1791 1785 1790
1791 1790 1796
1791 1775 1777
1791 1777 1792
1778 1780 1793
1778 1793 1794
1793 1780 1781
1793 1781 1795
1796 1782 1775
1796 1775 1791
1797 1798 1799
1800 1801 1802
1800 1802 1803
1797 1804 1805
1797 1806 1804
1807 1797 1799
1807 1799 1808
1809 1810 1811
1809 1811 1812
1802 1813 1803
1800 1803 1814
1797 1812 1806
1807 1815 1816
1797 1817 1812
1803 1818 1819
1803 1819 1820
1814 1803 1820
1800 1821 1822
1801 1823 1824
1801 1824 1802
1799 1798 1825
1799 1825 1826
1827 1828 1829
1827 1829 1830
1831 1832 1833
1831 1833 1834
1804 1806 1835
1804 1835 1836
1815 1837 1838
1815 1838 1816
1839 1840 1841
1839 1841 1842
1843 1813 1844
1843 1844 1845
1846 1847 1848
1846 1848 1849
1813 1802 1824
1813 1824 1844
1843 1845 1850
1843 1850 1851
1797 1805 1798
1852 1827 1830
1852 1830 1853
1807 1808 1815
1854 1855 1856
1857 1797 1807
1857 1807 1855
1808 1858 1859
1855 1854 1860
1855 1860 1857
1808 1799 1861
1808 1861 1858
1862 1809 1812
1862 1812 1817
1812 1811 1863
1864 1842 1841
1864 1841 1833
1801 1800 1816
1816 1838 1823
1816 1823 1801
1865 1866 1867
1868 1869 1870
1868 1870 1871
1865 1872 1873
1874 1865 1873
1866 1865 1875
1866 1875 1876
1877 1810 1809
1877 1809 1878
1870 1869 1879
1868 1814 1869
1865 1874 1878
1875 1868 1880
1865 1878 1881
1869 1820 1819
1869 1819 1882
1869 1814 1820
1868 1883 1884
1871 1870 1885
1871 1885 1886
1887 1867 1866
1887 1866 1888
1889 1890 1891
1889 1891 1892
1893 1894 1895
1893 1895 1896
1897 1874 1873
1897 1873 1898
1899 1880 1900
1899 1900 1901
1810 1877 1902
1810 1902 1903
1904 1879 1905
1904 1905 1906
1907 1849 1848
1907 1848 1908
1885 1870 1879
1885 1879 1904
1905 1907 1908
1905 1908 1906
1872 1865 1867
1892 1891 1909
1892 1909 1910
1875 1899 1876
1854 1856 1911
1912 1911 1875
1912 1875 1865
1913 1876 1899
1913 1899 1901
1911 1912 1860
1911 1860 1854
1876 1914 1915
1876 1915 1866
1878 1809 1862
1878 1862 1881
1878 1916 1877
1917 1918 1894
1917 1894 1893
1868 1884 1814
1871 1880 1868
1880 1871 1886
1880 1886 1900
1919 1920 1921
1919 1921 1922
1923 1924 1925
1923 1925 1926
1927 1928 1929
1927 1929 1930
1931 1926 1925
1931 1925 1932
1933 1934 1935
1933 1935 1936
1937 1938 1939
1937 1939 1940
1941 1942 1943
1941 1943 1944
1928 1933 1936
1928 1936 1929
1938 1945 1946
1938 1946 1939
1947 1948 1946
1947 1946 1945
1949 1927 1930
1949 1930 1950
1934 1951 1952
1934 1952 1935
1919 1931 1932
1919 1932 1920
1953 1954 1955
1953 1955 1956
1954 1957 1958
1954 1958 1955
1959 1949 1950
1959 1950 1960
1961 1962 1924
1961 1924 1923
1957 1959 1960
1957 1960 1958
1963 1964 1965
1963 1965 1966
1967 1968 1969
1967 1969 1970
1971 1972 1973
1971 1973 1974
1975 1976 1977
1975 1977 1978
1974 1973 1976
1974 1976 1975
1979 1980 1981
1979 1981 1982
1983 1984 1985
1983 1985 1986
1987 1988 1989
1987 1989 1990
1937 1940 1991
1937 1991 1992
1993 1994 1995
1993 1995 1996
1992 1991 1989
1992 1989 1988
1970 1969 1972
1970 1972 1971
1997 1982 1981
1997 1981 1998
1978 1977 1999
1978 1999 2000
1963 1966 1980
1963 1980 1979
2001 2002 1968
2001 1968 1967
2003 1997 1998
2003 1998 2004
2005 2006 2002
2005 2002 2001
2007 2008 2009
2010 2011 2012
2013 2011 2014
2012 2011 2015
2016 2011 2017
2018 2008 2019
2009 2008 2020
2017 2011 2013
2021 2008 2018
2020 2008 2021
2022 2023 2024
2025 2011 2016
2026 2008 2007
2027 2028 2011
2029 2011 2028
2024 2023 2030
2031 2023 2032
2030 2023 2033
2034 2008 2035
2036 2023 2037
2038 2039 2040
2041 2011 2042
2043 2011 2041
2044 2011 2045
2046 2011 2025
2047 2008 2048
2019 2008 2049
2048 2008 2034
2049 2008 2047
2037 2023 2038
2045 2011 2050
2042 2011 2046
2035 2008 2051
2052 2011 2053
2054 2023 2055
2056 2011 2052
1800 1814 1821
1815 1808 1859
1815 1859 1837
1876 1913 1914
1888 1866 1915
1799 1826 1861
1807 1816 1800
1875 1880 1899
1806 1812 1863
1878 1874 1916
1846 2057 2058
2059 2057 1846
2060 1907 2061
2060 2062 1907
2063 2064 2065
2063 2065 2066
2067 2068 2069
2067 2069 2070
2071 2072 2073
2071 2073 2074
2075 2076 2077
2075 2077 2078
2079 2080 2081
2079 2081 2082
2083 2084 2085
2083 2085 2086
2068 2067 2087
2068 2087 2088
2089 2080 2079
2089 2079 2090
2091 2085 2084
2091 2084 2092
2093 2094 2095
2093 2095 2096
2097 2098 2099
2097 2099 2100
2101 2102 2103
2101 2103 2104
2105 2106 2107
2105 2107 2108
2109 2110 2111
2109 2111 2112
2113 2114 2115
2113 2115 2116
2117 2118 2119
2117 2119 2120
2097 2100 2121
2097 2121 2122
2123 2124 2125
2123 2125 2126
2127 2128 2129
2127 2129 2130
2131 2132 2133
2131 2133 2134
2135 2136 2137
2135 2137 2138
2139 2140 2141
2139 2141 2142
2143 2144 2145
2143 2145 2146
2147 2148 2149
2147 2149 2150
2151 2152 2153
2151 2153 2154
2135 2132 2131
2135 2131 2136
2148 2147 2155
2148 2155 2156
2157 2158 2159
2157 2159 2160
2161 2162 2163
2161 2163 2164
2165 2166 2167
2165 2167 2168
2169 2170 2171
2169 2171 2172
2173 2174 2175
2173 2175 2176
2177 2178 2179
2177 2179 2180
2181 2182 2183
2181 2183 2184
2174 2173 2185
2174 2185 2186
2187 2188 2189
2187 2189 2190
2191 2192 2193
2191 2193 2194
2195 2180 2179
2195 2179 2196
2197 2198 2199
2197 2199 2200
2201 2202 2110
2201 2110 2109
2143 2203 2204
2143 2204 2144
2163 2205 2206
2163 2206 2164
2200 2207 2208
2200 2208 2197
2209 2210 2211
2209 2211 2212
2213 2214 2215
2213 2215 2216
2217 2218 2129
2217 2129 2128
2219 2220 2221
2219 2221 2222
2223 2224 2225
2223 2225 2226
2227 2089 2090
2227 2090 2228
2124 2113 2116
2124 2116 2125
2156 2155 2160
2156 2160 2159
2178 2177 2229
2178 2229 2230
2231 2072 2071
2231 2071 2232
2142 2141 2233
2142 2233 2234
2187 2190 2235
2187 2235 2236
2106 2237 2238
2106 2238 2107
2228 2091 2092
2228 2092 2227
2126 2127 2130
2126 2130 2123
2153 2152 2158
2153 2158 2157
2226 2195 2196
2226 2196 2223
2231 2232 2070
2231 2070 2069
2104 2099 2098
2104 2098 2101
2138 2137 2234
2138 2234 2233
2236 2235 2186
2236 2186 2185
2108 2103 2102
2108 2102 2105
2073 2239 2240
2073 2240 2074
2241 2242 2140
2241 2140 2139
2188 2243 2244
2188 2244 2189
2239 2076 2075
2239 2075 2240
2146 2145 2242
2146 2242 2241
2243 2191 2194
2243 2194 2244
2245 2238 2237
2245 2237 2246
2198 2078 2077
2198 2077 2199
2202 2201 2245
2202 2245 2246
2206 2205 2193
2206 2193 2192
2203 2209 2212
2203 2212 2204
2208 2207 2213
2208 2213 2216
2112 2111 2118
2112 2118 2117
2210 2219 2222
2210 2222 2211
2162 2161 2171
2162 2171 2170
2215 2214 2083
2215 2083 2086
2120 2119 2218
2120 2218 2217
2220 2151 2154
2220 2154 2221
2225 2224 2169
2225 2169 2172
2247 2248 2249
2247 2249 2250
2251 2252 2253
2251 2253 2254
2255 2256 2257
2255 2257 2258
2229 2259 2260
2229 2260 2230
2248 2082 2081
2248 2081 2261
2262 2115 2114
2262 2114 2263
2150 2149 2256
2150 2256 2264
2259 2168 2265
2259 2265 2260
2266 2267 2268
2266 2268 2269
2270 2271 2272
2270 2272 2273
2274 2275 2276
2274 2276 2277
2278 2279 2280
2278 2280 2281
2282 2283 2284
2282 2284 2285
2286 2287 2288
2286 2288 2289
2290 2291 2292
2290 2292 2293
2294 2295 2296
2294 2296 2297
2269 2268 2298
2269 2298 2299
2273 2272 2300
2273 2300 2301
2277 2276 2302
2277 2302 2303
2281 2280 2304
2281 2304 2305
2285 2284 2306
2285 2306 2307
2289 2288 2308
2289 2308 2309
2293 2292 2310
2293 2310 2311
2297 2296 2312
2297 2312 2313
2314 2315 2316
2317 2318 2319
2320 2321 2322
2320 2322 2323
2324 2325 2326
2327 2328 2329
2330 2331 2332
2333 2334 2335
2333 2335 2336
2337 2338 2339
2299 2300 2272
2299 2272 2269
2301 2340 2341
2301 2341 2273
2303 2304 2280
2303 2280 2277
2305 2306 2284
2305 2284 2281
2307 2308 2288
2307 2288 2285
2309 2310 2292
2309 2292 2289
2311 2312 2296
2311 2296 2293
2313 2298 2268
2313 2268 2297
2342 2343 2344
2342 2344 2345
2346 2347 2348
2346 2348 2349
2350 2351 2352
2350 2352 2353
2354 2355 2356
2354 2356 2357
2358 2359 2360
2358 2360 2361
2362 2363 2364
2362 2364 2365
2366 2367 2368
2366 2368 2369
2370 2371 2372
2370 2372 2373
2374 2375 2348
2374 2348 2345
2376 2377 2344
2376 2344 2373
2378 2379 2380
2378 2380 2369
2381 2382 2368
2381 2368 2365
2383 2384 2364
2383 2364 2361
2385 2386 2360
2385 2360 2357
2387 2388 2356
2387 2356 2353
2389 2390 2352
2389 2352 2349
2347 2342 2345
2347 2345 2348
2351 2346 2349
2351 2349 2352
2355 2350 2353
2355 2353 2356
2359 2354 2357
2359 2357 2360
2363 2358 2361
2363 2361 2364
2367 2362 2365
2367 2365 2368
2391 2366 2369
2391 2369 2380
2343 2370 2373
2343 2373 2344
2377 2374 2345
2377 2345 2344
2392 2376 2373
2392 2373 2372
2382 2378 2369
2382 2369 2368
2384 2381 2365
2384 2365 2364
2386 2383 2361
2386 2361 2360
2388 2385 2357
2388 2357 2356
2390 2387 2353
2390 2353 2352
2375 2389 2349
2375 2349 2348
2271 2266 2269
2271 2269 2272
2393 2270 2273
2393 2273 2341
2279 2274 2277
2279 2277 2280
2283 2278 2281
2283 2281 2284
2287 2282 2285
2287 2285 2288
2291 2286 2289
2291 2289 2292
2295 2290 2293
2295 2293 2296
2267 2294 2297
2267 2297 2268
2314 2316 2319
2314 2319 2318
2317 2319 2394
2317 2394 2395
2320 2323 2326
2320 2326 2325
2324 2326 2329
2324 2329 2328
2327 2329 2332
2327 2332 2331
2330 2332 2335
2330 2335 2334
2333 2336 2339
2333 2339 2338
2337 2339 2316
2337 2316 2315
2396 2397 2398
2396 2398 2399
2397 2400 2401
2397 2401 2398
2402 2396 2399
2402 2399 2403
2403 2404 2405
2403 2405 2402
2406 2407 2408
2406 2408 2409
2409 2408 2410
2409 2410 2411
2412 2413 2414
2412 2414 2415
2416 2417 2418
2419 2417 2420
2419 2420 2421
2415 2414 2407
2415 2407 2406
2422 2423 2424
2422 2424 2425
2426 2427 2428
2429 2427 2430
2429 2430 2431
2432 2433 2434
2432 2434 2435
2436 2434 2433
2436 2433 2437
2425 2432 2435
2425 2435 2422
2426 2428 2438
2426 2438 2423
2418 2417 2439
2419 2421 2440
2417 2419 2439
2419 2441 2442
2441 2419 2440
2416 2443 2444
2420 2417 2445
2417 2416 2446
2417 2446 2445
2447 2448 2449
2447 2449 2450
2448 2451 2452
2448 2452 2449
2412 2453 2454
2412 2454 2413
2455 2456 2457
2458 2421 2420
2458 2420 2459
2453 2447 2450
2453 2450 2454
2460 2461 2462
2460 2462 2463
2464 2465 2466
2430 2466 2467
2430 2467 2431
2468 2469 2470
2468 2470 2471
2472 2473 2469
2472 2469 2468
2471 2470 2463
2471 2463 2462
2464 2474 2465
2464 2461 2474
2457 2475 2459
2458 2476 2421
2459 2475 2458
2458 2477 2478
2478 2476 2458
2455 2479 2456
2480 2481 2421
2420 2482 2483
2459 2484 2455
2484 2459 2483
2485 2486 2487
2488 2487 2489
2490 2487 2488
2489 2487 2491
2491 2487 2492
2485 2487 2493
2493 2487 2494
2492 2487 2495
2487 2490 2496
2487 2497 2498
2487 2486 2497
2487 2498 2499
2487 2499 2500
2487 2496 2501
2495 2487 2502
2502 2487 2503
2504 2487 2505
2505 2487 2501
2506 2487 2504
2507 2487 2506
2494 2487 2507
2503 2487 2508
2508 2487 2509
2509 2487 2500
2510 2421 2481
2416 2418 2443
2446 2416 2444
2455 2457 2459
2455 2484 2479
2466 2465 2467
2428 2427 2429
2423 2438 2424
2474 2461 2460
2440 2421 2510
2421 2476 2480
2458 2475 2477
2439 2419 2442
2511 2512 2513
2511 2513 2514
2515 2514 2513
2515 2513 2516
2515 2516 2517
2515 2517 2518
2518 2517 2519
2518 2519 2520
2521 2520 2519
2521 2519 2522
2523 2521 2522
2523 2522 2524
2525 2523 2524
2525 2524 2526
2527 2525 2526
2527 2526 2528
2529 2527 2528
2529 2528 2530
2531 2529 2530
2531 2530 2532
2531 2532 2533
2531 2533 2534
2534 2533 2535
2534 2535 2536
2511 2537 2538
2511 2538 2512
2539 2540 2511
2539 2511 2514
2515 2541 2539
2515 2539 2514
2518 2542 2541
2518 2541 2515
2520 2543 2542
2520 2542 2518
2544 2543 2520
2544 2520 2521
2545 2544 2521
2545 2521 2523
2546 2545 2523
2546 2523 2525
2547 2546 2525
2547 2525 2527
2548 2547 2527
2548 2527 2529
2549 2548 2529
2549 2529 2531
2550 2549 2531
2550 2531 2534
2536 2551 2550
2536 2550 2534
2552 2553 2551
2552 2551 2536
2554 2555 2556
2554 2556 2535
2557 2554 2535
2557 2535 2533
2558 2557 2533
2558 2533 2532
2530 2559 2558
2530 2558 2532
2528 2560 2559
2528 2559 2530
2526 2561 2560
2526 2560 2528
2524 2562 2561
2524 2561 2526
2522 2563 2562
2522 2562 2524
2564 2563 2522
2564 2522 2519
2565 2564 2519
2565 2519 2517
2566 2565 2517
2566 2517 2516
2567 2566 2516
2567 2516 2513
2512 2568 2567
2512 2567 2513
2538 2569 2568
2538 2568 2512
2570 2571 2569
2570 2569 2538
2572 2573 2571
2572 2571 2570
2574 2575 2576
2574 2576 2577
2578 2574 2577
2578 2577 2537
2540 2578 2537
2540 2537 2511
2579 2540 2539
2579 2539 2580
2580 2539 2541
2580 2541 2581
2581 2541 2542
2581 2542 2582
2582 2542 2543
2582 2543 2583
2583 2543 2544
2583 2544 2584
2544 2545 2585
2544 2585 2584
2545 2546 2586
2545 2586 2585
2546 2547 2587
2546 2587 2586
2547 2548 2588
2547 2588 2587
2588 2548 2549
2588 2549 2589
2549 2550 2590
2549 2590 2589
2550 2551 2591
2550 2591 2590
2574 2578 2592
2574 2592 2593
2578 2540 2579
2578 2579 2592
2591 2551 2553
2591 2553 2594
2575 2574 2593
2575 2593 2595
2596 2567 2568
2596 2568 2597
2566 2567 2596
2566 2596 2598
2565 2566 2598
2565 2598 2599
2564 2565 2599
2564 2599 2600
2563 2564 2600
2563 2600 2601
2602 2562 2563
2602 2563 2601
2603 2561 2562
2603 2562 2602
2604 2560 2561
2604 2561 2603
2605 2559 2560
2605 2560 2604
2558 2559 2605
2558 2605 2606
2557 2558 2606
2557 2606 2607
2555 2554 2608
2555 2608 2609
2608 2554 2557
2608 2557 2607
2610 2571 2573
2610 2573 2611
2612 2569 2571
2612 2571 2610
2597 2568 2569
2597 2569 2612
2577 2570 2538
2577 2538 2537
2613 2553 2552
2613 2552 2614
2555 2615 2616
2555 2616 2556
2617 2573 2572
2617 2572 2618
2619 2620 2576
2619 2576 2575
2613 2621 2594
2613 2594 2553
2619 2575 2595
2619 2595 2622
2615 2555 2609
2615 2609 2623
2617 2624 2611
2617 2611 2573
2572 2576 2620
2572 2620 2618
2617 2618 2620
2617 2620 2619
2624 2617 2619
2624 2619 2622
2614 2616 2615
2614 2615 2613
2621 2613 2615
2621 2615 2623
2556 2552 2536
2556 2536 2535
2625 2626 2627
2625 2627 2628
2625 2628 2629
2625 2629 2630
2631 2630 2629
2631 2629 2632
2633 2631 2632
2633 2632 2634
2635 2633 2634
2635 2634 2636
2637 2635 2636
2637 2636 2638
2639 2637 2638
2639 2638 2640
2641 2639 2640
2641 2640 2642
2643 2641 2642
2643 2642 2644
2645 2646 2647
2645 2647 2648
2649 2650 2651
2649 2651 2652
2653 2654 2655
2653 2655 2656
2645 2648 2657
2645 2657 2658
2659 2658 2657
2659 2657 2660
2659 2660 2661
2659 2661 2662
2662 2661 2663
2662 2663 2664
2665 2664 2663
2665 2663 2666
2667 2668 2669
2667 2669 2670
2671 2667 2670
2671 2670 2672
2673 2671 2672
2673 2672 2674
2675 2673 2674
2675 2674 2676
2649 2675 2676
2649 2676 2650
2677 2678 2679
2677 2679 2680
2681 2682 2683
2681 2683 2684
2681 2684 2685
2681 2685 2686
2686 2685 2669
2686 2669 2668
2687 2665 2666
2687 2666 2688
2689 2687 2688
2689 2688 2690
2689 2690 2691
2689 2691 2692
2693 2694 2695
2693 2695 2696
2695 2694 2697
2695 2697 2698
2699 2700 2701
2699 2701 2702
2698 2697 2703
2698 2703 2704
2705 2706 2707
2705 2707 2708
2708 2707 2709
2708 2709 2710
2711 2712 2710
2711 2710 2709
2713 2714 2712
2713 2712 2711
2715 2716 2699
2715 2699 2702
2717 2718 2716
2717 2716 2715
2700 2693 2696
2700 2696 2701
2719 2720 2704
2719 2704 2703
2714 2713 2718
2714 2718 2717
2721 2722 2723
2721 2723 2724
2725 2726 2727
2725 2727 2728
2729 2730 2726
2729 2726 2725
2724 2723 2731
2724 2731 2732
2733 2734 2735
2733 2735 2736
2737 2738 2739
2737 2739 2740
2741 2742 2730
2741 2730 2729
2732 2731 2743
2732 2743 2744
2745 2746 2747
2745 2747 2748
2749 2750 2751
2749 2751 2752
2753 2754 2746
2753 2746 2745
2751 2750 2755
2751 2755 2756
2753 2757 2758
2753 2758 2754
2759 2756 2755
2759 2755 2760
2758 2757 2761
2758 2761 2762
2763 2759 2760
2763 2760 2764
2736 2735 2765
2736 2765 2766
2767 2768 2737
2767 2737 2740
2766 2765 2769
2766 2769 2770
2771 2772 2768
2771 2768 2767
2738 2722 2721
2738 2721 2739
2728 2727 2734
2728 2734 2733
2744 2743 2773
2744 2773 2774
2775 2742 2741
2775 2741 2776
2770 2769 2762
2770 2762 2761
2763 2764 2772
2763 2772 2771
2777 2778 2779
2777 2779 2780
2781 2782 2783
2781 2783 2784
2785 2777 2780
2785 2780 2786
2782 2781 2787
2782 2787 2788
2784 2783 2785
2784 2785 2786
2789 2790 2791
2789 2791 2792
2793 2794 2795
2793 2795 2796
2792 2791 2797
2792 2797 2798
2794 2799 2800
2794 2800 2795
2796 2798 2797
2796 2797 2793
2801 2802 2803
2801 2803 2804
2805 2806 2807
2805 2807 2808
2809 2810 2811
2809 2811 2812
2813 2814 2815
2813 2815 2816
2804 2803 2817
2804 2817 2818
2807 2819 2820
2807 2820 2808
2809 2812 2821
2809 2821 2822
2814 2813 2823
2814 2823 2824
2810 2818 2817
2810 2817 2811
2816 2815 2820
2816 2820 2819
2825 2826 2827
2825 2827 2828
2829 2830 2831
2829 2831 2832
2828 2827 2833
2828 2833 2834
2835 2836 2837
2835 2837 2838
2836 2839 2840
2836 2840 2837
2839 2841 2842
2839 2842 2840
2841 2843 2844
2841 2844 2842
2845 2846 2830
2845 2830 2829
2847 2848 2846
2847 2846 2845
2849 2850 2832
2849 2832 2831
2838 2851 2852
2838 2852 2835
2844 2843 2848
2844 2848 2847
2853 2854 2855
2853 2855 2856
2854 2857 2858
2854 2858 2855
2859 2860 2861
2859 2861 2862
2863 2858 2857
2863 2857 2864
2865 2866 2867
2865 2867 2868
2869 2870 2866
2869 2866 2865
2871 2872 2870
2871 2870 2869
2873 2874 2872
2873 2872 2871
2875 2876 2877
2875 2877 2859
2878 2879 2880
2878 2880 2877
2860 2853 2856
2860 2856 2861
2881 2882 2868
2881 2868 2867
2873 2880 2879
2873 2879 2874
2883 2884 2885
2883 2885 2886
2887 2888 2889
2887 2889 2890
2891 2892 2893
2891 2893 2894
2895 2896 2897
2895 2897 2898
2899 2900 2884
2899 2884 2883
2901 2887 2890
2901 2890 2902
2903 2904 2905
2903 2905 2906
2907 2908 2909
2907 2909 2910
2904 2911 2912
2904 2912 2905
2913 2907 2910
2913 2910 2914
2911 2915 2916
2911 2916 2912
2917 2913 2914
2917 2914 2918
2915 2919 2920
2915 2920 2916
2921 2917 2918
2921 2918 2922
2923 2891 2894
2923 2894 2924
2896 2925 2926
2896 2926 2897
2927 2923 2924
2927 2924 2928
2925 2929 2930
2925 2930 2926
2931 2895 2898
2931 2898 2932
2892 2933 2934
2892 2934 2893
2908 2935 2936
2908 2936 2909
2903 2906 2937
2903 2937 2938
2919 2927 2928
2919 2928 2920
2929 2921 2922
2929 2922 2930
2939 2940 2941
2939 2941 2942
2941 2943 2944
2941 2944 2942
2945 2946 2947
2945 2947 2948
2943 2949 2950
2943 2950 2944
2951 2952 2953
2951 2953 2954
2952 2955 2956
2952 2956 2953
2955 2957 2958
2955 2958 2956
2957 2959 2960
2957 2960 2958
2961 2946 2945
2961 2945 2962
2963 2961 2962
2963 2962 2964
2948 2947 2940
2948 2940 2939
2965 2950 2949
2965 2949 2966
2959 2963 2964
2959 2964 2960
2967 2968 2969
2967 2969 2970
2971 2972 2973
2971 2973 2974
2975 2971 2974
2975 2974 2976
2968 2977 2978
2968 2978 2969
2979 2980 2981
2979 2981 2982
2983 2984 2985
2983 2985 2986
2987 2975 2976
2987 2976 2988
2977 2989 2990
2977 2990 2978
2991 2992 2993
2991 2993 2994
2995 2996 2997
2995 2997 2998
2999 2991 2994
2999 2994 3000
2997 3001 3002
2997 3002 2998
3003 2999 3000
3003 3000 3004
3001 3005 3006
3001 3006 3002
3007 3003 3004
3007 3004 3008
3006 3005 3009
3006 3009 3010
2980 3011 3012
2980 3012 2981
3013 2984 2983
3013 2983 3014
3011 3015 3016
3011 3016 3012
3017 3013 3014
3017 3014 3018
2986 2985 2967
2986 2967 2970
2972 2979 2982
2972 2982 2973
2989 3019 3020
2989 3020 2990
3021 3022 2987
3021 2987 2988
3015 3007 3008
3015 3008 3016
3009 3017 3018
3009 3018 3010
3023 3024 3025
3023 3025 3026
3027 3028 3029
3027 3029 3030
3031 3032 3025
3031 3025 3024
3033 3027 3030
3033 3030 3034
3028 3032 3031
3028 3031 3029
3035 3036 3037
3035 3037 3038
3039 3040 3041
3039 3041 3042
3036 3043 3044
3036 3044 3037
3042 3041 3045
3042 3045 3046
3040 3039 3044
3040 3044 3043
3047 3048 3049
3047 3049 3050
3051 3052 3053
3051 3053 3054
3055 3056 3057
3055 3057 3058
3059 3060 3061
3059 3061 3062
3049 3063 3064
3049 3064 3050
3065 3066 3052
3065 3052 3051
3057 3067 3068
3057 3068 3058
3069 3059 3062
3069 3062 3070
3064 3063 3056
3064 3056 3055
3060 3066 3065
3060 3065 3061
3071 3072 3073
3071 3073 3074
3075 3076 3077
3075 3077 3078
3079 3080 3081
3079 3081 3082
3083 3084 3080
3083 3080 3079
3085 3086 3087
3088 3089 3090
3088 3090 3091
3092 3093 3094
3092 3094 3095
3096 3097 3093
3096 3093 3092
3098 3099 3100
3101 3102 3103
3104 3105 3102
3104 3102 3101
3099 3098 3106
3107 3108 3072
3107 3072 3071
3074 3073 3076
3074 3076 3075
3078 3077 3084
3078 3084 3083
3109 3110 3086
3109 3086 3085
3085 3087 3089
3085 3089 3088
3091 3090 3097
3091 3097 3096
3111 3112 3113
3111 3113 3114
3115 3116 3117
3115 3117 3118
3119 3120 3121
3119 3121 3122
3123 3119 3122
3123 3122 3124
3125 3126 3127
3128 3129 3130
3128 3130 3131
3132 3133 3134
3132 3134 3135
3136 3132 3135
3136 3135 3137
3138 3139 3140
3141 3142 3143
3144 3141 3143
3144 3143 3145
3140 3146 3147
3107 3111 3114
3107 3114 3108
3112 3115 3118
3112 3118 3113
3116 3123 3124
3116 3124 3117
3109 3126 3125
3109 3125 3110
3126 3128 3131
3126 3131 3127
3129 3136 3137
3129 3137 3130
3082 3081 3105
3082 3105 3104
3095 3094 3148
3095 3148 3106
3145 3121 3120
3145 3120 3144
3147 3146 3133
3149 3150 3151
3149 3151 3152
3099 3106 3148
3151 3153 3154
3151 3154 3152
3155 3156 3157
3155 3157 3158
3153 3159 3160
3153 3160 3154
3159 3161 3162
3159 3162 3160
3161 3163 3164
3161 3164 3162
3140 3147 3138
3165 3156 3155
3165 3155 3166
3158 3157 3167
3158 3167 3168
3146 3134 3133
3168 3167 3169
3168 3169 3170
3170 3169 3171
3170 3171 3172
3172 3171 3173
3172 3173 3174
3174 3173 3175
3174 3175 3176
3175 3177 3176
3163 3178 3179
3163 3179 3164
3179 3178 3180
3179 3180 3181
3181 3180 3182
3183 3184 3181
3183 3181 3182
3185 3177 3175
3185 3175 3184
3185 3184 3186
3183 3186 3184
3187 3188 3189
3189 3190 3191
3189 3191 3192
3192 3191 3193
3194 3195 3196
3194 3196 3197
3198 3199 3195
3198 3195 3194
3200 3201 3199
3200 3199 3198
3200 3202 3203
3200 3203 3201
3202 3204 3205
3202 3205 3203
3204 3206 3207
3204 3207 3205
3206 3208 3209
3206 3209 3207
3208 3210 3211
3208 3211 3209
3211 3210 3212
3211 3212 3213
3214 3215 3213
3214 3213 3212
3214 3216 3217
3214 3217 3215
3216 3218 3219
3216 3219 3217
3220 3221 3219
3220 3219 3218
3197 3196 3221
3197 3221 3220
3222 3223 3224
3222 3224 3225
3226 3227 3228
3226 3228 3229
3230 3231 3232
3230 3232 3233
3229 3228 3234
3229 3234 3235
3236 3237 3238
3236 3238 3239
3240 3241 3242
3240 3242 3243
3244 3245 3246
3244 3246 3247
3243 3242 3248
3243 3248 3249
3250 3251 3252
3250 3252 3244
3253 3254 3255
3231 3230 3253
3231 3253 3256
3244 3257 3245
3244 3252 3258
3251 3250 3259
3244 3258 3257
3260 3261 3247
3260 3247 3246
3227 3226 3225
3227 3225 3224
3241 3240 3239
3241 3239 3238
3262 3263 3235
3262 3235 3234
3249 3248 3264
3249 3264 3265
3265 3264 3261
3265 3261 3260
3263 3262 3233
3263 3233 3232
3222 3266 3267
3222 3267 3223
3268 3269 3270
3268 3270 3271
3272 3273 3274
3272 3274 3275
3269 3276 3277
3269 3277 3270
3236 3278 3279
3236 3279 3237
3280 3281 3282
3280 3282 3283
3284 3285 3286
3284 3286 3287
3281 3288 3289
3281 3289 3282
3290 3286 3291
3290 3291 3292
3293 3294 3295
3273 3296 3295
3273 3295 3274
3286 3285 3297
3286 3298 3291
3292 3299 3290
3286 3297 3298
3300 3284 3287
3300 3287 3301
3271 3267 3266
3271 3266 3268
3283 3279 3278
3283 3278 3280
3302 3277 3276
3302 3276 3303
3288 3304 3305
3288 3305 3289
3304 3300 3301
3304 3301 3305
3303 3272 3275
3303 3275 3302
3306 3307 3308
3309 3310 3311
3309 3311 3312
3313 3314 3315
3313 3315 3316
3317 3318 3314
3317 3314 3313
3319 3320 3321
3319 3321 3322
3323 3324 3325
3323 3325 3326
3323 3327 3324
3328 3329 3330
3331 3332 3333
3334 3335 3332
3334 3332 3331
3329 3328 3336
3337 3338 3307
3337 3307 3306
3306 3308 3310
3306 3310 3309
3312 3311 3318
3312 3318 3317
3339 3340 3341
3339 3341 3342
3342 3341 3320
3342 3320 3319
3322 3321 3327
3322 3327 3323
3343 3344 3345
3346 3347 3348
3346 3348 3349
3350 3351 3352
3350 3352 3353
3354 3350 3353
3354 3353 3355
3356 3357 3358
3356 3358 3359
3360 3361 3362
3360 3362 3363
3364 3360 3363
3365 3366 3367
3368 3369 3370
3371 3368 3370
3371 3370 3372
3367 3373 3374
3337 3344 3343
3337 3343 3338
3344 3346 3349
3344 3349 3345
3347 3354 3355
3347 3355 3348
3339 3375 3376
3339 3376 3340
3375 3356 3359
3375 3359 3376
3357 3360 3364
3357 3364 3358
3316 3315 3335
3316 3335 3334
3326 3325 3377
3326 3377 3336
3372 3352 3351
3372 3351 3371
3374 3373 3361
3378 3379 3380
3329 3336 3377
3380 3381 3382
3383 3384 3385
3381 3386 3382
3387 3388 3386
3367 3374 3365
3389 3384 3383
3390 3391 3392
3373 3362 3361
3392 3391 3393
3393 3394 3395
3395 3394 3396
3395 3396 3397
3397 3396 3398
3397 3398 3399
3398 3400 3399
3401 3402 3403
3401 3403 3388
3403 3402 3404
3403 3404 3405
3405 3404 3406
3407 3408 3405
3407 3405 3406
3409 3400 3398
3409 3398 3408
3409 3408 3410
3407 3410 3408
3411 3412 3413
3411 3413 3414
3412 3415 3416
3412 3416 3413
3415 3417 3418
3415 3418 3416
3419 3420 3418
3419 3418 3417
3421 3422 3420
3421 3420 3419
3423 3424 3422
3423 3422 3421
3423 3425 3426
3423 3426 3424
3425 3427 3428
3425 3428 3426
3427 3429 3430
3427 3430 3428
3431 3432 3433
3431 3433 3434
3435 3436 3432
3435 3432 3431
3411 3414 3436
3411 3436 3435
3437 3438 3439
3439 3438 3440
3440 3438 3441
3441 3438 3442
3442 3438 3443
3443 3438 3444
3444 3438 3445
3445 3438 3446
3446 3438 3447
3447 3438 3448
3448 3438 3449
3449 3438 3437
3450 3451 3452
3450 3452 3453
3452 3451 3454
3452 3454 3455
3456 3457 3458
3459 3450 3458
3460 3453 3452
3460 3452 3461
3461 3452 3455
3461 3455 3462
3463 3456 3458
3463 3458 3464
3464 3458 3453
3464 3453 3460
3460 3461 3465
3460 3465 3466
3465 3461 3462
3465 3462 3467
3468 3463 3464
3468 3464 3469
3464 3460 3466
3464 3466 3469
3470 3466 3465
3470 3465 3471
3471 3465 3467
3471 3467 3472
3473 3468 3469
3473 3469 3474
3469 3466 3470
3469 3470 3474
3475 3470 3471
3475 3471 3476
3471 3472 3477
3471 3477 3476
3473 3474 3478
3473 3478 3479
3478 3474 3470
3478 3470 3475
3480 3475 3476
3480 3476 3481
3481 3476 3477
3481 3477 3482
3479 3478 3483
3479 3483 3484
3483 3478 3475
3483 3475 3480
3485 3480 3481
3485 3481 3486
3481 3482 3487
3481 3487 3486
3488 3484 3483
3488 3483 3489
3489 3483 3480
3489 3480 3485
3490 3485 3486
3490 3486 3491
3486 3487 3492
3486 3492 3491
3488 3489 3493
3488 3493 3494
3493 3489 3485
3493 3485 3490
3458 3457 3459
3458 3450 3453
3495 3496 3497
3495 3497 3498
3498 3497 3499
3498 3499 3500
3500 3499 3501
3500 3501 3502
3503 3502 3501
3503 3501 3504
3505 3503 3504
3505 3504 3506
3507 3505 3506
3507 3506 3508
3507 3508 3509
3507 3509 3510
3510 3509 3511
3510 3511 3512
3512 3511 3513
3512 3513 3514
3515 3516 3517
3515 3517 3518
3519 3515 3518
3519 3518 3520
3495 3519 3520
3495 3520 3496
3521 3522 3523
3522 3524 3523
3524 3525 3523
3525 3526 3523
3526 3527 3523
3527 3528 3523
3528 3529 3523
3529 3530 3523
3530 3531 3523
3531 3532 3523
3532 3533 3523
3533 3521 3523
3534 3535 3536
3534 3536 3537
3536 3538 3539
3536 3539 3537
3540 3541 3542
3543 3541 3534
3544 3545 3536
3544 3536 3535
3545 3546 3538
3545 3538 3536
3547 3548 3541
3547 3541 3540
3548 3544 3535
3548 3535 3541
3544 3549 3550
3544 3550 3545
3550 3551 3546
3550 3546 3545
3552 3553 3548
3552 3548 3547
3548 3553 3549
3548 3549 3544
3554 3555 3550
3554 3550 3549
3555 3556 3551
3555 3551 3550
3557 3558 3553
3557 3553 3552
3553 3558 3554
3553 3554 3549
3559 3560 3555
3559 3555 3554
3555 3560 3561
3555 3561 3556
3557 3562 3563
3557 3563 3558
3563 3559 3554
3563 3554 3558
3564 3565 3560
3564 3560 3559
3565 3566 3561
3565 3561 3560
3562 3567 3568
3562 3568 3563
3568 3564 3559
3568 3559 3563
3569 3570 3565
3569 3565 3564
3565 3570 3571
3565 3571 3566
3572 3573 3568
3572 3568 3567
3573 3569 3564
3573 3564 3568
3574 3575 3570
3574 3570 3569
3570 3575 3576
3570 3576 3571
3572 3577 3578
3572 3578 3573
3578 3574 3569
3578 3569 3573
3541 3543 3542
3541 3535 3534
3579 3580 3581
3579 3581 3582
3583 3584 3585
3586 3587 3588
3589 3590 3591
3589 3591 3592
3593 3594 3589
3593 3589 3592
3580 3595 3596
3580 3596 3581
3597 3598 3599
3597 3599 3600
3593 3601 3602
3593 3602 3594
3597 3600 3603
3604 3598 3597
3604 3597 3583
3590 3605 3591
3606 3607 3608
3609 3610 3611
3609 3611 3612
3613 3584 3614
3584 3613 3608
3612 3579 3582
3612 3582 3609
3615 3608 3616
3585 3584 3615
3617 3618 3619
3617 3619 3620
3621 3622 3623
3586 3624 3625
3626 3627 3628
3626 3628 3629
3626 3630 3631
3626 3631 3627
3632 3618 3617
3632 3617 3633
3634 3635 3636
3634 3636 3637
3631 3630 3638
3631 3638 3639
3636 3621 3640
3641 3637 3636
3622 3621 3636
3622 3636 3635
3629 3628 3642
3643 3644 3645
3646 3647 3648
3646 3648 3649
3650 3640 3651
3651 3644 3650
3620 3619 3647
3620 3647 3646
3615 3616 3644
3623 3615 3651
3588 3587 3605
3652 3625 3642
3616 3607 3653
3654 3611 3610
3654 3610 3655
3645 3616 3653
3649 3648 3654
3649 3654 3655
3608 3607 3616
3645 3644 3616
3583 3585 3604
3621 3623 3651
3615 3584 3608
3651 3615 3644
3614 3584 3583
3651 3640 3621
3608 3613 3606
3650 3644 3643
3586 3588 3624
3586 3625 3652
3652 3642 3628
3605 3587 3591
3597 3614 3583
3656 3657 3658
3659 3660 3661
3662 3663 3664
3665 3666 3667
3659 3668 3669
3670 3671 3672
3673 3674 3675
3673 3675 3676
3677 3678 3674
3677 3674 3673
3679 3680 3681
3679 3681 3682
3683 3684 3685
3683 3685 3686
3687 3688 3689
3687 3689 3690
3691 3692 3689
3691 3689 3688
3693 3694 3695
3693 3695 3696
3693 3697 3698
3693 3698 3694
3699 3700 3701
3699 3701 3702
3703 3704 3705
3703 3705 3706
3707 3708 3709
3707 3709 3710
3711 3712 3713
3711 3713 3714
3662 3664 3715
3706 3705 3716
3706 3716 3717
3712 3718 3719
3712 3719 3713
3659 3669 3660
3687 3690 3685
3687 3685 3684
3656 3658 3720
3721 3722 3723
3721 3723 3724
3725 3726 3692
3725 3692 3691
3697 3702 3701
3697 3701 3698
3668 3727 3728
3729 3676 3675
3729 3675 3730
3696 3695 3726
3696 3726 3725
3722 3729 3730
3722 3730 3723
3731 3671 3670
3731 3670 3720
3664 3663 3656
3717 3716 3700
3717 3700 3699
3718 3721 3724
3718 3724 3719
3670 3672 3727
3720 3658 3731
3669 3668 3728
3661 3660 3732
3656 3663 3657
3670 3727 3668
3662 3715 3667
3665 3667 3715
3733 3734 3735
3736 3737 3738
3739 3740 3741
3742 3743 3744
3736 3745 3746
3747 3748 3749
3750 3751 3752
3750 3752 3753
3754 3750 3753
3754 3753 3755
3756 3757 3758
3756 3758 3759
3760 3761 3762
3760 3762 3763
3764 3765 3766
3764 3766 3767
3768 3767 3766
3768 3766 3769
3770 3771 3772
3770 3772 3773
3770 3773 3774
3770 3774 3775
3776 3777 3778
3776 3778 3779
3780 3781 3782
3780 3782 3783
3784 3785 3786
3784 3786 3787
3788 3789 3790
3788 3790 3791
3739 3792 3740
3781 3793 3794
3781 3794 3782
3791 3790 3795
3791 3795 3796
3736 3738 3745
3764 3763 3762
3764 3762 3765
3733 3797 3734
3798 3799 3800
3798 3800 3801
3802 3768 3769
3802 3769 3803
3775 3774 3778
3775 3778 3777
3746 3804 3805
3806 3807 3752
3806 3752 3751
3771 3802 3803
3771 3803 3772
3801 3800 3807
3801 3807 3806
3808 3797 3747
3808 3747 3749
3740 3733 3741
3793 3776 3779
3793 3779 3794
3796 3795 3799
3796 3799 3798
3747 3805 3748
3797 3808 3734
3745 3804 3746
3737 3809 3738
3733 3735 3741
3747 3746 3805
3739 3743 3792
3742 3792 3743
3810 3811 3812
3810 3812 3813
3814 3815 3816
3814 3816 3817
3818 3819 3820
3818 3820 3821
3822 3810 3813
3822 3813 3823
3814 3824 3825
3814 3825 3815
3826 3827 3820
3826 3820 3819
3828 3829 3830
3828 3830 3831
3829 3832 3833
3829 3833 3830
3832 3834 3835
3832 3835 3833
3834 3836 3837
3834 3837 3835
3836 3838 3839
3836 3839 3837
3838 3840 3841
3838 3841 3839
3840 3842 3843
3840 3843 3841
3842 3844 3845
3842 3845 3843
3844 3846 3847
3844 3847 3845
3848 3849 3847
3848 3847 3846
3848 3850 3851
3848 3851 3849
3852 3853 3851
3852 3851 3850
3852 3854 3855
3852 3855 3853
3854 3856 3857
3854 3857 3855
3856 3858 3859
3856 3859 3857
3858 3860 3861
3858 3861 3859
3860 3862 3863
3860 3863 3861
3864 3865 3863
3864 3863 3862
3864 3866 3867
3864 3867 3865
3868 3869 3867
3868 3867 3866
3870 3871 3872
3870 3872 3873
3871 3874 3875
3871 3875 3872
3874 3876 3877
3874 3877 3875
3876 3878 3879
3876 3879 3877
3878 3880 3881
3878 3881 3879
3880 3882 3883
3880 3883 3881
3882 3884 3885
3882 3885 3883
3884 3886 3887
3884 3887 3885
3886 3888 3889
3886 3889 3887
3890 3891 3889
3890 3889 3888
3890 3892 3893
3890 3893 3891
3894 3895 3893
3894 3893 3892
3894 3896 3897
3894 3897 3895
3896 3898 3899
3896 3899 3897
3898 3900 3901
3898 3901 3899
3900 3902 3903
3900 3903 3901
3902 3904 3905
3902 3905 3903
3906 3907 3905
3906 3905 3904
3906 3908 3909
3906 3909 3907
3910 3911 3909
3910 3909 3908
3912 3913 3914
3912 3914 3915
3915 3916 3917
3915 3917 3912
3916 3918 3919
3916 3919 3917
3918 3920 3921
3918 3921 3919
3920 3922 3923
3924 3925 3926
3927 3928 3924
3927 3924 3929
3930 3931 3928
3930 3928 3927
3932 3933 3931
3932 3931 3930
3934 3935 3933
3934 3933 3932
3936 3937 3938
3936 3938 3939
3940 3941 3942
3940 3942 3943
3942 3944 3945
3942 3945 3943
3945 3944 3946
3945 3946 3947
3940 3939 3938
3940 3938 3941
3948 3937 3936
3948 3936 3949
3950 3951 3952
3950 3952 3953
3950 3953 3954
3950 3954 3955
3954 3923 3922
3954 3922 3955
3948 3949 3952
3948 3952 3951
3956 3957 3958
3956 3958 3959
3960 3961 3959
3960 3959 3958
3962 3963 3961
3962 3961 3960
3964 3963 3962
3964 3962 3965
3966 3967 3964
3966 3964 3965
3966 3968 3969
3966 3969 3967
3970 3969 3968
3970 3968 3971
3971 3972 3973
3971 3973 3970
3972 3974 3975
3972 3975 3973
3925 3975 3974
3925 3974 3926
3947 3946 3929
3920 3923 3957
3920 3957 3921
3929 3924 3926
3929 3926 3947
3921 3957 3956
3976 3977 3978
3976 3978 3979
3980 3981 3982
3980 3982 3983
3984 3985 3986
3984 3986 3987
3981 3988 3989
3981 3989 3982
3990 3987 3986
3990 3986 3991
3988 3992 3993
3988 3993 3989
3994 3990 3991
3994 3991 3995
3992 3996 3997
3992 3997 3993
3998 3994 3995
3998 3995 3999
3996 4000 4001
3996 4001 3997
4002 3998 3999
4002 3999 4003
4000 4004 4005
4000 4005 4001
4006 4002 4003
4006 4003 4007
4004 4008 4009
4004 4009 4005
4010 4006 4007
4010 4007 4011
4008 4012 4013
4008 4013 4009
4014 4010 4011
4014 4011 4015
4012 4016 4017
4012 4017 4013
4018 4014 4015
4018 4015 4019
4020 4021 4017
4020 4017 4016
4022 4023 4024
4022 4024 4025
4026 4018 4019
4026 4019 4027
4028 4029 4030
4028 4030 4031
4032 4033 4034
4032 4034 4035
4036 4037 4038
4036 4038 4039
4034 4033 4040
4034 4040 4041
4042 4043 4044
4042 4044 4045
4046 4047 4036
4046 4036 4048
4049 4050 4051
4052 4053 4054
4052 4054 4055
4056 4057 4058
4056 4058 4059
4060 4061 4062
4060 4062 4063
4041 4040 4064
4041 4064 4065
4066 4067 4044
4066 4044 4043
4062 4068 4046
4062 4046 4048
4056 4069 4070
4056 4070 4057
4051 4071 4072
4073 4074 4075
4073 4075 4076
4077 4078 4079
4077 4079 4080
4081 4082 4083
4081 4083 4084
4085 4086 4087
4085 4087 4088
4089 4090 4091
4089 4091 4092
4093 4094 4073
4093 4073 4076
4079 4095 4096
4079 4096 4097
4090 4053 4098
4090 4098 4091
4099 4100 4101
4099 4101 4102
4103 4104 4105
4106 4101 4100
4106 4100 4107
4105 4104 4108
4105 4108 4109
4110 4111 4112
4110 4112 4113
4114 4115 4070
4114 4070 4069
4072 4071 4116
4117 4118 4119
4117 4119 4120
4121 4122 4106
4121 4106 4107
4109 4108 4123
4109 4123 4124
4120 4119 4125
4120 4125 4113
4126 4127 4128
4126 4128 4129
4130 4128 4131
4130 4131 4132
4133 4116 4071
4133 4071 4134
4135 4129 4128
4135 4128 4136
4137 4138 4139
4137 4139 4140
4141 4142 4143
4141 4143 4144
4130 4132 4145
4130 4145 4141
4146 4147 4133
4146 4133 4148
4146 4149 4150
4146 4150 4140
4151 4152 4144
4151 4144 4143
4153 4136 4154
4155 4156 4157
4155 4157 4158
4098 4159 4160
4098 4160 4161
4162 4163 4164
4162 4164 4165
4162 4165 4166
4156 4155 4167
4156 4167 4168
4169 4170 4171
4169 4171 4172
4173 4172 4171
4173 4171 4174
4138 4137 4175
4138 4175 4176
4047 4177 4178
4047 4178 4179
4046 4180 4177
4046 4177 4047
4059 4058 4068
4059 4068 4181
4058 4180 4046
4058 4046 4068
4101 4104 4182
4101 4182 4102
4125 4126 4183
4125 4183 4184
4126 4125 4119
4126 4119 4127
4075 4185 4186
4075 4186 4187
4076 4075 4187
4076 4187 4188
4084 4083 4077
4084 4077 4080
4093 4189 4190
4093 4190 4191
4189 4093 4076
4189 4076 4188
4192 4193 4084
4192 4084 4080
4194 4053 4195
4070 4196 4057
4070 4115 4196
4197 4198 4039
4197 4039 4038
4199 4094 4200
4199 4200 4201
4095 4202 4203
4095 4203 4096
4074 4073 4204
4074 4204 4205
4206 4207 4208
4206 4208 4209
4210 4211 4212
4210 4212 4086
4213 4156 4168
4213 4168 4214
4215 4152 4151
4215 4151 4216
4095 4079 4078
4095 4078 4217
4080 4079 4097
4080 4097 4192
4074 4218 4219
4220 4200 4094
4039 4221 4048
4039 4048 4036
4221 4063 4062
4221 4062 4048
4184 4110 4113
4184 4113 4125
4222 4120 4113
4222 4113 4112
4120 4222 4223
4120 4223 4117
4177 4180 4055
4177 4055 4054
4058 4057 4055
4058 4055 4180
4193 4195 4081
4193 4081 4084
4126 4129 4115
4126 4115 4183
4224 4225 4226
4224 4226 4227
4092 4091 4161
4092 4161 4228
4098 4161 4091
4229 4212 4211
4229 4211 4230
4053 4052 4159
4053 4159 4098
4090 4089 4082
4090 4082 4081
4090 4081 4195
4090 4195 4053
4136 4153 4226
4136 4226 4135
4086 4085 4231
4086 4231 4210
4160 4159 4225
4160 4225 4224
4232 4233 4234
4235 4083 4082
4235 4082 4236
4235 4237 4077
4235 4077 4083
4237 4238 4078
4237 4078 4077
4239 4240 4064
4239 4064 4241
4072 4116 4107
4072 4107 4100
4242 4243 4122
4242 4122 4121
4238 4244 4217
4238 4217 4078
4245 4246 4247
4245 4247 4248
4157 4156 4213
4157 4213 4249
4250 4251 4252
4253 4150 4149
4253 4149 4254
4255 4256 4257
4255 4257 4258
4203 4259 4260
4203 4260 4096
4261 4097 4096
4261 4096 4260
4261 4262 4192
4261 4192 4097
4192 4262 4263
4192 4263 4193
4193 4263 4264
4193 4264 4195
4264 4265 4194
4264 4194 4195
4266 4054 4194
4266 4194 4265
4068 4062 4061
4068 4061 4181
4045 4267 4268
4045 4268 4269
4270 4042 4045
4271 4035 4034
4271 4034 4042
4177 4054 4266
4177 4266 4178
4272 4252 4251
4272 4251 4153
4153 4251 4227
4153 4227 4226
4273 4227 4251
4273 4251 4250
4224 4273 4274
4161 4160 4274
4161 4274 4275
4275 4276 4228
4275 4228 4161
4065 4277 4278
4065 4278 4066
4066 4278 4279
4127 4280 4131
4127 4131 4128
4281 4282 4184
4281 4184 4183
4283 4110 4184
4283 4184 4282
4110 4283 4284
4110 4284 4111
4285 4286 4111
4285 4111 4284
4183 4115 4114
4183 4114 4281
4287 4124 4123
4288 4289 4272
4288 4272 4290
4291 4292 4293
4291 4293 4294
4149 4146 4148
4149 4148 4293
4295 4142 4296
4295 4296 4297
4298 4139 4138
4298 4138 4299
4300 4223 4222
4300 4222 4301
4124 4302 4303
4124 4303 4304
4124 4304 4305
4124 4305 4109
4106 4108 4104
4106 4104 4101
4306 4060 4063
4306 4063 4307
4308 4309 4310
4308 4310 4067
4067 4310 4311
4067 4311 4044
4267 4045 4044
4267 4044 4311
4065 4066 4043
4065 4043 4041
4042 4034 4041
4042 4041 4043
4037 4036 4047
4037 4047 4179
4185 4075 4219
4075 4074 4219
4191 4220 4093
4093 4220 4094
4053 4194 4054
4196 4115 4129
4196 4129 4135
4135 4226 4225
4135 4225 4196
4159 4052 4196
4159 4196 4225
4057 4196 4052
4057 4052 4055
4130 4136 4128
4136 4130 4141
4154 4290 4153
4312 4313 4314
4312 4314 4315
4252 4272 4289
4252 4289 4316
4316 4317 4252
4318 4319 4320
4318 4321 4322
4318 4322 4319
4323 4322 4234
4323 4234 4233
4088 4087 4049
4088 4049 4324
4033 4049 4051
4033 4051 4040
4325 4324 4326
4325 4326 4327
4326 4033 4032
4326 4032 4327
4040 4051 4072
4040 4072 4064
4240 4277 4065
4240 4065 4064
4099 4239 4241
4099 4241 4100
4116 4133 4121
4116 4121 4107
4328 4242 4121
4328 4121 4329
4134 4330 4148
4134 4148 4133
4293 4148 4330
4293 4330 4294
4329 4147 4331
4329 4331 4328
4326 4049 4033
4072 4241 4064
4329 4121 4133
4332 4333 4158
4332 4158 4157
4031 4030 4334
4031 4334 4335
4249 4336 4332
4249 4332 4157
4337 4245 4248
4337 4248 4338
4339 4340 4341
4339 4341 4320
4248 4247 4341
4248 4341 4340
4342 4050 4049
4342 4049 4087
4030 4158 4333
4030 4333 4334
4089 4343 4236
4089 4236 4082
4343 4089 4092
4343 4092 4344
4344 4092 4228
4344 4228 4345
4342 4087 4086
4342 4086 4212
4346 4276 4028
4347 4337 4338
4347 4338 4348
4333 4332 4349
4333 4349 4350
4351 4313 4312
4351 4312 4352
4209 4208 4315
4209 4315 4314
4334 4333 4350
4334 4350 4353
4349 4332 4336
4349 4336 4354
4353 4355 4335
4353 4335 4334
4207 4206 4348
4207 4348 4338
4323 4356 4357
4323 4357 4322
4320 4341 4358
4320 4358 4318
4358 4247 4246
4358 4246 4359
4155 4029 4360
4155 4360 4167
4339 4208 4207
4339 4207 4340
4340 4207 4338
4340 4338 4248
4208 4339 4361
4208 4361 4315
4362 4291 4294
4362 4294 4166
4162 4166 4294
4162 4294 4330
4233 4163 4134
4233 4134 4071
4071 4050 4323
4071 4323 4233
4356 4323 4050
4356 4050 4342
4356 4229 4357
4029 4155 4158
4029 4158 4030
4360 4029 4028
4363 4364 4346
4363 4346 4028
4365 4312 4315
4365 4315 4361
4365 4366 4367
4365 4367 4368
4365 4368 4352
4365 4352 4312
4357 4366 4369
4149 4293 4292
4149 4292 4254
4215 4288 4290
4215 4290 4152
4154 4144 4152
4154 4152 4290
4144 4154 4136
4144 4136 4141
4322 4321 4234
4204 4073 4094
4204 4094 4199
4095 4217 4370
4095 4370 4202
4205 4371 4218
4205 4218 4074
4370 4217 4244
4370 4244 4372
4164 4373 4165
4374 4317 4316
4369 4361 4319
4319 4361 4339
4232 4234 4321
4232 4321 4373
4375 4173 4174
4375 4174 4376
4258 4377 4175
4258 4175 4255
4376 4378 4379
4376 4379 4375
4380 4381 4176
4380 4176 4382
4286 4383 4112
4286 4112 4111
4301 4222 4112
4301 4112 4383
4384 4385 4386
4384 4386 4105
4384 4105 4109
4384 4109 4305
4127 4119 4118
4127 4118 4280
4122 4243 4387
4122 4387 4123
4108 4106 4122
4108 4122 4123
4063 4221 4388
4063 4388 4307
4198 4388 4221
4198 4221 4039
4386 4103 4105
4182 4104 4103
4387 4287 4123
4302 4124 4287
4269 4270 4045
4271 4042 4270
4067 4066 4279
4308 4067 4279
4325 4190 4189
4325 4189 4324
4188 4088 4324
4188 4324 4189
4088 4188 4187
4088 4187 4085
4085 4187 4186
4085 4186 4231
4147 4329 4133
4100 4241 4072
4324 4049 4326
4170 4389 4390
4170 4390 4171
4171 4390 4391
4171 4391 4174
4382 4176 4175
4382 4175 4377
4392 4393 4256
4392 4256 4255
4376 4174 4391
4376 4391 4295
4137 4392 4255
4137 4255 4175
4378 4376 4295
4378 4295 4297
4381 4299 4138
4381 4138 4176
4140 4139 4147
4140 4147 4146
4142 4295 4391
4142 4391 4143
4392 4137 4140
4392 4140 4150
4391 4390 4151
4391 4151 4143
4216 4151 4390
4216 4390 4389
4150 4253 4393
4150 4393 4392
4142 4141 4145
4142 4145 4296
4331 4147 4139
4331 4139 4298
4356 4342 4212
4356 4212 4229
4031 4363 4028
4394 4367 4366
4394 4366 4395
4160 4224 4274
4227 4273 4224
4358 4341 4247
4050 4071 4051
4166 4396 4362
4232 4164 4163
4232 4163 4233
4163 4162 4330
4163 4330 4134
4373 4164 4232
4165 4396 4166
4317 4250 4252
4153 4290 4272
4397 4398 4399
4397 4399 4400
4401 4397 4400
4401 4400 4402
4403 4404 4405
4403 4405 4406
4407 4408 4409
4407 4409 4410
4406 4401 4402
4406 4402 4403
4411 4412 4413
4411 4413 4414
4412 4415 4416
4412 4416 4413
4417 4418 4419
4417 4419 4420
4421 4422 4423
4421 4423 4424
4425 4426 4427
4425 4427 4428
4416 4415 4428
4416 4428 4427
4429 4430 4431
4429 4431 4432
4433 4434 4418
4433 4418 4417
4435 4436 4437
4435 4437 4438
4439 4440 4441
4442 4443 4444
4442 4444 4445
4446 4447 4448
4446 4448 4449
4450 4451 4452
4453 4454 4455
4453 4455 4456
4457 4458 4459
4457 4459 4460
4449 4453 4456
4449 4456 4446
4461 4462 4452
4463 4464 4465
4463 4465 4466
4467 4468 4469
4467 4469 4470
4471 4472 4473
4471 4473 4474
4465 4475 4476
4465 4476 4466
4477 4478 4479
4480 4481 4482
4480 4482 4483
4484 4468 4467
4484 4467 4485
4486 4487 4488
4486 4488 4489
4478 4490 4480
4478 4480 4475
4478 4491 4490
4492 4493 4494
4495 4496 4497
4495 4497 4498
4499 4500 4501
4499 4501 4502
4503 4504 4505
4503 4505 4506
4507 4508 4509
4510 4511 4504
4510 4504 4503
4512 4513 4514
4495 4498 4515
4495 4515 4516
4501 4517 4518
4501 4518 4502
4519 4520 4521
4519 4521 4522
4523 4524 4525
4523 4525 4526
4527 4528 4529
4527 4529 4530
4531 4532 4533
4531 4533 4534
4535 4536 4537
4535 4537 4538
4539 4540 4541
4539 4541 4542
4542 4543 4544
4542 4544 4539
4545 4546 4547
4545 4547 4548
4544 4543 4546
4544 4546 4545
4549 4550 4551
4549 4551 4552
4553 4554 4555
4553 4555 4556
4439 4557 4558
4439 4558 4440
4559 4560 4557
4559 4557 4439
4462 4561 4562
4462 4562 4563
4559 4564 4565
4559 4565 4560
4566 4567 4479
4566 4479 4568
4569 4469 4468
4569 4468 4570
4490 4571 4572
4490 4572 4573
4468 4484 4574
4468 4574 4570
4375 4466 4476
4375 4476 4173
4377 4258 4485
4377 4485 4467
4379 4463 4466
4379 4466 4375
4377 4467 4470
4377 4470 4382
4307 4388 4401
4307 4401 4406
4388 4198 4397
4388 4397 4401
4447 4446 4383
4447 4383 4286
4446 4456 4301
4446 4301 4383
4384 4575 4576
4384 4576 4385
4428 4415 4204
4428 4204 4199
4370 4577 4578
4370 4578 4202
4371 4205 4412
4371 4412 4411
4579 4580 4581
4582 4583 4584
4582 4584 4585
4586 4587 4588
4589 4590 4591
4592 4593 4594
4595 4596 4597
4598 4599 4600
4599 4598 4601
4602 4492 4503
4602 4503 4506
4510 4503 4492
4510 4492 4496
4512 4603 4521
4512 4521 4520
4495 4516 4530
4495 4530 4529
4604 4605 4606
4604 4606 4607
4348 4494 4608
4348 4608 4347
4349 4499 4502
4349 4502 4350
4313 4351 4609
4313 4609 4513
4498 4209 4314
4498 4314 4515
4502 4518 4353
4502 4353 4350
4610 4611 4579
4612 4613 4583
4605 4501 4500
4605 4500 4614
4605 4604 4517
4605 4517 4501
4402 4400 4549
4402 4549 4615
4403 4402 4615
4403 4615 4555
4418 4578 4577
4418 4577 4419
4434 4616 4578
4434 4578 4418
4449 4448 4451
4449 4451 4450
4450 4462 4453
4450 4453 4449
4475 4465 4479
4475 4479 4478
4475 4480 4483
4475 4483 4476
4404 4403 4555
4404 4555 4554
4563 4454 4453
4563 4453 4462
4464 4568 4479
4464 4479 4465
4519 4522 4617
4504 4618 4505
4417 4420 4619
4417 4620 4621
4622 4544 4545
4622 4545 4612
4539 4544 4622
4539 4622 4580
4540 4539 4580
4540 4580 4611
4548 4613 4612
4548 4612 4545
4623 4615 4549
4555 4615 4624
4586 4588 4625
4586 4625 4626
4552 4551 4532
4552 4532 4531
4556 4627 4628
4556 4628 4553
4629 4589 4630
4629 4630 4631
4632 4633 4634
4635 4636 4637
4635 4637 4638
4639 4640 4641
4639 4641 4642
4643 4644 4645
4643 4645 4646
4593 4647 4648
4649 4650 4645
4561 4641 4640
4561 4640 4562
4596 4560 4565
4596 4565 4651
4560 4596 4594
4560 4594 4557
4558 4557 4594
4558 4594 4648
4652 4653 4654
4652 4654 4655
4656 4657 4658
4656 4658 4659
4660 4661 4662
4660 4662 4663
4664 4438 4437
4664 4437 4665
4666 4667 4424
4666 4424 4423
4668 4590 4669
4670 4671 4672
4670 4672 4587
4673 4536 4535
4673 4535 4674
4675 4676 4534
4675 4534 4533
4627 4677 4678
4627 4678 4628
4679 4680 4595
4679 4595 4597
4647 4593 4592
4647 4592 4681
4682 4646 4645
4682 4645 4683
4684 4599 4601
4684 4601 4685
4686 4687 4688
4689 4690 4691
4689 4691 4692
4488 4487 4693
4488 4693 4694
4599 4684 4695
4599 4695 4600
4696 4651 4697
4692 4572 4571
4692 4571 4689
4598 4570 4574
4598 4574 4632
4570 4598 4698
4570 4698 4569
4472 4471 4567
4472 4567 4566
4699 4637 4700
4372 4701 4577
4372 4577 4370
4419 4577 4701
4419 4701 4702
4703 4704 4420
4703 4420 4705
4704 4703 4422
4704 4422 4421
4419 4702 4705
4419 4705 4420
4354 4706 4499
4354 4499 4349
4500 4499 4706
4500 4706 4707
4708 4709 4614
4708 4614 4710
4709 4708 4711
4709 4711 4712
4492 4602 4493
4603 4512 4514
4707 4710 4614
4707 4614 4500
4607 4652 4655
4607 4655 4713
4604 4607 4713
4604 4713 4714
4604 4714 4715
4604 4715 4517
4517 4715 4716
4517 4716 4518
4355 4353 4518
4355 4518 4716
4490 4573 4481
4490 4481 4480
4485 4717 4718
4719 4720 4574
4719 4574 4484
4632 4574 4720
4632 4720 4633
4721 4660 4663
4721 4663 4722
4433 4721 4722
4433 4722 4723
4724 4434 4433
4724 4433 4723
4434 4724 4725
4434 4725 4616
4550 4549 4400
4550 4400 4399
4726 4626 4625
4726 4625 4727
4727 4728 4726
4267 4729 4730
4267 4730 4268
4731 4732 4733
4731 4734 4735
4731 4735 4629
4735 4669 4589
4735 4589 4629
4285 4736 4447
4285 4447 4286
4448 4447 4736
4448 4736 4737
4448 4737 4738
4448 4738 4451
4739 4740 4451
4739 4451 4738
4740 4739 4445
4740 4445 4444
4564 4741 4742
4564 4743 4744
4564 4744 4565
4744 4697 4651
4744 4651 4565
4698 4687 4745
4698 4745 4569
4469 4569 4745
4469 4745 4746
4470 4469 4747
4382 4470 4748
4382 4748 4380
4305 4749 4575
4305 4575 4384
4631 4750 4731
4631 4731 4629
4751 4638 4637
4751 4637 4699
4542 4541 4414
4542 4414 4413
4439 4575 4749
4439 4749 4559
4426 4547 4546
4426 4546 4427
4496 4492 4494
4496 4494 4497
4511 4510 4529
4511 4529 4528
4529 4510 4496
4529 4496 4495
4206 4497 4494
4206 4494 4348
4516 4515 4513
4516 4513 4512
4530 4520 4519
4530 4519 4527
4512 4520 4530
4512 4530 4516
4527 4519 4617
4527 4617 4752
4753 4511 4528
4753 4528 4754
4755 4581 4756
4755 4756 4757
4582 4756 4622
4429 4661 4758
4429 4758 4430
4758 4661 4660
4758 4660 4759
4760 4759 4660
4760 4660 4721
4761 4760 4721
4761 4721 4621
4762 4620 4619
4762 4619 4763
4764 4704 4421
4764 4421 4765
4765 4421 4424
4765 4424 4766
4766 4424 4667
4766 4667 4430
4664 4767 4438
4768 4769 4770
4771 4435 4438
4772 4773 4769
4591 4590 4668
4591 4668 4774
4407 4677 4775
4775 4677 4627
4775 4627 4776
4777 4776 4627
4777 4627 4556
4778 4777 4556
4778 4556 4624
4779 4780 4623
4779 4623 4781
4782 4552 4531
4782 4531 4783
4783 4531 4534
4783 4534 4784
4784 4534 4676
4673 4785 4536
4786 4787 4788
4789 4537 4536
4790 4791 4787
4626 4726 4750
4626 4750 4631
4630 4586 4626
4630 4626 4631
4586 4630 4670
4792 4793 4459
4792 4459 4458
4794 4452 4795
4796 4740 4444
4796 4444 4797
4798 4797 4444
4798 4444 4443
4798 4443 4792
4798 4792 4458
4799 4458 4457
4799 4457 4642
4799 4642 4641
4799 4641 4800
4801 4800 4641
4801 4641 4561
4801 4561 4461
4682 4802 4646
4803 4804 4805
4806 4805 4807
4808 4643 4646
4809 4810 4477
4809 4477 4811
4812 4567 4471
4812 4471 4813
4814 4813 4471
4814 4471 4474
4814 4474 4693
4814 4693 4487
4815 4487 4486
4815 4486 4690
4815 4690 4689
4815 4689 4816
4817 4816 4689
4817 4689 4571
4818 4817 4571
4818 4571 4491
4751 4819 4638
4637 4636 4820
4821 4822 4823
4824 4823 4825
4826 4635 4638
4618 4504 4511
4618 4511 4753
4752 4754 4528
4752 4528 4527
4827 4753 4754
4827 4754 4828
4753 4827 4829
4753 4829 4618
4830 4828 4754
4830 4754 4752
4507 4831 4525
4507 4525 4524
4509 4508 4712
4509 4712 4711
4752 4617 4832
4752 4832 4830
4523 4526 4654
4833 4709 4712
4833 4712 4834
4834 4712 4508
4834 4508 4835
4835 4508 4507
4836 4523 4653
4837 4836 4653
4837 4653 4652
4838 4837 4652
4838 4652 4607
4839 4838 4607
4839 4607 4606
4840 4841 4842
4840 4842 4843
4656 4844 4657
4845 4846 4657
4658 4657 4847
4658 4847 4848
4849 4850 4851
4849 4851 4852
4853 4854 4855
4856 4857 4858
4497 4206 4209
4497 4209 4498
4313 4513 4515
4313 4515 4314
4428 4199 4201
4428 4201 4425
4203 4202 4578
4203 4578 4616
4205 4204 4415
4205 4415 4412
4259 4203 4616
4259 4616 4725
4859 4750 4726
4859 4726 4729
4732 4731 4750
4732 4750 4859
4731 4733 4734
4726 4728 4729
4413 4416 4543
4413 4543 4542
4543 4416 4427
4543 4427 4546
4564 4559 4749
4564 4749 4741
4439 4441 4575
4564 4742 4743
4485 4718 4484
4470 4747 4748
4762 4761 4621
4762 4621 4620
4763 4619 4704
4763 4704 4764
4779 4778 4624
4779 4624 4780
4781 4623 4552
4781 4552 4782
4795 4452 4860
4861 4452 4794
4811 4477 4567
4811 4567 4812
4809 4818 4491
4809 4491 4810
4840 4839 4606
4840 4606 4841
4843 4842 4709
4843 4709 4833
4605 4842 4841
4842 4605 4614
4842 4614 4709
4606 4605 4841
4721 4433 4621
4417 4619 4620
4615 4623 4780
4624 4615 4780
4478 4477 4810
4491 4478 4810
4637 4820 4862
4700 4637 4863
4645 4864 4865
4649 4645 4644
4645 4866 4683
4535 4867 4868
4535 4869 4870
4869 4535 4538
4535 4871 4674
4437 4872 4873
4437 4874 4875
4874 4437 4436
4437 4876 4665
4658 4877 4878
4658 4879 4880
4879 4658 4848
4658 4881 4659
4657 4882 4883
4657 4846 4847
4507 4509 4831
4523 4654 4653
4747 4469 4746
4484 4718 4719
4742 4741 4884
4575 4441 4576
4733 4732 4885
4729 4728 4730
4397 4198 4197
4397 4197 4398
4455 4300 4301
4455 4301 4456
4304 4303 4884
4304 4884 4741
4749 4305 4304
4749 4304 4741
4306 4307 4406
4306 4406 4405
4310 4309 4885
4310 4885 4732
4859 4311 4310
4859 4310 4732
4729 4267 4311
4729 4311 4859
4514 4513 4609
4494 4493 4608
4477 4479 4567
4490 4491 4571
4452 4451 4860
4452 4462 4450
4861 4461 4452
4623 4549 4552
4555 4624 4556
4619 4420 4704
4621 4433 4417
4462 4461 4561
4860 4451 4740
4795 4860 4796
4796 4860 4740
4801 4461 4861
4169 4172 4483
4169 4483 4482
4172 4173 4476
4172 4476 4483
4258 4257 4717
4258 4717 4485
4646 4886 4887
4646 4802 4886
4808 4646 4888
4888 4646 4887
4889 4805 4806
4803 4805 4889
4807 4805 4890
4890 4805 4891
4642 4457 4460
4642 4460 4639
4793 4792 4443
4793 4443 4442
4892 4679 4597
4892 4597 4696
4681 4592 4595
4681 4595 4680
4592 4596 4595
4592 4594 4596
4597 4596 4651
4597 4651 4696
4638 4893 4894
4638 4819 4893
4895 4638 4894
4826 4638 4895
4896 4823 4824
4821 4823 4896
4825 4823 4897
4897 4823 4898
4690 4486 4489
4690 4489 4691
4899 4685 4601
4899 4601 4634
4694 4693 4474
4694 4474 4473
4600 4695 4686
4600 4686 4688
4698 4600 4688
4598 4600 4698
4601 4598 4632
4601 4632 4634
4536 4900 4901
4536 4785 4900
4788 4787 4902
4789 4536 4903
4904 4787 4786
4790 4787 4904
4902 4787 4905
4903 4536 4901
4677 4407 4410
4677 4410 4678
4671 4670 4906
4671 4906 4907
4676 4675 4409
4676 4409 4408
4906 4591 4774
4906 4774 4907
4630 4591 4906
4589 4591 4630
4670 4630 4906
4586 4670 4587
4407 4775 4408
4784 4676 4408
4438 4908 4909
4438 4767 4908
4910 4438 4909
4771 4438 4910
4770 4769 4911
4912 4769 4768
4772 4769 4912
4911 4769 4913
4661 4429 4432
4661 4432 4662
4582 4585 4757
4582 4757 4756
4667 4666 4431
4667 4431 4430
4581 4755 4610
4581 4610 4579
4581 4580 4622
4582 4612 4583
4582 4622 4612
4581 4622 4756
4579 4611 4580
4583 4613 4584
4588 4587 4672
4669 4590 4589
4593 4648 4594
4696 4697 4892
4617 4522 4832
4505 4618 4829
4882 4657 4844
4845 4657 4883
4852 4854 4853
4855 4854 4857
4852 4851 4854
4855 4857 4856
4688 4687 4698
4634 4633 4899
4637 4862 4914
4863 4637 4914
4645 4650 4864
4645 4865 4866
4535 4868 4871
4535 4870 4867
4437 4873 4876
4437 4875 4872
4658 4878 4881
4658 4880 4877
4361 4369 4366
4361 4366 4365
4369 4322 4357
4369 4319 4322
4357 4229 4395
4360 4028 4276
4230 4394 4395
4230 4395 4229
4357 4395 4366
4319 4339 4320
4346 4364 4345
4276 4346 4228
4228 4346 4345
4915 4168 4167
4915 4214 4168
4916 4917 4918
4916 4918 4919
4920 4921 4922
4920 4922 4923
4924 4925 4926
4924 4926 4927
4922 4928 4929
4922 4929 4923
4930 4931 4932
4930 4932 4933
4934 4935 4924
4934 4924 4936
4937 4938 4939
4940 4941 4942
4940 4942 4943
4944 4945 4946
4944 4946 4947
4948 4949 4950
4948 4950 4951
4928 4952 4953
4928 4953 4929
4954 4933 4932
4954 4932 4955
4950 4935 4934
4950 4934 4956
4944 4947 4957
4944 4957 4958
4938 4959 4960
4961 4962 4963
4961 4963 4964
4965 4966 4967
4965 4967 4968
4969 4970 4971
4969 4971 4972
4973 4974 4975
4973 4975 4976
4977 4978 4979
4977 4979 4980
4981 4962 4961
4981 4961 4982
4967 4983 4984
4967 4984 4985
4980 4979 4986
4980 4986 4943
4987 4988 4989
4987 4989 4990
4991 4992 4993
4994 4995 4990
4994 4990 4989
4992 4996 4997
4992 4997 4993
4998 4999 5000
4998 5000 5001
5002 4958 4957
5002 4957 5003
4959 5004 4960
5005 5006 5007
5005 5007 5008
5009 4995 4994
5009 4994 5010
4996 5011 5012
4996 5012 4997
5006 4999 5013
5006 5013 5007
5014 5015 5016
5014 5016 5017
5018 5019 5020
5018 5020 5016
5021 5022 4960
5021 4960 5004
5023 5024 5016
5023 5016 5015
5025 5026 5027
5025 5027 5028
5029 5030 5031
5029 5031 5032
5018 5029 5033
5018 5033 5019
5034 5035 5021
5034 5021 5036
5034 5026 5037
5034 5037 5038
5039 5031 5030
5039 5030 5040
5041 5042 5024
5043 5044 5045
5043 5045 5046
4986 5047 5048
4986 5048 5049
5050 5051 5052
5050 5052 5053
5050 5054 5051
5046 5055 5056
5046 5056 5043
5057 5058 5059
5057 5059 5060
5061 5062 5059
5061 5059 5058
5028 5063 5064
5028 5064 5025
4936 5065 5066
4936 5066 5067
4934 4936 5067
4934 5067 5068
4945 5069 4956
4945 4956 4946
4946 4956 4934
4946 4934 5068
4989 4988 5070
4989 5070 4993
5013 5071 5072
5013 5072 5014
5014 5017 5007
5014 5007 5013
4963 5073 5074
4963 5074 5075
4962 5076 5073
4962 5073 4963
4970 4966 4965
4970 4965 4971
4981 5077 5078
4981 5078 5079
5079 5076 4962
5079 4962 4981
5080 4966 4970
5080 4970 5081
5082 5083 4943
4957 4947 5084
4957 5084 5003
5085 4926 4925
5085 4925 5086
5087 5088 5089
5087 5089 4982
4985 4984 5090
4985 5090 5091
4964 5092 5093
4964 5093 4961
5094 5095 5096
5094 5096 5097
5098 4976 5099
5098 5099 5100
5101 5102 5055
5101 5055 5046
5103 5104 5039
5103 5039 5040
4985 5105 4968
4985 4968 4967
4966 5080 4983
4966 4983 4967
4964 5106 5107
5108 4982 5089
4925 4924 4935
4925 4935 5109
5109 4935 4950
5109 4950 4949
5071 5013 4999
5071 4999 4998
5110 5000 4999
5110 4999 5006
5006 5005 5111
5006 5111 5110
5067 4942 4941
5067 4941 5068
4946 5068 4941
4946 4941 4947
5081 4970 4969
5081 4969 5083
5014 5072 5003
5014 5003 5015
5112 5113 5114
5112 5114 5115
4978 5116 5047
4978 5047 4979
4986 4979 5047
5117 5118 5100
5117 5100 5099
4943 4986 5049
4943 5049 4940
4980 4969 4972
4980 4972 4977
4980 4943 5083
4980 5083 4969
5024 5023 5114
5024 5114 5041
4976 5098 5119
4976 5119 4973
5048 5112 5115
5048 5115 5049
5120 5121 5122
5123 5124 4972
5123 4972 4971
5123 4971 4965
5123 4965 5125
5125 4965 4968
5125 4968 5126
5127 5128 4953
5127 4953 5129
4959 4990 4995
4959 4995 5004
5130 5009 5010
5130 5010 5131
5126 4968 5105
5126 5105 5132
5133 5134 5135
5133 5135 5136
5045 5137 5101
5045 5101 5046
5138 5139 5140
5141 5142 5038
5141 5038 5037
5143 5144 5145
5143 5145 5146
5090 4984 5147
5090 5147 5148
5149 5147 4984
5149 4984 4983
5149 4983 5080
5149 5080 5150
5080 5081 5151
5080 5151 5150
5081 5083 5152
5081 5152 5151
5152 5083 5082
5152 5082 5153
5154 5153 5082
5154 5082 4942
4956 5069 4951
4956 4951 4950
4931 5155 5156
4931 5156 5157
5158 4931 4930
5159 4930 4922
5159 4922 4921
5067 5066 5154
5067 5154 4942
5160 5041 5140
5160 5140 5139
5041 5114 5113
5041 5113 5140
5161 5138 5140
5161 5140 5113
5112 5162 5161
5047 5163 5162
5047 5162 5048
5163 5047 5116
5163 5116 5164
4952 4954 5165
4952 5165 5166
4954 5167 5165
5017 5016 5020
5017 5020 5168
5169 5072 5071
5169 5071 5170
5171 5170 5071
5171 5071 4998
4998 5001 5172
4998 5172 5171
5173 5172 5001
5173 5001 5174
5072 5169 5002
5072 5002 5003
5175 5012 5011
5176 5177 5160
5176 5160 5178
5179 5180 5181
5179 5181 5182
5038 5181 5035
5038 5035 5034
5183 5184 5185
5183 5185 5032
5186 5187 5028
5186 5028 5027
5188 5189 5110
5188 5110 5111
5011 5190 5191
5011 5191 5192
5011 4996 5193
5011 5193 5190
4994 4989 4993
4994 4993 4997
5194 5195 4949
5194 4949 4948
5196 4955 5197
5196 5197 5198
4955 4932 5199
4955 5199 5197
5157 5199 4932
5157 4932 4931
4952 4928 4933
4952 4933 4954
4930 4933 4928
4930 4928 4922
4927 5065 4936
4927 4936 4924
5075 5106 4963
4963 5106 4964
5077 4981 5108
4981 4982 5108
4943 4942 5082
5084 5023 5015
5084 5015 5003
5023 5084 5115
5023 5115 5114
5049 5115 5084
5049 5084 4940
4947 4941 4940
4947 4940 5084
5018 5016 5024
5024 5029 5018
5042 5041 5177
5200 5201 5202
5200 5202 5203
5139 5204 5178
5139 5178 5160
5204 5139 5205
5206 5207 5208
5206 5208 5209
5206 5209 5210
5211 5122 5121
5211 5121 5209
4974 5212 4937
4974 4937 4975
4923 4929 4938
4923 4938 4937
5213 5214 5215
5213 5215 5212
5215 5214 4920
5215 4920 4923
4929 4953 4959
4929 4959 4938
5129 4953 4952
5129 4952 5166
4987 4990 5128
4987 5128 5127
5004 4995 5009
5004 5009 5021
5216 5217 5009
5216 5009 5130
5022 5021 5035
5022 5035 5218
5181 5180 5218
5181 5218 5035
5217 5216 5219
5217 5219 5036
5215 4923 4937
4959 4953 5128
5217 5021 5009
5220 5045 5044
5220 5044 5221
4917 5222 5223
4917 5223 4918
5137 5045 5220
5137 5220 5224
5225 5226 5134
5225 5134 5133
5227 5207 5228
5227 5228 5229
5134 5229 5228
5134 5228 5135
5230 4975 4937
5230 4937 4939
4918 5223 5221
4918 5221 5044
4977 4972 5124
4977 5124 5231
5231 5232 4978
5231 4978 4977
5232 5233 5116
5232 5116 4978
5230 5099 4976
5230 4976 4975
5234 4916 5164
5235 5236 5226
5235 5226 5225
5221 5237 5238
5221 5238 5220
5239 5240 5200
5239 5200 5203
5095 5202 5201
5095 5201 5096
5223 5241 5237
5223 5237 5221
5238 5242 5224
5238 5224 5220
5241 5223 5222
5241 5222 5243
5097 5226 5236
5097 5236 5094
5211 5209 5244
5211 5244 5245
5207 5206 5246
5207 5246 5228
5246 5247 5136
5246 5136 5135
5043 5056 5248
5043 5248 4919
5227 5229 5097
5227 5097 5096
5229 5134 5226
5229 5226 5097
5096 5201 5249
5096 5249 5227
5250 5054 5180
5250 5180 5179
5050 5218 5180
5050 5180 5054
5122 4960 5022
5122 5022 5053
4960 5122 5211
4960 5211 4939
5245 5230 4939
5245 4939 5211
5245 5244 5117
4919 4918 5044
4919 5044 5043
5248 4916 4919
5251 4916 5234
5251 5234 5252
5253 5249 5201
5253 5201 5200
5253 5254 5255
5253 5255 5256
5253 5200 5240
5253 5240 5254
5244 5257 5256
5038 5142 5182
5038 5182 5181
5103 5040 5177
5103 5177 5176
5042 5177 5040
5042 5040 5030
5030 5029 5024
5030 5024 5042
5209 5121 5210
5093 5087 4982
5093 4982 4961
4985 5091 5258
4985 5258 5105
5092 4964 5107
5092 5107 5259
5258 5260 5132
5258 5132 5105
5052 5051 5261
5262 5204 5205
5257 5208 5249
5208 5227 5249
5120 5261 5210
5120 5210 5121
5263 5264 5062
5263 5062 5061
5144 5143 5064
5144 5064 5265
5264 5263 5266
5264 5266 5267
5268 5269 5063
5268 5063 5270
5174 5001 5000
5174 5000 5271
5189 5271 5000
5189 5000 5110
5272 4992 5273
5272 5273 5274
5272 5193 4996
5272 4996 4992
5017 5168 5008
5017 5008 5007
5010 5012 5275
5010 5275 5131
4997 5012 5010
4997 5010 4994
4949 5195 5276
4949 5276 5109
5086 4925 5109
5086 5109 5276
5273 4992 4991
5070 4991 4993
5275 5012 5175
5192 5175 5011
5155 4931 5158
5159 5158 4930
4955 5167 4954
5196 5167 4955
5213 5212 5079
5213 5079 5078
5076 5079 5212
5076 5212 4974
4974 4973 5073
4974 5073 5076
4973 5119 5074
4973 5074 5073
5036 5021 5217
4990 4959 5128
5212 5215 4937
5060 5059 5277
5060 5277 5278
5059 5062 5279
5059 5279 5277
5269 5265 5064
5269 5064 5063
5280 5143 5146
5280 5146 5281
5264 5183 5279
5264 5279 5062
5025 5064 5143
5025 5143 5280
5267 5184 5183
5267 5183 5264
5270 5063 5028
5270 5028 5187
5026 5034 5036
5026 5036 5027
5032 5031 5279
5032 5279 5183
5280 5037 5026
5280 5026 5025
5279 5031 5039
5279 5039 5277
5104 5278 5277
5104 5277 5039
5037 5280 5281
5037 5281 5141
5032 5185 5033
5032 5033 5029
5219 5186 5027
5219 5027 5036
5245 5117 5099
5245 5099 5230
4917 4916 5251
5282 5283 5256
5282 5256 5255
5048 5162 5112
5113 5112 5161
5246 5135 5228
4939 4938 4960
5054 5250 5284
5120 5122 5053
5120 5053 5052
5053 5022 5218
5053 5218 5050
5261 5120 5052
5051 5054 5284
5205 5139 5138
5041 5160 5177
5285 5286 5287
5285 5287 5288
5289 5290 5286
5289 5286 5285
5291 5292 5293
5291 5293 5294
5295 5296 5297
5295 5297 5298
5292 5291 5290
5292 5290 5289
5299 5300 5301
5299 5301 5302
5302 5301 5303
5302 5303 5304
5305 5306 5307
5305 5307 5308
5309 5310 5311
5309 5311 5312
5313 5314 5315
5313 5315 5316
5303 5315 5314
5303 5314 5304
5317 5318 5319
5317 5319 5320
5321 5305 5308
5321 5308 5322
5323 5324 5325
5323 5325 5326
5327 5328 5329
5330 5331 5332
5330 5332 5333
5334 5335 5336
5334 5336 5337
5338 5339 5340
5341 5342 5343
5341 5343 5344
5345 5346 5347
5345 5347 5348
5335 5334 5342
5335 5342 5341
5349 5339 5350
5351 5352 5353
5351 5353 5354
5355 5356 5357
5355 5357 5358
5359 5360 5361
5359 5361 5362
5353 5352 5363
5353 5363 5364
5365 5366 5367
5368 5369 5370
5368 5370 5371
5372 5373 5355
5372 5355 5358
5374 5375 5376
5374 5376 5377
5367 5364 5368
5367 5368 5378
5367 5378 5379
5380 5381 5382
5383 5384 5385
5383 5385 5386
5387 5388 5389
5387 5389 5390
5391 5392 5393
5391 5393 5394
5395 5396 5397
5398 5391 5394
5398 5394 5399
5400 5401 5402
5383 5403 5404
5383 5404 5384
5389 5388 5405
5389 5405 5406
5407 5408 5409
5407 5409 5410
5411 5412 5413
5411 5413 5414
5415 5416 5417
5415 5417 5418
5419 5420 5421
5419 5421 5422
5423 5424 5425
5423 5425 5426
5427 5428 5429
5427 5429 5430
5428 5427 5431
5428 5431 5432
5433 5434 5435
5433 5435 5436
5431 5433 5436
5431 5436 5432
5437 5438 5439
5437 5439 5440
5441 5442 5443
5441 5443 5444
5327 5329 5445
5327 5445 5446
5447 5327 5446
5447 5446 5448
5350 5449 5450
5350 5450 5451
5447 5448 5452
5447 5452 5453
5454 5455 5366
5454 5366 5456
5457 5458 5358
5457 5358 5357
5378 5459 5460
5378 5460 5461
5358 5458 5462
5358 5462 5372
5263 5061 5363
5263 5363 5352
5265 5355 5373
5265 5373 5144
5266 5263 5352
5266 5352 5351
5265 5269 5356
5265 5356 5355
5195 5292 5289
5195 5289 5276
5276 5289 5285
5276 5285 5086
5337 5174 5271
5337 5271 5334
5334 5271 5189
5334 5189 5342
5272 5274 5463
5272 5463 5464
5314 5087 5093
5314 5093 5304
5258 5091 5465
5258 5465 5466
5259 5299 5302
5259 5302 5092
5467 5468 5469
5470 5471 5472
5470 5472 5473
5474 5475 5476
5477 5478 5479
5480 5481 5482
5483 5484 5485
5486 5487 5488
5488 5489 5486
5490 5392 5391
5490 5391 5380
5398 5386 5380
5398 5380 5391
5400 5410 5409
5400 5409 5491
5383 5417 5416
5383 5416 5403
5492 5493 5494
5492 5494 5495
5236 5235 5496
5236 5496 5381
5238 5237 5388
5238 5388 5387
5203 5402 5497
5203 5497 5239
5384 5404 5202
5384 5202 5095
5388 5237 5241
5388 5241 5405
5498 5467 5499
5500 5473 5501
5495 5502 5390
5495 5390 5389
5495 5389 5406
5495 5406 5492
5290 5503 5437
5290 5437 5286
5291 5443 5503
5291 5503 5290
5308 5307 5466
5308 5466 5465
5322 5308 5465
5322 5465 5504
5335 5338 5340
5335 5340 5336
5338 5335 5341
5338 5341 5350
5364 5367 5366
5364 5366 5353
5364 5363 5369
5364 5369 5368
5294 5444 5443
5294 5443 5291
5449 5350 5341
5449 5341 5344
5354 5353 5366
5354 5366 5455
5407 5505 5408
5394 5393 5506
5305 5507 5306
5305 5508 5509
5510 5500 5433
5510 5433 5431
5427 5469 5510
5427 5510 5431
5430 5499 5469
5430 5469 5427
5434 5433 5500
5434 5500 5501
5511 5437 5503
5443 5512 5503
5474 5513 5514
5474 5514 5475
5438 5419 5422
5438 5422 5439
5442 5441 5515
5442 5515 5516
5517 5518 5519
5517 5519 5477
5520 5521 5522
5523 5524 5525
5523 5525 5526
5527 5528 5529
5527 5529 5530
5531 5532 5533
5531 5533 5534
5482 5535 5536
5537 5533 5538
5451 5450 5530
5451 5530 5529
5485 5539 5452
5485 5452 5448
5448 5446 5481
5448 5481 5485
5445 5535 5481
5445 5481 5446
5540 5541 5542
5540 5542 5543
5544 5545 5546
5544 5546 5547
5548 5549 5550
5548 5550 5551
5552 5553 5325
5552 5325 5324
5554 5311 5310
5554 5310 5555
5556 5557 5479
5558 5476 5559
5558 5559 5560
5561 5562 5423
5561 5423 5426
5563 5421 5420
5563 5420 5564
5516 5515 5565
5516 5565 5566
5567 5484 5483
5567 5483 5568
5536 5569 5480
5536 5480 5482
5570 5571 5533
5570 5533 5532
5572 5573 5489
5572 5489 5488
5574 5575 5576
5577 5578 5579
5577 5579 5580
5376 5581 5582
5376 5582 5377
5488 5487 5583
5488 5583 5572
5584 5585 5539
5578 5577 5461
5578 5461 5460
5486 5520 5462
5486 5462 5458
5458 5457 5586
5458 5586 5486
5362 5454 5456
5362 5456 5359
5587 5588 5525
5260 5258 5466
5260 5466 5589
5307 5590 5589
5307 5589 5466
5591 5592 5306
5591 5306 5593
5593 5309 5312
5593 5312 5591
5307 5306 5592
5307 5592 5590
5242 5238 5387
5242 5387 5594
5390 5595 5594
5390 5594 5387
5596 5597 5502
5596 5502 5598
5598 5599 5600
5598 5600 5596
5380 5382 5490
5491 5401 5400
5595 5390 5502
5595 5502 5597
5493 5601 5541
5493 5541 5540
5492 5602 5601
5492 5601 5493
5492 5406 5603
5492 5603 5602
5406 5405 5604
5406 5604 5603
5243 5604 5405
5243 5405 5241
5378 5368 5371
5378 5371 5459
5373 5605 5606
5607 5372 5462
5607 5462 5608
5520 5522 5608
5520 5608 5462
5609 5610 5549
5609 5549 5548
5321 5611 5610
5321 5610 5609
5612 5611 5321
5612 5321 5322
5322 5504 5613
5322 5613 5612
5440 5287 5286
5440 5286 5437
5614 5615 5514
5614 5514 5513
5615 5614 5616
5157 5156 5617
5157 5617 5618
5619 5620 5621
5619 5517 5622
5619 5622 5623
5622 5517 5477
5622 5477 5557
5173 5174 5337
5173 5337 5624
5336 5625 5624
5336 5624 5337
5336 5340 5626
5336 5626 5625
5627 5626 5340
5627 5340 5628
5628 5332 5331
5628 5331 5627
5453 5629 5630
5453 5452 5631
5453 5631 5632
5631 5452 5539
5631 5539 5585
5586 5457 5633
5586 5633 5576
5357 5634 5633
5357 5633 5457
5356 5635 5357
5269 5268 5636
5269 5636 5356
5193 5272 5464
5193 5464 5637
5518 5517 5619
5518 5619 5638
5639 5587 5525
5639 5525 5524
5428 5301 5300
5428 5300 5429
5327 5447 5637
5327 5637 5464
5316 5315 5436
5316 5436 5435
5386 5385 5381
5386 5381 5380
5399 5418 5417
5399 5417 5398
5417 5383 5386
5417 5386 5398
5094 5236 5381
5094 5381 5385
5403 5400 5402
5403 5402 5404
5416 5415 5407
5416 5407 5410
5400 5403 5416
5400 5416 5410
5415 5640 5505
5415 5505 5407
5641 5642 5418
5641 5418 5399
5643 5644 5645
5643 5645 5468
5470 5510 5645
5317 5320 5646
5317 5646 5551
5646 5647 5548
5646 5548 5551
5648 5609 5548
5648 5548 5647
5649 5508 5609
5649 5609 5648
5650 5651 5507
5650 5507 5509
5652 5653 5309
5652 5309 5593
5653 5654 5310
5653 5310 5309
5654 5320 5555
5654 5555 5310
5552 5324 5655
5656 5657 5658
5659 5324 5323
5660 5658 5661
5478 5662 5556
5478 5556 5479
5295 5663 5566
5663 5664 5516
5663 5516 5566
5665 5442 5516
5665 5516 5664
5666 5512 5442
5666 5442 5665
5667 5668 5511
5667 5511 5669
5670 5671 5419
5670 5419 5438
5671 5672 5420
5671 5420 5419
5672 5564 5420
5561 5426 5673
5674 5675 5676
5677 5426 5425
5678 5676 5679
5513 5518 5638
5513 5638 5614
5519 5518 5513
5519 5513 5474
5474 5558 5519
5680 5348 5347
5680 5347 5681
5682 5683 5339
5684 5685 5332
5684 5332 5628
5686 5333 5332
5686 5332 5685
5686 5348 5680
5686 5680 5333
5687 5528 5345
5687 5345 5348
5687 5688 5529
5687 5529 5528
5689 5451 5529
5689 5529 5688
5689 5349 5451
5570 5532 5690
5691 5692 5693
5694 5695 5692
5696 5532 5531
5697 5698 5365
5697 5365 5699
5700 5701 5359
5700 5359 5456
5702 5360 5359
5702 5359 5701
5702 5377 5582
5702 5582 5360
5703 5580 5374
5703 5374 5377
5703 5704 5577
5703 5577 5580
5705 5461 5577
5705 5577 5704
5706 5379 5461
5706 5461 5705
5639 5524 5707
5525 5708 5526
5709 5710 5711
5712 5713 5710
5714 5524 5523
5506 5641 5399
5506 5399 5394
5640 5415 5418
5640 5418 5642
5715 5716 5642
5715 5642 5641
5641 5506 5717
5641 5717 5715
5718 5640 5642
5718 5642 5716
5395 5414 5413
5395 5413 5719
5396 5600 5599
5396 5599 5397
5640 5718 5720
5640 5720 5505
5411 5542 5412
5721 5722 5599
5721 5599 5598
5722 5723 5397
5722 5397 5599
5723 5395 5397
5724 5543 5411
5725 5540 5543
5725 5543 5724
5726 5493 5540
5726 5540 5725
5727 5494 5493
5727 5493 5726
5728 5729 5730
5728 5730 5731
5544 5547 5732
5733 5547 5734
5546 5735 5736
5546 5736 5547
5737 5738 5739
5737 5740 5738
5741 5742 5743
5744 5745 5746
5385 5384 5095
5385 5095 5094
5203 5202 5404
5203 5404 5402
5314 5313 5088
5314 5088 5087
5090 5504 5465
5090 5465 5091
5092 5302 5304
5092 5304 5093
5148 5613 5504
5148 5504 5090
5747 5618 5614
5747 5614 5638
5621 5747 5638
5621 5638 5619
5619 5623 5620
5614 5618 5616
5301 5428 5432
5301 5432 5303
5432 5436 5315
5432 5315 5303
5453 5630 5637
5453 5637 5447
5327 5464 5328
5453 5632 5629
5373 5372 5605
5356 5636 5635
5650 5509 5508
5650 5508 5649
5651 5652 5593
5651 5593 5507
5667 5669 5512
5667 5512 5666
5668 5670 5438
5668 5438 5511
5683 5748 5339
5749 5682 5339
5698 5700 5456
5698 5456 5365
5697 5699 5379
5697 5379 5706
5728 5731 5494
5728 5494 5727
5729 5721 5598
5729 5598 5730
5495 5731 5730
5730 5598 5502
5730 5502 5495
5494 5731 5495
5609 5508 5321
5305 5509 5507
5503 5669 5511
5512 5669 5503
5367 5699 5365
5379 5699 5367
5525 5750 5708
5588 5751 5525
5533 5752 5753
5537 5534 5533
5533 5571 5754
5423 5755 5756
5423 5757 5758
5758 5424 5423
5423 5562 5759
5325 5760 5761
5325 5762 5763
5763 5326 5325
5325 5553 5764
5546 5765 5766
5546 5767 5768
5768 5735 5546
5546 5545 5769
5547 5770 5771
5547 5736 5734
5395 5719 5396
5411 5543 5542
5635 5634 5357
5372 5607 5605
5629 5772 5630
5464 5463 5328
5620 5773 5621
5618 5617 5616
5285 5288 5085
5285 5085 5086
5343 5342 5189
5343 5189 5188
5190 5630 5772
5190 5772 5191
5637 5630 5190
5637 5190 5193
5194 5293 5292
5194 5292 5195
5197 5621 5773
5197 5773 5198
5747 5621 5197
5747 5197 5199
5618 5747 5199
5618 5199 5157
5401 5497 5402
5381 5496 5382
5365 5456 5366
5378 5461 5379
5339 5748 5340
5339 5338 5350
5749 5339 5349
5511 5438 5437
5443 5442 5512
5507 5593 5306
5508 5305 5321
5350 5451 5349
5748 5628 5340
5683 5684 5748
5684 5628 5748
5689 5749 5349
5057 5370 5369
5057 5369 5058
5058 5369 5363
5058 5363 5061
5144 5373 5606
5144 5606 5145
5532 5774 5775
5532 5775 5690
5696 5776 5532
5776 5774 5532
5777 5694 5692
5691 5777 5692
5695 5778 5692
5778 5779 5692
5528 5527 5346
5528 5346 5345
5681 5330 5333
5681 5333 5680
5780 5584 5484
5780 5484 5567
5569 5568 5483
5569 5483 5480
5480 5483 5485
5480 5485 5481
5484 5539 5485
5484 5584 5539
5524 5781 5782
5524 5782 5707
5783 5781 5524
5714 5783 5524
5784 5712 5710
5709 5784 5710
5713 5785 5710
5785 5786 5710
5580 5579 5375
5580 5375 5374
5787 5521 5489
5787 5489 5573
5581 5361 5360
5581 5360 5582
5487 5575 5574
5487 5574 5583
5586 5575 5487
5486 5586 5487
5489 5520 5486
5489 5521 5520
5426 5788 5789
5426 5789 5673
5675 5790 5676
5677 5791 5426
5792 5674 5676
5678 5792 5676
5790 5793 5676
5791 5788 5426
5566 5565 5296
5566 5296 5295
5560 5794 5795
5560 5795 5558
5564 5298 5297
5564 5297 5563
5795 5794 5662
5795 5662 5478
5519 5795 5478
5477 5519 5478
5558 5795 5519
5474 5476 5558
5295 5298 5663
5672 5298 5564
5324 5796 5797
5324 5797 5655
5798 5796 5324
5659 5798 5324
5657 5799 5658
5800 5656 5658
5660 5800 5658
5799 5801 5658
5551 5550 5318
5551 5318 5317
5470 5645 5644
5470 5644 5471
5555 5320 5319
5555 5319 5554
5468 5467 5498
5468 5498 5643
5468 5510 5469
5470 5473 5500
5470 5500 5510
5468 5645 5510
5467 5469 5499
5473 5472 5501
5475 5559 5476
5557 5477 5479
5482 5481 5535
5584 5780 5585
5505 5720 5408
5393 5717 5506
5771 5732 5547
5733 5770 5547
5740 5741 5743
5742 5746 5743
5740 5743 5738
5742 5744 5746
5575 5586 5576
5521 5787 5522
5525 5802 5750
5751 5802 5525
5533 5753 5538
5533 5754 5752
5423 5759 5755
5423 5756 5757
5325 5764 5760
5325 5761 5762
5546 5769 5765
5546 5766 5767
5249 5253 5256
5249 5256 5257
5257 5244 5209
5257 5209 5208
5244 5283 5117
5248 5164 4916
5118 5117 5283
5118 5283 5282
5244 5256 5283
5208 5207 5227
5234 5233 5252
5164 5116 5234
5116 5233 5234
5803 5056 5055
5803 5055 5102
5804 5805 5806
5807 5808 5809
5807 5809 5810
5811 5812 5813
5814 5812 5811
5815 5816 5817
5815 5817 5818
5819 5820 5821
5819 5821 5822
5823 5824 5825
5823 5825 5826
5818 5817 5822
5818 5822 5821
5810 5809 5827
5828 5829 5830
5828 5830 5831
5831 5830 5826
5831 5826 5825
5832 5833 5834
5832 5834 5814
5811 5813 5835
5836 5837 5811
5838 5812 5834
5839 5840 5812
5829 5828 5820
5829 5820 5819
5811 5835 5836
5841 5842 5843
5844 5806 5805
5844 5805 5845
5846 5847 5848
5846 5848 5849
5850 5851 5852
5850 5852 5853
5810 5850 5853
5810 5853 5854
5851 5855 5856
5851 5856 5852
5857 5858 5859
5847 5857 5859
5842 5806 5860
5861 5862 5863
5855 5862 5864
5855 5864 5856
5865 5863 5833
5865 5833 5832
5862 5855 5833
5847 5866 5867
5847 5867 5848
5807 5868 5869
5870 5861 5857
5862 5861 5871
5862 5871 5864
5857 5863 5858
5861 5870 5872
5861 5872 5871
5873 5874 5875
5873 5875 5876
5876 5875 5877
5876 5877 5878
5879 5880 5881
5882 5867 5866
5882 5866 5883
5884 5885 5886
5884 5886 5887
5888 5881 5880
5882 5883 5880
5882 5880 5879
5889 5890 5844
5889 5844 5845
5860 5891 5892
5890 5891 5860
5890 5860 5844
5893 5873 5876
5893 5876 5894
5876 5878 5894
5810 5838 5850
5839 5838 5827
5895 5873 5893
5875 5846 5849
5875 5849 5877
5874 5870 5846
5874 5846 5875
5858 5896 5804
5858 5804 5897
5842 5897 5806
5841 5859 5842
5898 5899 5900
5901 5887 5886
5901 5886 5902
5901 5902 5903
5901 5903 5904
5904 5903 5905
5904 5905 5906
5907 5908 5909
5907 5909 5910
5905 5908 5907
5905 5907 5906
5911 5912 5913
5911 5913 5914
5910 5909 5912
5910 5912 5911
5914 5913 5915
5914 5915 5916
5917 5918 5919
5917 5919 5920
5921 5922 5923
5921 5923 5924
5923 5925 5926
5923 5926 5924
5927 5928 5929
5927 5929 5930
5930 5929 5931
5930 5931 5932
5933 5934 5935
5933 5935 5936
5937 5938 5939
5937 5939 5940
5932 5931 5938
5932 5938 5937
5926 5925 5934
5926 5934 5933
5936 5935 5928
5936 5928 5927
5941 5942 5943
5941 5943 5944
5945 5946 5947
5945 5947 5948
5946 5949 5950
5946 5950 5947
5951 5952 5953
5951 5953 5954
5955 5956 5957
5955 5957 5958
5949 5951 5954
5949 5954 5950
5959 5960 5961
5960 5962 5963
5964 5959 5961
5965 5966 5959
5966 5967 5959
5968 5969 5959
5970 5971 5959
5967 5968 5959
5972 5973 5959
5974 5975 5959
5976 5977 5959
5977 5978 5959
5979 5980 5959
5978 5981 5959
5975 5979 5959
5980 5976 5959
5964 5982 5959
5982 5983 5959
5984 5985 5962
5959 5986 5987
5974 5959 5987
5854 5868 5807
5854 5807 5810
5872 5870 5874
5872 5874 5988
5959 5983 5989
5990 5918 5917
5990 5917 5991
5944 5943 5955
5944 5955 5958
5866 5841 5883
5956 5945 5948
5956 5948 5957
5992 5993 5824
5992 5824 5823
5869 5994 5808
5869 5808 5807
5995 5832 5814
5995 5814 5837
5860 5806 5844
5996 5865 5832
5996 5832 5995
5896 5858 5865
5896 5865 5996
5981 5972 5959
5834 5833 5851
5850 5834 5851
5857 5847 5870
5960 5997 5998
5960 5999 6000
5960 5998 5999
5960 6001 5984
5960 6000 6001
5898 6002 6003
5866 5859 5841
5915 5990 5991
5915 5991 5916
5988 5874 5873
5988 5873 5895
5959 5989 5986
5847 5859 5866
5880 5883 5841
5880 5841 5888
6004 5841 5843
5888 5841 6004
5843 5842 6005
5961 5960 5963
5960 5984 5962
5836 5835 6006
5813 5812 5840
5859 5858 5897
5870 5847 5846
5810 5827 5838
5839 5812 5838
5862 5833 5863
5850 5838 5834
5834 5812 5814
5811 5837 5814
5842 5859 5897
5804 5806 5897
5851 5833 5855
5857 5861 5863
5858 5863 5865
5962 5985 6003
5898 6003 5985
5898 5900 6002
6007 5805 5804
6008 6009 6010
6008 6010 6011
6012 6013 6014
6014 6013 6015
5815 6016 6017
5815 6017 5816
6018 6019 6020
6018 6020 6021
6022 6023 6024
6022 6024 6025
6016 6020 6019
6016 6019 6017
6026 6010 6009
6027 6028 6029
6027 6029 6030
6028 6024 6023
6028 6023 6029
6031 6015 6032
6031 6032 6033
6034 6012 6014
6014 5837 5836
6032 6013 6035
6013 6036 6037
6030 6018 6021
6030 6021 6027
5836 6034 6014
6038 6039 6040
6041 5845 5805
6041 5805 6007
6042 6043 6044
6042 6044 6045
6046 6047 6048
6046 6048 6049
6009 6050 6047
6009 6047 6046
6049 6048 6051
6049 6051 6052
6053 6054 6055
6053 6055 6045
6056 6039 6057
6056 6057 6058
6059 6060 6061
6052 6051 6062
6052 6062 6060
6063 6031 6033
6063 6033 6059
6033 6052 6060
6045 6044 6064
6045 6064 6065
6066 6067 6008
6055 6061 6068
6060 6062 6069
6060 6069 6061
6054 6059 6055
6061 6069 6070
6061 6070 6068
6071 6072 6073
6071 6073 6074
6074 6075 6076
6074 6076 6071
6077 6078 6079
6080 6081 6065
6080 6065 6064
6082 6083 6084
6082 6084 6085
6078 6077 6086
6078 6081 6080
6078 6080 6079
5889 5845 6041
5889 6041 6087
6058 6088 6056
6087 6041 6056
6087 6056 6088
6074 6073 6089
6074 6089 6090
6090 6075 6074
6046 6035 6009
6026 6035 6037
6089 6073 6091
6071 6076 6043
6071 6043 6042
6042 6068 6072
6042 6072 6071
6054 6092 5804
6054 5804 5896
6007 6092 6039
6039 6053 6040
6093 6094 6095
6082 6085 6096
6082 6096 6097
6096 6098 6099
6096 6099 6097
6098 6100 6101
6098 6101 6099
6102 6103 6104
6102 6104 6105
6102 6105 6101
6102 6101 6100
6106 6107 6108
6106 6108 6109
6103 6106 6109
6103 6109 6104
6107 6110 6111
6107 6111 6108
6112 6113 6114
6112 6114 6115
6116 6117 6118
6116 6118 6119
6120 6121 6118
6120 6118 6117
6122 6123 6124
6122 6124 6125
6123 6126 6127
6123 6127 6124
6128 6129 6130
6128 6130 6131
6132 6133 6134
6132 6134 6135
6126 6132 6135
6126 6135 6127
6120 6128 6131
6120 6131 6121
6129 6122 6125
6129 6125 6130
6136 6137 6138
6136 6138 6139
6140 6141 6142
6140 6142 6143
6144 6145 6141
6144 6141 6140
5953 5952 6146
5953 6146 6147
6148 6149 6150
6148 6150 6151
6147 6146 6145
6147 6145 6144
6152 5960 5959
6153 6154 5960
6152 5959 6155
5959 6156 6157
5959 6158 6156
5959 5969 6159
5959 6160 6161
5959 6159 6158
5959 6162 6163
5959 6164 6165
5959 6166 6167
5959 6168 6166
5959 6169 6170
5959 6171 6168
5959 6170 6164
5959 6167 6169
5959 6172 6155
5959 6173 6172
6154 6174 6175
6176 6177 5959
6176 5959 6165
6050 6009 6008
6050 6008 6067
6072 6068 6070
6072 6070 6178
6179 6173 5959
6112 6115 6180
6112 6180 6181
6137 6151 6150
6137 6150 6138
6081 6040 6065
6143 6142 6149
6143 6149 6148
6182 6022 6025
6182 6025 6183
6066 6008 6011
6066 6011 6184
6015 6031 5995
6015 5995 5837
6041 6007 6056
6031 6063 5996
6031 5996 5995
6063 6054 5896
6063 5896 5996
5959 6163 6171
6049 6033 6032
6049 6032 6046
6068 6045 6055
6185 5997 5960
6186 6187 5960
6187 6185 5960
6175 6188 5960
6188 6186 5960
6189 6190 6095
6040 6053 6065
6111 6110 6181
6111 6181 6180
6073 6072 6178
6073 6178 6091
6177 6179 5959
6065 6053 6045
6078 6086 6040
6078 6040 6081
6038 6040 6191
6191 6040 6086
6057 6039 6038
6153 5960 6152
6154 6175 5960
6006 6034 5836
6036 6013 6012
6092 6054 6053
6042 6045 6068
6035 6026 6009
6035 6013 6037
6059 6033 6060
6032 6035 6046
6015 6013 6032
6015 5837 6014
6092 6053 6039
6092 6007 5804
6052 6033 6049
6059 6061 6055
6063 6059 6054
6189 6174 6154
6174 6189 6095
6190 6093 6095
5965 5959 5971
5959 6157 6160
5970 5959 5973
5959 6161 6162
6056 6007 6039
6005 5842 5860
6005 5860 5892
6192 6193 6194
6192 6194 6195
6195 6194 6196
6195 6196 6197
6198 6199 6200
6198 6200 6201
6197 6196 6199
6197 6199 6198
6202 6203 6204
6202 6204 6205
6205 6204 6206
6205 6206 6207
6208 6209 6210
6208 6210 6211
6207 6206 6209
6207 6209 6208
6212 6213 6214
6215 6216 6217
6201 6200 6215
6201 6215 6217
6211 6210 6212
6211 6212 6214
6192 6218 6219
6192 6219 6193
6218 6220 6221
6218 6221 6219
6222 6223 6224
6222 6224 6225
6220 6222 6225
6220 6225 6221
6202 6226 6227
6202 6227 6203
6226 6228 6229
6226 6229 6227
6230 6231 6232
6230 6232 6233
6228 6230 6233
6228 6233 6229
6234 6235 6236
6237 6238 6239
6223 6238 6237
6223 6237 6224
6231 6235 6234
6231 6234 6232
6240 6241 6242
6243 6244 6242
6245 6246 6247
6245 6247 6248
6249 6250 6246
6249 6246 6245
6251 6252 6250
6251 6250 6249
6251 6253 6254
6251 6254 6252
6253 6255 6256
6253 6256 6254
6255 6257 6258
6255 6258 6256
6257 6259 6260
6257 6260 6258
6259 6261 6262
6259 6262 6260
6261 6263 6264
6261 6264 6262
6265 6266 6267
6265 6267 6268
6269 6270 6267
6269 6267 6266
6248 6247 6270
6248 6270 6269
6271 6272 6273
6271 6273 6274
6272 6275 6276
6272 6276 6273
6277 6278 6279
6277 6279 6280
6275 6277 6280
6275 6280 6276
6281 6282 6283
6281 6283 6284
6282 6285 6286
6282 6286 6283
6287 6288 6289
6287 6289 6290
6285 6287 6290
6285 6290 6286
6291 6292 6293
6294 6295 6296
6278 6295 6294
6278 6294 6279
6288 6292 6291
6288 6291 6289
6271 6274 6297
6271 6297 6298
6298 6297 6299
6298 6299 6300
6301 6302 6303
6301 6303 6304
6300 6299 6302
6300 6302 6301
6281 6284 6305
6281 6305 6306
6306 6305 6307
6306 6307 6308
6309 6310 6311
6309 6311 6312
6308 6307 6310
6308 6310 6309
6313 6314 6315
6316 6317 6318
6304 6303 6316
6304 6316 6318
6312 6311 6313
6312 6313 6315
6319 6320 6321
6322 6323 6321
6324 6325 6326
6324 6326 6327
6328 6324 6327
6328 6327 6329
6330 6328 6329
6330 6329 6331
6330 6331 6332
6330 6332 6333
6333 6332 6334
6333 6334 6335
6335 6334 6336
6335 6336 6337
6337 6336 6338
6337 6338 6339
6339 6338 6340
6339 6340 6341
6342 6341 6340
6342 6340 6343
6344 6345 6346
6344 6346 6347
6348 6344 6347
6348 6347 6349
6325 6348 6349
6325 6349 6326
6350 6351 6352
6350 6352 6353
6354 6355 6356
6354 6356 6357
6358 6353 6352
6358 6352 6359
6360 6361 6362
6360 6362 6363
6364 6365 6366
6364 6366 6367
6368 6369 6370
6371 6372 6368
6371 6368 6370
6350 6373 6374
6350 6374 6375
6355 6354 6376
6355 6376 6377
6376 6354 6378
6379 6380 6381
6379 6381 6382
6367 6366 6379
6367 6379 6382
6383 6355 6377
6383 6377 6384
6350 6375 6385
6350 6385 6351
6363 6386 6387
6363 6387 6360
6388 6356 6355
6388 6355 6383
6389 6372 6357
6374 6354 6371
6373 6350 6353
6373 6353 6381
6358 6381 6353
6390 6378 6373
6381 6380 6390
6381 6390 6373
6370 6375 6374
6370 6374 6371
6375 6369 6385
6351 6385 6391
6351 6391 6392
6393 6394 6395
6393 6395 6396
6397 6398 6399
6397 6399 6400
6363 6362 6365
6363 6365 6364
6364 6401 6386
6364 6386 6363
6359 6402 6403
6359 6403 6358
6397 6404 6398
6405 6406 6407
6405 6407 6408
6409 6410 6411
6409 6411 6384
6412 6413 6414
6412 6414 6415
6388 6406 6416
6388 6416 6417
6417 6418 6356
6417 6356 6388
6401 6419 6420
6401 6420 6421
6382 6403 6367
6422 6399 6398
6422 6398 6423
6404 6424 6423
6404 6423 6398
6425 6426 6427
6425 6427 6428
6405 6429 6406
6430 6425 6431
6415 6414 6431
6415 6431 6425
6431 6414 6397
6432 6433 6434
6432 6434 6435
6436 6437 6438
6436 6438 6439
6440 6441 6442
6440 6442 6443
6444 6445 6437
6435 6446 6442
6435 6442 6432
6447 6448 6449
6447 6449 6450
6451 6365 6362
6451 6362 6452
6361 6453 6454
6455 6456 6457
6455 6457 6458
6457 6459 6460
6457 6460 6461
6462 6463 6377
6462 6377 6376
6380 6464 6465
6380 6465 6390
6390 6465 6378
6376 6378 6466
6376 6466 6462
6380 6379 6464
6365 6451 6467
6365 6467 6366
6468 6469 6470
6468 6470 6454
6449 6471 6472
6449 6472 6473
6474 6470 6469
6474 6469 6475
6451 6476 6477
6451 6477 6467
6478 6384 6463
6404 6413 6479
6404 6479 6456
6480 6481 6469
6480 6469 6468
6413 6412 6482
6413 6482 6479
6483 6484 6485
6483 6485 6486
6487 6488 6440
6487 6440 6489
6441 6440 6488
6441 6488 6490
6490 6486 6485
6490 6485 6441
6436 6446 6466
6491 6443 6439
6491 6439 6438
6447 6487 6489
6447 6489 6448
6479 6482 6484
6479 6484 6459
6463 6462 6435
6463 6435 6434
6473 6472 6492
6473 6492 6493
6494 6491 6438
6494 6438 6445
6476 6451 6452
6476 6452 6495
6478 6463 6434
6478 6434 6433
6493 6492 6495
6493 6495 6470
6495 6452 6454
6495 6454 6470
6361 6454 6452
6361 6452 6362
6477 6471 6494
6477 6494 6445
6366 6467 6444
6366 6444 6379
6467 6477 6445
6467 6445 6444
6396 6480 6468
6396 6468 6453
6456 6455 6424
6456 6424 6404
6482 6409 6478
6443 6442 6446
6443 6446 6439
6432 6442 6441
6432 6441 6485
6489 6440 6443
6489 6443 6491
6491 6494 6448
6491 6448 6489
6471 6449 6448
6471 6448 6494
6482 6478 6433
6482 6433 6484
6472 6476 6495
6472 6495 6492
6459 6457 6456
6459 6456 6479
6483 6460 6459
6483 6459 6484
6496 6481 6497
6496 6497 6498
6499 6458 6457
6499 6457 6461
6500 6501 6502
6500 6502 6503
6504 6505 6500
6504 6500 6503
6506 6507 6505
6506 6505 6504
6508 6509 6510
6508 6510 6511
6512 6513 6509
6512 6509 6508
6471 6477 6476
6471 6476 6472
6473 6514 6450
6473 6450 6449
6493 6515 6514
6493 6514 6473
6470 6474 6515
6470 6515 6493
6485 6484 6433
6485 6433 6432
6512 6516 6517
6512 6517 6513
6518 6400 6519
6520 6521 6518
6522 6523 6524
6400 6521 6431
6400 6431 6397
6430 6431 6521
6525 6526 6399
6525 6399 6422
6526 6519 6400
6526 6400 6399
6527 6528 6529
6527 6529 6523
6530 6528 6527
6530 6527 6531
6360 6387 6532
6361 6532 6531
6395 6533 6480
6395 6480 6396
6527 6523 6534
6364 6367 6419
6364 6419 6401
6403 6402 6419
6403 6382 6358
6361 6360 6532
6393 6523 6522
6393 6522 6394
6475 6469 6481
6475 6481 6496
6533 6497 6481
6533 6481 6480
6414 6413 6404
6531 6532 6535
6531 6535 6530
6531 6534 6361
6531 6527 6534
6396 6453 6534
6396 6534 6393
6383 6384 6411
6397 6414 6404
6536 6405 6427
6429 6405 6536
6430 6537 6426
6416 6406 6429
6408 6428 6427
6408 6427 6405
6408 6411 6410
6408 6410 6428
6407 6411 6408
6407 6406 6388
6407 6388 6383
6410 6415 6425
6410 6425 6428
6409 6412 6415
6409 6415 6410
6409 6384 6478
6356 6389 6357
6356 6418 6389
6453 6468 6454
6361 6534 6453
6538 6501 6450
6538 6450 6514
6539 6538 6514
6539 6514 6515
6474 6540 6539
6474 6539 6515
6475 6541 6540
6475 6540 6474
6498 6542 6496
6499 6511 6543
6544 6516 6486
6544 6486 6490
6507 6544 6490
6507 6490 6488
6447 6450 6501
6447 6501 6500
6487 6447 6500
6487 6500 6505
6488 6487 6505
6488 6505 6507
6511 6461 6460
6511 6460 6508
6508 6460 6483
6508 6483 6512
6512 6483 6486
6512 6486 6516
6545 6502 6501
6545 6501 6538
6546 6545 6538
6546 6538 6539
6547 6546 6539
6547 6539 6540
6541 6548 6547
6541 6547 6540
6542 6549 6548
6542 6548 6541
6511 6510 6550
6511 6550 6543
6551 6517 6516
6551 6516 6544
6506 6551 6544
6506 6544 6507
6352 6351 6392
6352 6392 6552
6359 6352 6552
6359 6552 6553
6554 6402 6359
6554 6359 6553
6420 6402 6554
6555 6386 6401
6555 6401 6421
6556 6387 6386
6556 6386 6555
6535 6532 6387
6524 6523 6529
6557 6558 6427
6557 6427 6426
6369 6391 6385
6375 6370 6369
6378 6374 6373
6403 6419 6367
6358 6382 6381
6407 6383 6411
6482 6412 6409
6384 6377 6463
6537 6557 6426
6430 6520 6537
6520 6430 6521
6518 6521 6400
6430 6426 6425
6402 6420 6419
6446 6435 6462
6446 6462 6466
6465 6464 6437
6465 6437 6436
6437 6464 6444
6465 6436 6466
6465 6466 6378
6436 6439 6446
6354 6374 6378
6354 6357 6371
6372 6371 6357
6445 6438 6437
6379 6444 6464
6496 6542 6541
6496 6541 6475
6461 6511 6499
6559 6560 6561
6559 6561 6562
6563 6564 6565
6563 6565 6566
6567 6568 6561
6567 6561 6560
6569 6570 6571
6569 6571 6572
6573 6574 6575
6573 6575 6576
6577 6578 6579
6580 6578 6577
6580 6577 6581
6559 6582 6583
6559 6583 6584
6566 6585 6586
6566 6586 6563
6586 6587 6563
6588 6589 6590
6588 6590 6591
6574 6589 6588
6574 6588 6575
6592 6593 6585
6592 6585 6566
6559 6562 6594
6559 6594 6582
6570 6569 6595
6570 6595 6596
6597 6592 6566
6597 6566 6565
6598 6564 6581
6583 6580 6563
6584 6590 6560
6584 6560 6559
6567 6560 6590
6599 6584 6587
6590 6584 6599
6590 6599 6591
6578 6580 6583
6578 6583 6582
6582 6594 6579
6562 6600 6601
6562 6601 6594
6602 6603 6604
6602 6604 6605
6606 6607 6608
6606 6608 6609
6570 6573 6576
6570 6576 6571
6573 6570 6596
6573 6596 6610
6568 6567 6611
6568 6611 6612
6608 6607 6613
6614 6615 6616
6614 6616 6617
6618 6593 6619
6618 6619 6620
6621 6622 6623
6621 6623 6624
6597 6625 6626
6597 6626 6617
6625 6597 6565
6625 6565 6627
6610 6628 6629
6610 6629 6630
6589 6574 6611
6631 6607 6606
6631 6606 6632
6613 6607 6631
6613 6631 6633
6634 6635 6636
6634 6636 6637
6614 6617 6638
6639 6640 6634
6622 6634 6640
6622 6640 6623
6640 6608 6623
6641 6642 6643
6641 6643 6644
6645 6646 6647
6645 6647 6648
6649 6650 6651
6649 6651 6652
6653 6648 6654
6642 6641 6651
6642 6651 6655
6656 6657 6658
6656 6658 6659
6660 6661 6571
6660 6571 6576
6572 6662 6663
6664 6665 6666
6664 6666 6667
6666 6668 6669
6666 6669 6670
6671 6586 6585
6671 6585 6672
6591 6599 6673
6591 6673 6674
6599 6587 6673
6586 6671 6675
6586 6675 6587
6591 6674 6588
6576 6575 6676
6576 6676 6660
6677 6662 6678
6677 6678 6679
6658 6680 6681
6658 6681 6682
6683 6684 6679
6683 6679 6678
6660 6676 6685
6660 6685 6686
6687 6672 6593
6613 6667 6688
6613 6688 6624
6689 6677 6679
6689 6679 6690
6624 6688 6691
6624 6691 6621
6692 6693 6694
6692 6694 6695
6696 6697 6649
6696 6649 6698
6652 6699 6698
6652 6698 6649
6699 6652 6694
6699 6694 6693
6645 6675 6655
6700 6647 6646
6700 6646 6650
6656 6659 6697
6656 6697 6696
6688 6670 6695
6688 6695 6691
6672 6643 6642
6672 6642 6671
6680 6701 6702
6680 6702 6681
6703 6654 6647
6703 6647 6700
6686 6704 6661
6686 6661 6660
6687 6644 6643
6687 6643 6672
6701 6678 6704
6701 6704 6702
6704 6678 6662
6704 6662 6661
6572 6571 6661
6572 6661 6662
6685 6654 6703
6685 6703 6682
6575 6588 6653
6575 6653 6676
6676 6653 6654
6676 6654 6685
6603 6663 6677
6603 6677 6689
6667 6613 6633
6667 6633 6664
6691 6687 6618
6650 6646 6655
6650 6655 6651
6641 6694 6652
6641 6652 6651
6697 6700 6650
6697 6650 6649
6700 6697 6659
6700 6659 6703
6682 6703 6659
6682 6659 6658
6691 6695 6644
6691 6644 6687
6681 6702 6704
6681 6704 6686
6670 6688 6667
6670 6667 6666
6692 6695 6670
6692 6670 6669
6705 6706 6707
6705 6707 6690
6708 6668 6666
6708 6666 6665
6709 6710 6711
6709 6711 6712
6713 6710 6709
6713 6709 6714
6715 6713 6714
6715 6714 6716
6717 6718 6719
6717 6719 6720
6721 6717 6720
6721 6720 6722
6682 6681 6686
6682 6686 6685
6680 6658 6657
6680 6657 6723
6701 6680 6723
6701 6723 6724
6678 6701 6724
6678 6724 6683
6694 6641 6644
6694 6644 6695
6721 6722 6725
6721 6725 6726
6727 6728 6609
6729 6727 6730
6731 6732 6733
6730 6609 6608
6730 6608 6640
6639 6730 6640
6734 6632 6606
6734 6606 6735
6735 6606 6609
6735 6609 6728
6736 6737 6738
6736 6738 6739
6740 6741 6736
6740 6736 6739
6569 6742 6595
6572 6741 6742
6604 6603 6689
6604 6689 6743
6736 6744 6602
6736 6602 6737
6573 6610 6630
6573 6630 6574
6611 6630 6612
6611 6567 6589
6572 6742 6569
6737 6602 6605
6737 6605 6731
6684 6705 6690
6684 6690 6679
6743 6689 6690
6743 6690 6707
6623 6613 6624
6741 6740 6745
6741 6745 6742
6741 6572 6744
6741 6744 6736
6603 6602 6744
6603 6744 6663
6592 6619 6593
6608 6613 6623
6746 6747 6636
6638 6746 6614
6639 6637 6748
6626 6638 6617
6615 6614 6636
6615 6636 6635
6615 6635 6620
6615 6620 6619
6616 6615 6619
6616 6592 6597
6616 6597 6617
6620 6635 6634
6620 6634 6622
6618 6620 6622
6618 6622 6621
6618 6687 6593
6565 6564 6598
6565 6598 6627
6663 6662 6677
6572 6663 6744
6749 6723 6657
6749 6657 6712
6750 6724 6723
6750 6723 6749
6683 6724 6750
6683 6750 6751
6684 6683 6751
6684 6751 6752
6706 6705 6753
6708 6754 6718
6755 6699 6693
6755 6693 6726
6716 6698 6699
6716 6699 6755
6656 6709 6712
6656 6712 6657
6696 6714 6709
6696 6709 6656
6698 6716 6714
6698 6714 6696
6718 6717 6669
6718 6669 6668
6717 6721 6692
6717 6692 6669
6721 6726 6693
6721 6693 6692
6756 6749 6712
6756 6712 6711
6757 6750 6749
6757 6749 6756
6758 6751 6750
6758 6750 6757
6752 6751 6758
6752 6758 6759
6753 6752 6759
6753 6759 6760
6718 6754 6761
6718 6761 6719
6762 6755 6726
6762 6726 6725
6715 6716 6755
6715 6755 6762
6561 6763 6600
6561 6600 6562
6568 6764 6763
6568 6763 6561
6765 6764 6568
6765 6568 6612
6629 6765 6612
6766 6628 6610
6766 6610 6596
6767 6766 6596
6767 6596 6595
6745 6767 6595
6737 6733 6738
6747 6768 6637
6747 6637 6636
6579 6594 6601
6582 6579 6578
6587 6584 6583
6611 6574 6630
6567 6590 6589
6616 6619 6592
6691 6618 6621
6593 6672 6585
6748 6637 6768
6639 6748 6729
6729 6730 6639
6727 6609 6730
6639 6634 6637
6612 6630 6629
6655 6675 6671
6655 6671 6642
6673 6645 6648
6673 6648 6674
6648 6653 6674
6673 6675 6645
6673 6587 6675
6645 6655 6646
6563 6587 6583
6563 6580 6564
6581 6564 6580
6654 6648 6647
6588 6674 6653
6705 6752 6753
6705 6684 6752
6668 6708 6718
6769 6770 6771
6772 6773 6774
6775 6769 6771
6776 6777 6778
6776 6778 6779
6773 6780 6774
6781 6782 6783
6781 6783 6784
6785 6786 6787
6785 6787 6788
6789 6777 6776
6789 6776 6790
6791 6792 6793
6791 6793 6794
6795 6796 6797
6795 6797 6798
6799 6800 6801
6799 6801 6802
6803 6804 6805
6803 6805 6806
6790 6776 6807
6790 6807 6808
6809 6810 6811
6809 6811 6812
6801 6813 6814
6801 6814 6802
6804 6795 6798
6804 6798 6805
6815 6816 6817
6815 6817 6818
6819 6820 6821
6819 6821 6822
6823 6792 6791
6823 6791 6824
6796 6777 6789
6796 6789 6797
6784 6783 6816
6784 6816 6815
6825 6803 6806
6825 6806 6826
6827 6828 6800
6827 6800 6799
6822 6821 6810
6822 6810 6809
6829 6823 6824
6829 6824 6830
6818 6817 6828
6818 6828 6827
6821 6820 6831
6821 6831 6832
6808 6807 6820
6808 6820 6819
6820 6807 6833
6820 6833 6831
6793 6834 6835
6793 6835 6782
6794 6793 6782
6794 6782 6781
6836 6837 6838
6836 6838 6829
6811 6839 6840
6811 6840 6841
6830 6842 6836
6830 6836 6829
6812 6811 6841
6812 6841 6843
6841 6840 6844
6841 6844 6785
6843 6841 6785
6843 6785 6788
6836 6786 6845
6836 6845 6837
6842 6787 6786
6842 6786 6836
6800 6846 6847
6800 6847 6801
6801 6847 6848
6801 6848 6813
6849 6850 6803
6849 6803 6825
6851 6846 6828
6782 6835 6852
6782 6852 6783
6844 6845 6786
6844 6786 6785
6792 6853 6834
6792 6834 6793
6854 6855 6856
6807 6776 6779
6807 6779 6833
6810 6857 6839
6810 6839 6811
6816 6858 6859
6816 6859 6817
6823 6860 6853
6823 6853 6792
6777 6796 6856
6777 6856 6778
6783 6852 6858
6783 6858 6816
6821 6832 6857
6829 6838 6860
6829 6860 6823
6817 6859 6851
6817 6851 6828
6861 6855 6854
6862 6863 6864
6835 6865 6866
6835 6866 6852
6867 6868 6869
6867 6869 6870
6853 6871 6872
6853 6872 6834
6873 6874 6838
6873 6838 6837
6860 6875 6871
6860 6871 6853
6852 6866 6876
6852 6876 6858
6874 6875 6860
6874 6860 6838
6861 6877 6878
6879 6880 6881
6879 6881 6882
6879 6883 6878
6879 6878 6880
6882 6881 6862
6855 6861 6883
6884 6885 6886
6884 6886 6887
6888 6889 6890
6888 6890 6891
6888 6884 6887
6888 6887 6889
6892 6893 6864
6892 6864 6863
6894 6895 6877
6894 6877 6861
6896 6897 6898
6896 6898 6899
6891 6890 6900
6891 6900 6901
6773 6772 6902
6891 6903 6888
6904 6905 6888
6893 6892 6891
6893 6891 6901
6905 6877 6884
6898 6897 6906
6892 6903 6891
6884 6877 6895
6884 6895 6885
6903 6881 6880
6903 6880 6904
6880 6878 6905
6880 6905 6904
6863 6881 6892
6892 6881 6903
6878 6877 6905
6882 6907 6908
6882 6908 6879
6883 6879 6908
6883 6908 6909
6883 6909 6910
6911 6912 6907
6862 6881 6863
6883 6861 6878
6859 6911 6862
6859 6862 6851
6876 6911 6858
6911 6876 6912
6834 6872 6865
6834 6865 6835
6913 6914 6868
6913 6868 6867
6870 6869 6915
6916 6915 6839
6916 6839 6857
6873 6837 6914
6917 6770 6769
6902 6772 6906
6906 6770 6917
6910 6918 6919
6910 6919 6856
6910 6909 6920
6910 6920 6918
6871 6921 6922
6871 6922 6872
6865 6923 6924
6865 6924 6866
6915 6916 6925
6915 6925 6926
6876 6927 6928
6876 6928 6912
6913 6867 6929
6913 6929 6930
6875 6931 6921
6875 6921 6871
6866 6924 6927
6866 6927 6876
6874 6932 6931
6874 6931 6875
6907 6933 6934
6907 6934 6908
6908 6934 6920
6908 6920 6909
6912 6928 6933
6912 6933 6907
6832 6935 6916
6872 6922 6923
6872 6923 6865
6867 6870 6936
6867 6936 6929
6873 6913 6930
6873 6930 6937
6915 6926 6936
6915 6936 6870
6874 6873 6937
6874 6937 6932
6831 6833 6938
6831 6938 6939
6833 6779 6940
6833 6940 6938
6778 6856 6919
6778 6919 6941
6778 6941 6940
6778 6940 6779
6832 6831 6939
6832 6939 6935
6927 6919 6942
6928 6942 6933
6941 6919 6927
6941 6927 6924
6941 6924 6923
6941 6923 6940
6938 6940 6923
6938 6923 6922
6939 6938 6922
6939 6922 6921
6935 6939 6921
6935 6921 6931
6935 6931 6932
6935 6932 6925
6926 6925 6932
6926 6932 6937
6926 6937 6929
6934 6942 6920
6933 6942 6934
6920 6942 6918
6929 6937 6930
6926 6929 6936
6911 6907 6862
6862 6907 6882
6883 6910 6855
6869 6868 6844
6869 6844 6840
6844 6868 6914
6844 6914 6845
6914 6837 6845
6873 6914 6913
6839 6869 6840
6915 6869 6839
6850 6943 6804
6850 6804 6803
6943 6854 6795
6856 6855 6910
6854 6856 6796
6854 6796 6795
6861 6854 6894
6916 6935 6925
6821 6857 6810
6857 6832 6916
6890 6944 6945
6890 6945 6900
6889 6946 6944
6889 6944 6890
6889 6887 6947
6889 6947 6946
6887 6886 6948
6887 6948 6947
6899 6949 6950
6899 6950 6896
6951 6952 6953
6951 6953 6954
6858 6911 6859
6953 6952 6955
6898 6906 6917
6906 6897 6902
6862 6864 6851
6828 6846 6800
6943 6795 6804
6927 6942 6928
6942 6919 6918
6956 6957 6958
6959 6960 6961
6962 6957 6956
6963 6964 6965
6963 6965 6966
6961 6960 6967
6968 6969 6970
6968 6970 6971
6972 6973 6974
6972 6974 6975
6976 6977 6963
6976 6963 6966
6978 6979 6980
6978 6980 6981
6982 6983 6984
6982 6984 6985
6986 6987 6988
6986 6988 6989
6990 6991 6992
6990 6992 6993
6977 6994 6995
6977 6995 6963
6996 6997 6998
6996 6998 6999
6988 6987 7000
6988 7000 7001
6993 6992 6983
6993 6983 6982
7002 7003 7004
7002 7004 7005
7006 7007 7008
7006 7008 7009
7010 7011 6978
7010 6978 6981
6985 6984 6976
6985 6976 6966
6969 7002 7005
6969 7005 6970
7012 7013 6991
7012 6991 6990
7014 6986 6989
7014 6989 7015
7007 6996 6999
7007 6999 7008
7016 7017 7011
7016 7011 7010
7003 7014 7015
7003 7015 7004
7008 7018 7019
7008 7019 7009
6994 7006 7009
6994 7009 6995
7009 7019 7020
7009 7020 6995
6980 6971 7021
6980 7021 7022
6979 6968 6971
6979 6971 6980
7023 7016 7024
7023 7024 7025
6998 7026 7027
6998 7027 7028
7017 7016 7023
7017 7023 7029
6997 7030 7026
6997 7026 6998
7026 6972 7031
7026 7031 7027
7030 6973 6972
7030 6972 7026
7023 7025 7032
7023 7032 6975
7029 7023 6975
7029 6975 6974
6989 6988 7033
6989 7033 7034
6988 7001 7035
6988 7035 7033
7036 7012 6990
7036 6990 7037
7038 7015 7034
6971 6970 7039
6971 7039 7021
7031 6972 6975
7031 6975 7032
6981 6980 7022
6981 7022 7040
7041 7042 7043
6995 7020 6964
6995 6964 6963
6999 6998 7028
6999 7028 7044
7005 7004 7045
7005 7045 7046
7010 6981 7040
7010 7040 7047
6966 6965 7042
6966 7042 6985
6970 7005 7046
6970 7046 7039
7008 7044 7018
7016 7010 7047
7016 7047 7024
7004 7015 7038
7004 7038 7045
7048 7041 7043
7049 7050 7051
7021 7039 7052
7021 7052 7053
7054 7055 7056
7054 7056 7057
7040 7022 7058
7040 7058 7059
7060 7025 7024
7060 7024 7061
7047 7040 7059
7047 7059 7062
7039 7046 7063
7039 7063 7052
7061 7024 7047
7061 7047 7062
7048 7064 7065
7066 7067 7068
7066 7068 7069
7066 7069 7064
7066 7064 7070
7067 7049 7068
7043 7070 7048
7071 7072 7073
7071 7073 7074
7075 7076 7077
7075 7077 7078
7075 7078 7072
7075 7072 7071
7079 7051 7050
7079 7050 7080
7081 7048 7065
7081 7065 7082
7083 7084 7085
7083 7085 7086
7076 7087 7088
7076 7088 7077
6961 7089 6959
7076 7075 7090
7091 7075 7092
7080 7087 7076
7080 7076 7079
7092 7071 7065
7085 7093 7086
7079 7076 7090
7071 7074 7082
7071 7082 7065
7090 7091 7069
7090 7069 7068
7069 7091 7092
7069 7092 7064
7051 7079 7068
7079 7090 7068
7064 7092 7065
7067 7066 7094
7070 7095 7094
7070 7094 7066
7070 7096 7095
7097 7098 7099
7049 7051 7068
7070 7064 7048
7045 7038 7049
7045 7049 7097
7063 7046 7097
7097 7099 7063
7022 7021 7053
7022 7053 7058
7100 7054 7057
7100 7057 7101
7055 7102 7056
7103 7044 7028
7103 7028 7102
7060 7101 7025
7104 6956 6958
7089 7093 6959
7093 7104 6958
7096 7042 7105
7096 7105 7106
7096 7106 7107
7096 7107 7095
7059 7058 7108
7059 7108 7109
7053 7052 7110
7053 7110 7111
7102 7112 7113
7102 7113 7103
7063 7099 7114
7063 7114 7115
7100 7116 7117
7100 7117 7054
7062 7059 7109
7062 7109 7118
7052 7063 7115
7052 7115 7110
7061 7062 7118
7061 7118 7119
7098 7094 7120
7098 7120 7121
7094 7095 7107
7094 7107 7120
7099 7098 7121
7099 7121 7114
7018 7103 7122
7058 7053 7111
7058 7111 7108
7054 7117 7123
7054 7123 7055
7060 7124 7116
7060 7116 7100
7102 7055 7123
7102 7123 7112
7061 7119 7124
7061 7124 7060
7019 7125 7126
7019 7126 7020
7020 7126 7127
7020 7127 6964
6965 7128 7105
6965 7105 7042
6965 6964 7127
6965 7127 7128
7018 7122 7125
7018 7125 7019
7115 7129 7105
7114 7121 7129
7128 7110 7115
7128 7115 7105
7128 7127 7111
7128 7111 7110
7126 7108 7111
7126 7111 7127
7125 7109 7108
7125 7108 7126
7122 7118 7109
7122 7109 7125
7122 7113 7119
7122 7119 7118
7112 7124 7119
7112 7119 7113
7112 7117 7124
7120 7107 7129
7121 7120 7129
7107 7106 7129
7117 7116 7124
7112 7123 7117
7097 7049 7098
7049 7067 7098
7070 7043 7096
7056 7027 7031
7056 7031 7057
7031 7032 7101
7031 7101 7057
7101 7032 7025
7060 7100 7101
7028 7027 7056
7102 7028 7056
7037 6990 6993
7037 6993 7130
7130 6982 7041
7042 7096 7043
7041 6985 7042
7041 6982 6985
7048 7081 7041
7103 7113 7122
7008 6999 7044
7044 7103 7018
7077 7088 7131
7077 7131 7132
7078 7077 7132
7078 7132 7133
7078 7133 7134
7078 7134 7072
7072 7134 7135
7072 7135 7073
7084 7083 7136
7084 7136 7137
7138 7139 7140
7138 7140 7141
7046 7045 7097
7140 7142 7141
7085 7104 7093
7093 7089 7086
7049 7038 7050
7015 6989 7034
7130 6993 6982
7115 7114 7129
7129 7106 7105
7143 7144 7145
7143 7145 7146
7143 7146 7147
7143 7147 7148
7148 7147 7149
7148 7149 7150
7151 7150 7149
7151 7149 7152
7153 7151 7152
7153 7152 7154
7155 7153 7154
7155 7154 7156
7157 7158 7144
7157 7144 7143
7157 7143 7148
7157 7148 7159
7159 7148 7150
7159 7150 7160
7161 7160 7150
7161 7150 7151
7162 7161 7151
7162 7151 7153
7163 7162 7153
7163 7153 7155
7164 7165 7158
7164 7158 7157
7164 7157 7159
7164 7159 7166
7166 7159 7160
7166 7160 7167
7168 7167 7160
7168 7160 7161
7169 7168 7161
7169 7161 7162
7170 7169 7162
7170 7162 7163
7171 7172 7173
7171 7173 7174
7172 7175 7176
7172 7176 7173
7177 7178 7176
7177 7176 7175
7179 7180 7178
7179 7178 7177
7179 7181 7182
7179 7182 7180
7181 7183 7184
7181 7184 7182
7171 7185 7186
7171 7186 7172
7172 7186 7187
7172 7187 7175
7175 7187 7188
7175 7188 7177
7188 7189 7179
7188 7179 7177
7189 7190 7181
7189 7181 7179
7181 7190 7191
7181 7191 7183
7146 7145 7174
7146 7174 7173
7176 7147 7146
7176 7146 7173
7178 7149 7147
7178 7147 7176
7180 7152 7149
7180 7149 7178
7154 7152 7180
7154 7180 7182
7156 7154 7182
7156 7182 7184
7192 7193 7194
7195 7196 7197
7195 7197 7193
7198 7199 7196
7198 7196 7195
7200 7201 7199
7200 7199 7198
7202 7203 7201
7202 7201 7200
7204 7205 7203
7204 7203 7202
7206 7207 7208
7206 7208 7209
7210 7211 7208
7210 7208 7207
7212 7213 7211
7212 7211 7210
7214 7215 7213
7214 7213 7212
7216 7217 7215
7216 7215 7214
7216 7218 7219
7216 7219 7217
7220 7221 7222
7220 7222 7223
7224 7225 7222
7224 7222 7221
7226 7227 7225
7226 7225 7224
7228 7229 7227
7228 7227 7226
7230 7231 7229
7230 7229 7228
7230 7232 7233
7230 7233 7231
7234 7235 7221
7234 7221 7220
7236 7224 7221
7236 7221 7235
7237 7226 7224
7237 7224 7236
7238 7228 7226
7238 7226 7237
7239 7230 7228
7239 7228 7238
7239 7240 7232
7239 7232 7230
7241 7242 7235
7241 7235 7234
7243 7236 7235
7243 7235 7242
7244 7237 7236
7244 7236 7243
7245 7238 7237
7245 7237 7244
7246 7239 7238
7246 7238 7245
7246 7247 7240
7246 7240 7239
7248 7249 7250
7248 7250 7251
7252 7253 7250
7252 7250 7249
7252 7254 7255
7252 7255 7253
7256 7257 7255
7256 7255 7254
7258 7259 7257
7258 7257 7256
7258 7260 7261
7258 7261 7259
7262 7263 7249
7262 7249 7248
7264 7263 7265
7264 7266 7254
7264 7254 7252
7266 7267 7256
7266 7256 7254
7268 7258 7256
7268 7256 7267
7269 7260 7258
7269 7258 7268
7251 7250 7242
7251 7242 7241
7242 7250 7253
7242 7253 7243
7243 7253 7255
7243 7255 7244
7244 7255 7257
7244 7257 7245
7245 7257 7259
7245 7259 7246
7259 7261 7247
7259 7247 7246
7197 7270 7194
7271 7270 7197
7271 7197 7196
7271 7196 7199
7271 7199 7272
7272 7199 7201
7272 7201 7273
7273 7201 7203
7273 7203 7274
7205 7274 7203
7192 7194 7275
7276 7274 7205
7277 7278 7279
7280 7281 7279
7280 7279 7282
7274 7276 7281
7274 7281 7280
7194 7193 7197
7274 7280 7273
7277 7194 7278
7194 7270 7278
7271 7272 7278
7282 7272 7273
7282 7273 7280
7278 7270 7271
7279 7278 7282
7283 7284 7265
7285 7265 7286
7287 7288 7289
7287 7289 7286
7290 7291 7292
7290 7292 7293
7291 7294 7295
7291 7295 7292
7284 7283 7295
7284 7295 7294
7263 7296 7265
7296 7263 7262
7296 7262 7297
7298 7269 7268
7298 7268 7299
7299 7268 7267
7299 7267 7300
7266 7301 7267
7284 7301 7266
7294 7301 7284
7286 7302 7287
7303 7291 7290
7303 7290 7304
7301 7294 7291
7301 7291 7303
7301 7303 7300
7286 7265 7302
7265 7296 7302
7298 7299 7304
7304 7299 7300
7304 7300 7303
7302 7296 7297
7290 7305 7304
7267 7301 7300
7285 7286 7289
7298 7304 7305
7283 7265 7285
7266 7265 7284
7264 7252 7249
7264 7249 7263
7266 7264 7265
7306 7307 7283
7306 7283 7285
7306 7285 7289
7306 7289 7308
7308 7289 7288
7308 7288 7309
7310 7293 7292
7310 7292 7311
7312 7311 7292
7312 7292 7295
7307 7312 7295
7307 7295 7283
7313 7314 7315
7313 7315 7316
7317 7313 7316
7317 7316 7318
7317 7318 7319
7317 7319 7320
7321 7322 7323
7321 7323 7324
7324 7323 7325
7324 7325 7326
7314 7326 7325
7314 7325 7315
7327 7328 7314
7327 7314 7313
7329 7327 7313
7329 7313 7317
7329 7317 7320
7329 7320 7330
7331 7321 7324
7331 7324 7332
7332 7324 7326
7332 7326 7333
7328 7333 7326
7328 7326 7314
7334 7335 7328
7334 7328 7327
7336 7334 7327
7336 7327 7329
7336 7329 7330
7336 7330 7337
7338 7331 7332
7338 7332 7339
7339 7332 7333
7339 7333 7340
7340 7333 7328
7340 7328 7335
7316 7315 7307
7316 7307 7306
7308 7318 7316
7308 7316 7306
7309 7319 7318
7309 7318 7308
7311 7323 7322
7311 7322 7310
7325 7323 7311
7325 7311 7312
7315 7325 7312
7315 7312 7307
7223 7222 7207
7223 7207 7206
7207 7222 7225
7207 7225 7210
7210 7225 7227
7210 7227 7212
7212 7227 7229
7212 7229 7214
7214 7229 7231
7214 7231 7216
7231 7233 7218
7231 7218 7216
7341 7342 7343
7341 7343 7344
7345 7342 7341
7345 7341 7346
7347 7345 7346
7347 7346 7348
7349 7347 7348
7349 7348 7350
7351 7349 7350
7351 7350 7352
7353 7354 7351
7353 7351 7352
7355 7356 7357
7355 7357 7358
7359 7356 7355
7359 7355 7360
7361 7359 7360
7361 7360 7362
7363 7361 7362
7363 7362 7364
7365 7363 7364
7365 7364 7366
7367 7368 7365
7367 7365 7366
7356 7369 7370
7356 7370 7357
7371 7369 7356
7371 7356 7359
7372 7371 7359
7372 7359 7361
7373 7372 7361
7373 7361 7363
7374 7373 7363
7374 7363 7365
7368 7375 7374
7368 7374 7365
7369 7376 7377
7369 7377 7370
7378 7376 7369
7378 7369 7371
7379 7378 7371
7379 7371 7372
7380 7379 7372
7380 7372 7373
7381 7380 7373
7381 7373 7374
7375 7382 7381
7375 7381 7374
7383 7384 7385
7383 7385 7386
7387 7388 7384
7387 7384 7383
7389 7388 7387
7389 7387 7390
7391 7392 7389
7391 7389 7390
7393 7394 7392
7393 7392 7391
7395 7396 7394
7395 7394 7393
7386 7377 7376
7386 7376 7383
7387 7383 7376
7387 7376 7378
7390 7387 7378
7390 7378 7379
7391 7390 7379
7391 7379 7380
7393 7391 7380
7393 7380 7381
7393 7381 7382
7393 7382 7395
7358 7343 7342
7358 7342 7355
7360 7355 7342
7360 7342 7345
7362 7360 7345
7362 7345 7347
7364 7362 7347
7364 7347 7349
7366 7364 7349
7366 7349 7351
7366 7351 7354
7366 7354 7367
7198 7195 7388
7198 7388 7389
7202 7394 7396
7202 7396 7204
7198 7389 7392
7198 7392 7200
7394 7202 7200
7394 7200 7392
7385 7384 7193
7385 7193 7192
7388 7195 7193
7388 7193 7384
7397 7341 7344
7397 7344 7398
7397 7399 7346
7397 7346 7341
7399 7400 7348
7399 7348 7346
7400 7401 7350
7400 7350 7348
7401 7402 7352
7401 7352 7350
7403 7353 7352
7403 7352 7402
7404 7397 7398
7404 7398 7405
7404 7406 7399
7404 7399 7397
7406 7407 7400
7406 7400 7399
7407 7408 7401
7407 7401 7400
7408 7409 7402
7408 7402 7401
7410 7403 7402
7410 7402 7409
7211 7213 7407
7211 7407 7406
7217 7409 7408
7217 7408 7215
7209 7208 7404
7209 7404 7405
7406 7404 7208
7406 7208 7211
7215 7408 7407
7215 7407 7213
7219 7410 7409
7219 7409 7217
7278 7272 7282
7185 7275 7194
7185 7194 7186
7186 7194 7277
7186 7277 7187
7187 7277 7279
7187 7279 7188
7279 7281 7189
7279 7189 7188
7281 7276 7190
7281 7190 7189
7276 7205 7191
7276 7191 7190
7411 7412 7413
7414 7415 7416
7417 7418 7416
7416 7419 7417
7420 7421 7422
7420 7422 7423
7417 7423 7422
7424 7425 7426
7425 7427 7426
7423 7419 7428
7423 7428 7429
7430 7431 7415
7430 7415 7432
7419 7415 7431
7419 7431 7428
7429 7433 7420
7429 7420 7423
7434 7435 7413
7434 7413 7412
7436 7434 7412
7436 7412 7437
7424 7435 7434
7424 7434 7425
7427 7438 7426
7427 7425 7439
7427 7439 7440
7441 7427 7440
7441 7440 7442
7436 7439 7425
7436 7425 7434
7422 7421 7437
7422 7437 7412
7427 7441 7438
7411 7417 7412
7414 7432 7415
7414 7443 7432
7416 7415 7419
7417 7419 7423
7411 7418 7417
7417 7422 7412
7444 7445 7446
7447 7448 7449
7450 7448 7451
7448 7450 7452
7453 7454 7455
7453 7455 7456
7450 7455 7454
7457 7458 7459
7459 7458 7460
7454 7461 7462
7454 7462 7452
7463 7464 7449
7463 7449 7465
7452 7462 7465
7452 7465 7449
7461 7454 7453
7461 7453 7466
7467 7446 7445
7467 7445 7468
7469 7470 7446
7469 7446 7467
7457 7459 7467
7457 7467 7468
7460 7458 7471
7460 7472 7473
7460 7473 7459
7474 7475 7472
7474 7472 7460
7469 7467 7459
7469 7459 7473
7455 7446 7470
7455 7470 7456
7460 7471 7474
7444 7446 7450
7447 7449 7464
7447 7464 7476
7448 7452 7449
7450 7454 7452
7444 7450 7451
7450 7446 7455
7477 7478 7479
7477 7479 7480
7481 7482 7483
7484 7482 7485
7484 7485 7486
7487 7488 7489
7485 7490 7491
7485 7491 7492
7487 7493 7488
7494 7495 7496
7494 7496 7497
7498 7478 7494
7498 7494 7499
7489 7500 7479
7489 7479 7501
7502 7503 7504
7505 7506 7507
7505 7507 7504
7508 7509 7510
7508 7510 7511
7477 7512 7513
7514 7515 7495
7506 7508 7511
7506 7511 7507
7516 7517 7491
7516 7491 7518
7482 7488 7490
7482 7490 7485
7489 7488 7500
7519 7517 7506
7519 7506 7505
7517 7516 7508
7517 7508 7506
7509 7508 7516
7509 7516 7520
7492 7519 7521
7503 7522 7505
7523 7524 7525
7523 7525 7526
7527 7528 7529
7527 7529 7530
7530 7526 7525
7530 7525 7527
7531 7532 7502
7531 7502 7504
7504 7507 7533
7504 7533 7531
7534 7533 7507
7534 7507 7511
7511 7510 7535
7511 7535 7534
7529 7528 7536
7529 7536 7537
7538 7537 7536
7538 7536 7539
7517 7519 7492
7517 7492 7491
7499 7540 7541
7499 7541 7498
7542 7543 7544
7542 7544 7545
7539 7542 7545
7478 7477 7495
7478 7495 7494
7499 7494 7497
7499 7497 7546
7477 7513 7514
7477 7514 7495
7540 7499 7546
7540 7546 7547
7544 7543 7548
7544 7548 7549
7493 7518 7490
7485 7492 7486
7493 7550 7551
7493 7551 7518
7552 7502 7553
7550 7493 7487
7550 7487 7554
7520 7516 7518
7520 7518 7551
7555 7487 7501
7501 7487 7489
7555 7501 7498
7555 7498 7541
7501 7479 7478
7501 7478 7498
7556 7557 7558
7556 7558 7559
7557 7560 7561
7557 7561 7562
7563 7564 7565
7566 7567 7556
7568 7569 7570
7568 7570 7571
7567 7566 7572
7567 7572 7573
7561 7560 7574
7575 7576 7577
7575 7577 7578
7575 7579 7546
7575 7546 7497
7580 7581 7582
7580 7582 7579
7583 7584 7585
7586 7587 7588
7589 7587 7590
7589 7590 7591
7592 7576 7496
7592 7496 7515
7593 7594 7590
7593 7590 7595
7596 7597 7598
7596 7598 7599
7600 7563 7565
7600 7565 7601
7569 7602 7603
7569 7603 7604
7591 7590 7594
7605 7606 7607
7608 7609 7564
7608 7564 7563
7564 7609 7610
7563 7600 7611
7563 7611 7608
7545 7612 7613
7545 7613 7614
7600 7615 7616
7600 7616 7611
7601 7617 7615
7601 7615 7600
7612 7618 7616
7612 7616 7615
7619 7620 7588
7612 7615 7617
7612 7617 7613
7621 7619 7622
7621 7622 7623
7621 7624 7620
7621 7620 7619
7625 7626 7580
7625 7580 7578
7585 7581 7583
7627 7628 7587
7627 7587 7589
7547 7546 7579
7547 7579 7629
7582 7630 7631
7582 7631 7632
7618 7545 7544
7578 7577 7633
7578 7633 7625
7634 7633 7577
7634 7577 7635
7576 7575 7497
7576 7497 7496
7579 7575 7578
7579 7578 7580
7635 7577 7576
7635 7576 7592
7588 7628 7622
7588 7622 7619
7595 7590 7587
7595 7587 7586
7605 7636 7583
7583 7637 7605
7626 7625 7597
7626 7597 7596
7603 7597 7625
7603 7625 7633
7604 7603 7633
7604 7633 7634
7609 7573 7572
7609 7572 7610
7608 7574 7573
7608 7573 7609
7616 7589 7591
7616 7591 7611
7574 7608 7611
7574 7611 7591
7618 7627 7589
7618 7589 7616
7628 7627 7549
7628 7549 7622
7618 7612 7545
7627 7618 7544
7627 7544 7549
7623 7622 7549
7623 7549 7548
7638 7639 7640
7638 7640 7641
7642 7643 7644
7642 7644 7645
7593 7646 7647
7593 7647 7562
7599 7598 7639
7599 7639 7638
7642 7607 7648
7642 7648 7643
7649 7650 7640
7649 7640 7639
7515 7651 7652
7515 7652 7592
7635 7653 7654
7635 7654 7634
7592 7652 7653
7592 7653 7635
7604 7655 7570
7604 7570 7569
7634 7654 7655
7634 7655 7604
7649 7639 7598
7649 7598 7602
7562 7561 7594
7562 7594 7593
7595 7636 7646
7595 7646 7593
7594 7574 7591
7515 7496 7495
7514 7651 7515
7594 7561 7574
7568 7571 7650
7568 7650 7649
7602 7569 7568
7602 7568 7649
7602 7598 7597
7602 7597 7603
7556 7567 7560
7556 7560 7557
7562 7647 7558
7562 7558 7557
7560 7573 7574
7560 7567 7573
7656 7500 7481
7656 7480 7479
7657 7524 7523
7552 7503 7502
7481 7500 7482
7658 7538 7613
7658 7613 7617
7538 7614 7613
7617 7601 7658
7503 7505 7504
7522 7519 7505
7519 7522 7521
7492 7521 7486
7488 7482 7500
7493 7490 7488
7518 7491 7490
7656 7479 7500
7477 7480 7512
7555 7554 7487
7482 7484 7483
7584 7586 7659
7620 7630 7659
7624 7631 7630
7624 7630 7620
7636 7595 7584
7646 7607 7642
7646 7642 7647
7636 7605 7607
7636 7607 7646
7647 7642 7645
7647 7645 7558
7581 7585 7630
7581 7630 7582
7606 7596 7648
7581 7580 7637
7632 7629 7579
7632 7579 7582
7637 7626 7606
7643 7638 7641
7643 7641 7644
7648 7599 7638
7648 7638 7643
7558 7645 7559
7586 7588 7659
7587 7628 7588
7595 7586 7584
7584 7659 7585
7583 7636 7584
7605 7637 7606
7637 7580 7626
7606 7626 7596
7607 7606 7648
7648 7596 7599
7583 7581 7637
7659 7630 7585
7588 7620 7659
7660 7661 7662
7660 7662 7663
7664 7665 7666
7667 7668 7669
7667 7669 7666
7670 7671 7672
7669 7673 7674
7669 7674 7675
7670 7672 7676
7677 7678 7679
7677 7679 7680
7681 7682 7677
7681 7677 7663
7671 7683 7662
7671 7662 7684
7685 7686 7687
7688 7686 7689
7688 7689 7690
7691 7692 7693
7691 7693 7694
7660 7695 7696
7697 7680 7698
7690 7689 7692
7690 7692 7691
7699 7700 7674
7699 7674 7701
7666 7669 7675
7666 7675 7672
7671 7684 7672
7702 7688 7690
7702 7690 7701
7701 7690 7691
7701 7691 7699
7694 7703 7699
7694 7699 7691
7673 7704 7702
7687 7688 7705
7706 7707 7708
7706 7708 7709
7710 7711 7712
7710 7712 7713
7708 7707 7713
7708 7713 7712
7714 7686 7685
7714 7685 7715
7686 7714 7716
7686 7716 7689
7717 7692 7689
7717 7689 7716
7692 7717 7718
7692 7718 7693
7711 7710 7719
7711 7719 7720
7721 7722 7720
7721 7720 7719
7701 7674 7673
7701 7673 7702
7682 7681 7723
7682 7723 7724
7725 7726 7727
7725 7727 7728
7663 7677 7680
7663 7680 7660
7682 7729 7678
7682 7678 7677
7660 7680 7697
7660 7697 7695
7724 7730 7729
7724 7729 7682
7727 7731 7732
7727 7732 7728
7721 7733 7722
7676 7675 7700
7669 7668 7673
7676 7700 7734
7676 7734 7735
7736 7737 7685
7735 7738 7670
7735 7670 7676
7703 7734 7700
7703 7700 7699
7739 7683 7670
7683 7671 7670
7739 7723 7681
7739 7681 7683
7683 7681 7663
7683 7663 7662
7740 7741 7742
7740 7742 7743
7743 7744 7745
7743 7745 7746
7747 7748 7749
7750 7740 7751
7752 7753 7754
7752 7754 7755
7751 7756 7757
7751 7757 7750
7745 7758 7746
7759 7760 7761
7759 7761 7762
7759 7678 7729
7759 7729 7763
7764 7763 7765
7764 7765 7766
7767 7768 7769
7770 7771 7772
7773 7774 7775
7773 7775 7772
7776 7698 7679
7776 7679 7762
7777 7778 7775
7777 7775 7779
7780 7781 7782
7780 7782 7783
7784 7785 7748
7784 7748 7747
7755 7786 7787
7755 7787 7788
7774 7779 7775
7789 7790 7791
7792 7747 7749
7792 7749 7793
7749 7794 7793
7747 7792 7795
7747 7795 7784
7726 7733 7796
7726 7796 7797
7784 7795 7798
7784 7798 7799
7785 7784 7799
7785 7799 7800
7797 7799 7798
7797 7798 7801
7802 7771 7803
7797 7796 7800
7797 7800 7799
7804 7805 7806
7804 7806 7802
7804 7802 7803
7804 7803 7807
7808 7760 7764
7808 7764 7809
7768 7767 7766
7810 7773 7772
7810 7772 7811
7730 7812 7763
7730 7763 7729
7813 7814 7765
7813 7765 7815
7801 7727 7726
7760 7808 7816
7760 7816 7761
7817 7818 7761
7817 7761 7816
7762 7679 7678
7762 7678 7759
7763 7764 7760
7763 7760 7759
7818 7776 7762
7818 7762 7761
7771 7802 7806
7771 7806 7811
7778 7770 7772
7778 7772 7775
7789 7767 7819
7767 7789 7820
7809 7780 7783
7809 7783 7808
7787 7816 7808
7787 7808 7783
7786 7817 7816
7786 7816 7787
7793 7794 7757
7793 7757 7756
7792 7793 7756
7792 7756 7758
7798 7795 7774
7798 7774 7773
7758 7774 7795
7758 7795 7792
7801 7798 7773
7801 7773 7810
7811 7806 7731
7811 7731 7810
7801 7726 7797
7810 7731 7727
7810 7727 7801
7805 7732 7731
7805 7731 7806
7821 7822 7823
7821 7823 7824
7825 7826 7827
7825 7827 7828
7777 7744 7829
7777 7829 7830
7781 7821 7824
7781 7824 7782
7831 7790 7825
7831 7825 7828
7832 7824 7823
7832 7823 7833
7698 7776 7834
7698 7834 7835
7818 7817 7836
7818 7836 7837
7776 7818 7837
7776 7837 7834
7786 7755 7754
7786 7754 7838
7817 7786 7838
7817 7838 7836
7832 7788 7782
7832 7782 7824
7744 7777 7779
7744 7779 7745
7778 7777 7830
7778 7830 7819
7779 7774 7758
7698 7680 7679
7697 7698 7835
7779 7758 7745
7752 7832 7833
7752 7833 7753
7788 7832 7752
7788 7752 7755
7788 7787 7783
7788 7783 7782
7740 7743 7746
7740 7746 7751
7744 7743 7742
7744 7742 7829
7746 7758 7756
7746 7756 7751
7839 7664 7684
7839 7662 7661
7840 7706 7709
7736 7685 7687
7664 7666 7684
7841 7800 7796
7841 7796 7721
7721 7796 7733
7800 7841 7785
7687 7686 7688
7705 7688 7702
7702 7704 7705
7673 7668 7704
7672 7684 7666
7676 7672 7675
7700 7675 7674
7839 7684 7662
7660 7696 7661
7739 7670 7738
7666 7665 7667
7769 7842 7770
7803 7842 7814
7807 7803 7814
7807 7814 7813
7819 7769 7778
7830 7829 7825
7830 7825 7790
7819 7830 7790
7819 7790 7789
7829 7742 7826
7829 7826 7825
7766 7765 7814
7766 7814 7768
7791 7831 7780
7766 7820 7764
7815 7765 7763
7815 7763 7812
7820 7791 7809
7828 7827 7822
7828 7822 7821
7831 7828 7821
7831 7821 7781
7742 7741 7826
7770 7842 7771
7772 7771 7811
7778 7769 7770
7769 7768 7842
7767 7769 7819
7789 7791 7820
7820 7809 7764
7791 7780 7809
7790 7831 7791
7831 7781 7780
7767 7820 7766
7842 7768 7814
7771 7842 7803
7843 7844 7845
7843 7845 7846
7847 7848 7844
7847 7844 7843
7849 7850 7851
7849 7851 7852
7853 7854 7855
7853 7855 7856
7857 7858 7859
7857 7859 7860
7861 7862 7863
7861 7863 7864
7865 7861 7864
7865 7864 7858
7866 7867 7864
7866 7864 7863
7868 7869 7870
7871 7872 7873
7874 7875 7856
7874 7856 7855
7876 7877 7869
7876 7869 7868
7878 7875 7874
7878 7874 7879
7880 7881 7882
7880 7882 7883
7884 7885 7886
7884 7886 7887
7888 7889 7890
7891 7892 7893
7894 7895 7896
7894 7896 7897
7898 7899 7900
7901 7902 7903
7901 7903 7904
7905 7906 7907
7905 7907 7908
7887 7886 7909
7887 7909 7910
7891 7911 7912
7891 7912 7892
7913 7896 7914
7915 7916 7917
7915 7917 7918
7919 7870 7920
7919 7920 7921
7867 7859 7858
7867 7858 7864
7922 7923 7924
7867 7866 7922
7867 7922 7925
7926 7927 7928
7926 7928 7925
7927 7929 7930
7927 7930 7928
7931 7932 7933
7934 7935 7936
7934 7936 7937
7938 7895 7939
7940 7913 7941
7942 7943 7944
7945 7946 7947
7948 7949 7950
7951 7952 7949
7951 7949 7948
7916 7952 7951
7916 7951 7953
7954 7877 7955
7954 7955 7956
7957 7951 7948
7957 7948 7958
7959 7960 7953
7959 7953 7961
7923 7922 7866
7923 7866 7879
7925 7922 7962
7925 7962 7926
7859 7867 7925
7859 7925 7928
7930 7950 7949
7930 7949 7860
7963 7964 7965
7963 7965 7950
7958 7948 7965
7966 7967 7968
7966 7968 7969
7970 7869 7954
7970 7870 7869
7971 7972 7973
7971 7973 7974
7975 7939 7895
7975 7895 7894
7976 7977 7978
7976 7978 7979
7980 7981 7982
7980 7982 7983
7981 7980 7914
7981 7914 7900
7984 7985 7986
7933 7906 7987
7988 7989 7911
7926 7962 7990
7926 7990 7991
7927 7926 7991
7927 7991 7992
7993 7994 7995
7993 7995 7996
7997 7998 7999
8000 7939 7975
8000 7975 8001
8002 7939 8000
8002 8000 8003
7938 7898 7900
7938 7914 7895
7874 7855 8004
8005 7855 7854
8006 7931 8007
7942 8008 7943
7886 7942 7944
8009 8010 8011
8009 8011 8012
8013 8010 8009
8013 8009 8014
8015 8013 8014
8015 8014 7918
7960 8016 8017
7960 8017 7917
8016 7960 7959
8016 7959 8018
8019 8020 8021
8019 8021 8022
8023 8024 8025
8023 8025 8026
8027 8028 8029
8027 8029 8030
8031 8032 8033
8034 8035 8036
8034 8036 8037
8037 8036 8038
8039 8040 8041
8001 8042 8000
8043 8044 8045
8040 8023 8026
8035 8034 8046
8035 8046 8047
8048 8046 8034
8049 8050 7882
8049 7882 7881
8051 8052 8053
8051 8053 8054
8055 8032 8056
8055 8056 8057
8026 8025 8020
8026 8020 8019
8058 8059 8060
8058 8060 8061
8062 8063 8064
8050 8065 7882
8066 8062 8067
7970 8018 8068
7970 8068 8069
7959 7961 8070
7959 8070 8071
8018 7959 8071
8018 8071 8068
8030 8072 8073
8074 8075 8076
8074 8076 8077
8078 8079 8080
8078 8080 8081
8082 8083 8084
8082 8084 8085
8086 8087 8088
8086 8088 8089
8090 8087 8086
8090 8086 8091
8092 8073 8072
8093 8094 8095
8093 8095 8096
8097 8055 8057
8097 8057 8098
8099 8100 8101
8099 8101 8102
8103 8104 8105
8106 8049 7881
8106 7881 8107
7880 8108 8107
7880 8107 7881
8109 8110 8111
8111 8110 8112
8111 8112 8113
8066 8114 8063
7929 7927 7992
7929 7992 8115
8116 8117 7964
8116 7964 8118
8119 8120 8121
8119 8121 7958
8122 8123 7988
8124 8015 8017
8124 8017 7956
8125 8010 8013
8125 8013 8126
8127 8128 8129
7868 8130 7876
7909 7944 8131
7947 8132 7890
7947 7890 8133
8012 8134 8135
8010 8125 8011
8136 7888 8132
8136 8132 7946
8137 8138 7890
8137 7890 7889
7957 7958 8121
7957 8121 8139
8043 8049 8044
7937 7936 8140
7937 8140 7883
7937 7883 8141
8108 7880 7883
8108 7883 8140
7956 8017 8016
7956 8016 7954
7954 8016 8018
7954 8018 7970
8069 7920 7870
8126 8124 8142
8009 8012 7862
8009 7862 7861
8014 8009 7861
8014 7861 7865
7857 7952 7916
7857 7916 7915
7953 7960 7917
7953 7917 7916
7951 7957 7961
7951 7961 7953
8143 7853 7856
8143 7856 8129
7961 7957 8139
7961 8139 8070
8127 8129 7856
8138 8131 8133
7878 7863 7862
7878 7862 8135
7910 7909 8138
7910 8138 8137
7857 7860 7949
7857 7949 7952
7918 8014 7865
7918 7865 7915
7930 7929 7950
7860 7859 7928
7860 7928 7930
7917 8017 8015
7917 8015 7918
8115 8144 7963
7929 8115 7963
8015 8124 8126
8015 8126 8013
7915 7865 7858
7915 7858 7857
8145 7967 7966
8145 7966 8146
7966 7919 7921
7966 7921 8146
8147 8148 7885
8147 7885 7884
8149 7985 8008
8150 8151 7899
8150 7899 7898
8132 7888 7890
7982 8152 8153
7982 8153 8154
8155 8156 8157
8104 8158 8157
8104 8157 8159
8160 8161 8162
8160 8163 8164
8165 8166 8164
8166 8167 8164
8103 8160 8158
8162 8168 8163
8157 8167 8169
8167 8157 8158
8170 8171 8172
8170 8172 8173
7879 7866 7863
7879 7863 7878
7923 8004 8174
7923 8174 7924
7879 7874 8004
7879 8004 7923
8128 8127 8135
8128 8135 8134
7878 8135 8127
7878 8127 7875
8175 8176 8177
8175 8177 8178
8179 7981 7900
7986 7985 8149
8180 7933 7932
8180 7932 8181
7906 7933 8180
7906 8180 7907
8182 7905 7908
8182 7908 8183
8184 7987 7906
8184 7906 7905
8182 8008 7985
8182 8183 8185
8182 8185 8008
8186 8184 7905
8186 7905 8182
8185 7943 8008
7931 7933 8007
8187 8188 8176
8187 8176 8175
8004 8189 8174
7901 7904 8190
7901 8190 8191
8192 8193 8191
8192 8191 8190
8194 8195 8196
8194 8196 8197
7871 7873 8198
8199 8002 8200
8199 8200 8201
8011 8134 8012
8202 8203 8204
8202 8204 8205
8206 8207 8208
8206 8208 8209
8210 8211 8212
8210 8212 8213
8211 8214 8215
8211 8215 8212
8213 8216 8217
8213 8217 8210
8022 8032 8031
8022 8031 8019
8218 8056 8032
8218 8032 8022
8219 8220 8221
8219 8221 8222
8142 8124 7956
8142 7956 7955
7876 7955 7877
8223 8224 8225
8223 8225 8226
8227 8228 8229
8022 8021 8230
8022 8230 8218
8231 8232 8233
8231 8233 8234
8235 8236 8237
8231 8238 8239
8231 8239 8232
7902 8151 8240
7902 8240 7903
8241 8242 8243
8241 8243 8244
8236 8235 8245
8236 8245 8246
8235 8247 8245
8248 8249 8172
8248 8172 8171
8250 8251 8249
8250 8249 8248
8252 8253 8254
8255 8256 8257
8255 8257 8258
8229 8259 8260
8020 8088 8087
8020 8087 8021
8261 8262 8263
8261 8263 8264
8265 8266 8267
8265 8267 8268
8130 7868 7919
7919 7966 8130
8269 8270 8271
8269 8271 8272
8271 8035 8047
8271 8047 8195
8273 8261 8264
8273 8264 8274
8275 8276 8277
8275 8277 8278
8065 8067 8141
8065 8050 8043
8050 8049 8043
8199 8150 7898
8199 7898 7938
8279 8041 8031
8019 8031 8041
8019 8041 8026
8259 8025 8260
8088 8020 8025
8088 8025 8259
8090 8230 8021
8090 8021 8087
8030 8280 8281
8282 7995 7994
8282 7994 8283
8283 8284 8285
8283 8285 8282
8286 8287 7998
8286 7998 7997
8288 8289 8290
8288 8290 8291
8292 8293 8285
8292 8285 8284
8294 8295 8293
8294 8293 8292
8296 8288 8297
8296 8297 8298
8299 8300 8287
8299 8287 8286
8296 8301 8289
8296 8289 8288
8291 8302 8297
8291 8297 8288
8303 8304 8295
8303 8295 8294
8305 8306 8307
8305 8307 8304
8305 8304 8303
8308 8309 8176
8308 8176 8188
8188 8297 8302
8188 8302 8308
8298 8297 8188
8298 8188 8187
8177 8176 8309
8177 8309 8310
8311 7872 7990
8312 8313 7977
8312 7977 7976
7979 8314 8309
8315 8316 8317
8315 8317 8318
8316 8204 8203
8316 8203 8317
8058 8061 8319
8060 8315 8318
8060 8318 8061
8320 8319 8321
8320 8321 8322
8323 8324 8325
8323 8325 8326
8322 8321 8324
8322 8324 8323
8268 8327 8328
8268 8328 8265
8329 8330 8331
8329 8331 8332
7847 8225 8224
7847 8224 7848
8330 8333 8334
8330 8334 8331
8335 8336 8337
8338 8027 8030
8280 8029 8339
8339 8029 8101
8028 8102 8101
8028 8101 8029
8030 8029 8280
8101 8100 8340
8341 8342 8343
8344 8345 8329
8100 8099 8346
8100 8344 8347
8100 8347 8348
8349 8223 8226
8349 8226 8350
8350 8239 8238
8350 8238 8349
8101 8340 8339
8340 8100 8348
8351 8352 8353
8351 8353 8354
8244 8217 8216
8244 8216 8241
8355 8353 8209
8355 8209 8208
8208 8207 8221
8208 8221 8220
8205 8206 8209
8205 8209 8202
8202 8352 8325
8202 8325 8203
8237 8355 8235
8356 8357 8358
8356 8358 8359
8357 8243 8242
8357 8242 8358
8319 8061 8318
8319 8318 8321
8324 8317 8203
8324 8203 8325
8321 8318 8317
8321 8317 8324
8352 8202 8209
8352 8209 8353
8355 8237 8354
8355 8354 8353
8352 8351 8326
8352 8326 8325
8208 8220 8360
8208 8360 8355
8220 8219 8360
8361 8054 8362
8053 8063 8362
8064 8053 8052
8064 8052 8363
7902 7901 7999
8151 7902 7899
8151 8150 8364
8151 8364 8240
8150 8199 8201
8150 8201 8364
8278 8365 8003
8278 8003 8275
8042 8062 8276
8042 8276 8275
8365 8200 8002
8365 8002 8003
8053 8064 8063
8363 8277 8276
8363 8276 8064
7939 8002 8199
7939 8199 7938
8366 8080 8079
8366 8079 8367
8368 8369 8370
8368 8370 8371
8372 8373 8374
8372 8374 8375
8081 8368 8371
8081 8371 8078
8376 8377 8378
8376 8378 8379
8380 8376 8379
8380 8379 8381
8373 8378 8377
8373 8377 8374
8084 8382 8383
8084 8383 8085
8384 8337 8385
8386 8387 8388
8089 8088 8259
8089 8259 8389
8389 8390 8089
8388 8391 8386
8392 8386 8391
8392 8391 8393
8394 8392 8393
8394 8393 8395
8396 8394 8395
8396 8395 8397
8398 8399 8086
8390 8398 8089
8382 8400 8401
8382 8401 8383
8402 8401 8400
8402 8400 8403
8404 8405 8406
8161 8160 8103
8407 8408 8409
8407 8409 8410
8411 8412 8252
8110 8413 8112
8414 8415 8416
8414 8416 8417
8417 8418 8419
8417 8419 8414
8420 8421 8418
8420 8418 8417
8422 8423 8424
8422 8424 8425
8426 8419 8418
8426 8418 8427
8421 8428 8427
8421 8427 8418
8429 8430 8431
8429 8431 8432
8428 8421 8431
8428 8431 8430
8432 8431 8433
8432 8433 8434
8435 8436 8433
8435 8433 8420
8431 8421 8420
8431 8420 8433
8437 8432 8434
8437 8434 8438
8439 8440 8438
8439 8438 8434
8027 8441 8442
8424 8443 8414
8424 8414 8419
8419 8426 8425
8419 8425 8424
8427 8444 8445
8427 8445 8426
8428 8446 8444
8428 8444 8427
8447 8448 8430
8447 8430 8429
8430 8448 8446
8430 8446 8428
8426 8445 8449
8447 8450 8451
8447 8451 8448
8452 8446 8448
8452 8448 8451
8453 8454 8455
8456 8457 8458
8456 8458 8459
8443 8424 8423
8443 8423 8460
8461 8462 8463
8461 8463 8464
8465 8466 8467
8465 8467 8468
8468 8467 8469
8468 8469 8470
8435 8420 8417
8435 8417 8416
8434 8433 8436
8434 8436 8439
8471 8472 8458
8471 8458 8473
8474 8472 8471
8472 8459 8458
8475 8476 8477
8478 8479 8480
8481 8482 8483
8481 8483 8484
8485 8486 8478
8487 8482 8488
8487 8488 8489
8490 8491 8492
8490 8492 8493
8494 8495 8496
8497 8498 8499
8497 8499 8500
8495 8494 8501
8502 8503 8504
8502 8504 8505
8504 8506 8505
8477 8476 8507
8477 8507 8508
8509 8510 8511
8509 8511 8512
8475 8513 8514
8475 8514 8476
8515 8516 8517
8489 8488 8518
8489 8518 8519
8520 8518 8488
8521 8522 8508
8521 8508 8507
8492 8519 8522
8492 8522 8521
8523 8524 8525
8526 8527 8528
8526 8528 8529
8530 8531 8532
8530 8532 8533
8523 8525 8534
8523 8534 8470
8535 8536 8528
8535 8528 8537
8538 8539 8540
8538 8540 8541
8542 8538 8541
8542 8541 8543
8543 8544 8545
8543 8545 8542
8546 8547 8544
8548 8549 8550
8548 8550 8551
8552 8553 8554
8552 8554 8555
8537 8528 8527
8537 8527 8556
8555 8557 8558
8559 8560 8553
8559 8553 8552
8102 8561 8533
8562 8559 8561
8563 8560 8564
8563 8564 8565
8566 8567 8465
8566 8465 8539
8568 8569 8542
8568 8545 8547
8568 8547 8570
8548 8571 8572
8548 8572 8549
8553 8573 8574
8553 8574 8554
8560 8563 8573
8560 8573 8553
8563 8575 8576
8563 8576 8573
8574 8573 8576
8574 8576 8577
8571 8578 8579
8571 8579 8572
8580 8581 8582
8580 8582 8583
8584 8585 8586
8460 8586 8585
8460 8585 8443
8582 8464 8566
8582 8566 8587
8569 8587 8538
8569 8538 8542
8549 8572 8570
8549 8570 8547
8588 8580 8589
8590 8591 8460
8575 8592 8593
8540 8468 8470
8540 8470 8534
8537 8543 8541
8537 8541 8535
8543 8537 8556
8543 8556 8544
8552 8558 8559
8490 8493 8594
8595 8596 8507
8595 8507 8476
8597 8495 8598
8525 8599 8600
8525 8600 8536
8534 8525 8536
8534 8536 8535
8468 8540 8539
8468 8539 8465
8587 8566 8539
8587 8539 8538
8578 8584 8601
8576 8593 8602
8576 8602 8577
8579 8601 8588
8565 8592 8575
8565 8575 8563
8435 8416 8593
8435 8593 8592
8535 8541 8540
8535 8540 8534
8554 8548 8551
8554 8551 8555
8571 8548 8554
8571 8554 8574
8574 8577 8578
8574 8578 8571
8443 8585 8415
8443 8415 8414
8584 8578 8577
8496 8603 8604
8496 8604 8605
8606 8607 8499
8608 8609 8474
8592 8565 8436
8592 8436 8435
8028 8610 8561
8440 8439 8564
8440 8564 8562
8439 8436 8565
8439 8565 8564
8560 8559 8562
8560 8562 8564
8611 8475 8477
8612 8613 8510
8612 8510 8509
8614 8615 8616
8614 8616 8617
8472 8618 8619
8472 8619 8459
8620 8597 8621
8621 8598 8510
8621 8510 8613
8622 8498 8623
8622 8623 8624
8625 8603 8597
8625 8597 8620
8612 8509 8475
8612 8475 8611
8524 8614 8617
8524 8617 8626
8609 8627 8628
8477 8508 8629
8630 8631 8615
8630 8615 8632
8524 8633 8634
8524 8634 8614
8415 8602 8593
8415 8593 8416
8585 8584 8602
8466 8465 8567
8466 8567 8635
8636 8635 8567
8636 8567 8463
8452 8637 8446
8637 8445 8444
8638 8422 8425
8523 8639 8633
8470 8469 8639
8470 8639 8523
8614 8634 8632
8614 8632 8615
8631 8640 8616
8631 8616 8615
8641 8451 8450
8641 8450 8642
8447 8429 8643
8644 8645 8646
8644 8646 8647
8648 8644 8647
8648 8647 8649
8567 8566 8464
8567 8464 8463
8456 8459 8631
8640 8631 8459
8640 8459 8619
8508 8522 8650
8508 8650 8651
8512 8513 8475
8512 8475 8509
8652 8511 8510
8652 8510 8598
8476 8514 8653
8495 8597 8603
8495 8603 8496
8603 8625 8654
8603 8654 8604
8655 8496 8656
8498 8622 8657
8498 8657 8499
8498 8497 8658
8498 8658 8623
8499 8657 8659
8499 8659 8606
8660 8659 8657
8660 8657 8608
8608 8657 8622
8608 8622 8609
8609 8622 8624
8609 8624 8627
8474 8661 8608
8662 8663 8110
8662 8110 8109
8664 8663 8665
8664 8665 8666
8491 8489 8519
8648 8487 8489
8648 8489 8491
8521 8667 8493
8521 8493 8492
8507 8596 8667
8507 8667 8521
8667 8596 8666
8596 8595 8516
8596 8516 8666
8668 8666 8516
8668 8516 8515
8669 8519 8670
8662 8645 8594
8594 8493 8667
8618 8472 8474
8669 8650 8519
8518 8520 8671
8556 8672 8544
8673 8674 8675
8546 8550 8549
8546 8549 8547
8155 8676 8527
8155 8527 8526
8676 8672 8556
8451 8641 8452
8028 8442 8610
8533 8532 8102
8557 8674 8533
8677 8643 8437
8677 8437 8678
8482 8481 8488
8486 8485 8679
8486 8679 8680
8681 8483 8482
8681 8482 8487
8682 8683 8503
8682 8503 8502
8490 8594 8645
8491 8490 8644
8491 8644 8648
8594 8665 8663
8594 8663 8662
8649 8681 8487
8649 8487 8648
8109 8646 8645
8109 8645 8662
8503 8530 8504
8413 8110 8663
8413 8663 8664
8664 8666 8668
8550 8546 8684
8546 8544 8685
8551 8550 8686
8551 8687 8557
8678 8441 8338
8441 8438 8440
8441 8440 8442
8442 8440 8562
8442 8562 8610
8688 8689 8690
8688 8690 8691
8642 8692 8693
8642 8693 8694
8503 8683 8531
8503 8531 8530
8504 8530 8674
8695 8504 8674
8462 8455 8636
8462 8636 8463
8590 8453 8462
8581 8461 8464
8581 8464 8582
8587 8569 8583
8587 8583 8582
8696 8581 8580
8422 8638 8454
8601 8586 8696
8461 8591 8590
8423 8422 8453
8586 8460 8591
8569 8568 8697
8569 8697 8583
8589 8580 8583
8698 8570 8572
8698 8572 8579
8697 8568 8570
8697 8570 8698
8698 8588 8589
8447 8688 8691
8447 8691 8450
8643 8677 8688
8643 8429 8432
8643 8432 8437
8438 8441 8678
8438 8678 8437
8524 8626 8525
8504 8695 8506
8551 8557 8555
8642 8694 8699
8642 8699 8641
8692 8642 8691
8642 8450 8691
8700 8076 8075
8700 8075 8701
8700 8702 8703
8700 8703 8076
8700 8701 8704
8700 8704 8705
8702 8700 8705
8702 8705 8706
8707 8702 8706
8707 8706 8708
8075 8709 8710
8711 8712 8114
8711 8114 8713
8701 8710 8714
8701 8714 8704
8715 8716 8717
8718 8719 8720
8717 8721 8722
8715 8723 8724
8725 8726 8727
8725 8727 8728
8729 8730 8731
8729 8731 8732
8732 8731 8733
8732 8733 8734
8735 8736 8719
8735 8719 8718
8716 8737 8717
8738 8739 8714
8738 8714 8710
8712 8711 8739
8712 8739 8738
8740 8722 8726
8740 8726 8725
8740 8732 8734
8741 8742 8730
8741 8730 8729
8741 8736 8735
8741 8735 8742
8743 8744 8745
8743 8745 8746
8729 8725 8728
8729 8728 8741
8732 8740 8725
8732 8725 8729
8474 8471 8661
8747 8748 8749
8747 8749 8750
8750 8749 8751
8750 8751 8752
8752 8751 8753
8752 8753 8754
8755 8756 8757
8755 8757 8758
8754 8753 8759
8754 8759 8760
8760 8759 8757
8760 8757 8756
8500 8607 8761
8499 8607 8500
8762 8763 8764
8762 8764 8765
8766 8762 8765
8766 8765 8767
8766 8767 8768
8766 8768 8769
8656 8605 8770
8656 8496 8605
8763 8771 8772
8763 8772 8764
8773 8774 8775
8773 8775 8776
8777 8778 8776
8777 8776 8775
8779 8780 8781
8779 8781 8782
8773 8779 8782
8773 8782 8774
8780 8783 8784
8780 8784 8781
8785 8786 8787
8785 8787 8788
8786 8789 8790
8786 8790 8787
8515 8517 8791
8595 8792 8516
8516 8792 8517
8783 8785 8788
8783 8788 8784
8595 8653 8792
8476 8653 8595
8793 8794 8795
8793 8795 8796
8796 8795 8797
8796 8797 8798
8799 8800 8801
8799 8801 8802
8800 8803 8804
8800 8804 8801
8805 8806 8799
8805 8799 8802
8798 8797 8807
8798 8807 8808
8808 8807 8809
8808 8809 8810
8811 8812 8813
8755 8758 8811
8755 8811 8813
8814 8815 8816
8817 8815 8814
8817 8814 8818
8817 8818 8819
8817 8819 8820
8821 8822 8823
8821 8823 8824
8821 8820 8819
8821 8819 8822
8825 8826 8827
8825 8827 8828
8825 8829 8830
8825 8830 8826
8831 8810 8809
8831 8809 8832
8833 8834 8831
8833 8831 8832
8629 8835 8611
8411 8650 8669
8411 8669 8412
8411 8254 8836
8837 8838 8408
8837 8408 8407
8834 8410 8409
8836 8835 8839
8835 8629 8651
8835 8651 8839
8411 8836 8839
8840 8253 8252
8258 8257 8838
8258 8838 8837
8156 8841 8159
8842 8843 8844
8841 8842 8844
8842 8845 8846
8847 8256 8255
8847 8255 8848
8848 8849 8850
8848 8850 8847
8851 8852 8853
8853 8852 8804
8853 8804 8803
8854 8855 8830
8854 8830 8829
8856 8857 8858
8856 8858 8859
8859 8858 8855
8859 8855 8854
8860 8861 8857
8860 8857 8856
8861 8860 8862
8861 8862 8863
8864 8863 8862
8864 8862 8865
8864 8865 8866
8864 8866 8867
8528 8536 8600
8528 8600 8529
8166 8685 8672
8166 8672 8167
8157 8169 8155
8676 8169 8167
8676 8167 8672
8173 8867 8866
8155 8169 8676
8868 8480 8479
8868 8479 8105
8869 8870 8480
8869 8480 8868
8871 8480 8870
8404 8872 8671
8404 8671 8405
8404 8873 8670
8404 8670 8872
8412 8669 8670
8412 8670 8873
8670 8518 8872
8505 8478 8486
8505 8486 8502
8506 8479 8478
8506 8478 8505
8674 8530 8533
8161 8103 8506
8161 8506 8695
8367 8342 8341
8367 8341 8366
8344 8346 8345
8100 8346 8344
8874 8875 8876
8874 8876 8877
8878 8879 8875
8878 8875 8874
8877 8876 8880
8877 8880 8881
8824 8823 8882
8824 8882 8883
8883 8882 8884
8883 8884 8885
8885 8884 8879
8885 8879 8878
8886 8887 8888
8889 8890 8891
8889 8891 8892
8889 8887 8890
8888 8887 8893
8892 8891 8894
8892 8894 8895
8896 8897 8898
8896 8898 8899
8900 8901 8716
8900 8716 8715
8734 8733 8723
8734 8723 8715
8737 8716 8902
8166 8165 8684
8166 8684 8685
8903 8904 8687
8903 8687 8686
8162 8161 8695
8162 8695 8673
8168 8904 8163
8673 8675 8168
8673 8168 8162
8675 8687 8904
8675 8904 8168
8686 8684 8165
8686 8165 8903
8165 8163 8903
8903 8163 8904
8905 8906 8907
8905 8907 8908
8909 8908 8907
8906 8905 8910
8906 8910 8911
8910 8912 8913
8910 8913 8911
8914 8915 8913
8914 8913 8912
8915 8914 8744
8915 8744 8743
8916 8917 8918
8916 8918 8919
8920 8921 8922
8920 8922 8923
8921 8920 8919
8921 8919 8918
8924 8917 8916
8924 8916 8925
8926 8924 8925
8926 8925 8927
8928 8929 8930
8928 8930 8931
8932 8933 8929
8932 8929 8928
8926 8927 8933
8926 8933 8932
8934 8935 8936
8934 8936 8937
8935 8934 8938
8935 8938 8939
8934 8937 8940
8937 8941 8940
8718 8720 8942
8887 8886 8890
8737 8902 8943
8902 8716 8901
8105 8479 8506
8105 8506 8103
8692 8691 8690
8692 8944 8945
8692 8945 8693
8944 8692 8690
8944 8690 8708
8689 8707 8708
8689 8708 8690
8077 8946 8947
8092 8247 8709
8092 8709 8074
8077 8073 8092
8677 8948 8689
8677 8689 8688
8027 8442 8028
8338 8441 8027
8338 8947 8678
8030 8073 8338
8949 8703 8702
8949 8702 8707
8948 8949 8707
8948 8707 8689
8678 8947 8677
8949 8950 8703
8951 8952 8953
8951 8953 8954
8953 8952 8955
8956 8957 8951
8956 8951 8954
8957 8956 8958
8957 8958 8959
8959 8958 8960
8959 8960 8961
8961 8960 8962
8961 8962 8963
8963 8962 8964
8963 8964 8965
8966 8965 8964
8966 8964 8967
8968 8969 8970
8969 8968 8971
8971 8972 8969
8973 8974 8972
8975 8974 8973
8097 8033 8055
8976 8977 8978
8976 8978 8979
8977 8059 8058
8977 8058 8978
8980 8978 8058
8980 8058 8981
8978 8980 8982
8978 8982 8979
8214 8263 8262
8214 8262 8215
8983 8984 8985
8983 8985 8986
8987 8985 8984
8987 8984 8988
8984 8983 8989
8984 8989 8979
8274 8095 8094
8274 8094 8273
8979 8982 8988
8979 8988 8984
8990 8093 8096
8990 8096 8991
8992 8986 8985
8992 8985 8993
8994 8993 8985
8994 8985 8987
8995 8990 8991
8995 8991 8996
8994 8997 8993
7852 8998 8999
7852 8999 7849
8403 9000 9001
8403 9001 8402
8397 9002 9003
8397 9003 8396
9004 8646 8109
9005 9006 8047
9005 8047 8046
9005 9007 9006
8048 9008 9009
8048 9009 8046
9010 9011 9012
9010 9012 9013
8144 9007 9009
8144 9009 9014
9015 9013 9012
9015 9012 9016
9014 9009 9008
9014 9008 9017
8037 8048 8034
7991 7990 7871
7991 7871 9018
9006 9007 9018
9007 9005 9009
9009 9005 8046
9018 9007 7991
9007 8144 8115
9007 8115 7992
7991 9007 7992
7962 8311 7990
7962 7924 8311
9019 8247 8235
9019 8235 8360
8710 8709 9020
8710 9020 8738
9020 8709 8247
8362 9021 9020
8063 8114 8712
8063 8712 9021
9019 8362 9020
8361 8362 9019
9020 8247 9019
9022 9023 9024
9025 9026 9024
9024 9023 9027
9022 9028 9029
9022 9029 9023
9029 9028 9030
9029 9030 9031
9031 9030 9032
9031 9032 9033
9033 9032 9034
9033 9034 9035
9036 9037 9035
9036 9035 9034
9038 9039 9037
9038 9037 9036
9040 9041 9042
9040 9042 9043
9043 9042 9044
9043 9044 9045
9046 9047 9048
9046 9048 9049
9048 9045 9050
9048 9050 9049
9050 9045 9044
8043 8045 8114
8043 8114 8066
9047 9051 9052
9046 9051 9047
8044 8049 8106
7899 7902 7999
8000 8275 8003
8286 8289 8301
8286 8301 8299
7997 8290 8289
7997 8289 8286
8308 8302 8312
8308 8312 7976
7901 8191 8290
8192 8313 8312
8192 8312 8193
8291 8290 8191
8195 8047 9006
8195 9006 8196
8270 8036 8035
8270 8035 8271
8195 8194 8272
8195 8272 8271
9053 8197 8196
9053 8196 8198
8314 9054 9055
8314 9055 9056
8309 8308 7976
8309 7976 7979
7979 7978 9054
7979 9054 8314
8309 8314 8310
8310 8314 9056
9053 8198 7873
9053 7873 9057
7871 8198 8196
7871 8196 9018
9018 8196 9006
8302 8291 8193
8302 8193 8312
8054 8361 9058
8054 9058 8051
8362 8054 8053
8219 8222 9058
8219 9058 8361
9019 8219 8361
8360 8219 9019
9059 9060 9061
9059 9061 9062
8116 9063 8117
7972 9064 9065
7972 9065 7973
9062 9065 9064
9062 9064 9059
8144 8118 7964
8148 8149 7942
8148 7942 7885
7885 7942 7886
7886 7944 7909
7909 8131 8138
8138 8133 7890
9066 8120 8119
9066 8119 8117
8993 8997 9067
8771 8778 8777
8771 8777 8772
8598 8501 8652
8495 8501 8598
8494 8496 8655
9068 9069 8458
8458 9069 8473
9068 8458 8457
8456 8631 8630
8608 8661 8660
8727 9070 8728
8741 8728 9070
8741 9070 8736
9070 8719 8736
8745 8940 8941
8745 8941 8746
8446 8637 8444
7989 8123 7912
8122 9071 8148
7940 7941 7986
7940 7986 8149
7891 7893 7897
7937 7975 7894
7937 7894 7934
8141 8001 7975
8141 7975 7937
8067 8042 8001
8067 8001 8141
7980 7983 7986
7980 7986 7941
7998 9072 7999
8179 7900 7899
8000 8042 8275
7913 7988 7897
7913 7897 7896
7913 7940 9071
7941 7913 7914
7895 7914 7896
9073 9074 9041
9075 9076 9077
9075 9077 9038
9078 9079 9076
9078 9076 9075
9039 9038 9077
9039 9077 9074
9074 9073 9080
9039 9074 9080
9073 9041 9040
8618 8474 8628
8851 8828 8827
8851 8853 8828
9081 8287 8300
9081 8300 9082
7899 9072 8179
7999 9072 7899
7993 7996 9083
9081 8152 8179
9081 8179 9072
9082 8153 8152
9082 8152 9081
9072 7998 8287
9072 8287 9081
7981 8179 8152
7981 8152 7982
7983 7982 8154
8012 8135 7862
8127 7856 7875
8411 8839 8651
8411 8651 8650
8502 8486 8680
8502 8680 8682
8384 8385 8388
9084 9085 9086
9084 9086 9087
9088 9089 8072
9090 8356 8359
9090 8359 9091
8245 9089 8246
9087 9090 9091
9087 9091 9084
8072 9089 8245
8234 8233 9086
8234 9086 9085
8281 9088 8072
8281 8072 8030
7922 7924 7962
8189 8004 7855
8189 7855 8005
8182 7985 8186
7983 8154 7984
7984 7986 7983
7988 9071 8122
7913 9071 7988
8148 9071 8149
8149 9071 7940
7938 7900 7914
7990 7872 7871
9066 8117 9063
7964 8117 8119
7964 8119 7965
9066 9063 9092
7948 7950 7965
8119 7958 7965
7963 8144 7964
7950 7929 7963
9020 9021 8738
7882 8065 8141
8141 7883 7882
7897 7893 7894
7894 7893 7934
7893 7935 7934
7893 7892 7935
7988 8123 7989
8148 8123 8122
7912 8123 8148
7988 7911 7897
7897 7911 7891
7912 7911 7989
7941 7914 7980
8149 8008 7942
8067 8062 8042
8062 8064 8276
8033 8032 8055
8344 8332 8347
8344 8329 8332
8738 9021 8712
8955 8952 9093
8077 8947 8073
8073 8947 8338
8677 8947 8946
8092 8072 8245
8245 8247 8092
8235 8355 8360
8091 8399 9094
8086 8399 8091
8109 8111 9004
8998 8380 8381
8998 8381 8999
8646 9004 8647
8089 8398 8086
8165 8164 8163
8544 8672 8685
8546 8685 8684
8550 8684 8686
8843 8846 8869
8843 8869 8868
8843 8842 8846
8478 8480 8871
8105 8104 8844
8159 8844 8104
8518 8671 8872
8670 8519 8518
8667 8666 8665
8594 8667 8665
8611 8477 8629
8629 8508 8651
8969 8972 8974
8968 8970 9095
8058 8319 8981
8981 8319 8320
8362 8063 9021
8066 8067 8065
8066 8063 8062
8065 8043 8066
8114 8045 8713
8709 8075 8074
8075 8710 8701
8103 8158 8104
8162 8163 8160
8157 8156 8159
8159 8841 8844
8252 8254 8411
8404 8406 9096
8844 8868 8105
8844 8843 8868
8173 8866 8170
8167 8158 8164
8160 8164 8158
8488 8481 8520
8695 8674 8673
8555 8558 8552
8557 8533 8558
8533 8561 8558
8562 8561 8610
8559 8558 8561
8675 8674 8557
8551 8686 8687
8557 8687 8675
8873 9096 8412
9096 9097 8840
9096 8406 9097
8252 9096 8840
9097 8406 9098
8404 9096 8873
8412 9096 8252
8039 8041 8279
8040 8026 8041
8279 8031 8033
8337 8336 8385
8833 8410 8834
9099 9100 9101
9099 9101 9102
9100 9103 9104
9100 9104 9101
7851 7850 9105
7851 9105 9106
9107 9108 9109
9107 9109 9110
9111 9112 9113
9111 9113 9114
9115 9116 9117
9115 9117 9118
9119 9120 9121
9119 9121 9122
9122 9121 9123
9122 9123 9116
9122 9124 9125
9122 9125 9119
9126 9127 9128
9126 9128 9129
9130 9131 9132
9133 9134 9135
9110 9136 9137
9110 9137 9107
9131 9138 9139
9131 9139 9132
9137 9136 9140
9137 9140 9141
9142 9143 9144
9142 9144 9145
9146 9147 7884
9146 7884 7887
7889 7888 9148
7892 9149 9150
9151 9152 9153
9151 9153 9154
9155 9156 9157
9158 9159 9160
9158 9160 9161
9162 9163 9164
9162 9164 9165
9166 9146 7887
9166 7887 7910
9167 9168 9149
9167 9149 7892
9151 9169 9170
9171 9172 9173
9171 9173 9174
7920 9130 9175
7920 9175 7921
9116 9115 9124
9116 9124 9122
9176 9177 9178
9177 9125 9124
9177 9124 9179
9180 9181 9182
9180 9182 9179
9183 9184 9181
9183 9181 9180
9185 9186 9187
7936 7935 9188
7936 9188 9189
9152 9190 9191
9169 9192 9193
9194 9195 9196
9197 9198 9199
9200 9112 9201
9202 9113 9112
9202 9112 9200
9113 9202 9172
9113 9172 9127
9203 9138 9204
9125 9177 9176
9125 9176 9141
9205 9177 9179
9205 9179 9182
9179 9124 9115
9179 9115 9180
9200 9201 9183
9200 9183 9118
9206 9207 9208
9206 9208 9201
9112 9111 9209
9210 9211 9212
9210 9212 9213
9138 9131 9214
9131 9130 9215
9216 9217 7971
9216 7971 7974
9152 9191 9218
9152 9218 9153
9219 9220 9221
9219 9221 9222
9223 9224 9225
9223 9225 9226
9170 9225 9224
9170 9224 9157
9227 9228 9229
9230 9163 9187
9231 9232 9168
9233 9205 9182
9233 9182 9234
9234 9182 9181
9234 9181 9235
9236 9237 9238
9236 9238 9239
9240 9241 9242
9218 9191 9243
9218 9243 9244
9243 9191 9245
9243 9245 9246
9156 9190 9157
9170 9190 9152
9107 9137 9247
9108 9107 9248
9186 9249 9250
9194 9251 9195
9195 9146 9196
9252 9253 9254
9252 9254 9255
9254 9253 9256
9254 9256 9257
9129 9128 9258
9129 9258 9259
9257 9256 9260
9257 9260 9174
9261 9258 9128
9261 9128 9171
9262 9263 9264
9262 9264 9265
9266 9267 9268
9266 9268 9269
9270 9271 9272
9270 9272 9273
9274 9275 9276
9277 9278 9279
9277 9279 9280
9277 9280 9281
9282 9283 9284
9285 9244 9243
8044 9286 8045
9268 9282 9269
9287 9279 9278
9287 9278 9288
9287 9289 9279
9142 9290 9291
9142 9291 9143
9292 9293 9294
9292 9294 9295
8056 9274 9296
8056 9296 8057
9263 9266 9269
9263 9269 9264
9297 9298 9299
9297 9299 9300
9301 9302 9303
9304 9290 9142
9302 9305 9306
8068 9259 9215
8068 9215 8069
9126 9129 8071
9126 8071 8070
8071 9129 9259
8071 9259 8068
9307 9273 9308
9309 9310 9311
9309 9311 9312
9313 9314 9315
9313 9315 9316
9317 9318 9319
9317 9319 9320
9321 9322 9323
9321 9323 9324
9322 9321 8090
9322 8090 8091
9308 9325 9307
9326 9327 9328
9326 9328 9329
8057 9296 9330
8057 9330 8098
9331 9332 9333
9331 9333 9334
9335 9336 9337
9291 8106 8107
9291 8107 9143
8107 8108 9144
8107 9144 9143
9338 9339 9340
8112 9338 9340
8112 9340 8113
9341 9305 9301
9235 9181 9184
9235 9184 9342
9207 9343 9344
9207 9344 9345
8121 8120 9209
8121 9209 9111
9346 9347 9232
9261 9260 9348
9261 9348 9204
9256 9253 9349
9256 9349 9350
9351 9352 9353
9354 9132 9139
9196 9166 9355
9148 9198 9197
9148 9197 9356
9357 9255 9358
9349 9253 9252
9167 9359 8147
9167 8147 9360
9198 7888 8136
9198 8136 9199
9148 9361 8137
9148 8137 7889
9111 9114 8139
9111 8139 8121
9291 9286 8044
8140 7936 9189
8140 9189 9145
9145 9189 9362
9145 9144 8108
9145 8108 8140
9258 9261 9204
9258 9204 9214
9259 9258 9214
9259 9214 9215
9130 7920 8069
9130 8069 9215
9348 9350 9363
9120 9255 9254
9120 9254 9121
9121 9254 9257
9121 9257 9123
9126 9114 9113
9126 9113 9127
9172 9202 9117
9172 9117 9173
9171 9128 9127
9171 9127 9172
9110 9109 9364
9110 9364 9353
8139 9114 9126
8139 9126 8070
9353 9352 9110
9355 9361 9356
9120 9119 9140
9120 9140 9358
9361 9166 7910
9361 7910 8137
9118 9117 9202
9118 9202 9200
9123 9257 9174
9123 9174 9173
9184 9183 9201
9180 9115 9118
9180 9118 9183
9260 9261 9171
9260 9171 9174
9365 9342 9208
9342 9184 9208
9348 9260 9256
9348 9256 9350
9116 9123 9173
9116 9173 9117
9212 9211 8145
9212 8145 8146
7921 9175 9212
7921 9212 8146
9147 9360 8147
9147 8147 7884
9227 9366 9251
9155 9367 9368
9155 9368 9156
7888 9198 9148
9369 9370 9223
9369 9223 9371
9372 9373 9374
9374 9375 9335
9374 9335 9376
9377 9378 9379
9380 9378 9381
9382 9383 9381
9384 9382 9381
9378 9336 9375
9385 9379 9380
9384 9374 9386
9374 9384 9375
9387 9388 9389
9387 9389 9390
9119 9125 9141
9119 9141 9140
9391 9247 9176
9391 9176 9178
9247 9137 9141
9247 9141 9176
9358 9352 9351
9358 9351 9357
9358 9140 9136
9358 9136 9352
9392 9393 9394
9392 9394 9395
9224 9396 9157
9227 9229 9366
9185 9187 9397
9185 9397 9398
9397 9187 9163
9397 9163 9162
9165 9164 9399
9165 9399 9400
9163 9230 9401
9163 9401 9164
9251 9399 9227
9402 9400 9399
9402 9399 9251
9164 9401 9403
9164 9403 9399
9194 9402 9251
9187 9186 9250
9393 9404 9405
9393 9405 9394
9406 9247 9391
9160 9407 9408
9160 9408 9161
9409 9410 9411
9409 9411 9412
9413 9414 9415
9413 9415 9416
9135 9134 9417
9418 9245 9419
9418 9419 9420
9357 9252 9255
9421 9422 9423
9421 9423 9424
9425 9426 9427
9425 9427 9428
9429 9430 9431
9432 9433 9434
9432 9434 9435
9436 9432 9435
9436 9435 9437
9438 9439 9434
9438 9434 9433
9275 9274 9265
9275 9265 9264
9274 8056 8218
9274 8218 9265
9440 9441 9442
9440 9442 9443
9204 9348 9363
9204 9363 9203
9203 9139 9138
9444 9445 9446
9444 9446 9447
9448 9449 9450
8230 9262 9265
8230 9265 8218
9451 9452 9453
9451 9453 9454
9455 9456 9457
9458 9459 9452
9458 9452 9451
9460 9367 9159
9460 9159 9158
9461 9462 9463
9461 9463 9464
9465 9456 9455
9465 9455 9466
9467 9456 9465
9390 9468 9469
9390 9469 9387
9468 9470 9471
9468 9471 9469
9472 9473 9474
9475 9476 9477
9475 9477 9478
9448 9450 9479
9321 9324 9263
9321 9263 9262
9480 9481 9482
9480 9482 9483
9320 9319 9484
9320 9484 9485
9132 9354 9175
9354 9213 9212
9486 9487 9488
9486 9488 9489
9288 9278 9486
9288 9486 9414
9490 9483 9482
9490 9482 9491
9492 9493 9494
9492 9494 9495
9306 9304 9362
9290 9304 9286
9291 9290 9286
9156 9368 9419
9156 9419 9190
9284 9496 9275
9284 9275 9264
9284 9264 9269
9267 9266 9479
9266 9263 9324
9266 9324 9448
9262 8230 8090
9262 8090 9321
9497 9273 9498
9237 9236 9499
9237 9499 9500
9501 9502 9500
9501 9500 9499
9241 9503 9504
9241 9504 9242
9505 9506 9507
9505 9507 9508
9501 9509 9510
9501 9510 9502
9509 9511 9512
9509 9512 9510
9507 9513 9514
9507 9514 9515
9503 9516 9517
9503 9517 9504
9506 9518 9513
9506 9513 9507
9515 9519 9508
9515 9508 9507
9511 9520 9521
9511 9521 9512
9522 9523 9524
9520 9524 9523
9520 9523 9521
9393 9525 9526
9393 9526 9404
9519 9515 9404
9519 9404 9526
9404 9515 9514
9404 9514 9405
9525 9393 9392
9525 9392 9527
9133 9528 9233
9220 9529 9530
9220 9530 9221
9531 9222 9525
9532 9533 9534
9532 9534 9535
9422 9421 9533
9422 9533 9532
9300 9299 9536
9535 9534 9297
9535 9297 9300
9537 9536 9538
9537 9538 9539
9540 9541 9542
9540 9542 9543
9541 9537 9539
9541 9539 9542
9544 9545 9485
9544 9485 9484
9546 9547 9548
9546 9548 9549
9445 9444 9104
9445 9104 9103
9550 9551 9547
9550 9547 9546
9552 9553 9554
9272 9555 9273
9270 9497 9556
9270 9556 9331
9331 9334 9271
9331 9271 9270
9270 9273 9497
9332 9331 9557
9558 9559 9560
9561 9562 9548
9333 9332 9563
9564 9562 9332
9564 9332 9565
9447 9446 9566
9447 9566 9567
9459 9458 9567
9459 9567 9566
9557 9331 9556
9332 9557 9565
9568 9569 9570
9568 9570 9571
9439 9438 9464
9439 9464 9463
9427 9568 9572
9427 9572 9428
9440 9425 9428
9440 9428 9441
9427 9426 9424
9427 9424 9423
9540 9569 9423
9540 9423 9422
9572 9457 9456
9573 9574 9575
9573 9575 9576
9462 9461 9574
9462 9574 9573
9535 9300 9536
9535 9536 9537
9422 9532 9541
9422 9541 9540
9532 9535 9537
9532 9537 9541
9427 9423 9569
9427 9569 9568
9571 9457 9572
9571 9572 9568
9543 9570 9569
9543 9569 9540
9577 9441 9428
9577 9428 9572
9442 9441 9577
9295 9578 9579
9301 9292 9579
9293 9292 9303
9293 9303 9580
9160 9159 9240
9159 9367 9155
9368 9367 9460
9368 9460 9581
9419 9368 9581
9419 9581 9420
9246 9582 9495
9246 9495 9494
9493 9302 9285
9493 9285 9494
9245 9418 9582
9245 9582 9246
9303 9292 9301
9493 9492 9580
9493 9580 9303
9419 9245 9191
9419 9191 9190
9314 9313 9583
9314 9583 9584
9585 9586 9587
9585 9587 9588
9589 9590 9591
9589 9591 9592
9588 9587 9316
9588 9316 9315
9593 9594 9595
9593 9595 9596
9596 9595 9597
9596 9597 9598
9594 9593 9590
9594 9590 9589
9599 9600 9601
9599 9601 9602
9554 9603 9604
9603 9605 9606
9607 9449 9448
9448 9324 9323
9448 9323 9607
9608 9607 9323
9609 9606 9610
9609 9610 9611
9609 9611 9612
9612 9611 9613
9612 9613 9614
9614 9613 9615
9614 9615 9616
9617 9618 9322
9618 9608 9323
9601 9600 9619
9601 9619 9620
9620 9619 9621
9620 9621 9622
9623 9624 9625
9378 9377 9336
9626 9627 9628
9626 9628 9629
9630 9631 9473
8413 9338 8112
9632 9633 9634
9633 9635 9636
9633 9636 9634
9637 9638 9639
9640 9633 9632
9641 9642 9635
9641 9635 9633
9643 9644 9645
9643 9645 9646
9643 9635 9642
9643 9642 9644
9647 9643 9646
9647 9646 9648
9636 9635 9643
9636 9643 9647
9648 9646 9649
9648 9649 9650
9651 9652 9639
9639 9638 9632
9641 9653 9654
9654 9655 9642
9654 9642 9641
9644 9656 9657
9644 9657 9645
9655 9656 9644
9655 9644 9642
9638 9658 9640
9656 9659 9657
9660 9659 9656
9661 9662 9663
9664 9665 9666
9664 9666 9667
9668 9639 9652
9669 9670 9671
9669 9671 9672
9673 9674 9675
9673 9675 9676
9677 9673 9676
9677 9676 9678
9664 9679 9680
9664 9680 9681
9679 9682 9680
9667 9679 9664
9683 9684 9685
9686 9687 9688
9689 9690 9691
9689 9691 9692
9687 9693 9694
9687 9694 9695
9696 9690 9697
9696 9697 9698
9699 9700 9701
9699 9701 9702
9703 9704 9705
9706 9707 9708
9706 9708 9709
9704 9703 9710
9711 9712 9713
9711 9713 9714
9715 9711 9714
9716 9684 9683
9716 9683 9717
9718 9719 9720
9718 9720 9721
9722 9723 9685
9722 9685 9684
9724 8515 9725
9726 9696 9698
9726 9698 9727
9726 9728 9696
9717 9729 9730
9717 9730 9716
9729 9727 9699
9729 9699 9730
9731 9732 9733
9734 9735 9736
9736 9735 9737
9738 9739 9740
9738 9740 9741
9731 9733 9678
9731 9678 9742
9743 9744 9745
9743 9745 9746
9746 9747 9743
9747 9748 9749
9750 9751 9752
9750 9752 9753
9754 9755 9756
9754 9756 9757
9737 9735 9758
9737 9758 9759
9760 9757 9761
9755 9762 9763
9755 9763 9756
9764 9334 9741
9763 9765 9764
9766 9762 9767
9766 9767 9768
9675 9769 9770
9675 9770 9745
9746 9771 9772
9746 9772 9747
9748 9747 9772
9748 9772 9773
9774 9775 9752
9774 9752 9751
9776 9777 9755
9776 9755 9754
9777 9767 9762
9777 9762 9755
9778 9779 9767
9778 9767 9777
9777 9776 9780
9777 9780 9778
9781 9782 9775
9781 9775 9774
9783 9652 9784
9770 9672 9785
9770 9785 9771
9773 9774 9751
9773 9751 9748
9786 9787 9788
9783 9787 9789
9790 9791 9779
9676 9744 9742
9676 9742 9678
9743 9749 9759
9761 9756 9763
9702 9701 9792
9716 9793 9794
9716 9794 9684
9795 9703 9796
9731 9735 9734
9742 9758 9735
9745 9744 9676
9745 9676 9675
9745 9770 9771
9745 9771 9746
9797 9784 9782
9797 9782 9781
9798 9790 9778
9798 9778 9780
9788 9797 9781
9788 9781 9799
9779 9791 9768
9779 9768 9767
9634 9636 9791
9634 9791 9790
9744 9743 9758
9744 9758 9742
9757 9753 9752
9757 9752 9754
9752 9775 9776
9752 9776 9754
9782 9780 9776
9782 9776 9775
9780 9782 9784
9780 9784 9798
9800 9801 9705
9800 9705 9802
9803 9804 9706
9682 9805 9806
9647 9768 9791
9647 9791 9636
9807 9271 9334
9766 9648 9650
9766 9650 9765
9768 9647 9648
9768 9648 9766
9765 9763 9762
9765 9762 9766
9685 9808 9683
9719 9809 9810
9719 9810 9720
9811 9812 9813
9811 9813 9814
9815 9816 9679
9815 9679 9667
9795 9796 9817
9719 9795 9817
9719 9817 9809
9818 9707 9819
9818 9819 9820
9796 9801 9821
9796 9821 9822
9685 9720 9810
9685 9810 9808
9814 9813 9732
9814 9732 9823
9824 9825 9805
9717 9683 9826
9827 9828 9829
9827 9829 9812
9830 9831 9732
9830 9732 9813
9790 9798 9651
9790 9651 9634
9798 9784 9652
9798 9652 9651
9769 9675 9674
9769 9674 9832
9669 9769 9832
9669 9832 9833
9834 9660 9655
9653 9834 9654
9835 9658 9638
9831 9836 9733
9733 9836 9677
9733 9677 9678
9829 9830 9813
9829 9813 9812
9811 9837 9827
9811 9827 9812
9838 9659 9839
9838 9839 9840
9645 9657 9841
9842 9843 9844
9842 9844 9845
9845 9844 9846
9845 9846 9847
9672 9770 9769
9672 9769 9669
9667 9666 9827
9667 9827 9837
9667 9837 9815
9848 9729 9717
9848 9717 9849
9685 9723 9721
9685 9721 9720
9719 9718 9850
9719 9850 9795
9722 9684 9851
9801 9796 9703
9801 9703 9705
9821 9801 9800
9821 9800 9852
9705 9853 9854
9855 9819 9707
9855 9707 9706
9856 9708 9707
9856 9707 9818
9857 9855 9706
9857 9706 9804
9855 9857 9858
9855 9858 9806
9819 9855 9806
9819 9806 9805
9820 9819 9805
9820 9805 9825
9859 9682 9806
9338 9860 9861
9338 9861 9339
9862 9860 8664
9862 8664 9863
9727 9698 9700
9727 9700 9699
9698 9697 9846
9698 9846 9700
9702 9864 9730
9702 9730 9699
9864 9793 9716
9864 9716 9730
9793 9864 9863
9794 9793 9863
9794 9863 9724
9724 9863 8668
9724 8668 8515
9727 9865 9866
9792 9843 9861
9702 9792 9864
9679 9816 9682
9729 9848 9865
9729 9865 9727
9728 9726 9867
9868 9759 9749
9869 9870 9871
9751 9750 9872
9751 9872 9748
9737 9873 9373
9737 9373 9874
9759 9868 9873
9759 9873 9737
9839 9659 9660
9875 9271 9807
9738 9741 9334
9869 9760 9741
9649 9841 9876
9649 9876 9877
9691 9690 9696
9878 9694 9693
9878 9693 9879
9690 9689 9880
9690 9880 9697
9712 9881 9882
9712 9882 9713
9843 9792 9701
9844 9701 9700
9844 9700 9846
9860 9862 9792
9860 9792 9861
9697 9880 9847
9697 9847 9846
9843 9842 9339
9843 9339 9861
9740 9712 9711
9860 9338 8413
9860 8413 8664
9863 8664 8668
9872 9750 9883
9749 9872 9884
9750 9753 9885
9886 9753 9760
9875 9877 9555
9765 9650 9875
9765 9875 9807
9887 9888 9889
9887 9889 9890
8693 9891 9840
8693 9840 8694
9739 9881 9712
9739 9712 9740
9740 9711 9869
9711 9892 9869
9833 9661 9670
9833 9670 9669
9670 9663 9789
9672 9671 9786
9672 9786 9785
9663 9662 9637
9787 9783 9797
9787 9786 9671
9663 9637 9668
9893 9772 9771
9893 9771 9785
9785 9786 9894
9774 9773 9799
9774 9799 9781
9773 9772 9893
9773 9893 9799
9894 9788 9799
9890 9889 9657
9890 9657 9838
9889 9876 9841
9646 9645 9841
9646 9841 9649
9877 9875 9650
9877 9650 9649
9895 9823 9731
9892 9711 9715
9760 9753 9757
8699 8694 9840
8699 9840 9839
9840 9891 9890
9838 9840 9890
9311 9896 9897
9311 9897 9312
9898 9899 9896
9898 9896 9311
9900 9897 9896
9900 9896 9901
9901 9896 9899
9901 9899 9902
9902 9899 9903
9902 9903 9904
9905 9312 9906
9341 9907 9908
9341 9908 9909
9910 9906 9897
9910 9897 9900
9911 9912 9913
9914 9915 9916
9917 9918 9911
9919 9920 9921
9922 9923 9924
9925 9926 9927
9925 9927 9928
9925 9929 9930
9925 9930 9926
9915 9914 9931
9915 9931 9932
9918 9933 9912
9918 9912 9911
9910 9934 9935
9910 9935 9906
9934 9908 9907
9934 9907 9935
9923 9917 9936
9923 9936 9924
9929 9925 9936
9937 9928 9927
9937 9927 9938
9938 9932 9931
9938 9931 9937
9939 9940 9941
9939 9941 9942
9943 9924 9928
9943 9928 9937
9924 9936 9925
9924 9925 9928
9680 9682 9859
9944 9945 9946
9944 9946 9947
9948 9944 9947
9948 9947 9949
9950 9948 9949
9950 9949 9951
9952 9953 9954
9952 9954 9955
9956 9950 9951
9956 9951 9957
9952 9956 9957
9952 9957 9953
9803 9709 9958
9803 9706 9709
9959 9960 9961
9959 9961 9962
9962 9961 9963
9962 9963 9964
9965 9964 9963
9965 9963 9966
9802 9854 9967
9705 9854 9802
9968 9969 9960
9968 9960 9959
9970 9971 9972
9970 9972 9973
9974 9975 9970
9974 9970 9973
9976 9977 9978
9976 9978 9979
9979 9978 9972
9979 9972 9971
9980 9981 9977
9980 9977 9976
9982 9983 9984
9982 9984 9985
8790 8789 9983
8790 9983 9982
9725 8515 8791
9986 9794 9724
9986 9724 9725
9985 9984 9981
9985 9981 9980
9851 9794 9986
9851 9684 9794
9987 9988 9989
9987 9989 9990
9991 9987 9990
9991 9990 9992
9993 9994 9995
9993 9995 9996
9997 9998 9994
9997 9994 9993
9995 9999 10000
9995 10000 9996
10001 9991 9992
10001 9992 10002
10003 10001 10002
10003 10002 10004
10005 10006 10007
10006 9955 9954
10006 9954 10007
10008 10009 10010
10009 10008 10011
10009 10011 10012
10013 10012 10011
10013 10011 10014
10015 10016 10017
10015 10017 10018
10014 10017 10016
10014 10016 10013
10019 10020 10021
10019 10021 10022
10023 10024 10021
10023 10021 10020
10003 10004 10025
10003 10025 10026
10027 10028 10026
10027 10026 10025
10029 9826 9808
9865 9848 9631
9865 9631 9630
9474 9631 10030
9627 10031 10032
9627 10032 9628
9629 10027 9626
10029 10030 10033
9849 9826 10029
9849 10029 10033
10030 9631 10033
9472 10034 10035
10031 9475 9478
10031 9478 10032
10036 9372 9376
10037 10038 10039
10038 10036 10039
10040 10038 10041
9477 9476 10042
9477 10042 10043
10044 10045 10043
10044 10043 10042
10046 10047 10048
9997 10046 10048
9997 10048 9998
10023 10049 10050
10023 10050 10024
10051 10052 10053
10051 10053 10054
10049 10051 10054
10049 10054 10050
10052 10055 10056
10052 10056 10053
10056 10055 10057
10056 10057 10058
10057 10059 10060
10057 10060 10058
10060 10059 10061
10060 10061 10062
9868 9884 9382
9868 9382 9384
9386 9374 9373
9384 9386 9873
9384 9873 9868
10061 9389 10062
9386 9373 9873
9686 9688 10063
9686 10063 9337
9688 10064 10065
9688 10065 10063
9688 9695 10064
9867 10066 9624
9867 9624 9623
10067 9624 10066
10067 10066 9866
9866 9865 9630
9866 9630 10067
9726 9866 10066
9693 9687 9714
9693 9714 9713
9687 9686 9715
9687 9715 9714
9740 9869 9741
9715 9336 9377
9715 9377 9892
9559 9558 9584
9559 9584 9583
9563 9562 9561
9563 9332 9562
10068 10069 10070
10068 10070 10071
10069 10072 10073
10069 10073 10070
10074 10068 10071
10074 10071 10075
10076 10015 10018
10076 10018 10077
10078 10076 10077
10078 10077 10079
10072 10078 10079
10072 10079 10073
10080 10081 10082
10083 10084 10085
10083 10085 10086
10080 10085 10084
10080 10082 10087
10088 10089 10090
10088 10090 10091
10092 10088 10091
10092 10091 10093
9912 10094 10095
9912 10095 9913
9929 9913 9921
9929 9921 9930
9912 9933 10096
9883 9383 9382
9883 9382 9884
9886 10097 10098
9886 10098 9885
9892 9377 9379
9892 9379 9870
10097 9385 9380
9385 9871 9870
9385 9870 9379
10097 9886 9871
10097 9871 9385
9383 9883 9885
9383 9885 10098
9380 9383 10098
9380 10098 10097
10099 10100 10101
10099 10101 10102
10102 10103 10099
10101 10100 10104
10101 10104 10105
10106 10107 10105
10106 10105 10104
10106 10108 10109
10106 10109 10107
9940 10109 10108
9940 10108 9941
10110 10111 10112
10110 10112 10113
10114 10115 10116
10114 10116 10117
10112 10115 10114
10112 10114 10113
10111 10110 10118
10111 10118 10119
10119 10118 10120
10119 10120 10121
10122 10123 10124
10122 10124 10125
10123 10126 10127
10123 10127 10124
10126 10121 10120
10126 10120 10127
10128 10129 10130
10128 10130 10131
8938 10129 10128
8938 10128 8939
10130 10129 10132
10133 10130 10132
9916 9915 10134
10081 10080 10084
10096 9933 10135
9912 10096 10094
9715 9686 9337
9715 9337 9336
9890 9891 9887
10136 9891 8693
10136 8693 8945
9887 9891 10136
9887 10136 9904
9904 9903 9888
9904 9888 9887
10137 9310 10138
9905 9467 9325
9905 9325 9309
9325 9308 9310
9888 10139 9876
9888 9876 9889
9875 9272 9271
9875 9555 9272
10140 9555 9877
9308 9273 9555
9899 9898 10141
9899 10141 9903
9903 10141 10139
9903 10139 9888
10140 9877 9876
9310 9898 9311
10142 10143 10144
10142 10144 10145
10143 10142 10146
10147 10148 10145
10147 10145 10144
10149 10148 10147
10149 10147 10150
10151 10149 10150
10151 10150 10152
10153 10151 10152
10153 10152 10154
10155 10153 10154
10155 10154 10156
10155 10156 10157
10155 10157 10158
10159 10160 8970
10160 10159 10161
10162 10161 10159
10163 10164 10162
10163 10165 10164
9276 9330 9296
10166 10167 9431
10166 9431 9430
9299 9298 10167
9299 10167 10166
9299 10166 10168
9299 10168 10169
10170 10168 10166
10170 10166 9430
9481 9480 9436
9481 9436 9437
10171 10172 10173
10171 10173 10174
9487 9277 9281
9487 9281 10175
10172 10171 10176
10172 10176 10177
9327 9326 9490
9327 9490 9491
9329 9328 10178
9329 10178 10179
10171 10174 10180
10171 10180 10181
10171 10181 10182
10171 10182 10176
10179 10178 10183
10179 10183 10184
10185 10182 10181
10186 10187 9106
10186 9106 9105
10188 10189 9622
10188 9622 9621
9003 9002 9616
9003 9616 9615
9842 10190 9339
9288 10191 10192
9288 10192 9287
10193 10192 10191
10194 9289 9287
10194 9287 10195
10196 10197 10198
10196 10198 10199
10195 10193 9365
10195 9365 10200
10199 10201 10202
10199 10202 10196
10194 10195 10200
10194 10200 10203
9289 9280 9279
9134 9233 9234
9134 9234 10204
10193 10191 10204
10192 10193 10195
10192 10195 9287
10193 10204 9234
9342 9365 10193
9342 10193 9235
10193 9234 9235
9528 9205 9233
9178 9205 9528
9456 9467 10205
9456 10205 9577
10206 9905 9906
10206 9906 9935
9905 10206 9467
10207 9579 10206
9907 9341 9301
9907 9301 10207
9579 10205 10206
9579 9578 10205
9467 10206 10205
10208 10209 10210
10211 10212 10210
10213 10210 10212
10214 10215 10209
10214 10209 10208
10216 10215 10214
10216 10214 10217
10218 10216 10217
10218 10217 10219
10220 10218 10219
10220 10219 10221
10221 10222 10223
10221 10223 10220
10224 10225 10222
10222 10225 10223
10226 10227 10228
10226 10228 10229
10230 10226 10229
10230 10229 10231
10232 10233 10234
10232 10234 10235
10231 10232 10236
10236 10232 10235
10231 10236 10230
8045 9286 9341
9341 9286 9305
10237 10233 10238
10237 10234 10233
9291 8044 8106
9159 9155 9240
9494 9243 9246
9518 9506 9504
9518 9504 9517
9506 9505 9242
9506 9242 9504
9530 9519 9526
9530 9526 9221
9407 9160 9242
9530 9529 9411
9530 9411 9410
9407 9409 9412
9407 9412 9408
9407 9505 9409
10191 9288 9414
10191 9414 9413
9278 9277 9487
9278 9487 9486
9489 9415 9414
9489 9414 9486
9413 9416 10239
9413 10239 9417
10240 10241 9531
10240 9531 10242
9221 9526 9525
9221 9525 9222
10241 9219 9222
10241 9222 9531
9531 9525 9527
9531 9527 10242
9417 10239 10243
9417 10243 9135
9417 9134 9413
9413 9134 10204
9413 10204 10191
9519 9530 9410
10244 9578 9295
10244 9295 9294
9295 9579 9292
9443 9442 9578
9443 9578 10244
9442 10205 9578
9442 9577 10205
10245 10246 10247
10245 10247 10248
10249 9344 9343
10250 10251 9217
10250 9217 9216
10251 10250 10248
10251 10248 10247
9345 9365 9207
9195 9366 9360
9195 9360 9147
9195 9147 9146
9196 9146 9166
9355 9166 9361
9356 9361 9148
9209 8120 9066
9209 9066 9343
8997 10252 9067
9975 9974 9969
9975 9969 9968
9710 9795 9850
9710 9703 9795
9705 9704 9853
10253 10254 9664
10253 9664 9681
9664 10254 9665
9827 9666 9828
9859 9806 9858
10255 9922 9943
10255 9943 9937
10255 9937 9931
9914 10255 9931
10133 10132 9939
10133 9939 9942
9834 9655 9654
9346 9231 9167
10256 9347 9360
9229 9193 9192
9229 9192 9366
9150 9149 9154
9153 9218 9189
9153 9189 9188
9218 9244 9362
9218 9362 9189
9244 9285 9306
9244 9306 9362
9229 9226 9225
9229 9225 9193
10257 9241 9240
9157 9396 9155
9285 9243 9494
9154 9232 9169
9154 9169 9151
9192 9169 10256
9169 9193 9170
9170 9152 9151
10258 10259 10227
10260 10261 10262
10260 10262 10225
10261 10263 10264
10261 10264 10262
10260 10225 10224
10260 10224 10258
10259 10258 10265
10258 10224 10265
10227 10259 10228
9682 9816 9824
10022 10047 10019
10048 10047 10022
9516 9503 10266
9516 10266 10267
10257 9155 9396
10257 9240 9155
9239 9238 10268
9396 9370 10266
9396 10266 10257
9370 9369 10267
9370 10267 10266
9503 9241 10257
9503 10257 10266
9370 9396 9224
9370 9224 9223
9223 9226 9371
9358 9255 9120
9110 9352 9136
10033 9631 9848
10033 9848 9849
9879 9693 9713
9879 9713 9882
9604 9603 9606
10269 10270 10271
10269 10271 10272
10273 10274 9307
9576 9575 10275
9576 10275 10276
10273 9465 9466
10276 10275 10272
10276 10272 10271
10273 9307 9465
9454 9453 10270
9454 10270 10269
9307 10274 9498
9307 9498 9273
9178 9177 9205
9247 9406 9107
9107 9406 9248
9227 9399 9403
9371 9226 9228
9229 9228 9226
9167 7892 9359
10256 9232 9347
10256 9169 9232
10256 9360 9366
10256 9366 9192
9157 9190 9170
9133 9233 9134
9343 9066 10249
9209 9343 9207
9209 9207 9206
10249 9066 9092
9201 9112 9206
9112 9209 9206
9365 9208 9207
9184 9201 9208
10207 10206 9935
9304 9142 9362
9145 9362 9142
9150 9154 9153
9150 9153 9188
7935 9150 9188
7892 9150 7935
9346 9232 9231
9346 9360 9347
9346 9167 9360
9168 9232 9154
9168 9154 9149
9168 9167 9231
9170 9193 9225
9251 9366 9195
9302 9306 9285
9303 9302 9493
9274 9276 9296
9549 9562 9564
9548 9562 9549
10207 9935 9907
10143 10146 10277
10140 9310 9308
10140 9308 9555
10137 10138 10139
10137 10139 10141
9307 9325 9465
9467 9465 9325
9572 9456 9577
9617 8091 9094
9617 9322 8091
9340 9339 10190
9598 9597 10187
9598 10187 10186
10190 9842 9845
9618 9323 9322
9381 9383 9380
9868 9749 9884
9884 9872 9883
9883 9750 9885
10065 10041 10037
10065 10037 10063
10038 10037 10041
9688 9687 9695
9335 9337 10039
10039 9376 9335
9867 9726 10066
9727 9866 9726
9863 9864 9862
9864 9792 9862
9683 9808 9826
9717 9826 9849
10162 10159 10163
8970 10160 9095
9536 9299 10169
9536 10169 9538
9301 9579 10207
9306 9305 9304
9301 9305 9302
9286 9304 9305
8045 9341 9909
9312 9905 9309
9906 9312 9897
9375 9336 9335
9380 9379 9378
9372 9374 9376
10036 9376 10039
9474 9473 9631
9625 9624 10035
10063 10039 9337
10037 10039 10063
10062 9389 9388
9375 9384 9381
9381 9378 9375
9691 9696 9728
9869 9892 9870
9761 9757 9756
9741 9760 9761
9764 9741 9761
9807 9334 9764
9764 9765 9807
9761 9763 9764
9869 9871 9760
9885 9753 9886
9886 9760 9871
10035 10067 9630
10278 10035 10034
9625 10035 10278
9625 10278 10279
10035 9624 10067
10035 9630 9473
9284 9283 9496
9269 9282 9284
9275 9496 9276
9552 9554 9604
9731 9734 9895
9736 9737 9874
9743 9759 9758
9743 9747 9749
9742 9735 9731
9657 9659 9838
9660 9656 9655
9640 9658 9653
9633 9640 9641
9653 9641 9640
9632 9638 9640
9637 9639 9668
9835 9638 9637
9637 9662 9835
8077 8076 8703
10137 10141 9898
8950 8077 8703
8948 8946 8950
8948 8950 8949
8077 8950 8946
9876 10139 10138
9310 10140 10138
8948 8677 8946
9876 10138 10140
10280 8270 8269
10280 8269 10281
8270 10280 8038
8270 8038 8036
9488 9487 10175
9488 10175 10282
10177 10170 9430
10177 9430 10172
10172 9430 9429
10172 9429 10173
8989 8976 8979
8147 9359 7912
8147 7912 8148
7912 9359 7892
9310 10137 9898
9629 10028 10027
9317 9599 9602
9317 9602 9318
9606 9605 9610
8082 8267 8266
8082 8266 8083
8388 8387 8384
8259 8228 8389
8229 8228 8259
9450 9449 10283
10284 10285 10286
10284 10287 10288
10284 10286 10289
10284 10290 10291
10286 10292 10289
10293 10285 10291
10284 10291 10285
10284 10289 10287
10290 10288 10294
10284 10288 10290
10295 10296 10297
10295 10298 10299
10295 10300 10296
10295 10301 10302
10296 10300 10303
10304 10301 10297
10295 10297 10301
10295 10299 10300
10302 10305 10298
10295 10302 10298
10306 10307 10308
10309 10310 10311
10309 10311 10312
10313 10314 10315
10313 10315 10316
10317 10318 10319
10320 10321 10322
10320 10322 10323
10324 10325 10326
10327 10328 10329
10327 10329 10330
10331 10332 10333
10331 10333 10334
10335 10336 10337
10335 10337 10331
10338 10339 10340
10338 10340 10341
10342 10343 10316
10342 10316 10344
10341 10340 10343
10341 10343 10342
10323 10322 10345
10323 10345 10346
10347 10348 10349
10347 10349 10350
10351 10352 10353
10351 10353 10354
10355 10356 10357
10355 10357 10358
10359 10360 10361
10359 10361 10362
10337 10363 10364
10337 10364 10365
10366 10367 10368
10366 10368 10369
10370 10371 10372
10373 10341 10342
10373 10342 10374
10336 10375 10363
10336 10363 10337
10338 10376 10375
10338 10375 10336
10377 10378 10379
10380 10381 10382
10351 10354 10383
10351 10383 10384
10362 10361 10385
10362 10385 10386
10379 10387 10365
10379 10365 10364
10348 10388 10389
10348 10389 10349
10390 10358 10352
10390 10352 10391
10392 10393 10360
10392 10360 10359
10371 10344 10394
10395 10347 10350
10395 10350 10396
10384 10383 10397
10398 10399 10400
10398 10400 10401
10344 10371 10374
10344 10374 10342
10388 10402 10403
10388 10403 10389
10356 10404 10357
10405 10406 10407
10408 10409 10410
10408 10410 10411
10412 10413 10414
10415 10345 10322
10415 10322 10416
10417 10415 10416
10417 10416 10418
10419 10417 10418
10419 10418 10420
10421 10422 10423
10424 10422 10418
10424 10418 10416
10321 10424 10416
10321 10416 10322
10346 10414 10413
10346 10413 10323
10319 10425 10426
10319 10427 10428
10319 10428 10317
10424 10429 10422
10321 10430 10424
10420 10418 10422
10420 10422 10431
10318 10432 10425
10426 10427 10319
10320 10433 10321
10434 10435 10436
10434 10436 10437
10326 10438 10439
10326 10439 10324
10331 10337 10365
10331 10365 10332
10334 10440 10335
10334 10335 10331
10329 10441 10330
10440 10334 10312
10440 10312 10311
10442 10440 10311
10442 10311 10443
10443 10311 10310
10443 10310 10444
10445 10446 10447
10445 10447 10448
10445 10449 10450
10445 10450 10446
10314 10451 10315
10340 10449 10343
10339 10442 10450
10339 10450 10340
10343 10313 10316
10452 10320 10323
10452 10323 10413
10412 10452 10413
10318 10425 10319
10334 10333 10307
10334 10307 10312
10453 10454 10455
10453 10455 10456
10457 10458 10454
10457 10454 10453
10459 10460 10458
10459 10458 10457
10461 10462 10460
10461 10460 10459
10454 10363 10375
10454 10375 10455
10460 10379 10364
10460 10364 10458
10458 10364 10363
10458 10363 10454
10367 10376 10373
10367 10373 10368
10374 10463 10368
10374 10368 10373
10462 10377 10379
10462 10379 10460
10464 10465 10462
10464 10462 10461
10466 10467 10468
10386 10385 10382
10386 10382 10469
10408 10470 10390
10408 10390 10393
10393 10390 10391
10393 10391 10360
10471 10361 10360
10471 10360 10391
10472 10380 10382
10472 10382 10473
10474 10385 10361
10474 10361 10471
10473 10382 10474
10475 10371 10476
10353 10357 10477
10478 10479 10348
10478 10348 10347
10479 10480 10388
10479 10388 10348
10388 10480 10402
10481 10478 10347
10481 10347 10395
10351 10471 10391
10351 10391 10352
10355 10470 10407
10355 10407 10406
10384 10474 10471
10384 10471 10351
10357 10353 10352
10357 10352 10358
10473 10474 10384
10482 10483 10484
10482 10484 10485
10411 10410 10483
10411 10483 10482
10486 10487 10485
10405 10488 10406
10405 10482 10485
10489 10490 10491
10489 10491 10492
10493 10494 10495
10489 10496 10497
10491 10403 10402
10491 10402 10492
10485 10484 10486
10336 10335 10339
10336 10339 10338
10406 10496 10356
10406 10356 10355
10456 10455 10367
10456 10367 10366
10341 10373 10376
10341 10376 10338
10393 10392 10409
10393 10409 10408
10446 10450 10442
10446 10442 10443
10447 10446 10443
10447 10443 10444
10339 10335 10440
10339 10440 10442
10455 10375 10376
10455 10376 10367
10411 10407 10470
10411 10470 10408
10358 10390 10470
10358 10470 10355
10356 10498 10404
10473 10397 10499
10473 10499 10472
10500 10501 10502
10472 10499 10503
10472 10503 10504
10468 10505 10465
10468 10465 10466
10504 10506 10380
10504 10380 10472
10501 10507 10502
10501 10499 10397
10501 10397 10481
10380 10506 10508
10396 10509 10395
10502 10507 10510
10511 10438 10505
10511 10505 10468
10511 10439 10438
10467 10512 10400
10325 10324 10329
10325 10329 10328
10467 10513 10512
10399 10439 10511
10399 10511 10400
10434 10514 10435
10324 10439 10399
10324 10399 10329
10400 10511 10468
10400 10468 10467
10514 10333 10332
10514 10332 10515
10515 10387 10326
10332 10365 10387
10332 10387 10515
10465 10464 10516
10465 10516 10466
10377 10505 10438
10377 10438 10378
10465 10505 10377
10465 10377 10462
10378 10326 10387
10378 10438 10326
10517 10394 10344
10313 10449 10445
10313 10445 10314
10314 10445 10448
10314 10448 10451
10343 10449 10313
10509 10396 10510
10383 10354 10479
10383 10479 10478
10354 10353 10480
10354 10480 10479
10480 10353 10477
10492 10402 10477
10492 10477 10404
10488 10518 10497
10488 10497 10496
10481 10397 10383
10481 10383 10478
10500 10503 10499
10500 10499 10501
10481 10395 10507
10485 10487 10494
10405 10407 10482
10420 10431 10318
10420 10318 10317
10431 10519 10432
10431 10432 10318
10437 10308 10307
10437 10307 10434
10480 10477 10402
10489 10497 10490
10492 10404 10498
10492 10498 10489
10356 10496 10498
10404 10477 10357
10520 10316 10315
10517 10344 10520
10521 10394 10517
10522 10394 10521
10434 10307 10333
10434 10333 10514
10306 10309 10312
10306 10312 10307
10328 10435 10514
10328 10514 10325
10436 10435 10328
10436 10328 10327
10325 10515 10326
10325 10514 10515
10475 10372 10371
10370 10463 10374
10370 10374 10371
10368 10523 10369
10421 10519 10431
10421 10431 10422
10489 10498 10496
10487 10495 10494
10493 10488 10494
10493 10518 10488
10485 10494 10405
10509 10507 10395
10419 10420 10317
10419 10317 10428
10430 10524 10424
10321 10433 10430
10340 10450 10449
10344 10316 10520
10429 10423 10422
10424 10524 10429
10399 10398 10441
10329 10399 10441
10522 10476 10394
10494 10488 10405
10488 10496 10406
10407 10411 10482
10507 10509 10510
10516 10513 10467
10516 10467 10466
10463 10523 10368
10525 10526 10527
10528 10529 10530
10531 10532 10533
10531 10533 10534
10535 10536 10537
10538 10539 10540
10538 10540 10541
10542 10543 10544
10545 10546 10547
10545 10547 10548
10549 10550 10551
10549 10551 10552
10553 10549 10554
10553 10554 10555
10556 10557 10558
10556 10558 10559
10560 10561 10532
10560 10532 10562
10557 10560 10562
10557 10562 10558
10539 10563 10564
10539 10564 10540
10565 10566 10567
10565 10567 10568
10569 10570 10571
10569 10571 10572
10573 10574 10575
10573 10575 10576
10577 10578 10579
10577 10579 10580
10554 10581 10582
10554 10582 10583
10584 10585 10586
10584 10586 10587
10588 10589 10590
10591 10592 10560
10591 10560 10557
10555 10554 10583
10555 10583 10593
10556 10555 10593
10556 10593 10594
10595 10596 10597
10598 10599 10600
10569 10601 10602
10569 10602 10570
10578 10603 10604
10578 10604 10579
10596 10582 10581
10596 10581 10605
10568 10567 10606
10568 10606 10607
10608 10609 10572
10608 10572 10574
10610 10577 10580
10610 10580 10611
10590 10612 10613
10614 10615 10566
10614 10566 10565
10601 10616 10617
10618 10619 10620
10618 10620 10621
10590 10561 10592
10607 10606 10622
10607 10622 10623
10576 10575 10624
10625 10626 10627
10628 10629 10630
10628 10630 10631
10632 10633 10634
10635 10636 10540
10635 10540 10564
10637 10638 10636
10637 10636 10635
10639 10640 10638
10639 10638 10637
10641 10642 10643
10644 10636 10638
10644 10638 10643
10541 10540 10636
10541 10636 10644
10563 10539 10634
10563 10634 10633
10536 10645 10646
10536 10535 10647
10536 10647 10648
10644 10643 10649
10541 10644 10650
10640 10651 10643
10640 10643 10638
10537 10646 10652
10645 10536 10648
10538 10541 10653
10654 10655 10656
10654 10656 10657
10543 10542 10658
10543 10658 10659
10549 10552 10581
10549 10581 10554
10550 10549 10553
10550 10553 10660
10547 10546 10661
10660 10662 10530
10660 10530 10550
10663 10664 10662
10663 10662 10660
10664 10665 10666
10664 10666 10662
10667 10668 10669
10667 10669 10670
10667 10670 10671
10667 10671 10672
10534 10533 10673
10558 10562 10672
10559 10558 10671
10559 10671 10663
10562 10532 10531
10674 10634 10539
10674 10539 10538
10632 10634 10674
10537 10536 10646
10550 10530 10527
10550 10527 10551
10675 10676 10677
10675 10677 10678
10679 10675 10678
10679 10678 10680
10681 10679 10680
10681 10680 10682
10683 10681 10682
10683 10682 10684
10678 10677 10593
10678 10593 10583
10682 10680 10582
10682 10582 10596
10680 10678 10583
10680 10583 10582
10587 10586 10591
10587 10591 10594
10592 10591 10586
10592 10586 10685
10684 10682 10596
10684 10596 10595
10686 10683 10684
10686 10684 10687
10688 10689 10690
10603 10691 10599
10603 10599 10604
10628 10611 10608
10628 10608 10692
10611 10580 10609
10611 10609 10608
10693 10609 10580
10693 10580 10579
10694 10616 10599
10694 10599 10598
10695 10693 10579
10695 10579 10604
10616 10695 10599
10696 10612 10590
10571 10697 10575
10698 10565 10568
10698 10568 10699
10699 10568 10607
10699 10607 10700
10607 10623 10700
10701 10614 10565
10701 10565 10698
10569 10572 10609
10569 10609 10693
10573 10627 10626
10573 10626 10692
10601 10569 10693
10601 10693 10695
10575 10574 10572
10575 10572 10571
10616 10601 10695
10702 10703 10704
10702 10704 10705
10629 10702 10705
10629 10705 10630
10706 10703 10707
10625 10627 10708
10625 10703 10702
10709 10710 10711
10709 10711 10712
10713 10714 10715
10709 10716 10717
10711 10710 10623
10711 10623 10622
10703 10706 10704
10555 10556 10559
10555 10559 10553
10627 10573 10576
10627 10576 10717
10676 10584 10587
10676 10587 10677
10557 10556 10594
10557 10594 10591
10611 10628 10631
10611 10631 10610
10670 10664 10663
10670 10663 10671
10669 10665 10664
10669 10664 10670
10559 10663 10660
10559 10660 10553
10677 10587 10594
10677 10594 10593
10629 10628 10692
10629 10692 10626
10574 10573 10692
10574 10692 10608
10576 10624 10718
10616 10694 10719
10616 10719 10617
10720 10721 10722
10694 10723 10724
10694 10724 10719
10689 10688 10687
10689 10687 10725
10723 10694 10598
10723 10598 10726
10722 10721 10727
10722 10701 10617
10722 10617 10719
10598 10728 10726
10615 10614 10729
10721 10730 10727
10731 10689 10725
10731 10725 10659
10731 10659 10658
10690 10620 10732
10544 10548 10547
10544 10547 10542
10690 10732 10733
10621 10620 10731
10621 10731 10658
10654 10657 10734
10542 10547 10621
10542 10621 10658
10620 10690 10689
10620 10689 10731
10592 10561 10560
10734 10735 10552
10734 10552 10551
10735 10543 10605
10552 10735 10605
10552 10605 10581
10688 10736 10686
10688 10686 10687
10595 10597 10659
10595 10659 10725
10687 10684 10595
10687 10595 10725
10597 10605 10543
10597 10543 10659
10737 10561 10613
10531 10534 10667
10531 10667 10672
10534 10673 10668
10534 10668 10667
10562 10531 10672
10729 10730 10615
10602 10698 10699
10602 10699 10570
10570 10699 10700
10570 10700 10571
10700 10697 10571
10710 10624 10697
10710 10697 10623
10708 10717 10716
10708 10716 10738
10701 10698 10602
10701 10602 10617
10720 10722 10719
10720 10719 10724
10701 10722 10727
10703 10715 10707
10625 10702 10626
10640 10535 10537
10640 10537 10651
10651 10537 10652
10651 10652 10739
10655 10654 10527
10655 10527 10526
10700 10623 10697
10709 10712 10716
10710 10709 10718
10710 10718 10624
10576 10718 10717
10624 10575 10697
10740 10533 10532
10737 10740 10561
10741 10737 10613
10742 10741 10613
10654 10551 10527
10654 10734 10551
10525 10530 10529
10525 10527 10530
10548 10544 10734
10548 10734 10657
10656 10545 10548
10656 10548 10657
10544 10543 10735
10544 10735 10734
10696 10590 10589
10588 10592 10685
10588 10590 10592
10586 10585 10743
10641 10651 10739
10641 10643 10651
10709 10717 10718
10707 10715 10714
10713 10715 10708
10713 10708 10738
10703 10625 10715
10729 10614 10727
10639 10647 10535
10639 10535 10640
10650 10644 10744
10541 10650 10653
10558 10672 10671
10561 10740 10532
10528 10530 10662
10528 10662 10666
10649 10643 10642
10644 10649 10744
10621 10661 10618
10547 10661 10621
10742 10613 10612
10715 10625 10708
10708 10627 10717
10626 10702 10629
10727 10730 10729
10736 10690 10733
10736 10688 10690
10685 10586 10743
10745 10746 10747
10745 10747 10748
10749 10750 10748
10748 10750 10745
10751 10752 10747
10751 10747 10746
10753 10752 10754
10752 10751 10754
10086 10090 10089
10086 10089 10083
10755 9913 10095
10210 10213 10208
8895 8894 8897
8895 8897 8896
9024 9027 9025
8715 10756 8900
10757 10758 10759
10757 10759 10760
10761 10762 10763
10761 10763 10764
10765 10766 10767
10765 10767 10768
10769 10770 10766
10769 10766 10765
10771 10772 10773
10771 10773 10774
10775 10776 10777
10775 10777 10778
10779 10780 10781
10779 10781 10782
10779 10783 10784
10779 10784 10780
10785 10786 10787
10785 10787 10788
10785 10789 10790
10785 10790 10786
10791 10792 10759
10791 10759 10758
10793 10794 10757
10793 10757 10760
10795 10768 10767
10795 10767 10796
10797 10798 10799
10797 10799 10800
10801 10770 10769
10801 10769 10802
10803 10804 10761
10803 10761 10764
10762 10800 10799
10762 10799 10763
10805 10778 10777
10805 10777 10806
10807 10808 10773
10807 10773 10772
10809 10810 10771
10809 10771 10774
10811 10812 10813
10811 10813 10814
10815 10816 10817
10815 10817 10818
10816 10819 10820
10816 10820 10817
10821 10822 10823
10821 10823 10824
10825 10826 10822
10825 10822 10821
10827 10824 10823
10827 10823 10828
10829 10830 10820
10829 10820 10819
10831 10832 10815
10831 10815 10818
10833 10826 10825
10833 10825 10834
10813 10812 10776
10813 10776 10775
10835 10836 10837
10835 10837 10838
10839 10840 10841
10839 10841 10842
10843 10844 10835
10843 10835 10838
10845 10846 10847
10845 10847 10848
10847 10846 10840
10847 10840 10839
10849 10850 10851
10849 10851 10852
10853 10854 10855
10853 10855 10856
10857 10858 10849
10857 10849 10852
10859 10860 10861
10859 10861 10862
10863 10864 10851
10863 10851 10850
10865 10854 10853
10865 10853 10866
10867 10868 10869
10867 10869 10870
10871 10867 10870
10871 10870 10872
10873 10874 10875
10873 10875 10876
9661 9663 9670
9663 9668 9789
9929 9936 9911
9917 9911 9936
9922 9924 9943
8077 8092 8074
9325 9310 9309
8519 8650 8522
8491 8519 8492
8525 8626 8599
6534 6523 6393
8590 8460 8423
8586 8591 8696
8601 8696 8588
8544 8547 8545
9749 9748 9872
9911 9913 9929
8717 8722 8740
8740 8734 8717
8715 8717 8734
8717 8737 8721
9783 9789 9668
8423 8453 8590
8590 8462 8461
9670 9789 9671
8453 8455 8462
8422 8454 8453
8638 8425 8449
8426 8449 8425
8676 8556 8527
8568 8542 8545
8589 8583 8697
8698 8589 8697
8575 8593 8576
9790 9779 9778
8585 8602 8415
8584 8577 8602
8578 8601 8579
8579 8588 8698
8584 8586 8601
8580 8588 8696
8581 8696 8591
8591 8461 8581
9787 9671 9789
9785 9894 9893
9894 9799 9893
9786 9788 9894
9787 9797 9788
9668 9652 9783
9783 9784 9797
8028 8561 8102
10856 10855 10861
10856 10861 10860
10877 10878 10879
10877 10879 10880
10881 10880 10879
10881 10879 10882
10883 10884 10885
10883 10885 10886
10887 10886 10885
10887 10885 10888
10887 10888 10889
10887 10889 10890
10891 10890 10889
10891 10889 10892
10890 10886 10887
10880 10886 10890
10878 10877 10891
10878 10891 10892
10881 10882 10884
10881 10884 10883
10893 10894 10895
10893 10895 10896
10897 10894 10893
10897 10893 10898
10899 10900 10896
10899 10896 10895
10901 10902 10897
10901 10897 10898
10903 10904 10905
10906 10907 10908
10909 10905 10904
10909 10904 10910
10911 10908 10907
10911 10907 10912
10891 10877 10880
10891 10880 10890
10880 10881 10883
10880 10883 10886
10913 10914 10915
10913 10915 10916
10917 10916 10915
10917 10915 10918
10919 10920 10921
10919 10921 10922
10923 10922 10921
10923 10921 10924
10923 10924 10925
10923 10925 10926
10927 10926 10925
10927 10925 10928
10926 10922 10923
10916 10922 10926
10914 10913 10927
10914 10927 10928
10917 10918 10920
10917 10920 10919
10929 10930 10931
10929 10931 10932
10933 10930 10929
10933 10929 10934
10935 10936 10932
10935 10932 10931
10937 10938 10933
10937 10933 10934
10939 10940 10941
10942 10943 10944
10945 10941 10940
10945 10940 10946
10947 10944 10943
10947 10943 10948
10927 10913 10916
10927 10916 10926
10916 10917 10919
10916 10919 10922
10949 10950 10951
10949 10951 10952
10953 10952 10951
10953 10951 10954
10955 10956 10957
10955 10957 10958
10959 10958 10957
10959 10957 10960
10959 10960 10961
10959 10961 10962
10963 10962 10961
10963 10961 10964
10962 10958 10959
10952 10958 10962
10950 10949 10963
10950 10963 10964
10953 10954 10956
10953 10956 10955
10965 10966 10967
10965 10967 10968
10969 10966 10965
10969 10965 10970
10971 10972 10968
10971 10968 10967
10973 10974 10969
10973 10969 10970
10975 10976 10977
10978 10979 10980
10981 10977 10976
10981 10976 10982
10983 10980 10979
10983 10979 10984
10963 10949 10952
10963 10952 10962
10952 10953 10955
10952 10955 10958
10985 10986 10987
10985 10987 10988
10989 10988 10987
10989 10987 10990
10991 10992 10993
10991 10993 10994
10995 10994 10993
10995 10993 10996
10995 10996 10997
10995 10997 10998
10999 10998 10997
10999 10997 11000
10998 10994 10995
10988 10994 10998
10986 10985 10999
10986 10999 11000
10989 10990 10992
10989 10992 10991
11001 11002 11003
11001 11003 11004
11005 11002 11001
11005 11001 11006
11007 11008 11004
11007 11004 11003
11009 11010 11005
11009 11005 11006
11011 11012 11013
11014 11015 11016
11017 11013 11012
11017 11012 11018
11019 11016 11015
11019 11015 11020
10999 10985 10988
10999 10988 10998
10988 10989 10991
10988 10991 10994
11021 11022 11023
11021 11023 11024
11025 11024 11023
11025 11023 11026
11027 11028 11029
11027 11029 11030
11031 11030 11029
11031 11029 11032
11031 11032 11033
11031 11033 11034
11035 11034 11033
11035 11033 11036
11034 11030 11031
11024 11030 11034
11022 11021 11035
11022 11035 11036
11025 11026 11028
11025 11028 11027
11037 11038 11039
11037 11039 11040
11041 11038 11037
11041 11037 11042
11043 11044 11040
11043 11040 11039
11045 11046 11041
11045 11041 11042
11047 11048 11049
11050 11051 11052
11053 11049 11048
11053 11048 11054
11055 11052 11051
11055 11051 11056
11035 11021 11024
11035 11024 11034
11024 11025 11027
11024 11027 11030
11057 11058 11059
11057 11059 11060
11061 11060 11059
11061 11059 11062
11063 11064 11065
11063 11065 11066
11067 11066 11065
11067 11065 11068
11067 11068 11069
11067 11069 11070
11071 11070 11069
11071 11069 11072
11070 11066 11067
11060 11066 11070
11058 11057 11071
11058 11071 11072
11061 11062 11064
11061 11064 11063
11073 11074 11075
11073 11075 11076
11077 11074 11073
11077 11073 11078
11079 11080 11076
11079 11076 11075
11081 11082 11077
11081 11077 11078
11083 11084 11085
11086 11087 11088
11089 11085 11084
11089 11084 11090
11091 11088 11087
11091 11087 11092
11071 11057 11060
11071 11060 11070
11060 11061 11063
11060 11063 11066
11093 11094 11095
11093 11095 11096
11097 11098 11095
11097 11095 11094
11099 11100 11101
11099 11101 11102
11103 11104 11101
11103 11101 11100
11103 11105 11106
11103 11106 11104
11107 11108 11106
11107 11106 11105
11105 11103 11100
11094 11105 11100
11096 11108 11107
11096 11107 11093
11097 11099 11102
11097 11102 11098
11109 11110 11111
11109 11111 11112
11113 11114 11109
11113 11109 11112
11115 11111 11110
11115 11110 11116
11117 11114 11113
11117 11113 11118
11119 11120 11121
11122 11123 11124
11125 11126 11121
11125 11121 11120
11127 11128 11124
11127 11124 11123
11107 11105 11094
11107 11094 11093
11094 11100 11099
11094 11099 11097
11129 11130 11131
11129 11131 11132
11133 11134 11131
11133 11131 11130
11135 11136 11137
11135 11137 11138
11139 11140 11137
11139 11137 11136
11139 11141 11142
11139 11142 11140
11143 11144 11142
11143 11142 11141
11141 11139 11136
11130 11141 11136
11132 11144 11143
11132 11143 11129
11133 11135 11138
11133 11138 11134
11145 11146 11147
11145 11147 11148
11149 11150 11145
11149 11145 11148
11151 11147 11146
11151 11146 11152
11153 11150 11149
11153 11149 11154
11155 11156 11157
11158 11159 11160
11161 11162 11157
11161 11157 11156
11163 11164 11160
11163 11160 11159
11143 11141 11130
11143 11130 11129
11130 11136 11135
11130 11135 11133
11165 11166 11167
11165 11167 11168
11169 11170 11167
11169 11167 11166
11171 11172 11173
11171 11173 11174
11175 11176 11173
11175 11173 11172
11175 11177 11178
11175 11178 11176
11179 11180 11178
11179 11178 11177
11177 11175 11172
11166 11177 11172
11168 11180 11179
11168 11179 11165
11169 11171 11174
11169 11174 11170
11181 11182 11183
11181 11183 11184
11185 11186 11181
11185 11181 11184
11187 11183 11182
11187 11182 11188
11189 11186 11185
11189 11185 11190
11191 11192 11193
11194 11195 11196
11197 11198 11193
11197 11193 11192
11199 11200 11196
11199 11196 11195
11179 11177 11166
11179 11166 11165
11166 11172 11171
11166 11171 11169
11201 11202 11203
11201 11203 11204
11205 11206 11203
11205 11203 11202
11207 11208 11209
11207 11209 11210
11211 11212 11209
11211 11209 11208
11211 11213 11214
11211 11214 11212
11215 11216 11214
11215 11214 11213
11213 11211 11208
11202 11213 11208
11204 11216 11215
11204 11215 11201
11205 11207 11210
11205 11210 11206
11217 11218 11219
11217 11219 11220
11221 11222 11217
11221 11217 11220
11223 11219 11218
11223 11218 11224
11225 11222 11221
11225 11221 11226
11227 11228 11229
11230 11231 11232
11233 11234 11229
11233 11229 11228
11235 11236 11232
11235 11232 11231
11215 11213 11202
11215 11202 11201
11202 11208 11207
11202 11207 11205
11237 11238 11239
11237 11239 11240
11241 11242 11239
11241 11239 11238
11243 11244 11245
11243 11245 11246
11247 11248 11245
11247 11245 11244
11247 11249 11250
11247 11250 11248
11251 11252 11250
11251 11250 11249
11249 11247 11244
11238 11249 11244
11240 11252 11251
11240 11251 11237
11241 11243 11246
11241 11246 11242
11253 11254 11255
11253 11255 11256
11257 11258 11253
11257 11253 11256
11259 11255 11254
11259 11254 11260
11261 11258 11257
11261 11257 11262
11263 11264 11265
11266 11267 11268
11269 11270 11265
11269 11265 11264
11271 11272 11268
11271 11268 11267
11251 11249 11238
11251 11238 11237
11238 11244 11243
11238 11243 11241
11273 11274 11275
11273 11275 11276
11277 11278 11275
11277 11275 11274
11279 11280 11281
11279 11281 11282
11283 11284 11281
11283 11281 11280
11283 11285 11286
11283 11286 11284
11287 11288 11286
11287 11286 11285
11285 11283 11280
11274 11285 11280
11276 11288 11287
11276 11287 11273
11277 11279 11282
11277 11282 11278
11289 11290 11291
11289 11291 11292
11293 11294 11289
11293 11289 11292
11295 11291 11290
11295 11290 11296
11297 11294 11293
11297 11293 11298
11299 11300 11301
11302 11303 11304
11305 11306 11301
11305 11301 11300
11307 11308 11304
11307 11304 11303
11287 11285 11274
11287 11274 11273
11274 11280 11279
11274 11279 11277
7067 7094 7098
11309 11310 11311
11311 11312 11309
11313 11314 11315
11316 11317 11318
11319 11320 11321
11322 11323 11324
11322 11324 11325
11326 11327 11328
11326 11328 11329
11330 11331 11332
11330 11332 11333
11334 11335 11336
11334 11336 11337
11338 11339 11340
11338 11340 11341
11342 11343 11344
11342 11344 11345
11346 11347 11348
11349 11350 11351
11349 11351 11352
11350 11353 11354
11350 11354 11351
11355 11356 11357
11355 11357 11358
11359 11360 11361
11359 11361 11362
11363 11364 11365
11366 11367 11368
11366 11368 11369
11346 11370 11371
11346 11371 11372
11360 11359 11373
11360 11373 11374
11369 11375 11376
11369 11376 11366
11377 11349 11352
11377 11352 11378
11379 11380 11381
11379 11381 11382
11383 11384 11364
11383 11364 11385
11382 11381 11364
11382 11364 11384
11349 11377 11386
11349 11386 11387
11365 11388 11389
11365 11389 11363
11389 11348 11347
11389 11347 11363
11362 11390 11391
11362 11391 11359
11392 11393 11394
11392 11394 11327
11395 11396 11331
11395 11331 11397
11398 11399 11396
11398 11396 11395
11400 11401 11402
11400 11402 11392
11392 11327 11326
11392 11326 11400
11396 11403 11332
11396 11332 11331
11399 11404 11403
11399 11403 11396
11405 11401 11400
11405 11400 11406
11400 11326 11329
11400 11329 11406
11403 11407 11333
11403 11333 11332
11404 11408 11407
11404 11407 11403
11356 11355 11409
11356 11409 11410
11411 11412 11413
11411 11413 11414
11375 11415 11416
11375 11416 11376
11417 11418 11419
11417 11419 11420
11421 11422 11423
11424 11425 11426
11427 11428 11429
11427 11429 11430
11428 11431 11432
11428 11432 11429
11433 11348 11434
11435 11436 11348
11437 11388 11438
11439 11440 11441
11439 11441 11442
11443 11444 11445
11446 11447 11448
11435 11449 11450
11451 11452 11453
11451 11453 11454
11435 11450 11455
11435 11455 11436
11436 11455 11453
11436 11453 11434
11456 11457 11458
11456 11458 11459
11460 11461 11370
11462 11463 11464
11462 11464 11465
11466 11467 11468
11466 11468 11469
11470 11388 11437
11471 11472 11473
11474 11475 11476
11477 11478 11479
11477 11479 11471
11478 11480 11475
11478 11475 11479
11481 11482 11483
11481 11483 11484
11482 11485 11486
11482 11486 11487
11488 11489 11417
11488 11417 11420
11438 11417 11489
11490 11491 11492
11490 11492 11493
11493 11494 11490
11411 11414 11495
11411 11495 11496
11448 11497 11498
11448 11498 11499
11500 11501 11502
11500 11502 11503
11504 11503 11502
11505 11506 11507
11508 11509 11510
11511 11481 11512
11511 11512 11513
11380 11419 11418
11380 11418 11381
11372 11514 11347
11372 11347 11346
11362 11361 11515
11394 11516 11328
11394 11328 11327
11517 11518 11519
11517 11519 11520
11521 11522 11523
11524 11525 11526
11524 11526 11527
11528 11529 11530
11531 11532 11533
11531 11533 11534
11535 11536 11534
11535 11534 11533
11537 11538 11539
11537 11539 11540
11537 11540 11541
11537 11541 11542
11538 11537 11543
11538 11543 11544
11537 11542 11545
11537 11545 11543
11543 11545 11546
11543 11546 11547
11548 11549 11377
11550 11367 11379
11550 11379 11551
11550 11552 11553
11550 11553 11554
11555 11556 11424
11557 11373 11359
11557 11359 11391
11558 11559 11560
11558 11560 11561
11562 11563 11561
11562 11561 11325
11564 11565 11566
11564 11566 11567
11568 11569 11570
11568 11570 11571
11572 11570 11569
11572 11569 11573
11387 11574 11350
11387 11350 11349
11574 11575 11353
11574 11353 11350
11576 11446 11448
11576 11448 11499
11557 11577 11556
11557 11556 11555
11578 11374 11579
11580 11581 11582
11580 11582 11583
11580 11583 11584
11585 11586 11587
11585 11587 11588
11589 11588 11590
11589 11590 11591
11513 11512 11592
11513 11592 11593
11594 11595 11589
11313 11596 11597
11313 11597 11598
11599 11600 11596
11599 11596 11601
11602 11603 11604
11605 11606 11607
11605 11607 11608
11609 11449 11610
11609 11610 11611
11612 11613 11563
11612 11563 11562
11609 11611 11614
11609 11614 11615
11614 11616 11617
11614 11617 11618
11619 11620 11444
11619 11444 11443
11619 11621 11622
11619 11622 11620
11623 11624 11625
11626 11627 11628
11626 11629 11630
11631 11632 11633
11631 11633 11634
11635 11636 11637
11638 11639 11640
11641 11642 11643
11641 11643 11644
11645 11646 11644
11645 11644 11643
11647 11648 11642
11647 11642 11641
11532 11649 11650
11532 11650 11533
11651 11535 11533
11651 11533 11650
11391 11652 11577
11391 11577 11557
11372 11371 11653
11372 11653 11654
11372 11655 11514
11390 11656 11652
11390 11652 11391
11650 11649 11657
11650 11657 11658
11659 11660 11661
11659 11661 11662
11663 11662 11654
11663 11654 11653
11661 11664 11665
11661 11665 11655
11658 11666 11651
11658 11651 11650
11527 11667 11668
11527 11668 11524
11529 11669 11670
11520 11519 11335
11520 11335 11671
11657 11672 11660
11673 11674 11675
11676 11389 11388
11325 11324 11677
11325 11677 11562
11354 11678 11679
11354 11679 11680
11351 11354 11680
11351 11680 11681
11352 11351 11681
11352 11681 11682
11378 11526 11525
11378 11525 11528
11338 11343 11667
11338 11667 11683
11339 11338 11683
11339 11683 11684
11334 11685 11671
11334 11671 11335
11679 11678 11518
11679 11518 11517
11686 11522 11519
11518 11678 11687
11669 11668 11342
11529 11528 11525
11688 11689 11670
11378 11528 11530
11378 11530 11377
11412 11411 11690
11412 11690 11691
11692 11685 11334
11692 11334 11693
11397 11331 11330
11397 11330 11694
11693 11334 11337
11693 11337 11695
11696 11531 11534
11696 11534 11697
11361 11360 11698
11409 11699 11700
11409 11700 11701
11699 11412 11691
11699 11691 11700
11354 11353 11702
11354 11702 11678
11702 11353 11575
11702 11575 11664
11665 11383 11385
11665 11385 11514
11628 11627 11703
11572 11573 11704
11572 11704 11484
11587 11705 11706
11587 11706 11707
11708 11709 11710
11708 11710 11711
11712 11713 11714
11712 11714 11715
11508 11716 11509
11717 11718 11641
11717 11641 11644
11718 11719 11507
11718 11507 11720
11506 11721 11720
11506 11720 11507
11682 11526 11378
11682 11378 11352
11367 11366 11380
11367 11380 11379
11366 11376 11380
11376 11416 11420
11376 11420 11419
11392 11402 11722
11392 11722 11393
11723 11724 11725
11723 11725 11726
11723 11726 11727
11723 11727 11728
11729 11730 11728
11729 11728 11727
11603 11731 11465
11603 11465 11464
11606 11732 11607
11664 11661 11660
11664 11660 11702
11698 11355 11358
11662 11663 11733
11662 11733 11659
11656 11390 11734
11656 11734 11735
11390 11362 11515
11390 11515 11734
11701 11736 11410
11701 11410 11409
11660 11659 11658
11660 11658 11657
11659 11733 11666
11659 11666 11658
11393 11722 11735
11393 11735 11734
11394 11393 11734
11394 11734 11515
11357 11694 11516
11357 11516 11737
11356 11397 11694
11356 11694 11357
11397 11356 11410
11397 11410 11395
11736 11398 11395
11736 11395 11410
11552 11547 11546
11552 11546 11553
11548 11689 11738
11501 11739 11740
11501 11740 11502
11741 11742 11584
11743 11744 11745
11746 11747 11748
11746 11748 11749
11749 11748 11715
11749 11715 11714
11750 11747 11746
11750 11746 11751
11584 11752 11753
11584 11753 11754
11755 11492 11491
11755 11491 11756
11411 11496 11757
11411 11757 11690
11509 11758 11759
11509 11759 11510
11758 11509 11760
11758 11760 11761
11762 11645 11643
11762 11643 11763
11643 11642 11764
11643 11764 11763
11642 11648 11765
11642 11765 11764
11648 11721 11766
11648 11766 11765
11767 11506 11505
11767 11505 11768
11636 11635 11769
11636 11769 11770
11581 11745 11771
11646 11716 11717
11646 11717 11644
11319 11772 11773
11319 11773 11320
11773 11772 11774
11775 11320 11776
11775 11776 11777
11778 11499 11498
11778 11498 11779
11414 11498 11497
11414 11497 11495
11780 11776 11320
11780 11320 11773
11771 11744 11713
11771 11713 11712
11646 11645 11760
11646 11760 11716
11781 11719 11718
11781 11718 11717
11647 11641 11718
11647 11718 11720
11721 11648 11647
11721 11647 11720
11753 11752 11750
11645 11762 11761
11645 11761 11760
11721 11506 11767
11721 11767 11766
11508 11781 11717
11508 11717 11716
11782 11780 11773
11782 11773 11783
11784 11785 11786
11485 11511 11787
11485 11787 11788
11485 11788 11789
11485 11789 11486
11473 11790 11591
11473 11591 11477
11707 11706 11791
11707 11791 11480
11590 11478 11477
11590 11477 11591
11590 11707 11480
11590 11480 11478
11792 11793 11794
11792 11794 11795
11511 11513 11786
11511 11786 11787
11513 11593 11796
11513 11796 11786
11569 11797 11798
11569 11798 11573
11569 11568 11799
11569 11799 11797
11568 11711 11710
11568 11710 11799
11484 11483 11570
11484 11570 11572
11483 11800 11571
11483 11571 11570
11800 11487 11708
11800 11708 11711
11486 11789 11633
11486 11633 11632
11481 11511 11485
11481 11485 11482
11483 11482 11487
11483 11487 11800
11484 11704 11512
11484 11512 11481
11707 11590 11588
11707 11588 11587
11595 11585 11588
11595 11588 11589
11512 11704 11801
11512 11801 11592
11591 11790 11802
11591 11802 11589
11587 11586 11803
11632 11631 11709
11632 11709 11708
11487 11486 11632
11487 11632 11708
11567 11566 11804
11567 11804 11805
11466 11806 11807
11466 11807 11808
11446 11809 11810
11811 11812 11813
11811 11813 11814
11565 11564 11815
11565 11815 11816
11817 11818 11564
11817 11564 11567
11819 11820 11821
11819 11821 11815
11820 11468 11822
11820 11822 11821
11564 11818 11819
11564 11819 11815
11805 11814 11823
11824 11823 11814
11824 11814 11813
11825 11435 11389
11467 11826 11827
11467 11827 11828
11466 11808 11826
11466 11826 11467
11829 11830 11831
11600 11599 11832
11600 11832 11829
11832 11599 11464
11832 11464 11463
11795 11833 11834
11827 11675 11835
11807 11806 11833
11807 11423 11808
11826 11836 11673
11826 11673 11827
11468 11820 11837
11468 11837 11469
11596 11313 11315
11602 11838 11731
11602 11731 11603
11839 11821 11822
11839 11822 11840
11831 11597 11596
11831 11596 11600
11599 11601 11603
11599 11603 11464
11806 11824 11813
11806 11813 11833
11840 11822 11828
11840 11828 11835
11833 11813 11812
11833 11812 11841
11466 11469 11824
11466 11824 11806
11822 11468 11467
11822 11467 11828
11677 11842 11612
11677 11612 11562
11673 11836 11843
11673 11843 11844
11673 11844 11845
11673 11845 11674
11846 11847 11558
11846 11558 11613
11836 11458 11843
11322 11848 11849
11322 11849 11323
11560 11559 11848
11560 11848 11322
11850 11459 11851
11559 11558 11847
11559 11847 11852
11853 11846 11854
11853 11854 11855
11855 11854 11856
11855 11856 11857
11846 11853 11457
11858 11859 11860
11858 11860 11861
11858 11861 11852
11858 11852 11456
11862 11863 11864
11865 11611 11610
11865 11610 11863
11615 11614 11618
11615 11618 11454
11844 11843 11853
11844 11853 11855
11844 11855 11857
11844 11857 11845
11843 11458 11457
11843 11457 11853
11866 11859 11858
11866 11858 11850
11459 11850 11858
11459 11858 11456
11454 11618 11867
11454 11867 11451
11868 11869 11870
11868 11870 11871
11440 11439 11872
11873 11851 11874
11869 11868 11428
11869 11428 11427
11868 11875 11431
11868 11431 11428
11876 11877 11878
11879 11880 11445
11881 11872 11882
11877 11876 11883
11884 11883 11879
11873 11874 11885
11873 11885 11886
11887 11886 11885
11887 11430 11888
11888 11429 11432
11889 11432 11890
11890 11431 11891
11875 11425 11892
11871 11870 11893
11871 11893 11426
11496 11495 11493
11496 11493 11492
11325 11561 11560
11325 11560 11322
11563 11613 11558
11563 11558 11561
11605 11608 11894
11854 11612 11842
11854 11842 11856
11848 11861 11860
11848 11860 11849
11864 11895 11896
11864 11896 11862
11852 11861 11848
11852 11848 11559
11854 11846 11613
11854 11613 11612
11897 11316 11318
11711 11568 11571
11711 11571 11800
11586 11898 11803
11573 11798 11801
11573 11801 11704
11819 11818 11837
11819 11837 11820
11899 11725 11724
11816 11815 11821
11816 11821 11839
11900 11901 11902
11504 11502 11742
11636 11505 11507
11636 11507 11903
11903 11507 11719
11903 11719 11904
11743 11745 11905
11581 11580 11740
11580 11742 11502
11636 11770 11768
11636 11768 11505
11906 11907 11510
11906 11510 11759
11745 11581 11908
11904 11901 11900
11904 11900 11909
11418 11364 11381
11676 11825 11389
11364 11363 11385
11385 11363 11347
11346 11348 11433
11638 11910 11488
11638 11488 11911
11910 11739 11489
11910 11489 11488
11739 11501 11438
11739 11438 11489
11438 11501 11500
11676 11829 11832
11676 11832 11825
11435 11825 11463
11912 11872 11439
11912 11439 11460
11461 11460 11439
11424 11913 11425
11875 11868 11871
11875 11871 11425
11914 11882 11915
11914 11915 11916
11824 11469 11837
11824 11837 11823
11837 11818 11817
11837 11817 11823
11779 11498 11414
11576 11499 11778
11576 11778 11917
11893 11918 11578
11893 11578 11579
11426 11893 11579
11373 11557 11555
11373 11555 11579
11785 11919 11787
11785 11787 11786
11919 11920 11788
11919 11788 11787
11794 11421 11795
11836 11826 11808
11673 11675 11827
11423 11807 11795
11463 11462 11435
11456 11852 11457
11697 11534 11536
11697 11536 11921
11408 11405 11406
11408 11406 11407
11406 11329 11333
11406 11333 11407
11329 11328 11330
11329 11330 11333
11328 11516 11694
11328 11694 11330
11385 11347 11514
11500 11472 11437
11922 11923 11635
11922 11635 11637
11908 11740 11739
11908 11739 11910
11905 11908 11910
11905 11910 11638
11769 11635 11923
11769 11923 11924
11494 11925 11909
11494 11909 11900
11909 11925 11922
11909 11922 11637
11655 11372 11654
11655 11654 11662
11655 11662 11661
11781 11508 11926
11781 11926 11901
11719 11781 11901
11719 11901 11904
11903 11904 11637
11902 11490 11494
11902 11494 11900
11490 11902 11907
11490 11907 11491
11907 11906 11756
11907 11756 11491
11640 11927 11905
11926 11508 11510
11917 11778 11698
11737 11361 11358
11737 11358 11357
11515 11361 11737
11516 11394 11515
11516 11515 11737
11360 11374 11917
11360 11917 11698
11374 11578 11576
11374 11576 11917
11809 11893 11870
11810 11809 11928
11929 11494 11493
11925 11447 11930
11929 11497 11448
11929 11448 11447
11929 11493 11495
11929 11495 11497
11492 11755 11757
11492 11757 11496
11639 11911 11416
11639 11416 11415
11911 11488 11420
11911 11420 11416
11578 11918 11446
11578 11446 11576
11447 11925 11929
11809 11446 11918
11893 11809 11918
11447 11446 11810
11382 11384 11574
11382 11574 11387
11384 11383 11575
11384 11575 11574
11383 11665 11664
11383 11664 11575
11579 11374 11373
11361 11698 11358
11532 11531 11337
11532 11337 11336
11531 11696 11695
11531 11695 11337
11340 11539 11538
11340 11538 11341
11538 11544 11344
11538 11344 11341
11672 11657 11649
11672 11931 11932
11678 11702 11933
11678 11933 11687
11933 11934 11687
11934 11523 11686
11522 11686 11523
11532 11521 11649
11522 11335 11519
11660 11932 11933
11660 11933 11702
11336 11335 11522
11336 11522 11521
11336 11521 11532
11343 11338 11341
11343 11341 11344
11343 11342 11668
11343 11668 11667
11345 11344 11544
11688 11544 11738
11552 11550 11551
11552 11551 11549
11543 11547 11738
11543 11738 11544
11547 11552 11549
11670 11689 11548
11549 11551 11386
11447 11422 11930
11413 11412 11699
11367 11550 11554
11367 11554 11368
11379 11382 11386
11386 11382 11387
11413 11699 11935
11935 11355 11698
11699 11409 11355
11699 11355 11935
11423 11422 11810
11676 11474 11829
11784 11924 11923
11784 11923 11785
11923 11930 11785
11930 11923 11922
11388 11418 11417
11388 11365 11418
11460 11346 11912
11460 11370 11346
11435 11348 11389
11424 11556 11913
11426 11555 11424
11779 11935 11778
11627 11626 11936
11626 11630 11936
11630 11629 11898
11594 11589 11802
11587 11803 11705
11438 11500 11437
11504 11742 11741
11911 11639 11638
11640 11905 11638
11922 11925 11930
11929 11925 11494
11426 11579 11555
11808 11928 11836
11896 11895 11732
11618 11894 11867
11365 11364 11418
11438 11388 11417
11445 11444 11879
11878 11622 11621
11581 11740 11908
11745 11908 11905
11743 11905 11927
11850 11851 11937
11914 11880 11883
11914 11883 11881
11425 11913 11892
11836 11870 11458
11458 11870 11459
11434 11348 11436
11882 11872 11912
11461 11439 11442
11514 11655 11665
11851 11459 11870
11846 11457 11847
11457 11852 11847
11676 11388 11470
11807 11833 11795
11732 11895 11938
11607 11732 11938
11891 11431 11875
11445 11880 11916
11809 11870 11836
11698 11778 11935
11413 11935 11779
11379 11386 11551
11779 11414 11413
11810 11422 11447
11926 11510 11907
11509 11716 11760
11636 11903 11637
11753 11750 11751
11902 11901 11926
11637 11904 11909
11926 11907 11902
11581 11771 11582
11580 11584 11742
11741 11584 11754
11745 11744 11771
11580 11502 11740
11440 11872 11881
11875 11892 11939
11426 11425 11871
11628 11703 11594
11897 11318 11940
11594 11703 11595
11773 11774 11783
11321 11320 11775
11601 11941 11604
11601 11604 11603
11625 11942 11943
11604 11944 11602
11945 11942 11625
11899 11944 11725
11945 11625 11624
11946 11947 11625
11315 11941 11601
11315 11601 11596
11946 11625 11943
11948 11623 11625
11948 11625 11947
11314 11313 11729
11313 11598 11730
11313 11730 11729
11811 11814 11805
11811 11805 11804
11805 11817 11567
11805 11823 11817
11314 11729 11727
11899 11838 11602
11944 11899 11602
11899 11724 11838
11318 11317 11949
11950 11951 11316
11950 11316 11897
11316 11951 11952
11316 11952 11317
11311 11953 11954
11955 11311 11956
11618 11617 11894
11311 11954 11956
11616 11614 11611
11616 11611 11865
11957 11953 11311
11311 11955 11312
11957 11311 11310
11958 11959 11960
11961 11958 11960
11962 11958 11961
11963 11958 11962
11878 11877 11622
11877 11883 11884
11879 11883 11880
11876 11964 11965
11876 11878 11964
11878 11621 11964
11890 11432 11431
11874 11869 11427
11874 11427 11885
11887 11885 11430
11430 11885 11427
11888 11430 11429
11888 11432 11889
11883 11876 11440
11883 11440 11881
11914 11881 11882
11914 11916 11880
11965 11440 11876
11441 11440 11965
11875 11939 11891
11874 11870 11869
11874 11851 11870
11453 11452 11434
11450 11609 11615
11450 11615 11455
11455 11615 11454
11455 11454 11453
11434 11452 11882
11882 11452 11915
11850 11937 11866
11433 11882 11912
11346 11433 11912
11433 11434 11882
11450 11449 11609
11463 11825 11832
11827 11835 11828
11475 11474 11676
11479 11475 11470
11479 11470 11437
11479 11437 11471
11472 11471 11437
11470 11475 11676
11471 11473 11477
11829 11831 11600
11803 11898 11629
11476 11475 11791
11633 11793 11634
11794 11793 11633
11794 11633 11789
11794 11789 11421
11421 11789 11788
11421 11788 11920
11795 11421 11423
11784 11786 11796
11791 11475 11480
11830 11829 11474
11834 11833 11841
11795 11834 11792
11919 11785 11930
11920 11919 11930
11421 11920 11422
11920 11930 11422
11928 11808 11423
11928 11809 11836
11810 11928 11423
11521 11523 11931
11686 11519 11518
11865 11863 11862
11894 11617 11605
11966 11967 11968
11966 11968 11969
11970 11971 11972
11970 11972 11973
11974 11975 11976
11974 11976 11977
11977 11976 11978
11977 11978 11979
11980 11972 11971
11980 11971 11981
11982 11980 11981
11982 11981 11983
11984 11985 11986
11984 11986 11987
11979 11978 11985
11979 11985 11984
11983 11987 11986
11983 11986 11982
11988 11989 11975
11988 11975 11974
11990 11991 11992
11990 11992 11993
11994 11995 11996
11994 11996 11997
11998 11999 12000
11998 12000 12001
12002 12003 12004
12002 12004 11994
12005 12006 12004
12005 12004 12007
12007 11998 12001
12007 12001 12005
12008 12009 12000
12008 12000 11999
12010 12011 11997
12010 11997 12012
11993 11992 12013
11993 12013 12014
11966 11969 12014
11966 12014 12013
12015 11996 11995
12015 11995 12016
12016 11976 12015
11976 12016 11978
11982 12017 11980
12001 12000 12018
12001 12018 12017
12017 12018 11980
11978 12016 12019
12006 12019 12016
12006 12016 11995
12006 12005 12020
12006 12020 12019
12019 12020 11986
12019 11986 11985
12005 12001 12017
12005 12017 12020
11982 11986 12020
12009 12021 12018
12009 12018 12000
12018 12021 11973
12018 11973 11972
12015 11975 11989
12015 11989 12022
11996 12015 12022
11996 12022 12023
12024 12025 12026
12024 12026 12027
12027 12026 12028
12027 12028 12029
12030 12031 12025
12030 12025 12024
12032 12033 12034
12032 12034 12035
12036 12037 12038
12036 12038 12039
12040 12041 12037
12040 12037 12036
12040 12042 12043
12040 12043 12041
12042 12044 12045
12042 12045 12043
12046 12045 12044
12046 12044 12047
12048 12049 12046
12048 12046 12047
12050 12051 12049
12050 12049 12048
12051 12050 12052
12051 12052 12053
12054 12055 12053
12054 12053 12052
12056 12057 12055
12056 12055 12054
12038 12032 12035
12038 12035 12039
12058 12059 12060
12058 12060 12061
12062 12061 12060
12062 12060 12063
12064 12065 12066
12064 12066 12067
12068 12069 12070
12068 12070 12071
12072 12073 12074
12072 12074 12075
12076 12077 12078
12076 12078 12079
12080 12072 12075
12080 12075 12081
12076 12082 12083
12076 12083 12077
12084 12080 12081
12084 12081 12085
12086 12087 12083
12086 12083 12082
12088 12084 12085
12088 12085 12089
12090 12091 12087
12090 12087 12086
12089 12092 12093
12089 12093 12088
12094 12095 12091
12094 12091 12090
12096 12093 12092
12096 12092 12097
12098 12099 12095
12098 12095 12094
12100 12096 12097
12100 12097 12101
12102 12103 12099
12102 12099 12098
12104 12105 12103
12104 12103 12102
12106 12100 12101
12106 12101 12107
12106 12107 12108
12106 12108 12109
12104 12110 12111
12104 12111 12105
12109 12108 12112
12109 12112 12113
12113 12112 12114
12113 12114 12115
12110 12116 12117
12110 12117 12111
12115 12114 12118
12115 12118 12119
12116 12120 12121
12116 12121 12117
12119 12118 12059
12119 12059 12058
12120 12122 12123
12120 12123 12121
12073 12068 12071
12073 12071 12074
12079 12078 12065
12079 12065 12064
12067 12066 12124
12067 12124 12125
12126 12127 12128
12129 12130 12131
12129 12131 12132
12130 12133 12134
12130 12134 12131
12133 12135 12136
12133 12136 12134
12135 12137 12138
12135 12138 12136
12138 12137 12139
12138 12139 12140
12140 12139 12141
12140 12141 12142
12142 12141 12143
12142 12143 12144
12143 12145 12146
12143 12146 12144
12147 12148 12146
12147 12146 12145
12149 12150 12148
12149 12148 12147
12151 12129 12132
12151 12132 12152
12152 12153 12154
12152 12154 12151
12155 12154 12153
12155 12153 12156
12157 12155 12156
12157 12156 12158
12063 12123 12122
12063 12122 12062
12159 11991 11990
12159 11990 12160
12002 11994 11997
12002 11997 12011
12161 11999 11998
12161 11998 12162
11995 11994 12004
11995 12004 12006
12162 11998 12007
12162 12007 12163
12164 12008 11999
12164 11999 12161
12023 12012 11997
12023 11997 11996
12165 12166 12057
12165 12057 12056
12007 12004 12003
12007 12003 12163
12167 12168 12166
12167 12166 12165
12169 12168 12167
12169 12167 12170
12171 12172 12173
12171 12173 12174
12174 12173 12175
12174 12175 12176
12177 12178 12179
12177 12179 12180
12176 12175 12178
12176 12178 12177
12181 12182 12183
12181 12183 12184
12184 12183 12185
12184 12185 12186
12187 12188 12189
12187 12189 12190
12186 12185 12188
12186 12188 12187
12191 12192 12193
12194 12195 12196
12180 12179 12195
12180 12195 12194
12190 12189 12192
12190 12192 12191
12171 12197 12198
12171 12198 12172
12197 12199 12200
12197 12200 12198
12201 12202 12203
12201 12203 12204
12199 12201 12204
12199 12204 12200
12181 12205 12206
12181 12206 12182
12205 12207 12208
12205 12208 12206
12209 12210 12211
12209 12211 12212
12207 12209 12212
12207 12212 12208
12213 12214 12215
12216 12217 12218
12202 12218 12217
12202 12217 12203
12210 12215 12214
12210 12214 12211
12219 12220 12221
12219 12221 12222
12223 12224 12219
12223 12219 12222
12220 12225 12226
12220 12226 12221
12226 12225 12227
12226 12227 12228
12228 12227 12229
12228 12229 12230
12229 12231 12230
12232 12233 12234
12232 12234 12230
12235 12236 12237
12235 12237 12238
12237 12236 12239
12237 12239 12240
12240 12239 12241
12240 12241 12242
12241 12234 12233
12241 12233 12242
12232 12230 12231
12243 12244 12245
12243 12245 12246
12247 12246 12245
12247 12245 12248
12247 12248 12249
12247 12249 12250
12251 12252 12253
12251 12253 12254
12255 12254 12253
12255 12253 12256
12257 12245 12244
12257 12244 12258
12259 12260 12243
12259 12243 12246
12248 12245 12257
12248 12257 12249
12259 12246 12247
12259 12247 12250
12261 12262 12263
12264 12262 12261
12264 12261 12265
12266 12267 12268
12266 12268 12269
12270 12271 12272
12273 12265 12274
12262 12275 12276
12277 12278 12264
12277 12264 12265
12279 12280 12281
12281 12282 12279
12283 12284 12285
12286 12287 12288
12286 12288 12289
12290 12291 12292
12285 12293 12294
12295 12290 12296
12297 12298 12299
12297 12299 12300
12301 12302 12303
12301 12303 12304
12305 12306 12307
12276 12308 12309
12310 12311 12312
12310 12312 12313
12314 12315 12316
12314 12316 12317
12318 12319 12320
12318 12320 12321
12322 12323 12324
12322 12324 12325
12326 12324 12323
12326 12323 12327
12328 12301 12304
12328 12304 12329
12330 12296 12309
12331 12308 12332
12319 12331 12332
12319 12332 12320
12333 12334 12335
12336 12337 12286
12336 12286 12289
12338 12339 12340
12338 12340 12341
12341 12342 12333
12343 12317 12316
12343 12316 12344
12345 12346 12315
12345 12315 12314
12347 12348 12311
12347 12311 12310
12349 12350 12351
12349 12351 12352
12347 12352 12351
12347 12351 12348
12353 12354 12355
12353 12355 12356
12357 12358 12359
12274 12272 12273
12360 12269 12268
12360 12268 12361
12362 12363 12364
12365 12364 12366
12262 12367 12275
12261 12292 12368
12264 12369 12370
12371 12372 12267
12371 12267 12266
12373 12265 12261
12373 12261 12368
12374 12365 12375
12376 12377 12378
12376 12378 12379
12380 12381 12382
12380 12382 12383
12383 12382 12384
12383 12384 12385
12386 12387 12388
12386 12388 12389
12390 12391 12392
12390 12392 12393
12394 12395 12396
12394 12396 12397
12395 12398 12399
12395 12399 12396
12398 12400 12401
12402 12403 12404
12402 12404 12405
12406 12407 12408
12406 12408 12409
12409 12408 12410
12409 12410 12411
12411 12410 12412
12411 12412 12413
12413 12412 12414
12413 12414 12415
12416 12417 12418
12416 12418 12419
12417 12420 12421
12417 12421 12418
12422 12423 12424
12422 12424 12425
12426 12427 12428
12426 12428 12429
12428 12427 12430
12428 12430 12431
12432 12433 12434
12432 12434 12435
12434 12433 12436
12434 12436 12437
12438 12439 12440
12438 12440 12441
12442 12443 12444
12442 12444 12445
12445 12444 12446
12445 12446 12447
12447 12446 12448
12447 12448 12449
12450 12451 12452
12450 12452 12453
12451 12454 12455
12451 12455 12452
12454 12456 12457
12454 12457 12455
12458 12459 12460
12458 12460 12461
12440 12439 12462
12440 12462 12463
12464 12465 12466
12464 12466 12467
12468 12469 12470
12468 12470 12471
12470 12469 12472
12470 12472 12473
12474 12475 12476
12474 12476 12477
12475 12478 12479
12475 12479 12476
12480 12481 12482
12480 12482 12483
12484 12485 12486
12484 12486 12487
12488 12489 12490
12488 12490 12491
12491 12490 12492
12491 12492 12493
12494 12495 12496
12494 12496 12497
12498 12499 12500
12498 12500 12501
12501 12500 12502
12501 12502 12503
12503 12502 12504
12503 12504 12505
12506 12507 12508
12506 12508 12509
12507 12450 12453
12507 12453 12508
12510 12511 12512
12510 12512 12513
12514 12515 12516
12514 12516 12517
12518 12519 12520
12518 12520 12521
12522 12523 12524
12522 12524 12525
12516 12519 12518
12516 12518 12517
12510 12513 12524
12510 12524 12523
12526 12527 12528
12526 12528 12529
12530 12531 12532
12530 12532 12533
12529 12534 12535
12529 12535 12526
12536 12537 12538
12536 12538 12539
12540 12541 12542
12538 12537 12531
12538 12531 12530
12534 12543 12544
12534 12544 12535
12545 12546 12547
12548 12549 12550
12551 12552 12553
12551 12553 12554
12555 12556 12557
12555 12557 12558
12559 12555 12558
12559 12558 12560
12561 12562 12563
12561 12563 12564
12565 12566 12567
12565 12567 12568
12569 12570 12571
12569 12571 12572
12573 12574 12575
12573 12575 12576
12577 12578 12579
12577 12579 12580
12581 12562 12561
12581 12561 12582
12564 12563 12574
12564 12574 12573
12556 12565 12568
12556 12568 12557
12571 12570 12559
12571 12559 12560
12583 12578 12577
12583 12577 12584
12585 12586 12587
12585 12587 12588
12589 12585 12588
12589 12588 12590
12591 12592 12593
12591 12593 12594
12580 12579 12595
12580 12595 12596
12597 12598 12599
12597 12599 12600
12593 12597 12600
12593 12600 12594
12601 12602 12603
12601 12603 12604
12605 12606 12607
12605 12607 12608
12609 12610 12611
12609 12611 12612
12613 12614 12615
12613 12615 12616
12598 12605 12608
12598 12608 12599
12617 12589 12590
12617 12590 12618
12619 12620 12295
12619 12295 12296
12621 12619 12296
12621 12296 12330
12622 12623 12350
12622 12350 12349
12624 12536 12539
12544 12543 12541
12544 12541 12540
12625 12533 12532
12625 12532 12626
12627 12528 12527
12627 12527 12549
12628 12354 12353
12628 12353 12629
12547 12546 12630
12627 12549 12548
12312 12628 12629
12312 12629 12313
12625 12626 12630
12625 12630 12546
12302 12299 12298
12302 12298 12303
12420 12631 12632
12420 12632 12421
12307 12297 12300
12307 12300 12305
12407 12406 12405
12407 12405 12404
12631 12422 12425
12631 12425 12632
12290 12295 12306
12492 12494 12497
12492 12497 12493
12335 12633 12280
12341 12340 12342
12423 12426 12429
12423 12429 12424
12305 12290 12306
12265 12373 12274
12264 12278 12357
12273 12277 12265
12290 12292 12263
12309 12634 12330
12635 12636 12637
12636 12638 12637
12610 12609 12604
12610 12604 12603
12639 12360 12640
12641 12569 12572
12641 12572 12642
12583 12584 12553
12583 12553 12552
12641 12642 12616
12641 12616 12615
12456 12458 12461
12456 12461 12457
12291 12643 12292
12261 12263 12292
12262 12276 12263
12290 12263 12296
12296 12263 12309
12294 12293 12634
12465 12464 12463
12465 12463 12462
12481 12484 12487
12481 12487 12482
12644 12645 12271
12566 12581 12582
12566 12582 12567
12586 12592 12591
12586 12591 12587
12644 12363 12645
12270 12644 12271
12274 12270 12272
12362 12645 12363
12365 12362 12364
12365 12366 12375
12279 12335 12280
12281 12643 12282
12291 12282 12643
12499 12498 12496
12499 12496 12495
12333 12342 12334
12334 12633 12335
12551 12554 12612
12551 12612 12611
12639 12640 12358
12357 12639 12358
12646 12326 12327
12646 12327 12647
12381 12380 12378
12381 12378 12377
12387 12391 12390
12387 12390 12388
12647 12318 12321
12647 12321 12646
12448 12376 12379
12448 12379 12449
12394 12397 12393
12394 12393 12392
12287 12284 12283
12287 12283 12288
12467 12466 12468
12467 12468 12471
12483 12479 12478
12483 12478 12480
12602 12601 12638
12602 12638 12636
12264 12357 12369
12357 12359 12369
12264 12370 12367
12262 12264 12367
12648 12649 12650
12651 12652 12653
12651 12653 12654
12654 12655 12656
12654 12656 12657
12658 12659 12660
12658 12660 12661
12662 12660 12659
12662 12659 12656
12663 12664 12665
12663 12665 12666
12667 12668 12666
12667 12666 12665
12669 12670 12671
12669 12671 12672
12673 12648 12674
12675 12676 12677
12675 12677 12678
12659 12658 12678
12659 12678 12677
12664 12671 12670
12664 12670 12665
12657 12677 12676
12657 12676 12679
12655 12654 12653
12680 12681 12682
12661 12660 12674
12661 12674 12683
12662 12673 12674
12662 12674 12660
12684 12685 12655
12686 12687 12653
12652 12686 12653
12682 12688 12680
12689 12682 12681
12690 12691 12669
12648 12650 12683
12648 12683 12674
12670 12691 12692
12670 12669 12691
12652 12693 12694
12684 12655 12653
12695 12681 12680
12685 12673 12662
12692 12667 12665
12692 12665 12670
12651 12695 12680
12651 12680 12652
12675 12663 12666
12675 12666 12676
12668 12695 12651
12668 12651 12679
12677 12657 12656
12677 12656 12659
12668 12667 12681
12668 12681 12695
12654 12657 12679
12654 12679 12651
12666 12668 12679
12666 12679 12676
12656 12655 12662
12655 12685 12662
12696 12697 12698
12696 12698 12699
12700 12701 12702
12700 12702 12703
12704 12705 12706
12704 12706 12707
12708 12696 12699
12708 12699 12709
12710 12711 12712
12710 12712 12713
12714 12713 12712
12714 12712 12715
12705 12716 12717
12705 12717 12706
12704 12707 12718
12704 12718 12719
12700 12720 12721
12700 12721 12701
12703 12702 12722
12703 12722 12723
12723 12722 12724
12723 12724 12725
12708 12709 12711
12708 12711 12710
12692 12689 12681
12692 12681 12667
12691 12689 12692
12716 12714 12715
12716 12715 12717
12687 12684 12653
12719 12718 12721
12719 12721 12720
12688 12693 12680
12726 12727 12728
12729 12730 12728
12731 12732 12728
12727 12733 12728
12734 12735 12728
12736 12737 12728
12737 12731 12728
12738 12739 12728
12739 12729 12728
12730 12740 12728
12740 12741 12728
12733 12734 12728
12735 12736 12728
12732 12738 12728
12652 12694 12686
12652 12680 12693
12672 12742 12690
12672 12690 12669
12640 12360 12361
11380 11376 11419
12398 12401 12399
12743 12744 12745
12744 12743 12746
12747 12748 12749
12750 12751 12752
12753 12754 12755
12756 12757 12758
12756 12758 12759
12760 12761 12762
12760 12762 12763
12764 12765 12766
12764 12766 12767
12768 12769 12770
12768 12770 12771
12772 12773 12774
12772 12774 12775
12776 12777 12778
12776 12778 12779
12780 12781 12782
12783 12784 12785
12783 12785 12786
12786 12785 12787
12786 12787 12788
12789 12790 12791
12789 12791 12792
12793 12794 12795
12793 12795 12796
12797 12798 12799
12800 12801 12802
12800 12802 12803
12780 12804 12805
12780 12805 12806
12796 12807 12808
12796 12808 12793
12801 12800 12809
12801 12809 12810
12811 12812 12784
12811 12784 12783
12813 12814 12815
12813 12815 12816
12817 12818 12799
12817 12799 12819
12814 12819 12799
12814 12799 12815
12783 12820 12821
12783 12821 12811
12798 12797 12822
12798 12822 12823
12822 12797 12782
12822 12782 12781
12794 12793 12824
12794 12824 12825
12826 12763 12827
12826 12827 12828
12829 12830 12767
12829 12767 12831
12832 12829 12831
12832 12831 12833
12834 12826 12835
12834 12835 12836
12826 12834 12760
12826 12760 12763
12831 12767 12766
12831 12766 12837
12833 12831 12837
12833 12837 12838
12839 12840 12834
12839 12834 12836
12834 12840 12761
12834 12761 12760
12837 12766 12765
12837 12765 12841
12838 12837 12841
12838 12841 12842
12792 12843 12844
12792 12844 12789
12845 12846 12847
12845 12847 12848
12810 12809 12849
12810 12849 12850
12851 12852 12853
12851 12853 12854
12855 12856 12857
12858 12859 12860
12861 12862 12863
12861 12863 12864
12864 12863 12865
12864 12865 12866
12867 12868 12781
12869 12781 12870
12871 12872 12823
12873 12874 12875
12873 12875 12876
12877 12878 12879
12880 12881 12882
12869 12883 12884
12885 12886 12887
12885 12887 12888
12869 12870 12889
12869 12889 12883
12870 12868 12887
12870 12887 12889
12890 12891 12892
12890 12892 12893
12894 12806 12895
12896 12897 12898
12896 12898 12899
12900 12901 12902
12900 12902 12903
12904 12871 12823
12905 12906 12907
12908 12909 12910
12911 12905 12912
12911 12912 12913
12913 12912 12910
12913 12910 12914
12915 12916 12917
12915 12917 12918
12918 12919 12920
12918 12920 12921
12922 12852 12851
12922 12851 12923
12872 12923 12851
12924 12925 12926
12924 12926 12927
12925 12924 12928
12845 12929 12930
12845 12930 12846
12881 12931 12932
12881 12932 12933
12934 12935 12936
12934 12936 12937
12938 12936 12935
12939 12940 12941
12942 12943 12944
12945 12946 12947
12945 12947 12915
12816 12815 12854
12816 12854 12853
12804 12780 12782
12804 12782 12948
12794 12949 12795
12827 12763 12762
12827 12762 12950
12951 12952 12953
12951 12953 12954
12955 12956 12957
12958 12959 12960
12958 12960 12961
12962 12963 12964
12965 12966 12967
12965 12967 12968
12969 12967 12966
12969 12966 12970
12971 12972 12973
12971 12973 12974
12971 12975 12976
12971 12976 12972
12974 12977 12978
12974 12978 12971
12971 12978 12979
12971 12979 12975
12978 12980 12981
12978 12981 12979
12982 12963 12811
12983 12984 12813
12983 12813 12803
12983 12985 12986
12983 12986 12987
12988 12858 12989
12990 12824 12793
12990 12793 12808
12991 12992 12993
12991 12993 12994
12995 12757 12992
12995 12992 12996
12997 12998 12999
12997 12999 13000
13001 13002 13003
13001 13003 13004
13005 13006 13004
13005 13004 13003
12820 12783 12786
12820 12786 13007
13007 12786 12788
13007 12788 13008
13009 12931 12881
13009 12881 12880
12990 12988 12989
12990 12989 13010
13011 13012 12807
13013 13014 13015
13013 13015 13016
13013 13017 13014
13018 13019 13020
13018 13020 13021
13022 13023 13024
13022 13024 13019
12946 13025 13026
12946 13026 12947
13027 13022 13028
12747 13029 13030
12747 13030 13031
13032 13033 13031
13032 13031 13034
13035 13036 13037
13038 13039 13040
13038 13040 13041
13042 13043 13044
13042 13044 12884
13045 12995 12996
13045 12996 13046
13042 13047 13048
13042 13048 13043
13048 13049 13050
13048 13050 13051
13052 12877 12879
13052 12879 13053
13052 13053 13054
13052 13054 13055
13056 13057 13058
13059 13060 13061
13059 13062 13063
13064 13065 13066
13064 13066 13067
13068 13069 13070
13071 13072 13073
13074 13075 13076
13074 13076 13077
13078 13076 13075
13078 13075 13079
13080 13074 13077
13080 13077 13081
12968 12967 13082
12968 13082 13083
13084 13082 12967
13084 12967 12969
12824 12990 13010
12824 13010 13085
12804 13086 13087
12804 13087 12805
12804 12948 13088
12825 12824 13085
12825 13085 13089
13082 13090 13091
13082 13091 13083
13092 13093 13094
13092 13094 13095
13096 13087 13086
13096 13086 13093
13094 13088 13097
13094 13097 13098
13090 13082 13084
13090 13084 13099
12959 12958 13100
12959 13100 13101
12964 13102 13103
12952 13104 12771
12952 12771 12953
13091 13095 13105
13106 13107 13108
13109 12823 12822
12757 12995 13110
12757 13110 12758
12787 13111 13112
12787 13112 13113
12785 13114 13111
12785 13111 12787
12784 13115 13114
12784 13114 12785
12812 12962 12961
12772 13116 13101
12772 13101 12779
12775 13117 13116
12775 13116 12772
12768 12771 13104
12768 13104 13118
13112 12951 12954
13112 12954 13113
13119 12953 12957
12954 13119 13120
12954 13120 13113
12964 13103 12958
12964 12958 12961
13121 12777 13122
12812 12811 12963
12812 12963 12962
12848 13123 13124
12848 13124 12845
13125 13126 12768
13125 12768 13118
12830 13127 12764
12830 12764 12767
13126 13128 12769
13126 12769 12768
13129 13130 12966
13129 12966 12965
12795 13131 12796
12844 13132 13133
12844 13133 13134
13134 13133 13123
13134 13123 12848
12787 13113 13135
12787 13135 12788
13135 13098 13008
13135 13008 12788
13097 12948 12818
13097 12818 12817
13060 13136 13061
13005 12916 13137
13005 13137 13006
13020 13138 13139
13020 13139 13140
13141 13142 13143
13141 13143 13144
13145 13146 13147
13145 13147 13148
12942 12944 13149
13150 13075 13074
13150 13074 13151
13151 13152 12940
13151 12940 13153
12941 12940 13152
12941 13152 13154
13115 12784 12812
13115 12812 12960
12803 12813 12816
12803 12816 12800
12800 12816 12809
12809 12853 12852
12809 12852 12849
12826 12828 13155
12826 13155 12835
13156 13157 13158
13156 13158 13159
13156 13160 13161
13156 13161 13157
13162 13161 13160
13162 13160 13163
13037 12898 12897
13037 12897 13164
13041 13040 13165
13098 13135 13095
13098 13095 13094
13131 12790 12789
13093 13092 13166
13093 13166 13096
13089 13167 13168
13089 13168 12825
12825 13168 12949
12825 12949 12794
13132 12844 12843
13132 12843 13169
13095 13091 13090
13095 13090 13092
13092 13090 13099
13092 13099 13166
12828 13168 13167
12828 13167 13155
12827 12949 13168
12827 13168 12828
12791 13170 12950
12791 12950 13127
12792 12791 13127
12792 13127 12830
12830 12829 12843
12830 12843 12792
13169 12843 12829
13169 12829 12832
12987 12986 12981
12987 12981 12980
12982 13171 13172
12937 12936 13173
12937 13173 13174
13175 13017 13176
13177 13178 13179
13180 13181 13182
13180 13182 13183
13181 13147 13146
13181 13146 13182
13184 13185 13180
13184 13180 13183
13017 13186 13187
13017 13187 13188
13189 13190 12927
13189 12927 12926
12845 13124 13191
12845 13191 12929
12944 12943 13192
12944 13192 13193
13193 13194 13195
13193 13195 12944
13196 13197 13076
13196 13076 13078
13076 13197 13198
13076 13198 13077
13077 13198 13199
13077 13199 13081
13081 13199 13200
13081 13200 13154
13201 13202 12939
13201 12939 12941
13070 13203 13204
13070 13204 13068
13016 13205 13178
13079 13075 13150
13079 13150 13149
12753 12755 13206
12753 13206 13207
13206 13208 13207
13209 13210 13211
13209 13211 12755
13212 13213 12932
13212 12932 12931
12846 12930 12933
12846 12933 12932
13214 13206 12755
13214 12755 13211
13205 13145 13148
13205 13148 13179
13079 13149 13195
13079 13195 13078
13215 13150 13151
13215 13151 13153
13080 13152 13151
13080 13151 13074
13154 13152 13080
13154 13080 13081
13187 13184 13188
13078 13195 13194
13078 13194 13196
13154 13200 13201
13154 13201 12941
12942 13149 13150
12942 13150 13215
13216 13217 13206
13216 13206 13214
13218 13219 13220
12921 13221 13222
12921 13222 12945
12921 12920 13223
12921 13223 13221
12906 12911 13023
12906 13023 13224
13138 12914 13225
13138 13225 13139
13024 13023 12911
13024 12911 12913
13024 12913 12914
13024 12914 13138
13226 13227 13228
13226 13228 13229
12945 13222 13219
12945 13219 12946
12946 13219 13230
12946 13230 13025
13004 13006 13231
13004 13231 13232
13004 13232 13233
13004 13233 13001
13001 13233 13143
13001 13143 13142
12916 13005 13003
12916 13003 12917
12917 13003 13002
12917 13002 13234
13234 13142 13141
13234 13141 12919
12920 13067 13066
12920 13066 13223
12915 12918 12921
12915 12921 12945
12917 13234 12919
12917 12919 12918
12916 12915 12947
12916 12947 13137
13138 13020 13019
13138 13019 13024
13028 13022 13019
13028 13019 13018
12947 13026 13235
12947 13235 13137
13023 13022 13236
13023 13236 13224
13020 13237 13021
13067 13141 13144
13067 13144 13064
12919 13141 13067
12919 13067 12920
12998 13238 13239
12998 13239 12999
12900 13240 13241
12900 13241 13242
12880 13243 13244
13245 13246 13247
13245 13247 13248
13000 13249 13250
13000 13250 12997
13251 12998 12997
13251 12997 13252
13253 13250 13254
13253 13254 13255
13255 13254 13256
13255 13256 12902
12997 13250 13253
12997 13253 13252
13238 13257 13246
13258 13247 13246
13258 13246 13257
13259 12822 12869
12903 13260 13261
12903 13261 13262
12900 12903 13262
12900 13262 13240
13263 13264 13265
13034 13263 13266
13034 13266 13032
13266 12899 12898
13266 12898 13032
13227 13267 13268
13261 13269 13107
13241 13268 13242
13241 13240 12856
13262 13261 13106
13262 13106 13270
12902 12901 13271
12902 13271 13255
13031 12748 12747
13035 13037 13164
13035 13164 13272
13273 13274 13256
13273 13256 13254
13264 13034 13031
13264 13031 13030
13032 12898 13037
13032 13037 13033
13242 13268 13247
13242 13247 13258
13274 13269 13260
13274 13260 13256
13268 13275 13248
13268 13248 13247
12900 13242 13258
12900 13258 12901
13256 13260 12903
13256 12903 12902
13110 12995 13045
13110 13045 13276
13106 13277 13278
13106 13278 13270
13106 13108 13279
13106 13279 13277
13280 13046 12991
13280 12991 13281
13270 13278 12892
12756 12759 13282
12756 13282 13283
12993 12756 13283
12993 13283 12994
13284 13285 12891
12994 13286 13281
12994 13281 12991
13287 13288 13289
13287 13289 13280
13288 13290 13291
13288 13291 13289
13280 12893 13287
13292 13293 13294
13292 13294 13295
13292 12890 13286
13292 13286 13293
13296 13297 13298
13299 13298 13044
13299 13044 13043
13047 12886 13049
13047 13049 13048
13277 13288 13287
13277 13287 13278
13277 13279 13290
13277 13290 13288
13278 13287 12893
13278 12893 12892
13300 13284 13292
13300 13292 13295
12891 12890 13292
12891 13292 13284
12886 12885 13301
12886 13301 13049
13302 13303 13304
13302 13304 13305
12876 13306 12873
13307 13308 13285
13305 12861 12864
13305 12864 13302
13302 12864 12866
13302 12866 13309
13310 13311 13312
13313 12878 13314
13315 13316 13306
13312 13317 13310
13318 13313 13317
13307 13319 13320
13307 13320 13308
13321 13320 13319
13321 13322 12862
13322 12865 12863
13323 13324 12865
13324 13325 12866
13309 13326 12860
13303 12859 13327
13303 13327 13304
12929 12926 12925
12929 12925 12930
12757 12756 12993
12757 12993 12992
12996 12992 12991
12996 12991 13046
13038 13328 13039
13289 13291 13276
13289 13276 13045
13283 13282 13294
13283 13294 13293
13297 13296 13329
13297 13329 13330
13286 12994 13283
13286 13283 13293
13289 13045 13046
13289 13046 13280
13331 12751 12750
13142 13234 13002
13142 13002 13001
13021 13237 13332
13006 13137 13235
13006 13235 13231
13253 13255 13271
13253 13271 13252
13333 13159 13158
13249 13273 13254
13249 13254 13250
13334 13335 13336
12938 13176 12936
13070 13337 12940
13070 12940 12939
13337 13338 13153
13337 13153 12940
13177 13339 13178
13016 13173 13013
13013 12936 13176
13070 12939 13202
13070 13202 13203
13340 13192 12943
13340 12943 13341
13178 13342 13016
13338 13343 13334
13338 13334 13336
12854 12815 12799
13109 12822 13259
12799 12818 12797
12818 12782 12797
12780 12867 12781
13071 13344 12922
13071 12922 13345
13345 12922 12923
13345 12923 13174
13174 12923 12872
13174 12872 12937
12872 12934 12937
13109 13259 13266
13109 13266 13263
12869 12899 13259
13346 12894 12873
13346 12873 13306
12895 12873 12894
12858 12860 13347
13309 12860 13303
13309 13303 13302
13348 13349 13350
13348 13350 13316
13258 13257 13271
13258 13271 12901
13271 13257 13251
13271 13251 13252
13213 12846 12932
13009 13351 13212
13009 13212 12931
13327 13012 13011
13327 13011 13352
12859 13012 13327
12808 13012 12988
12808 12988 12990
13220 13219 13222
13220 13222 13353
13353 13222 13221
13353 13221 13354
13228 13227 12855
13270 13240 13262
13106 13261 13107
12856 13227 13241
12899 12869 12896
12890 12893 13286
13130 13355 12970
13130 12970 12966
12842 12841 12840
12842 12840 12839
12840 12841 12765
12840 12765 12761
12761 12765 12764
12761 12764 12762
12762 12764 13127
12762 13127 12950
12818 12948 12782
12934 12871 12907
13356 13069 13068
13356 13068 13357
13342 13345 13174
13342 13174 13173
13339 13071 13345
13339 13345 13342
13204 13358 13357
13204 13357 13068
12928 13334 13343
12928 13343 13359
13343 13069 13356
13343 13356 13359
13088 13086 12804
13088 13094 13093
13088 13093 13086
13215 13336 13360
13215 13360 12942
13153 13338 13336
13153 13336 13215
13337 13069 13338
13335 13334 12928
13335 12928 12924
12924 12927 13341
12924 13341 13335
13341 12927 13190
13341 13190 13340
13072 13339 13361
13360 12943 12942
13351 13131 13212
13170 12791 12790
13170 12790 12795
12949 13170 12795
12950 13170 12949
12950 12949 12827
12796 13131 13351
12796 13351 12807
12807 13351 13009
12807 13009 13011
13244 13304 13327
13243 13362 13244
13363 12925 12928
13359 13364 12882
13363 12882 12881
13363 12881 12933
13363 12933 12930
13363 12930 12925
12926 12929 13191
12926 13191 13189
13073 12850 12849
13073 12849 13344
13344 12849 12852
13344 12852 12922
13011 13009 12880
13011 12880 13352
12882 13363 13359
13244 13352 12880
13327 13352 13244
12882 13243 12880
12814 12820 13007
12814 13007 12819
12819 13007 13008
12819 13008 12817
12817 13008 13098
12817 13098 13097
13012 12808 12807
12795 12790 13131
12968 12770 12769
12968 12769 12965
12965 12769 13128
12965 13128 13129
12774 12773 12974
12774 12974 12973
12974 12773 12778
12974 12778 12977
13105 12955 13083
13105 13365 13366
13113 13120 13367
13113 13367 13135
13367 13120 13368
13367 13368 13369
13368 13120 13119
13368 13119 12956
12957 12956 13119
12968 13083 12955
12957 12953 12771
13095 13135 13367
13095 13367 13365
12770 12957 12771
12770 12968 12955
12770 12955 12957
12779 12778 12773
12779 12773 12772
12779 13101 13100
12779 13100 12776
12777 13121 12977
13121 13370 13172
12987 13171 12984
12987 12984 12983
12978 12977 13172
12978 13172 12980
12980 13172 13171
13102 12963 12982
13171 12811 12821
12882 13364 12857
12847 13134 12848
12803 12802 12985
12803 12985 12983
12813 12821 12814
12821 12820 12814
12847 13371 13134
13371 13131 12789
13134 13371 12789
13134 12789 12844
12856 13243 12857
13109 13263 12908
13218 13220 13357
13218 13357 13358
13357 13220 13364
13364 13356 13357
12823 12851 12854
12823 12854 12798
12894 13346 12780
12894 12780 12806
12869 12822 12781
12858 13347 12989
12859 12858 12988
13213 13212 13371
13061 13372 13059
13059 13372 13062
13062 13332 13063
13027 13236 13022
13020 13140 13237
12872 12871 12934
12938 13175 13176
13344 13071 13073
13072 13071 13339
13356 13364 13359
13363 12928 13359
12859 12988 13012
13240 13270 13362
13329 13165 13330
13049 13301 13328
12798 12854 12799
12872 12851 12823
12878 13313 12879
13311 13055 13054
13016 13342 13173
13178 13339 13342
13177 13361 13339
13284 13373 13285
13348 13315 13317
13348 13317 13314
12860 13326 13347
13270 12892 13304
12892 12891 13304
12868 12870 12781
13316 13346 13306
12895 12874 12873
12948 13097 13088
13285 13304 12891
13280 13281 12893
12893 13281 13286
13109 12904 12823
13241 13227 13268
13165 13374 13330
13040 13374 13165
13325 13309 12866
12878 13349 13314
13244 13270 13304
13131 13371 13212
12847 13213 13371
12813 12984 12821
13213 12847 12846
13243 12882 12857
13360 13341 12943
12944 13195 13149
13070 13069 13337
13187 13185 13184
13335 13360 13336
13069 13343 13338
13360 13335 13341
13016 13015 13205
13013 13176 13017
13175 13186 13017
13178 13205 13179
13013 13173 12936
12876 13315 13306
13309 13375 13326
12859 13303 12860
13060 13027 13136
13331 13376 12751
13027 13028 13136
13206 13217 13208
12754 13209 12755
13033 13037 13036
13033 13036 13377
13057 13378 13379
13036 13035 13380
13381 13057 13379
13333 13158 13380
13381 13058 13057
13382 13057 13383
12748 13031 13033
12748 13033 13377
13382 13378 13057
13384 13383 13057
13384 13057 13056
12749 13162 12747
12747 13162 13163
12747 13163 13029
13245 13239 13238
13245 13238 13246
13238 12998 13251
13238 13251 13257
12749 13161 13162
13333 13035 13272
13380 13035 13333
13333 13272 13159
12751 13385 12752
13386 13331 12750
13386 12750 13387
12750 12752 13388
12750 13388 13387
12744 13389 13390
13391 13392 12744
13049 13328 13050
12744 13392 13389
13051 13299 13043
13051 13043 13048
13393 12744 13390
12744 12746 13391
13393 12745 12744
13394 13395 13396
13397 13395 13394
13398 13397 13394
13399 13398 13394
13311 13054 13312
13312 13318 13317
13313 13314 13317
13310 13400 13401
13310 13401 13311
13311 13401 13055
13324 12866 12865
13308 13320 12861
13308 12861 13305
13321 12862 13320
12862 12861 13320
13322 12863 12862
13322 13323 12865
13317 13315 12876
13317 12876 13310
13348 13316 13315
13348 13314 13349
13400 13310 12876
12875 13400 12876
13309 13325 13375
13308 13305 13304
13308 13304 13285
12887 12868 12888
12883 12889 13047
12883 13047 13042
12889 12887 12886
12889 12886 13047
12868 13316 12888
13316 13350 12888
13284 13300 13373
12867 13346 13316
12780 13346 12867
12867 13316 12868
12883 13042 12884
12899 13266 13259
13261 13260 13269
12910 13109 12908
12912 12904 12910
12912 12905 12871
12912 12871 12904
12907 12871 12905
12904 13109 12910
12905 12911 12906
13263 13034 13264
13237 13063 13332
12909 13225 12910
13066 13065 13229
13228 13066 13229
13228 12855 13223
13228 13223 13066
12855 13354 13221
12855 13221 13223
13227 12856 12855
13218 13230 13219
13225 12914 12910
13265 12908 13263
13267 13275 13268
13227 13226 13267
13353 13364 13220
13354 13364 13353
12855 12857 13354
13354 12857 13364
13362 12856 13240
13362 13270 13244
13243 12856 13362
12955 13105 13366
13119 12954 12953
13299 13296 13298
13328 13038 13050
13402 13403 13404
13402 13404 13405
13406 13407 13408
13406 13408 13409
13410 13411 13412
13410 13412 13413
13411 13414 13415
13411 13415 13412
13416 13417 13409
13416 13409 13408
13418 13419 13417
13418 13417 13416
13420 13421 13422
13420 13422 13423
13414 13420 13423
13414 13423 13415
13419 13418 13422
13419 13422 13421
13424 13410 13413
13424 13413 13425
13426 13427 13428
13426 13428 13429
13430 13431 13432
13430 13432 13433
13434 13435 13436
13434 13436 13437
13438 13430 13439
13438 13439 13440
13441 13442 13439
13441 13439 13443
13442 13441 13435
13442 13435 13434
13444 13437 13436
13444 13436 13445
13446 13447 13431
13446 13431 13448
13427 13449 13450
13427 13450 13428
13402 13450 13449
13402 13449 13403
13451 13452 13433
13451 13433 13432
13452 13451 13412
13412 13415 13452
13418 13416 13453
13435 13453 13454
13435 13454 13436
13453 13416 13454
13415 13423 13455
13443 13433 13452
13443 13452 13455
13443 13455 13456
13443 13456 13441
13455 13423 13422
13455 13422 13456
13441 13456 13453
13441 13453 13435
13418 13453 13456
13445 13436 13454
13445 13454 13457
13454 13408 13407
13454 13407 13457
13451 13458 13425
13451 13425 13413
13432 13459 13458
13432 13458 13451
13460 13461 13462
13460 13462 13463
13461 13464 13465
13461 13465 13462
13466 13460 13463
13466 13463 13467
13468 13469 13470
13468 13470 13471
13472 13473 13474
13472 13474 13475
13476 13472 13475
13476 13475 13477
13476 13477 13478
13476 13478 13479
13479 13478 13480
13479 13480 13481
13482 13483 13481
13482 13481 13480
13484 13483 13482
13484 13482 13485
13486 13484 13485
13486 13485 13487
13487 13488 13489
13487 13489 13486
13490 13489 13488
13490 13488 13491
13492 13490 13491
13492 13491 13493
13474 13473 13469
13474 13469 13468
13494 13495 13496
13494 13496 13497
13498 13499 13496
13498 13496 13495
13500 13501 13502
13500 13502 13503
13504 13505 13506
13504 13506 13507
13508 13509 13510
13508 13510 13511
13512 13513 13514
13512 13514 13515
13516 13517 13509
13516 13509 13508
13512 13515 13518
13512 13518 13519
13520 13521 13517
13520 13517 13516
13522 13519 13518
13522 13518 13523
13524 13525 13521
13524 13521 13520
13526 13522 13523
13526 13523 13527
13525 13524 13528
13525 13528 13529
13530 13526 13527
13530 13527 13531
13532 13533 13529
13532 13529 13528
13534 13530 13531
13534 13531 13535
13536 13537 13533
13536 13533 13532
13538 13534 13535
13538 13535 13539
13540 13538 13539
13540 13539 13541
13542 13543 13537
13542 13537 13536
13542 13544 13545
13542 13545 13543
13540 13541 13546
13540 13546 13547
13544 13548 13549
13544 13549 13545
13548 13550 13551
13548 13551 13549
13547 13546 13552
13547 13552 13553
13550 13554 13555
13550 13555 13551
13553 13552 13556
13553 13556 13557
13554 13494 13497
13554 13497 13555
13557 13556 13558
13557 13558 13559
13511 13510 13505
13511 13505 13504
13513 13500 13503
13513 13503 13514
13501 13560 13561
13501 13561 13502
13562 13563 13564
13565 13566 13567
13565 13567 13568
13568 13567 13569
13568 13569 13570
13570 13569 13571
13570 13571 13572
13572 13571 13573
13572 13573 13574
13573 13575 13576
13573 13576 13574
13575 13577 13578
13575 13578 13576
13577 13579 13580
13577 13580 13578
13580 13579 13581
13580 13581 13582
13583 13582 13581
13583 13581 13584
13585 13583 13584
13585 13584 13586
13587 13588 13566
13587 13566 13565
13588 13587 13589
13588 13589 13590
13591 13592 13590
13591 13590 13589
13593 13594 13592
13593 13592 13591
13499 13498 13559
13499 13559 13558
13595 13596 13426
13595 13426 13429
13438 13448 13431
13438 13431 13430
13597 13598 13434
13597 13434 13437
13433 13443 13439
13433 13439 13430
13598 13599 13442
13598 13442 13434
13600 13597 13437
13600 13437 13444
13459 13432 13431
13459 13431 13447
13601 13492 13493
13601 13493 13602
13442 13599 13440
13442 13440 13439
13603 13601 13602
13603 13602 13604
13605 13606 13607
13608 13609 13610
13608 13610 13611
13609 13612 13613
13609 13613 13610
13614 13615 13616
13614 13616 13617
13612 13614 13617
13612 13617 13613
13618 13619 13620
13618 13620 13621
13619 13622 13623
13619 13623 13620
13624 13625 13626
13624 13626 13627
13622 13624 13627
13622 13627 13623
13628 13629 13630
13631 13632 13633
13615 13631 13633
13615 13633 13616
13625 13628 13630
13625 13630 13626
13608 13611 13634
13608 13634 13635
13635 13634 13636
13635 13636 13637
13638 13639 13640
13638 13640 13641
13637 13636 13639
13637 13639 13638
13618 13621 13642
13618 13642 13643
13643 13642 13644
13643 13644 13645
13646 13647 13648
13646 13648 13649
13645 13644 13647
13645 13647 13646
13650 13651 13652
13653 13654 13655
13641 13640 13655
13641 13655 13654
13649 13648 13652
13649 13652 13651
13656 13657 13658
13656 13658 13659
13660 13657 13656
13660 13656 13661
13659 13658 13662
13659 13662 13663
13662 13664 13665
13662 13665 13663
13664 13666 13667
13664 13667 13665
13667 13666 13668
13669 13666 13670
13669 13670 13671
13672 13673 13674
13672 13674 13675
13674 13676 13677
13674 13677 13675
13676 13678 13679
13676 13679 13677
13679 13678 13671
13679 13671 13670
13669 13668 13666
13680 13681 13682
13680 13682 13683
13682 13684 13685
13682 13685 13683
13685 13684 13686
13685 13686 13687
13688 13689 13690
13688 13690 13691
13687 13692 13683
13693 13686 13682
13694 13695 13696
13697 13698 13694
13697 13694 13696
13699 13700 13701
13699 13701 13702
13703 13704 13705
13706 13707 13698
13696 13708 13709
13710 13698 13697
13710 13697 13711
13712 13713 13714
13713 13712 13715
13716 13717 13718
13719 13720 13721
13719 13721 13722
13723 13724 13725
13717 13726 13727
13728 13729 13723
13730 13731 13732
13730 13732 13733
13734 13735 13736
13734 13736 13737
13738 13739 13740
13708 13695 13741
13742 13743 13744
13742 13744 13745
13746 13747 13748
13746 13748 13749
13750 13751 13752
13750 13752 13753
13754 13755 13756
13754 13756 13757
13758 13759 13757
13758 13757 13756
13760 13761 13735
13760 13735 13734
13762 13741 13729
13763 13764 13765
13753 13752 13764
13753 13764 13763
13766 13767 13768
13769 13720 13719
13769 13719 13770
13771 13772 13773
13771 13773 13774
13772 13766 13775
13776 13777 13748
13776 13748 13747
13778 13746 13749
13778 13749 13779
13780 13742 13745
13780 13745 13781
13782 13783 13784
13782 13784 13785
13780 13781 13784
13780 13784 13783
13786 13787 13788
13786 13788 13789
13790 13791 13792
13707 13706 13704
13793 13794 13701
13793 13701 13700
13795 13796 13797
13798 13799 13796
13696 13709 13800
13694 13801 13724
13697 13802 13803
13804 13699 13702
13804 13702 13805
13806 13801 13694
13806 13694 13698
13807 13808 13798
13809 13810 13811
13809 13811 13812
13813 13814 13815
13813 13815 13816
13814 13817 13818
13814 13818 13815
13819 13820 13821
13819 13821 13822
13823 13824 13825
13823 13825 13826
13827 13828 13829
13827 13829 13830
13830 13829 13831
13830 13831 13832
13832 13833 13834
13835 13836 13837
13835 13837 13838
13839 13840 13841
13839 13841 13842
13840 13843 13844
13840 13844 13841
13843 13845 13846
13843 13846 13844
13845 13847 13848
13845 13848 13846
13849 13850 13851
13849 13851 13852
13852 13851 13853
13852 13853 13854
13855 13856 13857
13855 13857 13858
13859 13860 13861
13859 13861 13862
13861 13863 13864
13861 13864 13862
13865 13866 13867
13865 13867 13868
13867 13869 13870
13867 13870 13868
13871 13872 13873
13871 13873 13874
13875 13876 13877
13875 13877 13878
13876 13879 13880
13876 13880 13877
13879 13881 13882
13879 13882 13880
13883 13884 13885
13883 13885 13886
13886 13885 13887
13886 13887 13888
13888 13887 13889
13888 13889 13890
13891 13892 13893
13891 13893 13894
13873 13895 13896
13873 13896 13874
13897 13898 13899
13897 13899 13900
13901 13902 13903
13901 13903 13904
13903 13905 13906
13903 13906 13904
13907 13908 13909
13907 13909 13910
13910 13909 13911
13910 13911 13912
13913 13914 13915
13913 13915 13916
13917 13918 13919
13917 13919 13920
13921 13922 13923
13921 13923 13924
13922 13925 13926
13922 13926 13923
13927 13928 13929
13927 13929 13930
13931 13932 13933
13931 13933 13934
13932 13935 13936
13932 13936 13933
13935 13937 13938
13935 13938 13936
13939 13940 13941
13939 13941 13942
13942 13941 13884
13942 13884 13883
13943 13944 13945
13943 13945 13946
13947 13948 13949
13947 13949 13950
13951 13948 13947
13951 13947 13952
13953 13944 13943
13953 13943 13954
13949 13955 13956
13949 13956 13950
13957 13958 13953
13957 13953 13954
13959 13960 13961
13959 13961 13962
13963 13964 13959
13963 13959 13962
13965 13966 13967
13965 13967 13968
13961 13960 13969
13961 13969 13970
13971 13972 13973
13971 13973 13974
13975 13976 13977
13973 13965 13968
13973 13968 13974
13970 13969 13978
13970 13978 13979
13980 13981 13982
13983 13984 13985
13986 13987 13988
13986 13988 13989
13990 13991 13992
13990 13992 13993
13994 13995 13991
13994 13991 13990
13996 13997 13998
13996 13998 13999
14000 14001 14002
14000 14002 14003
14004 14005 14006
14004 14006 14007
14008 14009 14010
14008 14010 14011
14012 14013 14014
14012 14014 14015
14016 14017 13996
14016 13996 13999
13997 14008 14011
13997 14011 13998
13993 13992 14001
13993 14001 14000
14006 13995 13994
14006 13994 14007
14018 14019 14012
14018 14012 14015
14020 14021 14022
14020 14022 14023
14024 14025 14021
14024 14021 14020
14026 14027 14028
14026 14028 14029
14013 14030 14031
14013 14031 14014
14032 14033 14034
14032 14034 14035
14028 14027 14033
14028 14033 14032
14036 14037 14038
14036 14038 14039
14040 14041 14042
14040 14042 14043
14044 14045 14046
14044 14046 14047
14048 14049 14050
14048 14050 14051
14035 14034 14041
14035 14041 14040
14052 14053 14025
14052 14025 14024
14054 13729 13728
14054 13728 14055
14056 13762 13729
14056 13729 14054
14057 13782 13785
14057 13785 14058
14059 13972 13971
13978 13976 13975
13978 13975 13979
13743 14060 14061
13743 14061 13744
14062 14063 14064
14062 14064 14065
14066 13985 13964
14066 13964 13963
14067 14068 13786
14067 13786 13789
13981 14069 13982
14066 13983 13985
14061 14060 14068
14061 14068 14067
14063 13982 14069
14063 14069 14064
13967 13966 14062
13967 14062 14065
13737 13736 13733
13737 13733 13732
13854 13853 14070
13854 14070 14071
13739 13738 13731
13739 13731 13730
13842 13837 13836
13842 13836 13839
14071 14070 13856
14071 13856 13855
13723 13740 13728
13926 13925 13928
13926 13928 13927
13767 13714 14072
13772 13775 13773
13858 13857 13860
13858 13860 13859
13738 13740 13723
13698 13707 13806
13697 13790 13711
13706 13698 13710
13723 13695 13724
13741 13762 14073
14074 14075 14076
14076 14075 14077
14047 14038 14037
14047 14037 14044
14078 14079 13793
14080 14081 14005
14080 14005 14004
14018 13989 13988
14018 13988 14019
14080 14050 14049
14080 14049 14081
13890 13889 13892
13890 13892 13891
13725 13724 14082
13694 13724 13695
13696 13695 13708
13723 13729 13695
13729 13741 13695
13726 13741 14073
13900 13896 13895
13900 13895 13897
13916 13915 13918
13916 13918 13917
14083 13705 14084
14003 14002 14017
14003 14017 14016
14023 14022 14026
14023 14026 14029
14083 14084 13797
13703 13705 14083
13707 13704 13703
13795 13797 14084
13798 13796 13795
13798 13808 13799
13712 13714 13767
13713 13715 14082
13725 14082 13715
13934 13930 13929
13934 13929 13931
13766 13768 13775
13768 13767 14072
13986 14046 14045
13986 14045 13987
14078 13792 14079
13790 13792 14078
14085 14086 13759
14085 13759 13758
13816 13812 13811
13816 13811 13813
13822 13821 13823
13822 13823 13826
14086 14085 13751
14086 13751 13750
13882 13881 13810
13882 13810 13809
13827 13825 13824
13827 13824 13828
13722 13721 13716
13722 13716 13718
13898 13902 13901
13898 13901 13899
13914 13913 13912
13914 13912 13911
14039 14076 14077
14039 14077 14036
13697 13803 13790
13790 13803 13791
13697 13800 13802
13696 13800 13697
14087 14088 14089
14090 14091 14092
14090 14092 14093
14091 14094 14095
14091 14095 14096
14097 14098 14099
14097 14099 14100
14101 14095 14100
14101 14100 14099
14102 14103 14104
14102 14104 14105
14106 14104 14103
14106 14103 14107
14108 14109 14110
14108 14110 14111
14112 14113 14087
14114 14115 14116
14114 14116 14117
14100 14116 14115
14100 14115 14097
14105 14104 14111
14105 14111 14110
14094 14118 14117
14094 14117 14116
14096 14092 14091
14119 14120 14121
14098 14122 14113
14098 14113 14099
14101 14099 14113
14101 14113 14112
14123 14096 14124
14125 14092 14126
14093 14092 14125
14120 14119 14127
14128 14121 14120
14129 14108 14130
14087 14113 14122
14087 14122 14088
14111 14131 14130
14111 14130 14108
14093 14132 14133
14123 14092 14096
14134 14119 14121
14124 14101 14112
14131 14111 14104
14131 14104 14106
14090 14093 14119
14090 14119 14134
14114 14117 14103
14114 14103 14102
14107 14118 14090
14107 14090 14134
14116 14100 14095
14116 14095 14094
14107 14134 14121
14107 14121 14106
14091 14090 14118
14091 14118 14094
14103 14117 14118
14103 14118 14107
14095 14101 14096
14096 14101 14124
14135 14136 14137
14135 14137 14138
14139 14140 14141
14139 14141 14142
14143 14144 14145
14143 14145 14146
14147 14148 14136
14147 14136 14135
14149 14150 14151
14149 14151 14152
14153 14154 14151
14153 14151 14150
14146 14145 14155
14146 14155 14156
14143 14157 14158
14143 14158 14144
14139 14142 14159
14139 14159 14160
14140 14161 14162
14140 14162 14141
14161 14163 14164
14161 14164 14162
14147 14149 14152
14147 14152 14148
14131 14121 14128
14131 14106 14121
14130 14131 14128
14156 14155 14154
14156 14154 14153
14126 14092 14123
14157 14160 14159
14157 14159 14158
14127 14119 14133
14165 14166 14167
14168 14166 14169
14170 14166 14171
14167 14166 14172
14173 14166 14174
14175 14166 14176
14176 14166 14170
14177 14166 14178
14178 14166 14168
14169 14166 14179
14179 14166 14180
14172 14166 14173
14174 14166 14175
14171 14166 14177
14093 14125 14132
14093 14133 14119
14109 14108 14129
14109 14129 14181
14079 13794 13793
12816 12853 12809
13832 13831 13833
2826 2825 2850
2826 2850 2849
2889 2888 2931
2889 2931 2932
2933 2886 2885
2933 2885 2934
12294 12634 12309
12285 12284 12293
13726 14073 13727
13718 13717 13727
13693 13682 13681
13682 13686 13684
13687 13683 13685
13683 13692 13680
14182 14183 14184
14182 14184 14185
14186 14187 14188
14189 14190 14191
14189 14191 14192
14190 14189 14193
14190 14193 14194
14182 14195 14196
14187 14197 14188
14187 14186 14198
14187 14198 14199
14199 14198 14196
14192 14191 14200
14192 14200 14201
14202 14203 14204
14202 14204 14205
14206 14207 14208
14206 14208 14209
14210 14211 14212
14210 14212 14213
14204 14214 14205
14213 14194 14193
14213 14193 14210
14208 14215 14216
14217 14212 14211
14217 14211 14218
14216 14215 14214
14219 14220 14217
14219 14217 14218
14221 14197 14207
14221 14207 14206
14222 14223 14224
14222 14224 14225
14222 14225 14226
14222 14226 14227
14227 14226 14228
14227 14228 14229
14229 14228 14230
14229 14230 14231
14232 14231 14230
14232 14230 14233
14232 14233 14234
14232 14234 14235
14235 14234 14236
14235 14236 14237
14237 14236 14238
14237 14238 14239
14240 14239 14238
14240 14238 14241
14242 14240 14241
14242 14241 14243
14244 14242 14243
14244 14243 14245
14244 14245 14246
14244 14246 14247
14248 14249 14250
14248 14250 14251
14252 14253 14254
14252 14254 14255
14252 14255 14256
14252 14256 14257
14258 14257 14256
14258 14256 14259
14260 14258 14259
14260 14259 14261
14262 14260 14261
14262 14261 14263
14264 14262 14263
14264 14263 14265
14266 14264 14265
14266 14265 14267
14266 14267 14268
14266 14268 14269
14269 14268 14270
14269 14270 14271
14271 14270 14272
14271 14272 14273
14274 14275 14276
14274 14276 14277
14278 14279 14280
14278 14280 14281
14278 14281 14282
14278 14282 14283
14284 14283 14282
14284 14282 14285
14286 14284 14285
14286 14285 14287
14288 14286 14287
14288 14287 14289
14290 14291 14292
14290 14292 14293
14294 14290 14293
14294 14293 14295
14296 14294 14295
14296 14295 14297
14298 14296 14297
14298 14297 14299
14300 14298 14299
14300 14299 14301
14300 14301 14302
14300 14302 14303
14279 14304 14305
14279 14305 14280
14182 14185 14195
14199 14196 14195
14205 14214 14215
14208 14216 14209
14288 14289 14306
14288 14306 14307
14308 14292 14291
14308 14291 14309
14188 14197 14221
14310 14311 14312
14310 14312 14313
14314 14315 14316
14317 14318 14319
14317 14319 14320
14320 14321 14322
14320 14322 14317
14310 14323 14324
14316 14315 14325
14316 14326 14327
14316 14327 14314
14326 14323 14327
14318 14328 14329
14318 14329 14319
14330 14331 14332
14330 14332 14333
14334 14335 14336
14334 14336 14337
14338 14339 14340
14338 14340 14341
14332 14331 14342
14339 14338 14322
14339 14322 14321
14336 14343 14344
14345 14346 14341
14345 14341 14340
14343 14342 14344
14345 14347 14348
14345 14348 14346
14349 14334 14337
14349 14337 14325
14350 14351 14352
14350 14352 14353
14350 14354 14355
14350 14355 14351
14354 14356 14357
14354 14357 14355
14356 14358 14359
14356 14359 14357
14360 14361 14359
14360 14359 14358
14360 14362 14363
14360 14363 14361
14362 14364 14365
14362 14365 14363
14364 14366 14367
14364 14367 14365
14368 14369 14367
14368 14367 14366
14370 14371 14369
14370 14369 14368
14372 14373 14371
14372 14371 14370
14372 14374 14375
14372 14375 14373
14376 14377 14378
14376 14378 14379
14380 14381 14382
14380 14382 14383
14380 14384 14385
14380 14385 14381
14386 14387 14385
14386 14385 14384
14388 14389 14387
14388 14387 14386
14390 14391 14389
14390 14389 14388
14392 14393 14391
14392 14391 14390
14394 14395 14393
14394 14393 14392
14394 14396 14397
14394 14397 14395
14396 14398 14399
14396 14399 14397
14398 14400 14401
14398 14401 14399
14402 14403 14404
14402 14404 14405
14406 14407 14408
14406 14408 14409
14406 14410 14411
14406 14411 14407
14412 14413 14411
14412 14411 14410
14414 14415 14413
14414 14413 14412
14416 14417 14415
14416 14415 14414
14418 14419 14420
14418 14420 14421
14422 14423 14419
14422 14419 14418
14424 14425 14423
14424 14423 14422
14426 14427 14425
14426 14425 14424
14428 14429 14427
14428 14427 14426
14428 14430 14431
14428 14431 14429
14409 14408 14432
14409 14432 14433
14310 14324 14311
14326 14324 14323
14331 14344 14342
14336 14335 14343
14416 14434 14435
14416 14435 14417
14421 14420 14436
14421 14436 14437
14315 14349 14325
10869 10868 10875
10869 10875 10874
8005 7854 14438
9108 9248 14439
931 871 862
1351 1359 1276
7090 7075 7091
7092 7075 7071
6888 6903 6904
6888 6905 6884
10400 10512 10401
10732 10620 10619
8643 8688 8447
9889 9841 9657
10380 10508 10381
10728 10598 10600
10600 10599 10691
10382 10381 10469
8485 8478 8871
9817 9796 9822
8621 8597 8598
9843 9701 9844
8490 8645 8644
10379 10378 10387
10597 10596 10605
10599 10695 10604
10601 10617 10602
10384 10397 10473
10474 10382 10385
9204 9138 9214
9131 9215 9214
8069 7870 7970
7954 7869 7877
8130 7966 7969
9354 9212 9175
7868 7870 7919
9130 9132 9175
434 476 435
635 664 650
13415 13455 13452
13412 13451 13413
13418 13456 13422
13454 13416 13408
11982 12020 12017
11980 12018 11972
11978 12019 11985
12015 11976 11975
1350 1352 1421
862 864 931
1378 1379 1757
890 892 872
3380 3382 14440
3383 3385 3390
3389 3383 14441
3378 3380 14440
3386 3381 14442
3391 3390 3385
3386 14442 3387
3388 3387 3401
3394 3393 3391
8724 8723 14443
8715 8724 10756
9919 9921 9913
9919 9913 10755
7539 7545 7614
7722 7726 7725
7722 7733 7726
7538 7539 7614
6522 6524 14444
6731 6733 6737
6745 6595 6742
6535 6387 6556
9472 10035 9473
3293 3295 3296
3253 3255 3256
14445 3189 14446
14447 3189 14445
14448 3189 14447
3187 3189 14448
3189 3188 3190
14446 3189 14449
14449 3189 14450
14450 3189 14451
3641 3636 3640
3597 3603 3614
6321 6320 14452
6319 6321 14453
14453 6321 14454
6321 14452 14455
6321 14455 14456
6321 14456 14457
6321 14457 14458
6321 14458 6322
6242 6241 14459
6240 6242 14460
14460 6242 14461
14461 6242 14462
14462 6242 14463
14463 6242 14464
14464 6242 14465
14465 6242 6244
9197 9199 14466
7947 7946 8132
12332 12308 12276
12276 12309 12263
13708 13741 13765
13765 13764 13708
10590 10613 10561
10371 10394 10476
9632 9634 9651
9651 9639 9632
2420 2445 2482
2420 2483 2459
9831 9733 9732
9731 9823 9732
9824 9805 9682
8609 8628 8474
8523 8633 8524
6536 6427 6558
6746 6636 6614
10481 10507 10501
10701 10727 10614
9479 9266 9448
8260 8025 8024
7901 8290 7997
8291 8191 8193
7997 7999 7901
9409 9508 9410
9409 9505 9508
9519 9410 9508
9407 9242 9505
9240 9242 9160
9230 9187 9250
7933 7987 8007
2576 2572 2570
2576 2570 2577
2614 2552 2556
2614 2556 2616
12158 12128 12127
12158 12127 12157
12169 12170 14467
13605 13607 13603
13605 13603 13604
13564 13563 13594
13564 13594 13593
14468 11669 11342
11688 14468 11345
11668 11669 11524
11524 11669 11529
14468 11342 11345
11688 11670 14468
11548 11377 11530
11548 11738 11549
11688 11738 11689
11670 11548 11530
11345 11544 11688
11670 11669 14468
11530 11529 11670
11529 11525 11524
11518 11687 11686
11934 11686 11687
14469 11931 11523
11934 11933 14469
14469 11933 11932
14469 11523 11934
11521 11931 11672
11672 11649 11521
11660 11672 11932
11932 11931 14469
11547 11549 11738
11549 11386 11377
12980 13171 12987
13171 12821 12984
12982 12811 13171
12982 13172 13370
13121 13172 12977
13121 13102 13370
13102 12982 13370
12964 12961 12962
12812 12961 12960
12964 12963 13102
13103 13122 12776
13121 13122 13102
13100 13103 12776
12958 13103 13100
13103 13102 13122
12776 13122 12777
12777 12977 12778
13366 13369 12956
13367 13369 13365
12955 13366 12956
13105 13095 13365
13105 13083 13091
13366 13365 13369
12956 13369 13368
14470 14471 14472
14470 14472 14473
14474 14475 14476
14474 14476 14477
14478 14479 14480
14478 14480 14481
14481 14480 14482
14481 14482 14483
14484 14485 14479
14484 14479 14478
14473 14472 14483
14473 14483 14482
14486 14487 14471
14486 14471 14470
14485 14484 14488
14485 14488 14489
14490 14489 14488
14490 14488 14491
14477 14492 14493
14477 14493 14474
14492 14490 14491
14492 14491 14493
14494 14495 14496
14494 14496 14497
14498 14499 14487
14498 14487 14486
14494 14476 14475
14494 14475 14495
14489 14500 14501
14489 14501 14485
14485 14501 14502
14485 14502 14479
14479 14502 14503
14479 14503 14480
14504 14505 14477
14504 14477 14476
14480 14503 14506
14480 14506 14482
14482 14506 14507
14482 14507 14473
14486 14508 14509
14486 14509 14498
14508 14486 14470
14508 14470 14510
14490 14492 14511
14490 14511 14512
14492 14477 14505
14492 14505 14511
14489 14490 14512
14489 14512 14500
14513 14494 14497
14513 14497 14514
14513 14504 14476
14513 14476 14494
14515 14510 14507
14515 14507 14516
14501 14500 14517
14501 14517 14518
14518 14519 14502
14518 14502 14501
14502 14519 14520
14502 14520 14503
14521 14522 14505
14521 14505 14504
14503 14520 14523
14503 14523 14506
14516 14507 14506
14516 14506 14523
14524 14509 14508
14524 14508 14525
14525 14508 14510
14525 14510 14515
14526 14527 14512
14526 14512 14511
14522 14526 14511
14522 14511 14505
14500 14512 14527
14500 14527 14517
14528 14513 14514
14528 14514 14529
14528 14521 14504
14528 14504 14513
14530 14531 14532
14533 14534 14535
14533 14535 14536
14537 14538 14539
14537 14539 14540
14541 14542 14543
14541 14543 14544
14545 14546 14547
14545 14547 14548
14549 14550 14551
14549 14551 14530
14552 14553 14554
14555 14556 14557
14555 14557 14558
14559 14560 14561
14558 14557 14562
14558 14562 14563
14564 14560 14565
14519 14566 14567
14519 14567 14520
14568 14567 14566
14568 14566 14569
14520 14567 14570
14520 14570 14523
14518 14571 14566
14518 14566 14519
14571 14572 14569
14571 14569 14566
14523 14570 14573
14523 14573 14516
14518 14517 14574
14518 14574 14571
14572 14574 14575
14576 14515 14516
14576 14516 14573
14577 14578 14579
14577 14579 14580
14581 14582 14583
14581 14583 14584
14515 14576 14585
14515 14585 14525
14585 14586 14587
14585 14587 14588
14577 14580 14589
14577 14589 14590
14591 14592 14590
14591 14590 14589
14577 14593 14594
14577 14594 14578
14564 14595 14560
14596 14597 14598
14598 14590 14592
14580 14579 14527
14580 14527 14526
14543 14547 14546
14543 14546 14544
14599 14545 14548
14599 14548 14600
14601 14602 14600
14601 14600 14548
14603 14604 14605
14603 14605 14606
14585 14588 14524
14585 14524 14525
14551 14550 14607
14551 14607 14608
14542 14541 14609
14542 14609 14610
14611 14535 14534
14611 14534 14612
14536 14613 14614
14536 14614 14533
14542 14551 14543
14543 14551 14547
14535 14611 14615
14535 14615 14616
14556 14617 14618
14556 14618 14557
14557 14618 14619
14557 14619 14562
14545 14599 14620
14545 14620 14621
14621 14622 14546
14621 14546 14545
14579 14578 14574
14575 14578 14594
14548 14547 14608
14548 14608 14601
14593 14550 14549
14593 14549 14594
14607 14550 14593
14607 14593 14597
14601 14623 14602
14601 14608 14596
14601 14596 14623
14556 14555 14624
14556 14624 14613
14613 14625 14617
14613 14617 14556
14541 14544 14626
14541 14626 14627
14627 14628 14609
14627 14609 14541
14536 14629 14625
14536 14625 14613
14544 14546 14622
14544 14622 14626
14630 14631 14559
14632 14633 14634
14632 14634 14635
14526 14522 14589
14526 14589 14580
14517 14527 14579
14517 14579 14574
14530 14636 14594
14530 14594 14549
14538 14537 14637
14538 14637 14638
14636 14530 14532
14568 14569 14638
14568 14638 14637
14639 14572 14575
14586 14561 14587
14634 14633 14573
14634 14573 14570
14640 14576 14573
14640 14573 14633
14586 14585 14576
14586 14576 14640
14528 14529 14641
14528 14641 14642
14642 14641 14603
14642 14603 14606
14612 14539 14531
14612 14531 14610
14532 14538 14638
14532 14638 14639
14638 14569 14572
14638 14572 14639
14628 14615 14611
14628 14611 14609
14609 14611 14612
14609 14612 14610
14643 14644 14645
14643 14645 14646
14553 14614 14647
14648 14645 14644
14537 14554 14648
14537 14648 14637
14559 14631 14565
14559 14565 14560
14559 14649 14630
14582 14581 14561
14582 14561 14586
14583 14582 14640
14554 14537 14540
14554 14540 14552
14536 14535 14616
14536 14616 14629
14650 14568 14651
14644 14651 14648
14637 14648 14651
14637 14651 14568
14570 14567 14650
14570 14650 14634
14644 14635 14650
14635 14644 14643
14635 14643 14632
14598 14592 14606
14598 14606 14605
14589 14522 14521
14589 14521 14591
14591 14521 14528
14591 14528 14642
14592 14591 14642
14592 14642 14606
14577 14590 14597
14577 14597 14593
14473 14507 14510
14473 14510 14470
14643 14584 14632
14632 14583 14633
14643 14646 14649
14643 14649 14652
14624 14630 14647
14614 14613 14624
14540 14539 14612
14540 14612 14534
14532 14531 14539
14532 14539 14538
14646 14645 14553
14646 14553 14647
14630 14649 14646
14630 14646 14647
14581 14584 14652
14581 14652 14559
14581 14559 14561
14595 14561 14560
14584 14583 14632
14643 14652 14584
14552 14533 14614
14552 14540 14534
14552 14534 14533
14552 14614 14553
14554 14553 14645
14648 14554 14645
14636 14575 14594
14636 14532 14639
14636 14639 14575
14610 14531 14530
14610 14530 14542
14572 14571 14574
14582 14586 14640
14583 14640 14633
14644 14650 14651
14650 14567 14568
14635 14634 14650
14559 14652 14649
14630 14624 14555
14614 14624 14647
14565 14563 14564
14631 14555 14565
14630 14555 14631
14565 14558 14563
14555 14558 14565
14561 14595 14587
14596 14598 14623
14623 14604 14602
14623 14605 14604
14596 14607 14597
14598 14597 14590
14598 14605 14623
14596 14608 14607
14542 14530 14551
14551 14608 14547
14578 14575 14574
14653 14654 14655
14653 14655 14656
14657 14658 14659
14660 14661 14662
14660 14662 14663
14664 14665 14666
14664 14666 14667
14668 14669 14654
14668 14654 14653
14670 14671 14672
14659 14658 14673
14659 14673 14674
14675 14676 14658
14675 14658 14657
14677 14663 14662
14677 14662 14678
14679 14680 14681
14679 14681 14682
14683 14684 14685
14686 14687 14688
14689 14690 14691
14692 14693 14694
14695 14683 14696
14697 14698 14699
14700 14692 14701
14680 14695 14702
14703 14657 14704
14703 14704 14705
14668 14661 14660
14668 14660 14669
14698 14700 14706
14664 14656 14655
14664 14655 14665
14707 14697 14699
14667 14666 14708
14667 14708 14709
14687 14689 14710
14670 14677 14678
14670 14678 14671
14693 14679 14682
14711 14673 14658
14712 14713 14714
14715 14716 14717
14718 14719 14720
14721 14722 14723
14721 14723 14724
14725 14726 14713
14727 14728 14729
14727 14729 14730
14731 14732 14733
14731 14733 14734
14735 14736 14737
14729 14738 14739
14729 14739 14740
14741 14742 14743
14741 14743 14744
14745 14746 14747
14745 14747 14748
14733 14749 14750
14733 14750 14734
14751 14752 14753
14751 14753 14754
14755 14737 14756
14757 14735 14755
14758 14759 14742
14758 14742 14741
14760 14761 14762
14686 14688 14763
14764 14765 14766
14767 14768 14769
14770 14771 14761
14772 14773 14774
14775 14776 14777
14778 14779 14780
14778 14780 14781
14782 14783 14784
14782 14784 14785
14749 14744 14743
14749 14743 14750
14774 14786 14775
14747 14732 14731
14747 14731 14748
14766 14787 14772
14708 14746 14745
14708 14745 14709
14763 14788 14764
14751 14759 14752
14769 14768 14789
14754 14753 14755
14790 14791 14792
14793 14794 14795
14796 14797 14794
14798 14799 14800
14798 14800 14801
14728 14727 14802
14728 14802 14803
14804 14802 14727
14804 14727 14805
14791 14790 14806
14791 14806 14807
14800 14808 14797
14800 14797 14801
14803 14809 14810
14803 14810 14811
14730 14812 14805
14730 14805 14727
14794 14813 14814
14794 14814 14795
14797 14808 14813
14797 14813 14794
14798 14801 14815
14798 14815 14816
14797 14817 14818
14819 14820 14821
14822 14823 14736
14724 14717 14718
14657 14703 14675
14781 14780 14824
14825 14785 14826
14738 14729 14728
14738 14728 14811
14823 14822 14785
14823 14785 14784
14782 14785 14827
14826 14822 14735
14826 14735 14757
14782 14703 14705
14782 14705 14783
14740 14739 14716
14740 14716 14715
14740 14828 14730
14740 14730 14729
14829 14715 14724
14829 14723 14830
14829 14830 14831
14832 14830 14723
14832 14723 14722
14833 14834 14835
14836 14833 14835
14837 14799 14798
14837 14798 14838
14828 14740 14715
14828 14715 14829
14839 14840 14841
14839 14841 14842
14831 14843 14828
14831 14828 14829
14844 14845 14839
14843 14812 14730
14843 14730 14828
14835 14842 14841
14835 14841 14846
14847 14835 14846
14848 14849 14798
14850 14842 14851
14839 14852 14840
14853 14854 14855
14855 14854 14856
14857 14858 14859
14857 14859 14860
14857 14860 14853
14861 14862 14863
14861 14863 14864
14865 14866 14867
14865 14867 14868
14869 14870 14856
14869 14856 14871
14872 14873 14874
14872 14874 14875
14866 14875 14874
14866 14874 14867
14876 14877 14878
14876 14879 14880
14881 14882 14883
14881 14883 14884
14878 14877 14882
14861 14864 14885
14886 14887 14880
14886 14880 14879
14888 14889 14890
14888 14890 14891
14892 14893 14890
14894 14895 14896
14897 14895 14894
14859 14895 14860
14860 14895 14854
14898 14895 14897
14896 14895 14859
14899 14895 14900
14900 14895 14901
14882 14895 14883
14877 14895 14882
14901 14895 14898
14883 14895 14899
14854 14895 14856
14863 14895 14864
14867 14895 14868
14856 14895 14871
14873 14895 14874
14874 14895 14867
14880 14895 14877
14864 14895 14902
14902 14895 14893
14887 14895 14880
14891 14895 14888
14893 14895 14891
14721 14713 14726
14903 14904 14905
14903 14905 14906
14907 14908 14909
14907 14909 14910
14670 14911 14680
14670 14680 14679
14687 14666 14665
14687 14665 14689
14690 14655 14654
14690 14654 14697
14912 14913 14914
14912 14914 14915
14697 14654 14669
14697 14669 14698
14916 14917 14918
14916 14918 14919
14920 14916 14919
14920 14919 14921
14922 14907 14910
14922 14910 14923
14924 14903 14906
14924 14906 14925
14911 14676 14695
14911 14695 14680
14700 14660 14663
14700 14663 14692
14692 14663 14677
14692 14677 14693
14676 14675 14683
14676 14683 14695
14675 14926 14684
14675 14684 14683
14686 14708 14666
14686 14666 14687
14689 14665 14655
14689 14655 14690
14917 14922 14923
14917 14923 14918
14660 14700 14698
14660 14698 14669
14904 14912 14915
14904 14915 14905
14913 14927 14928
14913 14928 14914
14693 14677 14670
14693 14670 14679
14908 14924 14925
14908 14925 14909
14929 14920 14921
14929 14921 14930
14931 14932 14933
14931 14933 14934
14935 14936 14937
14935 14937 14938
14939 14940 14941
14939 14941 14942
14747 14746 14763
14747 14763 14764
14733 14732 14766
14733 14766 14772
14943 14944 14945
14943 14945 14946
14749 14733 14772
14749 14772 14774
14947 14948 14949
14947 14949 14950
14950 14949 14951
14950 14951 14952
14938 14937 14953
14938 14953 14954
14934 14933 14955
14934 14955 14956
14770 14957 14940
14770 14940 14939
14741 14744 14775
14741 14775 14767
14758 14741 14767
14758 14767 14769
14760 14757 14957
14760 14957 14770
14778 14826 14757
14778 14757 14760
14746 14708 14686
14746 14686 14763
14732 14747 14764
14732 14764 14766
14824 14958 14827
14954 14953 14948
14954 14948 14947
14774 14775 14744
14774 14744 14749
14946 14945 14932
14946 14932 14931
14928 14927 14944
14928 14944 14943
14942 14941 14758
14942 14758 14769
14956 14955 14936
14956 14936 14935
14952 14951 14959
14952 14959 14960
14781 14825 14826
14781 14826 14778
14926 14958 14684
14961 14962 14894
14963 14964 14897
14965 14961 14896
14962 14963 14894
14964 14966 14898
14964 14898 14897
14967 14965 14896
14968 14969 14900
14970 14971 14901
14969 14972 14899
14971 14968 14900
14898 14966 14970
14898 14970 14901
14972 14973 14899
14974 14975 14791
14721 14724 14720
14821 14976 14977
14712 14978 14713
14721 14720 14979
14810 14809 14820
14813 14980 14981
14813 14981 14814
14808 14790 14980
14808 14980 14813
14982 14806 14799
14800 14806 14790
14800 14790 14808
14983 14984 14985
14841 14831 14830
14841 14830 14846
14830 14832 14846
14831 14841 14840
14831 14840 14843
14832 14986 14987
14843 14840 14983
14843 14983 14812
14718 14717 14988
14989 14990 14991
14810 14820 14992
14869 14871 14993
14869 14993 14994
14871 14895 14993
14888 14895 14995
14820 14819 14996
14988 14704 14659
14997 14988 14659
14997 14659 14674
14811 14823 14784
14811 14784 14738
14810 14736 14823
14810 14823 14811
14736 14992 14737
14992 14996 14737
14705 14704 14717
14705 14717 14716
14738 14784 14783
14738 14783 14739
14739 14783 14705
14739 14705 14716
14994 14993 14873
14994 14873 14872
14998 14995 14887
14998 14887 14886
14993 14895 14873
14995 14895 14887
14930 14999 14991
14930 14991 14929
14959 15000 15001
14959 15001 14960
14973 14884 14883
14858 14967 14859
15000 15002 15003
15000 15003 15001
14820 14996 14992
14989 14991 14999
14997 14718 14988
14979 14720 15004
14754 14755 14756
14755 14940 14957
14911 14658 14676
14711 14658 14672
14657 14659 14704
14735 14737 14755
14810 14992 14736
14988 14717 14704
14853 14860 14854
14878 14882 14881
14967 14896 14859
14899 14973 14883
14900 14969 14899
14961 14894 14896
14963 14897 14894
14901 14971 14900
15005 15006 15007
14780 15008 15009
14780 15009 14824
15010 15011 15012
15010 15012 15013
15007 15014 15015
15007 15015 15016
15017 15018 15015
15017 15015 15014
15019 15020 15013
15019 15013 15018
14762 14761 15021
14762 15021 15022
15021 15023 15022
15024 15025 15014
15024 15014 15026
15027 15028 15020
15027 15020 15019
15029 15030 14789
15029 14789 15031
14761 14771 15032
14761 15032 15021
15021 15032 15033
15021 15033 15023
15025 15034 15035
15025 15035 15036
15028 15027 15037
15028 15037 15038
15039 15028 15038
15039 15038 15040
15029 15041 15030
15024 15042 15034
15024 15034 15025
15005 15043 15006
15044 15045 15046
15044 15046 15047
15048 15049 15050
15048 15050 15051
15047 15052 15053
15047 15053 15054
15055 14696 15056
15055 15056 15057
15055 15057 15058
15059 15060 15061
15059 15061 15050
15062 15053 15052
15062 15052 15063
15063 15052 15046
15064 15065 14682
15064 14682 14681
15050 15049 15066
14696 15055 15067
14696 15067 15068
15055 15058 15067
15059 15066 15069
15059 15069 15070
15071 15062 15063
15071 15063 15072
15072 15063 15073
15072 15073 15074
15075 15064 14681
15075 14681 15076
15060 15059 15070
15060 15070 15077
15078 15079 15080
15078 15080 15081
15050 15082 15051
15061 15060 15058
15061 15058 15079
15058 15060 15077
15058 15077 15083
15082 15061 15079
15082 15079 15078
14780 14779 15084
14780 15084 15008
15084 15026 15008
14688 15085 15086
14688 15086 14788
14765 15087 15088
14765 15088 14787
14777 15089 15090
14777 15090 14768
15086 15085 15091
15086 15091 15092
15088 15087 15093
15094 15095 15096
15094 15096 15097
15098 15094 15097
15099 15098 15097
15099 15097 15100
15101 15099 15100
15101 15100 15102
15094 15092 15091
15094 15091 15095
15103 15104 15105
15092 15106 15107
15108 15109 15110
15108 15110 15111
14777 14776 15089
15106 15112 15113
15106 15113 15107
15114 15115 15112
15114 15112 15106
15116 15117 15115
15116 15115 15114
15118 15119 15117
15118 15117 15116
14688 14710 15120
14688 15120 15085
14691 15121 15122
14691 15122 15123
14701 14694 15124
14701 15124 15125
15120 15126 15091
15120 15091 15085
15122 15127 15123
15096 15095 15128
15096 15128 15129
15129 15128 15130
15129 15130 15131
15129 15131 15132
15132 15131 15133
15132 15133 15134
15128 15135 15136
15128 15136 15130
15137 15138 15139
15135 15126 15140
15141 15142 15143
15141 15143 15144
15145 15125 15146
15135 15140 15147
15135 15147 15148
15121 14707 15149
15121 15149 15122
15136 15135 15148
15136 15148 15150
15151 15136 15150
15151 15150 15152
15153 15151 15152
15153 15152 15154
15080 15155 14685
15080 14685 15081
15092 15107 15093
15107 15113 15156
15107 15156 15093
15140 15126 15127
15157 15147 15140
15157 15140 15127
15019 15018 15017
15027 15019 15017
15027 15017 15036
15036 15035 15037
15036 15037 15027
15054 15053 15049
15054 15049 15048
15049 15053 15062
15049 15062 15066
15069 15066 15062
15069 15062 15071
15039 15029 15031
15039 15031 15158
15029 15039 15040
15029 15040 15041
15074 15073 15064
15159 15160 15104
15159 15104 15103
15089 15161 15119
15089 15119 15118
15139 15162 15163
15139 15163 15137
15154 15146 15125
15154 15125 15153
14768 15090 15031
14768 15031 14789
15011 15164 15102
15011 15102 15012
15101 15102 15164
15158 15165 15164
15158 15164 15011
15166 15103 15105
15065 15124 14694
15065 14694 14682
15134 15167 15045
15134 15045 15044
15045 15167 15168
15045 15168 15169
15134 15133 15167
15138 15137 15170
15031 15090 15165
15031 15165 15158
15124 15065 15169
15124 15169 15168
14788 15086 15087
14788 15087 14765
15086 15092 15087
15123 15120 14710
15123 14710 14691
15126 15120 15123
15094 15098 15114
15094 15114 15106
15091 15126 15128
15091 15128 15095
14787 15088 15171
14787 15171 15172
15093 15156 15171
15093 15171 15088
15127 15122 15149
15127 15149 15157
15026 15023 15024
15023 15033 15042
15023 15042 15024
14779 14762 15022
14779 15022 15084
15022 15026 15084
15009 15006 15173
15009 15173 14824
15005 15007 15016
15005 15016 15043
15007 15026 15014
15047 15046 15052
15010 15020 15028
15020 15010 15013
15010 15158 15011
15073 15169 15065
15073 15065 15064
15169 15046 15045
15057 15056 14685
15057 14685 15155
15010 15039 15158
15105 15104 15111
15139 15138 15142
15142 15138 15143
15105 15111 15110
15073 15046 15169
15063 15046 15073
15010 15028 15039
15017 15014 15025
15017 15025 15036
15058 15057 15155
15058 15155 15079
15079 15155 15080
15008 15006 15009
15008 15026 15006
15007 15006 15026
15022 15023 15026
15135 15128 15126
15094 15106 15092
15093 15087 15092
15123 15127 15126
15082 15043 15051
15173 15078 14824
15082 15078 15173
14824 15078 15081
15012 15174 15013
15015 15174 15016
15018 15174 15015
15013 15174 15018
15047 15174 15044
15051 15174 15048
15054 15174 15047
15096 15174 15097
15097 15174 15100
15100 15174 15102
15129 15174 15096
15132 15174 15129
15134 15174 15132
15048 15174 15054
15102 15174 15012
15044 15174 15134
15016 15174 15043
15043 15174 15051
15172 15171 15175
15172 15175 14773
14786 15176 15161
14786 15161 14776
15177 15041 15178
15177 15178 15179
15176 15175 15115
15161 15176 15119
14773 15175 15176
14773 15176 14786
15112 15115 15175
14824 14827 14781
14827 14785 14825
14782 14827 14958
14782 14958 14703
14703 14958 14926
14958 14824 15081
14781 14827 14825
14684 15081 14685
14684 14958 15081
14675 14703 14926
14826 14785 14822
14757 14755 14957
14683 14685 15056
14760 14762 14778
14778 14762 14779
14770 14761 14760
14770 15179 14771
15030 14939 14942
14939 15179 14770
15177 15179 14939
15177 14939 15030
14769 14789 14942
15038 15037 15178
15042 15033 15178
15033 15032 15178
15035 15178 15037
15038 15178 15040
15040 15178 15041
15034 15178 15035
15042 15178 15034
15179 15032 14771
15178 15032 15179
14942 14789 15030
15089 14776 15161
14767 14777 14768
14775 14777 14767
14775 14786 14776
14774 14773 14786
14766 14765 14787
14764 14788 14765
14763 14688 14788
14688 14687 14710
14710 14689 14691
14691 14690 15121
15176 15117 15119
15156 15175 15171
15113 15175 15156
15112 15175 15113
15176 15115 15117
14773 14787 15172
14772 14787 14773
14707 14699 15180
14707 15180 15149
14706 15145 15146
14706 15146 15181
15076 14702 15182
15076 15182 15075
15181 15150 15180
15146 15154 15181
14699 14706 15181
14699 15181 15180
15148 15180 15150
15072 15182 15071
15077 15182 15083
15083 15182 15067
15069 15071 15182
15072 15074 15182
15074 15075 15182
15070 15069 15182
15077 15070 15182
14702 15068 15067
15182 14702 15067
15181 15154 15152
15157 15149 15180
15147 15157 15180
15148 15147 15180
15181 15152 15150
15030 15041 15177
15125 15145 14701
14699 14698 14706
14697 14707 15121
14697 15121 14690
14700 15145 14706
14700 14701 15145
14692 14694 14701
14693 14682 14694
14695 14696 14702
14696 14683 15056
14702 15076 14681
14702 14696 15068
14680 14702 14681
15067 15058 15083
15074 15064 15075
15050 15066 15059
14839 14845 14852
14840 14852 14983
14835 14834 14842
14842 14834 14851
14842 14850 14839
14839 14850 14844
14852 14984 14983
14985 14804 14805
14812 14985 14805
14983 14985 14812
14802 15183 14803
15184 15185 14809
15185 14976 14821
14803 15184 14809
14803 15183 15184
14756 14737 15186
14737 14996 15186
15187 14791 14975
14981 14980 15188
15188 14980 14792
14790 14792 14980
14797 14796 14817
14794 14793 14796
14793 14795 15189
14801 14818 14815
14797 14818 14801
15190 14982 14799
14982 15191 14806
14799 14806 14800
14799 14837 15190
14838 14798 14849
14848 14798 14816
14792 14791 15187
15192 15193 14795
15192 14795 14814
15194 15195 14795
15194 14795 15193
14795 15196 15189
14795 15195 15196
14814 14981 15192
15197 14807 15191
14806 15191 14807
15197 15198 14974
14725 14713 14978
14721 14726 14722
14722 14726 15199
14846 14832 14987
14986 14832 14722
14986 14722 15199
14835 14847 15200
14847 14846 14987
14836 14835 15200
15201 14974 15198
14885 14864 14902
14978 15202 15203
14977 14976 15204
15205 14990 14989
14997 14719 14718
14720 14719 15004
14724 14718 14720
14715 14717 14724
14829 14724 14723
14885 14902 15206
15206 14893 14892
15207 15003 15002
15207 15002 15208
14995 14998 14889
14995 14889 14888
15209 15207 15208
14890 14893 14891
14862 14865 14868
14862 14868 14863
14714 14713 14721
14714 14721 14979
14895 14863 14868
15043 15173 15006
15082 15173 15043
15050 15061 15082
14974 15201 15210
15211 15212 15210
14712 15202 14978
15206 14902 14893
14876 14880 14877
15211 15210 15201
14855 14856 14870
14940 14753 14752
14940 14752 14941
14672 14658 14911
14755 14753 14940
14752 14758 14941
14752 14759 14758
14670 14672 14911
14672 14671 14711
15213 15214 15215
15213 15215 15216
15217 15218 15219
15217 15219 15220
15221 15219 15218
15221 15218 15222
15223 15224 15225
15226 15227 15228
15229 15230 15231
15229 15231 15232
15233 15234 15235
15236 15237 15238
15237 15239 15240
15241 15242 15236
15243 15244 15245
15229 15232 15246
15247 15248 15249
15247 15249 15250
15251 15252 15253
15251 15253 15254
15247 15255 15256
15247 15256 15248
15257 15258 15259
15260 15261 15250
15260 15250 15249
15262 15263 15264
15265 15266 15267
15265 15267 15257
15268 15269 15270
15271 15272 15250
15273 15274 15275
15276 15277 15278
15276 15278 15279
15280 15281 15282
15258 15257 15283
15279 15284 15276
15267 15285 15286
15278 15287 15288
15278 15288 15279
15289 15290 15291
15292 15293 15294
15295 15296 15297
15298 15299 15300
15300 15299 15301
15302 15303 15304
15305 15299 15298
15306 15275 15256
15306 15256 15255
15307 15306 15255
15307 15255 15264
15243 15308 15244
15309 15310 15311
15312 15313 15314
15312 15314 15315
15224 15223 15316
15293 15317 15318
15319 15320 15321
15319 15321 15322
15323 15324 15325
15323 15325 15326
15327 15328 15329
15327 15329 15330
15331 15332 15333
15331 15333 15334
15335 15336 15337
15335 15337 15338
15339 15340 15336
15339 15336 15335
15341 15342 15343
15341 15343 15344
15345 15346 15347
15345 15347 15348
15347 15349 15350
15347 15350 15348
15349 15351 15352
15349 15352 15350
15353 15354 15355
15353 15355 15356
15357 15358 15354
15357 15354 15353
15359 15360 15358
15359 15358 15357
15361 15362 15363
15361 15363 15364
15365 15366 15367
15365 15367 15368
15369 15370 15371
15369 15371 15372
15370 15373 15374
15370 15374 15371
15375 15376 15377
15378 15379 15377
15378 15377 15380
15381 15382 15383
15381 15383 15384
15385 15386 15382
15385 15382 15381
15387 15388 15389
15390 15389 15391
15392 15393 15394
15392 15394 15395
15396 15397 15398
15396 15398 15399
15397 15400 15401
15397 15401 15398
15402 15403 15404
15405 15406 15407
15405 15407 15408
15409 15410 15411
15409 15411 15412
15413 15414 15415
15413 15415 15416
15417 15418 15415
15417 15415 15414
15419 15420 15421
15419 15421 15422
15420 15423 15424
15420 15424 15421
15424 15423 15425
15425 15426 15427
15428 15429 15427
15428 15427 15430
15431 15432 15433
15431 15433 15434
15435 15436 15437
15435 15437 15438
15439 15440 15441
15441 15442 15443
15444 15445 15446
15447 15446 15448
15449 15448 15450
15451 15452 15453
15451 15453 15454
15455 15456 15457
15455 15457 15458
15459 15460 15461
15459 15461 15462
15463 15464 15465
15463 15465 15466
15467 15320 15319
15467 15319 15468
15469 15470 15471
15469 15471 15472
15470 15473 15474
15470 15474 15471
15475 15476 15474
15475 15474 15473
15476 15475 15477
15476 15477 15478
15479 15480 15481
15479 15481 15482
15483 15484 15485
15483 15485 15486
15486 15485 15487
15486 15487 15488
15489 15490 15491
15489 15491 15492
15490 15489 15493
15490 15493 15494
15495 15496 15497
15495 15497 15498
15394 15499 15500
15394 15500 15395
15501 15502 15503
15504 15505 15506
15225 15507 15502
15508 15509 15322
15508 15322 15321
15273 15306 15307
15273 15307 15510
15511 15512 15513
15511 15513 15514
15245 15515 15516
15352 15351 15517
15352 15517 15518
15519 15445 15444
15519 15444 15443
15520 15521 15283
15520 15283 15286
15286 15285 15520
15522 15369 15372
15522 15372 15523
15481 15480 15524
15481 15524 15525
15291 15520 15285
15290 15526 15521
15290 15521 15520
15366 15522 15523
15366 15523 15367
15524 15484 15483
15524 15483 15525
15526 15290 15527
15526 15527 15528
15529 15527 15290
15529 15290 15289
15530 15365 15368
15530 15368 15531
15528 15527 15278
15528 15278 15277
15527 15529 15287
15527 15287 15278
15530 15531 15362
15530 15362 15361
15488 15487 15492
15488 15492 15491
15532 15284 15280
15288 15284 15279
15270 15533 15511
15534 15535 15495
15534 15495 15498
15281 15253 15252
15281 15252 15282
15512 15281 15280
15494 15493 15535
15494 15535 15534
15261 15260 15251
15261 15251 15254
15269 15271 15250
15269 15250 15261
15247 15272 15262
15429 15428 15434
15429 15434 15433
15536 15537 15432
15536 15432 15431
15496 15469 15472
15496 15472 15497
15538 15539 15438
15300 15301 15302
15384 15383 15379
15384 15379 15378
15417 15419 15422
15417 15422 15418
15317 15540 15541
15400 15542 15543
15400 15543 15401
15403 15405 15408
15292 15544 15545
15546 15396 15399
15546 15399 15547
15406 15548 15549
15406 15549 15407
15504 15550 15505
15514 15513 15550
15514 15550 15240
15360 15359 15551
15360 15551 15552
15505 15512 15280
15553 15554 15364
15553 15364 15363
15555 15280 15284
15513 15512 15505
15268 15270 15556
15538 15537 15536
15538 15536 15539
15556 15270 15511
15303 15557 15558
15266 15265 15559
15376 15560 15561
15562 15264 15263
15516 15242 15241
15356 15355 15518
15356 15518 15517
15563 15564 15565
15563 15565 15566
15567 15393 15392
15567 15392 15568
15569 15570 15571
15569 15571 15572
15235 15234 15314
15573 15574 15312
15344 15575 15576
15344 15576 15341
15455 15458 15452
15455 15452 15451
15456 15577 15578
15456 15578 15457
15246 15233 15235
15340 15339 15576
15577 15459 15462
15577 15462 15578
15311 15579 15573
15390 15391 15580
15564 15563 15581
15582 15572 15571
15582 15571 15583
15584 15567 15568
15584 15568 15580
15566 15585 15586
15412 15411 15570
15412 15570 15569
15436 15440 15439
15436 15439 15437
15506 15280 15555
15552 15551 15554
15552 15554 15553
15587 15588 15500
15587 15500 15499
15545 15589 15590
15587 15546 15547
15587 15547 15588
15316 15223 15226
15334 15333 15328
15334 15328 15327
15324 15323 15330
15324 15330 15329
15464 15467 15468
15464 15468 15465
15591 15592 15509
15591 15509 15508
15231 15230 15593
15231 15593 15594
15338 15337 15332
15338 15332 15331
15460 15463 15466
15460 15466 15461
15590 15595 15596
15597 15582 15583
15597 15583 15598
15599 15305 15600
15599 15600 15297
15385 15388 15387
15385 15387 15386
15413 15416 15410
15413 15410 15409
15504 15240 15550
15380 15376 15561
15377 15376 15380
15512 15511 15533
15514 15556 15511
15438 15539 15435
15555 15284 15288
15236 15238 15241
15310 15309 15243
15506 15505 15280
15225 15224 15507
15502 15507 15503
15316 15226 15228
15593 15227 15594
15314 15234 15315
15307 15557 15510
15562 15307 15264
15557 15307 15562
15292 15294 15544
15545 15544 15589
15590 15589 15595
15581 15596 15601
15566 15565 15585
15295 15586 15296
15297 15296 15599
15305 15298 15600
15246 15232 15233
15245 15244 15515
15516 15515 15242
15304 15303 15558
15300 15302 15304
15558 15557 15562
15262 15264 15255
15512 15533 15253
15533 15270 15254
15533 15254 15253
15512 15253 15281
15505 15550 15513
15514 15240 15239
15243 15309 15308
15265 15257 15259
15270 15269 15261
15425 15423 15426
15427 15426 15430
15443 15442 15519
15441 15440 15442
15444 15446 15447
15447 15448 15449
15450 15448 15602
15566 15586 15295
15580 15391 15584
15387 15389 15390
15228 15227 15593
15267 15286 15257
15291 15290 15520
15283 15257 15286
15273 15275 15306
15270 15261 15254
15247 15262 15255
15250 15272 15247
15276 15284 15532
15280 15282 15532
15548 15597 15598
15548 15598 15549
15590 15596 15581
15450 15602 15603
15450 15603 15604
15604 15603 15454
15604 15454 15453
15340 15576 15575
15605 15606 15607
15605 15607 15608
15605 15609 15606
15607 15610 15611
15607 15611 15608
15612 15613 15214
15612 15214 15213
15612 15217 15220
15612 15220 15613
15614 15346 15345
15614 15345 15615
15342 15614 15615
15342 15615 15343
15325 15616 15326
15501 15503 15617
15591 15618 15592
15619 15620 15402
15540 15621 15622
15542 15623 15543
15293 15318 15294
15402 15404 15619
15403 15408 15404
15573 15579 15574
15311 15310 15579
15312 15574 15313
15624 15625 15626
15627 15628 15629
15627 15629 15630
15631 15632 15625
15628 15632 15631
15628 15631 15629
15626 15633 15624
15632 15634 15625
15625 15634 15626
15635 15636 15637
15635 15637 15638
15638 15639 15635
15640 15641 15642
15643 15644 15645
15643 15645 15646
15647 15640 15648
15646 15649 15650
15651 15652 15653
15654 15655 15656
15638 15637 15657
15638 15657 15658
15639 15638 15658
15639 15658 15659
15640 15647 15660
15647 15653 15661
15641 15640 15662
15641 15662 15663
15664 15644 15643
15664 15643 15665
15643 15650 15666
15643 15666 15665
15650 15641 15663
15650 15663 15666
15656 15667 15668
15669 15656 15668
15669 15668 15670
15671 15672 15673
15673 15672 15674
15675 15672 15676
15674 15672 15677
15676 15672 15678
15679 15672 15680
15681 15672 15679
15678 15672 15681
15668 15682 15636
15668 15636 15635
15670 15668 15635
15670 15635 15652
15683 15684 15637
15683 15637 15636
15685 15686 15687
15684 15683 15688
15689 15690 15691
15692 15693 15694
15692 15694 15695
15689 15696 15690
15697 15695 15694
15695 15697 15698
15688 15699 15700
15701 15702 15703
15657 15637 15684
15657 15684 15704
15704 15684 15688
15705 15706 15689
15707 15688 15700
15708 15689 15691
15708 15691 15709
15694 15693 15710
15694 15710 15711
15712 15697 15694
15712 15694 15711
15709 15691 15697
15709 15697 15712
15703 15713 15667
15702 15714 15713
15714 15715 15716
15671 15717 15672
15717 15718 15672
15719 15720 15672
15718 15721 15672
15720 15722 15672
15723 15680 15672
15724 15723 15672
15722 15724 15672
15713 15683 15636
15713 15636 15682
15716 15699 15683
15716 15683 15713
15699 15716 15715
15699 15715 15725
15726 15727 15728
15726 15728 15729
15730 15686 15726
15730 15731 15686
15686 15732 15726
15686 15685 15732
15733 15687 15734
15687 15733 15685
15735 15736 15670
15736 15737 15669
15737 15738 15656
15642 15739 15648
15739 15735 15651
15648 15739 15651
15735 15670 15651
15651 15670 15652
15670 15736 15669
15737 15656 15669
15656 15738 15654
15627 15654 15738
15740 15667 15655
15740 15655 15741
15742 15743 15687
15744 15745 15729
15745 15746 15726
15729 15745 15726
15726 15746 15730
15740 15747 15667
15747 15701 15703
15731 15742 15687
15627 15748 15654
15749 15741 15655
15750 15751 15734
15630 15751 15752
15630 15752 15627
15627 15752 15748
15750 15749 15752
15749 15655 15654
15743 15750 15687
15750 15752 15751
15753 15754 15755
15753 15755 15756
15754 15757 15758
15759 15753 15756
15759 15756 15760
15759 15760 15761
15762 15763 15764
15762 15764 15765
15762 15766 15767
15762 15767 15763
15765 15764 15768
15765 15768 15769
15770 15771 15772
15770 15772 15773
15763 15767 15757
15763 15757 15754
15763 15754 15753
15763 15753 15764
15764 15753 15759
15764 15759 15768
15772 15771 15774
15774 15775 15772
15767 15776 15757
15767 15777 15776
15767 15778 15777
15778 15767 15766
15778 15766 15779
15768 15759 15780
15768 15780 15771
15769 15768 15771
15769 15771 15770
15650 15643 15646
15771 15780 15774
15726 15732 15727
15691 15690 15698
15650 15649 15641
15698 15697 15691
15754 15758 15755
15759 15761 15780
15702 15713 15703
15713 15714 15716
15696 15725 15715
15501 15617 15781
15750 15734 15687
15696 15689 15706
14974 15210 14975
15197 14974 14807
14974 14791 14807
15731 15687 15686
15317 15541 15318
15540 15622 15541
15782 15700 15706
15700 15725 15706
15700 15699 15725
15688 15683 15699
15672 15721 15719
15661 15653 15659
15651 15653 15647
15653 15652 15639
15677 15672 15675
15564 15581 15601
15747 15703 15667
15667 15713 15682
15668 15667 15682
15656 15655 15667
15782 15706 15705
15707 15700 15782
15704 15688 15707
15705 15689 15708
15647 15648 15651
15640 15660 15662
15647 15661 15660
15635 15639 15652
15640 15642 15648
15642 15641 15649
15696 15706 15725
15659 15653 15639
15237 15240 15238
15783 15784 15785
15786 15784 15783
15787 15784 15786
15788 15784 15787
15789 15784 15788
15790 15784 15791
15792 15784 15790
15793 15784 15794
15795 15784 15793
15796 15784 15797
15798 15784 15789
15791 15784 15798
15794 15784 15792
15797 15784 15799
15799 15784 15795
15785 15784 15796
15185 14821 14809
14819 14821 14977
14803 14811 14728
14822 14736 14735
14820 14809 14821
15800 15801 15802
15800 15802 15803
15804 15803 15802
15804 15802 15805
15806 15807 15808
15806 15808 15809
15810 15811 15812
15813 15814 15815
15813 15815 15816
15817 15818 15813
15817 15813 15816
15810 15819 15818
15820 15810 15821
15822 15823 15806
15822 15806 15809
15824 15825 15823
15824 15823 15822
15801 15800 15825
15801 15825 15824
15826 15804 15805
15826 15805 15827
15828 15829 15826
15828 15826 15827
15830 15831 15829
15830 15829 15828
15832 15833 15831
15832 15831 15830
15808 15807 15833
15808 15833 15832
15820 15819 15810
15821 15810 15812
15810 15817 15811
15810 15818 15817
15834 15835 15836
15834 15836 15837
15838 15839 15836
15838 15836 15835
15840 15841 15842
15840 15842 15843
15844 15845 15846
15847 15848 15849
15847 15849 15850
15851 15848 15847
15851 15847 15852
15844 15852 15853
15854 15855 15844
15856 15841 15840
15856 15840 15857
15858 15856 15857
15858 15857 15859
15837 15858 15859
15837 15859 15834
15860 15861 15839
15860 15839 15838
15862 15861 15860
15862 15860 15863
15864 15862 15863
15864 15863 15865
15866 15864 15865
15866 15865 15867
15842 15866 15867
15842 15867 15843
15854 15844 15853
15855 15845 15844
15844 15846 15851
15844 15851 15852
15868 15869 15870
15868 15870 15871
15872 15871 15870
15872 15870 15873
15874 15875 15876
15874 15876 15877
15878 15879 15880
15881 15882 15883
15881 15883 15884
15885 15886 15881
15885 15881 15884
15878 15887 15886
15888 15878 15889
15890 15891 15874
15890 15874 15877
15892 15893 15891
15892 15891 15890
15869 15868 15893
15869 15893 15892
15894 15872 15873
15894 15873 15895
15896 15897 15894
15896 15894 15895
15898 15899 15897
15898 15897 15896
15900 15901 15899
15900 15899 15898
15902 15875 15901
15902 15901 15900
15888 15887 15878
15889 15878 15880
15878 15885 15879
15878 15886 15885
15903 15904 15905
15903 15905 15906
15907 15908 15905
15907 15905 15904
15909 15910 15911
15909 15911 15912
15913 15914 15915
15916 15917 15918
15916 15918 15919
15920 15917 15916
15920 15916 15921
15913 15921 15922
15923 15924 15913
15925 15910 15909
15925 15909 15926
15927 15925 15926
15927 15926 15928
15906 15927 15928
15906 15928 15903
15929 15930 15908
15929 15908 15907
15931 15930 15929
15931 15929 15932
15933 15931 15932
15933 15932 15934
15935 15933 15934
15935 15934 15936
15937 15935 15936
15937 15936 15912
15923 15913 15922
15924 15914 15913
15913 15915 15938
15913 15938 15921
15939 15940 15941
15942 15940 15943
15943 15940 15944
15940 15945 15944
15946 15947 15940
15939 15946 15940
15941 15940 15942
15940 15947 15945
15948 15949 15950
15948 15950 15951
15952 15949 15948
15952 15948 15953
15954 15952 15953
15954 15953 15955
15956 15954 15955
15956 15955 15957
15958 15959 15960
15958 15960 15961
15958 15961 15962
15958 15962 15963
15964 15965 15966
15964 15966 15967
15968 15969 15970
15967 15966 15971
15967 15971 15972
15973 15960 15959
15961 15960 15974
15961 15974 15975
15975 15976 15962
15975 15962 15961
15965 15977 15978
15965 15978 15966
15966 15978 15979
15966 15979 15971
15980 15969 15968
15974 15960 15973
15962 15976 15977
15962 15977 15965
15963 15962 15965
15963 15965 15964
15981 15982 15970
15981 15970 15969
15983 15981 15969
15983 15969 15980
15951 15950 15984
15951 15984 15985
15986 15987 15988
15986 15988 15989
15990 15985 15984
15991 15986 15989
15992 15993 15994
15992 15994 15995
15996 15997 15992
15996 15992 15995
15998 15999 15997
15998 15997 15996
16000 16001 15999
16000 15999 15998
16002 16003 16004
16002 16004 16005
16002 16006 16007
16002 16007 16003
16008 16009 16010
16008 16010 16011
16012 16013 16014
16009 16015 16016
16009 16016 16010
16017 16005 16004
16003 16018 16019
16003 16019 16004
16018 16003 16007
16018 16007 16020
16011 16010 16021
16011 16021 16022
16010 16016 16023
16010 16023 16021
16024 16012 16014
16019 16017 16004
16007 16011 16022
16007 16022 16020
16006 16008 16011
16006 16011 16007
16025 16014 16013
16025 16013 16026
16027 16024 16014
16027 16014 16025
15993 16028 16029
15993 16029 15994
16030 16031 16032
16030 16032 16033
16034 16029 16028
16035 16031 16030
16036 16037 16038
16036 16038 16039
16040 16041 16038
16040 16038 16037
16042 16043 16044
16042 16044 16045
16046 16047 16048
16049 16050 16051
16049 16051 16052
16053 16050 16049
16053 16049 16054
16046 16054 16055
16056 16057 16046
16058 16043 16042
16058 16042 16059
16060 16058 16059
16060 16059 16061
16039 16060 16061
16039 16061 16036
16062 16063 16041
16062 16041 16040
16064 16063 16062
16064 16062 16065
16066 16064 16065
16066 16065 16067
16068 16066 16067
16068 16067 16069
16044 16068 16069
16044 16069 16045
16056 16046 16055
16057 16047 16046
16046 16048 16053
16046 16053 16054
16070 16071 16072
16070 16072 16073
16074 16073 16072
16074 16072 16075
16076 16077 16078
16076 16078 16079
16080 16081 16082
16083 16084 16085
16083 16085 16086
16087 16088 16083
16087 16083 16086
16080 16089 16088
16090 16080 16091
16092 16093 16076
16092 16076 16079
16094 16095 16093
16094 16093 16092
16071 16070 16095
16071 16095 16094
16096 16074 16075
16096 16075 16097
16098 16099 16096
16098 16096 16097
16100 16101 16099
16100 16099 16098
16102 16103 16101
16102 16101 16100
16078 16077 16103
16078 16103 16102
16090 16089 16080
16091 16080 16082
16080 16087 16081
16080 16088 16087
16104 16105 16106
16104 16106 16107
16108 16109 16106
16108 16106 16105
16110 16111 16112
16110 16112 16113
16114 16115 16116
16117 16118 16119
16117 16119 16120
16121 16122 16123
16121 16123 16124
16125 16124 16126
16127 16128 16114
16129 16111 16110
16129 16110 16130
16131 16129 16130
16131 16130 16132
16107 16131 16132
16107 16132 16104
16133 16134 16109
16133 16109 16108
16135 16134 16133
16135 16133 16136
16137 16135 16136
16137 16136 16138
16139 16137 16138
16139 16138 16140
16112 16139 16140
16112 16140 16113
16127 16114 16141
16128 16115 16114
16114 16116 16142
16114 16142 16143
16144 16145 16146
16144 16146 16147
16148 16149 16150
16148 16150 16151
16152 16153 16154
16152 16154 16155
16147 16146 16156
16147 16156 16157
16155 16154 16158
16155 16158 16159
16157 16156 16160
16157 16160 16161
16162 16163 16153
16162 16153 16152
16161 16160 16164
16161 16164 16165
16166 16167 16163
16166 16163 16162
16168 16169 16170
16168 16170 16171
16172 16148 16151
16172 16151 16173
16174 16175 16176
16174 16176 16177
16178 16179 16180
16178 16180 16181
16179 16182 16183
16179 16183 16180
16174 16184 16185
16174 16185 16175
16183 16182 16177
16183 16177 16176
16186 16187 16188
16186 16188 16189
16190 16191 16192
16179 16178 16193
16179 16193 16194
16182 16179 16194
16182 16194 16195
16195 16177 16182
16174 16177 16196
16184 16174 16196
16184 16196 16197
16198 16199 16200
16198 16200 16201
16199 16198 16202
16199 16202 16203
16204 16205 16206
16204 16206 16207
16207 16206 16208
16207 16208 16209
16209 16208 16210
16210 16211 16212
16210 16212 16209
16212 16211 16213
16212 16213 16214
16215 16216 16217
16215 16217 16218
16219 16220 16221
16219 16221 16222
16223 16224 16225
16223 16225 16226
16227 16228 16167
16227 16167 16166
16165 16164 16229
16165 16229 16230
16184 16231 16232
16184 16232 16185
16231 16233 16234
16231 16234 16235
16231 16184 16197
16231 16197 16233
16232 16231 16235
16232 16235 16236
16214 16213 16237
16214 16237 16238
16192 16191 16239
16190 16192 16240
16235 16241 16242
16235 16242 16236
16241 16235 16234
16243 16244 16245
16243 16245 16246
16216 16247 16248
16216 16248 16217
16222 16221 16249
16222 16249 16250
16244 16243 16251
16244 16251 16249
16196 16177 16195
16252 16253 16254
16252 16254 16255
16256 16257 16258
16256 16258 16259
16260 16261 16262
16260 16262 16263
16253 16264 16265
16253 16265 16254
16261 16266 16267
16261 16267 16262
16264 16268 16269
16264 16269 16265
16270 16260 16263
16270 16263 16271
16268 16272 16273
16268 16273 16269
16274 16270 16271
16274 16271 16275
16276 16277 16278
16276 16278 16279
16280 16281 16257
16280 16257 16256
16282 16283 16284
16282 16284 16285
16286 16287 16288
16286 16288 16289
16289 16288 16290
16289 16290 16291
16282 16285 16292
16282 16292 16293
16290 16284 16283
16290 16283 16291
16294 16295 16296
16294 16296 16297
16298 16299 16300
16289 16301 16302
16289 16302 16286
16291 16303 16301
16291 16301 16289
16303 16291 16283
16282 16304 16283
16293 16305 16304
16293 16304 16282
16306 16307 16308
16306 16308 16309
16309 16310 16311
16309 16311 16306
16312 16313 16314
16312 16314 16315
16313 16316 16317
16313 16317 16314
16316 16318 16317
16318 16316 16319
16318 16319 16320
16319 16321 16322
16319 16322 16320
16323 16324 16325
16323 16325 16326
16327 16328 16329
16327 16329 16330
16331 16332 16333
16331 16333 16334
16335 16274 16275
16335 16275 16336
16272 16337 16338
16272 16338 16273
16293 16292 16339
16293 16339 16340
16340 16341 16342
16340 16342 16343
16340 16343 16305
16340 16305 16293
16339 16344 16341
16339 16341 16340
16321 16345 16346
16321 16346 16322
16299 16347 16300
16298 16348 16299
16341 16344 16349
16341 16349 16350
16350 16342 16341
16351 16334 16333
16351 16333 16352
16326 16325 16353
16326 16353 16354
16328 16355 16356
16328 16356 16329
16352 16356 16357
16352 16357 16351
16304 16303 16283
16358 16359 16360
16358 16360 16361
16362 16361 16360
16362 16360 16363
16364 16365 16366
16364 16366 16367
16368 16369 16370
16371 16372 16373
16371 16373 16374
16375 16376 16377
16375 16377 16378
16379 16380 16376
16381 16368 16382
16383 16384 16364
16383 16364 16367
16385 16386 16384
16385 16384 16383
16359 16358 16386
16359 16386 16385
16387 16362 16363
16387 16363 16388
16389 16390 16387
16389 16387 16388
16391 16392 16390
16391 16390 16389
16393 16394 16392
16393 16392 16391
16366 16365 16394
16366 16394 16393
16381 16395 16368
16382 16368 16370
16368 16396 16369
16368 16397 16396
16398 16399 16400
16401 16402 16400
16402 16403 16400
16400 16403 16404
16405 16400 16406
16398 16400 16405
16399 16401 16400
16400 16404 16406
16407 16408 16409
16407 16409 16410
16411 16412 16413
16411 16413 16414
16415 16416 16410
16415 16410 16409
16408 16407 16417
16408 16417 16418
16419 16420 16421
16419 16421 16422
16423 16424 16425
16423 16425 16426
16427 16419 16422
16427 16422 16425
16428 16429 16430
16428 16430 16431
16432 16433 16434
16432 16434 16435
16436 16437 16438
16436 16438 16439
16440 16441 16442
16440 16442 16443
16444 16445 16446
16444 16446 16447
16441 16436 16448
16441 16448 16449
16434 16445 16444
16434 16444 16435
16438 16437 16450
16438 16450 16451
16452 16433 16432
16452 16432 16453
16454 16455 16456
16454 16456 16457
16458 16459 16460
16458 16460 16461
16461 16460 16457
16461 16457 16456
16455 16454 16462
16455 16462 16463
16464 16465 16466
16464 16466 16467
16468 16469 16470
16468 16470 16471
16469 16464 16467
16469 16467 16472
16473 16474 16475
16473 16475 16476
16477 16478 16479
16477 16479 16480
16481 16482 16483
16481 16483 16484
16485 16486 16487
16485 16487 16488
16489 16490 16491
16489 16491 16492
16493 16481 16484
16493 16484 16487
16479 16490 16489
16479 16489 16480
16483 16482 16494
16483 16494 16495
16496 16478 16477
16496 16477 16497
16498 16499 16500
16498 16500 16501
16502 16503 16504
16502 16504 16505
16505 16504 16501
16505 16501 16500
16499 16498 16506
16499 16506 16507
16508 16509 16510
16508 16510 16511
16512 16513 16514
16512 16514 16515
16516 16508 16511
16516 16511 16517
16518 16519 16520
16518 16520 16521
16522 16523 16524
16522 16524 16525
16526 16527 16528
16526 16528 16529
16530 16531 16532
16530 16532 16533
16534 16535 16536
16534 16536 16537
16538 16526 16529
16538 16529 16532
16524 16535 16534
16524 16534 16525
16528 16527 16539
16528 16539 16540
16541 16523 16522
16541 16522 16542
16543 16544 16545
16543 16545 16546
16547 16548 16549
16547 16549 16550
16551 16552 16546
16551 16546 16545
16553 16554 16555
16553 16555 16556
16557 16558 16559
16557 16559 16560
16561 16562 16563
16561 16563 16564
16562 16557 16560
16562 16560 16563
16558 16565 16566
16558 16566 16559
16567 16568 16569
16567 16569 16570
16571 16572 16573
16571 16573 16574
16575 16576 16577
16575 16577 16578
16579 16580 16581
16579 16581 16582
16576 16571 16574
16576 16574 16577
16569 16580 16579
16569 16579 16570
16583 16584 16585
16583 16585 16586
16587 16568 16567
16587 16567 16588
16589 16590 16591
16589 16591 16592
16593 16594 16595
16593 16595 16596
16596 16595 16592
16596 16592 16591
16597 16598 16599
16597 16599 16600
16601 16602 16603
16601 16603 16604
16605 16606 16607
16605 16607 16608
16606 16601 16604
16606 16604 16607
16602 16609 16610
16602 16610 16603
16611 16612 16613
16611 16613 16614
16615 16616 16617
16615 16617 16618
16619 16620 16621
16619 16621 16622
16623 16624 16625
16623 16625 16626
16620 16615 16618
16620 16618 16621
16627 16624 16628
16627 16628 16629
16617 16616 16630
16617 16630 16631
16632 16612 16611
16632 16611 16633
16634 16635 16636
16634 16636 16637
16638 16639 16640
16638 16640 16641
16641 16640 16642
16641 16642 16643
16635 16634 16644
16635 16644 16645
16646 16647 16648
16646 16648 16649
16650 16651 16652
16650 16652 16653
16651 16646 16649
16651 16649 16652
16647 16654 16655
16647 16655 16648
16656 16657 16658
16656 16658 16659
16660 16661 16662
16660 16662 16663
16664 16665 16666
16664 16666 16667
16668 16669 16670
16668 16670 16671
16665 16660 16663
16665 16663 16666
16672 16673 16674
16672 16674 16675
16662 16661 16676
16662 16676 16677
16678 16657 16656
16678 16656 16679
16680 16681 16682
16680 16682 16683
16684 16685 16686
16684 16686 16687
16687 16686 16683
16687 16683 16682
16681 16688 16689
16681 16689 16690
16691 16692 16693
16691 16693 16694
16695 16696 16697
16695 16697 16698
16699 16691 16694
16699 16694 16700
16701 16702 16703
16701 16703 16704
16705 16706 16707
16705 16707 16708
16709 16710 16711
16709 16711 16712
16713 16714 16715
16713 16715 16716
16717 16718 16719
16717 16719 16720
16714 16709 16712
16714 16712 16715
16707 16718 16717
16707 16717 16708
16711 16710 16721
16711 16721 16722
16723 16706 16705
16723 16705 16724
16725 16726 16727
16728 16727 16729
16728 16729 16730
16731 16732 16728
16731 16728 16730
16733 16732 16731
16733 16731 16734
16735 16736 16733
16735 16733 16734
16735 16737 16738
16735 16738 16736
16739 16725 16738
16739 16738 16737
16739 16740 16726
16739 16726 16725
16729 16727 16726
16729 16726 16740
16741 16742 16743
16744 16745 16746
16747 16746 16748
16747 16748 16749
16750 16751 16747
16750 16747 16749
16752 16751 16750
16752 16750 16753
16754 16755 16752
16754 16752 16753
16754 16756 16757
16754 16757 16755
16758 16744 16757
16758 16757 16756
16758 16759 16745
16758 16745 16744
16748 16746 16745
16748 16745 16759
16760 16761 16762
16763 16764 16765
16766 16765 16767
16766 16767 16768
16769 16770 16766
16769 16766 16768
16771 16770 16769
16771 16769 16772
16773 16774 16771
16773 16771 16772
16773 16775 16776
16773 16776 16774
16777 16763 16776
16777 16776 16775
16777 16778 16764
16777 16764 16763
16767 16765 16764
16767 16764 16778
16779 16780 16781
16782 16783 16784
16785 16784 16786
16785 16786 16787
16788 16789 16785
16788 16785 16787
16790 16789 16788
16790 16788 16791
16792 16793 16790
16792 16790 16791
16792 16794 16795
16792 16795 16793
16796 16782 16795
16796 16795 16794
16796 16797 16783
16796 16783 16782
16786 16784 16783
16786 16783 16797
16798 16799 16800
16801 16802 16803
16804 16803 16805
16804 16805 16806
16807 16808 16804
16807 16804 16806
16809 16808 16807
16809 16807 16810
16811 16812 16809
16811 16809 16810
16811 16813 16814
16811 16814 16812
16815 16801 16814
16815 16814 16813
16815 16816 16802
16815 16802 16801
16805 16803 16802
16805 16802 16816
16817 16818 16819
16820 16821 16822
16823 16822 16824
16823 16824 16825
16826 16827 16823
16826 16823 16825
16828 16827 16826
16828 16826 16829
16830 16831 16828
16830 16828 16829
16830 16832 16833
16830 16833 16831
16834 16820 16833
16834 16833 16832
16834 16835 16821
16834 16821 16820
16824 16822 16821
16824 16821 16835
16836 16837 16838
16782 16793 16795
16793 16789 16790
16789 16784 16785
16793 16784 16789
16782 16784 16793
16798 16839 16840
16841 16842 16843
16844 16800 16845
16839 16800 16844
16798 16800 16839
16763 16774 16776
16774 16770 16771
16770 16765 16766
16774 16765 16770
16763 16765 16774
16779 16846 16847
16848 16849 16850
16851 16781 16852
16846 16781 16851
16779 16781 16846
16744 16755 16757
16755 16751 16752
16751 16746 16747
16755 16746 16751
16744 16746 16755
16760 16853 16854
16853 16855 16856
16855 16762 16857
16853 16762 16855
16858 16859 16860
16725 16736 16738
16736 16732 16733
16732 16727 16728
16736 16727 16732
16725 16727 16736
16741 16861 16862
16861 16863 16864
16863 16743 16865
16861 16743 16863
16741 16743 16861
16820 16831 16833
16831 16827 16828
16827 16822 16823
16831 16822 16827
16820 16822 16831
16836 16866 16867
16866 16868 16869
16868 16838 16870
16866 16838 16868
16836 16838 16866
16801 16812 16814
16812 16808 16809
16808 16803 16804
16812 16803 16808
16801 16803 16812
16817 16871 16872
16871 16873 16874
16873 16819 16875
16876 16877 16873
16878 16877 16876
16879 16880 16881
16882 16881 16883
16882 16883 16884
16885 16886 16882
16885 16882 16884
16887 16886 16885
16887 16885 16888
16889 16890 16887
16889 16887 16888
16889 16891 16892
16889 16892 16890
16893 16879 16892
16893 16892 16891
16893 16894 16880
16893 16880 16879
16883 16881 16880
16883 16880 16894
16895 16896 16897
16879 16890 16892
16890 16886 16887
16886 16881 16882
16890 16881 16886
16879 16881 16890
16895 16898 16899
16898 16900 16901
16900 16897 16902
16898 16903 16904
16895 16897 16898
16905 16906 16907
16905 16907 16908
16909 16910 16911
16909 16911 16912
16908 16907 16910
16908 16910 16909
16912 16911 16913
16912 16913 16914
16915 16916 16917
16915 16917 16918
16919 16920 16921
16919 16921 16922
16918 16917 16920
16918 16920 16919
16921 16923 16924
16921 16924 16925
16926 16927 16928
16926 16928 16929
16929 16928 16930
16929 16930 16931
16930 16932 16933
16930 16933 16931
16934 16935 16936
16934 16936 16937
16938 16939 16940
16938 16940 16941
16942 16943 16944
16942 16944 16945
16941 16940 16943
16941 16943 16942
16945 16944 16946
16945 16946 16947
16948 16949 16950
16948 16950 16951
16952 16953 16954
16952 16954 16955
16951 16950 16953
16951 16953 16952
16955 16956 16957
16955 16957 16958
16959 16960 16961
16959 16961 16962
16963 16964 16965
16963 16965 16966
16965 16960 16959
16965 16959 16966
16967 16968 16969
16967 16969 16970
16971 16972 16973
16971 16973 16974
16975 16976 16977
16975 16977 16978
16974 16973 16976
16974 16976 16975
16978 16977 16979
16978 16979 16980
16981 16982 16983
16981 16983 16984
16985 16986 16987
16985 16987 16988
16984 16983 16986
16984 16986 16985
16989 16987 16990
16989 16990 16991
16992 16993 16994
16992 16994 16995
16995 16994 16996
16995 16996 16997
16997 16996 16998
16997 16998 16999
16999 16998 17000
16999 17000 17001
17002 17003 17004
17005 17006 17007
17005 17007 17008
17009 17008 17007
17009 17007 17010
17009 17010 17011
17009 17011 17012
17013 17012 17011
17013 17011 17002
17013 17002 17004
17013 17004 17014
17004 17003 17015
17004 17015 17014
17015 17016 17017
17015 17017 17018
17019 17006 17005
17019 17005 17020
17021 17022 17023
17024 17025 17026
17024 17026 17027
17028 17027 17026
17028 17026 17029
17028 17029 17030
17028 17030 17031
17032 17031 17030
17032 17030 17021
17032 17021 17023
17032 17023 17033
17023 17022 17034
17023 17034 17033
17034 17022 17035
17034 17035 17036
17035 17025 17024
17035 17024 17036
17037 17038 17039
17040 17041 17042
17040 17042 17043
17044 17043 17042
17044 17042 17045
17044 17045 17046
17044 17046 17047
17048 17047 17046
17048 17046 17037
17048 17037 17039
17048 17039 17049
17039 17038 17050
17039 17050 17049
17050 17038 17051
17050 17051 17052
17051 17041 17040
17051 17040 17052
17037 17046 17045
17045 17042 17041
17041 17051 17038
17045 17041 17038
17037 17045 17038
17021 17030 17029
17029 17026 17025
17025 17035 17022
17029 17025 17022
17021 17029 17022
17002 17011 17010
17010 17007 17006
17006 17019 17003
17010 17006 17003
17002 17010 17003
17053 17054 17055
17056 17057 17058
17059 17060 17061
17062 17063 17061
17060 17064 17061
17060 17065 17064
17064 17066 17062
17064 17062 17061
17067 17068 17058
17057 17069 17070
17057 17070 17058
17070 17071 17067
17070 17067 17058
17072 17073 17074
17054 17075 17076
17054 17076 17055
17076 17077 17072
17076 17072 17055
17078 17079 17080
17078 17080 17081
17082 17083 17084
17082 17084 17085
17079 17082 17085
17079 17085 17080
17083 17086 17087
17083 17087 17084
17088 17089 17090
17088 17090 17091
17092 17093 17094
17092 17094 17095
17089 17092 17095
17089 17095 17090
17094 17096 17097
17094 17097 17098
17099 17100 17101
17099 17101 17102
17100 17103 17104
17100 17104 17101
17104 17103 17105
17104 17105 17106
17107 17108 17109
17107 17109 17110
17111 17112 17113
17111 17113 17114
17115 17116 17117
17115 17117 17118
17112 17115 17118
17112 17118 17113
17116 17119 17120
17116 17120 17117
17121 17122 17123
17121 17123 17124
17125 17126 17127
17125 17127 17128
17129 17125 17128
17129 17128 17130
17126 17131 17132
17126 17132 17133
17134 17135 17136
17134 17136 17137
17138 17139 17140
17138 17140 17141
17140 17139 17134
17140 17134 17137
17142 17143 17144
17142 17144 17145
17146 17147 17148
17146 17148 17149
17150 17151 17152
17150 17152 17153
17147 17150 17153
17147 17153 17148
17151 17154 17155
17151 17155 17152
17156 17157 17158
17156 17158 17159
17160 17161 17162
17160 17162 17163
17157 17160 17163
17157 17163 17158
17161 17164 17165
17161 17165 17162
17166 17167 17168
17166 17168 17169
17167 17170 17171
17167 17171 17168
17170 17172 17173
17170 17173 17174
17172 17175 17176
17172 17176 17173
17177 17178 17179
17180 17181 17182
17180 17182 17183
17184 17185 17182
17184 17182 17181
17184 17186 17187
17184 17187 17185
17188 17177 17187
17188 17187 17186
17188 17189 17178
17188 17178 17177
17178 17189 17190
17178 17190 17179
17190 17191 17192
17190 17192 17193
17194 17195 17180
17194 17180 17183
17196 17197 17198
17199 17200 17201
17199 17201 17202
17203 17204 17201
17203 17201 17200
17203 17205 17206
17203 17206 17204
17207 17196 17206
17207 17206 17205
17207 17208 17197
17207 17197 17196
17197 17208 17209
17197 17209 17198
17209 17210 17211
17209 17211 17198
17211 17210 17199
17211 17199 17202
17212 17213 17214
17215 17216 17217
17215 17217 17218
17219 17220 17217
17219 17217 17216
17219 17221 17222
17219 17222 17220
17223 17212 17222
17223 17222 17221
17223 17224 17213
17223 17213 17212
17213 17224 17225
17213 17225 17214
17225 17226 17227
17225 17227 17214
17227 17226 17215
17227 17215 17218
17212 17220 17222
17220 17218 17217
17218 17214 17227
17220 17214 17218
17212 17214 17220
17196 17204 17206
17204 17202 17201
17202 17198 17211
17204 17198 17202
17196 17198 17204
17177 17185 17187
17185 17183 17182
17183 17179 17194
17185 17179 17183
17177 17179 17185
17228 17229 17230
17231 17232 17233
17234 17235 17236
17237 17235 17238
17236 17235 17239
17236 17239 17240
17239 17237 17241
17239 17235 17237
17242 17232 17243
17233 17244 17245
17233 17232 17244
17244 17242 17246
17244 17232 17242
17247 17248 17249
17230 17250 17251
17230 17229 17250
17250 17247 17252
17250 17229 17247
2134 2133 17253
2134 17253 17254
2087 2063 2066
2087 2066 2088
2121 2095 2094
2121 2094 2122
2175 2181 2184
2175 2184 2176
