byte offset: 0
first index: 0
index count: 39828
topology: trianglelist
format: DXGI_FORMAT_R16_UINT

0 1 2
3 4 5
3 5 6
7 8 9
7 9 10
11 12 13
11 13 14
15 16 17
15 17 18
16 19 20
16 20 17
8 7 21
8 21 22
17 20 23
24 25 3
26 27 22
26 22 21
28 29 30
28 30 31
28 32 33
28 33 29
34 35 36
19 16 11
16 15 12
16 12 11
4 35 37
38 39 40
37 41 5
37 5 4
32 42 43
28 42 32
7 10 38
21 38 26
28 31 42
44 39 42
20 25 24
4 3 25
9 45 43
9 43 10
6 46 24
6 24 3
47 48 49
47 49 0
27 26 50
27 50 51
46 52 23
46 23 24
52 18 17
52 17 23
41 37 34
41 34 53
48 51 50
48 50 49
45 33 32
45 32 43
19 14 54
38 43 42
38 10 43
50 38 49
36 53 34
30 55 31
37 35 34
36 35 56
44 42 31
31 55 44
0 2 47
38 50 26
38 40 0
38 0 49
7 38 21
42 39 38
0 40 1
4 25 35
20 24 23
14 13 54
19 11 14
57 58 59
60 61 62
60 62 63
64 65 66
64 66 67
68 69 70
68 70 71
72 73 74
72 74 75
76 77 73
76 73 72
78 66 65
78 65 79
72 80 76
81 60 82
83 78 79
83 79 84
85 86 87
85 87 88
87 86 89
87 89 90
91 92 93
77 70 73
69 74 73
69 73 70
63 94 93
95 96 97
94 63 62
94 62 98
90 99 100
87 90 100
66 95 67
78 83 95
87 100 88
101 100 97
76 81 82
63 82 60
99 102 64
99 64 67
61 60 81
61 81 103
104 57 105
104 105 106
84 107 108
84 108 83
103 81 80
103 80 109
72 75 109
72 109 80
98 110 91
98 91 94
106 105 108
106 108 107
90 89 102
90 102 99
77 111 71
95 100 99
95 99 67
108 105 95
92 91 110
85 88 112
94 91 93
92 113 93
101 88 100
88 101 112
57 104 58
95 83 108
95 57 96
95 105 57
66 78 95
100 95 97
57 59 96
63 93 82
76 80 81
71 111 68
77 71 70
114 115 116
114 116 117
118 119 120
118 120 121
122 123 118
122 118 121
124 125 126
124 126 127
128 124 127
128 127 129
130 131 132
130 132 133
134 135 136
134 136 137
138 139 140
138 140 141
142 143 144
142 144 145
146 147 148
146 148 149
150 151 152
150 152 153
139 147 146
139 146 140
137 136 154
137 154 155
156 157 158
156 158 159
160 161 162
160 162 163
164 155 154
164 154 165
166 167 168
166 168 169
170 171 172
170 172 173
174 173 172
174 172 175
176 177 178
176 178 179
177 176 180
177 180 181
182 183 184
182 184 185
186 187 188
186 188 189
190 191 192
190 192 193
194 195 196
194 196 197
198 199 200
198 200 201
202 203 204
202 204 205
198 201 191
198 191 190
187 206 207
187 207 188
208 209 210
208 210 211
212 213 214
212 214 215
216 217 207
216 207 206
218 219 220
218 220 221
222 223 224
222 224 225
226 225 224
226 224 227
228 229 223
228 223 222
230 231 149
230 149 148
231 230 232
231 232 233
234 235 236
234 236 237
236 235 233
236 233 232
238 164 165
238 165 239
240 238 239
240 239 241
242 243 244
242 244 245
246 245 244
246 244 247
248 249 250
248 250 251
249 226 227
249 227 250
220 234 237
220 237 221
241 229 228
241 228 240
252 253 254
252 254 255
256 257 258
256 258 259
256 259 260
256 260 261
257 262 263
257 263 258
264 200 199
264 199 265
265 266 267
265 267 264
268 269 270
268 270 271
266 271 270
266 270 267
217 216 272
217 272 273
274 275 273
274 273 272
276 277 278
276 278 279
278 277 280
278 280 281
282 283 284
282 284 285
261 260 283
261 283 282
269 268 255
269 255 254
275 274 263
275 263 262
286 287 288
286 288 289
290 291 292
290 292 293
294 295 296
294 296 297
298 299 300
298 300 301
302 303 304
302 304 305
306 307 308
306 308 309
310 311 276
310 276 279
300 302 305
300 305 301
312 313 314
312 314 315
309 308 311
309 311 310
316 317 318
316 318 319
320 321 322
320 322 323
314 313 307
314 307 306
324 325 326
324 326 327
328 329 330
328 330 331
332 333 334
332 334 335
336 337 338
336 338 339
340 341 342
340 342 343
344 345 346
344 346 347
348 349 350
348 350 351
352 353 354
352 354 355
356 357 358
356 358 359
360 361 362
360 362 363
364 365 366
364 366 367
368 369 370
368 370 371
372 373 291
372 291 290
293 292 295
293 295 294
303 374 375
303 375 304
376 377 378
376 378 379
380 381 382
380 382 383
384 385 373
384 373 372
386 387 388
386 388 389
390 391 392
390 392 393
394 385 384
394 384 395
396 397 398
396 398 399
319 318 400
319 400 401
402 403 404
402 404 405
401 400 345
401 345 344
342 406 407
342 407 343
408 409 410
408 410 411
412 413 409
412 409 408
414 415 416
414 416 417
414 418 419
414 419 415
420 421 422
420 422 423
424 425 426
424 426 427
420 423 428
420 428 429
417 416 430
417 430 431
432 433 413
432 413 412
434 435 436
434 436 437
288 287 433
288 433 432
431 430 299
431 299 298
438 337 336
438 336 439
388 387 440
388 440 441
326 325 333
326 333 332
437 436 442
437 442 443
378 377 435
378 435 434
393 392 444
393 444 445
446 447 285
446 285 284
448 449 450
448 450 451
451 450 452
451 452 453
454 455 456
454 456 457
458 459 460
458 460 461
462 463 464
462 464 465
466 467 463
466 463 462
468 469 470
468 470 471
472 473 474
472 474 475
242 476 477
242 477 243
478 479 480
478 480 481
482 483 484
482 484 485
471 470 467
471 467 466
486 487 488
486 488 489
490 491 457
490 457 456
475 474 492
475 492 493
477 476 473
477 473 472
494 495 496
494 496 497
498 499 500
498 500 501
448 502 503
448 503 449
498 501 504
498 504 505
506 507 508
506 508 509
495 494 469
495 469 468
510 511 512
510 512 513
514 515 516
514 516 517
518 519 520
518 520 521
522 523 524
522 524 525
524 523 526
524 526 527
528 529 530
528 530 531
532 533 534
532 534 535
535 534 536
535 536 537
538 539 529
538 529 528
248 251 540
248 540 541
542 533 532
542 532 543
544 545 546
544 546 547
548 515 514
548 514 549
550 551 552
550 552 553
554 555 556
554 556 557
558 479 478
558 478 559
560 561 562
560 562 563
561 560 564
561 564 565
566 567 568
566 568 569
570 571 551
570 551 550
547 571 570
547 570 544
484 483 555
484 555 554
572 573 574
572 574 575
537 536 576
537 576 577
578 579 539
578 539 538
465 464 459
465 459 458
453 452 580
453 580 581
582 583 584
582 584 585
586 587 588
586 588 589
590 591 491
590 491 490
588 587 592
588 592 593
581 580 594
581 594 595
563 562 596
563 596 597
596 598 599
596 599 597
552 566 569
552 569 553
600 601 602
600 602 603
556 604 605
556 605 557
606 607 608
606 608 609
602 601 610
602 610 611
612 613 614
612 614 615
418 427 426
418 426 419
421 411 410
421 410 422
499 461 460
499 460 500
502 509 508
502 508 503
520 519 522
520 522 525
517 516 518
517 518 521
609 608 612
609 612 615
616 617 548
616 548 549
526 542 543
526 543 527
618 546 545
618 545 619
613 617 616
613 616 614
568 567 565
568 565 564
493 492 488
493 488 487
620 497 496
620 496 621
574 573 510
574 510 513
511 558 559
511 559 512
622 623 482
622 482 485
455 454 572
455 572 575
583 586 589
583 589 584
595 594 582
595 582 585
354 353 380
354 380 383
402 405 407
402 407 406
624 625 312
624 312 315
375 374 323
375 323 322
441 440 368
441 368 371
331 330 396
331 396 399
397 386 389
397 389 398
443 442 626
443 626 627
627 626 324
627 324 327
445 444 394
445 394 395
362 364 367
362 367 363
365 376 379
365 379 366
382 381 356
382 356 359
350 349 352
350 352 355
348 351 404
348 404 403
297 296 286
297 286 289
628 629 630
628 630 631
632 633 634
632 634 635
631 636 637
631 637 628
635 638 639
635 639 632
638 630 629
638 629 639
640 634 633
640 633 641
642 640 641
642 641 643
644 642 643
644 643 645
646 647 648
646 648 649
650 651 652
652 653 654
655 656 657
655 657 658
659 660 661
659 661 662
663 655 658
663 658 664
665 666 667
668 666 665
659 657 656
659 656 660
669 670 653
669 653 671
670 669 672
670 672 673
660 656 674
655 654 675
673 676 677
673 677 670
649 669 671
649 671 678
649 678 679
649 679 646
663 664 680
663 680 668
654 655 663
666 668 680
674 681 661
674 661 660
654 663 668
646 679 682
646 682 683
650 665 684
650 684 685
651 650 686
651 686 687
688 679 678
688 678 687
679 688 689
679 689 682
651 687 678
650 685 690
650 690 691
650 691 686
692 693 694
690 695 691
667 666 696
665 667 684
668 665 652
662 697 698
699 657 659
699 659 700
701 658 657
701 657 699
696 666 680
696 680 702
702 680 664
702 664 703
703 664 658
703 658 701
667 696 704
652 654 668
650 652 665
691 695 693
705 647 646
705 646 683
669 649 648
669 648 672
662 698 659
659 698 700
674 656 675
675 677 676
675 676 706
675 656 655
677 675 654
651 671 653
651 653 652
654 653 670
654 670 677
678 671 651
674 675 706
695 694 693
635 634 676
635 676 673
673 672 638
673 638 635
672 648 630
672 630 638
631 630 648
631 648 647
647 705 636
647 636 631
681 674 642
681 642 644
674 706 640
674 640 642
706 676 634
706 634 640
707 708 709
707 709 710
711 712 713
711 713 714
715 716 708
715 708 707
712 711 717
712 717 718
718 717 710
718 710 709
719 720 714
719 714 713
721 722 720
721 720 719
723 724 722
723 722 721
725 726 727
725 727 728
729 730 731
730 732 733
734 735 736
734 736 737
738 739 740
738 740 741
742 743 735
742 735 734
744 745 746
747 744 746
737 736 738
737 738 741
748 749 733
748 733 750
751 748 750
751 750 752
741 753 737
734 754 732
752 750 755
752 755 756
749 748 726
749 726 757
726 725 758
726 758 757
759 743 742
759 742 747
732 742 734
746 759 747
740 760 753
740 753 741
732 747 742
725 761 762
725 762 758
729 763 764
729 764 744
765 729 731
765 731 766
767 766 757
767 757 758
758 762 768
758 768 767
731 757 766
729 769 763
729 770 769
729 765 770
771 772 773
769 770 774
745 775 746
744 764 745
747 730 744
739 776 777
778 779 738
778 738 736
780 778 736
780 736 735
775 781 759
775 759 746
781 782 743
781 743 759
782 780 735
782 735 743
745 783 775
730 747 732
729 744 730
770 773 774
725 728 784
725 784 761
748 751 727
748 727 726
739 738 776
738 779 776
753 754 737
756 755 754
756 754 785
754 734 737
755 732 754
733 749 731
733 731 730
732 755 750
732 750 733
757 731 749
753 785 754
774 773 772
712 752 756
712 756 713
752 712 718
752 718 751
751 718 709
751 709 727
708 728 727
708 727 709
716 784 728
716 728 708
760 723 721
760 721 753
753 721 719
753 719 785
785 719 713
785 713 756
786 787 788
789 790 786
789 786 788
789 788 791
792 793 786
794 795 792
794 792 796
797 798 799
800 801 794
800 794 796
795 794 802
795 802 803
804 794 801
805 806 807
805 807 808
809 810 811
809 811 812
810 813 814
810 814 811
814 813 807
814 807 806
815 809 812
815 812 816
790 800 796
817 818 819
820 821 822
820 822 823
824 825 826
827 828 829
830 831 827
830 827 829
818 832 833
834 833 832
834 832 835
836 837 787
838 817 819
820 823 805
820 805 808
818 817 832
839 840 841
842 843 844
845 846 847
845 847 848
849 850 851
852 853 845
854 855 842
854 842 856
857 858 859
857 859 860
861 857 860
861 860 862
858 857 847
858 847 863
864 865 866
867 868 869
867 869 870
859 858 866
871 834 835
852 872 853
873 852 874
874 848 861
874 861 868
875 876 849
877 835 832
878 879 841
877 843 835
879 839 841
840 839 880
881 873 856
856 867 854
856 842 844
856 844 881
880 787 882
839 879 883
873 874 868
873 868 867
867 870 854
856 873 867
883 884 885
883 885 886
849 887 850
819 818 888
871 835 889
890 846 891
890 863 846
863 847 846
858 864 866
892 872 852
873 892 852
852 845 848
852 848 874
846 845 893
846 893 891
868 861 862
868 862 869
857 861 848
857 848 847
845 853 893
886 876 875
842 889 843
889 835 843
842 855 871
842 871 889
884 887 885
885 887 876
885 876 886
886 875 839
883 886 839
849 876 887
884 850 887
803 894 895
803 895 795
795 895 793
795 793 792
804 802 794
796 786 790
796 792 786
836 896 797
836 797 837
793 787 786
837 797 799
837 799 897
837 882 787
836 793 895
836 895 896
798 878 799
799 878 841
799 841 897
897 841 840
897 840 882
882 840 880
837 897 882
896 895 894
827 898 828
827 826 898
826 825 898
793 836 787
797 894 798
797 896 894
899 900 901
902 900 899
902 899 903
902 904 900
905 899 906
907 908 905
907 905 909
910 911 912
907 913 914
907 914 908
909 915 916
909 916 907
917 913 907
918 919 920
918 920 921
922 923 924
922 924 925
925 924 926
925 926 927
926 921 920
926 920 927
928 929 923
928 923 922
903 908 914
930 931 932
933 934 935
933 935 936
937 938 939
940 941 942
943 941 940
943 940 944
932 945 946
947 948 946
947 946 945
949 901 950
951 931 930
933 919 918
933 918 934
932 946 930
952 953 954
955 956 957
958 959 960
958 960 961
962 963 964
965 958 966
967 968 955
967 955 969
970 971 972
970 972 973
974 975 971
974 971 970
973 976 960
973 960 970
977 978 979
980 981 982
980 982 983
972 978 973
984 948 947
965 966 985
986 987 965
987 983 974
987 974 959
988 962 989
990 946 948
991 953 992
990 948 957
992 953 952
954 993 952
994 968 986
968 967 980
968 994 956
968 956 955
993 995 901
952 996 992
986 980 983
986 983 987
980 967 981
968 980 986
996 997 998
996 999 997
962 964 1000
931 1001 932
984 1002 948
1003 1004 961
1003 961 976
976 961 960
973 978 977
1005 965 985
986 965 1005
965 987 959
965 959 958
961 1004 1006
961 1006 958
983 982 975
983 975 974
970 960 959
970 959 974
958 1006 966
999 988 989
955 957 1002
1002 957 948
1002 984 969
1002 969 955
998 997 1000
997 999 989
997 989 1000
999 952 988
996 952 999
962 1000 989
998 1000 964
915 909 1007
915 1007 1008
909 905 906
909 906 1007
917 907 916
908 903 899
908 899 905
910 1009 949
910 949 950
906 899 901
911 910 950
911 950 1010
950 901 995
949 1009 1007
949 1007 906
912 911 991
911 953 991
911 1010 953
1010 995 954
1010 954 953
995 993 954
950 995 1010
1009 1008 1007
940 942 1011
940 1011 938
938 1011 939
906 901 949
910 912 1008
910 1008 1009
1012 1013 1014
1015 1016 1014
1016 1012 1014
1017 1018 1016
1019 1020 1021
1019 1021 1022
1020 1023 1024
1020 1024 1021
1025 1026 1027
1025 1027 1028
1029 1025 1028
1029 1028 1030
1023 1029 1030
1023 1030 1024
1017 1031 1018
1015 1017 1016
1018 1031 1019
1018 1019 1022
1032 1033 1034
1032 1034 1035
1036 1037 1032
1036 1032 1035
1038 1037 1036
1038 1036 1039
1040 1041 1038
1040 1038 1039
1041 1040 1042
1041 1042 1043
1043 1042 1044
1043 1044 1045
1045 1044 1046
1045 1046 1047
1048 1049 1047
1048 1047 1046
1050 1051 1049
1050 1049 1048
1051 1050 1052
1051 1052 1053
1053 1052 1013
1053 1013 1012
1054 1055 1056
1057 1055 1058
1058 1055 1054
1059 1058 1060
1061 1062 1063
1061 1063 1064
1064 1063 1065
1064 1065 1066
1067 1068 1069
1067 1069 1070
1071 1072 1068
1071 1068 1067
1066 1065 1072
1066 1072 1071
1059 1060 1073
1057 1058 1059
1062 1061 1073
1062 1073 1060
1074 1075 1076
1074 1076 1077
1078 1075 1074
1078 1074 1079
1080 1081 1078
1080 1078 1079
1082 1081 1080
1082 1080 1083
1083 1084 1085
1083 1085 1082
1084 1086 1087
1084 1087 1085
1086 1088 1089
1086 1089 1087
1090 1089 1088
1090 1088 1091
1092 1090 1091
1092 1091 1093
1093 1094 1095
1093 1095 1092
1094 1054 1056
1094 1056 1095
1096 1097 1098
1096 1098 1099
1100 1099 1101
1100 1101 1102
1101 1099 1098
1101 1098 1103
1104 1105 1102
1104 1102 1106
1107 1108 1109
1110 1106 1102
1110 1102 1101
1111 1112 1105
1111 1105 1107
1113 1112 1111
1113 1111 1114
1108 1107 1105
1108 1105 1104
1115 1110 1101
1115 1101 1103
1107 1109 1116
1107 1116 1117
1118 1119 1120
1118 1120 1121
1117 1116 1119
1117 1119 1118
1122 1118 1121
1122 1121 1123
1124 1117 1118
1124 1118 1122
1111 1107 1117
1111 1117 1124
1125 1122 1123
1125 1123 1126
1127 1124 1122
1127 1122 1125
1114 1111 1124
1114 1124 1127
1096 1099 1100
1096 1100 1128
1100 1112 1113
1100 1113 1128
1100 1102 1105
1100 1105 1112
1129 1130 1097
1129 1097 1096
1131 1129 1096
1131 1096 1128
1132 1133 1113
1132 1113 1114
1133 1131 1128
1133 1128 1113
1134 1132 1114
1134 1114 1127
1135 1134 1127
1135 1127 1125
1136 1135 1125
1136 1125 1126
1137 1138 1139
1137 1139 1140
1141 1142 1143
1141 1143 1138
1143 1144 1139
1143 1139 1138
1145 1146 1142
1145 1142 1147
1148 1149 1150
1151 1143 1142
1151 1142 1146
1152 1148 1147
1152 1147 1153
1154 1155 1152
1154 1152 1153
1150 1145 1147
1150 1147 1148
1156 1144 1143
1156 1143 1151
1148 1157 1158
1148 1158 1149
1159 1160 1161
1159 1161 1162
1157 1159 1162
1157 1162 1158
1163 1164 1160
1163 1160 1159
1165 1163 1159
1165 1159 1157
1152 1165 1157
1152 1157 1148
1166 1167 1164
1166 1164 1163
1168 1166 1163
1168 1163 1165
1155 1168 1165
1155 1165 1152
1137 1169 1141
1137 1141 1138
1141 1169 1154
1141 1154 1153
1141 1153 1147
1141 1147 1142
1170 1137 1140
1170 1140 1171
1172 1137 1170
1172 1169 1137
1173 1155 1154
1173 1154 1174
1174 1154 1169
1174 1169 1172
1175 1168 1155
1175 1155 1173
1176 1166 1168
1176 1168 1175
1177 1167 1166
1177 1166 1176
1178 1179 1180
1178 1180 1181
1182 1183 1184
1182 1184 1185
1186 1187 1188
1186 1188 1189
1190 1191 1192
1190 1192 1193
1189 1188 1194
1189 1194 1195
1182 1196 1197
1182 1185 1196
1180 1179 1187
1180 1187 1186
1194 1198 1199
1194 1199 1195
1200 1201 1202
1193 1203 1190
1204 1178 1181
1204 1181 1205
1206 1207 1205
1206 1205 1181
1208 1196 1209
1210 1183 1211
1210 1211 1212
1200 1213 1204
1200 1204 1205
1197 1196 1208
1214 1215 1186
1214 1186 1189
1182 1214 1211
1182 1211 1183
1115 1103 1199
1115 1199 1198
1097 1210 1212
1097 1212 1098
1098 1212 1199
1098 1199 1103
1212 1211 1195
1212 1195 1199
1195 1211 1214
1195 1214 1189
1180 1186 1215
1180 1215 1216
1181 1180 1216
1181 1216 1206
1217 1184 1183
1217 1183 1210
1201 1200 1218
1200 1207 1218
1219 1220 1209
1191 1202 1201
1191 1201 1192
1200 1202 1213
1214 1182 1197
1214 1197 1215
1216 1215 1197
1216 1197 1208
1206 1216 1208
1206 1208 1220
1220 1219 1207
1218 1207 1219
1200 1205 1207
1208 1209 1220
1130 1217 1210
1130 1210 1097
1221 1222 1223
1221 1223 1224
1225 1226 1227
1225 1227 1228
1229 1230 1231
1229 1231 1232
1233 1234 1235
1233 1235 1236
1230 1237 1238
1230 1238 1231
1225 1239 1240
1225 1240 1226
1223 1229 1232
1223 1232 1224
1238 1237 1241
1238 1241 1242
1243 1244 1245
1234 1233 1246
1247 1248 1222
1247 1222 1221
1249 1222 1248
1249 1248 1250
1251 1252 1240
1253 1254 1255
1253 1255 1228
1243 1248 1247
1243 1247 1256
1239 1251 1240
1257 1230 1229
1257 1229 1258
1225 1228 1255
1225 1255 1257
1156 1242 1241
1156 1241 1144
1140 1139 1254
1140 1254 1253
1139 1144 1241
1139 1241 1254
1254 1241 1237
1254 1237 1255
1237 1230 1257
1237 1257 1255
1223 1259 1258
1223 1258 1229
1222 1249 1259
1222 1259 1223
1260 1253 1228
1260 1228 1227
1245 1261 1243
1243 1261 1250
1262 1252 1263
1236 1235 1245
1236 1245 1244
1243 1256 1244
1257 1258 1239
1257 1239 1225
1259 1251 1239
1259 1239 1258
1249 1263 1251
1249 1251 1259
1263 1249 1250
1261 1262 1250
1243 1250 1248
1251 1263 1252
1171 1140 1253
1171 1253 1260
1264 1265 1266
1264 1266 1267
1268 1269 1270
1268 1270 1271
1272 1273 1274
1275 1276 1277
1275 1277 1278
1279 1280 1269
1279 1269 1268
1281 1282 1283
1281 1283 1284
1267 1266 1285
1267 1285 1286
1287 1269 1280
1287 1280 1277
1288 1289 1290
1288 1290 1291
1292 1293 1294
1292 1294 1295
1179 1296 1297
1179 1297 1187
1194 1298 1299
1194 1299 1198
1300 1301 1302
1300 1302 1303
1179 1178 1304
1179 1304 1296
1305 1306 1307
1305 1307 1308
1280 1279 1309
1280 1309 1310
1280 1310 1278
1280 1278 1277
1311 1312 1313
1314 1315 1316
1317 1318 1319
1320 1321 1322
1320 1322 1323
1119 1116 1324
1119 1324 1325
1326 1292 1295
1326 1295 1327
1106 1110 1328
1106 1328 1329
1330 1331 1109
1330 1109 1108
1284 1313 1332
1318 1333 1319
1301 1334 1335
1301 1335 1302
1329 1336 1104
1329 1104 1106
1187 1297 1337
1187 1337 1188
1338 1339 1340
1338 1340 1341
1325 1305 1342
1325 1342 1343
1344 1345 1338
1344 1338 1346
1344 1333 1347
1346 1348 1349
1346 1349 1344
1350 1351 1352
1350 1352 1353
1338 1345 1339
1341 1348 1346
1347 1268 1271
1347 1271 1354
1318 1279 1268
1318 1268 1347
1272 1274 1355
1272 1355 1356
1356 1355 1308
1356 1308 1307
1286 1285 1282
1286 1282 1281
1357 1358 1213
1290 1359 1360
1291 1361 1362
1291 1362 1288
1363 1351 1350
1363 1350 1364
1307 1351 1363
1307 1363 1356
1282 1309 1317
1282 1317 1283
1285 1310 1309
1285 1309 1282
1266 1278 1310
1266 1310 1285
1265 1275 1278
1265 1278 1266
1288 1362 1293
1288 1293 1292
1365 1301 1300
1356 1363 1366
1356 1366 1272
1367 1364 1368
1367 1368 1369
1368 1334 1301
1331 1324 1116
1331 1116 1109
1351 1307 1306
1351 1306 1352
1370 1371 1372
1370 1372 1373
1374 1375 1376
1377 1378 1379
1380 1381 1382
1380 1382 1379
1383 1384 1385
1386 1387 1382
1386 1382 1388
1379 1382 1389
1383 1390 1391
1383 1391 1392
1383 1376 1375
1393 1389 1387
1384 1392 1394
1390 1395 1391
1396 1397 1398
1396 1398 1399
1379 1389 1395
1377 1400 1401
1342 1305 1402
1289 1288 1292
1289 1292 1326
1188 1337 1298
1188 1298 1194
1279 1318 1317
1279 1317 1309
1403 1404 1271
1403 1271 1270
1320 1323 1354
1320 1354 1271
1390 1400 1377
1405 1406 1360
1405 1360 1407
1317 1408 1283
1317 1319 1408
1407 1360 1359
1407 1359 1409
1178 1204 1410
1178 1410 1304
1411 1403 1270
1411 1270 1412
1358 1410 1204
1358 1204 1213
1412 1270 1269
1412 1269 1287
1400 1413 1401
1388 1382 1381
1388 1381 1414
1415 1416 1417
1398 1397 1393
1399 1418 1396
1316 1315 1332
1283 1408 1313
1314 1316 1419
1377 1401 1378
1378 1380 1379
1420 1421 1393
1421 1422 1398
1421 1398 1393
1422 1423 1399
1422 1399 1398
1423 1424 1399
1425 1426 1427
1428 1429 1316
1332 1430 1316
1431 1428 1316
1390 1377 1395
1426 1416 1415
1387 1432 1420
1420 1432 1433
1308 1355 1434
1432 1435 1436
1357 1404 1403
1357 1403 1358
1410 1358 1403
1410 1403 1411
1304 1410 1411
1304 1411 1409
1296 1304 1409
1296 1409 1359
1297 1296 1359
1297 1359 1290
1297 1290 1289
1297 1289 1337
1337 1289 1326
1337 1326 1298
1298 1326 1327
1298 1327 1299
1329 1328 1303
1329 1303 1302
1302 1335 1336
1302 1336 1329
1331 1330 1353
1331 1353 1352
1352 1306 1324
1352 1324 1331
1305 1325 1324
1305 1324 1306
1273 1281 1284
1273 1284 1332
1437 1286 1281
1437 1281 1273
1438 1267 1286
1438 1286 1437
1439 1264 1267
1439 1267 1438
1294 1440 1441
1294 1441 1295
1327 1295 1441
1327 1441 1442
1299 1327 1442
1299 1442 1443
1198 1299 1443
1198 1443 1115
1336 1330 1108
1336 1108 1104
1330 1336 1335
1330 1335 1353
1334 1350 1353
1334 1353 1335
1334 1368 1364
1334 1364 1350
1325 1343 1120
1325 1120 1119
1110 1115 1443
1110 1443 1328
1303 1328 1443
1303 1443 1442
1300 1303 1442
1300 1442 1441
1300 1441 1440
1300 1440 1365
1367 1369 1439
1367 1439 1438
1366 1367 1438
1366 1438 1437
1437 1273 1272
1437 1272 1366
1283 1313 1284
1365 1440 1439
1365 1439 1369
1264 1439 1440
1264 1440 1294
1265 1264 1294
1265 1294 1293
1265 1293 1362
1265 1362 1275
1276 1275 1362
1276 1362 1361
1405 1276 1361
1405 1361 1406
1291 1406 1361
1412 1407 1409
1412 1409 1411
1287 1405 1407
1287 1407 1412
1287 1277 1276
1287 1276 1405
1368 1365 1369
1364 1367 1366
1364 1366 1363
1342 1402 1444
1360 1406 1291
1368 1301 1365
1434 1402 1308
1388 1445 1446
1446 1445 1447
1446 1447 1448
1388 1446 1386
1449 1450 1448
1448 1447 1449
1388 1414 1445
1449 1451 1450
1452 1453 1454
1454 1453 1455
1456 1376 1457
1383 1385 1376
1349 1333 1344
1319 1458 1311
1319 1311 1408
1313 1408 1311
1346 1338 1341
1459 1319 1333
1319 1459 1460
1319 1460 1458
1453 1374 1455
1374 1376 1455
1455 1456 1454
1455 1376 1456
1461 1462 1463
1318 1347 1333
1344 1347 1354
1357 1213 1202
1357 1202 1191
1357 1191 1321
1322 1321 1191
1322 1191 1190
1320 1404 1357
1320 1357 1321
1271 1404 1320
1372 1314 1419
1372 1419 1373
1274 1273 1332
1274 1332 1315
1355 1274 1315
1355 1315 1314
1434 1355 1314
1434 1314 1372
1372 1371 1402
1372 1402 1434
1444 1402 1371
1444 1371 1464
1190 1339 1322
1203 1339 1190
1465 1340 1339
1465 1339 1203
1402 1305 1308
1417 1466 1467
1354 1323 1345
1354 1345 1344
1339 1345 1322
1322 1345 1323
1393 1387 1420
1389 1382 1387
1424 1427 1468
1399 1424 1418
1396 1418 1392
1396 1392 1391
1391 1395 1397
1391 1397 1396
1389 1397 1395
1457 1469 1456
1470 1454 1456
1470 1456 1469
1452 1471 1472
1470 1471 1452
1470 1452 1454
1461 1473 1474
1461 1474 1475
1476 1477 1475
1458 1460 1477
1458 1477 1478
1478 1479 1311
1478 1311 1458
1461 1475 1462
1480 1481 1463
1480 1463 1462
1482 1480 1462
1482 1462 1475
1459 1482 1460
1341 1481 1480
1341 1480 1348
1349 1348 1480
1349 1480 1482
1482 1459 1333
1482 1333 1349
1474 1483 1484
1485 1476 1474
1485 1474 1484
1470 1469 1485
1478 1477 1469
1478 1469 1457
1457 1479 1478
1312 1385 1384
1428 1431 1394
1429 1428 1394
1429 1394 1468
1312 1479 1385
1376 1385 1457
1383 1392 1384
1385 1479 1457
1311 1479 1312
1332 1313 1430
1312 1431 1430
1384 1431 1312
1486 1421 1420
1486 1420 1433
1486 1487 1422
1486 1422 1421
1487 1488 1423
1487 1423 1422
1423 1425 1424
1488 1425 1423
1379 1395 1377
1393 1397 1389
1394 1392 1418
1413 1400 1375
1413 1375 1374
1383 1375 1390
1390 1375 1400
1489 1490 1491
1489 1491 1492
1493 1494 1495
1493 1495 1496
1497 1498 1499
1500 1501 1502
1500 1502 1503
1504 1493 1496
1504 1496 1505
1506 1507 1508
1506 1508 1509
1490 1510 1511
1490 1511 1491
1512 1502 1505
1512 1505 1496
1513 1514 1515
1513 1515 1516
1517 1518 1519
1517 1519 1520
1224 1232 1521
1224 1521 1522
1238 1242 1523
1238 1523 1524
1525 1526 1527
1525 1527 1528
1224 1522 1529
1224 1529 1221
1530 1531 1532
1530 1532 1533
1505 1534 1535
1505 1535 1504
1505 1502 1501
1505 1501 1534
1536 1537 1538
1539 1540 1541
1542 1543 1544
1545 1546 1547
1545 1547 1548
1162 1549 1550
1162 1550 1158
1551 1552 1518
1551 1518 1517
1146 1553 1554
1146 1554 1151
1555 1150 1149
1555 1149 1556
1507 1557 1537
1544 1543 1558
1528 1527 1559
1528 1559 1560
1553 1146 1145
1553 1145 1561
1232 1231 1562
1232 1562 1521
1563 1564 1565
1563 1565 1566
1549 1567 1568
1549 1568 1530
1569 1570 1563
1569 1563 1571
1569 1572 1558
1570 1569 1573
1570 1573 1574
1575 1576 1577
1575 1577 1578
1563 1566 1571
1564 1570 1574
1572 1579 1494
1572 1494 1493
1544 1572 1493
1544 1493 1504
1497 1580 1581
1497 1581 1498
1580 1532 1531
1580 1531 1581
1510 1506 1509
1510 1509 1511
1582 1256 1583
1515 1514 1584
1514 1513 1585
1514 1585 1586
1587 1588 1575
1587 1575 1578
1532 1580 1587
1532 1587 1578
1509 1508 1542
1509 1542 1535
1511 1509 1535
1511 1535 1534
1491 1511 1534
1491 1534 1501
1492 1491 1501
1492 1501 1500
1513 1517 1520
1513 1520 1585
1589 1525 1528
1580 1497 1590
1580 1590 1587
1591 1592 1593
1591 1593 1588
1593 1528 1560
1556 1149 1158
1556 1158 1550
1578 1577 1533
1578 1533 1532
1594 1595 1596
1597 1598 1599
1600 1601 1602
1603 1601 1604
1603 1604 1605
1606 1607 1608
1609 1610 1604
1609 1604 1611
1601 1612 1604
1606 1613 1614
1606 1614 1615
1606 1599 1598
1616 1611 1612
1608 1617 1613
1615 1614 1618
1619 1620 1621
1619 1621 1622
1601 1618 1612
1600 1623 1624
1568 1625 1530
1516 1551 1517
1516 1517 1513
1231 1238 1524
1231 1524 1562
1504 1535 1542
1504 1542 1544
1626 1495 1494
1626 1494 1627
1545 1494 1579
1545 1579 1546
1615 1600 1624
1628 1629 1584
1628 1584 1630
1542 1508 1631
1542 1631 1543
1629 1632 1633
1629 1633 1584
1221 1529 1634
1221 1634 1247
1635 1636 1495
1635 1495 1626
1583 1256 1247
1583 1247 1634
1636 1512 1496
1636 1496 1495
1624 1623 1637
1610 1638 1605
1610 1605 1604
1639 1640 1641
1621 1616 1622
1620 1619 1642
1540 1557 1541
1508 1537 1631
1643 1644 1640
1643 1640 1639
1600 1602 1623
1602 1601 1603
1645 1616 1646
1646 1616 1621
1646 1621 1647
1647 1621 1620
1647 1620 1648
1648 1620 1649
1650 1649 1651
1557 1540 1652
1652 1540 1653
1615 1618 1600
1654 1651 1639
1611 1645 1655
1645 1656 1655
1531 1657 1581
1655 1656 1658
1582 1583 1626
1582 1626 1627
1634 1635 1626
1634 1626 1583
1529 1632 1635
1529 1635 1634
1522 1633 1632
1522 1632 1529
1521 1515 1633
1521 1633 1522
1521 1562 1516
1521 1516 1515
1562 1524 1551
1562 1551 1516
1524 1523 1552
1524 1552 1551
1553 1527 1526
1553 1526 1554
1527 1553 1561
1527 1561 1559
1556 1577 1576
1556 1576 1555
1577 1556 1550
1577 1550 1533
1530 1533 1550
1530 1550 1549
1499 1557 1507
1499 1507 1506
1659 1499 1506
1659 1506 1510
1660 1659 1510
1660 1510 1490
1661 1660 1490
1661 1490 1489
1519 1518 1662
1519 1662 1663
1552 1664 1662
1552 1662 1518
1523 1665 1664
1523 1664 1552
1242 1156 1665
1242 1665 1523
1561 1145 1150
1561 1150 1555
1555 1576 1559
1555 1559 1561
1560 1559 1576
1560 1576 1575
1560 1575 1588
1560 1588 1593
1549 1162 1161
1549 1161 1567
1151 1554 1665
1151 1665 1156
1526 1664 1665
1526 1665 1554
1525 1662 1664
1525 1664 1526
1525 1589 1663
1525 1663 1662
1591 1660 1661
1591 1661 1592
1590 1659 1660
1590 1660 1591
1659 1590 1497
1659 1497 1499
1508 1507 1537
1589 1592 1661
1589 1661 1663
1489 1519 1663
1489 1663 1661
1492 1520 1519
1492 1519 1489
1492 1500 1585
1492 1585 1520
1503 1586 1585
1503 1585 1500
1628 1630 1586
1628 1586 1503
1514 1586 1630
1636 1635 1632
1636 1632 1629
1512 1636 1629
1512 1629 1628
1512 1628 1503
1512 1503 1502
1593 1592 1589
1588 1587 1590
1588 1590 1591
1568 1666 1625
1584 1514 1630
1593 1589 1528
1657 1531 1625
1610 1667 1668
1667 1669 1670
1667 1670 1668
1610 1609 1667
1671 1669 1672
1669 1671 1670
1610 1668 1638
1671 1672 1673
1674 1675 1676
1675 1677 1676
1678 1679 1598
1606 1598 1607
1573 1569 1558
1680 1681 1682
1680 1682 1683
1683 1682 1684
1683 1684 1685
1543 1631 1536
1543 1536 1686
1537 1536 1631
1570 1564 1563
1684 1558 1543
1543 1686 1685
1543 1685 1684
1676 1677 1597
1597 1677 1598
1677 1675 1678
1677 1678 1598
1681 1680 1687
1681 1687 1688
1544 1558 1572
1569 1579 1572
1582 1244 1256
1582 1548 1236
1582 1236 1244
1547 1233 1236
1547 1236 1548
1545 1548 1582
1545 1582 1627
1494 1545 1627
1644 1689 1640
1498 1541 1557
1498 1557 1499
1581 1539 1541
1581 1541 1498
1657 1690 1539
1657 1539 1581
1690 1657 1625
1690 1625 1691
1666 1594 1691
1666 1691 1625
1233 1547 1566
1246 1233 1566
1692 1246 1566
1692 1566 1565
1625 1531 1530
1640 1595 1693
1579 1569 1571
1579 1571 1546
1566 1547 1571
1547 1546 1571
1616 1645 1611
1612 1611 1604
1649 1694 1651
1620 1642 1649
1619 1614 1613
1619 1613 1642
1614 1619 1622
1614 1622 1618
1612 1618 1622
1695 1696 1697
1695 1697 1687
1696 1695 1698
1678 1675 1698
1679 1678 1699
1678 1698 1700
1678 1700 1699
1695 1700 1698
1696 1674 1697
1675 1674 1696
1675 1696 1698
1680 1701 1687
1701 1680 1683
1701 1683 1702
1702 1683 1685
1702 1685 1703
1686 1704 1703
1686 1703 1685
1704 1686 1536
1704 1536 1705
1706 1688 1707
1688 1706 1681
1708 1681 1706
1681 1708 1682
1709 1706 1707
1709 1707 1710
1711 1708 1706
1711 1706 1709
1708 1711 1684
1682 1708 1684
1564 1574 1709
1564 1709 1710
1573 1711 1709
1573 1709 1574
1711 1573 1558
1711 1558 1684
1701 1695 1687
1695 1701 1702
1695 1702 1700
1700 1702 1703
1700 1703 1699
1704 1679 1699
1704 1699 1703
1679 1704 1705
1538 1608 1607
1694 1643 1639
1694 1639 1651
1538 1607 1705
1598 1679 1607
1606 1608 1613
1712 1617 1653
1607 1679 1705
1536 1538 1705
1557 1652 1537
1537 1652 1538
1608 1538 1653
1713 1656 1645
1713 1645 1646
1713 1646 1647
1713 1647 1714
1714 1647 1648
1714 1648 1715
1648 1649 1650
1715 1648 1650
1601 1600 1618
1616 1612 1622
1617 1642 1613
1637 1597 1599
1637 1599 1624
1606 1615 1599
1615 1624 1599
1655 1658 1716
1432 1436 1433
1652 1653 1538
1313 1312 1430
1540 1712 1653
1430 1431 1316
1464 1371 1370
1690 1691 1596
1690 1596 1689
1477 1460 1475
1477 1476 1485
1482 1475 1460
1469 1477 1485
1471 1470 1485
1471 1485 1484
1483 1472 1484
1472 1471 1484
1461 1463 1473
1473 1483 1474
1474 1476 1475
1641 1640 1693
1417 1416 1466
1654 1639 1641
1426 1415 1427
1650 1651 1654
1425 1427 1424
1717 1718 1719
1720 1721 1722
1721 1723 1724
1717 1725 1718
1717 1726 1725
1721 1727 1726
1721 1726 1717
1717 1719 1728
1721 1724 1727
1720 1723 1721
1729 1720 1722
1730 1731 1732
1732 1733 1734
1735 1736 1737
1735 1737 1738
1732 1738 1739
1732 1735 1738
1735 1740 1741
1732 1739 1733
1730 1732 1734
1742 1731 1730
1735 1741 1736
1743 1744 1745
1743 1745 1746
1747 1746 1745
1747 1745 1748
1749 1750 1751
1749 1751 1752
1753 1754 1755
1753 1755 1756
1757 1758 1759
1752 1751 1760
1761 1762 1763
1761 1763 1764
1765 1766 1767
1767 1766 1768
1769 1770 1771
1769 1771 1766
1772 1773 1774
1775 1776 1777
1775 1777 1778
1779 1780 1781
1779 1781 1782
1783 1774 1770
1783 1770 1769
1784 1785 1786
1784 1786 1787
1787 1786 1754
1787 1754 1753
1761 1788 1757
1761 1757 1762
1789 1790 1791
1789 1791 1792
1793 1794 1795
1793 1795 1767
1782 1781 1796
1782 1796 1797
1798 1792 1791
1764 1763 1799
1764 1799 1800
1755 1801 1756
1802 1751 1750
1802 1750 1803
1804 1760 1751
1804 1751 1802
1748 1786 1785
1748 1785 1747
1805 1806 1807
1765 1799 1763
1765 1763 1808
1762 1809 1808
1762 1808 1763
1769 1808 1810
1769 1810 1783
1783 1810 1772
1786 1748 1811
1786 1811 1754
1748 1745 1812
1748 1812 1811
1812 1745 1744
1812 1744 1813
1811 1812 1750
1811 1750 1749
1813 1803 1750
1813 1750 1812
1749 1755 1754
1749 1754 1811
1759 1807 1810
1796 1814 1815
1796 1815 1797
1816 1797 1815
1795 1765 1767
1788 1817 1757
1759 1809 1762
1759 1762 1757
1818 1819 1798
1818 1820 1819
1760 1804 1790
1760 1790 1789
1752 1821 1801
1755 1749 1752
1755 1752 1801
1795 1794 1801
1798 1791 1818
1805 1807 1759
1805 1759 1758
1822 1806 1805
1778 1796 1781
1778 1781 1823
1824 1825 1774
1826 1825 1780
1796 1778 1827
1816 1768 1797
1768 1771 1782
1779 1771 1770
1779 1770 1826
1826 1770 1774
1773 1824 1774
1756 1801 1794
1767 1768 1816
1767 1816 1793
1766 1765 1808
1766 1808 1769
1768 1766 1771
1771 1779 1782
1795 1799 1765
1810 1828 1772
1752 1760 1800
1789 1764 1800
1789 1800 1760
1792 1761 1764
1792 1764 1789
1792 1798 1788
1792 1788 1761
1788 1819 1817
1798 1819 1788
1776 1829 1830
1776 1830 1777
1814 1831 1815
1797 1768 1782
1816 1815 1832
1824 1833 1825
1780 1825 1834
1781 1780 1823
1752 1800 1821
1821 1800 1799
1801 1821 1795
1795 1821 1799
1810 1807 1828
1835 1828 1807
1807 1806 1835
1759 1810 1809
1808 1809 1810
1757 1817 1758
1834 1833 1836
1834 1837 1823
1837 1775 1823
1838 1839 1840
1839 1841 1842
1841 1843 1842
1844 1827 1777
1844 1777 1830
1843 1845 1846
1830 1829 1847
1830 1847 1848
1844 1830 1848
1844 1848 1849
1844 1831 1814
1844 1814 1827
1796 1827 1814
1827 1778 1777
1831 1844 1849
1831 1849 1850
1815 1831 1832
1832 1831 1850
1843 1846 1851
1841 1845 1843
1839 1842 1840
1840 1775 1837
1842 1776 1775
1843 1829 1776
1843 1776 1842
1847 1829 1843
1847 1843 1851
1838 1837 1836
1836 1837 1834
1852 1853 1854
1852 1854 1855
1856 1857 1854
1856 1854 1853
1858 1859 1860
1858 1860 1861
1862 1863 1864
1862 1864 1865
1866 1867 1868
1859 1869 1860
1870 1871 1872
1870 1872 1873
1874 1875 1876
1875 1877 1876
1878 1876 1879
1878 1879 1880
1881 1882 1883
1884 1885 1886
1884 1886 1887
1888 1889 1890
1888 1890 1891
1882 1878 1880
1882 1880 1883
1892 1893 1894
1892 1894 1895
1893 1862 1865
1893 1865 1894
1870 1873 1866
1870 1866 1896
1897 1898 1899
1897 1899 1900
1901 1875 1902
1901 1902 1903
1889 1904 1905
1889 1905 1890
1906 1899 1898
1871 1907 1908
1871 1908 1872
1864 1863 1909
1910 1911 1861
1910 1861 1860
1912 1910 1860
1912 1860 1869
1857 1856 1895
1857 1895 1894
1913 1914 1915
1874 1916 1872
1874 1872 1908
1873 1872 1916
1873 1916 1917
1878 1882 1918
1878 1918 1916
1882 1881 1918
1894 1865 1919
1894 1919 1857
1857 1919 1920
1857 1920 1854
1920 1921 1855
1920 1855 1854
1919 1858 1861
1919 1861 1920
1921 1920 1861
1921 1861 1911
1858 1919 1865
1858 1865 1864
1867 1918 1914
1905 1904 1922
1905 1922 1923
1924 1922 1904
1902 1875 1874
1896 1866 1925
1867 1866 1873
1867 1873 1917
1926 1906 1927
1926 1927 1928
1869 1897 1900
1869 1900 1912
1859 1909 1929
1864 1909 1859
1864 1859 1858
1902 1909 1903
1906 1926 1899
1913 1868 1867
1913 1867 1914
1930 1913 1915
1885 1931 1890
1885 1890 1905
1932 1883 1933
1934 1888 1891
1905 1935 1885
1924 1904 1877
1877 1889 1879
1888 1934 1880
1888 1880 1879
1934 1883 1880
1936 1883 1932
1863 1903 1909
1875 1901 1924
1875 1924 1877
1876 1878 1916
1876 1916 1874
1877 1879 1876
1879 1889 1888
1902 1874 1908
1918 1881 1937
1859 1907 1869
1897 1869 1907
1897 1907 1871
1898 1897 1871
1898 1871 1870
1898 1870 1896
1898 1896 1906
1896 1925 1927
1906 1896 1927
1887 1886 1938
1887 1938 1939
1923 1922 1940
1904 1889 1877
1924 1941 1922
1932 1933 1942
1891 1943 1933
1890 1931 1891
1859 1929 1907
1929 1908 1907
1909 1902 1929
1902 1908 1929
1918 1937 1914
1944 1914 1937
1914 1944 1915
1867 1917 1918
1916 1918 1917
1866 1868 1925
1943 1945 1942
1943 1931 1946
1946 1931 1884
1947 1948 1949
1949 1950 1951
1951 1950 1952
1953 1938 1886
1953 1886 1935
1952 1954 1955
1938 1956 1957
1938 1957 1939
1953 1958 1956
1953 1956 1938
1953 1935 1923
1953 1923 1940
1905 1923 1935
1935 1886 1885
1940 1959 1958
1940 1958 1953
1922 1941 1940
1941 1959 1940
1952 1960 1954
1951 1952 1955
1949 1948 1950
1948 1947 1946
1950 1948 1884
1952 1950 1887
1952 1887 1939
1957 1960 1952
1957 1952 1939
1947 1945 1946
1945 1943 1946
1961 1962 1963
1961 1963 1964
1965 1966 1967
1968 1969 1970
1968 1970 1971
1972 1973 1974
1975 1976 1977
1978 1979 1980
1978 1980 1981
1982 1972 1974
1982 1974 1983
1984 1985 1986
1987 1988 1989
1990 1989 1991
1990 1991 1992
1967 1987 1989
1964 1993 1994
1964 1994 1961
1995 1961 1994
1995 1994 1996
1997 1985 1984
1992 1991 1969
1992 1969 1968
1998 1999 2000
1998 2000 1996
1995 2001 2002
1977 2001 2000
1977 2000 2003
2003 2000 1999
2003 1999 2004
1976 2002 2001
1988 2005 2006
1989 1993 1967
1963 1965 1967
1963 1967 1964
1981 1980 2007
1981 2007 2008
1989 1990 2009
1989 2009 1993
1993 2009 2010
1993 2010 1994
1983 1981 2008
1983 2008 2011
2012 1970 1969
2012 1969 1984
1969 1991 1997
1991 1988 1997
1978 2013 2014
1978 2014 1979
2013 2003 2004
2013 2004 2014
1982 1983 2011
1982 2011 2015
1997 1988 2006
1997 2006 2016
1988 1987 2005
1989 1988 1991
1984 1986 2012
1985 1997 2016
2012 1986 2017
2005 1987 1966
1983 1974 1978
1983 1978 1981
1974 2018 2013
1974 2013 1978
1973 2019 2018
2019 1975 1977
2018 1977 2003
2018 2003 2013
1995 2020 1962
1995 1962 1961
1996 1994 2010
1996 2010 1998
2001 1995 1996
2001 1996 2000
1966 1987 1967
1967 1993 1964
1977 1976 2001
1995 2002 2020
2019 1977 2018
1974 1973 2018
2021 2007 1980
2021 1980 2022
2023 2010 2009
2023 2009 2024
2025 1990 1992
2025 1992 2026
2022 1980 1979
2022 1979 2027
2028 2027 1979
2028 1979 2014
2014 2004 2029
2014 2029 2028
2004 1999 2030
2004 2030 2029
1999 1998 2031
1999 2031 2030
2028 2029 2032
2028 2032 2033
2024 2034 2035
2024 2035 2023
2022 2036 2037
2022 2037 2021
2038 2039 2040
2038 2040 2041
1971 2038 2041
1971 2041 1968
1968 2041 2026
1968 2026 1992
2023 2031 1998
2023 1998 2010
1990 2025 2024
1990 2024 2009
2042 2026 2041
2042 2041 2040
2043 2025 2026
2043 2026 2042
2044 2032 2029
2044 2029 2030
2022 2027 2045
2022 2045 2036
2034 2024 2025
2034 2025 2043
2030 2031 2046
2030 2046 2044
2027 2028 2033
2027 2033 2045
2035 2046 2031
2035 2031 2023
1969 1997 1984
2047 2048 2049
2047 2049 2050
2051 2052 2053
2051 2053 2054
2055 2056 2057
2055 2057 2058
2059 2048 2047
2059 2047 2060
2052 2061 2062
2052 2062 2053
2063 2064 2053
2063 2053 2062
2065 2066 2067
2068 2069 2070
2068 2070 2071
2072 2073 2074
2072 2074 2075
2076 2077 2078
2076 2078 2051
2052 2079 2080
2052 2080 2061
2070 2081 2082
2070 2082 2083
2084 2059 2060
2084 2060 2085
2061 2080 2085
2061 2085 2060
2083 2086 2071
2083 2071 2070
2087 2088 2082
2087 2082 2089
2086 2090 2091
2086 2091 2071
2092 2074 2073
2092 2073 2093
2089 2055 2058
2089 2058 2094
2095 2096 2092
2095 2092 2097
2098 2084 2085
2098 2085 2099
2100 2057 2056
2100 2056 2054
2047 2062 2061
2047 2061 2060
2062 2047 2050
2062 2050 2063
2055 2081 2096
2055 2096 2095
2069 2096 2081
2069 2081 2070
2056 2055 2095
2056 2095 2076
2079 2052 2051
2079 2051 2078
2101 2102 2066
2101 2066 2103
2097 2077 2076
2097 2076 2095
2104 2065 2067
2104 2067 2105
2099 2106 2107
2108 2109 2093
2108 2093 2073
2072 2075 2110
2072 2110 2111
2079 2102 2106
2079 2106 2080
2086 2083 2112
2086 2112 2113
2083 2082 2088
2083 2088 2112
2089 2082 2081
2089 2081 2055
2071 2091 2114
2071 2114 2068
2110 2075 2068
2110 2068 2114
2086 2113 2115
2080 2106 2085
2116 2087 2089
2116 2089 2094
2054 2053 2064
2054 2064 2100
2107 2106 2102
2107 2102 2101
2102 2079 2078
2102 2078 2066
2066 2078 2077
2066 2077 2067
2117 2118 2049
2117 2049 2048
2059 2119 2117
2059 2117 2048
2120 2084 2098
2120 2098 2121
2119 2059 2084
2119 2084 2120
2051 2054 2056
2051 2056 2076
2111 2122 2072
2072 2108 2073
2097 2105 2067
2097 2067 2077
2109 2104 2105
2109 2105 2093
2069 2068 2075
2069 2075 2074
2096 2069 2074
2096 2074 2092
2105 2097 2092
2105 2092 2093
2123 2115 2113
2122 2124 2108
2122 2108 2072
2085 2106 2099
2125 2109 2108
2125 2108 2124
2126 2104 2109
2126 2109 2125
2127 2065 2104
2127 2104 2126
2103 2065 2127
2103 2066 2065
2128 2129 2130
2128 2130 2131
2132 2133 2134
2132 2134 2135
2136 2137 2138
2136 2138 2139
2140 2141 2128
2140 2128 2131
2135 2134 2142
2135 2142 2143
2144 2142 2134
2144 2134 2145
2146 2147 2148
2149 2150 2151
2149 2151 2152
2153 2154 2155
2153 2155 2156
2157 2132 2158
2157 2158 2159
2135 2143 2160
2135 2160 2161
2151 2162 2163
2151 2163 2164
2165 2166 2141
2165 2141 2140
2143 2141 2166
2143 2166 2160
2162 2151 2150
2162 2150 2167
2168 2169 2163
2168 2163 2170
2167 2150 2171
2167 2171 2172
2173 2174 2156
2173 2156 2155
2169 2175 2137
2169 2137 2136
2176 2177 2173
2176 2173 2178
2179 2180 2166
2179 2166 2165
2181 2133 2139
2181 2139 2138
2128 2141 2143
2128 2143 2142
2142 2144 2129
2142 2129 2128
2136 2176 2178
2136 2178 2164
2152 2151 2164
2152 2164 2178
2139 2157 2176
2139 2176 2136
2161 2158 2132
2161 2132 2135
2182 2183 2148
2182 2148 2184
2177 2176 2157
2177 2157 2159
2185 2186 2147
2185 2147 2146
2180 2187 2188
2189 2156 2174
2189 2174 2190
2153 2191 2192
2153 2192 2154
2161 2160 2188
2161 2188 2184
2167 2193 2194
2167 2194 2162
2162 2194 2170
2162 2170 2163
2169 2136 2164
2169 2164 2163
2150 2149 2195
2150 2195 2171
2192 2195 2149
2192 2149 2154
2167 2172 2196
2160 2166 2188
2197 2175 2169
2197 2169 2168
2133 2181 2145
2133 2145 2134
2187 2182 2184
2187 2184 2188
2184 2148 2158
2184 2158 2161
2148 2147 2159
2148 2159 2158
2198 2131 2130
2198 2130 2199
2140 2131 2198
2140 2198 2200
2201 2202 2179
2201 2179 2165
2200 2201 2165
2200 2165 2140
2132 2157 2139
2132 2139 2133
2191 2153 2203
2153 2156 2189
2177 2159 2147
2177 2147 2186
2190 2174 2186
2190 2186 2185
2152 2155 2154
2152 2154 2149
2178 2173 2155
2178 2155 2152
2186 2174 2173
2186 2173 2177
2204 2193 2196
2203 2189 2205
2203 2153 2189
2166 2180 2188
2206 2205 2189
2206 2189 2190
2207 2206 2190
2207 2190 2185
2208 2207 2185
2208 2185 2146
2183 2208 2146
2183 2146 2148
2209 2210 2211
2209 2211 2212
2213 2214 2215
2216 2217 2218
2216 2218 2219
2220 2221 2222
2223 2224 2225
2226 2227 2228
2226 2228 2229
2230 2231 2221
2230 2221 2220
2232 2233 2234
2235 2236 2237
2238 2239 2240
2238 2240 2236
2214 2236 2235
2210 2209 2241
2210 2241 2242
2243 2244 2241
2243 2241 2209
2245 2232 2234
2239 2216 2219
2239 2219 2240
2246 2244 2247
2246 2247 2248
2243 2249 2250
2224 2251 2247
2224 2247 2250
2251 2252 2248
2251 2248 2247
2225 2250 2249
2237 2253 2254
2236 2214 2242
2213 2211 2210
2213 2210 2214
2227 2255 2256
2227 2256 2228
2236 2242 2257
2236 2257 2238
2242 2241 2258
2242 2258 2257
2231 2259 2255
2231 2255 2227
2260 2232 2219
2260 2219 2218
2219 2245 2240
2240 2245 2237
2226 2229 2261
2226 2261 2262
2262 2261 2252
2262 2252 2251
2230 2263 2259
2230 2259 2231
2245 2264 2253
2245 2253 2237
2237 2254 2235
2236 2240 2237
2232 2260 2233
2234 2264 2245
2260 2265 2233
2254 2215 2235
2231 2227 2226
2231 2226 2221
2221 2226 2262
2221 2262 2266
2222 2266 2267
2267 2224 2223
2266 2262 2251
2266 2251 2224
2243 2209 2212
2243 2212 2268
2244 2246 2258
2244 2258 2241
2250 2247 2244
2250 2244 2243
2215 2214 2235
2214 2210 2242
2224 2250 2225
2243 2268 2249
2267 2266 2224
2221 2266 2222
2269 2270 2228
2269 2228 2256
2271 2272 2257
2271 2257 2258
2273 2274 2239
2273 2239 2238
2270 2275 2229
2270 2229 2228
2276 2261 2229
2276 2229 2275
2261 2276 2277
2261 2277 2252
2252 2277 2278
2252 2278 2248
2248 2278 2279
2248 2279 2246
2276 2280 2281
2276 2281 2277
2272 2271 2282
2272 2282 2283
2270 2269 2284
2270 2284 2285
2286 2287 2288
2286 2288 2289
2217 2216 2287
2217 2287 2286
2216 2239 2274
2216 2274 2287
2271 2258 2246
2271 2246 2279
2238 2257 2272
2238 2272 2273
2290 2288 2287
2290 2287 2274
2291 2290 2274
2291 2274 2273
2292 2278 2277
2292 2277 2281
2270 2285 2293
2270 2293 2275
2283 2291 2273
2283 2273 2272
2278 2292 2294
2278 2294 2279
2275 2293 2280
2275 2280 2276
2282 2271 2279
2282 2279 2294
2219 2232 2245
2086 2115 2090
2167 2196 2193
2295 2296 2297
2295 2297 2298
2299 2300 2301
2299 2301 2302
2300 2299 2303
2300 2303 2304
2305 2306 2307
2308 2309 2307
2310 2311 2312
2310 2312 2313
2308 2314 2315
2308 2315 2296
2297 2296 2315
2297 2315 2316
2314 2308 2307
2314 2307 2306
2298 2297 2316
2298 2316 2317
2312 2311 2298
2312 2298 2317
2318 2319 2320
2298 2311 2321
2322 2304 2303
2313 2301 2300
2313 2300 2310
2323 2324 2325
2310 2300 2304
2310 2304 2318
2318 2320 2311
2318 2311 2310
2320 2326 2325
2318 2322 2319
2322 2318 2304
2303 2327 2322
2328 2323 2325
2326 2328 2325
2329 2330 2331
2329 2331 2332
2333 2334 2335
2333 2335 2336
2337 2338 2339
2337 2339 2340
2341 2342 2343
2341 2343 2344
2345 2302 2301
2345 2301 2346
2347 2345 2346
2347 2346 2348
2305 2349 2306
2350 2341 2344
2351 2313 2312
2351 2312 2352
2353 2344 2315
2353 2315 2314
2343 2316 2315
2343 2315 2344
2349 2353 2314
2349 2314 2306
2342 2317 2316
2342 2316 2343
2312 2317 2342
2312 2342 2352
2354 2355 2356
2357 2352 2358
2305 2337 2340
2305 2340 2359
2360 2347 2348
2313 2351 2346
2313 2346 2301
2355 2352 2357
2351 2354 2348
2351 2348 2346
2352 2355 2354
2352 2354 2351
2338 2333 2336
2338 2336 2339
2361 2356 2355
2349 2305 2359
2349 2359 2362
2354 2356 2360
2360 2348 2354
2341 2350 2363
2341 2363 2358
2347 2360 2364
2365 2366 2367
2361 2366 2365
2335 2334 2329
2335 2329 2332
2330 2368 2331
2369 2368 2330
2370 2371 2307
2370 2307 2309
2372 2305 2307
2372 2307 2371
2373 2337 2305
2373 2305 2372
2337 2373 2374
2337 2374 2338
2375 2333 2338
2375 2338 2374
2376 2334 2333
2376 2333 2375
2377 2329 2334
2377 2334 2376
2369 2330 2329
2369 2329 2377
2324 2323 2321
2352 2342 2358
2324 2320 2325
2311 2324 2321
2357 2367 2366
2367 2357 2358
2320 2319 2326
2361 2355 2366
2324 2311 2320
2355 2357 2366
2295 2321 2370
2295 2370 2309
2308 2296 2309
2350 2349 2362
2350 2362 2363
2353 2349 2350
2296 2295 2309
2353 2350 2344
2378 2379 2380
2381 2382 2383
2381 2383 2384
2385 2386 2387
2382 2388 2389
2382 2389 2383
2390 2391 2392
2390 2392 2393
2394 2395 2396
2394 2396 2387
2381 2384 2397
2381 2397 2398
2390 2393 2399
2390 2399 2400
2401 2398 2397
2397 2384 2402
2397 2402 2380
2403 2383 2389
2403 2389 2404
2405 2406 2399
2405 2399 2393
2407 2408 2409
2410 2395 2411
2394 2387 2412
2378 2413 2414
2378 2414 2379
2413 2378 2415
2416 2417 2418
2416 2418 2396
2387 2396 2418
2387 2418 2385
2386 2419 2420
2393 2392 2408
2393 2408 2405
2391 2421 2392
2422 2420 2407
2403 2402 2384
2403 2384 2383
2389 2399 2406
2389 2406 2404
2388 2400 2399
2388 2399 2389
2392 2421 2409
2401 2397 2423
2416 2410 2414
2416 2414 2413
2413 2417 2416
2410 2416 2396
2410 2396 2395
2394 2411 2395
2412 2386 2422
2412 2387 2386
2422 2386 2420
2407 2420 2408
2405 2408 2420
2405 2420 2419
2419 2424 2406
2419 2406 2405
2404 2406 2424
2404 2424 2425
2426 2403 2404
2426 2404 2425
2426 2415 2402
2426 2402 2403
2380 2402 2415
2380 2415 2378
2380 2423 2397
2380 2379 2423
2409 2408 2392
2417 2415 2426
2418 2417 2426
2418 2426 2425
2385 2418 2425
2385 2425 2424
2385 2419 2386
2424 2419 2385
2413 2415 2417
2427 2428 2429
2427 2429 2430
2429 2428 2431
2432 2433 2434
2434 2433 2435
2434 2435 2436
2437 2438 2439
2437 2439 2440
2440 2441 2442
2443 2444 2445
2443 2445 2446
2447 2431 2445
2447 2445 2444
2448 2429 2431
2449 2430 2429
2450 2451 2452
2450 2452 2453
2433 2452 2451
2433 2451 2435
2437 2434 2436
2437 2436 2438
2442 2432 2437
2446 2445 2428
2446 2428 2427
2431 2428 2445
2437 2440 2442
2453 2452 2433
2447 2454 2455
2454 2448 2455
2442 2441 2443
2442 2446 2427
2442 2427 2432
2432 2427 2430
2432 2430 2453
2450 2453 2430
2449 2450 2430
2432 2434 2437
2432 2453 2433
2448 2449 2429
2440 2439 2441
2442 2443 2446
2456 2457 2458
2456 2458 2459
2457 2456 2460
2457 2460 2461
2460 2462 2463
2461 2463 2464
2465 2464 2463
2465 2463 2466
2467 2468 2469
2470 2462 2460
2471 2472 2473
2474 2475 2476
2474 2476 2477
2463 2462 2478
2463 2478 2466
2470 2479 2478
2470 2478 2462
2469 2478 2479
2469 2479 2480
2481 2468 2472
2481 2482 2465
2481 2465 2466
2483 2484 2485
2483 2485 2486
2460 2463 2461
2476 2473 2487
2476 2487 2477
2468 2467 2488
2486 2474 2477
2486 2477 2483
2489 2490 2471
2489 2471 2491
2468 2473 2472
2469 2480 2467
2467 2492 2484
2481 2469 2468
2480 2492 2467
2489 2493 2490
2482 2481 2494
2492 2485 2484
2494 2481 2472
2490 2494 2472
2490 2493 2494
2478 2469 2481
2478 2481 2466
2483 2488 2467
2483 2467 2484
2487 2488 2483
2487 2483 2477
2468 2488 2487
2468 2487 2473
2476 2471 2473
2491 2471 2476
2491 2476 2475
2471 2490 2472
2495 2496 2497
2498 2499 2497
2498 2497 2500
2501 2502 2496
2498 2503 2504
2505 2506 2507
2508 2504 2503
2501 2505 2502
2502 2507 2500
2503 2507 2506
2500 2507 2498
2495 2501 2496
2507 2503 2498
2503 2506 2508
2505 2507 2502
2502 2500 2496
2509 2510 2511
2512 2513 2514
2512 2514 2515
2516 2517 2518
2515 2514 2519
2515 2519 2520
2521 2522 2523
2521 2523 2524
2525 2517 2526
2525 2526 2527
2512 2528 2529
2512 2529 2513
2521 2530 2531
2521 2531 2522
2532 2529 2528
2529 2510 2533
2529 2533 2513
2534 2535 2519
2534 2519 2514
2536 2522 2531
2536 2531 2537
2538 2539 2540
2541 2542 2527
2525 2543 2517
2509 2511 2544
2509 2544 2545
2545 2546 2509
2547 2526 2548
2547 2548 2549
2517 2516 2548
2517 2548 2526
2518 2550 2551
2522 2536 2540
2522 2540 2523
2524 2523 2552
2553 2538 2550
2534 2514 2513
2534 2513 2533
2519 2535 2537
2519 2537 2531
2520 2519 2531
2520 2531 2530
2523 2539 2552
2532 2554 2529
2547 2545 2544
2547 2544 2541
2545 2547 2549
2541 2527 2526
2541 2526 2547
2525 2527 2542
2543 2553 2518
2543 2518 2517
2553 2550 2518
2538 2540 2550
2536 2551 2550
2536 2550 2540
2551 2536 2537
2551 2537 2555
2535 2556 2555
2535 2555 2537
2557 2556 2535
2557 2535 2534
2557 2534 2533
2557 2533 2546
2510 2509 2546
2510 2546 2533
2510 2529 2554
2510 2554 2511
2539 2523 2540
2549 2557 2546
2548 2556 2557
2548 2557 2549
2516 2555 2556
2516 2556 2548
2516 2518 2551
2555 2516 2551
2545 2549 2546
2558 2559 2560
2558 2560 2561
2560 2562 2561
2563 2564 2565
2564 2566 2567
2564 2567 2565
2568 2569 2570
2568 2570 2571
2569 2572 2573
2574 2575 2576
2574 2576 2577
2578 2577 2576
2578 2576 2562
2579 2562 2560
2580 2560 2559
2581 2582 2583
2581 2583 2584
2565 2567 2584
2565 2584 2583
2568 2571 2566
2568 2566 2564
2572 2568 2563
2575 2558 2561
2575 2561 2576
2562 2576 2561
2568 2572 2569
2582 2565 2583
2578 2562 2585
2586 2585 2579
2572 2574 2573
2572 2563 2558
2572 2558 2575
2563 2582 2559
2563 2559 2558
2581 2559 2582
2580 2559 2581
2563 2568 2564
2563 2565 2582
2579 2560 2580
2569 2573 2570
2572 2575 2574
2587 2588 2589
2587 2589 2590
2590 2591 2592
2590 2592 2587
2592 2593 2594
2591 2595 2593
2596 2597 2593
2596 2593 2595
2598 2599 2600
2601 2592 2594
2602 2603 2604
2605 2606 2607
2605 2607 2608
2593 2597 2609
2593 2609 2594
2601 2594 2609
2601 2609 2610
2599 2611 2610
2599 2610 2609
2612 2604 2600
2612 2597 2596
2612 2596 2613
2614 2615 2616
2614 2616 2617
2592 2591 2593
2607 2606 2618
2607 2618 2603
2600 2619 2598
2615 2614 2606
2615 2606 2605
2620 2621 2602
2620 2602 2622
2600 2604 2603
2599 2598 2611
2598 2617 2623
2612 2600 2599
2611 2598 2623
2620 2622 2624
2613 2625 2612
2623 2617 2616
2625 2604 2612
2622 2604 2625
2622 2625 2624
2609 2597 2612
2609 2612 2599
2614 2617 2598
2614 2598 2619
2618 2606 2614
2618 2614 2619
2600 2618 2619
2600 2603 2618
2607 2603 2602
2621 2608 2607
2621 2607 2602
2602 2604 2622
2626 2627 2628
2629 2630 2627
2629 2627 2631
2632 2628 2633
2629 2634 2635
2636 2637 2638
2639 2635 2634
2632 2633 2636
2633 2630 2637
2635 2638 2637
2630 2629 2637
2626 2628 2632
2637 2629 2635
2635 2639 2638
2636 2633 2637
2633 2628 2630
2628 2627 2630
2497 2496 2500
2640 2641 2642
2640 2642 2643
2644 2645 2646
2647 2642 2641
2647 2641 2648
2647 2649 2642
2642 2650 2643
2649 2650 2642
2644 2651 2645
2645 2652 2646
2652 2645 2641
2652 2641 2640
2648 2641 2645
2648 2645 2651
2653 2654 2655
2656 2657 2658
2658 2659 2660
2658 2660 2654
2658 2654 2661
2658 2661 2656
2662 2659 2658
2662 2658 2657
2653 2661 2654
2654 2660 2655
2663 2664 2665
2666 2667 2668
2666 2668 2669
2669 2668 2670
2669 2670 2671
2672 2673 2669
2672 2669 2671
2674 2675 2676
2674 2676 2677
2663 2674 2677
2663 2677 2678
2679 2674 2663
2679 2663 2680
2675 2674 2679
2675 2679 2681
2682 2683 2684
2682 2684 2685
2667 2686 2687
2667 2687 2668
2686 2688 2687
2689 2670 2668
2689 2668 2687
2666 2669 2673
2666 2673 2690
2691 2685 2673
2691 2673 2672
2663 2678 2664
2665 2680 2663
2684 2692 2685
2691 2693 2685
2692 2690 2673
2692 2673 2685
2693 2694 2682
2693 2682 2685
2688 2695 2687
2695 2689 2687
2675 2682 2694
2675 2694 2676
2683 2682 2675
2683 2675 2681
2696 2697 2698
2696 2698 2699
2700 2701 2702
2703 2704 2699
2703 2699 2698
2703 2698 2705
2698 2697 2706
2705 2698 2706
2700 2702 2707
2702 2701 2708
2708 2696 2699
2708 2699 2702
2704 2707 2702
2704 2702 2699
2709 2710 2711
2712 2713 2714
2713 2711 2715
2713 2715 2716
2713 2712 2717
2713 2717 2711
2718 2713 2716
2718 2714 2713
2709 2711 2717
2711 2710 2715
2719 2720 2721
2722 2723 2724
2722 2724 2725
2723 2726 2727
2723 2727 2724
2728 2726 2723
2728 2723 2729
2730 2731 2732
2730 2732 2733
2719 2734 2731
2719 2731 2730
2735 2736 2719
2735 2719 2730
2733 2737 2735
2733 2735 2730
2738 2739 2740
2738 2740 2741
2725 2724 2742
2725 2742 2743
2743 2742 2744
2745 2742 2724
2745 2724 2727
2722 2746 2729
2722 2729 2723
2747 2728 2729
2747 2729 2739
2719 2721 2734
2720 2719 2736
2740 2739 2748
2747 2739 2749
2748 2739 2729
2748 2729 2746
2749 2739 2738
2749 2738 2750
2744 2742 2751
2751 2742 2745
2733 2732 2750
2733 2750 2738
2741 2737 2733
2741 2733 2738
2752 2753 2754
2752 2754 2755
2756 2757 2758
2756 2758 2759
2760 2752 2755
2760 2755 2761
2762 2763 2758
2762 2758 2757
2764 2760 2761
2764 2761 2765
2766 2763 2762
2766 2762 2767
2768 2769 2766
2768 2766 2767
2770 2771 2772
2770 2772 2773
2774 2769 2768
2774 2768 2775
2776 2770 2773
2776 2773 2777
2778 2779 2774
2778 2774 2775
2780 2776 2777
2780 2777 2781
2782 2780 2781
2782 2781 2783
2784 2779 2778
2784 2778 2785
2756 2759 2786
2756 2786 2787
2788 2789 2790
2788 2790 2791
2792 2791 2790
2792 2790 2793
2794 2764 2765
2794 2765 2795
2792 2793 2796
2792 2796 2797
2798 2794 2795
2798 2795 2799
2800 2797 2796
2800 2796 2801
2771 2798 2799
2771 2799 2772
2800 2801 2802
2800 2802 2803
2804 2803 2802
2804 2802 2805
2804 2805 2806
2804 2806 2807
2808 2809 2810
2808 2810 2811
2788 2812 2813
2788 2813 2789
2753 2808 2811
2753 2811 2754
2814 2815 2816
2814 2816 2817
2818 2819 2820
2818 2820 2821
2822 2814 2817
2822 2817 2823
2824 2825 2820
2824 2820 2819
2826 2822 2823
2826 2823 2827
2824 2828 2829
2824 2829 2825
2830 2831 2829
2830 2829 2828
2832 2833 2834
2832 2834 2835
2830 2836 2837
2830 2837 2831
2838 2832 2835
2838 2835 2839
2840 2841 2837
2840 2837 2836
2842 2838 2839
2842 2839 2843
2844 2842 2843
2844 2843 2845
2840 2846 2847
2840 2847 2841
2818 2821 2848
2818 2848 2849
2850 2851 2852
2850 2852 2853
2854 2853 2852
2854 2852 2855
2856 2826 2827
2856 2827 2857
2854 2855 2858
2854 2858 2859
2860 2856 2857
2860 2857 2861
2862 2859 2858
2862 2858 2863
2833 2860 2861
2833 2861 2834
2862 2863 2864
2862 2864 2865
2864 2866 2867
2864 2867 2865
2867 2866 2868
2867 2868 2869
2870 2871 2872
2870 2872 2873
2874 2851 2850
2874 2850 2875
2815 2870 2873
2815 2873 2816
2876 2877 2878
2876 2878 2879
2880 2881 2882
2880 2882 2883
2884 2876 2879
2884 2879 2885
2886 2887 2882
2886 2882 2881
2888 2884 2885
2888 2885 2889
2886 2890 2891
2886 2891 2887
2892 2893 2891
2892 2891 2890
2894 2895 2896
2894 2896 2897
2892 2898 2899
2892 2899 2893
2900 2894 2897
2900 2897 2901
2902 2903 2899
2902 2899 2898
2904 2900 2901
2904 2901 2905
2906 2904 2905
2906 2905 2907
2902 2908 2909
2902 2909 2903
2880 2883 2910
2880 2910 2911
2912 2913 2914
2912 2914 2915
2916 2915 2914
2916 2914 2917
2918 2888 2889
2918 2889 2919
2916 2917 2920
2916 2920 2921
2922 2918 2919
2922 2919 2923
2920 2924 2925
2920 2925 2921
2895 2922 2923
2895 2923 2896
2925 2924 2926
2925 2926 2927
2926 2928 2929
2926 2929 2927
2929 2928 2930
2929 2930 2931
2932 2933 2934
2932 2934 2935
2936 2913 2912
2936 2912 2937
2877 2932 2935
2877 2935 2878
2877 2876 2881
2877 2881 2880
2884 2886 2881
2884 2881 2876
2884 2888 2886
2888 2918 2890
2888 2890 2886
2922 2892 2890
2922 2890 2918
2922 2895 2892
2898 2892 2895
2898 2895 2894
2898 2894 2900
2898 2900 2902
2900 2904 2902
2904 2906 2908
2904 2908 2902
2932 2880 2911
2932 2911 2933
2932 2877 2880
2915 2879 2878
2915 2878 2912
2885 2879 2915
2885 2915 2916
2889 2885 2916
2921 2919 2889
2921 2889 2916
2923 2919 2921
2923 2921 2925
2896 2923 2925
2927 2897 2896
2927 2896 2925
2901 2897 2927
2901 2927 2929
2905 2901 2929
2931 2907 2905
2931 2905 2929
2937 2912 2935
2937 2935 2934
2878 2935 2912
2815 2814 2819
2815 2819 2818
2822 2824 2819
2822 2819 2814
2822 2826 2824
2826 2856 2828
2826 2828 2824
2860 2830 2828
2860 2828 2856
2860 2833 2830
2833 2832 2836
2833 2836 2830
2838 2840 2836
2838 2836 2832
2838 2842 2840
2842 2844 2846
2842 2846 2840
2870 2818 2849
2870 2849 2871
2870 2815 2818
2853 2817 2816
2853 2816 2850
2823 2817 2853
2823 2853 2854
2827 2823 2854
2859 2857 2827
2859 2827 2854
2861 2857 2859
2861 2859 2862
2834 2861 2862
2865 2835 2834
2865 2834 2862
2839 2835 2865
2839 2865 2867
2843 2839 2867
2843 2867 2869
2843 2869 2845
2875 2850 2873
2875 2873 2872
2816 2873 2850
2753 2752 2757
2753 2757 2756
2760 2762 2757
2760 2757 2752
2760 2764 2762
2767 2762 2764
2767 2764 2794
2798 2768 2767
2798 2767 2794
2798 2771 2768
2771 2770 2775
2771 2775 2768
2776 2778 2775
2776 2775 2770
2776 2780 2778
2780 2782 2785
2780 2785 2778
2808 2756 2787
2808 2787 2809
2808 2753 2756
2791 2755 2754
2791 2754 2788
2761 2755 2791
2761 2791 2792
2765 2761 2792
2797 2795 2765
2797 2765 2792
2799 2795 2797
2799 2797 2800
2772 2799 2800
2772 2800 2803
2772 2803 2773
2777 2773 2803
2777 2803 2804
2781 2777 2804
2807 2783 2781
2807 2781 2804
2811 2810 2812
2811 2812 2788
2754 2811 2788
2938 2939 2940
2940 2939 2941
2941 2939 2942
2942 2939 2943
2943 2939 2944
2944 2939 2945
2945 2939 2946
2946 2939 2947
2947 2939 2948
2948 2939 2949
2949 2939 2950
2951 2952 2953
2953 2952 2954
2954 2952 2955
2955 2952 2956
2956 2952 2957
2958 2952 2959
2959 2952 2960
2939 2938 2950
2952 2951 2961
2952 2962 2957
2952 2963 2962
2952 2958 2963
2952 2961 2960
2964 2965 2966
2964 2966 2967
2968 2969 2966
2968 2966 2970
2971 2972 2970
2973 2964 2967
2973 2967 2974
2975 2973 2974
2969 2976 2967
2969 2967 2966
2977 2970 2966
2977 2966 2965
2974 2967 2976
2974 2976 2978
2975 2974 2979
2979 2974 2978
2971 2970 2977
2970 2972 2968
2980 2981 2982
2980 2982 2983
2984 2985 2982
2984 2982 2986
2987 2981 2988
2981 2987 2986
2981 2986 2982
2985 2989 2983
2985 2983 2982
2981 2990 2988
2981 2980 2990
2991 2992 2993
2991 2993 2994
2984 2995 2993
2984 2993 2985
2996 2997 2994
2994 2993 2995
2994 2995 2996
2985 2993 2992
2985 2992 2989
2994 2997 2998
2994 2998 2991
2999 3000 3001
2999 3001 3002
2999 3002 3003
2999 3003 3004
2999 3004 3005
2999 3005 3006
2999 3006 3007
2999 3007 3008
2999 3008 3009
2999 3009 3010
2999 3010 3011
3012 3013 3014
3012 3014 3015
3012 3015 3016
3012 3016 3017
3012 3017 3018
3012 3019 3020
3012 3020 3021
2999 3011 3000
3012 3022 3013
3012 3018 3023
3012 3023 3024
3012 3024 3019
3012 3021 3022
3025 3026 3027
3025 3027 3028
3029 3030 3026
3028 3027 3031
3028 3031 3032
3031 3033 3034
3031 3034 3035
3036 3037 3035
3038 3027 3026
3038 3026 3039
3033 3031 3027
3033 3027 3038
3037 3032 3031
3037 3031 3035
3036 3035 3040
3040 3035 3034
3029 3026 3025
3026 3030 3039
3041 3042 3043
3044 3045 3046
3047 3048 3045
3047 3045 3049
3050 3051 3049
3050 3049 3045
3052 3053 3054
3052 3054 3055
3051 3056 3055
3051 3055 3049
3053 3052 3057
3053 3057 3058
3059 3043 3057
3059 3057 3060
3043 3042 3061
3059 3041 3043
3044 3050 3045
3046 3045 3048
3058 3057 3043
3058 3043 3061
3060 3057 3052
3060 3052 3062
3054 3047 3049
3054 3049 3055
3055 3056 3062
3055 3062 3052
3063 3064 3065
3066 3067 3068
3069 3070 3068
3069 3068 3071
3072 3068 3070
3072 3070 3073
3074 3075 3076
3074 3076 3077
3073 3070 3075
3073 3075 3078
3077 3079 3080
3077 3080 3074
3081 3082 3080
3081 3080 3064
3064 3083 3065
3081 3064 3063
3066 3068 3072
3067 3071 3068
3079 3083 3064
3079 3064 3080
3082 3084 3074
3082 3074 3080
3076 3075 3070
3076 3070 3069
3075 3074 3084
3075 3084 3078
3085 3086 3087
3086 3085 3088
3089 3090 3091
3092 3093 3094
3092 3094 3095
3093 3092 3096
3093 3096 3097
3089 3091 3098
3095 3099 3100
3095 3100 3092
3092 3100 3101
3092 3101 3096
3102 3103 3104
3102 3104 3105
3099 3095 3103
3099 3103 3102
3106 3107 3086
3106 3086 3108
3109 3103 3095
3109 3095 3094
3090 3089 3110
3087 3086 3107
3105 3104 3108
3105 3108 3111
3112 3104 3103
3112 3103 3109
3111 3108 3086
3111 3086 3088
3104 3112 3106
3104 3106 3108
3089 3098 3097
3089 3097 3096
3096 3101 3110
3096 3110 3089
3113 3114 3115
3115 3116 3113
3117 3118 3119
3120 3121 3122
3120 3122 3123
3124 3120 3123
3124 3123 3125
3117 3126 3118
3121 3120 3127
3121 3127 3128
3120 3124 3129
3120 3129 3127
3130 3116 3115
3130 3115 3131
3132 3130 3131
3132 3131 3133
3134 3121 3128
3134 3128 3135
3136 3137 3133
3136 3133 3131
3121 3134 3138
3121 3138 3122
3137 3138 3134
3137 3134 3133
3139 3115 3114
3140 3117 3119
3135 3132 3133
3135 3133 3134
3139 3136 3131
3139 3131 3115
3117 3124 3125
3117 3125 3126
3140 3129 3124
3140 3124 3117
2578 2585 2586
2579 2585 2562
2447 2455 2431
2455 2448 2431
3141 3142 3143
3144 3142 3145
3146 3142 3147
3148 3142 3149
3142 3146 3150
3142 3148 3151
3142 3144 3152
3142 3141 3153
3147 3142 3152
3145 3142 3151
3143 3142 3150
3142 3153 3149
3154 3155 3156
3157 3158 3156
3159 3160 3156
3161 3162 3156
3156 3163 3159
3156 3164 3161
3156 3165 3157
3156 3166 3154
3160 3165 3156
3158 3164 3156
3155 3163 3156
3156 3162 3166
3167 3168 3169
3169 3170 3171
3170 3172 3173
3172 3174 3175
3170 3174 3172
3174 3176 3177
3176 3178 3179
3174 3178 3176
3178 3180 3181
3180 3182 3183
3178 3182 3180
3182 3184 3185
3184 3168 3186
3182 3168 3184
3178 3168 3182
3174 3168 3178
3170 3168 3174
3169 3168 3170
1467 1373 1417
1373 1419 1417
1417 1419 1429
1417 1429 1415
1415 1429 1468
1415 1468 1427
1424 1468 1418
1418 1468 1394
1373 1467 1370
1419 1316 1429
1370 1467 1464
1594 1596 1691
1690 1689 1644
1690 1644 1539
1540 1644 1643
1540 1643 1712
1643 1694 1617
1643 1617 1712
1694 1649 1642
1694 1642 1617
1653 1617 1608
1394 1431 1384
1644 1540 1539
1689 1595 1640
1596 1595 1689
2358 2342 2341
2298 2321 2295
1263 1250 1262
1220 1207 1206
1933 1943 1942
1933 1883 1934
1834 1825 1833
1774 1825 1826
1772 1774 1783
1881 1883 1936
1840 1837 1838
1826 1780 1779
1823 1780 1834
1823 1775 1778
1842 1775 1840
1290 1360 1291
1948 1946 1884
1950 1884 1887
1884 1931 1885
1891 1931 1943
1934 1891 1933
1515 1584 1633
3187 3188 3189
3187 3189 3190
3191 3192 3193
3191 3193 3194
3195 3196 3197
3195 3197 3198
3192 3199 3200
3192 3200 3193
3194 3197 3196
3194 3196 3191
3201 3202 3203
3201 3203 3204
3187 3205 3206
3187 3206 3188
3207 3208 3209
3207 3209 3210
3207 3190 3189
3207 3189 3208
3211 3212 3200
3211 3200 3199
3204 3203 3212
3204 3212 3211
3213 3214 3202
3213 3202 3201
3215 3216 3195
3215 3195 3198
3206 3205 3216
3206 3216 3215
3214 3213 3217
3214 3217 3218
3219 3220 3221
3219 3221 3222
3223 3224 3225
3223 3225 3226
3226 3227 3228
3226 3228 3229
3220 3230 3231
3232 3233 3234
3232 3234 3235
3236 3237 3238
3236 3238 3239
3240 3232 3235
3240 3235 3241
3242 3243 3244
3242 3244 3245
3246 3228 3244
3242 3237 3236
3242 3236 3243
3234 3233 3220
3234 3220 3231
3238 3247 3239
3226 3229 3248
3226 3248 3223
3249 3227 3226
3249 3226 3225
3220 3233 3250
3220 3250 3221
3233 3232 3251
3233 3251 3250
3238 3237 3252
3238 3252 3253
3254 3238 3253
3254 3253 3255
3256 3254 3255
3256 3255 3257
3232 3240 3258
3232 3258 3251
3242 3245 3259
3242 3259 3260
3259 3245 3227
3259 3227 3249
3237 3242 3260
3237 3260 3252
3238 3254 3261
3262 3263 3264
3262 3264 3265
3266 3267 3268
3269 3270 3246
3269 3246 3271
3272 3273 3270
3256 3257 3274
3256 3274 3275
3276 3277 3256
3276 3256 3275
3261 3254 3256
3275 3274 3258
3275 3258 3240
3241 3276 3275
3241 3275 3240
3278 3279 3280
3281 3282 3283
3281 3283 3284
3285 3286 3287
3285 3288 3289
3264 3263 3290
3291 3266 3268
3291 3268 3292
3293 3294 3224
3293 3224 3223
3293 3223 3295
3273 3272 3296
3261 3256 3297
3238 3261 3247
3256 3277 3297
3298 3246 3244
3299 3248 3273
3299 3273 3300
3234 3231 3285
3234 3285 3301
3302 3288 3285
3302 3285 3231
3235 3279 3282
3235 3234 3301
3235 3301 3279
3276 3241 3281
3276 3281 3265
3277 3276 3265
3277 3265 3264
3303 3277 3264
3303 3264 3304
3277 3303 3297
3228 3227 3245
3228 3245 3244
3228 3270 3229
3229 3270 3273
3229 3273 3248
3243 3298 3244
3305 3292 3268
3305 3268 3239
3239 3268 3306
3239 3306 3236
3243 3236 3306
3243 3306 3298
3247 3305 3239
3228 3246 3270
3220 3219 3230
3223 3248 3295
3230 3302 3231
3248 3299 3295
3306 3307 3298
3283 3279 3278
3281 3284 3308
3241 3282 3281
3235 3282 3241
3283 3282 3279
3264 3290 3309
3264 3309 3304
3265 3308 3262
3301 3310 3280
3301 3280 3279
3281 3308 3265
3301 3285 3287
3301 3287 3310
3268 3267 3306
3311 3271 3246
3311 3246 3298
3312 3270 3269
3272 3270 3312
3273 3296 3300
3300 3296 3313
3306 3314 3307
3298 3307 3311
3306 3267 3314
3285 3289 3286
3289 3288 3315
3316 3317 3318
3316 3318 3319
3320 3321 3322
3320 3322 3323
3324 3325 3326
3324 3326 3327
3323 3322 3328
3323 3328 3329
3321 3320 3327
3321 3327 3326
3330 3331 3332
3330 3332 3333
3316 3319 3334
3316 3334 3335
3336 3337 3338
3336 3338 3339
3336 3339 3318
3336 3318 3317
3340 3329 3328
3340 3328 3341
3331 3340 3341
3331 3341 3332
3342 3330 3333
3342 3333 3343
3344 3325 3324
3344 3324 3345
3334 3344 3345
3334 3345 3335
3343 3346 3347
3343 3347 3342
3348 3349 3350
3348 3350 3351
3352 3353 3354
3352 3354 3355
3353 3356 3357
3353 3357 3358
3351 3359 3360
3361 3362 3363
3361 3363 3364
3365 3366 3367
3365 3367 3368
3369 3370 3362
3369 3362 3361
3371 3372 3373
3371 3373 3374
3375 3373 3357
3371 3374 3367
3371 3367 3366
3351 3364 3363
3351 3363 3359
3365 3368 3376
3353 3352 3377
3353 3377 3356
3378 3354 3353
3378 3353 3358
3351 3350 3379
3351 3379 3364
3364 3379 3380
3364 3380 3361
3365 3381 3382
3365 3382 3366
3383 3384 3381
3383 3381 3365
3385 3386 3384
3385 3384 3383
3361 3380 3387
3361 3387 3369
3371 3388 3389
3371 3389 3372
3389 3378 3358
3389 3358 3372
3366 3382 3388
3366 3388 3371
3365 3390 3383
3391 3392 3393
3391 3393 3394
3395 3396 3397
3398 3399 3375
3398 3375 3400
3401 3400 3402
3385 3403 3404
3385 3404 3386
3385 3405 3406
3385 3406 3403
3390 3385 3383
3403 3369 3387
3403 3387 3404
3403 3406 3370
3403 3370 3369
3407 3408 3409
3410 3411 3412
3410 3412 3413
3414 3415 3416
3414 3417 3418
3393 3419 3394
3420 3421 3396
3420 3396 3395
3422 3352 3355
3422 3355 3423
3422 3424 3352
3402 3425 3401
3390 3426 3385
3365 3376 3390
3385 3426 3405
3427 3373 3375
3428 3429 3402
3428 3402 3377
3414 3359 3363
3414 3363 3430
3431 3359 3414
3431 3414 3418
3362 3413 3409
3430 3363 3362
3430 3362 3409
3410 3370 3406
3410 3406 3392
3392 3406 3405
3392 3405 3393
3393 3405 3432
3393 3432 3433
3405 3426 3432
3357 3373 3372
3357 3372 3358
3357 3356 3400
3356 3377 3402
3356 3402 3400
3374 3373 3427
3434 3368 3396
3434 3396 3421
3368 3367 3435
3368 3435 3396
3435 3367 3374
3435 3374 3427
3376 3368 3434
3357 3400 3375
3351 3360 3348
3352 3424 3377
3360 3359 3431
3377 3424 3428
3435 3427 3436
3412 3407 3409
3410 3437 3411
3370 3410 3413
3362 3370 3413
3412 3409 3413
3393 3433 3438
3393 3438 3419
3392 3391 3437
3430 3409 3408
3430 3408 3439
3410 3392 3437
3415 3414 3430
3415 3430 3439
3396 3435 3397
3375 3399 3440
3375 3440 3427
3441 3398 3400
3401 3441 3400
3402 3429 3425
3429 3442 3425
3435 3436 3443
3427 3440 3436
3435 3443 3397
3414 3416 3417
3417 3444 3418
3445 3446 3447
3445 3447 3448
3449 3450 3451
3449 3451 3452
3453 3454 3455
3453 3455 3456
3457 3446 3445
3457 3445 3458
3459 3460 3461
3459 3461 3462
3463 3464 3465
3463 3465 3466
3467 3468 3469
3467 3469 3470
3471 3463 3466
3471 3466 3472
3468 3473 3474
3468 3474 3469
3475 3476 3477
3475 3477 3478
3479 3480 3481
3479 3481 3482
3483 3484 3485
3483 3485 3486
3487 3488 3489
3487 3489 3490
3491 3487 3490
3491 3490 3492
3493 3494 3495
3493 3495 3496
3497 3498 3499
3497 3499 3500
3501 3502 3503
3501 3503 3504
3454 3505 3506
3454 3506 3455
3476 3484 3483
3476 3483 3477
3473 3471 3472
3473 3472 3474
3505 3450 3449
3505 3449 3506
3502 3498 3497
3502 3497 3503
3507 3494 3493
3507 3493 3508
3509 3510 3511
3509 3511 3512
3513 3514 3515
3513 3515 3516
3517 3518 3519
3517 3519 3520
3521 3522 3523
3524 3520 3519
3525 3524 3519
3525 3519 3526
3527 3528 3529
3530 3531 3524
3530 3524 3525
3532 3533 3534
3535 3536 3537
3538 3539 3537
3540 3541 3542
3537 3543 3533
3542 3544 3538
3536 3545 3538
3536 3546 3545
3542 3547 3540
3548 3549 3550
3551 3523 3522
3548 3552 3553
3554 3555 3556
3554 3556 3557
3556 3540 3557
3557 3558 3559
3557 3559 3554
3540 3547 3558
3540 3558 3557
3553 3560 3561
3553 3561 3548
3562 3563 3564
3562 3564 3565
3566 3551 3567
3568 3567 3569
3566 3568 3570
3566 3570 3571
3571 3521 3523
3571 3523 3566
3572 3570 3573
3574 3575 3576
3574 3576 3577
3578 3579 3580
3581 3582 3583
3581 3583 3584
3585 3581 3584
3586 3585 3587
3586 3587 3588
3589 3590 3580
3591 3592 3586
3591 3586 3588
3585 3586 3581
3586 3592 3582
3586 3582 3581
3582 3592 3593
3582 3593 3579
3591 3594 3595
3591 3595 3596
3597 3598 3599
3600 3601 3602
3603 3594 3604
3603 3604 3600
3587 3604 3588
3604 3594 3588
3605 3606 3603
3607 3593 3596
3603 3600 3605
3600 3602 3608
3609 3610 3605
3611 3609 3612
3613 3609 3614
3615 3609 3616
3614 3615 3617
3618 3615 3619
3613 3614 3620
3613 3620 3621
3614 3622 3620
3623 3624 3625
3623 3625 3626
3625 3624 3627
3620 3628 3621
3620 3629 3630
3631 3632 3633
3631 3633 3634
3635 3630 3636
3629 3637 3636
3629 3636 3630
3551 3626 3638
3551 3638 3567
3639 3640 3638
3639 3638 3641
3639 3642 3643
3639 3643 3640
3644 3645 3632
3646 3647 3635
3636 3646 3635
3648 3642 3639
3648 3639 3649
3650 3651 3652
3653 3654 3655
3653 3655 3656
3650 3657 3658
3656 3657 3653
3659 3660 3661
3659 3661 3662
3650 3662 3651
3650 3658 3663
3658 3657 3646
3638 3640 3569
3638 3569 3567
3621 3664 3613
3569 3640 3643
3569 3643 3665
3622 3614 3617
3623 3626 3531
3666 3623 3531
3666 3531 3530
3667 3668 3666
3669 3528 3527
3670 3528 3667
3671 3672 3673
3674 3675 3676
3674 3676 3677
3677 3556 3555
3677 3555 3674
3670 3543 3678
3679 3670 3678
3679 3678 3680
3681 3680 3682
3678 3539 3683
3680 3683 3684
3676 3671 3685
3676 3685 3686
3682 3680 3684
3682 3684 3687
3539 3538 3544
3660 3659 3688
3660 3688 3689
3689 3688 3690
3689 3690 3691
3692 3690 3693
3694 3695 3696
3697 3698 3699
3700 3701 3702
3700 3702 3703
3704 3705 3700
3704 3700 3703
3701 3700 3706
3701 3706 3707
3707 3706 3585
3707 3585 3708
3709 3706 3700
3709 3700 3705
3706 3587 3585
3710 3711 3583
3710 3583 3578
3583 3711 3712
3583 3712 3584
3584 3712 3708
3584 3708 3585
3601 3587 3709
3705 3713 3714
3705 3714 3709
3713 3715 3716
3709 3714 3601
3618 3717 3617
3718 3717 3719
3718 3720 3721
3694 3722 3723
3696 3699 3724
3696 3724 3725
3699 3726 3727
3699 3727 3724
3725 3728 3696
3717 3728 3617
3629 3622 3725
3637 3629 3725
3637 3725 3724
3724 3727 3729
3724 3729 3637
3663 3636 3637
3663 3637 3729
3544 3730 3683
3683 3730 3686
3683 3686 3684
3667 3731 3543
3667 3543 3670
3543 3731 3533
3639 3641 3732
3639 3732 3649
3568 3566 3567
3565 3569 3665
3565 3665 3562
3706 3709 3587
3636 3658 3646
3650 3663 3662
3662 3663 3729
3662 3729 3659
3659 3729 3727
3659 3727 3688
3688 3727 3726
3688 3726 3690
3690 3726 3733
3690 3733 3693
3620 3622 3629
3686 3685 3687
3686 3687 3684
3541 3677 3730
3730 3676 3686
3540 3556 3541
3541 3544 3542
3564 3573 3568
3564 3568 3565
3565 3568 3569
3600 3608 3605
3539 3543 3537
3734 3735 3736
3737 3738 3736
3547 3739 3549
3740 3734 3736
3535 3741 3536
3532 3537 3533
3742 3743 3744
3745 3740 3741
3746 3516 3515
3514 3747 3515
3748 3635 3749
3647 3632 3749
3749 3632 3748
3632 3631 3748
3634 3750 3751
3750 3611 3751
3610 3611 3598
3594 3591 3588
3595 3594 3603
3595 3603 3597
3595 3599 3596
3610 3598 3606
3607 3752 3590
3607 3590 3589
3607 3753 3752
3593 3589 3579
3593 3592 3591
3593 3591 3596
3578 3583 3582
3578 3582 3579
3754 3742 3534
3564 3563 3755
3564 3755 3575
3564 3574 3573
3571 3570 3756
3571 3756 3757
3521 3571 3757
3521 3757 3747
3521 3747 3517
3521 3517 3520
3519 3758 3526
3560 3559 3558
3560 3558 3561
3652 3759 3654
3652 3654 3653
3635 3628 3630
3758 3743 3742
3741 3740 3736
3741 3760 3745
3741 3736 3738
3761 3737 3762
3549 3762 3550
3548 3561 3549
3546 3737 3739
3561 3558 3549
3657 3645 3644
3657 3656 3645
3657 3644 3647
3652 3653 3657
3763 3631 3751
3763 3621 3748
3714 3602 3601
3546 3738 3737
3735 3737 3736
3625 3627 3732
3625 3732 3641
3625 3641 3638
3625 3638 3626
3728 3721 3722
3722 3764 3723
3619 3714 3719
3719 3714 3713
3719 3713 3718
3718 3713 3716
3718 3716 3765
3618 3619 3719
3618 3719 3717
3746 3572 3766
3676 3675 3672
3672 3671 3676
3693 3767 3692
3692 3691 3690
3518 3517 3514
3514 3758 3518
3513 3743 3514
3768 3710 3578
3768 3578 3580
3769 3576 3575
3769 3575 3755
3572 3746 3756
3756 3746 3757
3611 3750 3598
3621 3628 3748
3599 3595 3597
3574 3577 3766
3574 3766 3572
3574 3572 3573
3564 3575 3574
3520 3524 3522
3522 3531 3551
3521 3520 3522
3626 3551 3531
3514 3517 3747
3515 3757 3746
3519 3518 3758
3670 3679 3528
3667 3528 3668
3514 3743 3758
3525 3526 3754
3525 3754 3770
3530 3525 3770
3530 3770 3731
3666 3530 3731
3666 3731 3667
3742 3754 3526
3758 3742 3526
3668 3623 3666
3537 3532 3535
3744 3760 3534
3533 3770 3534
3742 3744 3534
3731 3770 3533
3770 3754 3534
3522 3524 3531
3737 3761 3739
3547 3545 3739
3545 3546 3739
3548 3550 3552
3735 3762 3737
3762 3549 3761
3761 3549 3739
3623 3668 3624
3624 3771 3627
3728 3622 3617
3600 3604 3601
3602 3619 3608
3598 3753 3599
3609 3611 3610
3609 3613 3612
3763 3751 3664
3609 3615 3614
3615 3618 3617
3620 3630 3628
3616 3608 3619
3619 3615 3616
3619 3602 3714
3605 3608 3616
3609 3605 3616
3598 3597 3606
3605 3610 3606
3606 3597 3603
3589 3580 3579
3539 3544 3683
3680 3678 3683
3544 3541 3730
3545 3542 3538
3543 3539 3678
3558 3547 3549
3536 3738 3546
3741 3738 3536
3536 3538 3537
3535 3532 3760
3760 3532 3534
3744 3745 3760
3741 3535 3760
3743 3745 3744
3651 3759 3652
3657 3647 3646
3650 3652 3657
3647 3749 3635
3647 3644 3632
3751 3612 3664
3621 3763 3664
3612 3613 3664
3631 3634 3751
3645 3633 3632
3748 3628 3635
3662 3661 3651
3622 3728 3725
3728 3722 3696
3728 3717 3721
3587 3601 3604
3743 3740 3745
3568 3573 3570
3599 3753 3596
3607 3596 3753
3572 3756 3570
3566 3523 3551
3631 3763 3748
3636 3663 3658
3542 3545 3547
3730 3677 3676
3541 3556 3677
3482 3481 3501
3482 3501 3504
3695 3699 3696
3695 3697 3699
3485 3480 3479
3485 3479 3486
3698 3733 3726
3698 3726 3699
3496 3495 3491
3496 3491 3492
3713 3705 3715
3705 3704 3715
3452 3451 3457
3452 3457 3458
3624 3668 3771
3447 3467 3470
3447 3470 3448
3679 3681 3529
3528 3679 3529
3499 3507 3508
3499 3508 3500
3720 3764 3721
3718 3765 3720
3718 3721 3717
3694 3696 3722
3611 3612 3751
3515 3747 3757
3772 3773 3774
3772 3774 3775
3776 3777 3775
3776 3775 3774
3778 3779 3780
3778 3780 3781
3782 3783 3784
3782 3784 3785
3783 3786 3787
3783 3787 3784
3788 3789 3790
3788 3790 3791
3792 3793 3794
3792 3794 3795
3792 3796 3797
3792 3797 3793
3793 3797 3798
3796 3792 3799
3800 3801 3802
3798 3797 3803
3798 3803 3804
3805 3806 3807
3808 3809 3810
3811 3812 3813
3814 3815 3816
3817 3818 3819
3817 3819 3820
3821 3822 3803
3821 3803 3823
3824 3825 3826
3824 3826 3827
3828 3829 3830
3828 3830 3831
3832 3833 3834
3832 3834 3835
3836 3837 3806
3836 3806 3805
3838 3839 3840
3838 3840 3841
3842 3808 3810
3842 3810 3843
3844 3845 3846
3844 3846 3847
3848 3849 3850
3848 3850 3796
3851 3852 3853
3851 3853 3816
3854 3855 3815
3854 3815 3856
3857 3858 3859
3857 3859 3860
3861 3862 3811
3861 3811 3813
3863 3864 3820
3863 3820 3819
3865 3866 3867
3865 3867 3868
3869 3870 3871
3869 3871 3872
3819 3818 3873
3874 3872 3871
3856 3874 3871
3875 3859 3876
3877 3825 3830
3878 3879 3880
3878 3880 3881
3882 3883 3884
3882 3884 3885
3886 3887 3888
3886 3888 3889
3890 3891 3892
3890 3892 3893
3894 3895 3896
3894 3896 3897
3898 3899 3900
3898 3900 3901
3902 3903 3904
3902 3904 3905
3906 3907 3908
3906 3908 3909
3910 3911 3912
3910 3912 3913
3914 3915 3916
3914 3916 3917
3918 3919 3920
3918 3920 3921
3922 3923 3924
3922 3924 3925
3926 3927 3928
3926 3928 3929
3930 3931 3932
3930 3932 3933
3934 3935 3936
3934 3936 3937
3938 3939 3940
3938 3940 3941
3942 3943 3944
3942 3944 3945
3946 3947 3948
3946 3948 3949
3950 3951 3952
3950 3952 3953
3954 3955 3956
3954 3956 3957
3958 3959 3960
3958 3960 3961
3962 3963 3964
3962 3964 3965
3966 3967 3968
3966 3968 3969
3970 3971 3972
3970 3972 3973
3974 3975 3976
3974 3976 3977
3978 3979 3980
3978 3980 3981
3982 3983 3984
3982 3984 3985
3986 3987 3988
3986 3988 3989
3990 3991 3992
3990 3992 3993
3994 3995 3996
3994 3996 3997
3998 3999 4000
3998 4000 4001
4002 4003 4004
4002 4004 4005
4006 4007 4008
4006 4008 4009
4010 4011 4012
4010 4012 4013
4014 4015 4016
4014 4016 4017
4018 4019 4020
4018 4020 4021
4022 4023 4024
4022 4024 4025
4026 4027 4028
4026 4028 4029
4030 4031 4032
4030 4032 4033
4034 4035 4036
4034 4036 4037
4038 4039 4040
4038 4040 4041
4042 4043 4044
4042 4044 4045
4046 4047 4048
4046 4048 4049
4050 4051 4052
4050 4052 4053
4054 4055 4056
4054 4056 4057
4058 4059 4060
4058 4060 4061
4062 4063 4064
4062 4064 4065
4066 4067 4068
4066 4068 4069
4070 4071 4072
4070 4072 4073
4074 4075 4076
4074 4076 4077
4078 4079 4080
4078 4080 4081
4082 4083 4084
4082 4084 4085
4086 4087 4088
4086 4088 4089
4090 4091 4092
4090 4092 4093
4094 4095 4096
4094 4096 4097
4098 4099 4100
4098 4100 4101
4102 4103 4104
4102 4104 4105
4106 4107 4108
4106 4108 4109
4110 4111 4112
4110 4112 4113
4114 4115 4116
4114 4116 4117
4118 4119 4120
4118 4120 4121
4122 4123 4124
4122 4124 4125
4126 4127 4128
4126 4128 4129
4130 4131 4132
4130 4132 4133
3826 4134 3822
4135 4136 4137
4135 4137 4138
4139 4140 4141
4139 4141 4142
3795 3794 3801
3795 3801 3800
3804 3803 3822
4134 3804 3822
3848 3796 3799
3848 3799 3876
3875 3860 3859
3859 3848 3876
3811 3875 3812
3811 3860 3875
3816 3853 3814
3814 3874 3856
3814 3856 3815
3853 3812 3814
3853 3813 3812
3868 3867 3817
3820 3868 3817
3867 3872 3874
3867 3874 3817
3807 3806 3832
3807 3832 3835
3808 3840 3809
3839 3805 3807
3840 3839 3807
3840 3807 3809
3846 3845 4143
3845 3810 3809
3845 3809 4143
3877 3829 3846
3877 3846 4143
3877 3830 3829
4134 3826 3825
3877 4134 3825
4144 4145 4146
4145 4144 4147
4145 4147 4148
4149 4150 4151
4144 4152 4153
4144 4153 4147
4154 4155 4156
4157 4155 4158
4159 4160 4161
4155 4162 4163
4159 4157 4160
4164 4165 4166
4164 4167 4168
4169 4170 4171
4169 4171 4172
4171 4170 4159
4170 4169 4173
4170 4173 4174
4159 4170 4174
4159 4174 4175
4167 4164 4176
4177 4178 4179
4180 4181 4182
4180 4183 4181
4180 4146 4184
4146 4180 4185
4186 4187 4188
4186 4188 4189
4187 4190 4191
4187 4191 4188
4192 4193 4190
4192 4190 4187
4186 4194 4192
4186 4192 4187
4186 4195 4194
4192 4196 4197
4192 4197 4193
4198 4196 4192
4198 4192 4194
4196 4198 4199
4196 4199 4200
4201 4202 4200
4201 4200 4199
4200 4202 4203
4200 4203 4204
4201 4205 4206
4201 4206 4202
4202 4206 4207
4208 4209 4210
4208 4210 4211
4210 4212 4211
4206 4205 4213
4206 4214 4215
4216 4217 4214
4215 4214 4217
4215 4217 4218
4182 4181 4219
4182 4219 4209
4220 4221 4219
4220 4219 4222
4220 4222 4223
4220 4223 4224
4225 4226 4227
4228 4229 4220
4228 4220 4224
4230 4231 4232
4231 4233 4234
4230 4235 4236
4227 4231 4236
4237 4238 4239
4237 4239 4240
4230 4232 4240
4230 4241 4235
4235 4216 4236
4219 4181 4183
4219 4183 4222
4205 4201 4242
4183 4243 4223
4183 4223 4222
4207 4203 4202
4208 4152 4209
4152 4208 4244
4152 4244 4153
4245 4244 4246
4247 4151 4246
4248 4245 4151
4249 4250 4251
4252 4253 4254
4252 4254 4255
4253 4252 4172
4253 4172 4171
4248 4256 4163
4257 4258 4256
4257 4256 4248
4259 4258 4257
4256 4260 4158
4258 4261 4260
4254 4262 4263
4254 4263 4249
4264 4265 4261
4264 4261 4258
4158 4160 4157
4238 4266 4267
4238 4267 4239
4266 4268 4269
4266 4269 4267
4270 4271 4269
4272 4273 4274
4275 4276 4277
4278 4279 4280
4278 4280 4281
4282 4279 4278
4282 4278 4283
4281 4284 4285
4281 4285 4278
4284 4191 4190
4284 4190 4285
4278 4285 4286
4278 4286 4283
4285 4190 4193
4285 4193 4286
4197 4287 4286
4197 4286 4193
4283 4286 4287
4283 4287 4288
4288 4289 4290
4203 4291 4292
4203 4292 4204
4293 4292 4291
4293 4294 4295
4272 4296 4297
4273 4298 4299
4273 4299 4276
4276 4299 4300
4276 4300 4301
4298 4273 4302
4291 4203 4302
4215 4298 4207
4218 4299 4298
4218 4298 4215
4299 4218 4303
4299 4303 4300
4241 4303 4218
4241 4218 4217
4160 4260 4304
4260 4261 4262
4260 4262 4304
4163 4305 4245
4163 4245 4248
4163 4162 4305
4220 4229 4306
4220 4306 4221
4178 4177 4243
4178 4243 4183
4217 4216 4235
4230 4240 4241
4240 4239 4303
4240 4303 4241
4239 4267 4300
4239 4300 4303
4267 4269 4301
4267 4301 4300
4269 4271 4307
4269 4307 4301
4206 4215 4207
4265 4263 4262
4265 4262 4261
4161 4304 4253
4304 4262 4254
4159 4161 4171
4178 4180 4184
4178 4183 4180
4196 4200 4204
4196 4204 4197
4158 4155 4163
4175 4156 4157
4154 4162 4155
4308 4156 4309
4310 4145 4311
4312 4225 4216
4312 4216 4213
4226 4242 4313
4313 4201 4199
4198 4194 4314
4315 4179 4184
4315 4184 4316
4176 4174 4173
4317 4231 4234
4216 4214 4213
4145 4308 4311
4156 4308 4154
4164 4166 4174
4236 4225 4227
4306 4212 4210
4306 4210 4221
4210 4209 4219
4210 4219 4221
4302 4297 4294
4297 4296 4318
4297 4318 4294
4204 4292 4287
4204 4287 4197
4292 4293 4288
4292 4288 4287
4293 4319 4289
4293 4289 4288
4254 4251 4255
4251 4254 4249
4271 4270 4320
4270 4269 4268
4321 4195 4186
4321 4186 4189
4184 4146 4310
4205 4312 4213
4184 4310 4316
4146 4185 4144
4185 4182 4152
4209 4152 4182
4145 4310 4146
4248 4151 4257
4245 4246 4151
4148 4322 4154
4322 4147 4153
4322 4153 4305
4305 4153 4244
4305 4244 4245
4308 4148 4154
4145 4148 4308
4246 4244 4208
4162 4154 4322
4305 4162 4322
4185 4152 4144
4164 4168 4165
4309 4156 4165
4208 4211 4246
4211 4212 4323
4302 4203 4207
4206 4213 4214
4158 4260 4160
4258 4260 4256
4160 4304 4161
4163 4256 4158
4174 4166 4175
4156 4155 4157
4232 4231 4317
4236 4216 4225
4230 4236 4231
4205 4242 4312
4312 4242 4226
4240 4232 4237
4207 4298 4302
4302 4273 4297
4302 4294 4291
4311 4308 4309
4180 4182 4185
4217 4235 4241
4304 4254 4253
4161 4253 4171
4274 4273 4276
4274 4276 4275
4277 4301 4307
4277 4276 4301
4288 4290 4283
4283 4290 4282
4211 4323 4246
4257 4150 4259
4151 4150 4257
4295 4294 4318
4293 4295 4319
4293 4291 4294
4272 4297 4273
4233 4324 4168
4233 4227 4324
4324 4165 4168
4231 4227 4233
4325 4326 4327
4325 4327 4328
4329 4330 4331
4329 4331 4332
4333 4329 4332
4333 4332 4334
4327 4335 4336
4327 4336 4328
4337 4338 4339
4337 4339 4340
4330 4337 4340
4330 4340 4331
4335 4333 4334
4335 4334 4336
4341 4342 4343
4341 4343 4344
4345 4346 4347
4345 4347 4348
4349 4345 4348
4349 4348 4350
4351 4349 4350
4351 4350 4352
4353 4341 4344
4353 4344 4354
4355 4353 4354
4355 4354 4356
4346 4355 4356
4346 4356 4347
4357 4358 4359
4357 4359 4360
3669 3668 3528
3681 3679 3680
3668 3669 3771
3722 3721 3764
4259 4264 4258
4247 4149 4151
4323 4247 4246
4314 4313 4199
4314 4199 4198
4225 4312 4226
4313 4242 4201
4156 4166 4165
4148 4147 4322
4159 4175 4157
4175 4166 4156
4195 4314 4194
4176 4164 4174
4178 4184 4179
4361 4362 4363
4361 4363 4364
4364 4365 4366
4364 4366 4361
3607 3589 3593
4367 4368 4369
4367 4369 4370
4371 4372 4373
4371 4373 4374
4375 4376 4377
4375 4377 4378
4379 4380 4369
4379 4369 4368
4381 4382 4383
4381 4383 4384
4385 4386 4387
4385 4387 4388
4389 4390 4391
4389 4391 4392
4393 4394 4386
4393 4386 4385
4392 4391 4395
4392 4395 4396
4397 4398 4399
4397 4399 4400
4401 4402 4403
4401 4403 4404
4405 4406 4407
4405 4407 4408
4409 4410 4411
4409 4411 4412
4413 4414 4410
4413 4410 4409
4415 4416 4417
4415 4417 4418
4419 4420 4421
4419 4421 4422
4423 4424 4425
4423 4425 4426
4378 4377 4427
4378 4427 4428
4400 4399 4407
4400 4407 4406
4396 4395 4394
4396 4394 4393
4428 4427 4373
4428 4373 4372
4426 4425 4421
4426 4421 4420
4429 4430 4417
4429 4417 4416
4431 4432 4433
4431 4433 4434
4435 4436 4437
4435 4437 4438
4439 4440 4441
4439 4441 4442
4443 4444 4445
4446 4441 4440
4441 4446 4447
4441 4447 4448
4449 4450 4451
4446 4452 4453
4446 4453 4447
4454 4455 4456
4457 4458 4459
4460 4458 4461
4462 4463 4464
4458 4456 4465
4463 4460 4466
4459 4460 4467
4459 4467 4468
4463 4462 4469
4470 4471 4472
4473 4445 4444
4470 4474 4475
4476 4477 4478
4476 4478 4479
4478 4477 4462
4477 4476 4480
4477 4480 4481
4462 4477 4481
4462 4481 4469
4474 4470 4482
4474 4482 4483
4484 4485 4486
4484 4486 4487
4488 4489 4473
4490 4491 4489
4488 4492 4490
4488 4493 4492
4493 4444 4443
4493 4488 4444
4494 4495 4492
4496 4497 4498
4496 4498 4499
4500 4501 4502
4503 4504 4505
4503 4505 4506
4507 4504 4503
4508 4509 4510
4508 4510 4507
4511 4501 4512
4513 4509 4508
4513 4508 4514
4507 4503 4508
4508 4503 4506
4508 4506 4514
4506 4502 4515
4506 4515 4514
4516 4517 4513
4516 4513 4518
4519 4520 4521
4522 4523 4524
4525 4522 4526
4525 4526 4517
4510 4509 4526
4526 4509 4517
4527 4525 4528
4529 4518 4515
4525 4527 4522
4522 4530 4523
4531 4527 4532
4533 4534 4531
4535 4536 4531
4537 4538 4531
4536 4539 4537
4540 4541 4537
4535 4542 4543
4535 4543 4536
4536 4543 4544
4545 4546 4547
4545 4547 4548
4547 4549 4548
4543 4542 4550
4543 4551 4552
4553 4554 4555
4553 4555 4556
4557 4558 4551
4552 4551 4558
4552 4558 4559
4473 4489 4560
4473 4560 4546
4561 4562 4560
4561 4560 4563
4561 4563 4564
4561 4564 4565
4566 4556 4567
4568 4557 4569
4558 4557 4568
4570 4571 4561
4570 4561 4565
4572 4573 4574
4575 4576 4577
4575 4577 4578
4572 4579 4580
4576 4575 4580
4581 4582 4583
4581 4583 4584
4572 4574 4584
4572 4585 4579
4579 4568 4580
4560 4489 4491
4560 4491 4563
4542 4535 4586
4491 4587 4564
4491 4564 4563
4544 4539 4536
4545 4452 4546
4452 4545 4588
4452 4588 4453
4589 4588 4590
4591 4449 4451
4592 4589 4451
4593 4594 4595
4596 4597 4598
4596 4598 4599
4597 4596 4479
4597 4479 4478
4592 4600 4465
4601 4602 4600
4601 4600 4592
4603 4604 4602
4600 4605 4461
4602 4606 4605
4598 4607 4608
4598 4608 4593
4604 4609 4606
4604 4606 4602
4461 4466 4460
4582 4610 4611
4582 4611 4583
4610 4612 4613
4610 4613 4611
4614 4615 4613
4616 4617 4618
4619 4620 4621
4622 4623 4624
4622 4624 4625
4626 4623 4622
4626 4622 4627
4625 4628 4629
4625 4629 4622
4628 4630 4507
4628 4507 4629
4622 4629 4631
4622 4631 4627
4629 4507 4510
4632 4500 4505
4632 4505 4633
4505 4504 4634
4505 4634 4633
4504 4630 4634
4504 4507 4630
4524 4631 4510
4627 4631 4635
4627 4635 4636
4636 4637 4638
4631 4524 4635
4540 4539 4639
4640 4641 4639
4640 4642 4643
4616 4644 4645
4617 4646 4647
4617 4647 4620
4620 4647 4648
4620 4648 4649
4646 4617 4650
4639 4539 4650
4552 4646 4544
4559 4647 4646
4559 4646 4552
4647 4559 4651
4647 4651 4648
4585 4651 4559
4585 4559 4558
4466 4605 4652
4605 4606 4607
4605 4607 4652
4465 4653 4589
4465 4589 4592
4465 4456 4653
4561 4571 4654
4561 4654 4562
4490 4489 4488
4485 4484 4587
4485 4587 4491
4629 4510 4631
4558 4568 4579
4572 4584 4585
4584 4583 4651
4584 4651 4585
4583 4611 4648
4583 4648 4651
4611 4613 4649
4611 4649 4648
4613 4615 4655
4613 4655 4649
4543 4552 4544
4609 4608 4607
4609 4607 4606
4464 4652 4597
4652 4607 4598
4462 4464 4478
4464 4463 4466
4486 4485 4490
4486 4490 4495
4485 4491 4490
4522 4527 4530
4461 4458 4465
4656 4657 4658
4659 4657 4660
4469 4472 4661
4662 4657 4656
4457 4459 4663
4454 4456 4458
4664 4665 4666
4667 4663 4662
4668 4437 4436
4438 4437 4669
4670 4671 4557
4569 4671 4556
4671 4670 4556
4556 4670 4553
4554 4672 4673
4673 4672 4533
4532 4521 4533
4517 4509 4513
4516 4519 4525
4516 4525 4517
4516 4518 4520
4532 4528 4521
4512 4674 4529
4512 4529 4511
4529 4674 4675
4515 4502 4511
4515 4518 4513
4515 4513 4514
4500 4502 4506
4500 4506 4505
4676 4455 4664
4677 4487 4486
4677 4486 4497
4486 4495 4498
4678 4492 4493
4678 4493 4679
4679 4493 4443
4679 4443 4669
4443 4440 4439
4443 4439 4669
4441 4448 4680
4483 4482 4481
4483 4481 4480
4578 4681 4573
4578 4573 4575
4557 4551 4550
4680 4664 4666
4663 4657 4662
4663 4667 4682
4663 4660 4657
4683 4684 4659
4472 4471 4684
4470 4472 4482
4468 4661 4659
4482 4472 4481
4580 4566 4567
4580 4567 4576
4580 4569 4566
4573 4580 4575
4685 4672 4553
4685 4670 4542
4635 4524 4523
4468 4659 4660
4658 4657 4659
4654 4549 4547
4654 4547 4562
4547 4546 4560
4547 4560 4562
4650 4645 4642
4645 4644 4686
4541 4641 4635
4641 4640 4636
4641 4636 4635
4640 4687 4637
4640 4637 4636
4540 4641 4541
4540 4639 4641
4668 4688 4494
4598 4595 4599
4595 4598 4593
4615 4614 4689
4614 4613 4612
4442 4438 4439
4438 4442 4680
4435 4438 4666
4690 4501 4500
4690 4500 4632
4497 4496 4691
4497 4691 4677
4494 4678 4668
4678 4679 4668
4533 4521 4673
4542 4670 4550
4520 4519 4516
4688 4499 4498
4688 4498 4494
4498 4495 4494
4486 4498 4497
4440 4445 4446
4445 4473 4452
4443 4445 4440
4546 4452 4473
4438 4669 4439
4437 4668 4679
4441 4680 4442
4592 4451 4601
4589 4590 4451
4438 4680 4666
4676 4448 4447
4676 4447 4692
4692 4447 4453
4692 4453 4653
4653 4453 4588
4653 4588 4589
4664 4448 4676
4680 4448 4664
4590 4588 4545
4458 4457 4454
4665 4455 4682
4456 4455 4692
4664 4455 4665
4653 4456 4692
4692 4455 4676
4445 4452 4446
4659 4661 4683
4469 4661 4467
4467 4661 4468
4470 4475 4471
4658 4659 4684
4684 4683 4472
4683 4661 4472
4545 4548 4590
4548 4549 4693
4650 4539 4544
4522 4524 4526
4523 4530 4541
4521 4520 4675
4531 4532 4533
4531 4534 4535
4685 4586 4672
4531 4536 4537
4537 4539 4540
4543 4550 4551
4538 4541 4530
4541 4538 4537
4541 4635 4523
4527 4538 4530
4531 4538 4527
4521 4528 4519
4527 4528 4532
4528 4525 4519
4511 4502 4501
4461 4605 4466
4602 4605 4600
4466 4652 4464
4467 4460 4463
4465 4600 4461
4481 4472 4469
4459 4468 4660
4663 4459 4660
4459 4458 4460
4457 4682 4454
4682 4455 4454
4665 4682 4667
4663 4682 4457
4666 4665 4667
4574 4573 4681
4580 4568 4569
4572 4580 4573
4569 4557 4671
4569 4556 4566
4672 4586 4534
4542 4586 4685
4534 4586 4535
4553 4672 4554
4567 4556 4555
4670 4557 4550
4584 4574 4581
4544 4646 4650
4650 4617 4645
4650 4642 4639
4510 4526 4524
4666 4667 4662
4490 4492 4495
4520 4518 4675
4529 4675 4518
4494 4492 4678
4488 4473 4444
4553 4670 4685
4558 4579 4585
4463 4469 4467
4652 4598 4597
4464 4597 4478
4423 4401 4404
4423 4404 4424
4618 4617 4620
4618 4620 4619
4405 4408 4403
4405 4403 4402
4621 4649 4655
4621 4620 4649
4413 4415 4418
4413 4418 4414
4636 4638 4627
4627 4638 4626
4379 4371 4374
4379 4374 4380
4548 4693 4590
4367 4370 4390
4367 4390 4389
4601 4450 4603
4451 4450 4601
4419 4422 4430
4419 4430 4429
4643 4642 4686
4640 4643 4687
4640 4639 4642
4616 4645 4617
4533 4672 4534
4437 4679 4669
4694 4695 4696
4694 4696 4697
4698 4696 4695
4698 4695 4699
4700 4701 4702
4700 4702 4703
4704 4705 4706
4704 4706 4707
4708 4709 4707
4708 4707 4706
4710 4711 4712
4710 4712 4713
4714 4715 4716
4714 4716 4717
4714 4717 4718
4714 4718 4719
4717 4720 4718
4719 4721 4714
4722 4723 4724
4720 4725 4726
4720 4726 4718
4727 4728 4729
4730 4731 4732
4733 4734 4735
4736 4737 4738
4739 4740 4741
4739 4741 4742
4743 4744 4726
4743 4726 4745
4746 4747 4748
4746 4748 4749
4750 4751 4752
4750 4752 4753
4754 4755 4756
4754 4756 4757
4758 4727 4729
4758 4729 4759
4760 4761 4762
4760 4762 4763
4764 4765 4731
4764 4731 4730
4766 4767 4768
4766 4768 4769
4770 4719 4771
4770 4771 4772
4773 4737 4774
4773 4774 4775
4776 4777 4738
4776 4738 4778
4779 4780 4781
4779 4781 4782
4783 4734 4733
4783 4733 4784
4785 4739 4742
4785 4742 4786
4787 4788 4789
4787 4789 4790
4791 4792 4793
4791 4793 4794
4739 4795 4740
4796 4793 4792
4777 4793 4796
4797 4798 4781
4799 4752 4749
4800 4801 4802
4800 4802 4803
4804 4805 4806
4804 4806 4807
4808 4809 4810
4808 4810 4811
4812 4813 4814
4812 4814 4815
4816 4817 4818
4816 4818 4819
4820 4821 4822
4820 4822 4823
4824 4825 4826
4824 4826 4827
4828 4829 4830
4828 4830 4831
4832 4833 4834
4832 4834 4835
4836 4837 4838
4836 4838 4839
4840 4841 4842
4840 4842 4843
4844 4845 4846
4844 4846 4847
4848 4849 4850
4848 4850 4851
4852 4853 4854
4852 4854 4855
4856 4857 4858
4856 4858 4859
4860 4861 4862
4860 4862 4863
4864 4865 4866
4864 4866 4867
4868 4869 4870
4868 4870 4871
4872 4873 4874
4872 4874 4875
4876 4877 4878
4876 4878 4879
4880 4881 4882
4880 4882 4883
4884 4885 4886
4884 4886 4887
4888 4889 4890
4888 4890 4891
4892 4893 4894
4892 4894 4895
4896 4897 4898
4896 4898 4899
4900 4901 4902
4900 4902 4903
4904 4905 4906
4904 4906 4907
4908 4909 4910
4908 4910 4911
4912 4913 4914
4912 4914 4915
4916 4917 4918
4916 4918 4919
4920 4921 4922
4920 4922 4923
4924 4925 4926
4924 4926 4927
4928 4929 4930
4928 4930 4931
4932 4933 4934
4932 4934 4935
4936 4937 4938
4936 4938 4939
4940 4941 4942
4940 4942 4943
4944 4945 4946
4944 4946 4947
4948 4949 4950
4948 4950 4951
4952 4953 4954
4952 4954 4955
4956 4957 4958
4956 4958 4959
4960 4961 4962
4960 4962 4963
4964 4965 4966
4964 4966 4967
4968 4969 4970
4968 4970 4971
4972 4973 4974
4972 4974 4975
4976 4977 4978
4976 4978 4979
4980 4981 4982
4980 4982 4983
4984 4985 4986
4984 4986 4987
4988 4989 4990
4988 4990 4991
4992 4993 4994
4992 4994 4995
4996 4997 4998
4996 4998 4999
5000 5001 5002
5000 5002 5003
5004 5005 5006
5004 5006 5007
5008 5009 5010
5008 5010 5011
5012 5013 5014
5012 5014 5015
5016 5017 5018
5016 5018 5019
5020 5021 5022
5020 5022 5023
5024 5025 5026
5024 5026 5027
5028 5029 5030
5028 5030 5031
5032 5033 5034
5032 5034 5035
5036 5037 5038
5036 5038 5039
5040 5041 5042
5040 5042 5043
5044 5045 5046
5044 5046 5047
5048 5049 5050
5048 5050 5051
5052 5053 5054
5052 5054 5055
4748 4745 5056
5057 5058 5059
5057 5059 5060
5061 5062 5063
5061 5063 5064
4724 4716 4715
4724 4715 4722
4725 4745 4726
5056 4745 4725
4770 4798 4721
4770 4721 4719
4797 4781 4780
4781 4798 4770
4733 4735 4797
4733 4797 4780
4737 4736 4774
4736 4738 4777
4736 4777 4796
4774 4736 4735
4774 4735 4734
4788 4741 4789
4742 4741 4788
4789 4741 4796
4789 4796 4792
4756 4729 4728
4756 4728 4757
4730 4732 4762
4763 4728 4727
4762 4732 4728
4762 4728 4763
4768 5065 4769
4769 5065 4732
4769 4732 4731
4768 4753 4799
4768 4799 5065
4799 4753 4752
5056 4749 4748
4799 4749 5056
5066 5067 5068
5069 5066 5068
5069 5068 5070
5071 5072 5073
5074 5075 5066
5074 5066 5069
5076 5077 5078
5079 5080 5078
5081 5082 5083
5078 5084 5085
5081 5083 5079
5086 5087 5088
5086 5089 5090
5091 5092 5093
5091 5093 5094
5093 5081 5094
5094 5095 5096
5094 5096 5091
5081 5097 5095
5081 5095 5094
5090 5098 5086
5099 5100 5101
5102 5103 5104
5102 5104 5105
5102 5106 5067
5067 5107 5102
5108 5109 5110
5108 5110 5111
5112 5113 5109
5112 5109 5108
5114 5109 5113
5114 5113 5115
5114 5116 5110
5114 5110 5109
5110 5116 5117
5118 5119 5114
5118 5114 5115
5120 5116 5114
5120 5114 5119
5121 5120 5119
5121 5119 5122
5123 5121 5122
5123 5122 5124
5125 5124 5122
5125 5122 5126
5123 5124 5127
5123 5127 5128
5124 5129 5127
5130 5131 5132
5130 5132 5133
5132 5131 5134
5127 5135 5128
5127 5136 5137
5138 5137 5139
5136 5140 5139
5136 5139 5137
5103 5133 5141
5103 5141 5104
5142 5143 5141
5142 5141 5144
5142 5145 5146
5142 5146 5143
5147 5148 5149
5150 5145 5142
5150 5142 5151
5152 5153 5154
5154 5155 5156
5152 5157 5158
5148 5157 5154
5159 5160 5161
5159 5161 5162
5152 5162 5153
5152 5158 5163
5158 5157 5138
5141 5143 5105
5141 5105 5104
5128 5164 5123
5105 5143 5146
5105 5146 5165
5129 5124 5125
5130 5133 5075
5166 5130 5075
5166 5075 5074
5167 5168 5166
5169 5168 5072
5170 5072 5167
5171 5172 5173
5174 5175 5176
5174 5176 5177
5177 5093 5092
5177 5092 5174
5170 5084 5178
5179 5170 5178
5179 5178 5180
5181 5179 5180
5178 5080 5182
5180 5182 5183
5176 5171 5184
5176 5184 5185
5186 5180 5183
5186 5183 5187
5080 5079 5083
5160 5159 5188
5160 5188 5189
5189 5188 5190
5189 5190 5191
5192 5190 5193
5194 5195 5196
5197 5198 5199
5200 5201 5202
5200 5202 5203
5204 5205 5200
5204 5200 5203
5201 5200 5206
5201 5206 5207
5207 5206 5113
5207 5113 5112
5208 5206 5200
5208 5200 5205
5206 5208 5115
5206 5115 5113
5118 5115 5208
5118 5208 5209
5205 5210 5209
5205 5209 5208
5210 5211 5212
5125 5126 5213
5125 5213 5214
5215 5214 5213
5215 5216 5217
5194 5218 5219
5196 5199 5220
5196 5220 5221
5199 5222 5223
5199 5223 5220
5221 5224 5196
5214 5224 5125
5136 5129 5221
5140 5136 5221
5140 5221 5220
5220 5223 5225
5220 5225 5140
5163 5139 5140
5163 5140 5225
5083 5226 5182
5182 5226 5185
5182 5185 5183
5167 5227 5084
5167 5084 5170
5084 5227 5085
5142 5144 5228
5142 5228 5151
5101 5105 5165
5101 5165 5099
5139 5158 5138
5152 5163 5162
5162 5163 5225
5162 5225 5159
5159 5225 5223
5159 5223 5188
5188 5223 5222
5188 5222 5190
5190 5222 5229
5190 5229 5193
5127 5129 5136
5185 5184 5187
5185 5187 5183
5082 5177 5226
5226 5176 5185
5081 5093 5082
5101 5106 5102
5101 5102 5105
5119 5118 5126
5119 5126 5122
5080 5084 5078
5097 5079 5077
5076 5078 5085
5230 5231 5077
5232 5233 5068
5234 5135 5138
5234 5138 5147
5149 5235 5164
5235 5121 5123
5120 5236 5116
5106 5100 5237
5106 5237 5238
5098 5096 5095
5239 5155 5154
5138 5135 5137
5068 5233 5230
5077 5076 5230
5086 5095 5087
5157 5148 5147
5132 5134 5228
5132 5228 5144
5132 5144 5141
5132 5141 5133
5224 5217 5218
5218 5217 5240
5218 5240 5219
5126 5118 5209
5126 5209 5213
5213 5209 5210
5213 5210 5215
5215 5210 5212
5215 5212 5241
5176 5175 5172
5172 5171 5176
5193 5242 5192
5192 5191 5190
5243 5111 5110
5243 5110 5117
5106 5232 5067
5128 5135 5234
5106 5238 5232
5067 5066 5107
5107 5075 5103
5133 5103 5075
5068 5067 5232
5170 5179 5072
5167 5072 5168
5070 5076 5244
5074 5069 5244
5074 5244 5227
5166 5074 5227
5166 5227 5167
5230 5076 5070
5068 5230 5070
5168 5130 5166
5085 5244 5076
5227 5244 5085
5107 5066 5075
5086 5088 5089
5231 5088 5077
5130 5168 5131
5131 5245 5134
5224 5129 5125
5127 5137 5135
5080 5083 5182
5180 5178 5182
5083 5082 5226
5084 5080 5178
5095 5097 5087
5077 5079 5078
5153 5239 5154
5157 5147 5138
5152 5154 5157
5128 5234 5164
5234 5149 5164
5162 5161 5153
5129 5224 5221
5224 5218 5196
5224 5214 5217
5233 5231 5230
5102 5107 5103
5139 5163 5158
5226 5177 5176
5082 5093 5177
5195 5199 5196
5195 5197 5199
5198 5229 5222
5198 5222 5199
5210 5205 5211
5205 5204 5211
5131 5168 5245
5179 5181 5073
5072 5179 5073
5216 5240 5217
5215 5241 5216
5215 5217 5214
5194 5196 5218
5156 5089 5246
5156 5246 5148
5246 5089 5088
5154 5156 5148
5247 5248 5249
5247 5249 5250
5251 5252 5253
5251 5253 5254
5255 5256 5252
5255 5252 5251
5247 5250 5257
5247 5257 5258
5259 5260 5261
5259 5261 5262
5254 5253 5260
5254 5260 5259
5258 5257 5256
5258 5256 5255
5263 5264 5265
5263 5265 5266
5267 5268 5269
5267 5269 5270
5271 5272 5268
5271 5268 5267
5273 5274 5272
5273 5272 5271
5275 5276 5264
5275 5264 5263
5277 5278 5276
5277 5276 5275
5270 5269 5278
5270 5278 5277
5279 5280 5281
5279 5281 5282
4591 4451 4590
4603 4602 4601
4590 4693 4591
4645 4686 4642
5181 5180 5186
5169 5072 5071
5245 5168 5169
5236 5120 5121
5236 5121 5235
5147 5149 5234
5235 5123 5164
5077 5088 5087
5070 5244 5069
5081 5079 5097
5097 5077 5087
5117 5116 5236
5098 5095 5086
5101 5100 5106
5283 5284 5285
5283 5285 5286
5287 5288 5286
5287 5286 5285
4529 4515 4511
5289 5290 5291
5292 5293 5294
5292 5294 5295
5294 5293 5296
5294 5296 5297
5298 5299 5300
5298 5300 5301
5302 5303 5304
5305 5292 5295
5305 5295 5306
5307 5308 5309
5307 5309 5310
5311 5312 5308
5311 5308 5307
5313 5314 5315
5313 5315 5316
5317 5318 5319
5317 5319 5320
5321 5313 5322
5321 5322 5323
5324 5325 5319
5324 5319 5326
5327 5328 5329
5327 5329 5330
5331 5332 5333
5331 5333 5334
5324 5326 5334
5324 5334 5335
5336 5337 5321
5336 5321 5328
5317 5338 5339
5317 5339 5340
5341 5289 5291
5341 5291 5327
5342 5343 5344
5345 5335 5333
5345 5333 5346
5347 5348 5349
5347 5349 5350
5351 5352 5353
5351 5353 5354
5355 5296 5293
5355 5293 5356
5357 5358 5359
5300 5360 5361
5300 5361 5312
5362 5356 5293
5362 5293 5292
5308 5352 5363
5308 5363 5309
5364 5349 5348
5364 5348 5365
5365 5366 5367
5365 5367 5364
5368 5369 5370
5368 5370 5371
5372 5367 5366
5372 5366 5373
5374 5375 5376
5374 5376 5377
5378 5379 5380
5378 5380 5358
5381 5382 5358
5381 5358 5380
5383 5379 5378
5383 5378 5384
5375 5383 5384
5375 5384 5376
5385 5386 5387
5385 5387 5388
5350 5387 5386
5350 5386 5347
5389 5390 5382
5389 5382 5381
5382 5368 5359
5382 5359 5358
5354 5347 5386
5354 5386 5351
5354 5348 5347
5391 5392 5362
5391 5362 5393
5351 5386 5385
5351 5385 5394
5354 5353 5395
5393 5362 5292
5393 5292 5305
5394 5363 5352
5394 5352 5351
5348 5395 5365
5361 5308 5312
5298 5304 5396
5298 5396 5299
5397 5398 5399
5397 5399 5371
5398 5297 5296
5398 5296 5399
5300 5312 5311
5300 5311 5301
5400 5396 5304
5400 5304 5303
5401 5397 5371
5401 5371 5370
5402 5403 5357
5402 5357 5404
5355 5359 5399
5355 5399 5296
5356 5362 5392
5356 5392 5402
5404 5355 5356
5404 5356 5402
5376 5384 5403
5376 5403 5392
5377 5376 5392
5377 5392 5391
5359 5355 5404
5405 5365 5406
5366 5365 5405
5366 5405 5407
5373 5366 5407
5373 5407 5408
5406 5365 5395
5409 5353 5352
5406 5395 5353
5406 5353 5409
5403 5384 5378
5403 5378 5357
5361 5409 5352
5360 5406 5409
5360 5409 5361
5352 5308 5361
5299 5396 5407
5299 5407 5405
5408 5407 5396
5408 5396 5400
5299 5405 5360
5360 5405 5406
5360 5300 5299
5357 5378 5358
5390 5369 5368
5390 5368 5382
5359 5368 5371
5359 5371 5399
5410 5411 5412
5410 5412 5413
5412 5414 5415
5416 5417 5418
5416 5418 5419
5420 5421 5422
5423 5424 5422
5423 5422 5421
5424 5423 5425
5424 5425 5426
5427 5428 5429
5427 5429 5430
5427 5431 5432
5427 5432 5428
5431 5433 5434
5431 5434 5435
5434 5433 5436
5434 5436 5437
5438 5439 5440
5438 5440 5441
5442 5443 5444
5442 5444 5445
5445 5444 5446
5442 5447 5448
5442 5448 5443
5448 5447 5441
5448 5441 5440
5438 5449 5450
5438 5450 5439
5429 5450 5449
5429 5449 5430
5451 5452 5453
5451 5453 5454
5414 5455 5415
5456 5420 5422
5456 5422 5457
5411 5414 5412
5458 5397 5401
5459 5460 5461
5462 5463 5464
5462 5464 5465
5465 5466 5467
5465 5467 5462
5468 5469 5470
5471 5467 5466
5472 5473 5474
5475 5476 5477
5476 5478 5479
5480 5481 5468
5480 5468 5482
5483 5484 5485
5486 5487 5464
5487 5486 5488
5487 5488 5489
5490 5491 5492
5490 5492 5484
5493 5494 5495
5496 5497 5498
5496 5498 5499
5500 5501 5502
5500 5502 5494
5503 5504 5505
5506 5507 5508
5506 5508 5509
5510 5511 5512
5513 5514 5515
5516 5517 5518
5516 5518 5519
5519 5520 5521
5522 5503 5523
5524 5525 5526
5524 5526 5527
5528 5529 5530
5528 5530 5531
5532 5533 5534
5532 5534 5535
5531 5530 5536
5531 5536 5537
5538 5539 5540
5538 5540 5541
5542 5543 5544
5542 5544 5545
5546 5547 5548
5546 5548 5549
5550 5551 5552
5550 5552 5553
5554 5555 5556
5554 5556 5557
5555 5554 5558
5555 5558 5559
5543 5542 5560
5543 5560 5561
5562 5563 5564
5562 5564 5565
5566 5567 5568
5566 5568 5569
5570 5539 5538
5570 5538 5571
5571 5572 5573
5571 5573 5570
5567 5574 5575
5567 5575 5568
5576 5577 5578
5576 5578 5579
5580 5581 5582
5583 5584 5585
5583 5585 5586
5587 5588 5589
5587 5589 5590
5591 5576 5592
5591 5592 5593
5594 5595 5596
5594 5596 5459
5577 5597 5598
5577 5598 5599
5600 5578 5577
5600 5577 5599
5601 5602 5603
5603 5602 5604
5603 5604 5605
5468 5481 5586
5468 5586 5585
5606 5580 5607
5606 5607 5608
5609 5501 5500
5609 5500 5610
5611 5612 5613
5611 5613 5614
5615 5616 5617
5615 5617 5618
5619 5620 5610
5621 5622 5623
5621 5623 5624
5519 5518 5625
5519 5625 5626
5627 5611 5614
5627 5614 5628
5629 5627 5628
5629 5628 5630
5631 5632 5629
5631 5629 5633
5634 5635 5612
5636 5637 5638
5636 5638 5639
5640 5641 5642
5640 5642 5643
5644 5645 5646
5644 5646 5647
5648 5649 5650
5648 5650 5651
5652 5653 5654
5652 5654 5655
5656 5657 5658
5656 5658 5659
5641 5640 5660
5641 5660 5661
5662 5663 5651
5662 5651 5650
5664 5636 5639
5664 5639 5665
5666 5652 5655
5666 5655 5667
5666 5667 5668
5666 5668 5669
5670 5671 5672
5670 5672 5673
5669 5668 5658
5669 5658 5657
5674 5638 5637
5674 5637 5675
5672 5674 5675
5672 5675 5673
5676 5677 5678
5676 5678 5679
5680 5681 5682
5680 5682 5683
5684 5685 5645
5684 5645 5644
5679 5678 5686
5679 5686 5687
5681 5680 5685
5681 5685 5684
5647 5646 5688
5647 5688 5689
5649 5648 5683
5649 5683 5682
5690 5691 5692
5690 5692 5693
5469 5468 5585
5694 5695 5696
5694 5696 5697
5698 5699 5700
5701 5702 5703
5701 5703 5704
5705 5706 5526
5707 5526 5706
5626 5520 5519
5559 5558 5533
5559 5533 5532
5589 5588 5595
5589 5595 5594
5565 5573 5572
5565 5572 5562
5708 5613 5709
5708 5709 5710
5475 5591 5593
5591 5711 5712
5591 5712 5597
5482 5468 5470
5482 5470 5713
5714 5608 5483
5608 5490 5483
5715 5628 5522
5628 5715 5716
5628 5716 5630
5705 5526 5525
5705 5525 5717
5718 5498 5622
5714 5488 5608
5591 5597 5577
5591 5577 5576
5592 5590 5589
5579 5590 5576
5599 5598 5700
5599 5700 5693
5607 5601 5603
5582 5601 5580
5610 5620 5719
5610 5719 5609
5720 5613 5612
5624 5721 5722
5624 5722 5619
5621 5619 5610
5626 5625 5723
5626 5723 5724
5725 5634 5627
5632 5725 5627
5632 5627 5629
5611 5634 5612
5726 5585 5584
5726 5584 5727
5728 5707 5729
5728 5729 5730
5724 5731 5732
5724 5732 5626
5581 5606 5733
5720 5709 5613
5486 5734 5733
5486 5733 5606
5603 5490 5608
5603 5608 5607
5605 5491 5490
5605 5490 5603
5606 5581 5580
5635 5720 5612
5613 5708 5504
5504 5708 5735
5504 5735 5505
5614 5503 5522
5485 5714 5483
5606 5488 5486
5490 5484 5483
5523 5715 5522
5522 5628 5614
5736 5602 5601
5737 5635 5634
5736 5601 5582
5737 5634 5725
5601 5607 5580
5634 5611 5627
5516 5519 5521
5516 5521 5738
5698 5700 5739
5698 5739 5740
5699 5690 5693
5593 5476 5475
5500 5494 5493
5495 5718 5493
5477 5711 5475
5711 5591 5475
5718 5622 5493
5622 5500 5493
5623 5498 5497
5478 5459 5461
5478 5461 5479
5623 5497 5741
5623 5741 5742
5478 5594 5459
5743 5587 5590
5744 5620 5619
5743 5590 5579
5744 5619 5722
5619 5621 5624
5594 5593 5592
5594 5592 5589
5500 5622 5621
5500 5621 5610
5590 5592 5576
5742 5721 5624
5742 5624 5623
5606 5608 5488
5613 5504 5614
5623 5622 5498
5594 5478 5593
5745 5322 5746
5318 5317 5340
5318 5340 5747
5314 5313 5321
5314 5321 5337
5748 5318 5747
5748 5747 5749
5291 5336 5328
5291 5328 5327
5331 5750 5344
5331 5344 5332
5750 5331 5748
5750 5748 5749
5328 5321 5323
5328 5323 5329
5317 5320 5751
5317 5751 5338
5338 5316 5315
5338 5315 5339
5327 5330 5752
5327 5752 5341
5753 5332 5344
5753 5344 5343
5413 5754 5755
5413 5755 5410
5426 5425 5756
5426 5756 5757
5526 5707 5633
5526 5633 5527
5694 5697 5758
5694 5758 5759
5491 5481 5480
5491 5480 5492
5574 5561 5560
5574 5560 5575
5481 5491 5605
5481 5605 5586
5631 5633 5707
5631 5707 5728
5524 5527 5630
5524 5630 5716
5501 5518 5517
5501 5517 5502
5704 5760 5761
5704 5761 5701
5600 5599 5693
5600 5693 5692
5518 5501 5609
5518 5609 5625
5762 5598 5597
5762 5597 5712
5739 5700 5598
5739 5598 5762
5593 5478 5476
5499 5498 5718
5614 5504 5503
5489 5488 5714
5537 5536 5761
5537 5761 5760
5605 5604 5583
5605 5583 5586
5629 5630 5527
5629 5527 5633
5609 5719 5723
5609 5723 5625
5687 5686 5759
5687 5759 5758
5708 5509 5508
5535 5534 5763
5535 5763 5764
5460 5765 5766
5460 5766 5767
5497 5617 5616
5656 5659 5643
5656 5643 5642
5404 5357 5359
5402 5392 5403
5395 5348 5354
5507 5506 5512
5507 5512 5511
5541 5540 5548
5541 5548 5547
5515 5615 5618
5515 5618 5513
5767 5766 5474
5767 5474 5473
5553 5764 5763
5553 5763 5550
5596 5765 5459
5765 5460 5459
5734 5486 5463
5463 5486 5464
5710 5509 5708
5735 5708 5508
5496 5617 5497
5741 5497 5616
5726 5469 5585
5729 5707 5706
5732 5520 5626
5700 5699 5693
5768 5745 5746
5768 5746 5751
5431 5435 5432
5445 5446 5454
5445 5454 5453
5769 5770 5771
5772 5773 5774
5772 5774 5775
5776 5777 5778
5779 5774 5773
5780 5781 5782
5780 5782 5783
5784 5785 5786
5784 5786 5787
5788 5789 5790
5788 5790 5773
5773 5790 5779
5778 5791 5776
5792 5793 5794
5795 5796 5797
5795 5797 5792
5798 5799 5800
5798 5800 5801
5802 5803 5799
5802 5799 5798
5804 5805 5806
5804 5806 5807
5804 5807 5808
5798 5809 5810
5798 5810 5802
5811 5812 5813
5811 5813 5814
5815 5816 5817
5815 5817 5818
5804 5819 5820
5804 5820 5805
5821 5822 5801
5821 5801 5823
5824 5825 5826
5824 5826 5827
5823 5801 5800
5823 5800 5828
5813 5823 5828
5814 5813 5828
5814 5828 5829
5814 5829 5830
5829 5831 5826
5829 5826 5830
5832 5833 5834
5832 5834 5835
5836 5837 5838
5836 5838 5772
5839 5840 5841
5839 5841 5833
5772 5838 5842
5772 5842 5773
5843 5844 5845
5843 5845 5846
5788 5773 5842
5788 5842 5847
5848 5849 5850
5848 5850 5834
5786 5832 5835
5786 5835 5776
5844 5851 5852
5844 5852 5845
5853 5854 5855
5853 5855 5856
5857 5858 5859
5857 5859 5860
5861 5862 5863
5861 5863 5864
5865 5866 5867
5865 5867 5868
5869 5870 5799
5869 5799 5803
5871 5872 5873
5874 5875 5806
5874 5806 5831
5799 5870 5876
5799 5876 5800
5877 5866 5829
5877 5829 5828
5878 5879 5864
5878 5864 5863
5880 5881 5882
5880 5882 5883
5884 5885 5886
5884 5886 5887
5888 5889 5890
5888 5890 5891
5892 5893 5894
5892 5894 5895
5896 5897 5898
5896 5898 5871
5899 5900 5901
5899 5901 5902
5898 5897 5903
5898 5903 5904
5904 5903 5895
5904 5895 5894
5905 5906 5893
5905 5893 5892
5906 5905 5862
5906 5862 5861
5907 5899 5902
5907 5902 5908
5785 5784 5793
5785 5793 5792
5791 5787 5786
5791 5786 5776
5909 5836 5772
5909 5772 5775
5910 5911 5912
5794 5795 5792
5777 5776 5836
5777 5836 5909
5858 5857 5771
5858 5771 5770
5913 5914 5858
5913 5858 5770
5902 5901 5915
5902 5915 5887
5780 5783 5912
5780 5912 5911
5868 5867 5906
5868 5906 5861
5864 5868 5861
5876 5916 5917
5876 5917 5877
5893 5906 5867
5893 5867 5917
5868 5918 5865
5877 5828 5800
5877 5800 5876
5917 5867 5866
5917 5866 5877
5864 5879 5918
5874 5831 5829
5919 5920 5921
5919 5921 5922
5923 5803 5924
5925 5926 5927
5925 5927 5928
5924 5803 5802
5923 5929 5930
5923 5930 5803
5831 5806 5827
5831 5827 5826
5827 5806 5805
5931 5932 5933
5934 5885 5884
5853 5884 5927
5853 5927 5926
5935 5936 5872
5935 5872 5937
5869 5803 5930
5916 5876 5870
5916 5870 5935
5870 5869 5936
5870 5936 5935
5937 5894 5916
5916 5894 5893
5916 5893 5917
5869 5873 5936
5938 5939 5879
5940 5880 5883
5940 5883 5941
5888 5942 5941
5888 5941 5883
5942 5888 5891
5942 5891 5943
5939 5918 5879
5944 5866 5865
5865 5918 5939
5865 5939 5944
5898 5904 5937
5898 5937 5872
5874 5866 5944
5875 5874 5944
5875 5944 5939
5866 5874 5829
5922 5940 5941
5922 5941 5919
5942 5931 5919
5942 5919 5941
5931 5942 5943
5931 5943 5932
5807 5875 5938
5875 5939 5938
5875 5807 5806
5872 5871 5898
5908 5902 5887
5908 5887 5886
5915 5945 5928
5915 5928 5927
5884 5887 5915
5884 5915 5927
5826 5825 5946
5826 5946 5830
5801 5822 5809
5801 5809 5798
5925 5947 5948
5925 5948 5926
5949 5929 5923
5949 5923 5950
5823 5813 5812
5823 5812 5821
5951 5924 5802
5951 5802 5810
5827 5805 5820
5827 5820 5824
5814 5830 5946
5814 5946 5811
5816 5815 5952
5816 5952 5920
5950 5923 5924
5950 5924 5951
5819 5804 5808
5819 5808 5953
5817 5816 5933
5816 5931 5933
5856 5934 5853
5853 5934 5884
5954 5832 5786
5954 5786 5785
5955 5954 5785
5955 5785 5792
5956 5957 5850
5956 5850 5849
5843 5912 5783
5843 5783 5844
5847 5842 5957
5847 5957 5958
5797 5959 5955
5797 5955 5792
5835 5837 5836
5835 5836 5776
5851 5844 5783
5851 5783 5782
5858 5914 5960
5858 5960 5859
5961 5962 5963
5872 5936 5873
5918 5868 5864
5873 5869 5930
5935 5937 5916
5904 5894 5937
5964 5960 5914
5964 5914 5962
5840 5839 5965
5840 5965 5966
5954 5833 5832
5883 5882 5889
5883 5889 5888
5920 5919 5931
5920 5931 5816
5920 5952 5967
5920 5967 5921
5968 5901 5900
5968 5900 5969
5945 5915 5901
5945 5901 5968
5926 5948 5854
5926 5854 5853
5320 5319 5325
5323 5322 5745
5323 5745 5970
5326 5319 5318
5326 5318 5748
5330 5329 5971
5334 5333 5335
5331 5334 5326
5331 5326 5748
5346 5333 5332
5346 5332 5753
5754 5418 5417
5754 5417 5755
5316 5746 5322
5316 5322 5313
5329 5323 5970
5329 5970 5971
5768 5751 5320
5768 5320 5325
5972 5752 5330
5972 5330 5971
5757 5756 5973
5757 5973 5974
5751 5746 5316
5751 5316 5338
5848 5834 5833
5848 5833 5841
5955 5839 5833
5955 5833 5954
5846 5845 5975
5834 5850 5837
5834 5837 5835
5845 5852 5976
5962 5961 5977
5850 5838 5837
5838 5850 5957
5838 5957 5842
5958 5957 5956
5958 5956 5978
5913 5963 5962
5913 5962 5914
5964 5962 5977
5959 5965 5839
5959 5839 5955
5845 5976 5975
5849 5979 5980
5849 5980 5956
5966 5981 5982
5966 5982 5840
5961 5983 5984
5961 5984 5977
5848 5985 5979
5848 5979 5849
5841 5986 5985
5841 5985 5848
5956 5980 5987
5956 5987 5978
5976 5988 5989
5976 5989 5975
5840 5982 5986
5840 5986 5841
5990 5991 5992
5993 5994 5995
5993 5995 5996
5997 5998 5999
5997 5999 6000
6001 6002 6003
6001 6003 6004
6002 6001 5991
6002 5991 5990
6005 6006 6007
6005 6007 6008
6009 6010 6011
6009 6011 6012
6013 6014 6015
6016 6017 6018
6019 6020 6021
6021 6022 6023
6021 6023 6024
6025 6026 6027
6025 6027 6028
6029 6030 6031
6029 6031 6032
6033 6034 6025
6033 6025 6028
6035 6036 6031
6035 6031 6030
6037 6038 6034
6039 6040 6036
6039 6036 6035
6041 6042 6043
6041 6043 6044
5995 6000 6045
5995 6045 6046
6047 6048 6049
6044 6050 6019
6044 6019 6041
6000 5999 6051
6000 6051 6045
6001 6048 6052
6001 6052 5991
6053 5991 6052
6053 6052 6054
6055 6056 6048
6055 6048 6047
6022 6021 6020
6022 6020 6057
6058 6059 6060
6058 6060 6061
6052 6060 6059
6052 6059 6054
6062 6051 6063
6013 6015 6061
6015 6006 6005
6015 6005 6064
6015 6064 6065
6015 6065 6058
6047 6049 6040
6047 6040 6039
6066 6055 6047
6066 6047 6039
6067 6058 6065
6067 6065 6068
6056 6055 6014
6056 6014 6013
6056 6013 6061
6056 6061 6060
6067 6069 6059
6070 6071 6072
6070 6072 6073
6074 6075 6076
6077 6078 6079
6077 6079 6075
6038 6037 6004
6038 6004 6003
6006 6014 6055
6006 6055 6066
6080 6011 6010
6080 6010 6081
6082 6007 6006
6082 6006 6066
6035 6082 6066
6035 6066 6039
6083 6084 6085
6083 6085 6086
6046 6087 5996
6046 5996 5995
6008 6007 6010
6008 6010 6009
6007 6082 6081
6007 6081 6010
6082 6035 6030
6082 6030 6081
6088 6017 6089
6042 6041 6070
6042 6070 6089
6011 6080 6090
6071 6021 6024
6071 6024 6072
6071 6070 6041
6071 6041 6019
6078 6083 6086
6078 6086 6079
6011 6016 6012
6091 6032 6092
6074 6076 6091
6091 6029 6032
6059 6069 6054
6060 6052 6048
6060 6048 6056
5997 5994 6093
5997 6093 6094
6038 6095 6096
6038 6096 6097
6098 6099 6100
6098 6100 6101
6038 6003 6102
6038 6102 6095
6096 6099 6098
6096 6098 6097
5990 6103 6104
5990 6104 6105
6106 6093 5994
6106 5994 5993
6107 6108 6109
6107 6109 5998
6094 6107 5998
6094 5998 5997
6102 6003 6002
6102 6002 6110
6110 6002 5990
6110 5990 6105
6103 6111 6112
6103 6112 6104
5994 5997 6000
5994 6000 5995
6026 6025 6098
6026 6098 6101
6109 6063 5998
6098 6025 6034
6098 6034 6097
6090 6076 6113
6090 6113 6016
6076 6075 6043
6076 6043 6113
6075 6079 6044
6075 6044 6043
6079 6086 6050
6086 6020 6050
6086 6085 6057
6086 6057 6020
6075 6074 6077
6092 6032 6027
6092 6027 6114
6032 6031 6028
6032 6028 6027
6028 6031 6036
6028 6036 6033
6033 6036 6040
6033 6040 6037
6037 6040 6049
6037 6049 6004
6011 6090 6016
6090 6080 6091
6081 6030 6029
6081 6029 6080
6091 6080 6029
6049 6048 6001
6049 6001 6004
6092 6087 6074
6087 6046 6077
6046 6045 6078
6046 6078 6077
6045 6051 6083
6045 6083 6078
6051 6062 6084
6051 6084 6083
6115 5992 6116
5992 6115 6111
5992 6111 6103
6116 6054 6117
6116 6053 6054
6116 5992 6053
5991 6053 5992
6016 6113 6017
6113 6043 6042
6113 6042 6017
6012 6016 6018
6079 6050 6044
6017 6042 6089
6018 6017 6088
6050 6020 6019
6054 6069 6117
6067 6059 6058
6026 6118 6114
6101 6118 6026
6119 6118 6101
6119 6101 6100
6087 6092 6114
6087 6114 5996
5996 6114 6118
5996 6118 5993
5993 6118 6119
5993 6119 6106
6120 6121 6122
6123 6122 6121
6124 6125 6126
6127 6128 6129
6129 6128 6130
6018 6131 6132
6018 6132 6012
6133 6065 6064
6133 6064 6134
6135 6068 6065
6135 6065 6133
6072 6024 6136
6072 6136 6137
6024 6023 6138
6024 6138 6136
6123 6121 6139
6123 6139 6140
6141 6134 6142
6141 6142 6143
6142 6005 6008
6142 6008 6144
6145 6009 6012
6145 6012 6132
6131 6018 6088
6131 6088 6146
6143 6142 6144
6143 6144 6147
6123 6140 6145
6123 6145 6132
6148 6122 6131
6148 6131 6146
6146 6137 6149
6146 6149 6148
6133 6150 6151
6133 6151 6135
6145 6140 6147
6145 6147 6144
6144 6008 6009
6144 6009 6145
6088 6073 6146
6122 6123 6132
6122 6132 6131
6152 6124 6126
6126 6129 6130
6153 6154 6155
6153 6155 6156
6154 6157 6158
6154 6158 6155
6150 6133 6134
6150 6134 6141
6159 6129 6126
6159 6126 6125
6134 6064 6005
6134 6005 6142
6160 6161 6162
6127 6163 6164
6125 6165 6166
6125 6166 6159
6167 6124 6152
6167 6152 6168
6152 6130 6168
6169 6128 6127
6126 6130 6152
6170 6171 6139
6170 6139 6172
6165 6125 6124
6173 6165 6150
6170 6166 6165
6170 6165 6173
6166 6170 6172
6166 6172 6163
6163 6172 6161
6163 6161 6164
6172 6139 6121
6172 6121 6161
6121 6120 6174
6121 6174 6161
6173 6141 6171
6173 6171 6170
6150 6141 6173
6141 6143 6171
6147 6171 6143
6019 6021 6071
6153 6156 6175
6153 6175 6176
6177 6124 6167
6178 6151 6177
6068 6135 6179
6068 6179 6180
6068 6180 6181
6068 6181 6067
6067 6181 6182
6067 6182 6069
6069 6182 6183
6069 6183 6117
6117 6183 6184
6117 6184 6116
6116 6184 6185
6116 6185 6115
6186 6111 6115
6187 6111 6186
6111 6187 6188
6111 6188 6112
5998 6063 5999
6087 6077 6074
6074 6091 6092
6088 6089 6073
6073 6089 6070
6137 6136 6189
6137 6189 6149
6137 6146 6073
6137 6073 6072
6190 6189 6136
6190 6136 6138
6178 6179 6135
6178 6135 6151
6127 6129 6159
6160 6191 6169
6160 6169 6164
6127 6164 6169
6192 6193 6194
6192 6194 6195
6196 6197 6198
6196 6198 6199
6200 6193 6158
6200 6158 6157
6150 6124 6151
6015 6014 6006
6061 6015 6058
6195 6194 6199
6195 6199 6198
6164 6161 6160
6161 6174 6162
6140 6139 6147
6163 6127 6159
6163 6159 6166
6120 6122 6148
6201 6197 6196
6201 6196 6202
6148 6149 6120
6147 6139 6171
6091 6076 6090
6186 6115 6185
5990 5992 6103
6037 6034 6033
6034 6038 6097
6026 6114 6027
6063 6051 5999
6203 6189 6190
6203 6204 6205
6162 6204 6160
6189 6205 6149
6120 6149 6205
6174 6204 6162
6120 6205 6174
6174 6205 6204
6203 6205 6189
6165 6124 6150
6151 6124 6177
6153 6167 6168
6153 6168 6154
6157 6154 6168
6157 6168 6130
6200 6157 6130
6200 6130 6128
6200 6128 6169
6200 6169 6206
6206 6169 6191
6191 6160 6207
6207 6204 6203
6207 6203 6208
6176 6177 6167
6176 6167 6153
6160 6204 6207
6156 6155 6209
6156 6209 6210
6155 6158 6211
6155 6211 6209
6156 6210 6212
6156 6212 6175
6193 6200 6206
6193 6206 6194
6199 6191 6207
6199 6207 6196
6158 6193 6192
6158 6192 6211
6194 6206 6191
6194 6191 6199
6196 6207 6208
6196 6208 6202
6213 6214 6215
6216 6217 6218
6216 6218 6219
6218 6220 6221
6218 6221 6219
6222 6223 6224
6222 6224 6225
6226 6227 6228
6229 6230 6217
6229 6217 6216
6231 6232 6233
6231 6233 6234
6235 6231 6234
6235 6234 6236
6237 6238 6239
6237 6239 6240
6241 6242 6243
6241 6243 6244
6245 6246 6247
6245 6247 6237
6248 6249 6241
6248 6241 6250
6251 6252 6253
6251 6253 6254
6255 6256 6257
6255 6257 6258
6248 6259 6258
6248 6258 6249
6260 6252 6245
6260 6245 6261
6243 6262 6263
6243 6263 6264
6265 6253 6214
6265 6214 6213
6266 6267 6268
6269 6270 6255
6269 6255 6259
6271 6272 6273
6271 6273 6274
6275 6276 6277
6275 6277 6278
6279 6280 6219
6279 6219 6221
6281 6282 6283
6224 6236 6284
6224 6284 6285
6286 6216 6219
6286 6219 6280
6234 6233 6287
6234 6287 6278
6288 6289 6274
6288 6274 6273
6289 6288 6290
6289 6290 6291
6292 6293 6294
6292 6294 6295
6296 6297 6291
6296 6291 6290
6298 6299 6300
6298 6300 6301
6302 6283 6303
6302 6303 6304
6305 6303 6283
6305 6283 6306
6307 6308 6302
6307 6302 6304
6301 6300 6308
6301 6308 6307
6309 6310 6311
6309 6311 6312
6272 6271 6312
6272 6312 6311
6313 6305 6306
6313 6306 6314
6306 6283 6282
6306 6282 6292
6276 6275 6312
6276 6312 6271
6276 6271 6274
6315 6316 6286
6315 6286 6317
6275 6318 6309
6275 6309 6312
6276 6319 6277
6316 6229 6216
6316 6216 6286
6318 6275 6278
6318 6278 6287
6274 6289 6319
6284 6236 6234
6222 6225 6320
6222 6320 6227
6321 6293 6322
6321 6322 6323
6323 6322 6221
6323 6221 6220
6224 6223 6235
6224 6235 6236
6324 6228 6227
6324 6227 6320
6325 6294 6293
6325 6293 6321
6326 6327 6281
6326 6281 6328
6279 6221 6322
6279 6322 6282
6280 6326 6317
6280 6317 6286
6327 6326 6280
6327 6280 6279
6300 6317 6328
6300 6328 6308
6299 6315 6317
6299 6317 6300
6282 6327 6279
6329 6330 6289
6291 6331 6329
6291 6329 6289
6297 6332 6331
6297 6331 6291
6330 6319 6289
6333 6278 6277
6330 6333 6277
6330 6277 6319
6328 6281 6302
6328 6302 6308
6284 6278 6333
6285 6284 6333
6285 6333 6330
6278 6284 6234
6225 6329 6331
6225 6331 6320
6332 6324 6320
6332 6320 6331
6225 6285 6329
6285 6330 6329
6285 6225 6224
6281 6283 6302
6314 6306 6292
6314 6292 6295
6282 6322 6293
6282 6293 6292
6334 6335 6336
6334 6336 6337
6336 6338 6339
6340 6341 6342
6340 6342 6343
6344 6345 6346
6347 6346 6345
6347 6345 6348
6348 6349 6350
6348 6350 6347
6351 6352 6353
6351 6353 6354
6351 6354 6355
6351 6355 6356
6356 6357 6358
6356 6358 6359
6358 6360 6361
6358 6361 6359
6362 6363 6364
6362 6364 6365
6366 6367 6368
6366 6368 6369
6367 6370 6368
6366 6369 6371
6366 6371 6372
6371 6364 6363
6371 6363 6372
6362 6365 6373
6362 6373 6374
6353 6352 6374
6353 6374 6373
6375 6376 6377
6375 6377 6378
6339 6338 6379
6380 6381 6345
6380 6345 6344
6337 6336 6339
6382 6325 6321
6383 6384 6385
6386 6387 6388
6386 6388 6389
6387 6386 6390
6387 6390 6391
6392 6393 6394
6395 6391 6390
6396 6397 6398
6399 6400 6401
6401 6402 6403
6404 6405 6392
6404 6392 6406
6407 6408 6409
6410 6388 6411
6411 6412 6413
6411 6413 6410
6414 6409 6415
6414 6415 6416
6417 6418 6419
6420 6421 6422
6420 6422 6423
6424 6419 6425
6424 6425 6426
6427 6428 6429
6430 6431 6432
6430 6432 6433
6434 6435 6436
6437 6438 6439
6440 6441 6442
6440 6442 6443
6441 6444 6445
6446 6447 6427
6448 6449 6450
6448 6450 6451
6452 6453 6454
6452 6454 6455
6456 6457 6458
6456 6458 6459
6453 6460 6461
6453 6461 6454
6462 6463 6464
6462 6464 6465
6466 6467 6468
6466 6468 6469
6470 6471 6472
6470 6472 6473
6474 6475 6476
6474 6476 6477
6478 6479 6480
6478 6480 6481
6481 6482 6483
6481 6483 6478
6469 6484 6485
6469 6485 6466
6486 6487 6488
6486 6488 6489
6490 6491 6492
6490 6492 6493
6494 6495 6462
6494 6462 6465
6495 6494 6496
6495 6496 6497
6493 6492 6498
6493 6498 6499
6500 6501 6502
6500 6502 6503
6504 6505 6506
6507 6508 6509
6507 6509 6510
6511 6512 6513
6511 6513 6514
6515 6516 6517
6515 6517 6500
6518 6383 6519
6518 6519 6520
6503 6521 6522
6503 6522 6523
6524 6521 6503
6524 6503 6502
6525 6526 6527
6526 6528 6529
6526 6529 6527
6392 6509 6508
6392 6508 6406
6530 6531 6532
6530 6532 6504
6533 6534 6424
6533 6424 6426
6535 6536 6537
6535 6537 6538
6539 6540 6541
6539 6541 6542
6543 6534 6544
6545 6546 6547
6545 6547 6548
6441 6549 6550
6441 6550 6442
6551 6552 6536
6551 6536 6535
6553 6554 6552
6553 6552 6551
6555 6556 6553
6555 6553 6557
6558 6538 6559
6560 6561 6562
6560 6562 6563
6564 6565 6566
6564 6566 6567
6568 6569 6570
6568 6570 6571
6572 6573 6574
6572 6574 6575
6576 6577 6578
6576 6578 6579
6580 6581 6582
6580 6582 6583
6567 6584 6585
6567 6585 6564
6586 6574 6573
6586 6573 6587
6588 6589 6561
6588 6561 6560
6590 6591 6577
6590 6577 6576
6590 6592 6593
6590 6593 6591
6594 6595 6596
6594 6596 6597
6592 6583 6582
6592 6582 6593
6598 6599 6563
6598 6563 6562
6596 6595 6599
6596 6599 6598
6600 6601 6602
6600 6602 6603
6604 6605 6606
6604 6606 6607
6608 6568 6571
6608 6571 6609
6601 6610 6611
6601 6611 6602
6607 6608 6609
6607 6609 6604
6569 6612 6613
6569 6613 6570
6575 6606 6605
6575 6605 6572
6614 6615 6616
6614 6616 6617
6394 6509 6392
6618 6619 6620
6618 6620 6621
6622 6623 6624
6625 6626 6627
6625 6627 6628
6629 6450 6630
6631 6630 6450
6549 6441 6445
6482 6456 6459
6482 6459 6483
6513 6518 6520
6513 6520 6514
6487 6486 6497
6487 6497 6496
6632 6633 6634
6632 6634 6537
6399 6516 6515
6515 6523 6635
6515 6635 6636
6405 6637 6393
6405 6393 6392
6638 6407 6531
6531 6407 6414
6639 6446 6552
6552 6554 6640
6552 6640 6639
6629 6641 6451
6629 6451 6450
6642 6548 6422
6638 6531 6413
6515 6500 6503
6515 6503 6523
6517 6513 6512
6501 6500 6512
6521 6615 6623
6521 6623 6522
6532 6526 6525
6505 6504 6525
6534 6533 6643
6534 6643 6544
6644 6538 6537
6546 6543 6645
6546 6645 6646
6545 6534 6543
6549 6647 6648
6549 6648 6550
6649 6551 6558
6557 6553 6551
6557 6551 6649
6535 6538 6558
6650 6651 6510
6650 6510 6509
6652 6653 6654
6652 6654 6631
6647 6549 6655
6647 6655 6656
6506 6657 6530
6644 6537 6634
6410 6530 6657
6410 6657 6658
6526 6532 6531
6526 6531 6414
6528 6526 6414
6528 6414 6416
6530 6504 6506
6559 6538 6644
6537 6429 6632
6429 6428 6659
6429 6659 6632
6536 6446 6427
6408 6407 6638
6530 6410 6413
6414 6407 6409
6447 6446 6639
6446 6536 6552
6660 6525 6527
6661 6558 6559
6660 6505 6525
6661 6649 6558
6525 6504 6532
6558 6551 6535
6440 6662 6444
6440 6444 6441
6622 6663 6664
6622 6664 6623
6624 6615 6614
6516 6399 6401
6424 6417 6419
6418 6417 6642
6400 6399 6636
6636 6399 6515
6642 6417 6548
6548 6417 6424
6547 6423 6422
6403 6402 6384
6403 6384 6383
6547 6665 6666
6547 6666 6423
6403 6383 6518
6667 6512 6511
6668 6543 6544
6667 6501 6512
6668 6645 6543
6543 6546 6545
6518 6513 6517
6518 6517 6516
6424 6534 6545
6424 6545 6548
6512 6500 6517
6665 6547 6546
6665 6546 6646
6530 6413 6531
6537 6536 6429
6547 6422 6548
6518 6516 6403
6669 6670 6247
6242 6671 6262
6242 6262 6243
6240 6261 6245
6240 6245 6237
6672 6673 6671
6672 6671 6242
6214 6253 6252
6214 6252 6260
6257 6256 6267
6257 6267 6674
6674 6673 6672
6674 6672 6257
6252 6251 6246
6252 6246 6245
6243 6264 6675
6243 6675 6244
6264 6263 6239
6264 6239 6238
6253 6265 6676
6253 6676 6254
6677 6268 6267
6677 6267 6256
6335 6334 6678
6335 6678 6679
6349 6680 6681
6349 6681 6350
6450 6449 6556
6450 6556 6631
6618 6682 6683
6618 6683 6619
6416 6415 6404
6416 6404 6406
6499 6498 6485
6499 6485 6484
6406 6508 6528
6406 6528 6416
6555 6652 6631
6555 6631 6556
6448 6640 6554
6448 6554 6449
6426 6425 6443
6426 6443 6442
6626 6625 6684
6626 6684 6685
6524 6616 6615
6524 6615 6521
6442 6550 6533
6442 6533 6426
6686 6635 6523
6686 6523 6522
6664 6686 6522
6664 6522 6623
6516 6401 6403
6421 6642 6422
6536 6427 6429
6412 6638 6413
6460 6685 6684
6460 6684 6461
6528 6508 6507
6528 6507 6529
6553 6556 6449
6553 6449 6554
6533 6550 6648
6533 6648 6643
6610 6683 6682
6610 6682 6611
6632 6432 6431
6457 6687 6688
6457 6688 6458
6385 6689 6690
6385 6690 6691
6423 6542 6541
6580 6566 6565
6580 6565 6581
6327 6282 6281
6326 6328 6317
6319 6276 6274
6433 6436 6435
6433 6435 6430
6463 6473 6472
6463 6472 6464
6438 6437 6540
6438 6540 6539
6689 6398 6397
6689 6397 6690
6475 6474 6688
6475 6688 6687
6519 6383 6691
6691 6383 6385
6658 6389 6410
6389 6388 6410
6633 6632 6431
6659 6432 6632
6420 6423 6541
6666 6542 6423
6650 6509 6394
6654 6630 6631
6655 6549 6445
6623 6615 6624
6692 6675 6670
6692 6670 6669
6356 6355 6357
6367 6377 6376
6367 6376 6370
6693 6694 6695
6696 6697 6698
6696 6698 6699
6700 6701 6702
6703 6699 6698
6704 6705 6706
6704 6706 6707
6708 6709 6710
6708 6710 6711
6712 6699 6713
6712 6713 6714
6699 6703 6713
6701 6700 6715
6716 6717 6718
6719 6716 6720
6719 6720 6721
6722 6723 6724
6722 6724 6725
6726 6722 6725
6726 6725 6727
6728 6729 6730
6728 6731 6732
6728 6732 6729
6722 6726 6733
6722 6733 6734
6735 6736 6737
6735 6737 6738
6739 6740 6741
6739 6741 6742
6728 6730 6743
6728 6743 6744
6745 6746 6723
6745 6723 6747
6748 6749 6750
6748 6750 6751
6746 6752 6724
6746 6724 6723
6737 6752 6746
6736 6752 6737
6736 6753 6754
6736 6754 6752
6754 6753 6750
6754 6750 6755
6756 6757 6758
6756 6758 6759
6760 6696 6761
6760 6761 6762
6763 6764 6765
6763 6765 6759
6696 6699 6766
6696 6766 6761
6767 6768 6769
6767 6769 6770
6712 6771 6766
6712 6766 6699
6772 6758 6773
6772 6773 6774
6710 6700 6757
6710 6757 6756
6770 6769 6775
6770 6775 6776
6777 6778 6779
6777 6779 6780
6781 6782 6783
6781 6783 6784
6785 6786 6787
6785 6787 6788
6789 6790 6791
6789 6791 6792
6793 6727 6725
6793 6725 6794
6795 6796 6797
6798 6755 6729
6798 6729 6799
6725 6724 6800
6725 6800 6794
6801 6752 6754
6801 6754 6792
6802 6787 6786
6802 6786 6803
6804 6805 6806
6804 6806 6807
6808 6809 6810
6808 6810 6811
6812 6813 6814
6812 6814 6815
6816 6817 6818
6816 6818 6819
6820 6795 6821
6820 6821 6822
6823 6824 6825
6823 6825 6826
6821 6827 6828
6821 6828 6822
6827 6818 6817
6827 6817 6828
6829 6816 6819
6829 6819 6830
6830 6785 6788
6830 6788 6829
6831 6832 6824
6831 6824 6823
6711 6716 6718
6711 6718 6708
6715 6700 6710
6715 6710 6709
6833 6697 6696
6833 6696 6760
6834 6835 6836
6717 6716 6719
6702 6833 6760
6702 6760 6700
6784 6695 6694
6784 6694 6781
6837 6695 6784
6837 6784 6838
6824 6809 6839
6824 6839 6825
6704 6836 6835
6704 6835 6705
6790 6785 6830
6790 6830 6791
6786 6785 6790
6800 6801 6840
6800 6840 6841
6819 6840 6791
6819 6791 6830
6790 6789 6842
6801 6800 6724
6801 6724 6752
6840 6801 6792
6840 6792 6791
6786 6842 6803
6798 6754 6755
6843 6844 6845
6843 6845 6846
6847 6848 6727
6849 6850 6851
6849 6851 6852
6848 6726 6727
6847 6727 6853
6847 6853 6854
6755 6750 6749
6755 6749 6729
6749 6730 6729
6855 6856 6857
6858 6808 6811
6777 6852 6851
6777 6851 6808
6859 6860 6797
6859 6797 6861
6793 6853 6727
6841 6859 6794
6841 6794 6800
6794 6859 6861
6794 6861 6793
6860 6841 6818
6841 6840 6819
6841 6819 6818
6793 6861 6796
6862 6803 6863
6864 6865 6805
6864 6805 6804
6812 6805 6865
6812 6865 6866
6866 6867 6813
6866 6813 6812
6863 6803 6842
6868 6789 6792
6789 6868 6863
6789 6863 6842
6821 6797 6860
6821 6860 6827
6798 6868 6792
6799 6863 6868
6799 6868 6798
6792 6754 6798
6844 6843 6865
6844 6865 6864
6866 6865 6843
6866 6843 6855
6855 6857 6867
6855 6867 6866
6732 6862 6799
6799 6862 6863
6799 6729 6732
6797 6821 6795
6832 6810 6809
6832 6809 6824
6839 6851 6850
6839 6850 6869
6808 6851 6839
6808 6839 6809
6750 6753 6870
6750 6870 6751
6723 6722 6734
6723 6734 6747
6849 6852 6871
6849 6871 6872
6873 6874 6847
6873 6847 6854
6746 6745 6738
6746 6738 6737
6875 6733 6726
6875 6726 6848
6749 6748 6743
6749 6743 6730
6736 6735 6870
6736 6870 6753
6742 6846 6876
6742 6876 6739
6874 6875 6848
6874 6848 6847
6744 6877 6731
6744 6731 6728
6741 6856 6742
6742 6856 6855
6778 6777 6858
6777 6808 6858
6878 6711 6710
6878 6710 6756
6879 6716 6711
6879 6711 6878
6880 6774 6773
6880 6773 6881
6767 6770 6705
6767 6705 6835
6771 6882 6881
6771 6881 6766
6720 6716 6879
6720 6879 6883
6757 6700 6760
6757 6760 6762
6776 6706 6705
6776 6705 6770
6784 6783 6884
6784 6884 6838
6885 6886 6887
6797 6796 6861
6842 6786 6790
6796 6853 6793
6859 6841 6860
6827 6860 6818
6838 6884 6888
6838 6888 6887
6764 6889 6890
6764 6890 6765
6878 6756 6759
6805 6812 6815
6805 6815 6806
6846 6742 6855
6846 6855 6843
6846 6845 6891
6846 6891 6876
6892 6893 6826
6892 6826 6825
6869 6892 6825
6869 6825 6839
6852 6777 6780
6852 6780 6871
6244 6250 6241
6246 6894 6669
6246 6669 6247
6249 6672 6242
6249 6242 6241
6254 6895 6251
6258 6259 6255
6249 6258 6257
6249 6257 6672
6270 6677 6256
6270 6256 6255
6343 6342 6679
6343 6679 6678
6247 6670 6238
6247 6238 6237
6251 6895 6894
6251 6894 6246
6244 6675 6692
6244 6692 6250
6254 6676 6896
6254 6896 6895
6680 6897 6898
6680 6898 6681
6675 6264 6238
6675 6238 6670
6759 6758 6772
6759 6772 6763
6759 6765 6879
6759 6879 6878
6768 6899 6769
6758 6757 6762
6758 6762 6773
6769 6900 6775
6887 6901 6885
6773 6762 6761
6881 6773 6761
6881 6761 6766
6882 6902 6880
6882 6880 6881
6887 6886 6837
6887 6837 6838
6888 6901 6887
6765 6890 6883
6765 6883 6879
6769 6899 6900
6774 6880 6903
6774 6903 6904
6889 6764 6905
6889 6905 6906
6885 6901 6907
6885 6907 6908
6772 6774 6904
6772 6904 6909
6763 6772 6909
6763 6909 6910
6880 6902 6911
6880 6911 6903
6900 6899 6912
6900 6912 6913
6764 6763 6910
6764 6910 6905
6914 6915 6916
6917 6918 6919
6917 6919 6920
6921 6922 6923
6921 6923 6924
6925 6926 6927
6925 6927 6928
6928 6914 6916
6928 6916 6925
6929 6930 6931
6929 6931 6932
6933 6934 6935
6933 6935 6936
6937 6938 6939
6940 6941 6942
6943 6944 6945
6944 6946 6947
6944 6947 6948
6949 6950 6951
6949 6951 6952
6953 6954 6955
6953 6955 6956
6957 6950 6949
6957 6949 6958
6959 6956 6955
6959 6955 6960
6961 6958 6962
6963 6959 6960
6963 6960 6964
6965 6966 6967
6965 6967 6968
6919 6969 6970
6919 6970 6922
6971 6972 6973
6966 6965 6943
6966 6943 6974
6922 6970 6975
6922 6975 6923
6925 6916 6976
6925 6976 6973
6977 6978 6976
6977 6976 6916
6979 6971 6973
6979 6973 6980
6948 6981 6945
6948 6945 6944
6982 6983 6984
6982 6984 6985
6976 6978 6985
6976 6985 6984
6986 6987 6975
6937 6983 6938
6938 6988 6929
6938 6929 6932
6938 6982 6989
6938 6989 6988
6971 6963 6964
6971 6964 6972
6990 6963 6971
6990 6971 6979
6991 6992 6989
6991 6989 6982
6980 6937 6939
6980 6939 6979
6980 6984 6983
6980 6983 6937
6991 6985 6993
6994 6995 6996
6994 6996 6997
6998 6999 7000
7001 7000 7002
7001 7002 7003
6962 6927 6926
6962 6926 6961
6932 6990 6979
6932 6979 6939
7004 7005 6936
7004 6936 6935
7006 6990 6932
7006 6932 6931
6959 6963 6990
6959 6990 7006
7007 7008 7009
7007 7009 7010
6969 6919 6918
6969 6918 7011
6930 6933 6936
6930 6936 6931
6931 6936 7005
6931 7005 7006
7006 7005 6956
7006 6956 6959
7012 7013 6942
6968 7013 6994
6968 6994 6965
6935 7014 7004
6997 6996 6946
6997 6946 6944
6997 6943 6965
6997 6965 6994
7003 7002 7008
7003 7008 7007
6935 6934 6940
7015 7016 6954
6998 7015 6999
7015 6954 6953
6985 6978 6993
6984 6980 6973
6984 6973 6976
6921 7017 7018
6921 7018 6920
6962 7019 7020
6962 7020 7021
7022 7023 7024
7022 7024 7025
6962 7021 7026
6962 7026 6927
7020 7019 7022
7020 7022 7025
6914 7027 7028
6914 7028 7029
7030 6917 6920
7030 6920 7018
7031 6924 7032
7031 7032 7033
7017 6921 6924
7017 6924 7031
7026 7034 6928
7026 6928 6927
7034 7027 6914
7034 6914 6928
7029 7028 7035
7029 7035 7036
6920 6919 6922
6920 6922 6921
6952 7023 7022
6952 7022 6949
7032 6924 6987
7022 7019 6958
7022 6958 6949
7014 6940 7037
7014 7037 6999
6999 7037 6967
6999 6967 7000
7000 6967 6966
7000 6966 7002
7002 6974 7008
7008 6974 6945
7008 6945 6981
7008 6981 7009
7000 7001 6998
7016 7038 6951
7016 6951 6954
6954 6951 6950
6954 6950 6955
6950 6957 6960
6950 6960 6955
6957 6961 6964
6957 6964 6960
6961 6926 6972
6961 6972 6964
6935 6940 7014
7014 7015 7004
7005 7004 6953
7005 6953 6956
7015 6953 7004
6972 6925 6973
6972 6926 6925
7016 6998 7011
7011 7001 6969
6969 7001 7003
6969 7003 6970
6970 7003 7007
6970 7007 6975
6975 7007 7010
6975 7010 6986
7039 7040 6915
6915 7029 7036
6915 7036 7039
7040 7041 6978
7040 6978 6977
7040 6977 6915
6916 6915 6977
6940 6942 7037
7037 6968 6967
7037 6942 6968
6934 6941 6940
7002 6966 6974
6942 7013 6968
6941 7012 6942
6974 6943 6945
6978 7041 6993
6991 6982 6985
6952 7038 7042
7023 6952 7042
7043 7024 7023
7043 7023 7042
7011 6918 7038
7011 7038 7016
6918 6917 7042
6918 7042 7038
6917 7030 7043
6917 7043 7042
7044 7045 7046
7047 7046 7045
7048 7049 7050
7051 7052 7053
7052 7054 7053
6941 6934 7055
6941 7055 7056
7057 7058 6988
7057 6988 6989
7059 7057 6989
7059 6989 6992
6996 7060 7061
6996 7061 6946
6946 7061 7062
6946 7062 6947
7047 7063 7064
7047 7064 7046
7065 7066 7067
7065 7067 7058
7067 7068 6930
7067 6930 6929
7069 7055 6934
7069 6934 6933
7056 7070 7012
7056 7012 6941
7066 7071 7068
7066 7068 7067
7047 7055 7069
7047 7069 7063
7072 7070 7056
7072 7056 7045
7070 7072 7073
7070 7073 7060
7057 7059 7074
7057 7074 7075
7069 7068 7071
7069 7071 7063
7068 7069 6933
7068 6933 6930
7012 7070 6995
7045 7056 7055
7045 7055 7047
7076 7049 7048
7049 7054 7052
7077 7078 7079
7077 7079 7080
7081 7082 7078
7081 7078 7077
7075 7065 7058
7075 7058 7057
7083 7050 7049
7083 7049 7052
7058 7067 6929
7058 6929 6988
7084 7085 7086
7051 7087 7088
7050 7083 7089
7050 7089 7090
7091 7092 7076
7091 7076 7048
7076 7092 7054
7093 7051 7053
7049 7076 7054
7094 7095 7064
7094 7064 7096
7090 7048 7050
7097 7075 7090
7094 7097 7090
7094 7090 7089
7089 7088 7095
7089 7095 7094
7088 7087 7086
7088 7086 7095
7095 7086 7046
7095 7046 7064
7046 7086 7098
7046 7098 7044
7097 7094 7096
7097 7096 7065
7075 7097 7065
7065 7096 7066
7071 7066 7096
6943 6997 6944
7079 7099 7100
7079 7100 7080
7101 7091 7048
7102 7101 7074
6992 7103 7104
6992 7104 7059
6992 6991 7105
6992 7105 7103
6991 6993 7106
6991 7106 7105
6993 7041 7107
6993 7107 7106
7041 7040 7108
7041 7108 7107
7040 7039 7109
7040 7109 7108
7110 7039 7036
7111 7110 7036
7036 7035 7112
7036 7112 7111
6924 6923 6987
7011 6998 7001
6998 7016 7015
7012 6995 7013
6995 6994 7013
7060 7073 7113
7060 7113 7061
7060 6996 6995
7060 6995 7070
7114 7062 7061
7114 7061 7113
7102 7074 7059
7102 7059 7104
7051 7083 7052
7084 7087 7093
7084 7093 7115
7051 7093 7087
7116 7117 7118
7116 7118 7119
7120 7121 7122
7120 7122 7123
7124 7082 7081
7124 7081 7119
7075 7074 7048
6938 6932 6939
6983 6982 6938
7117 7120 7123
7117 7123 7118
7087 7084 7086
7086 7085 7098
7063 7071 7064
7088 7089 7083
7088 7083 7051
7044 7072 7045
7122 7121 7125
7122 7125 7126
7072 7044 7073
7071 7096 7064
7015 7014 6999
7110 7109 7039
6914 7029 6915
6961 6957 6958
6958 7019 6962
6952 6951 7038
6987 6923 6975
7127 7114 7113
7127 7128 7129
7085 7084 7129
7113 7073 7128
7044 7128 7073
7098 7085 7129
7044 7098 7128
7098 7129 7128
7127 7113 7128
7090 7075 7048
7074 7101 7048
7079 7078 7092
7079 7092 7091
7092 7078 7082
7092 7082 7054
7054 7082 7124
7054 7124 7053
7124 7130 7093
7124 7093 7053
7130 7115 7093
7115 7131 7084
7131 7132 7127
7131 7127 7129
7099 7079 7091
7099 7091 7101
7084 7131 7129
7133 7077 7080
7133 7080 7134
7135 7081 7077
7135 7077 7133
7080 7100 7136
7080 7136 7134
7119 7118 7130
7119 7130 7124
7123 7122 7131
7123 7131 7115
7116 7119 7081
7116 7081 7135
7118 7123 7115
7118 7115 7130
7122 7126 7132
7122 7132 7131
7137 7138 7139
7138 7140 7141
7137 7140 7138
7142 7137 7139
7141 7143 7138
7144 7145 7138
7138 7145 7146
7139 7146 7142
7143 7144 7138
7146 7139 7138
7147 7148 7149
7147 7149 7150
7141 7151 7152
7153 7154 7155
7153 7155 7156
7153 7149 7148
7153 7148 7154
7152 7157 7158
7151 7147 7152
7152 7158 7144
7150 7152 7147
7152 7143 7141
7153 7159 7160
7153 7160 7149
7149 7160 7157
7149 7157 7150
7150 7157 7152
7152 7144 7143
7161 7159 7153
7161 7153 7156
7162 7163 7164
7164 7165 7166
7162 7164 7166
7167 7163 7162
7165 7164 7168
7169 7164 7170
7164 7171 7170
7163 7167 7171
7168 7164 7169
7171 7164 7163
7172 7173 7174
7172 7174 7175
7165 7176 7177
7178 7179 7180
7178 7180 7181
7173 7172 7178
7173 7178 7181
7176 7182 7183
7177 7176 7174
7176 7169 7182
7175 7174 7176
7176 7165 7168
7178 7172 7184
7178 7184 7185
7172 7175 7183
7172 7183 7184
7175 7176 7183
7176 7168 7169
7186 7179 7178
7186 7178 7185
7187 7188 7189
7190 7191 7192
7190 7192 7193
7194 7190 7187
7194 7195 7191
7187 7190 7188
7196 7197 7198
7196 7198 7199
7156 7155 7200
7156 7200 7201
7202 7203 7193
7202 7193 7199
7198 7204 7202
7198 7202 7199
7205 7161 7156
7205 7156 7201
7197 7205 7201
7197 7201 7198
7204 7198 7201
7204 7201 7200
7206 7207 7208
7206 7208 7209
7187 7189 7207
7187 7207 7206
7210 7211 7212
7195 7194 7211
7195 7211 7210
7211 7206 7209
7194 7187 7206
7194 7206 7211
7194 7191 7190
7190 7193 7203
7190 7203 7188
7192 7196 7199
7192 7199 7193
7213 7214 7215
7216 7217 7218
7216 7218 7219
7220 7213 7218
7220 7217 7221
7213 7215 7218
7222 7223 7224
7222 7224 7225
7179 7226 7227
7179 7227 7180
7228 7225 7219
7228 7219 7229
7222 7225 7228
7222 7228 7230
7231 7226 7179
7231 7179 7186
7223 7222 7226
7223 7226 7231
7226 7222 7230
7226 7230 7227
7232 7233 7234
7232 7234 7235
7213 7232 7235
7213 7235 7214
7236 7237 7238
7236 7238 7239
7221 7236 7239
7221 7239 7220
7239 7238 7240
7220 7239 7232
7220 7232 7213
7220 7218 7217
7229 7219 7218
7229 7218 7215
7225 7224 7216
7225 7216 7219
7241 7242 7243
7244 7245 7246
7244 7246 7247
7248 7249 7250
7248 7250 7251
7251 7242 7252
7251 7252 7253
7254 7255 7245
7254 7245 7248
7256 7257 7258
7256 7258 7259
7260 7261 7262
7233 7262 7263
7233 7263 7234
7264 7265 7266
7264 7266 7267
7268 7269 7246
7253 7254 7248
7253 7248 7251
7268 7270 7271
7256 7263 7262
7256 7262 7257
7268 7246 7272
7259 7258 7273
7259 7273 7274
7269 7268 7273
7269 7273 7275
7276 7238 7237
7277 7278 7275
7279 7280 7281
7282 7283 7284
7285 7286 7287
7288 7289 7240
7290 7291 7292
7290 7292 7293
7294 7295 7284
7247 7246 7269
7245 7244 7249
7245 7249 7248
7246 7245 7255
7246 7255 7296
7257 7297 7298
7275 7299 7300
7275 7300 7269
7275 7278 7264
7301 7283 7282
7267 7302 7303
7267 7303 7304
7275 7264 7299
7305 7306 7307
7308 7309 7287
7308 7287 7286
7310 7311 7312
7310 7312 7313
7310 7313 7314
7242 7314 7315
7242 7315 7252
7316 7312 7311
7316 7311 7317
7318 7319 7320
7321 7314 7322
7314 7242 7322
7322 7242 7241
7283 7302 7323
7277 7275 7324
7303 7302 7283
7303 7283 7301
7325 7326 7327
7325 7327 7328
7326 7325 7329
7330 7331 7332
7330 7332 7333
7334 7335 7336
7337 7338 7339
7340 7341 7342
7340 7342 7329
7341 7340 7333
7341 7333 7332
7331 7330 7343
7331 7343 7344
7345 7346 7347
7345 7347 7348
7208 7349 7350
7208 7350 7209
7336 7351 7352
7353 7343 7354
7355 7356 7357
7353 7337 7339
7353 7339 7343
7358 7339 7359
7356 7347 7346
7356 7346 7360
7350 7349 7345
7350 7345 7348
7328 7327 7361
7328 7361 7362
7363 7364 7365
7343 7339 7358
7343 7358 7344
7356 7366 7367
7368 7369 7370
7371 7372 7373
7374 7350 7375
7376 7209 7377
7209 7376 7211
7376 7378 7211
7379 7380 7381
7379 7381 7382
7379 7383 7384
7379 7384 7380
7381 7212 7382
7385 7386 7387
7385 7387 7388
7389 7369 7390
7369 7391 7392
7335 7393 7394
7395 7396 7367
7395 7367 7397
7398 7393 7335
7369 7389 7391
7384 7383 7399
7400 7401 7329
7340 7402 7403
7404 7405 7333
7329 7401 7340
7340 7401 7402
7371 7367 7396
7371 7396 7406
7385 7371 7406
7370 7369 7407
7369 7392 7407
7368 7370 7408
7368 7409 7369
7238 7276 7410
7258 7411 7412
7310 7314 7321
7314 7313 7315
7294 7284 7283
7264 7413 7265
7247 7269 7300
7382 7212 7414
7415 7354 7343
7415 7343 7330
7326 7329 7342
7329 7325 7400
7397 7367 7366
7397 7366 7416
7347 7356 7367
7347 7367 7371
7391 7389 7417
7371 7373 7347
7369 7418 7390
7273 7412 7324
7317 7319 7318
7317 7318 7316
7362 7361 7365
7362 7365 7364
7273 7258 7412
7233 7240 7262
7377 7209 7350
7377 7350 7374
7375 7348 7373
7375 7350 7348
7347 7373 7348
7418 7409 7419
7418 7419 7420
7372 7371 7388
7378 7414 7212
7378 7212 7211
7419 7387 7386
7419 7386 7420
7369 7409 7418
7391 7417 7334
7421 7393 7398
7398 7335 7417
7355 7357 7422
7356 7355 7423
7356 7423 7366
7357 7356 7360
7359 7355 7422
7359 7339 7355
7395 7397 7393
7395 7393 7421
7393 7397 7416
7393 7416 7424
7335 7394 7336
7336 7352 7334
7334 7417 7335
7394 7393 7424
7423 7355 7338
7339 7338 7355
7330 7405 7415
7333 7405 7330
7333 7340 7403
7333 7403 7404
7388 7371 7385
7257 7261 7290
7262 7261 7257
7307 7306 7309
7268 7271 7273
7273 7271 7274
7268 7272 7270
7272 7246 7296
7284 7295 7425
7280 7265 7413
7280 7413 7281
7302 7426 7323
7283 7323 7294
7324 7275 7273
7264 7427 7413
7264 7267 7304
7264 7304 7299
7267 7266 7426
7267 7426 7302
7290 7293 7257
7257 7293 7297
7258 7298 7411
7257 7298 7258
7292 7291 7428
7307 7309 7308
7240 7289 7260
7239 7240 7232
7232 7240 7233
7410 7276 7306
7410 7306 7305
7238 7410 7288
7288 7240 7238
7240 7260 7262
7243 7251 7250
7243 7242 7251
7264 7278 7427
7429 7430 7431
7429 7431 7432
7433 7434 7430
7433 7430 7429
7435 7436 7434
7435 7434 7433
7437 7438 7436
7437 7436 7435
7439 7440 7438
7439 7438 7437
7441 7442 7440
7441 7440 7439
7443 7444 7442
7443 7442 7441
7445 7446 7444
7445 7444 7443
7447 7448 7446
7447 7446 7445
7449 7450 7448
7449 7448 7447
7451 7452 7450
7451 7450 7449
7451 7432 7431
7451 7431 7452
7453 7454 7455
7453 7455 7456
7453 7456 7457
7453 7457 7458
7453 7458 7459
7453 7459 7460
7453 7460 7461
7453 7461 7462
7453 7462 7463
7453 7463 7464
7453 7464 7465
7453 7465 7454
7466 7467 7468
7466 7468 7469
7468 7470 7471
7468 7471 7469
7470 7472 7473
7470 7473 7471
7472 7474 7475
7472 7475 7473
7474 7476 7477
7474 7477 7475
7476 7478 7479
7476 7479 7477
7478 7480 7481
7478 7481 7479
7480 7482 7483
7480 7483 7481
7482 7484 7485
7482 7485 7483
7484 7486 7487
7484 7487 7485
7486 7488 7489
7486 7489 7487
7488 7467 7466
7488 7466 7489
7490 7491 7492
7490 7493 7491
7490 7494 7493
7490 7495 7494
7490 7496 7495
7490 7497 7496
7490 7498 7497
7490 7499 7498
7490 7500 7499
7490 7501 7500
7490 7502 7501
7490 7492 7502
7503 7504 7505
7503 7505 7506
7507 7503 7506
7507 7506 7508
7509 7507 7508
7509 7508 7510
7511 7509 7510
7511 7510 7512
7513 7511 7512
7513 7512 7514
7515 7513 7514
7515 7514 7516
7517 7515 7516
7517 7516 7518
7519 7517 7518
7519 7518 7520
7521 7519 7520
7521 7520 7522
7523 7521 7522
7523 7522 7524
7525 7523 7524
7525 7524 7526
7525 7526 7505
7525 7505 7504
7527 7528 7529
7527 7530 7528
7527 7531 7530
7527 7532 7531
7527 7533 7532
7527 7534 7533
7527 7535 7534
7527 7536 7535
7527 7537 7536
7527 7538 7537
7527 7539 7538
7527 7529 7539
7540 7541 7542
7540 7542 7543
7542 7541 7544
7542 7544 7545
7545 7544 7546
7545 7546 7547
7547 7546 7548
7547 7548 7549
7549 7548 7550
7549 7550 7551
7551 7550 7552
7551 7552 7553
7553 7552 7554
7553 7554 7555
7555 7554 7556
7555 7556 7557
7557 7556 7558
7557 7558 7559
7559 7558 7560
7559 7560 7561
7561 7560 7562
7561 7562 7563
7563 7562 7540
7563 7540 7543
7564 7565 7566
7564 7566 7567
7564 7567 7568
7564 7568 7569
7564 7569 7570
7564 7570 7571
7564 7571 7572
7564 7572 7573
7564 7573 7574
7564 7574 7575
7564 7575 7576
7564 7576 7565
7577 7578 7579
7577 7579 7580
7581 7582 7583
7581 7583 7584
7585 7586 7587
7585 7587 7588
7589 7590 7591
7589 7591 7592
7593 7594 7595
7593 7595 7596
7597 7598 7599
7597 7599 7600
7601 7602 7603
7601 7603 7604
7597 7600 7605
7597 7605 7606
7607 7608 7609
7607 7609 7610
7611 7612 7602
7611 7602 7613
7614 7615 7616
7617 7618 7619
7617 7619 7620
7621 7622 7623
7621 7623 7624
7625 7626 7627
7625 7627 7628
7629 7606 7605
7629 7605 7630
7607 7610 7631
7607 7631 7632
7633 7634 7635
7636 7622 7621
7636 7621 7637
7615 7638 7639
7640 7641 7642
7643 7644 7640
7643 7640 7645
7646 7647 7648
7646 7648 7649
7650 7651 7652
7650 7652 7653
7654 7655 7656
7657 7658 7659
7657 7659 7660
7661 7662 7663
7661 7663 7664
7665 7666 7667
7666 7668 7643
7666 7643 7645
7669 7670 7671
7661 7664 7672
7661 7672 7673
7674 7675 7676
7674 7676 7677
7678 7679 7680
7681 7682 7683
7675 7684 7685
7675 7685 7676
7686 7687 7688
7686 7688 7680
7637 7689 7690
7637 7690 7636
7691 7692 7693
7691 7693 7694
7639 7638 7695
7696 7697 7698
7696 7698 7699
7700 7701 7702
7700 7702 7703
7704 7705 7685
7704 7685 7684
7706 7707 7708
7709 7710 7701
7709 7701 7700
7711 7712 7697
7711 7697 7696
7713 7714 7715
7713 7715 7716
7717 7714 7718
7717 7718 7719
7720 7721 7722
7723 7695 7724
7725 7715 7714
7725 7714 7726
7727 7728 7729
7727 7729 7730
7731 7732 7733
7731 7733 7734
7735 7736 7737
7735 7737 7738
7739 7740 7741
7742 7731 7734
7742 7734 7743
7744 7745 7746
7744 7746 7747
7719 7748 7746
7719 7746 7717
7749 7723 7724
7749 7724 7750
7751 7752 7753
7751 7753 7754
7755 7756 7757
7755 7757 7758
7759 7736 7735
7759 7735 7760
7761 7762 7763
7764 7765 7745
7764 7745 7744
7766 7767 7768
7769 7770 7749
7769 7749 7771
7772 7773 7774
7772 7774 7775
7776 7777 7778
7776 7778 7779
7780 7781 7782
7780 7782 7783
7784 7785 7786
7784 7786 7787
7788 7789 7790
7788 7790 7791
7792 7793 7794
7792 7794 7795
7796 7797 7798
7793 7792 7799
7793 7799 7800
7801 7802 7803
7801 7803 7804
7805 7806 7783
7805 7783 7782
7807 7787 7786
7807 7786 7808
7809 7810 7811
7809 7811 7812
7813 7814 7815
7816 7817 7818
7816 7818 7819
7673 7820 7821
7587 7822 7823
7587 7823 7824
7822 7587 7586
7822 7586 7825
7826 7827 7828
7826 7828 7829
7830 7831 7826
7830 7826 7832
7833 7644 7834
7833 7834 7835
7644 7643 7836
7644 7836 7834
7837 7668 7838
7837 7838 7839
7836 7643 7668
7836 7668 7837
7840 7841 7842
7840 7842 7843
7844 7845 7846
7844 7846 7847
7682 7681 7848
7682 7848 7849
7681 7850 7851
7681 7851 7848
7720 7722 7852
7720 7852 7853
7851 7850 7854
7851 7854 7855
7856 7857 7858
7856 7858 7859
7860 7861 7862
7860 7862 7863
7768 7864 7865
7768 7865 7866
7863 7867 7868
7863 7868 7860
7869 7870 7871
7869 7871 7872
7873 7874 7870
7873 7870 7869
7742 7874 7875
7742 7875 7731
7876 7877 7878
7876 7878 7879
7732 7731 7875
7732 7875 7880
7736 7878 7881
7736 7881 7737
7612 7882 7883
7612 7883 7884
7611 7885 7882
7611 7882 7612
7624 7623 7886
7624 7886 7887
7886 7623 7885
7886 7885 7611
7676 7686 7888
7711 7716 7889
7711 7889 7890
7696 7713 7716
7696 7716 7711
7891 7892 7893
7891 7893 7894
7892 7895 7896
7892 7896 7893
7647 7646 7651
7647 7651 7650
7897 7898 7899
7897 7899 7900
7896 7895 7900
7896 7900 7899
7651 7646 7901
7651 7901 7902
7903 7904 7672
7622 7636 7905
7905 7636 7690
7906 7907 7625
7906 7625 7908
7909 7907 7906
7909 7906 7910
7601 7604 7911
7601 7911 7910
7709 7912 7913
7709 7913 7914
7700 7915 7912
7700 7912 7709
7916 7917 7918
7916 7918 7919
7920 7921 7922
7920 7922 7923
7924 7925 7926
7924 7926 7927
7645 7928 7922
7645 7922 7666
7929 7925 7930
7929 7930 7931
7932 7933 7928
7932 7928 7934
7640 7642 7935
7640 7935 7934
7936 7937 7938
7936 7938 7939
7940 7941 7942
7943 7944 7945
7943 7945 7946
7947 7948 7949
7950 7792 7795
7950 7795 7951
7792 7950 7952
7792 7952 7799
7953 7809 7812
7953 7812 7954
7955 7818 7817
7955 7817 7956
7957 7958 7959
7777 7960 7961
7777 7961 7778
7962 7963 7964
7962 7964 7965
7784 7787 7966
7784 7966 7967
7802 7801 7968
7802 7968 7969
7782 7963 7970
7782 7970 7805
7971 7966 7787
7971 7787 7807
7972 7658 7973
7972 7973 7974
7975 7976 7977
7975 7977 7584
7978 7581 7584
7978 7584 7977
7979 7828 7827
7979 7827 7980
7593 7591 7590
7593 7590 7594
7981 7596 7595
7765 7764 7982
7765 7982 7983
7984 7985 7986
7939 7987 7936
7924 7649 7648
7924 7648 7988
7646 7649 7989
7646 7989 7901
7990 7932 7991
7923 7992 7920
7993 7613 7602
7993 7602 7601
7613 7993 7994
7613 7994 7995
7712 7711 7890
7712 7890 7996
7997 7727 7730
7997 7730 7998
7869 7752 7998
7869 7998 7873
7785 7999 8000
7785 8000 7786
7808 7786 8000
7808 8000 7958
7929 8001 8002
7929 8002 8003
7742 7743 7756
7742 7756 7755
7618 7617 7882
7618 7882 7885
7623 7622 7618
7623 7618 7885
7651 7902 7903
7651 7903 7652
7716 7715 7690
7716 7690 7889
8004 8005 8006
8007 8008 8009
8010 8011 7661
7661 7673 7821
8012 8013 8014
7620 7619 7820
7620 7820 7673
7653 7652 7664
7653 7664 7663
7672 7664 7652
7672 7652 7903
8008 7725 7726
8008 7726 7772
7658 7657 8015
7658 8015 7973
7821 7820 8007
8016 8017 8018
7831 8019 7827
7831 7827 7826
7980 7827 8019
7980 8019 8020
8021 7810 8022
7794 8023 8024
8025 8026 8027
8028 7836 7837
8028 7837 8029
8028 7986 7834
8028 7834 7836
7835 7834 7986
7835 7986 7985
7839 7987 8029
7839 8029 7837
8030 8031 8032
8032 8031 8033
8034 8035 8036
8034 8036 7940
7843 7842 8037
7843 8037 8038
7847 8039 8040
7847 8040 7844
8041 7943 7946
8042 8043 8044
8045 8046 8047
8048 8049 8050
7949 7948 8051
8052 8048 8053
7722 7707 7706
7722 7706 7852
7947 7851 7855
7947 7855 8054
7949 7848 7851
7949 7851 7947
7849 7848 7949
7849 7949 8051
8055 8056 8057
8055 8057 8058
8059 7669 7671
7670 7656 8060
8061 7944 7943
7942 7941 7945
7942 7945 8062
8063 8064 8065
8066 7635 8067
8068 7948 8069
8068 8069 8070
8049 8048 8071
8072 8073 8074
7763 7741 7740
8075 8076 8077
8078 7865 7864
7868 8079 8080
7868 8080 7860
8080 8074 7861
8080 7861 7860
7739 8081 7856
8045 8082 8083
7653 8084 8085
7653 8085 7650
7650 8085 8086
7650 8086 7647
8087 7931 7930
8087 7930 8088
8089 8090 8091
8092 8090 7655
8092 7655 7654
8093 8094 7630
8093 7630 8095
7684 7675 7639
7684 7639 7695
8096 8097 7705
8096 7705 7704
8098 7988 7648
8098 7648 8099
7784 7967 8100
7784 8100 8101
8101 8102 7785
8101 7785 7784
8103 8104 7999
8105 8106 8104
8105 8104 8103
8107 8108 8109
8107 8109 8110
7788 7791 8111
7788 8111 8112
7951 7776 7779
7951 7779 7950
7952 7780 7783
7952 7783 7956
7806 7804 7954
7806 7954 7955
7954 7804 7803
7954 7803 7953
8102 8113 7999
8102 7999 7785
7957 8114 8115
7957 8115 8116
8116 8117 7958
8116 7958 7957
7958 8117 8118
7958 8118 7808
8119 7807 7808
8119 7808 8118
7807 8119 8120
7807 8120 7971
8121 8122 7769
8121 7769 7771
7760 8123 8124
8125 8126 7879
8125 7879 7759
7876 8127 7867
8128 8129 7868
8128 7868 7867
8079 7868 8129
8079 8129 8043
8130 8131 8059
8130 8059 8132
8133 8130 8132
8133 8132 8134
8003 8002 8135
8003 8135 8136
7927 7926 8137
7927 8137 8138
7901 7989 8139
7901 8139 8140
7902 7901 8140
7902 8140 8141
8142 7903 7902
8142 7902 8141
8143 7904 7903
8143 7903 8142
7904 8143 8144
7904 8144 7617
8035 8034 8145
8035 8145 7608
8146 7608 8145
8147 8148 8149
8147 8149 8150
8150 8151 8152
7597 8152 8153
7597 8153 7598
7882 7617 8144
7882 8144 7883
8154 8155 8156
8154 8156 7775
7772 7775 8156
7772 8156 8009
8008 7772 8009
8007 8157 8158
8007 8158 7821
8010 7821 8158
8010 8158 8159
8159 8160 8011
8159 8011 8010
8161 8162 7629
8161 7629 8163
8164 8162 8161
8165 8166 7631
8167 8168 8169
8167 8169 7632
8168 8061 7943
8168 7943 8169
7714 7713 8170
7714 8170 7718
7890 7889 8171
7890 8171 8172
8173 7913 8174
8173 8174 8175
8176 8177 7694
8176 7694 8178
8177 8176 8179
8177 8179 8180
7689 8171 7889
7689 7889 7690
8181 8182 8183
8184 8185 7854
8186 8187 7855
8186 7855 7854
8187 8077 8054
8187 8054 7855
8156 8188 8189
8156 8189 8009
8154 8190 8191
8154 8191 8192
8193 8194 8195
8193 8195 8196
7771 7749 8195
7727 7997 7744
7727 7744 7747
7747 7748 7728
7747 7728 7727
7738 8004 7770
7738 7770 7735
7760 7735 7770
7760 7770 7769
7769 8122 8123
7769 8123 7760
7754 7982 7764
7754 7764 7751
7751 7764 7744
7751 7744 7997
8197 7861 8074
8197 8074 8073
8198 7862 7861
8198 7861 8197
7862 8198 8199
8200 8201 7881
8200 7881 8202
7737 8203 7738
8204 8005 8004
8204 8004 7738
7746 7748 7747
8205 7915 8206
8205 8206 8207
8208 8209 8210
8208 8210 8183
8183 8210 8211
8183 8211 7688
8212 7919 7918
8212 7918 8211
7687 7686 7676
7687 7676 7685
8041 7607 7632
8041 7632 8169
7994 7908 8213
7994 8213 8214
8215 8216 8217
8215 8217 8218
8219 8218 8217
8219 8217 8220
8219 8220 8147
8219 8147 8150
8162 8221 7606
8162 7606 7629
7606 8221 8152
7606 8152 7597
7612 7884 7603
7612 7603 7602
8045 8083 8046
7893 7990 7894
7641 7644 7833
7919 8212 7850
7919 7850 7681
7668 7665 7838
7992 7899 7898
7779 7778 7781
7779 7781 7780
7817 7816 7800
7817 7800 7799
7799 7952 7956
7799 7956 7817
7778 7961 7964
7778 7964 7781
7950 7779 7780
7950 7780 7952
7582 8222 8223
7582 8223 7583
7620 7672 7904
7620 7904 7617
7905 7690 7715
8224 7905 7725
8224 7725 8008
8225 8224 7820
8225 7820 7619
7619 7618 7622
7619 7622 8225
7726 7714 7717
7726 7717 7773
7773 7772 7726
7746 7773 7717
7775 7774 8190
7775 8190 8154
7829 7828 7791
7829 7791 7790
7801 7804 7806
7801 7806 7805
7812 7811 7819
7812 7819 7818
7955 7954 7812
7955 7812 7818
7970 8226 8227
7970 8227 7968
7956 7783 7806
7956 7806 7955
7811 8021 8228
7811 8228 7819
7800 7816 8229
7800 8229 8230
8157 8007 8009
8157 8009 8189
8231 8232 8233
8231 8233 8234
8192 8235 8155
8192 8155 8154
7588 7587 7824
7588 7824 8236
8237 8238 8239
8240 8239 8238
8240 8238 8241
8242 8243 8244
8242 8244 8245
8246 8243 8018
8247 7724 7638
7616 8248 7660
7616 7660 7659
7616 7615 7605
7616 7605 7600
8249 8248 8250
8249 8250 8251
7599 8251 8250
7599 8250 7600
7630 7605 7615
7630 7615 7639
8094 8163 7629
8094 7629 7630
8095 7675 7674
8095 7674 8093
7695 7723 7704
7695 7704 7684
7704 8252 8253
7704 8253 8096
8196 8195 7750
7770 8004 8006
7770 8006 7749
8005 8253 8252
8005 8252 8006
7616 7600 8250
8095 7639 7675
8252 7723 8006
7938 7937 8254
7938 8254 7984
7938 8028 8029
7938 8029 7939
8133 8025 8027
8025 8255 8026
8256 8257 8258
8259 8062 7945
8259 7945 7944
7633 8040 7634
7847 7846 8033
7635 8260 8067
8261 8262 8263
8041 8035 7608
8041 7608 7607
7946 8036 8041
8264 8265 8266
8179 8264 8267
8268 7766 8269
8047 8270 8045
7789 7788 8271
7789 8271 8272
7577 8273 8274
7577 8274 7578
8271 7788 8112
8271 8112 8275
8276 8108 8107
8276 8107 8277
8278 8279 8280
8278 8280 8245
8279 8107 8110
8279 8110 8280
7614 7616 7659
7614 7659 8281
8023 7793 7800
8023 7800 8230
8229 7816 7819
8229 7819 8228
8229 8282 8283
8229 8283 8230
8024 8023 8230
8024 8230 8283
8282 8229 8228
8282 8228 8284
7796 7815 7814
7798 7797 8105
8021 8022 8284
8021 8284 8228
8115 8114 8285
8286 8287 8000
8286 8000 7999
8288 8289 8055
8288 8055 8058
8272 8273 7577
8272 7577 7789
8290 8291 8292
8293 8292 8222
8293 8222 7582
7978 8294 8295
7978 8295 7581
8296 8297 8293
8296 8293 8295
8084 7653 7663
8084 7663 8298
8298 7663 7662
8298 7662 8299
7662 8013 8299
8281 7659 7658
8281 7658 7972
8014 8013 8011
8014 8011 8160
7960 8276 8277
7960 8277 7961
7963 7782 7781
7963 7781 7964
8272 8271 7967
8272 7967 7966
7968 8227 8300
7968 8300 7969
7963 7962 8226
7963 8226 7970
8273 8272 7966
8273 7966 7971
7967 8271 8275
7967 8275 8100
8274 8273 7971
8274 7971 8120
7961 8277 7965
7961 7965 7964
7968 7801 7805
7968 7805 7970
8245 8280 8301
8245 8301 8242
7975 8301 8280
7975 8280 8110
8110 8109 7976
8110 7976 7975
7828 7979 8111
7828 8111 7791
8018 8243 8016
8243 8242 8223
8243 8223 8016
8242 8301 7583
8242 7583 8223
8301 7975 7584
8301 7584 7583
7829 8302 7832
7829 7832 7826
8302 7829 7790
8302 7790 7580
7965 8279 8278
7965 8278 7962
7965 8277 8107
7965 8107 8279
7962 8278 8303
8196 7822 7825
8196 7825 8193
7823 7822 8196
8281 7972 8304
8240 8241 8305
8240 8305 8306
8236 7824 8307
8236 8307 8308
8309 7592 7591
7591 7830 8310
7596 8019 7831
7596 7831 7593
7580 7790 7789
7580 7789 7577
8019 7596 7981
8019 7981 8020
8223 8222 8311
8223 8311 8016
8292 8311 8222
8307 8018 8017
7582 7581 8295
7582 8295 8293
7580 7579 8312
7580 8312 8302
8302 8312 8313
8302 8313 7832
7832 8313 8310
7832 8310 7830
7578 8012 7579
8014 8312 7579
8158 8157 8314
8158 8314 8309
8314 8157 8189
8314 8189 8315
8309 8314 7592
8188 8316 8315
8188 8315 8189
8291 8017 8311
8226 8303 8317
8226 8317 8227
8318 8319 8320
8318 8320 8317
8320 8300 8227
8320 8227 8317
8317 8303 8304
8317 8304 8318
7593 7831 7830
7593 7830 7591
8194 8121 7771
8194 7771 8195
7983 8191 8190
7983 8190 7765
7765 8190 7774
7765 7774 7745
7745 7774 7773
7745 7773 7746
8318 8304 7972
7921 7667 7666
7921 7666 7922
7925 7929 8003
7925 8003 7926
7922 7928 7933
7922 7933 7923
7925 7924 7988
7925 7988 7930
7645 7640 7934
7645 7934 7928
7991 7932 7934
7991 7934 7935
7988 8098 8088
7988 8088 7930
7926 8003 8136
7926 8136 8137
8291 8305 8308
8241 8236 8308
8241 8308 8305
8236 8241 8238
8236 8238 7588
8238 8237 7585
8238 7585 7588
8291 8290 8306
8017 8308 8307
8247 8018 8307
8247 8307 8321
8244 8246 8304
8244 8304 8303
8303 8278 8245
8303 8245 8244
8321 7724 8247
8305 8291 8306
8247 7638 7614
8247 7614 8246
7870 7755 7758
7870 7758 7871
7874 7742 7755
7874 7755 7870
7873 8322 7875
7873 7875 7874
7736 7759 7879
7736 7879 7878
8322 8323 7880
8322 7880 7875
7878 7877 8202
7878 8202 7881
8324 7876 7879
8324 7879 8126
8325 7737 7881
8325 7881 8201
8326 8174 7913
8326 7913 7912
7915 8205 8326
7915 8326 7912
7678 7680 7918
7678 7918 7917
8327 7914 7913
8327 7913 8173
7915 7700 7703
7915 7703 8206
8328 8184 8210
8328 8210 8209
8210 8184 8212
8210 8212 8211
7680 7688 8211
7680 8211 7918
7713 7696 7699
7713 7699 8170
7705 8097 8329
7705 8329 8181
7705 8181 7687
7705 7687 7685
7908 7994 7993
7908 7993 7906
7906 7993 7601
7906 7601 7910
8330 7909 7910
8330 7910 7911
8147 7609 8331
8147 8331 8148
7908 7625 7628
7908 7628 8213
8165 7631 8217
8165 8217 8216
8217 7631 7610
8217 7610 8220
8147 8220 7610
8147 7610 7609
8249 7897 7900
8249 7900 8248
8248 7900 7895
8248 7895 7660
7657 7660 7895
7657 7895 7892
8015 7657 7892
8015 7892 7891
7933 7932 7893
7933 7893 7896
7899 7923 7933
7899 7933 7896
8166 7632 7631
8146 8331 7609
8152 8221 8219
8152 8219 8150
8162 8218 8219
8162 8219 8221
7688 7687 8181
7688 8181 8183
8212 8184 7854
8212 7854 7850
7862 8202 7877
7862 7877 7863
7877 7876 7867
7877 7867 7863
7683 7919 7681
8185 8186 7854
7679 7686 7680
8182 8208 8183
8151 8153 8152
8164 8218 8162
8124 7759 7760
8127 8128 7867
8199 8202 7862
8203 8204 7738
8188 8156 8155
8188 8155 8332
8332 8333 8316
8332 8316 8188
8334 8335 8232
8334 8232 8231
8232 8314 8315
8333 8332 8336
8333 8336 8337
8338 8234 8233
8338 8233 8339
8332 8155 8235
8332 8235 8336
8316 8232 8315
8333 8233 8316
8337 8339 8333
8158 8309 8310
8158 8310 8159
8159 8310 8313
8159 8313 8160
8160 8313 8014
7974 8319 8318
7974 8318 7972
8321 8307 7823
8281 8246 7614
7749 8006 7723
7693 7692 7721
7693 7721 7720
7766 8268 7767
8000 8287 7959
8000 7959 7958
8104 8286 7999
8340 8341 8045
8045 8341 8342
8343 8344 8048
8048 8050 8053
8344 8071 8048
8345 8346 8347
8348 8345 8349
8345 8350 8349
8347 8065 8345
8351 8352 8353
8354 8353 8355
8353 8356 8355
8352 8357 8353
8056 8055 8358
8359 8055 8360
8289 8360 8055
8296 8295 8294
8064 8063 8361
7737 8325 8203
8124 8125 7759
7876 8324 8127
8199 8200 8202
8181 8329 8182
7679 7888 7686
8184 8328 8185
7683 7916 7919
8150 8149 8151
8164 8215 8218
8146 7609 7608
8166 8167 7632
7640 7644 7641
7665 7668 7666
7990 7893 7932
7923 7899 7992
7749 7750 8195
7823 7750 8321
8321 7750 7724
7695 7638 7724
7615 7614 7638
8246 8018 8247
8014 8313 8312
8017 8291 8308
8246 8244 8243
8016 8311 8017
8232 8335 8314
8316 8233 8232
8007 8224 8008
7820 8224 8007
7662 8011 8013
8012 8299 8013
8012 8014 7579
8339 8233 8333
8292 8291 8311
8362 8285 7813
8363 8258 8257
8364 8365 8257
8366 8367 8263
8256 8368 8257
8369 8364 8257
7763 8370 7761
8371 8042 8044
8371 8044 8372
7763 7740 8370
8371 8372 8373
8371 8373 8072
8074 8080 8072
8042 8371 8080
8042 8080 8079
8080 8371 8072
8042 8079 8043
8072 8373 8073
8081 7857 7856
8078 8374 7865
8375 8266 8265
8069 8076 8075
8069 8075 8070
7947 8069 7948
8076 8069 7947
8076 7947 8054
7948 8068 8051
8076 8054 8077
7940 8036 7941
8061 8259 7944
7635 8066 7633
7946 7945 7941
7946 7941 8036
8041 8169 7943
8036 8035 8041
7938 7984 7986
7938 7986 8028
7984 8254 7985
7939 8029 7987
7655 8060 7656
8059 8131 7669
8021 7811 7810
7794 7793 8023
8046 8376 8047
8083 8377 8046
7672 7620 7673
7905 8224 8225
7622 7905 8225
8095 7630 7639
7616 8250 8248
8252 7704 7723
8064 8345 8065
8049 8378 8050
8379 8049 8071
8260 8037 8067
8260 8038 8037
8040 8039 7634
8180 8179 8267
8375 7706 7708
8078 7762 8374
7762 7761 8374
7739 7741 8081
8343 8048 8380
8052 8380 8048
8340 8045 8270
8045 8342 8082
7840 7843 8030
8381 8382 8064
7797 8106 8105
8362 8115 8285
8091 8092 8255
7840 8030 8032
8032 8033 7846
7694 8177 7691
7858 7857 8269
8133 8027 8130
8091 8255 8025
8345 8383 8346
8348 8383 8345
8281 8304 8246
8309 7591 8310
8264 8266 8267
8375 7708 8266
7670 8384 7671
7670 8060 8384
7797 7796 7814
7813 8285 7814
8351 8353 8385
8354 8385 8353
7767 7864 7768
7858 8269 7766
8090 8092 8091
8386 8055 8387
8359 8387 8055
8011 7662 7661
7661 7821 8010
7676 7888 7677
8307 7824 7823
7750 7823 8196
7962 8303 8226
8103 7999 8113
7905 7715 7725
8057 8388 8058
8058 8389 8390
8058 8390 8391
8058 8391 8392
8393 8394 8395
8395 8396 8397
8398 8399 8400
8400 8399 8401
8402 8403 8400
8361 8404 8064
8064 8405 8406
8064 8406 8381
8263 8262 8407
8407 8408 8409
8407 8409 8263
8263 8409 8366
8410 8411 8049
8049 8411 8412
8049 8413 8414
8415 8416 8417
8417 8416 8418
8417 8418 8419
8417 8420 8421
8417 8421 8422
8423 8424 8046
8046 8424 8425
8046 8426 8427
8428 8429 8430
8430 8429 8431
8430 8431 8432
8430 8433 8434
8430 8434 8435
8064 8350 8345
8064 8382 8350
8353 8400 8403
8353 8403 8356
8436 8400 8353
8436 8353 8357
7995 7994 8214
7995 8214 8437
7611 7613 7995
7611 7995 7886
7886 7995 8437
7886 8437 7887
7927 7989 7649
7927 7649 7924
8099 7648 7647
8099 7647 8086
7989 7927 8138
7989 8138 8139
8326 7712 7996
8326 7996 8174
8205 7697 7712
8205 7712 8326
8207 7698 7697
8207 7697 8205
8438 7996 7890
8438 7890 8172
7996 8438 8175
7996 8175 8174
7873 7998 7730
7873 7730 8322
7997 7998 7752
7997 7752 7751
7730 7729 8323
7730 8323 8322
7872 7753 7752
7872 7752 7869
8133 8002 8001
8133 8001 8025
8001 7929 7931
8001 7931 8439
8440 8439 7931
8440 7931 8087
8439 8440 8089
8439 8089 8091
8441 8442 7909
8441 7909 8330
8442 8443 7907
8442 7907 7909
7907 8443 7626
7907 7626 7625
7626 8443 8032
7626 8032 7846
7710 7709 7914
7710 7914 8444
7720 7701 7710
7720 7710 7693
8444 7914 8327
8444 8327 8445
7768 7756 7743
7768 7743 7766
7866 7757 7756
7866 7756 7768
8444 7694 7693
8444 7693 7710
7701 7720 7853
7701 7853 7702
8445 8178 7694
8445 7694 8444
7858 7766 7743
7858 7743 7734
7733 7859 7858
7733 7858 7734
7840 8032 8443
7840 8443 8442
7846 7845 7627
7846 7627 7626
7841 7840 8442
7841 8442 8441
8439 8091 8025
8439 8025 8001
8002 8133 8134
8002 8134 8135
8400 8401 8446
8398 8400 8436
8402 8400 8446
8257 8368 8369
8058 8388 8389
8058 8392 8288
8395 8447 8448
8395 8448 8449
8395 8394 8447
8396 8395 8449
8405 8064 8404
8410 8049 8379
8049 8414 8378
8417 8419 8420
8049 8412 8413
8423 8046 8377
8046 8427 8376
8046 8425 8426
8430 8432 8433
8237 8239 8450
7981 7595 8451
8358 8055 8386
8452 8453 8454
8455 8456 8457
8455 8457 8458
8459 8460 8461
8459 8461 8462
8463 8464 8462
8463 8462 8461
8465 8456 8455
8465 8455 8466
8463 8467 8468
8463 8468 8464
8467 8469 8470
8467 8470 8468
8471 8472 8452
8471 8452 8454
8473 8474 8475
8473 8475 8472
8476 8477 8478
8460 8459 8458
8460 8458 8457
8466 8479 8480
8466 8480 8465
8453 8481 8482
8453 8482 8483
8481 8480 8479
8481 8479 8482
8484 8485 8486
8484 8486 8487
8488 8489 8490
8488 8490 8491
8467 8463 8485
8467 8485 8488
8492 8493 8453
8492 8453 8452
8453 8493 8494
8453 8494 8481
8480 8481 8494
8480 8494 8478
8460 8495 8486
8460 8486 8461
8486 8485 8463
8486 8463 8461
8475 8496 8497
8475 8497 8472
8488 8491 8469
8488 8469 8467
8452 8472 8497
8452 8497 8492
8492 8497 8498
8492 8498 8499
8500 8487 8501
8500 8501 8502
8503 8504 8505
8503 8505 8506
8494 8493 8507
8494 8507 8506
8508 8489 8484
8508 8484 8509
8493 8492 8499
8493 8499 8507
8510 8511 8498
8510 8498 8512
8513 8514 8515
8513 8515 8516
8517 8457 8456
8517 8456 8476
8504 8514 8513
8504 8513 8505
8515 8502 8501
8515 8501 8516
8495 8460 8457
8495 8457 8517
8476 8456 8465
8476 8465 8477
8480 8478 8477
8480 8477 8465
8471 8473 8472
8453 8483 8454
8292 8293 8297
8292 8297 8290
8314 8335 7592
8335 8334 7589
8335 7589 7592
8509 8484 8487
8509 8487 8500
8518 8490 8489
8518 8489 8508
8499 8498 8511
8499 8511 8519
8495 8501 8487
8495 8487 8486
8506 8505 8478
8506 8478 8494
8503 8506 8507
8503 8507 8520
8485 8484 8489
8485 8489 8488
8507 8499 8519
8507 8519 8520
8512 8498 8497
8512 8497 8496
8476 8513 8516
8476 8516 8517
8478 8505 8513
8478 8513 8476
8517 8516 8501
8517 8501 8495
8509 8500 8521
8515 8514 8522
8521 8500 8502
8521 8502 8523
8504 8503 8524
8504 8524 8525
8526 8518 8508
8526 8508 8527
8520 8519 8528
8514 8504 8525
8511 8510 8529
8511 8529 8528
8515 8522 8523
8509 8521 8527
8508 8509 8527
8514 8525 8522
8502 8515 8523
8520 8528 8524
8519 8511 8528
8503 8520 8524
8530 8531 8532
8530 8532 8533
8534 8535 8536
8534 8536 8537
8538 8539 8540
8538 8540 8541
8542 8543 8544
8542 8544 8545
8546 8547 8548
8546 8548 8549
8550 8551 8552
8550 8552 8553
8554 8555 8556
8554 8556 8557
8550 8558 8559
8550 8559 8551
8560 8561 8562
8560 8562 8563
8564 8565 8557
8564 8557 8566
8567 8568 8569
8570 8571 8572
8570 8572 8573
8574 8575 8576
8574 8576 8577
8578 8579 8580
8578 8580 8581
8582 8583 8559
8582 8559 8558
8560 8584 8585
8560 8585 8561
8586 8587 8588
8589 8590 8574
8589 8574 8577
8569 8591 8592
8593 8594 8595
8596 8597 8593
8596 8593 8598
8599 8600 8601
8599 8601 8602
8603 8604 8605
8603 8605 8606
8607 8608 8609
8610 8611 8612
8610 8612 8613
8614 8615 8616
8614 8616 8617
8618 8619 8620
8620 8597 8596
8620 8596 8621
8622 8623 8624
8614 8625 8626
8614 8626 8615
8627 8628 8629
8627 8629 8630
8631 8632 8633
8634 8635 8636
8630 8629 8637
8630 8637 8638
8639 8632 8640
8639 8640 8641
8590 8589 8642
8590 8642 8643
8644 8645 8646
8644 8646 8647
8591 8648 8592
8649 8650 8651
8649 8651 8652
8653 8654 8655
8653 8655 8656
8657 8638 8637
8657 8637 8658
8659 8660 8661
8662 8653 8656
8662 8656 8663
8664 8649 8652
8664 8652 8665
8666 8667 8668
8666 8668 8669
8670 8671 8672
8670 8672 8669
8673 8674 8675
8676 8677 8648
8678 8679 8669
8678 8669 8668
8680 8681 8682
8680 8682 8683
8684 8685 8686
8684 8686 8687
8688 8689 8690
8688 8690 8691
8692 8693 8694
8695 8696 8685
8695 8685 8684
8697 8698 8699
8697 8699 8700
8671 8670 8699
8671 8699 8701
8702 8703 8677
8702 8677 8676
8704 8705 8706
8704 8706 8707
8708 8709 8710
8708 8710 8711
8712 8713 8688
8712 8688 8691
8714 8715 8716
8717 8697 8700
8717 8700 8718
8719 8720 8721
8722 8723 8702
8722 8702 8724
8725 8726 8727
8725 8727 8728
8729 8730 8731
8729 8731 8732
8733 8734 8735
8733 8735 8736
8737 8738 8739
8737 8739 8740
8741 8742 8743
8741 8743 8744
8745 8746 8747
8745 8747 8748
8749 8750 8751
8748 8752 8753
8748 8753 8745
8754 8755 8756
8754 8756 8757
8758 8735 8734
8758 8734 8759
8760 8761 8739
8760 8739 8738
8762 8763 8764
8762 8764 8765
8766 8767 8768
8769 8770 8771
8769 8771 8772
8625 8773 8774
8540 8775 8776
8540 8776 8777
8777 8778 8541
8777 8541 8540
8779 8780 8781
8779 8781 8782
8783 8784 8779
8783 8779 8785
8786 8787 8788
8786 8788 8598
8598 8788 8789
8598 8789 8596
8790 8791 8792
8790 8792 8621
8789 8790 8621
8789 8621 8596
8793 8794 8795
8793 8795 8796
8797 8798 8799
8797 8799 8800
8636 8801 8802
8636 8802 8634
8634 8802 8803
8634 8803 8804
8673 8805 8806
8673 8806 8674
8803 8807 8808
8803 8808 8804
8809 8810 8811
8809 8811 8812
8813 8814 8815
8813 8815 8816
8720 8817 8818
8720 8818 8819
8814 8813 8820
8814 8820 8821
8822 8823 8824
8822 8824 8825
8826 8822 8825
8826 8825 8827
8695 8684 8828
8695 8828 8827
8829 8830 8831
8829 8831 8832
8687 8833 8828
8687 8828 8684
8691 8690 8834
8691 8834 8831
8566 8835 8836
8566 8836 8837
8564 8566 8837
8564 8837 8838
8575 8839 8840
8575 8840 8576
8840 8564 8838
8840 8838 8576
8629 8841 8639
8664 8842 8843
8664 8843 8667
8649 8664 8667
8649 8667 8666
8844 8845 8846
8844 8846 8847
8847 8846 8848
8847 8848 8849
8602 8603 8606
8602 8606 8599
8850 8851 8852
8850 8852 8853
8848 8852 8851
8848 8851 8849
8606 8854 8855
8606 8855 8599
8856 8626 8857
8577 8858 8589
8858 8642 8589
8859 8860 8578
8859 8578 8861
8862 8863 8859
8862 8859 8861
8554 8863 8864
8554 8864 8555
8662 8865 8866
8662 8866 8867
8653 8662 8867
8653 8867 8868
8869 8870 8871
8869 8871 8872
8873 8874 8875
8873 8875 8876
8877 8878 8879
8877 8879 8880
8597 8620 8875
8597 8875 8881
8882 8883 8884
8882 8884 8880
8885 8886 8881
8885 8881 8887
8593 8886 8888
8593 8888 8594
8889 8890 8891
8889 8891 8892
8893 8894 8895
8896 8897 8898
8896 8898 8899
8900 8901 8902
8903 8904 8746
8903 8746 8745
8745 8753 8905
8745 8905 8903
8906 8907 8763
8906 8763 8762
8908 8909 8772
8908 8772 8771
8910 8911 8912
8732 8731 8913
8732 8913 8914
8915 8916 8917
8915 8917 8918
8737 8919 8920
8737 8920 8738
8757 8921 8922
8757 8922 8754
8735 8758 8923
8735 8923 8918
8924 8760 8738
8924 8738 8920
8925 8926 8927
8925 8927 8613
8928 8535 8929
8928 8929 8930
8931 8929 8535
8931 8535 8534
8932 8933 8782
8932 8782 8781
8546 8549 8545
8546 8545 8544
8934 8548 8547
8718 8935 8936
8718 8936 8717
8937 8938 8939
8890 8889 8940
8877 8941 8601
8877 8601 8600
8599 8855 8942
8599 8942 8600
8943 8944 8885
8874 8873 8945
8946 8554 8557
8946 8557 8565
8565 8947 8948
8565 8948 8946
8665 8949 8842
8665 8842 8664
8950 8951 8681
8950 8681 8680
8822 8826 8951
8822 8951 8707
8740 8739 8952
8740 8952 8953
8761 8912 8952
8761 8952 8739
8882 8954 8955
8882 8955 8956
8695 8708 8711
8695 8711 8696
8573 8838 8837
8573 8837 8570
8576 8838 8573
8576 8573 8577
8606 8605 8856
8606 8856 8854
8667 8843 8642
8667 8642 8668
8957 8958 8959
8960 8961 8962
8963 8614 8964
8614 8773 8625
8965 8966 8967
8571 8625 8774
8571 8774 8572
8604 8616 8615
8604 8615 8605
8626 8856 8605
8626 8605 8615
8962 8725 8679
8962 8679 8678
8613 8927 8968
8613 8968 8610
8773 8960 8774
8969 8970 8971
8785 8779 8782
8785 8782 8972
8933 8973 8972
8933 8972 8782
8974 8975 8765
8747 8976 8977
8978 8979 8980
8981 8982 8790
8981 8790 8789
8981 8789 8788
8981 8788 8938
8787 8939 8938
8787 8938 8788
8791 8790 8982
8791 8982 8940
8983 8984 8985
8984 8986 8985
8987 8893 8988
8987 8988 8989
8794 8990 8991
8794 8991 8795
8798 8797 8992
8798 8992 8993
8994 8897 8896
8995 8996 8997
8998 8999 9000
9001 9002 9003
8901 9004 8902
9005 9006 9001
8674 8806 8659
8674 8659 8661
8900 9007 8807
8900 8807 8803
8901 8900 8803
8901 8803 8802
8801 9004 8901
8801 8901 8802
9008 9009 9010
9008 9010 9011
9012 8623 8622
8624 9013 8608
9014 8896 8899
8894 9015 8898
8894 8898 8895
9016 9017 9018
9019 9020 8587
9021 9022 9023
9021 9023 8902
9003 9024 9001
9025 9026 9027
8715 8694 8693
9028 9029 9030
9031 8819 8818
8820 8813 9032
8820 9032 9033
9032 8813 8816
9032 8816 9026
8692 8809 9034
8998 9035 9036
8604 8603 9037
8604 9037 9038
8603 8602 9039
8603 9039 9037
9040 9041 8884
9040 8884 8883
9042 9043 9044
9045 8607 8609
9045 8609 9044
9046 9047 8583
9046 8583 9048
8638 8648 8591
8638 8591 8630
9049 8657 8658
9049 8658 9050
9051 9052 8601
9051 8601 8941
8737 9053 9054
8737 9054 8919
9053 8737 8740
9053 8740 9055
9056 8953 9057
9058 9056 9057
9058 9057 9059
9060 9061 9062
9060 9062 9063
8741 9064 9065
8741 9065 8742
8904 8903 8730
8904 8730 8729
8905 8909 8734
8905 8734 8733
8759 8908 8907
8759 8907 8755
8907 8906 8756
8907 8756 8755
9055 8740 8953
9055 8953 9066
8910 9067 9068
8910 9068 9069
9067 8910 8912
9067 8912 9070
8912 8761 9071
8912 9071 9070
9072 9071 8761
9072 8761 8760
8760 8924 9073
8760 9073 9072
9074 8723 8722
9074 8722 9075
8713 9076 9077
9078 8712 8830
9078 8830 9079
8829 8821 9080
9081 8821 8820
9081 8820 9082
9033 8997 9082
9033 9082 8820
9083 9084 9012
9083 9012 9085
9086 9087 9084
9086 9084 9083
8954 9088 9089
8954 9089 8955
8878 9090 9091
8878 9091 8879
8855 9092 9093
8855 9093 8942
8854 9094 9092
8854 9092 8855
9095 9094 8854
9095 8854 8856
9096 9095 8856
9096 8856 8857
8857 8570 9097
8857 9097 9096
8989 8563 9098
8989 9098 8987
9099 9098 8563
9100 9101 9102
9100 9102 9103
9101 9104 9105
8550 8553 9106
8550 9106 9104
8837 8836 9097
8837 9097 8570
9107 8726 9108
9107 9108 9109
8725 8961 9108
8725 9108 8726
8962 8961 8725
8960 8773 9110
8960 9110 9111
8963 9112 9110
8963 9110 8773
9112 8963 8964
9112 8964 9113
9114 9115 8582
9114 8582 9116
9117 9114 9116
9118 8585 9119
9120 8584 9121
9120 9121 9122
9122 9121 8896
9122 8896 9014
8669 8672 9123
8669 9123 8666
8842 9124 9125
8842 9125 8843
9126 9127 9128
9126 9128 8866
9129 9130 8645
9129 8645 9131
9131 9132 9133
9131 9133 9129
8643 8642 8843
8643 8843 9125
9134 9135 9136
9137 8808 9138
9139 8808 8807
9139 8807 9140
9140 8807 9007
9140 9007 9029
9108 8961 9141
9108 9141 9142
9107 9143 9144
9107 9144 9145
9146 9147 9148
9146 9148 9149
8723 9148 8702
8680 8698 8697
8680 8697 8950
8698 8680 8683
8698 8683 8701
8689 8688 8724
8689 8724 8957
8713 8722 8724
8713 8724 8688
8722 8713 9077
8722 9077 9075
8705 8704 8717
8705 8717 8936
8704 8950 8697
8704 8697 8717
9150 9027 9026
9150 9026 8816
9151 9150 8816
9151 8816 8815
8815 9152 9151
9153 9154 8834
9153 8834 9155
8690 8689 9156
9157 8689 8957
9157 8957 8959
8699 8698 8701
9158 9159 9160
9158 9160 8868
9161 9135 9162
9161 9162 9163
9135 8640 9164
9135 9164 9162
9165 9164 8871
9165 8871 8870
8641 8637 8629
8641 8629 8639
8994 9121 8584
8994 8584 8560
8948 9166 9167
8948 9167 8860
9168 9169 9170
9168 9170 9171
9172 9173 9170
9172 9170 9169
9172 9101 9100
9172 9100 9173
9116 8582 8558
9116 8558 9174
8558 8550 9104
8558 9104 9174
8566 8557 8556
8566 8556 8835
8998 9000 9035
8846 8845 8943
8595 8786 8598
8870 8634 8804
8870 8804 9165
8621 8792 8618
8945 8853 8852
8730 8733 8736
8730 8736 8731
8772 8753 8752
8772 8752 8769
8753 8772 8909
8753 8909 8905
8731 8736 8917
8731 8917 8913
8903 8905 8733
8903 8733 8730
8537 8536 9175
8537 9175 9176
8571 8570 8857
8571 8857 8626
8858 8668 8642
9177 8962 8678
9177 8678 8858
9178 8572 8774
9178 8774 9177
8572 9178 8577
8572 8577 8573
8679 8728 8670
8679 8670 8669
8728 8679 8725
8699 8670 8728
8726 9107 9145
8726 9145 8727
8780 8743 8742
8780 8742 8781
8754 8758 8759
8754 8759 8755
8763 8771 8770
8763 8770 8764
8908 8771 8763
8908 8763 8907
8923 8922 9179
8923 9179 9180
8909 8908 8759
8909 8759 8734
8764 8770 9181
8764 9181 8974
8752 9182 9183
8752 9183 8769
9111 9141 8961
9111 8961 8960
9184 9185 9186
9184 9186 9187
9143 9107 9109
9143 9109 9188
8539 9189 8775
8539 8775 8540
9190 9191 9192
9193 9194 9192
9193 9192 9191
9195 9196 9197
9195 9197 9198
9199 8970 9198
9200 8592 8677
8568 8612 8611
8568 8611 9201
8568 8551 8559
8568 8559 8569
9202 9203 9204
9202 9204 9201
8552 8551 9204
8552 9204 9203
8583 8591 8569
8583 8569 8559
9048 8583 8582
9048 8582 9115
9047 9046 8627
9047 8627 8630
8648 8638 8657
8648 8657 8676
8657 9049 9205
8657 9205 9206
9147 8703 9148
8724 8702 8958
8724 8958 8957
8959 8958 9206
8959 9206 9205
8568 9204 8551
9047 8630 8591
9206 8958 8676
8891 8937 9207
8891 9207 8892
8891 8890 8982
8891 8982 8981
9086 8979 8978
8978 8980 9208
9209 9210 9211
9212 8899 8898
9212 8898 9015
8586 8588 8992
8798 8986 8799
8587 9020 9213
9214 9215 9216
8994 8560 8563
8994 8563 8989
8897 8994 8988
9217 9218 9219
9133 9220 9217
9221 9222 8719
8999 8998 9223
8744 9224 9225
8744 9225 8741
8530 8533 9226
8530 9226 9227
9225 9228 9064
9225 9064 8741
9229 9230 9060
9229 9060 9063
9231 9196 9232
9231 9232 9233
9233 9232 9061
9233 9061 9060
8567 9234 8612
8567 8612 8568
8977 9182 8752
8977 8752 8748
9183 9181 8770
9183 8770 8769
9183 9182 9235
9183 9235 9236
8976 9235 9182
8976 9182 8977
9236 9237 9181
9236 9181 9183
8749 8768 8767
8750 9058 8751
8974 9181 9237
8974 9237 8975
9068 9238 9069
9239 8953 8952
9239 8952 9240
9241 9009 9008
9241 9008 9242
9224 8744 8530
9224 8530 9227
9243 9244 9245
9246 8537 9176
9246 9176 9244
8931 8534 9247
8931 9247 9248
9249 9247 9246
9249 9246 9250
9038 9251 8616
9038 8616 8604
9251 9252 8617
9251 8617 8616
8617 9252 8967
9234 8925 8613
9234 8613 8612
8966 9113 8964
8966 8964 8967
8914 8913 9230
8914 9230 9229
8918 8917 8736
8918 8736 8735
9224 8920 8919
9224 8919 9225
8922 8921 9253
8922 9253 9179
8918 8923 9180
8918 9180 8915
9227 8924 8920
9227 8920 9224
8919 9054 9228
8919 9228 9225
9226 9073 8924
9226 8924 9227
8913 8917 8916
8913 8916 9230
8922 8923 8758
8922 8758 8754
9196 9195 9254
9196 9254 9232
8928 9061 9232
8928 9232 9254
9061 8928 8930
9061 8930 9062
8781 8742 9065
8781 9065 8932
8970 8969 9198
9198 8969 9175
9198 9175 9195
9195 9175 8536
9195 8536 9254
9254 8536 8535
9254 8535 8928
8780 8779 8784
8780 8784 9255
9255 8531 8743
9255 8743 8780
8916 8915 9231
8916 9231 9233
8916 9233 9060
8916 9060 9230
8915 9256 9231
9147 9146 8778
9147 8778 8777
8776 9147 8777
9234 9257 8925
9193 9258 9259
9193 9259 9194
9189 9260 9261
9189 9261 8775
9262 8544 8543
8544 9263 8783
8547 8546 8785
8547 8785 8972
8531 8530 8744
8531 8744 8743
8972 8973 8934
8972 8934 8547
9175 8969 9264
9175 9264 9176
9244 9176 9264
9261 8971 8970
8537 9246 9247
8537 9247 8534
8531 9255 9265
8531 9265 8532
9255 8784 9266
9255 9266 9265
8784 8783 9263
8784 9263 9266
8533 8532 8965
8966 8532 9265
9110 9262 9267
9110 9267 9111
9267 9268 9141
9267 9141 9111
9262 8543 9267
9142 9141 9268
9142 9268 9269
9245 9264 8971
9180 9179 9270
9180 9270 9256
9271 9270 9272
9271 9272 9273
9272 9270 9179
9272 9179 9253
9270 9271 9257
9270 9257 9256
8546 8544 8783
8546 8783 8785
9149 9148 8723
9149 8723 9074
8935 8718 9145
8935 9145 9144
8718 8700 8727
8718 8727 9145
8700 8699 8728
8700 8728 8727
9271 8925 9257
8876 8875 8620
8876 8620 8619
8880 8879 8954
8880 8954 8882
8875 8874 8887
8875 8887 8881
8880 8884 8941
8880 8941 8877
8597 8881 8886
8597 8886 8593
8944 8888 8886
8944 8886 8885
8941 8884 9041
8941 9041 9051
8879 9091 9088
8879 9088 8954
9245 9260 9259
9194 9259 9260
9194 9260 9189
9189 8539 9192
9189 9192 9194
9192 8539 8538
9192 8538 9190
9245 9258 9243
8971 9261 9260
9200 9274 9261
9200 9261 8970
9197 9256 9257
9197 9257 9199
9256 9197 9196
9256 9196 9231
9274 9200 8677
9259 9258 9245
9200 9199 8567
9200 8567 8592
8825 8824 8709
8825 8709 8708
8827 8825 8708
8827 8708 8695
8826 8827 8828
8826 8828 9275
8691 8831 8830
8691 8830 8712
9275 8828 8833
9275 8833 9276
8831 8834 9154
8831 9154 8832
9277 9079 8830
9277 8830 8829
9278 9155 8834
9278 8834 8690
9279 8867 8866
9279 8866 9128
8868 8867 9279
8868 9279 9158
8631 8872 8871
8631 8871 8632
9280 9126 8866
9280 8866 8865
8868 9160 8654
8868 8654 8653
9281 9163 9162
9281 9162 9137
9162 9164 9165
9162 9165 9137
8632 8871 9164
8632 9164 8640
8666 9123 8650
8666 8650 8649
8658 9134 9282
8658 9282 9050
8658 8637 8641
8658 8641 9134
8860 8859 8946
8860 8946 8948
8859 8863 8554
8859 8554 8946
9283 8864 8863
9283 8863 8862
9100 9103 9284
9100 9284 8562
8860 9167 8579
8860 8579 8578
9118 9171 9170
9118 9170 8585
9170 9173 8561
9170 8561 8585
9100 8562 8561
9100 8561 9173
9202 9201 8851
9202 8851 8850
9201 8611 8849
9201 8849 8851
8610 8847 8849
8610 8849 8611
8968 8844 8847
8968 8847 8610
8887 8848 8846
8887 8846 8885
8852 8848 8887
8852 8887 8874
9119 8585 8584
9099 8562 9284
9104 9101 9172
9104 9172 9174
9116 9174 9172
9116 9172 9169
8640 9135 9134
8640 9134 8641
9165 8804 8808
9165 8808 9137
8815 8814 8832
8815 8832 9154
8832 8814 8821
8832 8821 8829
8635 8634 8870
9138 8808 9139
8633 8632 8639
9136 9135 9161
9105 9104 9106
9117 9116 9169
9076 8713 8712
9080 8821 9081
9152 8815 9154
9156 8689 9157
9142 9285 9109
9142 9109 9108
9285 9142 9269
9285 9269 9286
9287 9184 9187
9287 9187 9288
9187 9268 9267
9286 9289 9290
9286 9290 9285
9186 9185 9291
9186 9291 9292
9285 9290 9188
9285 9188 9109
9269 9268 9187
9286 9269 9186
9289 9286 9292
9110 9112 9263
9110 9263 9262
9112 9113 9266
9112 9266 9263
9113 8966 9266
8926 8925 9271
8926 9271 9273
9274 8776 9261
9234 8567 9199
8702 8676 8958
8646 8673 8675
8646 8675 8647
8719 8721 9221
8952 8912 8911
8952 8911 9240
9057 8953 9239
9293 8998 9294
8998 9295 9294
9296 9001 9297
9001 9006 9002
9297 9001 9024
9298 9299 9300
9301 9302 9298
9298 9302 9303
9299 9298 9017
9304 9305 9306
9307 9308 9305
9305 9308 9309
9306 9305 9310
9011 9311 9008
9312 9313 9008
9242 9008 9313
9249 9248 9247
9018 9314 9016
8690 9156 9278
9076 8712 9078
8829 9080 9277
9152 9154 9153
9134 9136 9282
8633 8639 8841
9137 9138 9281
8635 8870 8869
9101 9105 9102
9117 9169 9168
9099 8563 8562
9119 8584 9120
8593 8595 8598
8618 8620 8621
8943 8885 8846
8874 8945 8852
8702 9148 8703
8776 9274 8703
9274 8677 8703
8648 8677 8592
8569 8592 8567
9199 9200 8970
8966 9265 9266
8971 9260 9245
9199 9198 9197
8969 8971 9264
9187 9267 9288
9269 9187 9186
8960 8962 9177
8774 8960 9177
8617 8967 8964
8965 8967 9252
8965 8532 8966
9292 9286 9186
9244 9264 9245
9315 8766 9238
9316 9211 9210
9317 9211 9318
9319 9215 9320
9209 9211 9321
9322 9211 9317
8715 8714 9323
9324 9325 8996
9324 8996 8995
8715 9323 8694
9324 9025 9326
9324 9326 9325
9026 9025 9032
8995 9032 9324
8995 9033 9032
9032 9025 9324
8995 8997 9033
9025 9027 9326
9034 8809 8812
9031 8818 9327
9328 9219 9218
9023 9022 9028
9023 9028 9030
8900 8902 9023
9030 8900 9023
9030 9007 8900
8902 9004 9021
9030 9029 9007
8893 8895 8988
9014 8899 9212
8587 8586 9019
8897 8988 8895
8897 8895 8898
8994 8896 9121
8988 8994 8989
8891 8981 8938
8891 8938 8937
8937 8939 9207
8890 8940 8982
8609 8608 9013
9012 8622 9085
8974 8765 8764
8747 8977 8748
9000 8999 9329
9035 9000 9330
8626 8625 8571
8858 9178 9177
8577 9178 8858
9047 8591 8583
8568 9201 9204
9206 8676 8657
9018 9017 9298
9003 9002 9331
9332 9024 9003
9213 9020 8991
9213 8991 8990
8992 8588 8993
9132 9220 9133
9328 8660 8659
9031 9327 8716
8716 9327 8714
8692 9034 8693
9296 9333 9001
9005 9001 9333
9293 9223 8998
8998 9036 9295
8793 8983 8794
9334 9018 9335
8751 9058 9059
9315 9238 9068
9043 9208 9045
8793 8984 8983
8984 8799 8986
8645 8644 9131
8811 9222 8812
9086 9083 8979
9043 8978 9208
9298 9300 9336
9301 9298 9336
9234 9199 9257
9262 9263 8544
9217 9220 9218
9328 9218 8660
8624 8623 9337
8624 9337 9013
8751 8768 8749
8766 8768 9238
9304 9338 9305
9307 9305 9338
8721 8720 8819
8811 8719 9222
9044 9043 9045
9339 9340 9008
9312 9008 9340
8964 8614 8617
8614 8963 8773
8629 8628 8841
9261 8776 8775
8703 9147 8776
8915 9180 9256
9056 9066 8953
8858 8678 8668
9010 9009 9341
9009 9342 9343
9009 9344 9342
9009 9345 9344
9346 9347 9348
9347 9349 9350
9351 9352 9353
9352 9354 9353
9355 9352 9356
9314 9018 9357
9018 9358 9359
9018 9334 9358
9215 9360 9216
9360 9215 9361
9360 9361 9362
9215 9319 9361
9363 9003 9364
9003 9365 9364
9003 9366 9367
9368 9369 9370
9369 9371 9370
9369 9372 9371
9369 9373 9374
9369 9375 9373
9376 9000 9377
9000 9378 9377
9000 9379 9380
9381 9382 9383
9382 9384 9383
9382 9385 9384
9382 9386 9387
9382 9388 9386
9018 9298 9303
9018 9303 9335
9305 9309 9356
9305 9356 9352
9389 9310 9305
9389 9305 9352
8947 9390 9166
8947 9166 8948
8564 8840 8947
8564 8947 8565
8840 8839 9390
8840 9390 8947
8878 8877 8600
8878 8600 8942
9052 9039 8602
9052 8602 8601
8942 9093 9090
8942 9090 8878
9279 9128 8949
9279 8949 8665
9158 9279 8665
9158 8665 8652
9159 9158 8652
9159 8652 8651
9391 9124 8842
9391 8842 8949
8949 9128 9127
8949 9127 9391
8826 9275 8681
8826 8681 8951
8950 8704 8707
8950 8707 8951
8681 9275 9276
8681 9276 8682
8823 8822 8707
8823 8707 8706
9086 8978 8956
9086 8956 8955
8956 9392 8883
8956 8883 8882
9393 9040 8883
9393 8883 9392
9392 9043 9042
9392 9042 9393
9394 9283 8862
9394 8862 9395
9395 8862 8861
9395 8861 9396
8861 8578 8581
8861 8581 9396
8581 8799 8984
8581 8984 9396
8663 9397 8865
8663 8865 8662
8673 8646 8663
8673 8663 8656
9397 9398 9280
9397 9280 8865
8720 8719 8696
8720 8696 8711
8817 8720 8711
8817 8711 8710
9397 8663 8646
9397 8646 8645
8656 8655 8805
8656 8805 8673
9398 9397 8645
9398 8645 9130
8811 8685 8696
8811 8696 8719
8686 8685 8811
8686 8811 8810
8793 9395 9396
8793 9396 8984
8799 8581 8580
8799 8580 8800
8796 9394 9395
8796 9395 8793
9392 8956 8978
9392 8978 9043
8955 9089 9087
8955 9087 9086
9352 9399 9354
9351 9389 9352
9355 9399 9352
9211 9322 9321
9009 9343 9341
9009 9241 9345
9347 9400 9401
9347 9402 9400
9347 9401 9348
9350 9402 9347
9359 9357 9018
9363 9332 9003
9003 9331 9366
9369 9374 9372
9003 9367 9365
9376 9330 9000
9000 9329 9379
9000 9380 9378
9382 9387 9385
9190 9403 9191
8934 9404 8548
9311 9339 9008
9405 9406 9407
9408 9409 9410
9408 9410 9411
9412 9413 9414
9412 9414 9415
9416 9414 9413
9416 9413 9417
9418 9419 9408
9418 9408 9411
9416 9417 9420
9416 9420 9421
9421 9420 9422
9421 9422 9423
9424 9405 9425
9424 9406 9405
9426 9425 9427
9426 9427 9428
9429 9430 9431
9415 9410 9409
9415 9409 9412
9419 9418 9432
9419 9432 9433
9407 9434 9435
9407 9435 9436
9436 9435 9433
9436 9433 9432
9437 9438 9439
9437 9439 9440
9441 9442 9443
9441 9443 9444
9421 9441 9438
9421 9438 9416
9445 9405 9407
9445 9407 9446
9407 9436 9447
9407 9447 9446
9432 9430 9447
9432 9447 9436
9415 9414 9437
9415 9437 9448
9437 9414 9416
9437 9416 9438
9427 9425 9449
9427 9449 9450
9441 9421 9423
9441 9423 9442
9405 9445 9449
9405 9449 9425
9445 9451 9452
9445 9452 9449
9453 9454 9455
9453 9455 9440
9456 9457 9458
9456 9458 9459
9447 9459 9460
9447 9460 9446
9461 9462 9439
9461 9439 9444
9446 9460 9451
9446 9451 9445
9452 9463 9464
9452 9464 9465
9466 9467 9468
9466 9468 9469
9470 9429 9411
9470 9411 9410
9466 9469 9457
9466 9457 9456
9455 9454 9468
9455 9468 9467
9448 9470 9410
9448 9410 9415
9429 9431 9418
9429 9418 9411
9432 9418 9431
9432 9431 9430
9424 9425 9426
9407 9406 9434
9250 9246 9244
9250 9244 9243
9267 8543 9288
9288 8543 8542
9288 8542 9287
9440 9439 9462
9440 9462 9453
9444 9443 9471
9444 9471 9461
9451 9472 9463
9451 9463 9452
9440 9455 9448
9440 9448 9437
9459 9447 9430
9459 9430 9456
9460 9459 9458
9460 9458 9473
9444 9439 9438
9444 9438 9441
9460 9473 9472
9460 9472 9451
9465 9450 9449
9465 9449 9452
9467 9466 9429
9467 9429 9470
9466 9456 9430
9466 9430 9429
9455 9467 9470
9455 9470 9448
9462 9474 9453
9468 9475 9469
9454 9453 9474
9454 9474 9476
9457 9477 9478
9457 9478 9458
9461 9471 9479
9461 9479 9480
9473 9481 9472
9469 9477 9457
9463 9482 9464
9463 9481 9482
9468 9476 9475
9462 9480 9474
9461 9480 9462
9469 9475 9477
9454 9476 9468
9473 9478 9481
9472 9481 9463
9458 9478 9473
9483 9484 9485
9486 9483 9485
9487 9488 9489
9487 9489 9490
9491 9492 9493
9491 9493 9494
9490 9495 9492
9490 9492 9491
9493 9496 9494
9495 9490 9489
9495 9489 9497
9498 9499 9485
9500 9485 9499
9486 9501 9483
9502 9501 9486
9503 9485 9500
9486 9485 9503
9496 9501 9502
9504 9505 9506
9507 9508 9509
9509 9508 9510
9511 9512 9504
9506 9513 9514
9515 9511 9516
9511 9517 9516
9511 9518 9517
9506 9519 9504
9520 9519 9506
9521 9522 9523
9520 9514 9524
9525 9526 9527
9528 9487 9490
9528 9490 9529
9491 9529 9490
9530 9491 9494
9503 9531 9486
9496 9502 9532
9494 9496 9533
9525 9527 9500
9534 9502 9486
9532 9502 9534
9533 9496 9532
9531 9503 9527
9530 9494 9533
9491 9530 9529
9521 9523 9507
9519 9521 9509
9510 9518 9509
9517 9510 9535
9520 9522 9521
9515 9529 9512
9505 9530 9533
9513 9533 9532
9534 9513 9532
9531 9514 9534
9531 9527 9524
9526 9536 9537
9529 9515 9528
9512 9511 9515
9512 9529 9530
9517 9518 9510
9504 9518 9511
9538 9498 9539
9485 9484 9539
9531 9524 9514
9514 9513 9534
9520 9524 9522
9506 9514 9520
9520 9521 9519
9509 9521 9507
9498 9485 9539
9540 9535 9541
9542 9543 9544
9543 9542 9545
9543 9545 9546
9547 9548 9549
9550 9551 9552
9550 9552 9553
9554 9548 9547
9497 9555 9556
9497 9556 9495
9548 9488 9557
9558 9497 9548
9555 9497 9558
9549 9557 9559
9560 9561 9562
9560 9562 9563
9495 9556 9564
9495 9564 9492
9548 9557 9549
9493 9565 9496
9492 9564 9566
9492 9566 9493
9554 9567 9568
9554 9568 9558
9558 9548 9554
9569 9551 9550
9569 9550 9570
9571 9569 9570
9571 9570 9572
9573 9571 9572
9573 9572 9574
9575 9573 9574
9575 9574 9576
9563 9562 9575
9563 9575 9576
9497 9489 9548
9568 9555 9558
9577 9496 9565
9539 9484 9578
9562 9561 9565
9562 9566 9575
9564 9573 9575
9564 9575 9566
9556 9571 9573
9556 9573 9564
9555 9569 9571
9555 9571 9556
9568 9551 9569
9568 9569 9555
9552 9551 9568
9552 9568 9567
9579 9538 9580
9538 9539 9580
9581 9579 9580
9578 9580 9539
9578 9582 9580
9583 9561 9584
9561 9483 9577
9577 9483 9501
9583 9582 9578
9583 9484 9483
9547 9585 9586
9587 9588 9585
9547 9586 9554
9552 9567 9589
9552 9589 9590
9567 9554 9591
9592 9587 9585
9588 9586 9585
9593 9587 9594
9593 9595 9586
9593 9586 9588
9588 9587 9593
9549 9559 9592
9549 9592 9585
9547 9549 9585
9552 9590 9553
9596 9590 9597
9590 9596 9553
9589 9567 9591
9586 9591 9554
9582 9581 9580
9583 9578 9484
9583 9584 9582
9561 9560 9584
9561 9583 9483
9577 9501 9496
9561 9577 9565
9493 9566 9565
9562 9565 9566
9548 9489 9488
9597 9598 9596
9595 9599 9591
9595 9591 9586
9599 9600 9589
9599 9589 9591
9589 9600 9597
9589 9597 9590
9601 9602 9603
9601 9603 9604
9605 9603 9602
9605 9602 9606
9605 9606 9607
9605 9607 9608
9609 9610 9611
9609 9611 9612
9613 9614 9611
9613 9611 9610
9608 9607 9615
9608 9615 9616
9601 9617 9618
9601 9618 9602
9618 9619 9606
9618 9606 9602
9615 9607 9620
9615 9620 9621
9614 9613 9622
9614 9622 9623
9624 9625 9620
9624 9620 9619
9626 9627 9618
9626 9618 9617
9627 9624 9619
9627 9619 9618
9625 9628 9621
9625 9621 9620
9623 9622 9629
9623 9629 9630
9630 9629 9631
9630 9631 9632
9633 9634 9635
9635 9634 9623
9635 9623 9630
9636 9626 9617
9636 9617 9637
9634 9633 9638
9639 9640 9641
9640 9639 9642
9643 9644 9639
9643 9639 9645
9645 9646 9647
9645 9647 9643
9611 9614 9638
9611 9638 9648
9640 9642 9648
9640 9648 9638
9642 9644 9649
9643 9647 9650
9643 9650 9651
9644 9643 9651
9644 9651 9652
9612 9611 9648
9612 9648 9653
9653 9648 9642
9653 9642 9649
9634 9638 9614
9634 9614 9623
9654 9655 9656
9654 9656 9657
9601 9604 9657
9601 9657 9656
9658 9659 9651
9658 9651 9650
9659 9655 9652
9652 9655 9654
9659 9652 9651
9635 9630 9632
9606 9619 9620
9606 9620 9607
9659 9658 9660
9659 9660 9661
9655 9659 9661
9655 9661 9662
9656 9655 9662
9656 9662 9637
9637 9617 9601
9637 9601 9656
9661 9660 9663
9661 9663 9664
9662 9661 9664
9662 9664 9665
9637 9662 9665
9637 9665 9636
9603 9605 9609
9666 9605 9608
9666 9608 9667
9667 9608 9616
9667 9616 9668
9639 9644 9642
9612 9604 9603
9612 9603 9609
9653 9657 9604
9653 9604 9612
9649 9654 9657
9649 9657 9653
9644 9652 9654
9644 9654 9649
9641 9640 9638
9633 9641 9638
9605 9666 9609
9666 9610 9609
9545 9669 9670
9545 9670 9546
9507 9671 9672
9527 9503 9500
9525 9536 9526
9531 9534 9486
9536 9673 9537
9523 9671 9507
9507 9672 9508
9508 9674 9541
9541 9675 9540
9673 9676 9677
9671 9678 9672
9672 9679 9674
9675 9680 9681
9682 9680 9683
9508 9541 9510
9535 9510 9541
9672 9674 9508
9674 9675 9541
9675 9681 9540
9669 9684 9685
9669 9685 9670
9676 9686 9678
9678 9686 9679
9679 9687 9683
9680 9688 9689
9680 9675 9683
9680 9689 9681
9678 9679 9672
9679 9683 9674
9675 9674 9683
9686 9687 9679
9687 9682 9683
9682 9690 9680
9676 9678 9671
9676 9671 9677
9677 9523 9537
9537 9522 9526
9526 9522 9524
9537 9523 9522
9673 9677 9537
9677 9671 9523
9518 9519 9509
9512 9505 9504
9519 9518 9504
9505 9512 9530
9513 9505 9533
9505 9513 9506
9526 9524 9527
9680 9690 9688
9691 9692 9693
9694 9692 9691
9695 9696 9697
9695 9697 9698
9699 9700 9701
9699 9701 9702
9696 9699 9702
9696 9702 9703
9701 9700 9704
9697 9696 9703
9697 9703 9705
9706 9692 9707
9708 9707 9692
9694 9691 9709
9710 9694 9709
9711 9708 9692
9694 9711 9692
9704 9710 9709
9712 9713 9714
9715 9716 9717
9716 9718 9717
9719 9712 9720
9713 9721 9722
9723 9724 9719
9719 9724 9725
9719 9725 9726
9713 9712 9727
9728 9713 9727
9729 9730 9731
9728 9732 9721
9733 9734 9735
9736 9737 9696
9736 9696 9695
9699 9696 9737
9738 9700 9699
9711 9694 9739
9704 9740 9710
9700 9741 9704
9733 9708 9734
9742 9694 9710
9740 9742 9710
9741 9740 9704
9739 9734 9711
9738 9741 9700
9699 9737 9738
9729 9715 9730
9727 9716 9729
9718 9716 9726
9725 9743 9718
9728 9729 9731
9723 9720 9737
9714 9741 9738
9722 9740 9741
9742 9740 9722
9739 9742 9721
9739 9732 9734
9735 9744 9745
9737 9736 9723
9720 9723 9719
9720 9738 9737
9725 9718 9726
9712 9719 9726
9746 9747 9706
9692 9747 9693
9739 9721 9732
9721 9742 9722
9728 9731 9732
9713 9728 9721
9728 9727 9729
9716 9715 9729
9706 9747 9692
9748 9749 9743
9750 9751 9752
9753 9750 9752
9753 9752 9754
9755 9756 9757
9758 9759 9760
9758 9760 9761
9762 9755 9757
9705 9703 9763
9705 9763 9764
9757 9765 9698
9766 9757 9705
9764 9766 9705
9756 9767 9765
9768 9769 9770
9768 9770 9771
9703 9702 9772
9703 9772 9763
9757 9756 9765
9701 9704 9773
9702 9701 9774
9702 9774 9772
9762 9766 9775
9762 9775 9776
9766 9762 9757
9777 9778 9758
9777 9758 9761
9779 9780 9778
9779 9778 9777
9781 9782 9780
9781 9780 9779
9783 9784 9782
9783 9782 9781
9769 9784 9783
9769 9783 9770
9705 9757 9697
9775 9766 9764
9785 9773 9704
9747 9786 9693
9770 9773 9771
9770 9783 9774
9772 9774 9783
9772 9783 9781
9763 9772 9781
9763 9781 9779
9764 9763 9779
9764 9779 9777
9775 9764 9777
9775 9777 9761
9760 9776 9775
9760 9775 9761
9787 9788 9746
9746 9788 9747
9789 9788 9787
9786 9747 9788
9786 9788 9790
9791 9792 9771
9771 9785 9691
9785 9709 9691
9791 9786 9790
9791 9691 9693
9755 9793 9794
9795 9794 9796
9755 9762 9793
9760 9797 9798
9760 9798 9776
9776 9799 9762
9800 9794 9795
9796 9794 9793
9801 9802 9795
9801 9796 9793
9801 9793 9803
9796 9801 9795
9756 9794 9800
9756 9800 9767
9755 9794 9756
9760 9759 9797
9804 9805 9797
9797 9759 9804
9798 9799 9776
9793 9762 9799
9790 9788 9789
9791 9693 9786
9791 9790 9792
9771 9792 9768
9771 9691 9791
9785 9704 9709
9771 9773 9785
9701 9773 9774
9770 9774 9773
9757 9698 9697
9805 9804 9806
9803 9793 9799
9803 9799 9807
9807 9799 9798
9807 9798 9808
9805 9808 9798
9805 9798 9797
9809 9810 9811
9809 9811 9812
9813 9814 9812
9813 9812 9811
9813 9815 9816
9813 9816 9814
9817 9818 9819
9817 9819 9820
9821 9818 9817
9821 9817 9822
9815 9823 9824
9815 9824 9816
9825 9826 9809
9825 9809 9812
9825 9812 9814
9825 9814 9827
9824 9828 9829
9824 9829 9816
9822 9830 9831
9822 9831 9821
9832 9827 9829
9832 9829 9833
9834 9826 9825
9834 9825 9835
9835 9825 9827
9835 9827 9832
9833 9829 9828
9833 9828 9836
9830 9837 9838
9830 9838 9831
9837 9839 9840
9837 9840 9838
9841 9842 9843
9842 9837 9830
9842 9830 9843
9844 9845 9826
9844 9826 9834
9843 9846 9841
9847 9848 9849
9849 9850 9847
9851 9852 9847
9851 9847 9853
9852 9851 9854
9852 9854 9855
9817 9856 9846
9817 9846 9822
9849 9846 9856
9849 9856 9850
9850 9857 9853
9851 9858 9859
9851 9859 9854
9853 9860 9858
9853 9858 9851
9856 9817 9820
9856 9820 9861
9850 9856 9861
9850 9861 9857
9843 9830 9822
9843 9822 9846
9862 9863 9864
9862 9864 9865
9809 9864 9863
9809 9863 9810
9866 9859 9858
9866 9858 9867
9867 9860 9865
9860 9862 9865
9867 9858 9860
9842 9839 9837
9814 9816 9829
9814 9829 9827
9868 9866 9867
9868 9867 9869
9869 9867 9865
9869 9865 9870
9870 9865 9864
9870 9864 9845
9809 9826 9845
9809 9845 9864
9871 9868 9869
9871 9869 9872
9872 9869 9870
9872 9870 9873
9873 9870 9845
9873 9845 9844
9811 9819 9813
9815 9813 9874
9815 9874 9875
9823 9815 9875
9823 9875 9876
9847 9850 9853
9820 9819 9811
9820 9811 9810
9861 9820 9810
9861 9810 9863
9857 9861 9863
9857 9863 9862
9853 9857 9862
9853 9862 9860
9848 9846 9849
9841 9846 9848
9813 9819 9874
9874 9819 9818
9753 9754 9877
9753 9877 9878
9715 9879 9880
9734 9708 9711
9733 9735 9745
9739 9694 9742
9745 9744 9881
9730 9715 9880
9715 9717 9879
9717 9749 9882
9749 9748 9883
9881 9884 9885
9880 9879 9886
9879 9882 9887
9883 9888 9889
9890 9891 9889
9717 9718 9749
9743 9749 9718
9879 9717 9882
9882 9749 9883
9883 9748 9888
9892 9878 9877
9892 9877 9893
9885 9886 9894
9886 9887 9894
9887 9891 9895
9889 9896 9897
9889 9891 9883
9889 9888 9896
9886 9879 9887
9887 9882 9891
9883 9891 9882
9894 9887 9895
9895 9891 9890
9890 9889 9898
9885 9880 9886
9885 9884 9880
9884 9744 9730
9744 9735 9731
9735 9732 9731
9744 9731 9730
9881 9744 9884
9884 9730 9880
9726 9716 9727
9720 9712 9714
9727 9712 9726
9714 9738 9720
9722 9741 9714
9714 9713 9722
9735 9734 9732
9889 9897 9898
