byte offset: 0
first index: 0
index count: 22770
topology: trianglelist
format: DXGI_FORMAT_R16_UINT

0 1 2
0 2 3
0 3 4
2 5 6
2 6 3
4 3 7
4 7 8
7 3 6
7 6 9
10 11 12
10 12 13
11 14 15
11 15 12
13 12 16
13 16 17
12 15 18
12 18 16
17 16 19
17 19 20
19 16 18
19 18 21
22 23 24
22 24 25
23 26 27
23 27 24
25 24 28
24 27 28
1 5 2
29 30 31
32 31 30
33 30 29
33 29 34
35 32 30
35 30 33
36 37 38
36 38 39
40 41 38
40 38 37
42 43 37
42 37 36
44 40 37
44 37 43
45 46 43
45 43 42
47 44 43
47 43 46
48 49 50
48 50 51
52 53 50
52 50 49
54 49 48
54 48 55
56 52 49
56 49 54
57 54 55
57 56 54
58 59 60
59 61 60
62 59 58
62 58 63
64 61 59
64 59 62
65 66 67
65 67 68
69 70 66
69 66 65
71 72 65
71 65 68
73 69 65
73 65 72
74 75 72
74 72 71
76 73 72
76 72 75
77 78 79
77 79 80
81 82 79
81 79 78
83 78 77
83 77 84
85 81 78
85 78 83
86 83 84
86 85 83
87 88 89
89 88 90
87 89 91
87 91 92
89 90 93
89 93 91
92 91 94
92 94 95
91 93 96
91 96 94
97 98 99
97 99 100
98 101 102
98 102 99
100 99 103
100 103 104
99 102 105
99 105 103
104 103 106
104 106 107
106 103 105
106 105 108
109 110 111
109 111 112
110 113 114
110 114 111
112 111 115
111 114 115
8 7 11
8 11 10
7 9 14
7 14 11
19 23 22
19 22 20
19 21 26
19 26 23
38 33 34
38 34 39
38 41 35
38 35 33
50 46 45
50 45 51
53 47 46
53 46 50
66 62 63
66 63 67
66 70 64
66 64 62
79 75 74
79 74 80
79 82 76
79 76 75
95 94 98
95 98 97
94 96 101
94 101 98
106 110 109
106 109 107
106 108 113
106 113 110
116 117 118
116 118 119
120 121 122
120 122 123
122 121 124
122 124 125
126 127 118
126 118 128
129 130 131
129 131 132
133 134 135
133 135 136
137 138 136
139 126 128
139 128 140
141 142 143
141 143 144
145 146 143
145 143 142
147 148 149
147 149 150
151 152 153
151 153 154
155 148 147
155 147 156
148 155 135
148 135 157
157 135 134
157 134 158
145 159 160
145 160 146
148 157 161
148 161 149
158 162 161
158 161 157
163 160 159
123 119 164
123 164 165
130 129 147
130 147 150
156 147 129
156 129 151
166 121 120
166 120 167
121 166 168
121 168 124
131 169 170
131 170 132
152 132 170
152 170 171
172 173 174
175 176 173
175 173 177
177 117 178
177 178 175
179 178 117
179 117 116
180 179 116
180 116 125
181 180 125
181 125 124
124 168 182
124 182 181
158 134 146
158 146 160
133 143 146
133 146 134
144 143 133
144 133 183
171 184 153
171 153 152
184 185 153
186 187 188
186 188 189
190 191 192
190 192 193
194 195 196
194 196 197
198 196 195
198 195 199
200 194 197
200 197 201
202 203 204
202 204 205
206 207 208
206 208 209
202 138 210
202 210 203
193 187 186
193 186 190
207 211 212
207 212 208
153 185 213
153 213 209
214 215 194
214 194 200
215 216 195
215 195 194
216 217 199
216 199 195
218 219 220
218 220 221
200 219 204
200 204 214
222 223 213
222 213 224
225 226 227
225 227 228
139 228 227
139 227 126
139 229 230
139 230 228
231 232 233
231 233 234
235 236 237
235 237 238
239 240 241
239 241 242
243 244 245
243 245 246
247 244 248
249 250 251
249 251 252
253 249 252
253 252 254
245 244 255
256 257 258
256 258 259
241 260 261
241 261 242
257 256 255
257 255 262
256 263 245
256 245 255
246 245 263
246 263 264
265 253 254
265 254 266
263 256 259
263 259 267
267 268 264
267 264 263
268 269 266
268 266 264
257 241 240
257 240 258
241 257 262
241 262 260
238 237 270
238 270 271
239 242 272
239 272 273
272 242 261
272 261 274
275 276 277
267 278 276
267 276 268
278 267 259
278 259 234
258 231 234
258 234 259
240 236 231
240 231 258
239 237 236
239 236 240
237 239 273
237 273 270
254 246 264
254 264 266
243 246 254
243 254 252
279 280 281
279 281 251
278 282 277
278 277 276
232 235 283
283 235 238
283 238 284
284 238 271
284 271 285
123 165 286
287 288 247
190 289 290
190 290 191
291 292 293
291 293 294
198 199 294
198 294 293
295 296 292
295 292 291
297 280 298
297 298 299
206 300 301
206 301 207
297 299 302
297 302 248
289 190 186
289 186 287
207 301 303
207 303 211
304 300 305
304 305 306
307 308 295
307 295 291
294 309 307
294 307 291
199 217 309
199 309 294
279 310 311
279 311 312
280 279 312
280 312 298
305 223 222
305 222 313
314 226 315
314 315 316
226 225 317
226 317 315
317 318 319
317 319 315
320 321 318
320 318 317
322 316 323
127 324 164
324 325 326
323 232 286
322 286 165
322 165 326
135 155 136
306 327 304
282 278 234
282 234 233
213 185 224
313 306 305
328 329 230
328 230 330
331 332 163
331 163 159
333 334 335
333 335 330
336 337 338
336 338 339
340 341 342
340 342 343
344 345 142
344 142 141
337 342 341
337 341 338
333 229 172
142 345 346
142 346 145
347 331 159
347 159 145
333 172 174
333 174 348
196 198 339
196 339 338
197 196 338
197 338 341
201 197 341
201 341 340
145 346 349
145 349 347
328 350 320
328 320 329
351 352 353
351 353 354
355 356 353
355 353 352
357 358 359
357 359 350
336 339 360
336 360 361
362 363 364
362 364 365
250 249 366
250 366 367
368 369 370
368 370 371
361 360 365
361 365 364
372 373 374
372 374 375
372 375 376
372 376 377
378 379 380
378 380 381
382 379 378
382 378 383
383 384 385
383 385 382
386 385 384
249 253 387
249 387 366
265 388 389
265 389 253
371 370 390
371 390 391
321 350 359
388 265 269
388 269 392
393 394 395
393 395 396
321 359 275
397 392 359
397 359 358
377 376 398
377 398 399
293 360 339
293 339 198
292 365 360
292 360 293
296 362 365
296 365 292
251 250 310
251 310 279
391 390 400
391 400 401
253 389 402
253 402 387
333 348 403
333 403 334
269 268 276
173 176 174
208 154 153
208 153 209
301 300 304
301 304 404
213 223 206
213 206 209
305 300 206
305 206 223
188 212 211
188 211 189
288 189 211
288 211 303
187 137 188
288 287 186
288 186 189
301 404 303
221 340 343
221 343 405
220 201 340
220 340 221
310 406 363
310 363 362
381 380 374
381 374 373
311 310 362
311 362 296
127 126 227
127 227 407
155 156 212
155 212 188
255 244 247
255 247 288
255 288 303
255 303 262
155 188 137
155 137 136
408 183 133
408 133 136
409 244 243
409 243 281
154 208 212
203 214 204
219 218 205
219 205 204
298 308 299
298 312 295
298 295 308
187 193 210
299 289 302
220 219 200
220 200 201
312 311 296
312 296 295
210 138 137
210 137 187
302 287 247
302 247 248
193 203 210
289 287 302
228 230 329
228 329 225
315 319 323
315 323 316
317 225 329
317 329 320
407 227 226
407 226 314
330 335 410
330 410 328
350 328 410
350 410 357
355 411 356
324 407 314
324 314 325
156 151 154
156 154 212
285 167 120
285 120 284
284 120 123
284 123 283
283 123 286
283 286 232
233 323 319
233 319 282
282 319 318
282 318 277
277 318 321
277 321 275
359 392 269
359 269 275
275 269 276
123 122 119
118 127 119
128 118 117
128 117 177
140 128 177
140 177 173
140 173 172
139 140 172
139 172 229
330 230 229
333 330 229
321 320 350
191 217 216
191 216 192
191 290 309
191 309 217
192 216 215
192 215 214
307 309 290
308 307 290
408 202 205
408 205 183
183 205 218
183 218 144
144 218 221
144 221 141
141 405 344
141 221 405
152 151 129
152 129 132
262 303 404
262 404 260
260 404 304
260 304 261
274 261 304
274 304 327
409 281 280
409 280 297
251 281 243
251 243 252
406 310 250
367 406 250
326 325 322
322 325 314
322 314 316
323 286 322
326 165 164
326 164 324
127 407 324
122 116 119
232 231 235
122 125 116
231 236 235
323 233 232
127 164 119
160 163 162
160 162 158
269 265 266
412 413 414
413 415 414
244 409 248
409 297 248
138 202 408
138 408 136
416 417 418
419 420 421
422 423 419
421 424 416
425 426 427
427 428 429
429 430 431
432 433 434
435 436 437
438 418 439
421 440 424
435 441 442
422 443 444
419 445 446
416 447 417
427 448 449
441 438 450
429 451 452
431 453 454
425 455 456
431 457 458
425 459 460
432 461 462
435 463 464
418 465 466
421 467 468
441 469 470
422 471 472
416 473 474
427 475 476
438 477 478
429 428 479
425 432 480
460 481 425
432 462 433
435 464 436
421 468 440
422 472 443
419 423 445
416 474 447
427 476 448
429 479 451
419 482 483
431 484 453
425 480 455
431 454 457
425 456 459
432 437 461
435 442 463
441 450 469
422 485 471
422 444 486
438 439 477
419 487 420
429 452 430
432 434 488
458 422 431
483 487 419
419 446 482
422 486 423
438 478 489
418 466 490
441 470 491
432 488 480
481 426 425
427 449 428
430 484 431
492 485 422
458 492 422
426 475 427
432 435 437
441 491 442
438 489 450
418 490 439
417 465 418
420 467 421
424 473 416
493 494 495
493 495 496
494 493 497
494 497 498
499 500 497
499 497 493
501 502 503
501 503 504
502 505 496
502 496 503
504 503 506
504 506 507
506 503 496
506 496 495
508 509 498
508 498 497
500 510 508
500 508 497
511 501 504
511 504 512
512 504 507
512 507 513
514 515 509
514 509 508
516 514 508
516 508 510
517 511 512
517 512 518
518 512 513
518 513 519
520 521 522
520 522 523
524 525 521
524 521 520
526 527 528
526 528 529
517 518 526
517 526 529
527 526 530
527 530 531
526 518 519
526 519 530
532 522 521
532 521 533
527 531 532
527 532 533
533 521 525
533 525 534
528 527 533
528 533 534
513 507 535
513 535 536
507 506 537
507 537 535
538 539 535
538 535 537
535 539 540
535 540 536
519 513 536
519 536 541
540 542 541
540 541 536
506 495 543
506 543 537
544 538 537
544 537 543
531 530 545
531 545 546
530 519 541
530 541 545
542 547 545
542 545 541
547 548 546
547 546 545
495 494 549
495 549 543
494 498 550
494 550 549
551 552 549
551 549 550
549 552 544
549 544 543
498 509 553
498 553 550
554 551 550
554 550 553
522 532 555
522 555 556
532 531 546
532 546 555
548 557 555
548 555 546
557 558 556
557 556 555
509 515 559
509 559 553
560 554 553
560 553 559
523 522 556
523 556 561
558 562 561
558 561 556
505 499 493
505 493 496
563 539 538
563 538 564
563 565 540
563 540 539
540 565 566
540 566 542
567 564 538
567 538 544
568 569 548
568 548 547
570 567 544
570 544 552
551 571 570
551 570 552
572 573 558
572 558 557
554 574 571
554 571 551
573 575 562
573 562 558
576 574 554
576 554 560
572 557 548
572 548 569
542 566 568
542 568 547
577 578 579
580 581 582
581 580 583
581 583 584
585 586 587
588 589 590
591 592 593
594 595 596
597 598 599
597 599 600
601 602 603
601 603 604
605 606 607
605 607 608
609 610 611
609 611 612
613 614 615
613 615 616
617 618 619
617 619 620
609 621 622
609 622 610
623 624 614
623 614 625
626 623 625
626 625 627
612 626 627
612 627 609
627 628 621
627 621 609
625 629 628
625 628 627
628 630 631
628 631 621
620 632 633
620 633 617
626 612 634
626 634 632
630 628 629
630 629 635
633 636 637
633 637 617
638 636 633
638 633 639
640 641 642
640 642 643
600 640 643
600 643 597
604 644 645
604 645 601
646 647 640
646 640 600
648 649 650
648 650 651
607 648 651
607 651 608
652 653 650
652 650 649
641 654 655
641 655 642
656 638 639
656 639 657
621 631 658
621 658 622
659 615 614
659 614 624
660 618 617
660 617 637
661 662 622
661 622 658
663 655 664
610 622 662
610 662 665
666 611 610
666 610 665
667 653 652
667 652 668
668 652 669
668 669 670
671 672 656
671 656 657
673 603 602
673 602 674
675 676 677
675 677 678
679 675 678
679 678 680
681 682 683
681 683 684
682 681 685
682 685 686
676 675 687
676 687 688
689 687 675
689 675 679
682 690 691
682 691 683
692 690 682
692 682 686
693 694 688
693 688 687
695 693 687
695 687 689
696 697 698
696 698 699
697 700 701
697 701 698
702 703 704
702 704 705
706 707 705
706 705 704
708 709 699
708 699 698
701 710 708
701 708 698
696 699 711
696 711 712
711 699 709
711 709 713
688 694 714
688 714 715
688 715 716
688 716 676
717 707 706
717 706 718
676 716 719
676 719 677
685 720 721
685 721 686
708 705 707
708 707 709
710 702 705
710 705 708
709 707 717
709 717 713
722 718 706
722 706 723
686 721 724
686 724 692
725 635 629
725 629 613
725 726 727
725 727 635
717 718 728
717 728 729
730 731 732
605 608 646
605 646 733
734 735 650
734 650 653
735 647 651
735 651 650
647 646 608
647 608 651
736 734 653
736 653 667
719 720 685
719 685 677
681 684 680
681 680 678
685 681 678
685 678 677
737 654 734
737 734 736
654 641 735
654 735 734
735 641 640
735 640 647
723 706 704
723 704 738
738 704 703
738 703 739
669 740 741
669 741 670
742 740 669
742 669 743
644 742 743
644 743 645
744 672 671
744 671 745
746 747 670
746 670 741
748 668 670
748 670 747
668 748 749
668 749 667
667 749 750
667 750 736
736 750 751
736 751 737
752 664 737
752 737 751
753 665 662
753 662 754
665 753 755
665 755 666
587 753 754
587 754 585
756 757 752
756 752 579
750 749 758
750 758 730
749 748 580
749 580 758
748 747 583
748 583 580
746 759 583
746 583 747
744 745 591
744 591 593
760 761 755
760 755 589
753 587 589
753 589 755
629 625 614
629 614 613
648 607 601
648 601 645
743 669 652
743 652 649
649 648 645
649 645 743
601 607 606
601 606 602
616 615 729
616 729 728
615 659 762
615 762 729
659 763 764
659 764 762
635 727 765
635 765 766
767 620 619
767 619 763
623 620 767
623 767 624
623 626 632
623 632 620
589 588 760
666 755 761
666 761 768
611 666 768
611 768 769
612 611 769
612 769 634
769 768 671
769 671 657
634 769 657
634 657 639
639 633 632
639 632 634
659 624 767
659 767 763
616 726 725
616 725 613
722 770 771
722 771 718
772 724 721
772 721 773
762 764 774
762 774 713
775 712 711
775 711 776
673 674 715
673 715 714
729 762 713
729 713 717
750 730 577
750 577 751
635 766 777
635 777 630
631 630 777
631 777 778
658 631 778
658 778 779
658 779 780
658 780 661
780 781 782
780 782 661
782 781 594
782 594 596
661 782 754
661 754 662
782 596 585
782 585 754
745 671 768
745 768 761
761 760 591
761 591 745
760 783 591
718 771 784
718 784 728
774 776 711
774 711 713
616 728 784
616 784 726
763 619 774
763 774 764
598 772 773
598 773 599
660 775 776
660 776 618
776 774 619
776 619 618
784 771 727
784 727 726
727 771 770
727 770 765
600 599 733
600 733 646
605 785 786
605 786 606
733 787 785
733 785 605
599 773 787
599 787 733
786 674 602
786 602 606
785 719 716
785 716 786
787 720 719
787 719 785
674 786 716
674 716 715
773 721 720
773 720 787
788 789 790
788 790 791
792 793 790
794 795 796
794 796 797
798 796 795
798 795 799
800 801 802
800 802 789
802 799 789
789 799 795
789 795 790
792 790 794
792 794 803
790 795 794
789 804 800
791 790 793
805 806 807
808 809 810
808 810 811
812 813 806
812 806 805
814 809 808
811 810 815
815 810 816
807 806 817
814 818 809
819 798 799
819 799 802
803 794 820
820 797 821
822 819 823
823 802 801
824 813 825
825 813 812
826 827 828
829 830 831
798 832 833
798 833 796
796 833 834
796 834 797
835 830 827
835 827 826
836 827 837
836 837 838
833 832 827
833 827 830
827 832 837
829 839 834
829 834 830
834 833 830
828 827 836
830 835 831
840 841 806
842 843 810
842 810 809
806 813 844
806 844 840
809 845 842
843 846 810
816 810 846
841 847 806
845 809 848
819 837 832
819 832 798
797 849 821
839 849 834
822 850 819
837 850 838
824 851 813
844 813 851
817 806 847
809 818 848
852 853 854
852 854 855
854 856 857
854 857 855
858 859 857
858 857 856
860 861 862
860 862 863
864 865 866
856 867 858
863 868 860
864 866 868
864 868 863
854 869 867
854 867 856
870 865 864
870 864 871
862 871 864
862 864 863
870 871 872
859 873 857
861 874 862
852 855 875
862 874 872
862 872 871
855 857 873
855 873 875
853 869 854
876 877 878
879 880 881
879 881 882
883 884 882
883 882 881
885 886 887
885 887 877
888 885 889
888 889 890
885 884 889
885 877 882
885 882 884
876 891 879
876 879 877
877 879 882
885 888 892
878 877 887
893 894 895
896 897 898
896 898 899
900 893 895
900 895 901
902 896 899
897 903 898
903 904 898
894 905 895
906 907 899
908 889 884
908 884 883
891 909 879
909 880 879
910 911 908
911 890 889
912 913 901
913 900 901
914 915 916
883 881 917
883 917 918
881 880 919
881 919 917
920 916 921
920 921 922
923 924 925
923 925 920
917 916 920
917 920 918
925 918 920
914 916 919
914 919 926
919 916 917
927 923 920
928 895 929
930 899 898
930 898 931
895 928 932
895 932 901
899 930 933
931 898 934
904 934 898
935 929 895
933 906 899
908 883 918
908 918 925
880 936 919
926 919 936
910 908 937
925 924 937
912 901 938
932 938 901
905 935 895
907 902 899
939 940 941
942 943 944
942 944 945
946 944 943
946 943 947
948 949 950
948 950 941
951 952 953
951 953 950
953 947 950
950 947 943
950 943 941
939 941 942
939 942 954
941 943 942
950 955 951
948 941 940
956 957 958
959 960 961
959 961 962
963 964 957
963 957 956
965 960 959
962 961 966
966 961 967
958 957 968
969 960 970
971 946 947
971 947 953
954 942 972
972 945 973
974 971 975
975 953 952
976 964 977
977 964 963
978 979 980
946 981 982
946 982 944
944 982 983
944 983 945
984 985 986
984 986 979
987 984 988
987 988 989
982 981 984
982 984 979
984 981 988
978 990 983
978 983 979
983 982 979
991 984 987
992 993 957
994 995 961
994 961 960
957 964 996
957 996 992
960 997 994
995 998 961
967 961 998
999 957 993
997 960 969
971 988 981
971 981 946
945 1000 973
990 1000 983
974 1001 971
988 1001 989
976 1002 964
996 964 1002
968 957 999
970 960 965
1003 1004 1005
1003 1005 1006
1005 1007 1008
1005 1008 1006
1007 1009 1010
1007 1010 1008
1011 1012 1013
1011 1013 1014
1015 1016 1017
1007 1018 1009
1011 1019 1012
1015 1017 1019
1015 1019 1011
1005 1020 1018
1005 1018 1007
1015 1021 1022
1015 1022 1016
1014 1021 1015
1014 1015 1011
1023 1022 1021
1008 1010 1024
1014 1013 1025
1026 1003 1006
1014 1025 1023
1014 1023 1021
1006 1008 1024
1006 1024 1026
1004 1020 1005
820 794 797
819 802 823
797 834 849
850 837 819
909 1027 880
911 889 908
880 1027 936
908 925 937
972 942 945
971 953 975
945 983 1000
1001 988 971
921 916 915
980 979 986
886 885 892
955 950 949
927 920 922
985 984 991
1028 1029 1030
1031 1032 1033
1034 1035 1036
1034 1036 1037
1038 1039 1037
1038 1037 1036
1040 1032 1029
1040 1029 1028
1041 1029 1042
1041 1042 1043
1029 1039 1042
1029 1032 1037
1029 1037 1039
1031 1044 1034
1031 1034 1032
1032 1034 1037
1029 1041 1030
1045 1046 1047
1048 1049 1050
1048 1050 1051
1052 1045 1047
1052 1047 1053
1054 1048 1051
1049 1055 1050
1055 1056 1050
1046 1057 1047
1054 1051 1058
1059 1042 1039
1059 1039 1038
1044 1060 1034
1060 1035 1034
1061 1062 1059
1062 1043 1042
1063 1064 1053
1064 1052 1053
1065 1066 1067
1068 1069 1070
1038 1036 1071
1038 1071 1072
1036 1035 1073
1036 1073 1071
1067 1066 1070
1067 1070 1074
1075 1076 1077
1075 1077 1066
1071 1070 1066
1071 1066 1072
1077 1072 1066
1068 1070 1073
1068 1073 1078
1073 1070 1071
1065 1075 1066
1070 1069 1074
1079 1047 1080
1081 1051 1050
1081 1050 1082
1047 1079 1083
1047 1083 1053
1051 1081 1084
1082 1050 1085
1056 1085 1050
1080 1047 1086
1084 1087 1051
1059 1038 1072
1059 1072 1077
1035 1088 1073
1078 1073 1088
1061 1059 1089
1077 1076 1089
1063 1053 1090
1083 1090 1053
1057 1086 1047
1051 1087 1058
1060 1091 1035
1062 1042 1059
1035 1091 1088
1059 1077 1089
1092 1093 1094
1095 1096 1097
1095 1097 1098
1099 1100 1101
1099 1101 1102
1094 1103 1104
1103 1105 1096
1106 1107 1108
1106 1108 1109
1109 1108 1110
1106 1109 1105
1100 1105 1109
1111 1097 1096
1111 1096 1099
1111 1099 1112
1096 1105 1099
1106 1105 1103
1092 1107 1106
1092 1106 1093
1094 1093 1103
1098 1104 1095
1113 1101 1100
1113 1100 1109
1112 1099 1102
1112 1102 1114
1113 1109 1110
1113 1110 1115
1116 1117 1118
1119 1120 1121
1119 1121 1122
1101 1123 1124
1101 1124 1102
1116 1125 1126
1126 1121 1120
1127 1128 1129
1127 1129 1130
1130 1129 1131
1128 1132 1129
1129 1132 1123
1119 1133 1124
1119 1124 1120
1124 1133 1134
1124 1132 1120
1126 1132 1128
1118 1117 1128
1118 1128 1127
1117 1116 1126
1125 1122 1121
1113 1129 1123
1113 1123 1101
1102 1124 1134
1102 1134 1114
1131 1129 1113
1131 1113 1115
1135 1136 1137
1138 1139 1140
1138 1140 1141
1142 1143 1144
1142 1144 1145
1145 1144 1146
1147 1148 1149
1149 1148 1139
1149 1139 1138
1135 1137 1143
1135 1143 1142
1141 1140 1150
1151 1148 1147
1146 1144 1152
1153 1137 1154
1155 1140 1139
1155 1139 1156
1157 1144 1158
1158 1144 1143
1158 1143 1159
1156 1139 1148
1156 1148 1160
1160 1148 1161
1159 1143 1137
1159 1137 1153
1161 1148 1151
1152 1144 1157
1104 1103 1095
1126 1125 1121
1103 1096 1095
1106 1103 1093
1126 1120 1132
1126 1128 1117
1100 1099 1105
1124 1123 1132
1154 1137 1136
1162 1140 1155
1150 1140 1162
1163 1164 1165
1163 1165 1166
1165 1167 1168
1165 1168 1166
1169 1170 1168
1169 1168 1167
1171 1172 1173
1171 1173 1174
1175 1176 1177
1167 1178 1169
1174 1179 1171
1180 1165 1164
1176 1175 1179
1176 1179 1174
1165 1180 1178
1165 1178 1167
1181 1177 1176
1181 1176 1182
1173 1182 1176
1173 1176 1174
1181 1182 1183
1163 1166 1184
1185 1183 1182
1185 1182 1173
1166 1168 1186
1166 1186 1184
1170 1186 1168
1172 1185 1173
1187 1188 1189
1190 1191 1192
1190 1192 1193
1194 1195 1196
1194 1196 1197
1187 1198 1199
1199 1193 1200
1201 1202 1203
1201 1203 1204
1204 1205 1201
1203 1200 1204
1197 1204 1200
1193 1192 1206
1193 1206 1194
1206 1207 1194
1193 1194 1200
1203 1199 1200
1189 1188 1203
1189 1203 1202
1187 1199 1188
1191 1190 1198
1197 1196 1208
1197 1208 1204
1207 1209 1195
1207 1195 1194
1208 1210 1205
1208 1205 1204
1211 1212 1213
1214 1215 1216
1214 1216 1217
1196 1195 1218
1196 1218 1219
1213 1220 1221
1220 1217 1216
1222 1223 1224
1222 1224 1225
1223 1226 1224
1225 1224 1227
1224 1219 1227
1214 1217 1218
1214 1218 1228
1218 1229 1228
1218 1217 1227
1220 1225 1227
1211 1222 1225
1211 1225 1212
1212 1220 1213
1221 1216 1215
1219 1224 1208
1219 1208 1196
1195 1209 1229
1195 1229 1218
1226 1210 1208
1226 1208 1224
1230 1231 1232
1233 1234 1235
1233 1235 1236
1237 1238 1239
1237 1239 1240
1238 1241 1239
1242 1243 1244
1243 1233 1236
1243 1236 1244
1230 1237 1240
1230 1240 1231
1234 1245 1235
1246 1242 1244
1241 1247 1239
1248 1249 1231
1250 1251 1236
1250 1236 1235
1252 1253 1239
1253 1254 1240
1253 1240 1239
1251 1255 1244
1251 1244 1236
1255 1256 1244
1254 1248 1231
1254 1231 1240
1256 1246 1244
1247 1252 1239
1198 1190 1199
1220 1216 1221
1199 1190 1193
1203 1188 1199
1220 1227 1217
1220 1212 1225
1197 1200 1194
1218 1227 1219
1249 1232 1231
1257 1250 1235
1245 1257 1235
788 804 789
1040 1033 1032
290 289 299
308 290 299
203 193 192
203 192 214
1258 1259 1260
1261 1262 1260
1263 1258 1260
1264 1261 1260
1265 1266 1260
1267 1268 1260
1269 1267 1260
1262 1269 1260
1268 1263 1260
1259 1270 1260
1271 1265 1260
1270 1271 1260
1266 1264 1260
1272 1273 1274
1275 1276 1277
1275 1277 1278
1276 1279 1280
1276 1280 1277
1281 1282 1277
1281 1277 1280
1282 1283 1278
1282 1278 1277
1275 1278 1284
1275 1284 1285
1278 1283 1286
1278 1286 1284
1287 1288 1284
1287 1284 1286
1288 1289 1285
1288 1285 1284
1290 1291 1292
1290 1292 1293
1291 1294 1295
1291 1295 1292
1296 1297 1292
1296 1292 1295
1297 1298 1293
1297 1293 1292
1299 1300 1301
1299 1301 1302
1300 1290 1293
1300 1293 1301
1298 1303 1301
1298 1301 1293
1303 1304 1302
1303 1302 1301
1275 1305 1276
1305 1306 1307
1305 1307 1308
1308 1279 1276
1289 1309 1285
1309 1310 1306
1306 1305 1309
1294 1291 1311
1291 1290 1312
1313 1314 1311
1313 1311 1312
1290 1315 1312
1300 1299 1315
1316 1312 1315
1299 1302 1317
1299 1317 1318
1302 1304 1319
1302 1319 1317
1299 1318 1320
1321 1316 1315
1321 1315 1320
1283 1282 1322
1282 1281 1323
1287 1286 1324
1286 1283 1322
1298 1297 1325
1297 1296 1326
1304 1303 1327
1303 1298 1325
1296 1328 1326
1328 1287 1324
1289 1288 1329
1289 1329 1330
1288 1287 1328
1288 1328 1329
1296 1295 1329
1296 1329 1328
1295 1294 1330
1295 1330 1329
1294 1311 1330
1311 1314 1309
1309 1330 1311
1331 1332 1333
1334 1314 1313
1334 1313 1335
1335 1313 1316
1335 1316 1336
1316 1321 1337
1316 1337 1336
1310 1334 1332
1338 1339 1340
1338 1340 1341
1339 1342 1343
1339 1343 1340
1338 1344 1345
1338 1345 1339
1345 1346 1342
1345 1342 1339
1347 1348 1349
1347 1349 1350
1350 1349 1351
1350 1351 1352
1353 1347 1350
1353 1350 1354
1354 1350 1352
1354 1352 1355
1344 1351 1349
1344 1349 1345
1349 1348 1346
1349 1346 1345
1356 1357 1358
1359 1360 1361
1359 1361 1362
1360 1356 1358
1360 1358 1361
1363 1364 1365
1364 1366 1359
1364 1359 1362
1367 1368 1369
1367 1369 1370
1355 1352 1370
1355 1370 1369
1371 1372 1367
1371 1367 1370
1352 1351 1371
1352 1371 1370
1373 1374 1375
1374 1371 1375
1351 1344 1375
1351 1375 1371
1376 1377 1378
1377 1375 1378
1344 1338 1378
1344 1378 1375
1376 1378 1379
1378 1338 1341
1378 1341 1380
1380 1381 1379
1382 1383 1384
1382 1384 1385
1383 1386 1387
1383 1387 1384
1388 1389 1390
1388 1390 1391
1389 1382 1385
1389 1385 1390
1392 1393 1394
1392 1394 1395
1396 1392 1395
1396 1395 1397
1398 1396 1397
1398 1397 1399
1400 1401 1402
1400 1402 1403
1401 1398 1399
1401 1399 1402
1404 1405 1406
1404 1406 1407
1405 1400 1403
1405 1403 1406
1408 1409 1410
1327 1411 1319
1412 1274 1413
1414 1408 1411
1412 1272 1274
1415 1413 1274
1416 1415 1274
1417 1416 1274
1418 1331 1333
1418 1333 1419
1420 1421 1422
1420 1422 1423
1421 1404 1407
1421 1407 1422
1424 1425 1426
1424 1426 1427
1425 1428 1429
1425 1429 1426
1281 1280 1426
1281 1426 1429
1280 1279 1427
1280 1427 1426
1424 1430 1431
1424 1431 1425
1430 1432 1433
1430 1433 1431
1434 1435 1431
1434 1431 1433
1435 1428 1425
1435 1425 1431
1436 1437 1438
1436 1438 1439
1437 1440 1441
1437 1441 1438
1442 1443 1438
1442 1438 1441
1443 1444 1439
1443 1439 1438
1445 1446 1447
1445 1447 1448
1446 1449 1450
1446 1450 1447
1440 1437 1447
1440 1447 1450
1437 1436 1448
1437 1448 1447
1424 1427 1451
1427 1279 1308
1418 1452 1453
1418 1453 1307
1432 1430 1454
1430 1424 1451
1452 1455 1456
1452 1456 1453
1444 1457 1439
1457 1458 1459
1457 1459 1460
1460 1436 1439
1436 1461 1448
1460 1462 1461
1461 1445 1448
1445 1463 1464
1445 1464 1446
1465 1449 1446
1465 1446 1464
1445 1461 1466
1461 1462 1467
1461 1467 1466
1428 1468 1429
1323 1429 1468
1434 1469 1435
1468 1435 1469
1440 1470 1441
1442 1441 1471
1449 1472 1450
1440 1450 1470
1442 1471 1473
1434 1473 1469
1432 1474 1475
1432 1475 1433
1474 1444 1443
1474 1443 1475
1442 1473 1475
1442 1475 1443
1473 1434 1433
1473 1433 1475
1444 1474 1457
1455 1476 1456
1452 1477 1478
1452 1478 1455
1479 1480 1459
1459 1480 1481
1459 1481 1462
1462 1481 1482
1462 1482 1467
1483 1484 1341
1483 1341 1340
1343 1485 1483
1343 1483 1340
1486 1484 1483
1486 1483 1487
1483 1485 1488
1483 1488 1487
1489 1490 1491
1489 1491 1492
1492 1493 1494
1492 1494 1489
1495 1496 1490
1495 1490 1489
1489 1494 1497
1489 1497 1495
1486 1487 1492
1486 1492 1491
1487 1488 1493
1487 1493 1492
1498 1499 1500
1501 1502 1503
1501 1503 1504
1495 1497 1499
1495 1499 1503
1505 1506 1507
1508 1496 1502
1508 1502 1506
1509 1510 1508
1509 1508 1511
1510 1490 1496
1510 1496 1508
1512 1513 1510
1512 1510 1509
1513 1491 1490
1513 1490 1510
1514 1515 1516
1515 1486 1491
1515 1491 1513
1513 1512 1516
1517 1518 1519
1518 1484 1486
1518 1486 1515
1515 1514 1519
1517 1520 1518
1520 1380 1518
1341 1484 1518
1341 1518 1380
1521 1522 1523
1521 1523 1524
1523 1525 1526
1523 1526 1524
1527 1528 1529
1527 1529 1530
1529 1522 1521
1529 1521 1530
1531 1532 1533
1531 1533 1534
1535 1536 1532
1535 1532 1531
1537 1538 1536
1537 1536 1535
1539 1540 1541
1539 1541 1542
1538 1537 1542
1538 1542 1541
1543 1544 1545
1543 1545 1546
1540 1539 1546
1540 1546 1545
1547 1548 1549
1550 1526 1525
1550 1525 1549
1449 1465 1472
1551 1552 1274
1553 1554 1274
1554 1555 1274
1552 1553 1274
1556 1557 1547
1555 1417 1274
1418 1419 1477
1418 1477 1452
1420 1423 1558
1420 1558 1559
1544 1543 1559
1544 1559 1558
1319 1410 1560
1319 1560 1317
1560 1386 1318
1560 1318 1317
1318 1386 1383
1318 1383 1320
1382 1321 1320
1382 1320 1383
1321 1382 1389
1321 1389 1337
1388 1337 1389
1336 1337 1393
1336 1393 1392
1392 1396 1335
1392 1335 1336
1396 1398 1334
1396 1334 1335
1334 1398 1401
1400 1332 1401
1332 1400 1405
1404 1333 1405
1333 1404 1421
1420 1419 1421
1419 1420 1559
1543 1477 1559
1477 1543 1546
1539 1478 1546
1478 1539 1542
1537 1476 1542
1476 1537 1535
1476 1535 1480
1480 1535 1531
1480 1531 1481
1481 1531 1534
1481 1534 1482
1530 1521 1467
1530 1467 1482
1466 1467 1521
1466 1521 1524
1524 1526 1463
1524 1463 1466
1463 1526 1550
1463 1550 1464
1550 1548 1465
1550 1465 1464
1319 1304 1327
1465 1557 1472
1274 1273 1551
1323 1281 1429
1468 1428 1435
1282 1323 1322
1286 1322 1324
1328 1324 1326
1297 1326 1325
1303 1325 1327
1411 1410 1319
1470 1471 1441
1472 1470 1450
1471 1469 1473
1465 1548 1557
1393 1388 1391
1393 1391 1394
1534 1533 1528
1534 1528 1527
1534 1527 1482
1361 1354 1355
1361 1355 1362
1358 1353 1354
1358 1354 1361
1362 1355 1369
1362 1369 1364
1503 1502 1496
1503 1496 1495
1499 1498 1504
1499 1504 1503
1506 1502 1501
1506 1501 1507
1506 1561 1511
1506 1511 1508
1364 1369 1368
1364 1368 1365
1363 1366 1364
1505 1561 1506
1388 1393 1337
1527 1530 1482
1457 1460 1439
1436 1460 1461
1466 1463 1445
1474 1454 1457
1476 1478 1542
1427 1308 1451
1477 1419 1559
1478 1477 1546
1332 1334 1401
1333 1332 1405
1419 1333 1421
1291 1312 1311
1290 1300 1315
1320 1315 1299
1374 1372 1371
1377 1373 1375
1378 1380 1379
1518 1515 1519
1520 1381 1380
1515 1513 1516
1560 1409 1387
1560 1387 1386
1357 1562 1358
1499 1563 1500
1455 1478 1476
1310 1332 1306
1314 1310 1309
1310 1314 1334
1305 1308 1276
1305 1285 1309
1474 1432 1454
1454 1458 1457
1430 1451 1454
1451 1453 1456
1451 1456 1454
1307 1453 1451
1307 1451 1308
1306 1418 1307
1454 1456 1458
1458 1479 1459
1456 1479 1458
1306 1331 1418
1332 1331 1306
1476 1479 1456
1479 1476 1480
1460 1459 1462
1305 1275 1285
1316 1313 1312
1309 1289 1330
1548 1550 1549
1409 1560 1410
1408 1410 1411
1557 1548 1547
585 1564 586
585 596 1564
578 1565 756
594 1566 595
1567 1564 596
577 730 1568
577 1568 578
582 758 580
582 731 758
759 1569 1570
583 759 1570
583 1570 584
591 783 592
596 595 1567
586 590 587
589 587 590
588 1571 760
760 1571 783
730 732 1568
730 758 731
579 752 751
579 751 577
578 756 579
664 752 757
664 757 663
654 737 664
655 654 664
592 1572 593
1573 1574 1575
1573 1576 1577
1573 1577 1574
1574 1577 1578
1574 1578 1579
1576 1580 1581
1576 1581 1577
1578 1577 1581
1578 1581 1582
1583 1584 1585
1583 1585 1586
1586 1585 1587
1586 1587 1588
1584 1589 1590
1584 1590 1585
1585 1590 1591
1585 1591 1587
1589 1592 1593
1589 1593 1590
1591 1590 1593
1591 1593 1594
1595 1596 1597
1595 1597 1598
1598 1597 1599
1598 1599 1600
1596 1601 1597
1597 1601 1599
1575 1574 1579
1602 1603 1604
1605 1604 1603
1606 1607 1602
1606 1602 1604
1608 1606 1604
1608 1604 1605
1609 1610 1611
1609 1611 1612
1613 1610 1609
1613 1609 1614
1610 1615 1616
1610 1616 1611
1617 1615 1610
1617 1610 1613
1615 1618 1619
1615 1619 1616
1620 1618 1615
1620 1615 1617
1621 1622 1623
1621 1623 1624
1625 1622 1621
1625 1621 1626
1627 1628 1623
1627 1623 1622
1629 1627 1622
1629 1622 1625
1630 1628 1627
1630 1627 1629
1631 1632 1633
1633 1632 1634
1635 1636 1631
1635 1631 1633
1637 1635 1633
1637 1633 1634
1638 1639 1640
1638 1640 1641
1642 1638 1641
1642 1641 1643
1638 1644 1645
1638 1645 1639
1646 1644 1638
1646 1638 1642
1644 1647 1648
1644 1648 1645
1649 1647 1644
1649 1644 1646
1650 1651 1652
1650 1652 1653
1654 1651 1650
1654 1650 1655
1656 1657 1652
1656 1652 1651
1658 1656 1651
1658 1651 1654
1659 1657 1656
1659 1656 1658
1660 1661 1662
1661 1663 1662
1660 1664 1665
1660 1665 1661
1661 1665 1666
1661 1666 1663
1664 1667 1668
1664 1668 1665
1665 1668 1669
1665 1669 1666
1670 1671 1672
1670 1672 1673
1673 1672 1674
1673 1674 1675
1671 1676 1677
1671 1677 1672
1672 1677 1678
1672 1678 1674
1676 1679 1680
1676 1680 1677
1678 1677 1680
1678 1680 1681
1682 1683 1684
1682 1684 1685
1685 1684 1686
1685 1686 1687
1683 1688 1684
1684 1688 1686
1586 1581 1580
1586 1580 1583
1588 1582 1581
1588 1581 1586
1593 1592 1595
1593 1595 1598
1600 1594 1593
1600 1593 1598
1609 1612 1607
1609 1607 1606
1608 1614 1609
1608 1609 1606
1621 1624 1619
1621 1619 1618
1626 1621 1618
1626 1618 1620
1641 1640 1636
1641 1636 1635
1637 1643 1641
1637 1641 1635
1650 1653 1648
1650 1648 1647
1649 1655 1650
1649 1650 1647
1673 1668 1667
1673 1667 1670
1675 1669 1668
1675 1668 1673
1680 1679 1682
1680 1682 1685
1687 1681 1680
1687 1680 1685
1689 1690 1691
1689 1691 1692
1693 1694 1695
1693 1695 1696
1693 1697 1698
1693 1698 1694
1699 1700 1691
1699 1691 1701
1702 1703 1704
1702 1704 1705
1706 1707 1708
1706 1708 1709
1710 1707 1711
1712 1713 1700
1712 1700 1699
1714 1715 1716
1714 1716 1717
1718 1715 1714
1718 1714 1719
1720 1721 1722
1720 1722 1723
1724 1725 1726
1724 1726 1727
1720 1723 1728
1720 1728 1729
1723 1730 1708
1723 1708 1728
1709 1708 1730
1709 1730 1731
1732 1733 1718
1732 1718 1719
1723 1722 1734
1723 1734 1730
1734 1735 1731
1734 1731 1730
1736 1733 1732
1737 1690 1696
1737 1696 1738
1720 1704 1703
1720 1703 1721
1704 1720 1729
1704 1729 1726
1739 1740 1695
1739 1695 1694
1694 1698 1741
1694 1741 1739
1702 1705 1742
1702 1742 1743
1742 1705 1725
1742 1725 1744
1745 1746 1747
1748 1749 1747
1748 1747 1750
1749 1748 1751
1749 1751 1692
1752 1689 1692
1752 1692 1751
1753 1697 1689
1753 1689 1752
1754 1698 1697
1754 1697 1753
1698 1754 1755
1698 1755 1741
1719 1709 1731
1719 1731 1732
1706 1709 1719
1706 1719 1714
1717 1756 1706
1717 1706 1714
1724 1757 1744
1724 1744 1725
1757 1724 1758
1759 1760 1761
1759 1761 1762
1763 1764 1765
1763 1765 1766
1767 1768 1769
1767 1769 1770
1771 1772 1770
1771 1770 1769
1773 1774 1768
1773 1768 1767
1775 1776 1777
1775 1777 1778
1779 1780 1781
1779 1781 1782
1775 1778 1783
1775 1783 1711
1764 1763 1761
1764 1761 1760
1782 1781 1784
1782 1784 1785
1724 1780 1786
1724 1786 1758
1787 1773 1767
1787 1767 1788
1788 1767 1770
1788 1770 1789
1789 1770 1772
1789 1772 1790
1791 1792 1793
1791 1793 1794
1773 1787 1777
1773 1777 1794
1786 1795 1796
1786 1796 1797
1798 1799 1800
1798 1800 1801
1712 1699 1798
1712 1798 1801
1802 1803 1712
1802 1712 1801
1804 1805 1806
1804 1806 1807
1808 1809 1810
1808 1810 1811
1812 1813 1814
1812 1814 1815
1816 1817 1818
1816 1818 1819
1820 1821 1819
1822 1823 1824
1822 1824 1825
1826 1827 1823
1826 1823 1822
1818 1828 1819
1829 1830 1831
1829 1831 1832
1812 1815 1833
1812 1833 1834
1828 1831 1830
1828 1830 1835
1831 1828 1818
1831 1818 1836
1836 1818 1817
1836 1817 1837
1838 1839 1827
1838 1827 1826
1832 1831 1836
1832 1836 1840
1837 1841 1840
1837 1840 1836
1839 1842 1841
1839 1841 1837
1813 1812 1830
1813 1830 1829
1835 1830 1812
1835 1812 1834
1809 1843 1844
1809 1844 1810
1814 1845 1846
1814 1846 1815
1833 1815 1846
1833 1846 1847
1848 1849 1850
1840 1841 1850
1840 1850 1851
1851 1805 1832
1851 1832 1840
1829 1832 1805
1829 1805 1804
1813 1829 1804
1813 1804 1811
1814 1813 1811
1814 1811 1810
1810 1844 1845
1810 1845 1814
1837 1817 1827
1837 1827 1839
1816 1823 1827
1816 1827 1817
1852 1824 1853
1852 1853 1854
1851 1850 1849
1851 1849 1855
1807 1856 1808
1856 1857 1809
1856 1809 1808
1857 1858 1843
1857 1843 1809
1696 1859 1738
1860 1820 1861
1763 1766 1862
1763 1862 1863
1864 1865 1866
1864 1866 1867
1771 1866 1865
1771 1865 1772
1868 1864 1867
1868 1867 1869
1870 1871 1872
1870 1872 1854
1779 1782 1873
1779 1873 1874
1870 1821 1875
1870 1875 1871
1863 1860 1761
1863 1761 1763
1782 1785 1876
1782 1876 1873
1877 1878 1879
1877 1879 1874
1880 1864 1868
1880 1868 1881
1880 1882 1865
1880 1865 1864
1882 1790 1772
1882 1772 1865
1852 1883 1884
1852 1884 1885
1883 1852 1854
1883 1854 1872
1796 1795 1879
1796 1879 1886
1887 1888 1889
1887 1889 1799
1799 1889 1890
1799 1890 1800
1891 1892 1890
1891 1890 1889
1892 1893 1894
1892 1894 1890
1895 1896 1888
1701 1737 1897
1897 1898 1899
1896 1859 1807
1895 1898 1738
1895 1738 1859
1708 1707 1728
1878 1877 1900
1855 1806 1805
1855 1805 1851
1786 1797 1758
1886 1879 1878
1901 1902 1802
1901 1802 1903
1736 1904 1905
1736 1905 1733
1906 1907 1908
1906 1908 1902
1909 1910 1911
1909 1911 1912
1913 1914 1915
1913 1915 1916
1917 1716 1715
1917 1715 1918
1912 1911 1916
1912 1916 1915
1908 1745 1803
1919 1918 1715
1919 1715 1718
1733 1905 1920
1733 1920 1718
1908 1921 1746
1908 1746 1745
1769 1911 1910
1769 1910 1771
1768 1916 1911
1768 1911 1769
1774 1913 1916
1774 1916 1768
1718 1920 1922
1718 1922 1919
1901 1903 1894
1901 1894 1923
1924 1925 1926
1924 1926 1927
1928 1927 1926
1928 1926 1929
1930 1931 1932
1930 1932 1923
1909 1933 1934
1909 1934 1910
1935 1936 1937
1935 1937 1938
1939 1822 1825
1939 1825 1940
1941 1942 1943
1941 1943 1944
1933 1935 1938
1933 1938 1934
1945 1946 1947
1945 1947 1948
1949 1946 1945
1949 1945 1950
1951 1952 1953
1951 1953 1954
1955 1956 1953
1955 1953 1952
1956 1955 1957
1956 1957 1958
1959 1958 1957
1822 1939 1960
1822 1960 1826
1961 1962 1838
1961 1838 1826
1942 1963 1964
1942 1964 1943
1893 1930 1923
1842 1838 1962
1842 1962 1965
1966 1967 1968
1966 1968 1969
1893 1848 1930
1930 1965 1970
1930 1970 1931
1971 1949 1950
1971 1950 1972
1866 1771 1910
1866 1910 1934
1867 1866 1934
1867 1934 1938
1869 1867 1938
1869 1938 1937
1885 1825 1824
1885 1824 1852
1963 1973 1974
1963 1974 1964
1826 1960 1975
1826 1975 1961
1976 1921 1908
1976 1908 1907
1842 1850 1841
1747 1746 1750
1781 1780 1724
1781 1724 1727
1877 1874 1873
1877 1873 1977
1786 1780 1779
1786 1779 1795
1779 1874 1879
1779 1879 1795
1785 1784 1759
1785 1759 1762
1861 1876 1785
1861 1785 1762
1760 1759 1710
1761 1860 1861
1761 1861 1762
1873 1876 1977
1792 1978 1914
1792 1914 1913
1793 1792 1913
1793 1913 1774
1936 1979 1885
1936 1885 1937
1947 1951 1954
1947 1954 1948
1937 1885 1884
1937 1884 1869
1798 1699 1701
1798 1701 1980
1784 1729 1728
1784 1728 1759
1820 1819 1828
1820 1828 1861
1828 1835 1876
1828 1876 1861
1728 1707 1710
1728 1710 1759
1981 1707 1706
1981 1706 1756
1816 1819 1982
1816 1982 1853
1727 1784 1781
1778 1777 1787
1794 1777 1776
1794 1776 1791
1872 1871 1881
1868 1883 1872
1868 1872 1881
1760 1783 1764
1871 1875 1863
1773 1794 1793
1773 1793 1774
1869 1884 1883
1869 1883 1868
1710 1711 1783
1710 1783 1760
1875 1821 1820
1875 1820 1860
1764 1783 1778
1863 1875 1860
1903 1802 1801
1903 1801 1800
1889 1888 1896
1889 1896 1891
1890 1894 1903
1890 1903 1800
1799 1798 1980
1799 1980 1887
1983 1906 1902
1983 1902 1901
1923 1932 1983
1923 1983 1901
1928 1929 1984
1887 1980 1897
1887 1897 1899
1727 1726 1729
1727 1729 1784
1858 1857 1695
1858 1695 1740
1857 1856 1696
1857 1696 1695
1856 1807 1859
1856 1859 1696
1806 1855 1891
1806 1891 1896
1855 1849 1892
1855 1892 1891
1849 1848 1893
1849 1893 1892
1930 1848 1842
1930 1842 1965
1848 1850 1842
1696 1690 1693
1691 1690 1701
1692 1691 1700
1692 1700 1749
1749 1700 1713
1749 1713 1747
1713 1745 1747
1712 1803 1745
1712 1745 1713
1902 1803 1802
1908 1803 1902
1893 1923 1894
1766 1765 1789
1766 1789 1790
1882 1862 1766
1882 1766 1790
1765 1788 1789
1765 1787 1788
1880 1862 1882
1881 1862 1880
1981 1756 1776
1981 1776 1775
1756 1717 1791
1756 1791 1776
1717 1716 1792
1717 1792 1791
1716 1917 1978
1716 1978 1792
1704 1726 1725
1704 1725 1705
1835 1834 1977
1835 1977 1876
1834 1833 1877
1834 1877 1977
1877 1833 1847
1877 1847 1900
1854 1853 1982
1854 1982 1870
1816 1853 1824
1816 1824 1823
1979 1825 1885
1940 1825 1979
1898 1895 1899
1895 1888 1887
1895 1887 1899
1896 1895 1859
1898 1897 1737
1898 1737 1738
1701 1897 1980
1693 1690 1689
1807 1808 1804
1693 1689 1697
1804 1808 1811
1896 1807 1806
1701 1690 1737
1735 1736 1732
1735 1732 1731
1842 1839 1838
1985 1986 1987
1987 1986 1988
1819 1821 1982
1982 1821 1870
1711 1981 1775
1711 1707 1981
1989 1990 1991
1992 1993 1994
1995 1992 1996
1993 1989 1997
1998 1999 2000
1999 2001 2002
2001 2003 2004
2005 2006 2007
2008 2009 2010
2011 2012 1990
1993 1997 2013
2008 2014 2015
1995 2016 2017
1992 2018 2019
1989 1991 2020
1999 2021 2022
2015 2023 2011
2001 2024 2025
2003 2026 2027
1998 2028 2029
2003 2030 2031
1998 2032 2033
2005 2034 2035
2008 2036 2037
1990 2038 2039
1993 2040 2041
2015 2042 2043
1995 2044 2045
1989 2046 2047
1999 2048 2049
2011 2050 2051
2001 2052 2002
1998 2053 2005
2032 1998 2054
2005 2007 2034
2008 2010 2036
1993 2013 2040
1995 2017 2044
1992 2019 1996
1989 2020 2046
1999 2022 2048
2001 2025 2052
1992 2055 2056
2003 2027 2057
1998 2029 2053
2003 2031 2026
1998 2033 2028
2005 2035 2009
2008 2037 2014
2015 2043 2023
1995 2045 2058
1995 2059 2016
2011 2051 2012
1992 1994 2060
2001 2004 2024
2005 2061 2006
2030 2003 1995
2055 1992 2060
1992 2056 2018
1995 1996 2059
2011 2062 2050
1990 2063 2038
2015 2064 2042
2005 2053 2061
2054 1998 2000
1999 2002 2021
2004 2003 2057
2065 1995 2058
2030 1995 2065
2000 1999 2049
2005 2009 2008
2015 2014 2064
2011 2023 2062
1990 2012 2063
1991 1990 2039
1994 1993 2041
1997 1989 2047
2066 2067 2068
2066 2068 2069
2070 2066 2069
2070 2069 2071
2072 2066 2070
2072 2070 2073
2074 2075 2076
2074 2076 2077
2075 2074 2067
2075 2067 2078
2079 2074 2077
2079 2077 2080
2067 2074 2079
2067 2079 2068
2081 2070 2071
2081 2071 2082
2073 2070 2081
2073 2081 2083
2077 2076 2084
2077 2084 2085
2080 2077 2085
2080 2085 2086
2087 2081 2082
2087 2082 2088
2089 2083 2081
2089 2081 2087
2085 2084 2090
2085 2090 2091
2086 2085 2091
2086 2091 2092
2093 2094 2095
2093 2095 2096
2097 2093 2096
2097 2096 2098
2099 2100 2101
2099 2101 2102
2090 2102 2101
2090 2101 2091
2103 2101 2100
2103 2100 2104
2101 2103 2092
2101 2092 2091
2096 2095 2105
2096 2105 2106
2100 2106 2105
2100 2105 2104
2098 2096 2106
2098 2106 2107
2099 2107 2106
2099 2106 2100
2108 2080 2086
2108 2086 2109
2080 2108 2110
2080 2110 2079
2108 2111 2112
2108 2112 2110
2113 2111 2108
2113 2108 2109
2109 2086 2092
2109 2092 2114
2113 2109 2114
2113 2114 2115
2079 2110 2116
2079 2116 2068
2110 2112 2117
2110 2117 2116
2118 2103 2104
2118 2104 2119
2103 2118 2114
2103 2114 2092
2118 2120 2115
2118 2115 2114
2120 2118 2119
2120 2119 2121
2122 2069 2068
2122 2068 2116
2069 2122 2123
2069 2123 2071
2122 2124 2125
2122 2125 2123
2117 2124 2122
2117 2122 2116
2071 2123 2126
2071 2126 2082
2123 2125 2127
2123 2127 2126
2128 2105 2095
2128 2095 2129
2105 2128 2119
2105 2119 2104
2128 2130 2121
2128 2121 2119
2130 2128 2129
2130 2129 2131
2082 2126 2132
2082 2132 2088
2126 2127 2133
2126 2133 2132
2094 2134 2129
2094 2129 2095
2134 2135 2131
2134 2131 2129
2078 2067 2066
2078 2066 2072
2136 2137 2112
2136 2112 2111
2136 2111 2113
2136 2113 2138
2139 2138 2113
2139 2113 2115
2112 2137 2140
2112 2140 2117
2141 2120 2121
2141 2121 2142
2143 2124 2117
2143 2117 2140
2143 2144 2125
2143 2125 2124
2131 2145 2146
2131 2146 2130
2144 2147 2127
2144 2127 2125
2135 2148 2145
2135 2145 2131
2149 2133 2127
2149 2127 2147
2146 2142 2121
2146 2121 2130
2141 2139 2115
2141 2115 2120
2150 2151 2152
2153 2154 2155
2156 2153 2155
2156 2155 2157
2158 2159 2160
2161 2162 2163
2164 2165 2166
2167 2168 2169
2170 2171 2172
2170 2172 2173
2174 2175 2176
2174 2176 2177
2178 2179 2180
2178 2180 2181
2182 2183 2184
2182 2184 2185
2186 2187 2188
2186 2188 2189
2190 2191 2192
2190 2192 2193
2182 2185 2194
2182 2194 2195
2196 2197 2189
2196 2189 2198
2199 2200 2197
2199 2197 2196
2183 2182 2200
2183 2200 2199
2200 2182 2195
2200 2195 2201
2197 2200 2201
2197 2201 2202
2201 2195 2203
2201 2203 2204
2205 2206 2191
2205 2191 2190
2199 2206 2207
2199 2207 2183
2204 2208 2202
2204 2202 2201
2205 2190 2209
2205 2209 2210
2211 2212 2205
2211 2205 2210
2213 2214 2215
2213 2215 2216
2214 2213 2171
2214 2171 2170
2217 2218 2177
2217 2177 2176
2213 2219 2220
2213 2220 2171
2221 2222 2223
2221 2223 2224
2222 2221 2180
2222 2180 2179
2223 2225 2226
2223 2226 2224
2216 2215 2227
2216 2227 2228
2229 2230 2212
2229 2212 2211
2195 2194 2231
2195 2231 2203
2189 2188 2232
2189 2232 2198
2233 2209 2190
2233 2190 2193
2234 2231 2194
2234 2194 2235
2236 2237 2227
2185 2238 2235
2185 2235 2194
2239 2238 2185
2239 2185 2184
2240 2241 2226
2240 2226 2225
2241 2242 2243
2241 2243 2226
2244 2230 2229
2244 2229 2245
2246 2247 2175
2246 2175 2174
2248 2249 2250
2248 2250 2251
2252 2253 2249
2252 2249 2248
2254 2255 2256
2254 2256 2257
2258 2254 2257
2258 2257 2259
2251 2260 2261
2251 2261 2248
2262 2252 2248
2262 2248 2261
2257 2256 2263
2257 2263 2264
2257 2264 2265
2257 2265 2259
2266 2261 2260
2266 2260 2267
2268 2262 2261
2268 2261 2266
2269 2270 2271
2269 2271 2272
2272 2271 2273
2272 2273 2274
2275 2276 2277
2275 2277 2278
2279 2277 2276
2279 2276 2280
2281 2271 2270
2281 2270 2282
2273 2271 2281
2273 2281 2283
2269 2284 2285
2269 2285 2270
2282 2270 2285
2282 2285 2286
2287 2267 2260
2287 2260 2288
2260 2251 2289
2260 2289 2288
2279 2280 2290
2279 2290 2291
2251 2250 2292
2251 2292 2289
2258 2259 2293
2258 2293 2294
2281 2282 2280
2281 2280 2276
2283 2281 2276
2283 2276 2275
2282 2286 2290
2282 2290 2280
2279 2291 2295
2279 2295 2296
2259 2265 2297
2259 2297 2293
2298 2186 2202
2298 2202 2208
2298 2208 2299
2298 2299 2300
2290 2301 2302
2290 2302 2291
2303 2304 2305
2178 2306 2220
2178 2220 2179
2307 2225 2223
2307 2223 2308
2308 2223 2222
2308 2222 2219
2219 2222 2179
2219 2179 2220
2309 2240 2225
2309 2225 2307
2258 2294 2292
2258 2292 2250
2254 2249 2253
2254 2253 2255
2258 2250 2249
2258 2249 2254
2310 2309 2307
2310 2307 2228
2228 2307 2308
2228 2308 2216
2308 2219 2213
2308 2213 2216
2296 2311 2277
2296 2277 2279
2311 2312 2278
2311 2278 2277
2243 2242 2313
2243 2313 2314
2315 2316 2243
2315 2243 2314
2218 2217 2316
2218 2316 2315
2244 2245 2317
2244 2317 2318
2319 2313 2242
2319 2242 2320
2321 2320 2242
2321 2242 2241
2241 2240 2322
2241 2322 2321
2240 2309 2323
2240 2323 2322
2309 2310 2324
2309 2324 2323
2310 2237 2325
2310 2325 2324
2326 2327 2235
2326 2235 2238
2238 2239 2328
2238 2328 2326
2159 2158 2327
2159 2327 2326
2329 2151 2325
2329 2325 2330
2323 2303 2331
2323 2331 2322
2322 2331 2153
2322 2153 2321
2321 2153 2156
2321 2156 2320
2319 2320 2156
2319 2156 2332
2317 2165 2164
2317 2164 2318
2333 2163 2328
2333 2328 2334
2326 2328 2163
2326 2163 2159
2202 2186 2189
2202 2189 2197
2176 2180 2221
2176 2221 2217
2316 2224 2226
2316 2226 2243
2224 2316 2217
2224 2217 2221
2176 2175 2181
2176 2181 2180
2187 2302 2301
2187 2301 2188
2188 2301 2335
2188 2335 2232
2232 2335 2336
2232 2336 2337
2338 2299 2208
2338 2208 2339
2340 2337 2192
2340 2192 2191
2196 2198 2340
2196 2340 2191
2196 2191 2206
2196 2206 2199
2163 2333 2161
2239 2341 2334
2239 2334 2328
2184 2342 2341
2184 2341 2239
2183 2207 2342
2183 2342 2184
2244 2341 2342
2244 2342 2230
2207 2212 2230
2207 2230 2342
2212 2207 2206
2212 2206 2205
2232 2337 2340
2232 2340 2198
2187 2186 2298
2187 2298 2300
2295 2291 2343
2295 2343 2344
2345 2346 2293
2345 2293 2297
2335 2286 2347
2335 2347 2336
2348 2349 2285
2348 2285 2284
2288 2247 2246
2288 2246 2287
2301 2290 2286
2301 2286 2335
2323 2324 2150
2323 2150 2303
2208 2204 2350
2208 2350 2339
2350 2204 2203
2350 2203 2351
2231 2352 2351
2231 2351 2203
2231 2234 2353
2231 2353 2352
2353 2234 2354
2353 2354 2355
2167 2355 2354
2167 2354 2168
2234 2235 2327
2234 2327 2354
2354 2327 2158
2354 2158 2168
2341 2244 2318
2341 2318 2334
2334 2318 2164
2334 2164 2333
2333 2164 2356
2357 2343 2291
2357 2291 2302
2347 2286 2285
2347 2285 2349
2187 2300 2357
2187 2357 2302
2337 2336 2347
2337 2347 2192
2173 2172 2346
2173 2346 2345
2233 2193 2349
2233 2349 2348
2349 2193 2192
2349 2192 2347
2357 2300 2299
2357 2299 2343
2299 2338 2344
2299 2344 2343
2171 2220 2306
2171 2306 2172
2178 2181 2358
2178 2358 2359
2306 2178 2359
2306 2359 2360
2172 2306 2360
2172 2360 2346
2358 2181 2175
2358 2175 2247
2359 2358 2289
2359 2289 2292
2360 2359 2292
2360 2292 2294
2247 2288 2289
2247 2289 2358
2346 2360 2294
2346 2294 2293
2361 2362 2363
2361 2363 2364
2365 2363 2366
2367 2368 2369
2367 2369 2370
2370 2369 2371
2370 2371 2372
2373 2364 2374
2373 2374 2375
2374 2364 2372
2364 2363 2370
2364 2370 2372
2365 2376 2367
2365 2367 2363
2363 2367 2370
2364 2373 2377
2362 2366 2363
2378 2379 2380
2381 2382 2383
2381 2383 2384
2385 2378 2380
2385 2380 2386
2387 2381 2384
2382 2388 2383
2388 2389 2383
2379 2390 2380
2387 2384 2391
2392 2374 2372
2392 2372 2371
2376 2393 2367
2393 2394 2368
2395 2396 2392
2396 2375 2374
2397 2398 2386
2398 2385 2386
2399 2400 2401
2402 2403 2404
2371 2369 2405
2371 2405 2406
2369 2368 2407
2369 2407 2405
2408 2399 2401
2408 2401 2404
2409 2410 2411
2409 2411 2401
2401 2406 2405
2401 2405 2404
2401 2411 2406
2402 2404 2407
2402 2407 2412
2407 2404 2405
2400 2409 2401
2404 2403 2408
2413 2380 2414
2415 2384 2383
2415 2383 2416
2380 2413 2417
2380 2417 2386
2384 2415 2418
2416 2383 2419
2389 2419 2383
2414 2380 2420
2418 2421 2384
2392 2371 2406
2392 2406 2411
2368 2394 2422
2412 2407 2422
2395 2392 2423
2411 2410 2423
2397 2386 2424
2417 2424 2386
2390 2420 2380
2384 2421 2391
2425 2426 2427
2425 2427 2428
2425 2428 2429
2425 2429 2430
2429 2431 2432
2429 2432 2430
2433 2434 2435
2433 2435 2436
2437 2438 2439
2430 2432 2440
2434 2433 2441
2437 2434 2441
2437 2441 2438
2425 2430 2440
2425 2440 2442
2437 2439 2443
2437 2443 2444
2435 2434 2437
2435 2437 2444
2443 2445 2444
2431 2429 2446
2436 2435 2447
2427 2448 2428
2445 2447 2435
2445 2435 2444
2428 2448 2446
2428 2446 2429
2426 2425 2442
2449 2450 2451
2452 2453 2454
2452 2454 2455
2456 2454 2453
2456 2453 2457
2458 2459 2460
2458 2460 2451
2461 2462 2463
2461 2463 2460
2460 2463 2457
2460 2457 2453
2460 2453 2451
2449 2451 2452
2449 2452 2464
2451 2453 2452
2460 2465 2461
2450 2458 2451
2466 2467 2468
2469 2470 2471
2469 2471 2472
2473 2474 2467
2473 2467 2466
2475 2470 2469
2472 2471 2476
2476 2471 2477
2468 2467 2478
2479 2470 2480
2481 2456 2457
2481 2457 2463
2464 2452 2482
2482 2452 2455
2483 2481 2484
2484 2463 2462
2485 2474 2486
2486 2474 2473
2487 2488 2489
2490 2454 2456
2490 2456 2491
2454 2490 2492
2454 2492 2455
2493 2488 2494
2493 2494 2495
2496 2494 2497
2496 2497 2498
2490 2491 2494
2490 2494 2488
2497 2494 2491
2487 2499 2492
2487 2492 2488
2492 2490 2488
2500 2494 2496
2501 2502 2467
2503 2504 2471
2503 2471 2470
2467 2474 2505
2467 2505 2501
2470 2506 2503
2504 2507 2471
2477 2471 2507
2508 2467 2502
2506 2470 2479
2481 2497 2491
2481 2491 2456
2455 2492 2509
2499 2509 2492
2483 2510 2481
2497 2510 2498
2485 2511 2474
2505 2474 2511
2478 2467 2508
2480 2470 2475
2512 2513 2514
2515 2516 2517
2515 2517 2518
2518 2517 2519
2518 2519 2520
2521 2522 2523
2521 2523 2513
2524 2521 2525
2524 2525 2526
2525 2521 2520
2521 2513 2518
2521 2518 2520
2512 2527 2515
2512 2515 2513
2513 2515 2518
2521 2524 2528
2523 2514 2513
2529 2530 2531
2532 2533 2534
2532 2534 2535
2536 2529 2531
2536 2531 2537
2538 2532 2535
2533 2539 2534
2539 2540 2534
2530 2541 2531
2542 2543 2535
2544 2525 2520
2544 2520 2519
2527 2545 2515
2545 2546 2516
2547 2548 2544
2548 2526 2525
2549 2550 2537
2550 2536 2537
2551 2552 2553
2519 2517 2554
2519 2554 2555
2517 2516 2556
2517 2556 2554
2557 2553 2558
2557 2558 2559
2560 2561 2562
2560 2562 2557
2557 2555 2554
2557 2554 2553
2557 2562 2555
2551 2553 2556
2551 2556 2563
2556 2553 2554
2564 2560 2557
2565 2531 2566
2567 2535 2534
2567 2534 2568
2531 2565 2569
2531 2569 2537
2535 2567 2570
2568 2534 2571
2540 2571 2534
2572 2566 2531
2570 2542 2535
2544 2519 2555
2544 2555 2562
2516 2546 2573
2563 2556 2573
2547 2544 2574
2562 2561 2574
2549 2537 2575
2569 2575 2537
2541 2572 2531
2543 2538 2535
2576 2577 2578
2576 2578 2579
2576 2579 2580
2576 2580 2581
2581 2580 2582
2581 2582 2583
2584 2585 2586
2584 2586 2587
2588 2589 2590
2581 2583 2591
2586 2585 2592
2588 2586 2592
2588 2592 2589
2576 2581 2591
2576 2591 2593
2594 2595 2588
2594 2588 2590
2587 2586 2588
2587 2588 2595
2596 2595 2594
2580 2597 2582
2587 2598 2584
2599 2579 2578
2596 2598 2587
2596 2587 2595
2579 2599 2597
2579 2597 2580
2577 2576 2593
2393 2368 2367
2392 2396 2374
2368 2422 2407
2423 2392 2411
2482 2455 2600
2484 2481 2463
2455 2509 2600
2481 2510 2497
2545 2516 2515
2544 2548 2525
2516 2573 2556
2574 2544 2562
2493 2489 2488
2552 2558 2553
2459 2465 2460
2528 2522 2521
2500 2495 2494
2559 2564 2557
2601 2602 2603
2604 2605 2606
2607 2608 2609
2607 2609 2610
2611 2609 2608
2611 2608 2612
2613 2601 2603
2613 2603 2606
2614 2615 2616
2614 2616 2603
2603 2616 2612
2603 2612 2608
2603 2608 2606
2604 2606 2607
2604 2607 2617
2606 2608 2607
2603 2602 2614
2618 2619 2620
2621 2622 2623
2621 2623 2624
2625 2626 2619
2625 2619 2618
2627 2622 2621
2624 2623 2628
2628 2623 2629
2620 2619 2630
2627 2631 2622
2632 2611 2612
2632 2612 2616
2617 2607 2633
2633 2607 2610
2634 2632 2635
2635 2616 2615
2636 2626 2637
2637 2626 2625
2638 2639 2640
2641 2642 2643
2644 2609 2611
2644 2611 2645
2609 2644 2646
2609 2646 2610
2639 2647 2642
2639 2642 2640
2648 2640 2649
2648 2649 2650
2644 2645 2640
2644 2640 2642
2649 2640 2645
2641 2651 2646
2641 2646 2642
2646 2644 2642
2638 2640 2648
2642 2647 2643
2652 2653 2619
2654 2655 2623
2654 2623 2622
2619 2626 2656
2619 2656 2652
2622 2657 2654
2655 2658 2623
2629 2623 2658
2653 2659 2619
2657 2622 2660
2632 2649 2645
2632 2645 2611
2610 2646 2661
2651 2661 2646
2634 2662 2632
2649 2662 2650
2636 2663 2626
2656 2626 2663
2630 2619 2659
2622 2631 2660
2633 2610 2664
2635 2632 2616
2610 2661 2664
2632 2662 2649
2665 2666 2667
2668 2669 2670
2668 2670 2671
2672 2673 2674
2672 2674 2675
2666 2676 2677
2677 2671 2678
2679 2680 2681
2679 2681 2682
2682 2683 2679
2681 2678 2682
2675 2682 2678
2671 2670 2684
2671 2684 2672
2684 2685 2672
2671 2672 2678
2681 2677 2678
2665 2667 2681
2665 2681 2680
2666 2677 2667
2669 2668 2676
2675 2674 2686
2675 2686 2682
2685 2687 2673
2685 2673 2672
2686 2688 2683
2686 2683 2682
2689 2690 2691
2692 2693 2694
2692 2694 2695
2674 2673 2696
2674 2696 2697
2689 2698 2699
2698 2695 2694
2700 2701 2702
2700 2702 2703
2701 2704 2702
2703 2702 2705
2702 2697 2705
2692 2695 2696
2692 2696 2706
2696 2707 2706
2696 2695 2705
2698 2703 2705
2690 2700 2703
2690 2703 2691
2691 2698 2689
2699 2694 2693
2697 2702 2686
2697 2686 2674
2673 2687 2707
2673 2707 2696
2704 2688 2686
2704 2686 2702
2708 2709 2710
2711 2712 2713
2711 2713 2714
2715 2716 2717
2715 2717 2718
2716 2719 2717
2720 2721 2722
2721 2711 2714
2721 2714 2722
2708 2715 2718
2708 2718 2709
2712 2723 2713
2724 2720 2722
2719 2725 2717
2726 2727 2709
2728 2729 2714
2728 2714 2713
2730 2731 2717
2731 2732 2718
2731 2718 2717
2729 2733 2722
2729 2722 2714
2733 2734 2722
2732 2726 2709
2732 2709 2718
2734 2724 2722
2725 2730 2717
2676 2668 2677
2698 2694 2699
2677 2668 2671
2681 2667 2677
2698 2705 2695
2698 2691 2703
2675 2678 2672
2696 2705 2697
2727 2710 2709
2735 2728 2713
2723 2735 2713
2736 2737 2738
2736 2738 2739
2736 2739 2740
2736 2740 2741
2740 2742 2743
2740 2743 2741
2744 2745 2746
2744 2746 2747
2748 2749 2750
2741 2743 2751
2745 2744 2752
2753 2737 2736
2750 2745 2752
2750 2752 2748
2751 2753 2736
2751 2736 2741
2750 2749 2754
2750 2754 2755
2746 2745 2750
2746 2750 2755
2754 2756 2755
2738 2757 2739
2758 2746 2755
2758 2755 2756
2739 2757 2759
2739 2759 2740
2742 2740 2759
2747 2746 2758
2760 2761 2762
2763 2764 2765
2763 2765 2766
2767 2768 2769
2767 2769 2770
2760 2771 2772
2771 2773 2764
2774 2775 2776
2774 2776 2777
2777 2776 2778
2774 2777 2773
2768 2773 2777
2779 2765 2764
2779 2764 2767
2779 2767 2780
2764 2773 2767
2774 2773 2771
2761 2775 2774
2761 2774 2762
2760 2762 2771
2766 2772 2763
2781 2769 2768
2781 2768 2777
2780 2767 2770
2780 2770 2782
2781 2777 2778
2781 2778 2783
2784 2785 2786
2787 2788 2789
2787 2789 2790
2769 2791 2792
2769 2792 2770
2785 2793 2794
2794 2789 2788
2795 2796 2797
2795 2797 2798
2798 2797 2799
2796 2800 2797
2797 2800 2791
2787 2801 2792
2787 2792 2788
2792 2801 2802
2792 2800 2788
2794 2800 2796
2784 2786 2796
2784 2796 2795
2786 2785 2794
2793 2790 2789
2781 2797 2791
2781 2791 2769
2770 2792 2802
2770 2802 2782
2799 2797 2781
2799 2781 2783
2803 2804 2805
2806 2807 2808
2806 2808 2809
2810 2811 2812
2810 2812 2813
2813 2812 2814
2815 2816 2817
2817 2816 2807
2817 2807 2806
2803 2805 2811
2803 2811 2810
2809 2808 2818
2819 2816 2815
2814 2812 2820
2821 2805 2822
2823 2808 2807
2823 2807 2824
2825 2812 2826
2826 2812 2811
2826 2811 2827
2824 2807 2816
2824 2816 2828
2828 2816 2829
2827 2811 2805
2827 2805 2821
2829 2816 2819
2820 2812 2825
2772 2771 2763
2794 2793 2789
2771 2764 2763
2774 2771 2762
2794 2788 2800
2794 2796 2786
2768 2767 2773
2792 2791 2800
2822 2805 2804
2830 2808 2823
2818 2808 2830
2361 2364 2377
2613 2606 2605
1862 1871 1863
1881 1871 1862
1778 1765 1764
1778 1787 1765
2831 2832 2833
2834 2832 2835
2836 2832 2831
2837 2832 2834
2838 2832 2839
2840 2832 2841
2842 2832 2840
2835 2832 2842
2841 2832 2836
2833 2832 2843
2844 2832 2838
2843 2832 2844
2839 2832 2837
2845 2846 2847
2848 2849 2850
2848 2850 2851
2851 2850 2852
2851 2852 2853
2854 2852 2850
2854 2850 2855
2855 2850 2849
2855 2849 2856
2848 2857 2858
2848 2858 2849
2849 2858 2859
2849 2859 2856
2860 2859 2858
2860 2858 2861
2861 2858 2857
2861 2857 2862
2863 2864 2865
2863 2865 2866
2866 2865 2867
2866 2867 2868
2869 2867 2865
2869 2865 2870
2870 2865 2864
2870 2864 2871
2872 2873 2874
2872 2874 2875
2875 2874 2864
2875 2864 2863
2871 2864 2874
2871 2874 2876
2876 2874 2873
2876 2873 2877
2848 2851 2878
2879 2880 2878
2879 2878 2881
2881 2851 2853
2862 2857 2882
2882 2880 2883
2880 2882 2878
2868 2884 2866
2866 2885 2863
2886 2885 2884
2886 2884 2887
2863 2885 2888
2875 2888 2872
2889 2888 2885
2872 2890 2891
2872 2891 2873
2873 2891 2892
2873 2892 2877
2872 2893 2890
2894 2893 2888
2894 2888 2889
2856 2895 2855
2855 2896 2854
2860 2897 2859
2859 2895 2856
2871 2898 2870
2870 2899 2869
2877 2900 2876
2876 2898 2871
2869 2899 2901
2901 2897 2860
2862 2902 2903
2862 2903 2861
2861 2903 2901
2861 2901 2860
2869 2901 2903
2869 2903 2867
2867 2903 2902
2867 2902 2868
2868 2902 2884
2884 2882 2887
2882 2884 2902
2904 2905 2906
2886 2887 2907
2886 2907 2908
2889 2886 2908
2889 2908 2909
2889 2909 2910
2889 2910 2894
2883 2906 2907
2911 2912 2913
2911 2913 2914
2914 2913 2915
2914 2915 2916
2911 2914 2917
2911 2917 2918
2916 2919 2917
2916 2917 2914
2920 2921 2922
2920 2922 2923
2924 2920 2923
2924 2923 2925
2923 2922 2926
2923 2926 2927
2925 2923 2927
2925 2927 2928
2918 2917 2920
2918 2920 2924
2919 2921 2920
2919 2920 2917
2929 2930 2931
2932 2933 2934
2932 2934 2935
2935 2934 2930
2935 2930 2929
2936 2937 2938
2932 2939 2938
2932 2938 2933
2940 2941 2942
2940 2942 2943
2928 2942 2941
2928 2941 2925
2940 2944 2945
2940 2945 2941
2925 2941 2945
2925 2945 2924
2946 2947 2948
2948 2947 2945
2924 2945 2947
2924 2947 2918
2949 2950 2951
2951 2950 2947
2918 2947 2950
2918 2950 2911
2949 2952 2950
2950 2953 2912
2950 2912 2911
2953 2952 2954
2955 2956 2957
2955 2957 2958
2958 2957 2959
2958 2959 2960
2961 2962 2963
2961 2963 2964
2964 2963 2956
2964 2956 2955
2965 2966 2967
2965 2967 2968
2969 2970 2966
2969 2966 2965
2971 2972 2970
2971 2970 2969
2973 2974 2975
2973 2975 2976
2976 2975 2972
2976 2972 2971
2977 2978 2979
2977 2979 2980
2980 2979 2974
2980 2974 2973
2981 2982 2983
2900 2892 2984
2985 2986 2846
2987 2984 2981
2985 2846 2845
2988 2846 2986
2989 2846 2988
2990 2846 2989
2991 2992 2905
2991 2905 2904
2993 2994 2995
2993 2995 2996
2996 2995 2978
2996 2978 2977
2997 2998 2999
2997 2999 3000
3000 2999 3001
3000 3001 3002
2854 3001 2999
2854 2999 2852
2852 2999 2998
2852 2998 2853
2997 3000 3003
2997 3003 3004
3004 3003 3005
3004 3005 3006
3007 3005 3003
3007 3003 3008
3008 3003 3000
3008 3000 3002
3009 3010 3011
3009 3011 3012
3012 3011 3013
3012 3013 3014
3015 3013 3011
3015 3011 3016
3016 3011 3010
3016 3010 3017
3018 3019 3020
3018 3020 3021
3021 3020 3022
3021 3022 3023
3014 3022 3020
3014 3020 3012
3012 3020 3019
3012 3019 3009
2997 3024 2998
2998 2881 2853
2991 2879 3025
2991 3025 3026
3006 3027 3004
3004 3024 2997
3026 3025 3028
3026 3028 3029
3017 3010 3030
3030 3031 3032
3030 3032 3033
3031 3010 3009
3009 3019 3034
3031 3034 3035
3034 3019 3018
3018 3021 3036
3018 3036 3037
3038 3036 3021
3038 3021 3023
3018 3039 3034
3034 3039 3040
3034 3040 3035
3002 3001 3041
2896 3041 3001
3007 3008 3042
3041 3042 3008
3014 3013 3043
3015 3044 3013
3023 3022 3045
3014 3043 3022
3015 3046 3044
3007 3042 3046
3006 3005 3047
3006 3047 3048
3048 3047 3016
3048 3016 3017
3015 3016 3047
3015 3047 3046
3046 3047 3005
3046 3005 3007
3017 3030 3048
3029 3028 3049
3026 3029 3050
3026 3050 3051
3052 3032 3053
3032 3035 3054
3032 3054 3053
3035 3040 3055
3035 3055 3054
2912 3056 3057
2912 3057 2913
2915 2913 3057
2915 3057 3058
3057 3056 3059
3057 3059 3060
3057 3060 3061
3057 3061 3058
3062 3063 3064
3062 3064 3065
3066 3067 3065
3066 3065 3064
3063 3068 3069
3063 3069 3064
3070 3066 3064
3070 3064 3069
3059 3062 3065
3059 3065 3060
3060 3065 3067
3060 3067 3061
3071 3072 3073
3074 3075 3076
3074 3076 3077
3073 3070 3069
3073 3069 3076
3078 3079 3080
3077 3068 3081
3077 3081 3080
3082 3083 3081
3082 3081 3084
3084 3081 3068
3084 3068 3063
3085 3082 3084
3085 3084 3086
3086 3084 3063
3086 3063 3062
3087 3088 3089
3089 3086 3062
3089 3062 3059
3086 3088 3085
3090 3091 3092
3092 3089 3059
3092 3059 3056
3089 3091 3087
3090 3092 3093
3093 3092 2953
2912 2953 3092
2912 3092 3056
3094 3095 3096
3094 3096 3097
3098 3099 3096
3098 3096 3095
3100 3101 3102
3100 3102 3103
3094 3097 3102
3094 3102 3101
3104 3105 3106
3104 3106 3107
3108 3104 3107
3108 3107 3109
3110 3108 3109
3110 3109 3111
3112 3113 3114
3112 3114 3115
3111 3114 3113
3111 3113 3110
3116 3117 3118
3116 3118 3119
3115 3118 3117
3115 3117 3112
3120 3121 3122
3099 3098 3123
3099 3123 3121
3023 3045 3038
3124 2846 3125
3126 2846 3127
3127 2846 3128
3125 2846 3126
3129 3120 3130
3128 2846 2990
2991 3026 3051
2991 3051 2992
2993 3131 3132
2993 3132 2994
3119 3132 3131
3119 3131 3116
2892 2891 3133
2892 3133 2982
2890 2960 3133
2890 3133 2891
2890 2893 2958
2890 2958 2960
2955 2958 2893
2955 2893 2894
2894 2910 2964
2894 2964 2955
2961 2964 2910
2968 2910 2909
2968 2909 2965
2908 2969 2965
2908 2965 2909
2907 2971 2969
2907 2969 2908
2907 2976 2971
2973 2976 2906
2906 2980 2973
2977 2980 2905
2905 2996 2977
2993 2996 2992
2992 3131 2993
3116 3131 3051
3051 3117 3116
3112 3117 3050
3050 3113 3112
3110 3113 3049
3049 3053 3108
3049 3108 3110
3053 3054 3104
3053 3104 3108
3054 3055 3105
3054 3105 3104
3040 3094 3101
3040 3101 3055
3094 3040 3039
3094 3039 3095
3037 3098 3095
3037 3095 3039
3037 3036 3123
3037 3123 3098
3038 3122 3123
3038 3123 3036
2892 2900 2877
3038 3045 3130
2846 3124 2847
2896 3001 2854
3041 3008 3002
2855 2895 2896
2859 2897 2895
2901 2899 2897
2870 2898 2899
2876 2900 2898
2984 2892 2982
3043 3013 3044
3045 3022 3043
3044 3046 3042
3038 3130 3122
2968 2967 2962
2968 2962 2961
3103 3106 3105
3103 3105 3100
3105 3055 3100
2934 2933 2928
2934 2928 2927
2930 2934 2927
2930 2927 2926
2933 2938 2942
2933 2942 2928
3068 3077 3076
3068 3076 3069
3073 3076 3075
3073 3075 3071
3074 3077 3080
3074 3080 3079
3083 3134 3080
3083 3080 3081
2938 2937 2943
2938 2943 2942
2936 2938 2939
3078 3080 3134
2961 2910 2968
3100 3055 3101
3030 3010 3031
3009 3034 3031
3039 3018 3037
3048 3030 3027
3049 3113 3050
2998 3024 2881
3051 3131 2992
3050 3117 3051
2906 2976 2907
2905 2980 2906
2992 2996 2905
2866 2884 2885
2863 2888 2875
2893 2872 2888
2948 2945 2944
2951 2947 2946
2950 2952 2953
3092 3091 3089
3093 2953 2954
3089 3088 3086
2959 2983 3133
2959 3133 2960
2931 2930 3135
3073 3072 3136
3029 3049 3050
2883 2880 2906
2887 2882 2883
2883 2907 2887
2878 2851 2881
2878 2882 2857
3048 3027 3006
3027 3030 3033
3004 3027 3024
3024 3027 3028
3024 3028 3025
3024 3025 2879
3024 2879 2881
2880 2879 2991
3027 3033 3028
3033 3032 3052
3028 3033 3052
2880 2991 2904
2906 2880 2904
3049 3028 3052
3052 3053 3049
3031 3035 3032
2878 2857 2848
2889 2885 2886
2882 2902 2862
3122 3121 3123
2983 2982 3133
2981 2984 2982
3130 3120 3122
2158 2160 3137
2158 3137 2168
2152 2329 3138
2167 2169 3139
3140 2168 3137
2150 3141 2303
2150 2152 3141
2154 2153 2331
2154 2331 2305
2332 3142 3143
2156 3142 2332
2156 2157 3142
2164 2166 2356
2168 3140 2169
2160 2159 2162
2163 2162 2159
2161 2333 3144
2333 2356 3144
2303 3141 2304
2303 2305 2331
2324 2325 2151
2324 2151 2150
2152 2151 2329
2330 2325 2237
2330 2237 2236
2228 2237 2310
2227 2237 2228
2166 2165 3145
3146 3147 3148
3149 3150 3151
3149 3151 3152
3153 3154 3155
3153 3155 3156
3147 3157 3158
3158 3149 3159
3160 3161 3162
3160 3162 3163
3163 3164 3160
3162 3159 3163
3153 3163 3159
3152 3165 3154
3152 3154 3149
3165 3166 3154
3149 3154 3159
3162 3158 3159
3161 3146 3148
3161 3148 3162
3147 3158 3148
3157 3151 3150
3153 3156 3167
3153 3167 3163
3166 3168 3155
3166 3155 3154
3167 3169 3164
3167 3164 3163
3170 3171 3172
3173 3174 3175
3173 3175 3176
3177 3156 3155
3177 3155 3178
3170 3179 3180
3179 3176 3175
3181 3182 3183
3181 3183 3184
3183 3185 3184
3181 3184 3186
3184 3177 3186
3173 3176 3178
3173 3178 3187
3178 3188 3187
3178 3176 3186
3179 3181 3186
3172 3171 3182
3172 3182 3181
3172 3179 3170
3174 3180 3175
3177 3184 3167
3177 3167 3156
3155 3168 3188
3155 3188 3178
3185 3169 3167
3185 3167 3184
3189 3190 3191
3192 3193 3194
3195 3196 3197
3196 3198 3197
3199 3200 3201
3200 3192 3201
3190 3195 3191
3193 3202 3194
3203 3199 3201
3198 3204 3197
3205 3206 3194
3207 3208 3197
3208 3209 3197
3206 3210 3201
3210 3211 3201
3209 3212 3191
3213 3205 3194
3211 3203 3201
3204 3207 3197
3157 3150 3158
3179 3175 3180
3158 3150 3149
3162 3148 3158
3179 3186 3176
3179 3172 3181
3153 3159 3154
3178 3186 3177
3189 3191 3214
3214 3191 3212
3194 3202 3213
3215 3216 3217
3215 3217 3218
3215 3218 3219
3215 3219 3220
3220 3219 3221
3220 3221 3222
3223 3224 3225
3223 3225 3226
3227 3228 3229
3220 3222 3230
3224 3223 3231
3232 3216 3215
3229 3224 3231
3229 3231 3227
3230 3232 3215
3230 3215 3220
3233 3234 3229
3233 3229 3228
3225 3224 3229
3225 3229 3234
3235 3221 3219
3236 3234 3233
3217 3237 3218
3238 3225 3234
3238 3234 3236
3218 3237 3235
3218 3235 3219
3226 3225 3238
3239 3240 3241
3242 3243 3244
3242 3244 3245
3246 3247 3248
3246 3248 3249
3239 3250 3251
3250 3252 3244
3253 3254 3255
3253 3255 3256
3256 3255 3257
3253 3256 3252
3247 3252 3256
3245 3244 3246
3245 3246 3258
3258 3246 3259
3244 3252 3246
3253 3252 3250
3241 3240 3254
3241 3254 3253
3239 3241 3250
3242 3251 3243
3260 3248 3247
3260 3247 3256
3259 3246 3249
3260 3256 3257
3261 3262 3263
3264 3265 3266
3264 3266 3267
3249 3248 3268
3249 3268 3269
3262 3270 3271
3271 3266 3265
3272 3273 3274
3272 3274 3275
3272 3275 3276
3274 3277 3275
3275 3277 3268
3264 3278 3269
3264 3269 3265
3269 3278 3279
3269 3277 3265
3271 3277 3274
3273 3261 3263
3273 3263 3274
3263 3262 3271
3270 3267 3266
3260 3275 3268
3260 3268 3248
3249 3269 3279
3276 3275 3260
3280 3281 3282
3283 3284 3285
3286 3282 3287
3288 3287 3289
3290 3291 3292
3292 3291 3283
3293 3282 3286
3285 3284 3294
3295 3291 3290
3289 3287 3296
3297 3284 3298
3299 3287 3300
3300 3287 3301
3298 3284 3291
3302 3291 3303
3301 3282 3304
3303 3291 3295
3296 3287 3299
3251 3250 3243
3271 3270 3266
3250 3244 3243
3253 3250 3241
3271 3265 3277
3271 3274 3263
3247 3246 3252
3269 3268 3277
3294 3284 3305
3305 3284 3297
3280 3282 3293
3282 3281 3304
3201 3192 3194
3206 3201 3194
3195 3197 3191
3197 3209 3191
3286 3287 3288
3301 3287 3282
3283 3291 3284
3298 3291 3302
3260 3257 3306
3276 3260 3306
3259 3249 3307
3249 3279 3307
3308 3309 3310
3308 3310 3311
3309 3312 3313
3309 3313 3310
3312 3314 3315
3312 3315 3313
3314 3316 3317
3314 3317 3315
3318 3319 3320
3318 3320 3321
3319 3322 3323
3319 3323 3320
3322 3324 3325
3322 3325 3323
3324 3326 3327
3324 3327 3325
3328 3329 3330
3328 3330 3331
3329 3332 3333
3329 3333 3330
3332 3334 3335
3332 3335 3333
3334 3336 3337
3334 3337 3335
3338 3339 3340
3338 3340 3341
3339 3342 3343
3339 3343 3340
3342 3344 3345
3342 3345 3343
3344 3346 3347
3344 3347 3345
3346 3348 3347
3349 3350 3351
3316 3352 3317
3353 3354 3355
3326 3356 3327
3357 3358 3359
3336 3360 3337
3361 3362 3363
3364 3365 3366
3364 3366 3367
3366 3368 3369
3366 3369 3367
3369 3368 3370
3369 3370 3371
3370 3372 3373
3370 3373 3371
3374 3373 3372
3374 3372 3375
3376 3377 3378
3376 3378 3379
3378 3380 3381
3378 3381 3379
3381 3380 3382
3381 3382 3383
3382 3384 3385
3382 3385 3383
3386 3385 3384
3386 3384 3387
3388 3389 3390
3388 3390 3391
3390 3392 3393
3390 3393 3391
3393 3392 3394
3393 3394 3395
3394 3396 3397
3394 3397 3395
3398 3397 3396
3398 3396 3399
3400 3401 3402
3400 3402 3403
3402 3404 3405
3402 3405 3403
3405 3404 3406
3405 3406 3407
3406 3408 3409
3406 3409 3407
3410 3409 3408
3410 3408 3411
3374 3375 3377
3374 3377 3376
3386 3387 3389
3386 3389 3388
3398 3399 3401
3398 3401 3400
3410 3411 3365
3410 3365 3364
3341 3412 3338
3331 3413 3328
3321 3414 3318
3311 3415 3308
3416 3417 3418
3419 3420 3421
3422 3423 3424
3425 3426 3427
3428 3429 3430
3428 3430 3431
3431 3430 3432
3431 3432 3433
3433 3432 3434
3433 3434 3435
3435 3434 3436
3435 3436 3437
3438 3439 3440
3438 3440 3441
3441 3440 3442
3441 3442 3443
3443 3442 3444
3443 3444 3445
3445 3444 3446
3445 3446 3447
3448 3449 3450
3448 3450 3451
3451 3450 3452
3451 3452 3453
3453 3452 3454
3453 3454 3455
3455 3454 3456
3455 3456 3457
3458 3459 3460
3458 3460 3461
3461 3460 3462
3461 3462 3463
3463 3462 3464
3463 3464 3465
3465 3464 3466
3465 3466 3467
3467 3466 3468
3469 3470 3471
3437 3436 3472
3473 3474 3475
3447 3446 3476
3477 3478 3479
3457 3456 3480
3481 3482 3483
3484 3485 3486
3484 3486 3487
3488 3489 3486
3488 3486 3485
3488 3490 3491
3488 3491 3489
3492 3493 3491
3492 3491 3490
3493 3492 3494
3493 3494 3495
3496 3497 3498
3496 3498 3499
3500 3501 3498
3500 3498 3497
3500 3502 3503
3500 3503 3501
3504 3505 3503
3504 3503 3502
3505 3504 3506
3505 3506 3507
3508 3509 3510
3508 3510 3511
3512 3513 3510
3512 3510 3509
3512 3514 3515
3512 3515 3513
3516 3517 3515
3516 3515 3514
3517 3516 3518
3517 3518 3519
3520 3521 3522
3520 3522 3523
3524 3525 3522
3524 3522 3521
3524 3526 3527
3524 3527 3525
3528 3529 3527
3528 3527 3526
3529 3528 3530
3529 3530 3531
3494 3496 3499
3494 3499 3495
3506 3508 3511
3506 3511 3507
3518 3520 3523
3518 3523 3519
3530 3484 3487
3530 3487 3531
3459 3458 3532
3449 3448 3533
3439 3438 3534
3429 3428 3535
3536 3537 3538
3539 3540 3541
3542 3543 3544
3545 3546 3547
3548 3549 3550
3548 3550 3551
3552 3553 3554
3552 3554 3555
3551 3556 3557
3551 3557 3548
3556 3558 3559
3556 3559 3557
3553 3552 3559
3553 3559 3558
3560 3555 3554
3560 3554 3561
3562 3560 3561
3562 3561 3563
3564 3562 3563
3564 3563 3565
3566 3564 3565
3566 3565 3567
3568 3566 3567
3568 3567 3569
3568 3569 3570
3568 3570 3571
3572 3571 3570
3572 3570 3573
3574 3575 3576
3574 3576 3577
3578 3574 3577
3578 3577 3579
3580 3578 3579
3580 3579 3581
3582 3580 3581
3582 3581 3583
3584 3582 3583
3584 3583 3585
3586 3584 3585
3586 3585 3587
3588 3586 3587
3588 3587 3589
3590 3588 3589
3590 3589 3591
3592 3590 3591
3592 3591 3593
3594 3592 3593
3594 3593 3595
3596 3594 3595
3596 3595 3597
3549 3596 3597
3549 3597 3550
3598 3599 3600
3601 3602 3603
3601 3603 3604
3605 3606 3607
3605 3607 3608
3600 3609 3610
3609 3611 3603
3612 3613 3614
3612 3614 3615
3615 3614 3616
3612 3615 3611
3607 3611 3615
3604 3603 3606
3604 3606 3617
3617 3606 3618
3603 3611 3606
3612 3611 3609
3599 3598 3613
3599 3613 3612
3600 3599 3609
3610 3602 3601
3619 3608 3607
3619 3607 3615
3618 3606 3605
3618 3605 3620
3619 3615 3616
3619 3616 3621
3622 3623 3624
3625 3626 3627
3625 3627 3628
3605 3608 3629
3605 3629 3630
3622 3631 3632
3632 3627 3626
3633 3634 3635
3633 3635 3636
3633 3636 3637
3635 3638 3636
3636 3638 3629
3625 3639 3630
3625 3630 3626
3630 3639 3640
3630 3638 3626
3632 3638 3635
3634 3624 3623
3634 3623 3635
3623 3622 3632
3628 3627 3631
3619 3636 3629
3619 3629 3608
3605 3630 3640
3605 3640 3620
3637 3636 3619
3637 3619 3621
3641 3642 3643
3644 3645 3646
3647 3648 3649
3649 3648 3650
3651 3652 3653
3653 3652 3644
3643 3642 3647
3646 3645 3654
3655 3652 3651
3650 3648 3656
3657 3645 3658
3659 3648 3660
3660 3648 3661
3658 3652 3662
3662 3652 3663
3661 3642 3664
3665 3645 3657
3663 3652 3655
3656 3648 3659
3610 3609 3602
3632 3631 3627
3609 3603 3602
3612 3609 3599
3632 3626 3638
3632 3635 3623
3607 3606 3611
3630 3629 3638
3641 3666 3642
3666 3664 3642
3645 3665 3654
3667 3668 3669
3667 3669 3670
3669 3671 3672
3669 3672 3670
3671 3673 3674
3671 3674 3672
3675 3676 3677
3675 3677 3678
3679 3680 3681
3671 3682 3673
3678 3683 3675
3684 3669 3668
3680 3679 3683
3680 3683 3678
3669 3684 3682
3669 3682 3671
3680 3685 3686
3680 3686 3681
3677 3685 3680
3677 3680 3678
3687 3672 3674
3688 3686 3685
3667 3670 3689
3690 3688 3685
3690 3685 3677
3670 3672 3687
3670 3687 3689
3676 3690 3677
3691 3692 3693
3694 3695 3696
3694 3696 3697
3698 3699 3700
3698 3700 3701
3691 3702 3703
3703 3694 3704
3705 3706 3707
3705 3707 3708
3708 3709 3705
3707 3704 3708
3701 3708 3704
3697 3710 3698
3697 3698 3694
3710 3711 3698
3694 3698 3704
3707 3703 3704
3706 3693 3692
3706 3692 3707
3691 3703 3692
3696 3695 3702
3701 3700 3712
3701 3712 3708
3711 3699 3698
3712 3709 3708
3713 3714 3715
3716 3717 3718
3716 3718 3719
3720 3700 3699
3720 3699 3721
3715 3722 3723
3722 3719 3718
3724 3725 3726
3724 3726 3727
3726 3728 3727
3724 3727 3729
3727 3720 3729
3716 3719 3721
3716 3721 3730
3721 3731 3730
3721 3719 3729
3722 3724 3729
3714 3713 3725
3714 3725 3724
3714 3722 3715
3723 3718 3717
3720 3727 3712
3720 3712 3700
3699 3731 3721
3728 3712 3727
3732 3733 3734
3735 3736 3737
3738 3739 3733
3740 3741 3739
3742 3743 3744
3743 3735 3744
3745 3738 3733
3736 3746 3737
3747 3742 3744
3741 3748 3739
3749 3750 3737
3751 3752 3739
3752 3753 3739
3750 3744 3737
3754 3755 3744
3753 3756 3733
3755 3747 3744
3748 3751 3739
3702 3695 3703
3722 3718 3723
3703 3695 3694
3707 3692 3703
3722 3729 3719
3722 3714 3724
3701 3704 3698
3721 3729 3720
3746 3757 3737
3757 3749 3737
3732 3745 3733
3733 3756 3734
3652 3645 3644
3658 3645 3652
3647 3642 3648
3648 3642 3661
3738 3740 3739
3753 3733 3739
3735 3737 3744
3750 3754 3744
3712 3758 3709
3728 3758 3712
3711 3759 3699
3699 3759 3731
3760 3761 3762
3763 3764 3765
3763 3765 3766
3767 3768 3769
3767 3769 3770
3760 3771 3772
3771 3773 3765
3774 3775 3776
3774 3776 3777
3777 3776 3778
3774 3777 3773
3769 3773 3777
3766 3765 3768
3766 3768 3779
3779 3768 3780
3765 3773 3768
3774 3773 3771
3762 3761 3775
3762 3775 3774
3760 3762 3771
3763 3772 3764
3781 3770 3769
3781 3769 3777
3780 3768 3767
3781 3777 3778
3782 3783 3784
3785 3786 3787
3785 3787 3788
3767 3770 3789
3767 3789 3790
3783 3791 3792
3792 3787 3786
3793 3794 3795
3793 3795 3796
3793 3796 3797
3795 3798 3796
3796 3798 3789
3785 3799 3790
3785 3790 3786
3790 3799 3800
3790 3798 3786
3792 3798 3795
3782 3784 3795
3782 3795 3794
3784 3783 3792
3791 3788 3787
3781 3796 3789
3781 3789 3770
3767 3790 3800
3797 3796 3781
3801 3802 3803
3804 3805 3806
3807 3803 3808
3809 3808 3810
3811 3812 3813
3813 3812 3805
3813 3805 3804
3814 3803 3807
3806 3805 3815
3816 3812 3811
3810 3808 3817
3818 3805 3819
3820 3808 3821
3821 3808 3822
3819 3805 3812
3819 3812 3823
3823 3812 3824
3822 3803 3825
3824 3812 3816
3817 3808 3820
3772 3771 3764
3792 3791 3787
3771 3765 3764
3774 3771 3762
3792 3786 3798
3792 3795 3784
3769 3768 3773
3790 3789 3798
3815 3805 3826
3826 3805 3818
3801 3803 3814
3803 3802 3825
3827 3828 3829
3827 3829 3830
3827 3830 3831
3827 3831 3832
3832 3831 3833
3832 3833 3834
3835 3836 3837
3835 3837 3838
3839 3840 3841
3832 3834 3842
3836 3835 3843
3844 3828 3827
3841 3836 3843
3841 3843 3839
3842 3844 3827
3842 3827 3832
3845 3846 3841
3845 3841 3840
3837 3836 3841
3837 3841 3846
3847 3833 3831
3848 3846 3845
3829 3849 3830
3850 3837 3846
3850 3846 3848
3830 3849 3847
3830 3847 3831
3838 3837 3850
3851 3852 3853
3854 3855 3856
3854 3856 3857
3858 3859 3860
3858 3860 3861
3852 3862 3863
3863 3857 3864
3865 3866 3867
3865 3867 3868
3868 3869 3865
3867 3864 3868
3858 3868 3864
3856 3870 3859
3856 3859 3857
3870 3871 3859
3857 3859 3864
3867 3863 3864
3866 3851 3853
3866 3853 3867
3852 3863 3853
3862 3855 3854
3858 3861 3872
3858 3872 3868
3871 3873 3860
3872 3874 3869
3875 3876 3877
3878 3879 3880
3878 3880 3881
3882 3861 3860
3882 3860 3883
3875 3884 3885
3884 3881 3880
3886 3887 3888
3886 3888 3889
3888 3890 3889
3886 3889 3891
3889 3882 3891
3878 3881 3883
3878 3883 3892
3883 3893 3892
3883 3881 3891
3884 3886 3891
3876 3887 3886
3876 3886 3877
3877 3884 3875
3879 3885 3880
3882 3889 3872
3882 3872 3861
3860 3873 3893
3890 3874 3872
3894 3895 3896
3897 3898 3899
3900 3901 3902
3900 3902 3896
3901 3903 3902
3904 3905 3906
3905 3897 3899
3905 3899 3906
3895 3900 3896
3898 3907 3899
3908 3904 3906
3903 3909 3902
3910 3911 3899
3912 3913 3902
3902 3913 3914
3902 3914 3896
3911 3915 3906
3911 3906 3899
3915 3916 3906
3914 3917 3896
3918 3910 3899
3916 3908 3906
3909 3912 3902
3862 3854 3863
3884 3880 3885
3863 3854 3857
3867 3853 3863
3884 3891 3881
3884 3877 3886
3858 3864 3859
3883 3891 3882
3894 3896 3919
3919 3896 3917
3899 3907 3918
3807 3808 3809
3822 3808 3803
3872 3869 3868
3890 3872 3889
3871 3860 3859
3860 3893 3883
3780 3767 3920
3781 3778 3921
3767 3800 3920
3797 3781 3921
3922 3923 3924
3925 3926 3927
3925 3927 3928
3929 3930 3931
3929 3931 3932
3922 3933 3934
3934 3925 3935
3936 3937 3938
3936 3938 3939
3939 3940 3936
3938 3935 3939
3929 3939 3935
3928 3941 3930
3928 3930 3925
3941 3942 3930
3925 3930 3935
3938 3934 3935
3937 3924 3923
3937 3923 3938
3922 3934 3923
3927 3926 3933
3929 3932 3943
3929 3943 3939
3942 3931 3930
3943 3940 3939
3944 3945 3946
3947 3948 3949
3947 3949 3950
3951 3932 3931
3951 3931 3952
3946 3953 3954
3953 3950 3949
3955 3956 3957
3955 3957 3958
3957 3959 3958
3955 3958 3960
3958 3951 3960
3947 3950 3952
3947 3952 3961
3952 3962 3961
3952 3950 3960
3953 3955 3960
3944 3956 3955
3944 3955 3945
3945 3953 3946
3954 3949 3948
3951 3958 3943
3951 3943 3932
3931 3962 3952
3959 3943 3958
3963 3964 3965
3966 3967 3968
3969 3970 3964
3971 3972 3970
3973 3974 3975
3974 3966 3968
3974 3968 3975
3976 3969 3964
3967 3977 3968
3978 3973 3975
3972 3979 3970
3980 3981 3968
3982 3983 3970
3983 3984 3970
3981 3985 3975
3981 3975 3968
3985 3986 3975
3984 3987 3964
3986 3978 3975
3979 3982 3970
3933 3926 3934
3953 3949 3954
3934 3926 3925
3938 3923 3934
3953 3960 3950
3953 3945 3955
3929 3935 3930
3952 3960 3951
3977 3988 3968
3988 3980 3968
3963 3976 3964
3964 3987 3965
3989 3990 3991
3989 3991 3992
3991 3993 3994
3991 3994 3992
3993 3995 3996
3993 3996 3994
3997 3998 3999
3997 3999 4000
4001 4002 4003
3993 4004 3995
4000 4005 3997
4006 3991 3990
4002 4001 4005
4002 4005 4000
3991 4006 4004
3991 4004 3993
4002 4007 4008
4002 4008 4003
3999 4007 4002
3999 4002 4000
4009 3994 3996
4010 4008 4007
3989 3992 4011
4012 4010 4007
4012 4007 3999
3992 3994 4009
3992 4009 4011
3998 4012 3999
4013 4014 4015
4016 4017 4018
4016 4018 4019
4020 4021 4022
4020 4022 4023
4015 4024 4025
4024 4026 4017
4027 4028 4029
4027 4029 4030
4030 4029 4031
4027 4030 4026
4022 4026 4030
4018 4017 4021
4018 4021 4032
4032 4021 4033
4017 4026 4021
4027 4026 4024
4014 4013 4028
4014 4028 4027
4015 4014 4024
4025 4016 4019
4034 4023 4022
4034 4022 4030
4033 4020 4035
4034 4031 4036
4037 4038 4039
4040 4041 4042
4040 4042 4043
4020 4023 4044
4020 4044 4045
4037 4046 4047
4047 4042 4041
4048 4049 4050
4048 4050 4051
4048 4051 4052
4050 4053 4051
4051 4053 4044
4040 4054 4045
4040 4045 4041
4045 4054 4055
4045 4053 4041
4047 4053 4050
4039 4038 4050
4039 4050 4049
4038 4037 4047
4043 4042 4046
4034 4051 4044
4034 4044 4023
4020 4055 4035
4052 4034 4036
4056 4057 4058
4059 4060 4061
4062 4057 4063
4062 4063 4064
4064 4063 4065
4066 4067 4068
4068 4067 4060
4068 4060 4059
4058 4057 4062
4061 4060 4069
4070 4067 4066
4065 4063 4071
4072 4060 4073
4074 4063 4075
4076 4075 4063
4076 4063 4057
4073 4060 4067
4073 4067 4077
4077 4067 4078
4076 4057 4079
4080 4060 4072
4078 4067 4070
4071 4063 4074
4025 4024 4016
4047 4046 4042
4024 4017 4016
4027 4024 4014
4047 4041 4053
4047 4050 4038
4022 4021 4026
4045 4044 4053
4056 4081 4057
4081 4079 4057
4060 4080 4069
3969 3971 3970
3984 3964 3970
4034 4030 4031
4052 4051 4034
4033 4021 4020
4020 4045 4055
3942 4082 3931
3943 4083 3940
3931 4082 3962
3959 4083 3943
4084 4085 4086
4084 4086 4087
4087 4086 4088
4087 4088 4089
4089 4088 4090
4089 4090 4091
4091 4090 4092
4091 4092 4093
4093 4092 4094
4093 4094 4095
4095 4094 4096
4095 4096 4097
4097 4096 4098
4097 4098 4099
4099 4098 4100
4099 4100 4101
4101 4100 4102
4101 4102 4103
4103 4102 4104
4103 4104 4105
4105 4104 4106
4105 4106 4107
4107 4106 4108
4107 4108 4109
4110 4111 4112
4110 4112 4113
4113 4112 4114
4113 4114 4115
4115 4114 4116
4115 4116 4117
4117 4116 4118
4117 4118 4119
4119 4118 4120
4119 4120 4121
4121 4120 4122
4121 4122 4123
4123 4122 4124
4123 4124 4125
4125 4124 4126
4125 4126 4127
4127 4126 4128
4127 4128 4129
4129 4128 4130
4129 4130 4131
4131 4130 4132
4131 4132 4133
4133 4132 4085
4133 4085 4084
4134 4135 4136
4134 4136 4137
4137 4136 4138
4137 4138 4139
4140 4141 4142
4140 4142 4143
4143 4142 4135
4143 4135 4134
4144 4145 4146
4144 4146 4147
4147 4146 4141
4147 4141 4140
4148 4149 4150
4148 4150 4151
4151 4150 4145
4151 4145 4144
4152 4153 4154
4152 4154 4155
4155 4154 4149
4155 4149 4148
4156 4157 4158
4156 4158 4159
4159 4158 4153
4159 4153 4152
4160 4161 4162
4160 4162 4163
4163 4162 4157
4163 4157 4156
4164 4165 4166
4164 4166 4167
4167 4166 4161
4167 4161 4160
4168 4169 4170
4168 4170 4171
4171 4170 4165
4171 4165 4164
4172 4173 4174
4172 4174 4175
4175 4174 4169
4175 4169 4168
4176 4177 4178
4176 4178 4179
4179 4178 4173
4179 4173 4172
4139 4138 4180
4139 4180 4181
4181 4180 4177
4181 4177 4176
4182 4183 4184
4184 4183 4185
4186 4183 4187
4187 4183 4182
4188 4183 4189
4189 4183 4186
4190 4183 4191
4191 4183 4188
4192 4183 4193
4193 4183 4190
4194 4183 4192
4195 4183 4196
4197 4183 4198
4198 4183 4195
4199 4183 4200
4200 4183 4197
4201 4183 4202
4202 4183 4199
4203 4183 4204
4204 4183 4201
4185 4183 4205
4205 4183 4203
4206 4207 4208
4206 4208 4209
4209 4208 4210
4209 4210 4211
4211 4210 4212
4211 4212 4213
4213 4212 4214
4213 4214 4215
4215 4214 4216
4215 4216 4217
4217 4216 4218
4217 4218 4219
4219 4218 4220
4219 4220 4221
4221 4220 4222
4221 4222 4223
4223 4222 4224
4223 4224 4225
4225 4224 4226
4225 4226 4227
4227 4226 4228
4227 4228 4229
4229 4228 4230
4229 4230 4231
4232 4233 4234
4232 4234 4235
4235 4234 4236
4235 4236 4237
4237 4236 4238
4237 4238 4239
4239 4238 4240
4239 4240 4241
4241 4240 4242
4241 4242 4243
4243 4242 4244
4243 4244 4245
4245 4244 4246
4245 4246 4247
4247 4246 4248
4247 4248 4249
4249 4248 4250
4249 4250 4251
4251 4250 4252
4251 4252 4253
4253 4252 4254
4253 4254 4255
4255 4254 4207
4255 4207 4206
4256 4257 4258
4259 4257 4256
4260 4257 4261
4258 4257 4260
4262 4257 4263
4261 4257 4262
4264 4257 4265
4263 4257 4264
4266 4257 4267
4265 4257 4266
4267 4257 4268
4269 4257 4270
4271 4257 4272
4270 4257 4271
4273 4257 4274
4272 4257 4273
4275 4257 4276
4274 4257 4275
4277 4257 4278
4276 4257 4277
4279 4257 4259
4278 4257 4279
4280 4281 4282
4280 4282 4283
4282 4281 4284
4282 4284 4285
4286 4287 4288
4289 4287 4286
4290 4291 4292
4290 4292 4293
4291 4294 4295
4291 4295 4292
4292 4296 4297
4292 4297 4293
4295 4298 4296
4295 4296 4292
4293 4297 4299
4290 4293 4299
4281 4286 4288
4281 4288 4284
4281 4280 4289
4281 4289 4286
4300 4301 4302
4300 4302 4303
4303 4302 4304
4303 4304 4305
4305 4304 4306
4305 4306 4307
4307 4306 4308
4307 4308 4309
4309 4308 4310
4309 4310 4311
4311 4310 4312
4311 4312 4313
4313 4312 4314
4313 4314 4315
4315 4314 4301
4315 4301 4300
4316 4317 4318
4319 4317 4316
4320 4317 4319
4321 4317 4322
4323 4317 4321
4318 4317 4323
4324 4325 4326
4324 4326 4327
4328 4329 4325
4328 4325 4324
4330 4331 4329
4330 4329 4328
4332 4333 4331
4332 4331 4330
4334 4335 4333
4334 4333 4332
4336 4337 4335
4336 4335 4334
4338 4339 4337
4338 4337 4336
4340 4341 4339
4340 4339 4338
4342 4343 4344
4342 4344 4345
4345 4344 4346
4345 4346 4347
4347 4346 4348
4347 4348 4349
4349 4348 4350
4349 4350 4351
4351 4350 4352
4351 4352 4353
4353 4352 4354
4353 4354 4355
4355 4354 4356
4355 4356 4357
4357 4356 4343
4357 4343 4342
4358 4359 4360
4358 4360 4361
4362 4358 4361
4362 4361 4363
4364 4362 4363
4364 4363 4365
4366 4364 4365
4366 4365 4367
4368 4366 4367
4368 4367 4369
4370 4368 4369
4370 4369 4371
4372 4370 4371
4372 4371 4373
4359 4372 4373
4359 4373 4360
4374 4375 4376
4376 4375 4377
4377 4375 4378
4378 4375 4379
4379 4375 4380
4380 4375 4381
4382 4383 4384
4382 4384 4385
4383 4386 4387
4383 4387 4384
4386 4388 4389
4386 4389 4387
4388 4390 4391
4388 4391 4389
4390 4392 4393
4390 4393 4391
4392 4394 4395
4392 4395 4393
4394 4396 4397
4394 4397 4395
4396 4382 4385
4396 4385 4397
4387 4385 4384
4389 4385 4387
4391 4385 4389
4393 4385 4391
4395 4385 4393
4397 4385 4395
4398 4399 4400
4398 4400 4401
4399 4402 4403
4399 4403 4400
4402 4404 4405
4402 4405 4403
4404 4406 4407
4404 4407 4405
4406 4408 4409
4406 4409 4407
4408 4410 4411
4408 4411 4409
4410 4412 4413
4410 4413 4411
4412 4414 4415
4412 4415 4413
4414 4416 4417
4414 4417 4415
4416 4418 4419
4416 4419 4417
4418 4420 4421
4418 4421 4419
4420 4422 4423
4420 4423 4421
4424 4425 4426
4424 4426 4427
4425 4428 4429
4425 4429 4426
4428 4430 4431
4428 4431 4429
4430 4432 4433
4430 4433 4431
4432 4434 4435
4432 4435 4433
4434 4436 4437
4434 4437 4435
4436 4438 4439
4436 4439 4437
4438 4440 4441
4438 4441 4439
4440 4442 4443
4440 4443 4441
4442 4444 4445
4442 4445 4443
4444 4446 4447
4444 4447 4445
4446 4398 4401
4446 4401 4447
4448 4449 4450
4448 4450 4451
4449 4452 4453
4449 4453 4450
4454 4455 4456
4454 4456 4457
4455 4448 4451
4455 4451 4456
4458 4459 4460
4458 4460 4461
4459 4454 4457
4459 4457 4460
4462 4463 4464
4462 4464 4465
4463 4458 4461
4463 4461 4464
4466 4467 4468
4466 4468 4469
4467 4462 4465
4467 4465 4468
4470 4471 4472
4470 4472 4473
4471 4466 4469
4471 4469 4472
4474 4475 4476
4474 4476 4477
4475 4470 4473
4475 4473 4476
4478 4479 4480
4478 4480 4481
4479 4474 4477
4479 4477 4480
4482 4483 4484
4482 4484 4485
4483 4478 4481
4483 4481 4484
4486 4487 4488
4486 4488 4489
4487 4482 4485
4487 4485 4488
4490 4491 4492
4490 4492 4493
4491 4486 4489
4491 4489 4492
4452 4494 4495
4452 4495 4453
4494 4490 4493
4494 4493 4495
4496 4497 4498
4497 4499 4498
4500 4501 4498
4501 4496 4498
4502 4503 4498
4503 4500 4498
4504 4505 4498
4505 4502 4498
4506 4507 4498
4507 4504 4498
4508 4506 4498
4509 4510 4498
4511 4512 4498
4512 4509 4498
4513 4514 4498
4514 4511 4498
4515 4516 4498
4516 4513 4498
4517 4518 4498
4518 4515 4498
4499 4519 4498
4519 4517 4498
4520 4521 4522
4520 4522 4523
4521 4524 4525
4521 4525 4522
4524 4526 4527
4524 4527 4525
4526 4528 4529
4526 4529 4527
4528 4530 4531
4528 4531 4529
4530 4532 4533
4530 4533 4531
4532 4534 4535
4532 4535 4533
4534 4536 4537
4534 4537 4535
4536 4538 4539
4536 4539 4537
4538 4540 4541
4538 4541 4539
4540 4542 4543
4540 4543 4541
4542 4544 4545
4542 4545 4543
4546 4547 4548
4546 4548 4549
4547 4550 4551
4547 4551 4548
4550 4552 4553
4550 4553 4551
4552 4554 4555
4552 4555 4553
4554 4556 4557
4554 4557 4555
4556 4558 4559
4556 4559 4557
4558 4560 4561
4558 4561 4559
4560 4562 4563
4560 4563 4561
4562 4564 4565
4562 4565 4563
4564 4566 4567
4564 4567 4565
4566 4568 4569
4566 4569 4567
4568 4520 4523
4568 4523 4569
4570 4571 4572
4573 4570 4572
4574 4575 4572
4571 4574 4572
4576 4577 4572
4575 4576 4572
4578 4579 4572
4577 4578 4572
4580 4581 4572
4579 4580 4572
4581 4582 4572
4583 4584 4572
4585 4586 4572
4584 4585 4572
4587 4588 4572
4586 4587 4572
4589 4590 4572
4588 4589 4572
4591 4592 4572
4590 4591 4572
4593 4573 4572
4592 4593 4572
4594 4595 4596
4594 4596 4597
4596 4598 4599
4596 4599 4597
4600 4601 4602
4603 4600 4602
4604 4605 4606
4604 4606 4607
4607 4606 4608
4607 4608 4609
4606 4605 4610
4606 4610 4611
4608 4606 4611
4608 4611 4612
4605 4613 4610
4604 4613 4605
4601 4600 4597
4601 4597 4599
4597 4600 4603
4597 4603 4594
4614 4615 4616
4614 4616 4617
4615 4618 4619
4615 4619 4616
4618 4620 4621
4618 4621 4619
4620 4622 4623
4620 4623 4621
4622 4624 4625
4622 4625 4623
4624 4626 4627
4624 4627 4625
4626 4628 4629
4626 4629 4627
4628 4614 4617
4628 4617 4629
4630 4631 4632
4633 4630 4632
4634 4633 4632
4635 4636 4632
4637 4635 4632
4631 4637 4632
4638 4639 4640
4638 4640 4641
4642 4638 4641
4642 4641 4643
4644 4642 4643
4644 4643 4645
4646 4644 4645
4646 4645 4647
4648 4646 4647
4648 4647 4649
4650 4648 4649
4650 4649 4651
4652 4650 4651
4652 4651 4653
4654 4652 4653
4654 4653 4655
4656 4657 4658
4656 4658 4659
4657 4660 4661
4657 4661 4658
4660 4662 4663
4660 4663 4661
4662 4664 4665
4662 4665 4663
4664 4666 4667
4664 4667 4665
4666 4668 4669
4666 4669 4667
4668 4670 4671
4668 4671 4669
4670 4656 4659
4670 4659 4671
4672 4673 4674
4672 4674 4675
4675 4674 4676
4675 4676 4677
4677 4676 4678
4677 4678 4679
4679 4678 4680
4679 4680 4681
4681 4680 4682
4681 4682 4683
4683 4682 4684
4683 4684 4685
4685 4684 4686
4685 4686 4687
4687 4686 4673
4687 4673 4672
4688 4689 4690
4689 4691 4690
4691 4692 4690
4692 4693 4690
4693 4694 4690
4694 4695 4690
4696 4697 4698
4696 4698 4699
4699 4698 4700
4699 4700 4701
4701 4700 4702
4701 4702 4703
4703 4702 4704
4703 4704 4705
4705 4704 4706
4705 4706 4707
4707 4706 4708
4707 4708 4709
4709 4708 4710
4709 4710 4711
4711 4710 4697
4711 4697 4696
4700 4698 4697
4702 4700 4697
4704 4702 4697
4706 4704 4697
4708 4706 4697
4710 4708 4697
4712 4713 4714
4715 4716 4717
4715 4717 4718
4719 4720 4721
4719 4721 4722
4723 4724 4725
4723 4725 4726
4727 4728 4729
4730 4731 4732
4730 4732 4733
4734 4735 4736
4737 4738 4739
4740 4741 4742
4740 4742 4743
4744 4745 4746
4744 4746 4747
4748 4749 4750
4751 4752 4743
4751 4743 4753
4754 4755 4749
4756 4757 4745
4756 4745 4744
4758 4759 4750
4758 4750 4760
4761 4719 4722
4761 4722 4762
4763 4764 4723
4730 4733 4765
4730 4765 4766
4737 4767 4768
4769 4742 4770
4752 4771 4772
4752 4772 4773
4767 4774 4775
4767 4775 4768
4776 4715 4718
4776 4718 4777
4778 4744 4747
4778 4747 4779
4727 4780 4781
4782 4783 4755
4772 4784 4756
4767 4785 4774
4737 4786 4767
4786 4787 4788
4786 4788 4789
4790 4736 4789
4790 4789 4788
4788 4791 4792
4788 4792 4790
4791 4788 4793
4794 4795 4741
4794 4741 4740
4796 4797 4795
4796 4795 4794
4742 4787 4770
4798 4799 4800
4798 4800 4801
4799 4802 4803
4799 4803 4800
4804 4805 4806
4804 4806 4807
4806 4805 4808
4805 4809 4810
4802 4799 4811
4802 4811 4812
4813 4734 4814
4813 4814 4815
4734 4790 4792
4734 4792 4814
4816 4817 4818
4816 4818 4819
4820 4821 4822
4821 4820 4823
4820 4824 4825
4816 4826 4827
4816 4827 4828
4796 4829 4830
4796 4830 4819
4794 4831 4832
4740 4833 4831
4740 4831 4794
4752 4773 4833
4756 4834 4772
4744 4835 4834
4836 4835 4778
4837 4838 4782
4838 4839 4840
4841 4842 4839
4841 4839 4843
4844 4842 4845
4845 4846 4847
4846 4848 4849
4841 4850 4851
4841 4851 4852
4841 4843 4853
4841 4853 4850
4853 4843 4837
4853 4837 4854
4837 4754 4855
4837 4855 4854
4748 4856 4855
4748 4855 4754
4748 4759 4857
4748 4857 4856
4759 4758 4858
4759 4858 4857
4758 4713 4859
4758 4859 4858
4713 4758 4760
4713 4760 4714
4859 4713 4712
4782 4771 4783
4782 4838 4860
4782 4860 4771
4861 4784 4862
4861 4862 4863
4837 4782 4754
4864 4865 4866
4867 4868 4869
4867 4869 4870
4871 4872 4873
4871 4873 4874
4875 4871 4874
4875 4874 4876
4877 4878 4879
4880 4881 4882
4880 4882 4883
4884 4885 4886
4887 4888 4889
4890 4891 4892
4890 4892 4893
4894 4895 4896
4894 4896 4897
4898 4899 4900
4901 4902 4903
4904 4905 4898
4906 4894 4897
4906 4897 4907
4900 4908 4909
4900 4909 4910
4872 4871 4911
4872 4911 4912
4913 4914 4915
4913 4915 4875
4882 4881 4916
4882 4916 4917
4918 4919 4888
4890 4920 4921
4901 4922 4923
4901 4923 4902
4919 4918 4924
4919 4924 4925
4868 4867 4926
4868 4926 4927
4895 4894 4928
4895 4928 4929
4878 4930 4931
4905 4904 4932
4923 4906 4933
4934 4935 4936
4937 4921 4888
4937 4888 4938
4884 4939 4940
4884 4940 4885
4939 4884 4941
4939 4941 4942
4939 4942 4943
4944 4892 4891
4944 4891 4945
4946 4947 4945
4921 4937 4890
4948 4949 4950
4948 4950 4951
4952 4953 4949
4952 4949 4948
4954 4955 4956
4954 4956 4957
4955 4954 4958
4955 4959 4960
4949 4953 4961
4949 4961 4962
4963 4886 4964
4963 4964 4965
4941 4884 4886
4941 4886 4963
4966 4967 4968
4966 4968 4969
4970 4971 4972
4971 4970 4973
4971 4974 4975
4971 4975 4976
4977 4969 4978
4977 4978 4979
4944 4977 4979
4892 4944 4980
4892 4980 4981
4906 4923 4982
4983 4984 4985
4932 4986 4987
4988 4987 4986
4988 4986 4989
4990 4988 4989
4990 4989 4991
4992 4993 4994
4992 4994 4995
4992 4996 4997
4990 4993 4998
4990 4998 4999
4990 4999 5000
4990 5000 4988
4987 4988 5000
4987 5000 5001
5002 4905 4987
5002 4987 5001
4899 4905 5002
4899 5002 5003
5004 4908 4899
5004 4899 5003
4908 5004 5005
4908 5005 4909
5005 5006 4865
5005 4865 4909
4910 4909 4865
4910 4865 4864
4866 4865 5006
4903 4902 5007
4932 4902 5008
4932 5008 4986
5009 5010 5011
5009 5011 4933
4905 4932 4987
5012 4863 4862
5012 4862 4860
4902 4923 5011
4902 5011 5008
4894 4985 4928
4787 4786 4737
4787 4737 4770
4919 4938 4888
4939 4937 4938
4939 4938 4940
4767 4786 4785
4794 4829 4796
4944 4979 5013
4741 5014 5015
4793 4788 4787
4939 4943 4937
4741 4795 5014
4945 5016 4977
4945 4977 4944
4795 4797 5017
4737 4768 4738
4918 4888 4887
4769 4770 5018
4921 4920 5019
4785 5020 5021
4935 4934 5022
4935 4940 4938
4785 4789 5020
4730 5023 5024
4730 5024 4731
4880 5025 5026
4880 5026 4881
4789 4736 5027
4789 5027 5028
5029 4885 4940
5029 4940 5030
4734 4736 4790
4886 4885 5031
4736 4735 5027
5031 4885 5029
4735 5032 5033
5031 5034 4964
5031 4964 4886
4834 4835 5035
4982 4985 4894
4773 4834 5036
4778 4835 4744
4928 4985 4984
4831 4833 5037
4981 4980 5038
5039 4831 5037
4922 4981 5040
5041 5013 4979
5037 4833 5042
4981 5038 5040
4742 4793 4787
4943 4890 4937
4901 4981 4922
4840 4839 4842
4840 4842 4844
4860 4838 5043
4991 4989 5044
4991 5044 5045
4771 4860 4862
4771 4862 4772
5046 5008 5011
5046 5011 5010
4845 4842 4852
4994 4991 5045
4722 4733 4732
4722 4732 4762
4765 4733 4722
4765 4722 4721
4883 4882 4872
4883 4872 4912
4882 4917 4873
4882 4873 4872
4724 4723 4764
4763 4723 4726
4763 4726 5047
4914 4913 5048
4913 5049 5048
5050 5051 5052
5051 5053 5052
5054 5055 5056
5057 5054 5056
4804 4802 4812
4804 4812 5058
4961 4953 4956
4961 4956 5059
4798 4813 4815
4798 4815 5060
4965 4964 4950
4965 4950 5061
4813 5032 4735
4813 4735 4734
5034 5031 5062
4775 4774 5023
4775 5023 5063
5026 4925 4924
5026 4924 5064
5065 4774 4785
4925 4935 4919
4925 4936 4935
5065 4785 5021
4828 5066 5067
4828 5067 5068
5066 5069 5070
5071 5072 5073
5071 5073 5074
5073 5072 5075
5073 5075 5076
4819 4818 4797
4816 4819 4830
4816 4830 4826
4966 4969 5016
5077 4978 4969
5077 4969 4968
4718 4717 4728
4718 4728 4727
4777 4718 4727
4777 4727 4781
4877 4869 4868
4877 4868 4878
4878 4868 4927
4878 4927 4930
4862 4784 4772
4933 5011 4923
4757 4784 4861
4933 4907 5009
4756 4784 4757
4933 4906 4907
4772 4834 4773
4744 4834 4756
4982 4923 4922
4982 4894 4906
4794 4832 4829
4832 5078 4829
4944 5013 4980
4980 5013 5041
4980 5041 5079
5030 4940 5022
4891 4943 5080
4891 5081 4945
4741 4793 4742
4943 4891 4890
4773 5036 5042
4922 5082 4982
4832 4831 5039
4832 5039 5078
4980 5079 5038
4986 5083 5044
5008 5046 5083
4843 4839 4838
4843 4838 4837
5084 4742 4769
4890 5085 4920
4782 4755 4754
4932 4904 5007
4754 4749 4748
4898 4905 4899
4748 4750 4759
4900 4899 4908
4752 4751 4771
4893 4901 4903
4893 4903 5086
4783 4771 4751
5007 4902 4932
4847 4846 5087
4846 4849 5087
4992 4995 5088
4996 4992 5088
4727 4729 5089
4780 4727 5089
4879 4878 5090
4878 4931 5090
4823 4820 5091
4820 4825 5091
4971 4973 5092
4974 4971 5092
5066 4822 5067
4972 5072 5071
5066 5070 4820
5072 4976 5075
4820 4822 5066
4972 4971 5072
4971 4976 5072
4820 5070 4824
5066 4828 4827
5066 4827 5069
4816 4828 5068
4816 5068 4817
5074 5073 4968
5074 4968 4967
4968 5073 5076
4968 5076 5077
4819 4797 4796
4797 4818 5017
4966 5016 4947
5016 4969 4977
4813 4798 4801
4813 4801 5032
4951 4950 4964
4951 4964 5034
4799 4798 5060
4799 5060 4811
5061 4950 4949
5061 4949 4962
4802 4804 4807
4802 4807 4803
4957 4956 4953
4957 4953 4952
4805 4804 5058
4805 5058 4809
5059 4956 4955
5059 4955 4960
4808 4805 5051
4805 4810 5051
4955 4958 5054
4959 4955 5054
4808 5051 5050
5051 4810 5053
5054 4958 5055
4959 5054 5057
4726 4725 4720
4726 4720 4719
4913 4875 4876
4913 4876 5049
4871 4875 4915
4871 4915 4911
5047 4726 4719
5047 4719 4761
4747 4746 4716
4747 4716 4715
4779 4747 4715
4779 4715 4776
4870 4896 4895
4870 4895 4867
4867 4895 4929
4867 4929 4926
4852 4851 4848
4852 4848 4846
4997 4998 4993
4997 4993 4992
4991 4993 4990
4994 4993 4991
4852 4842 4841
4845 4852 4846
4770 4739 5018
4889 4921 5019
4737 4739 4770
4889 4888 4921
5084 4753 4743
5084 4743 4742
4893 5086 5085
4893 5085 4890
4740 4743 4752
4740 4752 4833
4901 4893 4892
4901 4892 4981
5065 5024 5023
5065 5023 4774
5026 5025 4936
5026 4936 4925
5063 5023 4730
5063 4730 4766
4881 5026 5064
4881 5064 4916
5027 4735 5033
5031 5029 5062
4785 4786 4789
4935 4938 4919
5020 4789 5028
5022 4940 4935
5014 4795 5093
4945 5081 4946
4741 5015 4793
4891 5080 5081
4791 4793 5015
4943 4942 5080
4945 4947 5016
4795 5017 5093
4922 5040 5082
4773 5042 4833
5036 4834 5035
4982 5082 4983
4983 4985 4982
5035 4835 4836
4860 5043 5012
5008 5083 4986
4838 4840 5043
4986 5044 4989
5094 5095 5096
5097 5098 5099
5097 5099 5100
5101 5102 5103
5101 5103 5104
5105 5106 5107
5105 5107 5108
5109 5110 5111
5112 5113 5114
5112 5114 5115
5116 5117 5118
5119 5120 5121
5122 5123 5124
5122 5124 5125
5126 5127 5128
5126 5128 5129
5130 5131 5132
5123 5133 5134
5123 5134 5135
5136 5132 5137
5138 5126 5129
5138 5129 5139
5140 5141 5131
5140 5131 5142
5143 5144 5102
5143 5102 5101
5145 5107 5146
5112 5147 5148
5112 5148 5113
5119 5149 5150
5151 5152 5124
5133 5153 5154
5133 5154 5155
5150 5149 5156
5150 5156 5157
5158 5159 5098
5158 5098 5097
5160 5161 5127
5160 5127 5126
5109 5162 5163
5164 5137 5165
5154 5138 5166
5150 5157 5167
5119 5150 5168
5169 5170 5168
5169 5168 5171
5172 5169 5171
5172 5171 5117
5169 5172 5173
5169 5173 5174
5174 5175 5169
5176 5122 5125
5176 5125 5177
5178 5176 5177
5178 5177 5179
5124 5152 5170
5180 5181 5182
5180 5182 5183
5184 5185 5181
5184 5181 5180
5186 5187 5188
5186 5188 5189
5186 5190 5187
5187 5191 5192
5193 5181 5185
5193 5185 5194
5195 5116 5196
5195 5196 5197
5173 5172 5116
5173 5116 5195
5198 5199 5200
5198 5200 5201
5202 5203 5204
5204 5205 5202
5202 5206 5207
5198 5208 5209
5198 5209 5210
5178 5199 5211
5178 5211 5212
5176 5213 5214
5122 5176 5214
5122 5214 5215
5133 5215 5153
5138 5154 5216
5126 5216 5217
5218 5160 5217
5219 5164 5220
5220 5221 5222
5223 5224 5222
5223 5222 5225
5226 5227 5225
5227 5228 5229
5229 5230 5231
5223 5232 5233
5223 5233 5234
5235 5224 5223
5235 5223 5234
5235 5236 5219
5235 5219 5224
5237 5136 5219
5237 5219 5236
5130 5136 5237
5130 5237 5238
5239 5142 5130
5239 5130 5238
5240 5140 5142
5240 5142 5239
5241 5096 5140
5241 5140 5240
5141 5140 5096
5141 5096 5095
5241 5094 5096
5164 5165 5155
5164 5155 5242
5164 5242 5220
5243 5244 5245
5243 5245 5166
5219 5136 5164
5246 5247 5248
5249 5250 5251
5249 5251 5252
5253 5254 5255
5253 5255 5256
5254 5253 5257
5254 5257 5258
5259 5260 5261
5262 5263 5264
5262 5264 5265
5266 5267 5268
5269 5270 5271
5272 5273 5274
5272 5274 5275
5276 5277 5278
5276 5278 5279
5280 5281 5282
5283 5284 5285
5286 5280 5287
5288 5289 5277
5288 5277 5276
5290 5291 5281
5290 5281 5292
5293 5253 5256
5293 5256 5294
5295 5296 5297
5295 5297 5257
5298 5263 5262
5298 5262 5299
5300 5271 5301
5272 5302 5303
5283 5285 5304
5283 5304 5305
5301 5306 5307
5301 5307 5300
5308 5249 5252
5308 5252 5309
5310 5276 5279
5310 5279 5311
5261 5312 5313
5287 5314 5286
5304 5315 5288
5316 5317 5318
5319 5320 5271
5319 5271 5302
5266 5268 5321
5266 5321 5322
5322 5323 5324
5322 5324 5266
5322 5325 5323
5326 5327 5275
5326 5275 5274
5328 5327 5329
5302 5272 5319
5330 5331 5332
5330 5332 5333
5334 5330 5333
5334 5333 5335
5336 5337 5338
5336 5338 5339
5339 5340 5336
5339 5341 5342
5333 5343 5344
5333 5344 5335
5345 5346 5347
5345 5347 5267
5324 5345 5267
5324 5267 5266
5348 5349 5350
5348 5350 5351
5352 5353 5354
5354 5355 5352
5354 5356 5357
5354 5358 5356
5359 5360 5361
5359 5361 5351
5326 5360 5359
5362 5326 5274
5362 5274 5363
5288 5364 5304
5365 5366 5367
5314 5368 5369
5370 5371 5369
5370 5369 5368
5372 5373 5371
5372 5371 5370
5374 5375 5376
5374 5377 5375
5374 5378 5379
5372 5380 5381
5372 5381 5376
5372 5370 5382
5372 5382 5380
5368 5383 5382
5368 5382 5370
5384 5383 5368
5384 5368 5287
5384 5287 5282
5384 5282 5385
5386 5385 5282
5386 5282 5291
5291 5290 5387
5291 5387 5386
5248 5388 5387
5248 5387 5290
5292 5246 5248
5292 5248 5290
5247 5388 5248
5284 5389 5285
5390 5285 5314
5390 5314 5369
5391 5392 5393
5391 5393 5315
5287 5368 5314
5245 5244 5394
5245 5394 5242
5391 5304 5285
5391 5285 5390
5276 5310 5366
5170 5152 5119
5170 5119 5168
5301 5271 5320
5320 5319 5322
5320 5322 5321
5150 5167 5168
5176 5178 5212
5326 5395 5360
5125 5396 5397
5175 5170 5169
5322 5319 5325
5125 5397 5177
5327 5326 5359
5327 5359 5398
5177 5399 5179
5119 5121 5149
5300 5269 5271
5151 5400 5152
5302 5401 5303
5167 5402 5403
5318 5404 5316
5318 5320 5321
5167 5403 5171
5112 5115 5405
5112 5405 5406
5264 5263 5407
5264 5407 5408
5171 5409 5410
5171 5410 5117
5321 5268 5411
5321 5411 5412
5116 5172 5117
5267 5413 5268
5117 5410 5118
5413 5411 5268
5118 5414 5415
5413 5267 5347
5413 5347 5416
5216 5417 5217
5364 5276 5366
5153 5418 5216
5160 5126 5217
5310 5367 5366
5214 5419 5215
5363 5420 5362
5421 5419 5214
5305 5422 5363
5423 5360 5395
5419 5424 5215
5363 5422 5420
5124 5170 5175
5325 5319 5272
5283 5305 5363
5225 5222 5221
5225 5221 5226
5242 5425 5220
5373 5426 5427
5373 5427 5371
5245 5242 5155
5245 5155 5154
5391 5390 5428
5391 5428 5392
5227 5232 5225
5375 5426 5373
5114 5113 5102
5114 5102 5144
5148 5103 5102
5148 5102 5113
5265 5294 5256
5265 5256 5262
5262 5256 5255
5262 5255 5299
5106 5146 5107
5145 5429 5108
5145 5108 5107
5296 5430 5297
5297 5430 5431
5432 5433 5434
5434 5433 5435
5436 5437 5438
5439 5437 5436
5194 5185 5188
5194 5188 5440
5344 5441 5338
5344 5338 5335
5197 5196 5182
5197 5182 5442
5346 5443 5332
5346 5332 5347
5196 5116 5118
5196 5118 5415
5416 5444 5413
5156 5445 5406
5156 5406 5157
5307 5306 5407
5307 5407 5446
5447 5167 5157
5306 5301 5318
5306 5318 5317
5447 5402 5167
5448 5449 5208
5448 5208 5450
5449 5451 5452
5453 5454 5455
5453 5455 5456
5457 5456 5455
5457 5455 5458
5199 5179 5200
5211 5199 5198
5211 5198 5210
5350 5398 5351
5351 5361 5459
5351 5459 5348
5098 5109 5111
5098 5111 5099
5159 5162 5109
5159 5109 5098
5252 5251 5259
5252 5259 5261
5309 5252 5261
5309 5261 5313
5245 5154 5166
5315 5304 5391
5139 5243 5166
5315 5393 5289
5138 5139 5166
5315 5289 5288
5154 5153 5216
5126 5138 5216
5364 5305 5304
5364 5288 5276
5176 5212 5213
5213 5212 5460
5326 5362 5395
5423 5395 5362
5423 5362 5461
5412 5404 5321
5275 5462 5325
5275 5327 5463
5125 5124 5175
5325 5272 5275
5153 5424 5418
5305 5364 5464
5421 5214 5213
5421 5213 5460
5362 5420 5461
5369 5427 5465
5390 5465 5428
5220 5222 5224
5220 5224 5219
5466 5151 5124
5272 5303 5467
5164 5136 5137
5314 5389 5286
5136 5130 5132
5280 5282 5287
5130 5142 5131
5281 5291 5282
5133 5155 5134
5284 5283 5273
5284 5273 5468
5165 5134 5155
5389 5314 5285
5228 5469 5229
5229 5469 5230
5374 5470 5377
5379 5470 5374
5109 5471 5110
5163 5471 5109
5260 5472 5261
5261 5472 5312
5205 5473 5202
5202 5473 5206
5354 5474 5355
5357 5474 5354
5449 5448 5203
5353 5453 5456
5449 5202 5451
5456 5457 5358
5202 5449 5203
5353 5456 5354
5354 5456 5358
5202 5207 5451
5209 5208 5449
5209 5449 5452
5450 5208 5198
5450 5198 5201
5454 5349 5348
5454 5348 5455
5458 5455 5348
5458 5348 5459
5199 5178 5179
5179 5399 5200
5350 5329 5398
5398 5359 5351
5183 5182 5196
5183 5196 5415
5331 5416 5347
5331 5347 5332
5442 5182 5181
5442 5181 5193
5443 5343 5333
5443 5333 5332
5189 5188 5185
5189 5185 5184
5337 5334 5335
5337 5335 5338
5440 5188 5187
5440 5187 5192
5441 5341 5339
5441 5339 5338
5190 5434 5187
5187 5434 5191
5339 5436 5340
5342 5436 5339
5190 5432 5434
5434 5435 5191
5436 5438 5340
5342 5439 5436
5108 5101 5104
5108 5104 5105
5258 5257 5297
5258 5297 5431
5295 5257 5253
5295 5253 5293
5429 5143 5101
5429 5101 5108
5127 5097 5100
5127 5100 5128
5161 5158 5097
5161 5097 5127
5279 5278 5250
5279 5250 5249
5311 5279 5249
5311 5249 5308
5232 5229 5231
5232 5231 5233
5376 5381 5378
5376 5378 5374
5373 5372 5376
5375 5373 5376
5232 5223 5225
5227 5229 5232
5152 5400 5120
5270 5401 5302
5119 5152 5120
5270 5302 5271
5123 5135 5466
5123 5466 5124
5273 5272 5467
5273 5467 5468
5122 5215 5133
5122 5133 5123
5274 5273 5283
5274 5283 5363
5406 5405 5447
5406 5447 5157
5407 5306 5317
5407 5317 5408
5445 5147 5112
5445 5112 5406
5446 5407 5263
5446 5263 5298
5410 5414 5118
5413 5444 5411
5167 5171 5168
5318 5301 5320
5403 5409 5171
5404 5318 5321
5397 5475 5177
5327 5328 5463
5125 5175 5396
5275 5463 5462
5174 5396 5175
5325 5462 5323
5327 5398 5329
5177 5475 5399
5305 5464 5422
5153 5215 5424
5418 5417 5216
5364 5365 5464
5365 5364 5366
5417 5218 5217
5242 5394 5425
5390 5369 5465
5220 5425 5221
5369 5371 5427
5476 5477 5478
5476 5478 5479
5480 5478 5481
5482 5483 5484
5482 5484 5485
5485 5484 5486
5485 5486 5487
5488 5479 5489
5488 5489 5490
5489 5479 5487
5479 5478 5485
5479 5485 5487
5480 5491 5482
5480 5482 5478
5478 5482 5485
5479 5488 5492
5477 5481 5478
5493 5494 5495
5496 5497 5498
5496 5498 5499
5500 5493 5495
5500 5495 5501
5502 5496 5499
5497 5503 5498
5503 5504 5498
5494 5505 5495
5502 5499 5506
5507 5489 5487
5507 5487 5486
5491 5508 5482
5508 5509 5483
5510 5511 5507
5511 5490 5489
5512 5513 5501
5513 5500 5501
5514 5515 5516
5517 5518 5519
5486 5484 5520
5486 5520 5521
5484 5483 5522
5484 5522 5520
5523 5514 5516
5523 5516 5519
5524 5525 5526
5524 5526 5516
5516 5521 5520
5516 5520 5519
5516 5526 5521
5517 5519 5522
5517 5522 5527
5522 5519 5520
5515 5524 5516
5519 5518 5523
5528 5495 5529
5530 5499 5498
5530 5498 5531
5495 5528 5532
5495 5532 5501
5499 5530 5533
5531 5498 5534
5504 5534 5498
5529 5495 5535
5533 5536 5499
5507 5486 5521
5507 5521 5526
5483 5509 5537
5527 5522 5537
5510 5507 5538
5526 5525 5538
5512 5501 5539
5532 5539 5501
5505 5535 5495
5499 5536 5506
5540 5541 5542
5540 5542 5543
5540 5543 5544
5540 5544 5545
5544 5546 5547
5544 5547 5545
5548 5549 5550
5548 5550 5551
5552 5553 5554
5545 5547 5555
5549 5556 5557
5552 5549 5557
5552 5557 5558
5540 5545 5559
5540 5559 5560
5552 5554 5561
5552 5561 5562
5550 5549 5552
5550 5552 5562
5561 5563 5562
5546 5544 5564
5551 5550 5565
5542 5566 5543
5567 5565 5550
5567 5550 5562
5543 5566 5568
5543 5568 5544
5569 5540 5560
5508 5483 5482
5507 5511 5489
5483 5537 5522
5538 5507 5526
5570 5571 5572
5573 5574 5575
5576 5577 5578
5576 5578 5579
5580 5578 5577
5580 5577 5581
5582 5570 5572
5582 5572 5575
5583 5584 5585
5583 5585 5572
5572 5585 5581
5572 5581 5577
5572 5577 5575
5573 5575 5576
5573 5576 5586
5575 5577 5576
5572 5571 5583
5587 5588 5589
5590 5591 5592
5590 5592 5593
5594 5595 5588
5594 5588 5587
5596 5591 5590
5593 5592 5597
5597 5592 5598
5589 5588 5599
5596 5600 5591
5601 5580 5581
5601 5581 5585
5586 5576 5602
5602 5576 5579
5603 5601 5604
5604 5585 5584
5605 5595 5606
5606 5595 5594
5607 5608 5609
5610 5611 5612
5613 5578 5580
5613 5580 5614
5578 5613 5615
5578 5615 5579
5608 5616 5611
5608 5611 5609
5617 5609 5618
5617 5618 5619
5613 5614 5609
5613 5609 5611
5618 5609 5614
5610 5620 5615
5610 5615 5611
5615 5613 5611
5607 5609 5617
5611 5616 5612
5621 5622 5588
5623 5624 5592
5623 5592 5591
5588 5595 5625
5588 5625 5621
5591 5626 5623
5624 5627 5592
5598 5592 5627
5622 5628 5588
5626 5591 5629
5601 5618 5614
5601 5614 5580
5579 5615 5630
5620 5630 5615
5603 5631 5601
5618 5631 5619
5605 5632 5595
5625 5595 5632
5599 5588 5628
5591 5600 5629
5602 5579 5633
5604 5601 5585
5579 5630 5633
5601 5631 5618
5476 5479 5492
5634 5575 5574
5635 5636 5637
5635 5637 5638
5639 5640 5637
5641 5642 5643
5641 5643 5644
5645 5643 5642
5645 5642 5646
5647 5648 5649
5647 5649 5636
5649 5646 5636
5636 5646 5642
5636 5642 5637
5639 5637 5641
5639 5641 5650
5637 5642 5641
5636 5651 5647
5638 5637 5640
5652 5653 5654
5655 5656 5657
5655 5657 5658
5659 5660 5653
5659 5653 5652
5661 5656 5655
5658 5657 5662
5662 5657 5663
5654 5653 5664
5661 5665 5656
5666 5645 5646
5666 5646 5649
5650 5641 5667
5667 5644 5668
5669 5666 5670
5670 5649 5648
5671 5660 5672
5672 5660 5659
5673 5674 5675
5676 5677 5678
5645 5679 5680
5645 5680 5643
5643 5680 5681
5643 5681 5644
5682 5677 5674
5682 5674 5673
5683 5674 5684
5683 5684 5685
5680 5679 5674
5680 5674 5677
5674 5679 5684
5676 5686 5681
5676 5681 5677
5681 5680 5677
5675 5674 5683
5677 5682 5678
5687 5688 5653
5689 5690 5657
5689 5657 5656
5653 5660 5691
5653 5691 5687
5656 5692 5689
5690 5693 5657
5663 5657 5693
5688 5694 5653
5692 5656 5695
5666 5684 5679
5666 5679 5645
5644 5696 5668
5686 5696 5681
5669 5697 5666
5684 5697 5685
5671 5698 5660
5691 5660 5698
5664 5653 5694
5656 5665 5695
5699 5700 5701
5699 5701 5702
5701 5703 5704
5701 5704 5702
5705 5706 5704
5705 5704 5703
5707 5708 5709
5707 5709 5710
5711 5712 5713
5703 5714 5705
5710 5715 5707
5711 5713 5715
5711 5715 5710
5701 5716 5714
5701 5714 5703
5717 5712 5711
5717 5711 5718
5709 5718 5711
5709 5711 5710
5719 5718 5720
5721 5722 5723
5708 5724 5709
5699 5702 5725
5709 5724 5726
5709 5726 5718
5702 5704 5727
5702 5727 5725
5700 5716 5701
5667 5641 5644
5666 5649 5670
5644 5681 5696
5697 5684 5666
5728 5729 5730
5731 5732 5733
5734 5735 5736
5734 5736 5737
5738 5739 5737
5738 5737 5736
5740 5732 5729
5740 5729 5728
5741 5729 5742
5741 5742 5743
5729 5739 5742
5729 5732 5737
5729 5737 5739
5731 5744 5734
5731 5734 5732
5732 5734 5737
5729 5741 5730
5745 5746 5747
5748 5749 5750
5748 5750 5751
5752 5745 5747
5752 5747 5753
5754 5748 5751
5749 5755 5750
5755 5756 5750
5746 5757 5747
5754 5751 5758
5759 5742 5739
5759 5739 5738
5744 5760 5734
5760 5735 5734
5761 5762 5759
5762 5743 5742
5763 5764 5753
5764 5752 5753
5765 5766 5767
5768 5769 5770
5738 5736 5771
5738 5771 5772
5736 5735 5773
5736 5773 5771
5767 5766 5770
5767 5770 5774
5775 5776 5777
5775 5777 5766
5771 5770 5766
5771 5766 5772
5777 5772 5766
5768 5770 5773
5768 5773 5778
5773 5770 5771
5765 5775 5766
5770 5769 5774
5779 5747 5780
5781 5751 5750
5781 5750 5782
5747 5779 5783
5747 5783 5753
5751 5781 5784
5782 5750 5785
5756 5785 5750
5780 5747 5786
5784 5787 5751
5759 5738 5772
5759 5772 5777
5735 5788 5773
5778 5773 5788
5761 5759 5789
5777 5776 5789
5763 5753 5790
5783 5790 5753
5757 5786 5747
5751 5787 5758
5760 5791 5735
5762 5742 5759
5735 5791 5788
5759 5777 5789
5635 5651 5636
5740 5733 5732
