byte offset: 0
first index: 0
index count: 26172
topology: trianglelist
format: DXGI_FORMAT_R16_UINT

0 1 2
0 2 3
4 5 6
4 6 7
8 9 5
10 8 11
10 12 13
10 13 14
0 15 1
16 17 1
18 19 20
18 20 21
19 18 22
19 22 23
23 22 24
23 24 11
19 4 25
19 25 20
26 27 28
26 28 29
30 31 28
32 28 27
32 27 33
32 34 30
32 30 28
35 36 37
35 37 38
39 40 41
39 41 42
43 44 45
43 46 21
43 21 47
47 21 20
47 20 48
25 49 36
25 36 35
50 51 52
50 52 53
52 54 55
52 55 53
56 54 57
56 57 58
58 57 59
58 59 60
61 62 60
61 60 59
50 63 51
64 65 29
64 29 31
30 58 60
34 56 58
34 58 30
39 55 56
39 56 34
4 19 23
4 23 5
4 7 49
4 49 25
48 35 38
48 38 33
34 32 40
34 40 39
35 48 20
35 20 25
42 53 55
42 55 39
8 5 11
11 5 23
55 54 56
46 66 21
67 68 66
67 66 46
69 22 18
70 67 46
70 46 45
43 45 46
71 72 17
7 73 49
36 49 73
36 73 74
74 75 37
42 41 75
42 75 76
76 50 53
76 53 42
14 13 77
14 77 78
79 80 81
79 81 82
80 79 83
80 83 84
85 86 87
85 87 88
89 85 88
89 88 90
90 91 92
90 92 89
10 11 12
12 11 24
26 29 65
26 65 93
64 31 60
64 60 62
72 94 2
72 2 1
27 26 43
27 43 47
33 27 47
33 47 48
40 38 37
40 37 41
32 33 38
32 38 40
44 43 26
44 26 93
74 37 36
37 75 41
95 70 45
96 97 98
96 98 99
100 101 102
100 102 103
99 98 104
99 104 105
105 104 106
105 106 107
108 107 106
108 106 109
110 108 109
110 109 111
101 110 111
101 111 102
112 113 114
112 114 115
114 116 117
114 117 115
116 118 119
116 119 117
120 121 122
120 122 123
122 124 125
122 125 123
126 127 128
126 128 129
130 131 132
130 132 133
127 134 135
127 135 128
134 130 133
134 133 135
136 137 138
136 138 139
140 141 142
140 142 143
140 143 137
140 137 136
144 145 146
144 146 147
148 149 144
148 144 147
150 151 152
150 152 153
154 155 153
154 153 152
156 157 158
156 158 159
150 156 159
150 159 151
78 77 82
78 82 81
121 120 119
121 119 118
145 155 154
145 154 146
86 84 83
86 83 87
124 126 129
124 129 125
149 148 142
149 142 141
97 96 113
97 113 112
5 9 6
66 68 69
66 69 18
21 66 18
1 15 16
158 157 160
158 160 161
161 160 162
161 162 163
163 162 164
163 164 165
164 166 167
164 167 165
166 168 169
166 169 167
17 72 1
95 45 44
28 31 29
30 60 31
170 171 172
170 172 173
174 175 176
174 176 177
178 177 179
180 181 178
182 183 180
182 180 184
170 173 185
186 173 187
188 189 190
188 190 191
191 192 193
191 193 188
192 181 194
192 194 193
191 190 195
191 195 174
196 197 198
196 198 199
200 196 201
202 203 197
202 197 196
200 204 202
200 202 196
205 206 207
205 207 208
209 210 211
209 211 212
213 214 44
189 215 213
189 213 216
216 217 190
216 190 189
195 207 206
195 206 218
219 220 221
219 221 222
223 224 221
223 221 220
225 226 227
225 227 224
226 228 229
226 229 227
61 229 228
61 228 62
219 222 230
64 201 199
64 199 65
200 228 226
204 200 226
204 226 225
209 204 225
209 225 223
174 177 192
174 192 191
174 195 218
174 218 175
208 207 217
208 217 203
204 209 212
204 212 202
207 195 190
207 190 217
210 209 223
210 223 220
178 181 177
181 192 177
223 225 224
215 189 231
232 215 231
232 231 233
234 188 193
235 214 215
235 215 232
213 215 214
71 187 72
175 218 236
206 237 236
206 236 218
237 205 238
210 239 238
210 238 211
220 219 239
220 239 210
184 240 241
184 241 182
242 243 244
242 244 245
243 246 247
243 247 244
248 249 250
248 250 251
252 253 249
252 249 248
254 255 253
254 253 252
180 183 181
183 194 181
65 199 198
65 198 93
228 201 64
228 64 62
72 173 172
72 172 94
197 216 213
197 213 198
203 217 216
203 216 197
212 211 205
212 205 208
202 212 208
202 208 203
198 213 44
198 44 93
237 206 205
205 211 238
95 214 235
256 257 258
256 258 259
260 261 262
260 262 263
257 264 265
257 265 258
264 266 267
264 267 265
267 266 268
267 268 269
269 268 270
269 270 271
271 270 261
271 261 260
272 273 274
272 274 275
276 277 272
276 272 275
278 279 277
278 277 276
280 281 282
280 282 283
284 285 280
284 280 283
286 287 288
286 288 289
290 291 292
290 292 293
294 295 289
294 289 288
293 292 295
293 295 294
296 297 298
296 298 299
300 301 302
300 302 303
302 296 299
302 299 303
304 305 306
304 306 307
306 308 309
306 309 307
310 311 312
310 312 313
311 314 315
311 315 312
316 317 318
316 318 319
319 318 310
319 310 313
240 242 245
240 245 241
281 279 278
281 278 282
305 304 315
305 315 314
247 246 251
247 251 250
285 284 287
285 287 286
308 301 300
308 300 309
273 256 259
273 259 274
177 176 179
231 188 234
231 234 233
189 188 231
173 186 185
320 317 316
320 316 321
322 320 321
322 321 323
324 322 323
324 323 325
324 325 326
324 326 327
327 326 169
327 169 168
187 173 72
95 44 214
196 199 201
200 201 228
328 51 63
328 63 329
330 52 51
330 51 328
331 54 52
331 52 330
54 331 332
54 332 57
57 332 333
57 333 59
334 61 59
334 59 333
335 336 337
337 338 339
337 339 340
340 339 341
340 341 342
342 341 343
343 344 345
343 345 346
346 345 347
346 347 348
349 348 347
349 347 350
335 351 336
63 352 329
343 341 344
329 337 340
329 340 328
328 340 342
328 342 330
330 342 343
330 343 331
331 343 346
331 346 332
332 346 348
332 348 333
337 329 352
337 352 335
353 354 351
351 355 353
356 357 347
356 347 345
358 359 357
358 357 356
344 360 356
344 356 345
358 361 362
341 363 360
341 360 344
364 365 361
366 341 339
367 368 364
369 370 371
369 371 372
373 367 366
374 373 338
374 338 354
367 373 375
367 375 368
376 373 374
377 378 379
377 379 380
381 377 380
382 374 354
382 354 353
383 376 374
383 374 382
384 385 386
387 382 353
388 383 382
388 382 387
385 384 389
385 389 390
391 392 393
391 393 394
395 396 397
373 376 386
384 386 376
384 376 383
389 384 383
389 383 388
390 389 392
390 392 391
392 389 388
392 388 398
387 355 395
387 395 397
387 397 398
387 398 388
373 386 375
399 381 385
390 400 399
390 399 385
391 401 400
391 400 390
394 402 401
394 401 391
337 354 338
337 336 354
336 351 354
403 404 405
403 405 406
407 408 404
407 404 403
409 410 411
409 411 412
406 405 409
406 409 412
387 353 355
333 348 349
333 349 334
350 347 357
350 357 413
359 414 413
359 413 357
415 416 417
415 417 418
419 420 421
396 398 397
422 423 230
422 230 222
424 422 222
424 222 221
425 424 221
425 221 224
426 425 224
426 224 227
427 426 227
427 227 229
334 427 229
334 229 61
428 429 430
429 431 432
429 432 433
431 434 435
431 435 432
434 436 435
436 437 438
436 438 439
438 437 440
438 440 441
441 440 349
441 349 350
428 430 442
230 423 443
436 439 435
423 422 431
423 431 429
422 424 434
422 434 431
424 425 436
424 436 434
437 436 425
437 425 426
426 427 440
426 440 437
443 423 429
443 429 428
444 442 445
442 444 446
447 438 441
447 441 448
448 449 450
448 450 447
451 452 453
451 453 454
447 455 439
447 439 438
447 450 456
447 456 455
454 453 457
454 457 458
455 459 435
455 435 439
455 456 460
455 460 459
461 462 463
461 463 464
459 465 466
459 466 435
459 460 467
459 467 465
464 463 468
464 468 469
433 432 466
433 466 470
471 445 433
471 433 470
472 473 474
472 474 475
476 471 470
477 478 479
477 479 480
479 481 480
482 444 445
482 445 471
483 482 471
483 471 476
484 481 485
486 444 482
487 486 482
487 482 483
485 488 489
485 489 484
470 481 476
484 483 476
484 476 481
489 487 483
489 483 484
488 490 491
488 491 489
487 489 491
487 491 492
486 493 494
486 494 446
492 493 486
492 486 487
470 495 481
496 485 497
488 485 496
488 496 498
490 488 498
490 498 499
429 433 445
429 445 430
430 445 442
500 501 502
500 502 503
504 505 506
504 506 507
501 505 504
501 504 502
486 446 444
427 334 349
427 349 440
350 413 448
350 448 441
449 448 413
449 413 414
418 508 452
481 495 480
467 477 480
467 480 495
460 509 477
460 477 467
456 458 509
456 509 460
450 454 458
449 451 454
414 415 451
414 451 449
414 359 510
414 510 415
359 358 510
358 362 511
360 358 356
479 512 497
479 497 481
478 513 512
478 512 479
463 514 515
463 515 516
457 517 518
457 518 519
386 380 375
368 375 380
368 380 379
520 521 372
520 372 371
362 365 522
362 522 523
511 362 523
511 523 524
510 511 524
510 524 416
416 415 510
510 358 511
367 364 363
360 363 364
360 364 361
361 358 360
453 525 517
453 517 457
452 508 525
452 525 453
415 452 451
418 452 415
381 380 386
366 367 363
366 363 341
366 339 338
366 338 373
435 466 432
470 466 465
364 368 365
490 526 527
490 527 491
494 493 528
526 490 499
526 499 529
530 500 503
530 503 531
532 533 534
528 493 492
535 536 537
538 537 536
539 540 541
539 541 542
540 543 544
540 544 541
545 546 547
545 547 548
549 542 541
549 541 550
551 544 552
548 547 553
548 553 554
555 549 550
555 550 556
551 552 557
554 553 558
554 558 559
555 560 561
562 563 564
559 558 565
559 565 566
563 567 560
568 567 569
568 569 535
570 567 563
570 563 562
567 571 569
566 565 572
566 572 573
572 574 573
535 569 575
535 575 536
569 571 576
569 576 575
577 578 579
575 580 536
575 576 581
575 581 580
582 583 584
582 584 585
586 587 588
586 588 589
590 591 592
571 567 579
571 579 578
571 578 576
581 576 578
581 578 593
594 582 585
594 585 595
596 597 581
596 581 593
591 538 580
591 580 592
580 581 597
580 597 592
579 567 570
579 574 577
598 599 600
598 600 577
601 602 588
601 588 603
602 604 589
602 589 588
536 580 538
540 539 605
540 605 606
543 540 606
543 606 607
546 545 608
546 608 609
610 611 612
597 590 592
613 614 615
616 617 618
619 620 621
619 621 622
622 621 623
622 623 624
621 620 625
621 625 626
621 626 627
621 627 623
626 625 628
626 628 629
629 628 630
629 630 631
632 633 630
632 630 634
632 615 635
632 635 633
636 637 631
636 631 633
635 638 633
639 640 641
639 641 642
643 644 645
615 614 646
615 646 635
635 646 647
635 647 638
643 648 649
614 650 646
646 650 651
646 651 647
652 653 654
652 654 655
643 633 638
638 647 648
638 648 643
648 647 651
648 651 656
657 658 653
657 653 652
651 659 660
651 660 656
661 662 650
661 650 663
659 651 650
659 650 662
636 633 643
643 649 664
665 649 666
665 666 667
668 669 670
668 670 671
663 650 614
622 672 673
622 673 619
672 622 624
672 624 674
675 676 677
636 643 645
645 678 637
645 637 636
679 680 674
679 674 624
607 608 681
607 681 543
544 543 681
552 544 682
544 550 541
664 683 644
664 644 643
684 685 640
684 640 639
573 579 570
573 570 562
573 562 566
566 562 557
566 557 559
608 545 681
544 681 682
564 563 556
564 556 550
564 550 551
544 551 550
677 680 679
677 676 680
573 574 579
560 555 556
560 556 563
560 567 568
560 568 561
630 628 634
630 633 631
562 564 557
686 687 670
686 670 688
662 661 689
671 670 687
671 687 690
691 692 693
662 689 659
694 695 696
694 696 697
698 699 700
698 700 701
702 701 700
702 700 703
704 705 706
704 706 707
708 709 710
708 710 711
712 708 711
712 711 713
714 712 713
714 713 715
714 715 716
714 716 717
704 718 719
704 719 705
720 721 722
720 722 723
707 724 725
707 725 726
727 728 729
727 729 730
731 732 729
731 729 728
733 734 735
733 735 736
737 738 739
737 739 740
741 742 743
741 743 744
745 744 743
745 743 746
747 748 749
747 749 750
751 752 753
751 753 754
738 755 756
738 756 757
758 759 760
758 760 761
762 758 761
762 761 763
764 765 766
764 766 767
759 768 769
759 769 760
385 381 386
497 485 481
577 574 598
664 649 665
770 771 772
586 773 587
774 775 776
777 686 688
778 100 103
778 103 779
779 411 410
779 410 778
780 781 263
780 263 262
781 780 507
781 507 506
782 783 784
782 784 785
786 787 783
786 783 782
788 787 789
790 788 789
790 789 791
792 793 790
792 790 791
794 793 792
795 796 797
795 797 798
799 800 784
799 801 800
801 802 803
787 799 783
787 804 799
805 802 801
805 801 804
788 806 804
807 806 788
807 788 790
808 807 790
808 790 793
797 809 808
797 808 793
796 810 809
796 809 797
811 809 810
811 810 812
813 808 809
813 809 811
813 814 807
813 807 808
814 815 806
814 806 807
815 816 805
815 805 806
805 816 802
812 817 818
812 818 811
811 818 819
811 819 813
813 819 820
813 820 814
814 820 821
814 821 815
822 816 815
822 815 821
818 823 824
818 824 819
819 824 825
819 825 820
820 825 826
801 803 827
787 788 804
821 820 826
822 821 826
828 829 830
828 830 831
789 787 786
804 806 805
832 830 829
832 829 833
832 833 834
832 834 835
836 829 828
836 828 837
825 824 832
830 832 824
830 824 823
830 823 838
830 838 831
817 838 823
817 823 818
839 840 833
829 836 839
833 840 841
833 841 834
832 835 825
839 833 829
797 793 794
797 794 798
785 784 842
785 842 843
799 784 783
784 844 842
784 800 844
800 845 844
800 801 827
799 804 801
800 827 845
846 847 848
846 848 849
849 850 851
849 851 846
852 853 850
854 855 853
854 853 852
856 855 854
856 854 857
858 856 857
795 859 860
795 860 796
861 848 862
861 862 863
863 864 865
850 849 861
850 861 866
867 866 863
867 863 865
852 866 868
869 854 852
869 852 868
870 857 854
870 854 869
870 871 860
870 860 857
871 810 796
871 796 860
872 812 810
872 810 871
873 872 871
873 871 870
869 874 873
869 873 870
868 875 874
868 874 869
867 876 875
867 875 868
867 865 876
812 872 877
812 877 817
872 873 878
872 878 877
873 874 879
873 879 878
874 875 880
874 880 879
875 876 881
875 881 880
877 878 882
877 882 883
878 879 884
878 884 882
879 885 884
863 886 864
850 866 852
880 885 879
881 885 880
828 831 887
828 887 888
853 851 850
866 867 868
888 887 889
888 889 890
889 891 892
889 892 890
828 888 893
828 893 837
884 889 882
882 889 887
882 887 883
887 831 838
887 838 883
817 877 883
817 883 838
894 890 895
888 894 893
896 895 890
896 890 892
889 884 891
894 888 890
860 859 858
860 858 857
847 897 898
847 898 848
861 849 848
848 898 899
848 899 862
862 899 900
862 886 863
861 863 866
862 900 886
901 902 903
901 903 904
904 905 906
904 906 901
907 906 905
907 905 908
909 907 908
909 908 910
911 909 910
911 910 912
913 911 912
913 912 914
915 916 917
915 917 918
918 919 920
918 920 915
921 922 923
921 923 924
925 923 922
925 922 926
927 928 929
927 929 930
927 930 931
927 931 932
932 931 933
932 933 934
935 934 933
935 933 936
937 935 936
937 936 938
928 925 926
928 926 929
937 938 939
901 940 902
904 903 941
941 942 905
941 905 904
943 940 901
943 901 906
942 944 908
942 908 905
945 943 906
945 906 907
944 946 910
944 910 908
947 945 907
947 907 909
946 948 912
946 912 910
949 947 909
949 909 911
948 950 914
948 914 912
951 949 911
951 911 913
952 917 914
952 914 950
953 916 915
953 915 954
955 919 918
955 918 956
957 954 915
957 915 920
958 921 919
958 919 955
959 924 923
959 923 960
961 962 926
961 926 922
960 923 925
960 925 963
964 965 930
964 930 929
966 967 928
966 928 927
965 968 931
965 931 930
969 966 927
969 927 932
968 970 933
968 933 931
971 969 932
971 932 934
970 972 936
970 936 933
934 935 971
972 973 938
972 938 936
963 925 928
963 928 967
962 964 929
962 929 926
938 973 939
974 975 976
974 976 977
975 974 978
975 978 979
979 978 980
979 980 981
981 980 982
981 982 983
983 982 984
983 984 985
985 984 986
985 986 987
988 989 990
988 990 991
989 988 992
989 992 993
994 995 996
994 996 997
995 994 998
995 998 999
1000 1001 1002
1000 1002 1003
1003 1002 1004
1003 1004 1005
1006 1005 1004
1006 1004 1007
1006 1007 1008
1006 1008 1009
1010 1011 1009
1010 1009 1008
1001 1000 999
1001 999 998
1010 1012 1011
975 1013 976
974 977 1014
1014 1015 978
1014 978 974
1016 1013 975
1016 975 979
1015 1017 980
1015 980 978
1018 1016 979
1018 979 981
1017 1019 982
1017 982 980
1020 1018 981
1020 981 983
1019 1021 984
1019 984 982
1022 1020 983
1022 983 985
1023 986 984
1023 984 1021
1024 1022 985
1024 985 987
1025 991 986
1025 986 1023
990 989 1026
990 1026 1027
1028 1029 992
1028 992 988
1030 1026 989
1030 989 993
1031 997 992
1031 992 1029
996 995 1032
996 1032 1033
1034 1035 998
1034 998 994
1032 995 999
1032 999 1036
1037 1038 1002
1037 1002 1001
1039 1000 1003
1039 1003 1040
1038 1041 1004
1038 1004 1002
1042 1040 1003
1042 1003 1005
1041 1043 1007
1041 1007 1004
1042 1005 1006
1042 1006 1044
1007 1043 1008
1045 1044 1006
1045 1006 1009
1046 1045 1009
1046 1009 1011
1036 999 1000
1036 1000 1039
1035 1037 1001
1035 1001 998
1011 1012 1046
914 917 916
914 916 913
918 917 952
918 952 956
913 916 953
913 953 951
991 990 987
991 987 986
1028 988 991
1028 991 1025
987 990 1027
987 1027 1024
997 996 993
997 993 992
994 997 1031
994 1031 1034
993 996 1033
993 1033 1030
919 921 924
919 924 920
921 958 961
921 961 922
920 924 959
920 959 957
895 896 1047
895 1047 1048
894 895 1048
894 1048 1049
893 894 1049
893 1049 1050
1050 1051 837
1050 837 893
840 1052 1053
840 1053 841
1052 840 839
1052 839 1054
1054 839 836
1054 836 1055
1055 836 837
1055 837 1051
1056 1057 1058
1056 1058 1059
1060 1061 1062
1060 1062 1063
1057 1056 1061
1057 1061 1060
1057 1060 1064
1057 1064 1065
1065 1066 1058
1065 1058 1057
1060 1063 1067
1060 1067 1064
1063 1062 1068
1063 1068 1069
1069 1068 1070
1071 1072 1073
1071 1073 1069
1074 1075 1072
1074 1072 1071
1067 1063 1069
1067 1069 1073
1076 1077 1078
1076 1078 1079
1080 1076 1079
1080 1079 1081
1082 1083 1084
1085 1082 1086
1085 1086 1087
1077 1088 1089
1077 1089 1078
1081 1090 1091
1081 1091 1080
1082 1085 1092
1082 1092 1093
1083 1082 1093
1083 1093 1094
1094 1093 1095
1094 1095 1096
1093 1092 1097
1093 1097 1095
1098 1088 1077
1098 1077 1099
1100 1064 1067
1100 1067 1101
1102 1103 1072
1102 1072 1075
1064 1100 1104
1064 1104 1065
1080 1105 1106
1080 1106 1076
1076 1106 1099
1076 1099 1077
1101 1067 1073
1101 1073 1107
1072 1103 1107
1072 1107 1073
1080 1091 1108
1080 1108 1105
1066 1065 1104
1066 1104 1109
1110 1111 1112
1113 1098 1099
1113 1099 1114
1115 1116 1117
1118 1119 1120
1118 1120 1121
1118 1122 1123
1118 1123 1124
1123 1125 1126
1123 1126 1124
1127 1128 1129
1127 1129 1130
1131 1132 1133
1115 1134 1135
1136 1137 1135
1138 1124 1126
1124 1138 1118
1113 1114 1139
1113 1139 1140
1135 1141 1136
1103 1130 1142
1103 1142 1107
1143 1144 1145
1146 1147 1148
1146 1148 1149
1130 1103 1102
1130 1102 1127
1111 1150 1151
1152 1153 1150
1115 1143 1134
1138 1154 1155
1156 1157 1158
1159 1101 1107
1159 1107 1142
1101 1159 1131
1101 1131 1100
1160 1144 1161
1161 1162 1163
1143 1161 1144
1143 1164 1161
1165 1166 1167
1165 1167 1112
1149 1143 1115
1149 1148 1168
1169 1160 1163
1169 1163 1170
1163 1171 1172
1163 1172 1170
1162 1168 1173
1162 1173 1174
1139 1175 1174
1139 1174 1173
1106 1176 1114
1106 1114 1099
1163 1162 1174
1163 1174 1171
1177 1171 1174
1177 1174 1175
1105 1178 1176
1105 1176 1106
1171 1177 1179
1171 1179 1172
1135 1180 1115
1181 1156 1158
1132 1182 1183
1132 1183 1184
1149 1168 1164
1185 1186 1187
1185 1187 1119
1130 1129 1187
1188 1189 1190
1135 1134 1191
1192 1142 1187
1190 1186 1155
1190 1155 1188
1188 1155 1181
1138 1185 1118
1095 1167 1166
1095 1166 1096
1178 1105 1108
1178 1108 1193
1194 1195 1133
1194 1133 1132
1196 1197 1184
1167 1095 1097
1167 1097 1198
1133 1104 1100
1133 1100 1131
1182 1131 1199
1133 1195 1109
1133 1109 1104
1142 1192 1159
1111 1200 1150
1154 1201 1155
1138 1126 1154
1152 1200 1202
1152 1202 1203
1071 1070 1204
1071 1204 1074
1069 1070 1071
1205 1206 1081
1205 1081 1079
1207 1205 1079
1207 1079 1078
1078 1089 1208
1078 1208 1207
1082 1084 1086
1086 1084 1209
1090 1081 1206
1090 1206 1210
1135 1191 1141
1155 1201 1181
1187 1142 1130
1143 1145 1134
1084 1210 1211
1084 1211 1209
1094 1091 1090
1094 1090 1083
1096 1108 1091
1096 1091 1094
1153 1169 1170
1153 1170 1150
1170 1172 1151
1170 1151 1150
1172 1179 1165
1172 1165 1151
1193 1108 1096
1193 1096 1166
1083 1090 1210
1083 1210 1084
1140 1139 1173
1140 1173 1212
1176 1175 1139
1176 1139 1114
1178 1177 1175
1178 1175 1176
1193 1179 1177
1193 1177 1178
1166 1165 1179
1166 1179 1193
1151 1165 1112
1151 1112 1111
1198 1112 1167
1168 1148 1173
1148 1147 1212
1149 1164 1143
1161 1164 1168
1161 1168 1162
1161 1163 1160
1137 1180 1135
1116 1115 1180
1160 1169 1213
1160 1213 1214
1125 1215 1216
1125 1216 1126
1217 1134 1145
1217 1145 1218
1219 1153 1152
1219 1152 1220
1144 1160 1214
1144 1214 1221
1222 1156 1181
1222 1181 1223
1196 1224 1225
1196 1225 1226
1191 1227 1228
1191 1228 1141
1197 1196 1226
1197 1226 1229
1181 1201 1230
1181 1230 1223
1126 1216 1231
1126 1231 1154
1157 1232 1225
1157 1225 1224
1220 1152 1203
1220 1203 1233
1134 1217 1227
1134 1227 1191
1154 1231 1230
1154 1230 1201
1218 1145 1144
1218 1144 1221
1169 1153 1219
1169 1219 1213
1234 1235 1236
1234 1236 1237
1238 1239 1240
1238 1240 1241
1242 1243 1244
1242 1244 1245
1246 1247 1248
1246 1248 1249
1250 1251 1235
1250 1235 1234
1244 1239 1245
1249 1248 1251
1249 1251 1250
1240 1252 1253
1240 1253 1241
1254 1247 1246
1252 1255 1253
1189 1158 1183
1189 1183 1182
1196 1184 1183
1196 1183 1224
1194 1132 1184
1194 1184 1256
1110 1202 1200
1110 1200 1111
1150 1200 1152
1188 1158 1189
1181 1158 1188
1138 1155 1186
1138 1186 1185
1192 1187 1186
1192 1186 1190
1118 1185 1119
1192 1199 1159
1190 1199 1192
1132 1131 1182
1182 1199 1189
1199 1131 1159
1190 1189 1199
1110 1112 1198
1255 1257 1258
1255 1258 1259
1237 1260 1261
1237 1261 1234
1238 1241 1262
1238 1262 1263
1264 1265 1266
1264 1266 1267
1253 1255 1259
1253 1259 1268
1246 1269 1270
1246 1270 1254
1271 1272 1273
1271 1273 1274
1245 1275 1276
1245 1276 1242
1277 1278 1274
1277 1274 1273
1246 1249 1279
1246 1279 1269
1234 1261 1280
1234 1280 1250
1254 1270 1281
1254 1281 1282
1265 1283 1284
1265 1284 1266
1238 1263 1275
1238 1275 1245
1249 1250 1280
1249 1280 1279
1241 1253 1268
1241 1268 1262
1257 1264 1267
1257 1267 1258
1235 1216 1215
1235 1215 1236
1239 1217 1218
1239 1218 1240
1243 1228 1227
1243 1227 1244
1247 1223 1230
1247 1230 1248
1251 1231 1216
1251 1216 1235
1244 1227 1217
1244 1217 1239
1248 1230 1231
1248 1231 1251
1218 1221 1252
1218 1252 1240
1214 1213 1285
1214 1285 1286
1219 1220 1287
1219 1287 1288
1289 1226 1225
1289 1225 1290
1291 1292 1229
1291 1229 1293
1290 1225 1232
1290 1232 1294
1295 1287 1220
1295 1220 1233
1213 1219 1288
1213 1288 1285
1221 1214 1252
1252 1214 1286
1222 1223 1247
1222 1247 1296
1257 1255 1286
1257 1286 1285
1265 1264 1288
1265 1288 1287
1274 1289 1290
1274 1290 1271
1297 1298 1299
1297 1299 1300
1271 1290 1294
1271 1294 1282
1301 1302 1303
1301 1303 1304
1264 1257 1285
1264 1285 1288
1296 1247 1254
1252 1286 1255
1187 1129 1119
1119 1129 1128
1119 1128 1120
1282 1281 1272
1282 1272 1271
1282 1294 1296
1282 1296 1254
1294 1232 1222
1294 1222 1296
1232 1157 1156
1232 1156 1222
1158 1157 1183
1183 1157 1224
1292 1305 1197
1292 1197 1229
1278 1277 1306
1278 1306 1307
1226 1289 1293
1226 1293 1229
1289 1274 1278
1289 1278 1293
1184 1197 1256
1256 1197 1305
1245 1239 1238
1173 1148 1212
1118 1121 1308
1118 1308 1122
1137 1116 1180
1115 1117 1149
1309 1116 1137
1310 1311 1312
1310 1312 1313
1314 1315 1316
1314 1316 1317
1313 1314 1317
1313 1317 1310
1318 1314 1313
1318 1313 1319
1319 1313 1312
1319 1312 1320
1321 1315 1314
1321 1314 1318
1315 1322 1323
1315 1323 1316
1322 1324 1323
1325 1322 1326
1325 1326 1327
1327 1328 1329
1327 1329 1325
1321 1326 1322
1321 1322 1315
1330 1331 1332
1330 1332 1333
1334 1335 1331
1334 1331 1330
1336 1337 1338
1339 1336 1340
1339 1340 1341
1089 1088 1333
1089 1333 1332
1335 1334 1342
1335 1342 1343
1344 1340 1336
1344 1336 1345
1338 1346 1345
1338 1345 1336
1346 1347 1348
1346 1348 1345
1345 1348 1349
1345 1349 1344
1098 1350 1333
1098 1333 1088
1321 1318 1351
1321 1351 1352
1327 1353 1354
1327 1354 1328
1355 1351 1318
1355 1318 1319
1356 1357 1334
1356 1334 1330
1350 1356 1330
1350 1330 1333
1352 1358 1326
1352 1326 1321
1327 1326 1358
1327 1358 1353
1334 1357 1359
1334 1359 1342
1355 1319 1320
1355 1320 1360
1361 1362 1363
1113 1364 1350
1113 1350 1098
1365 1117 1116
1366 1367 1368
1366 1368 1369
1370 1371 1366
1370 1366 1372
1373 1374 1370
1373 1370 1372
1375 1376 1377
1375 1377 1378
1379 1380 1381
1365 1382 1383
1384 1382 1385
1386 1373 1372
1372 1366 1386
1113 1140 1387
1113 1387 1364
1382 1384 1388
1389 1376 1353
1389 1353 1358
1390 1391 1392
1146 1393 1394
1146 1394 1147
1376 1375 1354
1376 1354 1353
1363 1395 1396
1397 1396 1398
1365 1383 1390
1386 1399 1400
1401 1402 1403
1358 1352 1404
1358 1404 1389
1352 1351 1379
1352 1379 1404
1405 1406 1392
1406 1407 1408
1390 1392 1406
1390 1406 1409
1410 1362 1411
1410 1411 1412
1393 1365 1390
1393 1413 1394
1414 1415 1407
1414 1407 1405
1407 1415 1416
1407 1416 1417
1408 1418 1419
1408 1419 1413
1418 1420 1387
1418 1387 1419
1364 1421 1356
1364 1356 1350
1407 1417 1418
1407 1418 1408
1422 1420 1418
1422 1418 1417
1421 1423 1357
1421 1357 1356
1417 1416 1424
1417 1424 1422
1382 1365 1425
1426 1402 1401
1393 1146 1117
1427 1428 1381
1427 1381 1429
1393 1409 1413
1430 1431 1432
1430 1432 1369
1376 1430 1377
1433 1434 1435
1382 1436 1383
1437 1430 1389
1399 1431 1434
1399 1434 1433
1433 1426 1399
1386 1366 1432
1412 1411 1348
1412 1348 1347
1423 1438 1359
1423 1359 1357
1380 1439 1440
1380 1440 1381
1441 1429 1442
1349 1348 1411
1349 1411 1443
1380 1379 1351
1380 1351 1355
1428 1444 1379
1360 1439 1380
1360 1380 1355
1389 1404 1437
1363 1396 1445
1400 1399 1446
1386 1400 1373
1397 1447 1448
1397 1448 1445
1325 1329 1449
1325 1449 1324
1322 1325 1324
1335 1450 1451
1335 1451 1331
1331 1451 1452
1331 1452 1332
1332 1452 1208
1332 1208 1089
1336 1339 1337
1339 1453 1337
1450 1335 1343
1450 1343 1454
1382 1388 1436
1399 1426 1446
1430 1376 1389
1390 1383 1391
1337 1453 1455
1337 1455 1454
1346 1338 1343
1346 1343 1342
1347 1346 1342
1347 1342 1359
1415 1414 1398
1415 1398 1396
1415 1396 1395
1415 1395 1416
1416 1395 1410
1416 1410 1424
1438 1412 1347
1438 1347 1359
1338 1337 1454
1338 1454 1343
1140 1212 1419
1140 1419 1387
1387 1420 1421
1387 1421 1364
1423 1421 1420
1423 1420 1422
1438 1423 1422
1438 1422 1424
1412 1438 1424
1412 1424 1410
1395 1363 1362
1395 1362 1410
1443 1411 1362
1413 1419 1394
1394 1212 1147
1393 1390 1409
1406 1408 1413
1406 1413 1409
1406 1405 1407
1385 1382 1425
1425 1365 1116
1405 1456 1457
1405 1457 1414
1374 1373 1458
1374 1458 1459
1391 1383 1460
1391 1460 1461
1397 1398 1462
1397 1462 1463
1392 1464 1456
1392 1456 1405
1426 1401 1465
1426 1465 1466
1467 1468 1441
1467 1441 1469
1436 1388 1470
1436 1470 1471
1469 1441 1442
1469 1442 1472
1473 1446 1426
1473 1426 1466
1373 1400 1474
1373 1474 1458
1403 1468 1467
1403 1467 1475
1447 1397 1463
1447 1463 1476
1383 1436 1471
1383 1471 1460
1400 1446 1473
1400 1473 1474
1392 1391 1461
1392 1461 1464
1414 1457 1462
1414 1462 1398
1477 1478 1479
1477 1479 1480
1481 1482 1483
1481 1483 1484
1485 1486 1487
1485 1487 1488
1489 1490 1491
1489 1491 1492
1493 1477 1480
1493 1480 1494
1487 1486 1484
1490 1493 1494
1490 1494 1491
1483 1482 1495
1483 1495 1496
1497 1489 1492
1496 1495 1498
1435 1428 1427
1435 1427 1402
1441 1468 1427
1441 1427 1429
1429 1381 1440
1429 1440 1499
1361 1363 1445
1361 1445 1448
1396 1397 1445
1433 1435 1402
1426 1433 1402
1431 1399 1386
1431 1386 1432
1431 1430 1437
1431 1437 1434
1366 1369 1432
1437 1404 1444
1434 1437 1444
1381 1428 1379
1428 1435 1444
1444 1404 1379
1434 1444 1435
1361 1443 1362
1500 1501 1498
1500 1498 1502
1478 1477 1503
1478 1503 1504
1505 1482 1481
1505 1481 1506
1507 1508 1509
1507 1509 1510
1502 1498 1495
1502 1495 1511
1489 1497 1512
1489 1512 1513
1514 1515 1516
1514 1516 1517
1486 1485 1518
1486 1518 1519
1515 1520 1521
1515 1521 1516
1522 1490 1489
1522 1489 1513
1477 1493 1523
1477 1523 1503
1497 1524 1525
1497 1525 1512
1526 1527 1508
1526 1508 1507
1481 1486 1519
1481 1519 1506
1523 1493 1490
1523 1490 1522
1511 1495 1482
1511 1482 1505
1510 1509 1501
1510 1501 1500
1480 1479 1459
1480 1459 1458
1484 1483 1461
1484 1461 1460
1488 1487 1471
1488 1471 1470
1492 1491 1473
1492 1473 1466
1494 1480 1458
1494 1458 1474
1487 1484 1460
1487 1460 1471
1491 1494 1474
1491 1474 1473
1461 1483 1496
1461 1496 1464
1456 1528 1529
1456 1529 1457
1462 1530 1531
1462 1531 1463
1532 1533 1467
1532 1467 1469
1534 1535 1472
1534 1472 1536
1533 1537 1475
1533 1475 1467
1463 1531 1538
1463 1538 1476
1457 1529 1530
1457 1530 1462
1464 1496 1456
1496 1528 1456
1465 1492 1466
1465 1539 1492
1528 1498 1501
1528 1501 1529
1530 1509 1508
1530 1508 1531
1515 1514 1533
1515 1533 1532
1540 1541 1542
1540 1542 1543
1514 1524 1537
1514 1537 1533
1544 1545 1546
1544 1546 1547
1529 1501 1509
1529 1509 1530
1539 1497 1492
1496 1498 1528
1430 1369 1377
1369 1368 1378
1369 1378 1377
1524 1514 1517
1524 1517 1525
1524 1497 1539
1524 1539 1537
1537 1539 1465
1537 1465 1475
1475 1465 1401
1475 1401 1403
1402 1427 1403
1427 1468 1403
1442 1548 1536
1442 1536 1472
1520 1549 1550
1520 1550 1521
1535 1532 1469
1535 1469 1472
1520 1515 1532
1520 1532 1535
1429 1499 1442
1499 1548 1442
1486 1481 1484
1419 1212 1394
1551 1367 1366
1551 1366 1371
1116 1385 1425
1117 1365 1393
1309 1385 1116
1117 1146 1149
1552 1553 1554
1554 1555 1556
1557 1558 1559
1557 1559 1560
1561 1562 1563
1561 1563 1564
1565 1566 1558
1565 1558 1557
1567 1568 1569
1567 1569 1570
1570 1571 1572
1573 1574 1575
1573 1575 1576
1577 1578 1579
1577 1579 1580
1580 1581 1582
1557 1560 1583
1557 1583 1584
1585 1564 1563
1585 1563 1586
1587 1565 1557
1587 1557 1584
1588 1573 1576
1588 1576 1589
1576 1563 1562
1576 1562 1589
1586 1563 1576
1586 1576 1575
1570 1572 1590
1570 1590 1591
1580 1579 1581
1554 1556 1592
1556 1555 1593
1554 1553 1555
1555 1553 1594
1564 1560 1559
1564 1559 1561
1583 1560 1564
1583 1564 1585
1595 1596 1597
1595 1597 1598
1599 1600 1601
1599 1601 1602
1603 1604 1605
1603 1605 1606
1607 1599 1602
1607 1602 1608
1609 1610 1611
1612 1613 1614
1612 1614 1615
1616 1617 1618
1616 1618 1619
1620 1621 1622
1620 1622 1623
1624 1616 1619
1624 1619 1625
1626 1627 1628
1629 1630 1631
1629 1631 1603
1632 1633 1634
1632 1634 1635
1629 1636 1637
1638 1632 1635
1638 1635 1639
1640 1641 1642
1640 1642 1643
1644 1645 1646
1644 1646 1613
1647 1641 1648
1647 1648 1627
1649 1650 1645
1649 1645 1644
1611 1636 1606
1628 1648 1621
1598 1597 1630
1598 1630 1629
1602 1601 1633
1602 1633 1632
1603 1606 1636
1603 1636 1629
1608 1602 1632
1608 1632 1638
1641 1647 1614
1641 1614 1642
1645 1619 1618
1645 1618 1646
1640 1622 1641
1650 1625 1619
1650 1619 1645
1603 1631 1651
1603 1651 1604
1652 1635 1634
1652 1634 1653
1598 1637 1654
1598 1654 1595
1655 1639 1635
1655 1635 1652
1656 1640 1643
1656 1643 1657
1658 1644 1613
1658 1613 1612
1647 1627 1626
1647 1626 1659
1660 1649 1644
1660 1644 1658
1611 1610 1636
1628 1627 1648
1611 1606 1605
1628 1621 1620
1597 1661 1634
1615 1614 1647
1615 1647 1659
1601 1631 1630
1601 1630 1633
1643 1642 1646
1643 1646 1618
1633 1630 1597
1633 1597 1634
1642 1614 1613
1642 1613 1646
1600 1651 1631
1600 1631 1601
1662 1643 1618
1623 1622 1640
1623 1640 1656
1609 1654 1637
1609 1637 1610
1629 1637 1598
1637 1636 1610
1641 1622 1648
1648 1622 1621
1597 1596 1661
1657 1643 1662
1634 1661 1653
1662 1618 1617
1663 1664 1665
1663 1665 1666
1667 1668 1669
1667 1669 1670
1671 1672 1673
1671 1673 1674
1675 1676 1668
1675 1668 1667
1677 1678 1679
1680 1681 1682
1680 1682 1683
1684 1685 1686
1684 1686 1687
1688 1689 1690
1688 1690 1691
1687 1686 1692
1687 1692 1693
1694 1695 1696
1697 1673 1698
1697 1698 1699
1700 1701 1702
1700 1702 1703
1697 1704 1705
1706 1707 1701
1706 1701 1700
1708 1709 1710
1708 1710 1711
1712 1713 1714
1712 1714 1683
1715 1709 1716
1715 1716 1696
1713 1717 1718
1713 1718 1714
1678 1674 1705
1695 1691 1715
1664 1697 1699
1664 1699 1665
1668 1700 1703
1668 1703 1669
1673 1697 1705
1673 1705 1674
1676 1706 1700
1676 1700 1668
1682 1716 1709
1682 1709 1708
1684 1687 1713
1684 1713 1712
1710 1709 1690
1687 1693 1717
1687 1717 1713
1673 1672 1719
1673 1719 1698
1702 1701 1720
1702 1720 1721
1664 1663 1722
1664 1722 1704
1701 1707 1723
1701 1723 1720
1711 1710 1724
1711 1724 1725
1683 1714 1726
1683 1726 1680
1716 1727 1694
1716 1694 1696
1714 1718 1728
1714 1728 1726
1678 1705 1679
1695 1715 1696
1678 1671 1674
1695 1688 1691
1665 1702 1729
1681 1727 1716
1681 1716 1682
1699 1698 1669
1699 1669 1703
1711 1684 1712
1711 1712 1708
1665 1699 1703
1665 1703 1702
1708 1712 1683
1708 1683 1682
1698 1719 1670
1698 1670 1669
1730 1684 1711
1689 1724 1710
1689 1710 1690
1704 1722 1677
1704 1677 1679
1697 1664 1704
1704 1679 1705
1709 1715 1690
1715 1691 1690
1665 1729 1666
1725 1730 1711
1702 1721 1729
1730 1685 1684
1731 1732 1733
1731 1733 1734
1735 1736 1737
1735 1737 1738
1739 1740 1741
1742 1743 1744
1742 1744 1745
1746 1747 1748
1746 1748 1749
1750 1734 1733
1750 1733 1751
1752 1753 1754
1755 1756 1757
1755 1757 1758
1759 1760 1761
1759 1761 1762
1752 1763 1764
1752 1764 1765
1766 1767 1768
1766 1768 1754
1769 1770 1745
1771 1753 1765
1772 1773 1761
1772 1761 1760
1774 1749 1748
1774 1748 1775
1776 1769 1755
1777 1778 1753
1777 1753 1737
1779 1762 1761
1779 1761 1741
1780 1781 1748
1780 1748 1747
1782 1755 1758
1782 1758 1783
1754 1768 1763
1754 1763 1752
1756 1745 1744
1756 1744 1757
1784 1765 1764
1784 1764 1785
1754 1778 1766
1776 1755 1782
1745 1770 1742
1771 1765 1784
1769 1733 1732
1769 1732 1770
1738 1737 1753
1738 1753 1771
1786 1741 1761
1786 1761 1773
1751 1733 1769
1751 1769 1776
1787 1775 1748
1787 1748 1781
1774 1775 1788
1789 1777 1737
1789 1737 1736
1779 1741 1740
1754 1753 1778
1769 1745 1756
1765 1753 1752
1755 1769 1756
1790 1775 1787
1788 1775 1790
1739 1741 1786
1791 1792 1793
1791 1793 1794
1795 1796 1797
1795 1797 1798
1799 1800 1801
1802 1803 1804
1802 1804 1805
1806 1807 1808
1806 1808 1809
1810 1811 1812
1810 1812 1813
1793 1792 1814
1793 1814 1815
1816 1817 1818
1819 1820 1821
1819 1821 1822
1813 1812 1823
1813 1823 1824
1825 1826 1827
1825 1827 1828
1829 1830 1816
1829 1816 1831
1832 1833 1834
1832 1834 1817
1835 1803 1836
1837 1831 1818
1825 1838 1839
1825 1839 1826
1808 1807 1840
1808 1840 1841
1842 1821 1835
1818 1843 1844
1818 1844 1797
1825 1828 1845
1825 1845 1800
1808 1846 1847
1808 1847 1809
1822 1821 1848
1822 1848 1849
1817 1816 1830
1817 1830 1832
1804 1803 1820
1804 1820 1819
1829 1831 1850
1829 1850 1851
1817 1834 1843
1842 1848 1821
1803 1802 1836
1837 1850 1831
1794 1793 1835
1794 1835 1836
1796 1837 1818
1796 1818 1797
1852 1838 1825
1852 1825 1800
1815 1842 1835
1815 1835 1793
1853 1846 1808
1853 1808 1841
1840 1854 1841
1797 1844 1855
1797 1855 1798
1845 1801 1800
1817 1843 1818
1835 1820 1803
1831 1816 1818
1821 1820 1835
1856 1853 1841
1854 1856 1841
1799 1852 1800
1857 1858 1859
1857 1859 1860
1861 1862 1863
1864 1865 1866
1864 1866 1861
1865 1864 1859
1865 1859 1858
1867 1868 1869
1867 1869 1870
1871 1872 1873
1871 1873 1874
1875 1876 1877
1875 1877 1878
1860 1878 1877
1860 1877 1857
1879 1880 1881
1879 1881 1882
1883 1884 1879
1883 1879 1882
1885 1886 1887
1885 1887 1888
1888 1889 1890
1891 1892 1893
1894 1895 1896
1894 1896 1897
1896 1898 1899
1895 1900 1901
1895 1901 1896
1902 1903 1904
1902 1904 1905
1906 1907 1908
1906 1908 1909
1910 1911 1912
1910 1912 1913
1914 1915 1905
1914 1905 1904
1916 1917 1911
1916 1911 1910
1918 1911 1917
1918 1917 1919
1918 1920 1912
1918 1912 1911
1921 1877 1876
1921 1876 1922
1923 1924 1925
1923 1925 1926
1927 1928 1907
1927 1907 1906
1929 1930 1931
1929 1931 1932
1926 1933 1934
1926 1934 1922
1935 1882 1881
1928 1927 1857
1936 1927 1920
1900 1886 1885
1900 1885 1901
1928 1877 1921
1937 1938 1932
1937 1932 1931
1930 1939 1940
1930 1940 1931
1940 1941 1937
1940 1937 1931
1907 1928 1921
1907 1921 1942
1907 1942 1943
1907 1943 1908
1944 1939 1930
1944 1930 1945
1946 1929 1903
1946 1903 1947
1948 1947 1903
1948 1903 1902
1913 1912 1906
1913 1906 1909
1906 1912 1920
1906 1920 1927
1949 1925 1924
1949 1924 1950
1924 1923 1951
1924 1951 1952
1953 1954 1955
1956 1957 1958
1934 1921 1922
1959 1960 1943
1952 1961 1950
1952 1950 1924
1923 1876 1875
1923 1875 1951
1923 1926 1922
1923 1922 1876
1905 1910 1913
1905 1913 1902
1962 1963 1964
1902 1913 1909
1902 1909 1948
1909 1908 1965
1909 1965 1948
1908 1943 1966
1908 1966 1965
1938 1914 1904
1938 1904 1932
1932 1904 1903
1932 1903 1929
1873 1967 1968
1873 1968 1874
1872 1871 1870
1872 1870 1869
1881 1866 1936
1880 1862 1866
1880 1866 1881
1936 1920 1918
1936 1918 1935
1910 1905 1915
1910 1915 1916
1883 1882 1969
1883 1969 1970
1971 1972 1890
1973 1967 1894
1973 1894 1974
1975 1898 1896
1975 1896 1901
1976 1890 1972
1977 1978 1979
1962 1980 1981
1962 1981 1963
1977 1953 1964
1977 1964 1963
1982 1933 1983
1982 1983 1984
1926 1925 1933
1985 1986 1983
1985 1983 1949
1942 1921 1959
1978 1981 1987
1978 1987 1988
1989 1990 1991
1989 1991 1992
1993 1994 1995
1993 1995 1996
1997 1998 1999
1997 1999 2000
2001 2002 2003
2001 2003 1999
1998 1997 2004
1998 2004 2005
2006 2007 2008
2006 2008 2009
2009 2008 2010
2009 2010 2011
2012 2013 2014
2012 2014 2015
2016 2011 2017
2016 2017 2018
2019 2017 2011
2019 2011 2010
1992 1991 2017
1992 2017 2019
2020 2017 1991
2021 2022 1990
2021 1990 1989
2006 2023 2024
2006 2024 2007
2025 2026 2027
2025 2027 2028
2003 2002 1996
2029 2030 2031
2029 2031 2032
2033 2034 2035
2033 2035 2036
2030 2037 2038
2030 2038 2039
2037 2040 2041
2037 2041 2038
2023 2042 2043
2023 2043 2024
2044 2045 2046
2044 2046 2047
2048 1993 1996
2048 1996 2018
2049 2050 2006
2049 2006 2009
2016 2049 2009
2016 2009 2011
2000 2003 2051
1996 2002 2016
1996 2016 2018
2002 2001 2016
2001 2052 2050
2001 2050 2049
1999 1998 2052
1999 2052 2001
2029 2032 2050
2029 2050 2052
2053 2054 2044
2053 2044 2047
2003 1995 2055
2003 2055 2051
1994 2056 2055
1994 2055 1995
2023 2006 2050
2023 2050 2032
1998 2005 2029
1998 2029 2052
1994 1993 2057
1994 2057 2056
1993 2048 2058
1993 2058 2057
2058 2048 2054
2058 2054 2053
2041 2059 2034
2041 2034 2038
2043 2042 2013
2043 2013 2012
2005 2037 2030
2005 2030 2029
2040 2037 2005
2040 2005 2004
2060 2061 2062
2060 2062 2063
2064 2065 2022
2064 2022 2021
2015 2014 2061
2015 2061 2060
2031 2030 2039
2031 2039 2066
2054 2067 2044
1990 2022 2027
1990 2027 2067
2068 2062 2061
2068 2061 2069
2069 2061 2014
2069 2014 2070
2070 2014 2013
2070 2013 2066
2028 2027 2022
2028 2022 2065
2067 2027 2045
2067 2045 2044
2068 2069 2036
2068 2036 2071
2036 2069 2070
2036 2070 2033
2033 2070 2066
2033 2066 2039
2042 2023 2032
2042 2032 2031
2042 2031 2066
2042 2066 2013
1991 1990 2067
1991 2067 2020
1949 1950 2072
1949 2072 1985
2072 1950 1961
2072 1961 2073
2048 2020 2054
2074 2075 1975
2074 1975 1976
2076 2074 1972
1962 1898 2077
1962 2077 1980
1988 2078 1978
1953 1979 2079
2080 2035 2081
1916 1970 1917
1890 1976 1885
1976 1975 1901
1975 2075 2077
1975 2077 1898
2082 1985 2072
1983 1986 1984
1985 2082 2083
1985 2083 1986
1974 1894 1897
1974 1897 1955
1868 1886 1869
1886 1900 1872
1886 1872 1869
1900 1895 1873
1900 1873 1872
1895 1894 1967
1895 1967 1873
2026 2045 2027
2084 1892 1891
2084 1891 1957
2039 2038 2034
2039 2034 2033
2059 2081 2035
2059 2035 2034
1955 1954 1974
1899 1964 1955
1899 1955 1897
2085 2084 1973
2085 1892 2084
1918 1919 1969
1918 1969 1935
1969 1919 1917
1969 1917 1970
1946 1945 1930
1946 1930 1929
1933 2086 1934
1943 1960 2087
1943 2087 1966
1965 1966 2088
1948 1965 2088
1948 2088 1947
2089 1946 1947
2089 1947 2088
1945 2090 1944
1892 2085 2091
1899 1962 1964
1936 1865 1858
1936 1858 1927
1927 1858 1857
1928 1857 1877
2048 2018 2020
2020 2018 2017
1956 1968 1973
1953 1977 1979
1897 1896 1899
1898 1962 1899
1963 1978 1977
1892 2091 2092
1953 1955 1964
1954 2091 2085
1890 1885 1888
1935 1969 1882
1936 1935 1881
1959 1934 2093
1945 2089 2090
1945 1946 2089
2094 2072 2073
2095 2026 2025
2095 2025 2096
2046 2045 2026
2046 2026 2095
2082 2072 2094
2035 2071 2036
1957 1956 2084
1973 2084 1956
1973 1968 1967
1959 1943 1942
2085 1973 1974
1974 1954 2085
1887 1886 1868
1861 1866 1862
2054 2020 2067
1936 1866 1865
1971 1890 1889
1976 1901 1885
2016 2001 2049
2003 1996 1995
1959 1921 1934
2000 1999 2003
2080 2071 2035
2097 2075 2074
2097 2074 2076
2077 2075 2097
2077 2097 2098
1980 2077 2098
1980 2098 2099
1981 1980 2099
1981 2099 1987
1963 1981 1978
1972 2074 1976
2100 2101 2102
2100 2102 2103
2104 2105 2106
2107 2108 2109
2107 2109 2110
2111 2112 2113
2114 2115 2116
2117 2118 2119
2120 2121 2122
2120 2122 2123
2124 2122 2121
2124 2121 2125
2104 2126 2127
2104 2127 2105
2128 2129 2130
2128 2130 2131
2132 2133 2134
2132 2134 2135
2136 2137 2138
2136 2138 2139
2140 2141 2129
2140 2129 2128
2142 2143 2144
2142 2144 2145
2146 2147 2148
2146 2148 2149
2137 2150 2151
2137 2151 2138
2134 2152 2153
2134 2153 2154
2155 2156 2157
2158 2159 2160
2158 2160 2161
2162 2163 2164
2162 2164 2165
2166 2167 2168
2166 2168 2169
2170 2171 2172
2170 2172 2173
2174 2175 2141
2174 2141 2140
2145 2144 2176
2145 2176 2177
2178 2179 2147
2178 2147 2146
2180 2181 2182
2150 2173 2172
2150 2172 2151
2153 2183 2168
2153 2168 2154
2165 2184 2185
2165 2185 2162
2157 2186 2187
2188 2189 2190
2191 2192 2193
2191 2193 2194
2189 2195 2196
2189 2196 2197
2198 2199 2200
2198 2200 2201
2202 2203 2204
2202 2204 2205
2206 2207 2208
2206 2208 2209
2210 2211 2212
2213 2214 2215
2213 2215 2216
2217 2218 2219
2217 2219 2220
2221 2222 2223
2194 2193 2224
2194 2224 2225
2197 2196 2226
2197 2226 2221
2227 2228 2229
2230 2231 2200
2230 2200 2199
2232 2233 2234
2232 2234 2205
2235 2236 2237
2235 2237 2238
2159 2218 2217
2159 2217 2239
2240 2241 2242
2240 2242 2243
2244 2245 2246
2247 2248 2249
2250 2251 2241
2250 2241 2240
2244 2252 2253
2244 2253 2245
2254 2255 2256
2257 2258 2259
2257 2259 2260
2261 2262 2263
2261 2263 2264
2185 2184 2265
2185 2265 2266
2267 2268 2269
2267 2269 2270
2186 2271 2187
2272 2273 2274
2272 2274 2275
2276 2277 2278
2276 2278 2279
2280 2281 2251
2280 2251 2250
2282 2283 2253
2282 2253 2252
2284 2285 2286
2284 2286 2287
2288 2289 2290
2279 2278 2259
2279 2259 2258
2275 2274 2264
2275 2264 2291
2292 2293 2294
2292 2294 2295
2296 2297 2298
2296 2298 2292
2299 2300 2268
2299 2268 2267
2295 2301 2302
2295 2302 2292
2303 2304 2305
2303 2305 2306
2307 2308 2309
2307 2309 2310
2311 2312 2313
2311 2313 2314
2315 2316 2317
2315 2317 2318
2319 2320 2321
2322 2307 2310
2322 2310 2323
2324 2325 2303
2324 2303 2326
2327 2328 2329
2327 2329 2330
2331 2297 2296
2331 2296 2329
2332 2333 2334
2332 2334 2335
2336 2337 2338
2336 2338 2339
2340 2341 2342
2340 2342 2343
2344 2345 2346
2344 2346 2347
2348 2349 2312
2348 2312 2311
2350 2351 2316
2350 2316 2315
2352 2353 2354
2355 2334 2322
2355 2322 2346
2356 2343 2342
2356 2342 2326
2357 2327 2330
2357 2330 2358
2335 2334 2355
2335 2355 2359
2360 2361 2338
2360 2338 2362
2363 2364 2302
2363 2302 2365
2366 2367 2368
2366 2368 2369
2370 2371 2372
2370 2372 2373
2374 2375 2376
2374 2376 2377
2378 2379 2380
2378 2380 2381
2382 2383 2384
2382 2384 2385
2386 2387 2388
2382 2389 2390
2382 2390 2383
2391 2392 2393
2391 2393 2394
2395 2372 2371
2395 2371 2396
2397 2398 2377
2397 2377 2376
2399 2400 2401
2399 2401 2402
2387 2386 2403
2404 2405 2406
2404 2406 2407
2239 2408 2409
2410 2411 2412
2410 2412 2413
2106 2414 2104
2415 2416 2417
2415 2417 2418
2419 2420 2421
2195 2422 2423
2195 2423 2424
2425 2196 2195
2425 2195 2424
2226 2426 2427
2226 2427 2428
2425 2426 2226
2425 2226 2196
2429 2430 2431
2429 2431 2432
2433 2434 2435
2433 2435 2436
2247 2437 2438
2247 2438 2439
2440 2287 2247
2440 2247 2439
2441 2300 2299
2441 2299 2442
2440 2443 2284
2440 2284 2287
2333 2332 2444
2333 2444 2445
2446 2315 2318
2446 2318 2447
2448 2359 2355
2448 2355 2449
2446 2450 2350
2446 2350 2315
2451 2452 2453
2451 2453 2454
2324 2451 2454
2324 2454 2455
2323 2310 2456
2323 2456 2455
2351 2457 2458
2351 2458 2316
2310 2309 2459
2310 2459 2456
2458 2311 2314
2458 2314 2460
2152 2461 2462
2152 2462 2463
2464 2153 2152
2464 2152 2463
2465 2466 2183
2465 2183 2467
2467 2183 2153
2467 2153 2464
2468 2245 2469
2468 2469 2470
2291 2471 2472
2291 2472 2473
2275 2291 2473
2275 2473 2474
2475 2476 2191
2475 2191 2477
2478 2477 2191
2478 2191 2194
2203 2479 2480
2203 2480 2204
2481 2482 2483
2481 2483 2225
2478 2194 2225
2478 2225 2483
2204 2480 2484
2204 2484 2485
2159 2486 2487
2488 2184 2165
2265 2184 2488
2150 2489 2490
2150 2490 2173
2137 2491 2489
2137 2489 2150
2135 2491 2492
2135 2492 2132
2258 2257 2493
2258 2493 2494
2279 2258 2494
2279 2494 2495
2496 2248 2497
2496 2497 2498
2499 2224 2500
2499 2500 2501
2234 2233 2502
2234 2502 2503
2197 2221 2500
2197 2500 2504
2505 2506 2507
2505 2507 2503
2192 2508 2504
2192 2504 2193
2189 2508 2509
2189 2509 2190
2510 2511 2512
2510 2512 2513
2514 2512 2515
2516 2517 2518
2519 2520 2521
2522 2523 2524
2524 2523 2525
2526 2527 2528
2526 2529 2530
2384 2383 2531
2384 2531 2532
2531 2383 2390
2531 2390 2533
2534 2535 2536
2534 2536 2537
2538 2400 2399
2538 2399 2539
2540 2541 2407
2540 2407 2406
2542 2543 2536
2542 2536 2535
2369 2368 2544
2369 2544 2545
2546 2547 2548
2546 2548 2549
2376 2375 2550
2376 2550 2551
2394 2552 2553
2394 2553 2391
2554 2372 2395
2554 2395 2555
2556 2397 2376
2556 2376 2551
2216 2557 2558
2216 2558 2559
2560 2561 2415
2560 2415 2418
2107 2110 2112
2358 2562 2563
2358 2563 2357
2564 2565 2511
2564 2511 2510
2566 2567 2568
2566 2568 2514
2569 2202 2205
2569 2205 2234
2232 2205 2204
2232 2204 2485
2191 2476 2570
2571 2225 2224
2135 2134 2154
2135 2154 2572
2154 2168 2167
2154 2167 2572
2264 2263 2471
2264 2471 2291
2274 2573 2261
2274 2261 2264
2326 2303 2306
2326 2306 2356
2326 2342 2451
2326 2451 2324
2374 2377 2535
2374 2535 2534
2398 2542 2535
2398 2535 2377
2574 2573 2274
2574 2274 2273
2575 2304 2303
2575 2303 2325
2138 2151 2576
2138 2576 2431
2576 2151 2172
2576 2172 2433
2505 2199 2198
2505 2198 2506
2577 2230 2199
2577 2199 2505
2260 2259 2267
2260 2267 2270
2278 2299 2267
2278 2267 2259
2307 2322 2334
2307 2334 2333
2346 2322 2323
2346 2323 2347
2172 2171 2434
2172 2434 2433
2278 2277 2442
2278 2442 2299
2445 2308 2307
2445 2307 2333
2161 2578 2579
2161 2579 2158
2164 2578 2161
2164 2161 2165
2580 2209 2208
2580 2208 2487
2295 2294 2581
2295 2581 2265
2582 2337 2583
2582 2583 2584
2585 2586 2409
2220 2587 2408
2220 2408 2217
2239 2217 2408
2124 2125 2588
2124 2588 2589
2159 2239 2586
2159 2586 2160
2207 2219 2218
2207 2218 2208
2218 2159 2487
2218 2487 2208
2590 2365 2302
2590 2302 2301
2216 2559 2591
2216 2591 2213
2589 2592 2593
2589 2593 2124
2594 2114 2116
2594 2116 2595
2116 2596 2597
2116 2597 2595
2598 2599 2597
2598 2597 2596
2123 2122 2600
2123 2600 2601
2600 2122 2124
2600 2124 2593
2401 2602 2603
2382 2385 2604
2201 2200 2605
2201 2605 2606
2605 2200 2231
2605 2231 2607
2425 2513 2567
2425 2567 2426
2513 2425 2424
2513 2424 2510
2424 2423 2564
2566 2427 2426
2432 2431 2576
2432 2576 2608
2576 2433 2436
2576 2436 2608
2609 2610 2611
2429 2420 2419
2612 2613 2614
2615 2616 2617
2615 2617 2520
2618 2530 2619
2620 2621 2622
2623 2624 2625
2626 2522 2627
2625 2628 2629
2625 2629 2630
2631 2632 2625
2631 2625 2630
2620 2441 2621
2440 2524 2633
2440 2633 2443
2627 2524 2440
2627 2440 2439
2439 2634 2627
2635 2636 2637
2638 2639 2640
2227 2641 2642
2643 2644 2615
2518 2645 2521
2518 2521 2516
2646 2180 2182
2647 2648 2649
2523 2650 2651
2523 2651 2525
2522 2626 2650
2522 2650 2523
2625 2624 2652
2526 2653 2619
2654 2528 2527
2655 2656 2657
2352 2354 2658
2653 2526 2654
2633 2651 2659
2448 2657 2656
2450 2446 2660
2450 2660 2530
2660 2446 2447
2660 2447 2527
2320 2319 2444
2661 2207 2206
2661 2206 2662
2479 2203 2663
2479 2663 2664
2663 2203 2202
2663 2202 2665
2666 2667 2507
2666 2507 2506
2666 2506 2198
2666 2198 2668
2201 2606 2669
2201 2669 2670
2669 2211 2210
2670 2668 2198
2670 2198 2201
2214 2671 2236
2214 2236 2235
2591 2672 2673
2591 2673 2213
2674 2675 2175
2674 2175 2676
2251 2271 2186
2251 2186 2241
2677 2281 2280
2677 2280 2678
2679 2665 2202
2679 2202 2569
2375 2680 2681
2375 2681 2550
2680 2375 2374
2680 2374 2682
2534 2537 2683
2534 2683 2684
2683 2537 2685
2686 2687 2688
2686 2688 2689
2378 2686 2689
2378 2689 2379
2532 2531 2367
2532 2367 2366
2533 2541 2371
2533 2371 2370
2392 2396 2540
2392 2540 2538
2538 2539 2393
2538 2393 2392
2684 2682 2374
2684 2374 2534
2690 2691 2636
2691 2543 2542
2691 2542 2692
2692 2542 2398
2692 2398 2693
2694 2693 2398
2694 2398 2397
2397 2556 2695
2397 2695 2694
2452 2451 2342
2452 2342 2341
2449 2355 2346
2449 2346 2345
2696 2361 2360
2696 2360 2697
2698 2699 2349
2700 2348 2457
2700 2457 2701
2702 2703 2351
2350 2450 2704
2350 2704 2705
2450 2618 2704
2639 2706 2640
2706 2607 2231
2706 2231 2707
2231 2230 2708
2231 2708 2707
2709 2708 2230
2709 2230 2577
2233 2710 2711
2233 2711 2502
2710 2233 2232
2710 2232 2712
2713 2712 2232
2713 2232 2485
2485 2484 2714
2485 2714 2713
2715 2716 2580
2715 2580 2487
2486 2717 2715
2486 2715 2487
2486 2158 2718
2486 2718 2717
2168 2183 2466
2168 2466 2169
2138 2431 2430
2138 2430 2139
2149 2719 2609
2149 2609 2611
2149 2720 2719
2721 2143 2722
2721 2722 2723
2724 2722 2143
2142 2725 2726
2142 2726 2727
2158 2579 2728
2158 2728 2718
2729 2363 2730
2729 2730 2731
2365 2590 2732
2733 2734 2735
2733 2735 2736
2737 2736 2735
2737 2735 2738
2408 2739 2737
2408 2737 2738
2408 2587 2739
2177 2740 2741
2177 2741 2742
2177 2743 2740
2744 2745 2179
2746 2747 2178
2746 2178 2616
2644 2746 2616
2293 2292 2298
2293 2298 2748
2471 2749 2750
2471 2750 2472
2749 2471 2263
2749 2263 2751
2752 2751 2263
2752 2263 2262
2753 2752 2262
2753 2262 2493
2754 2257 2260
2754 2260 2755
2756 2755 2260
2756 2260 2270
2270 2269 2757
2270 2757 2756
2757 2758 2256
2266 2265 2581
2266 2581 2759
2760 2761 2283
2762 2763 2285
2284 2443 2764
2284 2764 2765
2659 2764 2443
2766 2729 2767
2766 2767 2768
2769 2410 2770
2769 2770 2771
2361 2770 2339
2361 2339 2338
2772 2773 2328
2772 2328 2327
2328 2773 2774
2328 2774 2775
2582 2776 2777
2582 2777 2362
2777 2778 2360
2777 2360 2362
2360 2778 2779
2360 2779 2697
2563 2780 2781
2563 2781 2357
2781 2772 2327
2781 2327 2357
2782 2783 2447
2318 2784 2782
2318 2782 2447
2318 2785 2784
2786 2317 2460
2786 2460 2787
2314 2788 2789
2584 2790 2776
2584 2776 2582
2329 2328 2775
2329 2775 2331
2573 2574 2791
2573 2791 2495
2792 2282 2793
2792 2793 2794
2282 2252 2795
2282 2795 2793
2248 2286 2795
2248 2795 2497
2245 2253 2796
2245 2796 2469
2146 2617 2616
2146 2616 2178
2167 2166 2797
2167 2797 2490
2798 2176 2799
2798 2799 2800
2176 2144 2801
2176 2801 2799
2144 2143 2721
2144 2721 2801
2177 2742 2802
2177 2802 2145
2802 2725 2142
2802 2142 2145
2134 2133 2461
2134 2461 2152
2247 2287 2286
2247 2286 2248
2589 2803 2804
2589 2804 2592
2367 2370 2373
2367 2373 2368
2407 2390 2389
2407 2389 2404
2533 2390 2407
2533 2407 2541
2368 2373 2805
2368 2805 2544
2531 2533 2370
2531 2370 2367
2159 2158 2486
2295 2265 2488
2295 2488 2301
2590 2301 2488
2590 2488 2585
2586 2585 2488
2586 2488 2160
2160 2488 2165
2160 2165 2161
2292 2302 2296
2302 2329 2296
2363 2729 2766
2363 2766 2364
2391 2395 2396
2391 2396 2392
2400 2406 2405
2400 2405 2401
2806 2807 2808
2806 2808 2809
2541 2540 2396
2541 2396 2371
2401 2405 2810
2401 2810 2602
2404 2389 2811
2404 2811 2812
2813 2814 2815
2813 2815 2816
2817 2818 2819
2817 2819 2731
2820 2105 2127
2821 2127 2126
2821 2126 2822
2823 2820 2821
2824 2825 2826
2156 2215 2214
2156 2214 2235
2156 2129 2141
2156 2141 2157
2235 2238 2827
2235 2827 2828
2827 2130 2129
2827 2129 2828
2141 2175 2186
2141 2186 2157
2676 2175 2174
2676 2174 2829
2675 2674 2242
2675 2242 2241
2271 2251 2281
2271 2281 2336
2281 2677 2830
2281 2830 2831
2338 2337 2582
2338 2582 2362
2830 2583 2337
2830 2337 2831
2828 2156 2235
2186 2175 2675
2336 2281 2831
2512 2565 2515
2512 2568 2567
2512 2567 2513
2832 2833 2834
2834 2835 2836
2834 2836 2837
2838 2836 2835
2838 2835 2839
2835 2840 2839
2643 2519 2521
2643 2521 2645
2841 2842 2843
2842 2841 2844
2842 2844 2845
2846 2844 2841
2846 2841 2847
2847 2841 2848
2611 2617 2146
2611 2146 2149
2611 2517 2520
2611 2520 2617
2520 2516 2521
2849 2289 2288
2850 2851 2852
2850 2852 2853
2853 2852 2854
2855 2852 2856
2856 2852 2851
2856 2851 2857
2378 2381 2858
2378 2858 2859
2860 2861 2862
2860 2862 2863
2378 2859 2864
2378 2864 2686
2864 2865 2687
2864 2687 2686
2826 2866 2867
2826 2867 2868
2687 2869 2867
2687 2867 2688
2155 2870 2215
2155 2215 2156
2382 2871 2811
2382 2811 2389
2812 2810 2405
2812 2405 2404
2812 2811 2872
2812 2872 2873
2604 2872 2811
2873 2874 2810
2873 2810 2812
2875 2876 2685
2602 2810 2603
2877 2878 2879
2877 2879 2880
2879 2881 2880
2882 2879 2883
2883 2879 2878
2883 2878 2884
2860 2858 2381
2860 2381 2861
2885 2886 2887
2888 2889 2804
2888 2804 2803
2887 2890 2891
2892 2890 2893
2887 2886 2894
2887 2894 2890
2661 2895 2219
2661 2219 2207
2895 2896 2220
2895 2220 2219
2870 2557 2216
2870 2216 2215
2102 2897 2587
2898 2899 2865
2898 2865 2864
2554 2805 2373
2554 2373 2372
2858 2900 2901
2858 2901 2859
2809 2808 2902
2809 2902 2903
2549 2807 2806
2549 2806 2546
2860 2904 2900
2860 2900 2858
2901 2898 2864
2901 2864 2859
2863 2905 2904
2863 2904 2860
2899 2548 2547
2899 2547 2865
2391 2553 2555
2391 2555 2395
2825 2891 2866
2891 2906 2866
2101 2416 2897
2100 2861 2381
2100 2381 2380
2547 2546 2907
2547 2907 2869
2547 2869 2687
2547 2687 2865
2908 2907 2546
2908 2546 2806
2909 2414 2106
2909 2106 2411
2870 2910 2557
2823 2911 2820
2912 2913 2914
2739 2110 2109
2739 2109 2737
2897 2110 2739
2415 2113 2112
2415 2112 2416
2736 2815 2814
2736 2814 2733
2870 2915 2910
2910 2916 2917
2918 2888 2803
2561 2893 2113
2561 2113 2415
2918 2919 2888
2824 2920 2885
2891 2890 2892
2890 2894 2921
2890 2921 2893
2922 2803 2589
2922 2589 2588
2213 2673 2671
2213 2671 2214
2806 2809 2923
2806 2923 2908
2924 2925 2923
2924 2923 2926
2926 2923 2809
2926 2809 2903
2908 2923 2925
2112 2110 2897
2696 2771 2770
2696 2770 2361
2562 2358 2766
2562 2766 2768
2358 2330 2364
2358 2364 2766
2364 2330 2329
2364 2329 2302
2916 2826 2868
2916 2868 2917
2501 2500 2221
2501 2221 2223
2505 2503 2502
2505 2502 2577
2504 2500 2224
2504 2224 2193
2234 2503 2507
2234 2507 2569
2197 2504 2508
2197 2508 2189
2927 2509 2508
2927 2508 2192
2569 2507 2667
2569 2667 2679
2577 2502 2711
2577 2711 2709
2913 2912 2920
2913 2928 2412
2913 2412 2914
2911 2929 2885
2915 2155 2930
2347 2454 2453
2347 2453 2344
2455 2454 2347
2455 2347 2323
2324 2455 2456
2324 2456 2325
2311 2458 2457
2311 2457 2348
2325 2456 2459
2325 2459 2575
2458 2460 2317
2458 2317 2316
2703 2701 2457
2703 2457 2351
2789 2787 2460
2789 2460 2314
2261 2494 2493
2261 2493 2262
2495 2494 2261
2495 2261 2573
2931 2498 2497
2931 2497 2244
2754 2753 2493
2754 2493 2257
2279 2495 2791
2279 2791 2276
2763 2794 2793
2763 2793 2285
2285 2793 2795
2285 2795 2286
2244 2497 2795
2244 2795 2252
2275 2474 2932
2275 2932 2272
2933 2934 2283
2933 2283 2761
2934 2796 2253
2934 2253 2283
2167 2490 2489
2167 2489 2572
2572 2489 2491
2572 2491 2135
2136 2492 2491
2136 2491 2137
2721 2723 2935
2721 2935 2148
2173 2490 2797
2173 2797 2170
2745 2800 2799
2745 2799 2179
2799 2801 2147
2799 2147 2179
2801 2721 2148
2801 2148 2147
2406 2400 2538
2406 2538 2540
2599 2119 2936
2937 2936 2119
2937 2119 2118
2938 2119 2598
2601 2937 2118
2601 2118 2123
2123 2118 2117
2123 2117 2120
2108 2816 2815
2108 2815 2109
2736 2737 2109
2736 2109 2815
2733 2814 2939
2733 2939 2940
2814 2813 2941
2814 2941 2939
2938 2598 2942
2817 2940 2818
2116 2115 2943
2116 2943 2596
2596 2943 2942
2596 2942 2598
2897 2102 2101
2558 2557 2925
2115 2114 2944
2915 2870 2155
2893 2921 2113
2111 2107 2112
2921 2111 2113
2828 2129 2156
2186 2675 2241
2336 2831 2337
2599 2598 2119
2734 2733 2817
2885 2920 2912
2911 2912 2945
2336 2339 2946
2770 2410 2413
2770 2413 2339
2916 2920 2824
2560 2906 2892
2560 2892 2561
2920 2915 2947
2910 2915 2916
2157 2187 2155
2106 2105 2945
2920 2947 2913
2930 2187 2946
2930 2946 2928
2271 2336 2946
2112 2897 2416
2102 2896 2948
2102 2220 2896
2948 2862 2103
2835 2949 2840
2758 2254 2256
2621 2950 2622
2439 2438 2634
2659 2443 2633
2247 2249 2437
2248 2496 2249
2284 2765 2762
2284 2762 2285
2282 2792 2760
2282 2760 2283
2244 2246 2931
2245 2468 2246
2142 2727 2724
2142 2724 2143
2149 2148 2720
2148 2935 2720
2178 2747 2744
2178 2744 2179
2177 2176 2743
2176 2798 2743
2221 2226 2222
2226 2428 2222
2571 2481 2225
2571 2224 2499
2570 2927 2192
2191 2570 2192
2188 2422 2195
2188 2195 2189
2318 2317 2785
2317 2786 2785
2314 2313 2788
2313 2951 2788
2350 2705 2702
2350 2702 2351
2348 2700 2698
2348 2698 2349
2910 2925 2557
2924 2558 2925
2102 2587 2220
2587 2897 2739
2101 2417 2416
2916 2824 2826
2826 2825 2866
2887 2891 2825
2891 2892 2906
2916 2915 2920
2918 2803 2922
2820 2911 2945
2626 2627 2634
2633 2525 2651
2783 2654 2527
2530 2529 2619
2526 2660 2527
2660 2526 2530
2526 2528 2654
2526 2619 2529
2783 2527 2447
2952 2319 2321
2953 2655 2657
2450 2530 2618
2519 2643 2615
2517 2610 2518
2647 2649 2954
2644 2616 2615
2610 2517 2611
2419 2421 2955
2520 2517 2516
2519 2615 2520
2522 2524 2627
2524 2525 2633
2512 2511 2565
2514 2568 2512
2424 2564 2510
2956 2210 2212
2638 2640 2957
2566 2426 2567
2402 2401 2603
2635 2690 2636
2871 2382 2604
2875 2958 2876
2876 2683 2685
2690 2543 2691
2669 2606 2211
2639 2607 2706
2429 2432 2420
2612 2959 2613
2757 2269 2758
2620 2300 2441
2332 2320 2444
2448 2656 2359
2604 2811 2871
2810 2874 2603
2875 2960 2958
2635 2637 2961
2271 2946 2187
2892 2893 2561
2825 2824 2887
2824 2885 2887
2885 2929 2886
2911 2823 2929
2820 2127 2821
2820 2945 2105
2908 2925 2910
2106 2945 2914
2912 2914 2945
2911 2885 2912
2339 2413 2946
2817 2733 2940
2938 2117 2119
2956 2212 2962
2638 2957 2962
2833 2949 2835
2840 2963 2839
2833 2835 2834
2955 2421 2964
2954 2965 2964
2966 2847 2848
2967 2646 2182
2181 2968 2182
2843 2842 2969
2841 2970 2848
2970 2841 2843
2964 2647 2954
2964 2965 2955
2227 2971 2228
2971 2227 2642
2255 2254 2972
2972 2622 2950
2652 2973 2628
2974 2849 2288
2288 2290 2975
2976 2623 2632
2625 2652 2628
2623 2625 2632
2977 2952 2321
2655 2953 2977
2978 2853 2854
2354 2979 2658
2353 2980 2354
2981 2855 2856
2852 2982 2854
2855 2982 2852
2977 2983 2952
2953 2983 2977
2984 2255 2972
2984 2972 2950
2985 2956 2962
2957 2985 2962
2875 2986 2960
2961 2986 2635
2986 2987 2960
2961 2987 2986
2880 2881 2988
2387 2989 2388
2387 2403 2990
2991 2882 2883
2879 2992 2881
2882 2992 2879
2993 2994 2995
2993 2995 2996
2997 1960 2093
2993 2996 2998
2993 2998 2999
2089 2998 2090
2999 2089 2088
2994 2087 2997
2993 2999 1966
2993 1966 2087
1915 1914 3000
1915 3000 3001
1938 1937 3002
1938 3002 3003
3001 1916 1915
1884 1883 3004
1884 3004 3005
3006 3004 1883
3006 1883 1970
2076 1972 3007
3008 3002 1937
3008 1937 1941
3003 3000 1914
3003 1914 1938
3009 3010 3011
3009 3011 3012
3011 3010 3013
3011 3013 3014
3015 3010 3009
3015 3009 3016
3012 3017 3018
3012 3018 3009
3019 3013 3010
3019 3010 3015
3009 3018 3020
3009 3020 3016
3021 3022 3023
3021 3023 3024
3025 3026 3027
3025 3027 3028
3026 3029 3030
3026 3030 3027
3028 3023 3022
3028 3022 3025
3022 3021 3031
3022 3031 3032
3025 3022 3032
3025 3032 3033
3033 3034 3026
3018 3021 3024
3018 3024 3020
3035 3031 3021
3035 3021 3018
3018 3017 3035
3013 3019 3036
3013 3036 3037
3014 3013 3037
3014 3037 3038
3039 3040 3041
3042 3040 3039
3043 3044 3045
3046 3047 3048
3049 3050 3051
3049 3051 3052
3053 3054 3050
3053 3050 3049
3051 3047 3046
3055 3056 3057
3055 3057 3058
3055 3059 3060
3056 3061 3062
3055 3063 3064
3058 3065 3059
3060 3063 3055
3058 3066 3041
3067 3057 3056
3068 3069 3070
3068 3070 3071
3045 3072 3073
3045 3073 3043
3074 3024 3023
3075 3076 3028
3075 3028 3027
3077 3078 3019
3077 3019 3015
3079 3075 3027
3079 3027 3030
3076 3080 3081
3076 3081 3074
3082 3083 3084
3082 3084 3085
3080 3076 3075
3080 3075 3086
3077 3087 3088
3079 3089 3086
3079 3086 3075
3077 3084 3083
3077 3083 3087
3089 3090 3091
3089 3091 3086
3081 3080 3092
3081 3092 3093
3060 3059 3083
3060 3083 3082
3065 3087 3083
3065 3083 3059
3041 3088 3087
3023 3028 3076
3023 3076 3074
3024 3085 3020
3020 3085 3084
3015 3016 3084
3015 3084 3077
3094 3095 3088
3096 3094 3040
3095 3036 3019
3095 3019 3078
3040 3088 3041
3080 3086 3097
3098 3099 3060
3044 3043 3057
3044 3057 3067
3043 3073 3048
3057 3043 3058
3043 3047 3058
3051 3050 3039
3051 3039 3066
3050 3054 3042
3050 3042 3039
3047 3066 3058
3073 3072 3100
3061 3056 3064
3055 3064 3056
3056 3062 3067
3060 3099 3063
3081 3093 3098
3080 3097 3092
3097 3086 3091
3072 3101 3070
3072 3070 3100
3047 3051 3066
3065 3058 3041
3043 3048 3047
3052 3051 3046
3016 3020 3084
3074 3085 3024
3078 3077 3088
3095 3078 3088
3094 3088 3040
3041 3087 3065
3001 3006 1916
3006 1970 1916
3058 3059 3055
3039 3041 3066
3042 3096 3040
3060 3082 3081
3060 3081 3098
3085 3074 3081
3085 3081 3082
3033 3026 3025
3034 3029 3026
3102 3100 3070
3071 3103 3104
3069 3105 3102
3070 3101 3071
3069 3102 3070
3101 3103 3071
3106 3107 3108
3106 3108 3109
3110 3111 3112
3110 3112 3113
3114 3115 3116
3114 3117 3107
3117 3118 3119
3117 3119 3120
3114 3111 3110
3121 3122 3123
3118 3124 3125
3118 3125 3119
3106 3114 3107
3122 3126 3127
3122 3127 3128
3129 3130 3131
3132 3133 3134
3124 3135 3136
3124 3136 3125
3137 3138 3139
3137 3139 3140
3137 3141 3142
3137 3142 3138
3143 3134 3144
3121 3123 3145
3132 3134 3146
3147 3148 3149
3127 3126 3131
3130 3129 3134
3130 3134 3133
3114 3140 3150
3120 3108 3107
3120 3107 3117
3113 3151 3115
3113 3115 3110
3152 3136 3135
3152 3135 3116
3115 3151 3152
3115 3152 3116
3106 3109 3142
3106 3142 3141
3121 3145 3153
3114 3116 3135
3114 3110 3115
3154 3155 3149
3149 3148 3154
3106 3141 3114
3137 3114 3141
3131 3126 3129
3123 3122 3128
3121 3153 3156
3157 3134 3158
3137 3140 3114
3159 3150 3140
3159 3140 3139
3134 3157 3144
3146 3134 3143
3114 3118 3117
3124 3118 3114
3124 3114 3135
2091 1953 2079
1966 2999 2088
2089 2999 2998
2994 2993 2087
2997 2087 1960
1986 2083 3160
1986 3160 1984
1925 1949 1983
1925 1983 1933
1892 2092 1893
1978 2078 1979
1960 1959 2093
1933 1982 2086
2086 2093 1934
2091 1954 1953
3161 3162 3163
3161 3163 3164
3165 3166 3167
3168 3165 3169
3168 3169 3170
3170 3164 3163
3170 3163 3168
3171 3172 3173
3171 3173 3174
3175 3176 3177
3175 3177 3178
3179 3180 3181
3179 3181 3182
3162 3161 3181
3162 3181 3180
3183 3184 3185
3183 3185 3186
3187 3184 3183
3187 3183 3188
3189 3190 3191
3189 3191 3192
3190 3193 3194
3195 3196 3197
3198 3199 3200
3198 3200 3201
3200 3202 3203
3201 3200 3204
3201 3204 3205
3206 3207 3208
3206 3208 3209
3210 3211 3212
3210 3212 3213
3214 3215 3216
3214 3216 3217
3218 3208 3207
3218 3207 3219
3220 3214 3217
3220 3217 3221
3222 3223 3221
3222 3221 3217
3222 3217 3216
3222 3216 3224
3225 3226 3182
3225 3182 3181
3227 3228 3229
3227 3229 3230
3231 3210 3213
3231 3213 3232
3233 3234 3235
3233 3235 3236
3228 3226 3237
3228 3237 3238
3239 3185 3184
3232 3161 3231
3240 3224 3231
3205 3204 3189
3205 3189 3192
3232 3225 3181
3241 3235 3234
3241 3234 3242
3236 3235 3243
3236 3243 3244
3243 3235 3241
3243 3241 3245
3213 3246 3225
3213 3225 3232
3213 3212 3247
3213 3247 3246
3248 3249 3236
3248 3236 3244
3250 3251 3209
3250 3209 3233
3252 3206 3209
3252 3209 3251
3215 3211 3210
3215 3210 3216
3210 3231 3224
3210 3224 3216
3253 3254 3230
3253 3230 3229
3230 3255 3256
3230 3256 3227
3257 3258 3259
3260 3261 3262
3237 3226 3225
3263 3247 3264
3255 3230 3254
3255 3254 3265
3227 3256 3179
3227 3179 3182
3227 3182 3226
3227 3226 3228
3207 3206 3215
3207 3215 3214
3266 3267 3268
3206 3252 3211
3206 3211 3215
3211 3252 3269
3211 3269 3212
3212 3269 3270
3212 3270 3247
3242 3234 3208
3242 3208 3218
3234 3233 3209
3234 3209 3208
3177 3176 3271
3177 3271 3272
3178 3173 3172
3178 3172 3175
3185 3240 3169
3186 3185 3169
3186 3169 3167
3240 3239 3222
3240 3222 3224
3214 3220 3219
3214 3219 3207
3187 3273 3274
3187 3274 3184
3275 3193 3276
3272 3277 3278
3272 3278 3198
3279 3204 3200
3279 3200 3203
3280 3276 3193
3281 3282 3283
3266 3268 3284
3266 3284 3285
3281 3268 3267
3281 3267 3257
3286 3238 3287
3286 3287 3288
3228 3238 3229
3289 3253 3286
3289 3286 3290
3246 3263 3225
3283 3291 3292
3283 3292 3284
3293 3294 3295
3293 3295 3296
3297 3298 3299
3297 3299 3300
3301 3302 3303
3301 3303 3304
3305 3303 3306
3305 3306 3307
3304 3308 3309
3304 3309 3301
3310 3311 3312
3310 3312 3313
3311 3314 3315
3311 3315 3312
3316 3317 3318
3316 3318 3319
3320 3321 3322
3320 3322 3314
3323 3315 3314
3323 3314 3322
3294 3323 3322
3294 3322 3295
3324 3295 3322
3325 3293 3296
3325 3296 3326
3310 3313 3327
3310 3327 3328
3329 3330 3331
3329 3331 3332
3306 3298 3307
3333 3334 3335
3333 3335 3336
3337 3338 3339
3337 3339 3340
3336 3341 3342
3336 3342 3343
3343 3342 3344
3343 3344 3345
3328 3327 3346
3328 3346 3347
3348 3349 3350
3348 3350 3351
3352 3321 3298
3352 3298 3297
3353 3311 3310
3353 3310 3354
3320 3314 3311
3320 3311 3353
3302 3355 3306
3298 3321 3320
3298 3320 3307
3307 3320 3305
3305 3353 3354
3305 3354 3356
3303 3305 3356
3303 3356 3304
3333 3356 3354
3333 3354 3334
3357 3349 3348
3357 3348 3358
3306 3355 3359
3306 3359 3299
3300 3299 3359
3300 3359 3360
3328 3334 3354
3328 3354 3310
3304 3356 3333
3304 3333 3308
3300 3360 3361
3300 3361 3297
3297 3361 3362
3297 3362 3352
3362 3357 3358
3362 3358 3352
3363 3344 3342
3363 3342 3340
3346 3316 3319
3346 3319 3347
3308 3333 3336
3308 3336 3343
3345 3309 3308
3345 3308 3343
3364 3365 3366
3364 3366 3367
3368 3325 3326
3368 3326 3369
3317 3364 3367
3317 3367 3318
3335 3370 3341
3335 3341 3336
3358 3348 3371
3296 3371 3331
3296 3331 3326
3372 3373 3367
3372 3367 3366
3373 3374 3318
3373 3318 3367
3374 3370 3319
3374 3319 3318
3330 3369 3326
3330 3326 3331
3371 3348 3351
3371 3351 3331
3372 3375 3338
3372 3338 3373
3338 3337 3374
3338 3374 3373
3337 3341 3370
3337 3370 3374
3347 3335 3334
3347 3334 3328
3347 3319 3370
3347 3370 3335
3295 3324 3371
3295 3371 3296
3253 3289 3376
3253 3376 3254
3376 3377 3265
3376 3265 3254
3352 3358 3324
3378 3280 3279
3378 3279 3379
3380 3276 3378
3266 3285 3381
3266 3381 3203
3291 3283 3382
3257 3383 3282
3384 3385 3339
3220 3221 3273
3193 3189 3280
3280 3204 3279
3279 3203 3381
3279 3381 3379
3386 3376 3289
3286 3288 3290
3289 3290 3387
3289 3387 3386
3278 3258 3199
3278 3199 3198
3174 3173 3192
3192 3173 3178
3192 3178 3205
3205 3178 3177
3205 3177 3201
3201 3177 3272
3201 3272 3198
3332 3331 3351
3388 3262 3195
3388 3195 3197
3340 3342 3341
3340 3341 3337
3363 3340 3339
3363 3339 3385
3258 3278 3259
3202 3199 3258
3202 3258 3267
3389 3277 3388
3389 3388 3197
3222 3239 3274
3222 3274 3223
3274 3273 3221
3274 3221 3223
3250 3233 3236
3250 3236 3249
3238 3237 3390
3247 3270 3391
3247 3391 3264
3269 3392 3270
3252 3251 3392
3252 3392 3269
3251 3250 3393
3251 3393 3392
3249 3248 3394
3197 3395 3389
3202 3267 3266
3240 3164 3170
3240 3231 3164
3231 3161 3164
3232 3181 3161
3352 3324 3321
3324 3322 3321
3260 3277 3271
3257 3282 3281
3199 3202 3200
3203 3202 3266
3268 3281 3283
3197 3396 3395
3257 3267 3258
3259 3389 3395
3193 3190 3189
3239 3184 3274
3240 3185 3239
3263 3397 3237
3249 3394 3393
3249 3393 3250
3398 3377 3376
3399 3400 3329
3399 3329 3332
3350 3399 3332
3350 3332 3351
3386 3398 3376
3339 3338 3375
3262 3388 3260
3277 3260 3388
3277 3272 3271
3263 3246 3247
3389 3278 3277
3278 3389 3259
3191 3174 3192
3165 3167 3169
3358 3371 3324
3240 3170 3169
3275 3194 3193
3280 3189 3204
3320 3353 3305
3306 3299 3298
3263 3237 3225
3302 3306 3303
3384 3339 3375
3401 3380 3378
3401 3378 3379
3381 3402 3401
3381 3401 3379
3285 3403 3402
3285 3402 3381
3284 3292 3403
3284 3403 3285
3268 3283 3284
3276 3280 3378
3404 3405 3406
3404 3406 3407
3408 3409 3410
3408 3410 3411
3412 3406 3405
3412 3405 3413
3414 3415 3416
3414 3416 3417
3418 3414 3417
3418 3417 3419
3404 3407 3420
3404 3420 3421
3422 3423 3424
3422 3424 3425
3426 3427 3428
3429 3430 3431
3429 3431 3432
3433 3434 3435
3436 3437 3438
3439 3440 3441
3442 3443 3444
3442 3444 3445
3446 3447 3445
3446 3445 3444
3426 3428 3448
3426 3448 3449
3450 3451 3452
3450 3452 3453
3454 3455 3456
3454 3456 3457
3458 3459 3460
3458 3460 3461
3462 3450 3453
3462 3453 3463
3464 3465 3466
3464 3466 3467
3468 3469 3470
3468 3470 3471
3461 3460 3472
3461 3472 3473
3456 3474 3475
3456 3475 3476
3477 3478 3479
3480 3481 3482
3480 3482 3483
3484 3485 3486
3484 3486 3487
3488 3489 3490
3488 3490 3491
3492 3493 3494
3492 3494 3495
3496 3462 3463
3496 3463 3497
3465 3498 3499
3465 3499 3466
3500 3468 3471
3500 3471 3501
3502 3503 3504
3473 3472 3494
3473 3494 3493
3475 3474 3490
3475 3490 3505
3485 3484 3506
3485 3506 3507
3478 3508 3509
3510 3511 3512
3513 3514 3515
3513 3515 3516
3512 3517 3518
3512 3518 3519
3520 3521 3522
3520 3522 3523
3524 3525 3526
3524 3526 3527
3528 3529 3530
3528 3530 3531
3532 3533 3534
3535 3536 3537
3535 3537 3538
3539 3540 3541
3539 3541 3542
3543 3544 3545
3514 3546 3547
3514 3547 3515
3517 3543 3548
3517 3548 3518
3549 3550 3551
3552 3523 3522
3552 3522 3553
3554 3525 3555
3554 3555 3556
3557 3558 3559
3557 3559 3560
3483 3561 3539
3483 3539 3542
3562 3563 3564
3562 3564 3565
3566 3567 3568
3569 3570 3571
3572 3562 3565
3572 3565 3573
3566 3568 3574
3566 3574 3575
3576 3577 3578
3579 3580 3581
3579 3581 3582
3583 3584 3585
3583 3585 3586
3506 3587 3588
3506 3588 3507
3589 3590 3591
3589 3591 3592
3509 3508 3593
3594 3595 3596
3594 3596 3597
3598 3599 3600
3598 3600 3601
3602 3572 3573
3602 3573 3603
3604 3575 3574
3604 3574 3605
3606 3607 3608
3606 3608 3609
3610 3611 3612
3599 3582 3581
3599 3581 3600
3595 3613 3584
3595 3584 3596
3614 3615 3616
3614 3616 3617
3618 3614 3619
3618 3619 3620
3621 3589 3592
3621 3592 3622
3615 3614 3623
3615 3623 3624
3625 3626 3627
3625 3627 3628
3629 3630 3631
3629 3631 3632
3633 3634 3635
3633 3635 3636
3637 3638 3639
3637 3639 3640
3641 3642 3643
3644 3645 3630
3644 3630 3629
3646 3647 3625
3646 3625 3648
3649 3650 3651
3649 3651 3652
3653 3651 3618
3653 3618 3620
3654 3655 3656
3654 3656 3657
3658 3659 3660
3658 3660 3661
3662 3663 3664
3662 3664 3665
3666 3667 3668
3666 3668 3669
3670 3633 3636
3670 3636 3671
3672 3637 3640
3672 3640 3673
3674 3675 3676
3677 3668 3644
3677 3644 3656
3678 3647 3664
3678 3664 3663
3679 3680 3650
3679 3650 3649
3655 3681 3677
3655 3677 3656
3682 3683 3660
3682 3660 3684
3685 3686 3623
3685 3623 3687
3688 3689 3690
3688 3690 3691
3692 3693 3694
3692 3694 3695
3696 3697 3698
3696 3698 3699
3700 3701 3702
3700 3702 3703
3704 3705 3706
3704 3706 3707
3708 3709 3710
3704 3707 3711
3704 3711 3712
3713 3714 3715
3713 3715 3716
3717 3718 3695
3717 3695 3694
3719 3698 3697
3719 3697 3720
3721 3722 3723
3721 3723 3724
3710 3725 3708
3726 3727 3728
3726 3728 3729
3561 3730 3731
3732 3733 3734
3732 3734 3735
3427 3426 3736
3737 3738 3739
3737 3739 3740
3741 3742 3743
3519 3744 3745
3519 3745 3746
3747 3744 3519
3747 3519 3518
3548 3748 3749
3548 3749 3750
3747 3518 3548
3747 3548 3750
3751 3752 3753
3751 3753 3754
3755 3756 3757
3755 3757 3758
3569 3759 3760
3569 3760 3761
3762 3759 3569
3762 3569 3607
3763 3764 3621
3763 3621 3622
3762 3607 3606
3762 3606 3765
3657 3766 3767
3657 3767 3654
3768 3769 3638
3768 3638 3637
3770 3771 3677
3770 3677 3681
3768 3637 3672
3768 3672 3772
3773 3774 3775
3773 3775 3776
3646 3777 3774
3646 3774 3773
3645 3777 3778
3645 3778 3630
3673 3640 3779
3673 3779 3780
3630 3778 3781
3630 3781 3631
3779 3782 3634
3779 3634 3633
3476 3783 3784
3476 3784 3785
3786 3783 3476
3786 3476 3475
3487 3486 3505
3487 3505 3787
3486 3786 3475
3486 3475 3505
3788 3563 3562
3788 3562 3568
3613 3616 3789
3613 3789 3790
3595 3617 3616
3595 3616 3613
3791 3792 3513
3791 3513 3793
3794 3514 3513
3794 3513 3792
3527 3526 3529
3527 3529 3528
3795 3546 3560
3795 3560 3559
3794 3560 3546
3794 3546 3514
3526 3796 3797
3526 3797 3529
3483 3798 3799
3800 3485 3507
3588 3800 3507
3473 3493 3801
3473 3801 3802
3461 3473 3802
3461 3802 3803
3455 3454 3804
3455 3804 3803
3582 3805 3806
3582 3806 3579
3599 3807 3805
3599 3805 3582
3808 3809 3810
3808 3810 3571
3811 3812 3813
3811 3813 3547
3555 3814 3815
3555 3815 3556
3517 3816 3813
3517 3813 3543
3817 3814 3818
3817 3818 3819
3516 3515 3816
3516 3816 3820
3512 3511 3821
3512 3821 3820
3822 3823 3824
3822 3824 3825
3826 3827 3824
3828 3829 3830
3831 3832 3833
3834 3835 3836
3835 3837 3836
3838 3839 3840
3838 3841 3842
3706 3843 3844
3706 3844 3707
3844 3845 3711
3844 3711 3707
3846 3847 3848
3846 3848 3849
3850 3851 3721
3850 3721 3724
3852 3728 3727
3852 3727 3853
3854 3849 3848
3854 3848 3855
3689 3856 3857
3689 3857 3690
3858 3859 3860
3858 3860 3861
3698 3862 3863
3698 3863 3699
3714 3713 3864
3714 3864 3865
3859 3866 3717
3859 3717 3694
3867 3862 3698
3867 3698 3719
3536 3868 3869
3536 3869 3870
3871 3738 3737
3871 3737 3872
3429 3435 3430
3680 3679 3873
3680 3873 3874
3875 3822 3825
3875 3825 3876
3877 3826 3878
3877 3878 3879
3880 3555 3525
3880 3525 3524
3554 3796 3526
3554 3526 3525
3513 3881 3793
3882 3547 3546
3455 3883 3474
3455 3474 3456
3474 3883 3491
3474 3491 3490
3584 3613 3790
3584 3790 3585
3596 3584 3583
3596 3583 3884
3647 3678 3626
3647 3626 3625
3647 3646 3773
3647 3773 3664
3696 3846 3849
3696 3849 3697
3720 3697 3849
3720 3849 3854
3885 3597 3596
3885 3596 3884
3886 3648 3625
3886 3625 3628
3460 3753 3887
3460 3887 3472
3887 3755 3494
3887 3494 3472
3817 3819 3520
3817 3520 3523
3888 3817 3523
3888 3523 3552
3580 3590 3589
3580 3589 3581
3600 3581 3589
3600 3589 3621
3629 3657 3656
3629 3656 3644
3668 3667 3645
3668 3645 3644
3494 3755 3758
3494 3758 3495
3600 3621 3764
3600 3764 3601
3766 3657 3629
3766 3629 3632
3481 3480 3783
3481 3783 3786
3486 3485 3481
3486 3481 3786
3797 3798 3530
3797 3530 3529
3615 3588 3789
3615 3789 3616
3889 3890 3891
3889 3891 3661
3892 3893 3894
3540 3539 3895
3540 3895 3896
3561 3895 3539
3446 3897 3898
3446 3898 3447
3483 3482 3730
3483 3730 3561
3531 3530 3542
3531 3542 3541
3542 3530 3798
3542 3798 3483
3893 3624 3623
3893 3623 3686
3536 3535 3899
3536 3899 3868
3897 3446 3404
3897 3404 3421
3900 3419 3437
3900 3437 3436
3437 3419 3417
3437 3417 3901
3902 3901 3417
3902 3417 3416
3443 3413 3405
3443 3405 3444
3405 3404 3446
3405 3446 3444
3903 3418 3419
3903 3419 3900
3723 3904 3905
3704 3906 3705
3521 3907 3908
3521 3908 3522
3908 3909 3553
3908 3553 3522
3747 3750 3879
3747 3879 3823
3823 3822 3744
3823 3744 3747
3744 3875 3745
3877 3750 3749
3752 3910 3887
3752 3887 3753
3887 3910 3756
3887 3756 3755
3911 3912 3913
3751 3741 3743
3914 3915 3757
3916 3833 3917
3916 3917 3918
3919 3920 3841
3921 3922 3923
3924 3925 3926
3927 3928 3834
3925 3929 3930
3925 3930 3931
3932 3929 3925
3932 3925 3933
3921 3923 3763
3762 3765 3934
3762 3934 3835
3928 3759 3762
3928 3762 3835
3759 3928 3935
3936 3937 3938
3939 3940 3941
3549 3942 3943
3944 3916 3945
3829 3828 3832
3829 3832 3946
3947 3503 3502
3948 3915 3914
3836 3837 3949
3836 3949 3950
3834 3836 3950
3834 3950 3927
3925 3951 3926
3838 3920 3952
3953 3840 3839
3954 3955 3956
3674 3957 3675
3952 3953 3838
3934 3958 3949
3770 3956 3955
3772 3841 3959
3772 3959 3768
3959 3840 3769
3959 3769 3768
3643 3767 3641
3960 3961 3528
3960 3528 3531
3528 3961 3962
3528 3962 3527
3962 3963 3524
3962 3524 3527
3964 3819 3818
3964 3818 3965
3964 3966 3520
3964 3520 3819
3521 3967 3968
3521 3968 3907
3968 3532 3534
3967 3521 3520
3967 3520 3966
3538 3557 3560
3538 3560 3794
3899 3535 3792
3899 3792 3791
3969 3970 3497
3969 3497 3971
3573 3565 3509
3573 3509 3593
3972 3973 3602
3972 3602 3603
3974 3880 3524
3974 3524 3963
3699 3863 3975
3699 3975 3976
3976 3977 3696
3976 3696 3699
3846 3978 3979
3846 3979 3847
3979 3980 3847
3981 3982 3983
3981 3983 3984
3985 3986 3700
3985 3700 3703
3843 3688 3691
3843 3691 3844
3845 3692 3695
3845 3695 3853
3716 3850 3852
3716 3852 3718
3850 3716 3715
3850 3715 3851
3978 3846 3696
3978 3696 3977
3987 3938 3988
3988 3989 3854
3988 3854 3855
3989 3990 3720
3989 3720 3854
3991 3719 3720
3991 3720 3990
3719 3991 3992
3719 3992 3867
3415 3408 3411
3415 3411 3416
3776 3665 3664
3776 3664 3773
3771 3669 3668
3771 3668 3677
3993 3994 3682
3993 3682 3684
3995 3671 3996
3997 3998 3780
3997 3780 3670
3999 3673 4000
3672 4001 4002
3672 4002 3772
3772 4002 3919
3941 3940 4003
4003 4004 3553
4003 3553 3909
3553 4004 4005
3553 4005 3552
4006 3888 3552
4006 3552 4005
3556 3815 4007
3556 4007 4008
4008 4009 3554
4008 3554 3556
4010 3796 3554
4010 3554 4009
3796 4010 4011
3796 4011 3797
4012 3798 3797
4012 3797 4011
3799 3798 4012
3799 4012 4013
3799 4013 4014
3799 4014 3480
3490 3489 3787
3490 3787 3505
3460 3459 3754
3460 3754 3753
3469 3912 3911
3469 3911 4015
3469 4015 4016
4017 4018 4019
4017 4019 3467
4020 3467 4019
3464 4021 3451
3464 3451 3450
3480 4014 3784
3480 3784 3783
4022 4023 4024
4022 4024 3685
3686 3685 4024
4025 4026 4027
4025 4027 4028
4029 4030 4027
4029 4027 4026
3895 4030 4029
3895 4029 4031
3895 4031 3896
3498 3496 4032
3498 4032 4033
3498 4033 4034
4035 3501 4036
4037 3918 3500
4037 3500 4038
3945 3918 4037
3617 4039 3619
3617 3619 3614
3790 3789 4040
3790 4040 4041
4041 4042 3585
4041 3585 3790
4043 3586 3585
4043 3585 4042
4044 3806 3586
4044 3586 4043
4045 4046 3580
4045 3580 3579
4047 3590 3580
4047 3580 4046
3590 4047 4048
3590 4048 3591
4048 3577 4049
3587 4040 3789
3587 3789 3588
4050 3605 4051
4052 3609 4053
3606 4054 4055
3606 4055 3765
3958 3765 4055
4056 4057 4058
4056 4058 4022
4059 4060 4061
4059 4061 3732
3684 3660 3659
3684 3659 4061
3678 3649 3652
3678 3652 3626
3652 4062 3627
3652 3627 3626
3889 3683 3636
3889 3636 3635
3636 3683 3682
3636 3682 3671
3682 3994 3996
3682 3996 3671
3873 3679 3663
3873 3663 3662
3663 3679 3649
3663 3649 3678
4063 3769 4064
3638 3769 4063
3638 4063 4065
3638 4065 4066
4067 4068 3782
4067 3782 3639
3634 4069 4070
3890 3889 3635
3890 3635 4071
3651 3653 4062
3651 4062 3652
3884 3807 4072
3884 4072 3885
4073 4074 4075
4073 4075 3604
3604 4075 4076
3604 4076 3575
3571 3810 4076
3571 4076 3608
3568 3562 3572
3568 3572 3574
3468 3500 3918
3468 3918 3917
3491 3801 4077
3491 4077 3488
4078 4079 4080
4078 4080 3499
3499 4080 4081
3499 4081 3466
3466 4081 4017
3466 4017 3467
3498 3465 3462
3498 3462 3496
3462 3465 3464
3462 3464 3450
3456 3476 3785
3456 3785 3457
3569 3571 3608
3569 3608 3607
3897 3421 4082
3897 4082 4083
3421 3420 4084
3421 4084 4082
3691 3690 3693
3691 3693 3692
3727 3726 3712
3727 3712 3711
3845 3853 3727
3845 3727 3711
3690 3857 3860
3690 3860 3693
3844 3691 3692
3844 3692 3845
3483 3799 3480
3615 3624 3800
3615 3800 3588
3893 3892 3800
3893 3800 3624
3730 3482 3800
3730 3800 3892
3482 3481 3485
3482 3485 3800
3614 3618 3623
3623 3618 3651
3685 3687 4056
3685 4056 4022
3713 3716 3718
3713 3718 3717
3724 3723 3729
3724 3729 3728
4085 4086 3864
4085 3864 3866
3853 3695 3718
3853 3718 3852
3723 3905 4087
3723 4087 3729
3726 4088 4089
3726 4089 3712
4090 4091 4092
4090 4092 4093
4094 4095 4096
4094 4096 4023
4097 3448 3428
4098 4099 3449
4098 3449 3448
4100 4098 4097
4101 4102 4103
3479 3557 3538
3479 3538 3537
3479 3478 3463
3479 3463 3453
3557 4104 4105
3557 4105 3558
4105 4104 3453
4105 3453 3452
3463 3478 3509
3463 3509 3497
3970 4032 3496
3970 3496 3497
3971 3565 3564
3971 3564 3969
3593 3658 3603
3593 3603 3573
3603 4106 4107
3603 4107 3972
3660 3683 3889
3660 3889 3661
4107 4106 3661
4107 3661 3891
4104 3557 3479
3509 3971 3497
3658 4106 3603
3824 3827 3876
3824 3823 3879
3824 3879 3878
4108 4109 4110
4109 4111 4112
4109 4112 4113
4114 4115 4113
4114 4113 4112
4113 4115 4116
3944 3946 3832
3944 3832 3831
4117 4118 4119
4119 4120 4121
4119 4121 4117
4122 4123 4117
4122 4117 4121
4123 4124 4117
3912 3469 3468
3912 3468 3917
3912 3917 3833
3912 3833 3830
3833 3832 3828
4125 3610 3612
4126 4127 4128
4126 4128 4129
4127 4130 4128
4131 4132 4128
4132 4133 4129
4132 4129 4128
3700 4134 4135
3700 4135 3701
4136 4137 4138
4136 4138 4139
3700 3986 4140
3700 4140 4134
4141 3983 3982
4141 3982 4142
4102 4143 4144
4102 4144 4145
4144 4146 3982
4144 3982 3981
3477 3479 3537
3477 3537 4147
3704 3712 4089
3704 4089 4148
4088 3726 3729
4088 3729 4087
4088 4149 4150
4088 4150 4089
3906 4089 4150
4149 4088 4087
4149 4087 4151
4152 3980 4153
3905 3904 4087
4154 4155 4156
4154 4156 4157
4156 4155 4158
4159 4160 4156
4160 4161 4157
4160 4157 4156
4136 4139 3701
4136 3701 4135
4162 4163 4164
4165 4083 4082
4165 4082 4166
4167 4166 4082
4167 4082 4084
4163 4168 4169
4170 4171 4169
4163 4169 4172
4163 4172 4164
3960 3531 3541
3960 3541 4173
4173 3541 3540
4173 3540 4174
4147 3537 3536
4147 3536 3870
3422 3896 4175
3856 4141 4142
3856 4142 3857
3859 3694 3693
3859 3693 3860
4135 4134 3863
4135 3863 3862
4086 4176 3865
4086 3865 3864
3859 3858 4085
3859 4085 3866
4136 4135 3862
4136 3862 3867
3863 4134 4140
3863 4140 3975
4137 4136 3867
4137 3867 3992
3857 4142 3861
3857 3861 3860
3713 3717 3866
3713 3866 3864
4103 4145 4168
4168 4145 4177
3423 4175 3740
3701 4139 3424
3701 3424 3702
3861 4146 4178
3861 4178 3858
3861 4142 3982
3861 3982 4146
4179 4085 3858
4179 3858 4178
3427 3736 4180
3427 4180 3735
4147 3870 4181
4100 4097 4182
4183 4184 4185
4031 4029 3431
4031 3431 3430
4175 4031 3430
3737 3740 3435
3737 3435 3434
4026 4025 4093
4026 4093 4092
4147 4181 4186
4181 4179 4187
4188 4083 4165
3872 3737 3434
3872 3434 4189
4188 4165 4190
4101 4162 4191
4168 4170 4169
4169 4171 4192
4169 4192 4172
4193 3898 3897
4193 3897 4083
3535 3538 3794
3535 3794 3792
4085 4179 4194
4085 4194 4086
4195 4196 4194
4195 4194 4197
4196 4176 4086
4196 4086 4194
4179 4197 4194
3435 4175 3430
3993 3684 4061
3993 4061 4060
3874 4057 4056
3874 4056 3680
3680 4056 3687
3680 3687 3650
3687 3623 3651
3687 3651 3650
4198 4187 4143
4198 4143 4102
3812 3544 3543
3812 3543 3813
3817 3888 3815
3817 3815 3814
3816 3515 3547
3816 3547 3813
3555 3880 3818
3555 3818 3814
3517 3512 3820
3517 3820 3816
4199 3516 3820
4199 3820 3821
3880 3974 3965
3880 3965 3818
3888 4006 4007
3888 4007 3815
4185 4191 4183
4185 4184 3734
4185 3734 4200
4182 4162 4201
4186 4202 4203
3667 3666 3775
3667 3775 3774
3777 3645 3667
3777 3667 3774
3646 3648 3778
3646 3778 3777
3633 3670 3780
3633 3780 3779
3648 3886 3781
3648 3781 3778
3779 3640 3639
3779 3639 3782
4000 3673 3780
4000 3780 3998
4069 3634 3782
4069 3782 4068
3583 3586 3806
3583 3806 3805
3807 3884 3583
3807 3583 3805
4204 3566 3810
4204 3810 3809
4045 3579 3806
4045 3806 4044
3599 3598 4072
3599 4072 3807
4053 3609 4075
4053 4075 4074
3609 3608 4076
3609 4076 4075
3566 3575 4076
3566 4076 3810
3595 3594 4039
3595 4039 3617
3973 4051 3605
3973 3605 3602
3602 3605 3574
3602 3574 3572
3491 3883 3802
3491 3802 3801
3883 3455 3803
3883 3803 3802
3458 3461 3803
3458 3803 3804
4017 3470 4205
4017 4205 4018
3493 3492 4077
3493 4077 3801
4036 3501 4080
4036 4080 4079
4080 3501 3471
4080 3471 4081
4081 3471 3470
4081 3470 4017
3728 3852 3850
3728 3850 3724
3409 3412 3413
3409 3413 3410
3416 3411 3440
3410 3441 3440
3410 3440 3411
4206 3902 3440
3413 3443 3441
3413 3441 3410
3443 3442 3439
3443 3439 3441
3432 3431 4092
3432 4092 4091
4026 4092 3431
4026 3431 4029
4025 4207 4208
4025 4208 4093
4093 4208 4209
4093 4209 4090
4206 4210 3902
4096 4095 4207
3437 3901 4211
3437 4211 3438
3901 3902 4210
3901 4210 4211
4175 3423 3422
3869 4197 3870
3438 4212 3436
4186 3477 4147
4189 3434 4213
3433 3435 3429
4213 3434 3433
4104 3479 3453
3509 3565 3971
3658 3661 4106
3416 3440 3902
4028 4096 4025
4162 4183 4191
4182 4214 4183
3658 4215 3659
4061 3659 3733
4061 3733 3732
4198 4101 4191
4216 4217 4170
4216 4170 4177
4191 4202 4186
4181 4198 4186
3478 3477 3508
3427 4214 3428
4191 4185 4202
4215 3508 4203
4215 4203 4200
3593 4215 3658
3435 3740 4175
3422 4218 4174
3422 4174 3540
4138 4218 3425
4113 4116 4219
4049 3577 3576
3923 3922 4220
3759 3935 3760
3958 3934 3765
3569 3761 3570
3571 3570 3808
3606 4052 4054
3606 3609 4052
3604 4050 4073
3604 3605 4050
3566 4204 3567
3568 3567 3788
3464 4020 4021
3464 3467 4020
3469 4016 3470
3470 4016 4205
3500 4035 4038
3500 3501 4035
3498 4034 3499
3499 4034 4078
3543 3545 3548
3548 3545 3748
3882 3546 3795
3882 3811 3547
3881 3516 4199
3513 3516 3881
3510 3519 3746
3510 3512 3519
3638 4066 3639
3639 4066 4067
3634 4070 3635
3635 4070 4071
3672 3999 4001
3672 3673 3999
3670 3995 3997
3670 3671 3995
4181 3870 4197
4195 4197 3869
3422 3540 3896
3896 4031 4175
3423 3740 3739
4198 4102 4101
4102 4145 4103
4163 4103 4168
4168 4177 4170
4198 4191 4186
4188 4193 4083
4097 4214 4182
3927 3935 3928
3934 3949 3837
4064 3840 3953
3841 3920 3842
3838 3840 3959
3959 3841 3838
3838 3953 3839
3838 3842 3920
4064 3769 3840
4221 3642 3641
4222 3955 3954
3772 3919 3841
3831 3916 3944
3830 3829 3913
3948 4223 3915
3945 3916 3918
3913 3912 3830
3741 4224 3742
3833 3828 3830
3831 3833 3916
3834 3928 3835
3835 3934 3837
3824 3876 3825
3826 3824 3878
3744 3822 3875
4225 3533 3532
3939 4226 3940
3877 3879 3750
3722 3904 3723
3936 3938 3987
4148 3906 3704
4152 4153 4227
4153 3980 3979
3987 3988 3855
3968 3534 3907
3941 4003 3909
3751 3743 3752
3914 3757 3756
4048 4049 3591
3921 3763 3622
3654 3767 3643
3770 3681 3956
3906 4148 4089
4087 3904 4151
4152 4227 4228
3936 4229 3937
3593 3508 4215
4170 4217 4171
4103 4163 4101
4101 4163 4162
4162 4164 4201
4182 4201 4100
4097 4098 3448
4097 3428 4214
4179 4181 4197
3427 4184 4214
4183 4214 4184
4182 4183 4162
3659 4215 3733
4096 4207 4025
4206 3440 3439
4225 4230 3533
3939 4230 4226
4110 4113 4219
4116 4115 4231
4110 4109 4113
4224 4232 3742
4223 4232 4233
4234 4124 4123
4235 3503 3947
3504 3503 4236
4118 4237 4119
4117 4124 4238
4238 4118 4117
4232 4223 3948
4232 4224 4233
3549 3551 4239
4239 3942 3549
3578 4240 3576
4240 4220 3922
3951 3931 4241
4242 3610 4125
3610 4243 3611
4244 3933 3924
3925 3931 3951
3924 3933 3925
4245 3642 4221
3954 4245 4222
4246 4130 4127
3675 3957 4247
3676 3675 4248
4249 4132 4131
4128 4130 4250
4131 4128 4250
4245 4221 4251
4222 4245 4251
4252 4240 3578
4252 4220 4240
4253 4230 4225
4226 4230 4253
4152 4228 4254
4229 3936 4254
4254 4228 4255
4229 4254 4255
4155 4256 4158
3710 3709 4257
3710 4258 3725
4259 4160 4159
4156 4158 4260
4159 4156 4260
4261 4262 4263
4264 4265 4263
4264 4263 4266
4267 4268 4264
4267 4264 4266
4269 4270 4271
4269 4271 4272
4273 4274 4275
4273 4275 4276
4277 4272 4271
4277 4271 4278
4277 4278 4274
4277 4274 4273
4279 4276 4275
4279 4275 4280
4262 4261 4281
4282 4283 4284
4282 4284 4285
4282 4262 4281
4270 4269 4268
4270 4268 4267
3293 4286 4287
3293 4287 3294
3313 4288 4289
3313 4289 3327
4290 4288 3313
4290 3313 3312
3312 3315 4291
3312 4291 4290
4292 3317 3316
4292 3316 4293
3315 3323 4294
3315 4294 4291
4287 4294 3323
4287 3323 3294
4295 4296 3325
4295 3325 3368
4296 4286 3293
4296 3293 3325
4297 3346 4298
4293 3316 3346
4293 3346 4297
3364 4299 4300
3364 4300 3365
4299 3364 3317
4299 3317 4292
4301 4302 4303
4301 4303 4304
4305 4306 4307
4305 4307 4308
4309 4308 4310
4309 4310 4311
4303 4312 4313
4303 4313 4314
4315 4316 4317
4315 4317 4318
4319 4320 4321
4319 4321 4304
4322 4323 4324
4322 4324 4305
4325 4326 4327
4325 4327 4328
4329 4330 4331
4329 4331 4332
4326 4333 4334
4326 4334 4327
4333 4326 4331
4333 4331 4335
4290 4291 4336
4290 4336 4337
4338 4339 4337
4338 4337 4336
4291 4294 4340
4291 4340 4336
4341 4288 4290
4341 4290 4337
4341 4337 4339
4341 4339 4342
4294 4287 4343
4294 4343 4340
4289 4288 4341
4289 4341 4344
4345 4344 4341
4345 4341 4342
4346 4347 4348
4346 4348 4349
4286 4350 4343
4286 4343 4287
4351 4352 4353
4351 4353 4354
4355 4329 4348
4355 4348 4347
4350 4286 4296
4350 4296 4356
4356 4357 4358
4356 4358 4359
4352 4360 4361
4352 4361 4353
4362 4363 4361
4362 4361 4360
4364 4352 4351
4364 4351 4365
4331 4330 4366
4331 4366 4335
4367 4368 4369
4367 4369 4370
4362 4360 4369
4362 4369 4368
4272 4371 4372
4272 4372 4269
4373 4264 4268
4373 4268 4374
4272 4277 4375
4272 4375 4371
4376 4261 4265
4376 4265 4377
4373 4377 4265
4373 4265 4264
4273 4276 4378
4273 4378 4379
4261 4376 4380
4261 4380 4281
4381 4382 4284
4381 4284 4283
4353 4297 4298
4353 4298 4354
4314 4313 4315
4314 4315 4318
4277 4273 4379
4277 4379 4375
4276 4279 4383
4276 4383 4378
4316 4384 4385
4316 4385 4317
4386 4387 4317
4386 4317 4385
4388 4389 4390
4388 4390 4391
4357 4356 4296
4357 4296 4295
4370 4320 4319
4370 4319 4367
4312 4303 4302
4312 4302 4392
4307 4393 4310
4307 4310 4308
4306 4305 4324
4306 4324 4394
4314 4319 4304
4314 4304 4303
4314 4318 4367
4314 4367 4319
4371 4375 4395
4371 4395 4396
4371 4396 4397
4371 4397 4372
4307 4398 4399
4307 4399 4393
4374 4399 4398
4374 4398 4373
4377 4400 4401
4377 4401 4376
4328 4327 4402
4328 4402 4403
4327 4334 4404
4327 4404 4402
4316 4405 4406
4316 4406 4384
4407 4405 4316
4407 4316 4315
4407 4395 4375
4407 4375 4379
4344 4345 4351
4344 4351 4354
4408 4365 4351
4408 4351 4345
4318 4317 4387
4318 4387 4367
4321 4320 4364
4321 4364 4365
4320 4370 4369
4320 4369 4364
4386 4391 4390
4386 4390 4387
4387 4390 4368
4387 4368 4367
4325 4328 4394
4325 4394 4409
4394 4328 4403
4394 4403 4401
4313 4312 4396
4313 4396 4395
4396 4312 4392
4396 4392 4397
4400 4306 4394
4400 4394 4401
4403 4402 4381
4403 4381 4380
4402 4404 4382
4402 4382 4381
4405 4378 4383
4405 4383 4406
4379 4378 4405
4379 4405 4407
4315 4313 4395
4315 4395 4407
4380 4376 4401
4380 4401 4403
4332 4325 4409
4332 4409 4410
4411 4346 4412
4411 4412 4413
4411 4414 4347
4411 4347 4346
4293 4297 4353
4293 4353 4361
4289 4344 4354
4289 4354 4298
4408 4304 4321
4408 4321 4365
4311 4415 4416
4311 4416 4309
4408 4417 4301
4408 4301 4304
4338 4416 4415
4338 4415 4339
4408 4345 4342
4408 4342 4417
4358 4366 4330
4358 4330 4359
4411 4413 4340
4411 4340 4343
4414 4411 4343
4414 4343 4350
4350 4356 4359
4350 4359 4414
4299 4418 4419
4299 4419 4300
4419 4418 4389
4419 4389 4388
4310 4302 4301
4310 4301 4311
4311 4301 4417
4311 4417 4415
4415 4417 4342
4415 4342 4339
4281 4380 4381
4281 4381 4283
4268 4269 4372
4268 4372 4374
4372 4397 4399
4372 4399 4374
4397 4392 4393
4397 4393 4399
4393 4392 4302
4393 4302 4310
4420 4349 4421
4420 4421 4323
4421 4422 4324
4421 4324 4323
4422 4409 4394
4422 4394 4324
4409 4422 4421
4409 4421 4410
4421 4349 4348
4421 4348 4410
4420 4323 4322
4420 4322 4423
4309 4416 4423
4309 4423 4322
4325 4332 4331
4325 4331 4326
4410 4348 4329
4410 4329 4332
4355 4359 4330
4355 4330 4329
4414 4359 4355
4414 4355 4347
4309 4322 4305
4309 4305 4308
4306 4400 4398
4306 4398 4307
4400 4377 4373
4400 4373 4398
4424 4338 4336
4424 4336 4425
4423 4424 4425
4423 4425 4420
4423 4416 4338
4423 4338 4424
4425 4336 4340
4425 4340 4413
4425 4413 4412
4425 4412 4420
4420 4412 4346
4420 4346 4349
4368 4390 4389
4368 4389 4362
4361 4363 4292
4361 4292 4293
4363 4418 4299
4363 4299 4292
4362 4389 4418
4362 4418 4363
4352 4364 4369
4352 4369 4360
4298 3327 4289
3346 3327 4298
4282 4281 4283
4261 4263 4265
4426 4427 4428
4426 4428 4429
4430 3397 3264
4426 4431 4432
4426 4432 4427
3393 3394 4432
4431 3392 3393
4429 4430 3391
4426 3391 3270
4426 3270 4431
3219 4433 4434
3219 4434 3218
3242 4435 4436
3242 4436 3241
4433 3219 3220
3188 4437 4438
3188 4438 3187
4439 3273 3187
4439 3187 4438
3380 4440 3276
4441 3245 3241
4441 3241 4436
4435 3242 3218
4435 3218 4434
4442 4443 4444
4442 4444 4445
4444 4446 4447
4444 4447 4445
4448 4449 4442
4448 4442 4445
4443 4442 4450
4443 4450 4451
4452 4448 4445
4452 4445 4447
4442 4449 4453
4442 4453 4450
4454 4455 4456
4454 4456 4457
4458 4459 4460
4458 4460 4461
4461 4460 4462
4461 4462 4463
4459 4458 4457
4459 4457 4456
4457 4464 4465
4457 4465 4454
4458 4466 4464
4458 4464 4457
4466 4461 4467
4450 4453 4455
4450 4455 4454
4468 4450 4454
4468 4454 4465
4450 4468 4451
4447 4469 4470
4447 4470 4452
4446 4471 4469
4446 4469 4447
4472 4473 4474
4475 4472 4474
4476 4477 4478
4479 4480 4481
4482 4483 4484
4482 4484 4485
4486 4482 4485
4486 4485 4487
4484 4479 4481
4488 4489 4490
4488 4490 4491
4488 4492 4493
4491 4494 4495
4488 4496 4497
4489 4493 4498
4492 4488 4497
4489 4473 4499
4500 4491 4490
4501 4502 4503
4501 4504 4502
4477 4476 4505
4477 4505 4506
4507 4456 4455
4508 4460 4459
4508 4459 4509
4510 4448 4452
4510 4452 4511
4512 4462 4460
4512 4460 4508
4509 4507 4513
4509 4513 4514
4515 4516 4517
4515 4517 4518
4514 4519 4508
4514 4508 4509
4510 4520 4521
4512 4508 4519
4512 4519 4522
4510 4521 4518
4510 4518 4517
4522 4519 4523
4522 4523 4524
4513 4525 4526
4513 4526 4514
4492 4515 4518
4492 4518 4493
4498 4493 4518
4498 4518 4521
4473 4521 4520
4456 4507 4509
4456 4509 4459
4455 4453 4516
4453 4517 4516
4448 4510 4517
4448 4517 4449
4527 4520 4528
4529 4474 4527
4528 4511 4452
4528 4452 4470
4474 4473 4520
4514 4530 4519
4531 4492 4532
4478 4500 4490
4478 4490 4476
4476 4480 4505
4490 4489 4476
4476 4489 4481
4484 4499 4472
4484 4472 4485
4485 4472 4475
4485 4475 4487
4481 4489 4499
4505 4533 4506
4495 4496 4491
4488 4491 4496
4491 4500 4494
4492 4497 4532
4513 4531 4525
4514 4526 4530
4530 4523 4519
4506 4533 4502
4506 4502 4534
4481 4499 4484
4498 4473 4489
4476 4481 4480
4483 4479 4484
4449 4517 4453
4507 4455 4516
4511 4520 4510
4528 4520 4511
4527 4474 4520
4473 4498 4521
4433 3220 4439
4439 3220 3273
4489 4488 4493
4472 4499 4473
4475 4474 4529
4492 4531 4513
4492 4513 4515
4516 4515 4513
4516 4513 4507
4466 4458 4461
4467 4461 4463
4535 4502 4533
4504 4536 4537
4503 4535 4538
4502 4504 4534
4503 4502 4535
4534 4504 4537
4539 4540 4541
4539 4541 4542
4543 4544 4545
4543 4545 4546
4547 4548 4549
4547 4542 4550
4550 4551 4552
4550 4552 4553
4547 4543 4546
4554 4555 4556
4553 4552 4557
4553 4557 4558
4539 4542 4547
4556 4559 4560
4556 4560 4561
4562 4563 4564
4565 4566 4567
4558 4557 4568
4558 4568 4569
4570 4571 4572
4570 4572 4573
4570 4573 4574
4570 4574 4575
4576 4577 4566
4554 4578 4555
4565 4579 4566
4580 4581 4582
4560 4563 4561
4564 4567 4566
4564 4566 4562
4547 4583 4571
4551 4550 4542
4551 4542 4541
4544 4543 4549
4544 4549 4584
4585 4548 4569
4585 4569 4568
4549 4548 4585
4549 4585 4584
4539 4575 4574
4539 4574 4540
4554 4586 4578
4547 4569 4548
4547 4549 4543
4587 4581 4588
4581 4587 4582
4539 4547 4575
4570 4575 4547
4563 4562 4561
4555 4559 4556
4554 4589 4586
4590 4591 4566
4570 4547 4571
4592 4572 4571
4592 4571 4583
4566 4577 4590
4579 4576 4566
4547 4550 4553
4558 4569 4547
4558 4547 4553
3395 3383 3257
3270 3392 4431
3393 4432 4431
4429 3391 4426
4430 3264 3391
3290 4593 3387
3290 3288 4593
3229 3286 3253
3229 3238 3286
3197 3196 3396
3283 3282 3382
3264 3397 3263
3238 3390 3287
3390 3237 3397
3395 3257 3259
4594 4595 4596
4594 4596 4597
4595 4598 4599
4597 4600 4601
4597 4601 4594
4598 4602 4603
4598 4603 4599
4596 4604 4605
4606 4607 4608
4606 4608 4605
4605 4608 4600
4605 4600 4597
4603 4609 4610
4604 4611 4612
4604 4612 4606
4606 4612 4613
4606 4613 4607
4604 4614 4615
4611 4616 4617
4604 4615 4618
4616 4619 4620
4616 4620 4621
4622 4623 4624
4616 4625 4619
4616 4611 4618
4616 4618 4625
4626 4627 4628
4615 4629 4618
4618 4629 4630
4615 4614 4631
4596 4599 4610
4626 4619 4632
4633 4634 4635
4636 4637 4634
4638 4639 4640
4638 4640 4641
4642 4643 4644
4645 4646 4647
4647 4648 4643
4649 4650 4640
4649 4640 4639
4651 4652 4649
4648 4653 4654
4652 4655 4656
4656 4657 4650
4656 4650 4649
4655 4658 4659
4656 4659 4660
4656 4660 4657
4655 4661 4662
4658 4663 4664
4659 4664 4665
4663 4666 4664
4663 4667 4666
4663 4662 4668
4661 4655 4654
4658 4662 4663
4664 4666 4669
4669 4670 4665
4669 4665 4664
4658 4664 4659
4666 4671 4669
4672 4673 4674
4675 4676 4674
4676 4670 4669
4676 4669 4674
4673 4677 4678
4675 4678 4679
4675 4680 4676
4677 4595 4678
4678 4594 4601
4678 4601 4681
4678 4681 4679
4673 4682 4683
4673 4683 4677
4683 4684 4677
4677 4684 4595
4595 4684 4598
4596 4614 4604
4685 4686 4613
4685 4613 4612
4611 4617 4612
4687 4685 4617
4687 4617 4621
4622 4688 4689
4689 4688 4690
4689 4690 4691
4688 4635 4690
4692 4693 4691
4692 4691 4690
4647 4646 4694
4645 4647 4642
4627 4695 4633
4635 4696 4690
4635 4627 4633
4621 4620 4624
4621 4624 4687
4628 4635 4688
4621 4617 4616
4666 4667 4697
4698 4682 4672
4672 4682 4673
4682 4698 4699
4700 4701 4683
4701 4602 4598
4595 4599 4596
4614 4610 4609
4614 4609 4631
4596 4610 4614
4596 4605 4597
4625 4630 4702
4618 4630 4625
4628 4620 4619
4628 4619 4626
4619 4702 4632
4622 4624 4620
4622 4620 4628
4624 4703 4687
4624 4623 4703
4619 4625 4702
4626 4704 4627
4697 4667 4705
4697 4705 4706
4671 4697 4672
4697 4706 4698
4672 4697 4698
4668 4707 4705
4661 4707 4668
4669 4671 4674
4674 4671 4672
4600 4708 4709
4600 4709 4601
4608 4708 4600
4607 4710 4708
4607 4708 4608
4613 4710 4607
4711 4712 4713
4693 4714 4691
4650 4715 4716
4650 4716 4640
4665 4717 4660
4680 4718 4676
4679 4719 4718
4679 4718 4680
4681 4719 4679
4601 4709 4719
4601 4719 4681
4686 4712 4613
4640 4716 4641
4652 4651 4654
4644 4651 4649
4644 4649 4639
4720 4642 4644
4638 4720 4644
4634 4637 4721
4661 4653 4722
4655 4659 4656
4691 4714 4689
4602 4723 4603
4629 4724 4725
4629 4725 4630
4695 4726 4727
4645 4728 4646
4699 4729 4730
4699 4730 4700
4700 4730 4701
4701 4730 4723
4603 4723 4609
4702 4731 4732
4702 4732 4632
4630 4725 4702
4704 4632 4732
4704 4732 4733
4706 4729 4698
4707 4734 4705
4637 4636 4727
4637 4727 4735
4694 4736 4707
4683 4701 4684
4705 4734 4706
4646 4736 4694
4637 4735 4721
4735 4727 4737
4701 4723 4602
4723 4738 4739
4729 4740 4741
4742 4719 4709
4742 4709 4743
4730 4738 4723
4676 4718 4670
4729 4734 4744
4729 4744 4740
4708 4710 4745
4708 4745 4746
4734 4736 4747
4734 4747 4744
4748 4712 4749
4724 4750 4725
4631 4750 4724
4708 4746 4743
4708 4743 4709
4719 4742 4751
4719 4751 4718
4741 4738 4730
4718 4751 4752
4718 4752 4717
4752 4753 4715
4752 4715 4717
4739 4750 4631
4749 4712 4754
4745 4710 4712
4646 4728 4736
4729 4741 4730
4659 4665 4660
4662 4661 4668
4655 4662 4658
4644 4643 4651
4647 4643 4642
4661 4654 4653
4654 4655 4652
4652 4656 4649
4643 4648 4651
4648 4654 4651
4638 4644 4639
4689 4714 4754
4612 4617 4685
4702 4725 4731
4748 4745 4712
4670 4718 4717
4670 4717 4665
4660 4717 4657
4657 4717 4715
4657 4715 4650
4663 4668 4667
4666 4697 4671
4706 4734 4729
4729 4699 4698
4682 4699 4700
4682 4700 4683
4615 4631 4629
4628 4627 4635
4690 4696 4692
4635 4634 4696
4696 4634 4755
4634 4721 4755
4737 4756 4757
4728 4747 4736
4737 4727 4756
4756 4727 4726
4753 4716 4715
4753 4758 4716
4759 4749 4754
4714 4759 4754
4728 4760 4747
4731 4726 4732
4707 4736 4734
4648 4694 4722
4648 4722 4653
4694 4707 4722
4661 4722 4707
4704 4733 4695
4733 4732 4726
4695 4733 4726
4633 4695 4636
4627 4704 4695
4628 4688 4622
4647 4694 4648
4609 4723 4631
4678 4595 4594
4636 4634 4633
4695 4727 4636
4731 4756 4726
4725 4750 4731
4603 4610 4599
4629 4631 4724
4604 4618 4611
4626 4632 4704
4721 4735 4737
4668 4705 4667
4674 4673 4675
4675 4679 4680
4673 4678 4675
4711 4754 4712
4687 4703 4686
4623 4622 4689
4703 4623 4711
4703 4711 4713
4623 4689 4711
4711 4689 4754
4713 4712 4686
4686 4703 4713
4687 4686 4685
4613 4712 4710
4723 4739 4631
4701 4598 4684
4605 4604 4606
4761 4762 4763
4761 4763 4764
4765 4761 4764
4765 4764 4766
4767 4765 4766
4767 4766 4768
4769 4767 4768
4769 4768 4770
4771 4769 4770
4771 4770 4772
4773 4771 4772
4773 4772 4774
4775 4773 4774
4775 4774 4776
4777 4775 4776
4777 4776 4778
4779 4777 4778
4779 4778 4780
4781 4782 4783
4781 4783 4784
4785 4781 4784
4785 4784 4786
4762 4785 4786
4762 4786 4763
4787 4788 4789
4787 4789 4790
4791 4792 4793
4791 4793 4794
4795 4796 4792
4795 4792 4791
4794 4793 4789
4794 4789 4788
4787 4790 4797
4796 4795 4798
4799 4800 4801
4801 4802 4803
4804 4805 4806
4804 4806 4807
4805 4808 4809
4805 4809 4806
4810 4811 4804
4810 4804 4807
4812 4813 4814
4812 4814 4815
4815 4814 4816
4817 4818 4819
4817 4819 4820
4821 4822 4823
4821 4823 4824
4824 4825 4826
4824 4826 4827
4828 4807 4806
4828 4806 4829
4829 4806 4809
4829 4809 4830
4831 4810 4807
4831 4807 4828
4832 4817 4820
4832 4820 4833
4820 4809 4808
4820 4808 4833
4830 4809 4820
4830 4820 4819
4815 4816 4834
4815 4834 4835
4824 4823 4825
4801 4803 4836
4803 4802 4837
4801 4800 4802
4802 4800 4838
4839 4840 4841
4841 4842 4843
4844 4845 4846
4844 4846 4847
4845 4848 4849
4845 4849 4846
4850 4851 4844
4850 4844 4847
4852 4853 4854
4852 4854 4855
4855 4854 4856
4857 4858 4859
4857 4859 4860
4861 4862 4863
4861 4863 4864
4864 4865 4866
4864 4866 4867
4868 4847 4846
4868 4846 4869
4869 4846 4849
4869 4849 4870
4871 4850 4847
4871 4847 4868
4872 4857 4860
4872 4860 4873
4860 4849 4848
4860 4848 4873
4870 4849 4860
4870 4860 4859
4855 4856 4874
4855 4874 4875
4864 4863 4865
4841 4843 4876
4843 4842 4877
4841 4840 4842
4842 4840 4878
4879 4880 4881
4879 4881 4882
4883 4881 4880
4883 4880 4884
4885 4883 4884
4885 4884 4886
4886 4887 4888
4886 4888 4885
4879 4882 4889
4879 4889 4890
4891 4890 4889
4891 4889 4892
4893 4894 4895
4893 4895 4896
4895 4897 4896
4894 4893 4891
4894 4891 4892
4898 4899 4900
4898 4900 4901
4902 4903 4899
4902 4899 4898
4904 4905 4906
4904 4906 4907
4908 4909 4910
4908 4910 4911
4912 4913 4914
4912 4914 4915
4916 4917 4914
4916 4914 4913
4918 4919 4920
4918 4920 4921
4922 4918 4921
4919 4917 4916
4919 4916 4920
4923 4924 4925
4923 4925 4926
4927 4928 4929
4927 4929 4930
4931 4932 4924
4931 4924 4923
4933 4934 4935
4933 4935 4936
4937 4933 4936
4937 4936 4938
4939 4940 4932
4939 4932 4931
4941 4942 4943
4941 4943 4944
4939 4945 4946
4939 4946 4940
4947 4948 4949
4947 4949 4950
4951 4952 4929
4951 4929 4928
4953 4926 4925
4953 4925 4954
4951 4955 4956
4951 4956 4952
4953 4954 4957
4953 4957 4958
4959 4960 4961
4959 4961 4962
4963 4964 4965
4963 4965 4966
4967 4968 4969
4967 4969 4970
4971 4972 4973
4971 4973 4974
4958 4957 4965
4958 4965 4964
4955 4962 4961
4955 4961 4956
4975 4976 4977
4975 4977 4978
4979 4980 4981
4979 4981 4982
4983 4984 4985
4986 4987 4988
4986 4988 4989
4990 4991 4992
4990 4992 4993
4994 4978 4977
4994 4977 4995
4996 4997 4998
4999 5000 5001
4999 5001 5002
5003 5004 5005
5003 5005 5006
4996 5007 5008
4996 5008 5009
5010 5011 5012
5010 5012 4998
5013 5014 4989
5015 4997 5009
5016 5017 5005
5016 5005 5004
5018 4993 4992
5018 4992 5019
5020 5013 4999
5021 5022 4997
5021 4997 4981
5023 5006 5005
5023 5005 4985
5024 5025 4992
5024 4992 4991
5026 4999 5002
5026 5002 5027
4998 5012 5007
4998 5007 4996
5000 4989 4988
5000 4988 5001
5028 5009 5008
5028 5008 5029
4998 5022 5010
5020 4999 5026
4989 5014 4986
5015 5009 5028
5013 4977 4976
5013 4976 5014
4982 4981 4997
4982 4997 5015
5030 4985 5005
5030 5005 5017
4995 4977 5013
4995 5013 5020
5031 5019 4992
5031 4992 5025
5018 5019 5032
5033 5021 4981
5033 4981 4980
5023 4985 4984
4998 4997 5022
5013 4989 5000
5009 4997 4996
4999 5013 5000
5034 5019 5031
5032 5019 5034
4983 4985 5030
5035 5036 5037
5035 5037 5038
5039 5040 5041
5039 5041 5042
5043 5044 5045
5046 5047 5048
5046 5048 5049
5050 5051 5052
5050 5052 5053
5054 5055 5056
5054 5056 5057
5037 5036 5058
5037 5058 5059
5060 5061 5062
5063 5064 5065
5063 5065 5066
5057 5056 5067
5057 5067 5068
5069 5070 5071
5069 5071 5072
5073 5074 5060
5073 5060 5075
5076 5077 5078
5076 5078 5061
5079 5047 5080
5081 5075 5062
5069 5082 5083
5069 5083 5070
5052 5051 5084
5052 5084 5085
5086 5065 5079
5062 5087 5088
5062 5088 5041
5069 5072 5089
5069 5089 5044
5052 5090 5091
5052 5091 5053
5066 5065 5092
5066 5092 5093
5061 5060 5074
5061 5074 5076
5048 5047 5064
5048 5064 5063
5073 5075 5094
5073 5094 5095
5061 5078 5087
5086 5092 5065
5047 5046 5080
5081 5094 5075
5038 5037 5079
5038 5079 5080
5040 5081 5062
5040 5062 5041
5096 5082 5069
5096 5069 5044
5059 5086 5079
5059 5079 5037
5097 5090 5052
5097 5052 5085
5084 5098 5085
5041 5088 5099
5041 5099 5042
5089 5045 5044
5061 5087 5062
5079 5064 5047
5075 5060 5062
5065 5064 5079
5100 5097 5085
5098 5100 5085
5043 5096 5044
5101 5102 5103
5101 5103 5104
5105 5106 5107
5105 5107 5108
5109 5110 5111
5112 5113 5114
5112 5114 5115
5116 5117 5118
5116 5118 5119
5120 5104 5103
5120 5103 5121
5122 5123 5124
5125 5126 5127
5125 5127 5128
5129 5130 5131
5129 5131 5132
5122 5133 5134
5122 5134 5135
5136 5137 5138
5136 5138 5124
5139 5140 5115
5141 5123 5135
5142 5143 5131
5142 5131 5130
5144 5119 5118
5144 5118 5145
5146 5139 5125
5147 5148 5123
5147 5123 5107
5149 5132 5131
5149 5131 5111
5150 5151 5118
5150 5118 5117
5152 5125 5128
5152 5128 5153
5124 5138 5133
5124 5133 5122
5126 5115 5114
5126 5114 5127
5154 5135 5134
5154 5134 5155
5124 5148 5136
5146 5125 5152
5115 5140 5112
5141 5135 5154
5139 5103 5102
5139 5102 5140
5108 5107 5123
5108 5123 5141
5156 5111 5131
5156 5131 5143
5121 5103 5139
5121 5139 5146
5157 5145 5118
5157 5118 5151
5144 5145 5158
5159 5147 5107
5159 5107 5106
5149 5111 5110
5124 5123 5148
5139 5115 5126
5135 5123 5122
5125 5139 5126
5160 5145 5157
5158 5145 5160
5109 5111 5156
5161 5162 5163
5161 5163 5164
5165 5166 5167
5165 5167 5168
5169 5170 5171
5172 5173 5174
5172 5174 5175
5176 5177 5178
5176 5178 5179
5180 5181 5182
5180 5182 5183
5163 5162 5184
5163 5184 5185
5186 5187 5188
5189 5190 5191
5189 5191 5192
5183 5182 5193
5183 5193 5194
5195 5196 5197
5195 5197 5198
5199 5200 5186
5199 5186 5201
5202 5203 5204
5202 5204 5187
5205 5173 5206
5207 5201 5188
5195 5208 5209
5195 5209 5196
5178 5177 5210
5178 5210 5211
5212 5191 5205
5188 5213 5214
5188 5214 5167
5195 5198 5215
5195 5215 5170
5178 5216 5217
5178 5217 5179
5192 5191 5218
5192 5218 5219
5187 5186 5200
5187 5200 5202
5174 5173 5190
5174 5190 5189
5199 5201 5220
5199 5220 5221
5187 5204 5213
5212 5218 5191
5173 5172 5206
5207 5220 5201
5164 5163 5205
5164 5205 5206
5166 5207 5188
5166 5188 5167
5222 5208 5195
5222 5195 5170
5185 5212 5205
5185 5205 5163
5223 5216 5178
5223 5178 5211
5210 5224 5211
5167 5214 5225
5167 5225 5168
5215 5171 5170
5187 5213 5188
5205 5190 5173
5201 5186 5188
5191 5190 5205
5226 5223 5211
5224 5226 5211
5169 5222 5170
5227 5228 5229
5227 5229 5230
5231 5232 5228
5231 5228 5227
5233 5234 5232
5233 5232 5231
5235 5236 5234
5235 5234 5233
5237 5238 5236
5237 5236 5235
5239 5240 5238
5239 5238 5237
5241 5242 5240
5241 5240 5239
5243 5244 5242
5243 5242 5241
5245 5246 5244
5245 5244 5243
5247 5248 5249
5247 5249 5250
5251 5252 5248
5251 5248 5247
5230 5229 5252
5230 5252 5251
5253 5254 5255
5253 5255 5256
5257 5258 5259
5257 5259 5260
5261 5257 5260
5261 5260 5262
5258 5256 5255
5258 5255 5259
5253 5263 5254
5262 5264 5261
5265 5266 5267
5266 5268 5269
5270 5271 5272
5270 5272 5273
5273 5272 5274
5273 5274 5275
5270 5276 5277
5270 5277 5271
5278 5279 5280
5278 5280 5281
5279 5282 5280
5283 5284 5285
5283 5285 5286
5287 5288 5289
5287 5289 5290
5288 5291 5292
5288 5292 5293
5272 5271 5294
5272 5294 5295
5274 5272 5295
5274 5295 5296
5271 5277 5297
5271 5297 5294
5286 5285 5298
5286 5298 5299
5275 5274 5286
5275 5286 5299
5296 5283 5286
5296 5286 5274
5279 5300 5301
5279 5301 5282
5288 5293 5289
5266 5302 5268
5268 5303 5269
5266 5269 5267
5269 5304 5267
5305 5306 5307
5306 5308 5309
5310 5311 5312
5310 5312 5313
5313 5312 5314
5313 5314 5315
5310 5316 5317
5310 5317 5311
5318 5319 5320
5318 5320 5321
5319 5322 5320
5323 5324 5325
5323 5325 5326
5327 5328 5329
5327 5329 5330
5328 5331 5332
5328 5332 5333
5312 5311 5334
5312 5334 5335
5314 5312 5335
5314 5335 5336
5311 5317 5337
5311 5337 5334
5326 5325 5338
5326 5338 5339
5315 5314 5326
5315 5326 5339
5336 5323 5326
5336 5326 5314
5319 5340 5341
5319 5341 5322
5328 5333 5329
5306 5342 5308
5308 5343 5309
5306 5309 5307
5309 5344 5307
5345 5346 5347
5345 5347 5348
5349 5350 5348
5349 5348 5347
5351 5352 5350
5351 5350 5349
5352 5351 5353
5352 5353 5354
5345 5355 5356
5345 5356 5346
5357 5358 5356
5357 5356 5355
5359 5360 5361
5359 5361 5362
5361 5360 5363
5362 5358 5357
5362 5357 5359
5364 5365 5366
5364 5366 5367
5368 5364 5367
5368 5367 5369
5369 5370 5371
5369 5371 5368
5372 5373 5374
5372 5374 5375
5376 5377 5378
5376 5378 5379
5380 5379 5378
5380 5378 5381
5382 5383 5384
5382 5384 5385
5386 5383 5382
5385 5384 5380
5385 5380 5381
5387 5388 5389
5387 5389 5390
5391 5392 5393
5391 5393 5394
5395 5396 5397
5395 5397 5398
5399 5400 5401
5399 5401 5402
5403 5404 5400
5403 5400 5399
5405 5406 5407
5405 5407 5408
5409 5410 5411
5409 5411 5412
5405 5408 5413
5405 5413 5414
5415 5416 5417
5415 5417 5418
5419 5394 5393
5419 5393 5420
5421 5422 5389
5421 5389 5388
5419 5420 5423
5419 5423 5424
5421 5425 5426
5421 5426 5422
5427 5428 5429
5427 5429 5430
5431 5432 5433
5431 5433 5434
5435 5436 5437
5435 5437 5438
5439 5440 5441
5439 5441 5442
5425 5434 5433
5425 5433 5426
5424 5423 5429
5424 5429 5428
5443 5444 5445
5443 5445 5446
5447 5448 5449
5447 5449 5450
5451 5452 5453
5454 5455 5456
5454 5456 5457
5458 5459 5460
5458 5460 5461
5445 5444 5462
5445 5462 5463
5464 5465 5466
5467 5468 5469
5467 5469 5470
5471 5472 5473
5471 5473 5474
5475 5476 5464
5475 5464 5477
5478 5479 5480
5478 5480 5465
5481 5455 5482
5483 5477 5466
5471 5484 5485
5471 5485 5472
5460 5459 5486
5460 5486 5487
5488 5469 5481
5466 5489 5490
5466 5490 5449
5471 5474 5491
5471 5491 5452
5460 5492 5493
5460 5493 5461
5470 5469 5494
5470 5494 5495
5465 5464 5476
5465 5476 5478
5456 5455 5468
5456 5468 5467
5475 5477 5496
5475 5496 5497
5465 5480 5489
5488 5494 5469
5455 5454 5482
5483 5496 5477
5446 5445 5481
5446 5481 5482
5448 5483 5466
5448 5466 5449
5498 5484 5471
5498 5471 5452
5463 5488 5481
5463 5481 5445
5499 5492 5460
5499 5460 5487
5486 5500 5487
5449 5490 5501
5449 5501 5450
5491 5453 5452
5465 5489 5466
5481 5468 5455
5477 5464 5466
5469 5468 5481
5502 5499 5487
5500 5502 5487
5451 5498 5452
5503 5504 5505
5503 5505 5506
5507 5508 5509
5507 5509 5510
5511 5512 5513
5514 5515 5516
5514 5516 5517
5518 5519 5520
5518 5520 5521
5522 5523 5524
5522 5524 5525
5526 5506 5505
5526 5505 5527
5528 5529 5530
5531 5532 5533
5531 5533 5534
5535 5522 5525
5535 5525 5536
5537 5538 5539
5537 5539 5540
5528 5541 5542
5528 5542 5543
5544 5545 5546
5544 5546 5530
5547 5548 5517
5549 5529 5543
5550 5551 5539
5550 5539 5538
5552 5521 5520
5552 5520 5553
5554 5547 5531
5555 5556 5529
5555 5529 5509
5557 5540 5539
5557 5539 5513
5558 5559 5520
5558 5520 5519
5560 5531 5534
5560 5534 5561
5530 5546 5541
5530 5541 5528
5532 5517 5516
5532 5516 5533
5562 5543 5542
5562 5542 5563
5530 5556 5544
5554 5531 5560
5517 5548 5514
5549 5543 5562
5547 5505 5504
5547 5504 5548
5510 5509 5529
5510 5529 5549
5564 5513 5539
5564 5539 5551
5527 5505 5547
5527 5547 5554
5565 5553 5520
5565 5520 5559
5552 5553 5566
5567 5555 5509
5567 5509 5508
5557 5513 5512
5530 5529 5556
5547 5517 5532
5543 5529 5528
5531 5547 5532
5568 5553 5565
5566 5553 5568
5511 5513 5564
5569 5570 5571
5569 5571 5572
5573 5574 5575
5573 5575 5576
5577 5578 5579
5580 5581 5582
5580 5582 5583
5584 5585 5586
5584 5586 5587
5571 5570 5588
5571 5588 5589
5590 5591 5592
5593 5594 5595
5593 5595 5596
5597 5598 5599
5597 5599 5600
5601 5602 5590
5601 5590 5603
5604 5605 5606
5604 5606 5591
5607 5581 5608
5609 5603 5592
5597 5610 5611
5597 5611 5598
5586 5585 5612
5586 5612 5613
5614 5595 5607
5592 5615 5616
5592 5616 5575
5597 5600 5617
5597 5617 5578
5586 5618 5619
5586 5619 5587
5596 5595 5620
5596 5620 5621
5591 5590 5602
5591 5602 5604
5582 5581 5594
5582 5594 5593
5601 5603 5622
5601 5622 5623
5591 5606 5615
5614 5620 5595
5581 5580 5608
5609 5622 5603
5572 5571 5607
5572 5607 5608
5574 5609 5592
5574 5592 5575
5624 5610 5597
5624 5597 5578
5589 5614 5607
5589 5607 5571
5625 5618 5586
5625 5586 5613
5612 5626 5613
5575 5616 5627
5575 5627 5576
5617 5579 5578
5591 5615 5592
5607 5594 5581
5603 5590 5592
5595 5594 5607
5628 5625 5613
5626 5628 5613
5577 5624 5578
5629 5630 5631
5629 5631 5632
5633 5634 5635
5633 5635 5636
5637 5638 5639
5640 5641 5642
5640 5642 5643
5644 5645 5646
5644 5646 5647
5648 5649 5650
5648 5650 5651
5652 5632 5631
5652 5631 5653
5654 5655 5656
5657 5658 5659
5657 5659 5660
5661 5648 5651
5661 5651 5662
5663 5664 5665
5663 5665 5666
5654 5667 5668
5654 5668 5669
5670 5671 5672
5670 5672 5656
5673 5674 5643
5675 5655 5669
5676 5677 5665
5676 5665 5664
5678 5647 5646
5678 5646 5679
5680 5673 5657
5681 5682 5655
5681 5655 5635
5683 5666 5665
5683 5665 5639
5684 5685 5646
5684 5646 5645
5686 5657 5660
5686 5660 5687
5656 5672 5667
5656 5667 5654
5658 5643 5642
5658 5642 5659
5688 5669 5668
5688 5668 5689
5656 5682 5670
5680 5657 5686
5643 5674 5640
5675 5669 5688
5673 5631 5630
5673 5630 5674
5636 5635 5655
5636 5655 5675
5690 5639 5665
5690 5665 5677
5653 5631 5673
5653 5673 5680
5691 5679 5646
5691 5646 5685
5678 5679 5692
5693 5681 5635
5693 5635 5634
5683 5639 5638
5656 5655 5682
5673 5643 5658
5669 5655 5654
5657 5673 5658
5694 5679 5691
5692 5679 5694
5637 5639 5690
5695 5696 5697
5695 5697 5698
5699 5696 5695
5699 5695 5700
5701 5702 5703
5701 5703 5704
5705 5706 5697
5705 5697 5696
5707 5708 5709
5707 5709 5710
5711 5705 5696
5711 5696 5699
5712 5713 5708
5712 5708 5707
5704 5703 5714
5704 5714 5715
5702 5712 5707
5702 5707 5703
5703 5707 5710
5703 5710 5714
5699 5700 5716
5706 5701 5704
5706 5704 5697
5698 5697 5704
5698 5704 5715
5717 5718 5719
5717 5719 5720
5721 5722 5717
5721 5717 5720
5723 5724 5725
5723 5725 5726
5727 5720 5719
5727 5719 5728
5729 5730 5731
5729 5731 5732
5733 5721 5720
5733 5720 5727
5734 5729 5732
5734 5732 5735
5724 5736 5737
5724 5737 5725
5726 5725 5729
5726 5729 5734
5725 5737 5730
5725 5730 5729
5721 5738 5722
5728 5719 5724
5728 5724 5723
5718 5736 5724
5718 5724 5719
5739 5740 5741
5739 5741 5742
5743 5744 5745
5743 5745 5746
5747 5745 5744
5747 5744 5748
5747 5748 5749
5747 5749 5750
5751 5750 5749
5751 5749 5752
5751 5752 5753
5751 5753 5754
5755 5756 5757
5755 5757 5758
5755 5758 5759
5755 5759 5760
5761 5760 5759
5761 5759 5762
5761 5762 5763
5761 5763 5764
5764 5763 5765
5764 5765 5766
5766 5765 5767
5766 5767 5768
5746 5769 5770
5746 5770 5743
5771 5772 5773
5774 5775 5776
5774 5776 5773
5772 5777 5778
5773 5778 5779
5773 5779 5774
5777 5780 5781
5777 5781 5782
5783 5784 5785
5783 5785 5786
5787 5788 5789
5787 5789 5790
5788 5742 5741
5788 5741 5789
5791 5792 5793
5791 5793 5794
5791 5795 5796
5791 5796 5792
5796 5795 5797
5796 5797 5798
5797 5799 5800
5797 5800 5798
5800 5799 5801
5800 5801 5802
5801 5754 5753
5801 5753 5802
5757 5756 5803
5757 5803 5804
5803 5805 5806
5803 5806 5804
5806 5805 5807
5806 5807 5808
5807 5809 5810
5807 5810 5808
5810 5809 5811
5810 5811 5812
5813 5812 5811
5813 5811 5814
5814 5815 5816
5814 5816 5813
5817 5818 5794
5817 5794 5793
5819 5820 5783
5819 5783 5786
5821 5822 5823
5824 5785 5784
5824 5784 5823
5775 5740 5739
5775 5739 5776
5790 5822 5821
5790 5821 5787
5825 5826 5776
5825 5776 5739
5827 5825 5739
5827 5739 5742
5828 5827 5742
5828 5742 5788
5787 5829 5828
5787 5828 5788
5830 5829 5787
5830 5787 5821
5771 5773 5776
5771 5776 5826
5831 5832 5833
5834 5835 5836
5835 5837 5836
5838 5837 5839
5840 5841 5842
5842 5841 5843
5842 5843 5844
5845 5840 5846
5845 5846 5847
5848 5849 5850
5848 5850 5851
5852 5853 5851
5854 5853 5852
5855 5856 5857
5855 5857 5832
5858 5832 5857
5832 5858 5833
5859 5835 5834
5860 5835 5859
5861 5854 5860
5853 5854 5861
5855 5852 5862
5855 5862 5856
5850 5862 5852
5852 5855 5854
5846 5832 5831
5846 5831 5847
5835 5832 5846
5835 5846 5837
5854 5855 5832
5854 5832 5835
5840 5837 5846
5837 5840 5839
5851 5850 5852
5840 5845 5841
5840 5842 5839
5854 5835 5860
5837 5838 5836
5772 5778 5773
5777 5782 5778
5782 5779 5778
5821 5823 5830
5823 5822 5824
5863 5864 5865
5863 5865 5866
5867 5868 5869
5867 5869 5870
5871 5872 5870
5871 5870 5869
5871 5873 5874
5871 5874 5872
5875 5876 5874
5875 5874 5873
5875 5877 5878
5875 5878 5876
5879 5880 5881
5879 5881 5882
5879 5883 5884
5879 5884 5880
5885 5886 5884
5885 5884 5883
5885 5887 5888
5885 5888 5886
5887 5889 5890
5887 5890 5888
5889 5891 5892
5889 5892 5890
5868 5867 5893
5868 5893 5894
5895 5896 5897
5898 5896 5899
5898 5899 5900
5897 5901 5902
5896 5898 5903
5896 5903 5901
5902 5904 5905
5902 5905 5906
5907 5908 5909
5907 5909 5910
5911 5912 5913
5911 5913 5914
5914 5913 5865
5914 5865 5864
5915 5916 5917
5915 5917 5918
5915 5918 5919
5915 5919 5920
5919 5921 5922
5919 5922 5920
5922 5921 5923
5922 5923 5924
5923 5925 5926
5923 5926 5924
5926 5925 5878
5926 5878 5877
5881 5927 5928
5881 5928 5882
5928 5927 5929
5928 5929 5930
5929 5931 5932
5929 5932 5930
5932 5931 5933
5932 5933 5934
5933 5935 5936
5933 5936 5934
5937 5938 5936
5937 5936 5935
5938 5937 5939
5938 5939 5940
5941 5917 5916
5941 5916 5942
5943 5908 5907
5943 5907 5944
5945 5946 5947
5910 5909 5948
5910 5948 5946
5863 5866 5900
5863 5900 5899
5945 5947 5912
5945 5912 5911
5899 5949 5950
5899 5950 5863
5863 5950 5951
5863 5951 5864
5864 5951 5952
5864 5952 5914
5911 5914 5952
5911 5952 5953
5911 5953 5954
5911 5954 5945
5899 5896 5895
5899 5895 5949
5955 5956 5957
5958 5959 5960
5960 5959 5961
5962 5963 5961
5964 5965 5966
5965 5967 5968
5965 5968 5966
5969 5970 5971
5969 5971 5964
5972 5973 5974
5972 5974 5975
5976 5973 5977
5978 5976 5977
5979 5957 5980
5979 5980 5981
5982 5980 5957
5957 5956 5982
5983 5958 5960
5984 5983 5960
5985 5984 5978
5977 5985 5978
5979 5981 5986
5979 5986 5976
5974 5976 5986
5976 5978 5979
5971 5970 5955
5971 5955 5957
5960 5961 5971
5960 5971 5957
5978 5960 5957
5978 5957 5979
5964 5971 5961
5961 5963 5964
5973 5976 5974
5964 5966 5969
5964 5963 5965
5978 5984 5960
5961 5959 5962
5897 5896 5901
5902 5901 5904
5904 5901 5903
5945 5954 5946
5946 5948 5947
5987 5988 5989
5990 5991 5992
5993 5990 5994
5991 5993 5995
5989 5988 5992
5988 5990 5992
5991 5990 5993
5988 5987 5996
5987 5989 5997
5998 5999 6000
6001 6002 6003
6004 6005 6001
6003 6006 6004
5999 6002 6000
6000 6002 6001
6003 6004 6001
6000 6007 5998
5998 6008 5999
6009 6010 6011
6009 6011 6012
6013 6014 6015
6013 6015 6016
6012 6011 6017
6012 6017 6018
6019 6020 6014
6019 6014 6013
6021 6022 6023
6021 6023 6024
6016 6015 6022
6016 6022 6021
6025 6026 6020
6025 6020 6019
6024 6023 6010
6024 6010 6009
6018 6017 6027
6018 6027 6028
6028 6027 6029
6028 6029 6030
6031 6032 6026
6031 6026 6025
6033 6034 6035
6033 6035 6036
6037 6038 6039
6037 6039 6040
6041 6033 6036
6041 6036 6042
6043 6041 6042
6043 6042 6037
6037 6042 6044
6037 6044 6038
6045 6046 6034
6045 6034 6033
6047 6048 6041
6047 6041 6043
6048 6045 6033
6048 6033 6041
6047 6043 6049
6040 6043 6037
6049 6043 6040
6035 6050 6051
6035 6051 6036
6036 6051 6044
6036 6044 6042
6039 6052 6040
6049 6040 6053
6053 6040 6052
6054 6055 6056
6054 6056 6057
6058 6056 6055
6058 6055 6059
6060 6061 6062
6060 6062 6063
6063 6062 6064
6063 6064 6065
6066 6061 6060
6066 6060 6067
6066 6055 6054
6066 6054 6068
6069 6062 6061
6069 6061 6070
6055 6066 6067
6055 6067 6059
6071 6072 6073
6071 6073 6074
6069 6075 6064
6069 6064 6062
6068 6070 6061
6068 6061 6066
6073 6076 6077
6073 6077 6078
6065 6064 6079
6065 6079 6080
6079 6081 6082
6083 6056 6058
6083 6058 6084
6085 6057 6056
6085 6056 6083
6080 6079 6086
6075 6081 6079
6075 6079 6064
6087 6088 6089
6087 6089 6090
6091 6092 6093
6091 6093 6094
6095 6096 6088
6095 6088 6087
6097 6091 6096
6097 6096 6095
6091 6094 6098
6091 6098 6096
6099 6087 6090
6099 6090 6100
6101 6097 6095
6101 6095 6102
6102 6095 6087
6102 6087 6099
6101 6103 6097
6092 6091 6097
6103 6092 6097
6089 6088 6104
6089 6104 6105
6088 6096 6098
6088 6098 6104
6093 6092 6106
6103 6107 6092
6107 6106 6092
6108 6109 6110
6108 6110 6111
6109 6108 6112
6109 6112 6113
6114 6115 6116
6114 6116 6117
6118 6114 6117
6118 6117 6119
6120 6121 6116
6120 6116 6115
6120 6122 6110
6120 6110 6109
6115 6114 6123
6115 6123 6124
6109 6113 6121
6109 6121 6120
6125 6126 6127
6125 6127 6128
6123 6114 6118
6123 6118 6129
6122 6120 6115
6122 6115 6124
6130 6131 6127
6130 6127 6132
6133 6118 6119
6133 6119 6134
6133 6135 6136
6112 6108 6137
6112 6137 6138
6108 6111 6139
6108 6139 6137
6134 6140 6133
6129 6118 6133
6129 6133 6136
6141 6142 6143
6143 6144 6145
6146 6147 6148
6146 6148 6149
6147 6150 6151
6147 6151 6148
6152 6153 6146
6152 6146 6149
6154 6155 6156
6154 6156 6157
6157 6156 6158
6159 6160 6161
6159 6161 6162
6163 6164 6165
6163 6165 6166
6166 6167 6168
6166 6168 6169
6170 6149 6148
6170 6148 6171
6171 6148 6151
6171 6151 6172
6173 6152 6149
6173 6149 6170
6174 6159 6162
6174 6162 6175
6162 6151 6150
6162 6150 6175
6172 6151 6162
6172 6162 6161
6157 6158 6176
6157 6176 6177
6166 6165 6167
6143 6145 6178
6145 6144 6179
6143 6142 6144
6144 6142 6180
6181 6182 6183
6181 6183 6184
6185 6186 6187
6185 6187 6188
6189 6190 6191
6189 6191 6192
6189 6193 6194
6189 6194 6190
6193 6195 6196
6193 6196 6194
6182 6192 6191
6182 6191 6183
6197 6198 6199
6197 6199 6200
6181 6184 6187
6181 6187 6186
6201 6202 6203
6204 6185 6202
6204 6202 6205
6186 6185 6204
6186 6204 6206
6207 6208 6182
6207 6182 6181
6209 6210 6193
6209 6193 6189
6211 6192 6182
6211 6182 6208
6211 6209 6189
6211 6189 6192
6212 6195 6193
6212 6193 6210
6203 6213 6201
6199 6198 6214
6199 6214 6215
6199 6213 6203
6181 6186 6206
6181 6206 6207
1989 1992 6216
1989 6216 6217
2007 2024 6218
2007 6218 6219
6220 2008 2007
6220 2007 6219
2008 6220 6221
2008 6221 2010
6222 6223 2012
6222 2012 2015
2010 6221 6224
2010 6224 2019
6216 1992 2019
6216 2019 6224
6225 2064 2021
6225 2021 6226
6226 2021 1989
6226 1989 6217
6227 6228 2043
6223 6227 2043
6223 2043 2012
2060 2063 6229
2060 6229 6230
6230 6222 2015
6230 2015 2060
6231 6232 6233
6231 6233 6234
6235 6236 6237
6235 6237 6238
6239 6240 6241
6239 6241 6236
6233 6242 6243
6233 6243 6244
6245 6246 6247
6245 6247 6248
6249 6250 6251
6249 6251 6232
6252 6235 6253
6252 6253 6254
6255 6256 6257
6255 6257 6258
6259 6260 6261
6259 6261 6262
6258 6257 6263
6258 6263 6264
6264 6265 6261
6264 6261 6258
6220 6266 6267
6220 6267 6221
6268 6267 6266
6268 6266 6269
6221 6267 6270
6221 6270 6224
6271 6266 6220
6271 6220 6219
6271 6272 6269
6271 6269 6266
6224 6270 6273
6224 6273 6216
6218 6274 6271
6218 6271 6219
6275 6272 6271
6275 6271 6274
6276 6277 6278
6276 6278 6279
6217 6216 6273
6217 6273 6280
6281 6282 6283
6281 6283 6284
6285 6279 6278
6285 6278 6259
6280 6286 6226
6280 6226 6217
6286 6287 6288
6286 6288 6289
6284 6283 6290
6284 6290 6291
6292 6291 6290
6292 6290 6293
6294 6295 6281
6294 6281 6284
6261 6265 6296
6261 6296 6262
6297 6298 6299
6297 6299 6300
6292 6298 6297
6292 6297 6291
6208 6207 6301
6208 6301 6302
6303 6304 6206
6303 6206 6204
6208 6302 6305
6208 6305 6211
6306 6307 6205
6306 6205 6201
6303 6204 6205
6303 6205 6307
6209 6308 6309
6209 6309 6210
6201 6213 6310
6201 6310 6306
6311 6215 6214
6311 6214 6312
6283 6282 6228
6283 6228 6227
6242 6246 6245
6242 6245 6243
6211 6305 6308
6211 6308 6209
6210 6309 6313
6210 6313 6212
6248 6247 6314
6248 6314 6315
6316 6314 6247
6316 6247 6317
6318 6319 6320
6318 6320 6321
6289 6225 6226
6289 6226 6286
6251 6250 6300
6251 6300 6299
6244 6322 6234
6244 6234 6233
6237 6236 6241
6237 6241 6323
6238 6324 6253
6238 6253 6235
6242 6233 6232
6242 6232 6251
6299 6246 6242
6299 6242 6251
6302 6325 6326
6302 6326 6305
6302 6301 6327
6302 6327 6325
6237 6323 6328
6237 6328 6329
6304 6303 6329
6304 6329 6328
6307 6306 6330
6307 6330 6331
6256 6332 6333
6256 6333 6257
6257 6333 6334
6257 6334 6263
6248 6315 6335
6248 6335 6336
6337 6245 6248
6337 6248 6336
6337 6308 6305
6337 6305 6326
6274 6282 6281
6274 6281 6275
6281 6295 6338
6281 6338 6275
6246 6299 6317
6246 6317 6247
6294 6250 6249
6294 6249 6295
6297 6300 6250
6297 6250 6294
6316 6317 6320
6316 6320 6319
6317 6299 6298
6317 6298 6320
6255 6339 6324
6255 6324 6256
6324 6330 6332
6324 6332 6256
6243 6326 6325
6243 6325 6244
6325 6327 6322
6325 6322 6244
6331 6330 6324
6331 6324 6238
6332 6310 6311
6332 6311 6333
6333 6311 6312
6333 6312 6334
6336 6335 6313
6336 6313 6309
6308 6337 6336
6308 6336 6309
6245 6337 6326
6245 6326 6243
6310 6332 6330
6310 6330 6306
6260 6340 6339
6260 6339 6255
6341 6342 6343
6341 6343 6276
6341 6276 6279
6341 6279 6344
6223 6290 6283
6223 6283 6227
6218 6228 6282
6218 6282 6274
6338 6295 6249
6338 6249 6232
6240 6239 6345
6240 6345 6346
6338 6232 6231
6338 6231 6347
6268 6269 6346
6268 6346 6345
6338 6347 6272
6338 6272 6275
6288 6287 6262
6288 6262 6296
6341 6273 6270
6341 6270 6342
6344 6280 6273
6344 6273 6341
6287 6286 6280
6287 6280 6344
6230 6229 6348
6230 6348 6349
6348 6318 6321
6348 6321 6349
6241 6240 6231
6241 6231 6234
6240 6346 6347
6240 6347 6231
6346 6269 6272
6346 6272 6347
6213 6215 6311
6213 6311 6310
6206 6304 6301
6206 6301 6207
6301 6304 6328
6301 6328 6327
6327 6328 6323
6327 6323 6322
6323 6241 6234
6323 6234 6322
6350 6254 6351
6350 6351 6277
6351 6254 6253
6351 6253 6352
6352 6253 6324
6352 6324 6339
6339 6340 6351
6339 6351 6352
6351 6340 6278
6351 6278 6277
6350 6353 6252
6350 6252 6254
6239 6252 6353
6239 6353 6345
6255 6258 6261
6255 6261 6260
6340 6260 6259
6340 6259 6278
6285 6259 6262
6285 6262 6287
6344 6279 6285
6344 6285 6287
6239 6236 6235
6239 6235 6252
6238 6237 6329
6238 6329 6331
6331 6329 6303
6331 6303 6307
6354 6355 6267
6354 6267 6268
6353 6350 6355
6353 6355 6354
6353 6354 6268
6353 6268 6345
6270 6267 6355
6270 6355 6342
6355 6350 6343
6355 6343 6342
6350 6277 6276
6350 6276 6343
6298 6292 6321
6298 6321 6320
6290 6223 6222
6290 6222 6293
6293 6222 6230
6293 6230 6349
6292 6293 6349
6292 6349 6321
6284 6291 6297
6284 6297 6294
6228 6218 2024
2043 6228 2024
6199 6215 6213
6201 6205 6202
6188 6356 6202
6188 6202 6185
6356 6357 6203
6356 6203 6202
6203 6357 6200
6203 6200 6199
6358 6359 6360
6358 6360 6361
6359 6362 6363
6359 6363 6360
6363 6362 6364
6363 6364 6365
6366 6367 6368
6366 6368 6369
6361 6370 6371
6361 6371 6358
6372 6373 6374
6372 6374 6375
6375 6374 6376
6375 6376 6377
6377 6376 6378
6377 6378 6379
6367 6373 6372
6367 6372 6368
6380 6381 6365
6380 6365 6364
6371 6370 6366
6371 6366 6369
6382 6359 6358
6382 6358 6383
6383 6358 6371
6383 6371 6384
6384 6371 6369
6384 6369 6385
6385 6369 6368
6385 6368 6386
6386 6368 6372
6386 6372 6387
6387 6372 6375
6387 6375 6388
6388 6375 6377
6388 6377 6389
6389 6377 6379
6389 6379 6390
6391 6380 6364
6391 6364 6392
6392 6364 6362
6392 6362 6393
6393 6362 6359
6393 6359 6382
6394 6361 6360
6394 6360 6395
6395 6360 6363
6395 6363 6396
6396 6363 6365
6396 6365 6397
6397 6365 6381
6397 6381 6398
6399 6378 6376
6399 6376 6400
6400 6376 6374
6400 6374 6401
6401 6374 6373
6401 6373 6402
6402 6373 6367
6402 6367 6403
6403 6367 6366
6403 6366 6404
6404 6366 6370
6404 6370 6405
6405 6370 6361
6405 6361 6394
2861 2100 2103
2861 2103 2862
2417 2380 2379
2417 2379 2418
2689 2688 2906
2689 2906 2560
2418 2379 2689
2418 2689 2560
2868 2867 2869
2868 2869 2907
2688 2867 2866
2688 2866 2906
2101 2100 2380
2101 2380 2417
2917 2868 2907
2917 2907 2908
2910 2917 2908
3425 3424 4139
3425 4139 4138
3703 3702 3739
3703 3739 3738
4177 3981 3984
4177 3984 4216
3871 3985 3703
3871 3703 3738
4146 4144 4143
4146 4143 4178
4145 4144 3981
4145 3981 4177
3702 3424 3423
3702 3423 3739
4178 4143 4187
4178 4187 4179
3425 4218 3422
4181 4187 4198
2948 2103 2102
2914 2412 2411
2914 2411 2106
2731 2730 2734
2731 2734 2817
2730 2732 2735
2730 2735 2734
2731 2819 2767
2731 2767 2729
2769 2909 2411
2769 2411 2410
2413 2412 2928
2413 2928 2946
2947 2930 2928
2947 2928 2913
3735 3734 4184
3735 4184 3427
4028 4024 4023
4028 4023 4096
4027 3894 4024
4027 4024 4028
4058 4094 4023
4058 4023 4022
3735 4180 4059
3735 4059 3732
4200 3734 3733
4200 3733 4215
4200 4203 4202
4200 4202 4185
2585 2732 2590
3892 3894 3731
2365 2730 2363
2365 2732 2730
3686 3894 3893
3686 4024 3894
2915 2930 2947
2930 2155 2187
4186 4203 3477
3477 4203 3508
2585 2409 2732
3892 3731 3730
4030 3731 3894
4030 3894 4027
2732 2409 2738
2732 2738 2735
2239 2409 2586
3561 3731 3895
2409 2408 2738
3895 3731 4030
626 629 6406
626 6406 627
6407 6408 6409
6407 6409 6410
627 6406 6408
627 6408 6407
6410 6409 6411
6410 6411 6412
6413 6414 6415
6413 6415 753
629 631 637
629 637 6406
6408 678 6416
6408 6416 6409
6406 637 678
6406 678 6408
6417 640 685
6417 685 6418
679 6419 6420
679 6420 677
623 6419 624
677 6420 6421
677 6421 675
449 454 450
624 6419 679
6419 6407 6410
6419 6410 6420
627 6407 623
6420 6410 6412
6420 6412 6421
450 458 456
623 6407 6419
523 522 6422
523 6422 6423
559 557 552
559 552 554
6424 6425 6426
6424 6426 6427
361 365 362
551 557 564
524 523 6423
524 6423 6428
554 552 682
554 682 548
6429 6430 6431
6429 6431 6432
416 524 6428
416 6428 417
548 682 681
548 681 545
6433 6432 6431
6433 6431 723
1580 1582 6434
1580 6434 6435
1570 1569 1571
6076 6083 6084
6076 6084 6077
6436 6085 6083
6436 6083 6076
6138 6137 6131
6138 6131 6130
6137 6139 6437
6137 6437 6131
6128 6127 6131
6128 6131 6437
6132 6127 6126
6132 6126 6438
6076 6073 6072
6076 6072 6436
6074 6073 6078
6074 6078 6439
