byte offset: 0
first index: 0
index count: 22524
topology: trianglelist
format: DXGI_FORMAT_R16_UINT

0 1 2
3 4 5
3 5 6
7 8 9
7 9 10
11 12 13
11 13 14
15 16 7
15 7 10
17 18 11
17 11 14
19 20 11
19 11 18
21 22 23
21 23 24
25 26 27
25 27 28
29 30 31
29 31 32
33 34 35
33 35 36
32 37 38
32 38 29
35 34 39
35 39 40
26 41 42
26 42 43
26 43 44
26 44 27
45 24 23
45 23 46
20 47 12
20 12 11
12 48 49
12 49 13
50 44 43
50 43 51
43 42 52
43 52 51
53 54 8
40 39 55
40 55 56
39 38 57
39 57 55
58 59 45
58 45 46
60 61 35
60 35 40
61 62 36
61 36 35
63 60 40
63 40 56
42 60 63
42 63 52
41 61 60
41 60 42
61 41 64
61 64 62
26 25 64
26 64 41
57 38 37
57 37 65
66 67 68
37 69 70
37 70 65
69 37 32
69 32 71
71 32 72
73 74 75
73 75 58
59 58 75
59 75 2
76 68 65
76 65 70
68 77 57
68 57 65
78 55 57
78 57 77
55 78 79
55 79 56
56 79 80
56 80 63
80 81 52
80 52 63
82 51 52
82 52 81
83 50 51
83 51 82
53 49 3
53 3 6
53 6 84
53 84 54
67 85 86
38 39 34
38 34 29
34 33 30
34 30 29
54 84 87
9 54 88
88 89 9
10 9 89
10 89 90
90 91 15
90 15 10
22 91 90
22 90 23
92 93 27
92 27 44
94 28 27
94 27 93
44 50 95
44 95 92
19 94 93
19 93 20
20 93 92
20 92 47
92 95 96
92 96 47
95 97 96
23 89 46
46 89 73
46 73 58
98 75 99
88 87 74
88 74 73
95 50 83
95 83 97
3 49 48
3 48 100
4 3 101
96 48 12
96 12 47
96 102 100
96 100 48
7 17 14
14 13 8
13 49 53
73 89 88
90 89 23
32 31 72
7 16 17
14 8 7
54 9 8
54 87 88
13 53 8
97 102 96
84 103 87
5 104 6
104 105 84
84 105 103
106 107 103
108 109 98
110 111 100
111 101 100
4 112 5
113 114 115
83 114 116
83 116 97
117 118 102
118 119 120
101 3 100
121 122 82
122 123 83
123 113 115
124 121 81
125 126 80
126 127 81
127 128 124
129 130 78
130 125 79
131 132 77
77 132 133
77 133 78
133 134 135
135 134 136
135 136 129
86 131 68
109 0 75
109 75 98
0 2 75
137 138 139
137 139 140
141 142 143
141 143 144
139 145 146
139 146 140
147 148 149
147 149 150
141 151 152
141 152 142
153 154 155
153 155 156
157 158 159
157 159 160
161 162 159
161 159 163
164 16 15
164 15 165
166 167 18
166 18 17
165 15 91
165 91 168
19 18 167
19 167 169
22 21 170
22 170 171
25 28 172
25 172 173
72 31 174
64 175 176
64 176 62
177 31 30
33 36 178
33 178 179
180 161 163
180 163 181
167 166 182
167 182 183
184 185 186
184 186 187
142 152 188
142 188 189
189 190 143
189 143 142
191 192 193
191 193 194
195 196 193
195 193 192
197 191 194
197 194 198
199 200 201
199 201 202
203 204 205
203 205 206
207 208 206
207 206 205
209 210 211
209 211 212
208 207 213
208 213 214
211 215 216
211 216 212
217 218 219
220 221 219
220 219 218
222 223 224
219 225 217
226 227 222
226 222 228
224 228 222
229 230 225
219 221 231
219 231 229
228 232 226
228 233 234
235 236 237
235 237 238
239 240 236
239 236 235
241 232 234
241 234 242
242 243 244
237 236 245
237 245 246
236 240 247
236 247 245
248 249 250
251 252 203
251 203 206
253 254 191
253 191 197
255 256 257
255 257 258
249 251 259
249 259 260
259 251 206
259 206 208
261 192 191
261 191 254
257 256 262
257 262 263
260 259 264
264 259 208
264 208 214
261 265 195
261 195 192
262 266 267
262 267 263
268 269 270
268 270 271
269 215 211
269 211 270
200 272 273
200 273 201
274 273 272
274 272 275
271 270 276
271 276 277
211 210 276
211 276 270
268 271 278
271 277 279
271 279 280
281 282 283
281 283 260
260 283 284
260 284 249
274 275 285
274 285 286
284 287 250
284 250 249
266 288 289
290 256 255
290 255 291
201 210 209
201 209 202
245 242 244
245 244 246
247 241 242
247 242 245
277 276 273
277 273 274
210 201 273
210 273 276
277 274 286
277 286 279
221 220 292
221 292 293
294 295 227
294 227 226
296 294 226
296 226 232
297 298 240
297 240 239
293 299 231
293 231 221
300 301 289
300 289 288
302 285 289
302 289 301
303 300 288
303 288 304
305 303 304
305 304 290
279 306 280
307 287 284
307 284 308
309 310 280
311 312 313
313 283 282
314 315 279
314 279 286
316 224 194
316 194 193
233 316 193
233 193 196
224 223 198
224 198 194
244 243 199
244 199 202
317 217 205
317 205 204
217 207 205
237 246 209
237 209 212
225 230 213
225 213 207
238 237 212
238 212 216
246 244 202
246 202 209
170 186 185
170 185 171
318 319 183
318 183 153
140 177 320
140 320 137
321 322 323
321 323 324
322 321 319
322 319 318
302 325 326
302 326 314
187 327 328
187 328 184
150 149 329
150 329 330
62 176 178
62 178 36
331 291 287
331 287 307
253 197 203
253 203 252
204 203 197
204 197 198
317 204 198
317 198 223
223 222 218
220 218 222
220 222 227
295 292 220
295 220 227
255 258 248
255 248 250
291 255 250
291 250 287
25 173 175
25 175 64
175 173 144
175 144 332
143 333 332
143 332 144
275 266 289
275 289 285
272 265 267
265 272 200
265 200 195
195 200 199
195 199 196
243 233 196
243 196 199
234 233 243
159 162 164
159 164 165
183 182 154
183 154 153
168 160 159
168 159 165
183 319 169
183 169 167
172 141 144
172 144 173
177 146 174
148 137 320
148 320 179
156 155 334
156 334 335
155 180 336
155 336 334
232 241 337
232 337 296
241 247 338
241 338 337
247 240 298
247 298 338
137 148 147
137 147 138
333 339 330
340 341 158
340 158 157
335 334 326
335 326 325
334 336 342
334 342 326
336 343 344
336 344 342
152 321 324
152 324 188
321 152 151
321 151 319
181 343 336
181 336 180
163 159 158
163 158 181
160 185 184
160 184 157
91 22 171
91 171 168
309 306 340
309 340 328
185 160 168
185 168 171
184 328 157
151 141 172
151 172 345
172 28 94
172 94 345
156 322 318
156 318 153
335 323 322
335 322 156
301 300 189
301 189 188
301 346 302
300 303 190
300 190 189
344 347 315
344 315 342
310 309 328
310 328 327
311 348 349
315 314 326
315 326 342
302 314 286
302 286 285
306 309 280
319 151 345
319 345 169
169 345 94
169 94 19
350 325 302
350 302 346
347 340 306
335 325 350
335 350 323
343 341 347
343 347 344
145 139 349
340 347 341
343 181 158
343 158 341
346 324 323
346 323 350
324 346 188
143 190 333
138 147 312
333 330 329
333 329 332
329 176 175
329 175 332
150 351 352
150 352 147
330 353 351
330 351 150
339 353 330
352 312 147
311 139 138
149 178 176
149 176 329
148 179 178
148 178 149
308 284 283
308 283 313
320 30 33
320 33 179
312 308 313
290 291 331
290 331 305
262 304 288
154 161 180
154 180 155
162 161 154
162 154 182
164 162 182
164 182 166
16 164 166
16 166 17
256 304 262
311 313 348
280 310 278
313 282 348
278 271 280
339 190 303
339 303 305
290 304 256
223 218 317
224 316 228
217 317 218
229 225 219
316 233 228
242 234 243
311 138 312
333 190 339
349 139 311
347 306 315
315 306 279
301 188 346
266 262 288
234 232 228
305 331 353
305 353 339
351 353 331
351 331 307
352 351 307
352 307 308
312 352 308
258 253 252
258 252 248
257 254 253
257 253 258
254 257 263
254 263 261
267 265 261
267 261 263
275 267 266
275 272 267
248 252 251
248 251 249
260 264 281
217 225 207
328 340 157
177 140 146
31 177 174
177 30 320
117 97 116
121 82 81
125 80 79
117 102 97
104 84 6
106 103 105
87 354 74
74 354 355
131 77 68
78 133 135
129 78 135
78 130 79
114 83 115
83 123 115
122 83 82
126 81 80
81 127 124
108 98 99
103 107 354
103 354 87
120 110 100
120 100 102
66 68 76
68 67 86
99 75 355
355 75 74
102 118 120
120 119 356
120 356 110
357 358 359
360 361 362
360 362 363
364 365 366
364 366 367
368 369 370
368 370 371
372 365 364
372 364 373
374 369 368
374 368 375
376 375 368
376 368 377
378 379 380
378 380 381
382 383 384
382 384 385
386 387 388
386 388 389
390 391 392
390 392 393
387 386 394
387 394 395
392 396 397
392 397 393
385 398 399
385 399 400
385 384 401
385 401 398
402 403 380
402 380 379
377 368 371
377 371 404
371 370 405
371 405 406
407 408 398
407 398 401
398 408 409
398 409 399
410 367 411
396 412 413
396 413 397
397 413 414
397 414 394
415 403 402
415 402 416
417 396 392
417 392 418
418 392 391
418 391 419
420 412 396
420 396 417
399 409 420
399 420 417
400 399 417
400 417 418
418 419 421
418 421 400
385 400 421
385 421 382
414 422 395
414 395 394
423 424 425
395 422 426
395 426 427
427 428 387
427 387 395
428 429 387
430 415 431
430 431 432
416 358 431
416 431 415
433 426 422
433 422 424
424 422 414
424 414 434
435 434 414
435 414 413
413 412 436
413 436 435
412 420 437
412 437 436
437 420 409
437 409 438
439 438 409
439 409 408
440 439 408
440 408 407
410 361 360
410 360 405
410 411 441
410 441 361
425 442 443
394 386 393
394 393 397
393 386 389
393 389 390
411 444 441
366 445 411
445 366 446
365 447 446
365 446 366
447 365 372
447 372 448
381 380 447
381 447 448
449 401 384
449 384 450
451 450 384
451 384 383
401 449 452
401 452 407
376 377 450
376 450 451
377 404 449
377 449 450
449 404 453
449 453 452
452 453 454
380 403 446
403 415 430
403 430 446
455 456 431
445 430 432
445 432 444
452 454 440
452 440 407
360 457 406
360 406 405
363 458 360
453 404 371
453 371 406
453 406 457
453 457 459
364 369 374
369 367 370
370 410 405
430 445 446
447 380 446
387 429 388
364 374 373
369 364 367
411 367 366
411 445 444
370 367 410
454 453 459
441 444 460
362 361 461
461 441 462
441 460 462
463 460 464
465 455 466
467 457 468
468 457 458
363 362 469
470 471 472
473 472 440
473 440 454
474 459 475
475 476 477
458 457 360
478 439 479
479 440 480
480 471 470
481 438 478
482 437 483
483 438 484
484 481 485
486 435 487
487 436 482
488 434 489
490 489 434
490 434 435
490 491 492
493 492 491
493 491 486
442 424 488
466 455 431
466 431 357
357 431 358
494 495 496
494 496 497
498 499 500
498 500 501
496 495 502
496 502 503
504 505 506
504 506 507
498 501 508
498 508 509
510 511 512
510 512 513
514 515 516
514 516 517
518 519 516
518 516 520
521 522 372
521 372 373
523 374 375
523 375 524
522 525 448
522 448 372
376 526 524
376 524 375
381 527 528
381 528 378
382 529 530
382 530 383
429 531 388
421 419 532
421 532 533
534 389 388
390 535 536
390 536 391
537 538 519
537 519 518
524 539 540
524 540 523
541 542 543
541 543 544
501 545 546
501 546 508
545 501 500
545 500 547
548 549 550
548 550 551
552 551 550
552 550 553
554 555 549
554 549 548
556 557 558
556 558 559
560 561 562
560 562 563
564 562 561
564 561 565
566 567 568
566 568 569
565 570 571
565 571 564
568 567 572
568 572 573
574 575 576
577 576 575
577 575 578
579 580 581
575 574 582
583 584 579
583 579 585
580 579 584
586 582 587
575 586 588
575 588 578
584 583 589
584 590 591
592 593 594
592 594 595
596 592 595
596 595 597
598 599 590
598 590 589
599 600 601
594 602 603
594 603 595
595 603 604
595 604 597
605 606 607
608 561 560
608 560 609
610 554 548
610 548 611
612 613 614
612 614 615
607 616 617
607 617 608
617 565 561
617 561 608
618 611 548
618 548 551
614 619 620
614 620 615
616 621 617
621 570 565
621 565 617
618 551 552
618 552 622
620 619 623
620 623 624
625 626 627
625 627 628
628 627 568
628 568 573
559 558 629
559 629 630
631 632 630
631 630 629
626 633 634
626 634 627
568 627 634
568 634 569
625 635 626
626 636 637
626 637 633
638 616 639
638 639 640
616 607 641
616 641 639
631 642 643
631 643 632
641 607 606
641 606 644
624 645 646
647 648 612
647 612 615
558 557 566
558 566 569
603 602 600
603 600 599
604 603 599
604 599 598
633 631 629
633 629 634
569 634 629
569 629 558
633 637 642
633 642 631
578 649 650
578 650 577
651 583 585
651 585 652
653 589 583
653 583 651
654 596 597
654 597 655
649 578 588
649 588 656
657 646 645
657 645 658
659 658 645
659 645 643
660 661 646
660 646 657
662 647 661
662 661 660
637 636 663
664 665 641
664 641 644
666 636 667
668 669 670
669 640 639
671 642 637
671 637 672
673 550 549
673 549 580
591 553 550
591 550 673
580 549 555
580 555 581
600 557 556
600 556 601
674 563 562
674 562 574
574 562 564
594 567 566
594 566 602
582 564 571
582 571 587
593 572 567
593 567 594
602 566 557
602 557 600
528 527 544
528 544 543
675 510 539
675 539 676
495 494 677
495 677 534
678 679 680
678 680 681
681 675 676
681 676 678
659 671 682
659 682 683
542 541 684
542 684 685
505 686 687
505 687 506
419 391 536
419 536 532
688 664 644
688 644 648
610 609 560
610 560 554
563 555 554
563 554 560
674 581 555
674 555 563
581 576 579
577 585 579
577 579 576
652 585 577
652 577 650
612 606 605
612 605 613
648 644 606
648 606 612
382 421 533
382 533 529
533 689 499
533 499 529
500 499 689
500 689 690
632 643 645
632 645 624
630 623 622
622 552 559
622 559 630
552 553 556
552 556 559
601 556 553
601 553 591
590 601 591
516 522 521
516 521 520
539 510 513
539 513 540
525 522 516
525 516 515
539 524 526
539 526 676
530 529 499
530 499 498
534 531 502
507 535 677
507 677 494
511 691 692
511 692 512
512 692 693
512 693 537
589 653 694
589 694 598
598 694 695
598 695 604
604 695 655
604 655 597
494 497 504
494 504 507
690 686 696
697 514 517
697 517 698
691 683 682
691 682 692
692 682 699
692 699 693
693 699 700
693 700 701
508 546 679
508 679 678
678 676 509
678 509 508
538 537 693
538 693 701
519 538 517
519 517 516
515 514 541
515 541 544
448 525 527
448 527 381
666 684 697
666 697 663
544 527 525
544 525 515
541 514 684
509 702 530
509 530 498
530 702 451
530 451 383
511 510 675
511 675 681
691 511 681
691 681 680
658 546 545
658 545 657
658 659 703
657 545 547
657 547 660
700 699 672
700 672 704
667 685 684
667 684 666
668 705 706
672 699 682
672 682 671
659 643 642
659 642 671
663 636 666
676 526 702
676 702 509
526 376 451
526 451 702
707 703 659
707 659 683
704 663 697
691 680 707
691 707 683
701 700 704
701 704 698
503 705 496
697 698 704
701 698 517
701 517 538
703 707 680
703 680 679
679 546 703
500 690 547
497 670 504
690 689 687
690 687 686
687 689 533
687 533 532
505 504 708
505 708 709
686 505 709
686 709 710
696 686 710
708 504 670
668 497 496
506 687 532
506 532 536
507 506 536
507 536 535
665 669 639
665 639 641
677 535 390
677 390 389
670 669 665
647 662 688
647 688 648
620 646 661
513 512 537
513 537 518
520 540 513
520 513 518
521 523 540
521 540 520
373 374 523
373 523 521
615 620 661
668 706 669
636 635 667
669 706 640
635 636 626
696 662 660
696 660 547
647 615 661
581 674 576
580 584 673
574 576 674
586 575 582
673 584 591
599 601 590
668 670 497
690 696 547
705 668 496
704 672 663
672 637 663
658 703 546
624 646 620
590 584 589
662 696 710
662 710 688
709 664 688
709 688 710
708 665 664
708 664 709
670 665 708
613 605 609
613 609 610
614 613 610
614 610 611
611 618 619
611 619 614
623 619 618
623 618 622
632 624 623
632 623 630
605 608 609
605 607 608
616 638 621
574 564 582
684 514 697
534 502 495
388 531 534
534 677 389
474 473 454
478 438 439
482 436 437
474 454 459
461 361 441
463 462 460
444 432 711
432 712 711
488 424 434
435 491 490
486 491 435
435 436 487
472 471 440
440 471 480
479 439 440
483 437 438
438 481 484
465 456 455
460 444 711
460 711 464
457 467 476
457 476 459
423 433 424
424 442 425
456 712 431
712 432 431
459 476 475
476 467 713
476 713 477
714 715 716
714 716 717
716 715 718
716 718 719
719 718 720
719 720 721
721 720 722
721 722 723
723 722 724
723 724 725
726 727 728
726 728 729
729 728 730
729 730 731
731 730 714
731 714 717
732 733 734
732 734 735
732 735 736
732 736 737
732 738 739
733 732 739
740 741 742
740 742 743
743 742 744
743 744 745
744 746 747
744 747 745
747 746 748
747 748 749
749 748 750
749 750 751
752 753 754
752 754 755
755 754 756
755 756 757
757 756 741
757 741 740
758 759 760
761 759 758
758 762 761
758 763 762
758 764 765
758 760 764
766 767 768
769 766 768
766 769 770
766 770 771
766 772 773
766 773 767
774 775 776
774 776 777
776 775 778
776 778 779
779 778 780
779 780 781
781 780 782
781 782 783
783 782 784
783 784 785
786 787 788
786 788 789
789 788 790
789 790 791
791 790 774
791 774 777
792 793 794
792 794 795
792 795 796
792 796 797
792 798 799
793 792 799
800 801 802
800 802 803
803 802 804
803 804 805
804 806 807
804 807 805
807 806 808
807 808 809
809 808 810
809 810 811
812 813 814
812 814 815
815 814 816
815 816 817
817 816 801
817 801 800
818 819 820
821 819 818
818 822 821
818 823 822
818 824 825
818 820 824
826 827 828
829 826 828
826 829 830
826 830 831
826 832 833
826 833 827
834 835 836
837 838 839
837 839 840
841 842 843
841 843 844
845 846 842
845 842 841
847 848 834
847 834 849
850 851 852
853 851 850
852 854 855
856 857 858
840 839 848
840 848 847
844 843 838
844 838 837
859 860 846
859 846 845
861 862 860
861 860 859
858 857 863
858 863 864
864 863 865
864 865 866
836 835 867
836 867 853
868 869 862
868 862 861
870 871 872
870 872 873
874 875 876
874 877 878
874 879 880
874 881 879
874 882 875
874 883 884
874 884 885
874 886 887
874 878 882
874 880 877
874 888 881
874 889 888
874 887 890
891 892 874
874 876 883
893 894 895
893 896 897
893 898 899
893 899 900
893 895 901
893 902 903
893 903 904
893 905 906
893 907 905
893 901 896
893 897 898
893 900 908
893 908 909
893 910 907
893 904 894
911 893 912
913 914 915
913 915 916
917 918 919
917 919 920
921 922 923
921 923 924
925 926 927
925 927 928
892 889 874
911 910 893
893 909 912
891 874 890
854 929 855
874 885 886
850 852 855
893 906 902
849 834 836
853 867 851
929 856 858
854 856 929
930 931 932
933 934 935
936 937 938
938 937 939
938 939 940
936 934 941
942 943 944
942 944 945
946 947 948
946 948 949
950 946 949
950 949 951
952 953 954
943 942 930
946 955 931
946 950 955
956 954 953
956 953 957
957 953 930
931 955 958
959 960 958
959 958 955
961 962 963
961 963 964
965 966 967
965 967 968
969 970 971
972 973 974
972 974 975
976 972 975
976 975 977
933 978 979
980 978 933
981 966 982
983 984 985
986 987 988
986 988 989
990 991 992
990 992 993
994 995 996
994 996 997
998 999 1000
998 1000 1001
992 1002 980
992 980 993
1002 995 978
1002 978 980
1001 1000 1003
1001 1003 1004
1005 1006 1007
1005 1007 1008
1009 1010 1011
1009 1011 1012
1013 1014 1015
1013 1015 1016
935 1017 993
938 1018 1019
1020 1021 1022
1020 1022 1023
1024 1025 1026
1018 940 1027
1028 1029 1030
1028 1030 1031
1032 1030 1033
1032 1033 1034
1030 1032 1035
1030 1035 1031
1031 1036 1037
1031 1037 1028
1038 1039 1040
1038 1040 1041
1042 1043 1044
1042 1044 1045
1046 1047 1037
1046 1037 1048
1049 1050 1029
1049 1029 1051
1052 1022 1053
1052 1053 1054
1055 1056 1057
1055 1057 1058
1059 1060 954
959 1061 960
1008 1062 1063
1008 1063 1005
1064 1065 1066
1064 1066 1067
1068 1069 1070
1068 1070 1071
1072 1073 1069
1072 1069 1074
1075 1076 1077
1075 1077 1078
1057 1079 1080
1057 1080 1058
1081 1082 1080
1081 1080 1079
1083 1084 1085
1083 1085 1086
1044 1087 1088
1089 1090 1091
1092 1089 1093
1094 1092 1095
1096 1097 1098
1099 1100 1101
1099 1101 1102
1103 1104 1105
991 1106 1107
991 1107 992
1073 1072 1108
1073 1108 1109
1107 1110 1002
1107 1002 992
1111 1112 996
1111 996 1110
987 1113 1114
987 1114 988
1113 1115 1116
1113 1116 1114
1117 1118 1119
1117 1119 1120
1121 1122 1117
1121 1117 1120
1123 1052 1054
1123 1054 1124
1048 1037 1036
1048 1036 1125
1126 1127 1128
1126 1128 1129
1018 1027 1130
1018 1130 1043
1044 1043 1130
1044 1130 1131
1132 1133 1134
1051 1029 1028
1051 1028 1135
1037 1047 1135
1037 1135 1028
936 1136 1012
947 942 945
947 945 948
960 1061 1059
960 1059 956
1082 1081 1137
1082 1137 1021
1091 1138 1139
1091 1139 1140
1141 1142 1143
1049 1051 1144
1047 1132 1135
1047 1046 1133
943 952 1145
943 1145 944
1146 1098 1097
1146 1097 1147
1146 1147 1148
1146 1148 1149
1149 1148 1100
1149 1100 1099
1150 1151 1152
1150 1152 1153
1154 1151 1150
1154 1150 1155
1156 1157 1127
1156 1127 1126
1044 1088 1158
1044 1158 1045
1143 1157 1156
1050 1159 1160
1050 1160 1033
1161 1162 1163
1161 1163 1164
1141 1165 1142
1166 1167 1162
1158 1088 1167
1158 1167 1166
1034 1033 1160
1034 1160 1168
1038 1041 1169
1038 1169 1170
1049 1171 1159
1049 1159 1050
1172 1171 1049
1172 1144 1173
1134 1174 1175
1174 1133 1176
1046 1176 1133
1177 1046 1048
1177 1048 1178
1179 1178 1048
1179 1048 1125
1027 1128 1127
1027 1127 1130
1180 1181 1182
1180 1182 1183
1183 1182 1184
1183 1184 1185
1186 1187 1188
1186 1188 1189
1039 1083 1086
1039 1086 1040
1190 1052 1123
1190 1123 1191
1026 1025 1192
1026 1192 1193
1194 1195 1196
1194 1196 1197
1140 1139 1198
1140 1198 1199
1195 1093 1200
1195 1200 1196
1093 1140 1199
1093 1199 1200
1080 1082 1021
1080 1021 1020
1055 1058 1080
1055 1080 1020
1201 1056 1055
1201 1055 1024
1055 1020 1023
1055 1023 1024
1022 1021 1137
1022 1137 1053
1091 1093 1089
1094 1089 1092
1194 1202 1092
1194 1092 1195
1091 1203 1138
1204 1205 1206
1204 1206 1207
1204 1207 1208
1204 1208 1209
1210 1211 1212
1210 1212 1193
1212 1211 1213
1212 1213 1214
1213 968 1215
1213 1215 1216
1217 1218 1078
1217 1078 1219
1220 1221 1077
1220 1077 1076
1220 1076 1222
1220 1222 1223
1221 1219 1078
1221 1078 1077
1218 1217 1224
1218 1224 1225
1225 1224 1226
1225 1226 1216
1017 935 936
1017 936 1227
967 1228 1223
967 1223 1222
968 967 1222
968 1222 1215
1101 1011 1010
1101 1010 1102
1105 1229 1011
1105 1011 1101
1014 1229 1105
1014 1105 1015
1226 1214 1213
1226 1213 1216
1222 1076 1075
1222 1075 1215
1105 1100 1103
1015 1104 1096
1015 1096 1016
1230 1231 1232
1230 1232 1233
1230 1233 1234
1230 1234 1235
1236 981 982
1236 982 1237
1073 1109 1070
1073 1070 1069
998 1001 1237
998 1237 982
1238 1068 1071
1238 1071 1239
1240 1000 999
1240 999 1241
1109 1108 1242
1109 1242 1243
1070 1109 1243
1070 1243 1004
1239 1071 1003
1239 1003 1244
1245 1154 1155
1112 1246 997
1112 997 996
1247 1248 1249
1247 1249 1250
1247 1251 1252
1247 1252 1248
1107 1106 1245
1107 1245 1253
1110 996 995
1110 995 1002
1236 1237 1243
1236 1243 1242
1237 1001 1004
1237 1004 1243
1003 1000 1240
1003 1240 1244
1254 1241 999
1254 999 1255
1256 1257 1258
1256 1258 971
1259 1260 1261
1259 1261 979
1261 1262 1263
1261 1263 979
984 983 1264
984 1264 1265
1266 984 1265
1266 1265 1262
1257 1267 1268
1257 1268 1258
1008 1263 1062
1257 1256 975
1257 975 974
975 1256 1269
975 1269 977
1270 1271 985
1272 1273 1274
1272 1274 1275
985 1266 1276
1266 1273 1276
989 1273 1272
989 1272 986
1270 985 1276
1270 1276 1277
1276 1273 989
1276 989 1277
1278 1267 1257
1278 1257 974
1278 974 1279
1280 1279 974
1280 974 973
973 972 1281
973 1281 1280
972 976 1282
972 1282 1281
1283 1282 976
1283 976 977
1284 1283 977
1284 977 1269
1284 1269 970
1284 970 1285
1066 1065 1286
1287 1288 1289
1287 1289 1290
1287 1290 1291
1287 1291 1292
969 1255 1293
969 1293 1066
1238 1074 1069
1238 1069 1068
1227 936 1012
1294 1008 1007
1263 1008 933
1041 1034 1168
1041 1168 1169
964 1129 1128
1043 1042 1018
1042 1019 1018
1200 1199 1012
1200 1012 1136
1012 1198 1009
1012 1011 1229
1012 1229 1227
1227 1229 1014
1227 1014 1017
1259 979 1295
1062 1263 1262
1062 1262 1265
1264 1063 1062
1264 1062 1265
969 1286 1285
969 1285 970
1269 1256 971
1269 971 970
1275 1274 1261
1275 1261 1260
1274 1266 1262
1274 1262 1261
1075 1225 1216
1075 1216 1215
1075 1078 1218
1075 1218 1225
1293 1296 1297
1293 1297 1298
1293 1298 1067
1293 1067 1066
1014 1013 990
1014 990 1017
1211 965 968
1211 968 1213
967 966 981
967 981 1228
978 1295 979
1003 1071 1070
1003 1070 1004
1107 1253 1111
1107 1111 1110
960 956 957
960 957 958
957 932 958
1197 1196 1042
1012 1199 1198
1029 1050 1033
1029 1033 1030
1299 1036 1031
1299 1031 1035
1022 1052 1190
1022 1190 1023
1255 969 971
1255 971 1258
1254 1255 1258
1254 1258 1268
1293 1255 999
999 998 1296
999 1296 1293
1085 1296 965
1085 965 1211
1300 1299 1086
1040 1032 1034
1040 1034 1041
1086 1035 1032
1086 1032 1040
1084 1297 1296
1084 1296 1085
1211 1210 1085
1301 1085 1210
1024 1026 1201
1124 1179 1125
1300 1124 1125
1300 1125 1299
1125 1036 1299
1296 998 982
982 966 1296
966 965 1296
1302 1165 1141
1166 1162 1161
1303 1145 952
954 1303 952
1304 1305 959
1304 950 951
1203 1122 1121
1095 1118 1094
1286 969 1066
1024 1023 1190
1024 1190 1025
1190 1191 1192
1190 1192 1025
1193 1192 1210
1191 1123 1300
1191 1300 1301
1192 1191 1301
1192 1301 1210
1124 1300 1123
940 939 961
940 961 964
1027 940 964
1027 964 1128
1157 1130 1127
1306 1307 1131
1186 1189 1181
1186 1181 1180
1164 1163 1165
1164 1165 1302
1173 1134 1175
1144 1132 1134
1132 1051 1135
1087 1131 1307
1044 1131 1087
1306 1157 1308
1306 1131 1157
1086 1299 1035
1246 1112 1153
1271 1270 1116
985 1271 983
993 1017 990
1196 1019 1042
938 1136 936
1196 1200 1136
1196 1136 1019
978 995 994
978 994 1295
941 937 936
935 934 936
980 935 993
938 1019 1136
1301 1300 1086
1301 1086 1085
1047 1133 1132
1132 1144 1051
1144 1134 1173
1134 1133 1174
1172 1049 1144
1177 1176 1046
1059 954 956
1305 1061 959
931 958 932
957 930 932
1246 1153 1152
1271 1116 1115
1245 1155 1253
1096 1104 1097
1203 1090 1122
1090 1203 1091
1095 1092 1202
1119 1118 1095
955 950 959
943 953 952
933 1008 1294
933 1294 934
980 933 935
984 1266 985
1266 1274 1273
1105 1104 1015
1101 1100 1105
1094 1309 1089
1309 1090 1089
1091 1140 1093
1092 1093 1195
1263 933 979
938 940 1018
930 942 947
930 947 931
943 930 953
946 931 947
1304 959 950
954 1060 1303
1157 1131 1130
1143 1142 1308
1143 1308 1157
963 1129 964
1310 1311 1312
1310 1312 1313
1314 1315 1316
1314 1316 1317
1318 1319 1320
1318 1320 1321
1322 1323 1319
1322 1319 1318
1324 1325 1326
1324 1326 1327
1328 1325 1324
1328 1324 1329
1330 1331 1332
1330 1332 1333
1334 1335 1336
1334 1336 1337
1338 1334 1337
1338 1337 1339
1340 1324 1327
1340 1327 1341
1324 1340 1342
1324 1342 1329
1343 1344 1345
1343 1345 1333
1346 1312 1311
1346 1311 1347
1312 1346 1348
1312 1348 1349
1344 1350 1316
1344 1316 1345
1315 1351 1352
1315 1352 1316
1353 1354 1355
1353 1355 1323
1356 1357 1358
1311 1310 1359
1311 1359 1360
1358 1357 1361
1319 1362 1363
1319 1363 1320
1364 1365 1322
1364 1322 1318
1366 1364 1318
1366 1318 1321
1367 1314 1317
1367 1317 1368
1322 1369 1353
1322 1353 1323
1358 1370 1369
1355 1362 1319
1355 1319 1323
1322 1356 1358
1369 1322 1358
1312 1349 1371
1312 1371 1313
1372 1373 1310
1372 1310 1313
1372 1313 1371
1372 1371 1374
1373 1361 1310
1375 1330 1333
1375 1333 1376
1377 1339 1378
1379 1380 1381
1329 1382 1383
1329 1383 1328
1381 1384 1385
1337 1336 1386
1337 1386 1387
1388 1334 1338
1388 1338 1389
1390 1335 1334
1390 1334 1388
1331 1391 1392
1331 1392 1332
1338 1339 1377
1338 1377 1393
1380 1393 1394
1395 1339 1337
1395 1337 1387
1389 1338 1379
1393 1380 1338
1396 1325 1328
1396 1328 1397
1326 1325 1396
1326 1396 1398
1384 1380 1394
1384 1394 1397
1333 1345 1399
1333 1399 1376
1400 1401 1402
1400 1402 1403
1404 1405 1406
1404 1406 1407
1408 1409 1410
1408 1410 1411
1329 1342 1412
1329 1412 1382
1413 1414 1415
1413 1415 1416
1417 1418 1419
1417 1419 1420
1421 1422 1344
1421 1344 1343
1423 1424 1425
1426 1427 1428
1426 1428 1429
1430 1431 1432
1430 1432 1433
1347 1311 1360
1347 1360 1434
1435 1436 1426
1435 1426 1429
1437 1438 1436
1437 1436 1435
1439 1440 1438
1439 1438 1437
1408 1411 1440
1408 1440 1439
1441 1442 1406
1441 1406 1405
1443 1444 1442
1443 1442 1441
1345 1316 1352
1345 1352 1399
1422 1445 1350
1422 1350 1344
1446 1447 1448
1446 1448 1449
1450 1451 1447
1450 1447 1446
1452 1453 1451
1452 1451 1450
1454 1455 1453
1454 1453 1452
1456 1457 1455
1456 1455 1454
1413 1416 1457
1413 1457 1456
1361 1458 1359
1361 1359 1310
1385 1384 1328
1385 1328 1383
1384 1397 1328
1370 1358 1361
1370 1361 1373
1335 1331 1330
1335 1330 1336
1390 1391 1331
1390 1331 1335
1459 1449 1448
1459 1448 1460
1366 1321 1314
1366 1314 1367
1321 1320 1315
1321 1315 1314
1320 1363 1351
1320 1351 1315
1336 1330 1375
1336 1375 1386
1400 1403 1444
1400 1444 1443
1378 1339 1395
1445 1368 1317
1445 1317 1350
1316 1350 1317
1332 1343 1333
1392 1421 1343
1392 1343 1332
1402 1401 1461
1365 1356 1322
1379 1338 1380
1380 1384 1381
1361 1357 1458
1420 1419 1459
1420 1459 1460
1415 1414 1462
1463 1418 1417
1425 1424 1430
1425 1430 1433
1464 1465 1466
1467 1468 1469
1470 1471 1472
1473 1474 1475
1473 1475 1470
1476 1477 1464
1478 1479 1467
1464 1477 1472
1464 1472 1471
1480 1481 1482
1483 1484 1485
1486 1487 1488
1489 1490 1491
1492 1493 1494
1495 1496 1497
1494 1485 1498
1499 1484 1500
1471 1467 1469
1484 1501 1502
1484 1499 1485
1495 1490 1503
1490 1497 1491
1470 1478 1467
1504 1505 1482
1484 1502 1500
1503 1490 1498
1496 1495 1486
1479 1468 1467
1471 1480 1464
1481 1480 1469
1481 1469 1506
1487 1507 1488
1485 1499 1503
1470 1472 1473
1503 1499 1487
1495 1503 1487
1483 1501 1484
1486 1495 1487
1490 1495 1497
1505 1464 1480
1499 1507 1487
1499 1500 1507
1480 1482 1505
1470 1467 1471
1476 1464 1466
1494 1493 1485
1465 1505 1508
1508 1505 1504
1469 1468 1506
1498 1485 1503
1498 1490 1489
1483 1485 1493
1464 1505 1465
1470 1475 1478
1471 1469 1480
1489 1491 1509
1510 1511 1512
1513 1514 1515
1516 1517 1518
1519 1516 1520
1519 1520 1521
1522 1510 1523
1524 1513 1525
1510 1518 1517
1510 1517 1523
1526 1527 1528
1529 1530 1531
1532 1533 1534
1535 1536 1537
1538 1539 1540
1541 1542 1543
1539 1544 1530
1545 1546 1531
1518 1514 1513
1531 1547 1548
1531 1530 1545
1541 1549 1537
1537 1536 1542
1516 1513 1524
1550 1527 1551
1531 1546 1547
1549 1544 1537
1543 1532 1541
1525 1513 1515
1518 1510 1526
1528 1552 1514
1528 1514 1526
1534 1533 1553
1530 1549 1545
1516 1519 1517
1549 1534 1545
1541 1534 1549
1529 1531 1548
1532 1534 1541
1537 1542 1541
1551 1526 1510
1545 1534 1553
1545 1553 1546
1526 1551 1527
1516 1518 1513
1522 1511 1510
1539 1530 1540
1512 1554 1551
1554 1550 1551
1514 1552 1515
1544 1549 1530
1544 1535 1537
1529 1540 1530
1510 1512 1551
1516 1524 1520
1518 1526 1514
1535 1555 1536
1556 1557 1558
1556 1558 1559
1560 1559 1558
1560 1558 1561
1562 1563 1564
1562 1564 1565
1557 1556 1562
1557 1562 1565
1560 1561 1566
1560 1566 1567
1568 1569 1570
1568 1570 1571
1567 1566 1572
1567 1572 1573
1572 1569 1568
1572 1568 1573
1574 1556 1575
1560 1575 1559
1562 1576 1577
1562 1577 1563
1574 1576 1562
1560 1578 1579
1571 1580 1568
1581 1573 1568
1581 1578 1567
1581 1567 1573
1567 1578 1560
1560 1579 1575
1575 1556 1559
1574 1562 1556
1571 1582 1580
1581 1568 1580
1583 1584 1558
1583 1558 1557
1585 1561 1558
1585 1558 1584
1586 1565 1564
1586 1564 1587
1557 1565 1586
1557 1586 1583
1585 1588 1566
1585 1566 1561
1589 1590 1570
1589 1570 1569
1588 1591 1572
1588 1572 1566
1572 1591 1589
1572 1589 1569
1592 1593 1583
1585 1584 1593
1586 1587 1594
1586 1594 1595
1592 1586 1595
1585 1596 1597
1590 1589 1598
1599 1589 1591
1599 1588 1597
1599 1591 1588
1588 1585 1597
1585 1593 1596
1593 1584 1583
1592 1583 1586
1590 1598 1600
1599 1598 1589
1601 1602 1603
1601 1603 1604
1605 1606 1607
1605 1607 1608
1609 1605 1608
1609 1608 1610
1602 1609 1610
1602 1610 1603
1611 1612 1613
1614 1615 1616
1614 1616 1617
1616 1615 1618
1619 1620 1618
1613 1618 1611
1621 1603 1610
1607 1622 1623
1607 1623 1608
1624 1625 1621
1621 1608 1623
1626 1627 1621
1628 1621 1627
1626 1621 1623
1623 1622 1626
1617 1616 1620
1619 1618 1629
1630 1618 1613
1631 1611 1632
1631 1632 1633
1634 1612 1611
1634 1611 1631
1635 1615 1614
1635 1614 1636
1633 1632 1615
1633 1615 1635
1629 1618 1630
1610 1608 1621
1620 1616 1618
1628 1624 1621
1603 1625 1604
1621 1625 1603
1618 1615 1632
1611 1618 1632
1601 1637 1638
1601 1638 1602
1605 1639 1640
1605 1640 1606
1609 1641 1639
1609 1639 1605
1602 1638 1641
1602 1641 1609
1642 1643 1644
1645 1646 1647
1645 1647 1648
1647 1649 1648
1650 1649 1651
1643 1642 1649
1652 1641 1638
1640 1639 1653
1640 1653 1654
1655 1652 1656
1652 1653 1639
1657 1652 1658
1659 1658 1652
1657 1653 1652
1653 1657 1654
1646 1651 1647
1650 1660 1649
1661 1643 1649
1631 1633 1662
1631 1662 1642
1634 1631 1642
1634 1642 1644
1635 1636 1645
1635 1645 1648
1633 1635 1648
1633 1648 1662
1660 1661 1649
1641 1652 1639
1651 1649 1647
1659 1652 1655
1638 1637 1656
1652 1638 1656
1649 1662 1648
1642 1662 1649
1663 1664 1665
1666 1667 1668
1666 1668 1669
1666 1670 1671
1666 1671 1667
1663 1672 1673
1674 1675 1676
1675 1677 1678
1679 1680 1681
1679 1681 1682
1683 1684 1685
1683 1685 1686
1673 1664 1663
1674 1677 1675
1687 1688 1689
1687 1690 1691
1687 1689 1692
1690 1687 1692
1693 1688 1694
1695 1689 1693
1696 1689 1695
1697 1692 1696
1698 1692 1697
1699 1690 1698
1700 1691 1690
1691 1700 1701
1702 1703 1704
1687 1703 1702
1705 1706 1702
1706 1687 1702
1706 1694 1688
1687 1706 1688
1701 1707 1703
1687 1691 1703
1708 1709 1710
1711 1708 1710
1712 1713 1714
1715 1716 1717
1715 1717 1718
1715 1718 1719
1715 1719 1712
1720 1708 1721
1720 1721 1722
1723 1724 1725
1723 1725 1726
1726 1725 1727
1726 1727 1728
1728 1727 1729
1728 1729 1730
1721 1708 1731
1721 1731 1732
1733 1734 1725
1733 1725 1724
1735 1736 1737
1735 1737 1738
1718 1717 1739
1718 1739 1740
1729 1727 1741
1729 1741 1742
1743 1744 1745
1743 1745 1746
1747 1743 1746
1747 1746 1748
1727 1725 1734
1727 1734 1741
1719 1718 1740
1719 1740 1749
1750 1722 1721
1750 1721 1751
1752 1753 1712
1752 1712 1719
1754 1752 1719
1754 1719 1749
1755 1756 1757
1755 1757 1758
1732 1729 1742
1732 1742 1759
1760 1742 1761
1723 1726 1762
1723 1762 1763
1729 1732 1731
1729 1731 1730
1764 1765 1710
1764 1710 1709
1766 1711 1710
1766 1710 1765
1767 1768 1764
1767 1764 1709
1764 1769 1770
1764 1770 1765
1765 1770 1771
1765 1771 1766
1772 1773 1728
1772 1728 1730
1728 1773 1774
1728 1774 1726
1726 1774 1762
1753 1775 1713
1753 1713 1712
1712 1714 1776
1712 1776 1715
1716 1776 1777
1778 1779 1780
1778 1780 1781
1720 1767 1709
1782 1783 1784
1785 1772 1730
1786 1787 1788
1786 1788 1789
1790 1791 1792
1790 1792 1793
1794 1795 1792
1794 1792 1791
1796 1797 1798
1796 1798 1799
1800 1801 1802
1800 1802 1803
1804 1805 1806
1804 1806 1807
1808 1809 1810
1808 1810 1811
1786 1789 1812
1786 1812 1813
1807 1806 1790
1807 1790 1793
1814 1815 1816
1814 1816 1817
1818 1819 1820
1818 1820 1821
1759 1751 1721
1759 1721 1732
1711 1766 1822
1711 1822 1785
1823 1824 1825
1826 1823 1825
1826 1825 1827
1828 1829 1830
1828 1830 1831
1760 1832 1829
1832 1760 1761
1734 1833 1761
1734 1834 1833
1835 1834 1734
1835 1734 1733
1749 1836 1837
1749 1837 1754
1838 1836 1749
1839 1838 1740
1824 1839 1840
1716 1767 1720
1841 1739 1842
1840 1841 1825
1722 1750 1739
1738 1747 1748
1843 1844 1845
1843 1845 1846
1847 1848 1844
1847 1844 1843
1796 1799 1848
1796 1848 1847
1800 1803 1798
1800 1798 1797
1849 1850 1802
1849 1802 1801
1851 1852 1850
1851 1850 1849
1853 1854 1855
1846 1856 1857
1855 1858 1859
1860 1861 1862
1863 1864 1865
1863 1865 1866
1867 1868 1869
1870 1871 1867
1872 1873 1870
1862 1873 1872
1864 1874 1853
1757 1756 1783
1757 1783 1875
1742 1760 1876
1760 1828 1876
1761 1741 1734
1742 1741 1761
1876 1759 1742
1751 1759 1877
1750 1878 1842
1842 1739 1750
1840 1740 1739
1862 1872 1860
1874 1854 1853
1864 1853 1865
1760 1829 1828
1764 1879 1769
1880 1881 1822
1880 1822 1766
1818 1805 1804
1818 1804 1819
1794 1816 1815
1794 1815 1795
1851 1882 1852
1722 1739 1717
1716 1720 1722
1716 1722 1717
1841 1840 1739
1731 1711 1785
1883 1884 1885
1883 1885 1886
1738 1737 1747
1825 1824 1840
1708 1711 1731
1709 1708 1720
1814 1817 1887
1888 1889 1890
1888 1890 1891
1820 1892 1821
1893 1767 1777
1785 1730 1731
1777 1767 1716
1772 1785 1894
1761 1833 1832
1840 1839 1740
1698 1690 1692
1696 1692 1689
1693 1689 1688
1700 1690 1699
1703 1895 1896
1703 1896 1704
1704 1897 1702
1705 1702 1897
1706 1705 1898
1706 1898 1899
1855 1900 1858
1740 1838 1749
1715 1776 1716
1787 1901 1902
1787 1902 1788
1813 1812 1809
1813 1809 1808
1903 1904 1905
1904 1906 1905
1906 1907 1905
1908 1909 1905
1910 1911 1905
1909 1912 1905
1913 1910 1905
1912 1903 1905
1907 1913 1905
1870 1873 1871
1855 1854 1900
1859 1861 1860
1858 1861 1859
1750 1751 1878
1877 1759 1914
1784 1779 1778
1784 1778 1782
1781 1780 1736
1781 1736 1735
1915 1916 1917
1915 1917 1918
1919 1920 1921
1919 1921 1922
1923 1924 1925
1923 1925 1926
1927 1928 1929
1930 1931 1932
1931 1933 1934
1935 1936 1937
1938 1939 1937
1938 1937 1936
1940 1941 1930
1940 1930 1932
1942 1935 1943
1944 1945 1946
1944 1946 1947
1948 1949 1950
1948 1950 1951
1952 1953 1954
1952 1954 1955
1956 1957 1958
1956 1958 1959
1960 1961 1962
1960 1962 1963
1964 1965 1966
1964 1966 1967
1968 1969 1953
1968 1953 1952
1959 1958 1970
1959 1970 1971
1961 1960 1972
1961 1972 1973
1967 1966 1974
1967 1974 1975
1955 1954 1949
1955 1949 1948
1947 1946 1957
1947 1957 1956
1976 1977 1978
1976 1978 1979
1980 1981 1982
1980 1982 1983
1984 1985 1986
1984 1986 1987
1988 1989 1990
1988 1990 1991
1992 1993 1994
1992 1994 1995
1975 1974 1989
1996 1997 1998
1996 1998 1999
2000 2001 2002
2000 2002 2003
1999 1998 2004
1999 2004 2005
2006 2007 2001
2006 2001 2000
1994 1973 1972
1994 1972 1995
2008 1997 2009
2010 2011 2012
2010 2012 2013
2014 2015 2016
2014 2016 2017
2018 2019 2020
2018 2020 2021
2022 2023 2024
2022 2024 2025
2026 2027 2019
2026 2019 2018
2025 2024 2028
2025 2028 2029
2030 2031 2015
2030 2015 2014
2013 2012 2032
2013 2032 2033
2027 2026 2034
2027 2034 2035
2036 2037 2011
2036 2011 2010
2017 2016 2038
2017 2038 2039
2040 2041 2042
2040 2042 2043
2044 2045 2046
2044 2046 2047
2048 2049 2050
2048 2050 2051
2052 2053 2054
2053 2052 2055
2053 2055 2056
2057 2058 2059
2057 2059 2060
2061 2062 2063
2061 2063 2064
2065 2066 2067
2065 2067 2068
2069 2066 2070
2071 2064 2063
2072 2073 2068
2072 2068 2067
2074 2062 2061
2074 2061 2075
2028 2076 2054
2028 2054 2029
2048 2045 2044
2048 2044 2049
2077 2078 2079
2080 2081 2043
2080 2043 2042
1981 1980 1985
1981 1985 1984
2082 2083 2084
1979 1978 2085
1979 2085 2086
1987 1986 1993
1987 1993 1992
1926 1925 1920
1926 1920 1919
1991 1990 1977
1991 1977 1976
2051 2050 2058
2051 2058 2057
1929 1928 1916
1929 1916 1915
2056 2055 2041
2056 2041 2040
1982 2086 2085
1982 2085 1983
2046 2081 2080
2046 2080 2047
2087 2088 2089
2090 2091 2092
2090 2092 2093
2094 2095 2087
2094 2096 2097
2098 2099 2100
2098 2100 2101
2102 2103 2099
2102 2099 2098
2104 2105 2103
2104 2103 2102
2106 2107 2105
2106 2105 2104
2108 2109 2107
2108 2107 2106
2110 2111 2109
2110 2109 2108
2092 2111 2110
2092 2110 2093
2112 2113 2114
2112 2114 2115
2116 2117 2113
2116 2113 2112
2116 2118 2117
2119 2120 2118
2119 2118 2121
2122 2123 2124
2122 2124 2125
2126 2127 2123
2126 2123 2122
2128 2129 2127
2128 2127 2126
2130 2131 2129
2130 2129 2128
2132 2133 2131
2132 2131 2130
2134 2133 2132
2134 2132 2135
2136 2137 2138
2139 2091 2090
1918 1917 2078
1918 2078 2077
2134 2135 2137
2134 2137 2136
1922 1921 2083
1922 2083 2082
2140 2100 2096
2039 2038 2023
2039 2023 2022
2021 2020 2037
2021 2037 2036
1971 1970 1965
1971 1965 1964
1963 1962 1969
1963 1969 1968
2125 2124 2120
2125 2120 2119
2121 2118 2116
2140 2096 2094
2002 2141 2142
2002 2142 2003
2059 2035 2034
1751 1877 2143
1878 1751 2143
1914 1759 1876
1875 1783 1782
2144 1936 1935
1932 1931 1934
2052 2054 2076
2059 2034 2060
2071 2063 2145
2070 2066 2065
2009 1997 1996
1975 1989 1988
2146 1879 1764
2146 1764 1768
1880 1766 1771
1706 2147 1694
1701 1703 1691
1846 1845 1856
2148 1882 1851
2094 2097 2095
2087 2095 2088
2101 2100 2140
2144 1935 1942
1934 1933 2149
1867 1871 1868
2150 2151 2152
2153 2154 2155
2153 2155 2156
2157 2158 2159
2160 2161 2150
2162 2154 2153
2162 2153 2163
2158 2164 2165
2166 2167 2168
2166 2168 2169
2170 2171 2172
2170 2172 2173
2161 2151 2150
2158 2157 2164
2174 2175 2176
2174 2176 2177
2178 2179 2180
2178 2180 2181
2182 2183 2184
2182 2184 2185
2186 2187 2188
2186 2188 2189
2190 2191 2192
2190 2192 2193
2194 2195 2196
2194 2196 2197
2198 2199 2200
2198 2200 2201
2202 2203 2204
2202 2204 2205
2206 2207 2208
2206 2208 2209
2210 2211 2212
2210 2212 2213
2214 2215 2216
2214 2216 2217
2218 2219 2220
2218 2220 2221
2217 2216 2222
2217 2222 2223
2224 2225 2219
2224 2219 2218
2223 2222 2226
2223 2226 2227
2228 2229 2225
2228 2225 2224
2221 2220 2230
2221 2230 2231
2232 2233 2234
2232 2234 2235
2236 2237 2215
2236 2215 2214
2227 2226 2238
2227 2238 2239
2240 2241 2242
2240 2242 2243
2244 2245 2229
2244 2229 2228
2246 2247 2248
2246 2248 2249
2250 2251 2252
2250 2252 2253
2254 2255 2256
2254 2256 2257
2258 2259 2260
2258 2260 2261
2262 2263 2264
2262 2264 2265
2266 2267 2268
2266 2268 2269
2270 2271 2272
2270 2272 2273
2274 2275 2276
2274 2276 2277
2278 2279 2280
2278 2280 2281
2282 2283 2284
2282 2284 2285
2286 2287 2288
2286 2288 2289
2290 2291 2292
2290 2292 2293
2289 2288 2294
2289 2294 2295
2296 2297 2291
2296 2291 2290
2295 2294 2298
2295 2298 2299
2300 2301 2297
2300 2297 2296
2293 2292 2302
2293 2302 2303
2304 2305 2306
2304 2306 2307
2308 2309 2287
2308 2287 2286
2299 2298 2310
2299 2310 2311
2312 2313 2314
2312 2314 2315
2316 2317 2301
2316 2301 2300
1927 1929 2318
2319 2320 2321
2322 2323 2324
2322 2325 2323
2326 2327 2328
2326 2328 2329
2324 2323 2330
2331 2332 2333
2334 2335 2336
2334 2336 2337
2338 2339 2340
2341 2330 2338
2323 2338 2330
2342 2343 2344
2345 2346 2347
2345 2347 2348
2349 2350 2351
2349 2351 2352
2325 2353 2354
2355 2356 2357
2355 2357 2358
2359 2360 2348
2359 2348 2347
2361 2362 2363
2364 2365 2366
2367 2368 2369
2367 2369 2370
2371 2372 2319
2371 2366 2372
2364 2366 2373
2374 2375 2376
2377 2378 2374
2379 2380 2381
2382 2383 2384
2382 2384 2385
2386 2387 2379
2386 2379 2381
2388 2389 2390
2388 2390 2391
2321 2320 2381
2324 2376 2375
2392 2324 2330
2393 2394 2395
2321 2394 2396
2397 2398 2399
2400 2401 2402
2400 2402 2403
2404 2405 2406
2407 2408 2409
2410 2411 2412
2410 2412 2413
2414 2415 2416
2414 2416 2365
2417 2418 2414
2417 2414 2419
2420 2421 2422
2341 2412 2411
2414 2365 2423
2424 2425 2426
2424 2426 2427
2428 2429 2430
2400 2403 2431
2400 2431 2432
2433 2434 2435
2403 2436 2437
2403 2437 2438
2439 2440 2441
2439 2441 2442
2443 2444 2445
2443 2445 2446
2447 2448 2449
2448 2450 2451
2448 2451 2452
2453 2454 2455
2453 2455 2438
2456 2457 2458
2456 2458 2459
2450 2447 2439
2455 2460 2438
2403 2438 2460
2403 2460 2431
2461 2450 2462
2463 2464 2465
2463 2465 2419
2466 2319 2396
2467 2468 2319
2469 2470 2471
2469 2471 2472
2470 2469 2473
2470 2473 2474
2475 2476 2477
2475 2477 2478
2479 2477 2476
2479 2476 2480
2481 2482 2483
2484 2473 2485
2473 2469 2485
2486 2487 2488
2487 2489 2490
2491 2492 2493
2379 2494 2495
2379 2495 2496
2497 2498 2499
2496 2380 2379
2500 2461 2501
2502 2503 2504
2502 2504 2505
2506 2507 2508
2506 2508 2509
2501 2510 2500
2511 2460 2455
2512 2460 2511
2513 2431 2460
2514 2515 2516
2514 2516 2517
2330 2518 2392
2519 2520 2521
2522 2520 2501
2511 2523 2512
2523 2511 2524
2524 2525 2523
2526 2527 2528
2529 2526 2530
2526 2528 2530
2531 2532 2533
2534 2535 2536
2537 2534 2536
2534 2538 2535
2539 2540 2541
2539 2541 2542
2534 2537 2540
2543 2544 2545
2543 2545 2546
2461 2522 2501
2547 2548 2549
2549 2550 2551
2549 2551 2552
2553 2554 2555
2553 2555 2556
2548 2547 2557
2548 2557 2558
2548 2559 2560
2548 2560 2561
2548 2562 2563
2564 2565 2566
2564 2566 2567
2568 2569 2570
2536 2571 2537
2572 2573 2574
2572 2574 2575
2576 2577 2578
2576 2578 2579
2580 2581 2582
2580 2582 2583
2584 2585 2586
2423 2587 2419
2588 2589 2590
2588 2590 2591
2592 2593 2594
2592 2594 2595
2596 2597 2598
2596 2598 2599
2600 2601 2602
2600 2602 2603
2604 2605 2606
2604 2606 2607
2608 2609 2610
2608 2610 2611
2612 2613 2614
2615 2614 2613
2615 2613 2616
2612 2614 2617
2618 2619 2620
2618 2620 2621
2622 2623 2624
2622 2624 2625
2626 2627 2628
2629 2592 2626
2629 2626 2630
2631 2632 2633
2631 2633 2634
2635 2636 2637
2635 2637 2638
2639 2640 2641
2639 2641 2642
2643 2626 2628
2644 2645 2646
2647 2626 2643
2647 2643 2648
2649 2650 2651
2652 2653 2654
2652 2654 2655
2656 2644 2646
2450 2657 2462
2528 2658 2659
2660 2661 2662
2663 2664 2665
2663 2665 2666
2667 2668 2669
2670 2669 2671
2670 2671 2672
2673 2674 2675
2673 2675 2676
2677 2661 2678
2677 2678 2679
2680 2681 2682
2680 2682 2683
2684 2685 2686
2687 2688 2689
2687 2689 2690
2643 2628 2691
2527 2655 2692
2693 2694 2695
2696 2697 2698
2699 2700 2701
2699 2701 2702
2466 2467 2319
2703 2704 2705
2703 2705 2706
2707 2667 2708
2709 2705 2710
2711 2712 2713
2691 2714 2715
2716 2561 2717
2718 2719 2720
2721 2719 2718
2721 2722 2723
2724 2725 2726
2723 2722 2727
2723 2727 2532
2723 2728 2721
2562 2728 2729
2526 2529 2520
2712 2730 2713
2731 2732 2733
2659 2658 2734
2711 2735 2736
2527 2692 2658
2737 2469 2472
2737 2738 2469
2739 2740 2741
2740 2742 2741
2742 2740 2743
2485 2738 2744
2745 2485 2744
2746 2745 2744
2747 2748 2743
2485 2469 2738
2748 2747 2749
2750 2745 2751
2752 2750 2751
2749 2747 2753
2740 2754 2747
2755 2490 2489
2750 2756 2745
2485 2745 2756
2484 2485 2489
2756 2489 2485
2757 2750 2752
2380 2496 2758
2321 2380 2759
2321 2759 2394
2760 2761 2762
2761 2763 2762
2764 2765 2766
2767 2768 2769
2767 2769 2770
2765 2764 2771
2772 2765 2773
2765 2771 2773
2770 2774 2775
2753 2769 2768
2776 2777 2778
2776 2778 2779
2321 2396 2319
2777 2780 2781
2778 2782 2783
2784 2785 2786
2784 2786 2787
2782 2788 2789
2782 2789 2783
2790 2533 2791
2792 2793 2786
2528 2659 2794
2571 2795 2792
2796 2782 2397
2796 2397 2797
2798 2799 2800
2798 2800 2735
2736 2800 2801
2802 2803 2804
2802 2804 2805
2806 2807 2808
2806 2808 2800
2809 2810 2811
2809 2811 2812
2813 2814 2815
2813 2815 2816
2817 2818 2819
2817 2819 2820
2821 2822 2823
2824 2735 2711
2824 2711 2825
2826 2827 2828
2826 2828 2829
2830 2831 2832
2627 2833 2834
2835 2836 2837
2835 2837 2838
2839 2788 2782
2840 2841 2842
2843 2844 2845
2843 2845 2846
2847 2848 2550
2847 2849 2850
2847 2850 2848
2847 2851 2852
2852 2849 2847
2852 2851 2853
2854 2855 2856
2857 2854 2856
2858 2859 2860
2858 2860 2861
2843 2846 2862
2563 2851 2550
2853 2851 2863
2851 2563 2729
2864 2865 2856
2863 2729 2866
2866 2729 2728
2867 2868 2869
2870 2867 2869
2728 2871 2866
2867 2546 2864
2867 2864 2868
2546 2867 2870
2723 2532 2872
2873 2543 2874
2546 2870 2874
2875 2774 2769
2876 2877 2878
2354 2353 2879
2880 2876 2878
2881 2882 2883
2884 2885 2886
2887 2888 2338
2332 2889 2890
2891 2331 2892
2893 2894 2895
2896 2340 2339
2897 2898 2899
2900 2901 2902
2903 2904 2905
2906 2410 2413
2907 2422 2421
2908 2909 2910
2911 2912 2407
2913 2914 2915
2914 2916 2915
2917 2406 2405
2918 2429 2428
2919 2920 2921
2922 2433 2435
2923 2924 2925
2926 2927 2928
2449 2448 2929
2448 2930 2929
2931 2932 2933
2934 2935 2936
2937 2500 2938
2939 2940 2941
2500 2510 2938
2942 2943 2944
2943 2945 2944
2946 2947 2948
2949 2950 2951
2490 2488 2487
2952 2953 2493
2492 2952 2493
2954 2763 2955
2956 2957 2958
2484 2956 2958
2959 2956 2484
2960 2961 2962
2962 2961 2963
2964 2965 2966
2962 2967 2960
2968 2969 2970
2971 2972 2973
2974 2975 2973
2976 2971 2973
2977 2976 2973
2975 2977 2973
2978 2974 2973
2979 2980 2981
2982 2649 2983
2982 2656 2649
2984 2985 2986
2985 2987 2986
2559 2548 2988
2559 2988 2989
2990 2991 2992
2990 2993 2991
2990 2994 2993
2995 2569 2996
2717 2561 2997
2998 2999 3000
2716 2717 3001
3002 2520 2529
3003 2841 2840
2743 2740 2747
2746 2751 2745
2587 2463 2419
2536 2795 2571
2728 2872 2871
2723 2872 2728
2546 2874 2543
2722 2721 2718
3004 2722 2718
2775 2774 2797
2397 2775 2797
3005 3006 3007
3008 3009 3010
3011 3012 3013
3014 3015 3016
3017 3018 3019
3020 3021 3022
3023 2672 2671
3024 3025 3026
2660 2662 3027
3028 3029 3030
3031 2668 2667
3032 3033 3034
3035 3036 3037
3038 3039 3040
3041 3042 3043
3044 3045 3046
3047 3048 3049
3050 3051 3052
3053 3054 3055
3056 3053 3055
3057 3058 3059
3060 3061 3062
3063 2830 2832
3064 3065 3066
3067 3068 3069
3070 3071 3072
3070 3072 3073
3074 3075 3076
3074 3076 3077
3078 3070 3073
3079 3080 3081
3082 3083 3084
3085 3086 3087
3088 3089 3090
3091 3092 3093
3094 3095 3096
3097 3098 3099
3100 3101 3102
3103 2658 2692
3104 2691 2715
3062 3105 3106
3107 3108 3109
3107 3109 3110
3111 3112 3113
2890 3114 2332
2901 3115 3116
2321 2381 2380
2346 2381 2320
2562 2561 2719
2319 2372 2320
2372 3114 2347
3117 3118 3119
3120 3121 3122
3123 3124 3125
3126 3123 3125
3127 3128 3129
3130 3131 3132
3130 3132 3133
2468 2371 2319
2372 2347 2320
2708 2667 2669
3134 3135 2652
3134 2652 2655
2655 2527 3136
2458 3137 3138
2526 2520 2522
2801 2800 2808
2504 2524 2505
2524 2511 2505
2692 2655 2654
2522 2461 3136
2333 2366 2365
2423 2364 3139
2423 2365 2364
3140 3141 3142
3140 3142 3143
2423 2419 2414
3114 2359 2347
3144 3145 3146
3144 3146 3147
3148 3149 3150
3148 3150 3151
3152 3153 2586
3152 2586 2585
3154 3155 3152
3154 3152 2585
3112 3156 3157
3112 3157 3158
3159 3156 3112
3159 3112 3111
3160 3161 3162
3160 3162 3163
2954 2762 2763
2750 3164 2755
3165 3166 3167
3164 2750 2757
3168 2484 2487
3169 2959 2484
3169 2484 3168
2492 2491 3170
3171 3168 2487
3172 3170 2491
3171 3173 3168
2487 2486 3171
2489 2487 2484
3174 2547 2549
3174 2549 3175
3176 3177 3178
3174 3179 2547
2756 2755 2489
2493 2953 3180
2491 3181 3172
2398 2397 2781
3182 2468 2467
2691 2628 2714
2527 2522 3136
2527 2526 2522
3136 2461 2462
3183 2766 2765
3183 2765 3184
3185 3186 3187
2750 2755 2756
2719 2721 2562
3188 3189 3190
3188 3190 3191
3192 3193 2678
3192 2678 2821
3194 3195 3196
3194 3196 3197
3198 3199 3200
3198 3200 3201
3202 3203 3204
3202 3204 3205
3206 2376 2324
3207 2377 2376
3207 2376 3206
3208 3209 3210
3134 2655 3136
2366 2371 2373
2366 3114 2372
2396 2394 2393
2466 2396 3211
3212 2467 2466
3212 2466 3213
2527 2658 2528
2725 2724 3214
2872 2532 2531
2627 2595 2833
2592 2595 2627
2661 3215 2678
2661 2660 3216
2801 2808 2710
2735 2800 2736
2711 2736 2712
2704 2710 2705
2322 2324 2375
3210 2739 2741
2562 2721 2728
2524 3217 3218
2875 2753 2747
2875 2747 2754
2753 2875 2769
2397 2399 2775
2781 2397 2782
2781 2782 2777
3219 2786 2793
2776 2780 2777
2332 3114 2366
2341 2338 2412
2341 2518 2330
2513 2460 2512
2887 2338 2323
2792 2786 2785
2792 2785 2571
2461 2451 2450
2439 2657 2450
3220 2439 2442
3221 2439 3220
3221 2657 2439
2656 2646 2649
2649 2646 2650
2649 2651 2983
2778 2777 2782
2770 2769 2774
2338 2340 2412
2332 2366 2333
2331 2333 2892
3222 3223 3208
3222 3208 3210
2450 2448 2447
2443 2446 3224
2433 3225 2434
2346 2320 2347
3226 3227 3228
3226 3228 3229
2367 2370 3230
2420 3231 2421
2407 2912 2408
2901 3116 2902
2404 2406 3232
2428 2430 3233
3234 3235 3236
3061 3105 3062
2626 2592 2627
3216 3215 2661
2710 2808 3237
2801 2710 2704
2595 3238 3239
2595 3239 2833
2729 2563 2562
2561 2562 2548
2549 2548 2550
3240 2525 3218
2848 2551 2550
2847 2550 2851
2563 2550 2548
3241 2762 2954
2958 2473 2484
2482 2481 3242
3210 3209 2739
2739 2754 2740
2864 2856 2855
3243 2716 3001
2568 3244 2996
3245 2520 3246
3246 2520 2519
3245 2501 2520
2504 3217 2524
2568 2996 2569
3215 2822 2678
2678 2822 2821
2670 2708 2669
2511 2455 2505
3218 2525 2524
3206 2324 2392
2377 2374 2376
2374 3247 3248
2374 3248 2375
2864 2855 2868
2863 2851 2729
2719 2561 2716
3243 2719 2716
2540 2539 2538
3002 2529 3249
2538 2534 2540
2521 2520 3002
2937 2461 2500
3245 2510 2501
2457 3137 2458
3250 3251 2858
3250 2858 3252
3253 3252 2858
3253 2858 2861
2790 2531 2533
2325 2322 2353
3254 3255 3256
3257 3258 3259
3260 3261 3262
3261 3263 3264
3261 3264 3262
3260 3265 3259
3266 3267 3268
3266 3268 3269
3270 3271 3272
3270 3272 3273
3274 3275 3271
3274 3271 3270
3276 3277 3278
3269 3254 3266
3270 3256 3279
3270 3279 3274
3280 3281 3278
3280 3278 3277
3281 3254 3278
3256 3282 3279
3283 3279 3282
3283 3282 3284
3285 3286 3287
3285 3287 3288
3289 3290 3291
3289 3291 3292
3293 3294 3295
3296 3297 3298
3296 3298 3299
3300 3301 3297
3300 3297 3296
3257 3302 3303
3304 3257 3303
3305 3306 3292
3307 3308 3309
3310 3311 3312
3310 3312 3313
3314 3315 3316
3314 3316 3317
3318 3319 3320
3318 3320 3321
3322 3323 3324
3322 3324 3325
3316 3315 3304
3316 3304 3326
3326 3304 3303
3326 3303 3321
3323 3327 3328
3323 3328 3324
3329 3330 3331
3329 3331 3332
3333 3334 3335
3333 3335 3336
3337 3338 3339
3337 3339 3340
3258 3315 3341
3261 3342 3343
3344 3345 3346
3344 3346 3347
3348 3349 3350
3343 3351 3263
3352 3353 3354
3352 3354 3355
3356 3357 3358
3356 3358 3354
3354 3353 3359
3354 3359 3356
3353 3352 3360
3353 3360 3361
3362 3363 3364
3362 3364 3365
3366 3367 3368
3366 3368 3369
3370 3371 3360
3370 3360 3372
3373 3374 3355
3373 3355 3375
3376 3377 3378
3376 3378 3346
3379 3380 3381
3379 3381 3382
3383 3277 3384
3283 3284 3385
3330 3329 3386
3330 3386 3387
3388 3389 3390
3388 3390 3391
3392 3393 3394
3392 3394 3395
3396 3397 3395
3396 3395 3398
3399 3400 3401
3399 3401 3402
3381 3380 3403
3381 3403 3404
3405 3404 3403
3405 3403 3406
3407 3408 3409
3407 3409 3410
3368 3411 3412
3413 3414 3415
3416 3417 3413
3418 3419 3416
3420 3421 3422
3423 3424 3425
3423 3425 3426
3427 3428 3429
3317 3316 3430
3317 3430 3431
3398 3432 3433
3398 3433 3396
3430 3316 3326
3430 3326 3434
3435 3434 3320
3435 3320 3436
3313 3312 3437
3313 3437 3438
3438 3437 3439
3438 3439 3440
3441 3442 3443
3441 3443 3444
3445 3442 3441
3445 3441 3446
3447 3448 3377
3447 3377 3376
3371 3449 3361
3371 3361 3360
3450 3451 3452
3450 3452 3453
3343 3369 3454
3343 3454 3351
3368 3455 3454
3368 3454 3369
3456 3457 3458
3374 3459 3352
3374 3352 3355
3360 3352 3459
3360 3459 3372
3260 3334 3460
3273 3272 3267
3273 3267 3266
3284 3280 3383
3284 3383 3385
3406 3347 3461
3406 3461 3405
3414 3462 3463
3414 3463 3464
3465 3466 3467
3373 3468 3374
3372 3459 3456
3372 3458 3370
3269 3268 3469
3269 3469 3276
3470 3471 3422
3470 3422 3421
3470 3472 3473
3470 3473 3471
3472 3423 3426
3472 3426 3473
3474 3475 3476
3474 3476 3477
3478 3479 3474
3478 3474 3477
3480 3450 3453
3480 3453 3481
3368 3367 3482
3368 3482 3411
3466 3480 3481
3375 3358 3483
3375 3483 3484
3485 3486 3487
3485 3487 3488
3465 3467 3489
3490 3488 3491
3482 3490 3491
3482 3491 3411
3357 3492 3483
3357 3483 3358
3362 3493 3494
3362 3494 3363
3373 3375 3484
3373 3484 3495
3496 3373 3495
3496 3497 3468
3457 3498 3499
3499 3500 3458
3370 3458 3500
3501 3502 3371
3501 3371 3370
3503 3449 3371
3503 3371 3502
3351 3454 3453
3351 3453 3452
3504 3505 3506
3504 3506 3507
3505 3508 3509
3505 3509 3506
3510 3511 3512
3510 3512 3513
3365 3364 3408
3365 3408 3407
3514 3515 3447
3514 3447 3376
3349 3516 3517
3349 3517 3350
3518 3519 3520
3518 3520 3521
3462 3522 3523
3462 3523 3463
3521 3520 3524
3521 3524 3417
3417 3524 3522
3417 3522 3462
3403 3344 3347
3403 3347 3406
3379 3344 3403
3379 3403 3380
3525 3348 3379
3525 3379 3382
3379 3348 3345
3379 3345 3344
3346 3378 3461
3346 3461 3347
3414 3413 3417
3418 3416 3413
3518 3521 3416
3518 3416 3526
3414 3464 3527
3528 3529 3530
3528 3530 3531
3528 3532 3533
3528 3533 3529
3534 3516 3535
3534 3535 3536
3535 3537 3538
3535 3538 3536
3538 3539 3540
3538 3540 3290
3541 3542 3400
3541 3400 3543
3544 3402 3401
3544 3401 3545
3544 3546 3547
3544 3547 3402
3545 3401 3400
3545 3400 3542
3543 3548 3549
3543 3549 3541
3548 3539 3550
3548 3550 3549
3341 3551 3260
3341 3260 3258
3291 3547 3546
3291 3546 3552
3290 3540 3547
3290 3547 3291
3425 3424 3336
3425 3336 3335
3428 3425 3335
3428 3335 3553
3340 3339 3428
3340 3428 3553
3550 3539 3538
3550 3538 3537
3547 3540 3399
3547 3399 3402
3428 3427 3426
3339 3338 3420
3339 3420 3429
3554 3555 3556
3554 3556 3557
3554 3558 3559
3554 3559 3555
3560 3561 3306
3560 3306 3305
3398 3395 3394
3398 3394 3432
3322 3306 3561
3322 3561 3323
3562 3563 3393
3562 3393 3392
3564 3565 3325
3564 3325 3324
3432 3566 3567
3432 3567 3433
3394 3327 3566
3394 3566 3432
3563 3568 3328
3563 3328 3393
3569 3479 3478
3436 3320 3319
3436 3319 3570
3571 3572 3573
3571 3573 3574
3571 3574 3575
3571 3575 3576
3430 3577 3569
3430 3569 3431
3434 3326 3321
3434 3321 3320
3560 3567 3566
3560 3566 3561
3561 3566 3327
3561 3327 3323
3328 3568 3564
3328 3564 3324
3578 3579 3325
3578 3325 3565
3580 3294 3581
3580 3581 3582
3583 3302 3584
3583 3584 3585
3584 3302 3586
3584 3586 3587
3309 3588 3589
3309 3589 3307
3590 3587 3588
3590 3588 3309
3582 3581 3591
3582 3591 3592
3330 3387 3586
3582 3298 3297
3582 3297 3580
3297 3301 3593
3297 3593 3580
3594 3308 3595
3596 3597 3598
3596 3598 3599
3308 3600 3590
3590 3600 3599
3311 3310 3596
3311 3596 3599
3594 3601 3600
3594 3600 3308
3600 3601 3311
3600 3311 3599
3602 3582 3592
3602 3603 3298
3602 3298 3582
3604 3299 3298
3604 3298 3603
3299 3604 3605
3299 3605 3296
3296 3605 3606
3296 3606 3300
3607 3301 3300
3607 3300 3606
3608 3593 3301
3608 3301 3607
3608 3609 3295
3608 3295 3593
3390 3610 3391
3611 3612 3613
3611 3613 3614
3611 3615 3616
3611 3616 3612
3293 3390 3617
3293 3617 3579
3562 3392 3395
3562 3395 3397
3551 3334 3260
3618 3331 3330
3586 3257 3330
3363 3494 3492
3363 3492 3357
3286 3452 3451
3369 3343 3366
3366 3343 3342
3524 3460 3334
3524 3334 3522
3334 3333 3523
3334 3551 3553
3334 3553 3335
3551 3341 3340
3551 3340 3553
3583 3619 3302
3387 3588 3587
3387 3587 3586
3589 3588 3387
3589 3387 3386
3293 3295 3609
3293 3609 3610
3593 3295 3294
3593 3294 3580
3597 3585 3584
3597 3584 3598
3598 3584 3587
3598 3587 3590
3399 3540 3539
3399 3539 3548
3399 3548 3543
3399 3543 3400
3617 3620 3621
3617 3621 3622
3617 3390 3389
3617 3389 3620
3340 3341 3314
3340 3314 3337
3536 3538 3290
3536 3290 3289
3291 3552 3305
3291 3305 3292
3303 3302 3619
3328 3327 3394
3328 3394 3393
3430 3434 3435
3430 3435 3577
3284 3282 3281
3284 3281 3280
3281 3282 3255
3519 3366 3520
3334 3523 3522
3355 3354 3358
3355 3358 3375
3623 3359 3353
3623 3353 3361
3346 3345 3514
3346 3514 3376
3579 3581 3294
3579 3294 3293
3578 3591 3581
3578 3581 3579
3617 3325 3579
3325 3617 3622
3325 3622 3322
3409 3536 3289
3409 3289 3622
3624 3408 3623
3364 3363 3357
3364 3357 3356
3408 3364 3356
3408 3356 3359
3410 3409 3622
3410 3622 3621
3536 3409 3534
3625 3534 3409
3348 3525 3349
3448 3449 3503
3624 3623 3449
3624 3449 3448
3449 3623 3361
3622 3306 3322
3306 3622 3292
3292 3622 3289
3626 3465 3489
3490 3485 3488
3627 3276 3469
3277 3276 3627
3628 3283 3629
3628 3275 3274
3527 3445 3446
3419 3418 3444
3610 3390 3293
3348 3350 3514
3348 3514 3345
3514 3350 3517
3514 3517 3515
3516 3534 3517
3515 3625 3624
3515 3624 3447
3517 3534 3625
3517 3625 3515
3448 3447 3624
3263 3286 3285
3263 3285 3264
3351 3452 3286
3351 3286 3263
3481 3453 3454
3630 3455 3631
3510 3504 3507
3510 3507 3511
3486 3626 3489
3486 3489 3487
3497 3498 3457
3468 3457 3456
3456 3459 3374
3412 3631 3455
3368 3412 3455
3630 3632 3481
3630 3481 3455
3408 3359 3623
3570 3475 3436
3595 3439 3594
3308 3307 3595
3315 3314 3341
3520 3366 3342
3261 3260 3460
3520 3342 3460
3520 3460 3524
3303 3619 3318
3303 3318 3321
3265 3260 3262
3258 3260 3259
3304 3315 3258
3261 3460 3342
3625 3409 3408
3625 3408 3624
3372 3456 3458
3456 3374 3468
3468 3497 3457
3457 3499 3458
3496 3468 3373
3501 3370 3500
3383 3280 3277
3629 3283 3385
3256 3255 3282
3281 3255 3254
3570 3476 3475
3595 3440 3439
3569 3577 3479
3420 3422 3429
3527 3446 3415
3415 3414 3527
3419 3526 3416
3443 3419 3444
3279 3283 3274
3269 3276 3278
3257 3618 3330
3257 3259 3618
3304 3258 3257
3309 3308 3590
3590 3599 3598
3428 3339 3429
3425 3428 3426
3418 3413 3633
3633 3413 3415
3414 3417 3462
3416 3521 3417
3586 3302 3257
3261 3343 3263
3254 3256 3273
3254 3273 3266
3269 3278 3254
3270 3273 3256
3628 3274 3283
3277 3627 3384
3481 3454 3455
3466 3632 3467
3466 3481 3632
3287 3286 3451
3634 3635 3636
3634 3636 3637
3638 3639 3640
3638 3640 3641
3642 3643 3644
3642 3644 3645
3646 3642 3645
3646 3645 3647
3648 3649 3650
3648 3650 3651
3652 3653 3648
3652 3648 3651
3654 3655 3656
3654 3656 3657
3658 3659 3660
3658 3660 3661
3662 3663 3659
3662 3659 3658
3664 3665 3649
3664 3649 3648
3648 3653 3666
3648 3666 3664
3667 3655 3668
3667 3668 3669
3670 3671 3637
3670 3637 3636
3636 3672 3673
3636 3673 3670
3669 3668 3640
3669 3640 3674
3641 3640 3675
3641 3675 3676
3677 3647 3678
3677 3678 3679
3680 3681 3682
3637 3683 3684
3637 3684 3634
3681 3685 3682
3645 3644 3686
3645 3686 3687
3688 3642 3646
3688 3646 3689
3690 3643 3642
3690 3642 3688
3691 3692 3639
3691 3639 3638
3646 3647 3677
3646 3677 3693
3681 3693 3694
3678 3647 3645
3678 3645 3687
3646 3681 3680
3693 3681 3646
3636 3635 3695
3636 3695 3672
3696 3635 3634
3696 3634 3697
3696 3698 3695
3696 3695 3635
3697 3634 3685
3699 3700 3655
3699 3655 3654
3701 3702 3663
3703 3704 3705
3653 3652 3706
3653 3706 3707
3704 3708 3709
3659 3710 3711
3659 3711 3660
3712 3713 3662
3712 3662 3658
3714 3712 3658
3714 3658 3661
3657 3656 3715
3657 3715 3716
3662 3717 3701
3662 3701 3663
3705 3718 3717
3719 3710 3659
3719 3659 3663
3713 3703 3662
3717 3662 3705
3720 3721 3652
3720 3652 3651
3650 3722 3720
3650 3720 3651
3709 3721 3718
3709 3718 3705
3655 3700 3723
3655 3723 3668
3724 3725 3726
3724 3726 3727
3728 3729 3730
3728 3730 3731
3732 3733 3734
3732 3734 3735
3653 3707 3736
3653 3736 3666
3737 3738 3739
3737 3739 3740
3741 3742 3743
3741 3743 3744
3745 3667 3669
3745 3669 3746
3747 3748 3749
3750 3751 3752
3750 3752 3753
3754 3755 3756
3754 3756 3757
3671 3758 3683
3671 3683 3637
3759 3751 3750
3759 3750 3760
3761 3759 3760
3761 3760 3762
3763 3761 3762
3763 3762 3764
3732 3763 3764
3732 3764 3733
3765 3731 3730
3765 3730 3766
3767 3765 3766
3767 3766 3768
3668 3723 3675
3668 3675 3640
3746 3669 3674
3746 3674 3769
3770 3771 3772
3770 3772 3773
3774 3770 3773
3774 3773 3775
3776 3774 3775
3776 3775 3777
3778 3776 3777
3778 3777 3779
3780 3778 3779
3780 3779 3781
3737 3780 3781
3737 3781 3738
3685 3634 3684
3685 3684 3782
3708 3706 3652
3708 3652 3709
3709 3652 3721
3694 3697 3685
3694 3685 3681
3661 3660 3654
3661 3654 3657
3714 3661 3657
3714 3657 3716
3783 3784 3772
3783 3772 3771
3690 3691 3638
3690 3638 3643
3643 3638 3641
3643 3641 3644
3644 3641 3676
3644 3676 3686
3660 3711 3699
3660 3699 3654
3724 3767 3768
3724 3768 3725
3702 3719 3663
3769 3674 3639
3769 3639 3692
3640 3639 3674
3656 3655 3667
3715 3656 3667
3715 3667 3745
3726 3785 3727
3689 3646 3680
3703 3705 3662
3705 3704 3709
3685 3782 3682
3742 3784 3783
3742 3783 3743
3739 3786 3740
3787 3741 3744
3748 3755 3754
3748 3754 3749
3788 3789 3790
3791 3792 3793
3794 3795 3796
3797 3794 3798
3797 3798 3799
3800 3788 3801
3802 3791 3803
3788 3796 3795
3788 3795 3801
3804 3805 3806
3807 3808 3809
3810 3811 3812
3813 3814 3815
3816 3817 3818
3819 3820 3821
3817 3822 3808
3823 3824 3809
3796 3792 3791
3809 3825 3826
3809 3808 3823
3819 3827 3815
3815 3814 3820
3794 3791 3802
3828 3805 3829
3809 3824 3825
3827 3822 3815
3821 3810 3819
3803 3791 3793
3796 3788 3804
3806 3830 3792
3806 3792 3804
3812 3811 3831
3808 3827 3823
3794 3797 3795
3827 3812 3823
3819 3812 3827
3807 3809 3826
3810 3812 3819
3815 3820 3819
3829 3804 3788
3823 3812 3831
3823 3831 3824
3804 3829 3805
3794 3796 3791
3800 3789 3788
3817 3808 3818
3790 3832 3829
3832 3828 3829
3792 3830 3793
3822 3827 3808
3822 3813 3815
3807 3818 3808
3788 3790 3829
3794 3802 3798
3796 3804 3792
3813 3833 3814
3834 3835 3836
3837 3838 3839
3840 3841 3842
3843 3844 3845
3843 3845 3840
3846 3847 3834
3848 3849 3837
3834 3847 3842
3834 3842 3841
3850 3851 3852
3853 3854 3855
3856 3857 3858
3859 3860 3861
3862 3863 3864
3865 3866 3867
3864 3855 3868
3869 3854 3870
3841 3837 3839
3854 3871 3872
3854 3869 3855
3865 3860 3873
3860 3867 3861
3840 3848 3837
3874 3875 3852
3854 3872 3870
3873 3860 3868
3866 3865 3856
3849 3838 3837
3841 3850 3834
3851 3850 3839
3851 3839 3876
3857 3877 3858
3855 3869 3873
3840 3842 3843
3873 3869 3857
3865 3873 3857
3853 3871 3854
3856 3865 3857
3860 3865 3867
3875 3834 3850
3869 3877 3857
3869 3870 3877
3850 3852 3875
3840 3837 3841
3846 3834 3836
3864 3863 3855
3835 3875 3878
3878 3875 3874
3839 3838 3876
3868 3855 3873
3868 3860 3859
3853 3855 3863
3834 3875 3835
3840 3845 3848
3841 3839 3850
3859 3861 3879
3880 3881 3882
3880 3882 3883
3884 3885 3882
3884 3882 3881
3886 3887 3888
3886 3888 3889
3883 3887 3886
3883 3886 3880
3884 3890 3891
3884 3891 3885
3892 3893 3894
3892 3894 3895
3890 3896 3897
3890 3897 3891
3897 3896 3892
3897 3892 3895
3898 3899 3880
3884 3881 3899
3886 3889 3900
3886 3900 3901
3898 3886 3901
3884 3902 3903
3893 3892 3904
3905 3892 3896
3905 3890 3903
3905 3896 3890
3890 3884 3903
3884 3899 3902
3899 3881 3880
3898 3880 3886
3893 3904 3906
3905 3904 3892
3907 3883 3882
3907 3882 3908
3909 3908 3882
3909 3882 3885
3910 3911 3888
3910 3888 3887
3883 3907 3910
3883 3910 3887
3909 3885 3891
3909 3891 3912
3913 3895 3894
3913 3894 3914
3912 3891 3897
3912 3897 3915
3897 3895 3913
3897 3913 3915
3916 3907 3917
3909 3917 3908
3910 3918 3919
3910 3919 3911
3916 3918 3910
3909 3920 3921
3914 3922 3913
3923 3915 3913
3923 3920 3912
3923 3912 3915
3912 3920 3909
3909 3921 3917
3917 3907 3908
3916 3910 3907
3914 3924 3922
3923 3913 3922
3925 3926 3927
3925 3927 3928
3929 3930 3931
3929 3931 3932
3933 3934 3930
3933 3930 3929
3928 3927 3934
3928 3934 3933
3935 3936 3937
3938 3939 3940
3938 3940 3941
3940 3942 3941
3943 3942 3944
3936 3935 3942
3945 3934 3927
3931 3930 3946
3931 3946 3947
3948 3945 3949
3945 3946 3930
3950 3945 3951
3952 3951 3945
3950 3946 3945
3946 3950 3947
3939 3944 3940
3943 3953 3942
3954 3936 3942
3955 3956 3957
3955 3957 3935
3958 3955 3935
3958 3935 3937
3959 3960 3938
3959 3938 3941
3956 3959 3941
3956 3941 3957
3953 3954 3942
3934 3945 3930
3944 3942 3940
3952 3945 3948
3927 3926 3949
3945 3927 3949
3942 3957 3941
3935 3957 3942
3925 3928 3961
3925 3961 3962
3929 3932 3963
3929 3963 3964
3933 3929 3964
3933 3964 3965
3928 3933 3965
3928 3965 3961
3966 3967 3968
3969 3970 3971
3969 3971 3972
3971 3970 3973
3974 3975 3973
3968 3973 3966
3976 3961 3965
3963 3977 3978
3963 3978 3964
3979 3980 3976
3976 3964 3978
3981 3982 3976
3983 3976 3982
3981 3976 3978
3978 3977 3981
3972 3971 3975
3974 3973 3984
3985 3973 3968
3955 3966 3986
3955 3986 3956
3958 3967 3966
3958 3966 3955
3959 3970 3969
3959 3969 3960
3956 3986 3970
3956 3970 3959
3984 3973 3985
3965 3964 3976
3975 3971 3973
3983 3979 3976
3961 3980 3962
3976 3980 3961
3973 3970 3986
3966 3973 3986
3987 3988 3989
3990 3991 3992
3990 3992 3993
3990 3993 3994
3990 3994 3995
3987 3996 3997
3998 3999 4000
4000 4001 4002
4003 4004 4005
4003 4005 4006
4007 4008 4009
4007 4009 4010
3996 3987 3989
3998 4000 4002
4011 4012 4013
4011 4014 4015
4011 4016 4012
4015 4016 4011
4017 4018 4013
4019 4017 4012
4020 4019 4012
4021 4020 4016
4022 4021 4016
4023 4022 4015
4024 4015 4014
4014 4025 4024
4026 4027 4028
4011 4026 4028
4029 4026 4030
4030 4026 4011
4030 4013 4018
4011 4013 4030
4025 4028 4031
4011 4028 4014
4032 4033 4034
4035 4033 4032
4036 4037 4038
4039 4040 4041
4039 4041 4042
4039 4036 4043
4039 4043 4040
4044 4045 4046
4044 4046 4032
4047 4048 4049
4047 4049 4050
4048 4051 4052
4048 4052 4049
4051 4053 4054
4051 4054 4052
4046 4055 4056
4046 4056 4032
4057 4050 4049
4057 4049 4058
4059 4060 4061
4059 4061 4062
4040 4063 4064
4040 4064 4041
4054 4065 4066
4054 4066 4052
4067 4068 4069
4067 4069 4070
4071 4072 4068
4071 4068 4067
4052 4066 4058
4052 4058 4049
4043 4073 4063
4043 4063 4040
4074 4075 4046
4074 4046 4045
4076 4043 4036
4076 4036 4077
4078 4073 4043
4078 4043 4076
4079 4080 4081
4079 4081 4082
4055 4083 4065
4055 4065 4054
4084 4085 4065
4047 4086 4087
4047 4087 4048
4054 4053 4056
4054 4056 4055
4088 4034 4033
4088 4033 4089
4090 4089 4033
4090 4033 4035
4091 4034 4088
4091 4088 4092
4088 4089 4093
4088 4093 4094
4089 4090 4095
4089 4095 4093
4096 4053 4051
4096 4051 4097
4051 4048 4098
4051 4098 4097
4048 4087 4098
4077 4036 4038
4077 4038 4099
4036 4039 4100
4036 4100 4037
4042 4101 4100
4102 4103 4104
4102 4104 4105
4044 4034 4091
4106 4107 4108
4109 4053 4096
4110 4111 4112
4110 4112 4113
4114 4115 4116
4114 4116 4117
4118 4117 4116
4118 4116 4119
4120 4121 4122
4120 4122 4123
4124 4125 4126
4124 4126 4127
4128 4129 4130
4128 4130 4131
4132 4133 4134
4132 4134 4135
4110 4136 4137
4110 4137 4111
4129 4115 4114
4129 4114 4130
4138 4139 4140
4138 4140 4141
4142 4143 4144
4142 4144 4145
4083 4055 4046
4083 4046 4075
4035 4109 4146
4035 4146 4090
4147 4148 4149
4150 4151 4148
4150 4148 4147
4152 4153 4154
4152 4154 4155
4084 4155 4156
4156 4085 4084
4058 4085 4157
4058 4157 4158
4159 4057 4058
4159 4058 4158
4073 4078 4160
4073 4160 4161
4162 4073 4161
4163 4063 4162
4149 4164 4163
4042 4044 4091
4165 4166 4064
4164 4148 4165
4045 4064 4074
4060 4072 4071
4167 4168 4169
4167 4169 4170
4171 4167 4170
4171 4170 4172
4120 4171 4172
4120 4172 4121
4124 4123 4122
4124 4122 4125
4173 4127 4126
4173 4126 4174
4175 4173 4174
4175 4174 4176
4177 4178 4179
4168 4180 4181
4178 4182 4183
4184 4185 4186
4187 4188 4189
4187 4189 4190
4191 4192 4193
4194 4191 4195
4196 4194 4197
4185 4196 4197
4190 4177 4198
4081 4199 4108
4081 4108 4082
4065 4200 4084
4084 4200 4152
4085 4058 4066
4065 4085 4066
4200 4065 4083
4075 4201 4083
4074 4166 4202
4166 4074 4064
4164 4064 4063
4185 4184 4196
4198 4177 4179
4190 4189 4177
4084 4152 4155
4088 4094 4203
4204 4090 4146
4204 4146 4205
4142 4145 4128
4142 4128 4131
4118 4119 4141
4118 4141 4140
4175 4176 4206
4045 4041 4064
4042 4041 4045
4042 4045 4044
4165 4064 4164
4056 4109 4035
4207 4208 4209
4207 4209 4210
4060 4071 4061
4148 4164 4149
4032 4056 4035
4034 4044 4032
4138 4211 4139
4212 4213 4214
4212 4214 4215
4144 4143 4216
4217 4101 4091
4109 4056 4053
4101 4042 4091
4096 4218 4109
4085 4156 4157
4164 4063 4163
4022 4016 4015
4020 4012 4016
4017 4013 4012
4024 4023 4015
4028 4027 4219
4028 4219 4220
4027 4026 4221
4029 4221 4026
4030 4222 4223
4030 4223 4029
4178 4183 4224
4063 4073 4162
4039 4042 4100
4113 4112 4225
4113 4225 4226
4136 4132 4135
4136 4135 4137
4227 4228 4229
4229 4228 4230
4230 4228 4231
4232 4228 4233
4234 4228 4235
4233 4228 4236
4237 4228 4234
4236 4228 4227
4231 4228 4237
4194 4195 4197
4178 4224 4179
4182 4184 4186
4183 4182 4186
4074 4202 4075
4201 4238 4083
4107 4106 4102
4107 4102 4105
4103 4059 4062
4103 4062 4104
4239 4240 4241
4239 4241 4242
4243 4244 4245
4243 4245 4246
4247 4248 4249
4247 4249 4250
4251 4252 4253
4254 4255 4256
4256 4257 4258
4259 4260 4261
4262 4261 4260
4262 4260 4263
4264 4255 4254
4264 4254 4265
4266 4267 4259
4268 4269 4270
4268 4270 4271
4272 4273 4274
4272 4274 4275
4276 4277 4278
4276 4278 4279
4280 4281 4282
4280 4282 4283
4284 4285 4286
4284 4286 4287
4288 4289 4290
4288 4290 4291
4292 4276 4279
4292 4279 4293
4281 4294 4295
4281 4295 4282
4287 4296 4297
4287 4297 4284
4289 4298 4299
4289 4299 4290
4277 4272 4275
4277 4275 4278
4269 4280 4283
4269 4283 4270
4300 4301 4302
4300 4302 4303
4304 4305 4306
4304 4306 4307
4308 4309 4310
4308 4310 4311
4312 4313 4314
4312 4314 4315
4316 4317 4318
4316 4318 4319
4298 4315 4299
4320 4321 4322
4320 4322 4323
4324 4325 4326
4324 4326 4327
4321 4328 4329
4321 4329 4322
4330 4324 4327
4330 4327 4331
4318 4317 4297
4318 4297 4296
4332 4333 4323
4334 4335 4336
4334 4336 4337
4338 4339 4340
4338 4340 4341
4342 4343 4344
4342 4344 4345
4346 4347 4348
4346 4348 4349
4350 4342 4345
4350 4345 4351
4347 4352 4353
4347 4353 4348
4354 4338 4341
4354 4341 4355
4335 4356 4357
4335 4357 4336
4351 4358 4359
4351 4359 4350
4360 4334 4337
4360 4337 4361
4339 4362 4363
4339 4363 4340
4364 4365 4366
4364 4366 4367
4368 4369 4370
4368 4370 4371
4372 4373 4374
4372 4374 4375
4376 4377 4378
4378 4379 4380
4378 4380 4376
4381 4382 4383
4381 4383 4384
4385 4386 4387
4385 4387 4388
4389 4390 4391
4389 4391 4392
4393 4394 4392
4395 4387 4386
4396 4391 4390
4396 4390 4397
4398 4399 4385
4398 4385 4388
4353 4352 4377
4353 4377 4400
4372 4375 4368
4372 4368 4371
4401 4402 4403
4404 4366 4365
4404 4365 4405
4307 4308 4311
4307 4311 4304
4406 4407 4408
4301 4409 4410
4301 4410 4302
4309 4316 4319
4309 4319 4310
4248 4243 4246
4248 4246 4249
4313 4300 4303
4313 4303 4314
4373 4381 4384
4373 4384 4374
4252 4239 4242
4252 4242 4253
4379 4364 4367
4379 4367 4380
4306 4305 4410
4306 4410 4409
4370 4369 4404
4370 4404 4405
4411 4412 4413
4414 4415 4416
4414 4416 4417
4418 4411 4419
4418 4420 4421
4422 4423 4424
4422 4424 4425
4426 4422 4425
4426 4425 4427
4428 4426 4427
4428 4427 4429
4430 4428 4429
4430 4429 4431
4432 4430 4431
4432 4431 4433
4434 4432 4433
4434 4433 4435
4416 4415 4434
4416 4434 4435
4436 4437 4438
4436 4438 4439
4440 4436 4439
4440 4439 4441
4440 4441 4442
4443 4444 4442
4443 4442 4445
4446 4447 4448
4446 4448 4449
4450 4446 4449
4450 4449 4451
4452 4450 4451
4452 4451 4453
4454 4452 4453
4454 4453 4455
4456 4454 4455
4456 4455 4457
4458 4459 4456
4458 4456 4457
4460 4461 4462
4463 4414 4417
4240 4401 4403
4240 4403 4241
4458 4460 4462
4458 4462 4459
4244 4406 4408
4244 4408 4245
4464 4421 4424
4362 4346 4349
4362 4349 4363
4343 4360 4361
4343 4361 4344
4294 4288 4291
4294 4291 4295
4285 4292 4293
4285 4293 4286
4447 4443 4445
4447 4445 4448
4444 4440 4442
4464 4418 4421
4326 4325 4465
4326 4465 4466
4383 4359 4358
4075 4467 4201
4202 4467 4075
4238 4200 4083
4199 4106 4108
4468 4259 4261
4255 4257 4256
4376 4400 4377
4383 4382 4359
4395 4469 4387
4394 4389 4392
4333 4320 4323
4298 4312 4315
4470 4092 4088
4470 4088 4203
4204 4095 4090
4030 4018 4471
4025 4014 4028
4168 4181 4169
4472 4175 4206
4418 4419 4420
4411 4413 4419
4423 4464 4424
4468 4266 4259
4257 4473 4258
4191 4193 4195
4474 4475 4476
4477 4478 4479
4477 4479 4480
4481 4482 4483
4484 4474 4485
4486 4487 4477
4486 4477 4480
4483 4488 4489
4490 4491 4492
4490 4492 4493
4494 4495 4496
4494 4496 4497
4485 4474 4476
4483 4489 4481
4498 4499 4500
4498 4500 4501
4502 4503 4504
4502 4504 4505
4506 4507 4508
4506 4508 4509
4510 4511 4512
4510 4512 4513
4514 4515 4516
4514 4516 4517
4518 4519 4520
4518 4520 4521
4522 4523 4524
4522 4524 4525
4526 4527 4528
4526 4528 4529
4530 4531 4532
4530 4532 4533
4534 4535 4536
4534 4536 4537
4538 4539 4540
4538 4540 4541
4542 4543 4544
4542 4544 4545
4539 4546 4547
4539 4547 4540
4548 4542 4545
4548 4545 4549
4546 4550 4551
4546 4551 4547
4552 4548 4549
4552 4549 4553
4543 4554 4555
4543 4555 4544
4556 4557 4558
4556 4558 4559
4560 4538 4541
4560 4541 4561
4550 4562 4563
4550 4563 4551
4564 4565 4566
4564 4566 4567
4568 4552 4553
4568 4553 4569
4570 4571 4572
4570 4572 4573
4574 4575 4576
4574 4576 4577
4578 4579 4580
4578 4580 4581
4582 4583 4584
4582 4584 4585
4586 4587 4588
4586 4588 4589
4590 4591 4592
4590 4592 4593
4594 4595 4596
4594 4596 4597
4598 4599 4600
4598 4600 4601
4602 4603 4604
4602 4604 4605
4606 4607 4608
4606 4608 4609
4610 4611 4612
4610 4612 4613
4614 4615 4616
4614 4616 4617
4611 4618 4619
4611 4619 4612
4620 4614 4617
4620 4617 4621
4618 4622 4623
4618 4623 4619
4624 4620 4621
4624 4621 4625
4615 4626 4627
4615 4627 4616
4628 4629 4630
4628 4630 4631
4632 4610 4613
4632 4613 4633
4622 4634 4635
4622 4635 4623
4636 4637 4638
4636 4638 4639
4640 4624 4625
4640 4625 4641
4251 4642 4252
4643 4644 4645
4646 4647 4648
4646 4648 4649
4650 4651 4652
4650 4652 4653
4647 4654 4648
4655 4656 4657
4658 4659 4660
4658 4660 4661
4662 4663 4664
4665 4662 4654
4648 4654 4662
4666 4667 4668
4669 4670 4671
4669 4671 4672
4673 4674 4675
4673 4675 4676
4649 4677 4678
4679 4680 4681
4679 4681 4682
4683 4671 4670
4683 4670 4684
4685 4686 4687
4688 4689 4690
4691 4692 4693
4691 4693 4694
4695 4643 4696
4695 4696 4689
4688 4697 4689
4698 4699 4700
4701 4698 4702
4703 4704 4705
4706 4707 4708
4706 4708 4709
4710 4704 4703
4710 4703 4711
4712 4713 4714
4712 4714 4715
4644 4704 4645
4647 4700 4699
4716 4654 4647
4717 4718 4719
4644 4720 4719
4721 4722 4723
4724 4725 4726
4724 4726 4727
4728 4729 4730
4731 4732 4733
4734 4735 4736
4734 4736 4737
4738 4690 4739
4738 4739 4740
4741 4742 4738
4741 4738 4743
4744 4745 4746
4665 4737 4736
4738 4747 4690
4748 4749 4750
4748 4750 4751
4752 4753 4754
4724 4755 4756
4724 4756 4725
4757 4758 4759
4725 4760 4761
4725 4761 4762
4763 4764 4765
4763 4765 4766
4767 4768 4769
4767 4769 4770
4771 4772 4773
4773 4774 4775
4773 4775 4776
4777 4760 4778
4777 4778 4779
4780 4781 4782
4780 4782 4783
4776 4763 4771
4778 4760 4784
4725 4756 4784
4725 4784 4760
4785 4786 4776
4787 4742 4788
4787 4788 4789
4790 4720 4643
4791 4643 4792
4793 4794 4795
4793 4795 4796
4796 4797 4798
4796 4798 4793
4799 4800 4801
4799 4801 4802
4803 4804 4802
4803 4802 4801
4805 4806 4807
4808 4809 4798
4798 4809 4793
4810 4811 4812
4812 4813 4814
4815 4816 4817
4703 4818 4819
4703 4819 4820
4821 4822 4823
4818 4703 4705
4824 4825 4785
4826 4827 4828
4826 4828 4829
4830 4831 4832
4830 4832 4833
4825 4824 4834
4835 4778 4784
4836 4835 4784
4837 4784 4756
4838 4839 4840
4838 4840 4841
4654 4716 4842
4843 4844 4845
4846 4825 4845
4835 4836 4847
4847 4848 4835
4848 4847 4849
4850 4851 4852
4853 4854 4850
4850 4854 4851
4855 4856 4857
4858 4859 4860
4861 4859 4858
4858 4860 4862
4863 4864 4865
4863 4865 4866
4858 4866 4861
4867 4868 4869
4867 4869 4870
4785 4825 4846
4871 4872 4873
4872 4874 4875
4872 4875 4876
4877 4878 4879
4877 4879 4880
4873 4881 4882
4873 4882 4871
4873 4883 4884
4873 4884 4885
4873 4886 4887
4888 4889 4890
4888 4890 4891
4892 4893 4894
4859 4861 4895
4896 4897 4898
4896 4898 4899
4900 4901 4902
4900 4902 4903
4904 4905 4906
4904 4906 4907
4908 4909 4910
4747 4742 4911
4912 4913 4914
4912 4914 4915
4916 4917 4918
4916 4918 4919
4920 4921 4922
4920 4922 4923
4924 4925 4926
4924 4926 4927
4928 4929 4930
4928 4930 4931
4932 4933 4934
4932 4934 4935
4936 4937 4938
4939 4940 4938
4939 4938 4937
4936 4941 4937
4942 4943 4944
4942 4944 4945
4946 4947 4948
4946 4948 4949
4950 4951 4952
4953 4954 4950
4953 4950 4916
4955 4956 4957
4955 4957 4958
4959 4960 4961
4959 4961 4962
4963 4964 4965
4963 4965 4966
4967 4951 4950
4968 4969 4970
4971 4972 4967
4971 4967 4950
4973 4974 4975
4976 4977 4978
4976 4978 4979
4980 4969 4968
4776 4786 4981
4851 4982 4983
4984 4985 4986
4987 4988 4989
4987 4989 4990
4991 4992 4993
4994 4995 4996
4994 4996 4992
4997 4998 4999
4997 4999 5000
5001 5002 5003
5001 5003 4986
5004 5005 5006
5004 5006 5007
5008 5009 5010
5011 5012 5013
5011 5013 5014
4967 5015 4951
4852 5016 4977
5017 5018 5019
5020 5021 5022
5023 5024 5025
5023 5025 5026
4790 4643 4791
5027 5028 5029
5027 5029 5030
5031 5032 4991
5033 5034 5029
5035 5036 5037
5015 5038 5039
5040 5041 4883
5042 5043 5044
5045 5042 5044
5045 5046 5047
5048 5049 5050
5046 4857 5051
5046 5051 5047
5046 5045 5052
4887 5053 5052
4850 4845 4853
5037 5036 5054
5055 5056 5057
4982 5058 4983
5035 5059 5060
4852 4983 5016
5061 4794 4793
5061 4793 5062
5063 5064 5065
5065 5064 5066
5066 5067 5065
4809 5068 5062
5069 5068 4809
5070 5068 5069
5071 5067 5072
4809 5062 4793
5072 5073 5071
5074 5075 5069
5076 5075 5074
5073 5077 5071
5065 5071 5078
5079 4814 4813
5074 5069 5080
4809 5080 5069
4808 4814 4809
5080 4809 4814
5081 5076 5074
4705 5082 4818
4644 4719 5083
4644 5083 4705
5084 5085 5086
5086 5085 5087
5088 5089 5090
5091 5092 5093
5091 5094 5092
5090 5095 5088
5096 5097 5090
5090 5097 5095
5094 5098 5099
5077 5093 5092
5100 5101 5102
5100 5102 5103
4644 4643 4720
5103 5104 5105
5102 5106 5107
5108 5109 5110
5108 5110 5111
5107 5106 5112
5107 5112 5113
5114 5115 4856
5116 5110 5117
4851 5118 4982
4895 5116 5119
5120 5121 4721
5120 4721 5107
5122 5060 5123
5122 5123 5124
5059 5125 5123
5126 5127 5128
5126 5128 5129
5130 5123 5131
5130 5131 5132
5133 5134 5135
5133 5135 5136
5137 5138 5139
5137 5139 5140
5141 5142 5143
5141 5143 5144
5145 5146 5147
5148 5149 5035
5148 5035 5060
5150 5151 5152
5150 5152 5153
5154 5155 5156
4952 5157 5158
5159 5160 5161
5159 5161 5162
5163 5107 5113
5164 5165 5166
5167 5168 5169
5167 5169 5170
5171 4876 5172
5171 5173 5174
5171 5172 5173
5171 5175 5176
5175 5171 5174
5175 5177 5176
5178 5179 5180
5181 5179 5178
5182 5183 5184
5182 5184 5185
5167 5186 5168
4886 4876 5176
5177 5187 5176
5176 5053 4886
5188 5179 5189
5187 5190 5053
5190 5052 5053
5191 5192 5193
5194 5192 5191
5052 5190 5195
5191 5193 5188
5191 5188 4868
4868 5194 5191
5046 5196 4857
5197 5198 4867
4868 5198 5194
5199 5092 5099
5200 5201 5202
4677 5203 4678
5204 5201 5200
5205 5206 5207
5208 5209 5210
5211 4662 5212
4657 5213 5214
5215 5216 4655
5217 5218 5219
5220 4664 4663
5221 5222 5223
5224 5225 5226
5227 5228 5229
5230 4735 4734
5231 4746 4745
5232 5233 5234
5235 4731 5236
5237 5238 5239
5239 5238 5240
5241 4730 4729
5242 4752 4754
5243 5244 5245
5246 4758 4757
5247 5248 5249
5250 5251 5252
4772 5253 4773
4773 5253 5254
5255 5256 5257
5258 5259 5260
5261 5262 4824
5263 5264 5265
4824 5262 4834
5266 5267 5268
5268 5267 5269
5270 5271 5272
5273 5274 5275
4813 4812 4811
5276 4816 5277
4817 4816 5276
5278 5279 5087
5280 5281 5282
4808 5281 5280
5283 4808 5280
5284 5285 5286
5285 5287 5286
5288 5289 5290
5285 5284 5291
5292 5293 5294
5295 5296 5297
5298 5296 5299
5300 5296 5295
5301 5296 5300
5299 5296 5301
5302 5296 5298
5303 5304 5305
5306 5307 4973
5306 4973 4980
5308 5309 5310
5310 5309 5311
4885 5312 5313
4885 5313 4873
5314 5315 5316
5314 5316 5317
5314 5317 5318
5319 5320 4894
5041 5321 4883
5322 5323 5324
5040 5325 5041
5326 4853 4845
5327 5164 5166
5067 5071 5065
5070 5069 5075
4911 4742 4787
4859 4895 5119
5052 5195 5196
5046 5052 5196
4868 4867 5198
5047 5042 5045
5328 5042 5047
5098 5121 5099
4721 5121 5098
5329 5330 5331
5332 5333 5334
5335 5336 5337
5338 5339 5340
5341 5342 5343
5344 5345 5346
5347 4996 4995
5348 5349 5350
4984 5351 4985
5352 5353 5354
5355 4991 4993
5356 5357 5358
5359 5360 5361
5362 5363 5364
5365 5366 5367
5368 5369 5370
5371 5372 5373
5374 5375 5376
5377 5378 5379
5380 5378 5377
5381 5382 5383
5384 5385 5386
5387 5155 5154
5388 5389 5390
5391 5392 5393
5394 5395 5396
5394 5396 5397
5398 5399 5400
5398 5400 5401
5402 5395 5394
5403 5404 5405
5406 5407 5408
5409 5410 5411
5412 5413 5414
5415 5416 5417
5418 5419 5420
5421 5422 5423
5424 5425 5426
5427 5016 4983
5428 5038 5015
5385 5429 5430
5431 5432 5433
5431 5433 5434
5435 5436 5437
5213 4657 5438
5226 5439 5440
4644 4705 4704
4672 4645 4704
4887 5044 4883
4643 4645 4696
4696 4671 5438
5441 5442 5443
5444 5445 5446
5447 5448 5449
5450 5448 5447
5451 5452 5453
5454 5455 5456
5454 5456 5457
4792 4643 4695
4696 4645 4671
5032 4992 4991
5458 4977 4976
5458 4976 5459
4977 5460 4852
4782 5461 5462
4850 4846 4845
5125 5131 5123
4828 4827 4848
4848 4827 4835
5016 4978 4977
4846 5460 4785
4656 4690 4689
4747 5463 4688
4747 4688 4690
5464 5465 5466
5464 5466 5467
4747 4738 4742
5438 4671 4683
5468 5469 5470
5468 5470 5471
5472 5473 5474
5472 5474 5475
5476 4910 4909
5476 4909 5477
5478 4910 5476
5478 5476 5479
5437 5480 5481
5437 5481 5482
5483 5435 5437
5483 5437 5482
5484 5485 5486
5484 5486 5487
5278 5087 5085
5074 5079 5488
5489 5490 5491
5488 5081 5074
5492 4812 4808
5493 5492 4808
5493 4808 5283
4817 5494 4815
5495 4812 5492
5496 4815 5494
5495 5492 5497
4812 5495 4810
4814 4808 4812
5498 4872 4871
5498 5499 4872
5500 5501 5502
5498 4871 5503
5080 4814 5079
4816 5504 5277
4815 5496 5505
4723 5104 4721
5506 4791 4792
5015 5039 4951
4852 5460 4846
4852 4846 4850
5460 4786 4785
5507 5508 5090
5507 5090 5089
5509 5510 5511
5074 5080 5079
5044 4887 5045
5512 5513 5514
5512 5514 5515
5516 5145 5003
5516 5003 5517
5518 5519 5520
5518 5520 5521
5522 5523 5524
5522 5524 5525
5526 5527 5528
5526 5528 5529
5530 4647 4699
5531 5530 4699
5531 4699 4701
5532 5533 5534
5458 5460 4977
4689 4697 4695
4689 4696 5438
4720 4717 4719
4790 5535 4720
5536 5537 4790
5536 4790 4791
4852 4851 4983
5050 5538 5048
5196 4855 4857
4952 5158 4917
4916 4952 4917
4986 5003 5539
4986 5540 4984
5125 5034 5131
5060 5059 5123
5035 5037 5059
5030 5029 5034
4646 4700 4647
5533 5064 5063
4887 5052 5045
4848 5541 5542
5199 5078 5071
5199 5071 5077
5077 5092 5199
4721 5098 4722
5104 5107 4721
5104 5103 5107
5543 5117 5110
5100 5103 5105
4657 4689 5438
4665 4736 4662
4665 4654 4842
4837 4836 4784
5211 4648 4662
5116 5111 5110
5116 4895 5111
4785 4776 4775
4763 4776 4981
5544 4764 4763
5545 5544 4763
5545 4763 4981
4980 4973 4969
4973 4975 4969
4973 5307 4974
5102 5107 5103
5094 5099 5092
4662 4736 4663
4657 4656 4689
4655 5216 4656
5546 5533 5532
5546 5532 5547
4776 4771 4773
4767 5548 4768
4757 4759 5549
4672 4671 4645
5550 5551 5552
5550 5552 5553
4691 5554 4692
4744 4746 5555
4731 4733 5236
5226 5225 5439
4728 5556 4729
4752 5557 4753
5558 5559 5560
5386 5385 5430
4950 4952 4916
5540 4986 5539
5034 5561 5131
5125 5030 5034
4917 5158 5562
4917 5562 5563
5053 4887 4886
4883 4873 4887
4872 4876 4873
5564 5541 4849
5172 4876 4875
5171 5176 4876
4886 4873 4876
5565 5278 5085
5281 4808 4798
4807 5566 4805
5533 5063 5534
5063 5065 5078
5188 5180 5179
5567 5325 5040
4892 5320 5568
5569 5570 4845
5570 4843 4845
5569 4845 4825
4828 4848 5542
4892 4894 5320
5539 5003 5147
5003 5145 5147
4994 4992 5032
4835 4827 4778
5541 4848 4849
5530 4716 4647
4701 4699 4698
4698 4700 5571
4698 5571 5572
5188 5193 5180
5187 5053 5176
5044 5040 4883
5567 5040 5044
4866 4862 4863
5326 5573 4853
4862 4866 4858
4844 5326 4845
5261 4824 4785
5569 4825 4834
4783 4782 5462
5574 5575 5182
5574 5182 5576
5577 5183 5182
5577 5182 5575
5114 4856 4855
4649 4678 4646
5578 5579 5580
5581 5578 5582
5583 5584 5585
5583 5585 5586
5587 5584 5583
5587 5583 5588
5589 5587 5588
5589 5588 5590
5591 5578 5592
5592 5578 5580
5586 5585 5593
5586 5593 5594
5595 5596 5589
5595 5589 5590
5597 5598 5599
5600 5578 5591
5578 5601 5582
5600 5601 5578
5602 5597 5603
5604 5597 5602
5605 5597 5604
5603 5597 5606
5598 5597 5605
5597 5599 5607
5593 5608 5609
5593 5609 5594
5608 5610 5611
5608 5611 5609
5612 5613 5596
5612 5596 5595
5597 5607 5606
5579 5578 5581
5614 5615 5616
5614 5616 5617
5618 5619 5616
5618 5616 5615
5620 5621 5622
5620 5622 5623
5617 5621 5620
5617 5620 5614
5617 5616 5624
5617 5624 5625
5625 5626 5621
5625 5621 5617
5621 5626 5627
5621 5627 5622
5616 5619 5628
5616 5628 5624
5629 5630 5631
5629 5631 5632
5633 5634 5635
5633 5635 5636
5636 5635 5637
5636 5637 5638
5631 5639 5640
5631 5640 5632
5641 5642 5639
5641 5639 5631
5630 5643 5641
5630 5641 5631
5641 5643 5633
5641 5633 5636
5638 5642 5641
5638 5641 5636
5644 5645 5646
5625 5624 5646
5626 5647 5648
5628 5649 5624
5650 5651 5652
5653 5654 5655
5614 5656 5655
5652 5620 5623
5652 5623 5650
5654 5615 5655
5648 5647 5657
5658 5646 5659
5660 5655 5661
5658 5662 5644
5658 5644 5646
5639 5642 5663
5639 5663 5664
5638 5637 5665
5640 5639 5664
5640 5664 5666
5667 5668 5669
5670 5671 5672
5672 5673 5643
5672 5643 5630
5667 5669 5634
5667 5634 5633
5674 5630 5629
5675 5665 5676
5677 5666 5664
5671 5678 5672
5664 5663 5679
5673 5680 5681
5633 5643 5673
5633 5673 5667
5675 5663 5642
5675 5642 5638
5663 5682 5679
5626 5625 5645
5656 5620 5652
5656 5652 5683
5684 5647 5645
5651 5683 5652
5657 5647 5684
5675 5676 5685
5681 5668 5667
5649 5659 5646
5685 5663 5675
5638 5665 5675
5626 5648 5627
5656 5614 5620
5655 5656 5661
5673 5686 5680
5649 5646 5624
5645 5625 5646
5654 5618 5615
5674 5672 5630
5626 5645 5647
5687 5684 5645
5644 5687 5645
5685 5682 5663
5677 5664 5688
5664 5689 5688
5664 5679 5689
5673 5672 5686
5667 5673 5681
5670 5672 5674
5678 5686 5672
5690 5653 5655
5660 5690 5655
5656 5691 5661
5656 5683 5691
5615 5614 5655
5692 5693 5694
5695 5696 5694
5695 5694 5693
5697 5698 5699
5697 5699 5700
5701 5698 5692
5694 5702 5703
5703 5698 5701
5698 5704 5705
5698 5705 5699
5694 5696 5706
5694 5706 5702
5707 5708 5709
5707 5709 5710
5711 5712 5713
5711 5713 5714
5714 5713 5715
5714 5715 5716
5709 5717 5718
5709 5718 5710
5719 5720 5717
5719 5717 5709
5708 5721 5719
5708 5719 5709
5719 5721 5711
5719 5711 5714
5716 5720 5719
5716 5719 5714
5704 5722 5723
5706 5724 5702
5725 5726 5727
5728 5729 5730
5697 5700 5725
5728 5693 5729
5731 5723 5722
5732 5703 5702
5692 5733 5729
5734 5735 5732
5716 5715 5736
5717 5737 5738
5739 5740 5741
5742 5743 5744
5740 5739 5711
5743 5708 5707
5720 5745 5737
5742 5746 5721
5747 5748 5742
5749 5737 5750
5729 5733 5751
5748 5752 5746
5704 5703 5753
5733 5697 5727
5754 5733 5727
5752 5755 5746
5746 5740 5721
5756 5720 5716
5757 5753 5758
5722 5753 5757
5756 5759 5760
5754 5727 5726
5760 5745 5756
5745 5750 5737
5737 5761 5738
5762 5753 5732
5732 5763 5734
5724 5763 5732
5756 5745 5720
5764 5729 5751
5692 5729 5693
5733 5692 5697
5720 5737 5717
5755 5741 5740
5742 5721 5708
5740 5711 5721
5757 5731 5722
5756 5736 5759
5735 5762 5732
5737 5765 5761
5749 5765 5737
5766 5747 5742
5766 5742 5744
5748 5746 5742
5755 5740 5746
5745 5767 5750
5760 5767 5745
5729 5768 5730
5764 5768 5729
5733 5769 5751
5754 5769 5733
5728 5695 5693
5724 5732 5702
5727 5697 5725
5704 5723 5705
5762 5758 5753
5732 5753 5703
5704 5753 5722
5743 5742 5708
5718 5717 5738
5739 5712 5711
5716 5736 5756
5698 5697 5692
5703 5704 5698
5692 5694 5701
5701 5694 5703
5770 5771 5772
5773 5772 5771
5773 5771 5774
5775 5776 5777
5775 5777 5778
5779 5770 5778
5771 5780 5781
5780 5779 5778
5778 5777 5782
5778 5782 5783
5771 5781 5784
5771 5784 5774
5785 5786 5787
5785 5787 5788
5789 5790 5791
5789 5791 5792
5790 5793 5794
5790 5794 5791
5787 5786 5795
5787 5795 5796
5797 5787 5796
5797 5796 5798
5788 5787 5797
5788 5797 5799
5797 5790 5789
5797 5789 5799
5793 5790 5797
5793 5797 5798
5783 5800 5801
5784 5781 5802
5803 5804 5805
5806 5807 5808
5775 5803 5776
5806 5808 5772
5809 5801 5800
5810 5781 5780
5770 5808 5811
5812 5810 5813
5793 5814 5794
5796 5815 5816
5817 5818 5819
5820 5821 5822
5819 5789 5817
5822 5785 5788
5798 5816 5823
5820 5799 5824
5825 5820 5826
5827 5828 5816
5808 5829 5811
5826 5824 5830
5783 5831 5780
5811 5804 5775
5832 5804 5811
5830 5824 5833
5824 5799 5819
5834 5793 5798
5835 5836 5831
5801 5835 5831
5834 5837 5838
5832 5805 5804
5837 5834 5823
5823 5816 5828
5816 5815 5839
5840 5810 5831
5810 5812 5841
5802 5810 5841
5834 5798 5823
5842 5829 5808
5770 5772 5808
5811 5775 5770
5798 5796 5816
5833 5819 5818
5820 5788 5799
5819 5799 5789
5835 5801 5809
5834 5838 5814
5813 5810 5840
5816 5839 5843
5827 5816 5843
5844 5820 5825
5844 5821 5820
5826 5820 5824
5833 5824 5819
5823 5828 5845
5837 5823 5845
5808 5807 5846
5842 5808 5846
5811 5829 5847
5832 5811 5847
5806 5772 5773
5802 5781 5810
5804 5803 5775
5783 5782 5800
5840 5831 5836
5810 5780 5831
5783 5801 5831
5822 5788 5820
5795 5815 5796
5817 5789 5792
5793 5834 5814
5778 5770 5775
5780 5778 5783
5770 5779 5771
5779 5780 5771
5848 5849 5850
5848 5850 5851
5852 5853 5849
5852 5849 5848
5854 5855 5856
5854 5856 5857
5851 5850 5855
5851 5855 5854
5858 5859 5860
5858 5860 5861
5862 5863 5864
5862 5864 5865
5864 5863 5858
5864 5858 5861
5866 5867 5868
5848 5866 5868
5856 5855 5869
5870 5871 5872
5866 5851 5873
5874 5866 5875
5876 5877 5870
5864 5878 5865
5860 5879 5861
5880 5859 5858
5863 5862 5881
5882 5883 5863
5884 5885 5883
5886 5887 5888
5849 5853 5871
5889 5870 5877
5883 5890 5891
5875 5873 5892
5893 5892 5873
5873 5851 5854
5869 5889 5894
5886 5864 5861
5886 5879 5895
5886 5895 5887
5869 5855 5889
5896 5878 5897
5870 5850 5849
5864 5886 5897
5883 5880 5858
5870 5889 5850
5866 5848 5851
5854 5893 5873
5855 5850 5889
5863 5883 5858
5898 5884 5882
5899 5897 5886
5885 5890 5883
5888 5899 5886
5882 5884 5883
5896 5897 5899
5898 5882 5881
5883 5891 5880
5886 5861 5879
5893 5854 5857
5900 5876 5870
5900 5870 5872
5866 5901 5867
5874 5901 5866
5889 5877 5894
5875 5866 5873
5870 5849 5871
5848 5868 5852
5864 5897 5878
5882 5863 5881
5902 5903 5904
5902 5904 5905
5906 5902 5905
5906 5905 5907
5908 5909 5910
5908 5910 5911
5912 5913 5914
5915 5916 5917
5918 5919 5911
5920 5921 5922
5909 5923 5924
5925 5926 5924
5906 5915 5902
5913 5927 5914
5913 5928 5927
5929 5930 5931
5932 5910 5929
5933 5928 5913
5905 5934 5913
5935 5936 5917
5918 5937 5919
5911 5919 5922
5911 5922 5908
5938 5939 5922
5940 5941 5917
5917 5941 5942
5929 5931 5943
5944 5905 5913
5936 5902 5917
5910 5909 5924
5910 5924 5929
5943 5932 5929
5933 5913 5934
5937 5945 5919
5942 5935 5917
5916 5940 5917
5939 5920 5922
5912 5944 5913
5924 5923 5925
5902 5915 5917
5921 5908 5922
5944 5907 5905
5904 5934 5905
5936 5903 5902
5938 5919 5945
5929 5924 5930
5938 5922 5919
5924 5926 5930
5946 5947 5948
5946 5948 5949
5950 5951 5947
5952 5953 5954
5952 5954 5955
5956 5957 5954
5956 5954 5953
5958 5952 5951
5958 5951 5950
5959 5949 5948
5949 5960 5961
5962 5963 5964
5965 5966 5967
5968 5969 5970
5971 5972 5973
5973 5970 5971
5974 5975 5976
5977 5963 5978
5979 5977 5978
5971 5980 5981
5982 5983 5965
5982 5965 5984
5985 5986 5987
5988 5989 5985
5979 5990 5991
5972 5971 5981
5992 5968 5993
5975 5994 5995
5996 5997 5998
5992 5999 5968
5970 5969 5971
6000 5977 5991
6000 5991 5998
6001 5964 6002
5986 5989 5996
5968 5970 6003
5997 5989 5988
6004 6005 6006
6007 6001 6008
6005 5999 6006
5988 5982 5984
5968 6009 5993
5977 6000 6002
5977 6002 5964
6007 6008 6010
5995 6006 5999
6001 6002 6011
6001 6011 6008
6008 6011 6010
6012 5947 5951
6012 5951 6013
6012 5948 5947
6013 6014 6015
6012 6016 6017
6012 6017 6018
6015 6012 6013
5951 6019 6014
5951 6014 6013
6020 6021 6015
6020 6015 6014
6022 6015 6023
6012 6015 6022
6019 5951 5952
6019 5952 5955
6018 5948 6012
6024 6025 6026
5995 5994 6004
5988 5985 5982
5985 5987 5983
5985 5983 5982
5984 5967 5988
6025 6027 6028
6025 6024 6027
5965 5967 5984
6027 6029 6028
6030 6028 6029
6030 6029 6031
6032 6030 6031
6032 6031 5961
5961 5960 6032
6012 6022 6016
6015 6021 6023
5950 5947 5946
5953 5952 5958
6033 6034 6035
6033 6035 6036
6036 6035 6037
6038 6039 6040
6038 6040 6041
6020 6038 6042
6019 6043 6044
6019 6044 6014
5955 6045 6043
5955 6043 6019
6014 6044 6038
6014 6038 6020
5957 6046 6047
5957 6047 5954
5954 6047 6045
5954 6045 5955
6039 6037 6040
6036 6037 6039
6038 6041 6042
6042 6048 6020
6020 6048 6021
5969 5980 5971
5976 5999 5992
5976 5995 5999
5999 5969 5968
6049 6050 6051
6049 6051 6052
6053 6054 6055
6056 6057 6058
6050 6059 6051
6060 6061 6062
6062 6063 6056
6064 6065 6066
6064 6066 6067
6057 6056 6063
6057 6063 6068
6067 6066 6069
6067 6069 6070
6056 6071 6072
6069 6061 6060
6069 6060 6070
6073 6074 6064
6073 6064 6075
6076 6059 6077
6076 6077 6078
6074 6065 6064
6079 6080 6081
6079 6081 6082
6083 6084 6081
6083 6081 6080
6085 6086 6087
6087 6039 6088
6039 6087 6036
6089 6090 6043
6089 6043 6045
6086 6033 6036
6086 6036 6087
6090 6091 6044
6090 6044 6043
6044 6091 6088
6044 6088 6038
6046 6092 6089
6046 6089 6047
6047 6089 6045
6072 6093 6060
6091 6090 6094
6091 6094 6095
6056 6060 6062
6039 6038 6088
6087 6088 6096
6070 6060 6093
6067 6097 6098
6067 6098 6064
6075 6064 6098
6075 6098 6099
6092 6100 6101
6092 6101 6089
6090 6089 6101
6090 6101 6094
6088 6095 6096
6102 6079 6082
6102 6082 6054
6103 6104 6105
6103 6105 6106
6107 6103 6108
6109 6110 6107
6109 6107 6108
6070 6093 6097
6070 6097 6067
6091 6095 6088
6056 6072 6060
6087 6096 6111
6112 6113 6114
6112 6114 6115
6110 6109 6084
6110 6084 6083
6113 6049 6052
6113 6052 6114
6056 6058 6071
6085 6087 6111
6116 6117 6118
6116 6118 6119
6120 6119 6121
6122 6123 6124
6122 6124 6125
6126 6125 6124
6126 6124 6127
6128 6120 6121
6128 6121 6122
6129 6117 6130
6117 6131 6130
6132 6133 6134
6135 6136 6137
6138 6139 6140
6141 6142 6143
6142 6139 6144
6145 6146 6147
6148 6149 6134
6150 6148 6151
6141 6152 6153
6154 6155 6135
6154 6135 6156
6157 6158 6159
6160 6157 6159
6151 6161 6162
6143 6152 6141
6147 6163 6145
6146 6164 6165
6161 6151 6166
6145 6138 6167
6139 6141 6140
6168 6166 6151
6168 6151 6148
6133 6169 6134
6158 6162 6161
6138 6170 6144
6171 6159 6161
6172 6173 6174
6175 6133 6132
6174 6173 6167
6160 6155 6154
6138 6163 6170
6148 6134 6169
6148 6169 6168
6175 6176 6177
6164 6167 6173
6133 6177 6178
6133 6178 6169
6177 6176 6178
6179 6180 6121
6179 6121 6119
6179 6119 6118
6180 6181 6182
6179 6183 6184
6179 6185 6183
6181 6180 6179
6121 6180 6182
6121 6182 6186
6187 6181 6188
6187 6182 6181
6189 6190 6181
6179 6189 6181
6186 6123 6122
6186 6122 6121
6185 6118 6129
6191 6192 6193
6173 6172 6164
6160 6154 6157
6157 6154 6156
6157 6156 6194
6155 6160 6136
6193 6195 6196
6193 6196 6191
6135 6155 6136
6196 6195 6197
6198 6199 6197
6198 6197 6195
6200 6131 6199
6200 6199 6198
6131 6200 6130
6179 6184 6189
6181 6190 6188
6120 6116 6119
6125 6128 6122
6068 6063 6201
6068 6201 6202
6063 6203 6201
6061 6204 6205
6061 6205 6062
6187 6206 6061
6186 6182 6069
6186 6069 6066
6123 6186 6066
6123 6066 6065
6182 6187 6061
6182 6061 6069
6127 6124 6074
6127 6074 6073
6124 6123 6065
6124 6065 6074
6062 6205 6203
6063 6062 6203
6061 6206 6204
6206 6187 6207
6187 6188 6207
6140 6141 6153
6146 6145 6167
6146 6167 6164
6167 6138 6140
6007 5962 6001
6175 6177 6133
6006 5995 6004
6172 6208 6164
5974 5992 5993
6163 6138 6145
5968 6003 6009
6138 6144 6139
5973 6003 5970
6142 6141 6139
5986 5996 5990
6158 6161 6159
5990 5996 5991
6150 6151 6162
5979 5991 5977
6150 6209 6148
5977 5964 5963
6148 6209 6149
5962 5964 6001
6132 6134 6149
5985 5989 5986
6157 6194 6158
5976 5975 5995
5992 5974 5976
6164 6208 6165
6146 6165 6147
6018 5959 5948
6185 6179 6118
5997 5996 5989
5996 5998 5991
6171 6160 6159
6161 6166 6171
5959 5960 5949
6129 6118 6117
6210 6211 6212
6210 6212 6213
6214 6210 6213
6214 6213 6215
6216 6217 6218
6216 6218 6219
6220 6221 6222
6223 6224 6225
6226 6227 6219
6228 6229 6230
6217 6231 6232
6233 6234 6232
6214 6223 6210
6221 6235 6222
6221 6236 6235
6237 6238 6239
6240 6218 6237
6241 6236 6221
6213 6242 6221
6243 6244 6225
6226 6245 6227
6219 6227 6230
6219 6230 6216
6246 6247 6230
6248 6249 6225
6225 6249 6250
6237 6239 6251
6252 6213 6221
6244 6210 6225
6218 6217 6232
6218 6232 6237
6251 6240 6237
6241 6221 6242
6245 6253 6227
6250 6243 6225
6224 6248 6225
6247 6228 6230
6220 6252 6221
6232 6231 6233
6210 6223 6225
6229 6216 6230
6252 6215 6213
6212 6242 6213
6244 6211 6210
6246 6227 6253
6237 6232 6238
6246 6230 6227
6232 6234 6238
6254 6255 6256
6257 6258 6254
6259 6260 6261
6259 6261 6262
6263 6264 6259
6263 6259 6262
6265 6266 6264
6265 6264 6263
6267 6268 6254
6268 6255 6254
6260 6269 6270
6260 6270 6261
6271 6266 6265
6271 6265 6272
6273 6274 6275
6276 6267 6254
6254 6258 6277
6276 6254 6277
6278 6279 6273
6280 6278 6273
6281 6280 6273
6279 6282 6273
6275 6281 6273
6273 6283 6274
6270 6269 6284
6270 6284 6285
6285 6284 6286
6285 6286 6287
6288 6271 6272
6288 6272 6289
6273 6282 6283
6256 6257 6254
6290 6291 6292
6290 6292 6293
6294 6293 6292
6294 6292 6295
6296 6297 6298
6296 6298 6299
6291 6290 6296
6291 6296 6299
6291 6300 6301
6291 6301 6292
6300 6291 6299
6300 6299 6302
6299 6298 6303
6299 6303 6302
6292 6301 6304
6292 6304 6295
6305 6306 6307
6305 6307 6308
6309 6310 6311
6309 6311 6312
6310 6313 6314
6310 6314 6311
6307 6306 6315
6307 6315 6316
6317 6307 6316
6317 6316 6318
6308 6307 6317
6308 6317 6319
6317 6310 6309
6317 6309 6319
6313 6310 6317
6313 6317 6318
6320 6321 6322
6300 6321 6301
6302 6323 6324
6304 6301 6325
6326 6327 6328
6329 6330 6331
6290 6330 6332
6327 6326 6297
6327 6297 6296
6331 6330 6293
6323 6333 6324
6334 6335 6321
6336 6337 6330
6334 6321 6320
6334 6320 6338
6316 6339 6340
6316 6340 6318
6313 6341 6314
6315 6342 6339
6315 6339 6316
6343 6344 6345
6346 6347 6348
6347 6308 6319
6347 6319 6349
6343 6309 6312
6343 6312 6344
6350 6305 6308
6351 6352 6341
6353 6339 6342
6348 6347 6354
6339 6355 6340
6349 6356 6357
6309 6343 6349
6309 6349 6319
6351 6313 6318
6351 6318 6340
6340 6355 6358
6302 6322 6300
6332 6327 6296
6332 6359 6327
6360 6322 6324
6328 6327 6359
6333 6360 6324
6351 6361 6352
6356 6343 6345
6325 6321 6335
6361 6351 6340
6313 6351 6341
6302 6303 6323
6332 6296 6290
6330 6337 6332
6349 6357 6362
6325 6301 6321
6322 6321 6300
6331 6293 6294
6350 6308 6347
6302 6324 6322
6363 6322 6360
6320 6322 6363
6361 6340 6358
6353 6364 6339
6339 6364 6365
6339 6365 6355
6349 6362 6347
6343 6356 6349
6346 6350 6347
6354 6347 6362
6366 6330 6329
6336 6330 6366
6332 6337 6367
6332 6367 6359
6293 6330 6290
6368 6369 6370
6368 6370 6371
6372 6373 6369
6372 6369 6368
6374 6375 6376
6374 6376 6377
6378 6379 6380
6381 6382 6383
6384 6375 6385
6386 6387 6388
6377 6389 6390
6391 6389 6392
6372 6368 6381
6380 6379 6393
6380 6393 6394
6395 6396 6397
6398 6395 6376
6399 6380 6394
6369 6380 6400
6401 6382 6402
6384 6385 6403
6375 6374 6387
6375 6387 6385
6404 6387 6405
6406 6382 6407
6382 6408 6407
6395 6409 6396
6410 6380 6369
6402 6382 6368
6376 6395 6389
6376 6389 6377
6409 6395 6398
6399 6400 6380
6403 6385 6411
6408 6382 6401
6383 6382 6406
6405 6387 6386
6378 6380 6410
6389 6391 6390
6368 6382 6381
6388 6387 6374
6410 6369 6373
6370 6369 6400
6402 6368 6371
6404 6411 6385
6395 6397 6389
6404 6385 6387
6389 6397 6392
6412 6413 6414
6412 6414 6415
6416 6417 6413
6416 6413 6412
6418 6419 6420
6418 6420 6421
6422 6423 6424
6425 6426 6427
6428 6419 6429
6430 6431 6432
6421 6433 6434
6435 6433 6436
6416 6412 6425
6424 6423 6437
6424 6437 6438
6439 6440 6441
6442 6439 6420
6443 6424 6438
6413 6424 6444
6445 6426 6446
6428 6429 6447
6419 6418 6431
6419 6431 6429
6448 6431 6449
6450 6426 6451
6426 6452 6451
6439 6453 6440
6454 6424 6413
6446 6426 6412
6420 6439 6433
6420 6433 6421
6453 6439 6442
6443 6444 6424
6447 6429 6455
6452 6426 6445
6427 6426 6450
6449 6431 6430
6422 6424 6454
6433 6435 6434
6412 6426 6425
6432 6431 6418
6454 6413 6417
6414 6413 6444
6446 6412 6415
6448 6455 6429
6439 6441 6433
6448 6429 6431
6433 6441 6436
6456 6112 6115
6456 6115 6053
6082 6457 6055
6458 6457 6082
6456 6053 6055
6456 6055 6459
6457 6460 6459
6457 6459 6055
6458 6461 6460
6458 6460 6457
6462 6461 6458
6462 6458 6463
6458 6081 6463
6084 6463 6081
6084 6464 6463
6084 6465 6464
6109 6465 6084
6465 6109 6466
6466 6109 6108
6466 6108 6467
6103 6106 6467
6103 6467 6108
6468 6469 6102
6468 6102 6054
6469 6468 6470
6469 6470 6471
6470 6472 6473
6470 6473 6471
6076 6473 6472
6464 6474 6462
6464 6462 6463
6465 6475 6474
6465 6474 6464
6476 6475 6465
6476 6465 6466
6476 6466 6467
6476 6467 6477
6106 6477 6467
6053 6468 6054
6115 6468 6053
6114 6468 6115
6468 6114 6470
6052 6470 6114
6052 6051 6472
6052 6472 6470
6059 6076 6472
6059 6472 6051
6081 6458 6082
6082 6055 6054
6478 6479 6480
6478 6480 6481
6482 6478 6481
6482 6481 6483
6484 6485 6486
6484 6486 6487
6488 6489 6490
6491 6492 6493
6494 6495 6487
6496 6497 6498
6485 6499 6500
6501 6502 6503
6482 6491 6478
6489 6504 6490
6489 6505 6504
6506 6507 6508
6509 6486 6506
6510 6505 6489
6481 6511 6489
6512 6513 6493
6514 6515 6495
6487 6495 6498
6487 6498 6484
6516 6517 6498
6518 6519 6493
6493 6519 6520
6506 6508 6521
6522 6481 6489
6513 6478 6493
6486 6485 6500
6486 6500 6506
6521 6509 6506
6510 6489 6511
6515 6523 6495
6520 6512 6493
6492 6518 6493
6517 6496 6498
6488 6522 6489
6503 6499 6501
6478 6491 6493
6497 6484 6498
6522 6483 6481
6480 6511 6481
6513 6479 6478
6516 6495 6523
6506 6503 6507
6516 6498 6495
6503 6502 6507
6524 6525 6526
6524 6526 6527
6528 6529 6530
6528 6530 6531
6532 6533 6534
6532 6534 6528
6527 6535 6533
6527 6533 6532
6536 6537 6538
6539 6540 6541
6539 6541 6542
6541 6543 6542
6544 6543 6545
6537 6536 6543
6546 6533 6526
6530 6529 6547
6530 6547 6548
6549 6546 6550
6546 6551 6534
6552 6546 6553
6554 6553 6546
6552 6547 6546
6547 6552 6548
6540 6545 6541
6544 6555 6543
6556 6537 6543
6557 6558 6559
6557 6559 6536
6560 6557 6536
6560 6536 6538
6561 6562 6539
6561 6539 6542
6558 6561 6542
6558 6542 6559
6555 6556 6543
6533 6546 6534
6545 6543 6541
6554 6546 6549
6526 6525 6550
6546 6526 6550
6543 6559 6542
6536 6559 6543
6524 6527 6563
6524 6563 6564
6528 6531 6565
6528 6565 6566
6532 6528 6567
6532 6567 6568
6527 6532 6568
6527 6568 6569
6570 6571 6572
6573 6574 6575
6573 6575 6576
6575 6574 6577
6578 6579 6580
6572 6577 6570
6581 6563 6568
6565 6582 6583
6565 6583 6567
6584 6585 6581
6581 6567 6583
6586 6587 6581
6588 6581 6587
6586 6581 6583
6583 6582 6586
6576 6575 6579
6578 6580 6589
6590 6577 6572
6557 6570 6591
6557 6591 6558
6560 6571 6570
6560 6570 6557
6561 6574 6573
6561 6573 6562
6558 6591 6574
6558 6574 6561
6589 6577 6590
6568 6567 6581
6579 6575 6580
6588 6584 6581
6563 6585 6564
6581 6585 6563
6577 6574 6591
6570 6577 6591
6592 6593 6594
6592 6594 6595
6596 6597 6598
6596 6598 6599
6600 6601 6597
6600 6597 6596
6595 6602 6601
6595 6601 6600
6603 6604 6605
6606 6607 6608
6606 6608 6609
6608 6610 6609
6611 6610 6612
6604 6603 6610
6613 6601 6602
6598 6597 6614
6598 6614 6615
6616 6613 6617
6613 6614 6597
6618 6613 6619
6620 6619 6613
6618 6614 6613
6614 6618 6615
6607 6612 6608
6611 6621 6610
6622 6604 6610
6623 6624 6625
6623 6625 6603
6626 6623 6603
6626 6603 6605
6627 6628 6606
6627 6606 6609
6624 6627 6609
6624 6609 6625
6621 6622 6610
6601 6613 6597
6612 6610 6608
6620 6613 6616
6602 6593 6617
6613 6602 6617
6610 6625 6609
6603 6625 6610
6592 6595 6629
6592 6629 6630
6596 6599 6631
6596 6631 6632
6600 6596 6633
6600 6633 6634
6595 6600 6634
6595 6634 6629
6635 6636 6637
6638 6639 6640
6638 6640 6641
6640 6639 6642
6643 6644 6642
6637 6642 6635
6645 6629 6634
6631 6646 6647
6631 6647 6632
6648 6649 6645
6645 6632 6647
6650 6651 6645
6652 6645 6651
6650 6645 6647
6647 6646 6650
6641 6640 6644
6643 6642 6653
6654 6642 6637
6623 6635 6655
6623 6655 6624
6626 6636 6635
6626 6635 6623
6627 6639 6638
6627 6638 6628
6624 6655 6639
6624 6639 6627
6653 6642 6654
6634 6632 6645
6644 6640 6642
6652 6648 6645
6629 6649 6630
6645 6649 6629
6642 6639 6655
6635 6642 6655
6656 6657 6658
6656 6658 6659
6660 6661 6662
6660 6662 6663
6664 6660 6665
6664 6665 6666
6657 6664 6666
6657 6666 6667
6668 6669 6670
6671 6672 6673
6671 6673 6674
6673 6672 6675
6676 6677 6675
6670 6675 6668
6678 6658 6666
6662 6679 6680
6662 6680 6663
6681 6682 6678
6678 6665 6683
6684 6685 6678
6686 6678 6685
6684 6678 6680
6680 6679 6684
6674 6673 6677
6676 6675 6687
6688 6675 6670
6689 6668 6690
6689 6690 6691
6692 6669 6668
6692 6668 6689
6693 6672 6671
6693 6671 6694
6691 6690 6672
6691 6672 6693
6687 6675 6688
6666 6665 6678
6677 6673 6675
6686 6681 6678
6658 6682 6659
6678 6682 6658
6675 6672 6690
6668 6675 6690
6656 6695 6696
6656 6696 6657
6660 6697 6698
6660 6698 6661
6664 6699 6700
6664 6700 6660
6657 6701 6699
6657 6699 6664
6702 6703 6704
6705 6706 6707
6705 6707 6708
6707 6709 6708
6710 6711 6712
6703 6702 6709
6713 6699 6696
6698 6700 6714
6698 6714 6715
6716 6713 6717
6713 6714 6700
6718 6713 6719
6720 6719 6713
6718 6714 6713
6714 6718 6715
6706 6712 6707
6710 6721 6709
6722 6703 6709
6689 6691 6723
6689 6723 6702
6692 6689 6702
6692 6702 6704
6693 6694 6705
6693 6705 6708
6691 6693 6708
6691 6708 6723
6721 6722 6709
6699 6713 6700
6712 6711 6707
6720 6713 6716
6696 6695 6717
6713 6696 6717
6709 6723 6708
6702 6723 6709
6724 6725 6726
6724 6726 6727
6728 6729 6730
6728 6730 6731
6732 6728 6733
6732 6733 6734
6725 6732 6734
6725 6734 6735
6736 6737 6738
6739 6740 6741
6739 6741 6742
6741 6740 6743
6744 6745 6743
6738 6743 6736
6746 6735 6734
6730 6747 6748
6730 6748 6733
6749 6750 6746
6746 6733 6751
6752 6753 6746
6754 6746 6753
6752 6746 6748
6748 6747 6752
6742 6741 6745
6744 6743 6755
6756 6743 6738
6757 6736 6758
6757 6758 6759
6760 6737 6736
6760 6736 6757
6761 6740 6739
6761 6739 6762
6759 6758 6740
6759 6740 6761
6755 6743 6756
6734 6733 6746
6745 6741 6743
6754 6749 6746
6735 6750 6727
6746 6750 6735
6743 6740 6758
6736 6743 6758
6724 6763 6764
6724 6764 6725
6728 6765 6766
6728 6766 6729
6732 6767 6768
6732 6768 6728
6725 6764 6767
6725 6767 6732
6769 6770 6771
6772 6773 6774
6772 6774 6775
6774 6776 6775
6777 6776 6778
6770 6769 6776
6779 6767 6764
6766 6765 6780
6766 6780 6781
6782 6779 6783
6779 6780 6765
6784 6779 6785
6786 6785 6779
6784 6780 6779
6780 6784 6781
6773 6778 6774
6777 6787 6776
6788 6770 6776
6757 6759 6789
6757 6789 6769
6760 6757 6769
6760 6769 6771
6761 6762 6772
6761 6772 6775
6759 6761 6775
6759 6775 6789
6787 6788 6776
6767 6779 6765
6778 6776 6774
6786 6779 6782
6764 6763 6783
6779 6764 6783
6776 6789 6775
6769 6789 6776
6790 6791 6792
6790 6792 6793
6794 6795 6796
6794 6796 6797
6798 6799 6800
6798 6800 6801
6802 6803 6804
6802 6804 6805
6806 6807 6808
6809 6794 6797
6809 6797 6810
6811 6806 6808
6812 6813 6814
6815 6790 6793
6815 6793 6816
6817 6812 6814
6818 6819 6820
6821 6798 6801
6821 6801 6822
6823 6818 6820
6824 6823 6825
6826 6802 6805
6826 6805 6827
6813 6824 6825
6808 6807 6828
6808 6828 6829
6817 6814 6795
6817 6795 6794
6814 6813 6790
6814 6790 6815
6813 6825 6791
6813 6791 6790
6825 6823 6802
6825 6802 6826
6823 6820 6830
6823 6830 6802
6831 6811 6832
6831 6832 6833
6811 6808 6834
6811 6834 6832
6835 6836 6837
6835 6837 6838
6836 6839 6840
6836 6840 6837
6839 6841 6842
6839 6842 6840
6841 6843 6844
6841 6844 6842
6845 6846 6847
6845 6847 6848
6846 6849 6850
6846 6850 6847
6849 6851 6852
6849 6852 6850
6853 6854 6855
6853 6855 6856
6857 6858 6859
6857 6859 6860
6861 6862 6863
6861 6863 6864
6865 6866 6867
6865 6867 6868
6869 6870 6871
6869 6871 6872
6873 6874 6875
6876 6877 6862
6876 6862 6861
6878 6874 6873
6879 6880 6881
6882 6883 6858
6882 6858 6857
6884 6880 6879
6885 6886 6887
6888 6889 6866
6888 6866 6865
6890 6886 6885
6891 6892 6890
6893 6894 6870
6893 6870 6869
6881 6892 6891
6874 6895 6896
6874 6896 6875
6884 6861 6864
6884 6864 6880
6880 6882 6857
6880 6857 6881
6881 6857 6860
6881 6860 6892
6892 6893 6869
6892 6869 6890
6890 6869 6872
6890 6872 6886
6886 6888 6897
6886 6897 6878
6878 6897 6898
6878 6898 6874
6899 6900 6901
6899 6901 6902
6902 6901 6903
6902 6903 6904
6904 6903 6905
6904 6905 6906
6906 6905 6907
6906 6907 6908
6909 6910 6911
6909 6911 6912
6912 6911 6913
6912 6913 6914
6914 6913 6915
6914 6915 6916
6917 6918 6919
6917 6919 6920
