byte offset: 0
first index: 0
index count: 59094
topology: trianglelist
format: DXGI_FORMAT_R16_UINT

0 1 2
0 2 3
4 5 6
7 0 3
7 3 8
9 10 11
12 13 2
12 2 14
15 16 17
15 17 18
19 20 21
19 21 22
23 24 25
26 27 28
29 30 31
32 28 33
34 35 36
20 19 37
20 37 38
28 32 26
39 40 41
42 43 44
45 44 46
47 48 49
9 50 51
17 10 52
18 17 53
18 53 54
10 9 55
35 34 56
57 25 58
59 57 60
59 60 61
29 62 30
21 20 63
21 63 64
65 63 20
66 67 53
21 64 68
69 70 71
72 73 74
75 24 76
75 76 77
24 23 76
65 38 78
75 77 79
75 79 80
79 81 80
82 83 84
82 85 83
21 86 87
88 89 90
91 72 92
70 69 93
16 11 10
94 12 14
94 14 95
56 34 96
97 98 68
32 33 99
56 96 33
42 44 45
42 100 43
100 101 43
21 68 86
43 102 44
103 84 104
83 105 101
83 85 105
82 84 103
57 23 25
106 107 108
109 110 111
112 113 114
42 115 116
45 115 42
117 42 116
118 117 119
117 100 42
100 117 101
118 83 101
120 118 121
118 119 121
117 116 119
101 117 118
118 120 84
118 84 83
122 120 121
122 121 123
120 122 124
120 124 84
125 126 127
125 127 128
128 129 125
125 130 131
132 130 113
112 132 113
133 134 135
136 137 68
63 136 64
78 138 65
139 140 141
142 143 144
142 144 145
146 142 145
146 145 147
134 140 135
148 149 150
148 150 151
141 152 153
141 153 154
139 155 156
157 148 151
157 151 158
159 160 161
159 161 162
163 164 165
163 165 166
167 168 160
167 160 169
167 170 171
167 171 172
173 174 175
173 175 169
176 56 177
178 163 166
178 166 179
180 181 182
180 182 183
146 184 185
146 185 158
186 187 181
186 181 180
188 189 190
188 190 191
192 193 194
192 194 195
196 192 197
198 196 197
198 197 199
200 198 199
200 199 201
202 35 203
191 190 204
191 129 128
194 123 121
195 121 119
205 206 207
205 207 208
209 210 211
209 211 212
173 159 206
173 206 213
174 173 213
174 213 214
215 216 210
215 210 209
217 218 219
217 219 220
221 222 218
221 218 217
223 222 190
200 174 214
200 214 224
198 225 196
196 226 227
196 227 192
228 223 190
228 190 189
229 193 192
229 192 227
230 231 232
230 232 233
234 235 236
234 236 237
238 205 231
238 231 239
240 238 239
240 239 241
240 241 242
243 244 226
245 246 235
245 235 234
247 248 249
247 249 250
251 252 248
251 248 247
253 252 251
254 253 223
254 223 228
226 255 256
226 256 227
227 256 257
227 257 229
258 259 260
258 260 261
262 263 264
262 264 265
266 230 260
266 260 267
268 269 263
268 263 262
270 266 267
270 267 271
272 273 274
272 274 275
258 276 277
258 277 278
279 280 281
282 283 279
282 279 284
285 283 286
287 288 285
287 285 289
290 259 291
290 291 292
293 290 292
293 292 294
295 293 294
295 294 296
297 298 288
297 288 287
299 300 298
299 298 297
301 302 303
301 303 304
302 305 306
302 306 303
307 308 273
307 273 272
309 270 271
309 271 310
311 312 308
311 308 307
313 314 312
313 312 311
257 256 315
257 315 316
255 309 310
255 310 317
256 255 317
256 317 315
318 116 115
129 191 204
129 204 114
202 203 319
156 176 177
156 177 320
134 133 97
136 63 321
322 63 65
323 184 324
138 78 325
111 326 327
111 327 328
323 108 107
202 318 45
202 45 35
195 116 318
114 204 329
204 187 186
204 186 329
318 115 45
195 119 116
194 121 195
188 128 127
191 128 188
305 295 296
305 296 306
323 324 108
330 325 331
204 190 187
136 68 64
68 134 97
190 221 187
221 181 187
203 56 176
170 203 171
203 35 56
114 113 129
106 109 107
332 106 108
138 325 330
330 331 108
333 334 335
336 337 338
339 340 341
342 343 337
344 345 346
347 348 349
350 351 23
350 23 57
344 352 353
344 353 354
355 356 357
352 344 358
352 358 359
79 77 360
335 334 353
360 345 354
360 354 361
79 361 362
352 337 353
352 359 338
79 360 361
23 351 76
350 363 346
350 346 345
354 345 344
342 337 336
364 365 366
344 346 358
363 350 57
363 57 59
354 334 361
367 368 369
370 371 372
370 372 373
81 374 375
375 374 356
345 360 351
345 351 350
357 333 364
375 356 355
124 104 84
113 130 125
125 131 126
360 77 76
360 76 351
376 377 105
376 105 85
364 378 357
379 85 82
379 82 380
381 378 382
383 384 385
386 387 388
389 390 391
392 393 386
394 395 396
397 398 399
390 389 400
401 402 403
398 401 396
404 393 405
406 407 408
401 403 409
401 409 410
398 397 402
394 410 392
408 411 406
412 413 414
410 394 396
410 396 401
415 399 416
410 417 392
409 417 410
395 390 396
378 418 419
402 401 398
390 398 396
388 395 394
394 392 386
394 386 388
43 420 102
43 377 421
43 421 420
105 377 101
422 423 399
397 399 423
402 397 424
423 422 425
403 402 426
397 423 427
379 376 85
380 428 429
380 429 379
428 380 430
431 432 433
412 434 431
412 435 434
431 434 432
412 436 435
412 414 436
414 413 437
405 438 404
417 393 392
402 424 426
424 397 427
439 440 425
422 441 442
425 422 439
422 399 441
441 399 443
444 387 404
445 391 395
445 395 388
404 438 444
388 387 445
404 387 386
446 447 448
448 449 450
448 450 451
448 452 449
448 447 452
446 448 453
412 454 413
455 411 408
406 384 407
385 384 406
370 383 371
373 372 456
373 456 457
458 459 460
458 460 461
462 463 464
465 466 467
465 467 468
469 470 471
469 471 472
473 474 475
473 475 476
477 478 479
464 463 480
464 480 481
468 482 483
468 483 465
484 485 486
487 488 489
490 473 476
490 476 491
492 484 486
492 486 493
481 480 487
481 487 489
482 490 491
482 491 483
478 494 479
470 495 496
470 496 471
474 469 472
474 472 475
497 498 499
497 499 500
501 502 503
501 503 504
502 505 506
502 506 503
505 497 500
505 500 506
499 498 507
499 507 508
477 492 493
477 493 478
509 510 511
512 513 514
515 514 516
517 518 519
517 519 520
521 522 523
521 523 524
518 525 526
518 526 519
525 521 524
525 524 526
522 527 528
522 528 523
527 515 516
527 516 528
529 530 531
529 531 513
530 509 532
530 532 531
515 512 514
512 529 513
533 501 504
533 504 534
535 536 537
535 537 538
539 540 541
539 541 542
536 535 543
536 543 544
545 546 547
545 547 548
549 550 551
549 551 552
552 551 553
552 553 554
555 556 550
555 550 549
554 553 520
554 520 519
557 558 559
560 549 552
554 561 560
554 560 552
519 526 561
519 561 554
562 563 564
565 566 562
565 562 564
567 563 537
567 537 568
524 523 566
524 566 565
569 570 571
569 571 572
543 573 544
574 575 576
574 576 557
577 574 557
577 557 559
536 559 568
536 568 537
544 577 559
544 559 536
562 578 579
562 579 563
566 580 578
566 578 562
563 579 538
563 538 537
523 528 566
581 577 544
564 567 560
561 565 564
561 564 560
526 524 565
526 565 561
557 576 582
557 582 558
583 584 585
586 587 588
589 590 542
589 542 541
540 539 583
540 583 585
572 571 575
572 575 574
558 582 556
558 556 555
590 589 546
590 546 545
591 592 593
591 593 594
595 596 597
595 597 598
599 600 601
599 601 602
603 604 605
603 605 606
607 608 604
607 604 603
606 605 609
606 609 610
611 612 608
611 608 607
613 614 615
613 615 616
617 618 619
617 619 620
621 622 623
621 623 624
594 593 625
594 625 626
619 618 592
619 592 591
627 628 616
627 616 615
610 609 629
610 629 630
626 625 600
626 600 599
577 581 572
568 558 555
555 567 568
631 632 633
631 633 634
635 636 637
638 634 639
638 639 640
637 636 641
642 643 644
642 644 645
646 543 535
646 535 647
579 648 649
579 649 538
516 514 580
578 650 648
578 648 579
580 651 650
580 650 578
514 513 651
652 643 631
652 631 653
646 645 644
654 655 656
654 656 657
658 654 657
658 657 659
636 658 659
636 659 660
641 636 660
641 660 661
662 639 634
643 663 631
664 639 662
640 639 635
640 635 637
647 535 538
647 538 649
653 631 634
653 634 638
665 666 667
665 667 668
669 670 671
669 671 672
673 674 675
673 675 676
666 677 678
666 678 667
679 680 681
679 681 682
683 684 685
683 685 686
687 683 686
687 686 688
689 687 688
689 688 690
691 689 690
691 690 692
676 675 693
676 693 694
695 665 668
695 668 696
697 698 699
697 699 700
684 697 700
684 700 685
698 695 696
698 696 699
672 671 674
672 674 673
682 681 670
682 670 669
658 635 654
654 635 655
655 664 701
655 701 656
649 702 703
649 703 647
704 705 706
707 708 709
647 703 710
647 710 646
702 649 648
702 648 711
513 531 712
513 712 651
650 713 711
650 711 648
651 712 713
651 713 650
714 715 716
714 716 717
663 708 718
663 718 719
710 720 721
722 723 724
725 726 727
725 727 728
726 729 730
726 730 727
706 705 731
706 731 732
705 733 734
705 734 731
733 725 728
733 728 734
709 735 721
709 721 720
717 708 707
714 717 707
663 642 708
736 726 725
736 725 737
718 717 716
718 716 738
738 716 723
738 719 718
715 730 729
715 729 716
739 740 741
739 741 742
743 744 745
743 745 746
747 748 749
747 749 750
751 752 753
751 753 754
755 756 757
755 757 758
756 759 760
756 760 757
761 762 763
761 763 764
742 741 765
742 765 766
762 767 768
762 768 763
767 755 758
767 758 768
744 769 770
744 770 745
750 749 752
750 752 751
759 743 746
759 746 760
729 723 716
771 772 773
771 773 774
775 776 777
775 777 778
713 779 780
713 780 711
712 781 779
712 779 713
782 702 711
782 711 780
531 532 712
772 771 783
772 783 784
785 786 783
785 783 787
778 777 788
778 788 789
720 710 788
790 789 788
790 710 703
790 703 791
791 782 792
791 792 793
794 773 795
794 795 796
784 797 798
784 798 799
790 791 793
790 793 800
780 779 801
780 801 802
779 781 803
779 803 801
782 780 802
782 802 792
781 511 804
781 804 803
778 789 805
778 805 806
807 794 796
807 796 808
789 790 800
789 800 805
787 783 771
787 771 809
772 784 799
772 799 810
784 783 797
707 776 786
707 786 785
811 775 812
811 812 813
814 786 811
709 777 776
709 776 707
775 778 806
775 806 812
773 772 810
773 810 795
773 794 774
794 807 815
809 771 774
809 774 815
816 817 818
816 818 819
820 821 822
820 822 823
824 825 826
824 826 827
828 829 830
828 830 831
832 820 823
832 823 833
834 835 836
834 836 837
835 838 839
835 839 836
821 834 837
821 837 822
838 840 841
838 841 839
842 843 844
842 844 845
846 824 827
846 827 847
848 849 850
848 850 851
843 832 833
843 833 844
818 817 852
818 852 853
854 828 831
854 831 855
856 857 816
856 816 819
858 859 860
858 860 861
862 842 845
862 845 863
825 854 855
825 855 826
864 865 849
864 849 848
853 852 865
853 865 864
791 703 702
791 702 782
511 510 866
511 866 804
510 867 868
510 868 866
869 870 871
872 873 874
872 874 875
876 872 875
876 875 877
878 879 880
881 880 882
881 882 883
884 885 873
884 873 872
886 884 872
886 872 876
887 888 885
887 885 884
889 887 884
889 884 886
890 891 892
870 880 871
879 888 882
883 882 887
883 887 889
893 890 894
895 896 897
895 897 891
896 898 897
635 658 636
899 704 900
899 900 737
560 567 549
563 567 564
704 899 705
729 726 736
723 736 724
754 753 901
754 901 902
722 738 723
729 736 723
737 900 724
737 724 736
902 901 740
902 740 739
725 733 737
899 733 705
737 733 899
738 722 719
642 663 643
663 632 631
573 543 644
777 709 720
777 720 788
555 549 567
558 568 559
652 903 581
652 581 573
573 644 643
573 643 652
717 718 708
528 516 580
528 580 566
904 905 906
907 908 905
907 905 909
910 911 912
910 912 909
913 914 915
913 915 916
909 905 917
909 917 910
918 919 920
921 907 909
921 909 912
922 923 912
911 914 920
911 920 912
924 912 920
914 913 920
923 921 912
913 918 920
924 922 912
664 655 639
904 917 905
905 908 906
906 925 926
927 928 929
927 929 930
931 932 933
931 933 934
935 931 934
935 934 936
937 935 936
937 936 938
929 939 930
940 937 938
940 938 939
936 934 941
936 941 942
938 936 942
938 942 943
939 938 943
939 943 930
929 940 939
925 944 933
933 941 934
932 945 925
932 925 933
944 941 933
925 945 926
906 944 925
946 947 948
949 950 951
949 951 948
950 952 953
950 953 951
952 954 955
952 955 953
954 956 955
956 954 957
956 957 958
951 959 960
951 953 961
951 961 959
953 955 962
953 962 961
956 962 955
963 964 948
926 949 948
965 966 967
965 967 968
969 970 971
969 971 972
970 969 968
970 968 967
973 974 975
973 975 976
974 977 978
974 978 975
979 973 976
979 976 980
977 981 982
977 982 978
981 983 984
981 984 982
985 986 987
985 987 988
989 990 991
992 993 988
992 988 987
994 995 996
994 996 997
990 998 999
990 999 1000
998 1001 1002
998 1002 999
991 990 1000
991 1000 1003
1001 994 997
1001 997 1002
1004 967 966
1004 966 1005
1006 971 970
1006 970 1007
967 1004 1007
967 1007 970
981 1008 983
981 977 1008
994 1001 1009
1010 1011 993
1010 993 992
968 993 1011
968 1011 1012
1012 1011 1009
1012 1009 1013
988 969 972
988 972 985
993 968 969
993 969 988
995 994 1009
1001 998 1009
1008 974 973
1008 977 974
1014 1015 1016
1014 1016 1017
1018 1014 1017
1018 1017 1019
1015 1020 1021
1015 1021 1016
1022 1023 1024
1022 1024 1025
1026 1018 1019
1026 1019 1027
1028 1029 1030
1028 1030 1031
1032 1026 1027
1032 1027 1033
1034 1035 1036
1034 1036 1037
1038 1039 1040
1038 1040 1041
1037 1036 1042
1037 1042 1043
1044 1045 1046
1044 1046 1047
1048 1049 1050
1048 1050 1051
1052 1053 1054
1052 1054 1055
1056 1052 1055
1056 1055 1057
1053 1058 1059
1053 1059 1054
1041 1040 1060
1041 1060 1061
1049 1056 1057
1049 1057 1050
1062 1063 1064
1062 1064 1065
1066 1067 1068
1066 1068 1069
1065 1064 1067
1065 1067 1066
1070 1071 1072
1070 1072 1073
1069 1068 1071
1069 1071 1070
1023 1022 1074
1023 1074 1075
1043 1042 1076
1043 1076 1077
1077 1076 1047
1077 1047 1046
973 979 1078
1008 1079 1005
1008 1005 966
1080 1081 1031
1080 1031 1030
989 1009 990
1082 1083 1063
1082 1063 1062
1083 1082 1075
1083 1075 1074
1008 1078 1079
1084 1085 1086
1084 1086 1087
1085 1084 1039
1085 1039 1038
1009 989 1013
1087 1086 1088
1087 1088 1089
1090 1091 1081
1090 1081 1080
1092 1093 1094
1095 1096 1097
1098 1099 1100
1098 1100 1101
1101 1102 1103
1101 1103 1098
1102 1104 1103
1093 1104 1105
1093 1105 1106
1093 1107 1104
1092 1108 1093
1109 1110 1093
1108 1109 1093
1094 1111 1112
1094 1112 1113
1093 1106 1111
1102 1105 1104
1104 1114 1103
1115 1116 1096
1099 1098 1117
1099 1117 1118
1098 1103 1119
1098 1119 1117
1103 1120 1119
1096 1120 1121
1096 1121 1122
1123 1124 1096
1096 1122 1115
1116 1115 1125
1116 1125 1126
1127 1123 1096
1095 1128 1120
1120 1128 1119
1103 1121 1120
1129 1130 1131
1129 1131 971
1129 971 1006
532 781 712
509 511 532
532 511 781
1132 906 926
1132 926 1133
1134 1133 926
1134 926 964
906 1132 904
1135 1132 1133
1135 1133 1136
1136 1133 1134
1137 904 1132
1137 1132 1135
895 891 890
893 895 890
494 1138 479
462 1139 1140
462 1140 463
1141 1142 1143
1141 1143 1144
1145 1146 1147
1145 1147 1148
1149 1150 1151
1149 1151 1152
1149 1152 1153
1150 1141 1144
1150 1144 1151
1154 1155 1156
1142 1156 1157
1142 1157 1143
1158 1159 1144
1158 1144 1143
1160 1161 1152
1160 1152 1151
1162 1163 1161
1159 1160 1151
1159 1151 1144
877 1164 1165
877 1165 876
1157 1166 1167
1168 1169 1170
1168 1170 1171
1172 889 886
1172 886 1173
1169 1168 1174
1169 1174 1175
889 1172 1176
889 1176 883
1177 1178 1179
1177 1179 1180
881 1181 1182
881 1182 871
1180 1179 1183
1180 1183 1184
871 1182 1185
871 1185 869
1175 1174 1178
1175 1178 1177
883 1176 1181
883 1181 881
1148 1147 1171
1148 1171 1170
876 1165 1173
876 1173 886
1186 1187 1188
1186 1188 1189
1190 1191 1192
1190 1192 1193
1191 1194 1195
1191 1195 1192
1187 1190 1193
1187 1193 1188
1196 1197 1198
1196 1198 1199
1186 1189 1198
1186 1198 1197
1200 1201 1202
1200 1202 1203
1204 1205 1206
1204 1206 1207
1208 1204 1207
1208 1207 1209
1205 1200 1203
1205 1203 1206
1201 1210 1211
1201 1211 1202
1194 1212 1213
1194 1213 1195
1210 1214 1215
1210 1215 1211
1216 1217 1218
1164 1145 1148
1164 1148 1165
1219 1166 1157
1169 1172 1173
1169 1173 1170
1175 1176 1172
1175 1172 1169
1180 1182 1181
1180 1181 1177
1184 1185 1182
1184 1182 1180
1177 1181 1176
1177 1176 1175
1170 1173 1165
1170 1165 1148
1220 1221 1222
1146 1223 1224
1146 1224 1147
1143 1157 1225
1143 1225 1158
1157 1167 1225
1226 1168 1171
1226 1171 1227
1228 1174 1168
1228 1168 1226
1229 1179 1178
1229 1178 1230
1231 1183 1179
1231 1179 1229
1230 1178 1174
1230 1174 1228
1227 1171 1147
1227 1147 1224
1232 1233 1234
1232 1234 1153
1235 1208 1209
1235 1209 1236
1155 1237 1219
1155 1219 1157
1155 1157 1156
1217 1216 1238
1217 1238 1239
1239 1238 1240
1239 1240 1241
1217 1242 1218
1242 1243 1218
1167 1244 1225
878 880 870
416 400 1245
416 398 390
416 1245 415
349 348 1246
1247 349 1248
339 1249 1250
339 1250 340
1250 1249 1251
341 340 1247
340 1252 347
340 347 349
341 1253 339
1247 1254 341
1247 340 349
340 1250 1252
880 879 882
662 634 633
639 655 635
794 815 774
1095 1120 1096
995 1011 1010
995 1009 1011
1008 973 1078
1094 1093 1111
990 1009 998
1096 1116 1127
814 811 813
814 813 1255
863 860 859
863 859 862
948 947 963
811 776 775
811 786 776
1255 798 797
1255 797 814
861 830 829
861 829 858
797 786 814
797 783 786
948 960 946
951 960 948
390 400 416
391 390 395
386 393 404
920 919 924
1097 1096 1124
1093 1110 1107
1104 1107 1114
983 1008 966
983 966 965
1256 878 870
871 880 881
882 888 887
1257 1162 1258
1222 1163 1257
1257 1163 1162
1222 1221 1163
1161 1163 1152
1152 1163 1221
1220 1232 1153
1220 1153 1221
1153 1152 1221
1149 1153 1234
1259 1260 46
1259 46 44
44 102 1259
45 36 35
46 1260 1261
46 1261 36
45 46 36
376 421 377
379 429 1262
1262 376 379
1263 1264 1265
1266 1264 1267
99 96 1263
99 33 96
1263 1265 99
1268 1269 133
133 27 1268
28 27 1270
1265 1264 1266
133 1269 97
31 1269 1268
1271 98 97
97 1269 1271
1272 86 1273
86 68 1273
1272 1274 87
1273 68 98
87 1274 48
87 86 1272
21 87 1275
87 48 47
49 1276 1277
49 48 1276
48 1274 1276
1278 49 1277
9 1279 50
1280 53 1281
53 67 54
1280 66 53
10 1282 1283
10 1283 52
9 51 55
1284 1285 1286
1284 1286 1287
3 2 13
3 13 1288
8 6 1289
8 3 1288
8 1288 1290
14 2 1
14 1 1291
95 14 1291
95 1291 1292
1284 1287 1293
1284 1293 1289
1294 1279 11
16 10 17
1287 1286 50
1287 50 1279
1294 1287 1279
11 1279 9
1295 1296 1297
1298 1296 1299
1295 1297 1300
6 1301 1285
6 1285 1284
1289 6 1284
8 1289 7
1302 1303 1304
1305 1306 1307
1305 1307 92
39 1308 1306
39 1306 1305
1304 1299 1302
1298 1299 1304
1299 1296 1309
40 1303 41
1304 1303 40
39 41 1308
8 1290 4
6 5 1301
4 6 8
31 30 1269
156 320 1310
1293 1287 1294
1300 1311 1312
1295 1300 1312
1297 1296 1298
1312 1311 1313
47 1275 87
21 1275 22
70 93 91
40 1314 1315
40 1315 1304
39 74 1314
39 1314 40
72 74 39
1315 1298 1304
37 1316 38
1316 1317 325
65 20 38
1316 78 38
65 138 322
92 72 1305
72 39 1305
93 73 91
88 1317 1318
325 1317 88
69 1319 93
91 73 72
1311 1320 1313
1321 1322 1323
1324 1325 1326
1324 1326 1327
1327 1321 1328
1327 1328 1324
1323 1322 1329
1330 1331 1332
1330 1332 1333
1331 1326 1325
1331 1325 1332
1329 1322 1334
1335 1336 1337
1335 1337 1338
1339 1340 1341
1339 1341 1342
1343 1344 1345
1343 1345 1346
1347 1348 1349
1347 1349 1350
1348 1335 1338
1348 1338 1349
1340 1343 1346
1340 1346 1341
1336 1351 1352
1336 1352 1337
1353 1354 1355
1353 1355 1356
1357 1358 1359
1357 1359 1360
1361 1362 1363
1361 1363 1364
1358 1347 1350
1358 1350 1359
1344 1361 1364
1344 1364 1345
1365 1339 1342
1365 1342 1366
1333 1367 1368
1333 1368 1330
1362 1353 1356
1362 1356 1363
1368 1367 1369
1334 1322 1370
1321 1323 1328
101 377 43
709 708 735
514 651 580
646 644 543
645 721 735
645 735 642
735 708 642
710 721 646
646 721 645
790 788 710
544 573 581
577 572 574
1371 1372 1373
1371 1373 1374
1375 1376 1377
1378 1377 1379
1378 1379 1380
1381 1373 1382
1372 1383 1384
1372 1384 1373
1385 1386 1372
1385 1372 1371
1387 1385 1371
1387 1371 1388
1385 1387 1389
1385 1389 1390
1386 1385 1390
1386 1390 1391
1392 1393 1394
1392 1394 1395
1396 1397 1395
1396 1395 1394
1398 1399 1397
1398 1397 1396
1400 1399 1398
1401 1384 1383
1401 1383 1402
1403 1404 1405
1403 1405 1406
1404 1403 1402
1404 1402 1383
1407 1408 1409
1407 1409 1410
1411 1412 1408
1411 1408 1407
1413 1408 1412
1413 1412 1414
1415 1409 1408
1415 1408 1413
1416 1417 1418
1416 1418 1419
1420 1419 1409
1421 1422 1423
1421 1423 1424
1425 1426 1427
1425 1427 1428
1429 1430 1400
1429 1400 1431
1432 1433 1430
1432 1430 1429
1430 1433 1434
1435 1400 1430
1435 1430 1436
1380 1379 1437
1380 1437 1438
1439 1378 1380
1439 1380 1440
1441 1439 1440
1441 1440 1442
1439 1441 1443
1439 1443 1444
1378 1439 1444
1378 1444 1375
1445 1446 1447
1446 1445 1406
1446 1406 1405
1448 1446 1405
1449 1448 1450
1449 1450 1451
1448 1449 1452
1448 1452 1446
1389 1376 1453
1386 1404 1383
1386 1383 1372
1391 1405 1404
1391 1404 1386
1454 1413 1414
1454 1414 1455
1456 1415 1413
1456 1413 1454
1454 1455 1457
1458 1436 1434
1436 1458 1459
1460 1461 1428
1460 1428 1427
1445 1429 1431
1445 1431 1406
1429 1445 1462
1417 1392 1395
1417 1395 1418
1397 1410 1418
1397 1418 1395
1399 1407 1410
1399 1410 1397
1463 1464 1399
1465 1416 1419
1465 1419 1424
1466 1465 1424
1466 1424 1423
1426 1466 1423
1426 1423 1427
1401 1394 1393
1401 1393 1467
1403 1398 1396
1403 1396 1402
1398 1403 1406
1398 1406 1431
1468 1469 1451
1468 1451 1450
1469 1468 1444
1469 1444 1443
1438 1470 1440
1438 1440 1380
1388 1371 1374
1388 1374 1471
1472 1374 1381
1467 1473 1384
1467 1384 1401
1420 1421 1424
1420 1424 1419
1422 1460 1427
1422 1427 1423
1402 1396 1394
1402 1394 1401
1474 1475 1476
1474 1476 1477
1478 1479 1480
1481 1478 1482
1481 1482 1483
1477 1484 1485
1486 1487 1474
1486 1474 1488
1488 1489 1490
1488 1490 1486
1489 1488 1485
1483 1491 1492
1483 1492 1481
1483 1482 1493
1483 1493 1494
1495 1493 1482
1495 1482 1480
1496 1480 1497
1480 1479 1497
1480 1496 1495
1491 1483 1494
1491 1494 1498
1499 1476 1475
1499 1475 1500
1501 1502 1503
1501 1503 1504
1505 1506 1502
1505 1502 1501
1507 1508 1509
1507 1509 1510
1511 1512 1513
1511 1513 1514
1512 1511 1515
1512 1515 1516
1517 1518 1519
1517 1519 1520
1521 1522 1523
1521 1523 1524
1525 1526 1527
1525 1527 1528
1529 1530 1526
1529 1526 1525
1531 1532 1533
1531 1533 1534
1535 1536 1537
1535 1537 1538
1539 1540 1541
1539 1541 1542
1543 1544 1545
1543 1545 1546
1547 1548 1549
1547 1549 1550
1551 1552 1548
1551 1548 1547
1553 1554 1555
1553 1555 1556
1506 1505 1557
1506 1557 1558
1559 1560 1561
1559 1561 1562
1563 1564 1560
1563 1560 1559
1504 1503 1516
1504 1516 1515
1565 1566 1530
1565 1530 1529
1534 1533 1567
1534 1567 1568
1569 1570 1568
1569 1568 1567
1571 1572 1566
1571 1566 1565
1573 1574 1552
1573 1552 1551
1575 1576 1556
1575 1556 1555
1577 1578 1574
1577 1574 1573
1579 1580 1581
1579 1581 1582
1544 1543 1583
1544 1583 1584
1585 1586 1584
1585 1584 1583
1587 1588 1589
1587 1589 1590
1520 1519 1536
1520 1536 1535
1522 1521 1591
1522 1591 1592
1538 1537 1593
1538 1593 1594
1595 1596 1594
1595 1594 1593
1596 1595 1546
1596 1546 1545
1518 1517 1597
1518 1597 1598
1599 1600 1601
1599 1601 1602
1602 1601 1564
1602 1564 1563
1603 1604 1562
1603 1562 1561
1605 1606 1514
1605 1514 1513
1607 1608 1508
1607 1508 1507
1609 1610 1598
1609 1598 1597
1611 1539 1542
1611 1542 1612
1540 1579 1582
1540 1582 1541
1613 1614 1608
1613 1608 1607
1606 1605 1614
1606 1614 1613
1615 1471 1374
1487 1616 1475
1487 1475 1474
1500 1475 1617
1470 1618 1442
1470 1442 1440
1428 1619 1620
1409 1419 1418
1409 1418 1410
1454 1457 1456
1425 1428 1620
1619 1621 1622
1461 1621 1619
1461 1619 1428
1620 1619 1622
1623 1611 1612
1623 1612 1624
1400 1398 1431
1399 1400 1463
1436 1459 1435
1430 1434 1436
1448 1391 1450
1448 1405 1391
1590 1589 1550
1590 1550 1549
1429 1462 1432
1462 1445 1625
1626 1627 1588
1626 1588 1587
1627 1626 1628
1627 1628 1629
1447 1446 1452
1445 1447 1625
1615 1374 1472
1617 1475 1616
1592 1591 1528
1592 1528 1527
1399 1464 1407
1407 1464 1411
1510 1509 1610
1510 1610 1609
1382 1373 1384
1382 1384 1473
1381 1374 1373
1390 1453 1450
1390 1450 1391
1496 1497 1630
1631 1632 1633
1631 1633 1634
1635 1636 1637
1635 1637 1638
1638 1637 1639
1638 1639 1640
1640 1639 1641
1640 1641 1642
1643 1644 1642
1643 1642 1641
1645 1646 1647
1645 1647 1648
1635 1645 1648
1635 1648 1634
1649 1650 1646
1649 1646 1645
1638 1649 1645
1638 1645 1635
1651 1652 1650
1651 1650 1649
1640 1651 1649
1640 1649 1638
1653 1642 1644
1653 1644 1654
1655 1653 1654
1655 1654 1656
1653 1655 1652
1653 1652 1651
1642 1653 1651
1642 1651 1640
1631 1657 1658
1631 1658 1659
1657 1660 1661
1657 1661 1658
1632 1631 1659
1632 1659 1662
1634 1633 1636
1634 1636 1635
1634 1648 1657
1634 1657 1631
1648 1647 1660
1648 1660 1657
1663 1664 1665
1663 1665 1666
1667 1668 1669
1667 1669 1670
1671 1667 1670
1671 1670 1672
1673 1671 1672
1673 1672 1674
1674 1675 1676
1674 1676 1673
1677 1678 1669
1677 1669 1666
1678 1679 1670
1678 1670 1669
1679 1680 1672
1679 1672 1670
1675 1674 1681
1675 1681 1682
1680 1681 1674
1680 1674 1672
1683 1684 1665
1683 1665 1685
1685 1665 1664
1685 1664 1686
1668 1663 1666
1668 1666 1669
1666 1665 1684
1666 1684 1677
1687 1688 1689
1687 1689 1690
1691 1692 1693
1691 1693 1694
1695 1696 1692
1695 1692 1691
1697 1698 1696
1697 1696 1695
1699 1700 1698
1699 1698 1697
1701 1702 1703
1701 1703 1704
1704 1703 1705
1704 1705 1706
1706 1705 1707
1706 1707 1708
1709 1710 1711
1709 1711 1712
1708 1707 1710
1708 1710 1709
1713 1714 1715
1713 1715 1716
1688 1687 1717
1688 1717 1718
1694 1693 1690
1694 1690 1689
1702 1701 1713
1702 1713 1716
1444 1468 1375
1375 1377 1378
1478 1480 1482
1453 1375 1468
1450 1453 1468
1453 1376 1375
1497 1479 1490
1389 1453 1390
1497 1490 1489
1316 325 78
110 1719 112
110 112 114
109 1719 110
90 1720 331
90 331 88
1721 1722 61
61 60 1721
1722 70 61
331 1720 332
108 331 332
88 331 325
57 58 60
79 374 81
357 356 333
364 333 365
356 334 333
333 335 365
374 362 334
79 362 374
334 362 361
374 334 356
1723 1724 357
1724 355 357
378 1723 357
82 103 1725
82 1725 380
381 1723 378
1725 1726 380
418 378 364
366 418 364
343 1727 367
1728 366 365
335 369 365
367 1727 368
337 343 367
352 338 337
353 337 367
369 368 1729
353 367 369
353 369 335
1728 365 369
1728 369 1729
1248 349 1246
341 1254 1730
342 336 1731
1732 1731 336
341 1730 1253
353 334 354
380 1726 430
382 378 419
1726 1733 430
430 1733 448
1733 1734 448
1735 411 455
453 1735 446
453 448 1734
446 1735 455
382 419 1736
430 451 431
448 451 430
412 451 454
454 451 450
431 451 412
71 70 1722
125 129 113
1737 1738 1739
1740 1741 1742
1740 1742 1743
1744 1745 1746
1744 1746 1747
1748 1739 1741
1748 1741 1740
1749 1750 1751
1749 1751 1752
1753 1754 1755
1753 1755 1756
1757 1758 1754
1757 1754 1753
1750 1749 1759
1750 1759 1760
1747 1746 1761
1747 1761 1762
1760 1759 1763
1752 1751 1764
1752 1764 1765
1756 1755 1765
1756 1765 1764
1762 1761 1758
1762 1758 1757
1766 1767 1768
1769 1770 1771
1769 1771 1772
1773 1774 1775
1773 1775 1776
1777 1778 1779
1777 1779 1780
1781 1782 1778
1781 1778 1777
1776 1775 1783
1776 1783 1784
1772 1771 1785
1772 1785 1786
1787 1788 1774
1787 1774 1773
1780 1779 1788
1780 1788 1787
1786 1785 1782
1786 1782 1781
1766 1789 1790
1790 1789 1791
1737 1739 1748
1743 1742 1745
1743 1745 1744
1766 1768 1769
1769 1768 1770
1766 1790 1767
1792 456 372
1792 372 1793
457 456 1246
457 1246 348
1248 1246 456
1248 456 1792
1793 372 371
1793 371 1794
371 385 1794
371 383 385
36 1261 34
416 399 398
1485 1484 1795
1474 1477 1796
1474 1796 1488
1489 1485 1797
1797 1485 1795
1499 1500 1798
1488 1796 1485
1477 1485 1796
1799 1630 1489
1799 1489 1797
1630 1497 1489
17 52 1800
1282 10 55
1282 55 1801
55 1802 1801
53 1800 1281
17 1800 53
1803 1804 1805
1803 1805 1806
1807 1808 1804
1807 1804 1803
1809 1810 1811
1809 1811 1812
1812 1811 1813
1812 1813 1814
1815 1816 1817
1810 1807 1803
1810 1803 1811
1811 1803 1806
1811 1806 1813
1816 1818 1819
1816 1819 1820
1821 1822 1823
1806 1805 1824
1806 1824 1825
1808 1807 1826
1814 1813 1827
1810 1809 1828
1810 1828 1829
1830 1826 1807
1827 1825 1816
1827 1816 1815
1825 1827 1813
1807 1810 1830
1825 1824 1818
1825 1818 1816
1821 1831 1832
1821 1832 1822
1833 1834 1835
1833 1835 1836
1837 1838 1839
1837 1839 1840
1841 1833 1836
1841 1836 1842
1834 1837 1840
1834 1840 1835
1843 1844 1845
1843 1845 1846
1847 1848 1849
1847 1849 1850
1844 1849 1848
1844 1848 1845
1834 1833 1851
1834 1851 1852
1838 1837 1853
1838 1853 1854
1855 1851 1833
1855 1833 1841
1852 1853 1837
1852 1837 1834
1846 1845 1851
1854 1853 1848
1854 1848 1847
1851 1855 1846
1845 1848 1853
1845 1853 1852
1844 1843 1856
1844 1856 1823
1822 1832 1850
1822 1850 1849
1823 1822 1844
1857 1858 1859
1857 1859 1860
1861 1809 1812
1861 1812 1862
1862 1812 1814
1858 1861 1862
1859 1862 1863
1860 1864 1857
1865 1815 1817
1858 1857 1866
1858 1866 1867
1861 1868 1869
1870 1871 1865
1863 1814 1827
1809 1861 1869
1867 1868 1858
1815 1865 1871
1872 1873 1874
1875 1876 1877
1875 1877 1878
1879 1841 1842
1879 1842 1880
1876 1881 1882
1876 1882 1877
1875 1878 1874
1883 1843 1846
1883 1846 1884
1885 1886 1887
1887 1883 1888
1885 1889 1886
1876 1875 1890
1876 1890 1891
1892 1855 1879
1881 1876 1891
1875 1873 1890
1855 1892 1846
1891 1890 1885
1891 1885 1888
1892 1891 1884
1890 1889 1885
1889 1873 1893
1873 1872 1894
1843 1883 1895
1843 1895 1856
1856 1821 1823
1820 1821 1896
1819 1831 1821
1880 1882 1881
1880 1881 1879
1881 1892 1879
1808 1826 1897
1830 1810 1829
1819 1821 1820
1809 1869 1828
1858 1868 1861
1879 1855 1841
1881 1891 1892
1825 1813 1806
1859 1863 1898
1858 1862 1859
1870 1860 1898
1857 1864 1899
1857 1899 1866
1862 1814 1863
1844 1822 1849
1884 1891 1888
1815 1871 1827
1863 1827 1871
1851 1845 1852
1846 1892 1884
1887 1895 1883
1870 1864 1860
1898 1863 1871
1898 1871 1870
1898 1860 1859
1896 1817 1820
1885 1887 1888
1817 1816 1820
1875 1874 1873
1890 1873 1889
1893 1873 1894
1900 1901 1902
1900 1902 1903
1901 1904 1905
1901 1905 1902
1906 1907 1908
1906 1908 1909
1910 1906 1909
1910 1909 1911
1902 1905 1907
1902 1907 1906
1903 1902 1906
1903 1906 1910
1912 1900 1903
1912 1903 1913
1905 1904 1914
1910 1911 1915
1916 1908 1907
1916 1907 1917
1914 1918 1905
1915 1913 1910
1907 1905 1918
1919 1912 1913
1920 1921 1922
1923 1924 1925
1923 1925 1926
1927 1928 1929
1927 1929 1930
1924 1923 1931
1924 1931 1932
1930 1929 1926
1930 1926 1925
1933 1934 1935
1933 1935 1936
1936 1935 1937
1936 1937 1938
1939 1940 1926
1939 1929 1941
1923 1940 1942
1923 1942 1931
1929 1939 1926
1935 1934 1940
1935 1939 1941
1935 1941 1937
1942 1940 1934
1936 1920 1943
1936 1943 1933
1944 1945 1946
1947 1948 1949
1947 1949 1950
1932 1931 1951
1932 1951 1952
1953 1954 1950
1953 1950 1949
1948 1947 1946
1955 1934 1956
1957 1958 1959
1960 1958 1957
1950 1961 1962
1950 1962 1947
1942 1963 1951
1950 1954 1961
1944 1947 1962
1963 1942 1934
1958 1962 1961
1958 1961 1955
1961 1963 1955
1960 1962 1958
1944 1960 1964
1965 1945 1966
1967 1959 1943
1952 1951 1954
1952 1954 1953
1963 1954 1951
1914 1904 1968
1907 1918 1917
1942 1951 1931
1961 1954 1963
1910 1913 1903
1935 1940 1939
1959 1958 1955
1920 1967 1943
1946 1947 1944
1944 1962 1960
1944 1964 1966
1969 1970 1971
1969 1971 1972
1973 1974 1975
1973 1975 1976
1977 1978 1979
1977 1979 1980
1981 1982 1983
1981 1983 1984
1985 1977 1980
1985 1980 1986
1978 1981 1984
1978 1984 1979
1987 1988 1989
1987 1989 1990
1991 1992 1993
1991 1993 1994
1995 1985 1986
1995 1986 1996
1992 1997 1998
1992 1998 1993
1988 1991 1994
1988 1994 1989
1999 1987 1990
1999 1990 2000
1997 1995 1996
1997 1996 1998
2001 1973 1976
2001 1976 2002
1974 1969 1972
1974 1972 1975
1915 2003 1913
1919 1913 2003
1955 1963 1934
1920 1922 1967
1926 1940 1923
1941 1929 1928
1894 1872 2004
1966 1945 1944
1888 1883 1884
1943 1959 1956
1956 1934 1933
1955 1956 1959
1943 1956 1933
613 2005 2006
613 2006 614
622 2007 2008
622 2008 623
569 2009 570
588 587 2009
588 2009 569
588 2010 586
585 584 2010
585 2010 588
903 2011 2012
2013 2014 652
2012 2015 903
652 2016 903
652 2017 2016
903 2015 581
581 2015 572
652 2014 2017
2018 2019 2020
2018 2020 2021
2022 2023 2024
2022 2024 2025
2019 2018 2025
2019 2025 2024
2026 2027 2028
2026 2028 2029
2030 2031 2032
2030 2032 2033
2034 2035 2036
2034 2036 2037
2031 2038 2039
2031 2039 2032
2040 2030 2033
2040 2033 2041
2042 2043 2044
2042 2044 2045
2046 2043 2034
2046 2034 2047
2046 2048 2044
2046 2044 2043
2049 2046 2047
2049 2047 2050
2049 2051 2048
2049 2048 2046
2052 2049 2050
2052 2050 2053
2054 2055 2056
2054 2056 2057
2058 2059 2060
2058 2060 2052
2052 2060 2051
2052 2051 2049
2040 2041 2061
2020 2062 2021
2038 2063 2039
2064 2065 2066
2064 2066 2067
2068 2069 2070
2068 2070 2071
2067 2066 2069
2067 2069 2068
2072 2071 2070
2072 2070 2073
2074 2075 2076
2074 2076 2077
2078 2079 2080
2078 2080 2081
2081 2080 2082
2081 2082 2083
2084 2085 2086
2084 2086 2087
2088 2089 2090
2088 2090 2091
2092 2093 2091
2092 2091 2090
2094 2095 2096
2094 2096 2097
2098 2084 2087
2098 2087 2099
2083 2082 2095
2083 2095 2094
2065 2064 2100
2065 2100 2101
2102 2055 2058
2055 2054 2059
2055 2059 2058
2097 2096 2089
2097 2089 2088
2038 2031 2021
2031 2030 2018
2035 2034 2042
2030 2040 2025
2103 2104 2105
2103 2105 2106
2037 2107 2047
2037 2047 2034
2107 2050 2047
2108 2109 2053
2108 2053 2050
2110 2056 2055
2110 2055 2102
2109 2111 2053
2106 2112 2113
2106 2113 2103
2114 2110 2102
2114 2102 2111
2115 2113 2112
2115 2112 2116
2116 2086 2085
2116 2085 2115
2117 2037 2036
2118 2119 2107
2118 2107 2120
2121 2122 2119
2121 2119 2118
2123 2124 2125
2123 2125 2126
2127 2123 2126
2127 2126 2128
2129 2130 2131
2129 2131 2132
2133 2134 2135
2133 2135 2136
2117 2120 2107
2117 2107 2037
2137 2138 2122
2137 2122 2121
2136 2135 2138
2136 2138 2137
2129 2132 2139
2140 2141 2142
2140 2142 2143
2041 2033 2144
2041 2144 2145
2120 2117 2146
2120 2146 2147
2137 2121 2124
2137 2124 2123
2136 2137 2123
2136 2123 2127
2148 2149 2150
2151 2152 2153
2154 2147 2155
2154 2155 2156
2157 2158 2159
2157 2159 2160
2160 2159 2161
2160 2161 2162
2163 2164 2165
2163 2165 2166
2164 2167 2168
2164 2168 2165
2169 2170 2171
2169 2171 2172
2173 2174 2175
2173 2175 2176
2177 2178 2179
2177 2179 2180
2181 2182 2180
2181 2180 2179
2162 2161 2183
2162 2183 2184
2184 2183 2174
2184 2174 2173
2185 2186 2187
2185 2187 2188
2186 2163 2166
2186 2166 2187
2189 2141 2140
2189 2140 2190
2151 2146 2117
2147 2154 2118
2147 2118 2120
2154 2124 2121
2154 2121 2118
2127 2191 2133
2127 2133 2136
2192 2193 2194
2192 2194 2195
2150 2144 2033
2150 2033 2032
2148 2150 2032
2148 2032 2039
2148 2039 2196
2153 2155 2147
2153 2147 2146
2156 2125 2124
2156 2124 2154
2128 2197 2191
2128 2191 2127
2198 2199 2145
2198 2145 2144
2149 2198 2144
2149 2144 2150
2200 2152 2151
2200 2151 2201
2134 2133 2132
2134 2132 2131
2132 2133 2191
2176 2175 2170
2176 2170 2169
2141 2189 2130
2141 2130 2129
2141 2129 2142
2172 2171 2182
2172 2182 2181
2167 2202 2203
2167 2203 2168
2204 2205 2155
2204 2155 2153
2206 2207 2208
2206 2208 2209
2210 2211 2212
2210 2212 2213
2214 2215 2216
2214 2216 2217
2218 2219 2220
2218 2220 2221
2213 2212 2219
2213 2219 2218
2217 2216 2211
2217 2211 2210
2222 2223 2215
2222 2215 2214
2224 2225 2223
2224 2223 2222
2226 2227 2228
2226 2228 2229
2204 2153 2152
2205 2221 2220
2205 2220 2155
2222 2214 2230
2222 2230 2231
2226 2229 2232
2233 2226 2232
2233 2232 2234
2204 2152 2235
2204 2235 2236
2198 2237 2199
2221 2205 2207
2221 2207 2206
2238 2239 2240
2238 2240 2241
2242 2243 2244
2242 2244 2245
2246 2247 2248
2246 2248 2249
2250 2251 2252
2250 2252 2253
2253 2252 2243
2253 2243 2242
2245 2244 2247
2245 2247 2246
2249 2248 2254
2249 2254 2255
2255 2254 2256
2255 2256 2257
2258 2259 2260
2258 2260 2261
2262 2263 2264
2262 2264 2265
2261 2260 2266
2261 2266 2267
2268 2269 2251
2268 2251 2250
2270 2271 2272
2270 2272 2273
2239 2274 2275
2239 2275 2240
2274 2270 2273
2274 2273 2275
2236 2207 2205
2236 2205 2204
2276 2277 2210
2276 2210 2213
2278 2230 2214
2278 2214 2217
2206 2279 2218
2206 2218 2221
2279 2276 2213
2279 2213 2218
2277 2278 2217
2277 2217 2210
2280 2264 2263
2280 2263 2281
2227 2226 2233
2227 2233 2282
2283 2284 2277
2283 2277 2276
2285 2230 2278
2209 2286 2279
2209 2279 2206
2286 2283 2276
2286 2276 2279
2284 2278 2277
2149 2287 2198
2288 2236 2235
2287 2237 2198
2289 2208 2207
2289 2207 2236
2290 2272 2271
2290 2271 2291
2292 2290 2291
2292 2291 2293
2230 2285 2294
2231 2294 2295
2229 2228 2225
2229 2225 2224
2229 2224 2296
2257 2256 2259
2257 2259 2258
2293 2297 2298
2293 2298 2292
2299 2300 2301
2299 2301 2208
2302 2299 2208
2302 2208 2289
2303 2304 2305
2303 2305 2306
2307 2308 2309
2307 2309 2310
2310 2309 2301
2310 2301 2300
2306 2305 2311
2306 2311 2312
2313 2314 2304
2313 2304 2303
2315 2316 2314
2315 2314 2313
2317 2318 2316
2317 2316 2315
2319 2320 2321
2319 2321 2322
2323 2324 2320
2323 2320 2319
2302 2289 2288
2313 2303 2325
2313 2325 2326
2315 2313 2326
2315 2326 2327
2317 2315 2327
2317 2327 2328
2322 2329 2330
2331 2323 2332
2331 2332 2333
2288 2237 2334
2288 2334 2335
2287 2334 2237
2302 2288 2335
2302 2335 2336
2337 2338 2339
2337 2339 2340
2338 2336 2341
2338 2341 2339
2342 2343 2344
2342 2344 2345
2343 2337 2340
2343 2340 2344
2346 2347 2348
2346 2348 2349
2350 2351 2352
2350 2352 2353
2354 2355 2356
2354 2356 2357
2349 2348 2355
2349 2355 2354
2357 2356 2358
2357 2358 2359
2353 2352 2360
2353 2360 2361
2361 2360 2362
2361 2362 2363
2364 2365 2366
2364 2366 2367
2363 2362 2368
2363 2368 2369
2370 2371 2365
2370 2365 2364
2367 2366 2372
2367 2372 2373
2374 2375 2376
2374 2376 2377
2378 2379 2380
2378 2380 2381
2382 2383 2384
2382 2384 2385
2386 2387 2388
2386 2388 2389
2379 2386 2389
2379 2389 2380
2382 2385 2390
2382 2390 2391
2383 2392 2393
2383 2393 2384
2338 2337 2300
2338 2300 2299
2336 2338 2299
2336 2299 2302
2394 2325 2303
2394 2303 2306
2343 2342 2307
2343 2307 2310
2337 2343 2310
2337 2310 2300
2342 2395 2312
2342 2312 2307
2396 2397 2335
2396 2335 2334
2397 2341 2336
2397 2336 2335
2331 2398 2324
2331 2324 2323
2399 2400 2325
2399 2325 2394
2401 2399 2394
2401 2394 2395
2400 2402 2326
2400 2326 2325
2403 2404 2149
2403 2149 2148
2404 2405 2287
2404 2287 2149
2405 2396 2334
2405 2334 2287
2392 2406 2407
2392 2407 2393
2402 2408 2327
2402 2327 2326
2408 2409 2328
2408 2328 2327
2406 2410 2411
2406 2411 2407
2412 2405 2404
2404 2403 2413
2404 2413 2414
2415 2416 2417
2415 2417 2418
2419 2412 2420
2419 2420 2421
2341 2397 2422
2341 2422 2423
2339 2341 2423
2339 2423 2424
2425 2426 2339
2427 2428 2426
2427 2426 2425
2429 2430 2431
2429 2431 2432
2433 2434 2428
2433 2428 2427
2435 2436 2437
2435 2437 2438
2430 2435 2438
2430 2438 2431
2416 2419 2421
2416 2421 2417
2413 2403 2439
2440 2441 2442
2440 2442 2443
2444 2440 2443
2444 2443 2445
2446 2447 2448
2446 2448 2449
2441 2450 2451
2441 2451 2442
2446 2452 2453
2446 2453 2447
2452 2454 2455
2452 2455 2453
2456 2457 2458
2456 2458 2459
2460 2461 2462
2460 2462 2463
2464 2465 2466
2464 2466 2467
2468 2469 2470
2468 2470 2471
2457 2472 2473
2457 2473 2458
2469 2474 2475
2469 2475 2470
2474 2464 2467
2474 2467 2475
2476 2477 2478
2476 2478 2479
2465 2476 2479
2465 2479 2466
2477 2480 2481
2477 2481 2478
2480 2482 2483
2480 2483 2481
2482 2460 2463
2482 2463 2483
2461 2484 2485
2461 2485 2462
2484 2486 2487
2484 2487 2485
2488 2489 2490
2488 2490 2491
2450 2492 2493
2450 2493 2451
2445 2494 2495
2445 2495 2444
2412 2404 2414
2412 2414 2420
2423 2422 2496
2423 2496 2497
2424 2423 2498
2499 2500 2501
2502 2503 2504
2502 2504 2505
2506 2507 2508
2506 2508 2509
2510 2499 2511
2510 2511 2512
2513 2506 2509
2513 2509 2514
2503 2513 2514
2503 2514 2504
2515 2516 2517
2515 2517 2518
2516 2502 2505
2516 2505 2517
2436 2515 2518
2436 2518 2437
2519 2520 2521
2519 2521 2522
2523 2429 2432
2523 2432 2524
2520 2523 2524
2520 2524 2521
2525 2526 2519
2412 2419 2405
2397 2396 2415
2396 2405 2419
2527 2528 2529
2527 2529 2530
2486 2527 2530
2486 2530 2487
2439 2403 2148
2021 2062 2531
2038 2531 2532
2038 2532 2063
2439 2148 2533
2289 2236 2288
2142 2129 2139
2139 2132 2191
2139 2197 2534
2191 2197 2139
2202 2535 2536
2202 2536 2203
2195 2536 2535
2195 2535 2192
2142 2139 2534
2142 2534 2143
2232 2229 2296
2231 2296 2224
2231 2224 2222
2297 2537 2538
2297 2538 2298
2281 2538 2537
2281 2537 2280
2232 2296 2539
2232 2539 2234
2231 2295 2296
2296 2295 2539
2230 2294 2231
2285 2278 2284
2108 2050 2107
2102 2058 2053
2053 2058 2052
2288 2235 2540
2025 2040 2541
2396 2419 2416
2018 2030 2025
2021 2031 2018
2330 2409 2542
2328 2409 2330
2410 2543 2544
2410 2544 2411
2545 2544 2543
2545 2543 2546
2547 2330 2542
2547 2542 2548
2332 2547 2548
2547 2332 2319
2330 2547 2322
2329 2549 2318
2329 2318 2317
2549 2329 2322
2549 2322 2321
2550 2551 2371
2550 2371 2370
2551 2550 2369
2551 2369 2368
2328 2330 2329
2328 2329 2317
2322 2547 2319
2319 2332 2323
2552 2553 2376
2552 2376 2375
2553 2552 2545
2553 2545 2546
2333 2332 2548
2036 2061 2201
2036 2201 2151
2145 2201 2061
2145 2061 2041
2152 2200 2540
2152 2540 2235
2540 2200 2199
2199 2200 2201
2199 2201 2145
2151 2153 2146
2151 2117 2036
2540 2199 2237
2288 2540 2237
2554 2555 2500
2554 2500 2499
2555 2554 2427
2555 2427 2425
2556 2557 2507
2556 2507 2506
2558 2557 2559
2558 2559 2433
2558 2554 2499
2558 2499 2510
2554 2558 2433
2554 2433 2427
2525 2519 2522
2541 2061 2036
2022 2541 2029
2061 2541 2040
2025 2541 2022
2541 2036 2035
2500 2560 2561
2459 2562 2563
2459 2563 2456
2454 2564 2565
2454 2565 2455
2562 2565 2564
2562 2564 2563
2560 2500 2555
2566 2560 2424
2561 2560 2566
2566 2424 2498
2500 2561 2501
2560 2555 2567
2560 2567 2424
2567 2425 2339
2567 2555 2425
2424 2567 2339
2499 2501 2511
2498 2423 2497
2053 2111 2102
2026 2042 2045
2026 2045 2027
2078 2077 2076
2078 2076 2079
2035 2042 2026
2042 2034 2043
2029 2028 2023
2029 2023 2022
2074 2072 2073
2074 2073 2075
2029 2035 2026
2029 2541 2035
2312 2311 2308
2312 2308 2307
2359 2358 2351
2359 2351 2350
2391 2390 2388
2391 2388 2387
2306 2312 2395
2306 2395 2394
2345 2401 2395
2345 2395 2342
2472 2468 2471
2472 2471 2473
2512 2508 2507
2512 2507 2510
2510 2507 2557
2510 2557 2558
2533 2196 2568
2533 2148 2196
2196 2039 2063
2568 2196 2063
2532 2531 2062
2021 2531 2038
2569 2556 2506
2569 2506 2513
2503 2569 2513
2556 2559 2557
2570 2571 2572
2570 2572 2573
2574 2575 2576
2574 2576 2577
2578 2579 2580
2581 2574 2577
2581 2577 2582
2583 2584 2585
2583 2585 2586
2584 2581 2582
2584 2582 2585
2571 2583 2586
2571 2586 2572
2587 2579 2588
2587 2588 2589
2590 2580 2579
2590 2579 2587
2591 2592 2589
2591 2589 2588
2580 2590 2593
2580 2593 2594
2595 2596 2597
2595 2597 2598
2597 2599 2600
2597 2600 2601
2602 2578 2580
2602 2580 2594
2571 2570 2603
2571 2603 2604
2574 2605 2575
2602 2575 2605
2602 2605 2606
2574 2581 2607
2574 2607 2608
2584 2583 2609
2584 2609 2610
2581 2584 2610
2581 2610 2607
2583 2571 2604
2583 2604 2609
2598 2597 2601
2598 2601 2611
2612 2613 2614
2612 2614 2615
2616 2617 2618
2616 2618 2619
2620 2621 2622
2620 2622 2623
2624 2625 2617
2624 2617 2616
2626 2627 2628
2626 2628 2629
2629 2628 2625
2629 2625 2624
2626 2615 2614
2626 2614 2627
2630 2631 2632
2630 2632 2633
2634 2635 2631
2634 2631 2630
2636 2637 2633
2636 2633 2632
2638 2639 2640
2638 2640 2641
2635 2634 2642
2635 2642 2643
2644 2645 2646
2644 2646 2647
2648 2649 2650
2648 2650 2651
2619 2618 2644
2619 2644 2647
2652 2653 2649
2652 2649 2648
2654 2655 2621
2654 2621 2620
2656 2657 2658
2656 2658 2659
2660 2661 2662
2660 2662 2663
2660 2664 2665
2660 2665 2661
2656 2663 2662
2656 2662 2657
2666 2659 2658
2666 2658 2667
2654 2640 2639
2654 2639 2655
2599 2597 2596
2599 2596 2668
2669 2670 2671
2669 2671 2672
2579 2673 2588
2578 2674 2579
2588 2673 2591
2578 2602 2606
2578 2606 2674
2594 2593 2675
2594 2675 2676
2602 2594 2676
2643 2642 2646
2643 2646 2645
2677 2623 2622
2677 2622 2678
2679 2680 2665
2679 2665 2664
2680 2679 2677
2680 2677 2678
2574 2608 2605
2573 2595 2598
2573 2598 2570
2570 2598 2611
2570 2611 2603
2651 2650 2613
2651 2613 2612
2669 2666 2667
2669 2667 2670
2602 2676 2575
2575 2676 2576
2579 2674 2673
2422 2415 2418
2422 2418 2496
2397 2415 2422
2415 2396 2416
1938 1921 1920
1938 1920 1936
2681 2682 2683
2681 2683 2684
2685 2686 2687
2688 2689 2682
2688 2682 2681
2690 2691 2692
2693 2694 2683
2693 2683 2695
2696 2697 2698
2696 2698 2699
2700 2701 2702
2700 2702 2703
2704 2705 2706
2707 2708 2709
2710 2711 2712
2713 2714 2708
2715 2716 2717
2701 2718 2719
2701 2719 2702
2708 2707 2713
2720 2721 2722
2723 2724 2725
2726 2727 2724
2728 2729 2730
2690 2731 2732
2698 2733 2692
2697 2734 2735
2697 2735 2698
2692 2736 2690
2717 2737 2715
2738 2739 2705
2740 2741 2742
2740 2742 2738
2710 2712 2743
2700 2744 2745
2700 2745 2701
2746 2701 2745
2747 2735 2748
2700 2749 2744
2750 2751 2752
2753 2754 2755
2756 2757 2758
2756 2758 2706
2706 2758 2704
2746 2759 2718
2760 2757 2756
2760 2756 2761
2760 2761 2762
2763 2764 2765
2763 2765 2766
2700 2767 2768
2769 2770 2771
2772 2773 2753
2752 2774 2750
2699 2692 2691
2775 2776 2694
2775 2694 2693
2737 2777 2715
2778 2749 2779
2713 2780 2714
2737 2714 2777
2723 2726 2724
2723 2725 2781
2781 2725 2782
2700 2768 2749
2725 2724 2783
2784 2785 2764
2765 2782 2786
2765 2786 2766
2763 2784 2764
2738 2705 2704
2787 2788 2789
2790 2789 2791
2792 2793 2794
2723 2795 2796
2726 2723 2796
2797 2795 2723
2798 2799 2797
2797 2723 2781
2781 2782 2797
2798 2782 2765
2800 2801 2798
2798 2801 2799
2797 2799 2795
2782 2798 2797
2764 2800 2798
2764 2798 2765
2802 2803 2801
2802 2801 2800
2804 2802 2800
2804 2800 2764
2805 2806 2807
2805 2807 2808
2806 2805 2809
2805 2810 2811
2812 2794 2811
2792 2794 2812
2813 2814 2815
2816 2749 2817
2745 2744 2816
2759 2746 2818
2819 2820 2821
2822 2823 2824
2822 2824 2825
2826 2827 2823
2826 2823 2822
2828 2819 2829
2828 2829 2830
2831 2832 2833
2831 2833 2825
2834 2835 2836
2834 2836 2837
2838 2834 2839
2840 2841 2842
2840 2842 2843
2844 2845 2846
2844 2846 2847
2848 2849 2850
2848 2850 2851
2852 2853 2844
2852 2844 2847
2839 2828 2854
2839 2854 2855
2856 2857 2853
2856 2853 2852
2854 2858 2737
2859 2860 2849
2859 2849 2848
2861 2862 2863
2861 2863 2864
2865 2866 2867
2865 2867 2868
2862 2869 2870
2862 2870 2863
2871 2872 2873
2871 2873 2874
2875 2876 2877
2875 2877 2878
2879 2880 2875
2881 2882 2880
2881 2880 2879
2856 2883 2884
2856 2884 2885
2886 2887 2717
2874 2888 2871
2874 2806 2809
2877 2801 2803
2876 2799 2801
2889 2890 2891
2889 2891 2892
2893 2894 2895
2893 2895 2896
2897 2898 2889
2897 2889 2892
2899 2900 2898
2899 2898 2897
2894 2901 2902
2894 2902 2895
2903 2904 2905
2903 2905 2906
2904 2907 2908
2904 2908 2905
2909 2871 2907
2910 2911 2912
2910 2912 2913
2914 2911 2910
2915 2914 2879
2915 2879 2875
2916 2872 2871
2916 2871 2909
2875 2878 2917
2875 2917 2915
2918 2919 2920
2918 2920 2921
2922 2923 2924
2922 2924 2925
2926 2927 2918
2926 2918 2921
2928 2929 2927
2928 2927 2926
2930 2931 2929
2930 2929 2928
2932 2931 2930
2923 2933 2934
2923 2934 2924
2935 2936 2937
2935 2937 2938
2936 2939 2940
2936 2940 2937
2941 2909 2940
2942 2916 2909
2942 2909 2941
2943 2932 2914
2943 2914 2915
2944 2943 2915
2944 2915 2917
2945 2946 2947
2945 2947 2948
2949 2950 2951
2949 2951 2952
2953 2954 2946
2953 2946 2945
2950 2955 2956
2950 2956 2951
2957 2958 2954
2957 2954 2953
2959 2960 2961
2959 2961 2962
2963 2964 2965
2966 2967 2968
2966 2969 2970
2966 2970 2967
2971 2972 2973
2971 2974 2975
2971 2975 2972
2976 2977 2963
2976 2963 2978
2979 2977 2976
2979 2976 2980
2981 2979 2980
2981 2980 2982
2974 2983 2984
2974 2984 2975
2983 2985 2986
2983 2986 2984
2987 2988 2989
2987 2989 2990
2990 2989 2991
2990 2991 2992
2960 2993 2994
2960 2994 2961
2995 2996 2958
2995 2958 2957
2993 2997 2998
2993 2998 2994
2997 2999 3000
2997 3000 2998
3001 3002 3003
3001 3003 3004
3005 3006 2996
3005 2996 2995
3004 3003 3006
3004 3006 3005
3007 2796 2795
2888 2874 2809
2888 2809 2793
2886 2884 2887
2858 2854 2828
2858 2828 3008
3009 2778 2813
2816 3010 2745
3011 2746 2745
2818 2827 3012
2818 3013 2759
2789 3014 2866
2789 2866 2791
3014 2789 2788
2726 3007 2886
2726 2886 2717
2876 3007 2795
2793 3015 3016
2888 3016 2870
2888 2870 2869
3007 2726 2796
2876 2795 2799
2877 2876 2801
2873 2807 2806
2874 2873 2806
3006 2992 2982
3006 2982 2996
3017 3014 2788
3017 2788 3018
3018 3019 3013
2888 2869 2871
2816 2744 2749
2749 2778 3009
2871 2869 2908
2908 2869 2862
2887 2854 2737
2883 2855 2887
2887 2737 2717
2793 2809 2794
2787 2789 2790
3020 2788 2787
2818 3018 3013
3018 2788 3019
3021 3022 3023
3024 3025 3026
3027 3028 3029
3030 3026 3031
3032 3033 3034
3035 3036 3037
3038 2738 2704
3038 2704 3039
3032 3040 3041
3032 3041 3042
3043 3044 3045
3046 3032 3042
3046 3042 3047
2760 3048 2757
3022 3041 3023
3048 3049 3040
3048 3040 3034
2760 3050 3049
3042 3041 3026
3042 3025 3047
2760 3049 3048
2704 2758 3039
3038 3034 3033
3038 3033 3051
3040 3032 3034
3030 3024 3026
3052 3053 3054
3032 3046 3033
3051 2740 2738
3051 2738 3038
3040 3049 3023
3055 3056 3057
3058 3059 3060
3058 3060 3061
2762 3062 3063
3062 3045 3063
3034 3038 3039
3034 3039 3048
3044 3052 3021
3062 3043 3045
2804 2764 2785
2794 2805 2811
2805 2808 2810
3048 2758 2757
3048 3039 2758
3064 2766 2786
3064 2786 3065
3052 3044 3066
3067 3068 2763
3067 2763 2766
3069 3070 3066
3071 3072 3073
3074 3075 3076
3077 3078 3079
3080 3074 3081
3082 3083 3084
3085 3086 3087
3079 3088 3077
3089 3090 3091
3087 3083 3089
3092 3093 3081
3094 3095 3096
3097 3090 3089
3097 3089 3098
3087 3091 3085
3082 3080 3098
3095 3094 3099
3100 3101 3102
3098 3089 3083
3098 3083 3082
3103 3104 3086
3098 3080 3105
3097 3098 3105
3084 3083 3079
3066 3106 3107
3091 3087 3089
3079 3083 3087
3075 3082 3084
3082 3074 3080
3082 3075 3074
2725 2783 3108
3109 3065 2725
3109 2725 3108
2786 2782 3065
3110 3086 3111
3085 3111 3086
3091 3112 3085
3111 3113 3110
3090 3114 3091
3085 3115 3111
3067 2766 3064
3116 3117 3068
3116 3068 3067
3117 3118 3068
3119 3120 3121
3100 3119 3122
3100 3122 3123
3119 3121 3122
3100 3123 3124
3100 3124 3101
3101 3125 3102
3093 3092 3126
3105 3080 3081
3091 3114 3112
3112 3115 3085
3127 3113 3128
3110 3127 3129
3113 3127 3110
3110 3130 3086
3130 3131 3086
3132 3092 3076
3133 3075 3084
3133 3084 3078
3092 3132 3126
3075 3133 3076
3092 3074 3076
3134 3135 3136
3135 3137 3138
3135 3138 3139
3135 3139 3140
3135 3140 3136
3134 3141 3135
3100 3102 3142
3143 3095 3099
3094 3096 3073
3072 3094 3073
3058 3061 3071
3059 3144 3145
3059 3145 3060
3146 3147 3148
3146 3148 3149
3150 3151 3152
3153 3154 3155
3153 3155 3156
3157 3158 3159
3157 3159 3160
3161 3162 3163
3161 3163 3164
3165 3166 3167
3168 3152 3151
3168 3151 3169
3156 3155 3170
3156 3170 3171
3172 3173 3174
3175 3176 3177
3178 3179 3162
3178 3162 3161
3180 3181 3173
3180 3173 3172
3175 3168 3169
3175 3169 3176
3171 3170 3179
3171 3179 3178
3167 3166 3182
3160 3159 3183
3160 3183 3184
3164 3163 3158
3164 3158 3157
3185 3186 3187
3185 3187 3188
3189 3190 3191
3189 3191 3192
3192 3191 3193
3192 3193 3194
3194 3193 3186
3194 3186 3185
3187 3195 3196
3187 3196 3188
3165 3167 3181
3165 3181 3180
3197 3198 3199
3200 3201 3202
3203 3204 3201
3205 3206 3207
3205 3207 3208
3209 3210 3211
3209 3211 3212
3213 3214 3215
3213 3215 3216
3216 3215 3210
3216 3210 3209
3212 3211 3217
3212 3217 3218
3218 3217 3219
3218 3219 3220
3221 3202 3222
3221 3222 3223
3223 3222 3224
3223 3224 3197
3203 3201 3200
3200 3202 3221
3225 3226 3190
3225 3190 3189
3227 3228 3229
3227 3229 3230
3231 3232 3233
3231 3233 3234
3235 3227 3230
3235 3230 3236
3237 3238 3239
3237 3239 3240
3241 3242 3243
3241 3243 3244
3245 3241 3244
3245 3244 3246
3242 3247 3248
3242 3248 3243
3206 3245 3246
3206 3246 3207
3249 3250 3251
3252 3253 3254
3252 3255 3256
3252 3256 3253
3255 3215 3214
3255 3214 3256
3257 3258 3259
3257 3260 3261
3257 3261 3258
3229 3259 3262
3229 3262 3263
3210 3261 3260
3210 3260 3211
3264 3265 3266
3264 3266 3267
3235 3236 3268
3269 3270 3271
3269 3271 3272
3249 3273 3274
3249 3274 3250
3263 3250 3230
3263 3230 3229
3250 3274 3236
3250 3236 3230
3275 3276 3257
3275 3257 3259
3276 3277 3260
3276 3260 3257
3228 3275 3259
3228 3259 3229
3211 3260 3217
3278 3236 3274
3258 3252 3262
3258 3261 3255
3258 3255 3252
3261 3210 3215
3261 3215 3255
3279 3269 3272
3279 3272 3280
3281 3282 3283
3284 3285 3286
3287 3233 3232
3287 3232 3288
3234 3282 3281
3234 3281 3231
3270 3264 3267
3270 3267 3271
3247 3279 3280
3247 3280 3248
3288 3237 3240
3288 3240 3287
3289 3290 3291
3289 3291 3292
3293 3294 3295
3293 3295 3296
3297 3298 3299
3297 3299 3300
3301 3302 3303
3301 3303 3304
3302 3305 3306
3302 3306 3303
3307 3301 3304
3307 3304 3308
3305 3309 3310
3305 3310 3306
3311 3312 3313
3311 3313 3314
3315 3316 3317
3315 3317 3318
3319 3320 3321
3319 3321 3322
3323 3289 3292
3323 3292 3324
3290 3316 3315
3290 3315 3291
3312 3325 3326
3312 3326 3313
3327 3307 3308
3327 3308 3328
3298 3323 3324
3298 3324 3299
3274 3329 3278
3263 3330 3251
3330 3263 3262
3331 3332 3333
3331 3333 3334
3335 3336 3337
3338 3339 3340
3338 3340 3334
3336 3341 3337
3342 3343 3344
3342 3344 3345
3346 3347 3348
3346 3348 3349
3350 3351 3352
3350 3352 3353
3204 3354 3201
3353 3355 3356
3353 3356 3350
3354 3356 3355
3354 3355 3357
3201 3357 3202
3358 3359 3333
3358 3333 3345
3346 3344 3343
3360 3361 3362
3360 3362 3363
3364 3365 3361
3364 3361 3360
3337 3366 3365
3337 3365 3364
3366 3337 3341
3366 3341 3367
3368 3334 3340
3345 3333 3369
3370 3368 3340
3339 3336 3335
3339 3335 3340
3347 3352 3351
3347 3351 3348
3359 3338 3334
3359 3334 3333
3371 3372 3373
3371 3373 3374
3375 3376 3377
3375 3377 3378
3379 3380 3381
3379 3381 3382
3372 3371 3383
3372 3383 3384
3385 3386 3387
3385 3387 3388
3389 3390 3391
3389 3391 3392
3393 3394 3390
3393 3390 3389
3395 3396 3394
3395 3394 3393
3397 3398 3396
3397 3396 3395
3399 3379 3382
3399 3382 3400
3401 3402 3374
3401 3374 3373
3403 3404 3405
3403 3405 3406
3392 3391 3404
3392 3404 3403
3402 3401 3406
3402 3406 3405
3380 3375 3378
3380 3378 3381
3376 3385 3388
3376 3388 3377
3364 3360 3335
3360 3363 3335
3407 3370 3363
3407 3363 3362
3408 3409 3352
3408 3352 3347
3410 3411 3412
3413 3414 3415
3416 3408 3347
3416 3347 3346
3353 3352 3409
3353 3409 3417
3202 3357 3418
3202 3418 3222
3417 3419 3355
3417 3355 3353
3357 3355 3419
3357 3419 3418
3420 3421 3422
3420 3422 3423
3369 3424 3425
3369 3425 3415
3416 3426 3427
3428 3429 3430
3431 3432 3433
3431 3433 3434
3435 3436 3434
3435 3434 3433
3411 3437 3438
3411 3438 3412
3412 3438 3439
3412 3439 3440
3440 3439 3432
3440 3432 3431
3414 3427 3426
3414 3426 3441
3423 3413 3415
3422 3413 3423
3369 3415 3342
3431 3434 3442
3431 3442 3443
3425 3444 3420
3425 3420 3423
3444 3430 3420
3444 3425 3424
3436 3435 3421
3436 3421 3420
3445 3446 3447
3445 3447 3448
3449 3450 3451
3449 3451 3452
3453 3454 3455
3453 3455 3456
3457 3458 3459
3457 3459 3460
3461 3462 3463
3461 3463 3464
3464 3463 3465
3464 3465 3466
3467 3468 3469
3467 3469 3470
3471 3445 3448
3471 3448 3472
3470 3469 3473
3470 3473 3474
3474 3473 3462
3474 3462 3461
3452 3451 3475
3452 3475 3476
3458 3453 3456
3458 3456 3459
3466 3465 3450
3466 3450 3449
3436 3420 3430
3477 3478 3479
3477 3479 3480
3481 3482 3483
3481 3483 3484
3419 3417 3485
3419 3485 3486
3418 3419 3486
3418 3486 3487
3417 3409 3488
3417 3488 3485
3222 3418 3224
3478 3489 3490
3478 3490 3479
3491 3492 3490
3491 3490 3493
3482 3494 3495
3482 3495 3483
3427 3495 3416
3496 3495 3494
3408 3416 3496
3408 3496 3497
3497 3498 3499
3497 3499 3488
3500 3501 3502
3500 3502 3477
3489 3503 3504
3489 3504 3505
3496 3506 3498
3496 3498 3497
3485 3507 3508
3485 3508 3486
3486 3508 3509
3486 3509 3487
3488 3499 3507
3488 3507 3485
3487 3509 3510
3487 3510 3198
3482 3511 3512
3482 3512 3494
3513 3514 3501
3513 3501 3500
3494 3512 3506
3494 3506 3496
3492 3515 3479
3492 3479 3490
3478 3516 3503
3478 3503 3489
3489 3505 3490
3413 3491 3493
3413 3493 3484
3517 3481 3518
3517 3518 3519
3520 3518 3493
3414 3413 3484
3414 3484 3483
3511 3482 3481
3511 3481 3517
3477 3502 3516
3477 3516 3478
3477 3480 3500
3500 3521 3513
3515 3521 3480
3515 3480 3479
3522 3523 3524
3522 3524 3525
3526 3527 3528
3526 3528 3529
3530 3531 3532
3530 3532 3533
3534 3535 3536
3534 3536 3537
3538 3539 3527
3538 3527 3526
3540 3541 3542
3540 3542 3543
3543 3542 3544
3543 3544 3545
3529 3528 3541
3529 3541 3540
3545 3544 3546
3545 3546 3547
3548 3549 3550
3548 3550 3551
3552 3553 3531
3552 3531 3530
3554 3555 3556
3554 3556 3557
3551 3550 3539
3551 3539 3538
3558 3525 3524
3558 3524 3559
3560 3561 3535
3560 3535 3534
3522 3562 3563
3522 3563 3523
3564 3565 3566
3564 3566 3567
3568 3569 3549
3568 3549 3548
3533 3532 3561
3533 3561 3560
3555 3570 3571
3555 3571 3556
3570 3558 3559
3570 3559 3571
3497 3488 3409
3497 3409 3408
3198 3510 3572
3198 3572 3199
3199 3572 3573
3199 3573 3574
3575 3576 3577
3578 3579 3580
3578 3580 3581
3581 3580 3582
3581 3582 3583
3584 3585 3586
3587 3585 3588
3587 3588 3589
3579 3590 3591
3579 3591 3580
3580 3591 3592
3580 3592 3582
3590 3593 3594
3590 3594 3591
3591 3594 3595
3591 3595 3592
3596 3597 3598
3577 3576 3585
3586 3587 3593
3594 3587 3589
3594 3589 3595
3599 3600 3596
3601 3598 3602
3601 3602 3603
3603 3602 3604
3335 3337 3364
3605 3410 3606
3605 3606 3443
3252 3254 3262
3259 3258 3262
3410 3412 3606
3436 3442 3434
3430 3429 3442
3607 3457 3460
3607 3460 3608
3428 3430 3444
3436 3430 3442
3429 3605 3443
3429 3443 3442
3446 3607 3608
3446 3608 3447
3431 3443 3440
3606 3412 3440
3443 3606 3440
3444 3424 3428
3342 3345 3369
3369 3333 3332
3609 3344 3349
3427 3414 3483
3427 3483 3495
3330 3262 3254
3251 3250 3263
3610 3268 3278
3610 3278 3611
3609 3358 3345
3609 3345 3344
3423 3415 3425
3217 3277 3219
3217 3260 3277
3612 3613 3614
3614 3615 3616
3614 3616 3617
3618 3617 3619
3618 3619 3620
3621 3622 3623
3621 3623 3624
3625 3614 3617
3625 3617 3618
3626 3627 3628
3629 3619 3617
3629 3617 3616
3630 3619 3631
3620 3619 3627
3620 3627 3622
3632 3627 3619
3622 3627 3623
3631 3619 3629
3623 3627 3626
3632 3619 3630
3370 3340 3363
3612 3614 3625
3614 3613 3615
3613 3633 3634
3635 3636 3637
3635 3637 3638
3639 3640 3641
3639 3641 3642
3643 3644 3640
3643 3640 3639
3645 3646 3644
3645 3644 3643
3637 3636 3647
3648 3647 3646
3648 3646 3645
3649 3640 3644
3649 3644 3650
3650 3644 3646
3650 3646 3651
3651 3646 3647
3651 3647 3636
3637 3647 3648
3634 3641 3652
3641 3640 3649
3642 3641 3634
3642 3634 3653
3652 3641 3649
3634 3633 3653
3613 3634 3652
3654 3655 3656
3657 3658 3659
3657 3659 3655
3658 3657 3660
3658 3660 3661
3661 3660 3662
3661 3662 3663
3663 3662 3664
3665 3663 3664
3665 3664 3666
3657 3667 3668
3669 3660 3657
3669 3657 3668
3670 3662 3660
3670 3660 3669
3664 3662 3670
3671 3655 3672
3633 3655 3659
3673 3674 3675
3673 3675 3676
3677 3678 3679
3677 3679 3680
3678 3673 3676
3678 3676 3679
3681 3682 3683
3681 3683 3684
3684 3683 3685
3684 3685 3686
3682 3681 3687
3682 3687 3688
3686 3685 3689
3686 3689 3690
3691 3692 3690
3691 3690 3689
3693 3694 3695
3693 3695 3696
3697 3698 3699
3700 3693 3696
3700 3696 3701
3702 3703 3704
3702 3704 3705
3699 3706 3707
3699 3707 3708
3708 3707 3709
3708 3709 3710
3706 3699 3698
3706 3698 3711
3710 3709 3703
3710 3703 3702
3674 3673 3712
3674 3712 3713
3678 3677 3714
3678 3714 3715
3673 3678 3715
3673 3715 3712
3690 3692 3716
3690 3716 3686
3702 3717 3710
3718 3700 3701
3718 3701 3719
3676 3720 3719
3676 3719 3701
3720 3721 3717
3720 3717 3719
3680 3679 3696
3680 3696 3695
3701 3696 3679
3701 3679 3676
3705 3717 3702
3710 3717 3708
3716 3681 3684
3716 3684 3686
3722 3723 3724
3722 3724 3725
3726 3727 3723
3726 3723 3722
3725 3724 3728
3725 3728 3729
3730 3731 3732
3730 3732 3733
3734 3735 3727
3734 3727 3726
3736 3737 3738
3736 3738 3739
3740 3741 3735
3740 3735 3734
3742 3743 3744
3742 3744 3745
3746 3747 3748
3746 3748 3749
3750 3742 3745
3750 3745 3751
3752 3753 3754
3752 3754 3755
3756 3757 3758
3756 3758 3759
3760 3761 3762
3760 3762 3763
3764 3765 3761
3764 3761 3760
3766 3767 3763
3766 3763 3762
3768 3748 3747
3768 3747 3769
3757 3756 3765
3757 3765 3764
3770 3771 3772
3770 3772 3773
3774 3775 3776
3774 3776 3777
3775 3770 3773
3775 3773 3776
3778 3779 3780
3778 3780 3781
3779 3774 3777
3779 3777 3780
3782 3730 3733
3782 3733 3783
3784 3750 3751
3784 3751 3785
3755 3784 3785
3755 3785 3752
3681 3786 3687
3716 3674 3713
3716 3713 3787
3788 3738 3737
3788 3737 3789
3697 3699 3717
3771 3790 3791
3771 3791 3772
3783 3791 3790
3783 3790 3782
3716 3787 3786
3792 3793 3794
3792 3794 3795
3749 3794 3793
3749 3793 3746
3717 3721 3697
3795 3796 3797
3795 3797 3792
3798 3788 3789
3798 3789 3799
3800 3801 3802
3803 3804 3805
3806 3807 3808
3806 3808 3809
3807 3806 3810
3807 3810 3811
3811 3810 3812
3813 3812 3802
3813 3802 3814
3802 3812 3815
3800 3802 3816
3817 3802 3818
3816 3802 3817
3819 3820 3801
3819 3801 3821
3802 3820 3814
3811 3812 3813
3812 3810 3822
3823 3805 3824
3809 3825 3826
3809 3826 3806
3806 3826 3827
3806 3827 3810
3810 3827 3828
3829 3828 3805
3829 3805 3830
3831 3805 3832
3805 3823 3830
3833 3823 3824
3833 3824 3834
3835 3805 3831
3803 3828 3836
3828 3827 3836
3810 3828 3829
3837 3838 3839
3677 3838 3837
3677 3837 3714
3224 3418 3487
3197 3224 3198
3224 3487 3198
3633 3613 3840
3633 3840 3841
3842 3671 3672
3842 3672 3843
3613 3612 3840
3841 3840 3844
3841 3844 3845
3842 3843 3846
3840 3612 3847
3840 3847 3844
3601 3596 3598
3599 3596 3601
3182 3166 3848
3150 3849 3850
3150 3152 3849
3851 3852 3853
3851 3853 3854
3855 3856 3857
3855 3857 3858
3859 3860 3861
3859 3861 3862
3861 3863 3862
3854 3853 3860
3854 3860 3859
3864 3865 3866
3852 3851 3867
3852 3867 3865
3854 3868 3869
3854 3869 3851
3862 3870 3871
3862 3871 3859
3872 3870 3873
3859 3871 3868
3859 3868 3854
3583 3582 3874
3583 3874 3875
3867 3876 3877
3878 3879 3880
3878 3880 3881
3592 3595 3882
3592 3882 3883
3879 3884 3885
3879 3885 3880
3595 3589 3886
3595 3886 3882
3887 3888 3889
3887 3889 3890
3588 3576 3891
3588 3891 3892
3888 3893 3894
3888 3894 3889
3576 3575 3895
3576 3895 3891
3884 3887 3890
3884 3890 3885
3589 3588 3892
3589 3892 3886
3856 3878 3881
3856 3881 3857
3582 3592 3883
3582 3883 3874
3896 3897 3898
3896 3898 3899
3900 3901 3902
3900 3902 3903
3904 3905 3901
3904 3901 3900
3903 3902 3897
3903 3897 3896
3906 3907 3908
3906 3908 3909
3898 3907 3906
3898 3906 3899
3910 3911 3912
3910 3912 3913
3914 3915 3916
3914 3916 3917
3917 3916 3918
3917 3918 3919
3913 3912 3915
3913 3915 3914
3920 3921 3911
3920 3911 3910
3922 3923 3905
3922 3905 3904
3924 3925 3921
3924 3921 3920
3926 3927 3928
3875 3874 3856
3875 3856 3855
3929 3867 3877
3883 3882 3879
3883 3879 3878
3882 3886 3884
3882 3884 3879
3892 3891 3888
3892 3888 3887
3891 3895 3893
3891 3893 3888
3886 3892 3887
3886 3887 3884
3874 3883 3878
3874 3878 3856
3930 3931 3932
3858 3857 3933
3858 3933 3934
3851 3869 3935
3851 3935 3867
3867 3935 3876
3881 3880 3936
3881 3936 3937
3880 3885 3938
3880 3938 3936
3890 3889 3939
3890 3939 3940
3889 3894 3941
3889 3941 3939
3885 3890 3940
3885 3940 3938
3857 3881 3937
3857 3937 3933
3942 3943 3944
3942 3944 3863
3945 3946 3919
3945 3919 3918
3866 3929 3947
3866 3867 3929
3866 3865 3867
3948 3926 3928
3948 3928 3949
3950 3948 3949
3950 3949 3951
3928 3927 3952
3952 3927 3953
3876 3935 3954
3584 3577 3585
3104 3955 3088
3104 3079 3087
3104 3103 3955
3036 3956 3037
3957 3958 3036
3027 3959 3960
3027 3029 3959
3959 3961 3960
3028 3957 3029
3029 3036 3035
3029 3035 3962
3028 3027 3963
3957 3028 3964
3957 3036 3029
3029 3962 3959
3585 3587 3586
3368 3331 3334
3340 3335 3363
3500 3480 3521
3803 3805 3828
3705 3718 3719
3705 3719 3717
3716 3786 3681
3801 3820 3802
3699 3708 3717
3805 3835 3824
3519 3518 3520
3519 3520 3965
3567 3566 3569
3567 3569 3568
3655 3671 3656
3518 3481 3484
3518 3484 3493
3505 3504 3965
3505 3965 3520
3537 3536 3565
3537 3565 3564
3505 3520 3493
3505 3493 3490
3655 3654 3667
3657 3655 3667
3079 3104 3088
3078 3084 3079
3074 3092 3081
3627 3632 3628
3804 3832 3805
3802 3815 3818
3812 3822 3815
3692 3674 3716
3692 3675 3674
3966 3577 3584
3576 3588 3585
3587 3594 3593
3967 3968 3872
3931 3967 3873
3967 3872 3873
3931 3873 3932
3870 3862 3873
3862 3932 3873
3863 3944 3930
3863 3930 3932
3863 3932 3862
3861 3942 3863
3969 2724 2727
3969 2727 3970
2724 3969 2783
2726 2717 2716
2727 3971 3970
2727 2716 3971
2726 2716 2727
3064 3065 3109
3067 3972 3116
3972 3067 3064
3973 3974 3975
3976 3977 3975
2780 3973 2777
2780 2777 2714
3973 2780 3974
3978 2813 3979
2813 3978 2709
2708 2814 2709
3974 3976 3975
2813 2778 3979
2711 3978 3979
3980 2778 2779
2778 3980 3979
3981 3982 2768
2768 3982 2749
3981 2767 3983
3982 2779 2749
2767 2730 3983
2767 3981 2768
2700 3984 2767
2767 2728 2730
2729 3985 3986
2729 3986 2730
2730 3986 3983
3987 3985 2729
2690 2732 3988
3989 3990 2735
2735 2734 2748
3989 2735 2747
2692 3991 3992
2692 2733 3991
2690 2736 2731
3993 3994 3995
3993 3995 3996
2682 3997 2695
2682 2695 2683
2689 3998 2686
2689 3999 3997
2689 3997 2682
2694 4000 2684
2694 2684 2683
2776 4001 4000
2776 4000 2694
3995 4002 3996
3995 3998 4002
4003 2691 3988
2699 2698 2692
3996 3988 2732
3996 2732 3993
4003 3988 3996
2691 2690 3988
4004 4005 4006
4007 4008 4006
4004 4009 4005
2686 3995 3994
2686 3994 4010
3998 3995 2686
2689 2688 3998
4011 4012 4013
4014 4015 4016
4014 4016 2773
4015 4017 2720
4015 2720 4016
4012 4011 4008
4007 4012 4008
4008 4018 4006
2722 2721 4013
4012 2722 4013
2720 4017 2721
2689 2685 3999
2686 4010 2687
2685 2689 2686
2711 3979 2712
2828 2830 3008
4002 4003 3996
4009 4019 4020
4004 4019 4009
4005 4007 4006
4019 4021 4020
2728 2767 3984
2700 2703 3984
2752 2772 2774
4022 4023 2722
4022 2722 4012
4023 2754 2720
4023 2720 2722
2753 2720 2754
4022 4012 4007
2719 2718 4024
4024 3013 4025
2746 2718 2701
4024 2718 2759
2746 3011 2818
2773 4016 2753
2753 4016 2720
2774 2772 2755
2769 4026 4025
3013 2769 4025
2750 2774 4027
2772 2753 2755
4020 4021 4028
4029 4030 4031
4032 4033 4034
4032 4034 4035
4033 4032 4036
4033 4036 4029
4030 4037 4031
4038 4039 4040
4038 4040 4041
4041 4040 4035
4041 4035 4034
4037 4042 4031
4043 4044 4045
4043 4045 4046
4047 4048 4049
4047 4049 4050
4051 4052 4053
4051 4053 4054
4055 4056 4057
4055 4057 4058
4056 4055 4046
4056 4046 4045
4054 4053 4048
4054 4048 4047
4059 4060 4044
4059 4044 4043
4061 4062 4063
4061 4063 4064
4065 4066 4067
4065 4067 4068
4069 4070 4071
4069 4071 4072
4058 4057 4066
4058 4066 4065
4072 4071 4052
4072 4052 4051
4050 4049 4073
4050 4073 4074
4039 4038 4075
4039 4075 4076
4064 4063 4070
4064 4070 4069
4075 4077 4076
4042 4078 4031
4029 4036 4030
2782 2725 3065
3414 3441 3415
3201 3354 3357
3346 3349 3344
3441 3426 3343
3441 3343 3342
3441 3342 3415
3416 3346 3426
3346 3343 3426
3496 3416 3495
3236 3278 3268
3274 3273 3329
4079 4080 4081
4079 4081 4082
4083 4084 4085
4086 4087 4088
4086 4088 4084
4089 4090 4079
4091 4092 4080
4091 4080 4079
4093 4081 4080
4093 4080 4094
4081 4093 4095
4081 4095 4096
4097 4095 4093
4097 4093 4098
4094 4099 4098
4094 4098 4093
4100 4101 4102
4100 4102 4103
4103 4104 4105
4103 4105 4100
4106 4105 4104
4106 4104 4107
4108 4106 4107
4092 4091 4109
4092 4109 4110
4111 4112 4113
4111 4113 4114
4114 4092 4110
4114 4110 4111
4115 4116 4117
4115 4117 4118
4116 4119 4120
4116 4120 4117
4119 4116 4121
4119 4121 4122
4116 4115 4123
4116 4123 4121
4124 4125 4126
4124 4126 4127
4128 4115 4127
4129 4130 4131
4129 4131 4132
4133 4134 4135
4133 4135 4136
4108 4137 4138
4108 4138 4139
4137 4140 4141
4137 4141 4138
4137 4142 4140
4137 4108 4143
4137 4143 4144
4145 4088 4087
4145 4087 4146
4147 4148 4087
4147 4087 4086
4149 4150 4148
4149 4148 4147
4147 4151 4152
4147 4152 4149
4086 4083 4151
4086 4151 4147
4153 4154 4155
4155 4113 4112
4155 4112 4153
4156 4113 4155
4157 4158 4159
4157 4159 4156
4156 4155 4160
4156 4160 4157
4097 4161 4085
4094 4080 4092
4094 4092 4114
4099 4094 4114
4099 4114 4113
4122 4121 4162
4122 4162 4163
4121 4123 4164
4121 4164 4162
4162 4165 4163
4166 4142 4144
4144 4167 4166
4168 4135 4134
4168 4134 4169
4153 4112 4139
4153 4139 4138
4138 4170 4153
4103 4102 4125
4103 4125 4124
4104 4103 4124
4104 4124 4118
4107 4104 4118
4107 4118 4117
4171 4107 4172
4127 4126 4173
4127 4173 4130
4174 4131 4130
4174 4130 4173
4131 4174 4136
4131 4136 4135
4101 4100 4109
4101 4109 4175
4111 4110 4105
4111 4105 4106
4106 4139 4112
4106 4112 4111
4176 4159 4158
4176 4158 4177
4177 4152 4151
4177 4151 4176
4148 4178 4146
4148 4146 4087
4082 4081 4096
4082 4096 4179
4180 4089 4082
4091 4181 4175
4091 4175 4109
4130 4129 4128
4130 4128 4127
4132 4131 4135
4132 4135 4168
4100 4105 4110
4100 4110 4109
4182 4183 4184
4182 4184 4185
4186 4187 4188
4189 4190 4191
4189 4191 4186
4185 4192 4193
4184 4194 4195
4184 4195 4196
4197 4198 4196
4197 4196 4195
4198 4192 4196
4190 4189 4199
4190 4199 4200
4190 4201 4202
4190 4202 4191
4203 4187 4191
4203 4191 4202
4204 4205 4187
4187 4205 4188
4187 4203 4204
4200 4206 4201
4200 4201 4190
4183 4182 4207
4183 4207 4208
4209 4210 4211
4209 4211 4212
4213 4209 4212
4213 4212 4214
4215 4216 4217
4215 4217 4218
4219 4220 4221
4219 4221 4222
4223 4219 4222
4223 4222 4224
4225 4226 4227
4225 4227 4228
4229 4230 4231
4229 4231 4232
4233 4234 4235
4233 4235 4236
4237 4233 4236
4237 4236 4238
4239 4240 4241
4239 4241 4242
4243 4244 4245
4243 4245 4246
4247 4248 4249
4247 4249 4250
4251 4252 4253
4251 4253 4254
4255 4256 4257
4255 4257 4258
4259 4255 4258
4259 4258 4260
4261 4262 4263
4261 4263 4264
4265 4213 4214
4265 4214 4266
4267 4268 4269
4267 4269 4270
4271 4267 4270
4271 4270 4272
4210 4223 4224
4210 4224 4211
4273 4237 4238
4273 4238 4274
4240 4275 4276
4240 4276 4241
4275 4277 4278
4275 4278 4276
4279 4273 4274
4279 4274 4280
4281 4259 4260
4281 4260 4282
4262 4283 4284
4262 4284 4263
4285 4281 4282
4285 4282 4286
4287 4288 4289
4287 4289 4290
4252 4291 4292
4252 4292 4253
4291 4293 4294
4291 4294 4292
4295 4296 4297
4295 4297 4298
4226 4243 4246
4226 4246 4227
4299 4229 4232
4299 4232 4300
4244 4301 4302
4244 4302 4245
4301 4303 4304
4301 4304 4302
4303 4251 4254
4303 4254 4304
4305 4225 4228
4305 4228 4306
4307 4308 4309
4307 4309 4310
4308 4271 4272
4308 4272 4309
4268 4311 4312
4268 4312 4269
4220 4313 4314
4220 4314 4221
4315 4215 4218
4315 4218 4316
4317 4305 4306
4317 4306 4318
4248 4247 4319
4248 4319 4320
4250 4249 4288
4250 4288 4287
4321 4315 4316
4321 4316 4322
4313 4321 4322
4313 4322 4314
4323 4082 4179
4194 4184 4183
4194 4183 4324
4208 4325 4183
4178 4148 4150
4178 4150 4326
4134 4327 4328
4115 4124 4127
4115 4118 4124
4162 4164 4165
4133 4327 4134
4328 4329 4330
4328 4330 4169
4328 4169 4134
4327 4329 4328
4331 4332 4320
4331 4320 4319
4108 4139 4106
4107 4171 4108
4144 4143 4167
4137 4144 4142
4156 4159 4099
4156 4099 4113
4298 4257 4256
4298 4256 4295
4138 4141 4170
4170 4333 4153
4334 4297 4296
4334 4296 4335
4335 4336 4337
4335 4337 4334
4154 4160 4155
4153 4333 4154
4323 4180 4082
4325 4324 4183
4300 4235 4234
4300 4234 4299
4107 4117 4172
4117 4120 4172
4216 4317 4318
4216 4318 4217
4090 4091 4079
4090 4181 4091
4089 4079 4082
4098 4159 4161
4098 4099 4159
4204 4338 4205
4339 4340 4341
4339 4341 4342
4343 4344 4345
4343 4345 4346
4344 4347 4348
4344 4348 4345
4347 4349 4350
4347 4350 4348
4351 4350 4349
4351 4349 4352
4353 4354 4355
4353 4355 4356
4343 4340 4354
4343 4354 4353
4357 4353 4356
4357 4356 4358
4344 4343 4353
4344 4353 4357
4359 4357 4358
4359 4358 4360
4347 4344 4357
4347 4357 4359
4361 4362 4352
4361 4352 4349
4363 4364 4362
4363 4362 4361
4361 4359 4360
4361 4360 4363
4349 4347 4359
4349 4359 4361
4339 4365 4366
4339 4366 4367
4367 4366 4368
4367 4368 4369
4342 4370 4365
4342 4365 4339
4340 4343 4346
4340 4346 4341
4367 4354 4340
4367 4340 4339
4369 4355 4354
4369 4354 4367
4371 4372 4373
4371 4373 4374
4375 4376 4377
4375 4377 4378
4378 4377 4379
4378 4379 4380
4380 4379 4381
4380 4381 4382
4383 4384 4382
4383 4382 4381
4385 4374 4375
4385 4375 4386
4386 4375 4378
4386 4378 4387
4387 4378 4380
4387 4380 4388
4384 4389 4390
4384 4390 4382
4388 4380 4382
4388 4382 4390
4391 4392 4371
4391 4371 4393
4372 4371 4392
4372 4392 4394
4374 4373 4376
4374 4376 4375
4374 4385 4393
4374 4393 4371
4395 4396 4397
4395 4397 4398
4399 4400 4401
4399 4401 4402
4403 4399 4402
4403 4402 4404
4405 4403 4404
4405 4404 4406
4407 4405 4406
4407 4406 4408
4409 4410 4411
4409 4411 4412
4410 4413 4414
4410 4414 4411
4413 4415 4416
4413 4416 4414
4417 4418 4419
4417 4419 4420
4415 4417 4420
4415 4420 4416
4421 4422 4423
4421 4423 4424
4396 4425 4426
4396 4426 4397
4400 4395 4398
4400 4398 4401
4423 4409 4412
4423 4412 4424
4151 4083 4176
4083 4086 4084
4186 4191 4187
4161 4176 4083
4159 4176 4161
4161 4083 4085
4205 4197 4188
4097 4098 4161
4205 4198 4197
4024 2759 3013
2792 4427 3015
2792 3015 2793
2790 3015 4427
2770 2769 3019
2770 3019 4428
4429 2741 4430
2741 4429 2742
4430 2741 2752
3019 3020 4428
2788 3020 3019
2769 3013 3019
2738 2742 2739
2760 2762 3063
3044 3021 3045
3052 3054 3021
3045 3021 3023
3021 3054 3022
3063 3023 3050
2760 3063 3050
3023 3049 3050
3063 3045 3023
4431 3044 4432
4432 3044 3043
3066 3044 4431
4433 2784 2763
4433 2763 3068
3069 3066 4431
4433 3068 4434
3107 3052 3066
3053 3052 3107
3031 3055 4435
4436 3054 3053
3022 3054 3056
3055 3057 4435
3026 3055 3031
3042 3026 3025
3041 3055 3026
3056 4437 3057
3056 3055 3041
3056 3041 3022
3056 3054 4436
3056 4436 4437
3958 3956 3036
3028 4438 3964
3030 4439 3024
4440 3024 4439
3028 3963 4438
3041 3040 3023
3068 3118 4434
3070 3106 3066
4434 3118 4441
3118 3135 4441
4441 3135 4442
4443 3143 3099
3141 3134 4443
3141 4442 3135
3134 3143 4443
3070 4444 3106
3118 3119 3137
3135 3118 3137
3100 3142 3137
3142 3138 3137
3119 3100 3137
2751 4430 2752
2805 2794 2809
4445 4446 4447
4448 4449 4450
4448 4450 4451
4452 4453 4454
4452 4454 4455
4456 4448 4451
4456 4451 4446
4457 4458 4459
4457 4459 4460
4461 4462 4463
4461 4463 4464
4465 4461 4464
4465 4464 4466
4458 4467 4468
4458 4468 4459
4453 4469 4470
4453 4470 4454
4471 1763 1759
4472 4457 4460
4472 4460 4473
4462 4472 4473
4462 4473 4463
4469 4465 4466
4469 4466 4470
4474 4475 4476
4477 4478 4479
4477 4479 4480
4481 4482 4483
4481 4483 4484
4485 4486 4487
4485 4487 4488
4489 4485 4488
4489 4488 4490
4482 4491 4492
4482 4492 4483
4478 4493 4494
4478 4494 4479
4495 4481 4484
4495 4484 4496
4486 4495 4496
4486 4496 4487
4493 4489 4490
4493 4490 4494
4474 4497 4498
4497 4499 4498
4445 4456 4446
4449 4452 4455
4449 4455 4450
4474 4477 4475
4477 4480 4475
4474 4476 4497
3060 3145 4500
3060 4500 4501
3956 3145 3144
3956 3144 3037
3958 4500 3145
3958 3145 3956
3061 3060 4501
3061 4501 4502
3061 4502 3072
3061 3072 3071
2716 2715 3971
3104 3087 3086
4192 4503 4193
4184 4504 4185
4184 4196 4504
4198 4505 4192
4505 4503 4192
4207 4506 4208
4196 4192 4504
4185 4504 4192
4507 4505 4198
4507 4198 4338
4338 4198 4205
2698 4508 2733
2736 2692 3992
2736 3992 4509
2736 4509 4510
2735 3990 4508
2698 2735 4508
4511 4512 4513
4511 4513 4514
4515 4511 4514
4515 4514 4516
4517 4518 4519
4517 4519 4520
4518 4521 4522
4518 4522 4519
4523 4524 4525
4520 4519 4511
4520 4511 4515
4519 4522 4512
4519 4512 4511
4525 4526 4527
4525 4527 4528
4529 4530 4531
4512 4532 4533
4512 4533 4513
4516 4534 4515
4521 4535 4522
4520 4536 4537
4520 4537 4517
4538 4515 4534
4525 4532 4535
4525 4535 4523
4532 4522 4535
4515 4538 4520
4532 4525 4528
4532 4528 4533
4539 4540 4529
4539 4529 4531
4541 4542 4543
4541 4543 4544
4545 4546 4547
4545 4547 4548
4549 4550 4544
4549 4544 4543
4542 4541 4546
4542 4546 4545
4551 4552 4553
4551 4553 4554
4555 4556 4557
4555 4557 4558
4552 4551 4558
4552 4558 4557
4559 4543 4542
4559 4542 4560
4548 4561 4562
4548 4562 4545
4563 4549 4543
4563 4543 4559
4560 4542 4545
4560 4545 4562
4554 4559 4551
4561 4555 4558
4561 4558 4562
4559 4554 4563
4551 4560 4562
4551 4562 4558
4564 4553 4552
4564 4552 4530
4531 4557 4556
4531 4556 4539
4530 4552 4531
4565 4566 4567
4565 4567 4568
4569 4570 4518
4569 4518 4517
4570 4521 4518
4568 4570 4569
4567 4571 4570
4566 4565 4572
4573 4524 4523
4568 4574 4575
4568 4575 4565
4569 4576 4577
4578 4573 4579
4571 4535 4521
4517 4576 4569
4574 4568 4577
4523 4579 4573
4580 4581 4582
4583 4584 4585
4583 4585 4586
4587 4588 4550
4587 4550 4549
4584 4583 4589
4584 4589 4590
4585 4581 4586
4554 4553 4591
4554 4591 4592
4593 4594 4595
4594 4596 4591
4593 4595 4597
4598 4585 4584
4598 4584 4599
4600 4587 4563
4590 4599 4584
4585 4598 4582
4563 4554 4600
4599 4596 4593
4599 4593 4598
4600 4592 4599
4598 4593 4597
4597 4601 4582
4582 4602 4580
4553 4564 4603
4553 4603 4591
4564 4530 4529
4526 4604 4529
4527 4529 4540
4590 4589 4588
4590 4588 4587
4590 4587 4600
4516 4605 4534
4538 4536 4520
4527 4526 4529
4517 4537 4576
4568 4569 4577
4587 4549 4563
4590 4600 4599
4532 4512 4522
4567 4606 4571
4568 4567 4570
4578 4606 4566
4565 4607 4572
4565 4575 4607
4570 4571 4521
4552 4557 4531
4592 4596 4599
4523 4535 4579
4571 4579 4535
4559 4560 4551
4554 4592 4600
4594 4591 4603
4578 4566 4572
4606 4579 4571
4606 4578 4579
4606 4567 4566
4604 4526 4524
4593 4596 4594
4524 4526 4525
4585 4582 4581
4598 4597 4582
4601 4602 4582
4608 4609 4610
4608 4610 4611
4611 4610 4612
4611 4612 4613
4614 4615 4616
4614 4616 4617
4618 4619 4615
4618 4615 4614
4610 4614 4617
4610 4617 4612
4609 4618 4614
4609 4614 4610
4620 4621 4609
4620 4609 4608
4612 4622 4613
4618 4623 4619
4624 4625 4617
4624 4617 4616
4622 4612 4626
4623 4618 4621
4617 4626 4612
4627 4621 4620
4628 4629 4630
4631 4632 4633
4631 4633 4634
4635 4636 4637
4635 4637 4638
4632 4639 4640
4632 4640 4633
4636 4631 4634
4636 4634 4637
4641 4642 4643
4641 4643 4644
4644 4645 4646
4644 4646 4641
4647 4634 4648
4647 4649 4637
4633 4640 4650
4633 4650 4648
4637 4634 4647
4641 4648 4642
4641 4646 4649
4641 4649 4647
4650 4642 4648
4651 4628 4644
4651 4644 4643
4652 4653 4654
4655 4656 4657
4655 4657 4658
4639 4659 4660
4639 4660 4640
4661 4655 4658
4661 4658 4662
4656 4653 4657
4663 4664 4642
4665 4666 4667
4668 4665 4667
4669 4670 4658
4669 4658 4657
4650 4660 4671
4658 4670 4662
4652 4669 4657
4671 4642 4650
4667 4663 4670
4667 4670 4669
4670 4663 4671
4668 4667 4669
4652 4672 4668
4673 4674 4654
4675 4651 4666
4662 4660 4659
4662 4659 4661
4671 4660 4662
4622 4676 4613
4617 4625 4626
4650 4640 4660
4670 4671 4662
4618 4609 4621
4641 4647 4648
4666 4663 4667
4628 4651 4675
4653 4652 4657
4652 4668 4669
4652 4674 4672
4677 4678 4679
4677 4679 4680
4681 4682 4683
4681 4683 4684
4685 4686 4687
4685 4687 4688
4689 4690 4691
4689 4691 4692
4688 4687 4693
4688 4693 4694
4692 4691 4686
4692 4686 4685
4695 4696 4697
4695 4697 4698
4699 4700 4701
4699 4701 4702
4694 4693 4703
4694 4703 4704
4705 4706 4700
4705 4700 4699
4702 4701 4696
4702 4696 4695
4698 4697 4707
4698 4707 4708
4704 4703 4706
4704 4706 4705
4684 4683 4709
4684 4709 4710
4680 4679 4682
4680 4682 4681
4623 4621 4711
4627 4711 4621
4663 4642 4671
4628 4675 4629
4634 4633 4648
4649 4638 4637
4602 4712 4580
4674 4652 4654
4596 4592 4591
4651 4664 4666
4664 4643 4642
4663 4666 4664
4651 4643 4664
4713 4714 3311
4713 3311 3314
4715 4716 3320
4715 3320 3319
3266 3265 4717
3285 3266 4717
3285 4717 3286
3285 3284 4718
3282 3285 4718
3282 4718 3283
3611 4719 4720
4721 3610 4722
4719 3611 4723
3610 3611 4724
3610 4724 4725
3611 3278 4723
3278 3329 4723
3610 4725 4722
4726 4727 4728
4726 4728 4729
4730 4731 4732
4730 4732 4733
4731 4726 4729
4731 4729 4732
4734 4735 4736
4734 4736 4737
4738 4739 4740
4738 4740 4741
4742 4743 4744
4742 4744 4745
4746 4747 4739
4746 4739 4738
4741 4740 4748
4741 4748 4749
4750 4751 4752
4750 4752 4753
4744 4751 4754
4744 4754 4755
4754 4751 4750
4754 4750 4756
4755 4754 4757
4755 4757 4758
4757 4754 4756
4757 4756 4759
4760 4761 4758
4760 4758 4757
4762 4763 4764
4762 4764 4765
4766 4760 4767
4766 4767 4768
4760 4757 4759
4760 4759 4767
4748 4769 4749
4728 4727 4770
4747 4746 4771
4772 4773 4774
4772 4774 4775
4776 4777 4778
4776 4778 4779
4773 4776 4779
4773 4779 4774
4778 4777 4780
4778 4780 4781
4782 4783 4784
4782 4784 4785
4786 4787 4788
4786 4788 4789
4787 4790 4791
4787 4791 4788
4792 4793 4794
4792 4794 4795
4796 4797 4798
4796 4798 4799
4800 4798 4797
4800 4797 4801
4802 4803 4804
4802 4804 4805
4795 4794 4806
4795 4806 4807
4790 4802 4805
4790 4805 4791
4808 4772 4775
4808 4775 4809
4810 4766 4763
4763 4766 4768
4763 4768 4764
4803 4796 4799
4803 4799 4804
4747 4727 4739
4739 4726 4740
4743 4752 4744
4740 4731 4748
4811 4812 4813
4811 4813 4814
4745 4744 4755
4745 4755 4815
4815 4755 4758
4761 4816 4817
4761 4817 4758
4763 4762 4818
4763 4818 4810
4816 4761 4819
4820 4821 4812
4820 4812 4811
4822 4819 4810
4822 4810 4818
4821 4820 4823
4821 4823 4824
4793 4792 4824
4793 4824 4823
4825 4742 4745
4826 4827 4815
4826 4815 4828
4829 4826 4828
4829 4828 4830
4831 4832 4833
4831 4833 4834
4834 4833 4835
4834 4835 4836
4837 4838 4839
4837 4839 4840
4841 4842 4843
4841 4843 4844
4825 4745 4815
4825 4815 4827
4845 4829 4830
4845 4830 4846
4842 4845 4846
4842 4846 4843
4837 4847 4838
4848 4849 4850
4848 4850 4851
4852 4741 4749
4852 4749 4853
4854 4825 4827
4854 4827 4855
4832 4829 4845
4832 4845 4833
4833 4845 4842
4833 4842 4835
4856 4857 4858
4859 4860 4861
4862 4855 4863
4862 4863 4864
4865 4866 4867
4865 4867 4868
4866 4869 4870
4866 4870 4867
4871 4872 4873
4871 4873 4874
4872 4871 4875
4872 4875 4876
4877 4878 4879
4877 4879 4880
4881 4882 4883
4881 4883 4884
4885 4886 4887
4885 4887 4888
4889 4887 4886
4889 4886 4890
4869 4891 4892
4869 4892 4870
4891 4881 4884
4891 4884 4892
4893 4894 4895
4893 4895 4896
4874 4873 4894
4874 4894 4893
4850 4849 4897
4850 4897 4898
4859 4825 4854
4855 4827 4826
4855 4826 4863
4863 4826 4829
4863 4829 4832
4835 4842 4841
4835 4841 4899
4900 4901 4902
4900 4902 4903
4857 4738 4741
4857 4741 4852
4856 4746 4738
4856 4738 4857
4856 4904 4746
4860 4854 4855
4860 4855 4862
4832 4831 4864
4832 4864 4863
4836 4835 4899
4836 4899 4905
4853 4906 4907
4853 4907 4852
4858 4857 4852
4858 4852 4907
4859 4861 4908
4859 4908 4909
4838 4841 4844
4838 4844 4839
4838 4899 4841
4882 4877 4880
4882 4880 4883
4849 4837 4840
4849 4840 4897
4849 4848 4837
4878 4889 4890
4878 4890 4879
4910 4911 4876
4910 4876 4875
4862 4912 4913
4862 4913 4860
4914 4915 4916
4914 4916 4917
4918 4919 4920
4918 4920 4921
4922 4923 4924
4922 4924 4925
4926 4927 4928
4926 4928 4929
4919 4926 4929
4919 4929 4920
4923 4918 4921
4923 4921 4924
4930 4922 4925
4930 4925 4931
4932 4930 4931
4932 4931 4933
4934 4935 4936
4934 4936 4937
4913 4861 4860
4928 4927 4912
4928 4912 4862
4930 4938 4939
4930 4939 4922
4934 4940 4935
4940 4934 4941
4940 4941 4942
4943 4861 4913
4943 4913 4944
4907 4906 4945
4915 4912 4927
4915 4927 4916
4946 4947 4948
4946 4948 4949
4950 4951 4952
4950 4952 4953
4954 4955 4956
4954 4956 4957
4958 4959 4960
4958 4960 4961
4959 4950 4953
4959 4953 4960
4951 4954 4957
4951 4957 4952
4955 4962 4963
4955 4963 4956
4962 4964 4965
4962 4965 4963
4966 4967 4968
4966 4968 4969
4970 4971 4972
4970 4972 4973
4974 4968 4967
4974 4967 4975
4976 4958 4961
4976 4961 4977
4978 4979 4980
4978 4980 4981
4982 4983 4947
4982 4947 4946
4979 4978 4983
4979 4983 4982
4944 4913 4912
4944 4912 4915
4984 4919 4918
4984 4918 4985
4986 4923 4922
4986 4922 4939
4916 4927 4926
4916 4926 4987
4987 4926 4919
4987 4919 4984
4985 4918 4923
4985 4923 4986
4988 4989 4971
4988 4971 4970
4937 4990 4941
4937 4941 4934
4991 4984 4985
4991 4985 4992
4993 4986 4939
4987 4994 4917
4987 4917 4916
4984 4991 4994
4984 4994 4987
4992 4985 4986
4858 4907 4995
4996 4943 4944
4995 4907 4945
4997 4944 4915
4997 4915 4914
4981 4980 4998
4981 4998 4999
4999 4998 5000
4999 5000 5001
4939 5002 4993
4938 5003 5002
4935 4932 4933
4935 4933 4936
4935 5004 4932
4964 4966 4969
4964 4969 4965
5005 5006 5001
5005 5001 5000
5007 5008 5009
5007 5009 4914
4914 5009 5010
4914 5010 4997
5011 5012 5013
5011 5013 5014
5015 5016 5017
5015 5017 5018
5016 5008 5007
5016 5007 5017
5012 5019 5020
5012 5020 5013
5021 5011 5014
5021 5014 5022
5023 5021 5022
5023 5022 5024
5025 5023 5024
5025 5024 5026
5027 5028 5029
5027 5029 5030
5031 5027 5030
5031 5030 5032
5010 4996 4997
5021 5033 5034
5021 5034 5011
5023 5035 5033
5023 5033 5021
5025 5036 5035
5025 5035 5023
5028 5037 5038
5039 5031 5040
5039 5040 5041
5042 4945 4996
5042 4996 5043
4995 4945 5042
5043 4996 5010
5043 5010 5044
5045 5046 5047
5045 5047 5048
5049 5044 5046
5049 5046 5045
5050 5051 5052
5050 5052 5053
5048 5047 5051
5048 5051 5050
5054 5055 5056
5054 5056 5057
5058 5059 5060
5058 5060 5061
5062 5063 5064
5062 5064 5065
5055 5062 5065
5055 5065 5056
5063 5066 5067
5063 5067 5064
5059 5068 5069
5059 5069 5060
5068 5070 5071
5068 5071 5069
5072 5073 5074
5072 5074 5075
5070 5076 5077
5070 5077 5071
5078 5072 5075
5078 5075 5079
5073 5080 5081
5073 5081 5074
5082 5083 5084
5082 5084 5085
5086 5087 5088
5086 5088 5089
5090 5091 5092
5090 5092 5093
5094 5095 5096
5094 5096 5097
5097 5096 5087
5097 5087 5086
5092 5098 5099
5092 5099 5093
5100 5101 5091
5100 5091 5090
5046 5009 5008
5046 5008 5047
5044 5010 5009
5044 5009 5046
5102 5012 5011
5102 5011 5034
5051 5016 5015
5051 5015 5052
5047 5008 5016
5047 5016 5051
5052 5015 5019
5052 5019 5103
5043 5104 5105
5043 5105 5042
5044 5049 5104
5044 5104 5043
5040 5031 5032
5040 5032 5106
5034 5107 5108
5034 5108 5102
5102 5108 5109
5102 5109 5103
5033 5110 5107
5033 5107 5034
5111 4856 4858
5111 4858 5112
5112 4995 5113
5112 4858 4995
5113 4995 5042
5113 5042 5105
5101 5100 5114
5101 5114 5115
5110 5033 5035
5110 5035 5116
5116 5035 5036
5116 5036 5117
5115 5114 5118
5115 5118 5119
5120 5112 5113
5121 5111 5112
5121 5112 5122
5123 5124 5125
5123 5125 5126
5127 5120 5128
5127 5128 5129
5130 5104 5049
5130 5049 5131
5131 5049 5045
5131 5045 5132
5133 5045 5134
5135 5133 5134
5135 5134 5136
5137 5138 5139
5137 5139 5140
5141 5135 5136
5141 5136 5142
5143 5144 5145
5143 5145 5146
5146 5145 5138
5146 5138 5137
5129 5128 5124
5129 5124 5123
5121 5147 5111
5148 5149 5150
5148 5150 5151
5151 5150 5152
5151 5152 5153
5154 5155 5156
5154 5156 5157
5158 5159 5149
5158 5149 5148
5160 5161 5154
5160 5154 5157
5162 5163 5161
5162 5161 5160
5164 5165 5166
5164 5166 5167
5168 5169 5170
5168 5170 5171
5172 5173 5174
5172 5174 5175
5176 5177 5178
5176 5178 5179
5180 5181 5165
5180 5165 5164
5182 5183 5177
5182 5177 5176
5175 5174 5183
5175 5183 5182
5184 5185 5186
5184 5186 5187
5187 5186 5173
5187 5173 5172
5188 5189 5185
5188 5185 5184
5190 5191 5189
5190 5189 5188
5171 5170 5191
5171 5191 5190
5192 5193 5169
5192 5169 5168
5194 5195 5193
5194 5193 5192
5196 5197 5198
5196 5198 5199
5200 5201 5202
5153 5152 5203
5153 5203 5204
5120 5127 5122
5120 5122 5112
5131 5205 5206
5131 5206 5130
5132 5207 5131
5208 5209 5210
5211 5212 5213
5211 5213 5214
5215 5216 5217
5215 5217 5218
5219 5220 5221
5219 5221 5208
5222 5223 5216
5222 5216 5215
5214 5213 5223
5214 5223 5222
5224 5225 5226
5224 5226 5227
5227 5226 5212
5227 5212 5211
5144 5143 5225
5144 5225 5224
5228 5229 5230
5228 5230 5231
5232 5233 5140
5232 5140 5139
5231 5230 5233
5231 5233 5232
5234 5228 5235
5120 5113 5128
5104 5125 5105
5105 5128 5113
5236 5237 5238
5236 5238 5239
5195 5194 5237
5195 5237 5236
5147 4856 5111
4727 5240 4770
4747 4771 5241
4747 5241 5240
5147 5242 4856
4997 4996 4944
4848 4847 4837
4847 4899 4838
4847 5243 4905
4899 4847 4905
5244 5245 4911
5244 4911 4910
5245 5244 4901
5245 4901 4900
5243 4847 4848
5243 4848 4851
4940 5004 4935
4932 5004 4938
4932 4938 4930
5246 5247 5006
5246 5006 5005
5247 5246 4989
5247 4989 4988
5248 5004 4940
5248 4940 4942
4938 5004 5003
5004 5248 5003
4939 4938 5002
4993 4992 4986
4817 4815 4758
4810 4761 4766
4761 4760 4766
4996 5249 4943
4731 5250 4748
5105 5124 5128
4726 4731 4740
4727 4726 4739
5037 5251 5117
5036 5037 5117
5252 5253 5119
5252 5119 5118
5253 5252 5254
5253 5254 5255
5251 5037 5256
5251 5256 5257
5039 5257 5256
5256 5027 5039
5037 5028 5256
5038 5025 5026
5038 5026 5258
5258 5029 5028
5258 5028 5038
5259 5078 5079
5259 5079 5260
5260 5077 5076
5260 5076 5259
5038 5037 5036
5038 5036 5025
5028 5027 5256
5027 5031 5039
5261 5083 5082
5261 5082 5262
5262 5255 5254
5262 5254 5261
5041 5257 5039
4909 4769 4742
4909 4742 4859
4769 4909 4853
4769 4853 4749
5249 4908 4861
5249 4861 4943
5249 4906 4908
4909 4908 4906
4909 4906 4853
4859 4854 4860
4859 4742 4825
5249 4945 4906
4996 4945 5249
5263 5208 5210
5263 5210 5264
5264 5133 5135
5264 5135 5263
5265 5215 5218
5265 5218 5266
5267 5141 5268
5267 5268 5266
5267 5219 5208
5267 5208 5263
5263 5135 5141
5263 5141 5267
5234 5229 5228
5250 4742 4769
4730 4735 5250
4769 4748 5250
4731 4730 5250
5250 4743 4742
5210 5269 5270
5271 5272 5167
5271 5167 5166
5273 5274 5163
5273 5163 5162
5274 5273 5272
5274 5272 5271
5270 5264 5210
5275 5132 5270
5269 5275 5270
5275 5207 5132
5210 5209 5269
5270 5276 5264
5270 5132 5276
5276 5045 5133
5276 5133 5264
5132 5045 5276
5208 5221 5209
5207 5205 5131
4761 4810 4819
4753 4752 4734
4753 4734 4737
4784 4783 4786
4784 4786 4789
4743 4734 4752
4752 4751 4744
4735 4730 4733
4735 4733 4736
4781 4780 4782
4781 4782 4785
4735 4734 4743
4735 4743 5250
5019 5015 5018
5019 5018 5020
5066 5058 5061
5066 5061 5067
5098 5095 5094
5098 5094 5099
5103 5019 5012
5103 5012 5102
5103 5109 5053
5103 5053 5052
5179 5178 5181
5179 5181 5180
5218 5217 5220
5218 5220 5219
5266 5218 5219
5266 5219 5267
5242 5277 4904
5242 4904 4856
4904 4771 4746
5277 4771 4904
5241 4770 5240
4727 4747 5240
5278 5222 5215
5278 5215 5265
5214 5222 5278
5265 5266 5268
5279 5280 5281
5279 5281 5282
5283 5284 5285
5283 5285 5286
5287 5288 5289
5286 5285 5290
5286 5290 5291
5292 5293 5294
5292 5294 5295
5291 5290 5293
5291 5293 5292
5295 5294 5280
5295 5280 5279
5296 5297 5298
5296 5298 5289
5299 5296 5289
5299 5289 5288
5300 5298 5297
5300 5297 5301
5302 5299 5288
5302 5288 5303
5304 5305 5306
5304 5306 5307
5308 5309 5304
5308 5304 5310
5288 5287 5311
5288 5311 5303
5312 5281 5280
5312 5280 5313
5285 5284 5314
5314 5284 5311
5314 5311 5315
5316 5290 5285
5316 5285 5317
5318 5294 5293
5318 5293 5319
5319 5293 5290
5319 5290 5316
5313 5280 5294
5313 5294 5318
5310 5304 5307
5310 5307 5320
5321 5322 5323
5321 5323 5324
5325 5326 5327
5325 5327 5328
5329 5330 5331
5329 5331 5332
5333 5325 5328
5333 5328 5334
5335 5336 5337
5335 5337 5338
5336 5333 5334
5336 5334 5337
5323 5322 5335
5323 5335 5338
5339 5340 5341
5339 5341 5342
5343 5339 5342
5343 5342 5344
5345 5341 5340
5345 5340 5346
5347 5348 5349
5347 5349 5350
5351 5343 5344
5351 5344 5352
5353 5354 5355
5353 5355 5356
5357 5358 5359
5357 5359 5360
5326 5356 5355
5326 5355 5327
5361 5357 5360
5361 5360 5362
5363 5329 5332
5363 5332 5364
5365 5366 5367
5365 5367 5368
5369 5370 5371
5369 5371 5372
5373 5374 5369
5373 5369 5372
5371 5370 5365
5371 5365 5368
5367 5366 5375
5367 5375 5376
5348 5347 5363
5348 5363 5364
5305 5304 5309
5305 5309 5377
5378 5379 5380
5378 5380 5381
5289 5298 5382
5287 5289 5383
5298 5300 5382
5315 5311 5287
5315 5287 5383
5303 5384 5385
5303 5385 5302
5311 5384 5303
5352 5354 5353
5352 5353 5351
5331 5330 5386
5331 5386 5387
5388 5374 5373
5388 5373 5389
5389 5387 5386
5389 5386 5388
5285 5314 5317
5307 5306 5282
5307 5282 5281
5320 5307 5281
5320 5281 5312
5358 5321 5324
5358 5324 5359
5376 5375 5378
5376 5378 5381
5311 5284 5384
5284 5283 5384
5289 5382 5383
5126 5125 5130
5126 5130 5206
5104 5130 5125
5125 5124 5105
4645 4644 4628
4645 4628 4630
5390 5391 5392
5390 5392 5393
5394 5395 5396
5394 5396 5397
5398 5399 5400
5398 5400 5401
5402 5403 5404
5402 5404 5405
5406 5396 5395
5406 5395 5407
5408 5398 5401
5408 5401 5409
5410 5392 5391
5410 5391 5411
5412 5413 5414
5412 5414 5415
5416 5417 5418
5416 5418 5419
5413 5406 5407
5413 5407 5414
5417 5408 5409
5417 5409 5418
5403 5410 5411
5403 5411 5404
5420 5421 5422
5420 5422 5423
5424 5425 5426
5424 5426 5427
5427 5426 5428
5427 5428 5429
5429 5428 5423
5429 5423 5422
5430 5431 5432
5433 5434 5435
5433 5435 5436
5437 5438 5439
5440 5441 5442
5440 5442 5443
5444 5445 5446
5437 5447 5448
5437 5448 5438
5449 5450 5451
5452 5453 5454
5452 5454 5455
5456 5457 5458
5456 5458 5459
5460 5446 5461
5460 5461 5462
5463 5442 5441
5463 5441 5464
5465 5430 5432
5465 5432 5466
5448 5447 5467
5449 5451 5468
5449 5468 5469
5455 5454 5470
5455 5470 5471
5456 5459 5472
5456 5472 5473
5474 5460 5462
5439 5438 5475
5446 5445 5461
5390 5393 5476
5390 5476 5477
5478 5479 5480
5478 5480 5481
5482 5483 5484
5482 5484 5485
5486 5487 5488
5486 5488 5489
5481 5480 5490
5481 5490 5491
5485 5484 5492
5485 5492 5493
5477 5476 5494
5477 5494 5495
5496 5497 5412
5496 5412 5415
5498 5499 5416
5498 5416 5419
5491 5490 5497
5491 5497 5496
5493 5492 5499
5493 5499 5498
5495 5494 5487
5495 5487 5486
5420 5500 5501
5420 5501 5421
5502 5503 5504
5502 5504 5505
5506 5504 5503
5506 5503 5507
5507 5501 5500
5507 5500 5506
5508 5509 5510
5511 5512 5513
5511 5513 5514
5437 5439 5515
5516 5517 5518
5516 5518 5519
5444 5520 5445
5521 5522 5523
5521 5523 5524
5525 5526 5527
5528 5529 5530
5528 5530 5531
5532 5533 5534
5532 5534 5535
5536 5537 5538
5536 5538 5539
5519 5518 5540
5519 5540 5541
5509 5508 5520
5509 5520 5444
5523 5542 5524
5543 5515 5475
5543 5475 5527
5531 5544 5545
5531 5545 5528
5534 5546 5547
5534 5547 5535
5539 5538 5548
5439 5475 5515
5520 5461 5445
5549 5550 5551
5549 5551 5552
5552 5551 5553
5552 5553 5554
5554 5553 5555
5554 5555 5556
5557 5558 5559
5557 5559 5560
5561 5562 5563
5561 5563 5564
5565 5566 5567
5565 5567 5568
5564 5563 5569
5564 5569 5570
5568 5567 5571
5568 5571 5572
5573 5574 5575
5573 5575 5576
5577 5550 5578
5550 5549 5578
5576 5575 5562
5576 5562 5561
5558 5557 5566
5558 5566 5565
5579 5580 5581
5579 5581 5582
5583 5579 5582
5583 5582 5584
5585 5583 5584
5585 5584 5586
5587 5588 5589
5587 5589 5590
5591 5592 5593
5591 5593 5594
5595 5596 5597
5595 5597 5598
5599 5591 5594
5599 5594 5600
5596 5601 5602
5596 5602 5597
5603 5604 5605
5603 5605 5606
1763 4471 5580
5580 4471 5581
5592 5603 5606
5592 5606 5593
5588 5595 5598
5588 5598 5589
5607 5608 1294
5607 1294 11
5608 5609 1293
5608 1293 1294
5610 5611 0
1291 1 5611
1291 5611 5612
5613 5610 0
5613 0 7
1293 5609 5614
1293 5614 1289
7 1289 5614
7 5614 5613
5615 16 15
5615 15 5616
11 16 5615
11 5615 5607
5612 5617 1292
5612 1292 1291
5618 5619 5620
5621 5622 5623
5624 5625 5626
5627 5628 5629
5630 5621 5631
5632 5633 5634
5619 5635 5636
5628 5627 5637
5628 5637 5638
5637 5627 5626
5637 5626 5639
5609 5608 5640
5636 5641 5623
5613 5614 5641
5613 5642 5610
5610 5643 5644
5610 5644 5611
5645 5646 5617
5645 5617 5612
5632 5622 5647
5632 5647 5648
5633 5632 5648
5643 5635 5649
5626 5627 5650
5626 5650 5651
5608 5607 5639
5632 5634 5620
5609 5640 5623
5615 5637 5639
5615 5639 5607
5618 5620 5634
5652 5619 5618
5653 5644 5649
5645 5654 5655
5645 5655 5646
5619 5652 5649
5656 5657 5658
5656 5658 5652
5659 5660 5653
5659 5653 5649
5655 5654 5661
5655 5661 5662
5659 5649 5652
5659 5652 5658
5658 5657 5663
5658 5663 5664
5665 5660 5659
5665 5659 5666
5660 5665 5667
5660 5667 5661
5666 5659 5658
5666 5658 5664
5621 5630 5647
5625 5624 5631
5624 5626 5651
5627 5629 5650
5629 5628 5668
5647 5622 5621
5622 5632 5620
5638 5637 5615
5638 5615 5616
5639 5626 5625
5639 5625 5640
5621 5640 5625
5623 5640 5621
5623 5622 5636
5611 5644 5645
5611 5645 5612
5653 5654 5645
5653 5645 5644
5660 5661 5654
5660 5654 5653
5661 5667 5669
5661 5669 5662
5670 5671 5618
5656 5618 5671
5672 5673 5674
5673 5672 5663
5675 5673 5657
5676 5675 5657
5677 5678 5679
5677 5680 5678
5681 5682 5683
5674 5673 5675
5657 5673 5663
5684 5685 5686
5684 5686 5687
5688 5689 5690
5691 5692 5693
5694 5695 5696
5697 5698 5699
5700 5701 5702
5700 5702 5703
5704 5705 5706
5704 5706 5707
5699 5698 5708
5709 5710 5690
5711 5690 5710
5712 5713 5714
5715 5716 5717
5691 5718 5719
5692 5695 5694
5711 5710 5720
5721 5722 5714
5723 5724 5711
5723 5711 5720
5725 5726 5727
5725 5727 5728
5684 5729 5730
5703 5714 5722
5708 5698 5731
5712 5732 5713
5726 5712 5733
5690 5711 5724
5690 5724 5688
5734 5735 5736
5731 5737 5689
5738 5739 5740
5740 5696 5695
5740 5695 5738
5741 5742 5715
5718 5691 5736
5743 5744 5745
5743 5745 5746
5726 5744 5743
5726 5743 5727
5729 5684 5687
5729 5687 5747
5707 5706 5748
5707 5748 5749
5713 5721 5714
5750 5725 5728
5750 5728 5751
5726 5725 5712
5725 5750 5712
5752 5732 5753
5732 5754 5753
5726 5733 5744
5733 5745 5744
5697 5699 5719
5709 5737 5731
5720 5716 5715
5733 5712 5714
5717 5741 5715
5755 5633 5756
5678 5680 5682
5755 5670 5633
5677 5679 5674
5608 5639 5640
5631 5621 5625
5642 5641 5636
5713 5732 5752
5672 5674 5679
5722 5757 5703
5757 5700 5703
5682 5680 5683
5758 5651 5650
5758 5650 5759
5631 5624 5760
5631 5760 5761
5651 5758 5760
5651 5760 5624
5633 5762 5756
5763 5764 5629
5763 5629 5668
5648 5765 5633
5631 5761 5766
5631 5766 5630
5764 5759 5650
5764 5650 5629
5648 5647 5767
5648 5767 5765
5647 5630 5766
5647 5766 5767
5619 5636 5620
5622 5620 5636
5670 5618 5634
5623 5641 5614
5633 5670 5634
5633 5765 5762
5682 5768 5678
5768 5769 5770
5678 5768 5679
5679 5768 5770
5747 5749 5748
5747 5748 5729
5686 5685 5771
5771 5685 5772
5772 5730 5702
5705 5704 5746
5705 5746 5745
5703 5773 5714
5701 5771 5772
5701 5772 5702
5702 5774 5703
5750 5751 5754
5750 5754 5732
5712 5750 5732
5720 5710 5716
5715 5742 5723
5714 5773 5733
5773 5705 5745
5773 5774 5705
5730 5706 5705
5730 5705 5774
5733 5773 5745
5685 5730 5772
5684 5730 5685
5730 5729 5748
5730 5748 5706
5702 5730 5774
5703 5774 5773
5656 5671 5676
5676 5657 5656
5649 5644 5643
5636 5635 5642
5635 5643 5642
5623 5614 5609
5613 5641 5642
5652 5618 5656
0 5611 1
5610 5642 5643
5649 5635 5619
5731 5775 5739
5731 5698 5709
5691 5734 5736
5691 5693 5734
5739 5738 5708
5738 5695 5699
5695 5719 5699
5695 5692 5691
5738 5699 5708
5739 5708 5731
5731 5689 5775
5690 5689 5737
5715 5723 5720
5709 5690 5737
5695 5691 5719
5719 5718 5697
5696 5740 5776
5777 2691 4003
5777 4003 5778
5778 4003 4002
5778 4002 5779
5780 2681 5781
4000 5782 5781
4000 5781 2684
5783 2688 2681
5783 2681 5780
4002 3998 5784
4002 5784 5779
2688 5783 5784
2688 5784 3998
5785 5786 2696
5785 2696 2699
2691 5777 5785
2691 5785 2699
5782 4000 4001
5782 4001 5787
5788 5789 5790
5791 5792 5793
5794 5795 5796
5797 5798 5799
5800 5801 5791
5802 5803 5804
5790 5805 5806
5799 5807 5808
5799 5808 5797
5808 5809 5795
5808 5795 5797
5779 5810 5778
5805 5792 5811
5783 5811 5784
5783 5780 5812
5780 5781 5813
5780 5813 5814
5815 5782 5787
5815 5787 5816
5802 5817 5818
5802 5818 5793
5804 5817 5802
5814 5819 5806
5795 5820 5821
5795 5821 5797
5778 5809 5777
5802 5789 5803
5779 5792 5810
5785 5777 5809
5785 5809 5808
5788 5803 5789
5822 5788 5790
5823 5819 5813
5815 5816 5824
5815 5824 5825
5790 5819 5822
5826 5822 5827
5826 5827 5828
5829 5819 5823
5829 5823 5830
5824 5831 5832
5824 5832 5825
5829 5827 5822
5829 5822 5819
5827 5833 5834
5827 5834 5828
5835 5836 5829
5835 5829 5830
5830 5832 5837
5830 5837 5835
5836 5833 5827
5836 5827 5829
5791 5818 5800
5796 5801 5794
5794 5820 5795
5797 5821 5798
5798 5838 5799
5818 5791 5793
5793 5789 5802
5807 5786 5785
5807 5785 5808
5809 5810 5796
5809 5796 5795
5791 5796 5810
5792 5791 5810
5792 5805 5793
5781 5782 5815
5781 5815 5813
5823 5813 5815
5823 5815 5825
5830 5823 5825
5830 5825 5832
5832 5831 5839
5832 5839 5837
5840 5788 5841
5826 5841 5788
5842 5843 5844
5844 5834 5842
5845 5828 5844
5846 5828 5845
5847 5848 5849
5847 5849 5850
5851 5852 5853
5843 5845 5844
5828 5834 5844
5854 5855 5856
5854 5856 5857
5858 5859 5860
5861 5862 5863
5864 5865 5866
5867 5868 5869
5870 5871 5872
5870 5872 5873
5874 5875 5876
5874 5876 5877
5868 5878 5869
5879 5859 5880
5881 5880 5859
5882 5883 5884
5885 5886 5887
5861 5888 5889
5863 5864 5866
5881 5890 5880
5891 5883 5892
5893 5890 5881
5893 5881 5894
5895 5896 5897
5895 5897 5898
5854 5899 5900
5871 5892 5883
5878 5901 5869
5882 5884 5902
5898 5903 5882
5859 5858 5894
5859 5894 5881
5904 5905 5906
5901 5860 5907
5908 5909 5910
5909 5908 5866
5909 5866 5865
5911 5885 5912
5889 5905 5861
5913 5914 5915
5913 5915 5916
5898 5897 5913
5898 5913 5916
5900 5917 5855
5900 5855 5854
5875 5918 5919
5875 5919 5876
5884 5883 5891
5920 5921 5896
5920 5896 5895
5898 5882 5895
5895 5882 5920
5922 5923 5902
5902 5923 5924
5898 5916 5903
5903 5916 5915
5867 5888 5868
5879 5901 5907
5890 5885 5887
5903 5883 5882
5886 5885 5911
5925 5926 5804
5849 5853 5850
5925 5804 5840
5847 5843 5848
5778 5810 5809
5801 5796 5791
5812 5805 5811
5884 5922 5902
5842 5848 5843
5892 5871 5927
5927 5871 5870
5853 5852 5850
5928 5929 5821
5928 5821 5820
5801 5930 5931
5801 5931 5794
5820 5794 5931
5820 5931 5928
5804 5926 5932
5933 5838 5798
5933 5798 5934
5817 5804 5935
5801 5800 5936
5801 5936 5930
5934 5798 5821
5934 5821 5929
5817 5935 5937
5817 5937 5818
5818 5937 5936
5818 5936 5800
5790 5789 5805
5793 5805 5789
5840 5803 5788
5792 5784 5811
5804 5803 5840
5804 5932 5935
5853 5849 5938
5938 5939 5940
5849 5848 5938
5848 5939 5938
5917 5900 5919
5917 5919 5918
5856 5941 5857
5941 5942 5857
5942 5872 5899
5877 5915 5914
5877 5914 5874
5871 5883 5943
5873 5872 5942
5873 5942 5941
5872 5871 5944
5920 5902 5924
5920 5924 5921
5882 5902 5920
5890 5887 5880
5885 5893 5912
5883 5903 5943
5943 5915 5877
5943 5877 5944
5899 5944 5877
5899 5877 5876
5903 5915 5943
5857 5942 5899
5854 5857 5899
5899 5919 5900
5899 5876 5919
5872 5944 5899
5871 5943 5944
5826 5846 5841
5846 5826 5828
5819 5814 5813
5805 5812 5806
5806 5812 5814
5792 5779 5784
5783 5812 5811
5822 5826 5788
2681 2684 5781
5780 5814 5812
5819 5790 5806
5901 5910 5945
5901 5879 5869
5861 5905 5904
5861 5904 5862
5910 5878 5908
5908 5868 5866
5866 5868 5888
5866 5861 5863
5908 5878 5868
5910 5901 5878
5901 5945 5860
5859 5907 5860
5885 5890 5893
5879 5907 5859
5866 5888 5861
5888 5867 5889
5865 5946 5909
5947 5948 5949
5947 5949 5950
5951 5952 5953
5951 5953 5954
5955 5956 5957
5955 5957 5958
5959 5960 5961
5959 5961 5962
5963 5961 5960
5963 5960 5964
5965 5966 5967
5965 5967 5968
5969 5970 5971
5969 5971 5972
5973 5974 5975
5973 5975 5976
5977 5978 5979
5977 5979 5980
5981 5982 5983
5981 5983 5984
5985 5986 5987
5985 5987 5988
5984 5989 5990
5984 5990 5981
5966 5991 5992
5966 5992 5967
5993 5994 5995
5993 5995 5996
5997 5998 5999
5997 5999 6000
6001 6002 6003
6001 6003 6004
6005 6006 6007
6005 6007 6008
6006 6005 6009
6006 6009 6010
6011 6012 6013
6011 6013 6014
6015 6016 6017
6015 6017 6018
6019 6015 6018
6019 6018 6020
6021 6022 6023
6021 6023 6024
6025 6026 6027
6025 6027 6028
6028 6029 6030
6028 6030 6025
6031 6019 6020
6031 6020 6032
6022 6033 6034
6022 6034 6023
5988 6035 6036
5988 6036 5985
6037 6038 6039
6037 6039 6040
6041 6042 6043
6041 6043 6044
6044 5947 5950
6044 5950 6041
5952 6045 6046
5952 6046 5953
6045 6043 6042
6045 6042 6046
5962 5949 5948
5962 5948 5959
5964 6047 6048
5964 6048 5963
6049 6048 6047
6049 6047 6050
6050 6051 6052
6050 6052 6049
6051 6053 6054
6051 6054 6052
5958 6054 6053
5958 6053 5955
5956 5951 5954
5956 5954 5957
5968 5987 5986
5968 5986 5965
6055 6056 6057
6055 6057 6058
5976 5975 6058
5976 6058 6057
6059 6060 5978
6059 5978 5977
6056 6055 6060
6056 6060 6059
6061 6062 6063
6061 6063 6064
6004 5992 5991
6004 5991 6001
5974 5973 6008
5974 6008 6007
6032 6003 6002
6032 6002 6031
6065 6066 6010
6065 6010 6009
6066 6065 6067
6066 6067 6068
6024 6017 6016
6024 6016 6021
6069 6070 6068
6069 6068 6067
6071 6072 6070
6071 6070 6069
6072 6071 5996
6072 5996 5995
5980 5979 5994
5980 5994 5993
5989 5969 5972
5989 5972 5990
5970 6073 6074
5970 6074 5971
6040 5983 5982
6040 5982 6037
6075 6076 6077
6075 6077 6078
6076 6013 6012
6076 6012 6077
6014 6027 6026
6014 6026 6011
6073 6075 6078
6073 6078 6074
6079 6039 6038
6079 6038 6080
6029 6081 6082
6029 6082 6030
6083 6084 6085
6083 6085 6086
6087 6088 6089
6087 6089 6090
6088 6091 6092
6088 6092 6089
6091 6093 6094
6091 6094 6092
6093 6095 6096
6093 6096 6094
6095 6097 6098
6095 6098 6096
6097 6099 6100
6097 6100 6098
6099 6083 6086
6099 6086 6100
6101 6102 6103
6104 6105 6106
6104 6106 6107
6102 6108 6103
6108 6109 6110
6105 6111 6112
6105 6112 6106
6109 6113 6110
6114 6115 6116
6114 6116 6117
6115 6118 6119
6115 6119 6116
6107 6106 6115
6107 6115 6114
6120 6121 6122
6120 6122 6123
6117 6116 6124
6116 6119 6124
6125 6126 6127
6108 6110 6105
6113 6128 6129
6130 6131 6132
6130 6132 6121
6128 6133 6129
6134 6135 6136
6131 6137 6138
6131 6138 6132
6135 6139 6136
6122 6140 6141
6122 6141 6142
6140 6143 6144
6140 6144 6141
6121 6132 6140
6121 6140 6122
6132 6138 6143
6132 6143 6140
6145 6146 6147
6146 6148 6147
6149 6150 6130
6134 6136 6131
6151 6152 6153
6154 6155 6156
6154 6156 6157
6139 6158 6159
6137 6160 6161
6137 6161 6138
6158 6162 6159
6162 6163 6164
6160 6165 6166
6160 6166 6161
6163 6167 6164
6167 6168 6169
6170 6154 6157
6170 6157 6171
6168 6172 6169
6172 6151 6153
6173 6174 6175
6173 6175 6176
6177 6178 6179
6177 6179 6180
6178 6181 6182
6178 6182 6179
6181 6173 6176
6181 6176 6183
6157 6156 6174
6157 6174 6173
6138 6161 6184
6138 6184 6143
6161 6166 6185
6161 6185 6184
6171 6157 6173
6171 6173 6181
6176 6175 6186
6180 6179 6187
6179 6182 6187
6183 6176 6186
6153 6152 6188
6139 6159 6137
6162 6164 6160
6167 6169 6165
6137 6136 6139
6131 6136 6137
6160 6159 6162
6137 6159 6160
6131 6150 6134
6130 6150 6131
6165 6164 6167
6160 6164 6165
6130 6189 6149
6190 6189 6130
6191 6169 6172
6165 6169 6191
6192 6193 6194
6127 6126 6195
6196 6155 6154
6153 6191 6172
6197 6198 6199
6197 6199 6200
6198 6201 6202
6198 6202 6199
6201 6203 6204
6201 6204 6202
6203 6205 6206
6203 6206 6204
6207 6208 6209
6207 6209 6210
6208 6211 6212
6208 6212 6209
6211 6213 6214
6211 6214 6212
6213 6215 6216
6213 6216 6214
6217 6218 6219
6217 6219 6220
6218 6221 6222
6218 6222 6219
6221 6223 6224
6221 6224 6222
6223 6210 6225
6223 6225 6224
6210 6209 6226
6210 6226 6225
6209 6212 6227
6209 6227 6226
6212 6214 6228
6212 6228 6227
6214 6216 6229
6214 6229 6228
6220 6219 6230
6220 6230 6231
6219 6222 6232
6219 6232 6230
6222 6224 6233
6222 6233 6232
6224 6225 6234
6224 6234 6233
6225 6226 6235
6225 6235 6234
6226 6227 6236
6226 6236 6235
6227 6228 6237
6227 6237 6236
6228 6229 6238
6228 6238 6237
6231 6230 6239
6231 6239 6240
6230 6232 6241
6230 6241 6239
6232 6233 6242
6232 6242 6241
6233 6234 6243
6233 6243 6242
6234 6235 6244
6234 6244 6243
6235 6236 6245
6235 6245 6244
6236 6237 6246
6236 6246 6245
6237 6238 6247
6237 6247 6246
6248 6249 6250
6251 6248 6250
6252 6251 6250
6253 6252 6250
6254 6253 6250
6255 6254 6250
6256 6255 6250
6249 6256 6250
6240 6239 6257
6240 6257 6258
6239 6241 6259
6239 6259 6257
6241 6242 6260
6241 6260 6259
6242 6243 6261
6242 6261 6260
6243 6244 6262
6243 6262 6261
6244 6245 6263
6244 6263 6262
6245 6246 6264
6245 6264 6263
6246 6247 6265
6246 6265 6264
6258 6257 6266
6258 6266 6267
6257 6259 6268
6257 6268 6266
6259 6260 6269
6259 6269 6268
6260 6261 6270
6260 6270 6269
6261 6262 6271
6261 6271 6270
6262 6263 6272
6262 6272 6271
6263 6264 6273
6263 6273 6272
6264 6265 6274
6264 6274 6273
6275 6276 6277
6275 6277 6278
6277 6276 6279
6277 6279 6280
6281 6275 6278
6281 6278 6282
6282 6283 6284
6282 6284 6285
6286 6287 6288
6286 6288 6289
6287 6290 6280
6287 6280 6288
6291 6292 6293
6294 6295 6296
6294 6296 6297
6298 6299 6300
6298 6300 6301
6301 6300 6302
6299 6298 6303
6299 6303 6304
6289 6305 6306
6289 6306 6307
6285 6284 6308
6285 6308 6309
6297 6310 6311
6297 6311 6294
6304 6303 6312
6304 6312 6313
6314 6315 6316
6314 6316 6317
6318 6278 6277
6318 6277 6319
6277 6280 6290
6277 6290 6319
6283 6282 6278
6283 6278 6318
6282 6285 6320
6282 6320 6281
6305 6289 6288
6305 6288 6321
6321 6288 6280
6321 6280 6279
6289 6307 6322
6289 6322 6286
6285 6309 6323
6285 6323 6320
6324 6317 6316
6324 6316 6325
6326 6327 6328
6326 6328 6329
6330 6327 6326
6330 6326 6331
6329 6328 6332
6329 6332 6333
6334 6335 6333
6334 6333 6336
6337 6338 6339
6337 6339 6340
6338 6337 6331
6338 6331 6341
6342 6343 6344
6345 6346 6347
6345 6347 6348
6349 6350 6351
6349 6351 6352
6350 6353 6351
6354 6349 6352
6354 6352 6355
6356 6357 6340
6356 6340 6358
6359 6334 6336
6359 6336 6360
6348 6347 6361
6348 6361 6362
6363 6354 6355
6363 6355 6364
6365 6366 6367
6365 6367 6368
6326 6329 6369
6326 6369 6370
6326 6370 6341
6326 6341 6331
6329 6333 6335
6329 6335 6369
6333 6332 6371
6333 6371 6336
6337 6340 6357
6337 6357 6372
6331 6337 6372
6331 6372 6330
6340 6339 6373
6340 6373 6358
6336 6371 6374
6336 6374 6360
6365 6368 6375
6365 6375 6376
6295 6293 6292
6295 6292 6296
6344 6343 6346
6344 6346 6345
6377 6378 6379
6377 6379 6380
6381 6382 6383
6381 6383 6384
6381 6385 6386
6381 6386 6382
6385 6377 6380
6385 6380 6386
6384 6383 6387
6384 6387 6388
6388 6387 6389
6388 6389 6390
6391 6392 6393
6391 6393 6394
6395 6396 6397
6395 6397 6398
6399 6400 6396
6399 6396 6395
6398 6397 6401
6398 6401 6402
6403 6404 6400
6403 6400 6399
6402 6401 6405
6402 6405 6406
6394 6393 6404
6394 6404 6403
6406 6405 6407
6406 6407 6408
6409 6410 6411
6409 6411 6412
6413 6414 6415
6413 6415 6416
6417 6418 6414
6417 6414 6413
6416 6415 6419
6416 6419 6420
6412 6411 6418
6412 6418 6417
6420 6419 6421
6420 6421 6422
6423 6424 6425
6423 6425 6426
6427 6428 6429
6427 6429 6430
6431 6432 6427
6431 6427 6430
6426 6425 6432
6426 6432 6431
6428 6433 6434
6428 6434 6429
6433 6435 6436
6433 6436 6434
6437 6438 6439
6437 6439 6440
6441 6442 6443
6441 6443 6444
6445 6446 6447
6445 6447 6448
6449 6450 6451
6449 6451 6452
6450 6449 6453
6450 6453 6454
6455 6456 6457
6455 6457 6458
6459 6460 6461
6459 6461 6462
6463 6464 6465
6463 6465 6466
6467 6468 6469
6467 6469 6470
6471 6472 6473
6471 6473 6474
6475 6476 6477
6475 6477 6478
6479 6480 6474
6479 6474 6473
6481 6482 6456
6481 6456 6455
6483 6484 6485
6483 6485 6486
6487 6488 6489
6487 6489 6490
6491 6492 6493
6491 6493 6494
6495 6496 6497
6495 6497 6498
6498 6499 6500
6498 6500 6495
6501 6502 6503
6501 6503 6504
6505 6506 6507
6505 6507 6508
6508 6507 6509
6508 6509 6510
6511 6512 6513
6511 6513 6514
6515 6516 6517
6515 6517 6518
6519 6520 6518
6519 6518 6517
6510 6509 6521
6510 6521 6522
6523 6524 6512
6523 6512 6511
6525 6526 6478
6525 6478 6477
6527 6528 6529
6527 6529 6530
6531 6532 6533
6531 6533 6534
6532 6531 6440
6532 6440 6439
6442 6441 6535
6442 6535 6536
6536 6535 6534
6536 6534 6533
6452 6451 6438
6452 6438 6437
6454 6453 6537
6454 6537 6538
6539 6540 6538
6539 6538 6537
6540 6539 6541
6540 6541 6542
6542 6541 6543
6542 6543 6544
6448 6447 6544
6448 6544 6543
6446 6445 6444
6446 6444 6443
6458 6457 6476
6458 6476 6475
6545 6546 6547
6545 6547 6548
6548 6465 6464
6548 6464 6545
6470 6549 6550
6470 6550 6467
6549 6547 6546
6549 6546 6550
6551 6552 6553
6551 6553 6554
6494 6493 6482
6494 6482 6481
6496 6463 6466
6496 6466 6497
6522 6521 6492
6522 6492 6491
6499 6555 6556
6499 6556 6500
6557 6556 6555
6557 6555 6558
6514 6513 6506
6514 6506 6505
6558 6559 6560
6558 6560 6557
6559 6561 6562
6559 6562 6560
6484 6562 6561
6484 6561 6485
6486 6469 6468
6486 6468 6483
6480 6479 6462
6480 6462 6461
6460 6459 6563
6460 6563 6564
6530 6529 6472
6530 6472 6471
6565 6566 6567
6565 6567 6568
6568 6567 6502
6568 6502 6501
6504 6503 6516
6504 6516 6515
6564 6563 6566
6564 6566 6565
6569 6570 6528
6569 6528 6527
6520 6519 6571
6520 6571 6572
6573 6574 6575
6573 6575 6576
6577 6578 6579
6577 6579 6580
6580 6579 6581
6580 6581 6582
6582 6581 6583
6582 6583 6584
6584 6583 6585
6584 6585 6586
6586 6585 6587
6586 6587 6588
6588 6587 6589
6588 6589 6590
6590 6589 6574
6590 6574 6573
6591 6592 6593
6594 6595 6596
6594 6596 6597
6593 6592 6598
6598 6599 6600
6597 6596 6601
6597 6601 6602
6600 6599 6603
6604 6605 6606
6604 6606 6607
6608 6609 6605
6608 6605 6604
6595 6606 6605
6595 6605 6596
6610 6611 6612
6610 6612 6613
6607 6614 6604
6604 6614 6608
6615 6616 6617
6598 6597 6599
6603 6618 6619
6620 6613 6621
6620 6621 6622
6619 6618 6623
6624 6625 6626
6622 6621 6627
6622 6627 6628
6626 6625 6629
6630 6631 6612
6630 6612 6632
6633 6634 6631
6633 6631 6630
6613 6612 6631
6613 6631 6621
6621 6631 6634
6621 6634 6627
6635 6636 6637
6637 6636 6638
6639 6620 6640
6624 6622 6625
6641 6642 6643
6644 6645 6646
6644 6646 6647
6629 6648 6649
6628 6627 6650
6628 6650 6651
6649 6648 6652
6652 6653 6654
6651 6650 6655
6651 6655 6656
6654 6653 6657
6657 6658 6659
6660 6661 6645
6660 6645 6644
6659 6658 6662
6662 6642 6641
6663 6664 6665
6663 6665 6666
6667 6668 6669
6667 6669 6670
6671 6672 6668
6671 6668 6667
6666 6665 6672
6666 6672 6673
6645 6665 6664
6645 6664 6646
6627 6634 6674
6627 6674 6650
6650 6674 6675
6650 6675 6655
6661 6672 6665
6661 6665 6645
6666 6676 6663
6670 6677 6667
6667 6677 6671
6673 6676 6666
6642 6678 6643
6629 6628 6648
6652 6651 6653
6657 6656 6658
6628 6629 6625
6622 6628 6625
6651 6652 6648
6628 6651 6648
6622 6624 6640
6620 6622 6640
6656 6657 6653
6651 6656 6653
6620 6639 6679
6680 6620 6679
6681 6662 6658
6656 6681 6658
6682 6683 6684
6616 6685 6617
6686 6644 6647
6642 6662 6681
6687 6688 6689
6687 6689 6690
6690 6689 6691
6690 6691 6692
6692 6691 6693
6692 6693 6694
6694 6693 6695
6694 6695 6696
6697 6698 6699
6697 6699 6700
6700 6699 6701
6700 6701 6702
6702 6701 6703
6702 6703 6704
6704 6703 6705
6704 6705 6706
6707 6708 6709
6707 6709 6710
6710 6709 6711
6710 6711 6712
6712 6711 6713
6712 6713 6714
6714 6713 6715
6714 6715 6698
6698 6715 6716
6698 6716 6699
6699 6716 6717
6699 6717 6701
6701 6717 6718
6701 6718 6703
6703 6718 6719
6703 6719 6705
6708 6720 6721
6708 6721 6709
6709 6721 6722
6709 6722 6711
6711 6722 6723
6711 6723 6713
6713 6723 6724
6713 6724 6715
6715 6724 6725
6715 6725 6716
6716 6725 6726
6716 6726 6717
6717 6726 6727
6717 6727 6718
6718 6727 6728
6718 6728 6719
6720 6729 6730
6720 6730 6721
6721 6730 6731
6721 6731 6722
6722 6731 6732
6722 6732 6723
6723 6732 6733
6723 6733 6724
6724 6733 6734
6724 6734 6725
6725 6734 6735
6725 6735 6726
6726 6735 6736
6726 6736 6727
6727 6736 6737
6727 6737 6728
6738 6739 6740
6741 6739 6738
6742 6739 6741
6743 6739 6742
6744 6739 6743
6745 6739 6744
6746 6739 6745
6740 6739 6746
6729 6747 6748
6729 6748 6730
6730 6748 6749
6730 6749 6731
6731 6749 6750
6731 6750 6732
6732 6750 6751
6732 6751 6733
6733 6751 6752
6733 6752 6734
6734 6752 6753
6734 6753 6735
6735 6753 6754
6735 6754 6736
6736 6754 6755
6736 6755 6737
6747 6756 6757
6747 6757 6748
6748 6757 6758
6748 6758 6749
6749 6758 6759
6749 6759 6750
6750 6759 6760
6750 6760 6751
6751 6760 6761
6751 6761 6752
6752 6761 6762
6752 6762 6753
6753 6762 6763
6753 6763 6754
6754 6763 6764
6754 6764 6755
6765 6766 6767
6765 6767 6768
6769 6766 6765
6769 6765 6770
6768 6767 6771
6768 6771 6772
6773 6774 6772
6773 6772 6775
6776 6777 6778
6776 6778 6779
6779 6778 6770
6779 6770 6780
6781 6782 6783
6784 6785 6786
6784 6786 6787
6788 6789 6790
6788 6790 6791
6789 6792 6790
6793 6788 6791
6793 6791 6794
6795 6796 6777
6795 6777 6797
6798 6773 6775
6798 6775 6799
6787 6786 6800
6787 6800 6801
6802 6793 6794
6802 6794 6803
6804 6805 6806
6804 6806 6807
6765 6768 6808
6765 6808 6809
6765 6809 6780
6765 6780 6770
6768 6772 6774
6768 6774 6808
6772 6771 6810
6772 6810 6775
6778 6777 6796
6778 6796 6811
6770 6778 6811
6770 6811 6769
6777 6776 6812
6777 6812 6797
6775 6810 6813
6775 6813 6799
6804 6807 6814
6804 6814 6815
6816 6817 6818
6816 6818 6819
6818 6817 6820
6818 6820 6821
6822 6816 6819
6822 6819 6823
6823 6824 6825
6823 6825 6826
6827 6828 6829
6827 6829 6830
6828 6831 6821
6828 6821 6829
6832 6833 6834
6835 6836 6837
6835 6837 6838
6839 6840 6841
6839 6841 6842
6842 6841 6843
6844 6845 6840
6844 6840 6839
6830 6846 6847
6830 6847 6848
6826 6825 6849
6826 6849 6850
6838 6851 6852
6838 6852 6835
6845 6844 6853
6845 6853 6854
6855 6856 6857
6855 6857 6858
6859 6819 6818
6859 6818 6860
6818 6821 6831
6818 6831 6860
6824 6823 6819
6824 6819 6859
6823 6826 6861
6823 6861 6822
6829 6862 6846
6829 6846 6830
6862 6829 6821
6862 6821 6820
6830 6848 6863
6830 6863 6827
6826 6850 6864
6826 6864 6861
6865 6858 6857
6865 6857 6866
6783 6782 6785
6783 6785 6784
6833 6837 6836
6833 6836 6834
6867 6868 6869
6867 6869 6870
6871 6872 6873
6871 6873 6874
6875 6876 6871
6875 6871 6874
6870 6869 6876
6870 6876 6875
6872 6877 6878
6872 6878 6873
6877 6879 6880
6877 6880 6878
6881 6882 6883
6881 6883 6884
6885 6886 6887
6885 6887 6888
6886 6889 6890
6886 6890 6887
6891 6885 6888
6891 6888 6892
6889 6893 6894
6889 6894 6890
6895 6891 6892
6895 6892 6896
6893 6883 6882
6893 6882 6894
6897 6895 6896
6897 6896 6898
6899 6900 6901
6899 6901 6902
6903 6904 6905
6903 6905 6906
6904 6907 6908
6904 6908 6905
6909 6903 6906
6909 6906 6910
6907 6901 6900
6907 6900 6908
6911 6909 6910
6911 6910 6912
6913 6914 6915
6913 6915 6916
6917 6918 6919
6917 6919 6920
6917 6921 6922
6917 6922 6918
6921 6913 6916
6921 6916 6922
6920 6919 6923
6920 6923 6924
6924 6923 6925
6924 6925 6926
6927 6928 6929
6927 6929 6930
6931 6932 6933
6931 6933 6934
6935 6936 6937
6935 6937 6938
6939 6940 6941
6939 6941 6942
6943 6937 6936
6943 6936 6944
6932 6931 6945
6932 6945 6946
6940 6939 6947
6940 6947 6948
6928 6949 6950
6928 6950 6929
6951 6952 6953
6951 6953 6954
6955 6956 6957
6955 6957 6958
6959 6960 6961
6959 6961 6962
6963 6964 6965
6963 6965 6966
6962 6967 6968
6962 6968 6959
6956 6955 6969
6956 6969 6970
6964 6963 6971
6964 6971 6972
6973 6951 6954
6973 6954 6974
6975 6976 6977
6975 6977 6978
6979 6980 6981
6979 6981 6982
6983 6984 6985
6983 6985 6986
6987 6988 6989
6987 6989 6990
6991 6992 6993
6991 6993 6994
6995 6996 6997
6995 6997 6998
6999 7000 7001
6999 7001 7002
7003 7004 7005
7003 7005 7006
7007 7008 7009
7007 7009 7010
7011 7012 7013
7011 7013 7014
7015 7016 7017
7015 7017 7018
7019 7020 7021
7019 7021 7022
7023 7024 7025
7023 7025 7026
7027 7028 7029
7027 7029 7030
7031 7032 7033
7031 7033 7034
7035 7036 7037
7035 7037 7038
6976 7039 7040
6976 7040 6977
6982 6981 7041
6982 7041 7042
6984 7043 7044
6984 7044 6985
6990 6989 7045
6990 7045 7046
6992 7047 7048
6992 7048 6993
6998 6997 7049
6998 7049 7050
7002 7001 7051
7002 7051 7052
7004 7053 7054
7004 7054 7005
7008 7055 7056
7008 7056 7009
7014 7013 7057
7014 7057 7058
7016 7059 7060
7016 7060 7017
7022 7021 7061
7022 7061 7062
7024 7063 7064
7024 7064 7025
7030 7029 7065
7030 7065 7066
7034 7033 7067
7034 7067 7068
7036 7069 7070
7036 7070 7037
7071 7072 7073
7071 7073 7074
7075 7076 7077
7075 7077 7078
7079 7080 7081
7079 7081 7082
7083 7084 7085
7083 7085 7086
7087 7088 7089
7087 7089 7090
7091 7092 7093
7091 7093 7094
7095 7096 7097
7095 7097 7098
7099 7100 7101
7099 7101 7102
7103 7104 7105
7103 7105 7106
7107 7108 7109
7107 7109 7110
7111 7112 7113
7111 7113 7114
7115 7116 7117
7115 7117 7118
7119 7120 7121
7119 7121 7122
7123 7124 7125
7123 7125 7126
7127 7128 7129
7127 7129 7130
7131 7132 7133
7131 7133 7134
7072 6975 6978
7072 6978 7073
7078 7077 6980
7078 6980 6979
7080 6983 6986
7080 6986 7081
7086 7085 6988
7086 6988 6987
7088 6991 6994
7088 6994 7089
7094 7093 6996
7094 6996 6995
7098 7097 7000
7098 7000 6999
7100 7003 7006
7100 7006 7101
7104 7007 7010
7104 7010 7105
7110 7109 7012
7110 7012 7011
7112 7015 7018
7112 7018 7113
7118 7117 7020
7118 7020 7019
7120 7023 7026
7120 7026 7121
7126 7125 7028
7126 7028 7027
7130 7129 7032
7130 7032 7031
7132 7035 7038
7132 7038 7133
6930 7071 7074
6930 7074 6927
6934 6933 7076
6934 7076 7075
6938 7079 7082
6938 7082 6935
6942 6941 7084
6942 7084 7083
6944 7087 7090
6944 7090 6943
6946 6945 7092
6946 7092 7091
6948 6947 7096
6948 7096 7095
6949 7099 7102
6949 7102 6950
6952 7103 7106
6952 7106 6953
6958 6957 7108
6958 7108 7107
6960 7111 7114
6960 7114 6961
6966 6965 7116
6966 7116 7115
6967 7119 7122
6967 7122 6968
6970 6969 7124
6970 7124 7123
6972 6971 7128
6972 7128 7127
6974 7131 7134
6974 7134 6973
7135 7136 7137
7135 7137 7138
7139 7140 7136
7139 7136 7135
7141 7142 7140
7141 7140 7139
7143 7144 7145
7143 7145 7146
7138 7137 7146
7138 7146 7145
7147 7148 7149
7147 7149 7150
7151 7152 7142
7151 7142 7141
7153 7154 7152
7153 7152 7151
7155 7156 7157
7155 7157 7158
7159 7160 7158
7159 7158 7157
7160 7159 7161
7160 7161 7162
7163 7164 7162
7163 7162 7161
7156 7155 7154
7156 7154 7153
7150 7149 7164
7150 7164 7163
7165 7166 7144
7165 7144 7143
7148 7147 7166
7148 7166 7165
7167 7168 7169
7167 7169 7170
7171 7172 7173
7171 7173 7174
7175 7176 7177
7175 7177 7178
7170 7177 7176
7170 7176 7167
7168 7171 7174
7168 7174 7169
7179 7180 7181
7179 7181 7182
7172 7183 7184
7172 7184 7173
7183 7185 7186
7183 7186 7184
7187 7188 7189
7187 7189 7190
7191 7187 7190
7191 7190 7192
7193 7189 7188
7193 7188 7194
7195 7193 7194
7195 7194 7196
7185 7191 7192
7185 7192 7186
7196 7179 7182
7196 7182 7195
7197 7175 7178
7197 7178 7198
7198 7181 7180
7198 7180 7197
7199 7200 7201
7199 7201 7202
7203 7204 7200
7203 7200 7199
7205 7206 7204
7205 7204 7203
7207 7208 7206
7207 7206 7205
7209 7210 7208
7209 7208 7207
7211 7212 7210
7211 7210 7209
7213 7214 7212
7213 7212 7211
7215 7216 7217
7215 7217 7218
7219 7220 7216
7219 7216 7215
7221 7222 7220
7221 7220 7219
7223 7224 7222
7223 7222 7221
7225 7226 7224
7225 7224 7223
7227 7228 7226
7227 7226 7225
7229 7230 7228
7229 7228 7227
7231 7232 7230
7231 7230 7229
7202 7201 7232
7202 7232 7231
7233 7234 7235
7233 7235 7236
7237 7238 7234
7237 7234 7233
7239 7240 7238
7239 7238 7237
7241 7242 7240
7241 7240 7239
7243 7244 7242
7243 7242 7241
7245 7246 7244
7245 7244 7243
7247 7248 7246
7247 7246 7245
7249 7250 7248
7249 7248 7247
7251 7252 7250
7251 7250 7249
7253 7254 7252
7253 7252 7251
7255 7256 7254
7255 7254 7253
7257 7258 7256
7257 7256 7255
7259 7260 7258
7259 7258 7257
7261 7262 7260
7261 7260 7259
7263 7264 7262
7263 7262 7261
7236 7235 7265
7236 7265 7266
7267 7268 7269
7270 7271 7272
7270 7272 7273
7274 7275 7276
7274 7276 7277
7273 7272 7278
7273 7278 7279
7280 7281 7282
7280 7282 7283
7284 7285 7286
7284 7287 7288
7267 7289 7268
7290 7291 7275
7290 7275 7274
7292 7284 7293
7267 7294 7289
7279 7278 7291
7279 7291 7290
7285 7284 7292
7295 7296 7297
7295 7297 7298
7299 7269 7300
7288 7287 7301
7267 7302 7294
7267 7269 7299
7284 7288 7293
7303 7304 7305
7306 7307 7308
7309 7310 7311
7312 7313 7314
7315 7316 7317
7318 7319 7320
7321 7322 7323
7324 7325 7326
7327 7328 7329
7308 7330 7331
7330 7332 7333
7332 7307 7334
7330 7308 7307
7330 7307 7332
7335 7336 7337
7338 7339 7340
7341 7342 7343
7344 7345 7346
7347 7348 7349
7350 7351 7352
7353 7354 7355
7356 7357 7358
7359 7360 7361
7340 7362 7363
7364 7339 7365
7362 7340 7339
7362 7339 7364
7362 7364 7366
7367 7368 7369
7370 7371 7372
7373 7374 7375
7376 7372 7371
7376 7371 7377
7378 7379 7380
7381 7382 7383
7384 7385 7386
7387 7388 7389
7390 7391 7392
7393 7394 7395
7372 7376 7396
7377 7371 7397
7376 7377 7398
7399 7400 7401
7399 7401 7402
7403 7404 7405
7400 7406 7407
7400 7407 7401
7404 7408 7405
7406 7409 7410
7406 7410 7407
7408 7411 7405
7409 7412 7413
7409 7413 7410
7411 7414 7405
7412 7415 7416
7412 7416 7413
7414 7417 7405
7415 7418 7419
7415 7419 7416
7417 7420 7405
7418 7421 7422
7418 7422 7419
7420 7423 7405
7424 7425 7426
7424 7426 7427
7423 7428 7405
7425 7429 7430
7425 7430 7426
7428 7431 7405
7429 7432 7433
7429 7433 7430
7431 7434 7405
7432 7435 7436
7432 7436 7433
7434 7437 7405
7435 7399 7402
7435 7402 7436
7437 7403 7405
7438 7439 7440
7438 7440 7441
7442 7443 7444
7439 7445 7446
7439 7446 7440
7443 7447 7444
7445 7448 7449
7445 7449 7446
7447 7450 7444
7448 7451 7452
7448 7452 7449
7450 7453 7444
7451 7454 7455
7451 7455 7452
7453 7456 7444
7454 7457 7458
7454 7458 7455
7456 7459 7444
7457 7460 7461
7457 7461 7458
7459 7462 7444
7463 7464 7465
7463 7465 7466
7462 7467 7444
7464 7468 7469
7464 7469 7465
7467 7470 7444
7468 7471 7472
7468 7472 7469
7470 7473 7444
7471 7474 7475
7471 7475 7472
7473 7476 7444
7474 7438 7441
7474 7441 7475
7476 7442 7444
7477 7478 7479
7477 7479 7480
7481 7482 7483
7478 7484 7485
7478 7485 7479
7482 7486 7483
7484 7487 7488
7484 7488 7485
7486 7489 7483
7487 7490 7491
7487 7491 7488
7489 7492 7483
7490 7493 7494
7490 7494 7491
7492 7495 7483
7493 7496 7497
7493 7497 7494
7495 7498 7483
7496 7499 7500
7496 7500 7497
7498 7501 7483
7502 7503 7504
7502 7504 7505
7501 7506 7483
7503 7507 7508
7503 7508 7504
7506 7509 7483
7507 7510 7511
7507 7511 7508
7509 7512 7483
7510 7513 7514
7510 7514 7511
7512 7515 7483
7513 7477 7480
7513 7480 7514
7515 7481 7483
7516 7517 7518
7516 7518 7519
7520 7516 7519
7520 7519 7521
7522 7523 7524
7522 7524 7525
7517 7526 7527
7517 7527 7518
7528 7529 7530
7528 7530 7531
7531 7530 7532
7531 7532 7533
7534 7535 7536
7534 7536 7537
7538 7539 7540
7538 7540 7541
7542 7543 7544
7542 7544 7545
7546 7542 7545
7546 7545 7547
7548 7549 7550
7548 7550 7551
7529 7528 7552
7529 7552 7553
7554 7555 7556
7554 7556 7557
7558 7559 7560
7558 7560 7561
7562 7563 7564
7562 7564 7565
7566 7567 7568
7566 7568 7569
7570 7571 7572
7522 7573 7523
7574 7575 7576
7535 7577 7536
7546 7578 7542
7549 7579 7550
7554 7580 7555
7567 7581 7568
7520 7582 7516
7517 7583 7526
7533 7584 7531
7539 7585 7540
7586 7587 7588
7528 7589 7552
7558 7590 7559
7563 7591 7564
7572 7580 7554
7572 7571 7580
7523 7571 7570
7523 7573 7571
7576 7581 7567
7576 7575 7581
7536 7592 7593
7536 7577 7592
7542 7594 7543
7542 7578 7594
7550 7575 7574
7550 7579 7575
7555 7578 7546
7555 7580 7578
7568 7577 7535
7568 7581 7577
7516 7583 7517
7516 7582 7583
7526 7595 7596
7526 7583 7595
7531 7589 7528
7531 7584 7589
7540 7591 7563
7540 7585 7591
7588 7590 7558
7588 7587 7590
7552 7597 7598
7552 7589 7597
7559 7582 7520
7559 7590 7582
7564 7584 7533
7564 7591 7584
7599 7600 7601
7599 7601 7602
7603 7604 7605
7603 7605 7606
7607 7599 7602
7607 7602 7608
7608 7603 7606
7608 7606 7607
7609 7610 7611
7609 7611 7612
7613 7614 7615
7613 7615 7616
7617 7618 7619
7617 7619 7620
7600 7619 7618
7600 7618 7601
7621 7622 7623
7621 7623 7624
7625 7626 7627
7625 7627 7628
7629 7630 7631
7632 7633 7634
7632 7634 7635
7636 7637 7638
7636 7638 7639
7640 7641 7642
7640 7642 7643
7644 7645 7646
7644 7646 7647
7648 7637 7649
7648 7649 7650
7637 7636 7651
7637 7651 7649
7636 7640 7652
7636 7652 7651
7653 7633 7632
7653 7632 7654
7655 7656 7657
7655 7657 7658
7659 7660 7661
7659 7661 7662
7663 7656 7655
7663 7655 7664
7665 7666 7667
7665 7667 7668
7669 7661 7670
7669 7670 7671
7672 7673 7674
7675 7676 7677
7675 7677 7678
7679 7680 7681
7679 7681 7682
7683 7684 7685
7683 7685 7686
7687 7663 7664
7687 7664 7688
7666 7689 7690
7666 7690 7667
7669 7671 7691
7669 7691 7683
7692 7693 7681
7692 7681 7680
7694 7674 7695
7696 7697 7698
7696 7698 7699
7700 7701 7702
7700 7702 7703
7704 7705 7706
7704 7706 7707
7708 7709 7710
7708 7710 7711
7712 7713 7714
7712 7714 7715
7698 7716 7717
7698 7717 7699
7718 7719 7700
7718 7700 7720
7721 7676 7713
7721 7713 7712
7722 7723 7724
7722 7724 7725
7726 7727 7728
7723 7722 7729
7723 7729 7730
7731 7726 7728
7731 7728 7732
7733 7734 7735
7733 7735 7736
7693 7692 7737
7693 7737 7738
7694 7695 7739
7740 7741 7742
7740 7742 7743
7730 7729 7744
7730 7744 7745
7746 7731 7732
7746 7732 7747
7748 7741 7740
7748 7740 7733
7749 7750 7751
7749 7751 7752
7753 7750 7754
7753 7754 7755
7694 7739 7756
7694 7756 7757
7750 7749 7758
7750 7758 7759
7760 7761 7762
7760 7762 7763
7764 7765 7766
7764 7766 7767
7766 7768 7755
7766 7755 7754
7756 7769 7770
7756 7770 7771
7772 7773 7770
7772 7770 7763
7767 7774 7775
7767 7775 7764
7759 7776 7777
7778 7779 7780
7778 7780 7781
7782 7783 7721
7782 7721 7784
7785 7786 7621
7785 7621 7787
7788 7789 7790
7788 7790 7791
7791 7790 7792
7793 7780 7779
7793 7779 7794
7793 7795 7786
7793 7786 7785
7796 7797 7798
7796 7798 7799
7800 7796 7799
7800 7799 7801
7802 7762 7761
7802 7761 7803
7804 7805 7670
7804 7670 7806
7805 7807 7671
7805 7671 7670
7691 7679 7682
7691 7682 7808
7691 7671 7807
7691 7807 7679
7809 7726 7722
7809 7722 7725
7810 7752 7748
7810 7748 7811
7741 7748 7752
7741 7752 7751
7812 7813 7814
7812 7814 7815
7816 7696 7699
7816 7699 7817
7702 7704 7707
7702 7707 7703
7818 7819 7820
7818 7820 7717
7699 7717 7820
7699 7820 7817
7703 7707 7821
7703 7821 7822
7676 7823 7824
7825 7692 7680
7737 7692 7825
7662 7826 7827
7662 7827 7659
7828 7716 7829
7828 7829 7830
7718 7831 7832
7718 7832 7719
7833 7698 7697
7833 7697 7834
7835 7836 7837
7835 7837 7838
7839 7840 7841
7839 7841 7842
7843 7794 7779
7843 7779 7844
7640 7636 7639
7640 7639 7641
7643 7642 7845
7643 7845 7846
7847 7775 7774
7847 7774 7848
7701 7700 7719
7701 7719 7849
7822 7720 7700
7822 7700 7703
7850 7851 7852
7828 7853 7716
7669 7854 7662
7669 7662 7661
7683 7686 7854
7683 7854 7669
7733 7736 7811
7733 7811 7748
7733 7740 7855
7733 7855 7734
7856 7855 7740
7856 7740 7743
7678 7807 7805
7678 7805 7675
7678 7680 7679
7678 7679 7807
7707 7706 7824
7707 7824 7821
7737 7749 7752
7737 7752 7810
7857 7858 7859
7857 7859 7860
7784 7712 7715
7784 7715 7861
7784 7721 7712
7648 7650 7862
7863 7652 7640
7863 7640 7643
7864 7865 7866
7864 7866 7867
7647 7646 7868
7647 7868 7869
7870 7863 7643
7870 7643 7846
7840 7839 7871
7840 7871 7872
7721 7783 7677
7721 7677 7676
7705 7714 7713
7705 7713 7706
7676 7824 7706
7676 7706 7713
7857 7776 7759
7857 7759 7758
7873 7874 7842
7873 7842 7841
7858 7783 7782
7858 7782 7859
7652 7863 7619
7652 7619 7600
7613 7875 7644
7613 7644 7647
7647 7869 7614
7647 7614 7613
7612 7611 7864
7612 7864 7867
7606 7605 7876
7606 7876 7650
7649 7607 7606
7649 7606 7650
7649 7651 7599
7649 7599 7607
7600 7599 7651
7600 7651 7652
7875 7613 7616
7875 7616 7877
7878 7879 7880
7794 7881 7795
7794 7795 7793
7881 7794 7843
7881 7843 7882
7705 7704 7813
7705 7813 7873
7704 7702 7814
7704 7814 7813
7701 7852 7814
7701 7814 7702
7687 7883 7884
7687 7884 7885
7730 7739 7695
7730 7695 7723
7744 7886 7887
7744 7887 7745
7701 7849 7850
7701 7850 7852
7888 7889 7890
7888 7890 7891
7844 7779 7778
7844 7778 7892
7893 7894 7895
7866 7862 7867
7876 7605 7612
7876 7612 7867
7605 7604 7609
7605 7609 7612
7773 7772 7896
7773 7896 7897
7898 7899 7900
7901 7902 7831
7901 7831 7718
7901 7718 7720
7901 7720 7903
7720 7822 7904
7720 7904 7903
7905 7904 7822
7905 7822 7821
7906 7905 7821
7906 7821 7824
7824 7823 7907
7824 7907 7906
7907 7823 7675
7907 7675 7908
7808 7684 7683
7808 7683 7691
7909 7910 7911
7909 7911 7665
7668 7912 7665
7655 7658 7913
7655 7913 7668
7908 7675 7805
7908 7805 7804
7893 7895 7914
7893 7914 7776
7860 7893 7776
7860 7776 7857
7893 7860 7915
7893 7915 7894
7915 7859 7624
7624 7782 7784
7624 7784 7621
7784 7861 7787
7784 7787 7621
7916 7917 7688
7916 7688 7690
7916 7690 7918
7753 7919 7751
7753 7751 7750
7811 7920 7921
7811 7921 7810
7920 7811 7736
7920 7736 7922
7923 7922 7736
7923 7736 7735
7735 7924 7925
7735 7925 7923
7738 7737 7810
7738 7810 7921
7747 7926 7746
7914 7927 7928
7914 7928 7929
7930 7931 7932
7930 7932 7933
7771 7770 7773
7771 7773 7930
7934 7765 7935
7934 7935 7936
7761 7760 7937
7761 7937 7938
7855 7856 7939
7855 7939 7940
7941 7942 7943
7941 7943 7747
7732 7944 7941
7732 7941 7747
7722 7726 7731
7722 7731 7729
7945 7686 7685
7945 7685 7946
7947 7948 7949
7947 7949 7689
7666 7950 7947
7666 7947 7689
7666 7665 7911
7666 7911 7950
7667 7690 7688
7667 7688 7664
7667 7664 7655
7667 7655 7668
7806 7670 7661
7806 7661 7660
7815 7814 7852
7851 7815 7852
7853 7818 7717
7853 7717 7716
7951 7952 7953
7951 7953 7954
7863 7870 7620
7863 7620 7619
7953 7955 7956
7953 7956 7954
7957 7958 7629
7957 7629 7631
7823 7676 7675
7749 7737 7825
7749 7825 7758
7858 7857 7758
7858 7758 7825
7858 7825 7677
7858 7677 7783
7677 7825 7680
7677 7680 7678
7759 7754 7750
7754 7759 7766
7929 7777 7776
7959 7960 7961
7959 7961 7962
7637 7648 7963
7637 7963 7638
7964 7963 7862
7927 7914 7895
7927 7895 7965
7635 7965 7895
7966 7967 7968
7969 7970 7967
7969 7967 7971
7654 7866 7865
7654 7865 7653
7964 7862 7654
7966 7968 7868
7966 7868 7646
7972 7957 7973
7972 7973 7974
7975 7976 7972
7975 7972 7974
7878 7880 7975
7878 7975 7977
7673 7708 7711
7673 7711 7978
7663 7674 7673
7663 7673 7656
7979 7978 7980
7979 7980 7981
7981 7657 7656
7981 7656 7979
7695 7674 7663
7695 7663 7687
7688 7917 7883
7688 7883 7687
7885 7884 7724
7885 7724 7723
7745 7756 7739
7745 7739 7730
7745 7887 7982
7745 7982 7983
7771 7984 7757
7771 7757 7756
7984 7771 7930
7984 7930 7933
7985 7769 7983
7985 7983 7982
7673 7979 7656
7885 7695 7687
7745 7983 7756
7781 7986 7987
7781 7987 7778
7988 7625 7628
7988 7628 7989
7987 7990 7892
7987 7892 7778
7891 7890 7991
7891 7991 7992
7993 7994 7995
7993 7995 7973
7993 7888 7891
7993 7891 7994
7708 7673 7672
7708 7672 7996
7986 7781 7625
7986 7625 7988
7997 7645 7998
7644 7875 7953
7644 7953 7952
7955 7953 7875
7955 7875 7877
7958 7998 7999
7958 7999 7629
7999 7998 8000
7873 7841 7714
7873 7714 7705
7715 7714 7841
7715 7841 7840
7872 7861 7715
7872 7715 7840
7709 7708 7996
7709 7996 8001
7787 8002 7627
7992 7991 8003
7992 8003 8004
8005 7987 7986
8005 7986 8006
8007 8008 8009
8007 8009 7989
7962 7835 7838
7962 7838 7959
8006 7986 7988
8006 7988 8010
7990 7987 8005
7990 8005 8011
7989 8009 8010
7989 8010 7988
8004 7837 7836
8004 7836 7992
8012 8013 7977
8012 7977 7975
7631 7993 7973
7631 7973 7957
7888 7630 8014
7888 8014 7889
7785 7626 7780
7785 7780 7793
7994 7836 7835
7994 7835 7995
7992 7836 7994
7992 7994 7891
8015 7995 7835
8015 7835 7962
7933 7932 8016
7933 8016 7792
7933 7792 7790
7933 7790 7984
7757 7789 7878
7757 7878 7694
7977 7672 7694
7977 7694 7878
7672 7977 8013
7672 8013 7996
8017 8013 8012
7623 7622 7639
7623 7639 7638
7641 7639 7622
7641 7622 7786
7642 7641 7795
7642 7795 7881
8018 7623 7638
8018 7638 7963
8019 8018 7963
8019 7963 7964
7781 7780 7626
7781 7626 7625
7952 8000 7645
7952 7645 7644
7845 7642 7881
7845 7881 7882
8020 7997 7998
7629 7999 8021
7629 8021 8022
8023 8021 7999
8023 7999 8000
7952 7951 8023
7952 8023 8000
7626 7785 7627
7621 7786 7622
8002 8024 8025
8002 8025 7627
7915 7624 7623
7915 7623 8018
8018 8019 7894
8018 7894 7915
7635 7894 8019
7635 8019 7632
7964 7654 7632
7964 7632 8019
7962 7961 8026
7962 8026 8015
8025 8027 8028
8025 8028 7628
7989 7628 8028
7989 8028 8007
8029 8012 8030
7795 7641 7786
7930 7773 7897
7930 7897 7931
7774 7929 7928
7774 7928 7848
7774 7767 7777
7774 7777 7929
7759 7777 7767
7759 7767 7766
7976 7975 7880
7829 7716 7698
7829 7698 7833
7849 7719 7832
7849 7832 8031
7850 8032 8033
7850 8033 7851
8032 7850 7849
8032 7849 8031
8034 8035 8036
8037 7788 7791
8037 7791 7969
7970 7792 8038
7635 7634 7965
8015 8030 7974
8015 7974 7995
7976 7880 7879
7976 7879 8039
8035 8034 7997
7997 8034 7645
8040 7800 7801
8040 7801 8041
7802 7900 8042
7802 8042 7762
8041 8043 8044
8041 8044 8040
7803 7761 8045
7734 8046 7924
7734 7924 7735
7734 7855 7940
7734 7940 8046
8047 8048 8049
8047 8049 7728
7732 7728 8049
7732 8049 7944
7919 7742 7741
7919 7741 7751
8050 7886 7744
8050 7744 7746
7744 7729 7731
7744 7731 7746
8051 7854 7686
8051 7686 7945
7854 8051 7826
7854 7826 7662
7727 8047 7728
7726 7809 7727
7926 8050 7746
7747 7943 7926
7912 7909 7665
7668 7913 7912
7690 7689 7918
7689 7949 7918
7820 7819 7980
7820 7980 7978
7978 7711 7817
7978 7817 7820
7816 7817 7711
7816 7711 7710
7813 7812 7874
7813 7874 7873
7983 7769 7756
7885 7723 7695
7673 7978 7979
8052 8053 7797
8052 7797 7796
7800 8054 8052
7800 8052 7796
7935 8054 7800
7935 7800 8040
7936 7935 8040
7936 8040 8044
7769 7760 7763
7769 7763 7770
8054 7935 7765
8054 7765 7764
7763 7762 8042
7763 8042 7772
7764 7775 8052
7764 8052 8054
8052 7775 7847
8052 7847 8053
8055 7896 7772
8055 7772 8042
7768 7766 7765
7768 7765 7934
7760 7769 7985
7760 7985 7937
8001 7996 8013
8001 8013 8017
8025 7628 7627
8056 8027 8025
8056 8025 8024
7859 7782 7624
7915 7860 7859
7631 7630 7888
7631 7888 7993
8022 8014 7630
7694 7672 7674
7972 8057 7958
7972 7958 7957
7976 8020 8057
7976 8057 7972
8039 8035 8020
8039 8020 7976
8036 8035 8039
8036 8039 8037
7998 7958 8057
7645 8000 7998
7629 8022 7630
8038 7792 8016
7789 7788 7879
7789 7879 7878
7984 7790 7789
7984 7789 7757
7966 8034 8036
7966 8036 7971
7788 8037 8039
7788 8039 7879
7969 7971 8036
7969 8036 8037
8034 7646 7645
8034 7966 7646
8058 7967 7970
8058 7970 8038
7967 8058 7968
7966 7971 7967
7970 7791 7792
7970 7969 7791
7894 7635 7895
7929 7776 7914
8059 8060 8061
8059 8061 8062
8061 8060 8063
8061 8063 8064
8065 8066 8067
8065 8067 8068
8069 8070 8071
8069 8071 8072
8064 8063 8068
8064 8068 8067
8073 8074 8075
8076 8077 8078
8076 8078 8079
8080 8081 8082
8080 8082 8083
8084 8085 8086
8087 8088 8089
8088 8087 8077
8088 8077 8076
8090 8091 8092
8081 8093 8094
8081 8094 8082
8095 8096 8097
8098 8099 8100
8101 8102 8103
8101 8103 8104
8105 8106 8107
8108 8109 8110
8108 8110 8111
8112 8113 8114
8112 8114 8115
8111 8110 8104
8111 8104 8103
8116 8117 8107
8118 8119 8120
8118 8120 8121
8122 8123 8124
8122 8124 8125
8126 8127 8128
8129 8130 8118
8129 8118 8121
8131 8132 8133
8134 8135 8136
8134 8136 8137
8138 8124 8123
8138 8123 8139
8140 8141 8142
8140 8142 8143
8136 8144 8131
8136 8131 8130
8145 8131 8144
8146 8147 8148
8149 8150 8151
8149 8151 8152
8153 8154 8155
8153 8155 8156
8157 8158 8159
8157 8159 8160
8157 8161 8162
8157 8162 8158
8163 8164 8165
8166 8151 8150
8166 8150 8167
8168 8169 8153
8168 8153 8156
8170 8171 8172
8170 8172 8173
8174 8175 8176
8174 8176 8177
8178 8179 8180
8178 8180 8181
8182 8183 8184
8185 8186 8187
8185 8187 8073
8188 8076 8079
8188 8079 8189
8190 8088 8191
8190 8191 8192
8088 8076 8188
8088 8188 8191
8193 8194 8195
8193 8195 8196
8197 8198 8199
8197 8199 8200
8201 8096 8095
8201 8095 8202
8201 8203 8204
8201 8204 8096
8205 8117 8206
8207 8208 8204
8207 8204 8203
8133 8209 8210
8133 8210 8211
8123 8122 8212
8123 8212 8213
8214 8215 8144
8214 8144 8216
8217 8139 8123
8217 8123 8213
8129 8121 8218
8129 8218 8219
8220 8124 8138
8220 8138 8221
8121 8120 8222
8121 8222 8218
8125 8124 8220
8125 8220 8223
8063 8051 7945
8063 7945 8068
8060 7826 8051
8060 8051 8063
8046 8103 8102
8046 8102 7924
7940 8111 8103
7940 8103 8046
8224 8225 8049
8224 8049 8048
7833 8077 8087
7833 8087 7829
8226 8227 8031
8226 8031 7832
8074 8033 8032
8074 8032 8228
8229 8230 8231
8232 8233 8092
8234 8235 8236
8237 8238 8239
8240 8241 8242
8243 8244 8245
8246 8247 8248
8247 8246 8249
8158 8147 8250
8158 8250 8159
8149 8147 8158
8149 8158 8162
8251 8164 8171
8251 8171 8170
8181 8167 8150
8181 8150 8178
8252 8253 8254
8255 8148 8004
8255 8004 8003
8156 8155 8005
8156 8005 8006
8256 8009 8008
8256 8008 8163
7959 7838 8151
7959 8151 8166
8010 8168 8156
8010 8156 8006
8085 8084 8257
8258 8259 8233
8260 8154 8153
8260 8153 8253
8153 8169 8254
8153 8254 8253
8195 8061 8064
8195 8064 8261
8261 8064 8067
8261 8067 8197
8227 8226 8081
8227 8081 8080
8226 8262 8093
8226 8093 8081
8101 8104 8106
8101 8106 8105
8110 8116 8106
8110 8106 8104
8133 8118 8130
8133 8130 8131
8137 8136 8130
8137 8130 8129
8067 8066 8198
8067 8198 8197
8110 8109 8206
8110 8206 8116
8211 8119 8118
8211 8118 8133
8173 8172 8263
8264 8157 8160
8083 8082 8265
8266 8082 8267
8191 8188 8268
8191 8268 8259
8268 8188 8189
8268 8189 8229
8269 8187 8186
8269 8186 8085
8259 8258 8192
8259 8192 8191
8261 8270 8195
8261 8197 8271
8272 8236 8235
8272 8235 8273
8183 8193 8196
8183 8196 8274
8275 8276 8200
8275 8200 8199
8277 8278 8279
8280 8281 8282
8283 8240 8284
8281 8280 8117
8281 8117 8205
8242 8243 8203
8242 8203 8201
8242 8201 8202
8242 8202 8284
8285 8286 8173
8287 8288 8289
8290 8291 8292
8237 8293 8294
8295 8296 8297
8295 8297 8234
8298 8299 8295
8300 8301 8275
8244 8112 8115
8244 8115 8245
8241 8240 8283
8241 8283 8302
8303 8304 8305
8306 8307 8308
8309 8310 8141
8309 8141 8140
8309 8140 8246
8309 8246 8248
8311 8312 8313
8215 8214 8308
8215 8308 8314
8315 8247 8213
8315 8213 8212
8209 8316 8127
8209 8127 8210
8227 8228 8032
8227 8032 8031
8228 8227 8080
8228 8080 8075
8083 8317 8186
8083 8186 8185
8085 8186 8317
8085 8317 8318
8185 8075 8080
8185 8080 8083
8155 8319 8011
8155 8011 8005
8319 8155 8154
8319 8154 8320
8260 8321 8322
8260 8322 8323
8324 8322 8321
8324 8321 8325
8250 8147 8146
8164 8251 8165
8323 8320 8154
8323 8154 8260
8173 8326 8327
8173 8327 8170
8170 8327 8254
8170 8254 8251
8165 8251 8254
8165 8254 8169
8256 8165 8169
8256 8169 8168
8168 8010 8009
8168 8009 8256
8216 8144 8136
8216 8136 8135
8328 8138 8329
8217 8330 8331
8217 8331 8139
8330 8217 8278
8330 8278 8277
8289 8332 8333
8289 8333 8334
8334 8333 8094
8334 8094 8335
8335 8094 8093
8335 8093 8336
8262 8337 8336
8262 8336 8093
8061 8195 8194
8061 8194 8062
8338 8272 8273
8338 8273 8339
8340 8338 8339
8341 8342 7911
8341 7911 7910
8343 8344 8345
8346 8347 8348
8346 8348 8344
8238 8294 8347
8238 8347 8346
8102 8349 7925
8102 7925 7924
8349 8102 8101
8349 8101 8350
8351 8350 8101
8351 8101 8105
8105 8352 8351
8100 8353 8352
8100 8352 8098
8354 8208 8355
8207 8356 8357
8207 8357 8208
8311 8313 8356
8311 8356 8207
8358 8303 8315
8358 8315 8212
8359 8358 8212
8359 8212 8122
8122 8125 8360
8361 8125 8223
8361 8223 8362
8049 8225 8363
8049 8363 7944
8344 8364 8365
8344 8365 8346
8363 8225 8096
8363 8096 8204
8148 8147 8149
8148 8149 8152
8179 8178 8162
8179 8162 8161
8150 8149 8162
8150 8162 8178
8148 8152 7837
8148 7837 8004
8366 8166 8167
8366 8167 8367
8368 8369 8181
8368 8181 8180
8369 8367 8167
8369 8167 8181
8370 8368 8180
8370 8180 8371
8179 8161 8372
8179 8372 8373
8374 8231 8292
8374 8292 8090
8374 8375 8268
8333 8376 8267
8265 8266 8377
8265 8377 8378
8293 8237 8239
8200 8379 8271
8380 8381 8382
8380 8382 8270
8274 8196 8383
8364 8339 8273
8364 8273 8365
8365 8273 8235
8365 8235 8384
8384 8235 8297
8112 8302 8385
8112 8385 8113
8107 8386 8387
8388 8389 8390
8388 8390 8132
8316 8209 8391
8392 8310 8309
8392 8309 8304
8215 8393 8145
8161 8157 8264
8161 8264 8372
8179 8373 8371
8179 8371 8180
8373 8372 8394
8373 8394 8174
8395 8394 8372
8395 8372 8264
8373 8174 8177
8373 8177 8371
8396 8397 8394
8396 8394 8395
8325 8398 8324
8399 8370 8371
8399 8371 8177
8325 8321 8400
8327 8401 8252
8402 8403 8404
8402 8404 8405
7838 7837 8152
7838 8152 8151
8166 8366 7960
8166 7960 7959
7830 7829 8087
7830 8087 8406
8262 8226 7832
8262 7832 7831
8077 7833 7834
8077 7834 8078
8262 7831 7902
8262 7902 8337
8339 8364 8407
8339 8407 8342
8364 8344 8343
8364 8343 8407
8345 8344 8348
8340 8339 8342
8354 8363 8204
8354 8204 8208
8097 8096 8225
8355 8208 8357
8329 8138 8139
8360 8125 8361
8267 8408 8377
8267 8377 8266
8317 8265 8409
8271 8410 8381
8271 8381 8380
8196 8270 8383
8107 8387 8352
8107 8411 8386
8209 8132 8391
8145 8412 8389
8145 8389 8388
8252 8413 8404
8252 8404 8403
8321 8402 8400
8402 8253 8403
8260 8253 8402
8253 8252 8403
8094 8333 8267
8265 8082 8266
8270 8261 8380
8261 8271 8380
8132 8131 8388
8131 8145 8388
8122 8360 8359
8329 8139 8331
8354 8355 8414
8097 8225 8224
8343 8345 8415
8340 8342 8341
8059 7827 7826
8059 7826 8060
7940 7939 8108
7940 8108 8111
8414 7942 7941
8414 7941 8354
7941 7944 8363
7941 8363 8354
8068 7945 7946
8068 7946 8065
8415 7948 7947
8415 7947 8343
7947 7950 8407
7947 8407 8343
7950 7911 8342
7950 8342 8407
8163 8165 8256
8146 8148 8255
8133 8132 8209
8145 8144 8215
8105 8107 8352
8116 8107 8106
8117 8411 8107
8195 8270 8196
8271 8197 8200
8083 8265 8317
8094 8267 8082
8352 8387 8098
8117 8280 8411
8137 8416 8417
8137 8417 8134
8129 8219 8416
8129 8416 8137
8328 8418 8221
8328 8221 8138
8115 8114 8419
8115 8419 8420
8421 8385 8302
8421 8302 8283
8245 8115 8420
8245 8420 8312
8244 8241 8302
8244 8302 8112
8243 8241 8244
8242 8241 8243
8311 8245 8312
8249 8143 8422
8249 8422 8279
8304 8309 8248
8304 8248 8305
8248 8315 8305
8248 8247 8315
8247 8249 8278
8278 8249 8279
8072 8071 8293
8423 8297 8296
8423 8296 8069
8069 8296 8299
8069 8299 8070
8072 8239 8423
8072 8423 8069
8239 8384 8423
8239 8238 8384
8384 8297 8423
8297 8235 8234
8092 8424 8425
8092 8375 8374
8092 8374 8090
8090 8292 8091
8426 8292 8230
8229 8231 8268
8259 8375 8233
8268 8375 8259
8268 8231 8374
8085 8257 8269
8258 8233 8232
8234 8236 8295
8237 8294 8238
8284 8240 8242
8313 8312 8420
8173 8263 8285
8264 8160 8395
8303 8305 8315
8277 8279 8422
7862 7650 7876
7867 7862 7876
7862 7963 7648
7654 7862 7866
8029 8030 8015
8029 8015 8026
7975 8030 8012
7974 8030 7975
8017 8012 8427
7627 7785 7787
8056 8024 7872
8056 7872 7871
8427 8012 8029
7995 7974 7973
8020 7998 8057
8035 7997 8020
8024 8002 7872
8002 7787 7861
8002 7861 7872
7618 8428 8429
7618 8429 7601
8429 8430 7602
8429 7602 7601
7608 7602 8430
7608 8430 8431
7603 8432 8433
7603 8433 7604
7615 8434 8435
7615 8435 7616
8433 8436 7609
8433 7609 7604
8436 8437 7610
8436 7610 7609
8438 7877 7616
8438 7616 8435
8428 7618 7617
8428 7617 8439
8440 7955 7877
8440 7877 8438
7956 7955 8440
7956 8440 8441
7603 7608 8431
7603 8431 8432
8384 8238 8346
8384 8346 8365
8203 8243 8311
8203 8311 8207
8246 8140 8143
8246 8143 8249
8217 8213 8247
8217 8247 8278
8243 8245 8311
8442 8443 8444
8442 8444 8445
8446 8447 8448
8446 8448 8444
8449 8450 8451
8452 8453 8454
8452 8454 8455
8456 8457 8458
8456 8458 8459
8460 8461 8462
8442 8458 8461
8442 8461 8452
8463 8459 8445
8463 8445 8464
8465 8446 8466
8465 8466 8467
8449 8451 8455
8449 8455 8454
8447 8446 8465
8464 8445 8444
8464 8444 8448
8446 8444 8443
8446 8443 8466
8442 8452 8455
8442 8455 8443
8452 8461 8460
8452 8460 8453
8445 8459 8458
8445 8458 8442
8443 8455 8451
8443 8451 8466
8466 8451 8450
8466 8450 8467
8462 8461 8458
8462 8458 8457
8456 8459 8463
8468 8469 8470
8468 8470 8471
8472 8473 8470
8472 8470 8474
8475 8476 8477
8478 8479 8480
8478 8480 8481
8482 8483 8484
8482 8484 8485
8486 8487 8488
8468 8484 8487
8468 8487 8478
8489 8485 8471
8489 8471 8490
8491 8474 8492
8491 8492 8493
8475 8477 8481
8475 8481 8480
8472 8474 8491
8471 8470 8473
8471 8473 8490
8474 8470 8469
8474 8469 8492
8468 8478 8481
8468 8481 8469
8478 8487 8486
8478 8486 8479
8471 8485 8484
8471 8484 8468
8469 8481 8477
8469 8477 8492
8492 8477 8476
8492 8476 8493
8488 8487 8484
8488 8484 8483
8482 8485 8489
8494 8495 8496
8494 8496 8497
8498 8499 8496
8498 8496 8500
8501 8502 8503
8504 8505 8506
8504 8506 8507
8508 8509 8510
8508 8510 8511
8512 8513 8514
8494 8510 8513
8494 8513 8504
8515 8511 8497
8515 8497 8516
8517 8500 8518
8517 8518 8519
8501 8503 8507
8501 8507 8506
8498 8500 8517
8497 8496 8499
8497 8499 8516
8500 8496 8495
8500 8495 8518
8494 8504 8507
8494 8507 8495
8504 8513 8512
8504 8512 8505
8497 8511 8510
8497 8510 8494
8495 8507 8503
8495 8503 8518
8518 8503 8502
8518 8502 8519
8514 8513 8510
8514 8510 8509
8508 8511 8515
8520 8521 8522
8520 8522 8523
8524 8525 8522
8524 8522 8526
8527 8528 8529
8530 8531 8532
8530 8532 8533
8534 8535 8536
8534 8536 8537
8538 8539 8540
8520 8536 8539
8520 8539 8530
8541 8537 8523
8541 8523 8542
8543 8526 8544
8543 8544 8545
8527 8529 8533
8527 8533 8532
8524 8526 8543
8523 8522 8525
8523 8525 8542
8526 8522 8521
8526 8521 8544
8520 8530 8533
8520 8533 8521
8530 8539 8538
8530 8538 8531
8523 8537 8536
8523 8536 8520
8521 8533 8529
8521 8529 8544
8544 8529 8528
8544 8528 8545
8540 8539 8536
8540 8536 8535
8534 8537 8541
8546 8547 8548
8546 8548 8549
8550 8551 8552
8550 8552 8548
8553 8554 8555
8556 8557 8558
8556 8558 8559
8560 8561 8562
8560 8562 8563
8564 8565 8566
8546 8562 8565
8546 8565 8559
8567 8563 8549
8567 8549 8568
8569 8570 8550
8569 8550 8571
8557 8553 8555
8557 8555 8558
8551 8550 8570
8568 8549 8548
8568 8548 8552
8550 8548 8547
8550 8547 8571
8546 8559 8558
8546 8558 8547
8559 8565 8564
8559 8564 8556
8549 8563 8562
8549 8562 8546
8547 8558 8555
8547 8555 8571
8555 8554 8569
8555 8569 8571
8566 8565 8562
8566 8562 8561
8560 8563 8567
8572 8573 8574
8572 8574 8575
8576 8577 8578
8576 8578 8579
8580 8581 8578
8580 8578 8577
8582 8576 8579
8582 8579 8583
8584 8581 8580
8584 8580 8585
8326 8401 8327
8574 8573 8586
8574 8586 8587
8588 8589 8590
8588 8590 8591
8592 8593 8590
8592 8590 8589
8276 8379 8200
8594 8588 8591
8594 8591 8595
8596 8593 8592
8596 8592 8597
8174 8394 8397
8174 8397 8175
8177 8176 8598
8177 8598 8399
8599 8572 8575
8599 8575 8600
8587 8586 8601
8587 8601 8602
8603 8604 8605
8606 8604 8603
8607 8604 8606
8607 8608 8609
8607 8609 8604
8610 8611 8609
8610 8609 8608
8612 8611 8610
8613 8611 8612
8614 8611 8613
8409 8318 8317
8332 8376 8333
8422 8143 8142
8422 8142 8615
8616 8617 8618
8619 8620 8617
8619 8617 8616
8619 8621 8622
8619 8622 8620
8623 8624 8622
8623 8622 8621
8623 8625 8626
8623 8626 8624
8625 8627 8626
8314 8393 8215
8617 8628 8618
8629 8626 8627
8089 8088 8190
8087 8089 8406
8073 8075 8185
8075 8074 8228
7803 8045 8630
8045 7761 7938
8042 7899 8055
7900 7899 8042
7801 8219 8218
7801 8218 8041
7802 8220 8221
7802 8221 7900
8218 8222 8043
8218 8043 8041
8223 8220 7802
8223 7802 7803
8630 8362 8223
8630 8223 7803
7798 8417 8416
7798 8416 7799
7799 8416 8219
7799 8219 7801
8221 8418 7898
8221 7898 7900
8409 8265 8378
8267 8376 8408
8092 8091 8424
8091 8292 8291
8324 8398 8631
8173 8286 8326
8289 8288 8332
8086 8085 8318
8271 8379 8410
8383 8270 8382
8275 8301 8276
8184 8183 8274
8206 8117 8116
8351 8352 8353
8100 8099 8632
8282 8281 8633
8308 8307 8314
8128 8127 8316
8230 8292 8231
8092 8233 8375
8290 8292 8426
8092 8425 8232
8293 8239 8072
8293 8071 8634
8295 8299 8296
8145 8393 8412
8391 8132 8390
8252 8254 8327
8252 8401 8413
8400 8402 8405
8260 8402 8321
8635 7527 7526
8635 7526 7596
7563 7562 7541
7563 7541 7540
7586 7588 8636
7586 8636 8637
7561 8636 7588
7561 7588 7558
7598 8638 7553
7598 7553 7552
7521 7560 7559
7521 7559 7520
7533 7532 7565
7533 7565 7564
8639 8640 7570
8639 7570 7572
7557 8639 7572
7557 7572 7554
8640 7524 7523
8640 7523 7570
7576 8641 8642
7576 8642 7574
7567 7566 8641
7567 8641 7576
7593 8643 7537
7593 7537 7536
7574 8642 7551
7574 7551 7550
7547 7556 7555
7547 7555 7546
7535 7534 7569
7535 7569 7568
8635 8644 7527
7562 8645 7541
7561 8646 8636
8638 8647 7553
7521 8648 7560
7532 8649 7565
7518 8650 7519
7529 8651 7530
7557 8652 8639
8640 8653 7524
7566 8654 8641
8643 8655 7537
8642 8656 7551
7547 8657 7556
7534 8658 7569
7544 8659 7545
8636 8660 8637
7553 8647 8651
7553 8651 7529
8636 8646 8660
7560 8648 8646
7560 8646 7561
7519 8650 8648
7519 8648 7521
7527 8644 8650
7541 8645 8661
7527 8650 7518
7541 8661 7538
7565 8649 8645
7530 8651 8649
7530 8649 7532
7565 8645 7562
8641 8656 8642
8641 8654 8656
7551 8656 8662
7551 8662 7548
7537 8655 8658
7569 8658 8654
7537 8658 7534
7569 8654 7566
8639 8653 8640
8639 8652 8653
7524 8653 8663
7524 8663 7525
7556 8657 8652
7556 8652 7557
7545 8659 8657
7545 8657 7547
8664 8665 8666
8667 8668 8669
8670 8671 8672
8673 8674 8675
8676 8677 8678
8679 8680 8681
8682 8683 8684
8685 8686 8687
8688 8689 8690
8691 8692 8693
8694 8695 8696
8697 8698 8699
8700 8701 8702
8703 8704 8705
8706 8707 8708
8709 8710 8711
8712 8713 8714
8715 8716 8717
8666 8718 8719
8718 8720 8721
8720 8665 8722
8718 8665 8720
8666 8665 8718
8693 8723 8724
8723 8725 8726
8725 8692 8727
8723 8692 8725
8693 8692 8723
8728 8729 8730
8728 8730 8731
8731 8730 8732
8731 8732 8733
8734 8735 8736
8734 8736 8737
8729 8728 8738
8729 8738 8739
8740 8741 8742
8740 8742 8743
8741 8744 8745
8741 8745 8742
8746 8747 8748
8746 8748 8749
8750 8751 8752
8750 8752 8753
8754 8755 8756
8754 8756 8757
8757 8756 8758
8757 8758 8759
8760 8761 8762
8760 8762 8763
8764 8740 8743
8764 8743 8765
8766 8767 8768
8766 8768 8769
8770 8771 8772
8770 8772 8773
8774 8775 8776
8774 8776 8777
8778 8779 8780
8778 8780 8781
8782 8783 8784
8734 8737 8785
8786 8787 8788
8747 8746 8789
8758 8756 8790
8761 8760 8791
8766 8769 8792
8779 8778 8793
8732 8730 8794
8729 8739 8795
8744 8741 8796
8751 8750 8797
8798 8799 8800
8740 8764 8801
8770 8773 8802
8775 8774 8803
8783 8766 8792
8783 8792 8784
8737 8782 8784
8737 8784 8785
8787 8779 8793
8787 8793 8788
8746 8804 8805
8746 8805 8789
8756 8755 8806
8756 8806 8790
8760 8786 8788
8760 8788 8791
8769 8758 8790
8769 8790 8792
8778 8747 8789
8778 8789 8793
8730 8729 8795
8730 8795 8794
8739 8807 8808
8739 8808 8795
8741 8740 8801
8741 8801 8796
8750 8775 8803
8750 8803 8797
8799 8770 8802
8799 8802 8800
8764 8809 8810
8764 8810 8801
8773 8732 8794
8773 8794 8802
8774 8744 8796
8774 8796 8803
8811 8812 8813
8811 8813 8814
8815 8816 8817
8815 8817 8818
8819 8820 8812
8819 8812 8811
8820 8819 8816
8820 8816 8815
8821 8822 8823
8821 8823 8824
8825 8826 8827
8825 8827 8828
8829 8830 8831
8829 8831 8832
8814 8813 8832
8814 8832 8831
8833 8834 8835
8833 8835 8836
8837 8838 8839
8837 8839 8840
8841 8842 8843
8844 8845 8846
8844 8846 8847
8848 8849 8850
8848 8850 8851
8852 8853 8854
8852 8854 8855
8856 8857 8858
8856 8858 8859
8860 8861 8862
8860 8862 8851
8851 8862 8863
8851 8863 8848
8848 8863 8864
8848 8864 8852
8865 8866 8844
8865 8844 8847
8867 8868 8869
8867 8869 8870
8871 8872 8873
8871 8873 8874
8875 8876 8867
8875 8867 8870
8877 8878 8879
8877 8879 8880
8881 8882 8883
8881 8883 8873
8884 8885 8886
8887 8888 8889
8887 8889 8890
8891 8892 8893
8891 8893 8894
8895 8896 8897
8895 8897 8898
8899 8900 8876
8899 8876 8875
8880 8879 8901
8880 8901 8902
8881 8895 8903
8881 8903 8882
8904 8894 8893
8904 8893 8905
8906 8907 8885
8908 8909 8910
8908 8910 8911
8912 8913 8914
8912 8914 8915
8916 8917 8918
8916 8918 8919
8920 8921 8922
8920 8922 8923
8924 8925 8926
8924 8926 8927
8910 8909 8928
8910 8928 8929
8930 8931 8912
8930 8912 8932
8933 8924 8927
8933 8927 8890
8934 8935 8936
8934 8936 8937
8938 8939 8940
8937 8941 8942
8937 8942 8934
8943 8944 8939
8943 8939 8938
8945 8946 8947
8945 8947 8948
8905 8949 8950
8905 8950 8904
8906 8951 8907
8952 8953 8954
8952 8954 8955
8941 8956 8957
8941 8957 8942
8958 8959 8944
8958 8944 8943
8960 8945 8952
8960 8952 8955
8961 8962 8963
8961 8963 8964
8965 8966 8967
8965 8967 8964
8906 8968 8969
8906 8969 8951
8964 8970 8971
8964 8971 8961
8972 8973 8974
8972 8974 8975
8976 8977 8978
8976 8978 8979
8978 8967 8966
8978 8966 8980
8969 8981 8982
8969 8982 8983
8984 8973 8982
8984 8982 8985
8977 8976 8986
8977 8986 8987
8970 8988 8989
8990 8991 8992
8990 8992 8993
8994 8995 8933
8994 8933 8996
8997 8998 8833
8997 8833 8999
9000 9001 9002
9000 9002 9003
9001 9004 9002
9005 9006 8993
9005 8993 8992
9005 8997 8999
9005 8999 9007
9008 9009 9010
9008 9010 9011
9012 9013 9009
9012 9009 9008
9014 9015 8975
9014 8975 8974
9016 9017 8883
9016 8883 9018
9018 8883 8882
9018 8882 9019
8903 9020 8892
8903 8892 8891
8903 8891 9019
8903 9019 8882
9021 8935 8934
9021 8934 8938
9022 9023 8960
9022 8960 8962
8955 8963 8962
8955 8962 8960
9024 9025 9026
9024 9026 9027
9028 9029 8909
9028 8909 8908
8914 8913 8917
8914 8917 8916
9030 8928 9031
9030 9031 9032
8909 9029 9031
8909 9031 8928
8913 9033 9034
8913 9034 8917
8890 9035 9036
9037 8894 8904
8950 9037 8904
8872 8871 9038
8872 9038 9039
9040 9041 9042
9040 9042 8929
8930 8932 9043
8930 9043 9044
9045 9046 8911
9045 8911 8910
9047 9048 9049
9047 9049 9050
9051 9052 9053
9051 9053 9054
9055 9056 8993
9055 8993 9006
8852 8855 8849
8852 8849 8848
8853 9057 9058
8853 9058 8854
9059 9060 8987
9059 8987 8986
8915 9061 8932
8915 8932 8912
9033 8913 8912
9033 8912 8931
9062 9063 9064
9040 8929 9065
8881 8873 8872
8881 8872 9066
8895 8881 9066
8895 9066 8896
8945 8960 9023
8945 9023 8946
8945 8948 9067
8945 9067 8952
9068 8953 8952
9068 8952 9067
8888 8887 9018
8888 9018 9019
8888 9019 8891
8888 8891 8894
8917 9034 9035
8917 9035 8918
8950 9022 8962
8950 8962 8961
9069 9070 9071
9069 9071 9072
8995 9073 8925
8995 8925 8924
8995 8924 8933
8860 9074 8861
9075 8853 8852
9075 8852 8864
9076 9077 9078
9076 9078 9079
8857 9080 9081
8857 9081 8858
9082 9057 8853
9082 8853 9075
9054 9083 9084
9054 9084 9051
8933 8890 8889
8933 8889 8996
8919 8918 8927
8919 8927 8926
8890 8927 8918
8890 8918 9035
9069 8971 8970
9069 8970 8989
9085 9053 9052
9085 9052 9086
9072 9071 8994
9072 8994 8996
8864 8814 8831
8864 8831 9075
8825 8857 8856
8825 8856 9087
8857 8825 8828
8857 8828 9080
8822 9077 9076
8822 9076 8823
8816 8861 9088
8816 9088 8817
8862 8861 8816
8862 8816 8819
8862 8819 8811
8862 8811 8863
8814 8864 8863
8814 8863 8811
9087 9089 8826
9087 8826 8825
9090 9091 9092
9006 9005 9007
9006 9007 9093
9093 9094 9055
9093 9055 9006
8919 9085 9027
8919 9027 8916
8916 9027 9026
8916 9026 8914
8915 8914 9026
8915 9026 9063
8899 9095 9096
8899 9096 9097
8941 8937 8907
8941 8907 8951
8957 8956 9098
8957 9098 9099
8915 9063 9062
8915 9062 9061
9100 9101 9102
9100 9102 9103
9056 9104 8990
9056 8990 8993
9105 9106 9107
9078 9077 9074
9088 9077 8822
9088 8822 8817
8817 8822 8821
8817 8821 8818
8985 9108 9109
8985 9109 8984
9110 9111 9112
9113 8930 9044
9113 9044 9114
9113 9115 8931
9113 8931 8930
8931 9115 9116
8931 9116 9033
9117 9034 9033
9117 9033 9116
9118 9035 9034
9118 9034 9117
9035 9118 9119
9035 9119 9036
9119 9120 8887
9119 8887 9036
9020 8903 8895
9020 8895 8898
9121 8877 9122
9121 9122 9123
8878 8877 9124
8867 8878 9125
8867 9125 8868
9120 9016 9018
9120 9018 8887
9105 8989 9126
9105 9126 9106
9070 9069 8989
9070 8989 9105
9105 9107 9127
9105 9127 9070
9127 8834 9071
8834 8833 8995
8834 8995 8994
8995 8833 8998
8995 8998 9073
9128 8901 8900
9128 8900 9129
9128 9130 8901
8965 8964 8963
8965 8963 9131
9023 9022 9132
9023 9132 9133
9133 9134 8946
9133 8946 9023
9135 8947 8946
9135 8946 9134
8947 9135 9136
8947 9136 9137
8949 9132 9022
8949 9022 8950
8959 8958 9138
9126 9139 9140
9126 9140 9141
9142 9143 9144
9142 9144 9145
8981 9142 8985
8981 8985 8982
9146 9147 9148
9146 9148 8979
8975 9149 9150
8975 9150 8972
9067 9151 9152
9067 9152 9068
9153 8959 9154
9153 9154 9155
8944 8959 9153
8944 9153 9156
8934 8942 8943
8934 8943 8938
9157 9158 8897
9157 8897 8896
9159 8902 9160
9159 9160 9161
8880 8902 9159
8880 9159 9162
8880 9162 9122
8880 9122 8877
8879 8876 8900
8879 8900 8901
8879 8878 8867
8879 8867 8876
9017 8874 8873
9017 8873 8883
9025 9063 9026
9064 9063 9025
9065 8928 9030
9065 8929 8928
9163 9164 9165
9163 9165 9166
9075 8831 8830
9075 8830 9082
9165 9164 9167
9165 9167 9168
9169 8842 8841
9169 8841 9170
9036 8887 8890
8961 8971 9037
8961 9037 8950
9072 9037 8971
9072 8971 9069
9072 8996 8889
9072 8889 9037
8889 8888 8894
8889 8894 9037
8970 8964 8967
8967 8978 8970
9139 8989 8988
9171 9172 9173
9171 9173 9174
8851 8850 9175
8851 9175 8860
9176 9074 9175
9141 9177 9106
9141 9106 9126
8845 9106 9177
9178 9179 9180
9181 9182 9180
9181 9180 9183
8866 8865 9079
8866 9079 9078
9176 8866 9074
9178 8858 9081
9178 9081 9179
9184 9185 9186
9184 9186 9169
9187 9185 9184
9187 9184 9188
9090 9189 9187
9090 9187 9091
8886 9190 8921
8886 8921 8920
8875 8870 8886
8875 8886 8885
9191 9192 9193
9191 9193 9190
9192 9191 8870
9192 8870 8869
8907 8899 8875
8907 8875 8885
8900 8899 9097
8900 9097 9129
9095 8937 8936
9095 8936 9096
8956 8941 8951
8956 8951 8969
8956 9194 9195
8956 9195 9098
8981 8969 8968
8981 8968 9196
9196 9143 9142
9196 9142 8981
9197 9195 9194
9197 9194 8983
8886 8870 9191
9095 8899 8907
8956 8969 9194
8991 8990 9198
8991 9198 9199
9200 9201 8838
9200 8838 8837
9198 8990 9104
9198 9104 9202
9101 9203 9204
9101 9204 9102
9205 9186 9206
9205 9206 9207
9205 9207 9101
9205 9101 9100
8920 9208 8884
8920 8884 8886
9199 9200 8837
9199 8837 8991
9209 9210 8859
8856 9166 9165
8856 9165 9087
9168 9089 9087
9168 9087 9165
9170 8841 9211
9170 9211 9210
9211 9212 9210
9085 8919 8926
9085 8926 9053
8925 9054 9053
8925 9053 8926
9083 9054 8925
9083 8925 9073
8923 9213 9208
8923 9208 8920
8998 8839 9214
9203 9215 9216
9203 9216 9204
9217 9218 9199
9217 9199 9198
9219 9201 9220
9219 9220 9221
9172 9171 9048
9172 9048 9047
9218 9222 9200
9218 9200 9199
9202 9223 9217
9202 9217 9198
9201 9200 9222
9201 9222 9220
9215 9203 9050
9215 9050 9049
9224 9187 9189
9224 9189 9225
8842 9169 9186
8842 9186 9205
9100 9103 9226
9100 9226 8843
8997 9005 8992
8997 8992 8840
9207 9206 9047
9207 9047 9050
9203 9101 9207
9203 9207 9050
9227 9172 9047
9227 9047 9206
9143 9004 9228
9143 9228 9144
9143 9196 9002
9143 9002 9004
8968 8906 9090
8968 9090 9003
9189 9090 8906
9189 8906 8884
8884 9208 9225
8884 9225 9189
9229 9224 9225
8835 8850 8849
8835 8849 8836
8855 8999 8836
8855 8836 8849
8854 9093 9007
8854 9007 8855
9230 9175 8850
9230 8850 8835
9231 9176 9175
9231 9175 9230
8991 8837 8840
8991 8840 8992
9166 8856 8859
9166 8859 9212
9058 9094 9093
9058 9093 8854
9232 9210 9209
8841 9233 9234
8841 9234 9211
9235 9212 9211
9235 9211 9234
9166 9212 9235
9166 9235 9163
8840 8839 8997
8833 8836 8999
9214 8839 9236
9214 9236 9237
9127 9230 8835
9127 8835 8834
9230 9127 9107
9230 9107 9231
8845 8844 9231
8845 9231 9107
9176 9231 8844
9176 8844 8866
9172 9227 9238
9172 9238 9173
9236 8838 9239
9236 9239 9240
9201 9219 9239
9201 9239 8838
9241 9242 9224
9007 8999 8855
9142 9145 9108
9142 9108 8985
8987 9060 9140
8987 9140 9139
8987 9139 8988
8987 8988 8977
8970 8978 8977
8970 8977 8988
9188 9091 9187
9042 9045 8910
9042 8910 8929
9061 9243 9043
9061 9043 8932
9062 9064 9244
9062 9244 9245
9245 9243 9061
9245 9061 9062
9246 9247 9248
9249 9181 9001
9249 9001 9000
9183 9250 9004
8845 9177 8846
9227 9185 9242
9227 9206 9185
9188 9251 9092
9188 9092 9091
9248 9209 9246
9209 8859 9246
9252 9253 9013
9252 9013 9012
9254 9111 9014
9254 9014 8974
9253 9252 9255
9253 9255 9256
9015 9257 8975
8948 8947 9137
8948 9137 9258
8948 9258 9151
8948 9151 9067
9259 8939 9260
9259 9260 9261
8944 9156 9260
8944 9260 8939
9131 8963 8955
9131 8955 8954
9262 8958 8957
9262 8957 9099
8957 8958 8943
8957 8943 8942
9263 9157 8896
9263 8896 9066
9066 8872 9039
9066 9039 9263
8940 8939 9259
8938 8940 9021
9138 8958 9262
8959 9138 9154
9124 8877 9121
8878 9124 9125
8901 9130 8902
8902 9130 9160
9031 9190 9193
9031 9193 9032
9190 9031 9029
9190 9029 8921
9028 8922 8921
9028 8921 9029
9027 9085 9086
9027 9086 9024
9194 8969 8983
9095 8907 8937
8886 9191 9190
9264 9008 9011
9264 9011 9265
9012 9008 9264
9012 9264 9266
9148 9252 9012
9148 9012 9266
9147 9255 9252
9147 9252 9148
8983 8982 8973
8983 8973 8972
9266 8976 8979
9266 8979 9148
8973 8984 9254
8973 9254 8974
8976 9266 9264
8976 9264 8986
9264 9265 9059
9264 9059 8986
9267 9254 8984
9267 8984 9109
8980 9146 8979
8980 8979 8978
8972 9150 9197
8972 9197 8983
9213 9229 9225
9213 9225 9208
9236 8839 8838
9268 9237 9236
9268 9236 9240
9071 8834 8994
9127 9071 9070
8842 9205 9100
8842 9100 8843
9233 8843 9226
8906 8885 8884
9184 9169 9170
9184 9170 9269
9188 9184 9269
9188 9269 9232
9251 9188 9232
9251 9232 9248
9247 9249 9251
9247 9251 9248
9210 9269 9170
8859 9210 9212
8841 8843 9233
9250 9228 9004
9003 9090 9092
9003 9092 9000
9196 8968 9003
9196 9003 9002
9178 9182 9247
9178 9247 9246
9000 9092 9251
9000 9251 9249
9181 9249 9247
9181 9247 9182
9246 8859 8858
9246 8858 9178
9270 9250 9183
9270 9183 9180
9180 9179 9270
9178 9180 9182
9183 9004 9001
9183 9001 9181
9107 9106 8845
9139 9126 8989
9271 9272 9273
9271 9273 9274
9273 9275 9276
9273 9276 9274
9277 9278 9279
9277 9279 9280
9281 9282 9283
9281 9283 9284
9275 9279 9278
9275 9278 9276
9285 9286 9287
9288 9289 9290
9288 9290 9291
9292 9293 9294
9292 9294 9295
9296 9297 9298
9299 9300 9301
9301 9288 9291
9301 9291 9299
9302 9303 9304
9295 9294 9305
9295 9305 9306
9307 9308 9309
9310 9311 9312
9313 9314 9315
9313 9315 9316
9317 9318 9319
9320 9321 9322
9320 9322 9323
9324 9325 9326
9324 9326 9327
9321 9315 9314
9321 9314 9322
9328 9318 9329
9330 9331 9332
9330 9332 9333
9334 9335 9336
9334 9336 9337
9338 9339 9340
9341 9331 9330
9341 9330 9342
9343 9344 9345
9346 9347 9348
9346 9348 9349
9350 9351 9337
9350 9337 9336
9352 9353 9354
9352 9354 9355
9348 9342 9343
9348 9343 9356
9357 9356 9343
9358 9359 9360
9361 9362 9363
9361 9363 9364
9365 9366 9367
9365 9367 9368
9369 9370 9371
9369 9371 9372
9369 9372 9373
9369 9373 9374
9375 9376 9377
9378 9379 9364
9378 9364 9363
9380 9366 9365
9380 9365 9381
9382 9383 9384
9382 9384 9385
9386 9387 9388
9386 9388 9389
9390 9391 9392
9390 9392 9393
9394 9395 9396
9397 9285 9398
9397 9398 9399
9400 9401 9289
9400 9289 9288
9402 9403 9404
9402 9404 9301
9301 9404 9400
9301 9400 9288
9405 9406 9407
9405 9407 9408
9409 9410 9411
9409 9411 9412
9413 9414 9307
9413 9307 9309
9413 9309 9415
9413 9415 9416
9417 9418 9329
9419 9416 9415
9419 9415 9420
9344 9421 9422
9344 9422 9423
9337 9424 9425
9337 9425 9334
9426 9427 9356
9426 9356 9428
9429 9424 9337
9429 9337 9351
9341 9430 9431
9341 9431 9331
9350 9336 9432
9350 9432 9433
9331 9431 9434
9331 9434 9332
9432 9336 9335
9432 9335 9435
9276 9278 9157
9276 9157 9263
9274 9276 9263
9274 9263 9039
9258 9137 9316
9258 9316 9315
9151 9258 9315
9151 9315 9321
9436 9261 9260
9436 9260 9437
9045 9042 9299
9045 9299 9291
9438 9043 9243
9438 9243 9439
9287 9440 9245
9287 9245 9244
9441 9442 9443
9444 9303 9445
9446 9447 9448
9449 9450 9451
9452 9453 9454
9455 9456 9457
9458 9459 9460
9460 9461 9458
9372 9371 9462
9372 9462 9360
9361 9373 9372
9361 9372 9360
9463 9382 9385
9463 9385 9377
9391 9390 9364
9391 9364 9379
9464 9465 9466
9467 9216 9215
9467 9215 9359
9366 9218 9217
9366 9217 9367
9468 9375 9221
9468 9221 9220
9171 9378 9363
9171 9363 9048
9222 9218 9366
9222 9366 9380
9298 9469 9296
9470 9445 9471
9472 9466 9365
9472 9365 9368
9365 9466 9465
9365 9465 9381
9407 9473 9275
9407 9275 9273
9473 9409 9279
9473 9279 9275
9439 9292 9295
9439 9295 9438
9438 9295 9306
9438 9306 9474
9313 9317 9319
9313 9319 9314
9322 9314 9319
9322 9319 9328
9344 9343 9342
9344 9342 9330
9347 9341 9342
9347 9342 9348
9279 9409 9412
9279 9412 9280
9322 9328 9418
9322 9418 9323
9421 9344 9330
9421 9330 9333
9383 9475 9384
9476 9370 9369
9293 9477 9294
9478 9479 9294
9404 9471 9480
9404 9480 9400
9480 9441 9401
9480 9401 9400
9481 9298 9399
9481 9399 9398
9471 9404 9403
9471 9403 9470
9473 9407 9482
9473 9483 9409
9484 9485 9448
9484 9448 9447
9396 9486 9406
9396 9406 9405
9487 9411 9410
9487 9410 9488
9489 9490 9491
9492 9493 9494
9495 9496 9452
9494 9417 9329
9494 9329 9492
9453 9413 9416
9453 9416 9455
9453 9496 9414
9453 9414 9413
9497 9383 9498
9499 9500 9501
9502 9503 9504
9449 9505 9506
9507 9446 9508
9507 9508 9509
9510 9507 9511
9512 9487 9513
9457 9456 9325
9457 9325 9324
9454 9514 9495
9454 9495 9452
9515 9516 9517
9518 9519 9520
9521 9352 9355
9521 9355 9522
9521 9459 9458
9521 9458 9352
9523 9524 9525
9428 9526 9519
9428 9519 9426
9527 9425 9424
9527 9424 9460
9423 9422 9340
9423 9340 9528
9439 9243 9245
9439 9245 9440
9440 9286 9292
9440 9292 9439
9293 9397 9399
9293 9399 9529
9298 9530 9529
9298 9529 9399
9397 9293 9292
9397 9292 9286
9367 9217 9223
9367 9223 9531
9531 9532 9368
9531 9368 9367
9472 9533 9534
9472 9534 9535
9536 9537 9535
9536 9535 9534
9462 9358 9360
9377 9376 9463
9533 9472 9368
9533 9368 9532
9383 9382 9538
9383 9538 9539
9382 9463 9465
9382 9465 9538
9376 9381 9465
9376 9465 9463
9468 9380 9381
9468 9381 9376
9380 9468 9220
9380 9220 9222
9427 9349 9348
9427 9348 9356
9540 9541 9350
9429 9351 9542
9429 9542 9543
9543 9489 9491
9543 9491 9429
9500 9544 9545
9500 9545 9546
9544 9547 9305
9544 9305 9545
9547 9548 9306
9547 9306 9305
9474 9306 9548
9474 9548 9549
9273 9272 9408
9273 9408 9407
9550 9551 9485
9550 9485 9484
9552 9551 9550
9553 9123 9122
9553 9122 9554
9555 9556 9557
9558 9557 9559
9558 9559 9560
9451 9558 9560
9451 9560 9505
9316 9137 9136
9316 9136 9561
9561 9562 9313
9561 9313 9316
9563 9317 9313
9563 9313 9562
9317 9563 9564
9311 9310 9564
9311 9564 9565
9566 9567 9420
9419 9420 9568
9419 9568 9569
9523 9419 9569
9523 9569 9524
9570 9425 9527
9570 9527 9515
9571 9334 9425
9571 9425 9570
9334 9572 9335
9573 9574 9435
9573 9435 9335
9260 9156 9575
9260 9575 9437
9557 9558 9576
9557 9576 9577
9575 9415 9309
9575 9309 9437
9359 9362 9361
9359 9361 9360
9393 9374 9373
9393 9373 9390
9364 9390 9373
9364 9373 9361
9359 9215 9049
9359 9049 9362
9578 9579 9379
9578 9379 9378
9580 9392 9391
9580 9391 9581
9581 9391 9379
9581 9379 9579
9582 9583 9392
9582 9392 9580
9393 9584 9585
9393 9585 9374
9586 9302 9503
9586 9503 9442
9586 9480 9587
9545 9479 9588
9477 9589 9590
9477 9590 9478
9506 9450 9449
9410 9483 9591
9592 9482 9593
9592 9593 9594
9486 9595 9406
9577 9576 9485
9577 9485 9551
9576 9596 9448
9576 9448 9485
9596 9508 9448
9324 9327 9597
9324 9597 9514
9318 9598 9599
9600 9345 9601
9600 9601 9602
9528 9603 9423
9521 9522 9604
9521 9604 9517
9428 9357 9605
9374 9585 9476
9374 9476 9369
9393 9392 9583
9393 9583 9584
9584 9386 9606
9584 9606 9585
9607 9476 9585
9607 9585 9606
9584 9583 9387
9584 9387 9386
9606 9608 9609
9606 9609 9607
9537 9536 9610
9611 9387 9583
9611 9583 9582
9537 9612 9535
9538 9464 9613
9614 9615 9616
9614 9616 9617
9048 9363 9362
9048 9362 9049
9378 9171 9174
9378 9174 9578
9041 9618 9299
9041 9299 9042
9474 9044 9043
9474 9043 9438
9291 9290 9046
9291 9046 9045
9474 9549 9114
9474 9114 9044
9551 9554 9619
9551 9619 9577
9577 9619 9555
9577 9555 9557
9556 9559 9557
9552 9554 9551
9566 9420 9415
9566 9415 9575
9308 9437 9309
9567 9568 9420
9541 9351 9350
9572 9573 9335
9479 9478 9590
9479 9590 9620
9529 9621 9477
9483 9592 9594
9483 9594 9622
9406 9595 9482
9318 9564 9598
9318 9599 9623
9423 9603 9345
9357 9600 9602
9357 9602 9624
9464 9617 9616
9464 9616 9625
9535 9612 9614
9614 9617 9466
9472 9614 9466
9466 9617 9464
9305 9479 9545
9477 9478 9294
9482 9592 9473
9473 9592 9483
9345 9600 9343
9343 9600 9357
9334 9571 9572
9541 9542 9351
9566 9626 9567
9308 9436 9437
9555 9627 9556
9552 9553 9554
9271 9274 9039
9271 9039 9038
9151 9321 9320
9151 9320 9152
9626 9566 9153
9626 9153 9155
9153 9566 9575
9153 9575 9156
9278 9277 9158
9278 9158 9157
9627 9555 9159
9627 9159 9161
9159 9555 9619
9159 9619 9162
9162 9619 9554
9162 9554 9122
9375 9468 9376
9358 9467 9359
9344 9423 9345
9357 9428 9356
9317 9564 9318
9328 9319 9318
9329 9318 9623
9407 9406 9482
9483 9410 9409
9293 9529 9477
9305 9294 9479
9564 9310 9598
9329 9623 9492
9347 9346 9628
9347 9628 9629
9341 9347 9629
9341 9629 9430
9540 9350 9433
9540 9433 9630
9325 9631 9632
9325 9632 9326
9633 9495 9514
9633 9514 9597
9456 9525 9631
9456 9631 9325
9457 9324 9514
9457 9514 9454
9455 9457 9454
9453 9455 9454
9523 9525 9456
9461 9490 9634
9461 9634 9353
9517 9516 9459
9517 9459 9521
9459 9516 9527
9459 9527 9460
9460 9491 9461
9491 9490 9461
9282 9506 9283
9635 9281 9509
9635 9509 9508
9281 9284 9511
9281 9511 9509
9282 9281 9635
9282 9635 9450
9450 9635 9596
9450 9596 9451
9596 9635 9508
9508 9446 9448
9303 9636 9637
9303 9302 9586
9303 9586 9587
9302 9304 9503
9638 9443 9503
9441 9480 9442
9471 9445 9587
9480 9471 9587
9480 9586 9442
9298 9481 9469
9470 9444 9445
9446 9507 9447
9449 9451 9505
9496 9453 9452
9524 9631 9525
9383 9497 9475
9476 9607 9370
9515 9527 9516
9489 9634 9490
9074 9088 8861
9077 9088 9074
9074 8860 9175
8866 9078 9074
9241 9238 9227
9241 9227 9242
9187 9224 9242
9185 9187 9242
9229 9639 9224
8839 8998 8997
9268 9084 9083
9268 9083 9237
9639 9241 9224
9206 9186 9185
9232 9269 9210
9248 9232 9209
9237 9083 9214
9214 9073 8998
9214 9083 9073
8832 8813 9640
8832 9640 9641
9640 8813 8812
9640 8812 9642
8820 9643 9642
8820 9642 8812
9644 9645 8815
9644 8815 8818
9646 9647 8827
9646 8827 8826
9644 8818 8821
9644 8821 9648
9648 8821 8824
9648 8824 9649
9650 9646 8826
9650 8826 9089
9641 9651 8829
9641 8829 8832
9652 9650 9089
9652 9089 9168
9652 9168 9167
9652 9167 9653
8815 9645 9643
8815 9643 8820
9596 9576 9558
9596 9558 9451
9416 9419 9523
9416 9523 9455
9458 9461 9353
9458 9353 9352
9429 9491 9460
9429 9460 9424
9455 9523 9456
9654 9655 9656
9654 9656 9657
9658 9659 9660
9658 9660 9654
9661 9662 9663
9664 9665 9666
9664 9666 9667
9668 9669 9670
9668 9670 9671
9672 9673 9674
9656 9666 9674
9656 9674 9668
9675 9676 9657
9675 9657 9671
9677 9678 9679
9677 9679 9660
9661 9664 9667
9661 9667 9662
9659 9677 9660
9654 9657 9676
9654 9676 9658
9660 9679 9655
9660 9655 9654
9667 9666 9656
9667 9656 9655
9666 9665 9672
9666 9672 9674
9657 9656 9668
9657 9668 9671
9662 9667 9655
9662 9655 9679
9663 9662 9679
9663 9679 9678
9673 9669 9668
9673 9668 9674
9670 9675 9671
9680 9681 9682
9680 9682 9683
9684 9685 9680
9684 9680 9686
9687 9688 9689
9690 9691 9692
9690 9692 9693
9694 9695 9696
9694 9696 9697
9698 9699 9700
9682 9692 9700
9682 9700 9694
9701 9702 9683
9701 9683 9697
9703 9704 9705
9703 9705 9685
9687 9690 9693
9687 9693 9688
9684 9703 9685
9683 9702 9686
9683 9686 9680
9685 9705 9681
9685 9681 9680
9693 9692 9682
9693 9682 9681
9692 9691 9698
9692 9698 9700
9683 9682 9694
9683 9694 9697
9688 9693 9681
9688 9681 9705
9689 9688 9705
9689 9705 9704
9699 9695 9694
9699 9694 9700
9696 9701 9697
9706 9707 9708
9706 9708 9709
9710 9711 9706
9710 9706 9712
9713 9714 9715
9716 9717 9718
9716 9718 9719
9720 9721 9722
9720 9722 9723
9724 9725 9726
9708 9718 9726
9708 9726 9720
9727 9728 9709
9727 9709 9723
9729 9730 9731
9729 9731 9711
9713 9716 9719
9713 9719 9714
9710 9729 9711
9709 9728 9712
9709 9712 9706
9711 9731 9707
9711 9707 9706
9719 9718 9708
9719 9708 9707
9718 9717 9724
9718 9724 9726
9709 9708 9720
9709 9720 9723
9714 9719 9707
9714 9707 9731
9715 9714 9731
9715 9731 9730
9725 9721 9720
9725 9720 9726
9722 9727 9723
9732 9733 9734
9732 9734 9735
9736 9737 9732
9736 9732 9738
9739 9740 9741
9742 9743 9744
9742 9744 9745
9746 9747 9748
9746 9748 9749
9750 9751 9752
9734 9744 9752
9734 9752 9746
9753 9754 9735
9753 9735 9749
9755 9756 9757
9755 9757 9737
9739 9742 9745
9739 9745 9740
9736 9755 9737
9735 9754 9738
9735 9738 9732
9737 9757 9733
9737 9733 9732
9745 9744 9734
9745 9734 9733
9744 9743 9750
9744 9750 9752
9735 9734 9746
9735 9746 9749
9740 9745 9733
9740 9733 9757
9741 9740 9757
9741 9757 9756
9751 9747 9746
9751 9746 9752
9748 9753 9749
9758 9759 9760
9758 9760 9761
9762 9763 9764
9762 9764 9758
9765 9766 9767
9768 9769 9770
9768 9770 9771
9772 9773 9774
9772 9774 9775
9776 9777 9778
9760 9769 9778
9760 9778 9772
9779 9780 9761
9779 9761 9775
9764 9781 9782
9764 9782 9783
9766 9765 9771
9766 9771 9770
9763 9781 9764
9758 9761 9780
9758 9780 9762
9764 9783 9759
9764 9759 9758
9770 9769 9760
9770 9760 9759
9769 9768 9776
9769 9776 9778
9761 9760 9772
9761 9772 9775
9766 9770 9759
9766 9759 9783
9766 9783 9782
9766 9782 9767
9777 9773 9772
9777 9772 9778
9774 9779 9775
9784 9785 9786
9784 9786 9787
9788 9789 9790
9788 9790 9791
9792 9789 9788
9792 9788 9793
9791 9790 9794
9791 9794 9795
9792 9793 9796
9792 9796 9797
9539 9538 9613
9786 9798 9799
9786 9799 9787
9800 9801 9802
9800 9802 9803
9804 9801 9800
9804 9800 9805
9488 9410 9591
9803 9802 9806
9803 9806 9807
9804 9805 9808
9804 9808 9809
9608 9606 9386
9608 9386 9389
9387 9611 9810
9387 9810 9388
9785 9784 9811
9785 9811 9812
9798 9813 9814
9798 9814 9799
9815 9816 9817
9818 9815 9817
9819 9818 9817
9820 9821 9819
9820 9819 9817
9822 9821 9820
9822 9820 9823
9824 9822 9823
9825 9824 9823
9826 9825 9823
9621 9529 9530
9546 9545 9588
9354 9353 9634
9354 9634 9827
9828 9829 9830
9831 9828 9830
9831 9830 9832
9833 9834 9831
9833 9831 9832
9835 9834 9833
9835 9833 9836
9837 9838 9835
9837 9835 9836
9838 9837 9839
9526 9428 9605
9830 9829 9840
9841 9839 9837
9300 9402 9301
9299 9618 9300
9285 9397 9286
9286 9440 9287
9015 9842 9257
9257 9149 8975
9254 9267 9112
9111 9254 9112
9431 9430 9013
9431 9013 9253
9433 9432 9014
9433 9014 9111
9431 9253 9256
9431 9256 9434
9435 9015 9014
9435 9014 9432
9435 9574 9842
9435 9842 9015
9629 9628 9010
9629 9010 9009
9430 9629 9009
9430 9009 9013
9433 9111 9110
9433 9110 9630
9621 9589 9477
9479 9620 9588
9303 9637 9304
9304 9504 9503
9536 9843 9610
9383 9539 9498
9500 9546 9501
9297 9530 9298
9483 9622 9591
9595 9593 9482
9487 9488 9513
9395 9486 9396
9418 9328 9329
9563 9565 9564
9311 9844 9312
9493 9845 9494
9519 9526 9520
9339 9528 9340
9443 9442 9503
9303 9587 9445
9502 9638 9503
9303 9444 9636
9506 9282 9450
9506 9846 9283
9507 9509 9511
9357 9624 9605
9603 9601 9345
9464 9538 9465
9464 9625 9613
9612 9615 9614
9472 9535 9614
9847 8807 8739
9847 8739 8738
8753 8776 8775
8753 8775 8750
8798 9848 9849
8798 9849 8799
8771 8770 8799
8771 8799 9849
8765 9850 8809
8765 8809 8764
8733 8732 8773
8733 8773 8772
8777 8745 8744
8777 8744 8774
9851 8783 8782
9851 8782 9852
8767 8766 8783
8767 8783 9851
9852 8782 8737
9852 8737 8736
9853 9854 8787
9853 8787 8786
9854 8780 8779
9854 8779 8787
8749 9855 8804
8749 8804 8746
8763 9853 8786
8763 8786 8760
8759 8758 8769
8759 8769 8768
8781 8748 8747
8781 8747 8778
9847 8738 9856
8776 8753 9857
8771 9849 9858
9850 8765 9859
8733 8772 9860
8745 8777 9861
8728 8731 9862
8743 8742 9863
8767 9851 9864
9852 8736 9865
8780 9854 9866
9855 8749 9867
9853 8763 9868
8759 8768 9869
8748 8781 9870
8754 8757 9871
9849 9848 9872
8765 9863 9859
8765 8743 9863
9849 9872 9858
8772 9858 9860
8772 8771 9858
8731 9860 9862
8731 8733 9860
8738 9862 9856
8753 9873 9857
8738 8728 9862
8753 8752 9873
8777 9857 9861
8742 9861 9863
8742 8745 9861
8777 8776 9857
9854 9853 9868
9854 9868 9866
8763 9874 9868
8763 8762 9874
8749 9870 9867
8781 9866 9870
8749 8748 9870
8781 8780 9866
9851 9852 9865
9851 9865 9864
8736 9875 9865
8736 8735 9875
8768 9864 9869
8768 8767 9864
8757 9869 9871
8757 8759 9869
9876 9877 9878
9879 9880 9881
9882 9883 9884
9885 9886 9887
9888 9889 9890
9891 9892 9893
9894 9895 9896
9897 9898 9899
9900 9901 9902
9903 9904 9905
9906 9907 9908
9909 9910 9911
9912 9913 9914
9915 9916 9917
9918 9919 9920
9921 9922 9923
9924 9925 9926
9927 9928 9929
9877 9930 9931
9931 9932 9933
9933 9934 9878
9931 9933 9878
9877 9931 9878
9904 9935 9936
9936 9937 9938
9938 9939 9905
9936 9938 9905
9904 9936 9905
9940 9941 9942
9940 9942 9943
9941 9944 9945
9943 9946 9947
9943 9947 9940
9945 9944 9948
9945 9948 9949
9949 9948 9950
9951 9947 9946
9951 9946 9952
9953 9954 9955
9953 9955 9956
9957 9944 9958
9957 9958 9959
9960 9961 9959
9960 9959 9958
9962 9948 9944
9962 9944 9957
9963 9964 9948
9963 9948 9962
9954 9953 9961
9954 9961 9960
9965 9966 9967
9965 9967 9968
9969 9970 9968
9971 9972 9973
9971 9973 9966
9969 9974 9975
9969 9975 9970
9976 9977 9974
9978 9979 9972
9978 9972 9971
9980 9981 9982
9980 9982 9983
9984 9970 9985
9984 9985 9986
9987 9984 9986
9987 9986 9988
9970 9975 9989
9970 9989 9985
9975 9990 9991
9975 9991 9989
9981 9987 9988
9981 9988 9982
9992 9993 9994
9992 9994 9995
9995 9996 9997
9995 9997 9992
9993 9998 9999
9993 9999 9994
9996 10000 10001
9996 10001 9997
10000 10002 10003
10000 10003 10001
9999 9998 10004
10005 10006 10007
10008 10009 10010
10008 10010 10011
10012 10013 10011
10012 10011 10010
10014 10015 10009
10014 10009 10008
10016 10017 10015
10016 10015 10014
10006 10005 10013
10006 10013 10012
9954 9947 9951
9954 9951 9955
9940 9960 9958
9940 9958 9941
9964 9950 9948
9947 9954 9960
9947 9960 9940
10018 10019 9981
10018 9981 9980
9984 9987 9965
9984 9965 9968
9977 9990 9975
9987 9981 10019
9987 10019 9965
9942 9945 10020
9942 10020 10021
10021 10022 9943
10021 9943 9942
10022 10023 9946
10022 9946 9943
9945 9949 10024
9945 10024 10020
9949 10025 10026
9949 10026 10024
9952 9946 10023
9952 10023 10027
9966 9973 10028
9966 10028 9967
10029 9969 9967
10029 9967 10028
10019 9971 9966
10019 9966 9965
10030 9974 9969
10030 9969 10029
10031 9976 9974
10031 9974 10030
9971 10019 10018
9971 10018 9978
10032 10033 10034
10032 10034 10035
10036 10037 10035
10033 10032 10038
10033 10038 10039
10036 10040 10041
10036 10041 10037
10042 10043 10040
10039 10038 10044
10039 10044 10045
10046 10047 10048
10046 10048 10049
10050 10037 10051
10050 10051 10052
10053 10050 10052
10053 10052 10054
10037 10041 10055
10037 10055 10051
10041 10056 10057
10041 10057 10055
10047 10053 10054
10047 10054 10048
10058 10059 10060
10058 10060 10061
10059 10062 10063
10064 10065 10066
10064 10066 10061
10063 10062 10067
10063 10067 10068
10068 10067 10069
10066 10065 10070
10066 10070 10071
10072 10073 10074
10072 10074 10075
10076 10062 10077
10076 10077 10078
10079 10080 10078
10079 10078 10077
10081 10067 10062
10081 10062 10076
10082 10083 10067
10082 10067 10081
10073 10072 10080
10073 10080 10079
10084 10085 10086
10084 10086 10087
10087 10086 10088
10087 10088 10089
10090 10091 10085
10090 10085 10084
10089 10088 10092
10089 10092 10093
10093 10092 10094
10093 10094 10095
10096 10091 10090
10097 10098 10099
10100 10101 10102
10100 10102 10103
10104 10100 10103
10104 10103 10105
10101 10106 10107
10101 10107 10102
10106 10108 10109
10106 10109 10107
10097 10104 10105
10097 10105 10098
10044 10038 10047
10044 10047 10046
10032 10035 10050
10032 10050 10053
10038 10032 10053
10038 10053 10047
10073 10110 10111
10073 10111 10074
10077 10059 10058
10077 10058 10079
10079 10058 10110
10079 10110 10073
10033 10112 10113
10033 10113 10034
10034 10113 10114
10034 10114 10036
10039 10115 10112
10039 10112 10033
10036 10114 10116
10036 10116 10040
10040 10116 10117
10040 10117 10042
10045 10118 10115
10045 10115 10039
10060 10063 10119
10060 10119 10120
10061 10060 10120
10061 10120 10064
10110 10058 10061
10110 10061 10066
10063 10068 10121
10063 10121 10119
10068 10122 10123
10068 10123 10121
10111 10110 10066
10111 10066 10071
10124 10125 10126
10127 10125 10124
10128 10125 10127
10129 10125 10128
10130 10125 10129
10131 10125 10130
10132 10125 10131
10133 10125 10132
10134 10125 10133
10135 10125 10134
10136 10137 10138
10139 10136 10138
10140 10139 10138
10141 10140 10138
10142 10141 10138
10143 10142 10138
10144 10143 10138
10145 10144 10138
10146 10145 10138
10147 10146 10138
10148 10149 10150
10148 10150 10151
10152 10153 10149
10152 10149 10148
10154 10155 10153
10154 10153 10152
10156 10157 10155
10156 10155 10154
10158 10159 10157
10158 10157 10156
10160 10161 10159
10160 10159 10158
10162 10163 10161
10162 10161 10160
10164 10165 10163
10164 10163 10162
10166 10167 10165
10166 10165 10164
10168 10169 10167
10168 10167 10166
10170 10171 10169
10170 10169 10168
10172 10173 10171
10172 10171 10170
9949 9950 10025
10040 10043 10041
10041 10043 10056
9941 9945 9942
9944 9941 9958
10036 10035 10034
10035 10037 10050
9969 9968 9967
9974 9977 9975
9968 9970 9984
10059 10063 10060
10068 10069 10122
10062 10059 10077
10069 10067 10083
10174 10175 10176
10174 10176 10177
10178 10179 10180
10178 10180 10181
10175 10182 10183
10175 10183 10176
10179 10184 10185
10179 10185 10180
10182 10186 10187
10182 10187 10183
10184 10188 10189
10184 10189 10185
10186 10190 10191
10186 10191 10187
10188 10192 10193
10188 10193 10189
10190 10194 10195
10190 10195 10191
10192 10196 10197
10192 10197 10193
10194 10198 10199
10194 10199 10195
10196 10200 10201
10196 10201 10197
10198 10202 10203
10198 10203 10199
10200 10204 10205
10200 10205 10201
10202 10206 10207
10202 10207 10203
10204 10208 10209
10204 10209 10205
10206 10210 10211
10206 10211 10207
10208 10212 10213
10208 10213 10209
10210 10214 10215
10210 10215 10211
10212 10216 10217
10212 10217 10213
10214 10218 10219
10214 10219 10215
10216 10220 10221
10216 10221 10217
10218 10222 10223
10218 10223 10219
10220 10224 10225
10220 10225 10221
10226 10227 10228
10226 10228 10229
10230 10231 10232
10230 10232 10233
10227 10234 10235
10227 10235 10228
10231 10236 10237
10231 10237 10232
10234 10238 10239
10234 10239 10235
10236 10240 10241
10236 10241 10237
10238 10242 10243
10238 10243 10239
10240 10244 10245
10240 10245 10241
10242 10246 10247
10242 10247 10243
10244 10248 10249
10244 10249 10245
10246 10250 10251
10246 10251 10247
10248 10252 10253
10248 10253 10249
10250 10254 10255
10250 10255 10251
10252 10256 10257
10252 10257 10253
10254 10258 10259
10254 10259 10255
10256 10260 10261
10256 10261 10257
10258 10262 10263
10258 10263 10259
10260 10264 10265
10260 10265 10261
10262 10266 10267
10262 10267 10263
10264 10268 10269
10264 10269 10265
10266 10270 10271
10266 10271 10267
10268 10272 10273
10268 10273 10269
10270 10174 10177
10270 10177 10271
10272 10178 10181
10272 10181 10273
10274 10275 10276
10274 10276 10277
10278 10279 10280
10278 10280 10281
10275 10282 10283
10275 10283 10276
10284 10285 10279
10284 10279 10278
10282 10286 10287
10282 10287 10283
10288 10289 10285
10288 10285 10284
10286 10290 10291
10286 10291 10287
10292 10293 10289
10292 10289 10288
10290 10294 10295
10290 10295 10291
10296 10297 10293
10296 10293 10292
10294 10298 10299
10294 10299 10295
10300 10301 10297
10300 10297 10296
10298 10302 10303
10298 10303 10299
10304 10305 10301
10304 10301 10300
10302 10306 10307
10302 10307 10303
10308 10309 10305
10308 10305 10304
10306 10310 10311
10306 10311 10307
10312 10313 10309
10312 10309 10308
10310 10314 10315
10310 10315 10311
10316 10317 10313
10316 10313 10312
10314 10318 10319
10314 10319 10315
10320 10321 10317
10320 10317 10316
10318 10322 10323
10318 10323 10319
10324 10325 10321
10324 10321 10320
10322 10326 10327
10322 10327 10323
10328 10329 10325
10328 10325 10324
10326 10330 10331
10326 10331 10327
10332 10333 10329
10332 10329 10328
10330 10334 10335
10330 10335 10331
10336 10337 10333
10336 10333 10332
10334 10338 10339
10334 10339 10335
10340 10341 10337
10340 10337 10336
10338 10342 10343
10338 10343 10339
10344 10345 10341
10344 10341 10340
10342 10346 10347
10342 10347 10343
10348 10349 10345
10348 10345 10344
10346 10350 10351
10346 10351 10347
10352 10353 10349
10352 10349 10348
10350 10354 10355
10350 10355 10351
10356 10357 10353
10356 10353 10352
10354 10358 10359
10354 10359 10355
10360 10361 10357
10360 10357 10356
10358 10362 10363
10358 10363 10359
10364 10365 10361
10364 10361 10360
10362 10366 10367
10362 10367 10363
10368 10369 10365
10368 10365 10364
10366 10274 10277
10366 10277 10367
10281 10280 10369
10281 10369 10368
10370 10371 10372
10370 10372 10373
10374 10375 10376
10377 10378 10371
10376 10379 10380
10381 10380 10379
10382 10381 10379
10382 10379 10372
10372 10371 10383
10372 10383 10382
10373 10372 10379
10373 10379 10375
10377 10371 10370
10371 10378 10383
10384 10385 10386
10387 10388 10389
10387 10389 10390
10391 10392 10388
10393 10385 10384
10394 10387 10390
10394 10390 10385
10395 10396 10397
10389 10395 10398
10389 10398 10390
10385 10390 10398
10385 10398 10386
10392 10389 10388
10392 10396 10389
10393 10394 10385
10395 10389 10396
10375 10379 10376
10381 10399 10380
10400 10401 10402
10400 10402 10403
10403 10404 10405
10406 10407 10401
10406 10401 10400
10404 10408 10409
10404 10409 10405
10408 10410 10409
10407 10406 10411
10407 10411 10412
10413 10414 10415
10413 10415 10416
10417 10418 10419
10417 10419 10405
10420 10419 10418
10420 10418 10421
10422 10417 10405
10422 10405 10409
10423 10422 10409
10423 10409 10424
10416 10420 10421
10416 10421 10413
10425 10426 10427
10425 10427 10428
10429 10426 10430
10431 10428 10432
10431 10432 10433
10434 10435 10429
10434 10429 10430
10436 10435 10437
10438 10431 10433
10438 10433 10439
10440 10441 10442
10440 10442 10443
10444 10430 10445
10444 10445 10446
10446 10445 10447
10446 10447 10448
10449 10434 10430
10449 10430 10444
10450 10451 10434
10450 10434 10449
10448 10447 10441
10448 10441 10440
10452 10453 10454
10452 10454 10455
10456 10457 10455
10456 10455 10454
10458 10459 10453
10458 10453 10452
10460 10461 10457
10460 10457 10456
10462 10463 10461
10462 10461 10460
10458 10464 10459
10465 10466 10467
10468 10469 10470
10468 10470 10471
10472 10470 10469
10472 10469 10473
10474 10468 10471
10474 10471 10475
10476 10474 10475
10476 10475 10477
10467 10472 10473
10467 10473 10465
10416 10415 10411
10416 10411 10406
10400 10403 10419
10400 10419 10420
10424 10409 10410
10406 10400 10420
10406 10420 10416
10441 10478 10479
10441 10479 10442
10425 10447 10445
10425 10445 10426
10437 10434 10451
10478 10441 10447
10478 10447 10425
10480 10404 10402
10480 10402 10481
10401 10482 10481
10401 10481 10402
10407 10483 10482
10407 10482 10401
10484 10408 10404
10484 10404 10480
10485 10486 10408
10485 10408 10484
10483 10407 10412
10483 10412 10487
10428 10427 10488
10428 10488 10432
10489 10488 10427
10489 10427 10429
10478 10425 10428
10478 10428 10431
10490 10489 10429
10490 10429 10435
10491 10490 10435
10491 10435 10436
10431 10438 10479
10431 10479 10478
10492 10493 10494
10492 10494 10495
10496 10493 10497
10498 10492 10495
10498 10495 10499
10500 10501 10496
10500 10496 10497
10502 10501 10503
10504 10498 10499
10504 10499 10505
10506 10507 10508
10506 10508 10509
10510 10497 10511
10510 10511 10512
10512 10511 10513
10512 10513 10514
10515 10500 10497
10515 10497 10510
10516 10517 10500
10516 10500 10515
10514 10513 10507
10514 10507 10506
10518 10519 10520
10518 10520 10521
10521 10522 10523
10524 10525 10526
10524 10526 10519
10522 10527 10528
10522 10528 10523
10527 10529 10528
10524 10530 10531
10524 10531 10525
10532 10533 10534
10532 10534 10535
10536 10537 10538
10536 10538 10523
10539 10538 10537
10539 10537 10540
10541 10536 10523
10541 10523 10528
10542 10541 10528
10542 10528 10543
10535 10539 10540
10535 10540 10532
10544 10545 10546
10544 10546 10547
10545 10548 10549
10545 10549 10546
10550 10544 10547
10550 10547 10551
10548 10552 10553
10548 10553 10549
10552 10554 10555
10552 10555 10553
10556 10550 10551
10557 10558 10559
10560 10561 10562
10560 10562 10563
10563 10562 10564
10563 10564 10565
10566 10567 10561
10566 10561 10560
10568 10569 10567
10568 10567 10566
10565 10564 10557
10565 10557 10559
10504 10508 10507
10504 10507 10498
10492 10513 10511
10492 10511 10493
10498 10507 10513
10498 10513 10492
10570 10571 10535
10570 10535 10534
10518 10521 10538
10518 10538 10539
10571 10518 10539
10571 10539 10535
10495 10494 10572
10495 10572 10573
10494 10496 10574
10494 10574 10572
10499 10495 10573
10499 10573 10575
10496 10501 10576
10496 10576 10574
10501 10502 10577
10501 10577 10576
10505 10499 10575
10505 10575 10578
10579 10522 10520
10579 10520 10580
10580 10520 10519
10580 10519 10526
10571 10524 10519
10571 10519 10518
10581 10527 10522
10581 10522 10579
10582 10583 10527
10582 10527 10581
10570 10530 10524
10570 10524 10571
10584 10585 10586
10587 10584 10586
10588 10587 10586
10589 10588 10586
10590 10589 10586
10591 10590 10586
10592 10591 10586
10593 10592 10586
10594 10593 10586
10595 10594 10586
10596 10597 10598
10599 10597 10596
10600 10597 10599
10601 10597 10600
10602 10597 10601
10603 10597 10602
10604 10597 10603
10605 10597 10604
10606 10597 10605
10607 10597 10606
10608 10609 10610
10608 10610 10611
10609 10612 10613
10609 10613 10610
10612 10614 10615
10612 10615 10613
10614 10616 10617
10614 10617 10615
10616 10618 10619
10616 10619 10617
10618 10620 10621
10618 10621 10619
10620 10622 10623
10620 10623 10621
10622 10624 10625
10622 10625 10623
10624 10626 10627
10624 10627 10625
10626 10628 10629
10626 10629 10627
10628 10630 10631
10628 10631 10629
10630 10632 10633
10630 10633 10631
10408 10486 10410
10501 10500 10503
10500 10517 10503
10403 10402 10404
10405 10419 10403
10496 10494 10493
10493 10511 10497
10429 10427 10426
10435 10434 10437
10426 10445 10430
10521 10520 10522
10527 10583 10529
10523 10538 10521
10529 10543 10528
10634 10635 10636
10634 10636 10637
10638 10639 10640
10638 10640 10641
10637 10636 10642
10637 10642 10643
10641 10640 10644
10641 10644 10645
10643 10642 10646
10643 10646 10647
10645 10644 10648
10645 10648 10649
10647 10646 10650
10647 10650 10651
10649 10648 10652
10649 10652 10653
10651 10650 10654
10651 10654 10655
10653 10652 10656
10653 10656 10657
10655 10654 10658
10655 10658 10659
10657 10656 10660
10657 10660 10661
10659 10658 10662
10659 10662 10663
10661 10660 10664
10661 10664 10665
10663 10662 10666
10663 10666 10667
10665 10664 10668
10665 10668 10669
10667 10666 10670
10667 10670 10671
10669 10668 10672
10669 10672 10673
10671 10670 10674
10671 10674 10675
10673 10672 10676
10673 10676 10677
10675 10674 10678
10675 10678 10679
10677 10676 10680
10677 10680 10681
10679 10678 10682
10679 10682 10683
10681 10680 10684
10681 10684 10685
10686 10687 10688
10686 10688 10689
10690 10691 10692
10690 10692 10693
10689 10688 10694
10689 10694 10695
10693 10692 10696
10693 10696 10697
10695 10694 10698
10695 10698 10699
10697 10696 10700
10697 10700 10701
10699 10698 10702
10699 10702 10703
10701 10700 10704
10701 10704 10705
10703 10702 10706
10703 10706 10707
10705 10704 10708
10705 10708 10709
10707 10706 10710
10707 10710 10711
10709 10708 10712
10709 10712 10713
10711 10710 10714
10711 10714 10715
10713 10712 10716
10713 10716 10717
10715 10714 10718
10715 10718 10719
10717 10716 10720
10717 10720 10721
10719 10718 10722
10719 10722 10723
10721 10720 10724
10721 10724 10725
10723 10722 10726
10723 10726 10727
10725 10724 10728
10725 10728 10729
10727 10726 10730
10727 10730 10731
10729 10728 10732
10729 10732 10733
10731 10730 10635
10731 10635 10634
10733 10732 10639
10733 10639 10638
10734 10735 10736
10734 10736 10737
10738 10739 10740
10738 10740 10741
10742 10743 10735
10742 10735 10734
10744 10738 10741
10744 10741 10745
10746 10747 10743
10746 10743 10742
10748 10744 10745
10748 10745 10749
10750 10751 10747
10750 10747 10746
10752 10748 10749
10752 10749 10753
10754 10755 10751
10754 10751 10750
10756 10752 10753
10756 10753 10757
10758 10759 10755
10758 10755 10754
10760 10756 10757
10760 10757 10761
10762 10763 10759
10762 10759 10758
10764 10760 10761
10764 10761 10765
10766 10767 10763
10766 10763 10762
10768 10764 10765
10768 10765 10769
10770 10771 10767
10770 10767 10766
10772 10768 10769
10772 10769 10773
10774 10775 10771
10774 10771 10770
10776 10772 10773
10776 10773 10777
10778 10779 10775
10778 10775 10774
10780 10776 10777
10780 10777 10781
10782 10783 10779
10782 10779 10778
10784 10780 10781
10784 10781 10785
10786 10787 10783
10786 10783 10782
10788 10784 10785
10788 10785 10789
10790 10791 10787
10790 10787 10786
10792 10788 10789
10792 10789 10793
10794 10795 10791
10794 10791 10790
10796 10792 10793
10796 10793 10797
10798 10799 10795
10798 10795 10794
10800 10796 10797
10800 10797 10801
10802 10803 10799
10802 10799 10798
10804 10800 10801
10804 10801 10805
10806 10807 10803
10806 10803 10802
10808 10804 10805
10808 10805 10809
10810 10811 10807
10810 10807 10806
10812 10808 10809
10812 10809 10813
10814 10815 10811
10814 10811 10810
10816 10812 10813
10816 10813 10817
10818 10819 10815
10818 10815 10814
10820 10816 10817
10820 10817 10821
10822 10823 10819
10822 10819 10818
10824 10820 10821
10824 10821 10825
10826 10827 10823
10826 10823 10822
10828 10824 10825
10828 10825 10829
10737 10736 10827
10737 10827 10826
10739 10828 10829
10739 10829 10740
10830 10831 10832
10830 10832 10833
10834 10835 10836
10837 10833 10838
10835 10839 10840
10841 10840 10839
10840 10841 10842
10840 10842 10832
10832 10842 10843
10832 10843 10833
10840 10832 10831
10840 10831 10836
10837 10830 10833
10833 10843 10838
10844 10845 10846
10847 10848 10849
10847 10849 10850
10851 10850 10852
10853 10844 10846
10854 10846 10848
10854 10848 10847
10855 10856 10857
10849 10848 10858
10849 10858 10855
10858 10848 10846
10858 10846 10845
10852 10850 10849
10852 10849 10857
10853 10846 10854
10855 10857 10849
10836 10835 10840
10841 10839 10859
10860 10861 10862
10860 10862 10863
10864 10865 10866
10864 10866 10867
10863 10862 10868
10863 10868 10869
10870 10871 10872
10870 10872 10873
10874 10875 10876
10877 10878 10865
10877 10865 10864
10869 10868 10878
10869 10878 10877
10879 10880 10881
10879 10881 10882
10883 10884 10885
10874 10886 10887
10883 10885 10888
10874 10889 10886
10883 10888 10890
10874 10891 10889
10883 10890 10892
10874 10876 10891
10883 10892 10893
10876 10875 10894
10893 10892 10895
10896 10897 10898
10896 10898 10899
10900 10901 10902
10900 10902 10903
10904 10905 10906
10904 10906 10907
10899 10898 10905
10899 10905 10904
10903 10902 10897
10903 10897 10896
10908 10909 10910
10908 10910 10911
10912 10913 10901
10912 10901 10900
10914 10915 10913
10914 10913 10912
10916 10917 10918
10916 10918 10919
10919 10918 10920
10919 10920 10921
10917 10916 10922
10917 10922 10923
10924 10925 10923
10924 10923 10922
10921 10920 10915
10921 10915 10914
10911 10910 10925
10911 10925 10924
10926 10927 10907
10926 10907 10906
10909 10908 10927
10909 10927 10926
10928 10929 10930
10928 10930 10931
10932 10933 10934
10932 10934 10935
10936 10937 10938
10936 10938 10939
10931 10938 10937
10931 10937 10928
10929 10932 10935
10929 10935 10930
10940 10941 10942
10940 10942 10943
10933 10944 10945
10933 10945 10934
10944 10946 10947
10944 10947 10945
10948 10949 10950
10948 10950 10951
10952 10948 10951
10952 10951 10953
10954 10950 10949
10954 10949 10955
10956 10954 10955
10956 10955 10957
10946 10952 10953
10946 10953 10947
10957 10940 10943
10957 10943 10956
10958 10936 10939
10958 10939 10959
10959 10942 10941
10959 10941 10958
10960 10961 10962
10960 10962 10963
10964 10965 10961
10964 10961 10960
10966 10967 10965
10966 10965 10964
10968 10969 10967
10968 10967 10966
10970 10971 10969
10970 10969 10968
10972 10973 10971
10972 10971 10970
10974 10975 10973
10974 10973 10972
10976 10977 10978
10976 10978 10979
10980 10981 10977
10980 10977 10976
10982 10983 10981
10982 10981 10980
10984 10985 10983
10984 10983 10982
10986 10987 10985
10986 10985 10984
10988 10989 10987
10988 10987 10986
10990 10991 10989
10990 10989 10988
10992 10993 10991
10992 10991 10990
10963 10962 10993
10963 10993 10992
10994 10995 10996
10994 10996 10997
10998 10999 10995
10998 10995 10994
11000 11001 10999
11000 10999 10998
11002 11003 11001
11002 11001 11000
11004 11005 11003
11004 11003 11002
11006 11007 11005
11006 11005 11004
11008 11009 11007
11008 11007 11006
11010 11011 11009
11010 11009 11008
11012 11013 11011
11012 11011 11010
11014 11015 11013
11014 11013 11012
11016 11017 11015
11016 11015 11014
11018 11019 11017
11018 11017 11016
11020 11021 11019
11020 11019 11018
11022 11023 11021
11022 11021 11020
11024 11025 11023
11024 11023 11022
10997 10996 11026
10997 11026 11027
11028 11029 11030
11028 11030 11031
11032 11033 11029
11032 11029 11028
11034 11035 11036
11034 11036 11037
11037 11036 11038
11037 11038 11039
11040 11041 11042
11040 11042 11043
11044 11045 11041
11044 11041 11040
11046 11047 11048
11046 11048 11049
11050 11051 11052
11050 11052 11053
11054 11055 11056
11056 11047 11057
11058 11059 11057
11060 11054 11056
11061 11035 11062
11061 11062 11063
11064 11065 11066
11064 11066 11061
11067 11068 11069
11069 11070 11067
11071 11072 11067
11028 11031 11073
11046 11032 11028
11046 11028 11074
11075 11076 11077
11078 11047 11079
11079 11047 11056
11055 11080 11056
11081 11075 11079
11082 11083 11084
11083 11085 11086
11083 11086 11084
11087 11078 11084
11084 11078 11077
11076 11082 11084
11076 11084 11077
11088 11089 11090
11088 11090 11091
11092 11093 11094
11092 11094 11095
11091 11096 11097
11091 11097 11088
11093 11098 11099
11093 11099 11094
11100 11030 11101
11102 11101 11029
11102 11029 11033
11038 11067 11101
11038 11101 11102
11072 11103 11101
11104 11100 11101
11089 11105 11106
11089 11106 11090
11107 11095 11108
11107 11108 11062
11096 11109 11110
11096 11110 11097
11098 11111 11112
11098 11112 11099
11033 11032 11113
11033 11113 11114
11115 11116 11117
11115 11117 11118
11119 11120 11121
11068 11067 11121
11067 11038 11036
11067 11036 11121
11035 11061 11121
11035 11121 11036
11061 11066 11122
11123 11124 11125
11058 11057 11124
11057 11047 11046
11046 11074 11125
11074 11073 11126
11045 11044 11106
11045 11106 11105
11034 11127 11128
11034 11128 11107
11032 11046 11049
11032 11049 11113
11116 11050 11053
11116 11053 11117
11129 11130 11131
11129 11131 11132
11133 11048 11047
11133 11047 11078
11130 11134 11135
11130 11135 11131
11136 11133 11078
11136 11078 11087
11137 11138 11139
11140 11141 11138
11141 11142 11139
11108 11143 11144
11108 11144 11142
11139 11145 11146
11147 11148 11149
11150 11148 11151
11143 11152 11153
11143 11153 11144
11154 11149 11148
11155 11156 11157
11145 11139 11158
11139 11144 11156
11148 11150 11157
11159 11160 11161
11159 11161 11162
11162 11161 11043
11162 11043 11042
11039 11038 11102
11039 11102 11163
11033 11114 11163
11033 11163 11102
11164 11165 11166
11065 11064 11165
11064 11063 11167
11062 11108 11142
11062 11142 11167
11141 11140 11168
11169 11170 11171
11170 11172 11171
11173 11154 11171
11154 11153 11171
11152 11174 11175
11152 11175 11153
11061 11122 11121
11127 11034 11037
11127 11037 11176
11176 11037 11039
11176 11039 11177
11051 11050 11049
11051 11049 11048
11143 11108 11095
11143 11095 11094
11152 11143 11094
11152 11094 11099
11128 11092 11095
11128 11095 11107
11174 11152 11099
11174 11099 11112
11116 11115 11114
11116 11114 11113
11107 11062 11035
11107 11035 11034
11050 11116 11113
11050 11113 11049
11178 11051 11048
11178 11048 11133
11179 11178 11133
11179 11133 11136
11177 11039 11163
11177 11163 11180
11180 11163 11114
11180 11114 11115
11181 11042 11041
11181 11041 11182
11182 11041 11045
11182 11045 11183
11132 11184 11185
11132 11185 11129
11186 11187 11089
11186 11089 11088
11188 11186 11088
11188 11088 11097
11187 11189 11105
11187 11105 11089
11190 11188 11097
11190 11097 11110
11191 11160 11159
11191 11159 11192
11105 11189 11183
11105 11183 11045
11184 11191 11192
11184 11192 11185
11052 11193 11130
11052 11130 11129
11193 11194 11134
11193 11134 11130
11118 11159 11162
11118 11162 11195
11195 11162 11042
11195 11042 11181
11087 11084 11086
11078 11079 11077
11057 11046 11125
11129 11185 11053
11129 11053 11052
11192 11159 11118
11192 11118 11117
11185 11192 11117
11185 11117 11053
11177 11181 11182
11177 11182 11176
11176 11182 11183
11176 11183 11127
11093 11092 11187
11093 11187 11186
11098 11093 11186
11098 11186 11188
11092 11128 11189
11092 11189 11187
11111 11098 11188
11111 11188 11190
11189 11128 11127
11189 11127 11183
11051 11178 11193
11051 11193 11052
11178 11179 11194
11178 11194 11193
11115 11118 11195
11115 11195 11180
11180 11195 11181
11180 11181 11177
11081 11079 11080
11060 11056 11059
11123 11125 11126
11104 11101 11103
11067 11070 11071
11119 11121 11122
11164 11166 11168
11137 11139 11146
11156 11155 11158
11148 11147 11151
11171 11172 11196
11142 11144 11139
11167 11063 11062
11167 11142 11166
11153 11175 11171
11061 11063 11064
11171 11175 11197
11148 11153 11154
11156 11144 11148
11166 11142 11141
11064 11167 11166
11169 11171 11197
11173 11171 11196
11149 11154 11173
11138 11141 11139
11158 11139 11156
11148 11157 11156
11141 11168 11166
11165 11064 11166
11057 11059 11056
11075 11077 11079
11056 11080 11079
11124 11057 11125
11074 11126 11125
11028 11073 11074
11101 11030 11029
11198 11199 11200
11198 11200 11201
11199 11202 11203
11199 11203 11200
11204 11205 11206
11204 11206 11207
11208 11204 11207
11208 11207 11209
11210 11211 11212
11210 11212 11213
11211 11214 11215
11211 11215 11212
11216 11217 11218
11216 11218 11219
11220 11221 11222
11220 11222 11223
11224 11225 11226
11217 11226 11227
11228 11229 11227
11225 11230 11226
11231 11205 11232
11231 11232 11233
11234 11235 11236
11234 11236 11232
11237 11238 11239
11240 11239 11238
11241 11242 11238
11201 11200 11243
11200 11203 11218
11200 11218 11244
11245 11246 11247
11217 11248 11249
11217 11249 11226
11250 11224 11226
11246 11251 11249
11252 11253 11254
11255 11256 11252
11255 11252 11254
11248 11257 11254
11248 11254 11247
11254 11253 11245
11254 11245 11247
11258 11259 11260
11258 11260 11261
11262 11263 11264
11262 11264 11265
11266 11267 11261
11266 11261 11260
11268 11269 11263
11268 11263 11262
11198 11270 11271
11199 11271 11272
11199 11272 11202
11271 11238 11208
11271 11208 11272
11273 11241 11271
11270 11274 11271
11275 11276 11259
11275 11259 11258
11277 11265 11278
11277 11278 11231
11279 11280 11267
11279 11267 11266
11281 11282 11269
11281 11269 11268
11283 11203 11202
11283 11202 11284
11285 11286 11287
11285 11287 11288
11289 11290 11291
11238 11237 11291
11204 11208 11238
11204 11238 11291
11291 11232 11205
11291 11205 11204
11234 11232 11292
11293 11294 11295
11227 11229 11293
11217 11227 11218
11244 11218 11295
11243 11244 11296
11275 11215 11214
11275 11214 11276
11297 11298 11206
11297 11206 11278
11219 11218 11203
11219 11203 11283
11223 11222 11286
11223 11286 11285
11299 11300 11301
11299 11301 11302
11217 11216 11303
11217 11303 11248
11304 11305 11300
11304 11300 11299
11248 11303 11306
11248 11306 11257
11307 11308 11309
11310 11311 11307
11312 11310 11309
11313 11314 11277
11313 11277 11312
11315 11309 11316
11317 11318 11319
11317 11320 11321
11322 11323 11314
11322 11314 11313
11319 11324 11317
11325 11326 11327
11309 11315 11328
11313 11309 11325
11320 11317 11327
11329 11330 11331
11329 11331 11332
11213 11329 11332
11213 11332 11210
11272 11208 11209
11272 11209 11333
11333 11284 11202
11333 11202 11272
11334 11335 11336
11236 11235 11334
11233 11236 11337
11312 11277 11231
11312 11231 11337
11311 11310 11338
11339 11340 11341
11342 11339 11341
11324 11343 11341
11322 11324 11341
11344 11345 11323
11344 11323 11322
11292 11232 11291
11207 11206 11298
11207 11298 11346
11209 11207 11346
11209 11346 11347
11219 11222 11221
11219 11221 11216
11265 11277 11314
11265 11314 11262
11262 11314 11323
11262 11323 11268
11265 11264 11297
11265 11297 11278
11268 11323 11345
11268 11345 11281
11284 11287 11286
11284 11286 11283
11205 11231 11278
11205 11278 11206
11283 11286 11222
11283 11222 11219
11216 11221 11348
11216 11348 11303
11303 11348 11349
11303 11349 11306
11333 11209 11347
11333 11347 11350
11284 11333 11350
11284 11350 11287
11211 11210 11351
11211 11351 11352
11214 11211 11352
11214 11352 11353
11354 11355 11302
11354 11302 11301
11259 11356 11357
11259 11357 11260
11260 11357 11358
11260 11358 11266
11276 11359 11356
11276 11356 11259
11266 11358 11360
11266 11360 11279
11331 11330 11361
11331 11361 11362
11353 11359 11276
11353 11276 11214
11362 11361 11355
11362 11355 11354
11300 11363 11220
11300 11220 11301
11305 11364 11363
11305 11363 11300
11332 11331 11288
11332 11288 11365
11210 11332 11365
11210 11365 11351
11254 11257 11255
11249 11248 11247
11218 11227 11295
11223 11354 11301
11223 11301 11220
11288 11331 11362
11288 11362 11285
11285 11362 11354
11285 11354 11223
11352 11351 11347
11352 11347 11346
11353 11352 11346
11353 11346 11298
11356 11264 11263
11356 11263 11357
11357 11263 11269
11357 11269 11358
11359 11297 11264
11359 11264 11356
11358 11269 11282
11358 11282 11360
11298 11297 11359
11298 11359 11353
11363 11348 11221
11363 11221 11220
11364 11349 11348
11364 11348 11363
11365 11288 11287
11365 11287 11350
11351 11365 11350
11351 11350 11347
11249 11251 11250
11226 11230 11228
11295 11294 11296
11271 11274 11273
11240 11238 11242
11291 11290 11292
11336 11335 11338
11309 11308 11316
11326 11325 11328
11318 11317 11321
11342 11341 11366
11313 11312 11309
11233 11337 11231
11312 11337 11336
11344 11322 11341
11233 11232 11236
11344 11341 11367
11322 11317 11324
11313 11325 11317
11312 11336 11310
11337 11236 11336
11341 11340 11367
11341 11343 11366
11324 11319 11343
11310 11307 11309
11309 11328 11325
11327 11317 11325
11338 11310 11336
11236 11334 11336
11228 11227 11226
11247 11246 11249
11250 11226 11249
11227 11293 11295
11296 11244 11295
11243 11200 11244
11198 11271 11199
11068 11121 11120
11291 11237 11289
11072 11101 11067
11271 11241 11238
11148 11144 11153
11313 11317 11322
11368 11369 11370
11368 11370 11371
11372 11368 11371
11372 11371 11373
11374 11375 11376
11374 11376 11377
11375 11378 11379
11375 11379 11376
11380 11381 11382
11380 11382 11383
11384 11380 11383
11384 11383 11385
11386 11387 11388
11386 11388 11389
11390 11391 11392
11390 11392 11393
11394 11395 11396
11395 11397 11389
11398 11397 11399
11400 11395 11394
11401 11402 11403
11401 11403 11377
11404 11401 11405
11404 11405 11406
11407 11408 11409
11408 11407 11410
11411 11407 11412
11368 11413 11369
11386 11414 11368
11386 11368 11372
11415 11416 11417
11418 11419 11389
11419 11395 11389
11396 11395 11420
11421 11419 11415
11422 11423 11424
11424 11423 11425
11424 11425 11426
11427 11423 11418
11423 11416 11418
11417 11416 11423
11417 11423 11422
11428 11429 11430
11428 11430 11431
11432 11433 11434
11432 11434 11435
11429 11428 11436
11429 11436 11437
11435 11434 11438
11435 11438 11439
11440 11441 11370
11442 11373 11371
11442 11371 11441
11379 11442 11441
11379 11441 11407
11412 11441 11443
11444 11441 11440
11431 11430 11445
11431 11445 11446
11447 11403 11448
11447 11448 11433
11437 11436 11449
11437 11449 11450
11439 11438 11451
11439 11451 11452
11373 11453 11454
11373 11454 11372
11455 11456 11457
11455 11457 11458
11459 11460 11461
11409 11460 11407
11407 11460 11376
11407 11376 11379
11377 11376 11460
11377 11460 11401
11401 11462 11405
11463 11464 11465
11398 11465 11397
11397 11386 11389
11386 11464 11414
11414 11466 11413
11385 11446 11445
11385 11445 11384
11374 11447 11467
11374 11467 11468
11372 11454 11387
11372 11387 11386
11458 11457 11391
11458 11391 11390
11469 11470 11471
11469 11471 11472
11473 11418 11389
11473 11389 11388
11472 11471 11474
11472 11474 11475
11476 11427 11418
11476 11418 11473
11477 11478 11479
11480 11479 11481
11481 11478 11482
11448 11482 11483
11448 11483 11484
11478 11485 11486
11487 11488 11489
11490 11491 11489
11484 11483 11492
11484 11492 11493
11494 11489 11488
11495 11496 11497
11486 11498 11478
11478 11497 11483
11489 11496 11490
11499 11500 11501
11499 11501 11502
11500 11382 11381
11500 11381 11501
11378 11503 11442
11378 11442 11379
11373 11442 11503
11373 11503 11453
11504 11505 11506
11406 11506 11404
11404 11507 11402
11403 11507 11482
11403 11482 11448
11481 11508 11480
11509 11510 11511
11511 11510 11512
11513 11510 11494
11494 11510 11492
11493 11492 11514
11493 11514 11515
11401 11460 11462
11468 11516 11375
11468 11375 11374
11516 11517 11378
11516 11378 11375
11393 11388 11387
11393 11387 11390
11484 11434 11433
11484 11433 11448
11493 11438 11434
11493 11434 11484
11467 11447 11433
11467 11433 11432
11515 11451 11438
11515 11438 11493
11458 11454 11453
11458 11453 11455
11447 11374 11377
11447 11377 11403
11390 11387 11454
11390 11454 11458
11518 11473 11388
11518 11388 11393
11519 11476 11473
11519 11473 11518
11517 11520 11503
11517 11503 11378
11520 11455 11453
11520 11453 11503
11521 11522 11383
11521 11383 11382
11522 11523 11385
11522 11385 11383
11470 11469 11524
11470 11524 11525
11526 11428 11431
11526 11431 11527
11528 11436 11428
11528 11428 11526
11527 11431 11446
11527 11446 11529
11530 11449 11436
11530 11436 11528
11531 11532 11499
11531 11499 11502
11446 11385 11523
11446 11523 11529
11525 11524 11532
11525 11532 11531
11392 11469 11472
11392 11472 11533
11533 11472 11475
11533 11475 11534
11456 11535 11500
11456 11500 11499
11535 11521 11382
11535 11382 11500
11427 11425 11423
11418 11416 11419
11397 11464 11386
11469 11392 11391
11469 11391 11524
11532 11457 11456
11532 11456 11499
11524 11391 11457
11524 11457 11532
11517 11516 11522
11517 11522 11521
11516 11468 11523
11516 11523 11522
11435 11526 11527
11435 11527 11432
11439 11528 11526
11439 11526 11435
11432 11527 11529
11432 11529 11467
11452 11530 11528
11452 11528 11439
11529 11523 11468
11529 11468 11467
11393 11392 11533
11393 11533 11518
11518 11533 11534
11518 11534 11519
11455 11520 11535
11455 11535 11456
11520 11517 11521
11520 11521 11535
11421 11420 11419
11400 11399 11395
11463 11466 11464
11444 11443 11441
11407 11411 11410
11459 11462 11460
11504 11508 11505
11477 11485 11478
11497 11498 11495
11489 11491 11487
11510 11536 11512
11482 11478 11483
11507 11403 11402
11507 11505 11482
11492 11510 11514
11401 11404 11402
11510 11537 11514
11489 11494 11492
11497 11489 11483
11505 11481 11482
11404 11505 11507
11509 11537 11510
11513 11536 11510
11488 11513 11494
11479 11478 11481
11498 11497 11478
11489 11497 11496
11481 11505 11508
11506 11505 11404
11397 11395 11399
11415 11419 11416
11395 11419 11420
11465 11464 11397
11414 11464 11466
11368 11414 11413
11441 11371 11370
11538 11539 11540
11538 11540 11541
11541 11540 11542
11541 11542 11543
11544 11545 11546
11544 11546 11547
11548 11549 11545
11548 11545 11544
11550 11551 11552
11550 11552 11553
11553 11552 11554
11553 11554 11555
11556 11557 11558
11556 11558 11559
11560 11561 11562
11560 11562 11563
11564 11565 11566
11559 11567 11565
11568 11567 11569
11566 11565 11570
11571 11572 11573
11571 11573 11547
11574 11573 11575
11574 11575 11576
11577 11578 11579
11580 11579 11578
11581 11579 11582
11539 11583 11540
11540 11584 11558
11540 11558 11542
11585 11586 11587
11559 11588 11589
11559 11565 11588
11590 11565 11564
11587 11588 11591
11592 11593 11594
11595 11593 11592
11595 11592 11596
11589 11593 11597
11589 11586 11593
11593 11586 11585
11593 11585 11594
11598 11599 11600
11598 11600 11601
11602 11603 11604
11602 11604 11605
11606 11600 11599
11606 11599 11607
11608 11602 11605
11608 11605 11609
11538 11610 11611
11541 11543 11612
11541 11612 11610
11610 11612 11548
11610 11548 11579
11613 11610 11581
11611 11610 11614
11615 11598 11601
11615 11601 11616
11617 11571 11618
11617 11618 11603
11619 11606 11607
11619 11607 11620
11621 11608 11609
11621 11609 11622
11623 11624 11543
11623 11543 11542
11625 11626 11627
11625 11627 11628
11629 11630 11631
11579 11630 11577
11544 11630 11579
11544 11579 11548
11630 11544 11547
11630 11547 11573
11574 11632 11573
11633 11634 11635
11567 11633 11569
11559 11558 11567
11584 11634 11558
11583 11636 11584
11615 11616 11555
11615 11555 11554
11637 11618 11546
11637 11546 11638
11557 11623 11542
11557 11542 11558
11561 11625 11628
11561 11628 11562
11639 11640 11641
11639 11641 11642
11559 11589 11643
11559 11643 11556
11644 11639 11642
11644 11642 11645
11589 11597 11646
11589 11646 11643
11647 11648 11649
11650 11647 11651
11652 11648 11650
11653 11652 11617
11653 11617 11654
11655 11656 11648
11657 11658 11659
11657 11660 11661
11662 11653 11654
11662 11654 11663
11658 11657 11664
11665 11666 11667
11648 11668 11655
11653 11665 11648
11661 11666 11657
11669 11670 11671
11669 11671 11672
11551 11550 11670
11551 11670 11669
11612 11673 11549
11612 11549 11548
11673 11612 11543
11673 11543 11624
11674 11675 11676
11575 11674 11576
11572 11677 11575
11652 11677 11571
11652 11571 11617
11651 11678 11650
11679 11680 11681
11682 11680 11679
11664 11680 11683
11662 11680 11664
11684 11662 11663
11684 11663 11685
11632 11630 11573
11545 11686 11638
11545 11638 11546
11549 11687 11686
11549 11686 11545
11557 11556 11563
11557 11563 11562
11603 11602 11654
11603 11654 11617
11602 11608 11663
11602 11663 11654
11603 11618 11637
11603 11637 11604
11608 11621 11685
11608 11685 11663
11624 11623 11628
11624 11628 11627
11547 11546 11618
11547 11618 11571
11623 11557 11562
11623 11562 11628
11556 11643 11688
11556 11688 11563
11643 11646 11689
11643 11689 11688
11673 11690 11687
11673 11687 11549
11624 11627 11690
11624 11690 11673
11553 11691 11692
11553 11692 11550
11555 11693 11691
11555 11691 11553
11694 11641 11640
11694 11640 11695
11601 11600 11696
11601 11696 11697
11600 11606 11698
11600 11698 11696
11616 11601 11697
11616 11697 11699
11606 11619 11700
11606 11700 11698
11671 11701 11702
11671 11702 11672
11693 11555 11616
11693 11616 11699
11701 11694 11695
11701 11695 11702
11642 11641 11560
11642 11560 11703
11645 11642 11703
11645 11703 11704
11670 11705 11626
11670 11626 11671
11550 11692 11705
11550 11705 11670
11593 11595 11597
11588 11586 11589
11558 11634 11567
11561 11560 11641
11561 11641 11694
11626 11625 11701
11626 11701 11671
11625 11561 11694
11625 11694 11701
11691 11686 11687
11691 11687 11692
11693 11638 11686
11693 11686 11691
11697 11696 11605
11697 11605 11604
11696 11698 11609
11696 11609 11605
11699 11697 11604
11699 11604 11637
11698 11700 11622
11698 11622 11609
11638 11693 11699
11638 11699 11637
11703 11560 11563
11703 11563 11688
11704 11703 11688
11704 11688 11689
11705 11690 11627
11705 11627 11626
11692 11687 11690
11692 11690 11705
11588 11590 11591
11565 11568 11570
11634 11636 11635
11610 11613 11614
11580 11582 11579
11630 11632 11631
11675 11678 11676
11648 11656 11649
11667 11668 11665
11659 11660 11657
11682 11706 11680
11653 11648 11652
11572 11571 11677
11652 11675 11677
11684 11680 11662
11572 11575 11573
11684 11707 11680
11662 11664 11657
11653 11657 11665
11652 11650 11675
11677 11675 11575
11680 11707 11681
11680 11706 11683
11664 11683 11658
11650 11648 11647
11648 11665 11668
11666 11665 11657
11678 11675 11650
11575 11675 11674
11568 11565 11567
11586 11588 11587
11590 11588 11565
11567 11634 11633
11636 11634 11584
11583 11584 11540
11538 11541 11610
11409 11461 11460
11630 11629 11577
11412 11407 11441
11610 11579 11581
11489 11492 11483
11653 11662 11657
11708 11709 11710
11708 11710 11711
11712 11713 11714
11715 11716 11717
11715 11717 11718
11719 11717 11716
11719 11716 11720
11721 11722 11723
11721 11723 11724
11725 11726 11727
11725 11727 11728
11729 11730 11731
11729 11731 11732
11733 11734 11735
11733 11735 11736
11734 11733 11737
11726 11725 11738
11726 11738 11739
11740 11741 11742
11740 11742 11743
11744 11745 11746
11747 11748 11744
11747 11744 11746
11722 11721 11748
11722 11748 11747
11749 11731 11730
11749 11730 11750
11751 11752 11753
11751 11753 11754
11755 11756 11752
11743 11756 11755
11743 11755 11740
11754 11749 11750
11754 11750 11751
11757 11758 11759
11760 11761 11762
11760 11762 11763
11764 11762 11761
11764 11761 11765
11766 11760 11763
11766 11763 11767
11767 11768 11769
11767 11769 11766
11770 11771 11772
11770 11772 11773
11774 11775 11773
11774 11773 11772
11776 11777 11775
11776 11775 11774
11777 11776 11778
11777 11778 11779
11713 11780 11714
11781 11782 11716
11781 11716 11715
11780 11713 11783
11783 11784 11710
11785 11721 11724
11785 11724 11786
11720 11716 11782
11720 11782 11787
11788 11725 11728
11788 11728 11789
11732 11731 11790
11732 11790 11791
11792 11733 11736
11792 11736 11793
11733 11792 11794
11733 11794 11737
11737 11794 11795
11737 11795 11711
11725 11788 11796
11725 11796 11738
11743 11742 11797
11743 11797 11798
11799 11745 11744
11748 11800 11801
11748 11801 11744
11802 11755 11745
11755 11802 11803
11755 11803 11740
11721 11785 11800
11721 11800 11748
11804 11790 11731
11804 11731 11749
11754 11753 11805
11754 11805 11806
11753 11756 11807
11753 11807 11805
11798 11807 11756
11798 11756 11743
11806 11804 11749
11806 11749 11754
11734 11713 11712
11717 11726 11739
11717 11739 11718
11713 11734 11784
11723 11722 11730
11723 11730 11729
11726 11717 11719
11726 11719 11727
11745 11752 11746
11751 11750 11747
11751 11747 11746
11745 11755 11752
11750 11730 11722
11750 11722 11747
11808 11769 11768
11808 11768 11809
11810 11811 11779
11810 11779 11778
11812 11708 11711
11812 11711 11795
11813 11741 11740
11813 11740 11803
11783 11713 11784
11784 11734 11737
11734 11712 11735
11714 11780 11814
11752 11756 11753
11799 11744 11801
11746 11752 11751
11815 11816 11817
11714 11715 11718
11714 11718 11712
11739 11738 11736
11739 11736 11735
11814 11781 11715
11814 11715 11714
11738 11796 11793
11738 11793 11736
11712 11718 11739
11712 11739 11735
11771 11770 11816
11771 11816 11815
11758 11764 11765
11758 11765 11759
11711 11784 11737
11710 11784 11711
11802 11745 11799
11818 11819 11820
11818 11820 11821
11822 11823 11824
11825 11826 11827
11825 11827 11828
11826 11825 11829
11826 11829 11830
11831 11832 11833
11831 11833 11834
11835 11836 11837
11835 11837 11838
11839 11840 11841
11839 11841 11842
11843 11844 11845
11843 11845 11846
11846 11847 11843
11838 11848 11849
11838 11849 11835
11850 11851 11852
11850 11852 11853
11854 11855 11856
11857 11855 11854
11857 11854 11858
11834 11857 11858
11834 11858 11831
11840 11839 11859
11840 11859 11860
11861 11862 11863
11861 11863 11864
11865 11862 11866
11865 11866 11853
11865 11853 11852
11860 11859 11864
11860 11864 11863
11867 11868 11869
11870 11871 11872
11870 11872 11873
11871 11870 11874
11871 11874 11875
11873 11872 11876
11873 11876 11877
11878 11879 11877
11878 11877 11876
11880 11881 11882
11880 11882 11883
11884 11880 11883
11884 11883 11885
11886 11884 11885
11886 11885 11887
11887 11888 11889
11887 11889 11886
11824 11823 11890
11826 11891 11892
11826 11892 11827
11890 11893 11824
11893 11820 11894
11895 11896 11832
11895 11832 11831
11891 11826 11830
11891 11830 11897
11898 11899 11836
11898 11836 11835
11900 11839 11842
11900 11842 11901
11902 11903 11844
11902 11844 11843
11843 11847 11904
11843 11904 11902
11847 11819 11905
11847 11905 11904
11835 11849 11906
11835 11906 11898
11907 11850 11853
11907 11853 11908
11909 11854 11856
11858 11854 11910
11858 11910 11911
11912 11856 11865
11865 11852 11913
11865 11913 11912
11831 11858 11911
11831 11911 11895
11839 11900 11914
11839 11914 11859
11915 11861 11864
11915 11864 11916
11917 11866 11861
11917 11861 11915
11866 11917 11908
11866 11908 11853
11859 11914 11916
11859 11916 11864
11846 11822 11824
11825 11828 11848
11825 11848 11838
11824 11894 11846
11840 11834 11833
11840 11833 11841
11838 11837 11829
11838 11829 11825
11856 11855 11862
11857 11860 11863
11857 11863 11855
11856 11862 11865
11834 11840 11860
11834 11860 11857
11879 11878 11918
11879 11918 11919
11920 11889 11888
11920 11888 11921
11819 11818 11922
11819 11922 11905
11852 11851 11923
11852 11923 11913
11893 11894 11824
11894 11847 11846
11846 11845 11822
11823 11924 11890
11862 11861 11866
11909 11910 11854
11855 11863 11862
11925 11926 11927
11828 11827 11823
11828 11823 11822
11848 11845 11844
11848 11844 11849
11827 11892 11924
11827 11924 11823
11849 11844 11903
11849 11903 11906
11848 11828 11822
11848 11822 11845
11881 11925 11927
11881 11927 11882
11875 11874 11869
11875 11869 11868
11819 11847 11894
11820 11819 11894
11912 11909 11856
11928 11929 11930
11931 11929 11928
11932 11929 11931
11933 11929 11932
11934 11929 11933
11935 11929 11934
11936 11929 11935
11937 11929 11936
11938 11929 11937
11939 11929 11938
11940 11941 11942
11943 11940 11942
11944 11943 11942
11945 11944 11942
11946 11945 11942
11947 11946 11942
11948 11947 11942
11949 11948 11942
11950 11949 11942
11951 11950 11942
11952 11953 11954
11952 11954 11955
11956 11957 11953
11956 11953 11952
11958 11959 11957
11958 11957 11956
11960 11961 11959
11960 11959 11958
11962 11963 11961
11962 11961 11960
11964 11965 11963
11964 11963 11962
11966 11967 11965
11966 11965 11964
11968 11969 11967
11968 11967 11966
11970 11971 11969
11970 11969 11968
11972 11973 11971
11972 11971 11970
11974 11975 11973
11974 11973 11972
11976 11977 11975
11976 11975 11974
11978 11979 11980
11980 11979 11981
11981 11979 11982
11982 11979 11983
11984 11979 11985
11985 11979 11986
11986 11979 11987
11987 11979 11988
11988 11979 11989
11989 11979 11978
11990 11991 11992
11990 11992 11993
11993 11992 11994
11993 11994 11995
11995 11994 11996
11995 11996 11997
11997 11996 11998
11997 11998 11999
11999 11998 12000
11999 12000 12001
12002 12003 12004
12002 12004 12005
12005 12004 12006
12005 12006 12007
12007 12006 12008
12007 12008 12009
12009 12008 12010
12009 12010 12011
12011 12010 12012
12011 12012 12013
12013 12012 12014
12013 12014 12015
12015 12014 11991
12015 11991 11990
12016 12017 12018
12017 12019 12018
12019 12020 12018
12020 12021 12018
12022 12023 12018
12023 12024 12018
12024 12025 12018
12025 12026 12018
12026 12027 12018
12027 12016 12018
12028 12029 12030
12028 12030 12031
12029 12028 12032
12029 12032 12033
12028 12034 12035
12028 12035 12032
12034 12028 12031
12034 12031 12036
12037 12038 12039
12037 12039 12040
12038 12041 12042
12038 12042 12039
12040 12039 12043
12040 12043 12044
12039 12042 12045
12039 12045 12043
12044 12043 12046
12044 12046 12047
12043 12045 12048
12043 12048 12046
12047 12046 12031
12047 12031 12030
12046 12048 12036
12046 12036 12031
12049 12034 12036
12049 12036 12050
12034 12049 12051
12034 12051 12035
12049 12052 12053
12049 12053 12051
12052 12049 12050
12052 12050 12054
12041 12055 12056
12041 12056 12042
12055 12057 12058
12055 12058 12056
12042 12056 12059
12042 12059 12045
12056 12058 12060
12056 12060 12059
12045 12059 12061
12045 12061 12048
12059 12060 12062
12059 12062 12061
12048 12061 12050
12048 12050 12036
12061 12062 12054
12061 12054 12050
12063 12052 12054
12063 12054 12064
12052 12063 12065
12052 12065 12053
12063 12066 12067
12063 12067 12065
12066 12063 12064
12066 12064 12068
12057 12069 12070
12057 12070 12058
12069 12071 12072
12069 12072 12070
12058 12070 12073
12058 12073 12060
12070 12072 12074
12070 12074 12073
12060 12073 12075
12060 12075 12062
12073 12074 12076
12073 12076 12075
12062 12075 12064
12062 12064 12054
12075 12076 12068
12075 12068 12064
12077 12066 12068
12077 12068 12078
12066 12077 12079
12066 12079 12067
12077 12080 12081
12077 12081 12079
12080 12077 12078
12080 12078 12082
12071 12083 12084
12071 12084 12072
12083 12085 12086
12083 12086 12084
12072 12084 12087
12072 12087 12074
12084 12086 12088
12084 12088 12087
12074 12087 12089
12074 12089 12076
12087 12088 12090
12087 12090 12089
12076 12089 12078
12076 12078 12068
12089 12090 12082
12089 12082 12078
12091 12080 12082
12091 12082 12092
12080 12091 12093
12080 12093 12081
12091 12094 12095
12091 12095 12093
12094 12091 12092
12094 12092 12096
12085 12097 12098
12085 12098 12086
12097 12099 12100
12097 12100 12098
12086 12098 12101
12086 12101 12088
12098 12100 12102
12098 12102 12101
12088 12101 12103
12088 12103 12090
12101 12102 12104
12101 12104 12103
12090 12103 12092
12090 12092 12082
12103 12104 12096
12103 12096 12092
12105 12094 12096
12105 12096 12106
12094 12105 12107
12094 12107 12095
12105 12108 12109
12105 12109 12107
12108 12105 12106
12108 12106 12110
12099 12111 12112
12099 12112 12100
12111 12113 12114
12111 12114 12112
12100 12112 12115
12100 12115 12102
12112 12114 12116
12112 12116 12115
12102 12115 12117
12102 12117 12104
12115 12116 12118
12115 12118 12117
12104 12117 12106
12104 12106 12096
12117 12118 12110
12117 12110 12106
12119 12120 12121
12119 12121 12122
12120 12119 12123
12120 12123 12124
12119 12125 12126
12119 12126 12123
12125 12119 12122
12125 12122 12127
12128 12129 12130
12128 12130 12131
12129 12132 12133
12129 12133 12130
12131 12130 12134
12131 12134 12135
12130 12133 12136
12130 12136 12134
12135 12134 12137
12135 12137 12138
12134 12136 12139
12134 12139 12137
12138 12137 12122
12138 12122 12121
12137 12139 12127
12137 12127 12122
12140 12125 12127
12140 12127 12141
12125 12140 12142
12125 12142 12126
12140 12143 12144
12140 12144 12142
12143 12140 12141
12143 12141 12145
12132 12146 12147
12132 12147 12133
12146 12148 12149
12146 12149 12147
12133 12147 12150
12133 12150 12136
12147 12149 12151
12147 12151 12150
12136 12150 12152
12136 12152 12139
12150 12151 12153
12150 12153 12152
12139 12152 12141
12139 12141 12127
12152 12153 12145
12152 12145 12141
12154 12143 12145
12154 12145 12155
12143 12154 12156
12143 12156 12144
12154 12157 12158
12154 12158 12156
12157 12154 12155
12157 12155 12159
12148 12160 12161
12148 12161 12149
12160 12162 12163
12160 12163 12161
12149 12161 12164
12149 12164 12151
12161 12163 12165
12161 12165 12164
12151 12164 12166
12151 12166 12153
12164 12165 12167
12164 12167 12166
12153 12166 12155
12153 12155 12145
12166 12167 12159
12166 12159 12155
12168 12157 12159
12168 12159 12169
12157 12168 12170
12157 12170 12158
12168 12171 12172
12168 12172 12170
12171 12168 12169
12171 12169 12173
12162 12174 12175
12162 12175 12163
12174 12176 12177
12174 12177 12175
12163 12175 12178
12163 12178 12165
12175 12177 12179
12175 12179 12178
12165 12178 12180
12165 12180 12167
12178 12179 12181
12178 12181 12180
12167 12180 12169
12167 12169 12159
12180 12181 12173
12180 12173 12169
12182 12171 12173
12182 12173 12183
12171 12182 12184
12171 12184 12172
12182 12185 12186
12182 12186 12184
12185 12182 12183
12185 12183 12187
12176 12188 12189
12176 12189 12177
12188 12190 12191
12188 12191 12189
12177 12189 12192
12177 12192 12179
12189 12191 12193
12189 12193 12192
12179 12192 12194
12179 12194 12181
12192 12193 12195
12192 12195 12194
12181 12194 12183
12181 12183 12173
12194 12195 12187
12194 12187 12183
12196 12185 12187
12196 12187 12197
12185 12196 12198
12185 12198 12186
12196 12029 12033
12196 12033 12198
12029 12196 12197
12029 12197 12030
12190 12199 12200
12190 12200 12191
12199 12037 12040
12199 12040 12200
12191 12200 12201
12191 12201 12193
12200 12040 12044
12200 12044 12201
12193 12201 12202
12193 12202 12195
12201 12044 12047
12201 12047 12202
12195 12202 12197
12195 12197 12187
12202 12047 12030
12202 12030 12197
12203 12204 12205
12203 12206 12204
12203 12207 12206
12203 12208 12207
12203 12209 12208
12205 12204 12210
12205 12210 12211
12204 12206 12212
12204 12212 12210
12206 12207 12213
12206 12213 12212
12207 12208 12214
12207 12214 12213
12208 12209 12215
12208 12215 12214
12211 12210 12216
12211 12216 12217
12210 12212 12218
12210 12218 12216
12212 12213 12219
12212 12219 12218
12213 12214 12220
12213 12220 12219
12214 12215 12221
12214 12221 12220
12217 12216 12222
12217 12222 12223
12216 12218 12224
12216 12224 12222
12218 12219 12225
12218 12225 12224
12219 12220 12226
12219 12226 12225
12220 12221 12227
12220 12227 12226
12228 12223 12222
12228 12222 12224
12228 12224 12225
12228 12225 12226
12228 12226 12227
12229 12230 12231
12229 12231 12232
12229 12232 12233
12229 12233 12234
12229 12234 12235
12230 12236 12237
12230 12237 12231
12231 12237 12238
12231 12238 12232
12232 12238 12239
12232 12239 12233
12233 12239 12240
12233 12240 12234
12234 12240 12241
12234 12241 12235
12236 12242 12243
12236 12243 12237
12237 12243 12244
12237 12244 12238
12238 12244 12245
12238 12245 12239
12239 12245 12246
12239 12246 12240
12240 12246 12247
12240 12247 12241
12242 12248 12249
12242 12249 12243
12243 12249 12250
12243 12250 12244
12244 12250 12251
12244 12251 12245
12245 12251 12252
12245 12252 12246
12246 12252 12253
12246 12253 12247
12254 12249 12248
12254 12250 12249
12254 12251 12250
12254 12252 12251
12254 12253 12252
12255 12256 12257
12255 12257 12258
12259 12260 12257
12259 12257 12256
12258 12257 12261
12258 12261 12262
12260 12263 12261
12260 12261 12257
12262 12261 12264
12262 12264 12265
12263 12266 12264
12263 12264 12261
12265 12264 12267
12265 12267 12268
12266 12269 12267
12266 12267 12264
12270 12271 12272
12270 12272 12273
12274 12275 12272
12274 12272 12271
12273 12272 12256
12273 12256 12255
12275 12259 12256
12275 12256 12272
12259 12276 12277
12259 12277 12260
12278 12279 12277
12278 12277 12276
12260 12277 12280
12260 12280 12263
12279 12281 12280
12279 12280 12277
12263 12280 12282
12263 12282 12266
12281 12283 12282
12281 12282 12280
12266 12282 12284
12266 12284 12269
12283 12285 12284
12283 12284 12282
12274 12286 12287
12274 12287 12275
12288 12289 12287
12288 12287 12286
12275 12287 12276
12275 12276 12259
12289 12278 12276
12289 12276 12287
12278 12290 12291
12278 12291 12279
12292 12293 12291
12292 12291 12290
12279 12291 12294
12279 12294 12281
12293 12295 12294
12293 12294 12291
12281 12294 12296
12281 12296 12283
12295 12297 12296
12295 12296 12294
12283 12296 12298
12283 12298 12285
12297 12299 12298
12297 12298 12296
12288 12300 12301
12288 12301 12289
12302 12303 12301
12302 12301 12300
12289 12301 12290
12289 12290 12278
12303 12292 12290
12303 12290 12301
12292 12304 12305
12292 12305 12293
12306 12307 12305
12306 12305 12304
12293 12305 12308
12293 12308 12295
12307 12309 12308
12307 12308 12305
12295 12308 12310
12295 12310 12297
12309 12311 12310
12309 12310 12308
12297 12310 12312
12297 12312 12299
12311 12313 12312
12311 12312 12310
12302 12314 12315
12302 12315 12303
12316 12317 12315
12316 12315 12314
12303 12315 12304
12303 12304 12292
12317 12306 12304
12317 12304 12315
12306 12318 12319
12306 12319 12307
12320 12321 12319
12320 12319 12318
12307 12319 12322
12307 12322 12309
12321 12323 12322
12321 12322 12319
12309 12322 12324
12309 12324 12311
12323 12325 12324
12323 12324 12322
12311 12324 12326
12311 12326 12313
12325 12327 12326
12325 12326 12324
12316 12328 12329
12316 12329 12317
12330 12331 12329
12330 12329 12328
12317 12329 12318
12317 12318 12306
12331 12320 12318
12331 12318 12329
12320 12332 12333
12320 12333 12321
12334 12335 12333
12334 12333 12332
12321 12333 12336
12321 12336 12323
12335 12337 12336
12335 12336 12333
12323 12336 12338
12323 12338 12325
12337 12339 12338
12337 12338 12336
12325 12338 12340
12325 12340 12327
12339 12341 12340
12339 12340 12338
12330 12342 12343
12330 12343 12331
12344 12345 12343
12344 12343 12342
12331 12343 12332
12331 12332 12320
12345 12334 12332
12345 12332 12343
12334 12346 12347
12334 12347 12335
12348 12349 12347
12348 12347 12346
12335 12347 12350
12335 12350 12337
12349 12351 12350
12349 12350 12347
12337 12350 12352
12337 12352 12339
12351 12353 12352
12351 12352 12350
12339 12352 12354
12339 12354 12341
12353 12355 12354
12353 12354 12352
12344 12356 12357
12344 12357 12345
12358 12359 12357
12358 12357 12356
12345 12357 12346
12345 12346 12334
12359 12348 12346
12359 12346 12357
12348 12360 12361
12348 12361 12349
12362 12363 12361
12362 12361 12360
12349 12361 12364
12349 12364 12351
12363 12365 12364
12363 12364 12361
12351 12364 12366
12351 12366 12353
12365 12367 12366
12365 12366 12364
12353 12366 12368
12353 12368 12355
12367 12369 12368
12367 12368 12366
12358 12370 12371
12358 12371 12359
12372 12373 12371
12372 12371 12370
12359 12371 12360
12359 12360 12348
12373 12362 12360
12373 12360 12371
12362 12374 12375
12362 12375 12363
12376 12377 12375
12376 12375 12374
12363 12375 12378
12363 12378 12365
12377 12379 12378
12377 12378 12375
12365 12378 12380
12365 12380 12367
12379 12381 12380
12379 12380 12378
12367 12380 12382
12367 12382 12369
12381 12383 12382
12381 12382 12380
12372 12384 12385
12372 12385 12373
12386 12387 12385
12386 12385 12384
12373 12385 12374
12373 12374 12362
12387 12376 12374
12387 12374 12385
12376 12388 12389
12376 12389 12377
12390 12391 12389
12390 12389 12388
12377 12389 12392
12377 12392 12379
12391 12393 12392
12391 12392 12389
12379 12392 12394
12379 12394 12381
12393 12395 12394
12393 12394 12392
12381 12394 12396
12381 12396 12383
12395 12397 12396
12395 12396 12394
12386 12398 12399
12386 12399 12387
12400 12401 12399
12400 12399 12398
12387 12399 12388
12387 12388 12376
12401 12390 12388
12401 12388 12399
12390 12402 12403
12390 12403 12391
12404 12405 12403
12404 12403 12402
12391 12403 12406
12391 12406 12393
12405 12407 12406
12405 12406 12403
12393 12406 12408
12393 12408 12395
12407 12409 12408
12407 12408 12406
12395 12408 12410
12395 12410 12397
12409 12411 12410
12409 12410 12408
12400 12412 12413
12400 12413 12401
12414 12415 12413
12414 12413 12412
12401 12413 12402
12401 12402 12390
12415 12404 12402
12415 12402 12413
12404 12416 12417
12404 12417 12405
12418 12417 12416
12418 12416 12419
12405 12417 12420
12405 12420 12407
12421 12420 12417
12421 12417 12418
12407 12420 12422
12407 12422 12409
12423 12422 12420
12423 12420 12421
12409 12422 12424
12409 12424 12411
12425 12424 12422
12425 12422 12423
12414 12426 12427
12414 12427 12415
12428 12427 12426
12428 12426 12429
12415 12427 12416
12415 12416 12404
12419 12416 12427
12419 12427 12428
12430 12431 12432
12432 12431 12433
12434 12431 12435
12435 12431 12436
12436 12431 12437
12437 12431 12438
12438 12431 12439
12439 12431 12440
12440 12431 12441
12441 12431 12430
12442 12443 12444
12442 12444 12445
12445 12444 12446
12445 12446 12447
12447 12446 12448
12447 12448 12449
12450 12451 12452
12450 12452 12453
12453 12452 12454
12453 12454 12455
12455 12454 12456
12455 12456 12457
12457 12456 12458
12457 12458 12459
12459 12458 12460
12459 12460 12461
12461 12460 12462
12461 12462 12463
12463 12462 12464
12463 12464 12465
12465 12464 12466
12465 12466 12467
12467 12466 12443
12467 12443 12442
12468 12469 12470
12469 12471 12470
12472 12473 12470
12473 12474 12470
12474 12475 12470
12475 12476 12470
12476 12477 12470
12477 12478 12470
12478 12479 12470
12479 12468 12470
12480 12481 12482
12483 12484 12485
12486 12487 12488
12489 12490 12491
12492 12493 12494
12495 12496 12497
12498 12499 12500
12501 12502 12503
12504 12505 12506
12507 12508 12509
12510 12511 12512
12513 12514 12515
12516 12517 12518
12519 12520 12521
12522 12523 12524
12525 12526 12527
12528 12529 12530
12528 12530 12531
12532 12528 12531
12532 12531 12533
12534 12532 12533
12534 12533 12535
12536 12534 12535
12536 12535 12537
12538 12539 12540
12538 12540 12541
12529 12538 12541
12529 12541 12530
12542 12543 12544
12542 12544 12545
12545 12544 12529
12545 12529 12528
12546 12542 12545
12546 12545 12547
12547 12545 12528
12547 12528 12532
12548 12546 12547
12548 12547 12549
12549 12547 12532
12549 12532 12534
12550 12548 12549
12550 12549 12551
12551 12549 12534
12551 12534 12536
12552 12553 12554
12552 12554 12555
12555 12554 12539
12555 12539 12538
12543 12552 12555
12543 12555 12544
12544 12555 12538
12544 12538 12529
12556 12557 12558
12556 12558 12559
12559 12558 12543
12559 12543 12542
12560 12556 12559
12560 12559 12561
12561 12559 12542
12561 12542 12546
12562 12560 12561
12562 12561 12563
12563 12561 12546
12563 12546 12548
12564 12562 12563
12564 12563 12565
12565 12563 12548
12565 12548 12550
12566 12567 12568
12566 12568 12569
12569 12568 12553
12569 12553 12552
12557 12566 12569
12557 12569 12558
12558 12569 12552
12558 12552 12543
12570 12571 12572
12570 12572 12573
12573 12572 12557
12573 12557 12556
12574 12570 12573
12574 12573 12575
12575 12573 12556
12575 12556 12560
12574 12575 12576
12574 12576 12577
12562 12576 12575
12562 12575 12560
12578 12577 12576
12578 12576 12579
12579 12576 12562
12579 12562 12564
12580 12581 12582
12580 12582 12583
12583 12582 12567
12583 12567 12566
12580 12583 12572
12580 12572 12571
12557 12572 12583
12557 12583 12566
12584 12585 12586
12584 12586 12587
12588 12589 12585
12588 12585 12584
12590 12591 12589
12590 12589 12588
12592 12593 12591
12592 12591 12590
12594 12595 12596
12594 12596 12597
12587 12586 12595
12587 12595 12594
12587 12598 12599
12587 12599 12584
12600 12599 12598
12600 12598 12601
12584 12599 12602
12584 12602 12588
12603 12602 12599
12603 12599 12600
12588 12602 12604
12588 12604 12590
12605 12604 12602
12605 12602 12603
12590 12604 12606
12590 12606 12592
12607 12606 12604
12607 12604 12605
12597 12608 12609
12597 12609 12594
12610 12609 12608
12610 12608 12611
12594 12609 12598
12594 12598 12587
12601 12598 12609
12601 12609 12610
12601 12612 12613
12601 12613 12600
12614 12613 12612
12614 12612 12615
12600 12613 12616
12600 12616 12603
12617 12616 12613
12617 12613 12614
12603 12616 12618
12603 12618 12605
12619 12618 12616
12619 12616 12617
12605 12618 12620
12605 12620 12607
12621 12620 12618
12621 12618 12619
12611 12622 12623
12611 12623 12610
12624 12623 12622
12624 12622 12625
12610 12623 12612
12610 12612 12601
12615 12612 12623
12615 12623 12624
12615 12626 12627
12615 12627 12614
12570 12627 12626
12570 12626 12571
12614 12627 12628
12614 12628 12617
12574 12628 12627
12574 12627 12570
12617 12628 12629
12617 12629 12619
12577 12629 12628
12577 12628 12574
12619 12629 12630
12619 12630 12621
12578 12630 12629
12578 12629 12577
12625 12631 12632
12625 12632 12624
12580 12632 12631
12580 12631 12581
12624 12632 12626
12624 12626 12615
12571 12626 12632
12571 12632 12580
12633 12634 12635
12634 12636 12635
12636 12637 12635
12638 12639 12635
12639 12640 12635
12640 12641 12635
12641 12642 12635
12642 12643 12635
12643 12644 12635
12644 12633 12635
12645 12646 12647
12647 12646 12648
12648 12646 12649
12650 12646 12651
12651 12646 12652
12652 12646 12653
12653 12646 12654
12654 12646 12655
12655 12646 12656
12646 12645 12656
12657 12658 12659
12657 12659 12660
12658 12661 12662
12658 12662 12659
12661 12663 12664
12661 12664 12662
12663 12665 12666
12663 12666 12664
12667 12668 12669
12667 12669 12670
12668 12671 12672
12668 12672 12669
12671 12673 12674
12671 12674 12672
12673 12675 12676
12673 12676 12674
12675 12677 12678
12675 12678 12676
12677 12679 12680
12677 12680 12678
12679 12681 12682
12679 12682 12680
12681 12657 12660
12681 12660 12682
12683 12684 12685
12686 12687 12688
12689 12690 12691
12692 12693 12694
12695 12696 12697
12698 12699 12700
12701 12702 12703
12704 12705 12706
12707 12708 12709
12710 12711 12712
12713 12714 12715
12716 12717 12718
12719 12720 12721
12722 12723 12724
12725 12726 12727
12728 12729 12730
12731 12732 12733
12734 12735 12736
12737 12738 12739
12740 12741 12742
12743 12744 12745
12746 12747 12748
12749 12750 12751
12752 12753 12754
12755 12756 12757
12758 12759 12760
12751 12750 12760
12751 12760 12759
12760 12750 12761
12751 12759 12762
12763 12764 12765
12766 12767 12768
12769 12770 12771
12772 12773 12774
12775 12776 12777
12778 12779 12780
12781 12782 12783
12784 12785 12786
12787 12788 12789
12790 12791 12792
12782 12792 12791
12782 12791 12783
12791 12793 12783
12782 12794 12792
12795 12796 12797
12795 12797 12798
12799 12800 12801
12799 12801 12802
12803 12804 12805
12806 12805 12804
12806 12804 12807
12808 12806 12807
12808 12807 12809
12798 12810 12811
12798 12811 12795
12810 12808 12809
12810 12809 12811
12812 12813 12814
12812 12814 12815
12802 12816 12817
12802 12817 12799
12816 12812 12815
12816 12815 12817
12818 12819 12820
12813 12820 12819
12813 12819 12814
12821 12822 12823
12821 12823 12824
12825 12826 12827
12825 12827 12828
12829 12830 12831
12829 12831 12832
12828 12827 12830
12828 12830 12829
12833 12834 12835
12833 12835 12836
12836 12835 12826
12836 12826 12825
12837 12838 12839
12837 12839 12840
12834 12833 12840
12834 12840 12839
12841 12842 12843
12841 12843 12844
12844 12843 12845
12844 12845 12846
12846 12845 12838
12846 12838 12837
12847 12848 12849
12847 12849 12850
12848 12847 12851
12848 12851 12852
12853 12854 12855
12853 12855 12856
12857 12858 12859
12857 12859 12860
12856 12855 12858
12856 12858 12857
12861 12862 12863
12861 12863 12864
12864 12863 12854
12864 12854 12853
12865 12866 12867
12865 12867 12868
12869 12870 12868
12869 12868 12867
12871 12872 12873
12871 12873 12874
12874 12873 12875
12874 12875 12876
12876 12875 12866
12876 12866 12865
12822 12821 12877
12822 12877 12878
12796 12879 12880
12796 12880 12797
12800 12880 12879
12800 12879 12801
12832 12831 12824
12832 12824 12823
12842 12841 12850
12842 12850 12849
12860 12859 12852
12860 12852 12851
12872 12871 12878
12872 12878 12877
12881 12882 12883
12881 12883 12884
12885 12886 12887
12885 12887 12888
12889 12890 12891
12892 12893 12891
12892 12891 12890
12893 12892 12894
12893 12894 12895
12896 12897 12884
12896 12884 12883
12895 12894 12897
12895 12897 12896
12898 12899 12900
12898 12900 12901
12902 12903 12888
12902 12888 12887
12901 12900 12903
12901 12903 12902
12904 12905 12906
12899 12898 12906
12899 12906 12905
12907 12908 12909
12907 12909 12910
12911 12912 12913
12911 12913 12914
12915 12916 12917
12915 12917 12918
12912 12915 12918
12912 12918 12913
12919 12920 12921
12919 12921 12922
12920 12911 12914
12920 12914 12921
12923 12924 12925
12923 12925 12926
12924 12919 12922
12924 12922 12925
12927 12928 12929
12927 12929 12930
12928 12931 12932
12928 12932 12929
12931 12923 12926
12931 12926 12932
12933 12934 12935
12933 12935 12936
12936 12937 12938
12936 12938 12933
12939 12940 12941
12939 12941 12942
12943 12944 12945
12943 12945 12946
12940 12943 12946
12940 12946 12941
12947 12948 12949
12947 12949 12950
12948 12939 12942
12948 12942 12949
12951 12952 12953
12951 12953 12954
12952 12955 12956
12952 12956 12953
12957 12958 12959
12957 12959 12960
12958 12961 12962
12958 12962 12959
12961 12951 12954
12961 12954 12962
12910 12963 12964
12910 12964 12907
12965 12966 12882
12965 12882 12881
12966 12965 12886
12966 12886 12885
12916 12909 12908
12916 12908 12917
12930 12935 12934
12930 12934 12927
12944 12938 12937
12944 12937 12945
12960 12964 12963
12960 12963 12957
12967 12968 12969
12968 12970 12969
12970 12971 12969
12971 12972 12969
12972 12973 12969
12973 12974 12969
12974 12975 12969
12975 12967 12969
12976 12977 12978
12977 12979 12978
12979 12980 12978
12980 12981 12978
12981 12982 12978
12982 12983 12978
12983 12984 12978
12984 12976 12978
985 972 12985
985 12985 12986
1035 1034 12987
1035 12987 12988
986 985 12986
986 12986 12989
971 1131 12985
1118 12990 12991
1118 12991 1099
1099 12991 12992
1099 12992 1100
3680 12993 3677
3694 12994 12995
3694 12995 3695
3695 12995 12993
3695 12993 3680
3743 12996 12997
3743 12997 3744
3809 3808 12998
3809 12998 12999
3825 3809 12999
3825 12999 13000
3677 12993 3838
971 12985 972
13001 13002 13003
13001 13003 13004
13005 13006 13007
13008 13009 13010
13008 13010 13011
13011 13010 13012
13011 13012 13013
13004 13014 13001
13015 13007 13016
13017 13011 13013
13017 13013 13018
13019 13016 13020
13019 13020 13021
13022 13023 13009
13022 13009 13008
13016 13006 13020
13008 13024 13025
13008 13025 13022
13016 13019 13026
13011 13017 13024
13011 13024 13008
13014 13027 13001
13028 13029 13030
13031 13032 13033
13031 13033 13034
13035 13036 13037
13038 13039 13040
13018 13041 13042
13018 13042 13017
13040 13035 13037
13043 13036 13044
13043 13044 13045
13046 13047 13048
13046 13033 13032
13015 13026 13049
13024 13050 13051
13024 13051 13025
13017 13042 13050
13017 13050 13024
13014 13052 13027
13013 13012 13053
13013 13053 13054
13018 13013 13054
13018 13054 13055
13056 13039 13057
13056 13057 13058
13055 13059 13041
13055 13041 13018
13034 13033 13060
13034 13060 13061
13040 13039 13035
13048 13062 13063
13033 13048 13060
13029 13028 13064
13065 13066 13067
13065 13067 13068
13009 13036 13035
13009 13035 13010
13035 13056 13010
13023 13044 13036
13023 13036 13009
13063 13069 13070
13066 13063 13070
13066 13070 13067
13012 13056 13058
13012 13058 13053
13030 13071 13072
13043 13073 13074
13043 13074 13037
13037 13074 13075
13073 13043 13045
13073 13045 13076
13039 13038 13077
13039 13077 13057
13035 13039 13056
13010 13056 13012
13038 13040 13075
13037 13036 13043
13037 13075 13040
13047 13062 13048
13062 13069 13063
13061 13060 13066
13061 13066 13065
13060 13048 13063
13060 13063 13066
13046 13048 13033
13068 13067 13006
13068 13006 13005
13067 13070 13020
13067 13020 13006
13070 13069 13021
13070 13021 13020
13064 13078 13079
13002 13079 13080
13002 13080 13003
13079 13078 13080
13072 13071 13081
13030 13029 13071
13064 13028 13078
13082 13083 13084
13083 13085 13086
13087 13088 13089
13090 13091 13082
13091 13092 13085
13091 13085 13083
13093 13094 13095
13093 13095 13096
13084 13086 13097
13086 13098 13099
13100 13101 13102
13081 13071 13088
13079 13002 13103
13079 13103 13104
13105 13106 13092
13105 13092 13091
13001 13027 13107
13001 13107 13108
13109 13105 13091
13109 13091 13090
13110 13111 13094
13110 13094 13093
13112 13029 13064
13108 13103 13002
13108 13002 13001
13104 13113 13064
13104 13064 13079
13089 13088 13112
13112 13088 13071
13112 13071 13029
13101 13095 13114
13114 13095 13094
13114 13094 13087
13094 13111 13087
13097 13086 13099
13084 13083 13086
13100 13098 13115
13100 13115 13096
13096 13115 13116
13096 13116 13093
13093 13116 13117
13093 13117 13110
13102 13099 13098
13102 13098 13100
13115 13085 13092
13115 13092 13116
13116 13092 13106
13116 13106 13117
13098 13086 13085
13098 13085 13115
13087 13111 13081
13081 13088 13087
13096 13095 13101
13096 13101 13100
13082 13091 13083
13087 13089 13114
13118 13119 13120
13118 13120 13121
13122 13123 13124
13122 13124 13125
13126 13127 13128
13126 13128 13129
13127 13126 13130
13127 13130 13131
13127 13131 13132
13121 13120 13133
13121 13133 13134
13125 13124 13135
13125 13135 13136
13137 13138 13139
13137 13139 13140
13141 13142 13143
13141 13143 13144
13145 13129 13146
13145 13146 13147
13148 13126 13129
13148 13129 13145
13149 13130 13126
13149 13126 13148
13150 13151 13137
13152 13153 13154
13152 13154 13140
13132 13120 13119
13132 13119 13155
13156 13141 13144
13156 13144 13157
13158 13156 13157
13158 13157 13159
13160 13161 13162
13160 13162 13163
13163 13162 13164
13163 13164 13165
13166 13167 13168
13166 13168 13169
13170 13171 13161
13171 13172 13162
13173 13158 13159
13173 13159 13174
13175 13171 13170
13175 13170 13176
13144 13143 13134
13144 13134 13133
13157 13144 13133
13157 13133 13131
13159 13157 13131
13159 13131 13130
13174 13159 13130
13174 13130 13149
13140 13139 13177
13140 13177 13152
13160 13163 13178
13163 13165 13179
13180 13166 13169
13180 13169 13181
13181 13169 13182
13181 13182 13183
13129 13128 13184
13129 13184 13146
13128 13155 13185
13128 13185 13184
13178 13163 13179
13186 13172 13171
13186 13171 13175
13165 13164 13167
13165 13167 13166
13164 13172 13187
13164 13187 13167
13179 13165 13166
13179 13166 13180
13188 13139 13138
13188 13138 13136
13189 13177 13139
13189 13139 13188
13190 13138 13137
13190 13191 13122
13122 13125 13190
13190 13125 13136
13190 13136 13138
13192 13188 13136
13192 13136 13135
13193 13189 13188
13193 13188 13192
13123 13118 13121
13123 13121 13124
13124 13121 13134
13124 13134 13135
13192 13143 13142
13192 13142 13193
13135 13134 13143
13135 13143 13192
13183 13182 13194
13162 13172 13164
13161 13171 13162
13089 13112 13113
13168 13182 13169
13187 13168 13167
13186 13187 13172
13195 13196 13197
13198 13199 13200
13198 13200 13201
13201 13200 13197
13201 13197 13202
13203 13196 13204
13203 13204 13205
13206 13198 13201
13206 13201 13207
13207 13201 13202
13207 13202 13208
13200 13199 13209
13210 13206 13207
13210 13207 13211
13207 13208 13211
13200 13209 13195
13202 13197 13196
13208 13202 13203
13195 13197 13200
13202 13196 13203
13127 13132 13155
13127 13155 13128
13185 13155 13119
13132 13131 13133
13132 13133 13120
13205 13204 13212
13213 13214 13215
13213 13215 13216
13216 13215 13217
13216 13217 13218
13219 13220 13221
13219 13221 13218
13222 13223 13224
13222 13224 13225
13226 13227 13228
13226 13228 13229
13230 13231 13221
13230 13221 13232
13219 13233 13234
13219 13234 13235
13236 13237 13238
13236 13238 13220
13239 13240 13241
13239 13241 13242
13243 13244 13231
13243 13231 13230
13245 13215 13214
13245 13214 13246
13247 13217 13215
13247 13215 13245
13248 13249 13250
13248 13250 13251
13252 13253 13228
13252 13228 13254
13255 13256 13257
13255 13257 13258
13259 13234 13233
13259 13233 13260
13261 13227 13262
13261 13262 13263
13264 13241 13240
13264 13240 13265
13266 13267 13253
13266 13253 13252
13268 13269 13270
13268 13270 13271
13272 13273 13274
13272 13274 13258
13255 13275 13276
13255 13276 13277
13278 13279 13273
13278 13273 13272
13275 13255 13258
13275 13258 13274
13280 13268 13271
13280 13271 13281
13282 13283 13284
13282 13285 13283
13261 13275 13274
13261 13274 13254
13217 13247 13260
13217 13260 13233
13286 13287 13288
13286 13288 13289
13290 13287 13286
13262 13291 13292
13262 13292 13293
13236 13235 13294
13236 13294 13295
13276 13263 13296
13276 13296 13297
13234 13259 13298
13277 13276 13297
13277 13297 13299
13300 13301 13302
13303 13295 13287
13303 13287 13290
13300 13299 13304
13304 13305 13301
13304 13301 13300
13306 13307 13308
13306 13308 13267
13309 13310 13213
13309 13213 13244
13311 13312 13266
13311 13266 13279
13313 13314 13246
13313 13246 13214
13315 13311 13279
13315 13279 13278
13278 13285 13316
13278 13316 13315
13250 13225 13317
13224 13242 13310
13224 13310 13309
13270 13251 13306
13241 13264 13314
13241 13314 13313
13315 13316 13281
13249 13222 13225
13249 13225 13250
13238 13226 13229
13238 13229 13232
13253 13318 13229
13253 13229 13228
13227 13226 13291
13227 13291 13262
13267 13308 13318
13267 13318 13253
13319 13292 13303
13243 13308 13307
13243 13307 13317
13290 13319 13303
13277 13299 13300
13257 13256 13320
13258 13257 13283
13258 13283 13272
13277 13300 13256
13277 13256 13255
13272 13283 13285
13272 13285 13278
13302 13320 13256
13302 13301 13321
13322 13284 13320
13322 13320 13323
13324 13321 13325
13324 13325 13326
13302 13256 13300
13327 13323 13324
13269 13248 13251
13269 13251 13270
13273 13252 13254
13273 13254 13274
13275 13261 13263
13275 13263 13276
13279 13266 13252
13279 13252 13273
13227 13261 13254
13227 13254 13228
13293 13296 13263
13293 13263 13262
13267 13266 13312
13267 13312 13306
13282 13284 13322
13257 13320 13284
13284 13283 13257
13316 13285 13282
13271 13311 13281
13270 13312 13271
13250 13307 13251
13318 13230 13232
13318 13232 13229
13226 13238 13237
13226 13237 13291
13308 13243 13230
13308 13230 13318
13220 13238 13232
13220 13232 13221
13244 13243 13317
13244 13317 13309
13303 13237 13236
13236 13295 13303
13287 13295 13294
13309 13317 13225
13309 13225 13224
13293 13292 13319
13293 13319 13328
13296 13293 13328
13303 13292 13237
13237 13292 13291
13244 13213 13216
13244 13216 13231
13231 13216 13218
13231 13218 13221
13233 13219 13218
13233 13218 13217
13220 13219 13235
13220 13235 13236
13223 13239 13242
13223 13242 13224
13294 13235 13234
13214 13213 13310
13214 13310 13313
13313 13310 13242
13313 13242 13241
13287 13294 13288
13288 13294 13298
13234 13298 13294
13112 13064 13113
13151 13191 13190
13137 13151 13190
13329 13330 13331
13329 13331 13332
13333 13334 13335
13333 13335 13336
13334 13337 13335
13330 13338 13339
13330 13339 13331
13340 13333 13336
13340 13336 13341
13342 13343 13344
13342 13344 13345
13345 13344 13346
13345 13346 13341
13347 13334 13348
13349 13350 13351
13352 13353 13348
13352 13348 13354
13355 13356 13357
13356 13358 13359
13356 13359 13360
13345 13355 13357
13345 13357 13342
13357 13360 13361
13360 13359 13362
13360 13362 13363
13342 13357 13361
13342 13361 13364
13340 13365 13366
13340 13366 13354
13367 13329 13332
13367 13332 13368
13369 13358 13370
13369 13370 13371
13372 13373 13374
13370 13337 13371
13375 13359 13358
13375 13358 13369
13376 13377 13362
13376 13362 13378
13338 13379 13339
13380 13381 13382
13380 13382 13383
13373 13372 13384
13373 13384 13385
13369 13371 13386
13371 13387 13388
13375 13369 13389
13376 13378 13390
13361 13363 13383
13363 13362 13377
13363 13377 13391
13364 13361 13383
13378 13362 13359
13378 13359 13375
13364 13392 13343
13364 13343 13342
13390 13378 13393
13369 13386 13389
13357 13356 13360
13375 13389 13393
13371 13388 13386
13361 13360 13363
13383 13382 13392
13383 13392 13364
13383 13363 13391
13383 13391 13380
13393 13378 13375
13376 13390 13394
13368 13332 13377
13368 13377 13376
13395 13368 13394
13394 13368 13376
13331 13339 13380
13331 13380 13391
13339 13379 13381
13339 13381 13380
13332 13331 13391
13332 13391 13377
13395 13367 13368
13372 13374 13396
13350 13397 13330
13350 13330 13329
13384 13350 13329
13384 13329 13367
13397 13338 13330
13385 13384 13367
13385 13367 13395
13396 13351 13372
13398 13370 13358
13398 13358 13356
13355 13398 13356
13371 13337 13399
13371 13399 13387
13337 13334 13399
13336 13335 13398
13336 13398 13355
13341 13336 13355
13341 13355 13345
13341 13346 13365
13341 13365 13340
13335 13370 13398
13335 13337 13370
13399 13334 13347
13354 13348 13333
13354 13333 13340
13354 13366 13400
13354 13400 13352
13347 13348 13353
13348 13334 13333
13401 13402 13379
13401 13379 13338
13403 13404 13405
13403 13405 13406
13344 13407 13408
13366 13365 13406
13366 13406 13405
13409 13410 13404
13409 13404 13403
13401 13338 13397
13411 13412 13413
13414 13413 13415
13414 13415 13416
13417 13403 13406
13417 13406 13408
13418 13409 13403
13418 13403 13417
13419 13407 13344
13419 13344 13343
13420 13407 13421
13405 13412 13400
13405 13400 13366
13422 13423 13402
13422 13402 13401
13424 13425 13410
13424 13410 13409
13425 13426 13427
13425 13427 13410
13420 13428 13429
13420 13429 13418
13401 13397 13430
13401 13430 13422
13381 13379 13402
13381 13402 13431
13431 13402 13423
13431 13423 13432
13433 13434 13392
13433 13392 13382
13435 13436 13434
13435 13434 13433
13431 13433 13382
13431 13382 13381
13432 13435 13433
13432 13433 13431
13434 13419 13343
13434 13343 13392
13436 13421 13419
13436 13419 13434
13365 13346 13408
13365 13408 13406
13417 13408 13407
13418 13417 13420
13418 13429 13424
13418 13424 13409
13397 13349 13430
13420 13421 13428
13344 13408 13346
13420 13417 13407
13421 13407 13419
13404 13437 13412
13404 13412 13405
13410 13427 13437
13410 13437 13404
13415 13427 13426
13415 13426 13438
13400 13412 13411
13427 13415 13413
13427 13413 13437
13416 13415 13438
13416 13438 13439
13413 13412 13437
13411 13413 13414
13350 13349 13397
13422 13440 13441
13422 13441 13423
13435 13442 13443
13435 13443 13436
13444 13445 13446
13444 13446 13447
13448 13449 13450
13451 13452 13453
13451 13453 13454
13455 13456 13457
13458 13459 13460
13458 13460 13461
13462 13449 13463
13462 13463 13464
13465 13466 13457
13465 13457 13456
13467 13468 13466
13467 13466 13465
13452 13451 13468
13452 13468 13467
13464 13463 13454
13464 13454 13453
13448 13450 13469
13448 13469 13470
13432 13471 13442
13432 13442 13435
13430 13472 13440
13423 13441 13471
13423 13471 13432
13436 13443 13473
13436 13473 13421
13421 13473 13474
13421 13474 13428
13475 13476 13474
13475 13474 13477
13461 13460 13476
13461 13476 13475
13447 13446 13459
13447 13459 13458
13470 13469 13478
13479 13478 13445
13479 13445 13444
13250 13317 13307
13251 13307 13306
13270 13306 13312
13271 13312 13311
13281 13311 13315
13016 13026 13015
13007 13006 13016
13480 13151 13150
13480 13481 13151
13150 13137 13154
13154 13137 13140
13323 13320 13302
13305 13325 13321
13305 13321 13301
13321 13323 13302
13151 13481 13191
13322 13323 13327
13324 13323 13321
13351 13350 13384
13372 13351 13384
13349 13351 13396
13482 13441 13440
13482 13440 13472
13483 13443 13442
13483 13442 13484
13426 13446 13445
13426 13445 13438
13424 13460 13459
13424 13459 13425
13484 13442 13471
13484 13471 13485
13485 13471 13441
13485 13441 13482
13486 13473 13443
13486 13443 13483
13477 13474 13473
13477 13473 13486
13428 13474 13476
13428 13476 13429
13429 13476 13460
13429 13460 13424
13425 13459 13446
13425 13446 13426
13445 13478 13438
13470 13478 13479
13430 13440 13422
13487 13469 13450
13487 13450 13488
13439 13478 13469
13439 13469 13487
13450 13449 13462
13450 13462 13488
13489 13416 13439
13489 13439 13487
13478 13439 13438
13414 13416 13489
13490 13491 13492
13490 13492 13493
13494 13495 13496
13497 13498 13499
13497 13499 13500
13498 13501 13502
13498 13502 13499
13491 13490 13503
13504 13505 13495
13506 13507 13501
13506 13501 13498
13508 13505 13509
13508 13509 13510
13511 13497 13500
13511 13500 13512
13505 13508 13496
13513 13514 13497
13513 13497 13511
13505 13515 13509
13514 13506 13498
13514 13498 13497
13503 13490 13516
13517 13518 13519
13520 13521 13522
13520 13522 13523
13524 13525 13526
13527 13528 13529
13507 13506 13530
13507 13530 13531
13528 13525 13524
13532 13526 13533
13532 13533 13534
13535 13536 13537
13535 13521 13520
13504 13538 13515
13514 13513 13539
13514 13539 13540
13506 13514 13540
13506 13540 13530
13503 13516 13541
13501 13542 13543
13501 13543 13502
13507 13544 13542
13507 13542 13501
13545 13546 13547
13545 13547 13529
13544 13507 13531
13544 13531 13548
13523 13549 13550
13523 13550 13520
13528 13524 13529
13536 13551 13552
13520 13550 13536
13519 13553 13517
13554 13555 13556
13554 13556 13557
13524 13526 13500
13524 13500 13499
13524 13499 13545
13526 13532 13512
13526 13512 13500
13551 13558 13559
13557 13556 13558
13557 13558 13551
13546 13545 13502
13546 13502 13543
13518 13560 13561
13533 13525 13562
13533 13562 13563
13525 13564 13562
13534 13533 13563
13534 13563 13565
13529 13547 13566
13529 13566 13527
13524 13545 13529
13499 13502 13545
13527 13564 13528
13525 13533 13526
13525 13528 13564
13537 13536 13552
13552 13551 13559
13557 13550 13549
13557 13549 13554
13551 13536 13550
13551 13550 13557
13535 13520 13536
13555 13494 13496
13555 13496 13556
13556 13496 13508
13556 13508 13558
13558 13508 13510
13558 13510 13559
13553 13567 13568
13569 13567 13493
13569 13493 13492
13567 13569 13568
13560 13570 13561
13518 13561 13519
13553 13568 13517
13571 13572 13573
13573 13574 13575
13576 13577 13578
13579 13571 13580
13580 13573 13575
13580 13575 13581
13582 13583 13584
13582 13584 13585
13572 13586 13574
13574 13587 13588
13589 13590 13591
13570 13578 13561
13567 13592 13593
13567 13593 13493
13594 13580 13581
13594 13581 13595
13596 13516 13490
13596 13490 13597
13598 13579 13580
13598 13580 13594
13599 13582 13585
13599 13585 13600
13601 13553 13519
13493 13593 13597
13493 13597 13490
13553 13602 13592
13553 13592 13567
13577 13601 13578
13561 13578 13601
13561 13601 13519
13591 13603 13584
13585 13584 13603
13585 13603 13576
13585 13576 13600
13586 13587 13574
13572 13574 13573
13604 13588 13589
13604 13589 13583
13605 13604 13583
13605 13583 13582
13606 13605 13582
13606 13582 13599
13588 13587 13590
13588 13590 13589
13581 13575 13604
13581 13604 13605
13595 13581 13605
13595 13605 13606
13575 13574 13588
13575 13588 13604
13576 13570 13600
13570 13576 13578
13583 13589 13591
13583 13591 13584
13571 13573 13580
13576 13603 13577
13607 13608 13609
13607 13609 13610
13611 13612 13613
13611 13613 13614
13615 13616 13617
13615 13617 13618
13619 13615 13618
13619 13618 13620
13618 13621 13620
13622 13607 13610
13622 13610 13623
13624 13611 13614
13624 13614 13625
13626 13627 13628
13626 13628 13629
13630 13631 13632
13630 13632 13633
13634 13635 13636
13634 13636 13616
13637 13634 13616
13637 13616 13615
13638 13637 13615
13638 13615 13619
13639 13626 13640
13641 13627 13642
13641 13642 13643
13608 13607 13621
13608 13621 13644
13631 13630 13645
13631 13645 13646
13646 13645 13647
13646 13647 13648
13649 13650 13651
13649 13651 13652
13653 13649 13652
13653 13652 13654
13655 13656 13657
13655 13657 13658
13659 13650 13660
13660 13649 13661
13648 13647 13662
13648 13662 13663
13664 13665 13659
13664 13659 13660
13631 13622 13623
13631 13623 13632
13646 13620 13622
13646 13622 13631
13648 13619 13620
13648 13620 13646
13663 13638 13619
13663 13619 13648
13627 13641 13666
13627 13666 13628
13651 13667 13652
13652 13668 13654
13658 13657 13669
13658 13669 13670
13671 13658 13670
13671 13670 13672
13616 13636 13673
13616 13673 13617
13617 13673 13674
13617 13674 13644
13667 13668 13652
13675 13664 13660
13675 13660 13661
13654 13657 13656
13654 13656 13653
13653 13656 13676
13653 13676 13661
13668 13669 13657
13668 13657 13654
13629 13628 13677
13629 13677 13625
13628 13666 13678
13628 13678 13677
13679 13626 13629
13679 13613 13680
13613 13679 13614
13625 13614 13679
13625 13679 13629
13625 13677 13681
13625 13681 13624
13677 13678 13682
13677 13682 13681
13610 13609 13612
13610 13612 13611
13623 13610 13611
13623 13611 13624
13633 13632 13681
13633 13681 13682
13632 13623 13624
13632 13624 13681
13672 13683 13671
13649 13653 13661
13650 13649 13660
13577 13602 13601
13655 13658 13671
13676 13656 13655
13675 13661 13676
13684 13685 13686
13687 13688 13689
13687 13689 13690
13685 13687 13690
13685 13690 13691
13692 13686 13693
13692 13693 13694
13690 13689 13695
13690 13695 13696
13691 13690 13696
13691 13696 13697
13687 13698 13688
13696 13695 13699
13696 13699 13700
13696 13700 13697
13687 13684 13698
13691 13686 13685
13697 13693 13691
13684 13687 13685
13691 13693 13686
13644 13621 13618
13644 13618 13617
13674 13608 13644
13621 13622 13620
13621 13607 13622
13694 13701 13692
13702 13703 13704
13702 13704 13705
13706 13702 13705
13706 13705 13707
13708 13709 13710
13708 13710 13707
13711 13712 13713
13711 13713 13714
13715 13716 13717
13715 13717 13718
13708 13719 13720
13708 13720 13721
13722 13723 13710
13722 13710 13724
13725 13709 13726
13725 13726 13727
13728 13729 13730
13728 13730 13731
13719 13732 13733
13719 13733 13720
13734 13735 13703
13734 13703 13702
13736 13734 13702
13736 13702 13706
13737 13738 13739
13737 13739 13740
13715 13741 13742
13715 13742 13743
13744 13745 13746
13744 13746 13747
13748 13749 13723
13748 13723 13722
13750 13716 13751
13750 13751 13752
13753 13754 13729
13753 13729 13728
13741 13755 13756
13741 13756 13742
13757 13758 13759
13757 13759 13760
13761 13762 13763
13761 13763 13745
13764 13765 13744
13764 13744 13766
13762 13767 13768
13762 13768 13763
13745 13744 13765
13745 13765 13761
13769 13770 13760
13769 13760 13759
13771 13772 13773
13771 13773 13774
13761 13765 13751
13761 13751 13743
13706 13723 13749
13706 13749 13736
13775 13776 13777
13775 13777 13778
13779 13775 13778
13750 13780 13781
13750 13781 13782
13725 13783 13784
13725 13784 13724
13764 13785 13786
13764 13786 13752
13722 13787 13748
13766 13788 13785
13766 13785 13764
13789 13790 13791
13792 13779 13778
13792 13778 13783
13789 13793 13788
13793 13789 13791
13793 13791 13794
13795 13755 13796
13795 13796 13797
13798 13732 13704
13798 13704 13799
13800 13767 13756
13800 13756 13801
13802 13703 13735
13802 13735 13803
13804 13768 13767
13804 13767 13800
13768 13804 13805
13768 13805 13774
13737 13806 13714
13711 13798 13799
13711 13799 13731
13757 13795 13740
13728 13802 13803
13728 13803 13753
13804 13770 13805
13714 13713 13738
13714 13738 13737
13718 13717 13726
13718 13726 13721
13718 13807 13741
13718 13741 13715
13782 13717 13716
13782 13716 13750
13807 13796 13755
13807 13755 13741
13808 13792 13781
13797 13796 13733
13797 13733 13806
13779 13792 13808
13766 13789 13788
13746 13809 13747
13773 13746 13745
13773 13745 13763
13747 13789 13766
13747 13766 13744
13774 13773 13763
13774 13763 13768
13790 13747 13809
13790 13810 13791
13809 13772 13811
13809 13811 13812
13813 13814 13815
13813 13815 13810
13790 13789 13747
13816 13813 13812
13740 13739 13758
13740 13758 13757
13743 13742 13762
13743 13762 13761
13752 13751 13765
13752 13765 13764
13742 13756 13767
13742 13767 13762
13743 13751 13716
13743 13716 13715
13752 13786 13780
13752 13780 13750
13801 13756 13755
13801 13755 13795
13771 13811 13772
13746 13772 13809
13772 13746 13773
13805 13771 13774
13760 13770 13800
13757 13760 13801
13737 13740 13797
13721 13720 13807
13721 13807 13718
13727 13726 13717
13727 13717 13782
13720 13733 13796
13720 13796 13807
13721 13726 13709
13721 13709 13708
13806 13733 13732
13806 13732 13798
13792 13725 13727
13725 13792 13783
13778 13784 13783
13714 13806 13798
13714 13798 13711
13780 13817 13808
13780 13808 13781
13786 13817 13780
13792 13727 13781
13727 13782 13781
13705 13704 13732
13705 13732 13719
13707 13705 13719
13707 13719 13708
13707 13710 13723
13707 13723 13706
13724 13710 13709
13724 13709 13725
13731 13730 13712
13731 13712 13711
13784 13722 13724
13799 13704 13703
13799 13703 13802
13731 13799 13802
13731 13802 13728
13778 13777 13784
13777 13787 13784
13722 13784 13787
13601 13602 13553
13640 13679 13680
13626 13679 13640
13818 13819 13820
13818 13820 13821
13822 13823 13824
13822 13824 13825
13825 13824 13826
13827 13828 13819
13827 13819 13818
13829 13830 13823
13829 13823 13822
13831 13832 13833
13831 13833 13834
13832 13830 13835
13832 13835 13833
13836 13837 13825
13838 13839 13840
13837 13841 13842
13837 13842 13843
13844 13845 13846
13846 13847 13848
13846 13848 13849
13832 13831 13845
13832 13845 13844
13845 13850 13847
13847 13851 13852
13847 13852 13848
13831 13853 13850
13831 13850 13845
13854 13855 13829
13854 13829 13843
13821 13820 13856
13821 13856 13857
13858 13849 13859
13858 13859 13860
13861 13862 13863
13858 13860 13826
13849 13848 13864
13849 13864 13859
13852 13865 13866
13852 13866 13867
13828 13827 13868
13869 13870 13871
13869 13871 13872
13873 13861 13863
13873 13863 13874
13859 13875 13860
13860 13876 13877
13864 13878 13859
13866 13879 13867
13850 13872 13851
13851 13880 13865
13851 13865 13852
13853 13872 13850
13867 13864 13848
13867 13848 13852
13853 13831 13834
13853 13834 13881
13879 13882 13867
13859 13878 13875
13845 13847 13846
13864 13882 13878
13860 13875 13876
13850 13851 13847
13872 13853 13881
13872 13881 13869
13872 13871 13880
13872 13880 13851
13882 13864 13867
13866 13883 13879
13857 13866 13865
13857 13865 13821
13884 13883 13857
13883 13866 13857
13818 13880 13871
13818 13871 13827
13827 13871 13870
13827 13870 13868
13821 13865 13880
13821 13880 13818
13884 13857 13856
13861 13885 13862
13840 13820 13819
13840 13819 13886
13873 13856 13820
13873 13820 13840
13886 13819 13828
13874 13884 13856
13874 13856 13873
13885 13861 13839
13887 13846 13849
13887 13849 13858
13844 13846 13887
13860 13877 13888
13860 13888 13826
13826 13888 13825
13823 13844 13887
13823 13887 13824
13830 13832 13844
13830 13844 13823
13830 13829 13855
13830 13855 13835
13824 13887 13858
13824 13858 13826
13888 13836 13825
13843 13829 13822
13843 13822 13837
13843 13842 13889
13843 13889 13854
13836 13841 13837
13837 13822 13825
13890 13828 13868
13890 13868 13891
13892 13893 13894
13892 13894 13895
13833 13896 13897
13895 13855 13854
13895 13854 13892
13893 13898 13899
13893 13899 13894
13890 13886 13828
13900 13901 13902
13903 13904 13905
13903 13905 13901
13895 13894 13906
13895 13906 13896
13894 13899 13907
13894 13907 13906
13833 13897 13908
13833 13908 13834
13909 13910 13897
13892 13854 13889
13892 13889 13902
13911 13890 13891
13911 13891 13912
13913 13899 13898
13913 13898 13914
13914 13898 13915
13914 13915 13916
13917 13918 13909
13917 13909 13907
13919 13886 13890
13919 13890 13911
13891 13868 13870
13891 13870 13920
13912 13891 13920
13912 13920 13921
13881 13922 13923
13881 13923 13869
13922 13924 13925
13922 13925 13923
13869 13923 13920
13869 13920 13870
13923 13925 13921
13923 13921 13920
13834 13908 13922
13834 13922 13881
13908 13910 13924
13908 13924 13922
13896 13835 13855
13896 13855 13895
13906 13897 13896
13907 13909 13906
13907 13899 13913
13907 13913 13917
13886 13919 13838
13909 13918 13910
13833 13835 13896
13909 13897 13906
13910 13908 13897
13902 13926 13893
13902 13893 13892
13926 13915 13898
13926 13898 13893
13916 13915 13905
13916 13905 13927
13889 13900 13902
13901 13905 13915
13901 13915 13926
13927 13905 13904
13927 13904 13928
13901 13926 13902
13900 13903 13901
13840 13886 13838
13911 13912 13929
13911 13929 13930
13925 13924 13931
13925 13931 13932
13933 13934 13935
13933 13935 13936
13937 13938 13939
13940 13941 13942
13940 13942 13943
13944 13945 13946
13947 13948 13949
13947 13949 13950
13951 13952 13953
13951 13953 13939
13954 13946 13945
13954 13945 13955
13956 13954 13955
13956 13955 13957
13943 13956 13957
13943 13957 13940
13952 13942 13941
13952 13941 13953
13937 13958 13959
13937 13959 13938
13921 13925 13932
13921 13932 13960
13919 13930 13961
13912 13921 13960
13912 13960 13929
13924 13910 13962
13924 13962 13931
13910 13918 13963
13910 13963 13962
13964 13965 13963
13964 13963 13966
13948 13964 13966
13948 13966 13949
13934 13947 13950
13934 13950 13935
13958 13967 13959
13968 13933 13936
13968 13936 13967
13737 13797 13806
13740 13795 13797
13757 13801 13795
13760 13800 13801
13770 13804 13800
13505 13504 13515
13495 13505 13496
13969 13639 13640
13969 13640 13970
13639 13642 13626
13642 13627 13626
13812 13790 13809
13810 13815 13794
13810 13794 13791
13810 13790 13812
13640 13680 13970
13811 13816 13812
13813 13810 13812
13839 13873 13840
13861 13873 13839
13838 13885 13839
13930 13929 13971
13930 13971 13961
13932 13931 13972
13932 13972 13973
13936 13935 13916
13936 13916 13927
13950 13949 13913
13950 13913 13914
13960 13932 13973
13960 13973 13974
13929 13960 13974
13929 13974 13971
13931 13962 13975
13931 13975 13972
13962 13963 13965
13962 13965 13975
13966 13963 13918
13966 13918 13917
13949 13966 13917
13949 13917 13913
13935 13950 13914
13935 13914 13916
13936 13927 13967
13958 13968 13967
13919 13911 13930
13938 13959 13976
13938 13976 13977
13959 13967 13928
13959 13928 13976
13938 13951 13939
13938 13977 13951
13928 13904 13978
13928 13978 13976
13967 13927 13928
13903 13978 13904
13979 13980 13981
13979 13981 13982
13983 13984 13981
13983 13981 13980
13985 13986 13987
13985 13987 13988
13989 13990 13987
13989 13987 13986
13991 13992 13993
13991 13993 13994
13995 13996 13992
13995 13992 13991
13997 13998 13999
13997 13999 14000
13998 14001 14002
13998 14002 13999
14001 14003 14004
14001 14004 14002
13994 13993 14005
13994 14005 14006
14007 14008 13990
14007 13990 13989
14009 14004 14003
14009 14003 14010
14005 14011 14012
14005 14012 14006
14013 13979 13982
14013 13982 14014
14015 14016 14017
14015 14017 14018
14019 14020 14021
14019 14021 14022
14023 14024 14025
14023 14025 14026
14027 14028 14029
14027 14029 14030
14031 14032 14033
14031 14033 14034
14030 14029 14035
14030 14035 14036
14036 14035 14037
14036 14037 14038
14032 14015 14018
14032 14018 14033
14039 14040 14041
14042 14040 14043
14024 14023 14028
14024 14028 14027
14034 14021 14020
14034 14020 14031
14041 14044 14039
14016 14045 14017
14046 14047 14048
14046 14048 14049
14050 14051 14052
14050 14052 14053
14054 14055 14056
14054 14056 14057
14058 14054 14057
14058 14057 14059
14058 14060 14061
14051 14046 14049
14051 14049 14052
14062 14063 14064
14062 14064 14065
14053 14062 14065
14053 14065 14050
14055 14048 14047
14055 14047 14056
14066 14067 14068
14066 14068 14069
14070 14068 14067
14070 14067 14071
14063 14070 14071
14063 14071 14064
14061 14072 14073
14074 14075 14076
14077 14042 14078
14079 14080 14075
14079 14081 14080
14081 14082 14083
14084 14066 14069
14084 14069 14085
14022 14074 14076
14022 14076 14019
14026 14025 14077
14026 14077 14078
14045 14086 14017
14061 14087 14072
14061 14060 14087
14058 14059 14060
14039 14043 14040
14081 14083 14080
14074 14079 14075
14042 14043 14078
14038 14037 14088
14038 14088 14089
14081 14090 14082
14044 14091 14039
14092 14093 14094
14092 14094 14095
14096 14092 14095
14096 14095 14097
14093 14098 14099
14093 14099 14094
14100 14101 14102
14100 14102 14103
14103 14104 14105
14103 14105 14100
14097 14105 14104
14097 14104 14096
14106 14107 14108
14109 14102 14101
14109 14101 14110
14111 14112 14113
14111 14113 14114
14112 14109 14110
14112 14110 14113
14115 14111 14114
14115 14114 14116
14107 14115 14116
14107 14116 14108
14117 14118 14119
14120 14121 14122
14120 14122 14123
14124 14125 14126
14124 14126 14127
14128 14120 14123
14128 14123 14129
14125 14130 14131
14125 14131 14126
14121 14132 14133
14121 14133 14122
14134 14124 14127
14134 14127 14135
14136 14137 14138
14136 14138 14139
14140 14141 14142
14140 14142 14143
14144 14140 14143
14144 14143 14145
14137 14146 14147
14137 14147 14138
14130 14144 14145
14130 14145 14131
14146 14128 14129
14146 14129 14147
14148 14149 14150
14148 14150 14151
14141 14152 14153
14141 14153 14142
14154 14136 14139
14154 14139 14155
14156 14157 14158
14156 14158 14159
14160 14161 14162
14160 14162 14163
14152 14156 14159
14152 14159 14153
14161 14154 14155
14161 14155 14162
14164 14160 14163
14164 14163 14165
14157 14166 14167
14157 14167 14158
14149 14164 14165
14149 14165 14150
14168 14169 14170
14168 14170 14171
14172 14169 14168
14172 14168 14173
14174 14148 14151
14174 14151 14175
14176 14177 14178
14176 14178 14179
14180 14181 14182
14180 14182 14183
14181 14184 14185
14181 14185 14182
14186 14176 14179
14186 14179 14187
14188 14172 14173
14188 14173 14189
14177 14190 14191
14177 14191 14178
14190 14180 14183
14190 14183 14191
14184 14188 14189
14184 14189 14185
14192 14134 14135
14192 14135 14193
14194 14195 14133
14194 14133 14132
14196 14197 14198
14199 14099 14098
14199 14098 14200
14201 14199 14200
14201 14200 14202
14203 14201 14202
14203 14202 14204
14205 14206 14207
14205 14207 14208
14204 14205 14208
14204 14208 14203
14209 14210 14211
14209 14211 14212
14213 14211 14210
14213 14210 14214
14206 14213 14214
14206 14214 14207
14215 14216 14217
14218 14219 14220
14196 14221 14216
14219 14222 14223
14196 14198 14221
14222 14224 14223
14224 14225 14223
14193 14215 14217
14193 14217 14192
14195 14194 14218
14195 14218 14220
14224 14226 14225
14197 14227 14198
14228 14118 14107
14106 14228 14107
14171 14170 14174
14171 14174 14175
14118 14228 14119
14166 14229 14230
14166 14230 14167
14229 14231 14230
14219 14223 14220
14215 14196 14216
14197 14232 14227
14226 14233 14225
14044 14234 14091
14090 14235 14082
14236 14237 14238
14236 14238 14239
14237 14240 14241
14237 14241 14238
14242 14243 14244
14242 14244 14245
14246 14247 14244
14246 14244 14243
14240 14248 14249
14240 14249 14241
14250 14251 14247
14250 14247 14246
14252 14253 14254
14252 14254 14255
14256 14257 14258
14256 14258 14259
14260 14261 14262
14260 14262 14263
14264 14265 14266
14264 14266 14267
14268 14269 14270
14268 14270 14271
14265 14272 14273
14265 14273 14266
14272 14274 14275
14272 14275 14273
14271 14270 14253
14271 14253 14252
14276 14277 14278
14279 14280 14278
14263 14264 14267
14263 14267 14260
14269 14268 14259
14269 14259 14258
14277 14276 14281
14255 14254 14282
14283 14284 14285
14283 14285 14286
14287 14288 14289
14287 14289 14290
14291 14292 14293
14291 14293 14294
14295 14296 14292
14295 14292 14291
14295 14297 14298
14290 14289 14284
14290 14284 14283
14299 14300 14301
14299 14301 14302
14288 14287 14300
14288 14300 14299
14294 14293 14286
14294 14286 14285
14303 14304 14305
14303 14305 14306
14307 14308 14306
14307 14306 14305
14302 14301 14308
14302 14308 14307
14297 14309 14310
14311 14312 14313
14314 14315 14279
14316 14313 14317
14316 14317 14318
14318 14319 14320
14321 14322 14304
14321 14304 14303
14257 14256 14312
14257 14312 14311
14261 14315 14314
14261 14314 14262
14282 14254 14323
14297 14310 14324
14297 14324 14298
14295 14298 14296
14276 14278 14280
14318 14317 14319
14311 14313 14316
14279 14315 14280
14274 14325 14326
14274 14326 14275
14318 14320 14327
14281 14276 14328
14329 14330 14331
14329 14331 14332
14333 14334 14330
14333 14330 14329
14332 14331 14335
14332 14335 14336
14337 14338 14339
14337 14339 14340
14338 14337 14341
14338 14341 14342
14334 14333 14342
14334 14342 14341
14343 14344 14345
14346 14347 14340
14346 14340 14339
14348 14349 14350
14348 14350 14351
14351 14350 14347
14351 14347 14346
14352 14353 14349
14352 14349 14348
14345 14344 14353
14345 14353 14352
14354 14355 14356
14357 14358 14359
14357 14359 14360
14361 14362 14363
14361 14363 14364
14365 14366 14358
14365 14358 14357
14364 14363 14367
14364 14367 14368
14360 14359 14369
14360 14369 14370
14371 14372 14362
14371 14362 14361
14373 14374 14375
14373 14375 14376
14377 14378 14379
14377 14379 14380
14381 14382 14378
14381 14378 14377
14376 14375 14383
14376 14383 14384
14368 14367 14382
14368 14382 14381
14384 14383 14366
14384 14366 14365
14385 14386 14387
14385 14387 14388
14380 14379 14389
14380 14389 14390
14391 14392 14374
14391 14374 14373
14393 14394 14395
14393 14395 14396
14397 14398 14399
14397 14399 14400
14390 14389 14394
14390 14394 14393
14400 14399 14392
14400 14392 14391
14401 14402 14398
14401 14398 14397
14396 14395 14403
14396 14403 14404
14388 14387 14402
14388 14402 14401
14405 14406 14407
14405 14407 14408
14409 14410 14405
14409 14405 14408
14411 14412 14386
14411 14386 14385
14413 14414 14415
14413 14415 14416
14417 14418 14419
14417 14419 14420
14420 14419 14421
14420 14421 14422
14423 14424 14414
14423 14414 14413
14425 14426 14410
14425 14410 14409
14416 14415 14427
14416 14427 14428
14428 14427 14418
14428 14418 14417
14422 14421 14426
14422 14426 14425
14429 14430 14372
14429 14372 14371
14431 14370 14369
14431 14369 14432
14433 14434 14435
14436 14437 14336
14436 14336 14335
14438 14439 14437
14438 14437 14436
14440 14441 14439
14440 14439 14438
14442 14443 14444
14442 14444 14445
14441 14440 14443
14441 14443 14442
14446 14447 14448
14446 14448 14449
14450 14451 14449
14450 14449 14448
14445 14444 14451
14445 14451 14450
14452 14453 14454
14455 14456 14457
14433 14454 14458
14457 14459 14460
14433 14458 14434
14460 14459 14461
14461 14459 14462
14430 14429 14453
14430 14453 14452
14432 14456 14455
14432 14455 14431
14461 14462 14463
14435 14434 14464
14465 14345 14356
14343 14345 14465
14406 14412 14411
14406 14411 14407
14356 14355 14465
14404 14403 14466
14404 14466 14467
14467 14466 14468
14457 14456 14459
14452 14454 14433
14435 14464 14469
14463 14462 14470
14281 14328 14471
14327 14320 14472
14473 14474 14475
14473 14475 14476
14477 14478 14474
14477 14474 14473
14479 14480 14481
14479 14481 14482
14483 14480 14479
14483 14479 14484
14485 14486 14478
14485 14478 14477
14487 14483 14484
14487 14484 14488
443 399 415
3086 3131 3103
422 442 439
3110 3129 3130
1251 1249 14489
3960 3961 14490
5200 5202 5159
5200 5159 5158
2493 2492 14491
14492 1134 964
14492 964 963
948 964 926
1136 1134 14493
14493 1134 14492
3843 3672 3633
3843 3633 3841
3845 3843 3841
3846 3843 3845
3672 3655 3633
14494 14495 14496
14494 14496 14497
14498 14499 14495
14498 14495 14494
14497 14500 14501
14497 14501 14494
14498 14494 14501
14502 14503 14499
14502 14499 14498
14504 14505 14506
14504 14506 14507
14507 14508 14509
14507 14509 14504
14510 14511 14512
14510 14512 14513
14514 14515 14516
14517 14518 14519
14520 14521 14522
14515 14523 14524
14525 14526 14527
14525 14527 14518
14528 14529 14530
14520 14531 14532
14521 14520 14526
14521 14526 14525
14533 14527 14529
14534 14533 14529
14534 14529 14528
14535 14536 14537
14505 14504 14538
14505 14538 14539
14510 14505 14539
14510 14539 14540
14511 14510 14540
14511 14540 14541
14528 14537 14536
14528 14536 14534
14542 14543 14544
14542 14544 14545
14509 14542 14545
14509 14545 14546
14546 14538 14504
14546 14504 14509
14527 14533 14547
14527 14547 14519
14533 14534 14544
14533 14544 14547
14536 14535 14546
14536 14546 14545
14535 14548 14538
14535 14538 14546
14539 14538 14548
14539 14548 14549
14539 14549 14550
14551 14552 14540
14534 14536 14545
14534 14545 14544
14515 14514 14553
14554 14522 14553
14522 14555 14523
14522 14523 14515
14556 14557 14558
14503 14511 14541
14503 14541 14499
14541 14559 14495
14505 14510 14513
14505 14513 14506
14560 14561 14562
14563 14564 14560
14563 14560 14562
14565 14563 14562
14565 14562 14566
14567 14568 14569
14561 14570 14567
14571 14572 14573
14574 14572 14575
14576 14563 14565
14573 14577 14576
14573 14576 14565
14573 14572 14574
14564 14563 14576
14573 14574 14577
14578 14579 14580
14581 14582 14583
14581 14583 14543
14584 14585 14586
14584 14586 14587
14588 14589 14590
14591 14588 14592
14593 14594 14595
14596 14597 14598
14579 14586 14585
14599 14600 14601
14602 14603 14604
14602 14604 14605
14606 14607 14608
14606 14608 14609
14605 14604 14610
14605 14610 14611
14612 14613 14614
14615 14616 14617
14615 14617 14618
14609 14584 14587
14609 14587 14606
14608 14618 14619
14608 14619 14620
14618 14608 14607
14618 14607 14615
14508 14621 14542
14508 14542 14509
14582 14591 14622
14582 14622 14583
14517 14519 14622
14517 14622 14592
14590 14517 14592
14615 14607 14582
14615 14582 14581
14607 14606 14591
14607 14591 14582
14589 14588 14623
14588 14591 14606
14588 14606 14587
14624 14625 14626
14625 14601 14513
14625 14513 14512
14507 14506 14627
14507 14627 14603
14602 14616 14621
14602 14621 14508
14603 14602 14508
14603 14508 14507
14621 14581 14543
14621 14543 14542
14616 14615 14581
14616 14581 14621
14605 14617 14616
14605 14616 14602
14593 14595 14628
14629 14584 14630
14619 14618 14617
14619 14617 14631
14632 14593 14628
14584 14609 14633
14597 14596 14634
14617 14605 14611
14617 14611 14631
14583 14622 14519
14583 14519 14547
14543 14583 14547
14543 14547 14544
14578 14586 14579
14635 14636 14614
14604 14600 14610
14637 14625 14624
14637 14624 14635
14596 14633 14620
14603 14627 14600
14603 14600 14604
14513 14601 14627
14600 14599 14613
14637 14599 14625
14586 14578 14638
14611 14610 14612
14611 14612 14639
14596 14620 14619
14596 14619 14634
14634 14619 14631
14634 14631 14640
14631 14611 14639
14610 14613 14612
14610 14600 14613
14620 14609 14608
14640 14595 14641
14640 14641 14634
14639 14628 14595
14639 14595 14640
14642 14628 14639
14642 14639 14612
14642 14614 14636
14637 14614 14613
14635 14614 14637
14613 14599 14637
14513 14627 14506
14601 14600 14627
14625 14599 14601
14631 14639 14640
14578 14580 14570
14561 14567 14569
14569 14566 14562
14562 14561 14569
14561 14560 14643
14578 14643 14638
14588 14590 14592
14644 14624 14626
14584 14633 14630
14565 14571 14573
14539 14550 14540
14540 14550 14551
14541 14552 14559
14540 14552 14541
14645 14646 14500
14500 14497 14645
14559 14496 14495
14541 14495 14499
14558 14557 14528
14554 14647 14522
14528 14557 14537
14516 14515 14524
14522 14521 14555
14519 14518 14527
14623 14638 14589
14638 14648 14589
14623 14587 14586
14623 14588 14587
14570 14561 14643
14570 14643 14578
14638 14643 14648
14591 14592 14622
14586 14638 14623
14643 14560 14648
14644 14626 14503
14644 14503 14502
14626 14512 14511
14626 14511 14503
14626 14625 14512
14595 14594 14641
14522 14647 14520
14520 14647 14531
14649 14556 14558
14649 14558 14650
14651 14650 14558
14651 14558 14530
14651 14530 14652
14528 14530 14558
14530 14529 14532
14530 14653 14652
14553 14522 14515
14532 14531 14653
14530 14532 14653
14526 14532 14529
14520 14532 14526
14529 14527 14526
14654 14655 14585
14655 14656 14579
14655 14579 14585
14656 14657 14580
14656 14580 14579
14657 14658 14580
14629 14630 14659
14629 14654 14584
14658 14660 14567
14658 14567 14580
14660 14568 14567
14568 14661 14569
14661 14566 14569
14597 14641 14594
14596 14598 14633
14632 14628 14642
14642 14636 14632
14612 14614 14642
14654 14585 14584
14597 14634 14641
14620 14633 14609
14662 14663 14664
14662 14664 14665
14666 14667 14668
14666 14668 14669
14670 14671 14672
14670 14672 14673
14663 14662 14674
14663 14674 14675
14676 14677 14678
14676 14678 14679
14669 14668 14673
14669 14673 14672
14679 14678 14667
14679 14667 14666
14677 14676 14680
14677 14680 14681
14682 14683 14684
14682 14684 14685
14686 14687 14688
14686 14688 14689
14690 14691 14692
14690 14692 14693
14690 14694 14691
14695 14696 14697
14695 14697 14698
14699 14700 14687
14699 14687 14686
14689 14688 14696
14689 14696 14695
14698 14697 14683
14698 14683 14682
14701 14702 14665
14703 14666 14669
14703 14669 14704
14705 14672 14671
14705 14671 14706
14706 14671 14674
14706 14674 14707
14708 14676 14679
14708 14679 14709
14704 14669 14672
14704 14672 14705
14709 14679 14666
14709 14666 14703
14710 14680 14676
14710 14676 14708
14711 14712 14713
14711 14713 14714
14694 14690 14701
14695 14703 14704
14695 14704 14689
14686 14705 14706
14686 14706 14699
14699 14706 14707
14699 14707 14693
14682 14708 14709
14682 14709 14698
14689 14704 14705
14689 14705 14686
14698 14709 14703
14698 14703 14695
14685 14710 14708
14685 14708 14682
14715 14711 14714
14715 14714 14716
14717 14718 14719
14717 14719 14720
14721 14722 14723
14724 14725 14722
14726 14727 14725
14726 14728 14729
14726 14729 14727
14728 14730 14731
14728 14731 14729
14730 14732 14733
14730 14733 14731
14734 14735 14736
14734 14736 14737
14738 14739 14740
14741 14742 14743
14744 14745 14746
14744 14746 14747
14748 14740 14742
14749 14747 14739
14745 14734 14737
14745 14737 14746
14750 14751 14752
14750 14752 14753
14732 14730 14754
14732 14754 14755
14721 14756 14757
14726 14758 14728
14730 14728 14759
14730 14759 14754
14760 14761 14762
14760 14762 14763
14761 14764 14762
14765 14766 14767
14765 14767 14768
14769 14770 14771
14760 14772 14761
14773 14765 14774
14775 14776 14777
14775 14777 14778
14779 14780 14781
14779 14781 14782
14778 14783 14784
14778 14784 14775
14783 14785 14779
14786 14787 14788
14675 14674 14671
14675 14671 14670
14693 14692 14700
14693 14700 14699
14707 14674 14662
14707 14662 14702
14693 14707 14702
14693 14702 14690
14721 14789 14756
14790 14713 14712
14790 14712 14791
14716 14792 14793
14716 14793 14715
14794 14795 14796
14795 14797 14796
14798 14799 14800
14801 14802 14803
14801 14803 14804
14805 14806 14807
14805 14807 14808
14809 14810 14800
14809 14800 14799
14811 14812 14813
14811 14813 14814
14804 14803 14806
14804 14806 14805
14814 14813 14802
14814 14802 14801
14815 14816 14817
14815 14817 14818
14819 14820 14821
14819 14821 14822
14823 14824 14825
14823 14825 14826
14824 14823 14827
14824 14827 14828
14808 14807 14810
14808 14810 14809
14829 14830 14831
14829 14831 14832
14833 14815 14818
14833 14818 14834
14835 14836 14837
14835 14837 14838
14839 14840 14841
14839 14841 14842
14843 14844 14840
14843 14840 14839
14845 14846 14847
14845 14847 14778
14848 14849 14780
14850 14851 14783
14851 14785 14783
14785 14848 14779
14852 14853 14786
14852 14786 14788
14684 14683 14737
14684 14737 14736
14688 14687 14740
14688 14740 14739
14743 14742 14700
14743 14700 14692
14697 14696 14747
14697 14747 14746
14687 14700 14742
14687 14742 14740
14739 14747 14696
14739 14696 14688
14683 14697 14746
14683 14746 14737
14753 14752 14793
14753 14793 14792
14837 14836 14822
14837 14822 14821
14782 14781 14769
14782 14769 14771
14771 14772 14784
14771 14784 14782
14772 14854 14775
14772 14775 14784
14855 14856 14774
14857 14858 14828
14857 14828 14827
14859 14776 14854
14860 14718 14859
14860 14760 14763
14860 14763 14756
14760 14860 14854
14760 14854 14772
14861 14862 14755
14861 14755 14754
14862 14861 14764
14757 14763 14863
14757 14863 14864
14865 14866 14762
14865 14861 14754
14865 14754 14759
14861 14865 14764
14867 14797 14868
14867 14868 14767
14844 14843 14826
14844 14826 14825
14681 14680 14713
14681 14713 14790
14685 14684 14792
14685 14792 14716
14732 14795 14794
14732 14794 14733
14755 14797 14795
14755 14795 14732
14680 14710 14714
14680 14714 14713
14710 14685 14716
14710 14716 14714
14735 14750 14753
14735 14753 14736
14770 14765 14768
14770 14768 14764
14770 14769 14774
14780 14788 14855
14780 14855 14781
14869 14829 14870
14849 14852 14788
14849 14788 14780
14736 14753 14792
14736 14792 14684
14781 14855 14774
14781 14774 14769
14797 14755 14862
14797 14862 14868
14764 14768 14862
14722 14748 14741
14722 14741 14723
14738 14748 14722
14871 14738 14725
14872 14873 14727
14872 14727 14729
14874 14872 14729
14874 14729 14731
14872 14874 14734
14872 14734 14745
14875 14874 14731
14875 14731 14733
14874 14875 14735
14874 14735 14734
14876 14877 14794
14750 14877 14751
14820 14819 14842
14820 14842 14841
14733 14794 14877
14733 14877 14875
14720 14719 14878
14879 14880 14881
14882 14881 14691
14881 14882 14879
14881 14743 14692
14881 14692 14691
14718 14789 14719
14880 14789 14723
14880 14723 14741
14719 14789 14880
14719 14880 14879
14738 14871 14749
14751 14877 14876
14794 14796 14876
14796 14797 14867
14767 14868 14768
14770 14764 14761
14862 14768 14868
14873 14872 14745
14873 14745 14744
14744 14749 14871
14744 14871 14873
14744 14747 14749
14727 14873 14871
14749 14739 14738
14871 14725 14727
14726 14725 14724
14738 14740 14748
14738 14722 14725
14875 14877 14750
14875 14750 14735
14724 14722 14721
14748 14742 14741
14741 14743 14880
14881 14880 14743
14866 14865 14759
14866 14759 14883
14883 14864 14863
14883 14863 14866
14726 14724 14758
14758 14724 14864
14759 14758 14883
14762 14866 14763
14883 14758 14864
14864 14724 14757
14764 14865 14762
14763 14866 14863
14721 14723 14789
14721 14757 14724
14728 14758 14759
14756 14789 14718
14783 14779 14782
14783 14782 14784
14778 14850 14783
14718 14860 14756
14774 14856 14773
14770 14774 14765
14848 14780 14779
14860 14859 14854
14879 14882 14878
14870 14812 14811
14870 14811 14869
14870 14829 14832
14870 14832 14884
14878 14719 14879
14701 14690 14702
14882 14691 14694
14854 14776 14775
14665 14702 14662
14800 14885 14798
14886 14887 14888
14886 14888 14889
14890 14891 14892
14890 14892 14893
14894 14895 14896
14894 14896 14897
14898 14899 14889
14898 14889 14888
14900 14901 14902
14900 14902 14903
14893 14892 14895
14893 14895 14894
14903 14902 14891
14903 14891 14890
14904 14905 14901
14904 14901 14900
14906 14888 14887
14906 14887 14907
14908 14890 14893
14908 14893 14909
14910 14894 14897
14910 14897 14911
14911 14897 14898
14911 14898 14912
14913 14900 14903
14913 14903 14914
14909 14893 14894
14909 14894 14910
14914 14903 14890
14914 14890 14908
14915 14904 14900
14915 14900 14913
14897 14896 14899
14897 14899 14898
14916 14917 14918
14916 14918 14919
14920 14921 14922
14920 14922 14923
14924 14925 14926
14924 14926 14927
14928 14929 14930
14928 14930 14931
14920 14927 14926
14920 14926 14921
14928 14923 14922
14928 14922 14929
14932 14933 14931
14932 14931 14930
14934 14935 14936
14934 14936 14937
14938 14936 14935
14938 14935 14939
14924 14940 14941
14924 14941 14925
14912 14898 14888
14912 14888 14906
14940 14916 14919
14940 14919 14941
14942 14943 14944
14942 14944 14945
14946 14947 14944
14946 14948 14949
14946 14949 14947
14950 14946 14943
14951 14952 14953
14954 14955 14956
14954 14956 14957
14958 14954 14957
14958 14957 14959
14960 14948 14946
14948 14960 14961
14960 14946 14950
14955 14962 14956
14951 14942 14945
14951 14945 14952
14943 14946 14944
14845 14778 14777
14718 14717 14859
14773 14766 14765
14770 14761 14771
14772 14771 14761
14757 14756 14763
14847 14850 14778
14847 14963 14850
14964 14965 14858
14964 14858 14857
14787 14855 14788
14787 14856 14855
14852 14966 14853
14816 14835 14838
14816 14838 14817
14967 14968 14969
14967 14969 14970
14971 14972 14973
14971 14973 14974
14975 14976 14977
14975 14977 14978
14970 14979 14980
14970 14980 14967
14981 14982 14983
14981 14983 14984
14972 14977 14976
14972 14976 14973
14982 14971 14974
14982 14974 14983
14984 14985 14986
14984 14986 14981
14987 14988 14989
14987 14989 14990
14991 14992 14993
14991 14993 14994
14995 14996 14997
14995 14997 14998
14995 14998 14999
15000 15001 15002
15000 15002 15003
15004 14991 14994
15004 14994 15005
14992 15000 15003
14992 15003 14993
15001 14987 14990
15001 14990 15002
15006 14968 15007
15008 15009 14972
15008 14972 14971
15010 15011 14978
15010 14978 14977
15011 15012 14980
15011 14980 14978
15013 15014 14982
15013 14982 14981
15009 15010 14977
15009 14977 14972
15014 15008 14971
15014 14971 14982
15015 15013 14981
15015 14981 14986
15016 15017 15018
15016 15018 15019
14999 15006 14995
15000 14992 15009
15000 15009 15008
14991 15004 15011
14991 15011 15010
15004 14996 15012
15004 15012 15011
14987 15001 15014
14987 15014 15013
14992 14991 15010
14992 15010 15009
15001 15000 15008
15001 15008 15014
14988 14987 15013
14988 15013 15015
15020 15021 15017
15020 15017 15016
15022 15023 15024
15022 15024 15025
15026 15027 15028
15029 15028 15030
15031 15030 15032
15031 15032 15033
15031 15033 15034
15034 15033 15035
15034 15035 15036
15036 15035 15037
15036 15037 15038
15039 15040 15041
15039 15041 15042
15043 15044 15045
15046 15047 15048
15049 15050 15051
15049 15051 15052
15053 15048 15044
15054 15045 15050
15052 15051 15040
15052 15040 15039
15055 15056 15057
15055 15057 15058
15038 15059 15060
15038 15060 15036
15026 15061 15062
15031 15034 15063
15036 15060 15064
15036 15064 15034
15065 15066 15067
15065 15067 15068
15068 15067 15069
15070 15071 15072
15070 15072 15073
15074 15075 15076
15065 15068 15077
15078 15079 15070
15080 15081 15082
15080 15082 15083
15084 15085 15086
15084 15086 15087
15081 15080 15088
15081 15088 15089
15089 15084 15090
15091 15092 15093
14979 14975 14978
14979 14978 14980
14996 15004 15005
14996 15005 14997
15012 15007 14967
15012 14967 14980
14996 14995 15007
14996 15007 15012
15026 15062 15094
15095 15096 15019
15095 15019 15018
15021 15020 15097
15021 15097 15098
15099 15100 15101
15101 15100 15102
15103 15104 15105
15106 15107 15108
15106 15108 15109
15110 15111 15112
15110 15112 15113
15114 15105 15104
15114 15104 15115
15116 15117 15118
15116 15118 15119
15107 15110 15113
15107 15113 15108
15117 15106 15109
15117 15109 15118
15120 15121 15122
15120 15122 15123
15124 15125 15126
15124 15126 15127
15128 15129 15130
15128 15130 15131
15131 15132 15133
15131 15133 15128
15111 15114 15115
15111 15115 15112
15134 15135 15136
15134 15136 15137
15138 15139 15121
15138 15121 15120
15140 15141 15142
15140 15142 15143
15144 15145 15146
15144 15146 15147
15148 15144 15147
15148 15147 15149
15150 15081 15151
15150 15151 15152
15153 15087 15154
15155 15089 15156
15156 15089 15090
15090 15084 15153
15157 15092 15091
15157 15091 15158
14989 15041 15040
14989 15040 14990
14993 15045 15044
14993 15044 14994
15047 14997 15005
15047 15005 15048
15002 15051 15050
15002 15050 15003
14994 15044 15048
14994 15048 15005
15045 14993 15003
15045 15003 15050
14990 15040 15051
14990 15051 15002
15056 15098 15097
15056 15097 15057
15142 15126 15125
15142 15125 15143
15085 15075 15074
15085 15074 15086
15075 15085 15088
15075 15088 15077
15077 15088 15080
15077 15080 15159
15160 15079 15161
15162 15133 15132
15162 15132 15163
15164 15159 15083
15165 15164 15025
15165 15062 15066
15165 15066 15065
15065 15077 15159
15065 15159 15165
15166 15060 15059
15166 15059 15167
15167 15069 15166
15061 15168 15066
15061 15169 15168
15170 15067 15171
15170 15064 15060
15170 15060 15166
15166 15069 15170
15172 15173 15102
15172 15072 15173
15149 15130 15129
15149 15129 15148
14985 15095 15018
14985 15018 14986
14988 15021 15098
14988 15098 14989
15038 15037 15099
15038 15099 15101
15059 15038 15101
15059 15101 15102
14986 15018 15017
14986 15017 15015
15015 15017 15021
15015 15021 14988
15042 15041 15056
15042 15056 15055
15076 15069 15071
15076 15071 15070
15076 15079 15074
15087 15086 15160
15087 15160 15092
15174 15175 15134
15154 15087 15092
15154 15092 15157
15041 14989 15098
15041 15098 15056
15086 15074 15079
15086 15079 15160
15102 15173 15167
15102 15167 15059
15069 15167 15071
15028 15027 15046
15028 15046 15053
15043 15028 15053
15176 15030 15043
15177 15033 15032
15177 15032 15178
15179 15035 15033
15179 15033 15177
15177 15052 15039
15177 15039 15179
15180 15037 15035
15180 15035 15179
15179 15039 15042
15179 15042 15180
15181 15099 15182
15055 15058 15182
15127 15146 15145
15127 15145 15124
15037 15180 15182
15037 15182 15099
15023 15183 15024
15184 15185 15186
15187 14998 15185
15185 15184 15187
15185 14998 14997
15185 14997 15047
15025 15024 15094
15186 15046 15027
15186 15027 15094
15024 15184 15186
15024 15186 15094
15043 15054 15176
15058 15181 15182
15099 15181 15100
15100 15172 15102
15072 15071 15173
15076 15068 15069
15167 15173 15071
15178 15049 15052
15178 15052 15177
15049 15178 15176
15049 15176 15054
15049 15054 15050
15032 15176 15178
15054 15043 15045
15176 15032 15030
15031 15029 15030
15043 15053 15044
15043 15030 15028
15180 15042 15055
15180 15055 15182
15029 15026 15028
15053 15046 15048
15046 15186 15047
15185 15047 15186
15171 15188 15064
15171 15064 15170
15188 15171 15168
15188 15168 15169
15031 15063 15029
15063 15169 15029
15064 15188 15063
15067 15066 15171
15188 15169 15063
15169 15061 15029
15069 15067 15170
15066 15168 15171
15026 15094 15027
15026 15029 15061
15034 15064 15063
15062 15025 15094
15089 15088 15085
15089 15085 15084
15081 15089 15155
15025 15062 15165
15079 15078 15161
15076 15070 15079
15153 15084 15087
15165 15159 15164
15184 15183 15187
15175 15174 15116
15175 15116 15119
15175 15135 15134
15175 15189 15135
15183 15184 15024
15006 15007 14995
15187 14999 14998
15159 15080 15083
14968 14967 15007
15104 15103 15190
15191 15192 15193
15191 15193 15194
15195 15196 15197
15195 15197 15198
15199 15200 15201
15199 15201 15202
15203 15193 15192
15203 15192 15204
15205 15206 15207
15205 15207 15208
15196 15199 15202
15196 15202 15197
15206 15195 15198
15206 15198 15207
15209 15205 15208
15209 15208 15210
15211 15212 15194
15211 15194 15193
15213 15214 15196
15213 15196 15195
15215 15216 15200
15215 15200 15199
15216 15217 15203
15216 15203 15200
15218 15219 15206
15218 15206 15205
15214 15215 15199
15214 15199 15196
15219 15213 15195
15219 15195 15206
15220 15218 15205
15220 15205 15209
15200 15203 15204
15200 15204 15201
15221 15222 15223
15221 15223 15224
15225 15226 15227
15225 15227 15228
15229 15230 15231
15229 15231 15232
15233 15234 15235
15233 15235 15236
15225 15228 15231
15225 15231 15230
15233 15236 15227
15233 15227 15226
15237 15235 15234
15237 15234 15238
15239 15240 15241
15239 15241 15242
15243 15244 15242
15243 15242 15241
15229 15232 15245
15229 15245 15246
15217 15211 15193
15217 15193 15203
15246 15245 15222
15246 15222 15221
15247 15248 15249
15247 15249 15250
15251 15249 15252
15251 15252 15253
15251 15253 15254
15255 15250 15251
15256 15257 15258
15259 15260 15261
15259 15261 15262
15263 15264 15260
15263 15260 15259
15265 15251 15254
15254 15266 15265
15265 15255 15251
15262 15261 15267
15256 15258 15248
15256 15248 15247
15250 15249 15251
15150 15082 15081
15025 15164 15022
15078 15070 15073
15076 15075 15068
15077 15068 15075
15061 15066 15062
15151 15081 15155
15151 15155 15268
15269 15162 15163
15269 15163 15270
15093 15092 15160
15093 15160 15161
15157 15158 15271
15123 15122 15141
15123 15141 15140
15272 15273 15274
15272 15274 15275
15276 15272 15275
15276 15275 15277
15273 15272 15278
15273 15278 15279
15276 15278 15272
15280 15276 15277
15280 15277 15281
15282 15283 15284
15282 15284 15285
15283 15282 15286
15283 15286 15287
15288 15289 15290
15288 15290 15291
15292 15293 15294
15295 15296 15297
15298 15299 15300
15294 15301 15302
15303 15297 15304
15303 15304 15305
15306 15307 15308
15298 15309 15310
15300 15303 15305
15300 15305 15298
15311 15308 15304
15312 15306 15308
15312 15308 15311
15313 15314 15315
15285 15316 15317
15285 15317 15282
15288 15318 15316
15288 15316 15285
15291 15319 15318
15291 15318 15288
15306 15312 15315
15306 15315 15314
15320 15321 15322
15320 15322 15323
15286 15324 15321
15286 15321 15320
15324 15286 15282
15324 15282 15317
15304 15296 15325
15304 15325 15311
15311 15325 15322
15311 15322 15312
15315 15321 15324
15315 15324 15313
15313 15324 15317
15313 15317 15326
15316 15327 15326
15316 15326 15317
15316 15328 15327
15329 15318 15330
15312 15322 15321
15312 15321 15315
15294 15331 15292
15332 15331 15299
15299 15294 15302
15299 15302 15333
15334 15335 15336
15281 15277 15319
15281 15319 15291
15319 15275 15337
15285 15284 15289
15285 15289 15288
15338 15339 15340
15341 15339 15338
15341 15338 15342
15343 15344 15339
15343 15339 15341
15345 15346 15347
15340 15345 15348
15349 15350 15351
15352 15353 15351
15354 15343 15341
15350 15343 15354
15350 15354 15355
15350 15352 15351
15342 15354 15341
15350 15355 15352
15356 15357 15358
15359 15323 15360
15359 15360 15361
15362 15363 15364
15362 15364 15365
15366 15367 15368
15369 15370 15366
15371 15372 15373
15374 15375 15376
15358 15365 15364
15377 15378 15379
15380 15381 15382
15380 15382 15383
15384 15385 15386
15384 15386 15387
15381 15388 15389
15381 15389 15382
15390 15391 15392
15393 15394 15395
15393 15395 15396
15385 15384 15363
15385 15363 15362
15386 15397 15398
15386 15398 15394
15394 15393 15387
15394 15387 15386
15287 15286 15320
15287 15320 15399
15361 15360 15400
15361 15400 15369
15295 15370 15400
15295 15400 15296
15367 15370 15295
15393 15359 15361
15393 15361 15387
15387 15361 15369
15387 15369 15384
15368 15401 15366
15366 15363 15384
15366 15384 15369
15402 15403 15404
15404 15290 15289
15404 15289 15378
15283 15383 15405
15283 15405 15284
15380 15287 15399
15380 15399 15396
15383 15283 15287
15383 15287 15380
15399 15320 15323
15399 15323 15359
15396 15399 15359
15396 15359 15393
15381 15380 15396
15381 15396 15395
15371 15406 15372
15407 15408 15362
15398 15409 15395
15398 15395 15394
15410 15406 15371
15362 15411 15385
15376 15412 15374
15395 15409 15388
15395 15388 15381
15360 15325 15296
15360 15296 15400
15323 15322 15325
15323 15325 15360
15356 15358 15364
15413 15391 15414
15382 15389 15379
15415 15413 15402
15415 15402 15404
15374 15397 15411
15383 15382 15379
15383 15379 15405
15289 15405 15378
15379 15392 15377
15415 15404 15377
15364 15416 15356
15388 15417 15390
15388 15390 15389
15374 15412 15398
15374 15398 15397
15412 15418 15409
15412 15409 15398
15409 15417 15388
15389 15390 15392
15389 15392 15379
15397 15386 15385
15418 15412 15419
15418 15419 15372
15417 15418 15372
15417 15372 15406
15420 15390 15417
15420 15417 15406
15420 15414 15391
15415 15392 15391
15413 15415 15391
15392 15415 15377
15289 15284 15405
15378 15405 15379
15404 15378 15377
15409 15418 15417
15356 15348 15357
15340 15346 15345
15346 15339 15344
15339 15346 15340
15340 15421 15338
15356 15416 15421
15366 15370 15367
15422 15403 15402
15362 15408 15411
15343 15350 15349
15316 15318 15328
15318 15329 15328
15319 15337 15330
15318 15319 15330
15423 15279 15424
15279 15423 15273
15337 15275 15274
15319 15277 15275
15335 15306 15336
15332 15299 15425
15306 15314 15336
15293 15301 15294
15299 15333 15300
15296 15304 15297
15401 15368 15416
15416 15368 15426
15401 15364 15363
15401 15363 15366
15348 15356 15421
15348 15421 15340
15416 15426 15421
15369 15400 15370
15364 15401 15416
15421 15426 15338
15422 15280 15281
15422 15281 15403
15403 15281 15291
15403 15291 15290
15403 15290 15404
15372 15419 15373
15299 15298 15425
15298 15310 15425
15427 15335 15334
15427 15428 15335
15429 15307 15335
15429 15335 15428
15429 15430 15307
15306 15335 15307
15307 15309 15308
15307 15430 15431
15331 15294 15299
15309 15431 15310
15307 15431 15309
15305 15308 15309
15298 15305 15309
15308 15305 15304
15432 15365 15433
15433 15365 15358
15433 15358 15434
15434 15358 15357
15434 15357 15435
15435 15357 15436
15407 15437 15408
15407 15362 15432
15436 15357 15345
15436 15345 15438
15438 15345 15347
15347 15346 15439
15439 15346 15344
15376 15373 15419
15374 15411 15375
15410 15420 15406
15420 15410 15414
15390 15420 15391
15432 15362 15365
15376 15419 15412
15397 15385 15411
15440 15441 15442
15440 15442 15443
15444 15445 15446
15444 15446 15447
15445 15440 15443
15445 15443 15446
15448 15449 15450
15448 15450 15451
15441 15452 15453
15441 15453 15454
15455 15456 15457
15455 15457 15458
15445 15444 15459
15445 15459 15460
15456 15461 15462
15456 15462 15457
15463 15464 15465
15463 15465 15466
15467 15468 15469
15467 15469 15470
15471 15472 15473
15471 15473 15474
15475 15476 15477
15475 15477 15478
15479 15480 15468
15479 15468 15467
15481 15482 15483
15481 15483 15484
15485 15486 15487
15485 15487 15488
15489 15490 15491
15489 15491 15492
15493 15494 15495
15493 15495 15496
15497 15489 15492
15497 15492 15498
15499 15500 15501
15502 15493 15496
15502 15496 15503
15504 15455 15458
15504 15458 15505
15506 15483 15482
15506 15482 15507
15508 15509 15510
15508 15510 15511
15477 15510 15509
15477 15509 15478
15448 15512 15513
15514 15515 15516
15517 15518 15519
15517 15519 15520
15518 15517 15521
15518 15521 15522
15522 15521 15523
15524 15523 15514
15524 15514 15525
15514 15523 15526
15527 15514 15528
15529 15514 15530
15531 15514 15529
15532 15533 15534
15514 15533 15525
15522 15523 15524
15523 15521 15535
15536 15537 15538
15444 15539 15540
15444 15540 15459
15516 15533 15514
15514 15526 15541
15523 15535 15526
15454 15442 15441
15447 15542 15444
15520 15519 15543
15520 15543 15544
15444 15542 15539
15545 15546 15547
15545 15547 15548
15549 15506 15507
15549 15507 15550
15551 15547 15546
15551 15546 15552
15549 15550 15551
15549 15551 15552
15553 15554 15555
15448 15451 15441
15474 15473 15466
15474 15466 15465
15470 15469 15464
15470 15464 15463
15556 15449 15448
15488 15487 15480
15488 15480 15479
15530 15514 15541
15451 15452 15441
15513 15557 15558
15528 15514 15531
15527 15515 15514
15448 15559 15556
15558 15448 15513
15559 15448 15558
15560 15472 15471
15560 15471 15561
15534 15533 15516
15513 15562 15557
15563 15564 15565
15563 15565 15566
15567 15568 15569
15567 15569 15570
15570 15569 15564
15570 15564 15563
15571 15572 15573
15571 15574 15572
15566 15575 15576
15566 15576 15577
15578 15579 15580
15578 15580 15581
15570 15582 15583
15570 15583 15567
15581 15580 15584
15581 15584 15585
15586 15587 15588
15586 15588 15589
15590 15591 15592
15590 15592 15593
15594 15595 15596
15594 15596 15597
15598 15599 15600
15598 15600 15601
15602 15590 15593
15602 15593 15603
15604 15605 15606
15604 15606 15607
15608 15609 15610
15608 15610 15611
15612 15613 15614
15612 15614 15615
15616 15617 15618
15616 15618 15619
15620 15621 15613
15620 15613 15612
15622 15623 15624
15625 15626 15617
15625 15617 15616
15627 15628 15579
15627 15579 15578
15629 15630 15607
15629 15607 15606
15631 15632 15633
15631 15633 15634
15600 15599 15634
15600 15634 15633
15571 15635 15636
15637 15638 15639
15640 15641 15642
15640 15642 15643
15643 15644 15645
15643 15645 15640
15644 15646 15645
15647 15648 15637
15647 15637 15646
15637 15649 15646
15650 15651 15637
15652 15653 15637
15654 15652 15637
15655 15656 15657
15637 15648 15657
15658 15659 15660
15646 15661 15645
15662 15663 15664
15567 15583 15665
15567 15665 15666
15638 15637 15657
15637 15667 15649
15646 15649 15661
15575 15566 15565
15568 15567 15668
15641 15669 15670
15641 15670 15642
15567 15666 15668
15671 15672 15673
15671 15673 15674
15675 15676 15630
15675 15630 15629
15677 15678 15674
15677 15674 15673
15675 15678 15677
15675 15677 15676
15679 15680 15681
15571 15566 15574
15595 15588 15587
15595 15587 15596
15591 15586 15589
15591 15589 15592
15682 15571 15573
15609 15602 15603
15609 15603 15610
15653 15667 15637
15574 15566 15577
15635 15683 15684
15651 15654 15637
15650 15637 15639
15571 15682 15685
15683 15635 15571
15685 15683 15571
15686 15687 15594
15686 15594 15597
15656 15638 15657
15635 15684 15688
14580 14567 14570
15345 15357 15348
5451 5450 15689
5527 5526 5543
5474 5462 15690
5539 5548 15691
15692 15693 137
15692 137 136
145 144 321
145 321 322
147 145 322
147 322 138
1310 15694 15695
1310 15695 15696
324 15697 330
2821 15698 2817
2821 2817 3009
2816 15699 2824
2816 2824 3010
3011 2823 2827
3011 2827 2818
15700 15701 2814
15700 2814 2708
3014 3017 3012
3014 3012 15702
133 135 1270
135 140 15695
2813 2815 3009
2815 2821 3009
15694 33 28
2714 15700 2708
152 141 15693
152 15693 15692
2821 2820 15698
108 324 330
2709 2814 2813
2814 15701 2815
1270 27 133
1270 15695 15694
1270 15694 28
15701 2829 2821
139 15696 140
135 15695 1270
2815 15701 2821
320 177 33
15694 1310 320
15694 320 33
2858 3008 2714
2714 3008 2830
2714 2830 15700
1310 15696 139
1310 139 156
2830 2829 15701
2830 15701 15700
2821 2829 2819
140 15696 15695
177 56 33
2737 2858 2714
151 150 143
151 143 142
168 155 154
168 154 15703
172 155 168
158 151 142
158 142 146
172 171 176
172 176 156
158 185 15704
158 15704 157
107 111 328
107 328 323
2843 2842 2833
2843 2833 15705
2837 2836 2819
2839 2837 2828
2822 2842 2841
2822 2841 2826
2838 2839 2855
2838 2855 2883
2826 2841 2867
2826 2867 15702
2791 2866 2865
2791 2865 15706
139 154 155
2819 2836 2820
2828 2837 2819
156 155 172
171 203 176
2887 2855 2854
109 111 107
2790 2791 3015
3015 2791 15706
111 110 326
172 168 167
2839 2834 2837
15707 15708 161
15707 161 15703
166 165 149
166 149 148
169 160 159
169 159 173
169 175 170
169 170 167
179 166 148
179 148 157
327 180 183
327 183 15704
326 186 180
326 180 327
199 197 318
199 318 202
175 201 319
175 319 170
2847 2846 2835
2847 2835 2834
15709 15710 2850
15709 2850 15705
2838 2852 2847
2838 2847 2834
2883 2856 2852
2883 2852 2838
2843 2849 2860
2843 2860 2840
2840 2860 2864
2840 2864 2868
2863 2870 15706
2863 15706 2865
3007 2880 2882
3007 2882 2886
2857 2856 2885
2857 2885 15711
197 195 318
197 192 195
2876 2880 3007
2875 2880 2876
2870 3016 15706
329 186 326
110 329 326
3016 3015 15706
114 329 110
2793 3016 2888
15712 15713 207
15712 207 162
163 209 212
163 212 164
213 206 205
213 205 238
214 213 238
214 238 240
178 215 209
178 209 163
181 217 220
181 220 182
225 224 242
225 242 243
2892 2891 2845
2892 2845 2844
15714 15715 2896
15714 2896 2851
2853 2897 2892
2853 2892 2844
2857 2899 2897
2857 2897 2853
2895 2902 2859
2895 2859 2848
2902 2906 2861
2902 2861 2859
2881 2910 2913
2881 2913 15711
2914 2910 2879
2879 2910 2881
226 225 243
196 225 226
221 217 181
2905 2908 2862
15716 232 208
15716 208 15717
210 234 237
210 237 211
239 231 230
239 230 266
241 239 266
241 266 270
244 241 270
244 270 309
216 245 234
216 234 210
218 247 250
218 250 219
222 251 247
222 247 218
255 244 309
226 244 255
223 251 222
190 222 221
253 251 223
2921 2920 2890
2921 2890 2889
15718 2925 2893
15718 2893 15719
2898 2926 2921
2898 2921 2889
2900 2928 2926
2900 2926 2898
2930 2928 2912
2924 2934 2901
2924 2901 2894
2934 2938 2903
2934 2903 2901
2937 2940 2907
2937 2907 2904
2941 2940 2939
2940 2909 2907
2907 2871 2908
2932 2930 2914
2914 2930 2911
15720 261 233
15720 233 15721
235 262 265
235 265 236
267 260 259
267 259 290
246 268 262
246 262 235
271 267 290
271 290 293
248 272 275
248 275 249
252 307 272
252 272 248
310 271 293
310 293 295
253 311 307
253 307 252
254 313 311
254 311 253
316 315 302
316 302 301
317 310 295
317 295 305
315 317 305
315 305 302
2945 2948 2919
2945 2919 2918
15722 2952 2922
15722 2922 15723
2927 2953 2945
2927 2945 2918
2951 2956 2933
2951 2933 2923
2929 2957 2953
2929 2953 2927
2956 2962 2935
2956 2935 2933
2961 2994 2939
2961 2939 2936
2931 2995 2957
2931 2957 2929
2994 2998 2941
2994 2941 2939
2998 3000 2942
2998 2942 2941
2944 3001 3004
2944 3004 2943
2932 3005 2995
2932 2995 2931
2943 3004 3005
2943 3005 2932
291 278 15724
263 284 281
263 281 264
269 282 284
269 284 263
273 289 286
273 286 274
308 287 289
308 289 273
292 291 15724
292 15724 15725
15726 294 292
15726 292 15725
15727 296 294
15727 294 15726
312 297 287
312 287 308
314 299 297
314 297 312
304 303 15728
304 15728 15729
303 306 15730
303 15730 15728
15730 306 296
15730 296 15727
2946 2978 2965
2946 2965 2947
15731 2968 2949
15731 2949 15732
2967 2970 2955
2967 2955 2950
2970 2973 2959
2970 2959 2955
2972 2975 2993
2972 2993 2960
2954 2976 2978
2954 2978 2946
2958 2980 2976
2958 2976 2954
2996 2982 2980
2996 2980 2958
2975 2984 2997
2975 2997 2993
2984 2986 2999
2984 2999 2997
3002 2987 2990
3002 2990 3003
3003 2990 2992
3003 2992 3006
2981 2982 2992
2981 2992 2991
141 154 139
162 161 15708
162 15708 15712
15717 208 207
15717 207 15713
15721 233 232
15721 232 15716
276 258 261
276 261 15720
259 258 278
259 278 291
137 15693 140
137 140 134
15693 141 140
15703 154 153
15703 153 15707
15703 161 160
15703 160 168
162 207 206
162 206 159
208 232 231
208 231 205
233 261 260
233 260 230
15724 278 280
280 278 277
68 137 134
2832 2836 2835
2832 2835 15709
15710 2846 2845
15710 2845 15714
2891 2890 15719
2891 15719 15715
2920 2919 15723
2920 15723 15718
2948 2947 15732
2948 15732 15722
2817 15698 15699
2817 15699 2816
15698 2820 2831
15698 2831 15699
2820 2836 2832
2820 2832 2831
15709 2835 2846
15709 2846 15710
15714 2845 2891
15714 2891 15715
2890 2920 15718
2890 15718 15719
2919 2948 15722
2919 15722 15723
2947 2965 15731
2947 15731 15732
2817 2749 3009
2965 2964 15731
2963 2965 2978
15692 144 143
15692 143 152
153 150 149
153 149 15707
15708 165 164
15708 164 15712
212 211 15717
212 15717 15713
237 236 15721
237 15721 15716
265 264 276
265 276 15720
136 321 144
136 144 15692
152 143 150
152 150 153
15707 149 165
15707 165 15708
15712 164 212
15712 212 15713
211 237 15716
211 15716 15717
236 265 15720
236 15720 15721
264 281 277
264 277 276
321 63 322
281 280 277
279 281 284
2825 2824 15699
2825 15699 2831
2825 2833 2842
2825 2842 2822
2851 2850 15710
2851 15710 15714
15719 2893 2896
15719 2896 15715
15723 2922 2925
15723 2925 15718
15732 2949 2952
15732 2952 15722
3010 2824 2823
3010 2823 3011
15705 2833 2832
15705 2832 15709
15705 2850 2849
15705 2849 2843
2848 2851 2896
2848 2896 2895
2894 2893 2925
2894 2925 2924
2923 2922 2952
2923 2952 2951
2950 2949 2968
2950 2968 2967
2745 3010 3011
2964 2968 15731
2966 2968 2964
174 200 201
174 201 175
198 200 224
198 224 225
2882 2885 2884
2882 2884 2886
2913 2912 2900
2913 2900 2899
319 201 199
319 199 202
15711 2885 2882
15711 2882 2881
240 242 224
240 224 214
15711 2913 2899
15711 2899 2857
2887 2884 2883
2912 2928 2900
2930 2912 2911
319 203 170
242 241 244
242 244 243
183 182 178
183 178 179
328 185 184
328 184 323
220 219 216
220 216 215
250 249 246
250 246 245
275 274 269
275 269 268
147 15697 184
147 184 146
2859 2861 2864
2859 2864 2860
2868 2867 2841
2868 2841 2840
2901 2903 2906
2901 2906 2902
2933 2935 2938
2933 2938 2934
2955 2959 2962
2955 2962 2956
15702 3012 2827
15702 2827 2826
327 15704 185
327 185 328
15702 2867 2866
15702 2866 3014
157 15704 183
157 183 179
2865 2868 2864
2865 2864 2863
182 220 215
182 215 178
2862 2861 2906
2862 2906 2905
219 250 245
219 245 216
2904 2903 2938
2904 2938 2937
249 275 268
249 268 246
2936 2935 2962
2936 2962 2961
274 286 282
274 282 269
2960 2959 2973
2960 2973 2972
286 283 282
285 286 289
330 15697 138
138 15697 147
3018 3012 3017
2818 3012 3018
2969 2973 2970
2971 2973 2969
324 184 15697
