byte offset: 0
first index: 0
index count: 57612
topology: trianglelist
format: DXGI_FORMAT_R16_UINT

0 1 2
0 2 3
4 5 6
7 0 3
7 3 8
9 10 11
12 13 2
12 2 14
15 16 17
15 17 18
19 20 21
19 21 22
23 24 25
26 27 28
29 30 31
32 28 33
34 35 36
20 19 37
20 37 38
28 32 26
39 40 41
42 43 44
45 44 46
47 48 49
9 50 51
17 10 52
18 17 53
18 53 54
10 9 55
35 34 56
57 25 58
59 57 60
59 60 61
29 62 30
21 20 63
21 63 64
65 63 20
66 67 53
21 64 68
69 70 71
72 73 74
75 24 76
75 76 77
24 23 76
65 38 78
75 77 79
75 79 80
79 81 80
82 83 84
82 85 83
21 86 87
88 89 90
91 72 92
70 69 93
16 11 10
94 12 14
94 14 95
56 34 96
97 98 68
32 33 99
56 96 33
42 44 45
42 100 43
100 101 43
21 68 86
43 102 44
103 84 104
83 105 101
83 85 105
82 84 103
57 23 25
106 107 108
109 110 107
111 112 113
42 114 115
45 114 42
116 42 115
117 116 118
116 100 42
100 116 101
117 83 101
119 117 120
117 118 120
116 115 118
101 116 117
117 119 84
117 84 83
121 119 120
121 120 122
119 121 123
119 123 84
124 125 126
124 126 127
127 128 124
124 129 130
131 129 112
111 131 112
132 133 28
134 133 68
63 134 64
78 135 65
136 133 134
136 134 137
138 137 134
138 134 139
140 138 139
140 139 135
133 136 141
133 141 28
142 143 137
142 137 138
137 143 144
137 144 136
136 144 145
136 145 141
146 142 138
146 138 140
147 144 143
147 143 148
149 148 143
149 143 142
144 147 150
144 150 145
151 152 141
151 141 145
153 151 145
153 145 150
152 56 33
154 149 142
154 142 146
155 154 146
155 146 156
140 157 156
140 156 146
158 155 156
158 156 159
160 161 162
160 162 163
164 165 166
164 166 167
168 164 167
168 167 169
170 168 169
170 169 171
170 171 151
170 151 153
171 35 172
163 162 173
163 128 127
166 122 120
167 120 118
174 147 148
174 148 175
176 175 148
176 148 149
147 174 177
147 177 150
150 177 178
150 178 153
179 176 149
179 149 154
180 179 154
180 154 155
181 180 155
181 155 182
183 181 182
183 182 162
153 178 184
153 184 170
170 184 185
170 185 168
168 185 186
168 186 164
187 183 162
187 162 161
188 165 164
188 164 186
189 174 175
189 175 190
191 190 175
191 175 176
174 189 192
174 192 177
177 192 193
177 193 178
178 193 194
178 194 184
184 194 195
184 195 185
196 191 176
196 176 179
197 196 179
197 179 180
198 197 180
198 180 181
199 198 181
199 181 183
200 199 183
200 183 187
185 195 201
185 201 186
186 201 202
186 202 188
203 189 190
203 190 204
205 204 190
205 190 191
189 203 206
189 206 192
207 205 191
207 191 196
192 206 208
192 208 193
209 207 196
209 196 197
204 210 211
204 211 203
212 210 204
212 204 205
213 212 205
213 205 207
214 213 207
214 207 209
215 214 209
215 209 216
203 211 217
203 217 206
206 217 218
206 218 208
208 218 219
208 219 220
221 215 216
221 216 222
223 221 222
223 222 224
225 226 227
225 227 228
229 230 226
229 226 225
216 209 197
216 197 198
193 208 220
193 220 194
222 216 198
222 198 199
224 222 199
224 199 200
201 225 228
201 228 202
194 220 229
194 229 195
195 229 225
195 225 201
169 115 114
128 163 173
128 173 113
159 107 110
171 172 151
152 33 141
133 132 97
134 63 139
139 63 65
157 140 135
157 135 231
135 78 232
159 156 157
159 157 107
157 108 107
171 169 45
171 45 35
167 115 169
113 173 159
113 159 110
173 158 159
169 114 45
167 118 115
166 120 167
160 127 126
163 127 160
229 219 230
220 219 229
157 231 108
231 232 233
173 162 158
134 68 64
68 133 97
162 182 158
182 155 158
172 56 152
151 172 152
172 35 56
113 112 128
106 109 107
234 106 108
135 232 231
231 233 108
235 236 237
238 239 240
241 242 243
244 245 239
246 247 248
249 250 251
252 253 23
252 23 57
246 254 255
246 255 256
257 258 259
254 246 260
254 260 261
79 77 262
237 236 255
262 247 256
262 256 263
79 263 264
254 239 255
254 261 240
79 262 263
23 253 76
252 265 248
252 248 247
256 247 246
244 239 238
266 267 268
246 248 260
265 252 57
265 57 59
256 236 263
269 270 271
272 273 274
272 274 275
81 276 277
277 276 258
247 262 253
247 253 252
259 235 266
277 258 257
123 104 84
112 129 124
124 130 125
262 77 76
262 76 253
278 279 105
278 105 85
266 280 259
281 85 82
281 82 282
283 280 284
285 286 287
288 289 290
291 292 293
294 295 288
296 297 298
299 300 301
292 291 302
303 304 305
300 303 298
306 295 307
308 309 310
303 305 311
303 311 312
300 299 304
296 312 294
310 313 308
314 315 316
312 296 298
312 298 303
317 301 318
312 319 294
311 319 312
297 292 298
280 320 321
304 303 300
292 300 298
290 297 296
296 294 288
296 288 290
43 322 102
43 279 323
43 323 322
105 279 101
324 325 301
299 301 325
304 299 326
325 324 327
305 304 328
299 325 329
281 278 85
282 330 331
282 331 281
330 282 332
333 334 335
314 336 333
314 337 336
333 336 334
314 338 337
314 316 338
316 315 339
307 340 306
319 295 294
304 326 328
326 299 329
341 342 327
324 343 344
327 324 341
324 301 343
343 301 345
346 289 306
347 293 297
347 297 290
306 340 346
290 289 347
306 289 288
348 349 350
350 351 352
350 352 353
350 354 351
350 349 354
348 350 355
314 356 315
357 313 310
308 286 309
287 286 308
272 285 273
275 274 358
275 358 359
360 361 362
360 362 363
364 365 366
367 368 369
367 369 370
371 372 373
371 373 374
375 376 377
375 377 378
379 380 381
366 365 382
366 382 383
370 384 385
370 385 367
386 387 388
389 390 391
392 375 378
392 378 393
394 386 388
394 388 395
383 382 389
383 389 391
384 392 393
384 393 385
380 396 381
372 397 398
372 398 373
376 371 374
376 374 377
399 400 401
399 401 402
403 404 405
403 405 406
404 407 408
404 408 405
407 399 402
407 402 408
401 400 409
401 409 410
379 394 395
379 395 380
411 412 413
414 415 416
417 416 418
419 420 421
419 421 422
423 424 425
423 425 426
420 427 428
420 428 421
427 423 426
427 426 428
424 429 430
424 430 425
429 417 418
429 418 430
431 432 433
431 433 415
432 411 434
432 434 433
417 414 416
414 431 415
435 403 406
435 406 436
437 438 439
437 439 440
441 442 443
441 443 444
438 437 445
438 445 446
447 448 449
447 449 450
451 452 453
451 453 454
454 453 455
454 455 456
457 458 452
457 452 451
456 455 422
456 422 421
459 460 461
462 451 454
456 463 462
456 462 454
421 428 463
421 463 456
464 465 466
467 468 464
467 464 466
469 465 439
469 439 470
426 425 468
426 468 467
471 472 473
471 473 474
445 475 446
476 477 478
476 478 459
479 476 459
479 459 461
438 461 470
438 470 439
446 479 461
446 461 438
464 480 481
464 481 465
468 482 480
468 480 464
465 481 440
465 440 439
425 430 468
483 479 446
466 469 462
463 467 466
463 466 462
428 426 467
428 467 463
459 478 484
459 484 460
485 486 487
488 489 490
491 492 444
491 444 443
442 441 485
442 485 487
474 473 477
474 477 476
460 484 458
460 458 457
492 491 448
492 448 447
493 494 495
493 495 496
497 498 499
497 499 500
501 502 503
501 503 504
505 506 507
505 507 508
509 510 506
509 506 505
508 507 511
508 511 512
513 514 510
513 510 509
515 516 517
515 517 518
519 520 521
519 521 522
523 524 525
523 525 526
496 495 527
496 527 528
521 520 494
521 494 493
529 530 518
529 518 517
512 511 531
512 531 532
528 527 502
528 502 501
479 483 474
470 460 457
457 469 470
533 534 535
533 535 536
537 538 539
540 536 541
540 541 542
539 538 543
544 545 546
544 546 547
548 445 437
548 437 549
481 550 551
481 551 440
418 416 482
480 552 550
480 550 481
482 553 552
482 552 480
416 415 553
554 545 533
554 533 555
548 547 546
556 557 558
556 558 559
560 556 559
560 559 561
538 560 561
538 561 562
543 538 562
543 562 563
564 541 536
545 565 533
566 541 564
542 541 537
542 537 539
549 437 440
549 440 551
555 533 536
555 536 540
567 568 569
567 569 570
571 572 573
571 573 574
575 576 577
575 577 578
568 579 580
568 580 569
581 582 583
581 583 584
585 586 587
585 587 588
589 585 588
589 588 590
591 589 590
591 590 592
593 591 592
593 592 594
578 577 595
578 595 596
597 567 570
597 570 598
599 600 601
599 601 602
586 599 602
586 602 587
600 597 598
600 598 601
574 573 576
574 576 575
584 583 572
584 572 571
560 537 556
556 537 557
557 566 603
557 603 558
551 604 605
551 605 549
606 607 608
609 610 611
549 605 612
549 612 548
604 551 550
604 550 613
415 433 614
415 614 553
552 615 613
552 613 550
553 614 615
553 615 552
616 617 618
616 618 619
565 610 620
565 620 621
612 622 623
624 625 626
627 628 629
627 629 630
628 631 632
628 632 629
608 607 633
608 633 634
607 635 636
607 636 633
635 627 630
635 630 636
611 637 623
611 623 622
619 610 609
616 619 609
565 544 610
638 628 627
638 627 639
620 619 618
620 618 640
640 618 625
640 621 620
617 632 631
617 631 618
641 642 643
641 643 644
645 646 647
645 647 648
649 650 651
649 651 652
653 654 655
653 655 656
657 658 659
657 659 660
658 661 662
658 662 659
663 664 665
663 665 666
644 643 667
644 667 668
664 669 670
664 670 665
669 657 660
669 660 670
646 671 672
646 672 647
652 651 654
652 654 653
661 645 648
661 648 662
631 625 618
673 674 675
673 675 676
677 678 679
677 679 680
615 681 682
615 682 613
614 683 681
614 681 615
684 604 613
684 613 682
433 434 614
674 673 685
674 685 686
687 688 685
687 685 689
680 679 690
680 690 691
622 612 690
692 691 690
692 612 605
692 605 693
693 684 694
693 694 695
696 675 697
696 697 698
686 699 700
686 700 701
692 693 695
692 695 702
682 681 703
682 703 704
681 683 705
681 705 703
684 682 704
684 704 694
683 413 706
683 706 705
680 691 707
680 707 708
709 696 698
709 698 710
691 692 702
691 702 707
689 685 673
689 673 711
674 686 701
674 701 712
686 685 699
609 678 688
609 688 687
713 677 714
713 714 715
716 688 713
611 679 678
611 678 609
677 680 708
677 708 714
675 674 712
675 712 697
675 696 676
696 709 717
711 673 676
711 676 717
718 719 720
718 720 721
722 723 724
722 724 725
726 727 728
726 728 729
730 731 732
730 732 733
734 722 725
734 725 735
736 737 738
736 738 739
737 740 741
737 741 738
723 736 739
723 739 724
740 742 743
740 743 741
744 745 746
744 746 747
748 726 729
748 729 749
750 751 752
750 752 753
745 734 735
745 735 746
720 719 754
720 754 755
756 730 733
756 733 757
758 759 718
758 718 721
760 761 762
760 762 763
764 744 747
764 747 765
727 756 757
727 757 728
766 767 751
766 751 750
755 754 767
755 767 766
693 605 604
693 604 684
413 412 768
413 768 706
412 769 770
412 770 768
771 772 773
774 775 776
774 776 777
778 774 777
778 777 779
780 781 782
783 782 784
783 784 785
786 787 775
786 775 774
788 786 774
788 774 778
789 790 787
789 787 786
791 789 786
791 786 788
792 793 794
772 782 773
781 790 784
785 784 789
785 789 791
795 792 796
797 798 799
797 799 793
798 800 799
537 560 538
801 606 802
801 802 639
462 469 451
465 469 466
606 801 607
631 628 638
625 638 626
656 655 803
656 803 804
624 640 625
631 638 625
639 802 626
639 626 638
804 803 642
804 642 641
627 635 639
801 635 607
639 635 801
640 624 621
544 565 545
565 534 533
475 445 546
679 611 622
679 622 690
457 451 469
460 470 461
554 805 483
554 483 475
475 546 545
475 545 554
619 620 610
430 418 482
430 482 468
806 807 808
809 810 807
809 807 811
812 813 814
812 814 811
815 816 817
815 817 818
811 807 819
811 819 812
820 821 822
823 809 811
823 811 814
824 825 814
813 816 822
813 822 814
826 814 822
816 815 822
825 823 814
815 820 822
826 824 814
566 557 541
806 819 807
807 810 808
808 827 828
829 830 831
829 831 832
833 834 835
833 835 836
837 833 836
837 836 838
839 837 838
839 838 840
831 841 832
842 839 840
842 840 841
838 836 843
838 843 844
840 838 844
840 844 845
841 840 845
841 845 832
831 842 841
827 846 835
835 843 836
834 847 827
834 827 835
846 843 835
827 847 828
808 846 827
848 849 850
851 852 853
851 853 850
852 854 855
852 855 853
854 856 857
854 857 855
856 858 857
858 856 859
858 859 860
853 861 862
853 855 863
853 863 861
855 857 864
855 864 863
858 864 857
865 866 850
828 851 850
867 868 869
867 869 870
871 872 873
871 873 874
872 871 870
872 870 869
875 876 877
875 877 878
876 879 880
876 880 877
881 875 878
881 878 882
879 883 884
879 884 880
883 885 886
883 886 884
887 888 889
887 889 890
891 892 893
894 895 890
894 890 889
896 897 898
896 898 899
892 900 901
892 901 902
900 903 904
900 904 901
893 892 902
893 902 905
903 896 899
903 899 904
906 869 868
906 868 907
908 873 872
908 872 909
869 906 909
869 909 872
883 910 885
883 879 910
896 903 911
912 913 895
912 895 894
870 895 913
870 913 914
914 913 911
914 911 915
890 871 874
890 874 887
895 870 871
895 871 890
897 896 911
903 900 911
910 876 875
910 879 876
916 917 918
916 918 919
920 916 919
920 919 921
917 922 923
917 923 918
924 925 926
924 926 927
928 920 921
928 921 929
930 931 932
930 932 933
934 928 929
934 929 935
936 937 938
936 938 939
940 941 942
940 942 943
939 938 944
939 944 945
946 947 948
946 948 949
950 951 952
950 952 953
954 955 956
954 956 957
958 954 957
958 957 959
955 960 961
955 961 956
943 942 962
943 962 963
951 958 959
951 959 952
964 965 966
964 966 967
968 969 970
968 970 971
967 966 969
967 969 968
972 973 974
972 974 975
971 970 973
971 973 972
925 924 976
925 976 977
945 944 978
945 978 979
979 978 949
979 949 948
875 881 980
910 981 907
910 907 868
982 983 933
982 933 932
891 911 892
984 985 965
984 965 964
985 984 977
985 977 976
910 980 981
986 987 988
986 988 989
987 986 941
987 941 940
911 891 915
989 988 990
989 990 991
992 993 983
992 983 982
994 995 996
997 998 999
1000 1001 1002
1000 1002 1003
1003 1004 1005
1003 1005 1000
1004 1006 1005
995 1006 1007
995 1007 1008
995 1009 1006
994 1010 995
1011 1012 995
1010 1011 995
996 1013 1014
996 1014 1015
995 1008 1013
1004 1007 1006
1006 1016 1005
1017 1018 998
1001 1000 1019
1001 1019 1020
1000 1005 1021
1000 1021 1019
1005 1022 1021
998 1022 1023
998 1023 1024
1025 1026 998
998 1024 1017
1018 1017 1027
1018 1027 1028
1029 1025 998
997 1030 1022
1022 1030 1021
1005 1023 1022
1031 1032 1033
1031 1033 873
1031 873 908
434 683 614
411 413 434
434 413 683
1034 808 828
1034 828 1035
1036 1035 828
1036 828 866
808 1034 806
1037 1034 1035
1037 1035 1038
1038 1035 1036
1039 806 1034
1039 1034 1037
797 793 792
795 797 792
396 1040 381
364 1041 1042
364 1042 365
1043 1044 1045
1043 1045 1046
1047 1048 1049
1047 1049 1050
1051 1052 1053
1051 1053 1054
1051 1054 1055
1052 1043 1046
1052 1046 1053
1056 1057 1058
1044 1058 1059
1044 1059 1045
1060 1061 1046
1060 1046 1045
1062 1063 1054
1062 1054 1053
1064 1065 1063
1061 1062 1053
1061 1053 1046
779 1066 1067
779 1067 778
1059 1068 1069
1070 1071 1072
1070 1072 1073
1074 791 788
1074 788 1075
1071 1070 1076
1071 1076 1077
791 1074 1078
791 1078 785
1079 1080 1081
1079 1081 1082
783 1083 1084
783 1084 773
1082 1081 1085
1082 1085 1086
773 1084 1087
773 1087 771
1077 1076 1080
1077 1080 1079
785 1078 1083
785 1083 783
1050 1049 1073
1050 1073 1072
778 1067 1075
778 1075 788
1088 1089 1090
1088 1090 1091
1092 1093 1094
1092 1094 1095
1093 1096 1097
1093 1097 1094
1089 1092 1095
1089 1095 1090
1098 1099 1100
1098 1100 1101
1088 1091 1100
1088 1100 1099
1102 1103 1104
1102 1104 1105
1106 1107 1108
1106 1108 1109
1110 1106 1109
1110 1109 1111
1107 1102 1105
1107 1105 1108
1103 1112 1113
1103 1113 1104
1096 1114 1115
1096 1115 1097
1112 1116 1117
1112 1117 1113
1118 1119 1120
1066 1047 1050
1066 1050 1067
1121 1068 1059
1071 1074 1075
1071 1075 1072
1077 1078 1074
1077 1074 1071
1082 1084 1083
1082 1083 1079
1086 1087 1084
1086 1084 1082
1079 1083 1078
1079 1078 1077
1072 1075 1067
1072 1067 1050
1122 1123 1124
1048 1125 1126
1048 1126 1049
1045 1059 1127
1045 1127 1060
1059 1069 1127
1128 1070 1073
1128 1073 1129
1130 1076 1070
1130 1070 1128
1131 1081 1080
1131 1080 1132
1133 1085 1081
1133 1081 1131
1132 1080 1076
1132 1076 1130
1129 1073 1049
1129 1049 1126
1134 1135 1136
1134 1136 1055
1137 1110 1111
1137 1111 1138
1057 1139 1121
1057 1121 1059
1057 1059 1058
1119 1118 1140
1119 1140 1141
1141 1140 1142
1141 1142 1143
1119 1144 1120
1144 1145 1120
1069 1146 1127
780 782 772
318 302 1147
318 300 292
318 1147 317
251 250 1148
1149 251 1150
241 1151 1152
241 1152 242
1152 1151 1153
243 242 1149
242 1154 249
242 249 251
243 1155 241
1149 1156 243
1149 242 251
242 1152 1154
782 781 784
564 536 535
541 557 537
696 717 676
997 1022 998
897 913 912
897 911 913
910 875 980
996 995 1013
892 911 900
998 1018 1029
716 713 715
716 715 1157
765 762 761
765 761 764
850 849 865
713 678 677
713 688 678
1157 700 699
1157 699 716
763 732 731
763 731 760
699 688 716
699 685 688
850 862 848
853 862 850
292 302 318
293 292 297
288 295 306
822 821 826
999 998 1026
995 1012 1009
1006 1009 1016
885 910 868
885 868 867
1158 780 772
773 782 783
784 790 789
1159 1064 1160
1124 1065 1159
1159 1065 1064
1124 1123 1065
1063 1065 1054
1054 1065 1123
1122 1134 1055
1122 1055 1123
1055 1054 1123
1051 1055 1136
1161 1162 46
1161 46 44
44 102 1161
45 36 35
46 1162 1163
46 1163 36
45 46 36
278 323 279
281 331 1164
1164 278 281
1165 1166 1167
1168 1166 1169
99 96 1165
99 33 96
1165 1167 99
1170 1171 132
132 27 1170
28 27 132
1167 1166 1168
132 1171 97
31 1171 1170
1172 98 97
97 1171 1172
1173 86 1174
86 68 1174
1173 1175 87
1174 68 98
87 1175 48
87 86 1173
21 87 1176
87 48 47
49 1177 1178
49 48 1177
48 1175 1177
1179 49 1178
9 1180 50
1181 53 1182
53 67 54
1181 66 53
10 1183 1184
10 1184 52
9 51 55
1185 1186 1187
1185 1187 1188
3 2 13
3 13 1189
8 6 1190
8 3 1189
8 1189 1191
14 2 1
14 1 1192
95 14 1192
95 1192 1193
1185 1188 1194
1185 1194 1190
1195 1180 11
16 10 17
1188 1187 50
1188 50 1180
1195 1188 1180
11 1180 9
1196 1197 1198
1199 1197 1200
1196 1198 1201
6 1202 1186
6 1186 1185
1190 6 1185
8 1190 7
1203 1204 1205
1206 1207 1208
1206 1208 92
39 1209 1207
39 1207 1206
1205 1200 1203
1199 1200 1205
1200 1197 1210
40 1204 41
1205 1204 40
39 41 1209
8 1191 4
6 5 1202
4 6 8
31 30 1171
141 33 28
1194 1188 1195
1201 1211 1212
1196 1201 1212
1198 1197 1199
1212 1211 1213
47 1176 87
21 1176 22
70 93 91
40 1214 1215
40 1215 1205
39 74 1214
39 1214 40
72 74 39
1215 1199 1205
37 1216 38
1216 1217 232
65 20 38
1216 78 38
65 135 139
92 72 1206
72 39 1206
93 73 91
88 1217 1218
232 1217 88
69 1219 93
91 73 72
1211 1220 1213
1221 1222 1223
1224 1225 1226
1224 1226 1227
1227 1221 1228
1227 1228 1224
1223 1222 1229
1230 1231 1232
1230 1232 1233
1231 1226 1225
1231 1225 1232
1229 1222 1234
1235 1236 1237
1235 1237 1238
1239 1240 1241
1239 1241 1242
1243 1244 1245
1243 1245 1246
1247 1248 1249
1247 1249 1250
1248 1235 1238
1248 1238 1249
1240 1243 1246
1240 1246 1241
1236 1251 1252
1236 1252 1237
1253 1254 1255
1253 1255 1256
1257 1258 1259
1257 1259 1260
1261 1262 1263
1261 1263 1264
1258 1247 1250
1258 1250 1259
1244 1261 1264
1244 1264 1245
1265 1239 1242
1265 1242 1266
1233 1267 1268
1233 1268 1230
1262 1253 1256
1262 1256 1263
1268 1267 1269
1234 1222 1270
1221 1223 1228
101 279 43
611 610 637
416 553 482
548 546 445
547 623 637
547 637 544
637 610 544
612 623 548
548 623 547
692 690 612
446 475 483
479 474 476
1271 1272 1273
1271 1273 1274
1275 1276 1277
1278 1277 1279
1278 1279 1280
1281 1273 1282
1272 1283 1284
1272 1284 1273
1285 1286 1272
1285 1272 1271
1287 1285 1271
1287 1271 1288
1285 1287 1289
1285 1289 1290
1286 1285 1290
1286 1290 1291
1292 1293 1294
1292 1294 1295
1296 1297 1295
1296 1295 1294
1298 1299 1297
1298 1297 1296
1300 1299 1298
1301 1284 1283
1301 1283 1302
1303 1304 1305
1303 1305 1306
1304 1303 1302
1304 1302 1283
1307 1308 1309
1307 1309 1310
1311 1312 1308
1311 1308 1307
1313 1308 1312
1313 1312 1314
1315 1309 1308
1315 1308 1313
1316 1317 1318
1316 1318 1319
1320 1319 1309
1321 1322 1323
1321 1323 1324
1325 1326 1327
1325 1327 1328
1329 1330 1300
1329 1300 1331
1332 1333 1330
1332 1330 1329
1330 1333 1334
1335 1300 1330
1335 1330 1336
1280 1279 1337
1280 1337 1338
1339 1278 1280
1339 1280 1340
1341 1339 1340
1341 1340 1342
1339 1341 1343
1339 1343 1344
1278 1339 1344
1278 1344 1275
1345 1346 1347
1346 1345 1306
1346 1306 1305
1348 1346 1305
1349 1348 1350
1349 1350 1351
1348 1349 1352
1348 1352 1346
1289 1276 1353
1286 1304 1283
1286 1283 1272
1291 1305 1304
1291 1304 1286
1354 1313 1314
1354 1314 1355
1356 1315 1313
1356 1313 1354
1354 1355 1357
1358 1336 1334
1336 1358 1359
1360 1361 1328
1360 1328 1327
1345 1329 1331
1345 1331 1306
1329 1345 1362
1317 1292 1295
1317 1295 1318
1297 1310 1318
1297 1318 1295
1299 1307 1310
1299 1310 1297
1363 1364 1299
1365 1316 1319
1365 1319 1324
1366 1365 1324
1366 1324 1323
1326 1366 1323
1326 1323 1327
1301 1294 1293
1301 1293 1367
1303 1298 1296
1303 1296 1302
1298 1303 1306
1298 1306 1331
1368 1369 1351
1368 1351 1350
1369 1368 1344
1369 1344 1343
1338 1370 1340
1338 1340 1280
1288 1271 1274
1288 1274 1371
1372 1274 1281
1367 1373 1284
1367 1284 1301
1320 1321 1324
1320 1324 1319
1322 1360 1327
1322 1327 1323
1302 1296 1294
1302 1294 1301
1374 1375 1376
1374 1376 1377
1378 1379 1380
1381 1378 1382
1381 1382 1383
1377 1384 1385
1386 1387 1374
1386 1374 1388
1388 1389 1390
1388 1390 1386
1389 1388 1385
1383 1391 1392
1383 1392 1381
1383 1382 1393
1383 1393 1394
1395 1393 1382
1395 1382 1380
1396 1380 1397
1380 1379 1397
1380 1396 1395
1391 1383 1394
1391 1394 1398
1399 1376 1375
1399 1375 1400
1401 1402 1403
1401 1403 1404
1405 1406 1402
1405 1402 1401
1407 1408 1409
1407 1409 1410
1411 1412 1413
1411 1413 1414
1412 1411 1415
1412 1415 1416
1417 1418 1419
1417 1419 1420
1421 1422 1423
1421 1423 1424
1425 1426 1427
1425 1427 1428
1429 1430 1426
1429 1426 1425
1431 1432 1433
1431 1433 1434
1435 1436 1437
1435 1437 1438
1439 1440 1441
1439 1441 1442
1443 1444 1445
1443 1445 1446
1447 1448 1449
1447 1449 1450
1451 1452 1448
1451 1448 1447
1453 1454 1455
1453 1455 1456
1406 1405 1457
1406 1457 1458
1459 1460 1461
1459 1461 1462
1463 1464 1460
1463 1460 1459
1404 1403 1416
1404 1416 1415
1465 1466 1430
1465 1430 1429
1434 1433 1467
1434 1467 1468
1469 1470 1468
1469 1468 1467
1471 1472 1466
1471 1466 1465
1473 1474 1452
1473 1452 1451
1475 1476 1456
1475 1456 1455
1477 1478 1474
1477 1474 1473
1479 1480 1481
1479 1481 1482
1444 1443 1483
1444 1483 1484
1485 1486 1484
1485 1484 1483
1487 1488 1489
1487 1489 1490
1420 1419 1436
1420 1436 1435
1422 1421 1491
1422 1491 1492
1438 1437 1493
1438 1493 1494
1495 1496 1494
1495 1494 1493
1496 1495 1446
1496 1446 1445
1418 1417 1497
1418 1497 1498
1499 1500 1501
1499 1501 1502
1502 1501 1464
1502 1464 1463
1503 1504 1462
1503 1462 1461
1505 1506 1414
1505 1414 1413
1507 1508 1408
1507 1408 1407
1509 1510 1498
1509 1498 1497
1511 1439 1442
1511 1442 1512
1440 1479 1482
1440 1482 1441
1513 1514 1508
1513 1508 1507
1506 1505 1514
1506 1514 1513
1515 1371 1274
1387 1516 1375
1387 1375 1374
1400 1375 1517
1370 1518 1342
1370 1342 1340
1328 1519 1520
1309 1319 1318
1309 1318 1310
1354 1357 1356
1325 1328 1520
1519 1521 1522
1361 1521 1519
1361 1519 1328
1520 1519 1522
1523 1511 1512
1523 1512 1524
1300 1298 1331
1299 1300 1363
1336 1359 1335
1330 1334 1336
1348 1291 1350
1348 1305 1291
1490 1489 1450
1490 1450 1449
1329 1362 1332
1362 1345 1525
1526 1527 1488
1526 1488 1487
1527 1526 1528
1527 1528 1529
1347 1346 1352
1345 1347 1525
1515 1274 1372
1517 1375 1516
1492 1491 1428
1492 1428 1427
1299 1364 1307
1307 1364 1311
1410 1409 1510
1410 1510 1509
1282 1273 1284
1282 1284 1373
1281 1274 1273
1290 1353 1350
1290 1350 1291
1396 1397 1530
1531 1532 1533
1531 1533 1534
1535 1536 1537
1535 1537 1538
1538 1537 1539
1538 1539 1540
1540 1539 1541
1540 1541 1542
1543 1544 1542
1543 1542 1541
1545 1546 1547
1545 1547 1548
1535 1545 1548
1535 1548 1534
1549 1550 1546
1549 1546 1545
1538 1549 1545
1538 1545 1535
1551 1552 1550
1551 1550 1549
1540 1551 1549
1540 1549 1538
1553 1542 1544
1553 1544 1554
1555 1553 1554
1555 1554 1556
1553 1555 1552
1553 1552 1551
1542 1553 1551
1542 1551 1540
1531 1557 1558
1531 1558 1559
1557 1560 1561
1557 1561 1558
1532 1531 1559
1532 1559 1562
1534 1533 1536
1534 1536 1535
1534 1548 1557
1534 1557 1531
1548 1547 1560
1548 1560 1557
1563 1564 1565
1563 1565 1566
1567 1568 1569
1567 1569 1570
1571 1567 1570
1571 1570 1572
1573 1571 1572
1573 1572 1574
1574 1575 1576
1574 1576 1573
1577 1578 1569
1577 1569 1566
1578 1579 1570
1578 1570 1569
1579 1580 1572
1579 1572 1570
1575 1574 1581
1575 1581 1582
1580 1581 1574
1580 1574 1572
1583 1584 1565
1583 1565 1585
1585 1565 1564
1585 1564 1586
1568 1563 1566
1568 1566 1569
1566 1565 1584
1566 1584 1577
1587 1588 1589
1587 1589 1590
1591 1592 1593
1591 1593 1594
1595 1596 1592
1595 1592 1591
1597 1598 1596
1597 1596 1595
1599 1600 1598
1599 1598 1597
1601 1602 1603
1601 1603 1604
1604 1603 1605
1604 1605 1606
1606 1605 1607
1606 1607 1608
1609 1610 1611
1609 1611 1612
1608 1607 1610
1608 1610 1609
1613 1614 1615
1613 1615 1616
1588 1587 1617
1588 1617 1618
1594 1593 1590
1594 1590 1589
1602 1601 1613
1602 1613 1616
1344 1368 1275
1275 1277 1278
1378 1380 1382
1353 1275 1368
1350 1353 1368
1353 1276 1275
1397 1379 1390
1289 1353 1290
1397 1390 1389
1216 232 78
110 1619 111
110 111 113
109 1619 110
90 1620 233
90 233 88
1621 1622 61
61 60 1621
1622 70 61
233 1620 234
108 233 234
88 233 232
57 58 60
79 276 81
259 258 235
266 235 267
258 236 235
235 237 267
276 264 236
79 264 276
236 264 263
276 236 258
1623 1624 259
1624 257 259
280 1623 259
82 103 1625
82 1625 282
283 1623 280
1625 1626 282
320 280 266
268 320 266
245 1627 269
1628 268 267
237 271 267
269 1627 270
239 245 269
254 240 239
255 239 269
271 270 1629
255 269 271
255 271 237
1628 267 271
1628 271 1629
1150 251 1148
243 1156 1630
244 238 1631
1632 1631 238
243 1630 1155
255 236 256
282 1626 332
284 280 321
1626 1633 332
332 1633 350
1633 1634 350
1635 313 357
355 1635 348
355 350 1634
348 1635 357
284 321 1636
332 353 333
350 353 332
314 353 356
356 353 352
333 353 314
71 70 1622
124 128 112
1637 1638 1639
1640 1641 1642
1640 1642 1643
1644 1645 1646
1644 1646 1647
1648 1639 1641
1648 1641 1640
1649 1650 1651
1649 1651 1652
1653 1654 1655
1653 1655 1656
1657 1658 1654
1657 1654 1653
1650 1649 1659
1650 1659 1660
1647 1646 1661
1647 1661 1662
1660 1659 1663
1652 1651 1664
1652 1664 1665
1656 1655 1665
1656 1665 1664
1662 1661 1658
1662 1658 1657
1666 1667 1668
1669 1670 1671
1669 1671 1672
1673 1674 1675
1673 1675 1676
1677 1678 1679
1677 1679 1680
1681 1682 1678
1681 1678 1677
1676 1675 1683
1676 1683 1684
1672 1671 1685
1672 1685 1686
1687 1688 1674
1687 1674 1673
1680 1679 1688
1680 1688 1687
1686 1685 1682
1686 1682 1681
1666 1689 1690
1690 1689 1691
1637 1639 1648
1643 1642 1645
1643 1645 1644
1666 1668 1669
1669 1668 1670
1666 1690 1667
1692 358 274
1692 274 1693
359 358 1148
359 1148 250
1150 1148 358
1150 358 1692
1693 274 273
1693 273 1694
273 287 1694
273 285 287
36 1163 34
318 301 300
1385 1384 1695
1374 1377 1696
1374 1696 1388
1389 1385 1697
1697 1385 1695
1399 1400 1698
1388 1696 1385
1377 1385 1696
1699 1530 1389
1699 1389 1697
1530 1397 1389
17 52 1700
1183 10 55
1183 55 1701
55 1702 1701
53 1700 1182
17 1700 53
1703 1704 1705
1703 1705 1706
1707 1708 1704
1707 1704 1703
1709 1710 1711
1709 1711 1712
1712 1711 1713
1712 1713 1714
1715 1716 1717
1710 1707 1703
1710 1703 1711
1711 1703 1706
1711 1706 1713
1716 1718 1719
1716 1719 1720
1721 1722 1723
1706 1705 1724
1706 1724 1725
1708 1707 1726
1714 1713 1727
1710 1709 1728
1710 1728 1729
1730 1726 1707
1727 1725 1716
1727 1716 1715
1725 1727 1713
1707 1710 1730
1725 1724 1718
1725 1718 1716
1721 1731 1732
1721 1732 1722
1733 1734 1735
1733 1735 1736
1737 1738 1739
1737 1739 1740
1741 1733 1736
1741 1736 1742
1734 1737 1740
1734 1740 1735
1743 1744 1745
1743 1745 1746
1747 1748 1749
1747 1749 1750
1744 1749 1748
1744 1748 1745
1734 1733 1751
1734 1751 1752
1738 1737 1753
1738 1753 1754
1755 1751 1733
1755 1733 1741
1752 1753 1737
1752 1737 1734
1746 1745 1751
1754 1753 1748
1754 1748 1747
1751 1755 1746
1745 1748 1753
1745 1753 1752
1744 1743 1756
1744 1756 1723
1722 1732 1750
1722 1750 1749
1723 1722 1744
1757 1758 1759
1757 1759 1760
1761 1709 1712
1761 1712 1762
1762 1712 1714
1758 1761 1762
1759 1762 1763
1760 1764 1757
1765 1715 1717
1758 1757 1766
1758 1766 1767
1761 1768 1769
1770 1771 1765
1763 1714 1727
1709 1761 1769
1767 1768 1758
1715 1765 1771
1772 1773 1774
1775 1776 1777
1775 1777 1778
1779 1741 1742
1779 1742 1780
1776 1781 1782
1776 1782 1777
1775 1778 1774
1783 1743 1746
1783 1746 1784
1785 1786 1787
1787 1783 1788
1785 1789 1786
1776 1775 1790
1776 1790 1791
1792 1755 1779
1781 1776 1791
1775 1773 1790
1755 1792 1746
1791 1790 1785
1791 1785 1788
1792 1791 1784
1790 1789 1785
1789 1773 1793
1773 1772 1794
1743 1783 1795
1743 1795 1756
1756 1721 1723
1720 1721 1796
1719 1731 1721
1780 1782 1781
1780 1781 1779
1781 1792 1779
1708 1726 1797
1730 1710 1729
1719 1721 1720
1709 1769 1728
1758 1768 1761
1779 1755 1741
1781 1791 1792
1725 1713 1706
1759 1763 1798
1758 1762 1759
1770 1760 1798
1757 1764 1799
1757 1799 1766
1762 1714 1763
1744 1722 1749
1784 1791 1788
1715 1771 1727
1763 1727 1771
1751 1745 1752
1746 1792 1784
1787 1795 1783
1770 1764 1760
1798 1763 1771
1798 1771 1770
1798 1760 1759
1796 1717 1720
1785 1787 1788
1717 1716 1720
1775 1774 1773
1790 1773 1789
1793 1773 1794
1800 1801 1802
1800 1802 1803
1801 1804 1805
1801 1805 1802
1806 1807 1808
1806 1808 1809
1810 1806 1809
1810 1809 1811
1802 1805 1807
1802 1807 1806
1803 1802 1806
1803 1806 1810
1812 1800 1803
1812 1803 1813
1805 1804 1814
1810 1811 1815
1816 1808 1807
1816 1807 1817
1814 1818 1805
1815 1813 1810
1807 1805 1818
1819 1812 1813
1820 1821 1822
1823 1824 1825
1823 1825 1826
1827 1828 1829
1827 1829 1830
1824 1823 1831
1824 1831 1832
1830 1829 1826
1830 1826 1825
1833 1834 1835
1833 1835 1836
1836 1835 1837
1836 1837 1838
1839 1840 1826
1839 1829 1841
1823 1840 1842
1823 1842 1831
1829 1839 1826
1835 1834 1840
1835 1839 1841
1835 1841 1837
1842 1840 1834
1836 1820 1843
1836 1843 1833
1844 1845 1846
1847 1848 1849
1847 1849 1850
1832 1831 1851
1832 1851 1852
1853 1854 1850
1853 1850 1849
1848 1847 1846
1855 1834 1856
1857 1858 1859
1860 1858 1857
1850 1861 1862
1850 1862 1847
1842 1863 1851
1850 1854 1861
1844 1847 1862
1863 1842 1834
1858 1862 1861
1858 1861 1855
1861 1863 1855
1860 1862 1858
1844 1860 1864
1865 1845 1866
1867 1859 1843
1852 1851 1854
1852 1854 1853
1863 1854 1851
1814 1804 1868
1807 1818 1817
1842 1851 1831
1861 1854 1863
1810 1813 1803
1835 1840 1839
1859 1858 1855
1820 1867 1843
1846 1847 1844
1844 1862 1860
1844 1864 1866
1869 1870 1871
1869 1871 1872
1873 1874 1875
1873 1875 1876
1877 1878 1879
1877 1879 1880
1881 1882 1883
1881 1883 1884
1885 1877 1880
1885 1880 1886
1878 1881 1884
1878 1884 1879
1887 1888 1889
1887 1889 1890
1891 1892 1893
1891 1893 1894
1895 1885 1886
1895 1886 1896
1892 1897 1898
1892 1898 1893
1888 1891 1894
1888 1894 1889
1899 1887 1890
1899 1890 1900
1897 1895 1896
1897 1896 1898
1901 1873 1876
1901 1876 1902
1874 1869 1872
1874 1872 1875
1815 1903 1813
1819 1813 1903
1855 1863 1834
1820 1822 1867
1826 1840 1823
1841 1829 1828
1794 1772 1904
1866 1845 1844
1788 1783 1784
1843 1859 1856
1856 1834 1833
1855 1856 1859
1843 1856 1833
515 1905 1906
515 1906 516
524 1907 1908
524 1908 525
471 1909 472
490 489 1909
490 1909 471
490 1910 488
487 486 1910
487 1910 490
805 1911 1912
1913 1914 554
1912 1915 805
554 1916 805
554 1917 1916
805 1915 483
483 1915 474
554 1914 1917
1918 1919 1920
1918 1920 1921
1922 1923 1924
1922 1924 1925
1919 1918 1925
1919 1925 1924
1926 1927 1928
1926 1928 1929
1930 1931 1932
1930 1932 1933
1934 1935 1936
1934 1936 1937
1931 1938 1939
1931 1939 1932
1940 1930 1933
1940 1933 1941
1942 1943 1944
1942 1944 1945
1946 1943 1934
1946 1934 1947
1946 1948 1944
1946 1944 1943
1949 1946 1947
1949 1947 1950
1949 1951 1948
1949 1948 1946
1952 1949 1950
1952 1950 1953
1954 1955 1956
1954 1956 1957
1958 1959 1960
1958 1960 1952
1952 1960 1951
1952 1951 1949
1940 1941 1961
1920 1962 1921
1938 1963 1939
1964 1965 1966
1964 1966 1967
1968 1969 1970
1968 1970 1971
1967 1966 1969
1967 1969 1968
1972 1971 1970
1972 1970 1973
1974 1975 1976
1974 1976 1977
1978 1979 1980
1978 1980 1981
1981 1980 1982
1981 1982 1983
1984 1985 1986
1984 1986 1987
1988 1989 1990
1988 1990 1991
1992 1993 1991
1992 1991 1990
1994 1995 1996
1994 1996 1997
1998 1984 1987
1998 1987 1999
1983 1982 1995
1983 1995 1994
1965 1964 2000
1965 2000 2001
2002 1955 1958
1955 1954 1959
1955 1959 1958
1997 1996 1989
1997 1989 1988
1938 1931 1921
1931 1930 1918
1935 1934 1942
1930 1940 1925
2003 2004 2005
2003 2005 2006
1937 2007 1947
1937 1947 1934
2007 1950 1947
2008 2009 1953
2008 1953 1950
2010 1956 1955
2010 1955 2002
2009 2011 1953
2006 2012 2013
2006 2013 2003
2014 2010 2002
2014 2002 2011
2015 2013 2012
2015 2012 2016
2016 1986 1985
2016 1985 2015
2017 1937 1936
2018 2019 2007
2018 2007 2020
2021 2022 2019
2021 2019 2018
2023 2024 2025
2023 2025 2026
2027 2023 2026
2027 2026 2028
2029 2030 2031
2029 2031 2032
2033 2034 2035
2033 2035 2036
2017 2020 2007
2017 2007 1937
2037 2038 2022
2037 2022 2021
2036 2035 2038
2036 2038 2037
2029 2032 2039
2040 2041 2042
2040 2042 2043
1941 1933 2044
1941 2044 2045
2020 2017 2046
2020 2046 2047
2037 2021 2024
2037 2024 2023
2036 2037 2023
2036 2023 2027
2048 2049 2050
2051 2052 2053
2054 2047 2055
2054 2055 2056
2057 2058 2059
2057 2059 2060
2060 2059 2061
2060 2061 2062
2063 2064 2065
2063 2065 2066
2064 2067 2068
2064 2068 2065
2069 2070 2071
2069 2071 2072
2073 2074 2075
2073 2075 2076
2077 2078 2079
2077 2079 2080
2081 2082 2080
2081 2080 2079
2062 2061 2083
2062 2083 2084
2084 2083 2074
2084 2074 2073
2085 2086 2087
2085 2087 2088
2086 2063 2066
2086 2066 2087
2089 2041 2040
2089 2040 2090
2051 2046 2017
2047 2054 2018
2047 2018 2020
2054 2024 2021
2054 2021 2018
2027 2091 2033
2027 2033 2036
2092 2093 2094
2092 2094 2095
2050 2044 1933
2050 1933 1932
2048 2050 1932
2048 1932 1939
2048 1939 2096
2053 2055 2047
2053 2047 2046
2056 2025 2024
2056 2024 2054
2028 2097 2091
2028 2091 2027
2098 2099 2045
2098 2045 2044
2049 2098 2044
2049 2044 2050
2100 2052 2051
2100 2051 2101
2034 2033 2032
2034 2032 2031
2032 2033 2091
2076 2075 2070
2076 2070 2069
2041 2089 2030
2041 2030 2029
2041 2029 2042
2072 2071 2082
2072 2082 2081
2067 2102 2103
2067 2103 2068
2104 2105 2055
2104 2055 2053
2106 2107 2108
2106 2108 2109
2110 2111 2112
2110 2112 2113
2114 2115 2116
2114 2116 2117
2118 2119 2120
2118 2120 2121
2113 2112 2119
2113 2119 2118
2117 2116 2111
2117 2111 2110
2122 2123 2115
2122 2115 2114
2124 2125 2123
2124 2123 2122
2126 2127 2128
2126 2128 2129
2104 2053 2052
2105 2121 2120
2105 2120 2055
2122 2114 2130
2122 2130 2131
2126 2129 2132
2133 2126 2132
2133 2132 2134
2104 2052 2135
2104 2135 2136
2098 2137 2099
2121 2105 2107
2121 2107 2106
2138 2139 2140
2138 2140 2141
2142 2143 2144
2142 2144 2145
2146 2147 2148
2146 2148 2149
2150 2151 2152
2150 2152 2153
2153 2152 2143
2153 2143 2142
2145 2144 2147
2145 2147 2146
2149 2148 2154
2149 2154 2155
2155 2154 2156
2155 2156 2157
2158 2159 2160
2158 2160 2161
2162 2163 2164
2162 2164 2165
2161 2160 2166
2161 2166 2167
2168 2169 2151
2168 2151 2150
2170 2171 2172
2170 2172 2173
2139 2174 2175
2139 2175 2140
2174 2170 2173
2174 2173 2175
2136 2107 2105
2136 2105 2104
2176 2177 2110
2176 2110 2113
2178 2130 2114
2178 2114 2117
2106 2179 2118
2106 2118 2121
2179 2176 2113
2179 2113 2118
2177 2178 2117
2177 2117 2110
2180 2164 2163
2180 2163 2181
2127 2126 2133
2127 2133 2182
2183 2184 2177
2183 2177 2176
2185 2130 2178
2109 2186 2179
2109 2179 2106
2186 2183 2176
2186 2176 2179
2184 2178 2177
2049 2187 2098
2188 2136 2135
2187 2137 2098
2189 2108 2107
2189 2107 2136
2190 2172 2171
2190 2171 2191
2192 2190 2191
2192 2191 2193
2130 2185 2194
2131 2194 2195
2129 2128 2125
2129 2125 2124
2129 2124 2196
2157 2156 2159
2157 2159 2158
2193 2197 2198
2193 2198 2192
2199 2200 2201
2199 2201 2108
2202 2199 2108
2202 2108 2189
2203 2204 2205
2203 2205 2206
2207 2208 2209
2207 2209 2210
2210 2209 2201
2210 2201 2200
2206 2205 2211
2206 2211 2212
2213 2214 2204
2213 2204 2203
2215 2216 2214
2215 2214 2213
2217 2218 2216
2217 2216 2215
2219 2220 2221
2219 2221 2222
2223 2224 2220
2223 2220 2219
2202 2189 2188
2213 2203 2225
2213 2225 2226
2215 2213 2226
2215 2226 2227
2217 2215 2227
2217 2227 2228
2222 2229 2230
2231 2223 2232
2231 2232 2233
2188 2137 2234
2188 2234 2235
2187 2234 2137
2202 2188 2235
2202 2235 2236
2237 2238 2239
2237 2239 2240
2238 2236 2241
2238 2241 2239
2242 2243 2244
2242 2244 2245
2243 2237 2240
2243 2240 2244
2246 2247 2248
2246 2248 2249
2250 2251 2252
2250 2252 2253
2254 2255 2256
2254 2256 2257
2249 2248 2255
2249 2255 2254
2257 2256 2258
2257 2258 2259
2253 2252 2260
2253 2260 2261
2261 2260 2262
2261 2262 2263
2264 2265 2266
2264 2266 2267
2263 2262 2268
2263 2268 2269
2270 2271 2265
2270 2265 2264
2267 2266 2272
2267 2272 2273
2274 2275 2276
2274 2276 2277
2278 2279 2280
2278 2280 2281
2282 2283 2284
2282 2284 2285
2286 2287 2288
2286 2288 2289
2279 2286 2289
2279 2289 2280
2282 2285 2290
2282 2290 2291
2283 2292 2293
2283 2293 2284
2238 2237 2200
2238 2200 2199
2236 2238 2199
2236 2199 2202
2294 2225 2203
2294 2203 2206
2243 2242 2207
2243 2207 2210
2237 2243 2210
2237 2210 2200
2242 2295 2212
2242 2212 2207
2296 2297 2235
2296 2235 2234
2297 2241 2236
2297 2236 2235
2231 2298 2224
2231 2224 2223
2299 2300 2225
2299 2225 2294
2301 2299 2294
2301 2294 2295
2300 2302 2226
2300 2226 2225
2303 2304 2049
2303 2049 2048
2304 2305 2187
2304 2187 2049
2305 2296 2234
2305 2234 2187
2292 2306 2307
2292 2307 2293
2302 2308 2227
2302 2227 2226
2308 2309 2228
2308 2228 2227
2306 2310 2311
2306 2311 2307
2312 2305 2304
2304 2303 2313
2304 2313 2314
2315 2316 2317
2315 2317 2318
2319 2312 2320
2319 2320 2321
2241 2297 2322
2241 2322 2323
2239 2241 2323
2239 2323 2324
2325 2326 2327
2325 2327 2328
2329 2330 2331
2329 2331 2332
2326 2329 2332
2326 2332 2327
2316 2319 2321
2316 2321 2317
2313 2303 2333
2334 2335 2336
2334 2336 2337
2338 2334 2337
2338 2337 2339
2340 2341 2342
2340 2342 2343
2335 2344 2345
2335 2345 2336
2340 2346 2347
2340 2347 2341
2346 2348 2349
2346 2349 2347
2350 2351 2352
2350 2352 2353
2354 2355 2356
2354 2356 2357
2358 2359 2360
2358 2360 2361
2362 2363 2364
2362 2364 2365
2351 2366 2367
2351 2367 2352
2363 2368 2369
2363 2369 2364
2368 2358 2361
2368 2361 2369
2370 2371 2372
2370 2372 2373
2359 2370 2373
2359 2373 2360
2371 2374 2375
2371 2375 2372
2374 2376 2377
2374 2377 2375
2376 2354 2357
2376 2357 2377
2355 2378 2379
2355 2379 2356
2378 2380 2381
2378 2381 2379
2382 2383 2384
2382 2384 2385
2344 2386 2387
2344 2387 2345
2339 2388 2389
2339 2389 2338
2312 2304 2314
2312 2314 2320
2323 2322 2390
2323 2390 2391
2324 2323 2392
2393 2394 2395
2396 2397 2398
2396 2398 2399
2400 2401 2402
2400 2402 2403
2404 2393 2405
2404 2405 2406
2407 2400 2403
2407 2403 2408
2397 2407 2408
2397 2408 2398
2409 2410 2411
2409 2411 2412
2410 2396 2399
2410 2399 2411
2330 2409 2412
2330 2412 2331
2413 2414 2415
2413 2415 2416
2417 2325 2328
2417 2328 2418
2414 2417 2418
2414 2418 2415
2419 2420 2413
2312 2319 2305
2297 2296 2315
2296 2305 2319
2421 2422 2423
2421 2423 2424
2380 2421 2424
2380 2424 2381
2333 2303 2048
1921 1962 2425
1938 2425 2426
1938 2426 1963
2333 2048 2427
2189 2136 2188
2042 2029 2039
2039 2032 2091
2039 2097 2428
2091 2097 2039
2102 2429 2430
2102 2430 2103
2095 2430 2429
2095 2429 2092
2042 2039 2428
2042 2428 2043
2132 2129 2196
2131 2196 2124
2131 2124 2122
2197 2431 2432
2197 2432 2198
2181 2432 2431
2181 2431 2180
2132 2196 2433
2132 2433 2134
2131 2195 2196
2196 2195 2433
2130 2194 2131
2185 2178 2184
2008 1950 2007
2002 1958 1953
1953 1958 1952
2188 2135 2434
1925 1940 2435
2296 2319 2316
1918 1930 1925
1921 1931 1918
2230 2309 2436
2228 2309 2230
2310 2437 2438
2310 2438 2311
2439 2438 2437
2439 2437 2440
2441 2230 2436
2441 2436 2442
2232 2441 2442
2441 2232 2219
2230 2441 2222
2229 2443 2218
2229 2218 2217
2443 2229 2222
2443 2222 2221
2444 2445 2271
2444 2271 2270
2445 2444 2269
2445 2269 2268
2228 2230 2229
2228 2229 2217
2222 2441 2219
2219 2232 2223
2446 2447 2276
2446 2276 2275
2447 2446 2439
2447 2439 2440
2233 2232 2442
1936 1961 2101
1936 2101 2051
2045 2101 1961
2045 1961 1941
2052 2100 2434
2052 2434 2135
2434 2100 2099
2099 2100 2101
2099 2101 2045
2051 2053 2046
2051 2017 1936
2434 2099 2137
2188 2434 2137
2448 2449 2394
2448 2394 2393
2449 2448 2450
2449 2450 2451
2452 2453 2401
2452 2401 2400
2454 2453 2455
2454 2455 2456
2454 2448 2393
2454 2393 2404
2448 2454 2456
2448 2456 2450
2419 2413 2416
2435 1961 1936
1922 2435 1929
1961 2435 1940
1925 2435 1922
2435 1936 1935
2394 2457 2458
2353 2459 2460
2353 2460 2350
2348 2461 2462
2348 2462 2349
2459 2462 2461
2459 2461 2460
2457 2394 2449
2463 2457 2324
2458 2457 2463
2463 2324 2392
2394 2458 2395
2457 2449 2464
2457 2464 2324
2464 2451 2239
2464 2449 2451
2324 2464 2239
2393 2395 2405
2392 2323 2391
1953 2011 2002
1926 1942 1945
1926 1945 1927
1978 1977 1976
1978 1976 1979
1935 1942 1926
1942 1934 1943
1929 1928 1923
1929 1923 1922
1974 1972 1973
1974 1973 1975
1929 1935 1926
1929 2435 1935
2212 2211 2208
2212 2208 2207
2259 2258 2251
2259 2251 2250
2291 2290 2288
2291 2288 2287
2206 2212 2295
2206 2295 2294
2245 2301 2295
2245 2295 2242
2366 2362 2365
2366 2365 2367
2406 2402 2401
2406 2401 2404
2404 2401 2453
2404 2453 2454
2427 2096 2465
2427 2048 2096
2096 1939 1963
2465 2096 1963
2426 2425 1962
1921 2425 1938
2466 2452 2400
2466 2400 2407
2397 2466 2407
2452 2455 2453
2467 2468 2469
2467 2469 2470
2471 2472 2473
2471 2473 2474
2475 2476 2477
2478 2471 2474
2478 2474 2479
2480 2481 2482
2480 2482 2483
2481 2478 2479
2481 2479 2482
2468 2480 2483
2468 2483 2469
2484 2476 2485
2484 2485 2486
2487 2477 2476
2487 2476 2484
2488 2489 2486
2488 2486 2485
2477 2487 2490
2477 2490 2491
2492 2493 2494
2492 2494 2495
2494 2496 2497
2494 2497 2498
2499 2475 2477
2499 2477 2491
2468 2467 2500
2468 2500 2501
2471 2502 2472
2499 2472 2502
2499 2502 2503
2471 2478 2504
2471 2504 2505
2481 2480 2506
2481 2506 2507
2478 2481 2507
2478 2507 2504
2480 2468 2501
2480 2501 2506
2495 2494 2498
2495 2498 2508
2509 2510 2511
2509 2511 2512
2513 2514 2515
2513 2515 2516
2517 2518 2519
2517 2519 2520
2521 2522 2514
2521 2514 2513
2523 2524 2525
2523 2525 2526
2526 2525 2522
2526 2522 2521
2523 2512 2511
2523 2511 2524
2527 2528 2529
2527 2529 2530
2531 2532 2528
2531 2528 2527
2533 2534 2530
2533 2530 2529
2535 2536 2537
2535 2537 2538
2532 2531 2539
2532 2539 2540
2541 2542 2543
2541 2543 2544
2545 2546 2547
2545 2547 2548
2516 2515 2541
2516 2541 2544
2549 2550 2546
2549 2546 2545
2551 2552 2518
2551 2518 2517
2553 2554 2555
2553 2555 2556
2557 2558 2559
2557 2559 2560
2557 2561 2562
2557 2562 2558
2553 2560 2559
2553 2559 2554
2563 2556 2555
2563 2555 2564
2551 2537 2536
2551 2536 2552
2496 2494 2493
2496 2493 2565
2566 2567 2568
2566 2568 2569
2476 2570 2485
2475 2571 2476
2485 2570 2488
2475 2499 2503
2475 2503 2571
2491 2490 2572
2491 2572 2573
2499 2491 2573
2540 2539 2543
2540 2543 2542
2574 2520 2519
2574 2519 2575
2576 2577 2562
2576 2562 2561
2577 2576 2574
2577 2574 2575
2471 2505 2502
2470 2492 2495
2470 2495 2467
2467 2495 2508
2467 2508 2500
2548 2547 2510
2548 2510 2509
2566 2563 2564
2566 2564 2567
2499 2573 2472
2472 2573 2473
2476 2571 2570
2322 2315 2318
2322 2318 2390
2297 2315 2322
2315 2296 2316
1838 1821 1820
1838 1820 1836
2578 2579 2580
2578 2580 2581
2582 2583 2584
2585 2586 2579
2585 2579 2578
2587 2588 2589
2590 2591 2580
2590 2580 2592
2593 2594 2595
2593 2595 2596
2597 2598 2599
2597 2599 2600
2601 2602 2603
2604 2605 2606
2607 2608 2609
2610 2611 2605
2612 2613 2614
2598 2615 2616
2598 2616 2599
2605 2604 2610
2617 2618 2619
2620 2621 2622
2623 2624 2621
2625 2626 2627
2587 2628 2629
2595 2630 2589
2594 2631 2632
2594 2632 2595
2589 2633 2587
2614 2634 2612
2635 2636 2602
2637 2638 2639
2637 2639 2635
2607 2609 2640
2597 2641 2642
2597 2642 2598
2643 2598 2642
2644 2632 2645
2597 2646 2641
2647 2648 2649
2650 2651 2652
2653 2654 2655
2653 2655 2603
2603 2655 2601
2643 2656 2615
2657 2654 2653
2657 2653 2658
2657 2658 2659
2660 2661 2662
2660 2662 2663
2597 2664 2665
2666 2667 2668
2669 2670 2650
2649 2671 2647
2596 2589 2588
2672 2673 2591
2672 2591 2590
2634 2674 2612
2675 2646 2676
2610 2677 2611
2634 2611 2674
2620 2623 2621
2620 2622 2678
2678 2622 2679
2597 2665 2646
2622 2621 2680
2681 2682 2661
2662 2679 2683
2662 2683 2663
2660 2681 2661
2635 2602 2601
2684 2685 2686
2687 2686 2688
2689 2690 2691
2620 2692 2693
2623 2620 2693
2694 2692 2620
2695 2696 2694
2694 2620 2678
2678 2679 2694
2695 2679 2662
2697 2698 2695
2695 2698 2696
2694 2696 2692
2679 2695 2694
2661 2697 2695
2661 2695 2662
2699 2700 2698
2699 2698 2697
2701 2699 2697
2701 2697 2661
2702 2703 2704
2702 2704 2705
2703 2702 2706
2702 2707 2708
2709 2691 2708
2689 2691 2709
2710 2605 2711
2712 2646 2711
2642 2641 2712
2656 2643 2713
2714 2715 2712
2714 2712 2711
2716 2717 2712
2716 2712 2715
2718 2713 2717
2718 2717 2716
2719 2714 2711
2719 2711 2605
2715 2720 2721
2715 2721 2716
2722 2720 2715
2722 2715 2714
2723 2722 2714
2723 2714 2719
2724 2718 2716
2724 2716 2721
2725 2726 2720
2725 2720 2722
2727 2721 2720
2727 2720 2726
2728 2725 2722
2728 2722 2723
2719 2729 2730
2719 2730 2723
2731 2728 2723
2731 2723 2730
2729 2611 2634
2732 2724 2721
2732 2721 2727
2733 2734 2724
2733 2724 2732
2734 2735 2718
2734 2718 2724
2736 2737 2734
2736 2734 2733
2738 2739 2740
2738 2740 2741
2742 2743 2744
2742 2744 2745
2746 2747 2743
2746 2743 2742
2748 2749 2747
2748 2747 2746
2730 2749 2748
2730 2748 2731
2749 2750 2614
2741 2751 2738
2741 2703 2706
2744 2698 2700
2743 2696 2698
2752 2753 2726
2752 2726 2725
2754 2727 2726
2754 2726 2753
2755 2752 2725
2755 2725 2728
2756 2755 2728
2756 2728 2731
2757 2732 2727
2757 2727 2754
2758 2733 2732
2758 2732 2757
2759 2760 2733
2759 2733 2758
2761 2738 2760
2761 2760 2759
2762 2756 2731
2762 2731 2748
2763 2762 2748
2763 2748 2746
2764 2763 2746
2764 2746 2742
2765 2739 2738
2765 2738 2761
2742 2745 2766
2742 2766 2764
2767 2768 2753
2767 2753 2752
2769 2754 2753
2769 2753 2768
2770 2767 2752
2770 2752 2755
2771 2770 2755
2771 2755 2756
2772 2771 2756
2772 2756 2762
2773 2772 2762
2773 2762 2763
2774 2757 2754
2774 2754 2769
2775 2758 2757
2775 2757 2774
2776 2759 2758
2776 2758 2775
2777 2761 2759
2777 2759 2776
2778 2765 2761
2778 2761 2777
2779 2773 2763
2779 2763 2764
2780 2779 2764
2780 2764 2766
2781 2782 2768
2781 2768 2767
2783 2769 2768
2783 2768 2782
2784 2781 2767
2784 2767 2770
2785 2774 2769
2785 2769 2783
2786 2784 2770
2786 2770 2771
2787 2775 2774
2787 2774 2785
2788 2789 2782
2788 2782 2781
2790 2783 2782
2790 2782 2789
2791 2785 2783
2791 2783 2790
2792 2787 2785
2792 2785 2791
2793 2794 2787
2793 2787 2792
2795 2788 2781
2795 2781 2784
2796 2795 2784
2796 2784 2786
2797 2796 2786
2797 2786 2798
2799 2800 2794
2799 2794 2793
2801 2802 2800
2801 2800 2799
2803 2804 2805
2803 2805 2806
2804 2807 2808
2804 2808 2805
2794 2776 2775
2794 2775 2787
2798 2786 2771
2798 2771 2772
2800 2777 2776
2800 2776 2794
2802 2778 2777
2802 2777 2800
2806 2805 2779
2806 2779 2780
2808 2798 2772
2808 2772 2773
2805 2808 2773
2805 2773 2779
2747 2693 2692
2751 2741 2706
2751 2706 2690
2737 2688 2686
2749 2730 2750
2729 2719 2611
2711 2675 2710
2712 2717 2642
2717 2643 2642
2713 2718 2735
2713 2735 2809
2713 2810 2656
2735 2734 2737
2735 2737 2686
2735 2686 2685
2623 2747 2749
2623 2749 2614
2743 2747 2692
2690 2688 2737
2690 2737 2751
2751 2737 2736
2747 2623 2693
2743 2692 2696
2744 2743 2698
2740 2704 2703
2741 2740 2703
2808 2807 2797
2798 2808 2797
2735 2685 2809
2809 2811 2810
2751 2736 2738
2712 2641 2646
2646 2675 2711
2738 2736 2760
2760 2736 2733
2750 2729 2634
2730 2729 2750
2750 2634 2614
2690 2706 2691
2684 2686 2687
2812 2685 2684
2713 2809 2810
2809 2685 2811
2813 2814 2815
2816 2817 2818
2819 2820 2821
2822 2818 2823
2824 2825 2826
2827 2828 2829
2830 2635 2601
2830 2601 2831
2824 2832 2833
2824 2833 2834
2835 2836 2837
2838 2824 2834
2838 2834 2839
2657 2840 2654
2814 2833 2815
2840 2841 2832
2840 2832 2826
2657 2842 2841
2834 2833 2818
2834 2817 2839
2657 2841 2840
2601 2655 2831
2830 2826 2825
2830 2825 2843
2832 2824 2826
2822 2816 2818
2844 2845 2846
2824 2838 2825
2843 2637 2635
2843 2635 2830
2832 2841 2815
2847 2848 2849
2850 2851 2852
2850 2852 2853
2659 2854 2855
2854 2837 2855
2826 2830 2831
2826 2831 2840
2836 2844 2813
2854 2835 2837
2701 2661 2682
2691 2702 2708
2702 2705 2707
2840 2655 2654
2840 2831 2655
2856 2663 2683
2856 2683 2857
2844 2836 2858
2859 2860 2660
2859 2660 2663
2861 2862 2858
2863 2864 2865
2866 2867 2868
2869 2870 2871
2872 2866 2873
2874 2875 2876
2877 2878 2879
2871 2880 2869
2881 2882 2883
2879 2875 2881
2884 2885 2873
2886 2887 2888
2889 2882 2881
2889 2881 2890
2879 2883 2877
2874 2872 2890
2887 2886 2891
2892 2893 2894
2890 2881 2875
2890 2875 2874
2895 2896 2878
2890 2872 2897
2889 2890 2897
2876 2875 2871
2858 2898 2899
2883 2879 2881
2871 2875 2879
2867 2874 2876
2874 2866 2872
2874 2867 2866
2622 2680 2900
2901 2857 2622
2901 2622 2900
2683 2679 2857
2902 2878 2903
2877 2903 2878
2883 2904 2877
2903 2905 2902
2882 2906 2883
2877 2907 2903
2859 2663 2856
2908 2909 2860
2908 2860 2859
2909 2910 2860
2911 2912 2913
2892 2911 2914
2892 2914 2915
2911 2913 2914
2892 2915 2916
2892 2916 2893
2893 2917 2894
2885 2884 2918
2897 2872 2873
2883 2906 2904
2904 2907 2877
2919 2905 2920
2902 2919 2921
2905 2919 2902
2902 2922 2878
2922 2923 2878
2924 2884 2868
2925 2867 2876
2925 2876 2870
2884 2924 2918
2867 2925 2868
2884 2866 2868
2926 2927 2928
2927 2929 2930
2927 2930 2931
2927 2931 2932
2927 2932 2928
2926 2933 2927
2892 2894 2934
2935 2887 2891
2886 2888 2865
2864 2886 2865
2850 2853 2863
2851 2936 2937
2851 2937 2852
2938 2939 2940
2938 2940 2941
2942 2943 2944
2945 2946 2947
2945 2947 2948
2949 2950 2951
2949 2951 2952
2953 2954 2955
2953 2955 2956
2957 2958 2959
2960 2944 2943
2960 2943 2961
2948 2947 2962
2948 2962 2963
2964 2965 2966
2967 2968 2969
2970 2971 2954
2970 2954 2953
2972 2973 2965
2972 2965 2964
2967 2960 2961
2967 2961 2968
2963 2962 2971
2963 2971 2970
2959 2958 2974
2952 2951 2975
2952 2975 2976
2956 2955 2950
2956 2950 2949
2977 2978 2979
2977 2979 2980
2981 2982 2983
2981 2983 2984
2984 2983 2985
2984 2985 2986
2986 2985 2978
2986 2978 2977
2979 2987 2988
2979 2988 2980
2957 2959 2973
2957 2973 2972
2989 2990 2991
2992 2993 2994
2995 2996 2993
2997 2998 2999
2997 2999 3000
3001 3002 3003
3001 3003 3004
3005 3006 3007
3005 3007 3008
3008 3007 3002
3008 3002 3001
3004 3003 3009
3004 3009 3010
3010 3009 3011
3010 3011 3012
3013 2994 3014
3013 3014 3015
3015 3014 3016
3015 3016 2989
2995 2993 2992
2992 2994 3013
3017 3018 2982
3017 2982 2981
3019 3020 3021
3019 3021 3022
3023 3024 3025
3023 3025 3026
3027 3019 3022
3027 3022 3028
3029 3030 3031
3029 3031 3032
3033 3034 3035
3033 3035 3036
3037 3033 3036
3037 3036 3038
3034 3039 3040
3034 3040 3035
2998 3037 3038
2998 3038 2999
3041 3042 3043
3044 3045 3046
3044 3047 3048
3044 3048 3045
3047 3007 3006
3047 3006 3048
3049 3050 3051
3049 3052 3053
3049 3053 3050
3021 3051 3054
3021 3054 3055
3002 3053 3052
3002 3052 3003
3056 3057 3058
3056 3058 3059
3027 3028 3060
3061 3062 3063
3061 3063 3064
3041 3065 3066
3041 3066 3042
3055 3042 3022
3055 3022 3021
3042 3066 3028
3042 3028 3022
3067 3068 3049
3067 3049 3051
3068 3069 3052
3068 3052 3049
3020 3067 3051
3020 3051 3021
3003 3052 3009
3070 3028 3066
3050 3044 3054
3050 3053 3047
3050 3047 3044
3053 3002 3007
3053 3007 3047
3071 3061 3064
3071 3064 3072
3073 3074 3075
3076 3077 3078
3079 3025 3024
3079 3024 3080
3026 3074 3073
3026 3073 3023
3062 3056 3059
3062 3059 3063
3039 3071 3072
3039 3072 3040
3080 3029 3032
3080 3032 3079
3081 3082 3083
3081 3083 3084
3085 3086 3087
3085 3087 3088
3089 3090 3091
3089 3091 3092
3093 3094 3095
3093 3095 3096
3094 3097 3098
3094 3098 3095
3099 3093 3096
3099 3096 3100
3097 3101 3102
3097 3102 3098
3103 3104 3105
3103 3105 3106
3107 3108 3109
3107 3109 3110
3111 3112 3113
3111 3113 3114
3115 3081 3084
3115 3084 3116
3082 3108 3107
3082 3107 3083
3104 3117 3118
3104 3118 3105
3119 3099 3100
3119 3100 3120
3090 3115 3116
3090 3116 3091
3066 3121 3070
3055 3122 3043
3122 3055 3054
3123 3124 3125
3123 3125 3126
3127 3128 3129
3130 3131 3132
3130 3132 3126
3128 3133 3129
3134 3135 3136
3134 3136 3137
3138 3139 3140
3138 3140 3141
3142 3143 3144
3142 3144 3145
2996 3146 2993
3145 3147 3148
3145 3148 3142
3146 3148 3147
3146 3147 3149
2993 3149 2994
3150 3151 3125
3150 3125 3137
3138 3136 3135
3152 3153 3154
3152 3154 3155
3156 3157 3153
3156 3153 3152
3129 3158 3157
3129 3157 3156
3158 3129 3133
3158 3133 3159
3160 3126 3132
3137 3125 3161
3162 3160 3132
3131 3128 3127
3131 3127 3132
3139 3144 3143
3139 3143 3140
3151 3130 3126
3151 3126 3125
3163 3164 3165
3163 3165 3166
3167 3168 3169
3167 3169 3170
3171 3172 3173
3171 3173 3174
3164 3163 3175
3164 3175 3176
3177 3178 3179
3177 3179 3180
3181 3182 3183
3181 3183 3184
3185 3186 3182
3185 3182 3181
3187 3188 3186
3187 3186 3185
3189 3190 3188
3189 3188 3187
3191 3171 3174
3191 3174 3192
3193 3194 3166
3193 3166 3165
3195 3196 3197
3195 3197 3198
3184 3183 3196
3184 3196 3195
3194 3193 3198
3194 3198 3197
3172 3167 3170
3172 3170 3173
3168 3177 3180
3168 3180 3169
3156 3152 3127
3152 3155 3127
3199 3162 3155
3199 3155 3154
3200 3201 3144
3200 3144 3139
3202 3203 3204
3205 3206 3207
3208 3200 3139
3208 3139 3138
3145 3144 3201
3145 3201 3209
2994 3149 3210
2994 3210 3014
3209 3211 3147
3209 3147 3145
3149 3147 3211
3149 3211 3210
3212 3213 3214
3212 3214 3215
3161 3216 3217
3161 3217 3207
3208 3218 3219
3220 3221 3222
3223 3224 3225
3223 3225 3226
3227 3228 3226
3227 3226 3225
3203 3229 3230
3203 3230 3204
3204 3230 3231
3204 3231 3232
3232 3231 3224
3232 3224 3223
3206 3219 3218
3206 3218 3233
3215 3205 3207
3214 3205 3215
3161 3207 3134
3223 3226 3234
3223 3234 3235
3217 3236 3212
3217 3212 3215
3236 3222 3212
3236 3217 3216
3228 3227 3213
3228 3213 3212
3237 3238 3239
3237 3239 3240
3241 3242 3243
3241 3243 3244
3245 3246 3247
3245 3247 3248
3249 3250 3251
3249 3251 3252
3253 3254 3255
3253 3255 3256
3256 3255 3257
3256 3257 3258
3259 3260 3261
3259 3261 3262
3263 3237 3240
3263 3240 3264
3262 3261 3265
3262 3265 3266
3266 3265 3254
3266 3254 3253
3244 3243 3267
3244 3267 3268
3250 3245 3248
3250 3248 3251
3258 3257 3242
3258 3242 3241
3228 3212 3222
3269 3270 3271
3269 3271 3272
3273 3274 3275
3273 3275 3276
3211 3209 3277
3211 3277 3278
3210 3211 3278
3210 3278 3279
3209 3201 3280
3209 3280 3277
3014 3210 3016
3270 3281 3282
3270 3282 3271
3283 3284 3282
3283 3282 3285
3274 3286 3287
3274 3287 3275
3219 3287 3208
3288 3287 3286
3200 3208 3288
3200 3288 3289
3289 3290 3291
3289 3291 3280
3292 3293 3294
3292 3294 3269
3281 3295 3296
3281 3296 3297
3288 3298 3290
3288 3290 3289
3277 3299 3300
3277 3300 3278
3278 3300 3301
3278 3301 3279
3280 3291 3299
3280 3299 3277
3279 3301 3302
3279 3302 2990
3274 3303 3304
3274 3304 3286
3305 3306 3293
3305 3293 3292
3286 3304 3298
3286 3298 3288
3284 3307 3271
3284 3271 3282
3270 3308 3295
3270 3295 3281
3281 3297 3282
3205 3283 3285
3205 3285 3276
3309 3273 3310
3309 3310 3311
3312 3310 3285
3206 3205 3276
3206 3276 3275
3303 3274 3273
3303 3273 3309
3269 3294 3308
3269 3308 3270
3269 3272 3292
3292 3313 3305
3307 3313 3272
3307 3272 3271
3314 3315 3316
3314 3316 3317
3318 3319 3320
3318 3320 3321
3322 3323 3324
3322 3324 3325
3326 3327 3328
3326 3328 3329
3330 3331 3319
3330 3319 3318
3332 3333 3334
3332 3334 3335
3335 3334 3336
3335 3336 3337
3321 3320 3333
3321 3333 3332
3337 3336 3338
3337 3338 3339
3340 3341 3342
3340 3342 3343
3344 3345 3323
3344 3323 3322
3346 3347 3348
3346 3348 3349
3343 3342 3331
3343 3331 3330
3350 3317 3316
3350 3316 3351
3352 3353 3327
3352 3327 3326
3314 3354 3355
3314 3355 3315
3356 3357 3358
3356 3358 3359
3360 3361 3341
3360 3341 3340
3325 3324 3353
3325 3353 3352
3347 3362 3363
3347 3363 3348
3362 3350 3351
3362 3351 3363
3289 3280 3201
3289 3201 3200
2990 3302 3364
2990 3364 2991
2991 3364 3365
2991 3365 3366
3367 3368 3369
3370 3371 3372
3370 3372 3373
3373 3372 3374
3373 3374 3375
3376 3377 3378
3379 3377 3380
3379 3380 3381
3371 3382 3383
3371 3383 3372
3372 3383 3384
3372 3384 3374
3382 3385 3386
3382 3386 3383
3383 3386 3387
3383 3387 3384
3388 3389 3390
3369 3368 3377
3378 3379 3385
3386 3379 3381
3386 3381 3387
3391 3392 3388
3393 3390 3394
3393 3394 3395
3395 3394 3396
3127 3129 3156
3397 3202 3398
3397 3398 3235
3044 3046 3054
3051 3050 3054
3202 3204 3398
3228 3234 3226
3222 3221 3234
3399 3249 3252
3399 3252 3400
3220 3222 3236
3228 3222 3234
3221 3397 3235
3221 3235 3234
3238 3399 3400
3238 3400 3239
3223 3235 3232
3398 3204 3232
3235 3398 3232
3236 3216 3220
3134 3137 3161
3161 3125 3124
3401 3136 3141
3219 3206 3275
3219 3275 3287
3122 3054 3046
3043 3042 3055
3402 3060 3070
3402 3070 3403
3401 3150 3137
3401 3137 3136
3215 3207 3217
3009 3069 3011
3009 3052 3069
3404 3405 3406
3406 3407 3408
3406 3408 3409
3410 3409 3411
3410 3411 3412
3413 3414 3415
3413 3415 3416
3417 3406 3409
3417 3409 3410
3418 3419 3420
3421 3411 3409
3421 3409 3408
3422 3411 3423
3412 3411 3419
3412 3419 3414
3424 3419 3411
3414 3419 3415
3423 3411 3421
3415 3419 3418
3424 3411 3422
3162 3132 3155
3404 3406 3417
3406 3405 3407
3405 3425 3426
3427 3428 3429
3427 3429 3430
3431 3432 3433
3431 3433 3434
3435 3436 3432
3435 3432 3431
3437 3438 3436
3437 3436 3435
3429 3428 3439
3440 3439 3438
3440 3438 3437
3441 3432 3436
3441 3436 3442
3442 3436 3438
3442 3438 3443
3443 3438 3439
3443 3439 3428
3429 3439 3440
3426 3433 3444
3433 3432 3441
3434 3433 3426
3434 3426 3445
3444 3433 3441
3426 3425 3445
3405 3426 3444
3446 3447 3448
3449 3450 3451
3449 3451 3447
3450 3449 3452
3450 3452 3453
3453 3452 3454
3453 3454 3455
3455 3454 3456
3457 3455 3456
3457 3456 3458
3449 3459 3460
3461 3452 3449
3461 3449 3460
3462 3454 3452
3462 3452 3461
3456 3454 3462
3463 3447 3464
3425 3447 3451
3465 3466 3467
3465 3467 3468
3469 3470 3471
3469 3471 3472
3470 3465 3468
3470 3468 3471
3473 3474 3475
3473 3475 3476
3476 3475 3477
3476 3477 3478
3474 3473 3479
3474 3479 3480
3478 3477 3481
3478 3481 3482
3483 3484 3482
3483 3482 3481
3485 3486 3487
3485 3487 3488
3489 3490 3491
3492 3485 3488
3492 3488 3493
3494 3495 3496
3494 3496 3497
3491 3498 3499
3491 3499 3500
3500 3499 3501
3500 3501 3502
3498 3491 3490
3498 3490 3503
3502 3501 3495
3502 3495 3494
3466 3465 3504
3466 3504 3505
3470 3469 3506
3470 3506 3507
3465 3470 3507
3465 3507 3504
3482 3484 3508
3482 3508 3478
3494 3509 3502
3510 3492 3493
3510 3493 3511
3468 3512 3511
3468 3511 3493
3512 3513 3509
3512 3509 3511
3472 3471 3488
3472 3488 3487
3493 3488 3471
3493 3471 3468
3497 3509 3494
3502 3509 3500
3508 3473 3476
3508 3476 3478
3514 3515 3516
3514 3516 3517
3518 3519 3515
3518 3515 3514
3517 3516 3520
3517 3520 3521
3522 3523 3524
3522 3524 3525
3526 3527 3519
3526 3519 3518
3528 3529 3530
3528 3530 3531
3532 3533 3527
3532 3527 3526
3534 3535 3536
3534 3536 3537
3538 3539 3540
3538 3540 3541
3542 3534 3537
3542 3537 3543
3544 3545 3546
3544 3546 3547
3548 3549 3550
3548 3550 3551
3552 3553 3554
3552 3554 3555
3556 3557 3553
3556 3553 3552
3558 3559 3555
3558 3555 3554
3560 3540 3539
3560 3539 3561
3549 3548 3557
3549 3557 3556
3562 3563 3564
3562 3564 3565
3566 3567 3568
3566 3568 3569
3567 3562 3565
3567 3565 3568
3570 3571 3572
3570 3572 3573
3571 3566 3569
3571 3569 3572
3574 3522 3525
3574 3525 3575
3576 3542 3543
3576 3543 3577
3547 3576 3577
3547 3577 3544
3473 3578 3479
3508 3466 3505
3508 3505 3579
3580 3530 3529
3580 3529 3581
3489 3491 3509
3563 3582 3583
3563 3583 3564
3575 3583 3582
3575 3582 3574
3508 3579 3578
3584 3585 3586
3584 3586 3587
3541 3586 3585
3541 3585 3538
3509 3513 3489
3587 3588 3589
3587 3589 3584
3590 3580 3581
3590 3581 3591
3592 3593 3594
3595 3596 3597
3598 3599 3600
3598 3600 3601
3599 3598 3602
3599 3602 3603
3603 3602 3604
3605 3604 3594
3605 3594 3606
3594 3604 3607
3592 3594 3608
3609 3594 3610
3608 3594 3609
3611 3612 3593
3611 3593 3613
3594 3612 3606
3603 3604 3605
3604 3602 3614
3615 3597 3616
3601 3617 3618
3601 3618 3598
3598 3618 3619
3598 3619 3602
3602 3619 3620
3621 3620 3597
3621 3597 3622
3623 3597 3624
3597 3615 3622
3625 3615 3616
3625 3616 3626
3627 3597 3623
3595 3620 3628
3620 3619 3628
3602 3620 3621
3629 3630 3631
3469 3630 3629
3469 3629 3506
3016 3210 3279
2989 3016 2990
3016 3279 2990
3425 3405 3632
3425 3632 3633
3634 3463 3464
3634 3464 3635
3405 3404 3632
3633 3632 3636
3633 3636 3637
3634 3635 3638
3632 3404 3639
3632 3639 3636
3393 3388 3390
3391 3388 3393
2974 2958 3640
2942 3641 3642
2942 2944 3641
3643 3644 3645
3643 3645 3646
3647 3648 3649
3647 3649 3650
3651 3652 3653
3651 3653 3654
3653 3655 3654
3646 3645 3652
3646 3652 3651
3656 3657 3658
3644 3643 3659
3644 3659 3657
3646 3660 3661
3646 3661 3643
3654 3662 3663
3654 3663 3651
3664 3662 3665
3651 3663 3660
3651 3660 3646
3375 3374 3666
3375 3666 3667
3659 3668 3669
3670 3671 3672
3670 3672 3673
3384 3387 3674
3384 3674 3675
3671 3676 3677
3671 3677 3672
3387 3381 3678
3387 3678 3674
3679 3680 3681
3679 3681 3682
3380 3368 3683
3380 3683 3684
3680 3685 3686
3680 3686 3681
3368 3367 3687
3368 3687 3683
3676 3679 3682
3676 3682 3677
3381 3380 3684
3381 3684 3678
3648 3670 3673
3648 3673 3649
3374 3384 3675
3374 3675 3666
3688 3689 3690
3688 3690 3691
3692 3693 3694
3692 3694 3695
3696 3697 3693
3696 3693 3692
3695 3694 3689
3695 3689 3688
3698 3699 3700
3698 3700 3701
3690 3699 3698
3690 3698 3691
3702 3703 3704
3702 3704 3705
3706 3707 3708
3706 3708 3709
3709 3708 3710
3709 3710 3711
3705 3704 3707
3705 3707 3706
3712 3713 3703
3712 3703 3702
3714 3715 3697
3714 3697 3696
3716 3717 3713
3716 3713 3712
3718 3719 3720
3667 3666 3648
3667 3648 3647
3721 3659 3669
3675 3674 3671
3675 3671 3670
3674 3678 3676
3674 3676 3671
3684 3683 3680
3684 3680 3679
3683 3687 3685
3683 3685 3680
3678 3684 3679
3678 3679 3676
3666 3675 3670
3666 3670 3648
3722 3723 3724
3650 3649 3725
3650 3725 3726
3643 3661 3727
3643 3727 3659
3659 3727 3668
3673 3672 3728
3673 3728 3729
3672 3677 3730
3672 3730 3728
3682 3681 3731
3682 3731 3732
3681 3686 3733
3681 3733 3731
3677 3682 3732
3677 3732 3730
3649 3673 3729
3649 3729 3725
3734 3735 3736
3734 3736 3655
3737 3738 3711
3737 3711 3710
3658 3721 3739
3658 3659 3721
3658 3657 3659
3740 3718 3720
3740 3720 3741
3742 3740 3741
3742 3741 3743
3720 3719 3744
3744 3719 3745
3668 3727 3746
3376 3369 3377
2896 3747 2880
2896 2871 2879
2896 2895 3747
2828 3748 2829
3749 3750 2828
2819 3751 3752
2819 2821 3751
3751 3753 3752
2820 3749 2821
2821 2828 2827
2821 2827 3754
2820 2819 3755
3749 2820 3756
3749 2828 2821
2821 3754 3751
3377 3379 3378
3160 3123 3126
3132 3127 3155
3292 3272 3313
3595 3597 3620
3497 3510 3511
3497 3511 3509
3508 3578 3473
3593 3612 3594
3491 3500 3509
3597 3627 3616
3311 3310 3312
3311 3312 3757
3359 3358 3361
3359 3361 3360
3447 3463 3448
3310 3273 3276
3310 3276 3285
3297 3296 3757
3297 3757 3312
3329 3328 3357
3329 3357 3356
3297 3312 3285
3297 3285 3282
3447 3446 3459
3449 3447 3459
2871 2896 2880
2870 2876 2871
2866 2884 2873
3419 3424 3420
3596 3624 3597
3594 3607 3610
3604 3614 3607
3484 3466 3508
3484 3467 3466
3758 3369 3376
3368 3380 3377
3379 3386 3385
3759 3760 3664
3723 3759 3665
3759 3664 3665
3723 3665 3724
3662 3654 3665
3654 3724 3665
3655 3736 3722
3655 3722 3724
3655 3724 3654
3653 3734 3655
3761 2621 2624
3761 2624 3762
2621 3761 2680
2623 2614 2613
2624 3763 3762
2624 2613 3763
2623 2613 2624
2856 2857 2901
2859 3764 2908
3764 2859 2856
3765 3766 3767
3768 3769 3767
2677 3765 2674
2677 2674 2611
3765 2677 3766
3770 2710 3771
2710 3770 2606
2605 2710 2606
3766 3768 3767
2710 2675 3771
2608 3770 3771
3772 2675 2676
2675 3772 3771
3773 3774 2665
2665 3774 2646
3773 2664 3775
3774 2676 2646
2664 2627 3775
2664 3773 2665
2597 3776 2664
2664 2625 2627
2626 3777 3778
2626 3778 2627
2627 3778 3775
3779 3777 2626
2587 2629 3780
3781 3782 2632
2632 2631 2645
3781 2632 2644
2589 3783 3784
2589 2630 3783
2587 2633 2628
3785 3786 3787
3785 3787 3788
2579 3789 2592
2579 2592 2580
2586 3790 2583
2586 3791 3789
2586 3789 2579
2591 3792 2581
2591 2581 2580
2673 3793 3792
2673 3792 2591
3787 3794 3788
3787 3790 3794
3795 2588 3780
2596 2595 2589
3788 3780 2629
3788 2629 3785
3795 3780 3788
2588 2587 3780
3796 3797 3798
3799 3800 3798
3796 3801 3797
2583 3787 3786
2583 3786 3802
3790 3787 2583
2586 2585 3790
3803 3804 3805
3806 3807 3808
3806 3808 2670
3807 3809 2617
3807 2617 3808
3804 3803 3800
3799 3804 3800
3800 3810 3798
2619 2618 3805
3804 2619 3805
2617 3809 2618
2586 2582 3791
2583 3802 2584
2582 2586 2583
2608 3771 2609
2719 2605 2611
3794 3795 3788
3801 3811 3812
3796 3811 3801
3797 3799 3798
3811 3813 3812
2625 2664 3776
2597 2600 3776
2649 2669 2671
3814 3815 2619
3814 2619 3804
3815 2651 2617
3815 2617 2619
2650 2617 2651
3814 3804 3799
2616 2615 3816
3816 2810 3817
2643 2615 2598
3816 2615 2656
2643 2717 2713
2670 3808 2650
2650 3808 2617
2671 2669 2652
2666 3818 3817
2810 2666 3817
2647 2671 3819
2669 2650 2652
3812 3813 3820
3821 3822 3823
3824 3825 3826
3824 3826 3827
3825 3824 3828
3825 3828 3821
3822 3829 3823
3830 3831 3832
3830 3832 3833
3833 3832 3827
3833 3827 3826
3829 3834 3823
3835 3836 3837
3835 3837 3838
3839 3840 3841
3839 3841 3842
3843 3844 3845
3843 3845 3846
3847 3848 3849
3847 3849 3850
3848 3847 3838
3848 3838 3837
3846 3845 3840
3846 3840 3839
3851 3852 3836
3851 3836 3835
3853 3854 3855
3853 3855 3856
3857 3858 3859
3857 3859 3860
3861 3862 3863
3861 3863 3864
3850 3849 3858
3850 3858 3857
3864 3863 3844
3864 3844 3843
3842 3841 3865
3842 3865 3866
3831 3830 3867
3831 3867 3868
3856 3855 3862
3856 3862 3861
3867 3869 3868
3834 3870 3823
3821 3828 3822
2679 2622 2857
3206 3233 3207
2993 3146 3149
3138 3141 3136
3233 3218 3135
3233 3135 3134
3233 3134 3207
3208 3138 3218
3138 3135 3218
3288 3208 3287
3028 3070 3060
3066 3065 3121
3871 3872 3873
3871 3873 3874
3875 3876 3877
3878 3879 3880
3878 3880 3876
3881 3882 3871
3883 3884 3872
3883 3872 3871
3885 3873 3872
3885 3872 3886
3873 3885 3887
3873 3887 3888
3889 3887 3885
3889 3885 3890
3886 3891 3890
3886 3890 3885
3892 3893 3894
3892 3894 3895
3895 3896 3897
3895 3897 3892
3898 3897 3896
3898 3896 3899
3900 3898 3899
3884 3883 3901
3884 3901 3902
3903 3904 3905
3903 3905 3906
3906 3884 3902
3906 3902 3903
3907 3908 3909
3907 3909 3910
3908 3911 3912
3908 3912 3909
3911 3908 3913
3911 3913 3914
3908 3907 3915
3908 3915 3913
3916 3917 3918
3916 3918 3919
3920 3907 3919
3921 3922 3923
3921 3923 3924
3925 3926 3927
3925 3927 3928
3900 3929 3930
3900 3930 3931
3929 3932 3933
3929 3933 3930
3929 3934 3932
3929 3900 3935
3929 3935 3936
3937 3880 3879
3937 3879 3938
3939 3940 3879
3939 3879 3878
3941 3942 3940
3941 3940 3939
3939 3943 3944
3939 3944 3941
3878 3875 3943
3878 3943 3939
3945 3946 3947
3947 3905 3904
3947 3904 3945
3948 3905 3947
3949 3950 3951
3949 3951 3948
3948 3947 3952
3948 3952 3949
3889 3953 3877
3886 3872 3884
3886 3884 3906
3891 3886 3906
3891 3906 3905
3914 3913 3954
3914 3954 3955
3913 3915 3956
3913 3956 3954
3954 3957 3955
3958 3934 3936
3936 3959 3958
3960 3927 3926
3960 3926 3961
3945 3904 3931
3945 3931 3930
3930 3962 3945
3895 3894 3917
3895 3917 3916
3896 3895 3916
3896 3916 3910
3899 3896 3910
3899 3910 3909
3963 3899 3964
3919 3918 3965
3919 3965 3922
3966 3923 3922
3966 3922 3965
3923 3966 3928
3923 3928 3927
3893 3892 3901
3893 3901 3967
3903 3902 3897
3903 3897 3898
3898 3931 3904
3898 3904 3903
3968 3951 3950
3968 3950 3969
3969 3944 3943
3969 3943 3968
3940 3970 3938
3940 3938 3879
3874 3873 3888
3874 3888 3971
3972 3881 3874
3883 3973 3967
3883 3967 3901
3922 3921 3920
3922 3920 3919
3924 3923 3927
3924 3927 3960
3892 3897 3902
3892 3902 3901
3974 3975 3976
3974 3976 3977
3978 3979 3980
3981 3982 3983
3981 3983 3978
3977 3984 3985
3976 3986 3987
3976 3987 3988
3989 3990 3988
3989 3988 3987
3990 3984 3988
3982 3981 3991
3982 3991 3992
3982 3993 3994
3982 3994 3983
3995 3979 3983
3995 3983 3994
3996 3997 3979
3979 3997 3980
3979 3995 3996
3992 3998 3993
3992 3993 3982
3975 3974 3999
3975 3999 4000
4001 4002 4003
4001 4003 4004
4005 4001 4004
4005 4004 4006
4007 4008 4009
4007 4009 4010
4011 4012 4013
4011 4013 4014
4015 4011 4014
4015 4014 4016
4017 4018 4019
4017 4019 4020
4021 4022 4023
4021 4023 4024
4025 4026 4027
4025 4027 4028
4029 4025 4028
4029 4028 4030
4031 4032 4033
4031 4033 4034
4035 4036 4037
4035 4037 4038
4039 4040 4041
4039 4041 4042
4043 4044 4045
4043 4045 4046
4047 4048 4049
4047 4049 4050
4051 4047 4050
4051 4050 4052
4053 4054 4055
4053 4055 4056
4057 4005 4006
4057 4006 4058
4059 4060 4061
4059 4061 4062
4063 4059 4062
4063 4062 4064
4002 4015 4016
4002 4016 4003
4065 4029 4030
4065 4030 4066
4032 4067 4068
4032 4068 4033
4067 4069 4070
4067 4070 4068
4071 4065 4066
4071 4066 4072
4073 4051 4052
4073 4052 4074
4054 4075 4076
4054 4076 4055
4077 4073 4074
4077 4074 4078
4079 4080 4081
4079 4081 4082
4044 4083 4084
4044 4084 4045
4083 4085 4086
4083 4086 4084
4087 4088 4089
4087 4089 4090
4018 4035 4038
4018 4038 4019
4091 4021 4024
4091 4024 4092
4036 4093 4094
4036 4094 4037
4093 4095 4096
4093 4096 4094
4095 4043 4046
4095 4046 4096
4097 4017 4020
4097 4020 4098
4099 4100 4101
4099 4101 4102
4100 4063 4064
4100 4064 4101
4060 4103 4104
4060 4104 4061
4012 4105 4106
4012 4106 4013
4107 4007 4010
4107 4010 4108
4109 4097 4098
4109 4098 4110
4040 4039 4111
4040 4111 4112
4042 4041 4080
4042 4080 4079
4113 4107 4108
4113 4108 4114
4105 4113 4114
4105 4114 4106
4115 3874 3971
3986 3976 3975
3986 3975 4116
4000 4117 3975
3970 3940 3942
3970 3942 4118
3926 4119 4120
3907 3916 3919
3907 3910 3916
3954 3956 3957
3925 4119 3926
4120 4121 4122
4120 4122 3961
4120 3961 3926
4119 4121 4120
4123 4124 4112
4123 4112 4111
3900 3931 3898
3899 3963 3900
3936 3935 3959
3929 3936 3934
3948 3951 3891
3948 3891 3905
4090 4049 4048
4090 4048 4087
3930 3933 3962
3962 4125 3945
4126 4089 4088
4126 4088 4127
4127 4128 4129
4127 4129 4126
3946 3952 3947
3945 4125 3946
4115 3972 3874
4117 4116 3975
4092 4027 4026
4092 4026 4091
3899 3909 3964
3909 3912 3964
4008 4109 4110
4008 4110 4009
3882 3883 3871
3882 3973 3883
3881 3871 3874
3890 3951 3953
3890 3891 3951
3996 4130 3997
4131 4132 4133
4131 4133 4134
4135 4136 4137
4135 4137 4138
4136 4139 4140
4136 4140 4137
4139 4141 4142
4139 4142 4140
4143 4142 4141
4143 4141 4144
4145 4146 4147
4145 4147 4148
4135 4132 4146
4135 4146 4145
4149 4145 4148
4149 4148 4150
4136 4135 4145
4136 4145 4149
4151 4149 4150
4151 4150 4152
4139 4136 4149
4139 4149 4151
4153 4154 4144
4153 4144 4141
4155 4156 4154
4155 4154 4153
4153 4151 4152
4153 4152 4155
4141 4139 4151
4141 4151 4153
4131 4157 4158
4131 4158 4159
4159 4158 4160
4159 4160 4161
4134 4162 4157
4134 4157 4131
4132 4135 4138
4132 4138 4133
4159 4146 4132
4159 4132 4131
4161 4147 4146
4161 4146 4159
4163 4164 4165
4163 4165 4166
4167 4168 4169
4167 4169 4170
4170 4169 4171
4170 4171 4172
4172 4171 4173
4172 4173 4174
4175 4176 4174
4175 4174 4173
4177 4166 4167
4177 4167 4178
4178 4167 4170
4178 4170 4179
4179 4170 4172
4179 4172 4180
4176 4181 4182
4176 4182 4174
4180 4172 4174
4180 4174 4182
4183 4184 4163
4183 4163 4185
4164 4163 4184
4164 4184 4186
4166 4165 4168
4166 4168 4167
4166 4177 4185
4166 4185 4163
4187 4188 4189
4187 4189 4190
4191 4192 4193
4191 4193 4194
4195 4191 4194
4195 4194 4196
4197 4195 4196
4197 4196 4198
4199 4197 4198
4199 4198 4200
4201 4202 4203
4201 4203 4204
4202 4205 4206
4202 4206 4203
4205 4207 4208
4205 4208 4206
4209 4210 4211
4209 4211 4212
4207 4209 4212
4207 4212 4208
4213 4214 4215
4213 4215 4216
4188 4217 4218
4188 4218 4189
4192 4187 4190
4192 4190 4193
4215 4201 4204
4215 4204 4216
3943 3875 3968
3875 3878 3876
3978 3983 3979
3953 3968 3875
3951 3968 3953
3953 3875 3877
3997 3989 3980
3889 3890 3953
3997 3990 3989
3816 2656 2810
2689 4219 2688
2689 2688 2690
2687 2688 4219
2667 2666 2811
2667 2811 4220
4221 2638 4222
2638 4221 2639
4222 2638 2649
2811 2812 4220
2685 2812 2811
2666 2810 2811
2635 2639 2636
2657 2659 2855
2836 2813 2837
2844 2846 2813
2837 2813 2815
2813 2846 2814
2855 2815 2842
2657 2855 2842
2815 2841 2842
2855 2837 2815
4223 2836 4224
4224 2836 2835
2858 2836 4223
4225 2681 2660
4225 2660 2860
2861 2858 4223
4225 2860 4226
2899 2844 2858
2845 2844 2899
2823 2847 4227
4228 2846 2845
2814 2846 2848
2847 2849 4227
2818 2847 2823
2834 2818 2817
2833 2847 2818
2848 4229 2849
2848 2847 2833
2848 2833 2814
2848 2846 4228
2848 4228 4229
3750 3748 2828
2820 4230 3756
2822 4231 2816
4232 2816 4231
2820 3755 4230
2833 2832 2815
2860 2910 4226
2862 2898 2858
4226 2910 4233
2910 2927 4233
4233 2927 4234
4235 2935 2891
2933 2926 4235
2933 4234 2927
2926 2935 4235
2862 4236 2898
2910 2911 2929
2927 2910 2929
2892 2934 2929
2934 2930 2929
2911 2892 2929
2648 4222 2649
2702 2691 2706
4237 4238 4239
4240 4241 4242
4240 4242 4243
4244 4245 4246
4244 4246 4247
4248 4240 4243
4248 4243 4238
4249 4250 4251
4249 4251 4252
4253 4254 4255
4253 4255 4256
4257 4253 4256
4257 4256 4258
4250 4259 4260
4250 4260 4251
4245 4261 4262
4245 4262 4246
4263 1663 1659
4264 4249 4252
4264 4252 4265
4254 4264 4265
4254 4265 4255
4261 4257 4258
4261 4258 4262
4266 4267 4268
4269 4270 4271
4269 4271 4272
4273 4274 4275
4273 4275 4276
4277 4278 4279
4277 4279 4280
4281 4277 4280
4281 4280 4282
4274 4283 4284
4274 4284 4275
4270 4285 4286
4270 4286 4271
4287 4273 4276
4287 4276 4288
4278 4287 4288
4278 4288 4279
4285 4281 4282
4285 4282 4286
4266 4289 4290
4289 4291 4290
4237 4248 4238
4241 4244 4247
4241 4247 4242
4266 4269 4267
4269 4272 4267
4266 4268 4289
2852 2937 4292
2852 4292 4293
3748 2937 2936
3748 2936 2829
3750 4292 2937
3750 2937 3748
2853 2852 4293
2853 4293 4294
2853 4294 2864
2853 2864 2863
2613 2612 3763
2896 2879 2878
3984 4295 3985
3976 4296 3977
3976 3988 4296
3990 4297 3984
4297 4295 3984
3999 4298 4000
3988 3984 4296
3977 4296 3984
4299 4297 3990
4299 3990 4130
4130 3990 3997
2595 4300 2630
2633 2589 3784
2633 3784 4301
2633 4301 4302
2632 3782 4300
2595 2632 4300
4303 4304 4305
4303 4305 4306
4307 4303 4306
4307 4306 4308
4309 4310 4311
4309 4311 4312
4310 4313 4314
4310 4314 4311
4315 4316 4317
4312 4311 4303
4312 4303 4307
4311 4314 4304
4311 4304 4303
4317 4318 4319
4317 4319 4320
4321 4322 4323
4304 4324 4325
4304 4325 4305
4308 4326 4307
4313 4327 4314
4312 4328 4329
4312 4329 4309
4330 4307 4326
4317 4324 4327
4317 4327 4315
4324 4314 4327
4307 4330 4312
4324 4317 4320
4324 4320 4325
4331 4332 4321
4331 4321 4323
4333 4334 4335
4333 4335 4336
4337 4338 4339
4337 4339 4340
4341 4342 4336
4341 4336 4335
4334 4333 4338
4334 4338 4337
4343 4344 4345
4343 4345 4346
4347 4348 4349
4347 4349 4350
4344 4343 4350
4344 4350 4349
4351 4335 4334
4351 4334 4352
4340 4353 4354
4340 4354 4337
4355 4341 4335
4355 4335 4351
4352 4334 4337
4352 4337 4354
4346 4351 4343
4353 4347 4350
4353 4350 4354
4351 4346 4355
4343 4352 4354
4343 4354 4350
4356 4345 4344
4356 4344 4322
4323 4349 4348
4323 4348 4331
4322 4344 4323
4357 4358 4359
4357 4359 4360
4361 4362 4310
4361 4310 4309
4362 4313 4310
4360 4362 4361
4359 4363 4362
4358 4357 4364
4365 4316 4315
4360 4366 4367
4360 4367 4357
4361 4368 4369
4370 4365 4371
4363 4327 4313
4309 4368 4361
4366 4360 4369
4315 4371 4365
4372 4373 4374
4375 4376 4377
4375 4377 4378
4379 4380 4342
4379 4342 4341
4376 4375 4381
4376 4381 4382
4377 4373 4378
4346 4345 4383
4346 4383 4384
4385 4386 4387
4386 4388 4383
4385 4387 4389
4390 4377 4376
4390 4376 4391
4392 4379 4355
4382 4391 4376
4377 4390 4374
4355 4346 4392
4391 4388 4385
4391 4385 4390
4392 4384 4391
4390 4385 4389
4389 4393 4374
4374 4394 4372
4345 4356 4395
4345 4395 4383
4356 4322 4321
4318 4396 4321
4319 4321 4332
4382 4381 4380
4382 4380 4379
4382 4379 4392
4308 4397 4326
4330 4328 4312
4319 4318 4321
4309 4329 4368
4360 4361 4369
4379 4341 4355
4382 4392 4391
4324 4304 4314
4359 4398 4363
4360 4359 4362
4370 4398 4358
4357 4399 4364
4357 4367 4399
4362 4363 4313
4344 4349 4323
4384 4388 4391
4315 4327 4371
4363 4371 4327
4351 4352 4343
4346 4384 4392
4386 4383 4395
4370 4358 4364
4398 4371 4363
4398 4370 4371
4398 4359 4358
4396 4318 4316
4385 4388 4386
4316 4318 4317
4377 4374 4373
4390 4389 4374
4393 4394 4374
4400 4401 4402
4400 4402 4403
4403 4402 4404
4403 4404 4405
4406 4407 4408
4406 4408 4409
4410 4411 4407
4410 4407 4406
4402 4406 4409
4402 4409 4404
4401 4410 4406
4401 4406 4402
4412 4413 4401
4412 4401 4400
4404 4414 4405
4410 4415 4411
4416 4417 4409
4416 4409 4408
4414 4404 4418
4415 4410 4413
4409 4418 4404
4419 4413 4412
4420 4421 4422
4423 4424 4425
4423 4425 4426
4427 4428 4429
4427 4429 4430
4424 4431 4432
4424 4432 4425
4428 4423 4426
4428 4426 4429
4433 4434 4435
4433 4435 4436
4436 4437 4438
4436 4438 4433
4439 4426 4440
4439 4441 4429
4425 4432 4442
4425 4442 4440
4429 4426 4439
4433 4440 4434
4433 4438 4441
4433 4441 4439
4442 4434 4440
4443 4420 4436
4443 4436 4435
4444 4445 4446
4447 4448 4449
4447 4449 4450
4431 4451 4452
4431 4452 4432
4453 4447 4450
4453 4450 4454
4448 4445 4449
4455 4456 4434
4457 4458 4459
4460 4457 4459
4461 4462 4450
4461 4450 4449
4442 4452 4463
4450 4462 4454
4444 4461 4449
4463 4434 4442
4459 4455 4462
4459 4462 4461
4462 4455 4463
4460 4459 4461
4444 4464 4460
4465 4466 4446
4467 4443 4458
4454 4452 4451
4454 4451 4453
4463 4452 4454
4414 4468 4405
4409 4417 4418
4442 4432 4452
4462 4463 4454
4410 4401 4413
4433 4439 4440
4458 4455 4459
4420 4443 4467
4445 4444 4449
4444 4460 4461
4444 4466 4464
4469 4470 4471
4469 4471 4472
4473 4474 4475
4473 4475 4476
4477 4478 4479
4477 4479 4480
4481 4482 4483
4481 4483 4484
4480 4479 4485
4480 4485 4486
4484 4483 4478
4484 4478 4477
4487 4488 4489
4487 4489 4490
4491 4492 4493
4491 4493 4494
4486 4485 4495
4486 4495 4496
4497 4498 4492
4497 4492 4491
4494 4493 4488
4494 4488 4487
4490 4489 4499
4490 4499 4500
4496 4495 4498
4496 4498 4497
4476 4475 4501
4476 4501 4502
4472 4471 4474
4472 4474 4473
4415 4413 4503
4419 4503 4413
4455 4434 4463
4420 4467 4421
4426 4425 4440
4441 4430 4429
4394 4504 4372
4466 4444 4446
4388 4384 4383
4443 4456 4458
4456 4435 4434
4455 4458 4456
4443 4435 4456
4505 4506 3103
4505 3103 3106
4507 4508 3112
4507 3112 3111
3058 3057 4509
3077 3058 4509
3077 4509 3078
3077 3076 4510
3074 3077 4510
3074 4510 3075
3403 4511 4512
4513 3402 4514
4511 3403 4515
3402 3403 4516
3402 4516 4517
3403 3070 4515
3070 3121 4515
3402 4517 4514
4518 4519 4520
4518 4520 4521
4522 4523 4524
4522 4524 4525
4523 4518 4521
4523 4521 4524
4526 4527 4528
4526 4528 4529
4530 4531 4532
4530 4532 4533
4534 4535 4536
4534 4536 4537
4538 4539 4531
4538 4531 4530
4533 4532 4540
4533 4540 4541
4542 4543 4544
4542 4544 4545
4536 4543 4546
4536 4546 4547
4546 4543 4542
4546 4542 4548
4547 4546 4549
4547 4549 4550
4549 4546 4548
4549 4548 4551
4552 4553 4550
4552 4550 4549
4554 4555 4556
4554 4556 4557
4558 4552 4559
4558 4559 4560
4552 4549 4551
4552 4551 4559
4540 4561 4541
4520 4519 4562
4539 4538 4563
4564 4565 4566
4564 4566 4567
4568 4569 4570
4568 4570 4571
4565 4568 4571
4565 4571 4566
4570 4569 4572
4570 4572 4573
4574 4575 4576
4574 4576 4577
4578 4579 4580
4578 4580 4581
4579 4582 4583
4579 4583 4580
4584 4585 4586
4584 4586 4587
4588 4589 4590
4588 4590 4591
4592 4590 4589
4592 4589 4593
4594 4595 4596
4594 4596 4597
4587 4586 4598
4587 4598 4599
4582 4594 4597
4582 4597 4583
4600 4564 4567
4600 4567 4601
4602 4558 4555
4555 4558 4560
4555 4560 4556
4595 4588 4591
4595 4591 4596
4539 4519 4531
4531 4518 4532
4535 4544 4536
4532 4523 4540
4603 4604 4605
4603 4605 4606
4537 4536 4547
4537 4547 4607
4607 4547 4550
4553 4608 4609
4553 4609 4550
4555 4554 4610
4555 4610 4602
4608 4553 4611
4612 4613 4604
4612 4604 4603
4614 4611 4602
4614 4602 4610
4613 4612 4615
4613 4615 4616
4585 4584 4616
4585 4616 4615
4617 4534 4537
4618 4619 4607
4618 4607 4620
4621 4618 4620
4621 4620 4622
4623 4624 4625
4623 4625 4626
4626 4625 4627
4626 4627 4628
4629 4630 4631
4629 4631 4632
4633 4634 4635
4633 4635 4636
4617 4537 4607
4617 4607 4619
4637 4621 4622
4637 4622 4638
4634 4637 4638
4634 4638 4635
4629 4639 4630
4640 4641 4642
4640 4642 4643
4644 4533 4541
4644 4541 4645
4646 4617 4619
4646 4619 4647
4624 4621 4637
4624 4637 4625
4625 4637 4634
4625 4634 4627
4648 4649 4650
4651 4652 4653
4654 4647 4655
4654 4655 4656
4657 4658 4659
4657 4659 4660
4658 4661 4662
4658 4662 4659
4663 4664 4665
4663 4665 4666
4664 4663 4667
4664 4667 4668
4669 4670 4671
4669 4671 4672
4673 4674 4675
4673 4675 4676
4677 4678 4679
4677 4679 4680
4681 4679 4678
4681 4678 4682
4661 4683 4684
4661 4684 4662
4683 4673 4676
4683 4676 4684
4685 4686 4687
4685 4687 4688
4666 4665 4686
4666 4686 4685
4642 4641 4689
4642 4689 4690
4651 4617 4646
4647 4619 4618
4647 4618 4655
4655 4618 4621
4655 4621 4624
4627 4634 4633
4627 4633 4691
4692 4693 4694
4692 4694 4695
4649 4530 4533
4649 4533 4644
4648 4538 4530
4648 4530 4649
4648 4696 4538
4652 4646 4647
4652 4647 4654
4624 4623 4656
4624 4656 4655
4628 4627 4691
4628 4691 4697
4645 4698 4699
4645 4699 4644
4650 4649 4644
4650 4644 4699
4651 4653 4700
4651 4700 4701
4630 4633 4636
4630 4636 4631
4630 4691 4633
4674 4669 4672
4674 4672 4675
4641 4629 4632
4641 4632 4689
4641 4640 4629
4670 4681 4682
4670 4682 4671
4702 4703 4668
4702 4668 4667
4654 4704 4705
4654 4705 4652
4706 4707 4708
4706 4708 4709
4710 4711 4712
4710 4712 4713
4714 4715 4716
4714 4716 4717
4718 4719 4720
4718 4720 4721
4711 4718 4721
4711 4721 4712
4715 4710 4713
4715 4713 4716
4722 4714 4717
4722 4717 4723
4724 4722 4723
4724 4723 4725
4726 4727 4728
4726 4728 4729
4705 4653 4652
4720 4719 4704
4720 4704 4654
4722 4730 4731
4722 4731 4714
4726 4732 4727
4732 4726 4733
4732 4733 4734
4735 4653 4705
4735 4705 4736
4699 4698 4737
4707 4704 4719
4707 4719 4708
4738 4739 4740
4738 4740 4741
4742 4743 4744
4742 4744 4745
4746 4747 4748
4746 4748 4749
4750 4751 4752
4750 4752 4753
4751 4742 4745
4751 4745 4752
4743 4746 4749
4743 4749 4744
4747 4754 4755
4747 4755 4748
4754 4756 4757
4754 4757 4755
4758 4759 4760
4758 4760 4761
4762 4763 4764
4762 4764 4765
4766 4760 4759
4766 4759 4767
4768 4750 4753
4768 4753 4769
4770 4771 4772
4770 4772 4773
4774 4775 4739
4774 4739 4738
4771 4770 4775
4771 4775 4774
4736 4705 4704
4736 4704 4707
4776 4711 4710
4776 4710 4777
4778 4715 4714
4778 4714 4731
4708 4719 4718
4708 4718 4779
4779 4718 4711
4779 4711 4776
4777 4710 4715
4777 4715 4778
4780 4781 4763
4780 4763 4762
4729 4782 4733
4729 4733 4726
4783 4776 4777
4783 4777 4784
4785 4778 4731
4779 4786 4709
4779 4709 4708
4776 4783 4786
4776 4786 4779
4784 4777 4778
4650 4699 4787
4788 4735 4736
4787 4699 4737
4789 4736 4707
4789 4707 4706
4773 4772 4790
4773 4790 4791
4791 4790 4792
4791 4792 4793
4731 4794 4785
4730 4795 4794
4727 4724 4725
4727 4725 4728
4727 4796 4724
4756 4758 4761
4756 4761 4757
4797 4798 4793
4797 4793 4792
4799 4800 4801
4799 4801 4706
4706 4801 4802
4706 4802 4789
4803 4804 4805
4803 4805 4806
4807 4808 4809
4807 4809 4810
4808 4800 4799
4808 4799 4809
4804 4811 4812
4804 4812 4805
4813 4803 4806
4813 4806 4814
4815 4813 4814
4815 4814 4816
4817 4815 4816
4817 4816 4818
4819 4820 4821
4819 4821 4822
4823 4819 4822
4823 4822 4824
4802 4788 4789
4813 4825 4826
4813 4826 4803
4815 4827 4825
4815 4825 4813
4817 4828 4827
4817 4827 4815
4820 4829 4830
4831 4823 4832
4831 4832 4833
4834 4737 4788
4834 4788 4835
4787 4737 4834
4835 4788 4802
4835 4802 4836
4837 4838 4839
4837 4839 4840
4841 4836 4838
4841 4838 4837
4842 4843 4844
4842 4844 4845
4840 4839 4843
4840 4843 4842
4846 4847 4848
4846 4848 4849
4850 4851 4852
4850 4852 4853
4854 4855 4856
4854 4856 4857
4847 4854 4857
4847 4857 4848
4855 4858 4859
4855 4859 4856
4851 4860 4861
4851 4861 4852
4860 4862 4863
4860 4863 4861
4864 4865 4866
4864 4866 4867
4862 4868 4869
4862 4869 4863
4870 4864 4867
4870 4867 4871
4865 4872 4873
4865 4873 4866
4874 4875 4876
4874 4876 4877
4878 4879 4880
4878 4880 4881
4882 4883 4884
4882 4884 4885
4886 4887 4888
4886 4888 4889
4889 4888 4879
4889 4879 4878
4884 4890 4891
4884 4891 4885
4892 4893 4883
4892 4883 4882
4838 4801 4800
4838 4800 4839
4836 4802 4801
4836 4801 4838
4894 4804 4803
4894 4803 4826
4843 4808 4807
4843 4807 4844
4839 4800 4808
4839 4808 4843
4844 4807 4811
4844 4811 4895
4835 4896 4897
4835 4897 4834
4836 4841 4896
4836 4896 4835
4832 4823 4824
4832 4824 4898
4826 4899 4900
4826 4900 4894
4894 4900 4901
4894 4901 4895
4825 4902 4899
4825 4899 4826
4903 4648 4650
4903 4650 4904
4904 4787 4905
4904 4650 4787
4905 4787 4834
4905 4834 4897
4893 4892 4906
4893 4906 4907
4902 4825 4827
4902 4827 4908
4908 4827 4828
4908 4828 4909
4907 4906 4910
4907 4910 4911
4912 4904 4905
4913 4903 4904
4913 4904 4914
4915 4916 4917
4915 4917 4918
4919 4912 4920
4919 4920 4921
4922 4896 4841
4922 4841 4923
4923 4841 4837
4923 4837 4924
4925 4926 4927
4925 4927 4928
4929 4930 4931
4929 4931 4932
4932 4931 4926
4932 4926 4925
4921 4920 4916
4921 4916 4915
4913 4933 4903
4934 4935 4936
4934 4936 4937
4937 4936 4938
4937 4938 4939
4940 4941 4942
4940 4942 4943
4944 4945 4935
4944 4935 4934
4946 4947 4940
4946 4940 4943
4948 4949 4947
4948 4947 4946
4950 4951 4952
4950 4952 4953
4954 4955 4956
4954 4956 4957
4958 4959 4960
4958 4960 4961
4962 4963 4964
4962 4964 4965
4966 4967 4951
4966 4951 4950
4968 4969 4963
4968 4963 4962
4961 4960 4969
4961 4969 4968
4970 4971 4972
4970 4972 4973
4973 4972 4959
4973 4959 4958
4974 4975 4971
4974 4971 4970
4976 4977 4975
4976 4975 4974
4957 4956 4977
4957 4977 4976
4978 4979 4955
4978 4955 4954
4980 4981 4979
4980 4979 4978
4982 4983 4984
4982 4984 4985
4986 4987 4988
4939 4938 4989
4939 4989 4990
4912 4919 4914
4912 4914 4904
4923 4991 4992
4923 4992 4922
4924 4993 4923
4994 4995 4996
4997 4998 4999
4997 4999 5000
5001 5002 5003
5001 5003 5004
5005 5006 5007
5005 5007 4994
5008 5009 5002
5008 5002 5001
5000 4999 5009
5000 5009 5008
5010 5011 5012
5010 5012 5013
5013 5012 4998
5013 4998 4997
4930 4929 5011
4930 5011 5010
5014 5015 5016
5014 5016 5017
5018 5019 4928
5018 4928 4927
5017 5016 5019
5017 5019 5018
5020 5014 5021
4912 4905 4920
4896 4917 4897
4897 4920 4905
5022 5023 5024
5022 5024 5025
4981 4980 5023
4981 5023 5022
4933 4648 4903
4519 5026 4562
4539 4563 5027
4539 5027 5026
4933 5028 4648
4789 4788 4736
4640 4639 4629
4639 4691 4630
4639 5029 4697
4691 4639 4697
5030 5031 4703
5030 4703 4702
5031 5030 4693
5031 4693 4692
5029 4639 4640
5029 4640 4643
4732 4796 4727
4724 4796 4730
4724 4730 4722
5032 5033 4798
5032 4798 4797
5033 5032 4781
5033 4781 4780
5034 4796 4732
5034 4732 4734
4730 4796 4795
4796 5034 4795
4731 4730 4794
4785 4784 4778
4609 4607 4550
4602 4553 4558
4553 4552 4558
4788 5035 4735
4523 5036 4540
4897 4916 4920
4518 4523 4532
4519 4518 4531
4829 5037 4909
4828 4829 4909
5038 5039 4911
5038 4911 4910
5039 5038 5040
5039 5040 5041
5037 4829 5042
5037 5042 5043
4831 5043 5042
5042 4819 4831
4829 4820 5042
4830 4817 4818
4830 4818 5044
5044 4821 4820
5044 4820 4830
5045 4870 4871
5045 4871 5046
5046 4869 4868
5046 4868 5045
4830 4829 4828
4830 4828 4817
4820 4819 5042
4819 4823 4831
5047 4875 4874
5047 4874 5048
5048 5041 5040
5048 5040 5047
4833 5043 4831
4701 4561 4534
4701 4534 4651
4561 4701 4645
4561 4645 4541
5035 4700 4653
5035 4653 4735
5035 4698 4700
4701 4700 4698
4701 4698 4645
4651 4646 4652
4651 4534 4617
5035 4737 4698
4788 4737 5035
5049 4994 4996
5049 4996 5050
5050 5051 5052
5050 5052 5049
5053 5001 5004
5053 5004 5054
5055 5056 5057
5055 5057 5054
5055 5005 4994
5055 4994 5049
5049 5052 5056
5049 5056 5055
5020 5015 5014
5036 4534 4561
4522 4527 5036
4561 4540 5036
4523 4522 5036
5036 4535 4534
4996 5058 5059
5060 5061 4953
5060 4953 4952
5062 5063 4949
5062 4949 4948
5063 5062 5061
5063 5061 5060
5059 5050 4996
5064 4924 5059
5058 5064 5059
5064 4993 4924
4996 4995 5058
5059 5065 5050
5059 4924 5065
5065 4837 5051
5065 5051 5050
4924 4837 5065
4994 5007 4995
4993 4991 4923
4553 4602 4611
4545 4544 4526
4545 4526 4529
4576 4575 4578
4576 4578 4581
4535 4526 4544
4544 4543 4536
4527 4522 4525
4527 4525 4528
4573 4572 4574
4573 4574 4577
4527 4526 4535
4527 4535 5036
4811 4807 4810
4811 4810 4812
4858 4850 4853
4858 4853 4859
4890 4887 4886
4890 4886 4891
4895 4811 4804
4895 4804 4894
4895 4901 4845
4895 4845 4844
4965 4964 4967
4965 4967 4966
5004 5003 5006
5004 5006 5005
5054 5004 5005
5054 5005 5055
5028 5066 4696
5028 4696 4648
4696 4563 4538
5066 4563 4696
5027 4562 5026
4519 4539 5026
5067 5008 5001
5067 5001 5053
5000 5008 5067
5053 5054 5057
5068 5069 5070
5068 5070 5071
5072 5073 5074
5072 5074 5075
5076 5077 5078
5075 5074 5079
5075 5079 5080
5081 5082 5083
5081 5083 5084
5080 5079 5082
5080 5082 5081
5084 5083 5069
5084 5069 5068
5085 5086 5087
5085 5087 5078
5088 5085 5078
5088 5078 5077
5089 5087 5086
5089 5086 5090
5091 5088 5077
5091 5077 5092
5093 5094 5095
5093 5095 5096
5097 5098 5093
5097 5093 5099
5077 5076 5100
5077 5100 5092
5101 5070 5069
5101 5069 5102
5074 5073 5103
5103 5073 5100
5103 5100 5104
5105 5079 5074
5105 5074 5106
5107 5083 5082
5107 5082 5108
5108 5082 5079
5108 5079 5105
5102 5069 5083
5102 5083 5107
5099 5093 5096
5099 5096 5109
5110 5111 5112
5110 5112 5113
5114 5115 5116
5114 5116 5117
5118 5119 5120
5118 5120 5121
5122 5114 5117
5122 5117 5123
5124 5125 5126
5124 5126 5127
5125 5122 5123
5125 5123 5126
5112 5111 5124
5112 5124 5127
5128 5129 5130
5128 5130 5131
5132 5128 5131
5132 5131 5133
5134 5130 5129
5134 5129 5135
5136 5137 5138
5136 5138 5139
5140 5132 5133
5140 5133 5141
5142 5143 5144
5142 5144 5145
5146 5147 5148
5146 5148 5149
5115 5145 5144
5115 5144 5116
5150 5146 5149
5150 5149 5151
5152 5118 5121
5152 5121 5153
5154 5155 5156
5154 5156 5157
5158 5159 5160
5158 5160 5161
5162 5163 5158
5162 5158 5161
5160 5159 5154
5160 5154 5157
5156 5155 5164
5156 5164 5165
5137 5136 5152
5137 5152 5153
5094 5093 5098
5094 5098 5166
5167 5168 5169
5167 5169 5170
5078 5087 5171
5076 5078 5172
5087 5089 5171
5104 5100 5076
5104 5076 5172
5092 5173 5174
5092 5174 5091
5100 5173 5092
5141 5143 5142
5141 5142 5140
5120 5119 5175
5120 5175 5176
5177 5163 5162
5177 5162 5178
5178 5176 5175
5178 5175 5177
5074 5103 5106
5096 5095 5071
5096 5071 5070
5109 5096 5070
5109 5070 5101
5147 5110 5113
5147 5113 5148
5165 5164 5167
5165 5167 5170
5100 5073 5173
5073 5072 5173
5078 5171 5172
4918 4917 4922
4918 4922 4992
4896 4922 4917
4917 4916 4897
4437 4436 4420
4437 4420 4422
5179 5180 5181
5179 5181 5182
5183 5184 5185
5183 5185 5186
5187 5188 5189
5187 5189 5190
5191 5192 5193
5191 5193 5194
5195 5185 5184
5195 5184 5196
5197 5187 5190
5197 5190 5198
5199 5181 5180
5199 5180 5200
5201 5202 5203
5201 5203 5204
5205 5206 5207
5205 5207 5208
5202 5195 5196
5202 5196 5203
5206 5197 5198
5206 5198 5207
5192 5199 5200
5192 5200 5193
5209 5210 5211
5209 5211 5212
5213 5214 5215
5213 5215 5216
5216 5215 5217
5216 5217 5218
5218 5217 5212
5218 5212 5211
5219 5220 5221
5222 5223 5224
5222 5224 5225
5226 5227 5228
5229 5230 5231
5229 5231 5232
5233 5234 5235
5226 5236 5237
5226 5237 5227
5238 5239 5240
5238 5240 5241
5242 5243 5244
5242 5244 5245
5246 5247 5248
5246 5248 5249
5250 5235 5251
5250 5251 5252
5253 5231 5230
5253 5230 5254
5255 5219 5221
5255 5221 5256
5237 5236 5257
5238 5241 5258
5238 5258 5259
5245 5244 5260
5245 5260 5261
5246 5249 5262
5246 5262 5263
5264 5250 5252
5264 5252 5265
5228 5227 5266
5235 5234 5251
5179 5182 5267
5179 5267 5268
5269 5270 5271
5269 5271 5272
5273 5274 5275
5273 5275 5276
5277 5278 5279
5277 5279 5280
5272 5271 5281
5272 5281 5282
5276 5275 5283
5276 5283 5284
5268 5267 5285
5268 5285 5286
5287 5288 5201
5287 5201 5204
5289 5290 5205
5289 5205 5208
5282 5281 5288
5282 5288 5287
5284 5283 5290
5284 5290 5289
5286 5285 5278
5286 5278 5277
5209 5291 5292
5209 5292 5210
5293 5294 5295
5293 5295 5296
5297 5295 5294
5297 5294 5298
5298 5292 5291
5298 5291 5297
5299 5300 5301
5302 5303 5304
5302 5304 5305
5226 5228 5306
5307 5308 5309
5307 5309 5310
5233 5311 5234
5312 5313 5314
5312 5314 5315
5316 5317 5318
5316 5318 5319
5320 5321 5322
5320 5322 5323
5324 5325 5326
5324 5326 5327
5328 5329 5330
5328 5330 5331
5310 5309 5332
5310 5332 5333
5300 5299 5311
5300 5311 5233
5314 5334 5315
5318 5306 5266
5318 5266 5319
5323 5335 5336
5323 5336 5320
5326 5337 5338
5326 5338 5327
5331 5330 5339
5331 5339 5340
5228 5266 5306
5311 5251 5234
5341 5342 5343
5341 5343 5344
5344 5343 5345
5344 5345 5346
5346 5345 5347
5346 5347 5348
5349 5350 5351
5349 5351 5352
5353 5354 5355
5353 5355 5356
5357 5358 5359
5357 5359 5360
5356 5355 5361
5356 5361 5362
5360 5359 5363
5360 5363 5364
5365 5366 5367
5365 5367 5368
5369 5342 5370
5342 5341 5370
5368 5367 5354
5368 5354 5353
5350 5349 5358
5350 5358 5357
5371 5372 5373
5371 5373 5374
5375 5371 5374
5375 5374 5376
5377 5375 5376
5377 5376 5378
5379 5380 5381
5379 5381 5382
5383 5384 5385
5383 5385 5386
5387 5388 5389
5387 5389 5390
5391 5383 5386
5391 5386 5392
5388 5393 5394
5388 5394 5389
5395 5396 5397
5395 5397 5398
1663 4263 5372
5372 4263 5373
5384 5395 5398
5384 5398 5385
5380 5387 5390
5380 5390 5381
5399 5400 1195
5399 1195 11
5400 5401 1194
5400 1194 1195
5402 5403 0
1192 1 5403
1192 5403 5404
5405 5402 0
5405 0 7
1194 5401 5406
1194 5406 1190
7 1190 5406
7 5406 5405
5407 16 15
5407 15 5408
11 16 5407
11 5407 5399
5404 5409 1193
5404 1193 1192
5410 5411 5412
5413 5414 5415
5416 5417 5418
5419 5420 5421
5422 5413 5423
5424 5425 5426
5411 5427 5428
5420 5419 5429
5420 5429 5430
5429 5419 5418
5429 5418 5431
5401 5400 5432
5428 5433 5415
5405 5406 5433
5405 5434 5402
5402 5435 5436
5402 5436 5403
5437 5438 5409
5437 5409 5404
5424 5414 5439
5424 5439 5440
5425 5424 5440
5435 5427 5441
5418 5419 5442
5418 5442 5443
5400 5399 5431
5424 5426 5412
5401 5432 5415
5407 5429 5431
5407 5431 5399
5410 5412 5426
5444 5411 5410
5445 5436 5441
5437 5446 5447
5437 5447 5438
5411 5444 5441
5448 5449 5450
5448 5450 5444
5451 5452 5445
5451 5445 5441
5447 5446 5453
5447 5453 5454
5451 5441 5444
5451 5444 5450
5450 5449 5455
5450 5455 5456
5457 5452 5451
5457 5451 5458
5452 5457 5459
5452 5459 5453
5458 5451 5450
5458 5450 5456
5413 5422 5439
5417 5416 5423
5416 5418 5443
5419 5421 5442
5421 5420 5460
5439 5414 5413
5414 5424 5412
5430 5429 5407
5430 5407 5408
5431 5418 5417
5431 5417 5432
5413 5432 5417
5415 5432 5413
5415 5414 5428
5403 5436 5437
5403 5437 5404
5445 5446 5437
5445 5437 5436
5452 5453 5446
5452 5446 5445
5453 5459 5461
5453 5461 5454
5462 5463 5410
5448 5410 5463
5464 5465 5466
5465 5464 5455
5467 5465 5449
5468 5467 5449
5469 5470 5471
5469 5472 5470
5473 5474 5475
5466 5465 5467
5449 5465 5455
5476 5477 5478
5476 5478 5479
5480 5481 5482
5483 5484 5485
5486 5487 5488
5489 5490 5491
5492 5493 5494
5492 5494 5495
5496 5497 5498
5496 5498 5499
5491 5490 5500
5501 5502 5482
5503 5482 5502
5504 5505 5506
5507 5508 5509
5483 5510 5511
5484 5487 5486
5503 5502 5512
5513 5514 5506
5515 5516 5503
5515 5503 5512
5517 5518 5519
5517 5519 5520
5476 5521 5522
5495 5506 5514
5500 5490 5523
5504 5524 5505
5518 5504 5525
5482 5503 5516
5482 5516 5480
5526 5527 5528
5523 5529 5481
5530 5531 5532
5532 5488 5487
5532 5487 5530
5533 5534 5507
5510 5483 5528
5535 5536 5537
5535 5537 5538
5518 5536 5535
5518 5535 5519
5521 5476 5479
5521 5479 5539
5499 5498 5540
5499 5540 5541
5505 5513 5506
5542 5517 5520
5542 5520 5543
5518 5517 5504
5517 5542 5504
5544 5524 5545
5524 5546 5545
5518 5525 5536
5525 5537 5536
5489 5491 5511
5501 5529 5523
5512 5508 5507
5525 5504 5506
5509 5533 5507
5547 5425 5548
5470 5472 5474
5547 5462 5425
5469 5471 5466
5400 5431 5432
5423 5413 5417
5434 5433 5428
5505 5524 5544
5464 5466 5471
5514 5549 5495
5549 5492 5495
5474 5472 5475
5550 5443 5442
5550 5442 5551
5423 5416 5552
5423 5552 5553
5443 5550 5552
5443 5552 5416
5425 5554 5548
5555 5556 5421
5555 5421 5460
5440 5557 5425
5423 5553 5558
5423 5558 5422
5556 5551 5442
5556 5442 5421
5440 5439 5559
5440 5559 5557
5439 5422 5558
5439 5558 5559
5411 5428 5412
5414 5412 5428
5462 5410 5426
5415 5433 5406
5425 5462 5426
5425 5557 5554
5474 5560 5470
5560 5561 5562
5470 5560 5471
5471 5560 5562
5539 5541 5540
5539 5540 5521
5478 5477 5563
5563 5477 5564
5564 5522 5494
5497 5496 5538
5497 5538 5537
5495 5565 5506
5493 5563 5564
5493 5564 5494
5494 5566 5495
5542 5543 5546
5542 5546 5524
5504 5542 5524
5512 5502 5508
5507 5534 5515
5506 5565 5525
5565 5497 5537
5565 5566 5497
5522 5498 5497
5522 5497 5566
5525 5565 5537
5477 5522 5564
5476 5522 5477
5522 5521 5540
5522 5540 5498
5494 5522 5566
5495 5566 5565
5448 5463 5468
5468 5449 5448
5441 5436 5435
5428 5427 5434
5427 5435 5434
5415 5406 5401
5405 5433 5434
5444 5410 5448
0 5403 1
5402 5434 5435
5441 5427 5411
5523 5567 5531
5523 5490 5501
5483 5526 5528
5483 5485 5526
5531 5530 5500
5530 5487 5491
5487 5511 5491
5487 5484 5483
5530 5491 5500
5531 5500 5523
5523 5481 5567
5482 5481 5529
5507 5515 5512
5501 5482 5529
5487 5483 5511
5511 5510 5489
5488 5532 5568
5569 2588 3795
5569 3795 5570
5570 3795 3794
5570 3794 5571
5572 2578 5573
3792 5574 5573
3792 5573 2581
5575 2585 2578
5575 2578 5572
3794 3790 5576
3794 5576 5571
2585 5575 5576
2585 5576 3790
5577 5578 2593
5577 2593 2596
2588 5569 5577
2588 5577 2596
5574 3792 3793
5574 3793 5579
5580 5581 5582
5583 5584 5585
5586 5587 5588
5589 5590 5591
5592 5593 5583
5594 5595 5596
5582 5597 5598
5591 5599 5600
5591 5600 5589
5600 5601 5587
5600 5587 5589
5571 5602 5570
5597 5584 5603
5575 5603 5576
5575 5572 5604
5572 5573 5605
5572 5605 5606
5607 5574 5579
5607 5579 5608
5594 5609 5610
5594 5610 5585
5596 5609 5594
5606 5611 5598
5587 5612 5613
5587 5613 5589
5570 5601 5569
5594 5581 5595
5571 5584 5602
5577 5569 5601
5577 5601 5600
5580 5595 5581
5614 5580 5582
5615 5611 5605
5607 5608 5616
5607 5616 5617
5582 5611 5614
5618 5614 5619
5618 5619 5620
5621 5611 5615
5621 5615 5622
5616 5623 5624
5616 5624 5617
5621 5619 5614
5621 5614 5611
5619 5625 5626
5619 5626 5620
5627 5628 5621
5627 5621 5622
5622 5624 5629
5622 5629 5627
5628 5625 5619
5628 5619 5621
5583 5610 5592
5588 5593 5586
5586 5612 5587
5589 5613 5590
5590 5630 5591
5610 5583 5585
5585 5581 5594
5599 5578 5577
5599 5577 5600
5601 5602 5588
5601 5588 5587
5583 5588 5602
5584 5583 5602
5584 5597 5585
5573 5574 5607
5573 5607 5605
5615 5605 5607
5615 5607 5617
5622 5615 5617
5622 5617 5624
5624 5623 5631
5624 5631 5629
5632 5580 5633
5618 5633 5580
5634 5635 5636
5636 5626 5634
5637 5620 5636
5638 5620 5637
5639 5640 5641
5639 5641 5642
5643 5644 5645
5635 5637 5636
5620 5626 5636
5646 5647 5648
5646 5648 5649
5650 5651 5652
5653 5654 5655
5656 5657 5658
5659 5660 5661
5662 5663 5664
5662 5664 5665
5666 5667 5668
5666 5668 5669
5660 5670 5661
5671 5651 5672
5673 5672 5651
5674 5675 5676
5677 5678 5679
5653 5680 5681
5655 5656 5658
5673 5682 5672
5683 5675 5684
5685 5682 5673
5685 5673 5686
5687 5688 5689
5687 5689 5690
5646 5691 5692
5663 5684 5675
5670 5693 5661
5674 5676 5694
5690 5695 5674
5651 5650 5686
5651 5686 5673
5696 5697 5698
5693 5652 5699
5700 5701 5702
5701 5700 5658
5701 5658 5657
5703 5677 5704
5681 5697 5653
5705 5706 5707
5705 5707 5708
5690 5689 5705
5690 5705 5708
5692 5709 5647
5692 5647 5646
5667 5710 5711
5667 5711 5668
5676 5675 5683
5712 5713 5688
5712 5688 5687
5690 5674 5687
5687 5674 5712
5714 5715 5694
5694 5715 5716
5690 5708 5695
5695 5708 5707
5659 5680 5660
5671 5693 5699
5682 5677 5679
5695 5675 5674
5678 5677 5703
5717 5718 5596
5641 5645 5642
5717 5596 5632
5639 5635 5640
5570 5602 5601
5593 5588 5583
5604 5597 5603
5676 5714 5694
5634 5640 5635
5684 5663 5719
5719 5663 5662
5645 5644 5642
5720 5721 5613
5720 5613 5612
5593 5722 5723
5593 5723 5586
5612 5586 5723
5612 5723 5720
5596 5718 5724
5725 5630 5590
5725 5590 5726
5609 5596 5727
5593 5592 5728
5593 5728 5722
5726 5590 5613
5726 5613 5721
5609 5727 5729
5609 5729 5610
5610 5729 5728
5610 5728 5592
5582 5581 5597
5585 5597 5581
5632 5595 5580
5584 5576 5603
5596 5595 5632
5596 5724 5727
5645 5641 5730
5730 5731 5732
5641 5640 5730
5640 5731 5730
5709 5692 5711
5709 5711 5710
5648 5733 5649
5733 5734 5649
5734 5664 5691
5669 5707 5706
5669 5706 5666
5663 5675 5735
5665 5664 5734
5665 5734 5733
5664 5663 5736
5712 5694 5716
5712 5716 5713
5674 5694 5712
5682 5679 5672
5677 5685 5704
5675 5695 5735
5735 5707 5669
5735 5669 5736
5691 5736 5669
5691 5669 5668
5695 5707 5735
5649 5734 5691
5646 5649 5691
5691 5711 5692
5691 5668 5711
5664 5736 5691
5663 5735 5736
5618 5638 5633
5638 5618 5620
5611 5606 5605
5597 5604 5598
5598 5604 5606
5584 5571 5576
5575 5604 5603
5614 5618 5580
2578 2581 5573
5572 5606 5604
5611 5582 5598
5693 5702 5737
5693 5671 5661
5653 5697 5696
5653 5696 5654
5702 5670 5700
5700 5660 5658
5658 5660 5680
5658 5653 5655
5700 5670 5660
5702 5693 5670
5693 5737 5652
5651 5699 5652
5677 5682 5685
5671 5699 5651
5658 5680 5653
5680 5659 5681
5657 5738 5701
5739 5740 5741
5739 5741 5742
5743 5744 5745
5743 5745 5746
5747 5748 5749
5747 5749 5750
5751 5752 5753
5751 5753 5754
5755 5753 5752
5755 5752 5756
5757 5758 5759
5757 5759 5760
5761 5762 5763
5761 5763 5764
5765 5766 5767
5765 5767 5768
5769 5770 5771
5769 5771 5772
5773 5774 5775
5773 5775 5776
5777 5778 5779
5777 5779 5780
5776 5781 5782
5776 5782 5773
5758 5783 5784
5758 5784 5759
5785 5786 5787
5785 5787 5788
5789 5790 5791
5789 5791 5792
5793 5794 5795
5793 5795 5796
5797 5798 5799
5797 5799 5800
5798 5797 5801
5798 5801 5802
5803 5804 5805
5803 5805 5806
5807 5808 5809
5807 5809 5810
5811 5807 5810
5811 5810 5812
5813 5814 5815
5813 5815 5816
5817 5818 5819
5817 5819 5820
5820 5821 5822
5820 5822 5817
5823 5811 5812
5823 5812 5824
5814 5825 5826
5814 5826 5815
5780 5827 5828
5780 5828 5777
5829 5830 5831
5829 5831 5832
5833 5834 5835
5833 5835 5836
5836 5739 5742
5836 5742 5833
5744 5837 5838
5744 5838 5745
5837 5835 5834
5837 5834 5838
5754 5741 5740
5754 5740 5751
5756 5839 5840
5756 5840 5755
5841 5840 5839
5841 5839 5842
5842 5843 5844
5842 5844 5841
5843 5845 5846
5843 5846 5844
5750 5846 5845
5750 5845 5747
5748 5743 5746
5748 5746 5749
5760 5779 5778
5760 5778 5757
5847 5848 5849
5847 5849 5850
5768 5767 5850
5768 5850 5849
5851 5852 5770
5851 5770 5769
5848 5847 5852
5848 5852 5851
5853 5854 5855
5853 5855 5856
5796 5784 5783
5796 5783 5793
5766 5765 5800
5766 5800 5799
5824 5795 5794
5824 5794 5823
5857 5858 5802
5857 5802 5801
5858 5857 5859
5858 5859 5860
5816 5809 5808
5816 5808 5813
5861 5862 5860
5861 5860 5859
5863 5864 5862
5863 5862 5861
5864 5863 5788
5864 5788 5787
5772 5771 5786
5772 5786 5785
5781 5761 5764
5781 5764 5782
5762 5865 5866
5762 5866 5763
5832 5775 5774
5832 5774 5829
5867 5868 5869
5867 5869 5870
5868 5805 5804
5868 5804 5869
5806 5819 5818
5806 5818 5803
5865 5867 5870
5865 5870 5866
5871 5831 5830
5871 5830 5872
5821 5873 5874
5821 5874 5822
5875 5876 5877
5875 5877 5878
5879 5880 5881
5879 5881 5882
5880 5883 5884
5880 5884 5881
5883 5885 5886
5883 5886 5884
5885 5887 5888
5885 5888 5886
5887 5889 5890
5887 5890 5888
5889 5891 5892
5889 5892 5890
5891 5875 5878
5891 5878 5892
5893 5894 5895
5896 5897 5898
5896 5898 5899
5894 5900 5895
5900 5901 5902
5897 5903 5904
5897 5904 5898
5901 5905 5902
5906 5907 5908
5906 5908 5909
5907 5910 5911
5907 5911 5908
5899 5898 5907
5899 5907 5906
5912 5913 5914
5912 5914 5915
5909 5908 5916
5908 5911 5916
5917 5918 5919
5900 5902 5897
5905 5920 5921
5922 5923 5924
5922 5924 5913
5920 5925 5921
5926 5927 5928
5923 5929 5930
5923 5930 5924
5927 5931 5928
5914 5932 5933
5914 5933 5934
5932 5935 5936
5932 5936 5933
5913 5924 5932
5913 5932 5914
5924 5930 5935
5924 5935 5932
5937 5938 5939
5938 5940 5939
5941 5942 5922
5926 5928 5923
5943 5944 5945
5946 5947 5948
5946 5948 5949
5931 5950 5951
5929 5952 5953
5929 5953 5930
5950 5954 5951
5954 5955 5956
5952 5957 5958
5952 5958 5953
5955 5959 5956
5959 5960 5961
5962 5946 5949
5962 5949 5963
5960 5964 5961
5964 5943 5945
5965 5966 5967
5965 5967 5968
5969 5970 5971
5969 5971 5972
5970 5973 5974
5970 5974 5971
5973 5965 5968
5973 5968 5975
5949 5948 5966
5949 5966 5965
5930 5953 5976
5930 5976 5935
5953 5958 5977
5953 5977 5976
5963 5949 5965
5963 5965 5973
5968 5967 5978
5972 5971 5979
5971 5974 5979
5975 5968 5978
5945 5944 5980
5931 5951 5929
5954 5956 5952
5959 5961 5957
5929 5928 5931
5923 5928 5929
5952 5951 5954
5929 5951 5952
5923 5942 5926
5922 5942 5923
5957 5956 5959
5952 5956 5957
5922 5981 5941
5982 5981 5922
5983 5961 5964
5957 5961 5983
5984 5985 5986
5919 5918 5987
5988 5947 5946
5945 5983 5964
5989 5990 5991
5989 5991 5992
5990 5993 5994
5990 5994 5991
5993 5995 5996
5993 5996 5994
5995 5997 5998
5995 5998 5996
5999 6000 6001
5999 6001 6002
6000 6003 6004
6000 6004 6001
6003 6005 6006
6003 6006 6004
6005 6007 6008
6005 6008 6006
6009 6010 6011
6009 6011 6012
6010 6013 6014
6010 6014 6011
6013 6015 6016
6013 6016 6014
6015 6002 6017
6015 6017 6016
6002 6001 6018
6002 6018 6017
6001 6004 6019
6001 6019 6018
6004 6006 6020
6004 6020 6019
6006 6008 6021
6006 6021 6020
6012 6011 6022
6012 6022 6023
6011 6014 6024
6011 6024 6022
6014 6016 6025
6014 6025 6024
6016 6017 6026
6016 6026 6025
6017 6018 6027
6017 6027 6026
6018 6019 6028
6018 6028 6027
6019 6020 6029
6019 6029 6028
6020 6021 6030
6020 6030 6029
6023 6022 6031
6023 6031 6032
6022 6024 6033
6022 6033 6031
6024 6025 6034
6024 6034 6033
6025 6026 6035
6025 6035 6034
6026 6027 6036
6026 6036 6035
6027 6028 6037
6027 6037 6036
6028 6029 6038
6028 6038 6037
6029 6030 6039
6029 6039 6038
6040 6041 6042
6043 6040 6042
6044 6043 6042
6045 6044 6042
6046 6045 6042
6047 6046 6042
6048 6047 6042
6041 6048 6042
6032 6031 6049
6032 6049 6050
6031 6033 6051
6031 6051 6049
6033 6034 6052
6033 6052 6051
6034 6035 6053
6034 6053 6052
6035 6036 6054
6035 6054 6053
6036 6037 6055
6036 6055 6054
6037 6038 6056
6037 6056 6055
6038 6039 6057
6038 6057 6056
6050 6049 6058
6050 6058 6059
6049 6051 6060
6049 6060 6058
6051 6052 6061
6051 6061 6060
6052 6053 6062
6052 6062 6061
6053 6054 6063
6053 6063 6062
6054 6055 6064
6054 6064 6063
6055 6056 6065
6055 6065 6064
6056 6057 6066
6056 6066 6065
6067 6068 6069
6067 6069 6070
6069 6068 6071
6069 6071 6072
6073 6067 6070
6073 6070 6074
6074 6075 6076
6074 6076 6077
6078 6079 6080
6078 6080 6081
6079 6082 6072
6079 6072 6080
6083 6084 6085
6086 6087 6088
6086 6088 6089
6090 6091 6092
6090 6092 6093
6093 6092 6094
6091 6090 6095
6091 6095 6096
6081 6097 6098
6081 6098 6099
6077 6076 6100
6077 6100 6101
6089 6102 6103
6089 6103 6086
6096 6095 6104
6096 6104 6105
6106 6107 6108
6106 6108 6109
6110 6070 6069
6110 6069 6111
6069 6072 6082
6069 6082 6111
6075 6074 6070
6075 6070 6110
6074 6077 6112
6074 6112 6073
6097 6081 6080
6097 6080 6113
6113 6080 6072
6113 6072 6071
6081 6099 6114
6081 6114 6078
6077 6101 6115
6077 6115 6112
6116 6109 6108
6116 6108 6117
6118 6119 6120
6118 6120 6121
6122 6119 6118
6122 6118 6123
6121 6120 6124
6121 6124 6125
6126 6127 6125
6126 6125 6128
6129 6130 6131
6129 6131 6132
6130 6129 6123
6130 6123 6133
6134 6135 6136
6137 6138 6139
6137 6139 6140
6141 6142 6143
6141 6143 6144
6142 6145 6143
6146 6141 6144
6146 6144 6147
6148 6149 6132
6148 6132 6150
6151 6126 6128
6151 6128 6152
6140 6139 6153
6140 6153 6154
6155 6146 6147
6155 6147 6156
6157 6158 6159
6157 6159 6160
6118 6121 6161
6118 6161 6162
6118 6162 6133
6118 6133 6123
6121 6125 6127
6121 6127 6161
6125 6124 6163
6125 6163 6128
6129 6132 6149
6129 6149 6164
6123 6129 6164
6123 6164 6122
6132 6131 6165
6132 6165 6150
6128 6163 6166
6128 6166 6152
6157 6160 6167
6157 6167 6168
6087 6085 6084
6087 6084 6088
6136 6135 6138
6136 6138 6137
6169 6170 6171
6169 6171 6172
6173 6174 6175
6173 6175 6176
6173 6177 6178
6173 6178 6174
6177 6169 6172
6177 6172 6178
6176 6175 6179
6176 6179 6180
6180 6179 6181
6180 6181 6182
6183 6184 6185
6183 6185 6186
6187 6188 6189
6187 6189 6190
6191 6192 6188
6191 6188 6187
6190 6189 6193
6190 6193 6194
6195 6196 6192
6195 6192 6191
6194 6193 6197
6194 6197 6198
6186 6185 6196
6186 6196 6195
6198 6197 6199
6198 6199 6200
6201 6202 6203
6201 6203 6204
6205 6206 6207
6205 6207 6208
6209 6210 6206
6209 6206 6205
6208 6207 6211
6208 6211 6212
6204 6203 6210
6204 6210 6209
6212 6211 6213
6212 6213 6214
6215 6216 6217
6215 6217 6218
6219 6220 6221
6219 6221 6222
6223 6224 6219
6223 6219 6222
6218 6217 6224
6218 6224 6223
6220 6225 6226
6220 6226 6221
6225 6227 6228
6225 6228 6226
6229 6230 6231
6229 6231 6232
6233 6234 6235
6233 6235 6236
6237 6238 6239
6237 6239 6240
6241 6242 6243
6241 6243 6244
6242 6241 6245
6242 6245 6246
6247 6248 6249
6247 6249 6250
6251 6252 6253
6251 6253 6254
6255 6256 6257
6255 6257 6258
6259 6260 6261
6259 6261 6262
6263 6264 6265
6263 6265 6266
6267 6268 6269
6267 6269 6270
6271 6272 6266
6271 6266 6265
6273 6274 6248
6273 6248 6247
6275 6276 6277
6275 6277 6278
6279 6280 6281
6279 6281 6282
6283 6284 6285
6283 6285 6286
6287 6288 6289
6287 6289 6290
6290 6291 6292
6290 6292 6287
6293 6294 6295
6293 6295 6296
6297 6298 6299
6297 6299 6300
6300 6299 6301
6300 6301 6302
6303 6304 6305
6303 6305 6306
6307 6308 6309
6307 6309 6310
6311 6312 6310
6311 6310 6309
6302 6301 6313
6302 6313 6314
6315 6316 6304
6315 6304 6303
6317 6318 6270
6317 6270 6269
6319 6320 6321
6319 6321 6322
6323 6324 6325
6323 6325 6326
6324 6323 6232
6324 6232 6231
6234 6233 6327
6234 6327 6328
6328 6327 6326
6328 6326 6325
6244 6243 6230
6244 6230 6229
6246 6245 6329
6246 6329 6330
6331 6332 6330
6331 6330 6329
6332 6331 6333
6332 6333 6334
6334 6333 6335
6334 6335 6336
6240 6239 6336
6240 6336 6335
6238 6237 6236
6238 6236 6235
6250 6249 6268
6250 6268 6267
6337 6338 6339
6337 6339 6340
6340 6257 6256
6340 6256 6337
6262 6341 6342
6262 6342 6259
6341 6339 6338
6341 6338 6342
6343 6344 6345
6343 6345 6346
6286 6285 6274
6286 6274 6273
6288 6255 6258
6288 6258 6289
6314 6313 6284
6314 6284 6283
6291 6347 6348
6291 6348 6292
6349 6348 6347
6349 6347 6350
6306 6305 6298
6306 6298 6297
6350 6351 6352
6350 6352 6349
6351 6353 6354
6351 6354 6352
6276 6354 6353
6276 6353 6277
6278 6261 6260
6278 6260 6275
6272 6271 6254
6272 6254 6253
6252 6251 6355
6252 6355 6356
6322 6321 6264
6322 6264 6263
6357 6358 6359
6357 6359 6360
6360 6359 6294
6360 6294 6293
6296 6295 6308
6296 6308 6307
6356 6355 6358
6356 6358 6357
6361 6362 6320
6361 6320 6319
6312 6311 6363
6312 6363 6364
6365 6366 6367
6365 6367 6368
6369 6370 6371
6369 6371 6372
6372 6371 6373
6372 6373 6374
6374 6373 6375
6374 6375 6376
6376 6375 6377
6376 6377 6378
6378 6377 6379
6378 6379 6380
6380 6379 6381
6380 6381 6382
6382 6381 6366
6382 6366 6365
6383 6384 6385
6386 6387 6388
6386 6388 6389
6385 6384 6390
6390 6391 6392
6389 6388 6393
6389 6393 6394
6392 6391 6395
6396 6397 6398
6396 6398 6399
6400 6401 6397
6400 6397 6396
6387 6398 6397
6387 6397 6388
6402 6403 6404
6402 6404 6405
6399 6406 6396
6396 6406 6400
6407 6408 6409
6390 6389 6391
6395 6410 6411
6412 6405 6413
6412 6413 6414
6411 6410 6415
6416 6417 6418
6414 6413 6419
6414 6419 6420
6418 6417 6421
6422 6423 6404
6422 6404 6424
6425 6426 6423
6425 6423 6422
6405 6404 6423
6405 6423 6413
6413 6423 6426
6413 6426 6419
6427 6428 6429
6429 6428 6430
6431 6412 6432
6416 6414 6417
6433 6434 6435
6436 6437 6438
6436 6438 6439
6421 6440 6441
6420 6419 6442
6420 6442 6443
6441 6440 6444
6444 6445 6446
6443 6442 6447
6443 6447 6448
6446 6445 6449
6449 6450 6451
6452 6453 6437
6452 6437 6436
6451 6450 6454
6454 6434 6433
6455 6456 6457
6455 6457 6458
6459 6460 6461
6459 6461 6462
6463 6464 6460
6463 6460 6459
6458 6457 6464
6458 6464 6465
6437 6457 6456
6437 6456 6438
6419 6426 6466
6419 6466 6442
6442 6466 6467
6442 6467 6447
6453 6464 6457
6453 6457 6437
6458 6468 6455
6462 6469 6459
6459 6469 6463
6465 6468 6458
6434 6470 6435
6421 6420 6440
6444 6443 6445
6449 6448 6450
6420 6421 6417
6414 6420 6417
6443 6444 6440
6420 6443 6440
6414 6416 6432
6412 6414 6432
6448 6449 6445
6443 6448 6445
6412 6431 6471
6472 6412 6471
6473 6454 6450
6448 6473 6450
6474 6475 6476
6408 6477 6409
6478 6436 6439
6434 6454 6473
6479 6480 6481
6479 6481 6482
6482 6481 6483
6482 6483 6484
6484 6483 6485
6484 6485 6486
6486 6485 6487
6486 6487 6488
6489 6490 6491
6489 6491 6492
6492 6491 6493
6492 6493 6494
6494 6493 6495
6494 6495 6496
6496 6495 6497
6496 6497 6498
6499 6500 6501
6499 6501 6502
6502 6501 6503
6502 6503 6504
6504 6503 6505
6504 6505 6506
6506 6505 6507
6506 6507 6490
6490 6507 6508
6490 6508 6491
6491 6508 6509
6491 6509 6493
6493 6509 6510
6493 6510 6495
6495 6510 6511
6495 6511 6497
6500 6512 6513
6500 6513 6501
6501 6513 6514
6501 6514 6503
6503 6514 6515
6503 6515 6505
6505 6515 6516
6505 6516 6507
6507 6516 6517
6507 6517 6508
6508 6517 6518
6508 6518 6509
6509 6518 6519
6509 6519 6510
6510 6519 6520
6510 6520 6511
6512 6521 6522
6512 6522 6513
6513 6522 6523
6513 6523 6514
6514 6523 6524
6514 6524 6515
6515 6524 6525
6515 6525 6516
6516 6525 6526
6516 6526 6517
6517 6526 6527
6517 6527 6518
6518 6527 6528
6518 6528 6519
6519 6528 6529
6519 6529 6520
6530 6531 6532
6533 6531 6530
6534 6531 6533
6535 6531 6534
6536 6531 6535
6537 6531 6536
6538 6531 6537
6532 6531 6538
6521 6539 6540
6521 6540 6522
6522 6540 6541
6522 6541 6523
6523 6541 6542
6523 6542 6524
6524 6542 6543
6524 6543 6525
6525 6543 6544
6525 6544 6526
6526 6544 6545
6526 6545 6527
6527 6545 6546
6527 6546 6528
6528 6546 6547
6528 6547 6529
6539 6548 6549
6539 6549 6540
6540 6549 6550
6540 6550 6541
6541 6550 6551
6541 6551 6542
6542 6551 6552
6542 6552 6543
6543 6552 6553
6543 6553 6544
6544 6553 6554
6544 6554 6545
6545 6554 6555
6545 6555 6546
6546 6555 6556
6546 6556 6547
6557 6558 6559
6557 6559 6560
6561 6558 6557
6561 6557 6562
6560 6559 6563
6560 6563 6564
6565 6566 6564
6565 6564 6567
6568 6569 6570
6568 6570 6571
6571 6570 6562
6571 6562 6572
6573 6574 6575
6576 6577 6578
6576 6578 6579
6580 6581 6582
6580 6582 6583
6581 6584 6582
6585 6580 6583
6585 6583 6586
6587 6588 6569
6587 6569 6589
6590 6565 6567
6590 6567 6591
6579 6578 6592
6579 6592 6593
6594 6585 6586
6594 6586 6595
6596 6597 6598
6596 6598 6599
6557 6560 6600
6557 6600 6601
6557 6601 6572
6557 6572 6562
6560 6564 6566
6560 6566 6600
6564 6563 6602
6564 6602 6567
6570 6569 6588
6570 6588 6603
6562 6570 6603
6562 6603 6561
6569 6568 6604
6569 6604 6589
6567 6602 6605
6567 6605 6591
6596 6599 6606
6596 6606 6607
6608 6609 6610
6608 6610 6611
6610 6609 6612
6610 6612 6613
6614 6608 6611
6614 6611 6615
6615 6616 6617
6615 6617 6618
6619 6620 6621
6619 6621 6622
6620 6623 6613
6620 6613 6621
6624 6625 6626
6627 6628 6629
6627 6629 6630
6631 6632 6633
6631 6633 6634
6634 6633 6635
6636 6637 6632
6636 6632 6631
6622 6638 6639
6622 6639 6640
6618 6617 6641
6618 6641 6642
6630 6643 6644
6630 6644 6627
6637 6636 6645
6637 6645 6646
6647 6648 6649
6647 6649 6650
6651 6611 6610
6651 6610 6652
6610 6613 6623
6610 6623 6652
6616 6615 6611
6616 6611 6651
6615 6618 6653
6615 6653 6614
6621 6654 6638
6621 6638 6622
6654 6621 6613
6654 6613 6612
6622 6640 6655
6622 6655 6619
6618 6642 6656
6618 6656 6653
6657 6650 6649
6657 6649 6658
6575 6574 6577
6575 6577 6576
6625 6629 6628
6625 6628 6626
6659 6660 6661
6659 6661 6662
6663 6664 6665
6663 6665 6666
6667 6668 6663
6667 6663 6666
6662 6661 6668
6662 6668 6667
6664 6669 6670
6664 6670 6665
6669 6671 6672
6669 6672 6670
6673 6674 6675
6673 6675 6676
6677 6678 6679
6677 6679 6680
6678 6681 6682
6678 6682 6679
6683 6677 6680
6683 6680 6684
6681 6685 6686
6681 6686 6682
6687 6683 6684
6687 6684 6688
6685 6675 6674
6685 6674 6686
6689 6687 6688
6689 6688 6690
6691 6692 6693
6691 6693 6694
6695 6696 6697
6695 6697 6698
6696 6699 6700
6696 6700 6697
6701 6695 6698
6701 6698 6702
6699 6693 6692
6699 6692 6700
6703 6701 6702
6703 6702 6704
6705 6706 6707
6705 6707 6708
6709 6710 6711
6709 6711 6712
6709 6713 6714
6709 6714 6710
6713 6705 6708
6713 6708 6714
6712 6711 6715
6712 6715 6716
6716 6715 6717
6716 6717 6718
6719 6720 6721
6719 6721 6722
6723 6724 6725
6723 6725 6726
6727 6728 6729
6727 6729 6730
6731 6732 6733
6731 6733 6734
6735 6729 6728
6735 6728 6736
6724 6723 6737
6724 6737 6738
6732 6731 6739
6732 6739 6740
6720 6741 6742
6720 6742 6721
6743 6744 6745
6743 6745 6746
6747 6748 6749
6747 6749 6750
6751 6752 6753
6751 6753 6754
6755 6756 6757
6755 6757 6758
6754 6759 6760
6754 6760 6751
6748 6747 6761
6748 6761 6762
6756 6755 6763
6756 6763 6764
6765 6743 6746
6765 6746 6766
6767 6768 6769
6767 6769 6770
6771 6772 6773
6771 6773 6774
6775 6776 6777
6775 6777 6778
6779 6780 6781
6779 6781 6782
6783 6784 6785
6783 6785 6786
6787 6788 6789
6787 6789 6790
6791 6792 6793
6791 6793 6794
6795 6796 6797
6795 6797 6798
6799 6800 6801
6799 6801 6802
6803 6804 6805
6803 6805 6806
6807 6808 6809
6807 6809 6810
6811 6812 6813
6811 6813 6814
6815 6816 6817
6815 6817 6818
6819 6820 6821
6819 6821 6822
6823 6824 6825
6823 6825 6826
6827 6828 6829
6827 6829 6830
6768 6831 6832
6768 6832 6769
6774 6773 6833
6774 6833 6834
6776 6835 6836
6776 6836 6777
6782 6781 6837
6782 6837 6838
6784 6839 6840
6784 6840 6785
6790 6789 6841
6790 6841 6842
6794 6793 6843
6794 6843 6844
6796 6845 6846
6796 6846 6797
6800 6847 6848
6800 6848 6801
6806 6805 6849
6806 6849 6850
6808 6851 6852
6808 6852 6809
6814 6813 6853
6814 6853 6854
6816 6855 6856
6816 6856 6817
6822 6821 6857
6822 6857 6858
6826 6825 6859
6826 6859 6860
6828 6861 6862
6828 6862 6829
6863 6864 6865
6863 6865 6866
6867 6868 6869
6867 6869 6870
6871 6872 6873
6871 6873 6874
6875 6876 6877
6875 6877 6878
6879 6880 6881
6879 6881 6882
6883 6884 6885
6883 6885 6886
6887 6888 6889
6887 6889 6890
6891 6892 6893
6891 6893 6894
6895 6896 6897
6895 6897 6898
6899 6900 6901
6899 6901 6902
6903 6904 6905
6903 6905 6906
6907 6908 6909
6907 6909 6910
6911 6912 6913
6911 6913 6914
6915 6916 6917
6915 6917 6918
6919 6920 6921
6919 6921 6922
6923 6924 6925
6923 6925 6926
6864 6767 6770
6864 6770 6865
6870 6869 6772
6870 6772 6771
6872 6775 6778
6872 6778 6873
6878 6877 6780
6878 6780 6779
6880 6783 6786
6880 6786 6881
6886 6885 6788
6886 6788 6787
6890 6889 6792
6890 6792 6791
6892 6795 6798
6892 6798 6893
6896 6799 6802
6896 6802 6897
6902 6901 6804
6902 6804 6803
6904 6807 6810
6904 6810 6905
6910 6909 6812
6910 6812 6811
6912 6815 6818
6912 6818 6913
6918 6917 6820
6918 6820 6819
6922 6921 6824
6922 6824 6823
6924 6827 6830
6924 6830 6925
6722 6863 6866
6722 6866 6719
6726 6725 6868
6726 6868 6867
6730 6871 6874
6730 6874 6727
6734 6733 6876
6734 6876 6875
6736 6879 6882
6736 6882 6735
6738 6737 6884
6738 6884 6883
6740 6739 6888
6740 6888 6887
6741 6891 6894
6741 6894 6742
6744 6895 6898
6744 6898 6745
6750 6749 6900
6750 6900 6899
6752 6903 6906
6752 6906 6753
6758 6757 6908
6758 6908 6907
6759 6911 6914
6759 6914 6760
6762 6761 6916
6762 6916 6915
6764 6763 6920
6764 6920 6919
6766 6923 6926
6766 6926 6765
6927 6928 6929
6927 6929 6930
6931 6932 6928
6931 6928 6927
6933 6934 6932
6933 6932 6931
6935 6936 6937
6935 6937 6938
6930 6929 6938
6930 6938 6937
6939 6940 6941
6939 6941 6942
6943 6944 6934
6943 6934 6933
6945 6946 6944
6945 6944 6943
6947 6948 6949
6947 6949 6950
6951 6952 6950
6951 6950 6949
6952 6951 6953
6952 6953 6954
6955 6956 6954
6955 6954 6953
6948 6947 6946
6948 6946 6945
6942 6941 6956
6942 6956 6955
6957 6958 6936
6957 6936 6935
6940 6939 6958
6940 6958 6957
6959 6960 6961
6959 6961 6962
6963 6964 6965
6963 6965 6966
6967 6968 6969
6967 6969 6970
6962 6969 6968
6962 6968 6959
6960 6963 6966
6960 6966 6961
6971 6972 6973
6971 6973 6974
6964 6975 6976
6964 6976 6965
6975 6977 6978
6975 6978 6976
6979 6980 6981
6979 6981 6982
6983 6979 6982
6983 6982 6984
6985 6981 6980
6985 6980 6986
6987 6985 6986
6987 6986 6988
6977 6983 6984
6977 6984 6978
6988 6971 6974
6988 6974 6987
6989 6967 6970
6989 6970 6990
6990 6973 6972
6990 6972 6989
6991 6992 6993
6991 6993 6994
6995 6996 6992
6995 6992 6991
6997 6998 6996
6997 6996 6995
6999 7000 6998
6999 6998 6997
7001 7002 7000
7001 7000 6999
7003 7004 7002
7003 7002 7001
7005 7006 7004
7005 7004 7003
7007 7008 7009
7007 7009 7010
7011 7012 7008
7011 7008 7007
7013 7014 7012
7013 7012 7011
7015 7016 7014
7015 7014 7013
7017 7018 7016
7017 7016 7015
7019 7020 7018
7019 7018 7017
7021 7022 7020
7021 7020 7019
7023 7024 7022
7023 7022 7021
6994 6993 7024
6994 7024 7023
7025 7026 7027
7025 7027 7028
7029 7030 7026
7029 7026 7025
7031 7032 7030
7031 7030 7029
7033 7034 7032
7033 7032 7031
7035 7036 7034
7035 7034 7033
7037 7038 7036
7037 7036 7035
7039 7040 7038
7039 7038 7037
7041 7042 7040
7041 7040 7039
7043 7044 7042
7043 7042 7041
7045 7046 7044
7045 7044 7043
7047 7048 7046
7047 7046 7045
7049 7050 7048
7049 7048 7047
7051 7052 7050
7051 7050 7049
7053 7054 7052
7053 7052 7051
7055 7056 7054
7055 7054 7053
7028 7027 7057
7028 7057 7058
7059 7060 7061
7062 7063 7064
7062 7064 7065
7066 7067 7068
7066 7068 7069
7065 7064 7070
7065 7070 7071
7072 7073 7074
7072 7074 7075
7076 7077 7078
7076 7079 7080
7059 7081 7060
7082 7083 7067
7082 7067 7066
7084 7076 7085
7059 7086 7081
7071 7070 7083
7071 7083 7082
7077 7076 7084
7087 7088 7089
7087 7089 7090
7091 7061 7092
7080 7079 7093
7059 7094 7086
7059 7061 7091
7076 7080 7085
7095 7096 7097
7098 7099 7100
7101 7102 7103
7104 7105 7106
7107 7108 7109
7110 7111 7112
7113 7114 7115
7116 7117 7118
7119 7120 7121
7100 7122 7123
7122 7124 7125
7124 7099 7126
7122 7100 7099
7122 7099 7124
7127 7128 7129
7130 7131 7132
7133 7134 7135
7136 7137 7138
7139 7140 7141
7142 7143 7144
7145 7146 7147
7148 7149 7150
7151 7152 7153
7132 7154 7155
7156 7131 7157
7154 7132 7131
7154 7131 7156
7154 7156 7158
7159 7160 7161
7162 7163 7164
7165 7166 7167
7168 7164 7163
7168 7163 7169
7170 7171 7172
7173 7174 7175
7176 7177 7178
7179 7180 7181
7182 7183 7184
7185 7186 7187
7164 7168 7188
7169 7163 7189
7168 7169 7190
7191 7192 7193
7191 7193 7194
7195 7196 7197
7192 7198 7199
7192 7199 7193
7196 7200 7197
7198 7201 7202
7198 7202 7199
7200 7203 7197
7201 7204 7205
7201 7205 7202
7203 7206 7197
7204 7207 7208
7204 7208 7205
7206 7209 7197
7207 7210 7211
7207 7211 7208
7209 7212 7197
7210 7213 7214
7210 7214 7211
7212 7215 7197
7216 7217 7218
7216 7218 7219
7215 7220 7197
7217 7221 7222
7217 7222 7218
7220 7223 7197
7221 7224 7225
7221 7225 7222
7223 7226 7197
7224 7227 7228
7224 7228 7225
7226 7229 7197
7227 7191 7194
7227 7194 7228
7229 7195 7197
7230 7231 7232
7230 7232 7233
7234 7235 7236
7231 7237 7238
7231 7238 7232
7235 7239 7236
7237 7240 7241
7237 7241 7238
7239 7242 7236
7240 7243 7244
7240 7244 7241
7242 7245 7236
7243 7246 7247
7243 7247 7244
7245 7248 7236
7246 7249 7250
7246 7250 7247
7248 7251 7236
7249 7252 7253
7249 7253 7250
7251 7254 7236
7255 7256 7257
7255 7257 7258
7254 7259 7236
7256 7260 7261
7256 7261 7257
7259 7262 7236
7260 7263 7264
7260 7264 7261
7262 7265 7236
7263 7266 7267
7263 7267 7264
7265 7268 7236
7266 7230 7233
7266 7233 7267
7268 7234 7236
7269 7270 7271
7269 7271 7272
7273 7274 7275
7270 7276 7277
7270 7277 7271
7274 7278 7275
7276 7279 7280
7276 7280 7277
7278 7281 7275
7279 7282 7283
7279 7283 7280
7281 7284 7275
7282 7285 7286
7282 7286 7283
7284 7287 7275
7285 7288 7289
7285 7289 7286
7287 7290 7275
7288 7291 7292
7288 7292 7289
7290 7293 7275
7294 7295 7296
7294 7296 7297
7293 7298 7275
7295 7299 7300
7295 7300 7296
7298 7301 7275
7299 7302 7303
7299 7303 7300
7301 7304 7275
7302 7305 7306
7302 7306 7303
7304 7307 7275
7305 7269 7272
7305 7272 7306
7307 7273 7275
7308 7309 7310
7308 7310 7311
7312 7308 7311
7312 7311 7313
7314 7315 7316
7314 7316 7317
7309 7318 7319
7309 7319 7310
7320 7321 7322
7320 7322 7323
7323 7322 7324
7323 7324 7325
7326 7327 7328
7326 7328 7329
7330 7331 7332
7330 7332 7333
7334 7335 7336
7334 7336 7337
7338 7334 7337
7338 7337 7339
7340 7341 7342
7340 7342 7343
7321 7320 7344
7321 7344 7345
7346 7347 7348
7346 7348 7349
7350 7351 7352
7350 7352 7353
7354 7355 7356
7354 7356 7357
7358 7359 7360
7358 7360 7361
7362 7363 7364
7314 7365 7315
7366 7367 7368
7327 7369 7328
7338 7370 7334
7341 7371 7342
7346 7372 7347
7359 7373 7360
7312 7374 7308
7309 7375 7318
7325 7376 7323
7331 7377 7332
7378 7379 7380
7320 7381 7344
7350 7382 7351
7355 7383 7356
7364 7372 7346
7364 7363 7372
7315 7363 7362
7315 7365 7363
7368 7373 7359
7368 7367 7373
7328 7384 7385
7328 7369 7384
7334 7386 7335
7334 7370 7386
7342 7367 7366
7342 7371 7367
7347 7370 7338
7347 7372 7370
7360 7369 7327
7360 7373 7369
7308 7375 7309
7308 7374 7375
7318 7387 7388
7318 7375 7387
7323 7381 7320
7323 7376 7381
7332 7383 7355
7332 7377 7383
7380 7382 7350
7380 7379 7382
7344 7389 7390
7344 7381 7389
7351 7374 7312
7351 7382 7374
7356 7376 7325
7356 7383 7376
7391 7392 7393
7391 7393 7394
7395 7396 7397
7395 7397 7398
7399 7391 7394
7399 7394 7400
7400 7395 7398
7400 7398 7399
7401 7402 7403
7401 7403 7404
7405 7406 7407
7405 7407 7408
7409 7410 7411
7409 7411 7412
7392 7411 7410
7392 7410 7393
7413 7414 7415
7413 7415 7416
7417 7418 7419
7417 7419 7420
7421 7422 7423
7424 7425 7426
7424 7426 7427
7428 7429 7430
7428 7430 7431
7432 7433 7434
7432 7434 7435
7436 7437 7438
7436 7438 7439
7440 7429 7441
7440 7441 7442
7429 7428 7443
7429 7443 7441
7428 7432 7444
7428 7444 7443
7445 7425 7424
7445 7424 7446
7447 7448 7449
7447 7449 7450
7451 7452 7453
7451 7453 7454
7455 7448 7447
7455 7447 7456
7457 7458 7459
7457 7459 7460
7461 7453 7462
7461 7462 7463
7464 7465 7466
7467 7468 7469
7467 7469 7470
7471 7472 7473
7471 7473 7474
7475 7476 7477
7475 7477 7478
7479 7455 7456
7479 7456 7480
7458 7481 7482
7458 7482 7459
7461 7463 7483
7461 7483 7475
7484 7485 7473
7484 7473 7472
7486 7466 7487
7488 7489 7490
7488 7490 7491
7492 7493 7494
7492 7494 7495
7496 7497 7498
7496 7498 7499
7500 7501 7502
7500 7502 7503
7504 7505 7506
7504 7506 7507
7490 7508 7509
7490 7509 7491
7510 7511 7492
7510 7492 7512
7513 7468 7505
7513 7505 7504
7514 7515 7516
7514 7516 7517
7518 7519 7520
7515 7514 7521
7515 7521 7522
7523 7518 7520
7523 7520 7524
7525 7526 7527
7525 7527 7528
7485 7484 7529
7485 7529 7530
7486 7487 7531
7532 7533 7534
7532 7534 7535
7522 7521 7536
7522 7536 7537
7538 7523 7524
7538 7524 7539
7540 7533 7532
7540 7532 7525
7541 7542 7543
7541 7543 7544
7545 7542 7546
7545 7546 7547
7486 7531 7548
7486 7548 7549
7542 7541 7550
7542 7550 7551
7552 7553 7554
7552 7554 7555
7556 7557 7558
7556 7558 7559
7558 7560 7547
7558 7547 7546
7548 7561 7562
7548 7562 7563
7564 7565 7562
7564 7562 7555
7559 7566 7567
7559 7567 7556
7551 7568 7569
7570 7571 7572
7570 7572 7573
7574 7575 7513
7574 7513 7576
7577 7578 7413
7577 7413 7579
7580 7581 7582
7580 7582 7583
7583 7582 7584
7585 7572 7571
7585 7571 7586
7585 7587 7578
7585 7578 7577
7588 7589 7590
7588 7590 7591
7592 7588 7591
7592 7591 7593
7594 7554 7553
7594 7553 7595
7596 7597 7462
7596 7462 7598
7597 7599 7463
7597 7463 7462
7483 7471 7474
7483 7474 7600
7483 7463 7599
7483 7599 7471
7601 7518 7514
7601 7514 7517
7602 7544 7540
7602 7540 7603
7533 7540 7544
7533 7544 7543
7604 7605 7606
7604 7606 7607
7608 7488 7491
7608 7491 7609
7494 7496 7499
7494 7499 7495
7610 7611 7612
7610 7612 7509
7491 7509 7612
7491 7612 7609
7495 7499 7613
7495 7613 7614
7468 7615 7616
7617 7484 7472
7529 7484 7617
7454 7618 7619
7454 7619 7451
7620 7508 7621
7620 7621 7622
7510 7623 7624
7510 7624 7511
7625 7490 7489
7625 7489 7626
7627 7628 7629
7627 7629 7630
7631 7632 7633
7631 7633 7634
7635 7586 7571
7635 7571 7636
7432 7428 7431
7432 7431 7433
7435 7434 7637
7435 7637 7638
7639 7567 7566
7639 7566 7640
7493 7492 7511
7493 7511 7641
7614 7512 7492
7614 7492 7495
7642 7643 7644
7620 7645 7508
7461 7646 7454
7461 7454 7453
7475 7478 7646
7475 7646 7461
7525 7528 7603
7525 7603 7540
7525 7532 7647
7525 7647 7526
7648 7647 7532
7648 7532 7535
7470 7599 7597
7470 7597 7467
7470 7472 7471
7470 7471 7599
7499 7498 7616
7499 7616 7613
7529 7541 7544
7529 7544 7602
7649 7650 7651
7649 7651 7652
7576 7504 7507
7576 7507 7653
7576 7513 7504
7440 7442 7654
7655 7444 7432
7655 7432 7435
7656 7657 7658
7656 7658 7659
7439 7438 7660
7439 7660 7661
7662 7655 7435
7662 7435 7638
7632 7631 7663
7632 7663 7664
7513 7575 7469
7513 7469 7468
7497 7506 7505
7497 7505 7498
7468 7616 7498
7468 7498 7505
7649 7568 7551
7649 7551 7550
7665 7666 7634
7665 7634 7633
7650 7575 7574
7650 7574 7651
7444 7655 7411
7444 7411 7392
7405 7667 7436
7405 7436 7439
7439 7661 7406
7439 7406 7405
7404 7403 7656
7404 7656 7659
7398 7397 7668
7398 7668 7442
7441 7399 7398
7441 7398 7442
7441 7443 7391
7441 7391 7399
7392 7391 7443
7392 7443 7444
7667 7405 7408
7667 7408 7669
7670 7671 7672
7586 7673 7587
7586 7587 7585
7673 7586 7635
7673 7635 7674
7497 7496 7605
7497 7605 7665
7496 7494 7606
7496 7606 7605
7493 7644 7606
7493 7606 7494
7479 7675 7676
7479 7676 7677
7522 7531 7487
7522 7487 7515
7536 7678 7679
7536 7679 7537
7493 7641 7642
7493 7642 7644
7680 7681 7682
7680 7682 7683
7636 7571 7570
7636 7570 7684
7685 7686 7687
7658 7654 7659
7668 7397 7404
7668 7404 7659
7397 7396 7401
7397 7401 7404
7565 7564 7688
7565 7688 7689
7690 7691 7692
7693 7694 7623
7693 7623 7510
7693 7510 7512
7693 7512 7695
7512 7614 7696
7512 7696 7695
7697 7696 7614
7697 7614 7613
7698 7697 7613
7698 7613 7616
7616 7615 7699
7616 7699 7698
7699 7615 7467
7699 7467 7700
7600 7476 7475
7600 7475 7483
7701 7702 7703
7701 7703 7457
7460 7704 7457
7447 7450 7705
7447 7705 7460
7700 7467 7597
7700 7597 7596
7685 7687 7706
7685 7706 7568
7652 7685 7568
7652 7568 7649
7685 7652 7707
7685 7707 7686
7707 7651 7416
7416 7574 7576
7416 7576 7413
7576 7653 7579
7576 7579 7413
7708 7709 7480
7708 7480 7482
7708 7482 7710
7545 7711 7543
7545 7543 7542
7603 7712 7713
7603 7713 7602
7712 7603 7528
7712 7528 7714
7715 7714 7528
7715 7528 7527
7527 7716 7717
7527 7717 7715
7530 7529 7602
7530 7602 7713
7539 7718 7538
7706 7719 7720
7706 7720 7721
7722 7723 7724
7722 7724 7725
7563 7562 7565
7563 7565 7722
7726 7557 7727
7726 7727 7728
7553 7552 7729
7553 7729 7730
7647 7648 7731
7647 7731 7732
7733 7734 7735
7733 7735 7539
7524 7736 7733
7524 7733 7539
7514 7518 7523
7514 7523 7521
7737 7478 7477
7737 7477 7738
7739 7740 7741
7739 7741 7481
7458 7742 7739
7458 7739 7481
7458 7457 7703
7458 7703 7742
7459 7482 7480
7459 7480 7456
7459 7456 7447
7459 7447 7460
7598 7462 7453
7598 7453 7452
7607 7606 7644
7643 7607 7644
7645 7610 7509
7645 7509 7508
7743 7744 7745
7743 7745 7746
7655 7662 7412
7655 7412 7411
7745 7747 7748
7745 7748 7746
7749 7750 7421
7749 7421 7423
7615 7468 7467
7541 7529 7617
7541 7617 7550
7650 7649 7550
7650 7550 7617
7650 7617 7469
7650 7469 7575
7469 7617 7472
7469 7472 7470
7551 7546 7542
7546 7551 7558
7721 7569 7568
7751 7752 7753
7751 7753 7754
7429 7440 7755
7429 7755 7430
7756 7755 7654
7719 7706 7687
7719 7687 7757
7427 7757 7687
7758 7759 7760
7761 7762 7759
7761 7759 7763
7446 7658 7657
7446 7657 7445
7756 7654 7446
7758 7760 7660
7758 7660 7438
7764 7749 7765
7764 7765 7766
7767 7768 7764
7767 7764 7766
7670 7672 7767
7670 7767 7769
7465 7500 7503
7465 7503 7770
7455 7466 7465
7455 7465 7448
7771 7770 7772
7771 7772 7773
7773 7449 7448
7773 7448 7771
7487 7466 7455
7487 7455 7479
7480 7709 7675
7480 7675 7479
7677 7676 7516
7677 7516 7515
7537 7548 7531
7537 7531 7522
7537 7679 7774
7537 7774 7775
7563 7776 7549
7563 7549 7548
7776 7563 7722
7776 7722 7725
7777 7561 7775
7777 7775 7774
7465 7771 7448
7677 7487 7479
7537 7775 7548
7573 7778 7779
7573 7779 7570
7780 7417 7420
7780 7420 7781
7779 7782 7684
7779 7684 7570
7683 7682 7783
7683 7783 7784
7785 7786 7787
7785 7787 7765
7785 7680 7683
7785 7683 7786
7500 7465 7464
7500 7464 7788
7778 7573 7417
7778 7417 7780
7789 7437 7790
7436 7667 7745
7436 7745 7744
7747 7745 7667
7747 7667 7669
7750 7790 7791
7750 7791 7421
7791 7790 7792
7665 7633 7506
7665 7506 7497
7507 7506 7633
7507 7633 7632
7664 7653 7507
7664 7507 7632
7501 7500 7788
7501 7788 7793
7579 7794 7419
7784 7783 7795
7784 7795 7796
7797 7779 7778
7797 7778 7798
7799 7800 7801
7799 7801 7781
7754 7627 7630
7754 7630 7751
7798 7778 7780
7798 7780 7802
7782 7779 7797
7782 7797 7803
7781 7801 7802
7781 7802 7780
7796 7629 7628
7796 7628 7784
7804 7805 7769
7804 7769 7767
7423 7785 7765
7423 7765 7749
7680 7422 7806
7680 7806 7681
7577 7418 7572
7577 7572 7585
7786 7628 7627
7786 7627 7787
7784 7628 7786
7784 7786 7683
7807 7787 7627
7807 7627 7754
7725 7724 7808
7725 7808 7584
7725 7584 7582
7725 7582 7776
7549 7581 7670
7549 7670 7486
7769 7464 7486
7769 7486 7670
7464 7769 7805
7464 7805 7788
7809 7805 7804
7415 7414 7431
7415 7431 7430
7433 7431 7414
7433 7414 7578
7434 7433 7587
7434 7587 7673
7810 7415 7430
7810 7430 7755
7811 7810 7755
7811 7755 7756
7573 7572 7418
7573 7418 7417
7744 7792 7437
7744 7437 7436
7637 7434 7673
7637 7673 7674
7812 7789 7790
7421 7791 7813
7421 7813 7814
7815 7813 7791
7815 7791 7792
7744 7743 7815
7744 7815 7792
7418 7577 7419
7413 7578 7414
7794 7816 7817
7794 7817 7419
7707 7416 7415
7707 7415 7810
7810 7811 7686
7810 7686 7707
7427 7686 7811
7427 7811 7424
7756 7446 7424
7756 7424 7811
7754 7753 7818
7754 7818 7807
7817 7819 7820
7817 7820 7420
7781 7420 7820
7781 7820 7799
7821 7804 7822
7587 7433 7578
7722 7565 7689
7722 7689 7723
7566 7721 7720
7566 7720 7640
7566 7559 7569
7566 7569 7721
7551 7569 7559
7551 7559 7558
7768 7767 7672
7621 7508 7490
7621 7490 7625
7641 7511 7624
7641 7624 7823
7642 7824 7825
7642 7825 7643
7824 7642 7641
7824 7641 7823
7826 7827 7828
7829 7580 7583
7829 7583 7761
7762 7584 7830
7427 7426 7757
7807 7822 7766
7807 7766 7787
7768 7672 7671
7768 7671 7831
7827 7826 7789
7789 7826 7437
7832 7592 7593
7832 7593 7833
7594 7692 7834
7594 7834 7554
7833 7835 7836
7833 7836 7832
7595 7553 7837
7526 7838 7716
7526 7716 7527
7526 7647 7732
7526 7732 7838
7839 7840 7841
7839 7841 7520
7524 7520 7841
7524 7841 7736
7711 7534 7533
7711 7533 7543
7842 7678 7536
7842 7536 7538
7536 7521 7523
7536 7523 7538
7843 7646 7478
7843 7478 7737
7646 7843 7618
7646 7618 7454
7519 7839 7520
7518 7601 7519
7718 7842 7538
7539 7735 7718
7704 7701 7457
7460 7705 7704
7482 7481 7710
7481 7741 7710
7612 7611 7772
7612 7772 7770
7770 7503 7609
7770 7609 7612
7608 7609 7503
7608 7503 7502
7605 7604 7666
7605 7666 7665
7775 7561 7548
7677 7515 7487
7465 7770 7771
7844 7845 7589
7844 7589 7588
7592 7846 7844
7592 7844 7588
7727 7846 7592
7727 7592 7832
7728 7727 7832
7728 7832 7836
7561 7552 7555
7561 7555 7562
7846 7727 7557
7846 7557 7556
7555 7554 7834
7555 7834 7564
7556 7567 7844
7556 7844 7846
7844 7567 7639
7844 7639 7845
7847 7688 7564
7847 7564 7834
7560 7558 7557
7560 7557 7726
7552 7561 7777
7552 7777 7729
7793 7788 7805
7793 7805 7809
7817 7420 7419
7848 7819 7817
7848 7817 7816
7651 7574 7416
7707 7652 7651
7423 7422 7680
7423 7680 7785
7814 7806 7422
7486 7464 7466
7764 7849 7750
7764 7750 7749
7768 7812 7849
7768 7849 7764
7831 7827 7812
7831 7812 7768
7828 7827 7831
7828 7831 7829
7790 7750 7849
7437 7792 7790
7421 7814 7422
7830 7584 7808
7581 7580 7671
7581 7671 7670
7776 7582 7581
7776 7581 7549
7758 7826 7828
7758 7828 7763
7580 7829 7831
7580 7831 7671
7761 7763 7828
7761 7828 7829
7826 7438 7437
7826 7758 7438
7850 7759 7762
7850 7762 7830
7759 7850 7760
7758 7763 7759
7762 7583 7584
7762 7761 7583
7686 7427 7687
7721 7568 7706
7851 7852 7853
7851 7853 7854
7853 7852 7855
7853 7855 7856
7857 7858 7859
7857 7859 7860
7861 7862 7863
7861 7863 7864
7856 7855 7860
7856 7860 7859
7865 7866 7867
7868 7869 7870
7868 7870 7871
7872 7873 7874
7872 7874 7875
7876 7877 7878
7879 7880 7881
7880 7879 7869
7880 7869 7868
7882 7883 7884
7873 7885 7886
7873 7886 7874
7887 7888 7889
7890 7891 7892
7893 7894 7895
7893 7895 7896
7897 7898 7899
7900 7901 7902
7900 7902 7903
7904 7905 7906
7904 7906 7907
7903 7902 7896
7903 7896 7895
7908 7909 7899
7910 7911 7912
7910 7912 7913
7914 7915 7916
7914 7916 7917
7918 7919 7920
7921 7922 7910
7921 7910 7913
7923 7924 7925
7926 7927 7928
7926 7928 7929
7930 7916 7915
7930 7915 7931
7932 7933 7934
7932 7934 7935
7928 7936 7923
7928 7923 7922
7937 7923 7936
7938 7939 7940
7941 7942 7943
7941 7943 7944
7945 7946 7947
7945 7947 7948
7949 7950 7951
7949 7951 7952
7949 7953 7954
7949 7954 7950
7955 7956 7957
7958 7943 7942
7958 7942 7959
7960 7961 7945
7960 7945 7948
7962 7963 7964
7962 7964 7965
7966 7967 7968
7966 7968 7969
7970 7971 7972
7970 7972 7973
7974 7975 7976
7977 7978 7979
7977 7979 7865
7980 7868 7871
7980 7871 7981
7982 7880 7983
7982 7983 7984
7880 7868 7980
7880 7980 7983
7985 7986 7987
7985 7987 7988
7989 7990 7991
7989 7991 7992
7993 7888 7887
7993 7887 7994
7993 7995 7996
7993 7996 7888
7997 7909 7998
7999 8000 7996
7999 7996 7995
7925 8001 8002
7925 8002 8003
7915 7914 8004
7915 8004 8005
8006 8007 7936
8006 7936 8008
8009 7931 7915
8009 7915 8005
7921 7913 8010
7921 8010 8011
8012 7916 7930
8012 7930 8013
7913 7912 8014
7913 8014 8010
7917 7916 8012
7917 8012 8015
7855 7843 7737
7855 7737 7860
7852 7618 7843
7852 7843 7855
7838 7895 7894
7838 7894 7716
7732 7903 7895
7732 7895 7838
8016 8017 7841
8016 7841 7840
7625 7869 7879
7625 7879 7621
8018 8019 7823
8018 7823 7624
7866 7825 7824
7866 7824 8020
8021 8022 8023
8024 8025 7884
8026 8027 8028
8029 8030 8031
8032 8033 8034
8035 8036 8037
8038 8039 8040
8039 8038 8041
7950 7939 8042
7950 8042 7951
7941 7939 7950
7941 7950 7954
8043 7956 7963
8043 7963 7962
7973 7959 7942
7973 7942 7970
8044 8045 8046
8047 7940 7796
8047 7796 7795
7948 7947 7797
7948 7797 7798
8048 7801 7800
8048 7800 7955
7751 7630 7943
7751 7943 7958
7802 7960 7948
7802 7948 7798
7877 7876 8049
8050 8051 8025
8052 7946 7945
8052 7945 8045
7945 7961 8046
7945 8046 8045
7987 7853 7856
7987 7856 8053
8053 7856 7859
8053 7859 7989
8019 8018 7873
8019 7873 7872
8018 8054 7885
8018 7885 7873
7893 7896 7898
7893 7898 7897
7902 7908 7898
7902 7898 7896
7925 7910 7922
7925 7922 7923
7929 7928 7922
7929 7922 7921
7859 7858 7990
7859 7990 7989
7902 7901 7998
7902 7998 7908
8003 7911 7910
8003 7910 7925
7965 7964 8055
8056 7949 7952
7875 7874 8057
8058 7874 8059
7983 7980 8060
7983 8060 8051
8060 7980 7981
8060 7981 8021
8061 7979 7978
8061 7978 7877
8051 8050 7984
8051 7984 7983
8053 8062 7987
8053 7989 8063
8064 8028 8027
8064 8027 8065
7975 7985 7988
7975 7988 8066
8067 8068 7992
8067 7992 7991
8069 8070 8071
8072 8073 8074
8075 8032 8076
8073 8072 7909
8073 7909 7997
8034 8035 7995
8034 7995 7993
8034 7993 7994
8034 7994 8076
8077 8078 7965
8079 8080 8081
8082 8083 8084
8029 8085 8086
8087 8088 8089
8087 8089 8026
8090 8091 8087
8092 8093 8067
8036 7904 7907
8036 7907 8037
8033 8032 8075
8033 8075 8094
8095 8096 8097
8098 8099 8100
8101 8102 7933
8101 7933 7932
8101 7932 8038
8101 8038 8040
8103 8104 8105
8007 8006 8100
8007 8100 8106
8107 8039 8005
8107 8005 8004
8001 8108 7919
8001 7919 8002
8019 8020 7824
8019 7824 7823
8020 8019 7872
8020 7872 7867
7875 8109 7978
7875 7978 7977
7877 7978 8109
7877 8109 8110
7977 7867 7872
7977 7872 7875
7947 8111 7803
7947 7803 7797
8111 7947 7946
8111 7946 8112
8052 8113 8114
8052 8114 8115
8116 8114 8113
8116 8113 8117
8042 7939 7938
7956 8043 7957
8115 8112 7946
8115 7946 8052
7965 8118 8119
7965 8119 7962
7962 8119 8046
7962 8046 8043
7957 8043 8046
7957 8046 7961
8048 7957 7961
8048 7961 7960
7960 7802 7801
7960 7801 8048
8008 7936 7928
8008 7928 7927
8120 7930 8121
8009 8122 8123
8009 8123 7931
8122 8009 8070
8122 8070 8069
8081 8124 8125
8081 8125 8126
8126 8125 7886
8126 7886 8127
8127 7886 7885
8127 7885 8128
8054 8129 8128
8054 8128 7885
7853 7987 7986
7853 7986 7854
8130 8064 8065
8130 8065 8131
8132 8130 8131
8133 8134 7703
8133 7703 7702
8135 8136 8137
8138 8139 8140
8138 8140 8136
8030 8086 8139
8030 8139 8138
7894 8141 7717
7894 7717 7716
8141 7894 7893
8141 7893 8142
8143 8142 7893
8143 7893 7897
7897 8144 8143
7892 8145 8144
7892 8144 7890
8146 8000 8147
7999 8148 8149
7999 8149 8000
8103 8105 8148
8103 8148 7999
8150 8095 8107
8150 8107 8004
8151 8150 8004
8151 8004 7914
7914 7917 8152
8153 7917 8015
8153 8015 8154
7841 8017 8155
7841 8155 7736
8136 8156 8157
8136 8157 8138
8155 8017 7888
8155 7888 7996
7940 7939 7941
7940 7941 7944
7971 7970 7954
7971 7954 7953
7942 7941 7954
7942 7954 7970
7940 7944 7629
7940 7629 7796
8158 7958 7959
8158 7959 8159
8160 8161 7973
8160 7973 7972
8161 8159 7959
8161 7959 7973
8162 8160 7972
8162 7972 8163
7971 7953 8164
7971 8164 8165
8166 8023 8084
8166 8084 7882
8166 8167 8060
8125 8168 8059
8057 8058 8169
8057 8169 8170
8085 8029 8031
7992 8171 8063
8172 8173 8174
8172 8174 8062
8066 7988 8175
8156 8131 8065
8156 8065 8157
8157 8065 8027
8157 8027 8176
8176 8027 8089
7904 8094 8177
7904 8177 7905
7899 8178 8179
8180 8181 8182
8180 8182 7924
8108 8001 8183
8184 8102 8101
8184 8101 8096
8007 8185 7937
7953 7949 8056
7953 8056 8164
7971 8165 8163
7971 8163 7972
8165 8164 8186
8165 8186 7966
8187 8186 8164
8187 8164 8056
8165 7966 7969
8165 7969 8163
8188 8189 8186
8188 8186 8187
8117 8190 8116
8191 8162 8163
8191 8163 7969
8117 8113 8192
8119 8193 8044
8194 8195 8196
8194 8196 8197
7630 7629 7944
7630 7944 7943
7958 8158 7752
7958 7752 7751
7622 7621 7879
7622 7879 8198
8054 8018 7624
8054 7624 7623
7869 7625 7626
7869 7626 7870
8054 7623 7694
8054 7694 8129
8131 8156 8199
8131 8199 8134
8156 8136 8135
8156 8135 8199
8137 8136 8140
8132 8131 8134
8146 8155 7996
8146 7996 8000
7889 7888 8017
8147 8000 8149
8121 7930 7931
8152 7917 8153
8059 8200 8169
8059 8169 8058
8109 8057 8201
8063 8202 8173
8063 8173 8172
7988 8062 8175
7899 8179 8144
7899 8203 8178
8001 7924 8183
7937 8204 8181
7937 8181 8180
8044 8205 8196
8044 8196 8195
8113 8194 8192
8194 8045 8195
8052 8045 8194
8045 8044 8195
7886 8125 8059
8057 7874 8058
8062 8053 8172
8053 8063 8172
7924 7923 8180
7923 7937 8180
7914 8152 8151
8121 7931 8123
8146 8147 8206
7889 8017 8016
8135 8137 8207
8132 8134 8133
7851 7619 7618
7851 7618 7852
7732 7731 7900
7732 7900 7903
8206 7734 7733
8206 7733 8146
7733 7736 8155
7733 8155 8146
7860 7737 7738
7860 7738 7857
8207 7740 7739
8207 7739 8135
7739 7742 8199
7739 8199 8135
7742 7703 8134
7742 8134 8199
7955 7957 8048
7938 7940 8047
7925 7924 8001
7937 7936 8007
7897 7899 8144
7908 7899 7898
7909 8203 7899
7987 8062 7988
8063 7989 7992
7875 8057 8109
7886 8059 7874
8144 8179 7890
7909 8072 8203
7929 8208 8209
7929 8209 7926
7921 8011 8208
7921 8208 7929
8120 8210 8013
8120 8013 7930
7907 7906 8211
7907 8211 8212
8213 8177 8094
8213 8094 8075
8037 7907 8212
8037 8212 8104
8036 8033 8094
8036 8094 7904
8035 8033 8036
8034 8033 8035
8103 8037 8104
8041 7935 8214
8041 8214 8071
8096 8101 8040
8096 8040 8097
8040 8107 8097
8040 8039 8107
8039 8041 8070
8070 8041 8071
7864 7863 8085
8215 8089 8088
8215 8088 7861
7861 8088 8091
7861 8091 7862
7864 8031 8215
7864 8215 7861
8031 8176 8215
8031 8030 8176
8176 8089 8215
8089 8027 8026
7884 8216 8217
7884 8167 8166
7884 8166 7882
7882 8084 7883
8218 8084 8022
8021 8023 8060
8051 8167 8025
8060 8167 8051
8060 8023 8166
7877 8049 8061
8050 8025 8024
8026 8028 8087
8029 8086 8030
8076 8032 8034
8105 8104 8212
7965 8055 8077
8056 7952 8187
8095 8097 8107
8069 8071 8214
7654 7442 7668
7659 7654 7668
7654 7755 7440
7446 7654 7658
7821 7822 7807
7821 7807 7818
7767 7822 7804
7766 7822 7767
7809 7804 8219
7419 7577 7579
7848 7816 7664
7848 7664 7663
8219 7804 7821
7787 7766 7765
7812 7790 7849
7827 7789 7812
7816 7794 7664
7794 7579 7653
7794 7653 7664
7410 8220 8221
7410 8221 7393
8221 8222 7394
8221 7394 7393
7400 7394 8222
7400 8222 8223
7395 8224 8225
7395 8225 7396
7407 8226 8227
7407 8227 7408
8225 8228 7401
8225 7401 7396
8228 8229 7402
8228 7402 7401
8230 7669 7408
8230 7408 8227
8220 7410 7409
8220 7409 8231
8232 7747 7669
8232 7669 8230
7748 7747 8232
7748 8232 8233
7395 7400 8223
7395 8223 8224
8176 8030 8138
8176 8138 8157
7995 8035 8103
7995 8103 7999
8038 7932 7935
8038 7935 8041
8009 8005 8039
8009 8039 8070
8035 8037 8103
8234 8235 8236
8234 8236 8237
8238 8239 8240
8238 8240 8236
8241 8242 8243
8244 8245 8246
8244 8246 8247
8248 8249 8250
8248 8250 8251
8252 8253 8254
8234 8250 8253
8234 8253 8244
8255 8251 8237
8255 8237 8256
8257 8238 8258
8257 8258 8259
8241 8243 8247
8241 8247 8246
8239 8238 8257
8256 8237 8236
8256 8236 8240
8238 8236 8235
8238 8235 8258
8234 8244 8247
8234 8247 8235
8244 8253 8252
8244 8252 8245
8237 8251 8250
8237 8250 8234
8235 8247 8243
8235 8243 8258
8258 8243 8242
8258 8242 8259
8254 8253 8250
8254 8250 8249
8248 8251 8255
8260 8261 8262
8260 8262 8263
8264 8265 8262
8264 8262 8266
8267 8268 8269
8270 8271 8272
8270 8272 8273
8274 8275 8276
8274 8276 8277
8278 8279 8280
8260 8276 8279
8260 8279 8270
8281 8277 8263
8281 8263 8282
8283 8266 8284
8283 8284 8285
8267 8269 8273
8267 8273 8272
8264 8266 8283
8263 8262 8265
8263 8265 8282
8266 8262 8261
8266 8261 8284
8260 8270 8273
8260 8273 8261
8270 8279 8278
8270 8278 8271
8263 8277 8276
8263 8276 8260
8261 8273 8269
8261 8269 8284
8284 8269 8268
8284 8268 8285
8280 8279 8276
8280 8276 8275
8274 8277 8281
8286 8287 8288
8286 8288 8289
8290 8291 8288
8290 8288 8292
8293 8294 8295
8296 8297 8298
8296 8298 8299
8300 8301 8302
8300 8302 8303
8304 8305 8306
8286 8302 8305
8286 8305 8296
8307 8303 8289
8307 8289 8308
8309 8292 8310
8309 8310 8311
8293 8295 8299
8293 8299 8298
8290 8292 8309
8289 8288 8291
8289 8291 8308
8292 8288 8287
8292 8287 8310
8286 8296 8299
8286 8299 8287
8296 8305 8304
8296 8304 8297
8289 8303 8302
8289 8302 8286
8287 8299 8295
8287 8295 8310
8310 8295 8294
8310 8294 8311
8306 8305 8302
8306 8302 8301
8300 8303 8307
8312 8313 8314
8312 8314 8315
8316 8317 8314
8316 8314 8318
8319 8320 8321
8322 8323 8324
8322 8324 8325
8326 8327 8328
8326 8328 8329
8330 8331 8332
8312 8328 8331
8312 8331 8322
8333 8329 8315
8333 8315 8334
8335 8318 8336
8335 8336 8337
8319 8321 8325
8319 8325 8324
8316 8318 8335
8315 8314 8317
8315 8317 8334
8318 8314 8313
8318 8313 8336
8312 8322 8325
8312 8325 8313
8322 8331 8330
8322 8330 8323
8315 8329 8328
8315 8328 8312
8313 8325 8321
8313 8321 8336
8336 8321 8320
8336 8320 8337
8332 8331 8328
8332 8328 8327
8326 8329 8333
8338 8339 8340
8338 8340 8341
8342 8343 8344
8342 8344 8340
8345 8346 8347
8348 8349 8350
8348 8350 8351
8352 8353 8354
8352 8354 8355
8356 8357 8358
8338 8354 8357
8338 8357 8351
8359 8355 8341
8359 8341 8360
8361 8362 8342
8361 8342 8363
8349 8345 8347
8349 8347 8350
8343 8342 8362
8360 8341 8340
8360 8340 8344
8342 8340 8339
8342 8339 8363
8338 8351 8350
8338 8350 8339
8351 8357 8356
8351 8356 8348
8341 8355 8354
8341 8354 8338
8339 8350 8347
8339 8347 8363
8347 8346 8361
8347 8361 8363
8358 8357 8354
8358 8354 8353
8352 8355 8359
8364 8365 8366
8364 8366 8367
8368 8369 8370
8368 8370 8371
8372 8373 8370
8372 8370 8369
8374 8368 8371
8374 8371 8375
8376 8373 8372
8376 8372 8377
8118 8193 8119
8366 8365 8378
8366 8378 8379
8380 8381 8382
8380 8382 8383
8384 8385 8382
8384 8382 8381
8068 8171 7992
8386 8380 8383
8386 8383 8387
8388 8385 8384
8388 8384 8389
7966 8186 8189
7966 8189 7967
7969 7968 8390
7969 8390 8191
8391 8364 8367
8391 8367 8392
8379 8378 8393
8379 8393 8394
8395 8396 8397
8398 8396 8395
8399 8396 8398
8399 8400 8401
8399 8401 8396
8402 8403 8401
8402 8401 8400
8404 8403 8402
8405 8403 8404
8406 8403 8405
8201 8110 8109
8124 8168 8125
8214 7935 7934
8214 7934 8407
8408 8409 8410
8411 8412 8409
8411 8409 8408
8411 8413 8414
8411 8414 8412
8415 8416 8414
8415 8414 8413
8415 8417 8418
8415 8418 8416
8417 8419 8418
8106 8185 8007
8409 8420 8410
8421 8418 8419
7881 7880 7982
7879 7881 8198
7865 7867 7977
7867 7866 8020
7595 7837 8422
7837 7553 7730
7834 7691 7847
7692 7691 7834
7593 8011 8010
7593 8010 7833
7594 8012 8013
7594 8013 7692
8010 8014 7835
8010 7835 7833
8015 8012 7594
8015 7594 7595
8422 8154 8015
8422 8015 7595
7590 8209 8208
7590 8208 7591
7591 8208 8011
7591 8011 7593
8013 8210 7690
8013 7690 7692
8201 8057 8170
8059 8168 8200
7884 7883 8216
7883 8084 8083
8116 8190 8423
7965 8078 8118
8081 8080 8124
7878 7877 8110
8063 8171 8202
8175 8062 8174
8067 8093 8068
7976 7975 8066
7998 7909 7908
8143 8144 8145
7892 7891 8424
8074 8073 8425
8100 8099 8106
7920 7919 8108
8022 8084 8023
7884 8025 8167
8082 8084 8218
7884 8217 8024
8085 8031 7864
8085 7863 8426
8087 8091 8088
7937 8185 8204
8183 7924 8182
8044 8046 8119
8044 8193 8205
8192 8194 8197
8052 8194 8113
8427 7319 7318
8427 7318 7388
7355 7354 7333
7355 7333 7332
7378 7380 8428
7378 8428 8429
7353 8428 7380
7353 7380 7350
7390 8430 7345
7390 7345 7344
7313 7352 7351
7313 7351 7312
7325 7324 7357
7325 7357 7356
8431 8432 7362
8431 7362 7364
7349 8431 7364
7349 7364 7346
8432 7316 7315
8432 7315 7362
7368 8433 8434
7368 8434 7366
7359 7358 8433
7359 8433 7368
7385 8435 7329
7385 7329 7328
7366 8434 7343
7366 7343 7342
7339 7348 7347
7339 7347 7338
7327 7326 7361
7327 7361 7360
8427 8436 7319
7354 8437 7333
7353 8438 8428
8430 8439 7345
7313 8440 7352
7324 8441 7357
7310 8442 7311
7321 8443 7322
7349 8444 8431
8432 8445 7316
7358 8446 8433
8435 8447 7329
8434 8448 7343
7339 8449 7348
7326 8450 7361
7336 8451 7337
8428 8452 8429
7345 8439 8443
7345 8443 7321
8428 8438 8452
7352 8440 8438
7352 8438 7353
7311 8442 8440
7311 8440 7313
7319 8436 8442
7333 8437 8453
7319 8442 7310
7333 8453 7330
7357 8441 8437
7322 8443 8441
7322 8441 7324
7357 8437 7354
8433 8448 8434
8433 8446 8448
7343 8448 8454
7343 8454 7340
7329 8447 8450
7361 8450 8446
7329 8450 7326
7361 8446 7358
8431 8445 8432
8431 8444 8445
7316 8445 8455
7316 8455 7317
7348 8449 8444
7348 8444 7349
7337 8451 8449
7337 8449 7339
8456 8457 8458
8459 8460 8461
8462 8463 8464
8465 8466 8467
8468 8469 8470
8471 8472 8473
8474 8475 8476
8477 8478 8479
8480 8481 8482
8483 8484 8485
8486 8487 8488
8489 8490 8491
8492 8493 8494
8495 8496 8497
8498 8499 8500
8501 8502 8503
8504 8505 8506
8507 8508 8509
8458 8510 8511
8510 8512 8513
8512 8457 8514
8510 8457 8512
8458 8457 8510
8485 8515 8516
8515 8517 8518
8517 8484 8519
8515 8484 8517
8485 8484 8515
8520 8521 8522
8520 8522 8523
8523 8522 8524
8523 8524 8525
8526 8527 8528
8526 8528 8529
8521 8520 8530
8521 8530 8531
8532 8533 8534
8532 8534 8535
8533 8536 8537
8533 8537 8534
8538 8539 8540
8538 8540 8541
8542 8543 8544
8542 8544 8545
8546 8547 8548
8546 8548 8549
8549 8548 8550
8549 8550 8551
8552 8553 8554
8552 8554 8555
8556 8532 8535
8556 8535 8557
8558 8559 8560
8558 8560 8561
8562 8563 8564
8562 8564 8565
8566 8567 8568
8566 8568 8569
8570 8571 8572
8570 8572 8573
8574 8575 8576
8526 8529 8577
8578 8579 8580
8539 8538 8581
8550 8548 8582
8553 8552 8583
8558 8561 8584
8571 8570 8585
8524 8522 8586
8521 8531 8587
8536 8533 8588
8543 8542 8589
8590 8591 8592
8532 8556 8593
8562 8565 8594
8567 8566 8595
8575 8558 8584
8575 8584 8576
8529 8574 8576
8529 8576 8577
8579 8571 8585
8579 8585 8580
8538 8596 8597
8538 8597 8581
8548 8547 8598
8548 8598 8582
8552 8578 8580
8552 8580 8583
8561 8550 8582
8561 8582 8584
8570 8539 8581
8570 8581 8585
8522 8521 8587
8522 8587 8586
8531 8599 8600
8531 8600 8587
8533 8532 8593
8533 8593 8588
8542 8567 8595
8542 8595 8589
8591 8562 8594
8591 8594 8592
8556 8601 8602
8556 8602 8593
8565 8524 8586
8565 8586 8594
8566 8536 8588
8566 8588 8595
8603 8604 8605
8603 8605 8606
8607 8608 8609
8607 8609 8610
8611 8612 8604
8611 8604 8603
8612 8611 8608
8612 8608 8607
8613 8614 8615
8613 8615 8616
8617 8618 8619
8617 8619 8620
8621 8622 8623
8621 8623 8624
8606 8605 8624
8606 8624 8623
8625 8626 8627
8625 8627 8628
8629 8630 8631
8629 8631 8632
8633 8634 8635
8636 8637 8638
8636 8638 8639
8640 8641 8642
8640 8642 8643
8644 8645 8646
8644 8646 8647
8648 8649 8650
8648 8650 8651
8652 8653 8654
8652 8654 8643
8643 8654 8655
8643 8655 8640
8640 8655 8656
8640 8656 8644
8657 8658 8636
8657 8636 8639
8659 8660 8661
8659 8661 8662
8663 8664 8665
8663 8665 8666
8667 8668 8659
8667 8659 8662
8669 8670 8671
8669 8671 8672
8673 8674 8675
8673 8675 8665
8676 8677 8678
8679 8680 8681
8679 8681 8682
8683 8684 8685
8683 8685 8686
8687 8688 8689
8687 8689 8690
8691 8692 8668
8691 8668 8667
8672 8671 8693
8672 8693 8694
8673 8687 8695
8673 8695 8674
8696 8686 8685
8696 8685 8697
8698 8699 8677
8700 8701 8702
8700 8702 8703
8704 8705 8706
8704 8706 8707
8708 8709 8710
8708 8710 8711
8712 8713 8714
8712 8714 8715
8716 8717 8718
8716 8718 8719
8702 8701 8720
8702 8720 8721
8722 8723 8704
8722 8704 8724
8725 8716 8719
8725 8719 8682
8726 8727 8728
8726 8728 8729
8730 8731 8732
8729 8733 8734
8729 8734 8726
8735 8736 8731
8735 8731 8730
8737 8738 8739
8737 8739 8740
8697 8741 8742
8697 8742 8696
8698 8743 8699
8744 8745 8746
8744 8746 8747
8733 8748 8749
8733 8749 8734
8750 8751 8736
8750 8736 8735
8752 8737 8744
8752 8744 8747
8753 8754 8755
8753 8755 8756
8757 8758 8759
8757 8759 8756
8698 8760 8761
8698 8761 8743
8756 8762 8763
8756 8763 8753
8764 8765 8766
8764 8766 8767
8768 8769 8770
8768 8770 8771
8770 8759 8758
8770 8758 8772
8761 8773 8774
8761 8774 8775
8776 8765 8774
8776 8774 8777
8769 8768 8778
8769 8778 8779
8762 8780 8781
8782 8783 8784
8782 8784 8785
8786 8787 8725
8786 8725 8788
8789 8790 8625
8789 8625 8791
8792 8793 8794
8792 8794 8795
8793 8796 8794
8797 8798 8785
8797 8785 8784
8797 8789 8791
8797 8791 8799
8800 8801 8802
8800 8802 8803
8804 8805 8801
8804 8801 8800
8806 8807 8767
8806 8767 8766
8808 8809 8675
8808 8675 8810
8810 8675 8674
8810 8674 8811
8695 8812 8684
8695 8684 8683
8695 8683 8811
8695 8811 8674
8813 8727 8726
8813 8726 8730
8814 8815 8752
8814 8752 8754
8747 8755 8754
8747 8754 8752
8816 8817 8818
8816 8818 8819
8820 8821 8701
8820 8701 8700
8706 8705 8709
8706 8709 8708
8822 8720 8823
8822 8823 8824
8701 8821 8823
8701 8823 8720
8705 8825 8826
8705 8826 8709
8682 8827 8828
8829 8686 8696
8742 8829 8696
8664 8663 8830
8664 8830 8831
8832 8833 8834
8832 8834 8721
8722 8724 8835
8722 8835 8836
8837 8838 8703
8837 8703 8702
8839 8840 8841
8839 8841 8842
8843 8844 8845
8843 8845 8846
8847 8848 8785
8847 8785 8798
8644 8647 8641
8644 8641 8640
8645 8849 8850
8645 8850 8646
8851 8852 8779
8851 8779 8778
8707 8853 8724
8707 8724 8704
8825 8705 8704
8825 8704 8723
8854 8855 8856
8832 8721 8857
8673 8665 8664
8673 8664 8858
8687 8673 8858
8687 8858 8688
8737 8752 8815
8737 8815 8738
8737 8740 8859
8737 8859 8744
8860 8745 8744
8860 8744 8859
8680 8679 8810
8680 8810 8811
8680 8811 8683
8680 8683 8686
8709 8826 8827
8709 8827 8710
8742 8814 8754
8742 8754 8753
8861 8862 8863
8861 8863 8864
8787 8865 8717
8787 8717 8716
8787 8716 8725
8652 8866 8653
8867 8645 8644
8867 8644 8656
8868 8869 8870
8868 8870 8871
8649 8872 8873
8649 8873 8650
8874 8849 8645
8874 8645 8867
8846 8875 8876
8846 8876 8843
8725 8682 8681
8725 8681 8788
8711 8710 8719
8711 8719 8718
8682 8719 8710
8682 8710 8827
8861 8763 8762
8861 8762 8781
8877 8845 8844
8877 8844 8878
8864 8863 8786
8864 8786 8788
8656 8606 8623
8656 8623 8867
8617 8649 8648
8617 8648 8879
8649 8617 8620
8649 8620 8872
8614 8869 8868
8614 8868 8615
8608 8653 8880
8608 8880 8609
8654 8653 8608
8654 8608 8611
8654 8611 8603
8654 8603 8655
8606 8656 8655
8606 8655 8603
8879 8881 8618
8879 8618 8617
8882 8883 8884
8798 8797 8799
8798 8799 8885
8885 8886 8847
8885 8847 8798
8711 8877 8819
8711 8819 8708
8708 8819 8818
8708 8818 8706
8707 8706 8818
8707 8818 8855
8691 8887 8888
8691 8888 8889
8733 8729 8699
8733 8699 8743
8749 8748 8890
8749 8890 8891
8707 8855 8854
8707 8854 8853
8892 8893 8894
8892 8894 8895
8848 8896 8782
8848 8782 8785
8897 8898 8899
8870 8869 8866
8880 8869 8614
8880 8614 8609
8609 8614 8613
8609 8613 8610
8777 8900 8901
8777 8901 8776
8902 8903 8904
8905 8722 8836
8905 8836 8906
8905 8907 8723
8905 8723 8722
8723 8907 8908
8723 8908 8825
8909 8826 8825
8909 8825 8908
8910 8827 8826
8910 8826 8909
8827 8910 8911
8827 8911 8828
8911 8912 8679
8911 8679 8828
8812 8695 8687
8812 8687 8690
8913 8669 8914
8913 8914 8915
8670 8669 8916
8659 8670 8917
8659 8917 8660
8912 8808 8810
8912 8810 8679
8897 8781 8918
8897 8918 8898
8862 8861 8781
8862 8781 8897
8897 8899 8919
8897 8919 8862
8919 8626 8863
8626 8625 8787
8626 8787 8786
8787 8625 8790
8787 8790 8865
8920 8693 8692
8920 8692 8921
8920 8922 8693
8757 8756 8755
8757 8755 8923
8815 8814 8924
8815 8924 8925
8925 8926 8738
8925 8738 8815
8927 8739 8738
8927 8738 8926
8739 8927 8928
8739 8928 8929
8741 8924 8814
8741 8814 8742
8751 8750 8930
8918 8931 8932
8918 8932 8933
8934 8935 8936
8934 8936 8937
8773 8934 8777
8773 8777 8774
8938 8939 8940
8938 8940 8771
8767 8941 8942
8767 8942 8764
8859 8943 8944
8859 8944 8860
8945 8751 8946
8945 8946 8947
8736 8751 8945
8736 8945 8948
8726 8734 8735
8726 8735 8730
8949 8950 8689
8949 8689 8688
8951 8694 8952
8951 8952 8953
8672 8694 8951
8672 8951 8954
8672 8954 8914
8672 8914 8669
8671 8668 8692
8671 8692 8693
8671 8670 8659
8671 8659 8668
8809 8666 8665
8809 8665 8675
8817 8855 8818
8856 8855 8817
8857 8720 8822
8857 8721 8720
8955 8956 8957
8955 8957 8958
8867 8623 8622
8867 8622 8874
8957 8956 8959
8957 8959 8960
8961 8634 8633
8961 8633 8962
8828 8679 8682
8753 8763 8829
8753 8829 8742
8864 8829 8763
8864 8763 8861
8864 8788 8681
8864 8681 8829
8681 8680 8686
8681 8686 8829
8762 8756 8759
8759 8770 8762
8931 8781 8780
8963 8964 8965
8963 8965 8966
8643 8642 8967
8643 8967 8652
8968 8866 8967
8933 8969 8898
8933 8898 8918
8637 8898 8969
8970 8971 8972
8973 8974 8972
8973 8972 8975
8658 8657 8871
8658 8871 8870
8968 8658 8866
8970 8650 8873
8970 8873 8971
8976 8977 8978
8976 8978 8961
8979 8977 8976
8979 8976 8980
8882 8981 8979
8882 8979 8883
8678 8982 8713
8678 8713 8712
8667 8662 8678
8667 8678 8677
8983 8984 8985
8983 8985 8982
8984 8983 8662
8984 8662 8661
8699 8691 8667
8699 8667 8677
8692 8691 8889
8692 8889 8921
8887 8729 8728
8887 8728 8888
8748 8733 8743
8748 8743 8761
8748 8986 8987
8748 8987 8890
8773 8761 8760
8773 8760 8988
8988 8935 8934
8988 8934 8773
8989 8987 8986
8989 8986 8775
8678 8662 8983
8887 8691 8699
8748 8761 8986
8783 8782 8990
8783 8990 8991
8992 8993 8630
8992 8630 8629
8990 8782 8896
8990 8896 8994
8893 8995 8996
8893 8996 8894
8997 8978 8998
8997 8998 8999
8997 8999 8893
8997 8893 8892
8712 9000 8676
8712 8676 8678
8991 8992 8629
8991 8629 8783
9001 9002 8651
8648 8958 8957
8648 8957 8879
8960 8881 8879
8960 8879 8957
8962 8633 9003
8962 9003 9002
9003 9004 9002
8877 8711 8718
8877 8718 8845
8717 8846 8845
8717 8845 8718
8875 8846 8717
8875 8717 8865
8715 9005 9000
8715 9000 8712
8790 8631 9006
8995 9007 9008
8995 9008 8996
9009 9010 8991
9009 8991 8990
9011 8993 9012
9011 9012 9013
8964 8963 8840
8964 8840 8839
9010 9014 8992
9010 8992 8991
8994 9015 9009
8994 9009 8990
8993 8992 9014
8993 9014 9012
9007 8995 8842
9007 8842 8841
9016 8979 8981
9016 8981 9017
8634 8961 8978
8634 8978 8997
8892 8895 9018
8892 9018 8635
8789 8797 8784
8789 8784 8632
8999 8998 8839
8999 8839 8842
8995 8893 8999
8995 8999 8842
9019 8964 8839
9019 8839 8998
8935 8796 9020
8935 9020 8936
8935 8988 8794
8935 8794 8796
8760 8698 8882
8760 8882 8795
8981 8882 8698
8981 8698 8676
8676 9000 9017
8676 9017 8981
9021 9016 9017
8627 8642 8641
8627 8641 8628
8647 8791 8628
8647 8628 8641
8646 8885 8799
8646 8799 8647
9022 8967 8642
9022 8642 8627
9023 8968 8967
9023 8967 9022
8783 8629 8632
8783 8632 8784
8958 8648 8651
8958 8651 9004
8850 8886 8885
8850 8885 8646
9024 9002 9001
8633 9025 9026
8633 9026 9003
9027 9004 9003
9027 9003 9026
8958 9004 9027
8958 9027 8955
8632 8631 8789
8625 8628 8791
9006 8631 9028
9006 9028 9029
8919 9022 8627
8919 8627 8626
9022 8919 8899
9022 8899 9023
8637 8636 9023
8637 9023 8899
8968 9023 8636
8968 8636 8658
8964 9019 9030
8964 9030 8965
9028 8630 9031
9028 9031 9032
8993 9011 9031
8993 9031 8630
9033 9034 9016
8799 8791 8647
8934 8937 8900
8934 8900 8777
8779 8852 8932
8779 8932 8931
8779 8931 8780
8779 8780 8769
8762 8770 8769
8762 8769 8780
8980 8883 8979
8834 8837 8702
8834 8702 8721
8853 9035 8835
8853 8835 8724
8854 8856 9036
8854 9036 9037
9037 9035 8853
9037 8853 8854
9038 9039 9040
9041 8973 8793
9041 8793 8792
8975 9042 8796
8637 8969 8638
9019 8977 9034
9019 8998 8977
8980 9043 8884
8980 8884 8883
9040 9001 9038
9001 8651 9038
9044 9045 8805
9044 8805 8804
9046 8903 8806
9046 8806 8766
9045 9044 9047
9045 9047 9048
8807 9049 8767
8740 8739 8929
8740 8929 9050
8740 9050 8943
8740 8943 8859
9051 8731 9052
9051 9052 9053
8736 8948 9052
8736 9052 8731
8923 8755 8747
8923 8747 8746
9054 8750 8749
9054 8749 8891
8749 8750 8735
8749 8735 8734
9055 8949 8688
9055 8688 8858
8858 8664 8831
8858 8831 9055
8732 8731 9051
8730 8732 8813
8930 8750 9054
8751 8930 8946
8916 8669 8913
8670 8916 8917
8693 8922 8694
8694 8922 8952
8823 8982 8985
8823 8985 8824
8982 8823 8821
8982 8821 8713
8820 8714 8713
8820 8713 8821
8819 8877 8878
8819 8878 8816
8986 8761 8775
8887 8699 8729
8678 8983 8982
9056 8800 8803
9056 8803 9057
8804 8800 9056
8804 9056 9058
8940 9044 8804
8940 8804 9058
8939 9047 9044
8939 9044 8940
8775 8774 8765
8775 8765 8764
9058 8768 8771
9058 8771 8940
8765 8776 9046
8765 9046 8766
8768 9058 9056
8768 9056 8778
9056 9057 8851
9056 8851 8778
9059 9046 8776
9059 8776 8901
8772 8938 8771
8772 8771 8770
8764 8942 8989
8764 8989 8775
9005 9021 9017
9005 9017 9000
9028 8631 8630
9060 9029 9028
9060 9028 9032
8863 8626 8786
8919 8863 8862
8634 8997 8892
8634 8892 8635
9025 8635 9018
8698 8677 8676
8976 8961 8962
8976 8962 9061
8980 8976 9061
8980 9061 9024
9043 8980 9024
9043 9024 9040
9039 9041 9043
9039 9043 9040
9002 9061 8962
8651 9002 9004
8633 8635 9025
9042 9020 8796
8795 8882 8884
8795 8884 8792
8988 8760 8795
8988 8795 8794
8970 8974 9039
8970 9039 9038
8792 8884 9043
8792 9043 9041
8973 9041 9039
8973 9039 8974
9038 8651 8650
9038 8650 8970
9062 9042 8975
9062 8975 8972
8972 8971 9062
8970 8972 8974
8975 8796 8793
8975 8793 8973
8899 8898 8637
8931 8918 8781
9063 9064 9065
9063 9065 9066
9065 9067 9068
9065 9068 9066
9069 9070 9071
9069 9071 9072
9073 9074 9075
9073 9075 9076
9067 9071 9070
9067 9070 9068
9077 9078 9079
9080 9081 9082
9080 9082 9083
9084 9085 9086
9084 9086 9087
9088 9089 9090
9091 9092 9093
9093 9080 9083
9093 9083 9091
9094 9095 9096
9087 9086 9097
9087 9097 9098
9099 9100 9101
9102 9103 9104
9105 9106 9107
9105 9107 9108
9109 9110 9111
9112 9113 9114
9112 9114 9115
9116 9117 9118
9116 9118 9119
9113 9107 9106
9113 9106 9114
9120 9110 9121
9122 9123 9124
9122 9124 9125
9126 9127 9128
9126 9128 9129
9130 9131 9132
9133 9123 9122
9133 9122 9134
9135 9136 9137
9138 9139 9140
9138 9140 9141
9142 9143 9129
9142 9129 9128
9144 9145 9146
9144 9146 9147
9140 9134 9135
9140 9135 9148
9149 9148 9135
9150 9151 9152
9153 9154 9155
9153 9155 9156
9157 9158 9159
9157 9159 9160
9161 9162 9163
9161 9163 9164
9161 9164 9165
9161 9165 9166
9167 9168 9169
9170 9171 9156
9170 9156 9155
9172 9158 9157
9172 9157 9173
9174 9175 9176
9174 9176 9177
9178 9179 9180
9178 9180 9181
9182 9183 9184
9182 9184 9185
9186 9187 9188
9189 9077 9190
9189 9190 9191
9192 9193 9081
9192 9081 9080
9194 9195 9196
9194 9196 9093
9093 9196 9192
9093 9192 9080
9197 9198 9199
9197 9199 9200
9201 9202 9203
9201 9203 9204
9205 9206 9099
9205 9099 9101
9205 9101 9207
9205 9207 9208
9209 9210 9121
9211 9208 9207
9211 9207 9212
9136 9213 9214
9136 9214 9215
9129 9216 9217
9129 9217 9126
9218 9219 9148
9218 9148 9220
9221 9216 9129
9221 9129 9143
9133 9222 9223
9133 9223 9123
9142 9128 9224
9142 9224 9225
9123 9223 9226
9123 9226 9124
9224 9128 9127
9224 9127 9227
9068 9070 8949
9068 8949 9055
9066 9068 9055
9066 9055 8831
9050 8929 9108
9050 9108 9107
8943 9050 9107
8943 9107 9113
9228 9053 9052
9228 9052 9229
8837 8834 9091
8837 9091 9083
9230 8835 9035
9230 9035 9231
9079 9232 9037
9079 9037 9036
9233 9234 9235
9236 9095 9237
9238 9239 9240
9241 9242 9243
9244 9245 9246
9247 9248 9249
9250 9251 9252
9252 9253 9250
9164 9163 9254
9164 9254 9152
9153 9165 9164
9153 9164 9152
9255 9174 9177
9255 9177 9169
9183 9182 9156
9183 9156 9171
9256 9257 9258
9259 9008 9007
9259 9007 9151
9158 9010 9009
9158 9009 9159
9260 9167 9013
9260 9013 9012
8963 9170 9155
8963 9155 8840
9014 9010 9158
9014 9158 9172
9090 9261 9088
9262 9237 9263
9264 9258 9157
9264 9157 9160
9157 9258 9257
9157 9257 9173
9199 9265 9067
9199 9067 9065
9265 9201 9071
9265 9071 9067
9231 9084 9087
9231 9087 9230
9230 9087 9098
9230 9098 9266
9105 9109 9111
9105 9111 9106
9114 9106 9111
9114 9111 9120
9136 9135 9134
9136 9134 9122
9139 9133 9134
9139 9134 9140
9071 9201 9204
9071 9204 9072
9114 9120 9210
9114 9210 9115
9213 9136 9122
9213 9122 9125
9175 9267 9176
9268 9162 9161
9085 9269 9086
9270 9271 9086
9196 9263 9272
9196 9272 9192
9272 9233 9193
9272 9193 9192
9273 9090 9191
9273 9191 9190
9263 9196 9195
9263 9195 9262
9265 9199 9274
9265 9275 9201
9276 9277 9240
9276 9240 9239
9188 9278 9198
9188 9198 9197
9279 9203 9202
9279 9202 9280
9281 9282 9283
9284 9285 9286
9287 9288 9244
9286 9209 9121
9286 9121 9284
9245 9205 9208
9245 9208 9247
9245 9288 9206
9245 9206 9205
9289 9175 9290
9291 9292 9293
9294 9295 9296
9241 9297 9298
9299 9238 9300
9299 9300 9301
9302 9299 9303
9304 9279 9305
9249 9248 9117
9249 9117 9116
9246 9306 9287
9246 9287 9244
9307 9308 9309
9310 9311 9312
9313 9144 9147
9313 9147 9314
9313 9251 9250
9313 9250 9144
9315 9316 9317
9220 9318 9311
9220 9311 9218
9319 9217 9216
9319 9216 9252
9215 9214 9132
9215 9132 9320
9231 9035 9037
9231 9037 9232
9232 9078 9084
9232 9084 9231
9085 9189 9191
9085 9191 9321
9090 9322 9321
9090 9321 9191
9189 9085 9084
9189 9084 9078
9159 9009 9015
9159 9015 9323
9323 9324 9160
9323 9160 9159
9264 9325 9326
9264 9326 9327
9328 9329 9327
9328 9327 9326
9254 9150 9152
9169 9168 9255
9325 9264 9160
9325 9160 9324
9175 9174 9330
9175 9330 9331
9174 9255 9257
9174 9257 9330
9168 9173 9257
9168 9257 9255
9260 9172 9173
9260 9173 9168
9172 9260 9012
9172 9012 9014
9219 9141 9140
9219 9140 9148
9332 9333 9142
9221 9143 9334
9221 9334 9335
9335 9281 9283
9335 9283 9221
9292 9336 9337
9292 9337 9338
9336 9339 9097
9336 9097 9337
9339 9340 9098
9339 9098 9097
9266 9098 9340
9266 9340 9341
9065 9064 9200
9065 9200 9199
9342 9343 9277
9342 9277 9276
9344 9343 9342
9345 8915 8914
9345 8914 9346
9347 9348 9349
9350 9349 9351
9350 9351 9352
9243 9350 9352
9243 9352 9297
9108 8929 8928
9108 8928 9353
9353 9354 9105
9353 9105 9108
9355 9109 9105
9355 9105 9354
9109 9355 9356
9103 9102 9356
9103 9356 9357
9358 9359 9212
9211 9212 9360
9211 9360 9361
9315 9211 9361
9315 9361 9316
9362 9217 9319
9362 9319 9307
9363 9126 9217
9363 9217 9362
9126 9364 9127
9365 9366 9227
9365 9227 9127
9052 8948 9367
9052 9367 9229
9349 9350 9368
9349 9368 9369
9367 9207 9101
9367 9101 9229
9151 9154 9153
9151 9153 9152
9185 9166 9165
9185 9165 9182
9156 9182 9165
9156 9165 9153
9151 9007 8841
9151 8841 9154
9370 9371 9171
9370 9171 9170
9372 9184 9183
9372 9183 9373
9373 9183 9171
9373 9171 9371
9374 9375 9184
9374 9184 9372
9185 9376 9377
9185 9377 9166
9378 9094 9295
9378 9295 9234
9378 9272 9379
9337 9271 9380
9269 9381 9382
9269 9382 9270
9298 9242 9241
9202 9275 9383
9384 9274 9385
9384 9385 9386
9278 9387 9198
9369 9368 9277
9369 9277 9343
9368 9388 9240
9368 9240 9277
9388 9300 9240
9116 9119 9389
9116 9389 9306
9110 9390 9391
9392 9137 9393
9392 9393 9394
9320 9395 9215
9313 9314 9396
9313 9396 9309
9220 9149 9397
9166 9377 9268
9166 9268 9161
9185 9184 9375
9185 9375 9376
9376 9178 9398
9376 9398 9377
9399 9268 9377
9399 9377 9398
9376 9375 9179
9376 9179 9178
9398 9400 9401
9398 9401 9399
9329 9328 9402
9403 9179 9375
9403 9375 9374
9329 9404 9327
9330 9256 9405
9406 9407 9408
9406 9408 9409
8840 9155 9154
8840 9154 8841
9170 8963 8966
9170 8966 9370
8833 9410 9091
8833 9091 8834
9266 8836 8835
9266 8835 9230
9083 9082 8838
9083 8838 8837
9266 9341 8906
9266 8906 8836
9343 9346 9411
9343 9411 9369
9369 9411 9347
9369 9347 9349
9348 9351 9349
9344 9346 9343
9358 9212 9207
9358 9207 9367
9100 9229 9101
9359 9360 9212
9333 9143 9142
9364 9365 9127
9271 9270 9382
9271 9382 9412
9321 9413 9269
9275 9384 9386
9275 9386 9414
9198 9387 9274
9110 9356 9390
9110 9391 9415
9215 9395 9137
9149 9392 9394
9149 9394 9416
9256 9409 9408
9256 9408 9417
9327 9404 9406
9406 9409 9258
9264 9406 9258
9258 9409 9256
9097 9271 9337
9269 9270 9086
9274 9384 9265
9265 9384 9275
9137 9392 9135
9135 9392 9149
9126 9363 9364
9333 9334 9143
9358 9418 9359
9100 9228 9229
9347 9419 9348
9344 9345 9346
9063 9066 8831
9063 8831 8830
8943 9113 9112
8943 9112 8944
9418 9358 8945
9418 8945 8947
8945 9358 9367
8945 9367 8948
9070 9069 8950
9070 8950 8949
9419 9347 8951
9419 8951 8953
8951 9347 9411
8951 9411 8954
8954 9411 9346
8954 9346 8914
9167 9260 9168
9150 9259 9151
9136 9215 9137
9149 9220 9148
9109 9356 9110
9120 9111 9110
9121 9110 9415
9199 9198 9274
9275 9202 9201
9085 9321 9269
9097 9086 9271
9356 9102 9390
9121 9415 9284
9139 9138 9420
9139 9420 9421
9133 9139 9421
9133 9421 9222
9332 9142 9225
9332 9225 9422
9117 9423 9424
9117 9424 9118
9425 9287 9306
9425 9306 9389
9248 9317 9423
9248 9423 9117
9249 9116 9306
9249 9306 9246
9247 9249 9246
9245 9247 9246
9315 9317 9248
9253 9282 9426
9253 9426 9145
9309 9308 9251
9309 9251 9313
9251 9308 9319
9251 9319 9252
9252 9283 9253
9283 9282 9253
9074 9298 9075
9427 9073 9301
9427 9301 9300
9073 9076 9303
9073 9303 9301
9074 9073 9427
9074 9427 9242
9242 9427 9388
9242 9388 9243
9388 9427 9300
9300 9238 9240
9095 9428 9429
9095 9094 9378
9095 9378 9379
9094 9096 9295
9430 9235 9295
9233 9272 9234
9263 9237 9379
9272 9263 9379
9272 9378 9234
9090 9273 9261
9262 9236 9237
9238 9299 9239
9241 9243 9297
9288 9245 9244
9316 9423 9317
9175 9289 9267
9268 9399 9162
9307 9319 9308
9281 9426 9282
8866 8880 8653
8869 8880 8866
8866 8652 8967
8658 8870 8866
9033 9030 9019
9033 9019 9034
8979 9016 9034
8977 8979 9034
9021 9431 9016
8631 8790 8789
9060 8876 8875
9060 8875 9029
9431 9033 9016
8998 8978 8977
9024 9061 9002
9040 9024 9001
9029 8875 9006
9006 8865 8790
9006 8875 8865
8624 8605 9432
8624 9432 9433
9432 8605 8604
9432 8604 9434
8612 9435 9434
8612 9434 8604
9436 9437 8607
9436 8607 8610
9438 9439 8619
9438 8619 8618
9436 8610 8613
9436 8613 9440
9440 8613 8616
9440 8616 9441
9442 9438 8618
9442 8618 8881
9433 9443 8621
9433 8621 8624
9444 9442 8881
9444 8881 8960
9444 8960 8959
9444 8959 9445
8607 9437 9435
8607 9435 8612
9388 9368 9350
9388 9350 9243
9208 9211 9315
9208 9315 9247
9250 9253 9145
9250 9145 9144
9221 9283 9252
9221 9252 9216
9247 9315 9248
9446 9447 9448
9446 9448 9449
9450 9451 9452
9450 9452 9446
9453 9454 9455
9456 9457 9458
9456 9458 9459
9460 9461 9462
9460 9462 9463
9464 9465 9466
9448 9458 9466
9448 9466 9460
9467 9468 9449
9467 9449 9463
9469 9470 9471
9469 9471 9452
9453 9456 9459
9453 9459 9454
9451 9469 9452
9446 9449 9468
9446 9468 9450
9452 9471 9447
9452 9447 9446
9459 9458 9448
9459 9448 9447
9458 9457 9464
9458 9464 9466
9449 9448 9460
9449 9460 9463
9454 9459 9447
9454 9447 9471
9455 9454 9471
9455 9471 9470
9465 9461 9460
9465 9460 9466
9462 9467 9463
9472 9473 9474
9472 9474 9475
9476 9477 9472
9476 9472 9478
9479 9480 9481
9482 9483 9484
9482 9484 9485
9486 9487 9488
9486 9488 9489
9490 9491 9492
9474 9484 9492
9474 9492 9486
9493 9494 9475
9493 9475 9489
9495 9496 9497
9495 9497 9477
9479 9482 9485
9479 9485 9480
9476 9495 9477
9475 9494 9478
9475 9478 9472
9477 9497 9473
9477 9473 9472
9485 9484 9474
9485 9474 9473
9484 9483 9490
9484 9490 9492
9475 9474 9486
9475 9486 9489
9480 9485 9473
9480 9473 9497
9481 9480 9497
9481 9497 9496
9491 9487 9486
9491 9486 9492
9488 9493 9489
9498 9499 9500
9498 9500 9501
9502 9503 9498
9502 9498 9504
9505 9506 9507
9508 9509 9510
9508 9510 9511
9512 9513 9514
9512 9514 9515
9516 9517 9518
9500 9510 9518
9500 9518 9512
9519 9520 9501
9519 9501 9515
9521 9522 9523
9521 9523 9503
9505 9508 9511
9505 9511 9506
9502 9521 9503
9501 9520 9504
9501 9504 9498
9503 9523 9499
9503 9499 9498
9511 9510 9500
9511 9500 9499
9510 9509 9516
9510 9516 9518
9501 9500 9512
9501 9512 9515
9506 9511 9499
9506 9499 9523
9507 9506 9523
9507 9523 9522
9517 9513 9512
9517 9512 9518
9514 9519 9515
9524 9525 9526
9524 9526 9527
9528 9529 9524
9528 9524 9530
9531 9532 9533
9534 9535 9536
9534 9536 9537
9538 9539 9540
9538 9540 9541
9542 9543 9544
9526 9536 9544
9526 9544 9538
9545 9546 9527
9545 9527 9541
9547 9548 9549
9547 9549 9529
9531 9534 9537
9531 9537 9532
9528 9547 9529
9527 9546 9530
9527 9530 9524
9529 9549 9525
9529 9525 9524
9537 9536 9526
9537 9526 9525
9536 9535 9542
9536 9542 9544
9527 9526 9538
9527 9538 9541
9532 9537 9525
9532 9525 9549
9533 9532 9549
9533 9549 9548
9543 9539 9538
9543 9538 9544
9540 9545 9541
9550 9551 9552
9550 9552 9553
9554 9555 9556
9554 9556 9550
9557 9558 9559
9560 9561 9562
9560 9562 9563
9564 9565 9566
9564 9566 9567
9568 9569 9570
9552 9561 9570
9552 9570 9564
9571 9572 9553
9571 9553 9567
9556 9573 9574
9556 9574 9575
9558 9557 9563
9558 9563 9562
9555 9573 9556
9550 9553 9572
9550 9572 9554
9556 9575 9551
9556 9551 9550
9562 9561 9552
9562 9552 9551
9561 9560 9568
9561 9568 9570
9553 9552 9564
9553 9564 9567
9558 9562 9551
9558 9551 9575
9558 9575 9574
9558 9574 9559
9569 9565 9564
9569 9564 9570
9566 9571 9567
9576 9577 9578
9576 9578 9579
9580 9581 9582
9580 9582 9583
9584 9581 9580
9584 9580 9585
9583 9582 9586
9583 9586 9587
9584 9585 9588
9584 9588 9589
9331 9330 9405
9578 9590 9591
9578 9591 9579
9592 9593 9594
9592 9594 9595
9596 9593 9592
9596 9592 9597
9280 9202 9383
9595 9594 9598
9595 9598 9599
9596 9597 9600
9596 9600 9601
9400 9398 9178
9400 9178 9181
9179 9403 9602
9179 9602 9180
9577 9576 9603
9577 9603 9604
9590 9605 9606
9590 9606 9591
9607 9608 9609
9610 9607 9609
9611 9610 9609
9612 9613 9611
9612 9611 9609
9614 9613 9612
9614 9612 9615
9616 9614 9615
9617 9616 9615
9618 9617 9615
9413 9321 9322
9338 9337 9380
9146 9145 9426
9146 9426 9619
9620 9621 9622
9623 9620 9622
9623 9622 9624
9625 9626 9623
9625 9623 9624
9627 9626 9625
9627 9625 9628
9629 9630 9627
9629 9627 9628
9630 9629 9631
9318 9220 9397
9622 9621 9632
9633 9631 9629
9092 9194 9093
9091 9410 9092
9077 9189 9078
9078 9232 9079
8807 9634 9049
9049 8941 8767
9046 9059 8904
8903 9046 8904
9223 9222 8805
9223 8805 9045
9225 9224 8806
9225 8806 8903
9223 9045 9048
9223 9048 9226
9227 8807 8806
9227 8806 9224
9227 9366 9634
9227 9634 8807
9421 9420 8802
9421 8802 8801
9222 9421 8801
9222 8801 8805
9225 8903 8902
9225 8902 9422
9413 9381 9269
9271 9412 9380
9095 9429 9096
9096 9296 9295
9328 9635 9402
9175 9331 9290
9292 9338 9293
9089 9322 9090
9275 9414 9383
9387 9385 9274
9279 9280 9305
9187 9278 9188
9210 9120 9121
9355 9357 9356
9103 9636 9104
9285 9637 9286
9311 9318 9312
9131 9320 9132
9235 9234 9295
9095 9379 9237
9294 9430 9295
9095 9236 9428
9298 9074 9242
9298 9638 9075
9299 9301 9303
9149 9416 9397
9395 9393 9137
9256 9330 9257
9256 9417 9405
9404 9407 9406
9264 9327 9406
9639 8599 8531
9639 8531 8530
8545 8568 8567
8545 8567 8542
8590 9640 9641
8590 9641 8591
8563 8562 8591
8563 8591 9641
8557 9642 8601
8557 8601 8556
8525 8524 8565
8525 8565 8564
8569 8537 8536
8569 8536 8566
9643 8575 8574
9643 8574 9644
8559 8558 8575
8559 8575 9643
9644 8574 8529
9644 8529 8528
9645 9646 8579
9645 8579 8578
9646 8572 8571
9646 8571 8579
8541 9647 8596
8541 8596 8538
8555 9645 8578
8555 8578 8552
8551 8550 8561
8551 8561 8560
8573 8540 8539
8573 8539 8570
9639 8530 9648
8568 8545 9649
8563 9641 9650
9642 8557 9651
8525 8564 9652
8537 8569 9653
8520 8523 9654
8535 8534 9655
8559 9643 9656
9644 8528 9657
8572 9646 9658
9647 8541 9659
9645 8555 9660
8551 8560 9661
8540 8573 9662
8546 8549 9663
9641 9640 9664
8557 9655 9651
8557 8535 9655
9641 9664 9650
8564 9650 9652
8564 8563 9650
8523 9652 9654
8523 8525 9652
8530 9654 9648
8545 9665 9649
8530 8520 9654
8545 8544 9665
8569 9649 9653
8534 9653 9655
8534 8537 9653
8569 8568 9649
9646 9645 9660
9646 9660 9658
8555 9666 9660
8555 8554 9666
8541 9662 9659
8573 9658 9662
8541 8540 9662
8573 8572 9658
9643 9644 9657
9643 9657 9656
8528 9667 9657
8528 8527 9667
8560 9656 9661
8560 8559 9656
8549 9661 9663
8549 8551 9661
9668 9669 9670
9671 9672 9673
9674 9675 9676
9677 9678 9679
9680 9681 9682
9683 9684 9685
9686 9687 9688
9689 9690 9691
9692 9693 9694
9695 9696 9697
9698 9699 9700
9701 9702 9703
9704 9705 9706
9707 9708 9709
9710 9711 9712
9713 9714 9715
9716 9717 9718
9719 9720 9721
9669 9722 9723
9723 9724 9725
9725 9726 9670
9723 9725 9670
9669 9723 9670
9696 9727 9728
9728 9729 9730
9730 9731 9697
9728 9730 9697
9696 9728 9697
9732 9733 9734
9732 9734 9735
9733 9736 9737
9735 9738 9739
9735 9739 9732
9737 9736 9740
9737 9740 9741
9741 9740 9742
9743 9739 9738
9743 9738 9744
9745 9746 9747
9745 9747 9748
9749 9736 9750
9749 9750 9751
9752 9753 9751
9752 9751 9750
9754 9740 9736
9754 9736 9749
9755 9756 9740
9755 9740 9754
9746 9745 9753
9746 9753 9752
9757 9758 9759
9757 9759 9760
9761 9762 9760
9763 9764 9765
9763 9765 9758
9761 9766 9767
9761 9767 9762
9768 9769 9766
9770 9771 9764
9770 9764 9763
9772 9773 9774
9772 9774 9775
9776 9762 9777
9776 9777 9778
9779 9776 9778
9779 9778 9780
9762 9767 9781
9762 9781 9777
9767 9782 9783
9767 9783 9781
9773 9779 9780
9773 9780 9774
9784 9785 9786
9784 9786 9787
9787 9788 9789
9787 9789 9784
9785 9790 9791
9785 9791 9786
9788 9792 9793
9788 9793 9789
9792 9794 9795
9792 9795 9793
9791 9790 9796
9797 9798 9799
9800 9801 9802
9800 9802 9803
9804 9805 9803
9804 9803 9802
9806 9807 9801
9806 9801 9800
9808 9809 9807
9808 9807 9806
9798 9797 9805
9798 9805 9804
9746 9739 9743
9746 9743 9747
9732 9752 9750
9732 9750 9733
9756 9742 9740
9739 9746 9752
9739 9752 9732
9810 9811 9773
9810 9773 9772
9776 9779 9757
9776 9757 9760
9769 9782 9767
9779 9773 9811
9779 9811 9757
9734 9737 9812
9734 9812 9813
9813 9814 9735
9813 9735 9734
9814 9815 9738
9814 9738 9735
9737 9741 9816
9737 9816 9812
9741 9817 9818
9741 9818 9816
9744 9738 9815
9744 9815 9819
9758 9765 9820
9758 9820 9759
9821 9761 9759
9821 9759 9820
9811 9763 9758
9811 9758 9757
9822 9766 9761
9822 9761 9821
9823 9768 9766
9823 9766 9822
9763 9811 9810
9763 9810 9770
9824 9825 9826
9824 9826 9827
9828 9829 9827
9825 9824 9830
9825 9830 9831
9828 9832 9833
9828 9833 9829
9834 9835 9832
9831 9830 9836
9831 9836 9837
9838 9839 9840
9838 9840 9841
9842 9829 9843
9842 9843 9844
9845 9842 9844
9845 9844 9846
9829 9833 9847
9829 9847 9843
9833 9848 9849
9833 9849 9847
9839 9845 9846
9839 9846 9840
9850 9851 9852
9850 9852 9853
9851 9854 9855
9856 9857 9858
9856 9858 9853
9855 9854 9859
9855 9859 9860
9860 9859 9861
9858 9857 9862
9858 9862 9863
9864 9865 9866
9864 9866 9867
9868 9854 9869
9868 9869 9870
9871 9872 9870
9871 9870 9869
9873 9859 9854
9873 9854 9868
9874 9875 9859
9874 9859 9873
9865 9864 9872
9865 9872 9871
9876 9877 9878
9876 9878 9879
9879 9878 9880
9879 9880 9881
9882 9883 9877
9882 9877 9876
9881 9880 9884
9881 9884 9885
9885 9884 9886
9885 9886 9887
9888 9883 9882
9889 9890 9891
9892 9893 9894
9892 9894 9895
9896 9892 9895
9896 9895 9897
9893 9898 9899
9893 9899 9894
9898 9900 9901
9898 9901 9899
9889 9896 9897
9889 9897 9890
9836 9830 9839
9836 9839 9838
9824 9827 9842
9824 9842 9845
9830 9824 9845
9830 9845 9839
9865 9902 9903
9865 9903 9866
9869 9851 9850
9869 9850 9871
9871 9850 9902
9871 9902 9865
9825 9904 9905
9825 9905 9826
9826 9905 9906
9826 9906 9828
9831 9907 9904
9831 9904 9825
9828 9906 9908
9828 9908 9832
9832 9908 9909
9832 9909 9834
9837 9910 9907
9837 9907 9831
9852 9855 9911
9852 9911 9912
9853 9852 9912
9853 9912 9856
9902 9850 9853
9902 9853 9858
9855 9860 9913
9855 9913 9911
9860 9914 9915
9860 9915 9913
9903 9902 9858
9903 9858 9863
9916 9917 9918
9919 9917 9916
9920 9917 9919
9921 9917 9920
9922 9917 9921
9923 9917 9922
9924 9917 9923
9925 9917 9924
9926 9917 9925
9927 9917 9926
9928 9929 9930
9931 9928 9930
9932 9931 9930
9933 9932 9930
9934 9933 9930
9935 9934 9930
9936 9935 9930
9937 9936 9930
9938 9937 9930
9939 9938 9930
9940 9941 9942
9940 9942 9943
9944 9945 9941
9944 9941 9940
9946 9947 9945
9946 9945 9944
9948 9949 9947
9948 9947 9946
9950 9951 9949
9950 9949 9948
9952 9953 9951
9952 9951 9950
9954 9955 9953
9954 9953 9952
9956 9957 9955
9956 9955 9954
9958 9959 9957
9958 9957 9956
9960 9961 9959
9960 9959 9958
9962 9963 9961
9962 9961 9960
9964 9965 9963
9964 9963 9962
9741 9742 9817
9832 9835 9833
9833 9835 9848
9733 9737 9734
9736 9733 9750
9828 9827 9826
9827 9829 9842
9761 9760 9759
9766 9769 9767
9760 9762 9776
9851 9855 9852
9860 9861 9914
9854 9851 9869
9861 9859 9875
9966 9967 9968
9966 9968 9969
9970 9971 9972
9970 9972 9973
9967 9974 9975
9967 9975 9968
9971 9976 9977
9971 9977 9972
9974 9978 9979
9974 9979 9975
9976 9980 9981
9976 9981 9977
9978 9982 9983
9978 9983 9979
9980 9984 9985
9980 9985 9981
9982 9986 9987
9982 9987 9983
9984 9988 9989
9984 9989 9985
9986 9990 9991
9986 9991 9987
9988 9992 9993
9988 9993 9989
9990 9994 9995
9990 9995 9991
9992 9996 9997
9992 9997 9993
9994 9998 9999
9994 9999 9995
9996 10000 10001
9996 10001 9997
9998 10002 10003
9998 10003 9999
10000 10004 10005
10000 10005 10001
10002 10006 10007
10002 10007 10003
10004 10008 10009
10004 10009 10005
10006 10010 10011
10006 10011 10007
10008 10012 10013
10008 10013 10009
10010 10014 10015
10010 10015 10011
10012 10016 10017
10012 10017 10013
10018 10019 10020
10018 10020 10021
10022 10023 10024
10022 10024 10025
10019 10026 10027
10019 10027 10020
10023 10028 10029
10023 10029 10024
10026 10030 10031
10026 10031 10027
10028 10032 10033
10028 10033 10029
10030 10034 10035
10030 10035 10031
10032 10036 10037
10032 10037 10033
10034 10038 10039
10034 10039 10035
10036 10040 10041
10036 10041 10037
10038 10042 10043
10038 10043 10039
10040 10044 10045
10040 10045 10041
10042 10046 10047
10042 10047 10043
10044 10048 10049
10044 10049 10045
10046 10050 10051
10046 10051 10047
10048 10052 10053
10048 10053 10049
10050 10054 10055
10050 10055 10051
10052 10056 10057
10052 10057 10053
10054 10058 10059
10054 10059 10055
10056 10060 10061
10056 10061 10057
10058 10062 10063
10058 10063 10059
10060 10064 10065
10060 10065 10061
10062 9966 9969
10062 9969 10063
10064 9970 9973
10064 9973 10065
10066 10067 10068
10066 10068 10069
10070 10071 10072
10070 10072 10073
10067 10074 10075
10067 10075 10068
10076 10077 10071
10076 10071 10070
10074 10078 10079
10074 10079 10075
10080 10081 10077
10080 10077 10076
10078 10082 10083
10078 10083 10079
10084 10085 10081
10084 10081 10080
10082 10086 10087
10082 10087 10083
10088 10089 10085
10088 10085 10084
10086 10090 10091
10086 10091 10087
10092 10093 10089
10092 10089 10088
10090 10094 10095
10090 10095 10091
10096 10097 10093
10096 10093 10092
10094 10098 10099
10094 10099 10095
10100 10101 10097
10100 10097 10096
10098 10102 10103
10098 10103 10099
10104 10105 10101
10104 10101 10100
10102 10106 10107
10102 10107 10103
10108 10109 10105
10108 10105 10104
10106 10110 10111
10106 10111 10107
10112 10113 10109
10112 10109 10108
10110 10114 10115
10110 10115 10111
10116 10117 10113
10116 10113 10112
10114 10118 10119
10114 10119 10115
10120 10121 10117
10120 10117 10116
10118 10122 10123
10118 10123 10119
10124 10125 10121
10124 10121 10120
10122 10126 10127
10122 10127 10123
10128 10129 10125
10128 10125 10124
10126 10130 10131
10126 10131 10127
10132 10133 10129
10132 10129 10128
10130 10134 10135
10130 10135 10131
10136 10137 10133
10136 10133 10132
10134 10138 10139
10134 10139 10135
10140 10141 10137
10140 10137 10136
10138 10142 10143
10138 10143 10139
10144 10145 10141
10144 10141 10140
10142 10146 10147
10142 10147 10143
10148 10149 10145
10148 10145 10144
10146 10150 10151
10146 10151 10147
10152 10153 10149
10152 10149 10148
10150 10154 10155
10150 10155 10151
10156 10157 10153
10156 10153 10152
10154 10158 10159
10154 10159 10155
10160 10161 10157
10160 10157 10156
10158 10066 10069
10158 10069 10159
10073 10072 10161
10073 10161 10160
10162 10163 10164
10162 10164 10165
10166 10167 10168
10169 10170 10163
10168 10171 10172
10173 10172 10171
10174 10173 10171
10174 10171 10164
10164 10163 10175
10164 10175 10174
10165 10164 10171
10165 10171 10167
10169 10163 10162
10163 10170 10175
10176 10177 10178
10179 10180 10181
10179 10181 10182
10183 10184 10180
10185 10177 10176
10186 10179 10182
10186 10182 10177
10187 10188 10189
10181 10187 10190
10181 10190 10182
10177 10182 10190
10177 10190 10178
10184 10181 10180
10184 10188 10181
10185 10186 10177
10187 10181 10188
10167 10171 10168
10173 10191 10172
10192 10193 10194
10192 10194 10195
10195 10196 10197
10198 10199 10193
10198 10193 10192
10196 10200 10201
10196 10201 10197
10200 10202 10201
10199 10198 10203
10199 10203 10204
10205 10206 10207
10205 10207 10208
10209 10210 10211
10209 10211 10197
10212 10211 10210
10212 10210 10213
10214 10209 10197
10214 10197 10201
10215 10214 10201
10215 10201 10216
10208 10212 10213
10208 10213 10205
10217 10218 10219
10217 10219 10220
10221 10218 10222
10223 10220 10224
10223 10224 10225
10226 10227 10221
10226 10221 10222
10228 10227 10229
10230 10223 10225
10230 10225 10231
10232 10233 10234
10232 10234 10235
10236 10222 10237
10236 10237 10238
10238 10237 10239
10238 10239 10240
10241 10226 10222
10241 10222 10236
10242 10243 10226
10242 10226 10241
10240 10239 10233
10240 10233 10232
10244 10245 10246
10244 10246 10247
10248 10249 10247
10248 10247 10246
10250 10251 10245
10250 10245 10244
10252 10253 10249
10252 10249 10248
10254 10255 10253
10254 10253 10252
10250 10256 10251
10257 10258 10259
10260 10261 10262
10260 10262 10263
10264 10262 10261
10264 10261 10265
10266 10260 10263
10266 10263 10267
10268 10266 10267
10268 10267 10269
10259 10264 10265
10259 10265 10257
10208 10207 10203
10208 10203 10198
10192 10195 10211
10192 10211 10212
10216 10201 10202
10198 10192 10212
10198 10212 10208
10233 10270 10271
10233 10271 10234
10217 10239 10237
10217 10237 10218
10229 10226 10243
10270 10233 10239
10270 10239 10217
10272 10196 10194
10272 10194 10273
10193 10274 10273
10193 10273 10194
10199 10275 10274
10199 10274 10193
10276 10200 10196
10276 10196 10272
10277 10278 10200
10277 10200 10276
10275 10199 10204
10275 10204 10279
10220 10219 10280
10220 10280 10224
10281 10280 10219
10281 10219 10221
10270 10217 10220
10270 10220 10223
10282 10281 10221
10282 10221 10227
10283 10282 10227
10283 10227 10228
10223 10230 10271
10223 10271 10270
10284 10285 10286
10284 10286 10287
10288 10285 10289
10290 10284 10287
10290 10287 10291
10292 10293 10288
10292 10288 10289
10294 10293 10295
10296 10290 10291
10296 10291 10297
10298 10299 10300
10298 10300 10301
10302 10289 10303
10302 10303 10304
10304 10303 10305
10304 10305 10306
10307 10292 10289
10307 10289 10302
10308 10309 10292
10308 10292 10307
10306 10305 10299
10306 10299 10298
10310 10311 10312
10310 10312 10313
10313 10314 10315
10316 10317 10318
10316 10318 10311
10314 10319 10320
10314 10320 10315
10319 10321 10320
10316 10322 10323
10316 10323 10317
10324 10325 10326
10324 10326 10327
10328 10329 10330
10328 10330 10315
10331 10330 10329
10331 10329 10332
10333 10328 10315
10333 10315 10320
10334 10333 10320
10334 10320 10335
10327 10331 10332
10327 10332 10324
10336 10337 10338
10336 10338 10339
10337 10340 10341
10337 10341 10338
10342 10336 10339
10342 10339 10343
10340 10344 10345
10340 10345 10341
10344 10346 10347
10344 10347 10345
10348 10342 10343
10349 10350 10351
10352 10353 10354
10352 10354 10355
10355 10354 10356
10355 10356 10357
10358 10359 10353
10358 10353 10352
10360 10361 10359
10360 10359 10358
10357 10356 10349
10357 10349 10351
10296 10300 10299
10296 10299 10290
10284 10305 10303
10284 10303 10285
10290 10299 10305
10290 10305 10284
10362 10363 10327
10362 10327 10326
10310 10313 10330
10310 10330 10331
10363 10310 10331
10363 10331 10327
10287 10286 10364
10287 10364 10365
10286 10288 10366
10286 10366 10364
10291 10287 10365
10291 10365 10367
10288 10293 10368
10288 10368 10366
10293 10294 10369
10293 10369 10368
10297 10291 10367
10297 10367 10370
10371 10314 10312
10371 10312 10372
10372 10312 10311
10372 10311 10318
10363 10316 10311
10363 10311 10310
10373 10319 10314
10373 10314 10371
10374 10375 10319
10374 10319 10373
10362 10322 10316
10362 10316 10363
10376 10377 10378
10379 10376 10378
10380 10379 10378
10381 10380 10378
10382 10381 10378
10383 10382 10378
10384 10383 10378
10385 10384 10378
10386 10385 10378
10387 10386 10378
10388 10389 10390
10391 10389 10388
10392 10389 10391
10393 10389 10392
10394 10389 10393
10395 10389 10394
10396 10389 10395
10397 10389 10396
10398 10389 10397
10399 10389 10398
10400 10401 10402
10400 10402 10403
10401 10404 10405
10401 10405 10402
10404 10406 10407
10404 10407 10405
10406 10408 10409
10406 10409 10407
10408 10410 10411
10408 10411 10409
10410 10412 10413
10410 10413 10411
10412 10414 10415
10412 10415 10413
10414 10416 10417
10414 10417 10415
10416 10418 10419
10416 10419 10417
10418 10420 10421
10418 10421 10419
10420 10422 10423
10420 10423 10421
10422 10424 10425
10422 10425 10423
10200 10278 10202
10293 10292 10295
10292 10309 10295
10195 10194 10196
10197 10211 10195
10288 10286 10285
10285 10303 10289
10221 10219 10218
10227 10226 10229
10218 10237 10222
10313 10312 10314
10319 10375 10321
10315 10330 10313
10321 10335 10320
10426 10427 10428
10426 10428 10429
10430 10431 10432
10430 10432 10433
10429 10428 10434
10429 10434 10435
10433 10432 10436
10433 10436 10437
10435 10434 10438
10435 10438 10439
10437 10436 10440
10437 10440 10441
10439 10438 10442
10439 10442 10443
10441 10440 10444
10441 10444 10445
10443 10442 10446
10443 10446 10447
10445 10444 10448
10445 10448 10449
10447 10446 10450
10447 10450 10451
10449 10448 10452
10449 10452 10453
10451 10450 10454
10451 10454 10455
10453 10452 10456
10453 10456 10457
10455 10454 10458
10455 10458 10459
10457 10456 10460
10457 10460 10461
10459 10458 10462
10459 10462 10463
10461 10460 10464
10461 10464 10465
10463 10462 10466
10463 10466 10467
10465 10464 10468
10465 10468 10469
10467 10466 10470
10467 10470 10471
10469 10468 10472
10469 10472 10473
10471 10470 10474
10471 10474 10475
10473 10472 10476
10473 10476 10477
10478 10479 10480
10478 10480 10481
10482 10483 10484
10482 10484 10485
10481 10480 10486
10481 10486 10487
10485 10484 10488
10485 10488 10489
10487 10486 10490
10487 10490 10491
10489 10488 10492
10489 10492 10493
10491 10490 10494
10491 10494 10495
10493 10492 10496
10493 10496 10497
10495 10494 10498
10495 10498 10499
10497 10496 10500
10497 10500 10501
10499 10498 10502
10499 10502 10503
10501 10500 10504
10501 10504 10505
10503 10502 10506
10503 10506 10507
10505 10504 10508
10505 10508 10509
10507 10506 10510
10507 10510 10511
10509 10508 10512
10509 10512 10513
10511 10510 10514
10511 10514 10515
10513 10512 10516
10513 10516 10517
10515 10514 10518
10515 10518 10519
10517 10516 10520
10517 10520 10521
10519 10518 10522
10519 10522 10523
10521 10520 10524
10521 10524 10525
10523 10522 10427
10523 10427 10426
10525 10524 10431
10525 10431 10430
10526 10527 10528
10526 10528 10529
10530 10531 10532
10530 10532 10533
10534 10535 10527
10534 10527 10526
10536 10530 10533
10536 10533 10537
10538 10539 10535
10538 10535 10534
10540 10536 10537
10540 10537 10541
10542 10543 10539
10542 10539 10538
10544 10540 10541
10544 10541 10545
10546 10547 10543
10546 10543 10542
10548 10544 10545
10548 10545 10549
10550 10551 10547
10550 10547 10546
10552 10548 10549
10552 10549 10553
10554 10555 10551
10554 10551 10550
10556 10552 10553
10556 10553 10557
10558 10559 10555
10558 10555 10554
10560 10556 10557
10560 10557 10561
10562 10563 10559
10562 10559 10558
10564 10560 10561
10564 10561 10565
10566 10567 10563
10566 10563 10562
10568 10564 10565
10568 10565 10569
10570 10571 10567
10570 10567 10566
10572 10568 10569
10572 10569 10573
10574 10575 10571
10574 10571 10570
10576 10572 10573
10576 10573 10577
10578 10579 10575
10578 10575 10574
10580 10576 10577
10580 10577 10581
10582 10583 10579
10582 10579 10578
10584 10580 10581
10584 10581 10585
10586 10587 10583
10586 10583 10582
10588 10584 10585
10588 10585 10589
10590 10591 10587
10590 10587 10586
10592 10588 10589
10592 10589 10593
10594 10595 10591
10594 10591 10590
10596 10592 10593
10596 10593 10597
10598 10599 10595
10598 10595 10594
10600 10596 10597
10600 10597 10601
10602 10603 10599
10602 10599 10598
10604 10600 10601
10604 10601 10605
10606 10607 10603
10606 10603 10602
10608 10604 10605
10608 10605 10609
10610 10611 10607
10610 10607 10606
10612 10608 10609
10612 10609 10613
10614 10615 10611
10614 10611 10610
10616 10612 10613
10616 10613 10617
10618 10619 10615
10618 10615 10614
10620 10616 10617
10620 10617 10621
10529 10528 10619
10529 10619 10618
10531 10620 10621
10531 10621 10532
10622 10623 10624
10622 10624 10625
10626 10627 10628
10629 10625 10630
10627 10631 10632
10633 10632 10631
10632 10633 10634
10632 10634 10624
10624 10634 10635
10624 10635 10625
10632 10624 10623
10632 10623 10628
10629 10622 10625
10625 10635 10630
10636 10637 10638
10639 10640 10641
10639 10641 10642
10643 10642 10644
10645 10636 10638
10646 10638 10640
10646 10640 10639
10647 10648 10649
10641 10640 10650
10641 10650 10647
10650 10640 10638
10650 10638 10637
10644 10642 10641
10644 10641 10649
10645 10638 10646
10647 10649 10641
10628 10627 10632
10633 10631 10651
10652 10653 10654
10652 10654 10655
10656 10657 10658
10656 10658 10659
10655 10654 10660
10655 10660 10661
10662 10663 10664
10662 10664 10665
10666 10667 10668
10669 10670 10657
10669 10657 10656
10661 10660 10670
10661 10670 10669
10671 10672 10673
10671 10673 10674
10675 10676 10677
10666 10678 10679
10675 10677 10680
10666 10681 10678
10675 10680 10682
10666 10683 10681
10675 10682 10684
10666 10668 10683
10675 10684 10685
10668 10667 10686
10685 10684 10687
10688 10689 10690
10688 10690 10691
10692 10693 10694
10692 10694 10695
10696 10697 10698
10696 10698 10699
10691 10690 10697
10691 10697 10696
10695 10694 10689
10695 10689 10688
10700 10701 10702
10700 10702 10703
10704 10705 10693
10704 10693 10692
10706 10707 10705
10706 10705 10704
10708 10709 10710
10708 10710 10711
10711 10710 10712
10711 10712 10713
10709 10708 10714
10709 10714 10715
10716 10717 10715
10716 10715 10714
10713 10712 10707
10713 10707 10706
10703 10702 10717
10703 10717 10716
10718 10719 10699
10718 10699 10698
10701 10700 10719
10701 10719 10718
10720 10721 10722
10720 10722 10723
10724 10725 10726
10724 10726 10727
10728 10729 10730
10728 10730 10731
10723 10730 10729
10723 10729 10720
10721 10724 10727
10721 10727 10722
10732 10733 10734
10732 10734 10735
10725 10736 10737
10725 10737 10726
10736 10738 10739
10736 10739 10737
10740 10741 10742
10740 10742 10743
10744 10740 10743
10744 10743 10745
10746 10742 10741
10746 10741 10747
10748 10746 10747
10748 10747 10749
10738 10744 10745
10738 10745 10739
10749 10732 10735
10749 10735 10748
10750 10728 10731
10750 10731 10751
10751 10734 10733
10751 10733 10750
10752 10753 10754
10752 10754 10755
10756 10757 10753
10756 10753 10752
10758 10759 10757
10758 10757 10756
10760 10761 10759
10760 10759 10758
10762 10763 10761
10762 10761 10760
10764 10765 10763
10764 10763 10762
10766 10767 10765
10766 10765 10764
10768 10769 10770
10768 10770 10771
10772 10773 10769
10772 10769 10768
10774 10775 10773
10774 10773 10772
10776 10777 10775
10776 10775 10774
10778 10779 10777
10778 10777 10776
10780 10781 10779
10780 10779 10778
10782 10783 10781
10782 10781 10780
10784 10785 10783
10784 10783 10782
10755 10754 10785
10755 10785 10784
10786 10787 10788
10786 10788 10789
10790 10791 10787
10790 10787 10786
10792 10793 10791
10792 10791 10790
10794 10795 10793
10794 10793 10792
10796 10797 10795
10796 10795 10794
10798 10799 10797
10798 10797 10796
10800 10801 10799
10800 10799 10798
10802 10803 10801
10802 10801 10800
10804 10805 10803
10804 10803 10802
10806 10807 10805
10806 10805 10804
10808 10809 10807
10808 10807 10806
10810 10811 10809
10810 10809 10808
10812 10813 10811
10812 10811 10810
10814 10815 10813
10814 10813 10812
10816 10817 10815
10816 10815 10814
10789 10788 10818
10789 10818 10819
10820 10821 10822
10820 10822 10823
10824 10825 10821
10824 10821 10820
10826 10827 10828
10826 10828 10829
10829 10828 10830
10829 10830 10831
10832 10833 10834
10832 10834 10835
10836 10837 10833
10836 10833 10832
10838 10839 10840
10838 10840 10841
10842 10843 10844
10842 10844 10845
10846 10847 10848
10848 10839 10849
10850 10851 10849
10852 10846 10848
10853 10827 10854
10853 10854 10855
10856 10857 10858
10856 10858 10853
10859 10860 10861
10861 10862 10859
10863 10864 10859
10820 10823 10865
10838 10824 10820
10838 10820 10866
10867 10868 10869
10870 10839 10871
10871 10839 10848
10847 10872 10848
10873 10867 10871
10874 10875 10876
10875 10877 10878
10875 10878 10876
10879 10870 10876
10876 10870 10869
10868 10874 10876
10868 10876 10869
10880 10881 10882
10880 10882 10883
10884 10885 10886
10884 10886 10887
10883 10888 10889
10883 10889 10880
10885 10890 10891
10885 10891 10886
10892 10822 10893
10894 10893 10821
10894 10821 10825
10830 10859 10893
10830 10893 10894
10864 10895 10893
10896 10892 10893
10881 10897 10898
10881 10898 10882
10899 10887 10900
10899 10900 10854
10888 10901 10902
10888 10902 10889
10890 10903 10904
10890 10904 10891
10825 10824 10905
10825 10905 10906
10907 10908 10909
10907 10909 10910
10911 10912 10913
10860 10859 10913
10859 10830 10828
10859 10828 10913
10827 10853 10913
10827 10913 10828
10853 10858 10914
10915 10916 10917
10850 10849 10916
10849 10839 10838
10838 10866 10917
10866 10865 10918
10837 10836 10898
10837 10898 10897
10826 10919 10920
10826 10920 10899
10824 10838 10841
10824 10841 10905
10908 10842 10845
10908 10845 10909
10921 10922 10923
10921 10923 10924
10925 10840 10839
10925 10839 10870
10922 10926 10927
10922 10927 10923
10928 10925 10870
10928 10870 10879
10929 10930 10931
10932 10933 10930
10933 10934 10931
10900 10935 10936
10900 10936 10934
10931 10937 10938
10939 10940 10941
10942 10940 10943
10935 10944 10945
10935 10945 10936
10946 10941 10940
10947 10948 10949
10937 10931 10950
10931 10936 10948
10940 10942 10949
10951 10952 10953
10951 10953 10954
10954 10953 10835
10954 10835 10834
10831 10830 10894
10831 10894 10955
10825 10906 10955
10825 10955 10894
10956 10957 10958
10857 10856 10957
10856 10855 10959
10854 10900 10934
10854 10934 10959
10933 10932 10960
10961 10962 10963
10962 10964 10963
10965 10946 10963
10946 10945 10963
10944 10966 10967
10944 10967 10945
10853 10914 10913
10919 10826 10829
10919 10829 10968
10968 10829 10831
10968 10831 10969
10843 10842 10841
10843 10841 10840
10935 10900 10887
10935 10887 10886
10944 10935 10886
10944 10886 10891
10920 10884 10887
10920 10887 10899
10966 10944 10891
10966 10891 10904
10908 10907 10906
10908 10906 10905
10899 10854 10827
10899 10827 10826
10842 10908 10905
10842 10905 10841
10970 10843 10840
10970 10840 10925
10971 10970 10925
10971 10925 10928
10969 10831 10955
10969 10955 10972
10972 10955 10906
10972 10906 10907
10973 10834 10833
10973 10833 10974
10974 10833 10837
10974 10837 10975
10924 10976 10977
10924 10977 10921
10978 10979 10881
10978 10881 10880
10980 10978 10880
10980 10880 10889
10979 10981 10897
10979 10897 10881
10982 10980 10889
10982 10889 10902
10983 10952 10951
10983 10951 10984
10897 10981 10975
10897 10975 10837
10976 10983 10984
10976 10984 10977
10844 10985 10922
10844 10922 10921
10985 10986 10926
10985 10926 10922
10910 10951 10954
10910 10954 10987
10987 10954 10834
10987 10834 10973
10879 10876 10878
10870 10871 10869
10849 10838 10917
10921 10977 10845
10921 10845 10844
10984 10951 10910
10984 10910 10909
10977 10984 10909
10977 10909 10845
10969 10973 10974
10969 10974 10968
10968 10974 10975
10968 10975 10919
10885 10884 10979
10885 10979 10978
10890 10885 10978
10890 10978 10980
10884 10920 10981
10884 10981 10979
10903 10890 10980
10903 10980 10982
10981 10920 10919
10981 10919 10975
10843 10970 10985
10843 10985 10844
10970 10971 10986
10970 10986 10985
10907 10910 10987
10907 10987 10972
10972 10987 10973
10972 10973 10969
10873 10871 10872
10852 10848 10851
10915 10917 10918
10896 10893 10895
10859 10862 10863
10911 10913 10914
10956 10958 10960
10929 10931 10938
10948 10947 10950
10940 10939 10943
10963 10964 10988
10934 10936 10931
10959 10855 10854
10959 10934 10958
10945 10967 10963
10853 10855 10856
10963 10967 10989
10940 10945 10946
10948 10936 10940
10958 10934 10933
10856 10959 10958
10961 10963 10989
10965 10963 10988
10941 10946 10965
10930 10933 10931
10950 10931 10948
10940 10949 10948
10933 10960 10958
10957 10856 10958
10849 10851 10848
10867 10869 10871
10848 10872 10871
10916 10849 10917
10866 10918 10917
10820 10865 10866
10893 10822 10821
10990 10991 10992
10990 10992 10993
10991 10994 10995
10991 10995 10992
10996 10997 10998
10996 10998 10999
11000 10996 10999
11000 10999 11001
11002 11003 11004
11002 11004 11005
11003 11006 11007
11003 11007 11004
11008 11009 11010
11008 11010 11011
11012 11013 11014
11012 11014 11015
11016 11017 11018
11009 11018 11019
11020 11021 11019
11017 11022 11018
11023 10997 11024
11023 11024 11025
11026 11027 11028
11026 11028 11024
11029 11030 11031
11032 11031 11030
11033 11034 11030
10993 10992 11035
10992 10995 11010
10992 11010 11036
11037 11038 11039
11009 11040 11041
11009 11041 11018
11042 11016 11018
11038 11043 11041
11044 11045 11046
11047 11048 11044
11047 11044 11046
11040 11049 11046
11040 11046 11039
11046 11045 11037
11046 11037 11039
11050 11051 11052
11050 11052 11053
11054 11055 11056
11054 11056 11057
11058 11059 11053
11058 11053 11052
11060 11061 11055
11060 11055 11054
10990 11062 11063
10991 11063 11064
10991 11064 10994
11063 11030 11000
11063 11000 11064
11065 11033 11063
11062 11066 11063
11067 11068 11051
11067 11051 11050
11069 11057 11070
11069 11070 11023
11071 11072 11059
11071 11059 11058
11073 11074 11061
11073 11061 11060
11075 10995 10994
11075 10994 11076
11077 11078 11079
11077 11079 11080
11081 11082 11083
11030 11029 11083
10996 11000 11030
10996 11030 11083
11083 11024 10997
11083 10997 10996
11026 11024 11084
11085 11086 11087
11019 11021 11085
11009 11019 11010
11036 11010 11087
11035 11036 11088
11067 11007 11006
11067 11006 11068
11089 11090 10998
11089 10998 11070
11011 11010 10995
11011 10995 11075
11015 11014 11078
11015 11078 11077
11091 11092 11093
11091 11093 11094
11009 11008 11095
11009 11095 11040
11096 11097 11092
11096 11092 11091
11040 11095 11098
11040 11098 11049
11099 11100 11101
11102 11103 11099
11104 11102 11101
11105 11106 11069
11105 11069 11104
11107 11101 11108
11109 11110 11111
11109 11112 11113
11114 11115 11106
11114 11106 11105
11111 11116 11109
11117 11118 11119
11101 11107 11120
11105 11101 11117
11112 11109 11119
11121 11122 11123
11121 11123 11124
11005 11121 11124
11005 11124 11002
11064 11000 11001
11064 11001 11125
11125 11076 10994
11125 10994 11064
11126 11127 11128
11028 11027 11126
11025 11028 11129
11104 11069 11023
11104 11023 11129
11103 11102 11130
11131 11132 11133
11134 11131 11133
11116 11135 11133
11114 11116 11133
11136 11137 11115
11136 11115 11114
11084 11024 11083
10999 10998 11090
10999 11090 11138
11001 10999 11138
11001 11138 11139
11011 11014 11013
11011 11013 11008
11057 11069 11106
11057 11106 11054
11054 11106 11115
11054 11115 11060
11057 11056 11089
11057 11089 11070
11060 11115 11137
11060 11137 11073
11076 11079 11078
11076 11078 11075
10997 11023 11070
10997 11070 10998
11075 11078 11014
11075 11014 11011
11008 11013 11140
11008 11140 11095
11095 11140 11141
11095 11141 11098
11125 11001 11139
11125 11139 11142
11076 11125 11142
11076 11142 11079
11003 11002 11143
11003 11143 11144
11006 11003 11144
11006 11144 11145
11146 11147 11094
11146 11094 11093
11051 11148 11149
11051 11149 11052
11052 11149 11150
11052 11150 11058
11068 11151 11148
11068 11148 11051
11058 11150 11152
11058 11152 11071
11123 11122 11153
11123 11153 11154
11145 11151 11068
11145 11068 11006
11154 11153 11147
11154 11147 11146
11092 11155 11012
11092 11012 11093
11097 11156 11155
11097 11155 11092
11124 11123 11080
11124 11080 11157
11002 11124 11157
11002 11157 11143
11046 11049 11047
11041 11040 11039
11010 11019 11087
11015 11146 11093
11015 11093 11012
11080 11123 11154
11080 11154 11077
11077 11154 11146
11077 11146 11015
11144 11143 11139
11144 11139 11138
11145 11144 11138
11145 11138 11090
11148 11056 11055
11148 11055 11149
11149 11055 11061
11149 11061 11150
11151 11089 11056
11151 11056 11148
11150 11061 11074
11150 11074 11152
11090 11089 11151
11090 11151 11145
11155 11140 11013
11155 11013 11012
11156 11141 11140
11156 11140 11155
11157 11080 11079
11157 11079 11142
11143 11157 11142
11143 11142 11139
11041 11043 11042
11018 11022 11020
11087 11086 11088
11063 11066 11065
11032 11030 11034
11083 11082 11084
11128 11127 11130
11101 11100 11108
11118 11117 11120
11110 11109 11113
11134 11133 11158
11105 11104 11101
11025 11129 11023
11104 11129 11128
11136 11114 11133
11025 11024 11028
11136 11133 11159
11114 11109 11116
11105 11117 11109
11104 11128 11102
11129 11028 11128
11133 11132 11159
11133 11135 11158
11116 11111 11135
11102 11099 11101
11101 11120 11117
11119 11109 11117
11130 11102 11128
11028 11126 11128
11020 11019 11018
11039 11038 11041
11042 11018 11041
11019 11085 11087
11088 11036 11087
11035 10992 11036
10990 11063 10991
10860 10913 10912
11083 11029 11081
10864 10893 10859
11063 11033 11030
10940 10936 10945
11105 11109 11114
11160 11161 11162
11160 11162 11163
11164 11160 11163
11164 11163 11165
11166 11167 11168
11166 11168 11169
11167 11170 11171
11167 11171 11168
11172 11173 11174
11172 11174 11175
11176 11172 11175
11176 11175 11177
11178 11179 11180
11178 11180 11181
11182 11183 11184
11182 11184 11185
11186 11187 11188
11187 11189 11181
11190 11189 11191
11192 11187 11186
11193 11194 11195
11193 11195 11169
11196 11193 11197
11196 11197 11198
11199 11200 11201
11200 11199 11202
11203 11199 11204
11160 11205 11161
11178 11206 11160
11178 11160 11164
11207 11208 11209
11210 11211 11181
11211 11187 11181
11188 11187 11212
11213 11211 11207
11214 11215 11216
11216 11215 11217
11216 11217 11218
11219 11215 11210
11215 11208 11210
11209 11208 11215
11209 11215 11214
11220 11221 11222
11220 11222 11223
11224 11225 11226
11224 11226 11227
11221 11220 11228
11221 11228 11229
11227 11226 11230
11227 11230 11231
11232 11233 11162
11234 11165 11163
11234 11163 11233
11171 11234 11233
11171 11233 11199
11204 11233 11235
11236 11233 11232
11223 11222 11237
11223 11237 11238
11239 11195 11240
11239 11240 11225
11229 11228 11241
11229 11241 11242
11231 11230 11243
11231 11243 11244
11165 11245 11246
11165 11246 11164
11247 11248 11249
11247 11249 11250
11251 11252 11253
11201 11252 11199
11199 11252 11168
11199 11168 11171
11169 11168 11252
11169 11252 11193
11193 11254 11197
11255 11256 11257
11190 11257 11189
11189 11178 11181
11178 11256 11206
11206 11258 11205
11177 11238 11237
11177 11237 11176
11166 11239 11259
11166 11259 11260
11164 11246 11179
11164 11179 11178
11250 11249 11183
11250 11183 11182
11261 11262 11263
11261 11263 11264
11265 11210 11181
11265 11181 11180
11264 11263 11266
11264 11266 11267
11268 11219 11210
11268 11210 11265
11269 11270 11271
11272 11271 11273
11273 11270 11274
11240 11274 11275
11240 11275 11276
11270 11277 11278
11279 11280 11281
11282 11283 11281
11276 11275 11284
11276 11284 11285
11286 11281 11280
11287 11288 11289
11278 11290 11270
11270 11289 11275
11281 11288 11282
11291 11292 11293
11291 11293 11294
11292 11174 11173
11292 11173 11293
11170 11295 11234
11170 11234 11171
11165 11234 11295
11165 11295 11245
11296 11297 11298
11198 11298 11196
11196 11299 11194
11195 11299 11274
11195 11274 11240
11273 11300 11272
11301 11302 11303
11303 11302 11304
11305 11302 11286
11286 11302 11284
11285 11284 11306
11285 11306 11307
11193 11252 11254
11260 11308 11167
11260 11167 11166
11308 11309 11170
11308 11170 11167
11185 11180 11179
11185 11179 11182
11276 11226 11225
11276 11225 11240
11285 11230 11226
11285 11226 11276
11259 11239 11225
11259 11225 11224
11307 11243 11230
11307 11230 11285
11250 11246 11245
11250 11245 11247
11239 11166 11169
11239 11169 11195
11182 11179 11246
11182 11246 11250
11310 11265 11180
11310 11180 11185
11311 11268 11265
11311 11265 11310
11309 11312 11295
11309 11295 11170
11312 11247 11245
11312 11245 11295
11313 11314 11175
11313 11175 11174
11314 11315 11177
11314 11177 11175
11262 11261 11316
11262 11316 11317
11318 11220 11223
11318 11223 11319
11320 11228 11220
11320 11220 11318
11319 11223 11238
11319 11238 11321
11322 11241 11228
11322 11228 11320
11323 11324 11291
11323 11291 11294
11238 11177 11315
11238 11315 11321
11317 11316 11324
11317 11324 11323
11184 11261 11264
11184 11264 11325
11325 11264 11267
11325 11267 11326
11248 11327 11292
11248 11292 11291
11327 11313 11174
11327 11174 11292
11219 11217 11215
11210 11208 11211
11189 11256 11178
11261 11184 11183
11261 11183 11316
11324 11249 11248
11324 11248 11291
11316 11183 11249
11316 11249 11324
11309 11308 11314
11309 11314 11313
11308 11260 11315
11308 11315 11314
11227 11318 11319
11227 11319 11224
11231 11320 11318
11231 11318 11227
11224 11319 11321
11224 11321 11259
11244 11322 11320
11244 11320 11231
11321 11315 11260
11321 11260 11259
11185 11184 11325
11185 11325 11310
11310 11325 11326
11310 11326 11311
11247 11312 11327
11247 11327 11248
11312 11309 11313
11312 11313 11327
11213 11212 11211
11192 11191 11187
11255 11258 11256
11236 11235 11233
11199 11203 11202
11251 11254 11252
11296 11300 11297
11269 11277 11270
11289 11290 11287
11281 11283 11279
11302 11328 11304
11274 11270 11275
11299 11195 11194
11299 11297 11274
11284 11302 11306
11193 11196 11194
11302 11329 11306
11281 11286 11284
11289 11281 11275
11297 11273 11274
11196 11297 11299
11301 11329 11302
11305 11328 11302
11280 11305 11286
11271 11270 11273
11290 11289 11270
11281 11289 11288
11273 11297 11300
11298 11297 11196
11189 11187 11191
11207 11211 11208
11187 11211 11212
11257 11256 11189
11206 11256 11258
11160 11206 11205
11233 11163 11162
11330 11331 11332
11330 11332 11333
11333 11332 11334
11333 11334 11335
11336 11337 11338
11336 11338 11339
11340 11341 11337
11340 11337 11336
11342 11343 11344
11342 11344 11345
11345 11344 11346
11345 11346 11347
11348 11349 11350
11348 11350 11351
11352 11353 11354
11352 11354 11355
11356 11357 11358
11351 11359 11357
11360 11359 11361
11358 11357 11362
11363 11364 11365
11363 11365 11339
11366 11365 11367
11366 11367 11368
11369 11370 11371
11372 11371 11370
11373 11371 11374
11331 11375 11332
11332 11376 11350
11332 11350 11334
11377 11378 11379
11351 11380 11381
11351 11357 11380
11382 11357 11356
11379 11380 11383
11384 11385 11386
11387 11385 11384
11387 11384 11388
11381 11385 11389
11381 11378 11385
11385 11378 11377
11385 11377 11386
11390 11391 11392
11390 11392 11393
11394 11395 11396
11394 11396 11397
11398 11392 11391
11398 11391 11399
11400 11394 11397
11400 11397 11401
11330 11402 11403
11333 11335 11404
11333 11404 11402
11402 11404 11340
11402 11340 11371
11405 11402 11373
11403 11402 11406
11407 11390 11393
11407 11393 11408
11409 11363 11410
11409 11410 11395
11411 11398 11399
11411 11399 11412
11413 11400 11401
11413 11401 11414
11415 11416 11335
11415 11335 11334
11417 11418 11419
11417 11419 11420
11421 11422 11423
11371 11422 11369
11336 11422 11371
11336 11371 11340
11422 11336 11339
11422 11339 11365
11366 11424 11365
11425 11426 11427
11359 11425 11361
11351 11350 11359
11376 11426 11350
11375 11428 11376
11407 11408 11347
11407 11347 11346
11429 11410 11338
11429 11338 11430
11349 11415 11334
11349 11334 11350
11353 11417 11420
11353 11420 11354
11431 11432 11433
11431 11433 11434
11351 11381 11435
11351 11435 11348
11436 11431 11434
11436 11434 11437
11381 11389 11438
11381 11438 11435
11439 11440 11441
11442 11439 11443
11444 11440 11442
11445 11444 11409
11445 11409 11446
11447 11448 11440
11449 11450 11451
11449 11452 11453
11454 11445 11446
11454 11446 11455
11450 11449 11456
11457 11458 11459
11440 11460 11447
11445 11457 11440
11453 11458 11449
11461 11462 11463
11461 11463 11464
11343 11342 11462
11343 11462 11461
11404 11465 11341
11404 11341 11340
11465 11404 11335
11465 11335 11416
11466 11467 11468
11367 11466 11368
11364 11469 11367
11444 11469 11363
11444 11363 11409
11443 11470 11442
11471 11472 11473
11474 11472 11471
11456 11472 11475
11454 11472 11456
11476 11454 11455
11476 11455 11477
11424 11422 11365
11337 11478 11430
11337 11430 11338
11341 11479 11478
11341 11478 11337
11349 11348 11355
11349 11355 11354
11395 11394 11446
11395 11446 11409
11394 11400 11455
11394 11455 11446
11395 11410 11429
11395 11429 11396
11400 11413 11477
11400 11477 11455
11416 11415 11420
11416 11420 11419
11339 11338 11410
11339 11410 11363
11415 11349 11354
11415 11354 11420
11348 11435 11480
11348 11480 11355
11435 11438 11481
11435 11481 11480
11465 11482 11479
11465 11479 11341
11416 11419 11482
11416 11482 11465
11345 11483 11484
11345 11484 11342
11347 11485 11483
11347 11483 11345
11486 11433 11432
11486 11432 11487
11393 11392 11488
11393 11488 11489
11392 11398 11490
11392 11490 11488
11408 11393 11489
11408 11489 11491
11398 11411 11492
11398 11492 11490
11463 11493 11494
11463 11494 11464
11485 11347 11408
11485 11408 11491
11493 11486 11487
11493 11487 11494
11434 11433 11352
11434 11352 11495
11437 11434 11495
11437 11495 11496
11462 11497 11418
11462 11418 11463
11342 11484 11497
11342 11497 11462
11385 11387 11389
11380 11378 11381
11350 11426 11359
11353 11352 11433
11353 11433 11486
11418 11417 11493
11418 11493 11463
11417 11353 11486
11417 11486 11493
11483 11478 11479
11483 11479 11484
11485 11430 11478
11485 11478 11483
11489 11488 11397
11489 11397 11396
11488 11490 11401
11488 11401 11397
11491 11489 11396
11491 11396 11429
11490 11492 11414
11490 11414 11401
11430 11485 11491
11430 11491 11429
11495 11352 11355
11495 11355 11480
11496 11495 11480
11496 11480 11481
11497 11482 11419
11497 11419 11418
11484 11479 11482
11484 11482 11497
11380 11382 11383
11357 11360 11362
11426 11428 11427
11402 11405 11406
11372 11374 11371
11422 11424 11423
11467 11470 11468
11440 11448 11441
11459 11460 11457
11451 11452 11449
11474 11498 11472
11445 11440 11444
11364 11363 11469
11444 11467 11469
11476 11472 11454
11364 11367 11365
11476 11499 11472
11454 11456 11449
11445 11449 11457
11444 11442 11467
11469 11467 11367
11472 11499 11473
11472 11498 11475
11456 11475 11450
11442 11440 11439
11440 11457 11460
11458 11457 11449
11470 11467 11442
11367 11467 11466
11360 11357 11359
11378 11380 11379
11382 11380 11357
11359 11426 11425
11428 11426 11376
11375 11376 11332
11330 11333 11402
11201 11253 11252
11422 11421 11369
11204 11199 11233
11402 11371 11373
11281 11284 11275
11445 11454 11449
11500 11501 11502
11500 11502 11503
11504 11505 11506
11507 11508 11509
11507 11509 11510
11511 11509 11508
11511 11508 11512
11513 11514 11515
11513 11515 11516
11517 11518 11519
11517 11519 11520
11521 11522 11523
11521 11523 11524
11525 11526 11527
11525 11527 11528
11526 11525 11529
11518 11517 11530
11518 11530 11531
11532 11533 11534
11532 11534 11535
11536 11537 11538
11539 11540 11536
11539 11536 11538
11514 11513 11540
11514 11540 11539
11541 11523 11522
11541 11522 11542
11543 11544 11545
11543 11545 11546
11547 11548 11544
11535 11548 11547
11535 11547 11532
11546 11541 11542
11546 11542 11543
11549 11550 11551
11552 11553 11554
11552 11554 11555
11556 11554 11553
11556 11553 11557
11558 11552 11555
11558 11555 11559
11559 11560 11561
11559 11561 11558
11562 11563 11564
11562 11564 11565
11566 11567 11565
11566 11565 11564
11568 11569 11567
11568 11567 11566
11569 11568 11570
11569 11570 11571
11505 11572 11506
11573 11574 11508
11573 11508 11507
11572 11505 11575
11575 11576 11502
11577 11513 11516
11577 11516 11578
11512 11508 11574
11512 11574 11579
11580 11517 11520
11580 11520 11581
11524 11523 11582
11524 11582 11583
11584 11525 11528
11584 11528 11585
11525 11584 11586
11525 11586 11529
11529 11586 11587
11529 11587 11503
11517 11580 11588
11517 11588 11530
11535 11534 11589
11535 11589 11590
11591 11537 11536
11540 11592 11593
11540 11593 11536
11594 11547 11537
11547 11594 11595
11547 11595 11532
11513 11577 11592
11513 11592 11540
11596 11582 11523
11596 11523 11541
11546 11545 11597
11546 11597 11598
11545 11548 11599
11545 11599 11597
11590 11599 11548
11590 11548 11535
11598 11596 11541
11598 11541 11546
11526 11505 11504
11509 11518 11531
11509 11531 11510
11505 11526 11576
11515 11514 11522
11515 11522 11521
11518 11509 11511
11518 11511 11519
11537 11544 11538
11543 11542 11539
11543 11539 11538
11537 11547 11544
11542 11522 11514
11542 11514 11539
11600 11561 11560
11600 11560 11601
11602 11603 11571
11602 11571 11570
11604 11500 11503
11604 11503 11587
11605 11533 11532
11605 11532 11595
11575 11505 11576
11576 11526 11529
11526 11504 11527
11506 11572 11606
11544 11548 11545
11591 11536 11593
11538 11544 11543
11607 11608 11609
11506 11507 11510
11506 11510 11504
11531 11530 11528
11531 11528 11527
11606 11573 11507
11606 11507 11506
11530 11588 11585
11530 11585 11528
11504 11510 11531
11504 11531 11527
11563 11562 11608
11563 11608 11607
11550 11556 11557
11550 11557 11551
11503 11576 11529
11502 11576 11503
11594 11537 11591
11610 11611 11612
11610 11612 11613
11614 11615 11616
11617 11618 11619
11617 11619 11620
11618 11617 11621
11618 11621 11622
11623 11624 11625
11623 11625 11626
11627 11628 11629
11627 11629 11630
11631 11632 11633
11631 11633 11634
11635 11636 11637
11635 11637 11638
11638 11639 11635
11630 11640 11641
11630 11641 11627
11642 11643 11644
11642 11644 11645
11646 11647 11648
11649 11647 11646
11649 11646 11650
11626 11649 11650
11626 11650 11623
11632 11631 11651
11632 11651 11652
11653 11654 11655
11653 11655 11656
11657 11654 11658
11657 11658 11645
11657 11645 11644
11652 11651 11656
11652 11656 11655
11659 11660 11661
11662 11663 11664
11662 11664 11665
11663 11662 11666
11663 11666 11667
11665 11664 11668
11665 11668 11669
11670 11671 11669
11670 11669 11668
11672 11673 11674
11672 11674 11675
11676 11672 11675
11676 11675 11677
11678 11676 11677
11678 11677 11679
11679 11680 11681
11679 11681 11678
11616 11615 11682
11618 11683 11684
11618 11684 11619
11682 11685 11616
11685 11612 11686
11687 11688 11624
11687 11624 11623
11683 11618 11622
11683 11622 11689
11690 11691 11628
11690 11628 11627
11692 11631 11634
11692 11634 11693
11694 11695 11636
11694 11636 11635
11635 11639 11696
11635 11696 11694
11639 11611 11697
11639 11697 11696
11627 11641 11698
11627 11698 11690
11699 11642 11645
11699 11645 11700
11701 11646 11648
11650 11646 11702
11650 11702 11703
11704 11648 11657
11657 11644 11705
11657 11705 11704
11623 11650 11703
11623 11703 11687
11631 11692 11706
11631 11706 11651
11707 11653 11656
11707 11656 11708
11709 11658 11653
11709 11653 11707
11658 11709 11700
11658 11700 11645
11651 11706 11708
11651 11708 11656
11638 11614 11616
11617 11620 11640
11617 11640 11630
11616 11686 11638
11632 11626 11625
11632 11625 11633
11630 11629 11621
11630 11621 11617
11648 11647 11654
11649 11652 11655
11649 11655 11647
11648 11654 11657
11626 11632 11652
11626 11652 11649
11671 11670 11710
11671 11710 11711
11712 11681 11680
11712 11680 11713
11611 11610 11714
11611 11714 11697
11644 11643 11715
11644 11715 11705
11685 11686 11616
11686 11639 11638
11638 11637 11614
11615 11716 11682
11654 11653 11658
11701 11702 11646
11647 11655 11654
11717 11718 11719
11620 11619 11615
11620 11615 11614
11640 11637 11636
11640 11636 11641
11619 11684 11716
11619 11716 11615
11641 11636 11695
11641 11695 11698
11640 11620 11614
11640 11614 11637
11673 11717 11719
11673 11719 11674
11667 11666 11661
11667 11661 11660
11611 11639 11686
11612 11611 11686
11704 11701 11648
11720 11721 11722
11723 11721 11720
11724 11721 11723
11725 11721 11724
11726 11721 11725
11727 11721 11726
11728 11721 11727
11729 11721 11728
11730 11721 11729
11731 11721 11730
11732 11733 11734
11735 11732 11734
11736 11735 11734
11737 11736 11734
11738 11737 11734
11739 11738 11734
11740 11739 11734
11741 11740 11734
11742 11741 11734
11743 11742 11734
11744 11745 11746
11744 11746 11747
11748 11749 11745
11748 11745 11744
11750 11751 11749
11750 11749 11748
11752 11753 11751
11752 11751 11750
11754 11755 11753
11754 11753 11752
11756 11757 11755
11756 11755 11754
11758 11759 11757
11758 11757 11756
11760 11761 11759
11760 11759 11758
11762 11763 11761
11762 11761 11760
11764 11765 11763
11764 11763 11762
11766 11767 11765
11766 11765 11764
11768 11769 11767
11768 11767 11766
11770 11771 11772
11772 11771 11773
11773 11771 11774
11774 11771 11775
11776 11771 11777
11777 11771 11778
11778 11771 11779
11779 11771 11780
11780 11771 11781
11781 11771 11770
11782 11783 11784
11782 11784 11785
11785 11784 11786
11785 11786 11787
11787 11786 11788
11787 11788 11789
11789 11788 11790
11789 11790 11791
11791 11790 11792
11791 11792 11793
11794 11795 11796
11794 11796 11797
11797 11796 11798
11797 11798 11799
11799 11798 11800
11799 11800 11801
11801 11800 11802
11801 11802 11803
11803 11802 11804
11803 11804 11805
11805 11804 11806
11805 11806 11807
11807 11806 11783
11807 11783 11782
11808 11809 11810
11809 11811 11810
11811 11812 11810
11812 11813 11810
11814 11815 11810
11815 11816 11810
11816 11817 11810
11817 11818 11810
11818 11819 11810
11819 11808 11810
11820 11821 11822
11820 11822 11823
11821 11820 11824
11821 11824 11825
11820 11826 11827
11820 11827 11824
11826 11820 11823
11826 11823 11828
11829 11830 11831
11829 11831 11832
11830 11833 11834
11830 11834 11831
11832 11831 11835
11832 11835 11836
11831 11834 11837
11831 11837 11835
11836 11835 11838
11836 11838 11839
11835 11837 11840
11835 11840 11838
11839 11838 11823
11839 11823 11822
11838 11840 11828
11838 11828 11823
11841 11826 11828
11841 11828 11842
11826 11841 11843
11826 11843 11827
11841 11844 11845
11841 11845 11843
11844 11841 11842
11844 11842 11846
11833 11847 11848
11833 11848 11834
11847 11849 11850
11847 11850 11848
11834 11848 11851
11834 11851 11837
11848 11850 11852
11848 11852 11851
11837 11851 11853
11837 11853 11840
11851 11852 11854
11851 11854 11853
11840 11853 11842
11840 11842 11828
11853 11854 11846
11853 11846 11842
11855 11844 11846
11855 11846 11856
11844 11855 11857
11844 11857 11845
11855 11858 11859
11855 11859 11857
11858 11855 11856
11858 11856 11860
11849 11861 11862
11849 11862 11850
11861 11863 11864
11861 11864 11862
11850 11862 11865
11850 11865 11852
11862 11864 11866
11862 11866 11865
11852 11865 11867
11852 11867 11854
11865 11866 11868
11865 11868 11867
11854 11867 11856
11854 11856 11846
11867 11868 11860
11867 11860 11856
11869 11858 11860
11869 11860 11870
11858 11869 11871
11858 11871 11859
11869 11872 11873
11869 11873 11871
11872 11869 11870
11872 11870 11874
11863 11875 11876
11863 11876 11864
11875 11877 11878
11875 11878 11876
11864 11876 11879
11864 11879 11866
11876 11878 11880
11876 11880 11879
11866 11879 11881
11866 11881 11868
11879 11880 11882
11879 11882 11881
11868 11881 11870
11868 11870 11860
11881 11882 11874
11881 11874 11870
11883 11872 11874
11883 11874 11884
11872 11883 11885
11872 11885 11873
11883 11886 11887
11883 11887 11885
11886 11883 11884
11886 11884 11888
11877 11889 11890
11877 11890 11878
11889 11891 11892
11889 11892 11890
11878 11890 11893
11878 11893 11880
11890 11892 11894
11890 11894 11893
11880 11893 11895
11880 11895 11882
11893 11894 11896
11893 11896 11895
11882 11895 11884
11882 11884 11874
11895 11896 11888
11895 11888 11884
11897 11886 11888
11897 11888 11898
11886 11897 11899
11886 11899 11887
11897 11900 11901
11897 11901 11899
11900 11897 11898
11900 11898 11902
11891 11903 11904
11891 11904 11892
11903 11905 11906
11903 11906 11904
11892 11904 11907
11892 11907 11894
11904 11906 11908
11904 11908 11907
11894 11907 11909
11894 11909 11896
11907 11908 11910
11907 11910 11909
11896 11909 11898
11896 11898 11888
11909 11910 11902
11909 11902 11898
11911 11912 11913
11911 11913 11914
11912 11911 11915
11912 11915 11916
11911 11917 11918
11911 11918 11915
11917 11911 11914
11917 11914 11919
11920 11921 11922
11920 11922 11923
11921 11924 11925
11921 11925 11922
11923 11922 11926
11923 11926 11927
11922 11925 11928
11922 11928 11926
11927 11926 11929
11927 11929 11930
11926 11928 11931
11926 11931 11929
11930 11929 11914
11930 11914 11913
11929 11931 11919
11929 11919 11914
11932 11917 11919
11932 11919 11933
11917 11932 11934
11917 11934 11918
11932 11935 11936
11932 11936 11934
11935 11932 11933
11935 11933 11937
11924 11938 11939
11924 11939 11925
11938 11940 11941
11938 11941 11939
11925 11939 11942
11925 11942 11928
11939 11941 11943
11939 11943 11942
11928 11942 11944
11928 11944 11931
11942 11943 11945
11942 11945 11944
11931 11944 11933
11931 11933 11919
11944 11945 11937
11944 11937 11933
11946 11935 11937
11946 11937 11947
11935 11946 11948
11935 11948 11936
11946 11949 11950
11946 11950 11948
11949 11946 11947
11949 11947 11951
11940 11952 11953
11940 11953 11941
11952 11954 11955
11952 11955 11953
11941 11953 11956
11941 11956 11943
11953 11955 11957
11953 11957 11956
11943 11956 11958
11943 11958 11945
11956 11957 11959
11956 11959 11958
11945 11958 11947
11945 11947 11937
11958 11959 11951
11958 11951 11947
11960 11949 11951
11960 11951 11961
11949 11960 11962
11949 11962 11950
11960 11963 11964
11960 11964 11962
11963 11960 11961
11963 11961 11965
11954 11966 11967
11954 11967 11955
11966 11968 11969
11966 11969 11967
11955 11967 11970
11955 11970 11957
11967 11969 11971
11967 11971 11970
11957 11970 11972
11957 11972 11959
11970 11971 11973
11970 11973 11972
11959 11972 11961
11959 11961 11951
11972 11973 11965
11972 11965 11961
11974 11963 11965
11974 11965 11975
11963 11974 11976
11963 11976 11964
11974 11977 11978
11974 11978 11976
11977 11974 11975
11977 11975 11979
11968 11980 11981
11968 11981 11969
11980 11982 11983
11980 11983 11981
11969 11981 11984
11969 11984 11971
11981 11983 11985
11981 11985 11984
11971 11984 11986
11971 11986 11973
11984 11985 11987
11984 11987 11986
11973 11986 11975
11973 11975 11965
11986 11987 11979
11986 11979 11975
11988 11977 11979
11988 11979 11989
11977 11988 11990
11977 11990 11978
11988 11821 11825
11988 11825 11990
11821 11988 11989
11821 11989 11822
11982 11991 11992
11982 11992 11983
11991 11829 11832
11991 11832 11992
11983 11992 11993
11983 11993 11985
11992 11832 11836
11992 11836 11993
11985 11993 11994
11985 11994 11987
11993 11836 11839
11993 11839 11994
11987 11994 11989
11987 11989 11979
11994 11839 11822
11994 11822 11989
11995 11996 11997
11995 11998 11996
11995 11999 11998
11995 12000 11999
11995 12001 12000
11997 11996 12002
11997 12002 12003
11996 11998 12004
11996 12004 12002
11998 11999 12005
11998 12005 12004
11999 12000 12006
11999 12006 12005
12000 12001 12007
12000 12007 12006
12003 12002 12008
12003 12008 12009
12002 12004 12010
12002 12010 12008
12004 12005 12011
12004 12011 12010
12005 12006 12012
12005 12012 12011
12006 12007 12013
12006 12013 12012
12009 12008 12014
12009 12014 12015
12008 12010 12016
12008 12016 12014
12010 12011 12017
12010 12017 12016
12011 12012 12018
12011 12018 12017
12012 12013 12019
12012 12019 12018
12020 12015 12014
12020 12014 12016
12020 12016 12017
12020 12017 12018
12020 12018 12019
12021 12022 12023
12021 12023 12024
12021 12024 12025
12021 12025 12026
12021 12026 12027
12022 12028 12029
12022 12029 12023
12023 12029 12030
12023 12030 12024
12024 12030 12031
12024 12031 12025
12025 12031 12032
12025 12032 12026
12026 12032 12033
12026 12033 12027
12028 12034 12035
12028 12035 12029
12029 12035 12036
12029 12036 12030
12030 12036 12037
12030 12037 12031
12031 12037 12038
12031 12038 12032
12032 12038 12039
12032 12039 12033
12034 12040 12041
12034 12041 12035
12035 12041 12042
12035 12042 12036
12036 12042 12043
12036 12043 12037
12037 12043 12044
12037 12044 12038
12038 12044 12045
12038 12045 12039
12046 12041 12040
12046 12042 12041
12046 12043 12042
12046 12044 12043
12046 12045 12044
12047 12048 12049
12047 12049 12050
12051 12052 12049
12051 12049 12048
12050 12049 12053
12050 12053 12054
12052 12055 12053
12052 12053 12049
12054 12053 12056
12054 12056 12057
12055 12058 12056
12055 12056 12053
12057 12056 12059
12057 12059 12060
12058 12061 12059
12058 12059 12056
12062 12063 12064
12062 12064 12065
12066 12067 12064
12066 12064 12063
12065 12064 12048
12065 12048 12047
12067 12051 12048
12067 12048 12064
12051 12068 12069
12051 12069 12052
12070 12071 12069
12070 12069 12068
12052 12069 12072
12052 12072 12055
12071 12073 12072
12071 12072 12069
12055 12072 12074
12055 12074 12058
12073 12075 12074
12073 12074 12072
12058 12074 12076
12058 12076 12061
12075 12077 12076
12075 12076 12074
12066 12078 12079
12066 12079 12067
12080 12081 12079
12080 12079 12078
12067 12079 12068
12067 12068 12051
12081 12070 12068
12081 12068 12079
12070 12082 12083
12070 12083 12071
12084 12085 12083
12084 12083 12082
12071 12083 12086
12071 12086 12073
12085 12087 12086
12085 12086 12083
12073 12086 12088
12073 12088 12075
12087 12089 12088
12087 12088 12086
12075 12088 12090
12075 12090 12077
12089 12091 12090
12089 12090 12088
12080 12092 12093
12080 12093 12081
12094 12095 12093
12094 12093 12092
12081 12093 12082
12081 12082 12070
12095 12084 12082
12095 12082 12093
12084 12096 12097
12084 12097 12085
12098 12099 12097
12098 12097 12096
12085 12097 12100
12085 12100 12087
12099 12101 12100
12099 12100 12097
12087 12100 12102
12087 12102 12089
12101 12103 12102
12101 12102 12100
12089 12102 12104
12089 12104 12091
12103 12105 12104
12103 12104 12102
12094 12106 12107
12094 12107 12095
12108 12109 12107
12108 12107 12106
12095 12107 12096
12095 12096 12084
12109 12098 12096
12109 12096 12107
12098 12110 12111
12098 12111 12099
12112 12113 12111
12112 12111 12110
12099 12111 12114
12099 12114 12101
12113 12115 12114
12113 12114 12111
12101 12114 12116
12101 12116 12103
12115 12117 12116
12115 12116 12114
12103 12116 12118
12103 12118 12105
12117 12119 12118
12117 12118 12116
12108 12120 12121
12108 12121 12109
12122 12123 12121
12122 12121 12120
12109 12121 12110
12109 12110 12098
12123 12112 12110
12123 12110 12121
12112 12124 12125
12112 12125 12113
12126 12127 12125
12126 12125 12124
12113 12125 12128
12113 12128 12115
12127 12129 12128
12127 12128 12125
12115 12128 12130
12115 12130 12117
12129 12131 12130
12129 12130 12128
12117 12130 12132
12117 12132 12119
12131 12133 12132
12131 12132 12130
12122 12134 12135
12122 12135 12123
12136 12137 12135
12136 12135 12134
12123 12135 12124
12123 12124 12112
12137 12126 12124
12137 12124 12135
12126 12138 12139
12126 12139 12127
12140 12141 12139
12140 12139 12138
12127 12139 12142
12127 12142 12129
12141 12143 12142
12141 12142 12139
12129 12142 12144
12129 12144 12131
12143 12145 12144
12143 12144 12142
12131 12144 12146
12131 12146 12133
12145 12147 12146
12145 12146 12144
12136 12148 12149
12136 12149 12137
12150 12151 12149
12150 12149 12148
12137 12149 12138
12137 12138 12126
12151 12140 12138
12151 12138 12149
12140 12152 12153
12140 12153 12141
12154 12155 12153
12154 12153 12152
12141 12153 12156
12141 12156 12143
12155 12157 12156
12155 12156 12153
12143 12156 12158
12143 12158 12145
12157 12159 12158
12157 12158 12156
12145 12158 12160
12145 12160 12147
12159 12161 12160
12159 12160 12158
12150 12162 12163
12150 12163 12151
12164 12165 12163
12164 12163 12162
12151 12163 12152
12151 12152 12140
12165 12154 12152
12165 12152 12163
12154 12166 12167
12154 12167 12155
12168 12169 12167
12168 12167 12166
12155 12167 12170
12155 12170 12157
12169 12171 12170
12169 12170 12167
12157 12170 12172
12157 12172 12159
12171 12173 12172
12171 12172 12170
12159 12172 12174
12159 12174 12161
12173 12175 12174
12173 12174 12172
12164 12176 12177
12164 12177 12165
12178 12179 12177
12178 12177 12176
12165 12177 12166
12165 12166 12154
12179 12168 12166
12179 12166 12177
12168 12180 12181
12168 12181 12169
12182 12183 12181
12182 12181 12180
12169 12181 12184
12169 12184 12171
12183 12185 12184
12183 12184 12181
12171 12184 12186
12171 12186 12173
12185 12187 12186
12185 12186 12184
12173 12186 12188
12173 12188 12175
12187 12189 12188
12187 12188 12186
12178 12190 12191
12178 12191 12179
12192 12193 12191
12192 12191 12190
12179 12191 12180
12179 12180 12168
12193 12182 12180
12193 12180 12191
12182 12194 12195
12182 12195 12183
12196 12197 12195
12196 12195 12194
12183 12195 12198
12183 12198 12185
12197 12199 12198
12197 12198 12195
12185 12198 12200
12185 12200 12187
12199 12201 12200
12199 12200 12198
12187 12200 12202
12187 12202 12189
12201 12203 12202
12201 12202 12200
12192 12204 12205
12192 12205 12193
12206 12207 12205
12206 12205 12204
12193 12205 12194
12193 12194 12182
12207 12196 12194
12207 12194 12205
12196 12208 12209
12196 12209 12197
12210 12209 12208
12210 12208 12211
12197 12209 12212
12197 12212 12199
12213 12212 12209
12213 12209 12210
12199 12212 12214
12199 12214 12201
12215 12214 12212
12215 12212 12213
12201 12214 12216
12201 12216 12203
12217 12216 12214
12217 12214 12215
12206 12218 12219
12206 12219 12207
12220 12219 12218
12220 12218 12221
12207 12219 12208
12207 12208 12196
12211 12208 12219
12211 12219 12220
12222 12223 12224
12224 12223 12225
12226 12223 12227
12227 12223 12228
12228 12223 12229
12229 12223 12230
12230 12223 12231
12231 12223 12232
12232 12223 12233
12233 12223 12222
12234 12235 12236
12234 12236 12237
12237 12236 12238
12237 12238 12239
12239 12238 12240
12239 12240 12241
12242 12243 12244
12242 12244 12245
12245 12244 12246
12245 12246 12247
12247 12246 12248
12247 12248 12249
12249 12248 12250
12249 12250 12251
12251 12250 12252
12251 12252 12253
12253 12252 12254
12253 12254 12255
12255 12254 12256
12255 12256 12257
12257 12256 12258
12257 12258 12259
12259 12258 12235
12259 12235 12234
12260 12261 12262
12261 12263 12262
12264 12265 12262
12265 12266 12262
12266 12267 12262
12267 12268 12262
12268 12269 12262
12269 12270 12262
12270 12271 12262
12271 12260 12262
12272 12273 12274
12275 12276 12277
12278 12279 12280
12281 12282 12283
12284 12285 12286
12287 12288 12289
12290 12291 12292
12293 12294 12295
12296 12297 12298
12299 12300 12301
12302 12303 12304
12305 12306 12307
12308 12309 12310
12311 12312 12313
12314 12315 12316
12317 12318 12319
12320 12321 12322
12320 12322 12323
12324 12320 12323
12324 12323 12325
12326 12324 12325
12326 12325 12327
12328 12326 12327
12328 12327 12329
12330 12331 12332
12330 12332 12333
12321 12330 12333
12321 12333 12322
12334 12335 12336
12334 12336 12337
12337 12336 12321
12337 12321 12320
12338 12334 12337
12338 12337 12339
12339 12337 12320
12339 12320 12324
12340 12338 12339
12340 12339 12341
12341 12339 12324
12341 12324 12326
12342 12340 12341
12342 12341 12343
12343 12341 12326
12343 12326 12328
12344 12345 12346
12344 12346 12347
12347 12346 12331
12347 12331 12330
12335 12344 12347
12335 12347 12336
12336 12347 12330
12336 12330 12321
12348 12349 12350
12348 12350 12351
12351 12350 12335
12351 12335 12334
12352 12348 12351
12352 12351 12353
12353 12351 12334
12353 12334 12338
12354 12352 12353
12354 12353 12355
12355 12353 12338
12355 12338 12340
12356 12354 12355
12356 12355 12357
12357 12355 12340
12357 12340 12342
12358 12359 12360
12358 12360 12361
12361 12360 12345
12361 12345 12344
12349 12358 12361
12349 12361 12350
12350 12361 12344
12350 12344 12335
12362 12363 12364
12362 12364 12365
12365 12364 12349
12365 12349 12348
12366 12362 12365
12366 12365 12367
12367 12365 12348
12367 12348 12352
12366 12367 12368
12366 12368 12369
12354 12368 12367
12354 12367 12352
12370 12369 12368
12370 12368 12371
12371 12368 12354
12371 12354 12356
12372 12373 12374
12372 12374 12375
12375 12374 12359
12375 12359 12358
12372 12375 12364
12372 12364 12363
12349 12364 12375
12349 12375 12358
12376 12377 12378
12376 12378 12379
12380 12381 12377
12380 12377 12376
12382 12383 12381
12382 12381 12380
12384 12385 12383
12384 12383 12382
12386 12387 12388
12386 12388 12389
12379 12378 12387
12379 12387 12386
12379 12390 12391
12379 12391 12376
12392 12391 12390
12392 12390 12393
12376 12391 12394
12376 12394 12380
12395 12394 12391
12395 12391 12392
12380 12394 12396
12380 12396 12382
12397 12396 12394
12397 12394 12395
12382 12396 12398
12382 12398 12384
12399 12398 12396
12399 12396 12397
12389 12400 12401
12389 12401 12386
12402 12401 12400
12402 12400 12403
12386 12401 12390
12386 12390 12379
12393 12390 12401
12393 12401 12402
12393 12404 12405
12393 12405 12392
12406 12405 12404
12406 12404 12407
12392 12405 12408
12392 12408 12395
12409 12408 12405
12409 12405 12406
12395 12408 12410
12395 12410 12397
12411 12410 12408
12411 12408 12409
12397 12410 12412
12397 12412 12399
12413 12412 12410
12413 12410 12411
12403 12414 12415
12403 12415 12402
12416 12415 12414
12416 12414 12417
12402 12415 12404
12402 12404 12393
12407 12404 12415
12407 12415 12416
12407 12418 12419
12407 12419 12406
12362 12419 12418
12362 12418 12363
12406 12419 12420
12406 12420 12409
12366 12420 12419
12366 12419 12362
12409 12420 12421
12409 12421 12411
12369 12421 12420
12369 12420 12366
12411 12421 12422
12411 12422 12413
12370 12422 12421
12370 12421 12369
12417 12423 12424
12417 12424 12416
12372 12424 12423
12372 12423 12373
12416 12424 12418
12416 12418 12407
12363 12418 12424
12363 12424 12372
12425 12426 12427
12426 12428 12427
12428 12429 12427
12430 12431 12427
12431 12432 12427
12432 12433 12427
12433 12434 12427
12434 12435 12427
12435 12436 12427
12436 12425 12427
12437 12438 12439
12439 12438 12440
12440 12438 12441
12442 12438 12443
12443 12438 12444
12444 12438 12445
12445 12438 12446
12446 12438 12447
12447 12438 12448
12438 12437 12448
12449 12450 12451
12449 12451 12452
12450 12453 12454
12450 12454 12451
12453 12455 12456
12453 12456 12454
12455 12457 12458
12455 12458 12456
12459 12460 12461
12459 12461 12462
12460 12463 12464
12460 12464 12461
12463 12465 12466
12463 12466 12464
12465 12467 12468
12465 12468 12466
12467 12469 12470
12467 12470 12468
12469 12471 12472
12469 12472 12470
12471 12473 12474
12471 12474 12472
12473 12449 12452
12473 12452 12474
12475 12476 12477
12478 12479 12480
12481 12482 12483
12484 12485 12486
12487 12488 12489
12490 12491 12492
12493 12494 12495
12496 12497 12498
12499 12500 12501
12502 12503 12504
12505 12506 12507
12508 12509 12510
12511 12512 12513
12514 12515 12516
12517 12518 12519
12520 12521 12522
12523 12524 12525
12526 12527 12528
12529 12530 12531
12532 12533 12534
12535 12536 12537
12538 12539 12540
12541 12542 12543
12544 12545 12546
12547 12548 12549
12550 12551 12552
12543 12542 12552
12543 12552 12551
12552 12542 12553
12543 12551 12554
12555 12556 12557
12558 12559 12560
12561 12562 12563
12564 12565 12566
12567 12568 12569
12570 12571 12572
12573 12574 12575
12576 12577 12578
12579 12580 12581
12582 12583 12584
12574 12584 12583
12574 12583 12575
12583 12585 12575
12574 12586 12584
12587 12588 12589
12587 12589 12590
12591 12592 12593
12591 12593 12594
12595 12596 12597
12598 12597 12596
12598 12596 12599
12600 12598 12599
12600 12599 12601
12590 12602 12603
12590 12603 12587
12602 12600 12601
12602 12601 12603
12604 12605 12606
12604 12606 12607
12594 12608 12609
12594 12609 12591
12608 12604 12607
12608 12607 12609
12610 12611 12612
12605 12612 12611
12605 12611 12606
12613 12614 12615
12613 12615 12616
12617 12618 12619
12617 12619 12620
12621 12622 12623
12621 12623 12624
12620 12619 12622
12620 12622 12621
12625 12626 12627
12625 12627 12628
12628 12627 12618
12628 12618 12617
12629 12630 12631
12629 12631 12632
12626 12625 12632
12626 12632 12631
12633 12634 12635
12633 12635 12636
12636 12635 12637
12636 12637 12638
12638 12637 12630
12638 12630 12629
12639 12640 12641
12639 12641 12642
12640 12639 12643
12640 12643 12644
12645 12646 12647
12645 12647 12648
12649 12650 12651
12649 12651 12652
12648 12647 12650
12648 12650 12649
12653 12654 12655
12653 12655 12656
12656 12655 12646
12656 12646 12645
12657 12658 12659
12657 12659 12660
12661 12662 12660
12661 12660 12659
12663 12664 12665
12663 12665 12666
12666 12665 12667
12666 12667 12668
12668 12667 12658
12668 12658 12657
12614 12613 12669
12614 12669 12670
12588 12671 12672
12588 12672 12589
12592 12672 12671
12592 12671 12593
12624 12623 12616
12624 12616 12615
12634 12633 12642
12634 12642 12641
12652 12651 12644
12652 12644 12643
12664 12663 12670
12664 12670 12669
12673 12674 12675
12673 12675 12676
12677 12678 12679
12677 12679 12680
12681 12682 12683
12684 12685 12683
12684 12683 12682
12685 12684 12686
12685 12686 12687
12688 12689 12676
12688 12676 12675
12687 12686 12689
12687 12689 12688
12690 12691 12692
12690 12692 12693
12694 12695 12680
12694 12680 12679
12693 12692 12695
12693 12695 12694
12696 12697 12698
12691 12690 12698
12691 12698 12697
12699 12700 12701
12699 12701 12702
12703 12704 12705
12703 12705 12706
12707 12708 12709
12707 12709 12710
12704 12707 12710
12704 12710 12705
12711 12712 12713
12711 12713 12714
12712 12703 12706
12712 12706 12713
12715 12716 12717
12715 12717 12718
12716 12711 12714
12716 12714 12717
12719 12720 12721
12719 12721 12722
12720 12723 12724
12720 12724 12721
12723 12715 12718
12723 12718 12724
12725 12726 12727
12725 12727 12728
12728 12729 12730
12728 12730 12725
12731 12732 12733
12731 12733 12734
12735 12736 12737
12735 12737 12738
12732 12735 12738
12732 12738 12733
12739 12740 12741
12739 12741 12742
12740 12731 12734
12740 12734 12741
12743 12744 12745
12743 12745 12746
12744 12747 12748
12744 12748 12745
12749 12750 12751
12749 12751 12752
12750 12753 12754
12750 12754 12751
12753 12743 12746
12753 12746 12754
12702 12755 12756
12702 12756 12699
12757 12758 12674
12757 12674 12673
12758 12757 12678
12758 12678 12677
12708 12701 12700
12708 12700 12709
12722 12727 12726
12722 12726 12719
12736 12730 12729
12736 12729 12737
12752 12756 12755
12752 12755 12749
12759 12760 12761
12760 12762 12761
12762 12763 12761
12763 12764 12761
12764 12765 12761
12765 12766 12761
12766 12767 12761
12767 12759 12761
12768 12769 12770
12769 12771 12770
12771 12772 12770
12772 12773 12770
12773 12774 12770
12774 12775 12770
12775 12776 12770
12776 12768 12770
887 874 12777
887 12777 12778
937 936 12779
937 12779 12780
888 887 12778
888 12778 12781
873 1033 12777
1020 12782 12783
1020 12783 1001
1001 12783 12784
1001 12784 1002
3472 12785 3469
3486 12786 12787
3486 12787 3487
3487 12787 12785
3487 12785 3472
3535 12788 12789
3535 12789 3536
3601 3600 12790
3601 12790 12791
3617 3601 12791
3617 12791 12792
3469 12785 3630
873 12777 874
12793 12794 12795
12793 12795 12796
12797 12798 12799
12800 12801 12802
12800 12802 12803
12803 12802 12804
12803 12804 12805
12796 12806 12793
12807 12799 12808
12809 12803 12805
12809 12805 12810
12811 12808 12812
12811 12812 12813
12814 12815 12801
12814 12801 12800
12808 12798 12812
12800 12816 12817
12800 12817 12814
12808 12811 12818
12803 12809 12816
12803 12816 12800
12806 12819 12793
12820 12821 12822
12823 12824 12825
12823 12825 12826
12827 12828 12829
12830 12831 12832
12810 12833 12834
12810 12834 12809
12832 12827 12829
12835 12828 12836
12835 12836 12837
12838 12839 12840
12838 12825 12824
12807 12818 12841
12816 12842 12843
12816 12843 12817
12809 12834 12842
12809 12842 12816
12806 12844 12819
12805 12804 12845
12805 12845 12846
12810 12805 12846
12810 12846 12847
12848 12831 12849
12848 12849 12850
12847 12851 12833
12847 12833 12810
12826 12825 12852
12826 12852 12853
12832 12831 12827
12840 12854 12855
12825 12840 12852
12821 12820 12856
12857 12858 12859
12857 12859 12860
12801 12828 12827
12801 12827 12802
12827 12848 12802
12815 12836 12828
12815 12828 12801
12855 12861 12862
12858 12855 12862
12858 12862 12859
12804 12848 12850
12804 12850 12845
12822 12863 12864
12835 12865 12866
12835 12866 12829
12829 12866 12867
12865 12835 12837
12865 12837 12868
12831 12830 12869
12831 12869 12849
12827 12831 12848
12802 12848 12804
12830 12832 12867
12829 12828 12835
12829 12867 12832
12839 12854 12840
12854 12861 12855
12853 12852 12858
12853 12858 12857
12852 12840 12855
12852 12855 12858
12838 12840 12825
12860 12859 12798
12860 12798 12797
12859 12862 12812
12859 12812 12798
12862 12861 12813
12862 12813 12812
12856 12870 12871
12794 12871 12872
12794 12872 12795
12871 12870 12872
12864 12863 12873
12822 12821 12863
12856 12820 12870
12874 12875 12876
12875 12877 12878
12879 12880 12881
12882 12883 12874
12883 12884 12877
12883 12877 12875
12885 12886 12887
12885 12887 12888
12876 12878 12889
12878 12890 12891
12892 12893 12894
12873 12863 12880
12871 12794 12895
12871 12895 12896
12897 12898 12884
12897 12884 12883
12793 12819 12899
12793 12899 12900
12901 12897 12883
12901 12883 12882
12902 12903 12886
12902 12886 12885
12904 12821 12856
12900 12895 12794
12900 12794 12793
12896 12905 12856
12896 12856 12871
12881 12880 12904
12904 12880 12863
12904 12863 12821
12893 12887 12906
12906 12887 12886
12906 12886 12879
12886 12903 12879
12889 12878 12891
12876 12875 12878
12892 12890 12907
12892 12907 12888
12888 12907 12908
12888 12908 12885
12885 12908 12909
12885 12909 12902
12894 12891 12890
12894 12890 12892
12907 12877 12884
12907 12884 12908
12908 12884 12898
12908 12898 12909
12890 12878 12877
12890 12877 12907
12879 12903 12873
12873 12880 12879
12888 12887 12893
12888 12893 12892
12874 12883 12875
12879 12881 12906
12910 12911 12912
12910 12912 12913
12914 12915 12916
12914 12916 12917
12918 12919 12920
12918 12920 12921
12919 12918 12922
12919 12922 12923
12919 12923 12924
12913 12912 12925
12913 12925 12926
12917 12916 12927
12917 12927 12928
12929 12930 12931
12929 12931 12932
12933 12934 12935
12933 12935 12936
12937 12921 12938
12937 12938 12939
12940 12918 12921
12940 12921 12937
12941 12922 12918
12941 12918 12940
12942 12943 12929
12944 12945 12946
12944 12946 12932
12924 12912 12911
12924 12911 12947
12948 12933 12936
12948 12936 12949
12950 12948 12949
12950 12949 12951
12952 12953 12954
12952 12954 12955
12955 12954 12956
12955 12956 12957
12958 12959 12960
12958 12960 12961
12962 12963 12953
12963 12964 12954
12965 12950 12951
12965 12951 12966
12967 12963 12962
12967 12962 12968
12936 12935 12926
12936 12926 12925
12949 12936 12925
12949 12925 12923
12951 12949 12923
12951 12923 12922
12966 12951 12922
12966 12922 12941
12932 12931 12969
12932 12969 12944
12952 12955 12970
12955 12957 12971
12972 12958 12961
12972 12961 12973
12973 12961 12974
12973 12974 12975
12921 12920 12976
12921 12976 12938
12920 12947 12977
12920 12977 12976
12970 12955 12971
12978 12964 12963
12978 12963 12967
12957 12956 12959
12957 12959 12958
12956 12964 12979
12956 12979 12959
12971 12957 12958
12971 12958 12972
12980 12931 12930
12980 12930 12928
12981 12969 12931
12981 12931 12980
12982 12930 12929
12982 12983 12914
12914 12917 12982
12982 12917 12928
12982 12928 12930
12984 12980 12928
12984 12928 12927
12985 12981 12980
12985 12980 12984
12915 12910 12913
12915 12913 12916
12916 12913 12926
12916 12926 12927
12984 12935 12934
12984 12934 12985
12927 12926 12935
12927 12935 12984
12975 12974 12986
12954 12964 12956
12953 12963 12954
12881 12904 12905
12960 12974 12961
12979 12960 12959
12978 12979 12964
12987 12988 12989
12990 12991 12992
12990 12992 12993
12993 12992 12989
12993 12989 12994
12995 12988 12996
12995 12996 12997
12998 12990 12993
12998 12993 12999
12999 12993 12994
12999 12994 13000
12992 12991 13001
13002 12998 12999
13002 12999 13003
12999 13000 13003
12992 13001 12987
12994 12989 12988
13000 12994 12995
12987 12989 12992
12994 12988 12995
12919 12924 12947
12919 12947 12920
12977 12947 12911
12924 12923 12925
12924 12925 12912
12997 12996 13004
13005 13006 13007
13005 13007 13008
13008 13007 13009
13008 13009 13010
13011 13012 13013
13011 13013 13010
13014 13015 13016
13014 13016 13017
13018 13019 13020
13018 13020 13021
13022 13023 13013
13022 13013 13024
13011 13025 13026
13011 13026 13027
13028 13029 13030
13028 13030 13012
13031 13032 13033
13031 13033 13034
13035 13036 13023
13035 13023 13022
13037 13007 13006
13037 13006 13038
13039 13009 13007
13039 13007 13037
13040 13041 13042
13040 13042 13043
13044 13045 13020
13044 13020 13046
13047 13048 13049
13047 13049 13050
13051 13026 13025
13051 13025 13052
13053 13019 13054
13053 13054 13055
13056 13033 13032
13056 13032 13057
13058 13059 13045
13058 13045 13044
13060 13061 13062
13060 13062 13063
13064 13065 13066
13064 13066 13050
13047 13067 13068
13047 13068 13069
13070 13071 13065
13070 13065 13064
13067 13047 13050
13067 13050 13066
13072 13060 13063
13072 13063 13073
13074 13075 13076
13074 13077 13075
13053 13067 13066
13053 13066 13046
13009 13039 13052
13009 13052 13025
13078 13079 13080
13078 13080 13081
13082 13079 13078
13054 13083 13084
13054 13084 13085
13028 13027 13086
13028 13086 13087
13068 13055 13088
13068 13088 13089
13026 13051 13090
13069 13068 13089
13069 13089 13091
13092 13093 13094
13095 13087 13079
13095 13079 13082
13092 13091 13096
13096 13097 13093
13096 13093 13092
13098 13099 13100
13098 13100 13059
13101 13102 13005
13101 13005 13036
13103 13104 13058
13103 13058 13071
13105 13106 13038
13105 13038 13006
13107 13103 13071
13107 13071 13070
13070 13077 13108
13070 13108 13107
13042 13017 13109
13016 13034 13102
13016 13102 13101
13062 13043 13098
13033 13056 13106
13033 13106 13105
13107 13108 13073
13041 13014 13017
13041 13017 13042
13030 13018 13021
13030 13021 13024
13045 13110 13021
13045 13021 13020
13019 13018 13083
13019 13083 13054
13059 13100 13110
13059 13110 13045
13111 13084 13095
13035 13100 13099
13035 13099 13109
13082 13111 13095
13069 13091 13092
13049 13048 13112
13050 13049 13075
13050 13075 13064
13069 13092 13048
13069 13048 13047
13064 13075 13077
13064 13077 13070
13094 13112 13048
13094 13093 13113
13114 13076 13112
13114 13112 13115
13116 13113 13117
13116 13117 13118
13094 13048 13092
13119 13115 13116
13061 13040 13043
13061 13043 13062
13065 13044 13046
13065 13046 13066
13067 13053 13055
13067 13055 13068
13071 13058 13044
13071 13044 13065
13019 13053 13046
13019 13046 13020
13085 13088 13055
13085 13055 13054
13059 13058 13104
13059 13104 13098
13074 13076 13114
13049 13112 13076
13076 13075 13049
13108 13077 13074
13063 13103 13073
13062 13104 13063
13042 13099 13043
13110 13022 13024
13110 13024 13021
13018 13030 13029
13018 13029 13083
13100 13035 13022
13100 13022 13110
13012 13030 13024
13012 13024 13013
13036 13035 13109
13036 13109 13101
13095 13029 13028
13028 13087 13095
13079 13087 13086
13101 13109 13017
13101 13017 13016
13085 13084 13111
13085 13111 13120
13088 13085 13120
13095 13084 13029
13029 13084 13083
13036 13005 13008
13036 13008 13023
13023 13008 13010
13023 13010 13013
13025 13011 13010
13025 13010 13009
13012 13011 13027
13012 13027 13028
13015 13031 13034
13015 13034 13016
13086 13027 13026
13006 13005 13102
13006 13102 13105
13105 13102 13034
13105 13034 13033
13079 13086 13080
13080 13086 13090
13026 13090 13086
12904 12856 12905
12943 12983 12982
12929 12943 12982
13121 13122 13123
13121 13123 13124
13125 13126 13127
13125 13127 13128
13126 13129 13127
13122 13130 13131
13122 13131 13123
13132 13125 13128
13132 13128 13133
13134 13135 13136
13134 13136 13137
13137 13136 13138
13137 13138 13133
13139 13126 13140
13141 13142 13143
13144 13145 13140
13144 13140 13146
13147 13148 13149
13148 13150 13151
13148 13151 13152
13137 13147 13149
13137 13149 13134
13149 13152 13153
13152 13151 13154
13152 13154 13155
13134 13149 13153
13134 13153 13156
13132 13157 13158
13132 13158 13146
13159 13121 13124
13159 13124 13160
13161 13150 13162
13161 13162 13163
13164 13165 13166
13162 13129 13163
13167 13151 13150
13167 13150 13161
13168 13169 13154
13168 13154 13170
13130 13171 13131
13172 13173 13174
13172 13174 13175
13165 13164 13176
13165 13176 13177
13161 13163 13178
13163 13179 13180
13167 13161 13181
13168 13170 13182
13153 13155 13175
13155 13154 13169
13155 13169 13183
13156 13153 13175
13170 13154 13151
13170 13151 13167
13156 13184 13135
13156 13135 13134
13182 13170 13185
13161 13178 13181
13149 13148 13152
13167 13181 13185
13163 13180 13178
13153 13152 13155
13175 13174 13184
13175 13184 13156
13175 13155 13183
13175 13183 13172
13185 13170 13167
13168 13182 13186
13160 13124 13169
13160 13169 13168
13187 13160 13186
13186 13160 13168
13123 13131 13172
13123 13172 13183
13131 13171 13173
13131 13173 13172
13124 13123 13183
13124 13183 13169
13187 13159 13160
13164 13166 13188
13142 13189 13122
13142 13122 13121
13176 13142 13121
13176 13121 13159
13189 13130 13122
13177 13176 13159
13177 13159 13187
13188 13143 13164
13190 13162 13150
13190 13150 13148
13147 13190 13148
13163 13129 13191
13163 13191 13179
13129 13126 13191
13128 13127 13190
13128 13190 13147
13133 13128 13147
13133 13147 13137
13133 13138 13157
13133 13157 13132
13127 13162 13190
13127 13129 13162
13191 13126 13139
13146 13140 13125
13146 13125 13132
13146 13158 13192
13146 13192 13144
13139 13140 13145
13140 13126 13125
13193 13194 13171
13193 13171 13130
13195 13196 13197
13195 13197 13198
13136 13199 13200
13158 13157 13198
13158 13198 13197
13201 13202 13196
13201 13196 13195
13193 13130 13189
13203 13204 13205
13206 13205 13207
13206 13207 13208
13209 13195 13198
13209 13198 13200
13210 13201 13195
13210 13195 13209
13211 13199 13136
13211 13136 13135
13212 13199 13213
13197 13204 13192
13197 13192 13158
13214 13215 13194
13214 13194 13193
13216 13217 13202
13216 13202 13201
13217 13218 13219
13217 13219 13202
13212 13220 13221
13212 13221 13210
13193 13189 13222
13193 13222 13214
13173 13171 13194
13173 13194 13223
13223 13194 13215
13223 13215 13224
13225 13226 13184
13225 13184 13174
13227 13228 13226
13227 13226 13225
13223 13225 13174
13223 13174 13173
13224 13227 13225
13224 13225 13223
13226 13211 13135
13226 13135 13184
13228 13213 13211
13228 13211 13226
13157 13138 13200
13157 13200 13198
13209 13200 13199
13210 13209 13212
13210 13221 13216
13210 13216 13201
13189 13141 13222
13212 13213 13220
13136 13200 13138
13212 13209 13199
13213 13199 13211
13196 13229 13204
13196 13204 13197
13202 13219 13229
13202 13229 13196
13207 13219 13218
13207 13218 13230
13192 13204 13203
13219 13207 13205
13219 13205 13229
13208 13207 13230
13208 13230 13231
13205 13204 13229
13203 13205 13206
13142 13141 13189
13214 13232 13233
13214 13233 13215
13227 13234 13235
13227 13235 13228
13236 13237 13238
13236 13238 13239
13240 13241 13242
13243 13244 13245
13243 13245 13246
13247 13248 13249
13250 13251 13252
13250 13252 13253
13254 13241 13255
13254 13255 13256
13257 13258 13249
13257 13249 13248
13259 13260 13258
13259 13258 13257
13244 13243 13260
13244 13260 13259
13256 13255 13246
13256 13246 13245
13240 13242 13261
13240 13261 13262
13224 13263 13234
13224 13234 13227
13222 13264 13232
13215 13233 13263
13215 13263 13224
13228 13235 13265
13228 13265 13213
13213 13265 13266
13213 13266 13220
13267 13268 13266
13267 13266 13269
13253 13252 13268
13253 13268 13267
13239 13238 13251
13239 13251 13250
13262 13261 13270
13271 13270 13237
13271 13237 13236
13042 13109 13099
13043 13099 13098
13062 13098 13104
13063 13104 13103
13073 13103 13107
12808 12818 12807
12799 12798 12808
13272 12943 12942
13272 13273 12943
12942 12929 12946
12946 12929 12932
13115 13112 13094
13097 13117 13113
13097 13113 13093
13113 13115 13094
12943 13273 12983
13114 13115 13119
13116 13115 13113
13143 13142 13176
13164 13143 13176
13141 13143 13188
13274 13233 13232
13274 13232 13264
13275 13235 13234
13275 13234 13276
13218 13238 13237
13218 13237 13230
13216 13252 13251
13216 13251 13217
13276 13234 13263
13276 13263 13277
13277 13263 13233
13277 13233 13274
13278 13265 13235
13278 13235 13275
13269 13266 13265
13269 13265 13278
13220 13266 13268
13220 13268 13221
13221 13268 13252
13221 13252 13216
13217 13251 13238
13217 13238 13218
13237 13270 13230
13262 13270 13271
13222 13232 13214
13279 13261 13242
13279 13242 13280
13231 13270 13261
13231 13261 13279
13242 13241 13254
13242 13254 13280
13281 13208 13231
13281 13231 13279
13270 13231 13230
13206 13208 13281
13282 13283 13284
13282 13284 13285
13286 13287 13288
13289 13290 13291
13289 13291 13292
13290 13293 13294
13290 13294 13291
13283 13282 13295
13296 13297 13287
13298 13299 13293
13298 13293 13290
13300 13297 13301
13300 13301 13302
13303 13289 13292
13303 13292 13304
13297 13300 13288
13305 13306 13289
13305 13289 13303
13297 13307 13301
13306 13298 13290
13306 13290 13289
13295 13282 13308
13309 13310 13311
13312 13313 13314
13312 13314 13315
13316 13317 13318
13319 13320 13321
13299 13298 13322
13299 13322 13323
13320 13317 13316
13324 13318 13325
13324 13325 13326
13327 13328 13329
13327 13313 13312
13296 13330 13307
13306 13305 13331
13306 13331 13332
13298 13306 13332
13298 13332 13322
13295 13308 13333
13293 13334 13335
13293 13335 13294
13299 13336 13334
13299 13334 13293
13337 13338 13339
13337 13339 13321
13336 13299 13323
13336 13323 13340
13315 13341 13342
13315 13342 13312
13320 13316 13321
13328 13343 13344
13312 13342 13328
13311 13345 13309
13346 13347 13348
13346 13348 13349
13316 13318 13292
13316 13292 13291
13316 13291 13337
13318 13324 13304
13318 13304 13292
13343 13350 13351
13349 13348 13350
13349 13350 13343
13338 13337 13294
13338 13294 13335
13310 13352 13353
13325 13317 13354
13325 13354 13355
13317 13356 13354
13326 13325 13355
13326 13355 13357
13321 13339 13358
13321 13358 13319
13316 13337 13321
13291 13294 13337
13319 13356 13320
13317 13325 13318
13317 13320 13356
13329 13328 13344
13344 13343 13351
13349 13342 13341
13349 13341 13346
13343 13328 13342
13343 13342 13349
13327 13312 13328
13347 13286 13288
13347 13288 13348
13348 13288 13300
13348 13300 13350
13350 13300 13302
13350 13302 13351
13345 13359 13360
13361 13359 13285
13361 13285 13284
13359 13361 13360
13352 13362 13353
13310 13353 13311
13345 13360 13309
13363 13364 13365
13365 13366 13367
13368 13369 13370
13371 13363 13372
13372 13365 13367
13372 13367 13373
13374 13375 13376
13374 13376 13377
13364 13378 13366
13366 13379 13380
13381 13382 13383
13362 13370 13353
13359 13384 13385
13359 13385 13285
13386 13372 13373
13386 13373 13387
13388 13308 13282
13388 13282 13389
13390 13371 13372
13390 13372 13386
13391 13374 13377
13391 13377 13392
13393 13345 13311
13285 13385 13389
13285 13389 13282
13345 13394 13384
13345 13384 13359
13369 13393 13370
13353 13370 13393
13353 13393 13311
13383 13395 13376
13377 13376 13395
13377 13395 13368
13377 13368 13392
13378 13379 13366
13364 13366 13365
13396 13380 13381
13396 13381 13375
13397 13396 13375
13397 13375 13374
13398 13397 13374
13398 13374 13391
13380 13379 13382
13380 13382 13381
13373 13367 13396
13373 13396 13397
13387 13373 13397
13387 13397 13398
13367 13366 13380
13367 13380 13396
13368 13362 13392
13362 13368 13370
13375 13381 13383
13375 13383 13376
13363 13365 13372
13368 13395 13369
13399 13400 13401
13399 13401 13402
13403 13404 13405
13403 13405 13406
13407 13408 13409
13407 13409 13410
13411 13407 13410
13411 13410 13412
13410 13413 13412
13414 13399 13402
13414 13402 13415
13416 13403 13406
13416 13406 13417
13418 13419 13420
13418 13420 13421
13422 13423 13424
13422 13424 13425
13426 13427 13428
13426 13428 13408
13429 13426 13408
13429 13408 13407
13430 13429 13407
13430 13407 13411
13431 13418 13432
13433 13419 13434
13433 13434 13435
13400 13399 13413
13400 13413 13436
13423 13422 13437
13423 13437 13438
13438 13437 13439
13438 13439 13440
13441 13442 13443
13441 13443 13444
13445 13441 13444
13445 13444 13446
13447 13448 13449
13447 13449 13450
13451 13442 13452
13452 13441 13453
13440 13439 13454
13440 13454 13455
13456 13457 13451
13456 13451 13452
13423 13414 13415
13423 13415 13424
13438 13412 13414
13438 13414 13423
13440 13411 13412
13440 13412 13438
13455 13430 13411
13455 13411 13440
13419 13433 13458
13419 13458 13420
13443 13459 13444
13444 13460 13446
13450 13449 13461
13450 13461 13462
13463 13450 13462
13463 13462 13464
13408 13428 13465
13408 13465 13409
13409 13465 13466
13409 13466 13436
13459 13460 13444
13467 13456 13452
13467 13452 13453
13446 13449 13448
13446 13448 13445
13445 13448 13468
13445 13468 13453
13460 13461 13449
13460 13449 13446
13421 13420 13469
13421 13469 13417
13420 13458 13470
13420 13470 13469
13471 13418 13421
13471 13405 13472
13405 13471 13406
13417 13406 13471
13417 13471 13421
13417 13469 13473
13417 13473 13416
13469 13470 13474
13469 13474 13473
13402 13401 13404
13402 13404 13403
13415 13402 13403
13415 13403 13416
13425 13424 13473
13425 13473 13474
13424 13415 13416
13424 13416 13473
13464 13475 13463
13441 13445 13453
13442 13441 13452
13369 13394 13393
13447 13450 13463
13468 13448 13447
13467 13453 13468
13476 13477 13478
13479 13480 13481
13479 13481 13482
13477 13479 13482
13477 13482 13483
13484 13478 13485
13484 13485 13486
13482 13481 13487
13482 13487 13488
13483 13482 13488
13483 13488 13489
13479 13490 13480
13488 13487 13491
13488 13491 13492
13488 13492 13489
13479 13476 13490
13483 13478 13477
13489 13485 13483
13476 13479 13477
13483 13485 13478
13436 13413 13410
13436 13410 13409
13466 13400 13436
13413 13414 13412
13413 13399 13414
13486 13493 13484
13494 13495 13496
13494 13496 13497
13498 13494 13497
13498 13497 13499
13500 13501 13502
13500 13502 13499
13503 13504 13505
13503 13505 13506
13507 13508 13509
13507 13509 13510
13500 13511 13512
13500 13512 13513
13514 13515 13502
13514 13502 13516
13517 13501 13518
13517 13518 13519
13520 13521 13522
13520 13522 13523
13511 13524 13525
13511 13525 13512
13526 13527 13495
13526 13495 13494
13528 13526 13494
13528 13494 13498
13529 13530 13531
13529 13531 13532
13507 13533 13534
13507 13534 13535
13536 13537 13538
13536 13538 13539
13540 13541 13515
13540 13515 13514
13542 13508 13543
13542 13543 13544
13545 13546 13521
13545 13521 13520
13533 13547 13548
13533 13548 13534
13549 13550 13551
13549 13551 13552
13553 13554 13555
13553 13555 13537
13556 13557 13536
13556 13536 13558
13554 13559 13560
13554 13560 13555
13537 13536 13557
13537 13557 13553
13561 13562 13552
13561 13552 13551
13563 13564 13565
13563 13565 13566
13553 13557 13543
13553 13543 13535
13498 13515 13541
13498 13541 13528
13567 13568 13569
13567 13569 13570
13571 13567 13570
13542 13572 13573
13542 13573 13574
13517 13575 13576
13517 13576 13516
13556 13577 13578
13556 13578 13544
13514 13579 13540
13558 13580 13577
13558 13577 13556
13581 13582 13583
13584 13571 13570
13584 13570 13575
13581 13585 13580
13585 13581 13583
13585 13583 13586
13587 13547 13588
13587 13588 13589
13590 13524 13496
13590 13496 13591
13592 13559 13548
13592 13548 13593
13594 13495 13527
13594 13527 13595
13596 13560 13559
13596 13559 13592
13560 13596 13597
13560 13597 13566
13529 13598 13506
13503 13590 13591
13503 13591 13523
13549 13587 13532
13520 13594 13595
13520 13595 13545
13596 13562 13597
13506 13505 13530
13506 13530 13529
13510 13509 13518
13510 13518 13513
13510 13599 13533
13510 13533 13507
13574 13509 13508
13574 13508 13542
13599 13588 13547
13599 13547 13533
13600 13584 13573
13589 13588 13525
13589 13525 13598
13571 13584 13600
13558 13581 13580
13538 13601 13539
13565 13538 13537
13565 13537 13555
13539 13581 13558
13539 13558 13536
13566 13565 13555
13566 13555 13560
13582 13539 13601
13582 13602 13583
13601 13564 13603
13601 13603 13604
13605 13606 13607
13605 13607 13602
13582 13581 13539
13608 13605 13604
13532 13531 13550
13532 13550 13549
13535 13534 13554
13535 13554 13553
13544 13543 13557
13544 13557 13556
13534 13548 13559
13534 13559 13554
13535 13543 13508
13535 13508 13507
13544 13578 13572
13544 13572 13542
13593 13548 13547
13593 13547 13587
13563 13603 13564
13538 13564 13601
13564 13538 13565
13597 13563 13566
13552 13562 13592
13549 13552 13593
13529 13532 13589
13513 13512 13599
13513 13599 13510
13519 13518 13509
13519 13509 13574
13512 13525 13588
13512 13588 13599
13513 13518 13501
13513 13501 13500
13598 13525 13524
13598 13524 13590
13584 13517 13519
13517 13584 13575
13570 13576 13575
13506 13598 13590
13506 13590 13503
13572 13609 13600
13572 13600 13573
13578 13609 13572
13584 13519 13573
13519 13574 13573
13497 13496 13524
13497 13524 13511
13499 13497 13511
13499 13511 13500
13499 13502 13515
13499 13515 13498
13516 13502 13501
13516 13501 13517
13523 13522 13504
13523 13504 13503
13576 13514 13516
13591 13496 13495
13591 13495 13594
13523 13591 13594
13523 13594 13520
13570 13569 13576
13569 13579 13576
13514 13576 13579
13393 13394 13345
13432 13471 13472
13418 13471 13432
13610 13611 13612
13610 13612 13613
13614 13615 13616
13614 13616 13617
13617 13616 13618
13619 13620 13611
13619 13611 13610
13621 13622 13615
13621 13615 13614
13623 13624 13625
13623 13625 13626
13624 13622 13627
13624 13627 13625
13628 13629 13617
13630 13631 13632
13629 13633 13634
13629 13634 13635
13636 13637 13638
13638 13639 13640
13638 13640 13641
13624 13623 13637
13624 13637 13636
13637 13642 13639
13639 13643 13644
13639 13644 13640
13623 13645 13642
13623 13642 13637
13646 13647 13621
13646 13621 13635
13613 13612 13648
13613 13648 13649
13650 13641 13651
13650 13651 13652
13653 13654 13655
13650 13652 13618
13641 13640 13656
13641 13656 13651
13644 13657 13658
13644 13658 13659
13620 13619 13660
13661 13662 13663
13661 13663 13664
13665 13653 13655
13665 13655 13666
13651 13667 13652
13652 13668 13669
13656 13670 13651
13658 13671 13659
13642 13664 13643
13643 13672 13657
13643 13657 13644
13645 13664 13642
13659 13656 13640
13659 13640 13644
13645 13623 13626
13645 13626 13673
13671 13674 13659
13651 13670 13667
13637 13639 13638
13656 13674 13670
13652 13667 13668
13642 13643 13639
13664 13645 13673
13664 13673 13661
13664 13663 13672
13664 13672 13643
13674 13656 13659
13658 13675 13671
13649 13658 13657
13649 13657 13613
13676 13675 13649
13675 13658 13649
13610 13672 13663
13610 13663 13619
13619 13663 13662
13619 13662 13660
13613 13657 13672
13613 13672 13610
13676 13649 13648
13653 13677 13654
13632 13612 13611
13632 13611 13678
13665 13648 13612
13665 13612 13632
13678 13611 13620
13666 13676 13648
13666 13648 13665
13677 13653 13631
13679 13638 13641
13679 13641 13650
13636 13638 13679
13652 13669 13680
13652 13680 13618
13618 13680 13617
13615 13636 13679
13615 13679 13616
13622 13624 13636
13622 13636 13615
13622 13621 13647
13622 13647 13627
13616 13679 13650
13616 13650 13618
13680 13628 13617
13635 13621 13614
13635 13614 13629
13635 13634 13681
13635 13681 13646
13628 13633 13629
13629 13614 13617
13682 13620 13660
13682 13660 13683
13684 13685 13686
13684 13686 13687
13625 13688 13689
13687 13647 13646
13687 13646 13684
13685 13690 13691
13685 13691 13686
13682 13678 13620
13692 13693 13694
13695 13696 13697
13695 13697 13693
13687 13686 13698
13687 13698 13688
13686 13691 13699
13686 13699 13698
13625 13689 13700
13625 13700 13626
13701 13702 13689
13684 13646 13681
13684 13681 13694
13703 13682 13683
13703 13683 13704
13705 13691 13690
13705 13690 13706
13706 13690 13707
13706 13707 13708
13709 13710 13701
13709 13701 13699
13711 13678 13682
13711 13682 13703
13683 13660 13662
13683 13662 13712
13704 13683 13712
13704 13712 13713
13673 13714 13715
13673 13715 13661
13714 13716 13717
13714 13717 13715
13661 13715 13712
13661 13712 13662
13715 13717 13713
13715 13713 13712
13626 13700 13714
13626 13714 13673
13700 13702 13716
13700 13716 13714
13688 13627 13647
13688 13647 13687
13698 13689 13688
13699 13701 13698
13699 13691 13705
13699 13705 13709
13678 13711 13630
13701 13710 13702
13625 13627 13688
13701 13689 13698
13702 13700 13689
13694 13718 13685
13694 13685 13684
13718 13707 13690
13718 13690 13685
13708 13707 13697
13708 13697 13719
13681 13692 13694
13693 13697 13707
13693 13707 13718
13719 13697 13696
13719 13696 13720
13693 13718 13694
13692 13695 13693
13632 13678 13630
13703 13704 13721
13703 13721 13722
13717 13716 13723
13717 13723 13724
13725 13726 13727
13725 13727 13728
13729 13730 13731
13732 13733 13734
13732 13734 13735
13736 13737 13738
13739 13740 13741
13739 13741 13742
13743 13744 13745
13743 13745 13731
13746 13738 13737
13746 13737 13747
13748 13746 13747
13748 13747 13749
13735 13748 13749
13735 13749 13732
13744 13734 13733
13744 13733 13745
13729 13750 13751
13729 13751 13730
13713 13717 13724
13713 13724 13752
13711 13722 13753
13704 13713 13752
13704 13752 13721
13716 13702 13754
13716 13754 13723
13702 13710 13755
13702 13755 13754
13756 13757 13755
13756 13755 13758
13740 13756 13758
13740 13758 13741
13726 13739 13742
13726 13742 13727
13750 13759 13751
13760 13725 13728
13760 13728 13759
13529 13589 13598
13532 13587 13589
13549 13593 13587
13552 13592 13593
13562 13596 13592
13297 13296 13307
13287 13297 13288
13761 13431 13432
13761 13432 13762
13431 13434 13418
13434 13419 13418
13604 13582 13601
13602 13607 13586
13602 13586 13583
13602 13582 13604
13432 13472 13762
13603 13608 13604
13605 13602 13604
13631 13665 13632
13653 13665 13631
13630 13677 13631
13722 13721 13763
13722 13763 13753
13724 13723 13764
13724 13764 13765
13728 13727 13708
13728 13708 13719
13742 13741 13705
13742 13705 13706
13752 13724 13765
13752 13765 13766
13721 13752 13766
13721 13766 13763
13723 13754 13767
13723 13767 13764
13754 13755 13757
13754 13757 13767
13758 13755 13710
13758 13710 13709
13741 13758 13709
13741 13709 13705
13727 13742 13706
13727 13706 13708
13728 13719 13759
13750 13760 13759
13711 13703 13722
13730 13751 13768
13730 13768 13769
13751 13759 13720
13751 13720 13768
13730 13743 13731
13730 13769 13743
13720 13696 13770
13720 13770 13768
13759 13719 13720
13695 13770 13696
13771 13772 13773
13771 13773 13774
13775 13776 13773
13775 13773 13772
13777 13778 13779
13777 13779 13780
13781 13782 13779
13781 13779 13778
13783 13784 13785
13783 13785 13786
13787 13788 13784
13787 13784 13783
13789 13790 13791
13789 13791 13792
13790 13793 13794
13790 13794 13791
13793 13795 13796
13793 13796 13794
13786 13785 13797
13786 13797 13798
13799 13800 13782
13799 13782 13781
13801 13796 13795
13801 13795 13802
13797 13803 13804
13797 13804 13798
13805 13771 13774
13805 13774 13806
13807 13808 13809
13807 13809 13810
13811 13812 13813
13811 13813 13814
13815 13816 13817
13815 13817 13818
13819 13820 13821
13819 13821 13822
13823 13824 13825
13823 13825 13826
13822 13821 13827
13822 13827 13828
13828 13827 13829
13828 13829 13830
13824 13807 13810
13824 13810 13825
13831 13832 13833
13834 13832 13835
13816 13815 13820
13816 13820 13819
13826 13813 13812
13826 13812 13823
13833 13836 13831
13808 13837 13809
13838 13839 13840
13838 13840 13841
13842 13843 13844
13842 13844 13845
13846 13847 13848
13846 13848 13849
13850 13846 13849
13850 13849 13851
13850 13852 13853
13843 13838 13841
13843 13841 13844
13854 13855 13856
13854 13856 13857
13845 13854 13857
13845 13857 13842
13847 13840 13839
13847 13839 13848
13858 13859 13860
13858 13860 13861
13862 13860 13859
13862 13859 13863
13855 13862 13863
13855 13863 13856
13853 13864 13865
13866 13867 13868
13869 13834 13870
13871 13872 13867
13871 13873 13872
13873 13874 13875
13876 13858 13861
13876 13861 13877
13814 13866 13868
13814 13868 13811
13818 13817 13869
13818 13869 13870
13837 13878 13809
13853 13879 13864
13853 13852 13879
13850 13851 13852
13831 13835 13832
13873 13875 13872
13866 13871 13867
13834 13835 13870
13830 13829 13880
13830 13880 13881
13873 13882 13874
13836 13883 13831
13884 13885 13886
13884 13886 13887
13888 13884 13887
13888 13887 13889
13885 13890 13891
13885 13891 13886
13892 13893 13894
13892 13894 13895
13895 13896 13897
13895 13897 13892
13889 13897 13896
13889 13896 13888
13898 13899 13900
13901 13894 13893
13901 13893 13902
13903 13904 13905
13903 13905 13906
13904 13901 13902
13904 13902 13905
13907 13903 13906
13907 13906 13908
13899 13907 13908
13899 13908 13900
13909 13910 13911
13912 13913 13914
13912 13914 13915
13916 13917 13918
13916 13918 13919
13920 13912 13915
13920 13915 13921
13917 13922 13923
13917 13923 13918
13913 13924 13925
13913 13925 13914
13926 13916 13919
13926 13919 13927
13928 13929 13930
13928 13930 13931
13932 13933 13934
13932 13934 13935
13936 13932 13935
13936 13935 13937
13929 13938 13939
13929 13939 13930
13922 13936 13937
13922 13937 13923
13938 13920 13921
13938 13921 13939
13940 13941 13942
13940 13942 13943
13933 13944 13945
13933 13945 13934
13946 13928 13931
13946 13931 13947
13948 13949 13950
13948 13950 13951
13952 13953 13954
13952 13954 13955
13944 13948 13951
13944 13951 13945
13953 13946 13947
13953 13947 13954
13956 13952 13955
13956 13955 13957
13949 13958 13959
13949 13959 13950
13941 13956 13957
13941 13957 13942
13960 13961 13962
13960 13962 13963
13964 13961 13960
13964 13960 13965
13966 13940 13943
13966 13943 13967
13968 13969 13970
13968 13970 13971
13972 13973 13974
13972 13974 13975
13973 13976 13977
13973 13977 13974
13978 13968 13971
13978 13971 13979
13980 13964 13965
13980 13965 13981
13969 13982 13983
13969 13983 13970
13982 13972 13975
13982 13975 13983
13976 13980 13981
13976 13981 13977
13984 13926 13927
13984 13927 13985
13986 13987 13925
13986 13925 13924
13988 13989 13990
13991 13891 13890
13991 13890 13992
13993 13991 13992
13993 13992 13994
13995 13993 13994
13995 13994 13996
13997 13998 13999
13997 13999 14000
13996 13997 14000
13996 14000 13995
14001 14002 14003
14001 14003 14004
14005 14003 14002
14005 14002 14006
13998 14005 14006
13998 14006 13999
14007 14008 14009
14010 14011 14012
13988 14013 14008
14011 14014 14015
13988 13990 14013
14014 14016 14015
14016 14017 14015
13985 14007 14009
13985 14009 13984
13987 13986 14010
13987 14010 14012
14016 14018 14017
13989 14019 13990
14020 13910 13899
13898 14020 13899
13963 13962 13966
13963 13966 13967
13910 14020 13911
13958 14021 14022
13958 14022 13959
14021 14023 14022
14011 14015 14012
14007 13988 14008
13989 14024 14019
14018 14025 14017
13836 14026 13883
13882 14027 13874
14028 14029 14030
14028 14030 14031
14029 14032 14033
14029 14033 14030
14034 14035 14036
14034 14036 14037
14038 14039 14036
14038 14036 14035
14032 14040 14041
14032 14041 14033
14042 14043 14039
14042 14039 14038
14044 14045 14046
14044 14046 14047
14048 14049 14050
14048 14050 14051
14052 14053 14054
14052 14054 14055
14056 14057 14058
14056 14058 14059
14060 14061 14062
14060 14062 14063
14057 14064 14065
14057 14065 14058
14064 14066 14067
14064 14067 14065
14063 14062 14045
14063 14045 14044
14068 14069 14070
14071 14072 14070
14055 14056 14059
14055 14059 14052
14061 14060 14051
14061 14051 14050
14069 14068 14073
14047 14046 14074
14075 14076 14077
14075 14077 14078
14079 14080 14081
14079 14081 14082
14083 14084 14085
14083 14085 14086
14087 14088 14084
14087 14084 14083
14087 14089 14090
14082 14081 14076
14082 14076 14075
14091 14092 14093
14091 14093 14094
14080 14079 14092
14080 14092 14091
14086 14085 14078
14086 14078 14077
14095 14096 14097
14095 14097 14098
14099 14100 14098
14099 14098 14097
14094 14093 14100
14094 14100 14099
14089 14101 14102
14103 14104 14105
14106 14107 14071
14108 14105 14109
14108 14109 14110
14110 14111 14112
14113 14114 14096
14113 14096 14095
14049 14048 14104
14049 14104 14103
14053 14107 14106
14053 14106 14054
14074 14046 14115
14089 14102 14116
14089 14116 14090
14087 14090 14088
14068 14070 14072
14110 14109 14111
14103 14105 14108
14071 14107 14072
14066 14117 14118
14066 14118 14067
14110 14112 14119
14073 14068 14120
14121 14122 14123
14121 14123 14124
14125 14126 14122
14125 14122 14121
14124 14123 14127
14124 14127 14128
14129 14130 14131
14129 14131 14132
14130 14129 14133
14130 14133 14134
14126 14125 14134
14126 14134 14133
14135 14136 14137
14138 14139 14132
14138 14132 14131
14140 14141 14142
14140 14142 14143
14143 14142 14139
14143 14139 14138
14144 14145 14141
14144 14141 14140
14137 14136 14145
14137 14145 14144
14146 14147 14148
14149 14150 14151
14149 14151 14152
14153 14154 14155
14153 14155 14156
14157 14158 14150
14157 14150 14149
14156 14155 14159
14156 14159 14160
14152 14151 14161
14152 14161 14162
14163 14164 14154
14163 14154 14153
14165 14166 14167
14165 14167 14168
14169 14170 14171
14169 14171 14172
14173 14174 14170
14173 14170 14169
14168 14167 14175
14168 14175 14176
14160 14159 14174
14160 14174 14173
14176 14175 14158
14176 14158 14157
14177 14178 14179
14177 14179 14180
14172 14171 14181
14172 14181 14182
14183 14184 14166
14183 14166 14165
14185 14186 14187
14185 14187 14188
14189 14190 14191
14189 14191 14192
14182 14181 14186
14182 14186 14185
14192 14191 14184
14192 14184 14183
14193 14194 14190
14193 14190 14189
14188 14187 14195
14188 14195 14196
14180 14179 14194
14180 14194 14193
14197 14198 14199
14197 14199 14200
14201 14202 14197
14201 14197 14200
14203 14204 14178
14203 14178 14177
14205 14206 14207
14205 14207 14208
14209 14210 14211
14209 14211 14212
14212 14211 14213
14212 14213 14214
14215 14216 14206
14215 14206 14205
14217 14218 14202
14217 14202 14201
14208 14207 14219
14208 14219 14220
14220 14219 14210
14220 14210 14209
14214 14213 14218
14214 14218 14217
14221 14222 14164
14221 14164 14163
14223 14162 14161
14223 14161 14224
14225 14226 14227
14228 14229 14128
14228 14128 14127
14230 14231 14229
14230 14229 14228
14232 14233 14231
14232 14231 14230
14234 14235 14236
14234 14236 14237
14233 14232 14235
14233 14235 14234
14238 14239 14240
14238 14240 14241
14242 14243 14241
14242 14241 14240
14237 14236 14243
14237 14243 14242
14244 14245 14246
14247 14248 14249
14225 14246 14250
14249 14251 14252
14225 14250 14226
14252 14251 14253
14253 14251 14254
14222 14221 14245
14222 14245 14244
14224 14248 14247
14224 14247 14223
14253 14254 14255
14227 14226 14256
14257 14137 14148
14135 14137 14257
14198 14204 14203
14198 14203 14199
14148 14147 14257
14196 14195 14258
14196 14258 14259
14259 14258 14260
14249 14248 14251
14244 14246 14225
14227 14256 14261
14255 14254 14262
14073 14120 14263
14119 14112 14264
14265 14266 14267
14265 14267 14268
14269 14270 14266
14269 14266 14265
14271 14272 14273
14271 14273 14274
14275 14272 14271
14275 14271 14276
14277 14278 14270
14277 14270 14269
14279 14275 14276
14279 14276 14280
345 301 317
2878 2923 2895
324 344 341
2902 2921 2922
1153 1151 14281
3752 3753 14282
4986 4988 4945
4986 4945 4944
2387 2386 14283
14284 1036 866
14284 866 865
850 866 828
1038 1036 14285
14285 1036 14284
3635 3464 3425
3635 3425 3633
3637 3635 3633
3638 3635 3637
3464 3447 3425
14286 14287 14288
14286 14288 14289
14290 14291 14287
14290 14287 14286
14289 14292 14293
14289 14293 14286
14290 14286 14293
14294 14295 14291
14294 14291 14290
14296 14297 14298
14296 14298 14299
14299 14300 14301
14299 14301 14296
14302 14303 14304
14302 14304 14305
14306 14307 14308
14309 14310 14311
14312 14313 14314
14307 14315 14316
14317 14318 14319
14317 14319 14310
14320 14321 14322
14312 14323 14324
14313 14312 14318
14313 14318 14317
14325 14319 14321
14326 14325 14321
14326 14321 14320
14327 14328 14329
14297 14296 14330
14297 14330 14331
14302 14297 14331
14302 14331 14332
14303 14302 14332
14303 14332 14333
14320 14329 14328
14320 14328 14326
14334 14335 14336
14334 14336 14337
14301 14334 14337
14301 14337 14338
14338 14330 14296
14338 14296 14301
14319 14325 14339
14319 14339 14311
14325 14326 14336
14325 14336 14339
14328 14327 14338
14328 14338 14337
14327 14340 14330
14327 14330 14338
14331 14330 14340
14331 14340 14341
14331 14341 14342
14343 14344 14332
14326 14328 14337
14326 14337 14336
14307 14306 14345
14346 14314 14345
14314 14347 14315
14314 14315 14307
14348 14349 14350
14295 14303 14333
14295 14333 14291
14333 14351 14287
14297 14302 14305
14297 14305 14298
14352 14353 14354
14355 14356 14352
14355 14352 14354
14357 14355 14354
14357 14354 14358
14359 14360 14361
14353 14362 14359
14363 14364 14365
14366 14364 14367
14368 14355 14357
14365 14369 14368
14365 14368 14357
14365 14364 14366
14356 14355 14368
14365 14366 14369
14370 14371 14372
14373 14374 14375
14373 14375 14335
14376 14377 14378
14376 14378 14379
14380 14381 14382
14383 14380 14384
14385 14386 14387
14388 14389 14390
14371 14378 14377
14391 14392 14393
14394 14395 14396
14394 14396 14397
14398 14399 14400
14398 14400 14401
14397 14396 14402
14397 14402 14403
14404 14405 14406
14407 14408 14409
14407 14409 14410
14401 14376 14379
14401 14379 14398
14400 14410 14411
14400 14411 14412
14410 14400 14399
14410 14399 14407
14300 14413 14334
14300 14334 14301
14374 14383 14414
14374 14414 14375
14309 14311 14414
14309 14414 14384
14382 14309 14384
14407 14399 14374
14407 14374 14373
14399 14398 14383
14399 14383 14374
14381 14380 14415
14380 14383 14398
14380 14398 14379
14416 14417 14418
14417 14393 14305
14417 14305 14304
14299 14298 14419
14299 14419 14395
14394 14408 14413
14394 14413 14300
14395 14394 14300
14395 14300 14299
14413 14373 14335
14413 14335 14334
14408 14407 14373
14408 14373 14413
14397 14409 14408
14397 14408 14394
14385 14387 14420
14421 14376 14422
14411 14410 14409
14411 14409 14423
14424 14385 14420
14376 14401 14425
14389 14388 14426
14409 14397 14403
14409 14403 14423
14375 14414 14311
14375 14311 14339
14335 14375 14339
14335 14339 14336
14370 14378 14371
14427 14428 14406
14396 14392 14402
14429 14417 14416
14429 14416 14427
14388 14425 14412
14395 14419 14392
14395 14392 14396
14305 14393 14419
14392 14391 14405
14429 14391 14417
14378 14370 14430
14403 14402 14404
14403 14404 14431
14388 14412 14411
14388 14411 14426
14426 14411 14423
14426 14423 14432
14423 14403 14431
14402 14405 14404
14402 14392 14405
14412 14401 14400
14432 14387 14433
14432 14433 14426
14431 14420 14387
14431 14387 14432
14434 14420 14431
14434 14431 14404
14434 14406 14428
14429 14406 14405
14427 14406 14429
14405 14391 14429
14305 14419 14298
14393 14392 14419
14417 14391 14393
14423 14431 14432
14370 14372 14362
14353 14359 14361
14361 14358 14354
14354 14353 14361
14353 14352 14435
14370 14435 14430
14380 14382 14384
14436 14416 14418
14376 14425 14422
14357 14363 14365
14331 14342 14332
14332 14342 14343
14333 14344 14351
14332 14344 14333
14437 14438 14292
14292 14289 14437
14351 14288 14287
14333 14287 14291
14350 14349 14320
14346 14439 14314
14320 14349 14329
14308 14307 14316
14314 14313 14347
14311 14310 14319
14415 14430 14381
14430 14440 14381
14415 14379 14378
14415 14380 14379
14362 14353 14435
14362 14435 14370
14430 14435 14440
14383 14384 14414
14378 14430 14415
14435 14352 14440
14436 14418 14295
14436 14295 14294
14418 14304 14303
14418 14303 14295
14418 14417 14304
14387 14386 14433
14314 14439 14312
14312 14439 14323
14441 14348 14350
14441 14350 14442
14443 14442 14350
14443 14350 14322
14443 14322 14444
14320 14322 14350
14322 14321 14324
14322 14445 14444
14345 14314 14307
14324 14323 14445
14322 14324 14445
14318 14324 14321
14312 14324 14318
14321 14319 14318
14446 14447 14377
14447 14448 14371
14447 14371 14377
14448 14449 14372
14448 14372 14371
14449 14450 14372
14421 14422 14451
14421 14446 14376
14450 14452 14359
14450 14359 14372
14452 14360 14359
14360 14453 14361
14453 14358 14361
14389 14433 14386
14388 14390 14425
14424 14420 14434
14434 14428 14424
14404 14406 14434
14446 14377 14376
14389 14426 14433
14412 14425 14401
14454 14455 14456
14454 14456 14457
14458 14459 14460
14458 14460 14461
14462 14463 14464
14462 14464 14465
14455 14454 14466
14455 14466 14467
14468 14469 14470
14468 14470 14471
14461 14460 14465
14461 14465 14464
14471 14470 14459
14471 14459 14458
14469 14468 14472
14469 14472 14473
14474 14475 14476
14474 14476 14477
14478 14479 14480
14478 14480 14481
14482 14483 14484
14482 14484 14485
14482 14486 14483
14487 14488 14489
14487 14489 14490
14491 14492 14479
14491 14479 14478
14481 14480 14488
14481 14488 14487
14490 14489 14475
14490 14475 14474
14493 14494 14457
14495 14458 14461
14495 14461 14496
14497 14464 14463
14497 14463 14498
14498 14463 14466
14498 14466 14499
14500 14468 14471
14500 14471 14501
14496 14461 14464
14496 14464 14497
14501 14471 14458
14501 14458 14495
14502 14472 14468
14502 14468 14500
14503 14504 14505
14503 14505 14506
14486 14482 14493
14487 14495 14496
14487 14496 14481
14478 14497 14498
14478 14498 14491
14491 14498 14499
14491 14499 14485
14474 14500 14501
14474 14501 14490
14481 14496 14497
14481 14497 14478
14490 14501 14495
14490 14495 14487
14477 14502 14500
14477 14500 14474
14507 14503 14506
14507 14506 14508
14509 14510 14511
14509 14511 14512
14513 14514 14515
14516 14517 14514
14518 14519 14517
14518 14520 14521
14518 14521 14519
14520 14522 14523
14520 14523 14521
14522 14524 14525
14522 14525 14523
14526 14527 14528
14526 14528 14529
14530 14531 14532
14533 14534 14535
14536 14537 14538
14536 14538 14539
14540 14532 14534
14541 14539 14531
14537 14526 14529
14537 14529 14538
14542 14543 14544
14542 14544 14545
14524 14522 14546
14524 14546 14547
14513 14548 14549
14518 14550 14520
14522 14520 14551
14522 14551 14546
14552 14553 14554
14552 14554 14555
14553 14556 14554
14557 14558 14559
14557 14559 14560
14561 14562 14563
14552 14564 14553
14565 14557 14566
14567 14568 14569
14567 14569 14570
14571 14572 14573
14571 14573 14574
14570 14575 14576
14570 14576 14567
14575 14577 14571
14578 14579 14580
14467 14466 14463
14467 14463 14462
14485 14484 14492
14485 14492 14491
14499 14466 14454
14499 14454 14494
14485 14499 14494
14485 14494 14482
14513 14581 14548
14582 14505 14504
14582 14504 14583
14508 14584 14585
14508 14585 14507
14586 14587 14588
14587 14589 14588
14590 14591 14592
14593 14594 14595
14593 14595 14596
14597 14598 14599
14597 14599 14600
14601 14602 14592
14601 14592 14591
14603 14604 14605
14603 14605 14606
14596 14595 14598
14596 14598 14597
14606 14605 14594
14606 14594 14593
14607 14608 14609
14607 14609 14610
14611 14612 14613
14611 14613 14614
14615 14616 14617
14615 14617 14618
14616 14615 14619
14616 14619 14620
14600 14599 14602
14600 14602 14601
14621 14622 14623
14621 14623 14624
14625 14607 14610
14625 14610 14626
14627 14628 14629
14627 14629 14630
14631 14632 14633
14631 14633 14634
14635 14636 14632
14635 14632 14631
14637 14638 14639
14637 14639 14570
14640 14641 14572
14642 14643 14575
14643 14577 14575
14577 14640 14571
14644 14645 14578
14644 14578 14580
14476 14475 14529
14476 14529 14528
14480 14479 14532
14480 14532 14531
14535 14534 14492
14535 14492 14484
14489 14488 14539
14489 14539 14538
14479 14492 14534
14479 14534 14532
14531 14539 14488
14531 14488 14480
14475 14489 14538
14475 14538 14529
14545 14544 14585
14545 14585 14584
14629 14628 14614
14629 14614 14613
14574 14573 14561
14574 14561 14563
14563 14564 14576
14563 14576 14574
14564 14646 14567
14564 14567 14576
14647 14648 14566
14649 14650 14620
14649 14620 14619
14651 14568 14646
14652 14510 14651
14652 14552 14555
14652 14555 14548
14552 14652 14646
14552 14646 14564
14653 14654 14547
14653 14547 14546
14654 14653 14556
14549 14555 14655
14549 14655 14656
14657 14658 14554
14657 14653 14546
14657 14546 14551
14653 14657 14556
14659 14589 14660
14659 14660 14559
14636 14635 14618
14636 14618 14617
14473 14472 14505
14473 14505 14582
14477 14476 14584
14477 14584 14508
14524 14587 14586
14524 14586 14525
14547 14589 14587
14547 14587 14524
14472 14502 14506
14472 14506 14505
14502 14477 14508
14502 14508 14506
14527 14542 14545
14527 14545 14528
14562 14557 14560
14562 14560 14556
14562 14561 14566
14572 14580 14647
14572 14647 14573
14661 14621 14662
14641 14644 14580
14641 14580 14572
14528 14545 14584
14528 14584 14476
14573 14647 14566
14573 14566 14561
14589 14547 14654
14589 14654 14660
14556 14560 14654
14514 14540 14533
14514 14533 14515
14530 14540 14514
14663 14530 14517
14664 14665 14519
14664 14519 14521
14666 14664 14521
14666 14521 14523
14664 14666 14526
14664 14526 14537
14667 14666 14523
14667 14523 14525
14666 14667 14527
14666 14527 14526
14668 14669 14586
14542 14669 14543
14612 14611 14634
14612 14634 14633
14525 14586 14669
14525 14669 14667
14512 14511 14670
14671 14672 14673
14674 14673 14483
14673 14674 14671
14673 14535 14484
14673 14484 14483
14510 14581 14511
14672 14581 14515
14672 14515 14533
14511 14581 14672
14511 14672 14671
14530 14663 14541
14543 14669 14668
14586 14588 14668
14588 14589 14659
14559 14660 14560
14562 14556 14553
14654 14560 14660
14665 14664 14537
14665 14537 14536
14536 14541 14663
14536 14663 14665
14536 14539 14541
14519 14665 14663
14541 14531 14530
14663 14517 14519
14518 14517 14516
14530 14532 14540
14530 14514 14517
14667 14669 14542
14667 14542 14527
14516 14514 14513
14540 14534 14533
14533 14535 14672
14673 14672 14535
14658 14657 14551
14658 14551 14675
14675 14656 14655
14675 14655 14658
14518 14516 14550
14550 14516 14656
14551 14550 14675
14554 14658 14555
14675 14550 14656
14656 14516 14549
14556 14657 14554
14555 14658 14655
14513 14515 14581
14513 14549 14516
14520 14550 14551
14548 14581 14510
14575 14571 14574
14575 14574 14576
14570 14642 14575
14510 14652 14548
14566 14648 14565
14562 14566 14557
14640 14572 14571
14652 14651 14646
14671 14674 14670
14662 14604 14603
14662 14603 14661
14662 14621 14624
14662 14624 14676
14670 14511 14671
14493 14482 14494
14674 14483 14486
14646 14568 14567
14457 14494 14454
14592 14677 14590
14678 14679 14680
14678 14680 14681
14682 14683 14684
14682 14684 14685
14686 14687 14688
14686 14688 14689
14690 14691 14681
14690 14681 14680
14692 14693 14694
14692 14694 14695
14685 14684 14687
14685 14687 14686
14695 14694 14683
14695 14683 14682
14696 14697 14693
14696 14693 14692
14698 14680 14679
14698 14679 14699
14700 14682 14685
14700 14685 14701
14702 14686 14689
14702 14689 14703
14703 14689 14690
14703 14690 14704
14705 14692 14695
14705 14695 14706
14701 14685 14686
14701 14686 14702
14706 14695 14682
14706 14682 14700
14707 14696 14692
14707 14692 14705
14689 14688 14691
14689 14691 14690
14708 14709 14710
14708 14710 14711
14712 14713 14714
14712 14714 14715
14716 14717 14718
14716 14718 14719
14720 14721 14722
14720 14722 14723
14712 14719 14718
14712 14718 14713
14720 14715 14714
14720 14714 14721
14724 14725 14723
14724 14723 14722
14726 14727 14728
14726 14728 14729
14730 14728 14727
14730 14727 14731
14716 14732 14733
14716 14733 14717
14704 14690 14680
14704 14680 14698
14732 14708 14711
14732 14711 14733
14734 14735 14736
14734 14736 14737
14738 14739 14736
14738 14740 14741
14738 14741 14739
14742 14738 14735
14743 14744 14745
14746 14747 14748
14746 14748 14749
14750 14746 14749
14750 14749 14751
14752 14740 14738
14740 14752 14753
14752 14738 14742
14747 14754 14748
14743 14734 14737
14743 14737 14744
14735 14738 14736
14637 14570 14569
14510 14509 14651
14565 14558 14557
14562 14553 14563
14564 14563 14553
14549 14548 14555
14639 14642 14570
14639 14755 14642
14756 14757 14650
14756 14650 14649
14579 14647 14580
14579 14648 14647
14644 14758 14645
14608 14627 14630
14608 14630 14609
14759 14760 14761
14759 14761 14762
14763 14764 14765
14763 14765 14766
14767 14768 14769
14767 14769 14770
14762 14771 14772
14762 14772 14759
14773 14774 14775
14773 14775 14776
14764 14769 14768
14764 14768 14765
14774 14763 14766
14774 14766 14775
14776 14777 14778
14776 14778 14773
14779 14780 14781
14779 14781 14782
14783 14784 14785
14783 14785 14786
14787 14788 14789
14787 14789 14790
14787 14790 14791
14792 14793 14794
14792 14794 14795
14796 14783 14786
14796 14786 14797
14784 14792 14795
14784 14795 14785
14793 14779 14782
14793 14782 14794
14798 14760 14799
14800 14801 14764
14800 14764 14763
14802 14803 14770
14802 14770 14769
14803 14804 14772
14803 14772 14770
14805 14806 14774
14805 14774 14773
14801 14802 14769
14801 14769 14764
14806 14800 14763
14806 14763 14774
14807 14805 14773
14807 14773 14778
14808 14809 14810
14808 14810 14811
14791 14798 14787
14792 14784 14801
14792 14801 14800
14783 14796 14803
14783 14803 14802
14796 14788 14804
14796 14804 14803
14779 14793 14806
14779 14806 14805
14784 14783 14802
14784 14802 14801
14793 14792 14800
14793 14800 14806
14780 14779 14805
14780 14805 14807
14812 14813 14809
14812 14809 14808
14814 14815 14816
14814 14816 14817
14818 14819 14820
14821 14820 14822
14823 14822 14824
14823 14824 14825
14823 14825 14826
14826 14825 14827
14826 14827 14828
14828 14827 14829
14828 14829 14830
14831 14832 14833
14831 14833 14834
14835 14836 14837
14838 14839 14840
14841 14842 14843
14841 14843 14844
14845 14840 14836
14846 14837 14842
14844 14843 14832
14844 14832 14831
14847 14848 14849
14847 14849 14850
14830 14851 14852
14830 14852 14828
14818 14853 14854
14823 14826 14855
14828 14852 14856
14828 14856 14826
14857 14858 14859
14857 14859 14860
14860 14859 14861
14862 14863 14864
14862 14864 14865
14866 14867 14868
14857 14860 14869
14870 14871 14862
14872 14873 14874
14872 14874 14875
14876 14877 14878
14876 14878 14879
14873 14872 14880
14873 14880 14881
14881 14876 14882
14883 14884 14885
14771 14767 14770
14771 14770 14772
14788 14796 14797
14788 14797 14789
14804 14799 14759
14804 14759 14772
14788 14787 14799
14788 14799 14804
14818 14854 14886
14887 14888 14811
14887 14811 14810
14813 14812 14889
14813 14889 14890
14891 14892 14893
14893 14892 14894
14895 14896 14897
14898 14899 14900
14898 14900 14901
14902 14903 14904
14902 14904 14905
14906 14897 14896
14906 14896 14907
14908 14909 14910
14908 14910 14911
14899 14902 14905
14899 14905 14900
14909 14898 14901
14909 14901 14910
14912 14913 14914
14912 14914 14915
14916 14917 14918
14916 14918 14919
14920 14921 14922
14920 14922 14923
14923 14924 14925
14923 14925 14920
14903 14906 14907
14903 14907 14904
14926 14927 14928
14926 14928 14929
14930 14931 14913
14930 14913 14912
14932 14933 14934
14932 14934 14935
14936 14937 14938
14936 14938 14939
14940 14936 14939
14940 14939 14941
14942 14873 14943
14942 14943 14944
14945 14879 14946
14947 14881 14948
14948 14881 14882
14882 14876 14945
14949 14884 14883
14949 14883 14950
14781 14833 14832
14781 14832 14782
14785 14837 14836
14785 14836 14786
14839 14789 14797
14839 14797 14840
14794 14843 14842
14794 14842 14795
14786 14836 14840
14786 14840 14797
14837 14785 14795
14837 14795 14842
14782 14832 14843
14782 14843 14794
14848 14890 14889
14848 14889 14849
14934 14918 14917
14934 14917 14935
14877 14867 14866
14877 14866 14878
14867 14877 14880
14867 14880 14869
14869 14880 14872
14869 14872 14951
14952 14871 14953
14954 14925 14924
14954 14924 14955
14956 14951 14875
14957 14956 14817
14957 14854 14858
14957 14858 14857
14857 14869 14951
14857 14951 14957
14958 14852 14851
14958 14851 14959
14959 14861 14958
14853 14960 14858
14853 14961 14960
14962 14859 14963
14962 14856 14852
14962 14852 14958
14958 14861 14962
14964 14965 14894
14964 14864 14965
14941 14922 14921
14941 14921 14940
14777 14887 14810
14777 14810 14778
14780 14813 14890
14780 14890 14781
14830 14829 14891
14830 14891 14893
14851 14830 14893
14851 14893 14894
14778 14810 14809
14778 14809 14807
14807 14809 14813
14807 14813 14780
14834 14833 14848
14834 14848 14847
14868 14861 14863
14868 14863 14862
14868 14871 14866
14879 14878 14952
14879 14952 14884
14966 14967 14926
14946 14879 14884
14946 14884 14949
14833 14781 14890
14833 14890 14848
14878 14866 14871
14878 14871 14952
14894 14965 14959
14894 14959 14851
14861 14959 14863
14820 14819 14838
14820 14838 14845
14835 14820 14845
14968 14822 14835
14969 14825 14824
14969 14824 14970
14971 14827 14825
14971 14825 14969
14969 14844 14831
14969 14831 14971
14972 14829 14827
14972 14827 14971
14971 14831 14834
14971 14834 14972
14973 14891 14974
14847 14850 14974
14919 14938 14937
14919 14937 14916
14829 14972 14974
14829 14974 14891
14815 14975 14816
14976 14977 14978
14979 14790 14977
14977 14976 14979
14977 14790 14789
14977 14789 14839
14817 14816 14886
14978 14838 14819
14978 14819 14886
14816 14976 14978
14816 14978 14886
14835 14846 14968
14850 14973 14974
14891 14973 14892
14892 14964 14894
14864 14863 14965
14868 14860 14861
14959 14965 14863
14970 14841 14844
14970 14844 14969
14841 14970 14968
14841 14968 14846
14841 14846 14842
14824 14968 14970
14846 14835 14837
14968 14824 14822
14823 14821 14822
14835 14845 14836
14835 14822 14820
14972 14834 14847
14972 14847 14974
14821 14818 14820
14845 14838 14840
14838 14978 14839
14977 14839 14978
14963 14980 14856
14963 14856 14962
14980 14963 14960
14980 14960 14961
14823 14855 14821
14855 14961 14821
14856 14980 14855
14859 14858 14963
14980 14961 14855
14961 14853 14821
14861 14859 14962
14858 14960 14963
14818 14886 14819
14818 14821 14853
14826 14856 14855
14854 14817 14886
14881 14880 14877
14881 14877 14876
14873 14881 14947
14817 14854 14957
14871 14870 14953
14868 14862 14871
14945 14876 14879
14957 14951 14956
14976 14975 14979
14967 14966 14908
14967 14908 14911
14967 14927 14926
14967 14981 14927
14975 14976 14816
14798 14799 14787
14979 14791 14790
14951 14872 14875
14760 14759 14799
14896 14895 14982
14983 14984 14985
14983 14985 14986
14987 14988 14989
14987 14989 14990
14991 14992 14993
14991 14993 14994
14995 14985 14984
14995 14984 14996
14997 14998 14999
14997 14999 15000
14988 14991 14994
14988 14994 14989
14998 14987 14990
14998 14990 14999
15001 14997 15000
15001 15000 15002
15003 15004 14986
15003 14986 14985
15005 15006 14988
15005 14988 14987
15007 15008 14992
15007 14992 14991
15008 15009 14995
15008 14995 14992
15010 15011 14998
15010 14998 14997
15006 15007 14991
15006 14991 14988
15011 15005 14987
15011 14987 14998
15012 15010 14997
15012 14997 15001
14992 14995 14996
14992 14996 14993
15013 15014 15015
15013 15015 15016
15017 15018 15019
15017 15019 15020
15021 15022 15023
15021 15023 15024
15025 15026 15027
15025 15027 15028
15017 15020 15023
15017 15023 15022
15025 15028 15019
15025 15019 15018
15029 15027 15026
15029 15026 15030
15031 15032 15033
15031 15033 15034
15035 15036 15034
15035 15034 15033
15021 15024 15037
15021 15037 15038
15009 15003 14985
15009 14985 14995
15038 15037 15014
15038 15014 15013
15039 15040 15041
15039 15041 15042
15043 15041 15044
15043 15044 15045
15043 15045 15046
15047 15042 15043
15048 15049 15050
15051 15052 15053
15051 15053 15054
15055 15056 15052
15055 15052 15051
15057 15043 15046
15046 15058 15057
15057 15047 15043
15054 15053 15059
15048 15050 15040
15048 15040 15039
15042 15041 15043
14942 14874 14873
14817 14956 14814
14870 14862 14865
14868 14867 14860
14869 14860 14867
14853 14858 14854
14943 14873 14947
14943 14947 15060
15061 14954 14955
15061 14955 15062
14885 14884 14952
14885 14952 14953
14949 14950 15063
14915 14914 14933
14915 14933 14932
15064 15065 15066
15064 15066 15067
15068 15064 15067
15068 15067 15069
15065 15064 15070
15065 15070 15071
15068 15070 15064
15072 15068 15069
15072 15069 15073
15074 15075 15076
15074 15076 15077
15075 15074 15078
15075 15078 15079
15080 15081 15082
15080 15082 15083
15084 15085 15086
15087 15088 15089
15090 15091 15092
15086 15093 15094
15095 15089 15096
15095 15096 15097
15098 15099 15100
15090 15101 15102
15092 15095 15097
15092 15097 15090
15103 15100 15096
15104 15098 15100
15104 15100 15103
15105 15106 15107
15077 15108 15109
15077 15109 15074
15080 15110 15108
15080 15108 15077
15083 15111 15110
15083 15110 15080
15098 15104 15107
15098 15107 15106
15112 15113 15114
15112 15114 15115
15078 15116 15113
15078 15113 15112
15116 15078 15074
15116 15074 15109
15096 15088 15117
15096 15117 15103
15103 15117 15114
15103 15114 15104
15107 15113 15116
15107 15116 15105
15105 15116 15109
15105 15109 15118
15108 15119 15118
15108 15118 15109
15108 15120 15119
15121 15110 15122
15104 15114 15113
15104 15113 15107
15086 15123 15084
15124 15123 15091
15091 15086 15094
15091 15094 15125
15126 15127 15128
15073 15069 15111
15073 15111 15083
15111 15067 15129
15077 15076 15081
15077 15081 15080
15130 15131 15132
15133 15131 15130
15133 15130 15134
15135 15136 15131
15135 15131 15133
15137 15138 15139
15132 15137 15140
15141 15142 15143
15144 15145 15143
15146 15135 15133
15142 15135 15146
15142 15146 15147
15142 15144 15143
15134 15146 15133
15142 15147 15144
15148 15149 15150
15151 15115 15152
15151 15152 15153
15154 15155 15156
15154 15156 15157
15158 15159 15160
15161 15162 15158
15163 15164 15165
15166 15167 15168
15150 15157 15156
15169 15170 15171
15172 15173 15174
15172 15174 15175
15176 15177 15178
15176 15178 15179
15173 15180 15181
15173 15181 15174
15182 15183 15184
15185 15186 15187
15185 15187 15188
15177 15176 15155
15177 15155 15154
15178 15189 15190
15178 15190 15186
15186 15185 15179
15186 15179 15178
15079 15078 15112
15079 15112 15191
15153 15152 15192
15153 15192 15161
15087 15162 15192
15087 15192 15088
15159 15162 15087
15185 15151 15153
15185 15153 15179
15179 15153 15161
15179 15161 15176
15160 15193 15158
15158 15155 15176
15158 15176 15161
15194 15195 15196
15196 15082 15081
15196 15081 15170
15075 15175 15197
15075 15197 15076
15172 15079 15191
15172 15191 15188
15175 15075 15079
15175 15079 15172
15191 15112 15115
15191 15115 15151
15188 15191 15151
15188 15151 15185
15173 15172 15188
15173 15188 15187
15163 15198 15164
15199 15200 15154
15190 15201 15187
15190 15187 15186
15202 15198 15163
15154 15203 15177
15168 15204 15166
15187 15201 15180
15187 15180 15173
15152 15117 15088
15152 15088 15192
15115 15114 15117
15115 15117 15152
15148 15150 15156
15205 15183 15206
15174 15181 15171
15207 15205 15194
15207 15194 15196
15166 15189 15203
15175 15174 15171
15175 15171 15197
15081 15197 15170
15171 15184 15169
15207 15196 15169
15156 15208 15148
15180 15209 15182
15180 15182 15181
15166 15204 15190
15166 15190 15189
15204 15210 15201
15204 15201 15190
15201 15209 15180
15181 15182 15184
15181 15184 15171
15189 15178 15177
15210 15204 15211
15210 15211 15164
15209 15210 15164
15209 15164 15198
15212 15182 15209
15212 15209 15198
15212 15206 15183
15207 15184 15183
15205 15207 15183
15184 15207 15169
15081 15076 15197
15170 15197 15171
15196 15170 15169
15201 15210 15209
15148 15140 15149
15132 15138 15137
15138 15131 15136
15131 15138 15132
15132 15213 15130
15148 15208 15213
15158 15162 15159
15214 15195 15194
15154 15200 15203
15135 15142 15141
15108 15110 15120
15110 15121 15120
15111 15129 15122
15110 15111 15122
15215 15071 15216
15071 15215 15065
15129 15067 15066
15111 15069 15067
15127 15098 15128
15124 15091 15217
15098 15106 15128
15085 15093 15086
15091 15125 15092
15088 15096 15089
15193 15160 15208
15208 15160 15218
15193 15156 15155
15193 15155 15158
15140 15148 15213
15140 15213 15132
15208 15218 15213
15161 15192 15162
15156 15193 15208
15213 15218 15130
15214 15072 15073
15214 15073 15195
15195 15073 15083
15195 15083 15082
15195 15082 15196
15164 15211 15165
15091 15090 15217
15090 15102 15217
15219 15127 15126
15219 15220 15127
15221 15099 15127
15221 15127 15220
15221 15222 15099
15098 15127 15099
15099 15101 15100
15099 15222 15223
15123 15086 15091
15101 15223 15102
15099 15223 15101
15097 15100 15101
15090 15097 15101
15100 15097 15096
15224 15157 15225
15225 15157 15150
15225 15150 15226
15226 15150 15149
15226 15149 15227
15227 15149 15228
15199 15229 15200
15199 15154 15224
15228 15149 15137
15228 15137 15230
15230 15137 15139
15139 15138 15231
15231 15138 15136
15168 15165 15211
15166 15203 15167
15202 15212 15198
15212 15202 15206
15182 15212 15183
15224 15154 15157
15168 15211 15204
15189 15177 15203
15232 15233 15234
15232 15234 15235
15236 15237 15238
15236 15238 15239
15237 15232 15235
15237 15235 15238
15240 15241 15242
15240 15242 15243
15233 15244 15245
15233 15245 15246
15247 15248 15249
15247 15249 15250
15237 15236 15251
15237 15251 15252
15248 15253 15254
15248 15254 15249
15255 15256 15257
15255 15257 15258
15259 15260 15261
15259 15261 15262
15263 15264 15265
15263 15265 15266
15267 15268 15269
15267 15269 15270
15271 15272 15260
15271 15260 15259
15273 15274 15275
15273 15275 15276
15277 15278 15279
15277 15279 15280
15281 15282 15283
15281 15283 15284
15285 15286 15287
15285 15287 15288
15289 15281 15284
15289 15284 15290
15291 15292 15293
15294 15285 15288
15294 15288 15295
15296 15247 15250
15296 15250 15297
15298 15275 15274
15298 15274 15299
15300 15301 15302
15300 15302 15303
15269 15302 15301
15269 15301 15270
15240 15304 15305
15306 15307 15308
15309 15310 15311
15309 15311 15312
15310 15309 15313
15310 15313 15314
15314 15313 15315
15316 15315 15306
15316 15306 15317
15306 15315 15318
15319 15306 15320
15321 15306 15322
15323 15306 15321
15324 15325 15326
15306 15325 15317
15314 15315 15316
15315 15313 15327
15328 15329 15330
15236 15331 15332
15236 15332 15251
15308 15325 15306
15306 15318 15333
15315 15327 15318
15246 15234 15233
15239 15334 15236
15312 15311 15335
15312 15335 15336
15236 15334 15331
15337 15338 15339
15337 15339 15340
15341 15298 15299
15341 15299 15342
15343 15339 15338
15343 15338 15344
15341 15342 15343
15341 15343 15344
15345 15346 15347
15240 15243 15233
15266 15265 15258
15266 15258 15257
15262 15261 15256
15262 15256 15255
15348 15241 15240
15280 15279 15272
15280 15272 15271
15322 15306 15333
15243 15244 15233
15305 15349 15350
15320 15306 15323
15319 15307 15306
15240 15351 15348
15350 15240 15305
15351 15240 15350
15352 15264 15263
15352 15263 15353
15326 15325 15308
15305 15354 15349
15355 15356 15357
15355 15357 15358
15359 15360 15361
15359 15361 15362
15362 15361 15356
15362 15356 15355
15363 15364 15365
15363 15366 15364
15358 15367 15368
15358 15368 15369
15370 15371 15372
15370 15372 15373
15362 15374 15375
15362 15375 15359
15373 15372 15376
15373 15376 15377
15378 15379 15380
15378 15380 15381
15382 15383 15384
15382 15384 15385
15386 15387 15388
15386 15388 15389
15390 15391 15392
15390 15392 15393
15394 15382 15385
15394 15385 15395
15396 15397 15398
15396 15398 15399
15400 15401 15402
15400 15402 15403
15404 15405 15406
15404 15406 15407
15408 15409 15410
15408 15410 15411
15412 15413 15405
15412 15405 15404
15414 15415 15416
15417 15418 15409
15417 15409 15408
15419 15420 15371
15419 15371 15370
15421 15422 15399
15421 15399 15398
15423 15424 15425
15423 15425 15426
15392 15391 15426
15392 15426 15425
15363 15427 15428
15429 15430 15431
15432 15433 15434
15432 15434 15435
15435 15436 15437
15435 15437 15432
15436 15438 15437
15439 15440 15429
15439 15429 15438
15429 15441 15438
15442 15443 15429
15444 15445 15429
15446 15444 15429
15447 15448 15449
15429 15440 15449
15450 15451 15452
15438 15453 15437
15454 15455 15456
15359 15375 15457
15359 15457 15458
15430 15429 15449
15429 15459 15441
15438 15441 15453
15367 15358 15357
15360 15359 15460
15433 15461 15462
15433 15462 15434
15359 15458 15460
15463 15464 15465
15463 15465 15466
15467 15468 15422
15467 15422 15421
15469 15470 15466
15469 15466 15465
15467 15470 15469
15467 15469 15468
15471 15472 15473
15363 15358 15366
15387 15380 15379
15387 15379 15388
15383 15378 15381
15383 15381 15384
15474 15363 15365
15401 15394 15395
15401 15395 15402
15445 15459 15429
15366 15358 15369
15427 15475 15476
15443 15446 15429
15442 15429 15431
15363 15474 15477
15475 15427 15363
15477 15475 15363
15478 15479 15386
15478 15386 15389
15448 15430 15449
15427 15476 15480
14372 14359 14362
15137 15149 15140
