byte offset: 0
first index: 0
index count: 52692
topology: trianglelist
format: DXGI_FORMAT_R16_UINT

0 1 2
0 2 3
3 2 4
3 4 5
5 4 6
5 6 7
7 6 8
7 8 9
9 8 10
9 10 11
11 10 12
11 12 13
14 15 16
14 16 17
17 16 18
17 18 19
19 18 20
19 20 21
21 20 22
21 22 23
23 22 24
23 24 25
25 24 26
25 26 27
28 29 30
28 30 31
31 30 32
31 32 33
33 32 34
33 34 35
35 34 36
35 36 37
37 36 38
37 38 39
39 38 40
39 40 41
42 43 44
42 44 45
45 44 46
45 46 47
47 46 48
47 48 49
49 48 50
49 50 51
51 50 52
51 52 53
53 52 54
53 54 55
43 56 57
43 57 44
44 57 58
44 58 46
46 58 59
46 59 48
48 59 60
48 60 50
50 60 61
50 61 52
52 61 62
52 62 54
63 64 65
63 65 66
66 65 67
66 67 68
68 67 69
68 69 70
70 69 71
70 71 72
72 71 73
72 73 74
74 73 75
74 75 76
16 31 33
16 33 18
18 33 35
18 35 20
20 35 37
20 37 22
22 37 39
22 39 24
24 39 41
24 41 26
15 28 31
15 31 16
30 45 47
30 47 32
32 47 49
32 49 34
34 49 51
34 51 36
36 51 53
36 53 38
38 53 55
38 55 40
29 42 45
29 45 30
2 17 19
2 19 4
4 19 21
4 21 6
6 21 23
6 23 8
8 23 25
8 25 10
10 25 27
10 27 12
1 14 17
1 17 2
65 3 5
65 5 67
67 5 7
67 7 69
69 7 9
69 9 71
71 9 11
71 11 73
73 11 13
73 13 75
64 0 3
64 3 65
77 78 79
77 79 80
78 81 82
78 82 79
81 83 84
81 84 82
83 85 86
83 86 84
85 87 88
85 88 86
87 89 90
87 90 88
91 92 93
91 93 94
92 95 96
92 96 93
95 97 98
95 98 96
97 99 100
97 100 98
99 101 102
99 102 100
101 103 104
101 104 102
105 106 107
105 107 108
106 109 110
106 110 107
109 111 112
109 112 110
111 113 114
111 114 112
113 115 116
113 116 114
115 117 118
115 118 116
119 120 121
119 121 122
120 123 124
120 124 121
123 125 126
123 126 124
125 127 128
125 128 126
127 129 130
127 130 128
129 131 132
129 132 130
122 121 133
122 133 134
121 124 135
121 135 133
124 126 136
124 136 135
126 128 137
126 137 136
128 130 138
128 138 137
130 132 139
130 139 138
140 141 142
140 142 143
141 144 145
141 145 142
144 146 147
144 147 145
146 148 149
146 149 147
148 150 151
148 151 149
150 152 153
150 153 151
93 96 109
93 109 106
96 98 111
96 111 109
98 100 113
98 113 111
100 102 115
100 115 113
102 104 117
102 117 115
94 93 106
94 106 105
107 110 123
107 123 120
110 112 125
110 125 123
112 114 127
112 127 125
114 116 129
114 129 127
116 118 131
116 131 129
108 107 120
108 120 119
79 82 95
79 95 92
82 84 97
82 97 95
84 86 99
84 99 97
86 88 101
86 101 99
88 90 103
88 103 101
80 79 92
80 92 91
142 145 81
142 81 78
145 147 83
145 83 81
147 149 85
147 85 83
149 151 87
149 87 85
151 153 89
151 89 87
143 142 78
143 78 77
154 155 156
154 156 157
158 159 155
158 155 154
160 161 162
163 164 161
163 161 160
165 166 164
165 164 163
167 168 166
167 166 165
169 170 171
169 171 172
169 173 174
169 174 170
175 167 165
175 165 176
176 165 163
176 163 177
160 178 177
160 177 163
160 179 180
179 181 180
179 160 162
181 182 159
181 159 158
160 180 178
173 169 183
173 183 184
169 172 185
169 185 183
183 185 168
183 168 167
184 183 167
184 167 175
186 187 188
186 188 189
190 191 192
190 192 193
194 195 196
194 196 197
195 198 199
195 199 196
198 200 201
198 201 199
200 202 203
200 203 201
204 205 206
204 206 207
187 208 209
187 209 188
210 211 212
210 212 213
211 214 215
211 215 212
216 217 218
216 218 219
217 220 221
217 221 218
220 222 223
220 223 221
222 224 225
222 225 223
224 226 227
224 227 225
226 228 229
226 229 227
228 230 231
228 231 229
232 216 219
232 219 233
202 234 235
202 235 203
234 204 207
234 207 235
214 232 233
214 233 215
236 237 238
236 238 239
240 236 239
240 239 241
242 243 244
245 242 244
245 244 246
247 245 246
247 246 248
249 247 248
249 248 250
251 252 253
251 253 254
251 254 255
251 255 256
257 258 247
257 247 249
258 259 245
258 245 247
242 245 259
242 259 260
242 261 262
262 263 264
262 243 242
262 264 243
263 240 241
263 241 264
242 260 261
256 265 266
256 266 251
251 266 267
251 267 252
266 249 250
266 250 267
265 257 249
265 249 266
268 269 270
268 270 271
272 273 274
272 274 275
276 277 278
276 278 279
279 278 280
279 280 281
281 280 282
281 282 283
283 282 284
283 284 285
286 287 288
286 288 289
271 270 290
271 290 291
292 293 294
292 294 295
295 294 296
295 296 297
298 299 300
298 300 301
301 300 302
301 302 303
303 302 304
303 304 305
305 304 306
305 306 307
307 306 308
307 308 309
309 308 310
309 310 311
311 310 312
311 312 313
314 315 299
314 299 298
285 284 316
285 316 317
317 316 287
317 287 286
297 296 315
297 315 314
179 182 181
179 162 182
262 261 263
318 319 320
321 320 319
321 319 322
323 324 325
323 325 326
327 323 326
327 326 328
329 327 328
329 328 330
329 330 318
329 318 331
332 333 334
332 334 335
336 337 330
336 330 328
338 336 328
338 328 326
325 339 338
325 338 326
340 341 332
340 332 335
330 337 342
330 342 318
318 320 331
318 342 319
325 324 333
325 333 332
341 339 325
341 325 332
343 344 345
343 345 346
344 347 348
344 348 345
349 350 351
349 351 352
353 354 355
353 355 356
354 357 358
354 358 355
357 359 360
357 360 358
359 343 346
359 346 360
361 362 363
361 363 364
362 365 366
362 366 363
367 368 369
367 369 370
368 371 372
368 372 369
373 361 364
373 364 374
375 376 377
375 377 378
379 375 378
379 378 380
381 382 383
381 383 384
382 353 356
382 356 383
365 367 370
365 370 366
385 386 387
388 389 387
388 387 386
390 391 392
390 392 393
394 395 391
394 391 390
396 397 395
396 395 394
396 398 385
396 385 397
399 400 401
399 401 402
403 395 397
403 397 404
405 391 395
405 395 403
392 391 405
392 405 406
407 400 399
407 399 408
397 385 409
397 409 404
385 398 386
385 387 409
392 399 402
392 402 393
408 399 392
408 392 406
410 411 412
410 412 413
413 412 414
413 414 415
416 417 418
416 418 419
420 421 422
420 422 423
423 422 424
423 424 425
425 424 426
425 426 427
427 426 411
427 411 410
428 429 430
428 430 431
431 430 432
431 432 433
434 435 436
434 436 437
437 436 438
437 438 439
440 441 429
440 429 428
442 443 444
442 444 445
446 447 443
446 443 442
448 449 450
448 450 451
451 450 421
451 421 420
433 432 435
433 435 434
452 453 454
452 455 456
452 456 457
455 458 459
455 459 456
458 460 461
458 461 459
462 463 464
465 466 467
468 469 470
468 470 471
472 473 474
475 472 476
477 478 479
477 479 480
473 472 475
473 475 481
482 483 484
482 484 485
483 486 487
483 487 484
480 479 482
480 482 485
488 489 490
491 492 493
491 493 494
489 495 496
489 496 497
498 499 500
495 489 488
461 460 468
461 468 471
493 478 477
493 477 494
470 469 465
470 465 467
500 492 491
500 491 501
502 503 504
502 504 505
506 507 508
508 507 509
507 510 511
506 510 507
512 499 498
466 499 463
466 463 462
513 503 514
504 503 513
507 511 515
516 517 518
516 518 519
520 521 522
520 522 523
524 525 526
527 507 515
527 515 528
529 507 527
530 507 529
507 530 531
509 507 531
503 532 533
534 503 502
534 502 535
503 534 532
536 476 453
474 537 472
538 489 497
490 489 539
490 539 540
523 522 541
523 541 524
542 516 519
542 519 543
544 453 472
544 486 454
536 453 452
536 452 457
464 539 489
464 489 538
537 486 472
515 545 542
503 525 546
503 546 514
528 515 543
463 540 539
533 526 525
533 525 503
515 511 545
486 544 472
512 463 499
464 463 539
512 540 463
515 542 543
525 541 546
524 541 525
455 452 454
455 454 547
548 458 455
548 455 547
548 549 460
548 460 458
548 479 478
548 478 549
483 482 547
483 547 454
482 479 548
482 548 547
550 469 468
550 468 551
493 492 550
493 550 551
549 478 493
549 493 551
468 460 549
468 549 551
550 492 500
550 500 552
465 469 550
465 550 552
499 552 500
454 453 544
454 486 483
552 499 465
453 476 472
537 487 486
498 500 501
465 499 466
474 473 553
495 488 554
555 556 557
555 558 559
555 559 560
560 559 561
560 561 562
562 561 563
562 563 564
565 566 567
568 569 570
571 572 573
571 573 574
575 576 577
578 579 575
580 581 582
580 582 583
577 584 578
577 578 575
585 586 587
585 587 588
588 587 589
588 589 590
581 586 585
581 585 582
591 592 593
594 595 596
594 596 597
593 598 599
593 599 600
601 602 603
600 591 593
563 572 571
563 571 564
596 595 580
596 580 583
573 569 568
573 568 574
602 604 594
602 594 597
605 606 607
605 607 608
609 610 611
610 612 611
611 613 614
609 611 614
615 601 603
570 565 567
570 567 603
616 617 608
607 616 608
611 618 613
619 620 621
619 621 622
623 624 625
623 625 626
627 628 629
630 631 618
630 618 611
632 630 611
633 632 611
611 634 633
612 634 611
608 635 636
637 638 605
637 605 608
608 636 637
639 557 579
576 575 640
641 598 593
592 642 643
592 643 593
624 627 644
624 644 625
645 646 620
645 620 619
647 575 557
647 556 590
639 558 555
639 555 557
566 641 593
566 593 643
640 575 590
618 645 648
608 617 649
608 649 629
631 646 618
567 643 642
635 608 629
635 629 628
618 648 613
590 575 647
615 603 567
566 643 567
615 567 642
618 646 645
629 649 644
627 629 644
560 650 556
560 556 555
651 650 560
651 560 562
651 562 564
651 564 652
651 652 583
651 583 582
588 556 650
588 650 585
585 650 651
585 651 582
653 654 571
653 571 574
596 654 653
596 653 597
652 654 596
652 596 583
571 654 652
571 652 564
653 655 602
653 602 597
568 655 653
568 653 574
603 602 655
556 647 557
556 588 590
655 568 603
557 575 579
640 590 589
601 604 602
568 570 603
576 656 577
600 657 591
658 659 660
661 658 660
661 660 662
663 661 662
663 662 664
665 666 667
667 668 665
669 670 671
669 671 672
673 674 675
674 676 677
674 677 678
673 679 680
676 681 682
676 682 677
683 680 679
683 679 684
685 686 666
685 666 687
688 689 690
688 690 691
665 687 666
692 693 694
695 696 697
695 697 698
699 674 673
676 674 699
676 699 700
681 676 700
681 700 701
665 668 702
689 686 685
689 685 690
671 670 703
671 703 704
700 699 658
700 658 661
701 700 661
701 661 663
704 703 696
704 696 695
665 702 693
673 680 659
699 673 658
705 706 707
705 707 708
707 683 684
707 684 708
687 665 692
709 710 711
709 711 712
713 714 715
713 715 716
714 717 715
718 719 711
718 711 710
720 721 719
720 719 718
717 722 723
724 725 726
724 726 727
721 720 728
671 668 729
671 729 672
702 668 671
702 671 704
693 702 704
693 704 695
694 693 695
694 695 698
722 730 731
725 730 732
725 732 733
725 733 726
734 735 736
737 734 738
737 738 739
740 737 728
679 673 675
741 725 742
743 730 725
743 725 741
742 725 724
730 722 732
731 730 743
740 734 737
734 744 735
681 670 669
681 669 682
703 670 681
703 681 701
696 703 701
696 701 663
697 696 663
697 663 664
721 737 739
734 736 738
745 744 734
745 734 740
721 728 737
729 668 667
665 693 692
675 674 678
658 673 659
723 722 731
715 717 723
746 747 748
749 750 747
749 747 746
751 752 750
751 750 749
753 754 755
754 753 756
757 758 759
757 759 760
761 762 763
763 764 765
763 765 766
761 767 768
766 765 769
766 769 770
771 772 768
771 768 767
773 774 755
773 755 775
776 777 778
776 778 779
753 755 774
780 781 782
783 784 785
783 785 786
787 761 763
766 788 787
766 787 763
770 789 788
770 788 766
753 790 756
779 778 773
779 773 775
759 791 792
759 792 760
788 749 746
788 746 787
789 751 749
789 749 788
791 783 786
791 786 792
753 782 790
761 748 767
787 746 761
793 794 795
793 795 796
795 794 772
795 772 771
774 780 753
797 798 799
797 799 800
801 802 803
801 803 804
804 803 805
806 800 799
806 799 807
808 806 807
808 807 809
805 810 811
812 813 814
812 814 815
809 816 808
759 758 817
759 817 756
790 791 759
790 759 756
782 783 791
782 791 790
781 784 783
781 783 782
811 818 819
815 820 821
815 821 819
815 814 820
822 823 824
825 826 827
825 827 822
828 816 825
768 762 761
829 830 815
831 829 815
831 815 819
830 812 815
819 821 811
818 831 819
828 825 822
822 824 832
770 769 757
770 757 760
792 789 770
792 770 760
786 751 789
786 789 792
785 752 751
785 751 786
809 826 825
822 827 823
833 822 832
833 828 822
809 825 816
817 754 756
753 780 782
762 764 763
746 748 761
810 818 811
803 810 805
834 835 836
837 838 839
837 839 836
840 841 842
840 842 843
844 845 846
847 848 849
847 849 850
851 852 848
851 848 847
853 854 855
853 855 856
857 858 859
857 859 860
861 862 863
861 863 864
865 866 862
865 862 861
867 868 869
867 869 870
843 842 871
843 871 872
838 873 874
838 874 875
876 834 877
878 879 880
878 880 834
881 882 883
881 883 884
881 884 885
881 885 886
887 888 889
890 891 844
892 893 894
895 896 897
898 899 900
898 900 901
901 902 903
901 903 898
903 902 904
903 904 905
906 907 908
909 907 910
909 910 911
907 912 913
907 913 910
913 914 915
913 915 910
916 914 913
916 913 917
918 919 920
918 920 921
920 919 922
920 922 923
920 923 876
920 876 877
922 924 888
922 888 923
925 926 927
925 927 912
928 929 930
931 929 932
932 933 934
935 936 937
935 937 938
939 940 941
939 941 942
943 944 945
946 947 948
949 950 951
949 951 952
951 953 954
955 956 957
955 957 958
957 959 958
958 959 960
958 960 961
961 960 962
961 962 963
962 964 965
962 965 963
896 895 966
962 967 968
962 968 964
969 902 901
902 969 970
971 906 908
932 929 972
973 974 975
975 940 939
976 960 959
962 960 977
962 977 967
978 979 980
927 917 913
927 913 912
872 871 981
872 981 982
977 976 974
949 983 948
975 984 973
939 933 984
939 984 975
985 933 939
986 945 987
988 989 990
988 990 991
992 993 994
992 994 840
995 996 993
995 993 992
997 998 999
997 999 1000
1001 1002 998
1001 998 997
884 990 989
883 909 911
883 911 884
987 945 1003
1004 938 937
1004 937 893
1005 1006 1007
1005 1007 890
948 950 949
1008 883 882
1008 882 1009
1010 1011 844
889 888 924
889 924 1012
1013 925 906
970 908 1008
970 1008 904
1014 928 1015
1014 1015 1016
1006 1005 1011
970 969 972
970 972 1017
929 928 1017
1018 1019 1007
1018 1007 1006
1020 1018 1006
1020 1006 1011
989 1021 1022
989 1022 885
879 1023 1024
879 1024 880
885 1022 1025
885 1025 886
1021 1026 1027
1021 1027 1022
1023 1028 1029
1023 1029 1024
1022 1027 1030
1022 1030 1025
876 1031 834
876 887 1032
876 1032 1031
863 1033 1034
862 1033 863
866 1033 862
867 1035 868
867 1036 1035
1037 1036 867
1037 867 870
864 863 1034
864 1034 1038
859 858 1039
859 1039 1040
1040 1039 1041
1040 1041 1042
1043 1044 856
1043 856 855
910 915 990
910 990 911
989 885 884
949 1045 894
974 980 940
979 940 980
944 943 946
944 946 948
947 953 950
957 956 978
959 957 980
993 1046 994
996 1046 993
998 1047 999
1002 1047 998
1048 873 838
1048 838 837
843 872 874
1039 842 841
1039 841 1041
842 1039 858
842 858 871
857 981 871
857 871 858
852 853 856
852 856 848
848 856 1044
848 1044 849
1049 1050 849
1049 849 1044
1051 1049 1044
1051 1044 1043
868 1052 1053
868 1053 869
1052 868 1035
997 1000 1054
997 1054 1055
1056 1057 1058
1056 1058 1059
921 920 877
921 877 839
874 1060 1061
874 1061 875
991 1055 1054
991 1054 988
1062 1063 1059
1062 1059 1058
850 849 1001
976 959 980
974 976 980
897 1064 895
1065 1066 968
1065 968 967
1065 967 977
1065 977 973
1067 1068 1064
1065 900 899
1065 899 1066
973 1069 900
973 900 1065
1026 1070 1027
1071 1072 1029
1028 1071 1029
1027 1070 1030
1073 835 880
1073 880 1024
1029 1072 1073
1029 1073 1024
880 835 834
854 1037 870
854 870 855
869 1043 855
869 855 870
1053 1051 1043
1053 1043 869
1042 865 861
1042 861 1040
1040 861 864
1040 864 859
859 864 1038
859 1038 860
1059 847 850
1059 850 1056
1063 851 847
1063 847 1059
874 872 982
874 982 1060
992 873 1048
1001 997 1055
840 843 873
1074 935 938
1074 938 1075
891 1075 938
891 938 1004
1007 1075 891
1007 891 890
1019 1074 1075
1019 1075 1007
937 1076 1077
937 1077 893
936 1078 1076
936 1076 937
1015 928 930
929 1079 930
1004 893 892
844 1005 890
1079 929 931
931 932 934
933 1080 934
1078 1081 987
1078 987 1076
1077 1076 987
894 1077 1003
1080 933 985
939 942 985
975 974 940
905 904 1008
905 1008 1009
1012 1020 1011
1012 1011 889
971 1014 1013
1013 1014 1016
1013 1016 1082
908 909 883
908 883 1008
888 887 876
888 876 923
1013 1082 926
1013 926 925
925 912 907
986 943 945
1081 986 987
1083 845 1064
952 1045 949
892 891 1004
887 1011 1010
901 900 1069
984 972 969
984 969 1069
932 972 984
892 894 1064
1064 894 895
952 966 895
952 895 1045
1084 1032 887
1068 1083 1064
887 889 1011
918 921 875
918 875 1061
875 921 839
875 839 838
976 977 960
973 977 974
1083 846 845
1031 878 834
1011 1005 844
845 892 1064
843 874 873
1085 992 1048
1086 1085 1048
1086 1048 837
835 1086 837
835 837 836
839 877 836
877 834 836
1084 1010 846
1084 887 1010
892 845 844
983 949 894
1056 1001 1055
906 971 1013
925 907 906
970 971 908
907 909 908
1056 1055 991
1056 991 1057
1056 850 1001
849 1050 1001
884 911 990
990 915 1057
990 1057 991
914 1058 1057
914 1057 915
916 1062 1058
916 1058 914
979 941 940
957 978 980
944 1003 945
1087 896 966
897 1067 1064
904 902 970
969 901 1069
984 1069 973
933 932 984
970 1017 971
928 1014 971
928 971 1017
972 929 1017
992 840 873
1085 995 992
951 950 953
947 950 948
1077 987 1003
891 892 844
893 1077 894
1045 895 894
944 983 1003
1003 983 894
983 944 948
846 1010 844
1088 1089 1090
1091 1089 1092
1091 1092 1093
1094 1095 1096
1094 1096 1097
1098 1099 1100
1101 1102 1103
1101 1103 1104
1105 1101 1104
1105 1104 1106
1107 1108 1109
1107 1109 1110
1111 1112 1113
1111 1113 1114
1115 1116 1117
1115 1117 1118
1119 1115 1118
1119 1118 1120
1121 1122 1123
1121 1123 1124
1095 1125 1126
1095 1126 1096
1093 1127 1128
1093 1128 1129
1130 1131 1088
1132 1088 1133
1132 1133 1134
1135 1136 1137
1135 1137 1138
1135 1139 1140
1135 1140 1136
1141 1142 1143
1144 1098 1145
1146 1147 1148
1149 1150 1151
1152 1153 1154
1152 1154 1155
1153 1152 1156
1153 1156 1157
1156 1158 1159
1156 1159 1157
1160 1161 1162
1163 1164 1165
1163 1165 1162
1162 1165 1166
1162 1166 1167
1166 1165 1168
1166 1168 1169
1170 1171 1166
1170 1166 1169
1172 1173 1174
1172 1174 1175
1174 1176 1177
1174 1177 1175
1174 1131 1130
1174 1130 1176
1177 1176 1143
1177 1143 1178
1179 1167 1180
1179 1180 1181
1182 1183 1184
1185 1186 1184
1186 1187 1188
1189 1190 1191
1189 1191 1192
1193 1194 1195
1193 1195 1196
1197 1198 1199
1200 1201 1202
1203 1204 1205
1203 1205 1206
1205 1207 1208
1209 1210 1211
1209 1211 1212
1211 1210 1213
1210 1214 1215
1210 1215 1213
1214 1216 1217
1214 1217 1215
1217 1216 1218
1217 1218 1219
1151 1220 1149
1217 1219 1221
1217 1221 1222
1223 1153 1157
1157 1224 1223
1225 1161 1160
1186 1226 1184
1227 1228 1229
1228 1193 1196
1230 1213 1215
1217 1222 1231
1217 1231 1215
1232 1233 1234
1180 1167 1166
1180 1166 1171
1125 1235 1236
1125 1236 1126
1231 1229 1230
1203 1201 1237
1228 1227 1238
1193 1228 1238
1193 1238 1188
1239 1193 1188
1240 1241 1198
1242 1243 1244
1242 1244 1245
1246 1094 1247
1246 1247 1248
1249 1246 1248
1249 1248 1250
1251 1252 1253
1251 1253 1254
1255 1251 1254
1255 1254 1256
1136 1245 1244
1137 1136 1164
1137 1164 1163
1241 1257 1198
1258 1148 1191
1258 1191 1190
1259 1144 1260
1259 1260 1261
1201 1203 1206
1262 1263 1138
1262 1138 1137
1264 1098 1265
1142 1266 1178
1142 1178 1143
1267 1160 1179
1224 1159 1262
1224 1262 1161
1268 1269 1270
1268 1270 1182
1261 1265 1259
1224 1271 1226
1224 1226 1223
1184 1271 1182
1272 1261 1260
1272 1260 1273
1274 1261 1272
1274 1265 1261
1245 1140 1275
1245 1275 1276
1134 1133 1277
1134 1277 1278
1140 1139 1279
1140 1279 1275
1276 1275 1280
1276 1280 1281
1278 1277 1282
1278 1282 1283
1275 1279 1284
1275 1284 1280
1130 1088 1285
1130 1285 1286
1130 1286 1141
1117 1287 1288
1118 1117 1288
1120 1118 1288
1121 1124 1289
1121 1289 1290
1291 1122 1121
1291 1121 1290
1116 1292 1287
1116 1287 1117
1113 1293 1294
1113 1294 1114
1293 1295 1296
1293 1296 1294
1297 1109 1108
1297 1108 1298
1165 1164 1244
1165 1244 1168
1245 1136 1140
1203 1147 1299
1229 1196 1233
1234 1233 1196
1199 1201 1200
1199 1200 1197
1202 1206 1208
1211 1232 1212
1213 1233 1211
1248 1247 1300
1250 1248 1300
1254 1253 1301
1256 1254 1301
1302 1091 1093
1302 1093 1129
1095 1128 1125
1294 1296 1097
1294 1097 1096
1096 1126 1114
1096 1114 1294
1111 1114 1126
1111 1126 1236
1106 1104 1108
1106 1108 1107
1104 1103 1298
1104 1298 1108
1303 1298 1103
1303 1103 1304
1305 1297 1298
1305 1298 1303
1124 1123 1306
1124 1306 1307
1307 1289 1124
1251 1308 1309
1251 1309 1252
1310 1311 1312
1310 1312 1313
1173 1092 1131
1173 1131 1174
1128 1127 1314
1128 1314 1315
1243 1242 1309
1243 1309 1308
1316 1312 1311
1316 1311 1317
1102 1255 1103
1230 1233 1213
1229 1233 1230
1150 1149 1318
1319 1222 1221
1319 1221 1320
1319 1227 1231
1319 1231 1222
1321 1318 1322
1319 1320 1155
1319 1155 1154
1227 1319 1154
1227 1154 1323
1281 1280 1324
1325 1282 1326
1283 1282 1325
1280 1284 1324
1327 1277 1133
1327 1133 1090
1282 1277 1327
1282 1327 1326
1133 1088 1090
1110 1109 1122
1110 1122 1291
1123 1122 1109
1123 1109 1297
1306 1123 1297
1306 1297 1305
1295 1293 1115
1295 1115 1119
1293 1113 1116
1293 1116 1115
1113 1112 1292
1113 1292 1116
1311 1310 1102
1311 1102 1101
1317 1311 1101
1317 1101 1105
1128 1315 1235
1128 1235 1125
1246 1302 1129
1255 1308 1251
1094 1129 1095
1328 1329 1190
1328 1190 1189
1145 1258 1190
1145 1190 1329
1260 1144 1145
1260 1145 1329
1273 1260 1329
1273 1329 1328
1191 1148 1330
1191 1330 1331
1192 1191 1331
1192 1331 1332
1270 1183 1182
1184 1183 1333
1258 1146 1148
1098 1144 1259
1333 1185 1184
1185 1187 1186
1188 1187 1334
1332 1331 1241
1332 1241 1335
1330 1241 1331
1147 1257 1330
1334 1239 1188
1193 1239 1194
1228 1196 1229
1158 1263 1262
1158 1262 1159
1266 1142 1265
1266 1265 1274
1225 1267 1268
1267 1336 1269
1267 1269 1268
1161 1262 1137
1161 1137 1163
1143 1176 1130
1143 1130 1141
1267 1179 1181
1267 1181 1336
1179 1162 1167
1240 1198 1197
1335 1241 1240
1337 1318 1100
1204 1203 1299
1146 1258 1145
1141 1264 1265
1153 1323 1154
1238 1323 1223
1238 1223 1226
1186 1238 1226
1146 1318 1147
1318 1149 1147
1204 1299 1149
1204 1149 1220
1338 1141 1286
1322 1318 1337
1141 1265 1142
1172 1314 1127
1172 1127 1173
1127 1093 1092
1127 1092 1173
1230 1215 1231
1227 1229 1231
1337 1100 1099
1285 1088 1132
1265 1098 1259
1100 1318 1146
1095 1129 1128
1339 1302 1246
1340 1091 1302
1340 1302 1339
1090 1089 1091
1090 1091 1340
1092 1089 1131
1131 1089 1088
1338 1099 1098
1264 1338 1098
1338 1264 1141
1146 1098 1100
1237 1147 1203
1310 1308 1255
1160 1267 1225
1179 1160 1162
1224 1161 1225
1162 1161 1163
1310 1313 1243
1310 1243 1308
1310 1255 1102
1103 1255 1304
1136 1244 1164
1244 1243 1313
1244 1313 1168
1169 1168 1313
1169 1313 1312
1170 1169 1312
1170 1312 1316
1234 1196 1195
1211 1233 1232
1199 1198 1257
1341 1220 1151
1150 1318 1321
1159 1224 1157
1223 1323 1153
1238 1227 1323
1188 1238 1186
1224 1225 1271
1182 1271 1225
1182 1225 1268
1226 1271 1184
1246 1129 1094
1339 1246 1249
1205 1208 1206
1202 1201 1206
1330 1257 1241
1145 1098 1146
1148 1147 1330
1299 1147 1149
1199 1257 1237
1257 1147 1237
1237 1201 1199
1342 1343 1344
1345 1346 1347
1348 1349 1350
1351 1352 1353
1354 1355 1356
1349 1348 1357
1358 1359 1360
1347 1346 1361
1360 1359 1362
1363 1364 1365
1366 1367 1368
1369 1356 1355
1352 1351 1370
1344 1343 1371
1372 1368 1367
1373 1365 1364
1374 1375 1376
1374 1376 1377
1378 1379 1375
1378 1375 1374
1380 1381 1379
1380 1379 1378
1382 1383 1384
1382 1384 1385
1386 1387 1383
1386 1383 1382
1388 1389 1387
1388 1387 1386
1390 1391 1389
1390 1389 1388
1392 1393 1391
1392 1391 1390
1394 1395 1393
1394 1393 1392
1396 1397 1395
1396 1395 1394
1398 1399 1397
1398 1397 1396
1400 1401 1399
1400 1399 1398
1402 1403 1401
1402 1401 1400
1404 1405 1403
1404 1403 1402
1406 1407 1405
1406 1405 1404
1377 1376 1407
1377 1407 1406
1408 1409 1410
1408 1410 1411
1412 1413 1409
1412 1409 1408
1414 1415 1413
1414 1413 1412
1416 1417 1418
1416 1418 1419
1420 1421 1417
1420 1417 1416
1422 1423 1421
1422 1421 1420
1424 1425 1423
1424 1423 1422
1426 1427 1425
1426 1425 1424
1428 1429 1427
1428 1427 1426
1430 1431 1429
1430 1429 1428
1432 1433 1431
1432 1431 1430
1434 1435 1433
1434 1433 1432
1436 1437 1435
1436 1435 1434
1438 1439 1437
1438 1437 1436
1440 1441 1439
1440 1439 1438
1411 1410 1441
1411 1441 1440
1442 1443 1407
1442 1407 1376
1444 1442 1376
1444 1376 1375
1445 1444 1375
1445 1375 1379
1446 1445 1379
1446 1379 1381
1447 1448 1384
1447 1384 1383
1449 1447 1383
1449 1383 1387
1450 1449 1387
1450 1387 1389
1451 1450 1389
1451 1389 1391
1452 1451 1391
1452 1391 1393
1453 1452 1393
1453 1393 1395
1454 1453 1395
1454 1395 1397
1455 1454 1397
1455 1397 1399
1456 1455 1399
1456 1399 1401
1457 1456 1401
1457 1401 1403
1458 1457 1403
1458 1403 1405
1443 1458 1405
1443 1405 1407
1411 1440 1459
1411 1459 1460
1408 1411 1460
1408 1460 1461
1412 1408 1461
1412 1461 1462
1414 1412 1462
1414 1462 1463
1416 1419 1464
1416 1464 1465
1420 1416 1465
1420 1465 1466
1422 1420 1466
1422 1466 1467
1424 1422 1467
1424 1467 1468
1426 1424 1468
1426 1468 1469
1428 1426 1469
1428 1469 1470
1430 1428 1470
1430 1470 1471
1432 1430 1471
1432 1471 1472
1434 1432 1472
1434 1472 1473
1436 1434 1473
1436 1473 1474
1438 1436 1474
1438 1474 1475
1440 1438 1475
1440 1475 1459
1476 1477 1478
1476 1479 1480
1476 1481 1482
1476 1483 1484
1476 1484 1485
1476 1486 1487
1476 1485 1477
1476 1482 1486
1476 1488 1481
1476 1478 1479
1476 1480 1488
1489 1490 1491
1489 1492 1493
1489 1494 1495
1489 1496 1497
1489 1498 1496
1489 1499 1500
1489 1491 1498
1489 1500 1494
1489 1495 1501
1489 1493 1490
1489 1501 1492
1502 1503 1504
1502 1504 1505
1506 1507 1508
1506 1508 1509
1510 1511 1512
1510 1512 1513
1514 1515 1516
1514 1516 1517
1518 1519 1520
1518 1520 1521
1522 1523 1524
1522 1524 1525
1521 1520 1502
1521 1502 1505
1525 1524 1519
1525 1519 1518
1526 1527 1523
1526 1523 1522
1513 1512 1515
1513 1515 1514
1528 1529 1511
1528 1511 1510
1504 1503 1507
1504 1507 1506
1509 1508 1529
1509 1529 1528
1530 1531 1532
1532 1533 1534
1532 1531 1533
1531 1535 1533
1534 1536 1537
1534 1533 1536
1533 1538 1536
1533 1535 1538
1535 1539 1538
1537 1540 1541
1537 1536 1540
1536 1542 1540
1536 1538 1542
1538 1543 1542
1538 1539 1543
1539 1544 1543
1530 1545 1531
1531 1546 1535
1531 1545 1546
1545 1547 1546
1535 1548 1539
1535 1546 1548
1546 1549 1548
1546 1547 1549
1547 1550 1549
1539 1551 1544
1539 1548 1551
1548 1552 1551
1548 1549 1552
1549 1553 1552
1549 1550 1553
1550 1554 1553
1555 1556 1557
1557 1558 1559
1557 1556 1558
1556 1560 1558
1559 1561 1562
1559 1558 1561
1558 1563 1561
1558 1560 1563
1560 1564 1563
1562 1565 1566
1562 1561 1565
1561 1567 1565
1561 1563 1567
1563 1568 1567
1563 1564 1568
1564 1569 1568
1555 1570 1556
1556 1571 1560
1556 1570 1571
1570 1572 1571
1560 1573 1564
1560 1571 1573
1571 1574 1573
1571 1572 1574
1572 1575 1574
1564 1576 1569
1564 1573 1576
1573 1577 1576
1573 1574 1577
1574 1578 1577
1574 1575 1578
1575 1579 1578
1580 1581 1582
1582 1583 1584
1582 1581 1583
1581 1585 1583
1584 1586 1587
1584 1583 1586
1583 1588 1586
1583 1585 1588
1585 1589 1588
1587 1543 1544
1587 1586 1543
1586 1542 1543
1586 1588 1542
1588 1540 1542
1588 1589 1540
1589 1541 1540
1580 1582 1590
1590 1591 1592
1590 1582 1591
1582 1584 1591
1592 1593 1594
1592 1591 1593
1591 1595 1593
1591 1584 1595
1584 1587 1595
1594 1553 1554
1594 1593 1553
1593 1552 1553
1593 1595 1552
1595 1551 1552
1595 1587 1551
1587 1544 1551
1596 1597 1598
1598 1599 1600
1598 1597 1599
1597 1601 1599
1600 1602 1603
1600 1599 1602
1599 1604 1602
1599 1601 1604
1601 1605 1604
1603 1568 1569
1603 1602 1568
1602 1567 1568
1602 1604 1567
1604 1565 1567
1604 1605 1565
1605 1566 1565
1596 1598 1606
1606 1607 1608
1606 1598 1607
1598 1600 1607
1608 1609 1610
1608 1607 1609
1607 1611 1609
1607 1600 1611
1600 1603 1611
1610 1578 1579
1610 1609 1578
1609 1577 1578
1609 1611 1577
1611 1576 1577
1611 1603 1576
1603 1569 1576
1612 1613 1614
1612 1615 1616
1612 1617 1618
1612 1619 1620
1612 1620 1621
1612 1622 1623
1612 1621 1613
1612 1618 1622
1612 1624 1617
1612 1614 1615
1612 1616 1624
1625 1626 1627
1625 1628 1629
1625 1630 1631
1625 1632 1633
1625 1634 1632
1625 1635 1636
1625 1627 1634
1625 1636 1630
1625 1631 1637
1625 1629 1626
1625 1637 1628
1638 1639 1640
1638 1640 1641
1642 1643 1644
1642 1644 1645
1646 1647 1648
1646 1648 1649
1650 1651 1652
1650 1652 1653
1654 1655 1656
1654 1656 1657
1658 1659 1660
1658 1660 1661
1657 1656 1638
1657 1638 1641
1661 1660 1655
1661 1655 1654
1662 1663 1659
1662 1659 1658
1649 1648 1651
1649 1651 1650
1664 1665 1647
1664 1647 1646
1640 1639 1643
1640 1643 1642
1645 1644 1665
1645 1665 1664
1666 1667 1668
1666 1669 1667
1666 1670 1669
1666 1671 1670
1666 1672 1673
1666 1674 1672
1666 1675 1674
1666 1676 1675
1666 1677 1676
1666 1668 1677
1678 1679 1680
1681 1682 1683
1684 1685 1686
1683 1682 1687
1688 1689 1690
1691 1685 1684
1692 1693 1694
1679 1695 1680
1696 1692 1694
1697 1698 1699
1700 1701 1702
1698 1703 1699
1704 1690 1689
1705 1700 1702
1706 1707 1708
1706 1709 1707
1710 1711 1712
1713 1714 1715
1716 1717 1718
1715 1714 1719
1720 1721 1722
1723 1717 1716
1724 1725 1726
1711 1727 1712
1728 1724 1726
1729 1730 1731
1732 1733 1734
1730 1735 1731
1736 1722 1721
1737 1732 1734
1738 1739 1740
1738 1741 1739
1742 1743 1744
1742 1744 1745
1746 1747 1742
1746 1742 1745
1748 1749 1750
1748 1750 1751
1752 1753 1754
1752 1754 1755
1756 1752 1755
1756 1755 1757
1758 1759 1760
1758 1760 1761
1762 1763 1764
1762 1764 1765
1766 1767 1761
1766 1761 1760
1768 1769 1770
1768 1770 1771
1772 1773 1774
1772 1774 1775
1776 1777 1778
1776 1778 1779
1780 1781 1782
1780 1782 1783
1777 1784 1785
1777 1785 1778
1786 1780 1783
1786 1783 1787
1788 1789 1785
1788 1785 1784
1790 1791 1792
1790 1792 1793
1762 1765 1794
1762 1794 1795
1796 1756 1757
1796 1757 1797
1786 1787 1798
1786 1798 1799
1800 1801 1802
1800 1802 1803
1764 1763 1772
1764 1772 1775
1770 1767 1766
1770 1766 1771
1750 1747 1746
1750 1746 1751
1774 1773 1776
1774 1776 1779
1781 1769 1768
1781 1768 1782
1753 1749 1748
1753 1748 1754
1804 1805 1806
1807 1808 1809
1810 1811 1812
1809 1808 1813
1814 1815 1816
1817 1811 1810
1818 1819 1820
1805 1821 1806
1822 1818 1820
1823 1824 1825
1826 1827 1828
1824 1829 1825
1830 1816 1815
1831 1826 1828
1832 1833 1834
1832 1835 1833
1836 1837 1838
1837 1839 1840
1837 1840 1838
1838 1840 1841
1839 1842 1843
1839 1843 1840
1840 1843 1844
1840 1844 1841
1841 1844 1845
1836 1838 1846
1838 1841 1847
1838 1847 1846
1846 1847 1848
1841 1845 1849
1841 1849 1847
1847 1849 1850
1847 1850 1848
1848 1850 1851
1836 1846 1852
1846 1848 1853
1846 1853 1852
1852 1853 1854
1848 1851 1855
1848 1855 1853
1853 1855 1856
1853 1856 1854
1854 1856 1857
1836 1852 1837
1852 1854 1858
1852 1858 1837
1837 1858 1839
1854 1857 1859
1854 1859 1858
1858 1859 1860
1858 1860 1839
1839 1860 1842
1861 1862 1863
1862 1864 1865
1862 1865 1863
1863 1865 1866
1864 1867 1868
1864 1868 1865
1865 1868 1869
1865 1869 1866
1866 1869 1870
1861 1871 1862
1871 1872 1873
1871 1873 1862
1862 1873 1864
1872 1874 1875
1872 1875 1873
1873 1875 1876
1873 1876 1864
1864 1876 1867
1861 1877 1871
1877 1878 1879
1877 1879 1871
1871 1879 1872
1878 1880 1881
1878 1881 1879
1879 1881 1882
1879 1882 1872
1872 1882 1874
1861 1863 1877
1863 1866 1883
1863 1883 1877
1877 1883 1878
1866 1870 1884
1866 1884 1883
1883 1884 1885
1883 1885 1878
1878 1885 1880
1886 1887 1888
1889 1890 1891
1892 1893 1894
1891 1890 1895
1896 1897 1898
1899 1893 1892
1900 1901 1902
1887 1903 1888
1904 1900 1902
1905 1906 1907
1908 1909 1910
1906 1911 1907
1912 1898 1897
1913 1908 1910
1914 1915 1916
1914 1917 1915
1918 1919 1920
1918 1920 1921
1922 1921 1920
1923 1924 1925
1926 1927 1928
1926 1928 1923
1927 1929 1930
1927 1930 1928
1931 1930 1929
1932 1933 1934
1935 1936 1937
1935 1937 1932
1937 1938 1939
1937 1939 1932
1940 1932 1939
1941 1933 1942
1943 1944 1928
1943 1928 1930
1944 1945 1923
1944 1923 1928
1946 1923 1945
1947 1924 1948
1949 1950 1918
1949 1918 1921
1951 1952 1953
1951 1953 1954
1951 1954 1955
1951 1955 1956
1951 1956 1957
1951 1957 1958
1951 1958 1959
1951 1959 1960
1951 1960 1961
1951 1961 1962
1951 1962 1963
1951 1963 1952
1964 1965 1966
1964 1966 1967
1964 1967 1968
1964 1968 1969
1964 1969 1970
1964 1970 1971
1964 1971 1972
1964 1972 1973
1964 1973 1974
1964 1974 1975
1964 1975 1976
1964 1976 1965
1924 1922 1977
1925 1924 1977
1923 1925 1926
1933 1931 1978
1934 1933 1978
1932 1934 1935
1921 1947 1949
1924 1923 1946
1930 1941 1943
1933 1932 1940
1933 1930 1931
1930 1933 1941
1933 1940 1942
1921 1924 1947
1924 1946 1948
1924 1921 1922
1979 1980 1981
1979 1981 1982
1983 1984 1985
1983 1985 1986
1987 1988 1989
1987 1989 1990
1990 1989 1991
1990 1991 1992
1993 1994 1995
1993 1995 1996
1994 1997 1998
1994 1998 1995
1999 2000 2001
1999 2001 2002
2000 2003 2004
2000 2004 2001
2005 2006 2007
2005 2007 2008
2006 2009 2010
2006 2010 2007
2009 2011 2012
2009 2012 2010
2011 2013 2014
2011 2014 2012
2015 2016 2017
2015 2017 2018
2018 2017 1984
2018 1984 1983
1986 1985 1982
1986 1982 1981
2019 2020 1988
2019 1988 1987
2021 2022 2020
2021 2020 2019
2023 2024 1993
2023 1993 1996
2014 2013 2025
2014 2025 2026
1992 1991 2027
1992 2027 2028
2016 2015 2029
2016 2029 2030
2004 2003 2005
2004 2005 2008
1998 1997 1999
1998 1999 2002
2031 2032 2033
2034 2031 2033
2035 2034 2033
2036 2037 2033
2038 2039 2033
2040 2038 2033
2041 2040 2033
2042 2041 2033
2043 2042 2033
2044 2045 2033
2032 2044 2033
2039 2036 2033
2033 2045 2046
2037 2035 2033
2033 2046 2047
2047 2043 2033
2048 2049 2050
2051 2049 2048
2052 2049 2051
2053 2049 2054
2055 2049 2056
2057 2049 2055
2058 2049 2057
2059 2049 2058
2060 2049 2059
2061 2049 2062
2050 2049 2061
2056 2049 2053
2049 2063 2062
2054 2049 2052
2049 2064 2063
2064 2049 2060
2065 2066 2067
2065 2067 2068
2069 2070 2071
2069 2071 2072
2073 2074 2075
2073 2075 2076
2077 2078 2074
2077 2074 2073
2079 2080 2081
2079 2081 2082
2083 2084 2080
2083 2080 2079
2085 2086 2084
2085 2084 2083
2087 2088 2089
2087 2089 2090
2091 2092 2088
2091 2088 2087
2093 2092 2091
2093 2091 2094
2068 2067 2093
2068 2093 2094
2076 2075 2070
2076 2070 2069
2089 2095 2096
2089 2096 2090
2072 2071 2066
2072 2066 2065
2095 2097 2098
2095 2098 2096
2098 2097 2086
2098 2086 2085
2099 2100 2101
2100 2099 2102
2103 2100 2104
2104 2100 2105
2106 2107 2108
2106 2108 2109
2099 2110 2111
2112 2113 2114
2112 2114 2115
2113 2112 2116
2113 2116 2117
2103 2118 2119
2120 2121 2122
2120 2122 2123
2124 2125 2126
2124 2126 2127
2125 2106 2109
2125 2109 2126
2128 2106 2125
2128 2125 2129
2130 2131 2132
2130 2132 2133
2131 2130 2134
2131 2134 2135
2114 2113 2130
2114 2130 2133
2136 2137 2138
2139 2118 2140
2104 2141 2103
2141 2140 2118
2113 2117 2134
2113 2134 2130
2104 2105 2142
2107 2106 2128
2107 2128 2143
2144 2145 2146
2147 2145 2136
2125 2124 2148
2125 2148 2129
2104 2149 2150
2149 2104 2151
2104 2150 2152
2127 2144 2124
2131 2137 2132
2153 2137 2131
2124 2154 2148
2105 2100 2102
2147 2155 2120
2147 2120 2123
2136 2144 2137
2152 2141 2104
2119 2100 2103
2102 2099 2111
2144 2136 2145
2109 2108 2115
2109 2115 2114
2109 2114 2133
2109 2133 2126
2127 2126 2133
2127 2133 2132
2137 2127 2132
2101 2100 2119
2156 2157 2158
2159 2160 2161
2159 2161 2162
2163 2164 2165
2163 2165 2166
2167 2168 2169
2167 2169 2170
2168 2171 2172
2168 2172 2169
2166 2165 2171
2173 2159 2162
2173 2162 2174
2173 2175 2176
2156 2176 2175
2156 2175 2157
2177 2157 2178
2163 2179 2164
2180 2164 2181
2164 2182 2183
2165 2164 2183
2165 2183 2184
2172 2165 2184
2185 2175 2174
2157 2175 2185
2157 2185 2186
2187 2157 2186
2188 2157 2189
2164 2180 2190
2164 2190 2191
2171 2165 2172
2189 2157 2177
2175 2173 2174
2141 2118 2103
2137 2144 2127
2124 2144 2146
2138 2137 2192
2157 2187 2178
2158 2157 2188
2112 2139 2116
2119 2118 2112
2119 2112 2115
2108 2101 2119
2108 2119 2115
2107 2099 2101
2107 2101 2108
2110 2099 2107
2164 2179 2181
2182 2164 2191
2153 2131 2135
2192 2137 2153
2150 2149 2193
2151 2104 2142
2124 2146 2154
2147 2136 2155
2155 2136 2138
2110 2107 2143
2112 2118 2139
2194 2195 2196
2196 2197 2194
2198 2199 2196
2199 2200 2196
2201 2202 2203
2201 2203 2204
2194 2205 2206
2207 2208 2209
2207 2209 2210
2210 2211 2212
2210 2212 2207
2198 2213 2214
2215 2216 2217
2215 2217 2218
2219 2220 2221
2219 2221 2222
2222 2221 2202
2222 2202 2201
2223 2224 2222
2223 2222 2201
2225 2226 2227
2225 2227 2228
2228 2229 2230
2228 2230 2225
2209 2226 2225
2209 2225 2210
2231 2232 2233
2234 2235 2214
2199 2198 2236
2236 2214 2235
2210 2225 2230
2210 2230 2211
2199 2237 2200
2204 2238 2223
2204 2223 2201
2239 2240 2241
2242 2231 2241
2222 2224 2243
2222 2243 2219
2199 2244 2245
2245 2246 2199
2199 2247 2244
2220 2219 2239
2228 2227 2233
2248 2228 2233
2219 2243 2249
2200 2197 2196
2242 2216 2215
2242 2215 2250
2231 2233 2239
2247 2199 2236
2213 2198 2196
2197 2205 2194
2239 2241 2231
2202 2209 2208
2202 2208 2203
2202 2221 2226
2202 2226 2209
2220 2227 2226
2220 2226 2221
2233 2227 2220
2195 2213 2196
2251 2252 2253
2254 2255 2256
2254 2256 2257
2258 2259 2260
2258 2260 2261
2262 2263 2264
2262 2264 2265
2265 2264 2266
2265 2266 2267
2259 2267 2260
2268 2269 2255
2268 2255 2254
2268 2270 2271
2251 2253 2271
2251 2271 2270
2272 2273 2253
2258 2261 2274
2275 2276 2261
2261 2277 2278
2260 2279 2277
2260 2277 2261
2266 2279 2260
2280 2269 2271
2253 2281 2280
2253 2280 2271
2282 2281 2253
2283 2284 2253
2261 2285 2286
2261 2286 2275
2267 2266 2260
2284 2272 2253
2271 2269 2268
2236 2198 2214
2233 2220 2239
2219 2240 2239
2232 2287 2233
2253 2273 2282
2252 2283 2253
2207 2212 2234
2213 2208 2207
2213 2207 2214
2203 2208 2213
2203 2213 2195
2204 2203 2195
2204 2195 2194
2206 2204 2194
2261 2276 2274
2278 2285 2261
2248 2229 2228
2287 2248 2233
2244 2288 2245
2246 2237 2199
2219 2249 2240
2242 2250 2231
2250 2232 2231
2206 2238 2204
2207 2234 2214
2289 2290 2291
2289 2291 2292
2293 2289 2292
2293 2292 2294
2295 2296 2297
2295 2297 2298
2298 2297 2299
2298 2299 2300
2301 2302 2303
2301 2303 2304
2305 2301 2306
2307 2308 2306
2307 2306 2304
2309 2307 2304
2309 2304 2303
2310 2311 2312
2310 2312 2313
2314 2315 2316
2317 2310 2313
2317 2313 2318
2319 2317 2318
2319 2318 2320
2321 2322 2323
2321 2323 2324
2324 2323 2325
2324 2325 2326
2327 2325 2323
2327 2323 2328
2328 2323 2322
2328 2322 2329
2330 2331 2332
2330 2332 2333
2333 2327 2328
2333 2328 2330
2334 2335 2336
2334 2336 2337
2338 2336 2335
2338 2335 2339
2300 2340 2341
2300 2341 2298
2298 2341 2342
2298 2342 2295
2343 2344 2345
2346 2305 2347
2348 2347 2349
2348 2349 2350
2320 2351 2319
2352 2353 2354
2352 2354 2355
2356 2291 2290
2356 2290 2357
2324 2297 2296
2324 2296 2321
2343 2358 2344
2306 2347 2305
2308 2349 2347
2308 2347 2306
2330 2328 2329
2330 2329 2359
2359 2360 2331
2360 2361 2362
2361 2363 2355
2361 2355 2354
2364 2365 2305
2364 2305 2346
2366 2301 2305
2366 2305 2365
2367 2302 2301
2367 2301 2366
2295 2342 2368
2295 2368 2369
2369 2370 2296
2369 2296 2295
2321 2296 2370
2321 2370 2371
2371 2372 2322
2371 2322 2321
2329 2322 2372
2329 2372 2373
2359 2329 2373
2359 2373 2374
2375 2360 2359
2375 2359 2374
2360 2375 2376
2360 2376 2361
2377 2378 2337
2379 2380 2381
2382 2383 2381
2384 2385 2381
2385 2386 2381
2378 2387 2388
2380 2382 2381
2387 2379 2381
2387 2381 2388
2389 2390 2336
2389 2336 2338
2390 2391 2336
2391 2392 2336
2392 2393 2336
2393 2394 2336
2394 2395 2336
2395 2396 2337
2396 2397 2337
2397 2377 2337
2386 2398 2381
2398 2356 2381
2399 2400 2291
2399 2291 2356
2400 2401 2292
2400 2292 2291
2401 2402 2294
2401 2294 2292
2402 2403 2404
2402 2404 2294
2403 2405 2404
2405 2406 2404
2407 2408 2409
2410 2411 2412
2410 2413 2314
2414 2415 2314
2415 2416 2315
2415 2315 2314
2313 2312 2417
2313 2417 2418
2313 2418 2419
2313 2419 2318
2419 2420 2320
2419 2320 2318
2420 2421 2320
2421 2422 2320
2422 2423 2320
2423 2424 2320
2425 2426 2358
2426 2427 2358
2427 2428 2358
2428 2344 2358
2429 2430 2344
2431 2429 2344
2424 2432 2320
2432 2433 2351
2433 2434 2351
2434 2435 2351
2351 2435 2358
2429 2436 2430
2428 2431 2344
2398 2399 2356
2337 2378 2388
2381 2383 2384
2351 2358 2343
2345 2344 2430
2437 2407 2409
2326 2299 2297
2326 2297 2324
2410 2412 2438
2409 2408 2410
2410 2438 2413
2406 2439 2409
2406 2409 2404
2439 2437 2409
2314 2413 2440
2314 2440 2414
2293 2294 2404
2293 2404 2441
2404 2409 2442
2404 2442 2441
2443 2442 2409
2443 2409 2410
2443 2410 2314
2368 2342 2302
2368 2302 2367
2342 2341 2303
2342 2303 2302
2444 2309 2303
2444 2303 2341
2340 2444 2341
2312 2311 2316
2312 2316 2315
2417 2312 2315
2417 2315 2416
2358 2435 2425
2320 2432 2351
2339 2335 2352
2353 2335 2334
2357 2445 2381
2357 2381 2356
2290 2327 2333
2290 2333 2357
2290 2289 2325
2290 2325 2327
2326 2325 2289
2326 2289 2293
2293 2441 2326
2299 2441 2442
2300 2299 2442
2443 2340 2300
2311 2444 2340
2311 2340 2316
2310 2309 2444
2310 2444 2311
2317 2307 2309
2317 2309 2310
2319 2308 2307
2319 2307 2317
2343 2308 2319
2343 2349 2308
2350 2349 2343
2410 2408 2411
2359 2331 2330
2362 2446 2332
2362 2332 2331
2445 2332 2446
2445 2446 2447
2388 2381 2445
2388 2445 2447
2334 2446 2353
2336 2395 2337
2300 2442 2443
2326 2441 2299
2443 2316 2340
2314 2316 2443
2357 2333 2332
2357 2332 2445
2363 2361 2448
2352 2335 2353
2376 2448 2361
2350 2343 2345
2362 2361 2354
2446 2362 2354
2446 2354 2353
2447 2446 2334
2388 2447 2334
2388 2334 2337
2449 2450 2451
2449 2451 2452
2453 2454 2450
2453 2450 2449
2455 2456 2457
2455 2457 2458
2456 2459 2460
2456 2460 2457
2461 2462 2463
2461 2463 2464
2465 2462 2461
2466 2462 2465
2466 2465 2467
2468 2463 2462
2468 2462 2466
2469 2470 2471
2469 2471 2472
2473 2474 2475
2476 2477 2470
2476 2470 2469
2478 2479 2477
2478 2477 2476
2480 2481 2482
2480 2482 2483
2481 2484 2485
2481 2485 2482
2486 2487 2482
2486 2482 2485
2487 2488 2483
2487 2483 2482
2489 2490 2491
2489 2491 2492
2490 2489 2487
2490 2487 2486
2493 2494 2495
2493 2495 2496
2497 2498 2496
2497 2496 2495
2459 2456 2499
2459 2499 2500
2456 2455 2501
2456 2501 2499
2502 2503 2504
2505 2506 2507
2508 2509 2510
2508 2510 2506
2478 2502 2511
2512 2513 2514
2512 2514 2515
2516 2517 2452
2516 2452 2451
2481 2480 2458
2481 2458 2457
2502 2504 2518
2465 2507 2506
2467 2465 2506
2467 2506 2510
2489 2519 2488
2489 2488 2487
2519 2492 2520
2492 2521 2520
2522 2514 2513
2522 2513 2523
2524 2505 2507
2524 2507 2525
2526 2525 2507
2526 2507 2461
2527 2526 2461
2527 2461 2464
2455 2528 2529
2455 2529 2501
2528 2455 2458
2528 2458 2530
2480 2531 2530
2480 2530 2458
2531 2480 2483
2531 2483 2532
2488 2533 2532
2488 2532 2483
2519 2534 2533
2519 2533 2488
2535 2534 2519
2535 2519 2520
2520 2522 2536
2520 2536 2535
2537 2494 2538
2539 2540 2541
2542 2540 2543
2544 2540 2545
2545 2540 2546
2538 2547 2548
2541 2540 2542
2548 2547 2540
2548 2540 2539
2549 2497 2495
2549 2495 2550
2550 2495 2551
2551 2495 2552
2552 2495 2553
2553 2495 2554
2554 2495 2555
2555 2494 2556
2556 2494 2557
2557 2494 2537
2546 2540 2558
2558 2540 2516
2559 2516 2451
2559 2451 2560
2560 2451 2450
2560 2450 2561
2561 2450 2454
2561 2454 2562
2562 2454 2563
2562 2563 2564
2564 2563 2565
2565 2563 2566
2567 2568 2569
2570 2571 2572
2570 2473 2573
2574 2473 2575
2575 2473 2475
2575 2475 2576
2470 2577 2578
2470 2578 2471
2470 2477 2579
2470 2579 2577
2579 2477 2479
2579 2479 2580
2580 2479 2581
2581 2479 2582
2582 2479 2583
2583 2479 2584
2585 2518 2586
2586 2518 2587
2587 2518 2588
2588 2518 2504
2589 2504 2590
2591 2504 2589
2584 2479 2592
2592 2511 2593
2593 2511 2594
2594 2511 2595
2511 2518 2595
2589 2590 2596
2588 2504 2591
2558 2516 2559
2494 2547 2538
2540 2544 2543
2511 2502 2518
2503 2590 2504
2597 2568 2567
2484 2481 2457
2484 2457 2460
2570 2598 2571
2568 2570 2569
2570 2573 2598
2566 2563 2568
2566 2568 2599
2599 2568 2597
2473 2600 2573
2473 2574 2600
2453 2601 2563
2453 2563 2454
2563 2601 2602
2563 2602 2568
2603 2570 2568
2603 2568 2602
2603 2473 2570
2529 2527 2464
2529 2464 2501
2501 2464 2463
2501 2463 2499
2604 2499 2463
2604 2463 2468
2500 2499 2604
2471 2475 2474
2471 2474 2472
2578 2576 2475
2578 2475 2471
2518 2585 2595
2479 2511 2592
2498 2512 2496
2515 2493 2496
2517 2516 2540
2517 2540 2605
2452 2517 2490
2452 2490 2486
2452 2486 2485
2452 2485 2449
2484 2453 2449
2484 2449 2485
2453 2484 2601
2460 2602 2601
2459 2602 2460
2603 2459 2500
2472 2474 2500
2472 2500 2604
2469 2472 2604
2469 2604 2468
2476 2469 2468
2476 2468 2466
2478 2476 2466
2478 2466 2467
2502 2478 2467
2502 2467 2510
2509 2502 2510
2570 2572 2569
2519 2489 2492
2521 2492 2491
2521 2491 2606
2605 2607 2606
2605 2606 2491
2547 2607 2605
2547 2605 2540
2493 2515 2606
2495 2494 2555
2459 2603 2602
2484 2460 2601
2603 2500 2474
2473 2603 2474
2517 2605 2491
2517 2491 2490
2523 2608 2522
2512 2515 2496
2536 2522 2608
2509 2503 2502
2521 2514 2522
2606 2515 2514
2606 2514 2521
2607 2493 2606
2547 2494 2493
2547 2493 2607
2505 2508 2506
2346 2347 2348
2301 2304 2306
2507 2465 2461
2351 2343 2319
2479 2478 2511
2331 2360 2362
2521 2522 2520
2609 2610 2611
2611 2610 2612
2612 2610 2613
2613 2610 2614
2614 2610 2615
2615 2610 2616
2617 2618 2619
2617 2619 2620
2621 2622 2618
2621 2618 2617
2623 2624 2622
2623 2622 2621
2625 2626 2624
2625 2624 2623
2627 2628 2629
2627 2629 2630
2631 2632 2628
2631 2628 2627
2633 2634 2632
2633 2632 2631
2635 2636 2634
2635 2634 2633
2637 2638 2639
2638 2640 2639
2640 2641 2639
2641 2642 2639
2642 2643 2639
2643 2644 2639
2645 2646 2647
2645 2647 2648
2646 2649 2650
2646 2650 2647
2649 2651 2652
2649 2652 2650
2651 2653 2654
2651 2654 2652
2653 2655 2656
2653 2656 2654
2655 2657 2658
2655 2658 2656
2657 2659 2660
2657 2660 2658
2659 2661 2662
2659 2662 2660
2663 2664 2665
2666 2663 2665
2667 2666 2665
2668 2667 2665
2669 2670 2665
2664 2669 2665
2671 2672 2673
2672 2674 2673
2674 2675 2673
2675 2676 2673
2677 2678 2673
2678 2671 2673
2679 2680 2681
2679 2681 2682
2680 2683 2684
2680 2684 2681
2683 2685 2686
2683 2686 2684
2685 2687 2688
2685 2688 2686
2689 2690 2691
2689 2691 2692
2690 2693 2694
2690 2694 2691
2693 2695 2696
2693 2696 2694
2695 2697 2698
2695 2698 2696
2697 2699 2700
2697 2700 2698
2699 2701 2702
2699 2702 2700
2703 2679 2682
2703 2682 2704
2705 2706 2707
2705 2707 2708
2706 2709 2710
2706 2710 2707
2709 2711 2712
2709 2712 2710
2711 2713 2714
2711 2714 2712
2713 2715 2716
2713 2716 2714
2715 2717 2718
2715 2718 2716
2717 2719 2720
2717 2720 2718
2719 2721 2722
2719 2722 2720
2721 2723 2724
2721 2724 2722
2725 2726 2727
2725 2727 2728
2726 2729 2730
2726 2730 2727
2729 2705 2708
2729 2708 2730
2731 2732 2733
2731 2733 2734
2735 2731 2734
2735 2734 2736
2737 2735 2736
2737 2736 2738
2739 2737 2738
2739 2738 2740
2741 2742 2743
2741 2743 2744
2745 2741 2744
2745 2744 2746
2747 2745 2746
2747 2746 2748
2749 2747 2748
2749 2748 2750
2751 2749 2750
2751 2750 2752
2753 2751 2752
2753 2752 2754
2755 2753 2754
2755 2754 2756
2732 2755 2756
2732 2756 2733
2757 2758 2759
2757 2759 2760
2758 2761 2762
2758 2762 2759
2761 2763 2764
2761 2764 2762
2763 2765 2766
2763 2766 2764
2765 2767 2768
2765 2768 2766
2769 2770 2771
2769 2771 2772
2770 2773 2774
2770 2774 2771
2773 2775 2776
2773 2776 2774
2775 2777 2778
2775 2778 2776
2777 2779 2780
2777 2780 2778
2779 2781 2782
2779 2782 2780
2781 2757 2760
2781 2760 2782
2703 2704 2702
2703 2702 2701
2783 2784 2785
2783 2785 2786
2787 2783 2786
2787 2786 2788
2789 2787 2788
2789 2788 2790
2791 2789 2790
2791 2790 2792
2793 2791 2792
2793 2792 2794
2795 2796 2797
2795 2797 2798
2799 2795 2798
2799 2798 2800
2801 2799 2800
2801 2800 2802
2803 2801 2802
2803 2802 2804
2805 2803 2804
2805 2804 2806
2807 2805 2806
2807 2806 2808
2784 2807 2808
2784 2808 2785
2809 2810 2811
2809 2811 2812
2810 2813 2814
2810 2814 2811
2813 2815 2816
2813 2816 2814
2815 2817 2818
2815 2818 2816
2817 2819 2820
2817 2820 2818
2821 2822 2823
2821 2823 2824
2822 2825 2826
2822 2826 2823
2825 2827 2828
2825 2828 2826
2827 2829 2830
2827 2830 2828
2829 2831 2832
2829 2832 2830
2831 2833 2834
2831 2834 2832
2833 2809 2812
2833 2812 2834
2835 2836 2837
2835 2837 2838
2836 2839 2840
2836 2840 2837
2839 2841 2842
2839 2842 2840
2841 2843 2844
2841 2844 2842
2843 2845 2846
2843 2846 2844
2845 2847 2848
2845 2848 2846
2847 2849 2850
2847 2850 2848
2849 2851 2852
2849 2852 2850
2853 2854 2855
2853 2855 2856
2854 2857 2858
2854 2858 2855
2857 2859 2860
2857 2860 2858
2859 2835 2838
2859 2838 2860
2861 2862 2863
2861 2863 2864
2865 2861 2864
2865 2864 2866
2867 2865 2866
2867 2866 2868
2869 2867 2868
2869 2868 2870
2871 2869 2870
2871 2870 2872
2873 2871 2872
2873 2872 2874
2875 2876 2877
2875 2877 2878
2879 2875 2878
2879 2878 2880
2881 2879 2880
2881 2880 2882
2883 2881 2882
2883 2882 2884
2885 2883 2884
2885 2884 2886
2862 2885 2886
2862 2886 2863
2887 2888 2889
2887 2889 2890
2888 2891 2892
2888 2892 2889
2891 2893 2894
2891 2894 2892
2893 2895 2896
2893 2896 2894
2895 2897 2898
2895 2898 2896
2897 2899 2900
2897 2900 2898
2899 2901 2902
2899 2902 2900
2901 2903 2904
2901 2904 2902
2905 2906 2907
2905 2907 2908
2906 2909 2910
2906 2910 2907
2909 2911 2912
2909 2912 2910
2911 2887 2890
2911 2890 2912
2913 2914 2915
2913 2915 2916
2917 2913 2916
2917 2916 2918
2919 2917 2918
2919 2918 2920
2921 2919 2920
2921 2920 2922
2923 2921 2922
2923 2922 2924
2925 2923 2924
2925 2924 2926
2927 2925 2926
2927 2926 2928
2929 2927 2928
2929 2928 2930
2931 2932 2933
2931 2933 2934
2935 2931 2934
2935 2934 2936
2937 2935 2936
2937 2936 2938
2914 2937 2938
2914 2938 2915
2939 2940 2941
2939 2941 2942
2940 2943 2944
2940 2944 2941
2943 2945 2946
2943 2946 2944
2945 2947 2948
2945 2948 2946
2947 2949 2950
2947 2950 2948
2949 2951 2952
2949 2952 2950
2951 2953 2954
2951 2954 2952
2953 2955 2956
2953 2956 2954
2957 2958 2959
2957 2959 2960
2958 2961 2962
2958 2962 2959
2961 2963 2964
2961 2964 2962
2963 2939 2942
2963 2942 2964
2965 2966 2967
2965 2967 2968
2966 2969 2970
2966 2970 2967
2969 2971 2972
2969 2972 2970
2971 2973 2974
2971 2974 2972
2973 2975 2976
2973 2976 2974
2977 2978 2979
2977 2979 2980
2978 2981 2982
2978 2982 2979
2981 2983 2984
2981 2984 2982
2983 2985 2986
2983 2986 2984
2985 2987 2988
2985 2988 2986
2987 2989 2990
2987 2990 2988
2989 2965 2968
2989 2968 2990
2991 2992 2993
2991 2993 2994
2994 2993 2995
2994 2995 2996
2996 2995 2997
2996 2997 2998
2998 2997 2999
2998 2999 3000
3000 2999 3001
3000 3001 3002
3002 3001 3003
3002 3003 3004
3004 3003 3005
3004 3005 3006
3006 3005 3007
3006 3007 3008
3009 3010 3011
3012 3010 3009
3013 3010 3012
3014 3010 3013
3015 3010 3016
3011 3010 3015
3017 3018 3019
3019 3018 3020
3020 3018 3021
3021 3018 3022
3023 3018 3024
3024 3018 3017
3025 3026 3027
3025 3027 3028
3028 3027 3029
3028 3029 3030
3030 3029 3031
3030 3031 3032
3032 3031 3033
3032 3033 3034
3035 3036 3037
3035 3037 3038
3038 3037 3039
3038 3039 3040
3040 3039 3041
3040 3041 3042
3042 3041 3043
3042 3043 3044
3044 3043 3045
3044 3045 3046
3046 3045 3047
3046 3047 3048
3049 3050 3026
3049 3026 3025
3051 3052 3053
3051 3053 3054
3054 3053 3055
3054 3055 3056
3056 3055 3057
3056 3057 3058
3058 3057 3059
3058 3059 3060
3060 3059 3061
3060 3061 3062
3062 3061 3063
3062 3063 3064
3064 3063 3065
3064 3065 3066
3066 3065 3067
3066 3067 3068
3068 3067 3069
3068 3069 3070
3071 3072 3073
3071 3073 3074
3074 3073 3075
3074 3075 3076
3076 3075 3052
3076 3052 3051
3077 3078 3079
3077 3079 3080
3081 3082 3078
3081 3078 3077
3083 3084 3082
3083 3082 3081
3085 3086 3084
3085 3084 3083
3087 3088 3089
3087 3089 3090
3091 3092 3088
3091 3088 3087
3093 3094 3092
3093 3092 3091
3095 3096 3094
3095 3094 3093
3097 3098 3096
3097 3096 3095
3099 3100 3098
3099 3098 3097
3101 3102 3100
3101 3100 3099
3080 3079 3102
3080 3102 3101
3103 3104 3105
3103 3105 3106
3106 3105 3107
3106 3107 3108
3108 3107 3109
3108 3109 3110
3110 3109 3111
3110 3111 3112
3112 3111 3113
3112 3113 3114
3115 3116 3117
3115 3117 3118
3118 3117 3119
3118 3119 3120
3120 3119 3121
3120 3121 3122
3122 3121 3123
3122 3123 3124
3124 3123 3125
3124 3125 3126
3126 3125 3127
3126 3127 3128
3128 3127 3104
3128 3104 3103
3049 3048 3047
3049 3047 3050
3129 3130 3131
3129 3131 3132
3133 3134 3130
3133 3130 3129
3135 3136 3134
3135 3134 3133
3137 3138 3136
3137 3136 3135
3139 3140 3138
3139 3138 3137
3141 3142 3143
3141 3143 3144
3145 3146 3142
3145 3142 3141
3147 3148 3146
3147 3146 3145
3149 3150 3148
3149 3148 3147
3151 3152 3150
3151 3150 3149
3153 3154 3152
3153 3152 3151
3132 3131 3154
3132 3154 3153
3155 3156 3157
3155 3157 3158
3158 3157 3159
3158 3159 3160
3160 3159 3161
3160 3161 3162
3162 3161 3163
3162 3163 3164
3164 3163 3165
3164 3165 3166
3167 3168 3169
3167 3169 3170
3170 3169 3171
3170 3171 3172
3172 3171 3173
3172 3173 3174
3174 3173 3175
3174 3175 3176
3176 3175 3177
3176 3177 3178
3178 3177 3179
3178 3179 3180
3180 3179 3156
3180 3156 3155
3181 3182 3183
3181 3183 3184
3184 3183 3185
3184 3185 3186
3186 3185 3187
3186 3187 3188
3188 3187 3189
3188 3189 3190
3190 3189 3191
3190 3191 3192
3192 3191 3193
3192 3193 3194
3194 3193 3195
3194 3195 3196
3196 3195 3197
3196 3197 3198
3199 3200 3201
3199 3201 3202
3202 3201 3203
3202 3203 3204
3204 3203 3205
3204 3205 3206
3206 3205 3182
3206 3182 3181
3207 3208 3209
3207 3209 3210
3211 3212 3208
3211 3208 3207
3213 3214 3212
3213 3212 3211
3215 3216 3214
3215 3214 3213
3217 3218 3216
3217 3216 3215
3219 3220 3218
3219 3218 3217
3221 3222 3223
3221 3223 3224
3225 3226 3222
3225 3222 3221
3227 3228 3226
3227 3226 3225
3229 3230 3228
3229 3228 3227
3231 3232 3230
3231 3230 3229
3210 3209 3232
3210 3232 3231
3233 3234 3235
3233 3235 3236
3236 3235 3237
3236 3237 3238
3238 3237 3239
3238 3239 3240
3240 3239 3241
3240 3241 3242
3242 3241 3243
3242 3243 3244
3244 3243 3245
3244 3245 3246
3246 3245 3247
3246 3247 3248
3248 3247 3249
3248 3249 3250
3251 3252 3253
3251 3253 3254
3254 3253 3255
3254 3255 3256
3256 3255 3257
3256 3257 3258
3258 3257 3234
3258 3234 3233
3259 3260 3261
3259 3261 3262
3263 3264 3260
3263 3260 3259
3265 3266 3264
3265 3264 3263
3267 3268 3266
3267 3266 3265
3269 3270 3268
3269 3268 3267
3271 3272 3270
3271 3270 3269
3273 3274 3272
3273 3272 3271
3275 3276 3274
3275 3274 3273
3277 3278 3279
3277 3279 3280
3281 3282 3278
3281 3278 3277
3283 3284 3282
3283 3282 3281
3262 3261 3284
3262 3284 3283
3285 3286 3287
3285 3287 3288
3288 3287 3289
3288 3289 3290
3290 3289 3291
3290 3291 3292
3292 3291 3293
3292 3293 3294
3294 3293 3295
3294 3295 3296
3296 3295 3297
3296 3297 3298
3298 3297 3299
3298 3299 3300
3300 3299 3301
3300 3301 3302
3303 3304 3305
3303 3305 3306
3306 3305 3307
3306 3307 3308
3308 3307 3309
3308 3309 3310
3310 3309 3286
3310 3286 3285
3311 3312 3313
3311 3313 3314
3314 3313 3315
3314 3315 3316
3316 3315 3317
3316 3317 3318
3318 3317 3319
3318 3319 3320
3320 3319 3321
3320 3321 3322
3323 3324 3325
3323 3325 3326
3326 3325 3327
3326 3327 3328
3328 3327 3329
3328 3329 3330
3330 3329 3331
3330 3331 3332
3332 3331 3333
3332 3333 3334
3334 3333 3335
3334 3335 3336
3336 3335 3312
3336 3312 3311
3337 3338 3339
3337 3339 3340
3341 3342 3343
3341 3343 3344
3345 3346 3347
3345 3347 3348
3349 3350 3351
3349 3351 3352
3353 3354 3355
3353 3355 3356
3357 3358 3359
3357 3359 3360
3361 3353 3356
3361 3356 3362
3363 3341 3344
3363 3344 3364
3365 3357 3360
3365 3360 3366
3367 3349 3352
3367 3352 3368
3369 3361 3362
3369 3362 3370
3371 3363 3364
3371 3364 3372
3373 3365 3366
3373 3366 3374
3375 3367 3368
3375 3368 3376
3377 3369 3370
3377 3370 3378
3379 3371 3372
3379 3372 3380
3381 3373 3374
3381 3374 3382
3383 3375 3376
3383 3376 3384
3385 3377 3378
3385 3378 3386
3387 3379 3380
3387 3380 3388
3389 3381 3382
3389 3382 3390
3391 3383 3384
3391 3384 3392
3393 3385 3386
3393 3386 3394
3395 3387 3388
3395 3388 3396
3397 3389 3390
3397 3390 3398
3399 3391 3392
3399 3392 3400
3401 3393 3394
3401 3394 3402
3403 3395 3396
3403 3396 3404
3405 3397 3398
3405 3398 3406
3407 3399 3400
3407 3400 3408
3409 3410 3411
3409 3411 3412
3412 3411 3413
3412 3413 3414
3414 3413 3415
3414 3415 3416
3416 3415 3417
3416 3417 3418
3418 3417 3419
3418 3419 3420
3420 3419 3421
3420 3421 3422
3422 3421 3423
3422 3423 3424
3424 3423 3425
3424 3425 3426
3427 3428 3429
3430 3428 3427
3431 3428 3430
3432 3428 3431
3433 3428 3432
3434 3428 3433
3435 3428 3434
3429 3428 3435
3436 3437 3438
3438 3437 3439
3439 3437 3440
3440 3437 3441
3441 3437 3442
3442 3437 3443
3443 3437 3444
3444 3437 3436
3445 3446 3447
3445 3447 3448
3449 3446 3445
3450 3451 3452
3450 3452 3453
3454 3455 3456
3454 3456 3457
3451 3457 3452
3448 3447 3458
3448 3458 3459
3460 3461 3462
3460 3462 3463
3464 3465 3466
3464 3466 3467
3468 3464 3467
3468 3467 3469
3470 3471 3466
3470 3466 3465
3472 3473 3474
3472 3474 3475
3476 3477 3473
3476 3473 3472
3475 3474 3459
3475 3459 3478
3479 3462 3461
3479 3461 3480
3481 3482 3483
3481 3483 3484
3480 3481 3484
3480 3484 3479
3482 3485 3486
3482 3486 3483
3485 3487 3488
3485 3488 3486
3487 3489 3490
3487 3490 3488
3459 3491 3478
3476 3468 3469
3476 3469 3477
3470 3450 3453
3470 3453 3471
3492 3493 3494
3492 3494 3451
3458 3495 3491
3496 3497 3498
3496 3498 3499
3499 3498 3500
3499 3500 3501
3501 3500 3502
3501 3502 3503
3504 3505 3506
3504 3506 3507
3507 3506 3508
3507 3508 3509
3458 3505 3504
3458 3504 3495
3509 3508 3497
3509 3497 3496
3503 3502 3493
3503 3493 3492
3510 3511 3512
3510 3512 3513
3514 3515 3511
3514 3511 3510
3516 3517 3515
3516 3515 3514
3516 3518 3519
3516 3519 3517
3520 3519 3518
3520 3518 3521
3522 3523 3524
3522 3524 3525
3526 3527 3523
3526 3523 3522
3528 3529 3527
3528 3527 3526
3530 3531 3529
3530 3529 3528
3532 3533 3531
3532 3531 3530
3534 3535 3533
3534 3533 3532
3536 3537 3535
3536 3535 3534
3538 3539 3537
3538 3537 3536
3540 3541 3539
3540 3539 3538
3542 3543 3541
3542 3541 3540
3544 3545 3543
3544 3543 3542
3546 3547 3545
3546 3545 3544
3548 3549 3547
3548 3547 3546
3550 3551 3549
3550 3549 3548
3552 3553 3554
3552 3554 3555
3556 3557 3553
3556 3553 3552
3558 3559 3557
3558 3557 3556
3560 3561 3559
3560 3559 3558
3562 3563 3561
3562 3561 3560
3564 3565 3563
3564 3563 3562
3566 3567 3565
3566 3565 3564
3568 3569 3567
3568 3567 3566
3570 3571 3569
3570 3569 3568
3572 3573 3571
3572 3571 3570
3574 3575 3573
3574 3573 3572
3576 3577 3575
3576 3575 3574
3578 3579 3577
3578 3577 3576
3580 3581 3579
3580 3579 3578
3582 3583 3584
3582 3584 3585
3586 3582 3585
3586 3585 3587
3588 3589 3586
3588 3586 3587
3590 3591 3589
3590 3589 3588
3592 3593 3591
3592 3591 3590
3451 3494 3454
3594 3595 3596
3594 3596 3597
3598 3595 3594
3599 3600 3601
3599 3601 3602
3603 3604 3605
3603 3605 3606
3599 3602 3605
3597 3596 3607
3597 3607 3608
3609 3610 3611
3609 3611 3612
3613 3614 3615
3613 3615 3616
3614 3617 3618
3614 3618 3615
3613 3616 3619
3613 3619 3620
3621 3622 3623
3621 3623 3624
3624 3623 3625
3624 3625 3626
3607 3622 3621
3607 3621 3627
3628 3629 3630
3628 3630 3631
3632 3628 3631
3632 3631 3633
3634 3632 3633
3634 3633 3635
3489 3634 3635
3489 3635 3490
3629 3636 3637
3629 3637 3630
3638 3609 3612
3638 3612 3639
3640 3641 3642
3617 3626 3625
3617 3625 3618
3600 3620 3619
3600 3619 3601
3599 3643 3644
3599 3644 3645
3646 3647 3648
3646 3648 3649
3650 3651 3647
3650 3647 3646
3652 3653 3651
3652 3651 3650
3654 3655 3656
3654 3656 3657
3658 3659 3655
3658 3655 3654
3657 3656 3608
3657 3608 3660
3661 3662 3513
3661 3513 3512
3660 3608 3663
3649 3648 3659
3649 3659 3658
3645 3644 3653
3645 3653 3652
3604 3643 3599
3664 3665 3666
3664 3666 3667
3668 3669 3670
3668 3670 3671
3672 3673 3674
3672 3674 3675
3676 3677 3678
3676 3678 3679
3676 3679 3680
3676 3680 3681
3678 3677 3682
3678 3682 3683
3681 3680 3675
3681 3675 3674
3684 3685 3686
3684 3686 3687
3684 3687 3683
3684 3683 3682
3686 3685 3688
3686 3688 3689
3689 3688 3690
3689 3690 3691
3691 3690 3692
3691 3692 3693
3694 3695 3696
3694 3696 3697
3698 3699 3700
3698 3700 3701
3698 3701 3702
3698 3702 3703
3703 3702 3704
3703 3704 3705
3700 3699 3697
3700 3697 3696
3706 3705 3704
3706 3704 3707
3706 3707 3708
3706 3708 3709
3709 3708 3693
3709 3693 3692
3525 3524 3710
3525 3710 3711
3455 3712 3713
3455 3713 3456
3714 3581 3580
3714 3580 3715
3716 3603 3606
3716 3606 3717
3454 3457 3451
3599 3605 3604
3458 3491 3459
3607 3663 3608
3592 3640 3642
3592 3642 3593
3661 3718 3662
3607 3627 3663
3710 3520 3521
3710 3521 3711
3610 3716 3717
3610 3717 3611
3583 3714 3715
3583 3715 3584
3712 3460 3463
3712 3463 3713
3719 3720 3721
3719 3721 3722
3723 3724 3720
3723 3720 3719
3725 3726 3724
3725 3724 3723
3727 3728 3726
3727 3726 3725
3729 3730 3728
3729 3728 3727
3731 3732 3730
3731 3730 3729
3733 3734 3732
3733 3732 3731
3735 3736 3734
3735 3734 3733
3737 3738 3739
3737 3739 3740
3741 3742 3738
3741 3738 3737
3743 3744 3742
3743 3742 3741
3722 3721 3744
3722 3744 3743
3720 3745 3746
3720 3746 3721
3724 3747 3745
3724 3745 3720
3726 3748 3747
3726 3747 3724
3728 3749 3748
3728 3748 3726
3730 3750 3749
3730 3749 3728
3732 3751 3750
3732 3750 3730
3734 3752 3751
3734 3751 3732
3736 3753 3752
3736 3752 3734
3738 3754 3755
3738 3755 3739
3742 3756 3754
3742 3754 3738
3744 3757 3756
3744 3756 3742
3721 3746 3757
3721 3757 3744
3745 3758 3759
3745 3759 3746
3747 3760 3758
3747 3758 3745
3748 3761 3760
3748 3760 3747
3749 3762 3761
3749 3761 3748
3750 3763 3762
3750 3762 3749
3751 3764 3763
3751 3763 3750
3752 3765 3764
3752 3764 3751
3753 3766 3765
3753 3765 3752
3754 3767 3768
3754 3768 3755
3756 3769 3767
3756 3767 3754
3757 3770 3769
3757 3769 3756
3746 3759 3770
3746 3770 3757
3758 3771 3772
3758 3772 3759
3760 3773 3771
3760 3771 3758
3761 3774 3773
3761 3773 3760
3762 3775 3774
3762 3774 3761
3763 3776 3775
3763 3775 3762
3764 3777 3776
3764 3776 3763
3765 3778 3777
3765 3777 3764
3766 3779 3778
3766 3778 3765
3767 3780 3781
3767 3781 3768
3769 3782 3780
3769 3780 3767
3770 3783 3782
3770 3782 3769
3759 3772 3783
3759 3783 3770
3771 3784 3785
3771 3785 3772
3773 3786 3784
3773 3784 3771
3774 3787 3786
3774 3786 3773
3775 3788 3787
3775 3787 3774
3776 3789 3788
3776 3788 3775
3777 3790 3789
3777 3789 3776
3778 3791 3790
3778 3790 3777
3779 3792 3791
3779 3791 3778
3780 3793 3794
3780 3794 3781
3782 3795 3793
3782 3793 3780
3783 3796 3795
3783 3795 3782
3772 3785 3796
3772 3796 3783
3784 3797 3798
3784 3798 3785
3786 3799 3797
3786 3797 3784
3787 3800 3799
3787 3799 3786
3788 3801 3800
3788 3800 3787
3789 3802 3801
3789 3801 3788
3790 3803 3802
3790 3802 3789
3791 3804 3803
3791 3803 3790
3792 3805 3804
3792 3804 3791
3793 3806 3807
3793 3807 3794
3795 3808 3806
3795 3806 3793
3796 3809 3808
3796 3808 3795
3785 3798 3809
3785 3809 3796
3797 3810 3811
3797 3811 3798
3799 3812 3810
3799 3810 3797
3800 3813 3812
3800 3812 3799
3801 3814 3813
3801 3813 3800
3802 3815 3814
3802 3814 3801
3803 3816 3815
3803 3815 3802
3804 3817 3816
3804 3816 3803
3805 3818 3817
3805 3817 3804
3806 3819 3820
3806 3820 3807
3808 3821 3819
3808 3819 3806
3809 3822 3821
3809 3821 3808
3798 3811 3822
3798 3822 3809
3810 3823 3824
3810 3824 3811
3812 3825 3823
3812 3823 3810
3813 3826 3825
3813 3825 3812
3814 3827 3826
3814 3826 3813
3815 3828 3827
3815 3827 3814
3816 3829 3828
3816 3828 3815
3817 3830 3829
3817 3829 3816
3818 3831 3830
3818 3830 3817
3819 3832 3833
3819 3833 3820
3821 3834 3832
3821 3832 3819
3822 3835 3834
3822 3834 3821
3811 3824 3835
3811 3835 3822
3836 3837 3838
3836 3838 3839
3840 3841 3837
3840 3837 3836
3842 3843 3841
3842 3841 3840
3844 3845 3843
3844 3843 3842
3846 3847 3845
3846 3845 3844
3848 3849 3847
3848 3847 3846
3850 3851 3849
3850 3849 3848
3852 3853 3851
3852 3851 3850
3854 3855 3853
3854 3853 3852
3856 3857 3855
3856 3855 3854
3858 3859 3857
3858 3857 3856
3860 3861 3859
3860 3859 3858
3837 3862 3863
3837 3863 3838
3841 3864 3862
3841 3862 3837
3843 3865 3864
3843 3864 3841
3845 3866 3865
3845 3865 3843
3847 3867 3866
3847 3866 3845
3849 3868 3867
3849 3867 3847
3851 3869 3868
3851 3868 3849
3853 3870 3869
3853 3869 3851
3855 3871 3870
3855 3870 3853
3857 3872 3871
3857 3871 3855
3859 3873 3872
3859 3872 3857
3861 3874 3873
3861 3873 3859
3862 3875 3876
3862 3876 3863
3864 3877 3875
3864 3875 3862
3865 3878 3877
3865 3877 3864
3866 3879 3878
3866 3878 3865
3867 3880 3879
3867 3879 3866
3868 3881 3880
3868 3880 3867
3869 3882 3881
3869 3881 3868
3870 3883 3882
3870 3882 3869
3871 3884 3883
3871 3883 3870
3872 3885 3884
3872 3884 3871
3873 3886 3885
3873 3885 3872
3874 3887 3886
3874 3886 3873
3875 3888 3889
3875 3889 3876
3877 3890 3888
3877 3888 3875
3878 3891 3890
3878 3890 3877
3879 3892 3891
3879 3891 3878
3880 3893 3892
3880 3892 3879
3881 3894 3893
3881 3893 3880
3882 3895 3894
3882 3894 3881
3883 3896 3895
3883 3895 3882
3884 3897 3896
3884 3896 3883
3885 3898 3897
3885 3897 3884
3886 3899 3898
3886 3898 3885
3887 3900 3899
3887 3899 3886
3888 3901 3902
3888 3902 3889
3890 3903 3901
3890 3901 3888
3891 3904 3903
3891 3903 3890
3892 3905 3904
3892 3904 3891
3893 3906 3905
3893 3905 3892
3894 3907 3906
3894 3906 3893
3895 3908 3907
3895 3907 3894
3896 3909 3908
3896 3908 3895
3897 3910 3909
3897 3909 3896
3898 3911 3910
3898 3910 3897
3899 3912 3911
3899 3911 3898
3900 3913 3912
3900 3912 3899
3901 3914 3915
3901 3915 3902
3903 3916 3914
3903 3914 3901
3904 3917 3916
3904 3916 3903
3905 3918 3917
3905 3917 3904
3906 3919 3918
3906 3918 3905
3907 3920 3919
3907 3919 3906
3908 3921 3920
3908 3920 3907
3909 3922 3921
3909 3921 3908
3910 3923 3922
3910 3922 3909
3911 3924 3923
3911 3923 3910
3912 3925 3924
3912 3924 3911
3913 3926 3925
3913 3925 3912
3914 3927 3928
3914 3928 3915
3916 3929 3927
3916 3927 3914
3917 3930 3929
3917 3929 3916
3918 3931 3930
3918 3930 3917
3919 3932 3931
3919 3931 3918
3920 3933 3932
3920 3932 3919
3921 3934 3933
3921 3933 3920
3922 3935 3934
3922 3934 3921
3923 3936 3935
3923 3935 3922
3924 3937 3936
3924 3936 3923
3925 3938 3937
3925 3937 3924
3926 3939 3938
3926 3938 3925
3927 3940 3941
3927 3941 3928
3929 3942 3940
3929 3940 3927
3930 3943 3942
3930 3942 3929
3931 3944 3943
3931 3943 3930
3932 3945 3944
3932 3944 3931
3933 3946 3945
3933 3945 3932
3934 3947 3946
3934 3946 3933
3935 3948 3947
3935 3947 3934
3936 3949 3948
3936 3948 3935
3937 3950 3949
3937 3949 3936
3938 3951 3950
3938 3950 3937
3939 3952 3951
3939 3951 3938
3953 3954 3955
3953 3955 3956
3957 3958 3959
3957 3959 3960
3961 3962 3963
3961 3963 3964
3965 3966 3967
3965 3967 3968
3969 3970 3971
3969 3971 3972
3973 3974 3975
3976 3977 3956
3978 3979 3980
3979 3978 3981
3982 3983 3984
3982 3985 3983
3986 3977 3976
3987 3988 3989
3987 3989 3990
3991 3992 3989
3964 3963 3985
3993 3992 3994
3995 3996 3997
3995 3997 3998
3999 4000 4001
4002 4003 4004
4002 4004 4005
4006 4007 3986
4008 4001 4000
4009 4010 3996
4009 3996 3995
4011 4012 4013
4014 4015 4007
4016 4017 3990
4018 4019 4011
4018 4011 3970
4020 4021 4022
3970 3969 4018
3972 3971 3974
3972 3974 3973
4023 3959 3958
3957 3960 4024
4025 4023 3958
4001 4026 3998
4001 3998 3997
4008 4026 4001
3980 4027 4010
3980 4010 4009
3961 3954 3953
3961 3953 3962
3992 3993 4028
3992 4028 3965
4029 3972 3973
4029 3973 4030
3955 4031 4032
3955 4032 3976
3976 4032 4033
3976 4033 3986
3954 4034 4031
3954 4031 3955
3961 4035 4034
3961 4034 3954
3964 4036 4035
3964 4035 3961
3982 4037 4036
3984 4038 4037
3984 4037 3982
3978 4039 4040
3978 4040 3981
4041 4039 3978
4009 4042 4041
4009 4041 3980
3995 4043 4042
3995 4042 4009
3998 4044 4043
3998 4043 3995
3998 4045 4044
4026 4046 4045
4026 4045 3998
4026 4008 4047
4026 4047 4046
4000 4048 4047
4000 4047 4008
4048 4000 3999
4049 4050 4004
4049 4004 4003
4002 4005 4024
4002 4024 4051
3960 4052 4051
3960 4051 4024
3960 3959 4053
3960 4053 4052
4023 4054 3959
4025 4055 4054
4025 4054 4023
4056 4055 4025
4056 4025 4057
4019 4058 4059
4019 4059 4012
4058 4019 4018
4058 4018 4060
3969 4061 4060
3969 4060 4018
4029 4062 3972
4063 4030 3973
4063 3973 3975
4064 4065 3967
4064 3967 3966
4064 3966 4028
4064 4028 4066
3993 4067 4068
3988 4069 3991
4069 3988 3987
3986 4033 4006
3967 4065 4063
3967 4063 3975
3975 3968 3967
4070 4067 3993
4070 3993 3994
3958 4013 4025
4040 4038 3984
4040 3984 3981
3984 3979 3981
3964 3985 3982
3983 3979 3984
3982 4036 3964
3976 3956 3955
4007 3977 3986
4069 4071 3991
3991 3989 3988
4072 4015 4022
4070 3994 3991
4070 3991 4071
3965 4028 3966
4068 4066 4028
3993 4068 4028
4011 4019 4012
3980 4041 3978
3979 4027 3980
4049 4073 3999
4049 3999 4050
3957 4024 4005
3957 4005 4074
4075 4074 4005
4075 4005 4004
4050 4076 4075
4050 4075 4004
4076 4050 3999
4076 3999 4001
4073 4048 3999
4013 4057 4025
4012 4059 4056
4012 4056 4057
4013 4012 4057
3992 3991 3994
3975 3974 3968
4022 4021 4072
4022 4015 4014
3990 4017 3987
4014 4007 4006
3972 4062 3969
3969 4062 4061
4054 4053 3959
4077 4078 4079
4080 4081 4077
4077 4082 4083
4084 4085 4077
4086 4087 4077
4088 4089 4077
4081 4088 4077
4090 4078 4077
4091 4077 4092
4093 4092 4077
4094 4095 4077
4077 4096 4097
4077 4098 4099
4100 4090 4077
4101 4096 4077
4089 4094 4077
4102 4100 4077
4077 4091 4103
4104 4077 4105
4077 4099 4106
4103 4107 4077
4077 4097 4108
4077 4104 4084
4085 4086 4077
4077 4109 4110
4077 4106 4109
4111 4077 4110
4105 4077 4111
4077 4095 4112
4108 4098 4077
4101 4077 4112
4080 4077 4079
4077 4113 4093
4114 4115 4086
4114 4086 4085
4079 4078 4116
4079 4116 4117
4080 4079 4117
4080 4117 4118
4081 4080 4118
4081 4118 4119
4081 4119 4120
4088 4081 4120
4088 4120 4121
4089 4088 4122
4089 4123 4124
4094 4089 4124
4094 4124 4125
4095 4094 4125
4095 4125 4126
4095 4126 4127
4112 4095 4127
4112 4127 4128
4112 4128 4129
4112 4129 4101
4096 4101 4129
4096 4129 4130
4097 4130 4131
4097 4131 4132
4097 4132 4108
4132 4133 4098
4132 4098 4108
4098 4133 4134
4098 4134 4099
4106 4099 4134
4106 4134 4135
4109 4106 4136
4109 4136 4137
4110 4109 4137
4110 4137 4138
4111 4110 4138
4111 4138 4139
4111 4139 4140
4111 4140 4141
4105 4111 4141
4105 4141 4142
4142 4143 4104
4142 4104 4105
4084 4143 4144
4145 4084 4144
4146 4087 4086
4146 4086 4115
4147 4148 4083
4147 4083 4082
4113 4149 4150
4093 4113 4150
4093 4150 4151
4152 4091 4092
4082 4087 4146
4082 4146 4147
4077 4087 4082
4122 4088 4121
4152 4092 4153
4077 4107 4102
4153 4093 4151
4092 4093 4153
4077 4083 4113
4149 4113 4154
4113 4083 4154
4083 4148 4154
4097 4096 4130
4089 4122 4155
4089 4155 4123
4084 4145 4085
4085 4145 4114
4156 4157 4158
4156 4158 4159
4159 4158 4160
4159 4160 4161
4162 4163 4164
4162 4164 4165
4165 4164 4166
4165 4166 4167
4168 4169 4170
4168 4170 4171
4171 4170 4172
4171 4172 4173
4174 4175 4176
4174 4176 4177
4178 4179 4175
4178 4175 4174
4180 4181 4182
4180 4182 4183
4184 4185 4181
4184 4181 4180
4186 4187 4188
4189 4190 4191
4192 4187 4193
4194 4190 4195
4196 4187 4197
4190 4198 4199
4200 4187 4201
4202 4190 4203
4187 4204 4188
4186 4205 4187
4187 4206 4193
4192 4207 4187
4187 4208 4209
4210 4197 4187
4196 4211 4187
4190 4212 4195
4194 4213 4190
4190 4199 4214
4190 4215 4191
4216 4217 4190
4218 4219 4190
4189 4220 4190
4190 4221 4222
4223 4224 4187
4225 4226 4187
4190 4227 4228
4187 4229 4230
4231 4232 4187
4233 4201 4187
4200 4234 4187
4190 4235 4203
4202 4236 4190
4237 4238 4187
4239 4240 4190
4241 4242 4190
4190 4243 4198
4187 4209 4206
4244 4245 4163
4244 4163 4162
4246 4247 4248
4246 4248 4249
4225 4187 4207
4190 4222 4212
4246 4249 4167
4246 4167 4166
4244 4250 4251
4244 4251 4245
4216 4190 4213
4187 4232 4208
4252 4253 4251
4252 4251 4250
4252 4254 4255
4252 4255 4253
4218 4190 4217
4256 4169 4168
4256 4168 4257
4210 4187 4205
4190 4214 4215
4256 4257 4161
4256 4161 4160
4187 4230 4204
4258 4259 4157
4258 4157 4156
4187 4238 4260
4261 4262 4179
4261 4179 4178
4263 4177 4176
4263 4176 4264
4265 4190 4220
4261 4266 4267
4261 4267 4262
4241 4190 4240
4268 4269 4270
4268 4270 4271
4223 4187 4226
4190 4228 4221
4268 4271 4248
4268 4248 4247
4272 4255 4254
4272 4254 4273
4231 4187 4211
4190 4219 4243
4272 4273 4173
4272 4173 4172
4274 4185 4184
4274 4184 4275
4233 4187 4224
4190 4236 4227
4274 4275 4270
4274 4270 4269
4276 4267 4266
4276 4266 4277
4237 4187 4234
4190 4242 4235
4276 4277 4183
4276 4183 4182
4278 4279 4280
4278 4280 4281
4282 4283 4284
4282 4284 4285
4286 4287 4288
4286 4288 4289
4290 4291 4292
4290 4292 4293
4294 4295 4296
4294 4296 4297
4292 4298 4299
4292 4299 4293
4300 4294 4297
4300 4297 4301
4302 4287 4286
4302 4286 4303
4278 4304 4305
4278 4305 4279
4306 4302 4303
4306 4303 4307
4304 4308 4309
4304 4309 4305
4310 4311 4312
4310 4312 4313
4314 4315 4316
4314 4316 4317
4318 4310 4313
4318 4313 4319
4315 4320 4321
4315 4321 4316
4298 4318 4319
4298 4319 4299
4320 4300 4301
4320 4301 4321
4311 4306 4307
4311 4307 4312
4308 4314 4317
4308 4317 4309
4322 4323 4324
4322 4324 4325
4326 4324 4323
4326 4323 4327
4328 4326 4327
4328 4327 4329
4330 4328 4329
4330 4329 4331
4332 4330 4331
4332 4331 4333
4334 4332 4333
4334 4333 4335
4336 4334 4335
4336 4335 4337
4338 4336 4337
4338 4337 4339
4340 4341 4338
4340 4338 4339
4342 4343 4344
4342 4344 4345
4344 4346 4347
4344 4347 4345
4348 4349 4350
4348 4350 4351
4349 4352 4353
4349 4353 4350
4352 4354 4355
4352 4355 4353
4354 4356 4357
4354 4357 4355
4356 4358 4359
4356 4359 4357
4346 4360 4361
4346 4361 4347
4358 4361 4360
4358 4360 4359
4362 4363 4364
4362 4364 4365
4366 4367 4368
4366 4368 4369
4370 4371 4372
4370 4372 4373
4290 4374 4375
4290 4375 4291
4376 4377 4296
4376 4296 4295
4375 4374 4378
4375 4378 4379
4380 4381 4377
4380 4377 4376
4382 4383 4370
4382 4370 4373
4362 4365 4384
4362 4384 4385
4386 4387 4383
4386 4383 4382
4385 4384 4388
4385 4388 4389
4390 4391 4392
4390 4392 4393
4394 4395 4396
4394 4396 4397
4398 4399 4391
4398 4391 4390
4397 4396 4400
4397 4400 4401
4379 4378 4399
4379 4399 4398
4401 4400 4381
4401 4381 4380
4393 4392 4387
4393 4387 4386
4389 4388 4395
4389 4395 4394
4402 4403 4404
4402 4404 4405
4406 4407 4405
4406 4405 4404
4408 4409 4407
4408 4407 4406
4410 4411 4409
4410 4409 4408
4412 4413 4411
4412 4411 4410
4414 4415 4413
4414 4413 4412
4416 4417 4415
4416 4415 4414
4418 4419 4417
4418 4417 4416
4340 4419 4418
4340 4418 4341
4342 4420 4421
4342 4421 4343
4421 4420 4422
4421 4422 4423
4424 4425 4426
4424 4426 4427
4427 4426 4428
4427 4428 4429
4429 4428 4430
4429 4430 4431
4431 4430 4432
4431 4432 4433
4433 4432 4434
4433 4434 4435
4423 4422 4436
4423 4436 4437
4435 4434 4437
4435 4437 4436
4438 4439 4440
4438 4440 4441
4442 4438 4441
4442 4441 4443
4444 4445 4446
4444 4446 4447
4448 4442 4443
4448 4443 4449
4445 4450 4451
4445 4451 4446
4452 4448 4449
4452 4449 4453
4450 4454 4455
4450 4455 4451
4454 4456 4457
4454 4457 4455
4458 4452 4453
4458 4453 4459
4456 4460 4461
4456 4461 4457
4462 4458 4459
4462 4459 4463
4464 4462 4463
4464 4463 4465
4460 4466 4467
4460 4467 4461
4466 4468 4469
4466 4469 4467
4470 4464 4465
4470 4465 4471
4472 4473 4474
4472 4474 4475
4473 4476 4477
4473 4477 4474
4478 4479 4440
4478 4440 4439
4480 4481 4482
4480 4482 4483
4484 4485 4486
4484 4486 4487
4485 4488 4489
4485 4489 4486
4488 4490 4491
4488 4491 4489
4490 4492 4493
4490 4493 4491
4492 4477 4476
4492 4476 4493
4494 4495 4496
4494 4496 4497
4498 4499 4444
4498 4444 4447
4500 4494 4497
4500 4497 4501
4502 4500 4501
4502 4501 4503
4504 4502 4503
4504 4503 4505
4506 4504 4505
4506 4505 4507
4508 4506 4507
4508 4507 4509
4510 4508 4509
4510 4509 4511
4512 4510 4511
4512 4511 4513
4514 4515 4516
4514 4516 4517
4482 4481 4484
4482 4484 4487
4496 4495 4518
4496 4518 4519
4498 4520 4521
4498 4521 4499
4522 4523 4524
4522 4524 4525
4526 4527 4523
4526 4523 4522
4528 4529 4530
4528 4530 4531
4532 4533 4527
4532 4527 4526
4531 4530 4534
4531 4534 4535
4536 4537 4533
4536 4533 4532
4535 4534 4538
4535 4538 4539
4539 4538 4540
4539 4540 4541
4542 4543 4537
4542 4537 4536
4541 4540 4544
4541 4544 4545
4546 4547 4543
4546 4543 4542
4548 4549 4547
4548 4547 4546
4545 4544 4550
4545 4550 4551
4551 4550 4469
4551 4469 4468
4470 4471 4549
4470 4549 4548
4472 4475 4552
4472 4552 4553
4553 4552 4554
4553 4554 4555
4556 4525 4524
4556 4524 4557
4558 4559 4560
4558 4560 4561
4562 4563 4564
4562 4564 4565
4565 4564 4566
4565 4566 4567
4567 4566 4568
4567 4568 4569
4569 4568 4570
4569 4570 4571
4571 4570 4555
4571 4555 4554
4572 4573 4574
4572 4574 4575
4576 4529 4528
4576 4528 4577
4578 4579 4573
4578 4573 4572
4580 4581 4579
4580 4579 4578
4582 4583 4581
4582 4581 4580
4584 4585 4583
4584 4583 4582
4586 4587 4585
4586 4585 4584
4588 4589 4587
4588 4587 4586
4512 4513 4589
4512 4589 4588
4590 4591 4592
4590 4592 4593
4560 4563 4562
4560 4562 4561
4574 4594 4595
4574 4595 4575
4576 4577 4596
4576 4596 4597
4598 4599 4600
4598 4600 4601
4602 4603 4604
4602 4604 4605
4606 4607 4608
4606 4608 4609
4610 4607 4606
4610 4606 4611
4598 4612 4613
4598 4613 4599
4614 4610 4611
4614 4611 4615
4612 4616 4617
4612 4617 4613
4618 4614 4615
4618 4615 4619
4616 4620 4621
4616 4621 4617
4622 4618 4619
4622 4619 4623
4620 4624 4625
4620 4625 4621
4624 4626 4627
4624 4627 4625
4628 4622 4623
4628 4623 4629
4626 4630 4631
4626 4631 4627
4632 4628 4629
4632 4629 4633
4634 4632 4633
4634 4633 4635
4630 4636 4637
4630 4637 4631
4636 4638 4639
4636 4639 4637
4640 4634 4635
4640 4635 4641
4642 4643 4644
4642 4644 4645
4646 4647 4648
4646 4648 4649
4647 4650 4651
4647 4651 4648
4650 4652 4653
4650 4653 4651
4653 4652 4654
4653 4654 4655
4655 4654 4656
4655 4656 4657
4657 4656 4658
4657 4658 4659
4659 4658 4660
4659 4660 4661
4662 4663 4664
4662 4664 4665
4662 4666 4667
4662 4667 4663
4666 4668 4669
4666 4669 4667
4670 4671 4672
4670 4672 4673
4668 4672 4671
4668 4671 4669
4674 4670 4673
4674 4673 4675
4676 4674 4675
4676 4675 4677
4678 4676 4677
4678 4677 4679
4680 4678 4679
4680 4679 4681
4643 4646 4649
4643 4649 4644
4682 4683 4684
4682 4684 4685
4686 4687 4688
4686 4688 4689
4690 4691 4692
4690 4692 4693
4694 4695 4690
4694 4690 4693
4682 4685 4696
4682 4696 4697
4698 4699 4695
4698 4695 4694
4697 4696 4700
4697 4700 4701
4702 4703 4699
4702 4699 4698
4701 4700 4704
4701 4704 4705
4706 4707 4703
4706 4703 4702
4705 4704 4708
4705 4708 4709
4709 4708 4710
4709 4710 4711
4712 4713 4707
4712 4707 4706
4711 4710 4714
4711 4714 4715
4716 4717 4713
4716 4713 4712
4718 4719 4717
4718 4717 4716
4715 4714 4720
4715 4720 4721
4721 4720 4639
4721 4639 4638
4640 4641 4719
4640 4719 4718
4722 4723 4724
4722 4724 4725
4726 4727 4728
4726 4728 4729
4729 4728 4730
4729 4730 4731
4731 4730 4732
4731 4732 4733
4732 4734 4735
4732 4735 4733
4734 4736 4737
4734 4737 4735
4736 4738 4739
4736 4739 4737
4738 4661 4660
4738 4660 4739
4740 4741 4742
4740 4742 4743
4740 4743 4744
4740 4744 4745
4745 4744 4746
4745 4746 4747
4748 4749 4750
4748 4750 4751
4747 4746 4751
4747 4751 4750
4752 4753 4749
4752 4749 4748
4754 4755 4753
4754 4753 4752
4756 4757 4755
4756 4755 4754
4680 4681 4757
4680 4757 4756
4725 4724 4727
4725 4727 4726
4758 4759 4760
4758 4760 4761
4762 4763 4764
4762 4764 4765
4766 4767 4768
4766 4768 4769
4770 4771 4772
4770 4772 4773
4774 4775 4776
4774 4776 4777
4778 4779 4780
4778 4780 4781
4782 4783 4775
4782 4775 4774
4784 4785 4763
4784 4763 4762
4786 4787 4779
4786 4779 4778
4788 4789 4771
4788 4771 4770
4790 4791 4783
4790 4783 4782
4792 4793 4785
4792 4785 4784
4794 4795 4787
4794 4787 4786
4796 4797 4789
4796 4789 4788
4798 4799 4791
4798 4791 4790
4800 4801 4793
4800 4793 4792
4802 4803 4795
4802 4795 4794
4804 4805 4797
4804 4797 4796
4806 4807 4799
4806 4799 4798
4808 4809 4801
4808 4801 4800
4810 4811 4803
4810 4803 4802
4812 4813 4805
4812 4805 4804
4814 4815 4807
4814 4807 4806
4816 4817 4809
4816 4809 4808
4818 4819 4811
4818 4811 4810
4820 4821 4813
4820 4813 4812
4822 4823 4815
4822 4815 4814
4824 4825 4817
4824 4817 4816
4826 4827 4819
4826 4819 4818
4828 4829 4821
4828 4821 4820
4830 4831 4832
4830 4832 4833
4831 4834 4835
4831 4835 4832
4834 4836 4837
4834 4837 4835
4836 4838 4839
4836 4839 4837
4838 4840 4841
4838 4841 4839
4840 4842 4843
4840 4843 4841
4842 4844 4845
4842 4845 4843
4844 4846 4847
4844 4847 4845
4848 4849 4850
4851 4848 4850
4852 4851 4850
4853 4852 4850
4854 4853 4850
4855 4854 4850
4856 4855 4850
4849 4856 4850
4857 4858 4859
4858 4860 4859
4860 4861 4859
4861 4862 4859
4862 4863 4859
4863 4864 4859
4864 4865 4859
4865 4857 4859
4866 4867 4868
4866 4868 4869
4870 4866 4869
4871 4872 4873
4871 4873 4874
4875 4876 4877
4875 4877 4878
4874 4873 4876
4867 4879 4880
4867 4880 4868
4881 4882 4883
4881 4883 4884
4885 4886 4887
4885 4887 4888
4889 4890 4886
4889 4886 4885
4891 4888 4887
4891 4887 4892
4893 4894 4895
4893 4895 4896
4897 4893 4896
4897 4896 4898
4894 4899 4879
4894 4879 4895
4900 4901 4884
4900 4884 4883
4902 4903 4904
4902 4904 4905
4901 4900 4903
4901 4903 4902
4905 4904 4906
4905 4906 4907
4907 4906 4908
4907 4908 4909
4909 4908 4910
4909 4910 4911
4879 4899 4912
4897 4898 4890
4897 4890 4889
4891 4892 4872
4891 4872 4871
4913 4874 4914
4913 4914 4915
4880 4912 4916
4917 4918 4919
4917 4919 4920
4918 4921 4922
4918 4922 4919
4921 4923 4924
4921 4924 4922
4925 4926 4927
4925 4927 4928
4926 4929 4930
4926 4930 4927
4880 4916 4925
4880 4925 4928
4929 4917 4920
4929 4920 4930
4923 4913 4915
4923 4915 4924
4931 4932 4933
4931 4933 4934
4935 4931 4934
4935 4934 4936
4937 4935 4936
4937 4936 4938
4937 4938 4939
4937 4939 4940
4941 4942 4940
4941 4940 4939
4943 4944 4945
4943 4945 4946
4947 4943 4946
4947 4946 4948
4949 4947 4948
4949 4948 4950
4951 4949 4950
4951 4950 4952
4953 4951 4952
4953 4952 4954
4955 4953 4954
4955 4954 4956
4957 4955 4956
4957 4956 4958
4959 4957 4958
4959 4958 4960
4961 4959 4960
4961 4960 4962
4963 4961 4962
4963 4962 4964
4965 4963 4964
4965 4964 4966
4967 4965 4966
4967 4966 4968
4969 4967 4968
4969 4968 4970
4971 4969 4970
4971 4970 4972
4973 4974 4975
4973 4975 4976
4977 4973 4976
4977 4976 4978
4979 4977 4978
4979 4978 4980
4981 4979 4980
4981 4980 4982
4983 4981 4982
4983 4982 4984
4985 4983 4984
4985 4984 4986
4987 4985 4986
4987 4986 4988
4989 4987 4988
4989 4988 4990
4991 4989 4990
4991 4990 4992
4993 4991 4992
4993 4992 4994
4995 4993 4994
4995 4994 4996
4997 4995 4996
4997 4996 4998
4999 4997 4998
4999 4998 5000
5001 4999 5000
5001 5000 5002
5003 5004 5005
5003 5005 5006
5007 5008 5004
5007 5004 5003
5009 5008 5007
5009 5007 5010
5011 5009 5010
5011 5010 5012
5013 5011 5012
5013 5012 5014
4874 4875 4914
5015 5016 5017
5015 5017 5018
5019 5015 5018
5020 5021 5022
5020 5022 5023
5024 5025 5026
5024 5026 5027
5020 5026 5021
5016 5028 5029
5016 5029 5017
5030 5031 5032
5030 5032 5033
5034 5035 5036
5034 5036 5037
5037 5036 5038
5037 5038 5039
5034 5040 5041
5034 5041 5035
5042 5043 5044
5042 5044 5045
5043 5046 5047
5043 5047 5044
5029 5048 5042
5029 5042 5045
5049 5050 5051
5049 5051 5052
5053 5054 5050
5053 5050 5049
5055 5056 5054
5055 5054 5053
4911 4910 5056
4911 5056 5055
5052 5051 5057
5052 5057 5058
5059 5060 5031
5059 5031 5030
5061 5062 5063
5039 5038 5047
5039 5047 5046
5023 5022 5041
5023 5041 5040
5020 5064 5065
5020 5065 5066
5067 5068 5069
5067 5069 5070
5071 5067 5070
5071 5070 5072
5073 5071 5072
5073 5072 5074
5075 5076 5077
5075 5077 5078
5079 5075 5078
5079 5078 5080
5076 5081 5028
5076 5028 5077
5082 4933 4932
5082 4932 5083
5081 5084 5028
5068 5079 5080
5068 5080 5069
5064 5073 5074
5064 5074 5065
5027 5020 5066
5085 5086 5087
5085 5087 5088
5089 5090 5091
5089 5091 5092
5093 5094 5095
5093 5095 5096
5097 5098 5099
5097 5099 5100
5097 5101 5102
5097 5102 5098
5099 5103 5104
5099 5104 5100
5101 5095 5094
5101 5094 5102
5105 5106 5107
5105 5107 5108
5105 5104 5103
5105 5103 5106
5107 5109 5110
5107 5110 5108
5109 5111 5112
5109 5112 5110
5111 5113 5114
5111 5114 5112
5115 5116 5117
5115 5117 5118
5119 5120 5121
5119 5121 5122
5119 5123 5124
5119 5124 5120
5123 5125 5126
5123 5126 5124
5121 5117 5116
5121 5116 5122
5127 5128 5126
5127 5126 5125
5127 5129 5130
5127 5130 5128
5129 5114 5113
5129 5113 5130
4944 5131 5132
4944 5132 4945
4878 4877 5133
4878 5133 5134
5135 5136 5001
5135 5001 5002
5137 5138 5025
5137 5025 5024
4875 4874 4876
5020 5027 5026
4880 4879 4912
5029 5028 5084
5013 5014 5062
5013 5062 5061
5082 5083 5139
5029 5084 5048
5132 5131 4942
5132 4942 4941
5033 5032 5138
5033 5138 5137
5006 5005 5136
5006 5136 5135
5134 5133 4882
5134 4882 4881
5140 5141 5142
5140 5142 5143
5144 5140 5143
5144 5143 5145
5146 5144 5145
5146 5145 5147
5148 5146 5147
5148 5147 5149
5150 5148 5149
5150 5149 5151
5152 5150 5151
5152 5151 5153
5154 5152 5153
5154 5153 5155
5156 5154 5155
5156 5155 5157
5158 5159 5160
5158 5160 5161
5162 5158 5161
5162 5161 5163
5164 5162 5163
5164 5163 5165
5141 5164 5165
5141 5165 5142
5143 5142 5166
5143 5166 5167
5145 5143 5167
5145 5167 5168
5147 5145 5168
5147 5168 5169
5149 5147 5169
5149 5169 5170
5151 5149 5170
5151 5170 5171
5153 5151 5171
5153 5171 5172
5155 5153 5172
5155 5172 5173
5157 5155 5173
5157 5173 5174
5161 5160 5175
5161 5175 5176
5163 5161 5176
5163 5176 5177
5165 5163 5177
5165 5177 5178
5142 5165 5178
5142 5178 5166
5167 5166 5179
5167 5179 5180
5168 5167 5180
5168 5180 5181
5169 5168 5181
5169 5181 5182
5170 5169 5182
5170 5182 5183
5171 5170 5183
5171 5183 5184
5172 5171 5184
5172 5184 5185
5173 5172 5185
5173 5185 5186
5174 5173 5186
5174 5186 5187
5176 5175 5188
5176 5188 5189
5177 5176 5189
5177 5189 5190
5178 5177 5190
5178 5190 5191
5166 5178 5191
5166 5191 5179
5180 5179 5192
5180 5192 5193
5181 5180 5193
5181 5193 5194
5182 5181 5194
5182 5194 5195
5183 5182 5195
5183 5195 5196
5184 5183 5196
5184 5196 5197
5185 5184 5197
5185 5197 5198
5186 5185 5198
5186 5198 5199
5187 5186 5199
5187 5199 5200
5189 5188 5201
5189 5201 5202
5190 5189 5202
5190 5202 5203
5191 5190 5203
5191 5203 5204
5179 5191 5204
5179 5204 5192
5193 5192 5205
5193 5205 5206
5194 5193 5206
5194 5206 5207
5195 5194 5207
5195 5207 5208
5196 5195 5208
5196 5208 5209
5197 5196 5209
5197 5209 5210
5198 5197 5210
5198 5210 5211
5199 5198 5211
5199 5211 5212
5200 5199 5212
5200 5212 5213
5202 5201 5214
5202 5214 5215
5203 5202 5215
5203 5215 5216
5204 5203 5216
5204 5216 5217
5192 5204 5217
5192 5217 5205
5206 5205 5218
5206 5218 5219
5207 5206 5219
5207 5219 5220
5208 5207 5220
5208 5220 5221
5209 5208 5221
5209 5221 5222
5210 5209 5222
5210 5222 5223
5211 5210 5223
5211 5223 5224
5212 5211 5224
5212 5224 5225
5213 5212 5225
5213 5225 5226
5215 5214 5227
5215 5227 5228
5216 5215 5228
5216 5228 5229
5217 5216 5229
5217 5229 5230
5205 5217 5230
5205 5230 5218
5219 5218 5231
5219 5231 5232
5220 5219 5232
5220 5232 5233
5221 5220 5233
5221 5233 5234
5222 5221 5234
5222 5234 5235
5223 5222 5235
5223 5235 5236
5224 5223 5236
5224 5236 5237
5225 5224 5237
5225 5237 5238
5226 5225 5238
5226 5238 5239
5228 5227 5240
5228 5240 5241
5229 5228 5241
5229 5241 5242
5230 5229 5242
5230 5242 5243
5218 5230 5243
5218 5243 5231
5232 5231 5244
5232 5244 5245
5233 5232 5245
5233 5245 5246
5234 5233 5246
5234 5246 5247
5235 5234 5247
5235 5247 5248
5236 5235 5248
5236 5248 5249
5237 5236 5249
5237 5249 5250
5238 5237 5250
5238 5250 5251
5239 5238 5251
5239 5251 5252
5241 5240 5253
5241 5253 5254
5242 5241 5254
5242 5254 5255
5243 5242 5255
5243 5255 5256
5231 5243 5256
5231 5256 5244
5257 5258 5259
5257 5259 5260
5261 5257 5260
5261 5260 5262
5263 5261 5262
5263 5262 5264
5265 5263 5264
5265 5264 5266
5267 5265 5266
5267 5266 5268
5269 5267 5268
5269 5268 5270
5271 5269 5270
5271 5270 5272
5273 5271 5272
5273 5272 5274
5275 5273 5274
5275 5274 5276
5277 5275 5276
5277 5276 5278
5279 5277 5278
5279 5278 5280
5281 5279 5280
5281 5280 5282
5260 5259 5283
5260 5283 5284
5262 5260 5284
5262 5284 5285
5264 5262 5285
5264 5285 5286
5266 5264 5286
5266 5286 5287
5268 5266 5287
5268 5287 5288
5270 5268 5288
5270 5288 5289
5272 5270 5289
5272 5289 5290
5274 5272 5290
5274 5290 5291
5276 5274 5291
5276 5291 5292
5278 5276 5292
5278 5292 5293
5280 5278 5293
5280 5293 5294
5282 5280 5294
5282 5294 5295
5284 5283 5296
5284 5296 5297
5285 5284 5297
5285 5297 5298
5286 5285 5298
5286 5298 5299
5287 5286 5299
5287 5299 5300
5288 5287 5300
5288 5300 5301
5289 5288 5301
5289 5301 5302
5290 5289 5302
5290 5302 5303
5291 5290 5303
5291 5303 5304
5292 5291 5304
5292 5304 5305
5293 5292 5305
5293 5305 5306
5294 5293 5306
5294 5306 5307
5295 5294 5307
5295 5307 5308
5297 5296 5309
5297 5309 5310
5298 5297 5310
5298 5310 5311
5299 5298 5311
5299 5311 5312
5300 5299 5312
5300 5312 5313
5301 5300 5313
5301 5313 5314
5302 5301 5314
5302 5314 5315
5303 5302 5315
5303 5315 5316
5304 5303 5316
5304 5316 5317
5305 5304 5317
5305 5317 5318
5306 5305 5318
5306 5318 5319
5307 5306 5319
5307 5319 5320
5308 5307 5320
5308 5320 5321
5310 5309 5322
5310 5322 5323
5311 5310 5323
5311 5323 5324
5312 5311 5324
5312 5324 5325
5313 5312 5325
5313 5325 5326
5314 5313 5326
5314 5326 5327
5315 5314 5327
5315 5327 5328
5316 5315 5328
5316 5328 5329
5317 5316 5329
5317 5329 5330
5318 5317 5330
5318 5330 5331
5319 5318 5331
5319 5331 5332
5320 5319 5332
5320 5332 5333
5321 5320 5333
5321 5333 5334
5323 5322 5335
5323 5335 5336
5324 5323 5336
5324 5336 5337
5325 5324 5337
5325 5337 5338
5326 5325 5338
5326 5338 5339
5327 5326 5339
5327 5339 5340
5328 5327 5340
5328 5340 5341
5329 5328 5341
5329 5341 5342
5330 5329 5342
5330 5342 5343
5331 5330 5343
5331 5343 5344
5332 5331 5344
5332 5344 5345
5333 5332 5345
5333 5345 5346
5334 5333 5346
5334 5346 5347
5336 5335 5348
5336 5348 5349
5337 5336 5349
5337 5349 5350
5338 5337 5350
5338 5350 5351
5339 5338 5351
5339 5351 5352
5340 5339 5352
5340 5352 5353
5341 5340 5353
5341 5353 5354
5342 5341 5354
5342 5354 5355
5343 5342 5355
5343 5355 5356
5344 5343 5356
5344 5356 5357
5345 5344 5357
5345 5357 5358
5346 5345 5358
5346 5358 5359
5347 5346 5359
5347 5359 5360
5349 5348 5361
5349 5361 5362
5350 5349 5362
5350 5362 5363
5351 5350 5363
5351 5363 5364
5352 5351 5364
5352 5364 5365
5353 5352 5365
5353 5365 5366
5354 5353 5366
5354 5366 5367
5355 5354 5367
5355 5367 5368
5356 5355 5368
5356 5368 5369
5357 5356 5369
5357 5369 5370
5358 5357 5370
5358 5370 5371
5359 5358 5371
5359 5371 5372
5360 5359 5372
5360 5372 5373
5374 5375 5376
5374 5376 5377
5378 5379 5380
5378 5380 5381
5382 5383 5384
5382 5384 5385
5386 5387 5388
5386 5388 5389
5390 5391 5392
5390 5392 5393
5394 5395 5396
5397 5375 5398
5399 5400 5401
5401 5402 5399
5403 5404 5405
5403 5405 5406
5407 5397 5398
5408 5409 5410
5408 5410 5411
5412 5410 5413
5383 5406 5384
5414 5415 5413
5416 5417 5418
5416 5418 5419
5420 5421 5422
5423 5424 5425
5423 5425 5426
5427 5407 5428
5429 5422 5421
5430 5416 5419
5430 5419 5431
5432 5433 5434
5435 5428 5436
5437 5409 5438
5439 5393 5432
5439 5432 5440
5441 5442 5443
5393 5439 5390
5391 5394 5396
5391 5396 5392
5444 5381 5380
5378 5445 5379
5446 5381 5444
5421 5418 5417
5421 5417 5447
5429 5421 5447
5400 5430 5431
5400 5431 5448
5382 5385 5374
5382 5374 5377
5413 5386 5449
5413 5449 5414
5450 5451 5394
5450 5394 5391
5376 5397 5452
5376 5452 5453
5397 5407 5454
5397 5454 5452
5377 5376 5453
5377 5453 5455
5382 5377 5455
5382 5455 5456
5383 5382 5456
5383 5456 5457
5403 5457 5458
5404 5403 5458
5404 5458 5459
5399 5402 5460
5399 5460 5461
5462 5399 5461
5430 5400 5462
5430 5462 5463
5416 5430 5463
5416 5463 5464
5417 5416 5464
5417 5464 5465
5417 5465 5466
5447 5417 5466
5447 5466 5467
5447 5467 5468
5447 5468 5429
5422 5429 5468
5422 5468 5469
5469 5420 5422
5470 5426 5425
5470 5425 5471
5423 5472 5445
5423 5445 5424
5379 5445 5472
5379 5472 5473
5379 5473 5474
5379 5474 5380
5444 5380 5475
5446 5444 5475
5446 5475 5476
5477 5478 5446
5477 5446 5476
5440 5434 5479
5440 5479 5480
5480 5481 5439
5480 5439 5440
5390 5439 5481
5390 5481 5482
5450 5391 5483
5484 5395 5394
5484 5394 5451
5485 5389 5388
5485 5388 5486
5485 5487 5449
5485 5449 5389
5414 5488 5489
5411 5412 5490
5490 5408 5411
5407 5427 5454
5388 5395 5484
5388 5484 5486
5395 5388 5387
5491 5415 5414
5491 5414 5489
5381 5446 5433
5460 5402 5404
5460 5404 5459
5404 5402 5401
5383 5403 5406
5405 5404 5401
5403 5383 5457
5397 5376 5375
5428 5407 5398
5490 5412 5492
5412 5411 5410
5493 5442 5436
5491 5492 5412
5491 5412 5415
5386 5389 5449
5488 5449 5487
5414 5449 5488
5432 5434 5440
5400 5399 5462
5401 5400 5448
5470 5471 5420
5470 5420 5494
5378 5495 5424
5378 5424 5445
5496 5425 5424
5496 5424 5495
5471 5425 5496
5471 5496 5497
5497 5421 5420
5497 5420 5471
5494 5420 5469
5433 5446 5478
5434 5478 5477
5434 5477 5479
5433 5478 5434
5413 5415 5412
5395 5387 5396
5442 5493 5443
5442 5435 5436
5409 5408 5438
5435 5427 5428
5391 5390 5483
5390 5482 5483
5475 5380 5474
5498 5499 5500
5501 5498 5502
5498 5503 5504
5505 5498 5506
5507 5498 5508
5509 5498 5510
5502 5498 5509
5511 5498 5500
5512 5513 5498
5514 5498 5513
5515 5498 5516
5498 5517 5518
5498 5519 5520
5521 5498 5511
5522 5498 5518
5510 5498 5515
5523 5498 5521
5498 5524 5512
5525 5526 5498
5498 5527 5519
5524 5498 5528
5498 5529 5517
5498 5505 5525
5506 5498 5507
5498 5530 5531
5498 5531 5527
5532 5530 5498
5526 5532 5498
5498 5533 5516
5529 5498 5520
5522 5533 5498
5501 5499 5498
5498 5514 5534
5535 5506 5507
5535 5507 5536
5499 5537 5538
5499 5538 5500
5501 5539 5537
5501 5537 5499
5502 5540 5539
5502 5539 5501
5502 5541 5540
5509 5542 5541
5509 5541 5502
5510 5543 5509
5510 5544 5545
5515 5546 5544
5515 5544 5510
5516 5547 5546
5516 5546 5515
5516 5548 5547
5533 5549 5548
5533 5548 5516
5533 5522 5550
5533 5550 5549
5518 5551 5550
5518 5550 5522
5517 5552 5551
5517 5529 5553
5517 5553 5552
5553 5529 5520
5553 5520 5554
5520 5519 5555
5520 5555 5554
5527 5556 5555
5527 5555 5519
5557 5556 5527
5531 5558 5557
5530 5559 5558
5530 5558 5531
5532 5560 5559
5532 5559 5530
5532 5561 5560
5532 5562 5561
5526 5562 5532
5526 5563 5562
5563 5526 5525
5563 5525 5564
5505 5564 5525
5565 5566 5505
5567 5536 5507
5567 5507 5508
5568 5504 5503
5568 5503 5569
5534 5570 5571
5514 5572 5570
5514 5570 5534
5573 5513 5512
5504 5568 5567
5504 5567 5508
5498 5504 5508
5543 5542 5509
5573 5574 5513
5498 5523 5528
5574 5572 5514
5513 5574 5514
5498 5534 5503
5571 5575 5534
5534 5575 5503
5503 5575 5569
5517 5551 5518
5510 5545 5576
5510 5576 5543
5505 5506 5565
5506 5535 5565
5577 5578 5579
5577 5579 5580
5578 5581 5582
5578 5582 5579
5583 5584 5585
5583 5585 5586
5584 5587 5588
5584 5588 5585
5589 5590 5591
5589 5591 5592
5590 5593 5594
5590 5594 5591
5595 5596 5597
5595 5597 5598
5599 5595 5598
5599 5598 5600
5601 5602 5603
5601 5603 5604
5605 5601 5604
5605 5604 5606
5607 5608 5609
5610 5611 5612
5613 5614 5609
5615 5616 5612
5617 5618 5609
5612 5619 5620
5621 5622 5609
5623 5624 5612
5609 5608 5625
5607 5609 5626
5609 5614 5627
5613 5609 5628
5609 5629 5630
5631 5609 5618
5617 5609 5632
5612 5616 5633
5615 5612 5634
5612 5635 5619
5612 5611 5636
5637 5612 5638
5639 5612 5640
5610 5612 5641
5612 5642 5643
5644 5609 5645
5646 5609 5647
5612 5648 5649
5609 5650 5651
5652 5609 5653
5654 5609 5622
5621 5609 5655
5612 5624 5656
5623 5612 5657
5658 5609 5659
5660 5612 5661
5662 5612 5663
5612 5620 5664
5609 5627 5629
5665 5583 5586
5665 5586 5666
5667 5668 5669
5667 5669 5670
5646 5628 5609
5612 5633 5642
5667 5588 5587
5667 5587 5668
5665 5666 5671
5665 5671 5672
5637 5634 5612
5609 5630 5653
5673 5672 5671
5673 5671 5674
5673 5674 5675
5673 5675 5676
5639 5638 5612
5677 5678 5589
5677 5589 5592
5631 5626 5609
5612 5636 5635
5677 5582 5581
5677 5581 5678
5609 5625 5650
5679 5577 5580
5679 5580 5680
5609 5681 5659
5682 5599 5600
5682 5600 5683
5684 5685 5597
5684 5597 5596
5686 5641 5612
5682 5683 5687
5682 5687 5688
5662 5661 5612
5689 5690 5691
5689 5691 5692
5644 5647 5609
5612 5643 5648
5689 5670 5669
5689 5669 5690
5693 5694 5676
5693 5676 5675
5652 5632 5609
5612 5664 5640
5693 5594 5593
5693 5593 5694
5695 5696 5605
5695 5605 5606
5654 5645 5609
5612 5649 5657
5695 5692 5691
5695 5691 5696
5697 5698 5688
5697 5688 5687
5658 5655 5609
5612 5656 5663
5697 5603 5602
5697 5602 5698
5699 5700 5701
5699 5701 5702
5703 5704 5705
5703 5705 5706
5707 5708 5709
5707 5709 5710
5711 5712 5713
5711 5713 5714
5715 5716 5717
5715 5717 5718
5713 5712 5719
5713 5719 5720
5721 5722 5716
5721 5716 5715
5723 5724 5707
5723 5707 5710
5699 5702 5725
5699 5725 5726
5727 5728 5724
5727 5724 5723
5726 5725 5729
5726 5729 5730
5731 5732 5733
5731 5733 5734
5735 5736 5737
5735 5737 5738
5739 5740 5732
5739 5732 5731
5738 5737 5741
5738 5741 5742
5720 5719 5740
5720 5740 5739
5742 5741 5722
5742 5722 5721
5734 5733 5728
5734 5728 5727
5730 5729 5736
5730 5736 5735
5743 5744 5745
5743 5745 5746
5747 5748 5746
5747 5746 5745
5749 5750 5748
5749 5748 5747
5751 5752 5750
5751 5750 5749
5753 5754 5752
5753 5752 5751
5755 5756 5754
5755 5754 5753
5757 5758 5756
5757 5756 5755
5759 5760 5758
5759 5758 5757
5761 5760 5759
5761 5759 5762
5763 5764 5765
5763 5765 5766
5765 5764 5767
5765 5767 5768
5769 5770 5771
5769 5771 5772
5772 5771 5773
5772 5773 5774
5774 5773 5775
5774 5775 5776
5776 5775 5777
5776 5777 5778
5778 5777 5779
5778 5779 5780
5768 5767 5781
5768 5781 5782
5780 5779 5782
5780 5782 5781
5783 5784 5785
5783 5785 5786
5787 5788 5789
5787 5789 5790
5791 5792 5793
5791 5793 5794
5711 5714 5795
5711 5795 5796
5797 5718 5717
5797 5717 5798
5795 5799 5800
5795 5800 5796
5801 5797 5798
5801 5798 5802
5803 5792 5791
5803 5791 5804
5783 5805 5806
5783 5806 5784
5807 5803 5804
5807 5804 5808
5805 5809 5810
5805 5810 5806
5811 5812 5813
5811 5813 5814
5815 5816 5817
5815 5817 5818
5819 5811 5814
5819 5814 5820
5816 5821 5822
5816 5822 5817
5799 5819 5820
5799 5820 5800
5821 5801 5802
5821 5802 5822
5812 5807 5808
5812 5808 5813
5809 5815 5818
5809 5818 5810
5823 5824 5825
5823 5825 5826
5827 5825 5824
5827 5824 5828
5829 5827 5828
5829 5828 5830
5831 5829 5830
5831 5830 5832
5833 5831 5832
5833 5832 5834
5835 5833 5834
5835 5834 5836
5837 5835 5836
5837 5836 5838
5839 5837 5838
5839 5838 5840
5761 5762 5839
5761 5839 5840
5763 5766 5841
5763 5841 5842
5841 5843 5844
5841 5844 5842
5845 5846 5847
5845 5847 5848
5846 5849 5850
5846 5850 5847
5849 5851 5852
5849 5852 5850
5851 5853 5854
5851 5854 5852
5853 5855 5856
5853 5856 5854
5843 5857 5858
5843 5858 5844
5855 5858 5857
5855 5857 5856
5859 5860 5861
5859 5861 5862
5863 5864 5860
5863 5860 5859
5865 5866 5867
5865 5867 5868
5869 5870 5864
5869 5864 5863
5868 5867 5871
5868 5871 5872
5873 5874 5870
5873 5870 5869
5872 5871 5875
5872 5875 5876
5876 5875 5877
5876 5877 5878
5879 5880 5874
5879 5874 5873
5878 5877 5881
5878 5881 5882
5883 5884 5880
5883 5880 5879
5885 5886 5884
5885 5884 5883
5882 5881 5887
5882 5887 5888
5888 5887 5889
5888 5889 5890
5891 5892 5886
5891 5886 5885
5893 5894 5895
5893 5895 5896
5896 5895 5897
5896 5897 5898
5899 5862 5861
5899 5861 5900
5901 5902 5903
5901 5903 5904
5905 5906 5907
5905 5907 5908
5908 5907 5909
5908 5909 5910
5910 5909 5911
5910 5911 5912
5912 5911 5913
5912 5913 5914
5914 5913 5898
5914 5898 5897
5915 5916 5917
5915 5917 5918
5919 5866 5865
5919 5865 5920
5921 5922 5916
5921 5916 5915
5923 5924 5922
5923 5922 5921
5925 5926 5924
5925 5924 5923
5927 5928 5926
5927 5926 5925
5929 5930 5928
5929 5928 5927
5931 5932 5930
5931 5930 5929
5933 5934 5932
5933 5932 5931
5935 5936 5937
5935 5937 5938
5903 5906 5905
5903 5905 5904
5917 5939 5940
5917 5940 5918
5919 5920 5941
5919 5941 5942
5943 5944 5945
5943 5945 5946
5947 5943 5946
5947 5946 5948
5949 5950 5951
5949 5951 5952
5953 5947 5948
5953 5948 5954
5950 5955 5956
5950 5956 5951
5957 5953 5954
5957 5954 5958
5955 5959 5960
5955 5960 5956
5959 5961 5962
5959 5962 5960
5963 5957 5958
5963 5958 5964
5961 5965 5966
5961 5966 5962
5967 5963 5964
5967 5964 5968
5969 5967 5968
5969 5968 5970
5965 5971 5972
5965 5972 5966
5971 5890 5889
5971 5889 5972
5891 5969 5970
5891 5970 5892
5893 5973 5974
5893 5974 5894
5973 5975 5976
5973 5976 5974
5977 5978 5945
5977 5945 5944
5979 5980 5981
5979 5981 5982
5983 5984 5985
5983 5985 5986
5984 5987 5988
5984 5988 5985
5987 5989 5990
5987 5990 5988
5989 5991 5992
5989 5992 5990
5991 5976 5975
5991 5975 5992
5993 5994 5995
5993 5995 5996
5997 5998 5949
5997 5949 5952
5999 5993 5996
5999 5996 6000
6001 5999 6000
6001 6000 6002
6003 6001 6002
6003 6002 6004
6005 6003 6004
6005 6004 6006
6007 6005 6006
6007 6006 6008
6009 6007 6008
6009 6008 6010
5933 6009 6010
5933 6010 5934
6011 6012 6013
6011 6013 6014
5981 5980 5983
5981 5983 5986
5995 5994 6015
5995 6015 6016
5997 6017 6018
5997 6018 5998
6019 6020 6021
6019 6021 6022
6023 6024 6025
6023 6025 6026
6027 6028 6029
6027 6029 6030
6031 6032 6027
6031 6027 6030
6019 6022 6033
6019 6033 6034
6035 6036 6032
6035 6032 6031
6034 6033 6037
6034 6037 6038
6039 6040 6036
6039 6036 6035
6038 6037 6041
6038 6041 6042
6043 6044 6040
6043 6040 6039
6042 6041 6045
6042 6045 6046
6046 6045 6047
6046 6047 6048
6049 6050 6044
6049 6044 6043
6048 6047 6051
6048 6051 6052
6053 6054 6050
6053 6050 6049
6055 6056 6054
6055 6054 6053
6052 6051 6057
6052 6057 6058
6058 6057 6059
6058 6059 6060
6061 6062 6056
6061 6056 6055
6063 6064 6065
6063 6065 6066
6067 6068 6069
6067 6069 6070
6070 6069 6071
6070 6071 6072
6072 6071 6073
6072 6073 6074
6073 6075 6076
6073 6076 6074
6075 6077 6078
6075 6078 6076
6077 6079 6080
6077 6080 6078
6079 6081 6082
6079 6082 6080
6083 6084 6085
6083 6085 6086
6083 6086 6087
6083 6087 6088
6088 6087 6089
6088 6089 6090
6091 6092 6093
6091 6093 6094
6090 6089 6094
6090 6094 6093
6095 6096 6092
6095 6092 6091
6097 6098 6096
6097 6096 6095
6099 6100 6098
6099 6098 6097
6101 6102 6100
6101 6100 6099
6066 6065 6068
6066 6068 6067
6103 6104 6105
6103 6105 6106
6107 6108 6109
6107 6109 6110
6111 6112 6113
6111 6113 6114
6115 6112 6111
6115 6111 6116
6103 6117 6118
6103 6118 6104
6119 6115 6116
6119 6116 6120
6117 6121 6122
6117 6122 6118
6123 6119 6120
6123 6120 6124
6121 6125 6126
6121 6126 6122
6127 6123 6124
6127 6124 6128
6125 6129 6130
6125 6130 6126
6129 6131 6132
6129 6132 6130
6133 6127 6128
6133 6128 6134
6131 6135 6136
6131 6136 6132
6137 6133 6134
6137 6134 6138
6139 6137 6138
6139 6138 6140
6135 6141 6142
6135 6142 6136
6141 6060 6059
6141 6059 6142
6061 6139 6140
6061 6140 6062
6143 6144 6145
6143 6145 6146
6147 6148 6149
6147 6149 6150
6148 6151 6152
6148 6152 6149
6151 6153 6154
6151 6154 6152
6154 6153 6155
6154 6155 6156
6156 6155 6157
6156 6157 6158
6158 6157 6159
6158 6159 6160
6160 6159 6082
6160 6082 6081
6161 6162 6163
6161 6163 6164
6161 6165 6166
6161 6166 6162
6165 6167 6168
6165 6168 6166
6169 6170 6171
6169 6171 6172
6167 6171 6170
6167 6170 6168
6173 6169 6172
6173 6172 6174
6175 6173 6174
6175 6174 6176
6177 6175 6176
6177 6176 6178
6101 6177 6178
6101 6178 6102
6144 6147 6150
6144 6150 6145
6179 6180 6181
6182 6183 6184
6182 6184 6185
6186 6187 6188
6189 6190 6184
6191 6192 6184
6193 6192 6191
6193 6191 6194
6195 6196 6197
6198 6199 6200
6198 6200 6201
6201 6202 6203
6204 6205 6206
6204 6206 6207
6208 6209 6196
6210 6211 6212
6210 6212 6213
6214 6215 6216
6214 6216 6217
6212 6211 6218
6212 6218 6219
6220 6221 6222
6220 6222 6217
6223 6224 6225
6223 6225 6226
6227 6228 6229
6230 6231 6232
6230 6232 6233
6234 6235 6236
6234 6236 6237
6238 6239 6237
6238 6237 6236
6239 6240 6237
6241 6242 6231
6241 6231 6243
6244 6232 6231
6244 6231 6242
6243 6231 6230
6243 6230 6245
6246 6247 6248
6246 6248 6249
6233 6232 6246
6233 6246 6250
6232 6244 6247
6232 6247 6246
6251 6252 6253
6251 6253 6254
6255 6256 6252
6255 6252 6257
6258 6259 6260
6258 6260 6261
6252 6256 6262
6252 6262 6253
6263 6253 6262
6263 6262 6264
6263 6265 6254
6263 6254 6253
6266 6267 6268
6266 6268 6269
6269 6268 6270
6269 6270 6271
6271 6270 6272
6271 6272 6273
6274 6275 6276
6274 6276 6277
6273 6278 6279
6273 6279 6271
6271 6279 6280
6271 6280 6269
6269 6280 6281
6269 6281 6266
6282 6274 6277
6282 6277 6283
6277 6284 6285
6277 6285 6283
6286 6287 6288
6209 6208 6289
6290 6291 6292
6290 6292 6293
6294 6295 6296
6294 6296 6297
6291 6295 6294
6291 6294 6298
6299 6300 6301
6299 6301 6302
6303 6200 6304
6303 6304 6305
6198 6201 6203
6198 6203 6306
6198 6306 6281
6198 6281 6307
6308 6309 6310
6308 6310 6311
6312 6313 6314
6309 6315 6316
6309 6316 6310
6310 6316 6317
6310 6317 6314
6318 6319 6320
6321 6322 6320
6321 6320 6323
6324 6325 6249
6326 6327 6328
6326 6328 6329
6330 6331 6327
6330 6327 6326
6332 6326 6329
6332 6329 6333
6334 6335 6332
6334 6332 6333
6336 6337 6335
6336 6335 6334
6330 6326 6332
6330 6332 6338
6339 6335 6337
6339 6337 6340
6338 6332 6335
6338 6335 6339
6340 6337 6341
6340 6341 6342
6343 6344 6345
6343 6345 6346
6342 6341 6344
6342 6344 6343
6196 6347 6348
6209 6349 6347
6348 6350 6197
6351 6352 6353
6351 6353 6354
6217 6222 6355
6217 6355 6214
6212 6219 6356
6212 6356 6357
6358 6223 6359
6358 6359 6360
6361 6362 6363
6361 6363 6364
6365 6366 6367
6365 6367 6368
6364 6363 6369
6364 6369 6370
6357 6371 6213
6357 6213 6212
6372 6373 6374
6372 6374 6299
6375 6376 6377
6375 6377 6378
6375 6378 6379
6299 6374 6380
6299 6380 6300
6381 6382 6383
6381 6383 6384
6385 6386 6387
6388 6389 6390
6388 6390 6391
6392 6393 6394
6393 6395 6396
6393 6396 6394
6394 6397 6392
6394 6396 6398
6394 6398 6397
6399 6389 6400
6399 6400 6401
6402 6403 6404
6402 6404 6405
6406 6407 6408
6407 6409 6410
6407 6410 6408
6408 6411 6406
6408 6410 6412
6408 6412 6411
6413 6414 6404
6413 6404 6403
6415 6416 6417
6415 6417 6418
6419 6420 6421
6419 6421 6422
6423 6424 6421
6423 6421 6420
6425 6418 6417
6425 6417 6423
6417 6426 6424
6417 6424 6423
6416 6427 6426
6416 6426 6417
6307 6428 6199
6307 6199 6198
6429 6430 6431
6429 6431 6432
6431 6433 6434
6431 6434 6432
6432 6434 6435
6432 6435 6436
6436 6437 6429
6436 6429 6432
6438 6439 6440
6438 6440 6441
6442 6443 6261
6318 6322 6444
6445 6250 6446
6445 6446 6444
6444 6322 6321
6444 6321 6445
6383 6447 6448
6383 6448 6384
6449 6450 6382
6449 6382 6381
6451 6191 6183
6451 6183 6452
6191 6451 6453
6191 6453 6194
6218 6215 6214
6218 6214 6219
6356 6219 6214
6356 6214 6355
6454 6400 6389
6454 6389 6388
6455 6390 6389
6455 6389 6399
6352 6351 6456
6352 6456 6457
6458 6459 6460
6458 6460 6461
6459 6458 6462
6459 6462 6463
6460 6459 6464
6460 6464 6465
6464 6459 6463
6464 6463 6466
6273 6274 6282
6273 6282 6278
6273 6272 6275
6273 6275 6274
6423 6420 6467
6423 6467 6425
6468 6467 6420
6468 6420 6419
6469 6470 6471
6469 6471 6472
6473 6474 6263
6473 6263 6264
6405 6404 6416
6405 6416 6415
6414 6427 6416
6414 6416 6404
6447 6475 6476
6447 6476 6448
6390 6477 6478
6390 6478 6391
6455 6479 6477
6455 6477 6390
6386 6480 6387
6250 6325 6481
6250 6481 6446
6324 6180 6325
6187 6181 6482
6249 6248 6483
6304 6346 6345
6304 6345 6305
6303 6484 6485
6486 6487 6309
6486 6309 6308
6309 6487 6488
6309 6488 6315
6319 6488 6487
6319 6487 6320
6428 6307 6434
6428 6434 6433
6306 6203 6489
6306 6489 6490
6281 6435 6434
6281 6434 6307
6489 6203 6491
6430 6429 6492
6430 6492 6493
6492 6429 6437
6492 6437 6494
6481 6303 6305
6481 6305 6446
6345 6444 6446
6345 6446 6305
6495 6190 6496
6495 6496 6497
6498 6477 6479
6498 6479 6499
6500 6478 6477
6500 6477 6498
6450 6449 6501
6450 6501 6293
6502 6372 6299
6502 6299 6302
6374 6464 6466
6374 6466 6380
6373 6465 6464
6373 6464 6374
6503 6290 6293
6503 6293 6501
6306 6490 6266
6306 6266 6281
6504 6267 6266
6504 6266 6490
6483 6265 6263
6483 6263 6474
6504 6505 6302
6504 6302 6301
6302 6505 6503
6302 6503 6502
6490 6489 6504
6194 6289 6208
6194 6208 6193
6193 6208 6195
6193 6195 6506
6507 6508 6506
6507 6506 6195
6505 6495 6497
6509 6456 6510
6350 6456 6509
6510 6470 6469
6400 6511 6512
6400 6512 6401
6513 6511 6400
6513 6400 6454
6226 6514 6359
6226 6359 6223
6515 6224 6223
6515 6223 6358
6294 6498 6499
6294 6499 6298
6297 6500 6498
6297 6498 6294
6447 6516 6517
6447 6517 6475
6383 6518 6516
6383 6516 6447
6518 6383 6382
6518 6382 6519
6520 6519 6382
6520 6382 6450
6520 6450 6293
6520 6293 6292
6257 6252 6251
6257 6251 6521
6240 6234 6237
6337 6336 6319
6337 6319 6341
6344 6318 6345
6341 6318 6344
6458 6375 6379
6458 6379 6462
6376 6375 6458
6376 6458 6461
6284 6286 6522
6284 6522 6285
6284 6277 6276
6284 6276 6523
6517 6524 6525
6517 6525 6475
6476 6475 6525
6476 6525 6526
6474 6527 6227
6483 6474 6482
6181 6324 6483
6180 6324 6181
6528 6472 6419
6528 6419 6422
6472 6471 6468
6472 6468 6419
6220 6354 6353
6220 6353 6221
6456 6351 6470
6471 6470 6351
6471 6351 6354
6354 6220 6468
6354 6468 6471
6217 6216 6468
6217 6468 6220
6296 6529 6510
6530 6296 6510
6530 6510 6469
6472 6528 6530
6472 6530 6469
6510 6456 6470
6531 6532 6440
6531 6440 6439
6439 6438 6493
6439 6493 6492
6531 6439 6492
6531 6492 6494
6325 6250 6246
6286 6284 6523
6286 6523 6287
6286 6288 6533
6286 6533 6522
6529 6534 6508
6529 6508 6507
6507 6197 6509
6505 6504 6495
6290 6503 6497
6497 6534 6290
6295 6534 6529
6236 6235 6241
6236 6241 6243
6238 6236 6243
6238 6243 6245
6313 6311 6310
6313 6310 6314
6317 6312 6314
6205 6535 6536
6205 6536 6206
6535 6537 6536
6538 6539 6207
6538 6207 6206
6536 6540 6538
6536 6538 6206
6537 6540 6536
6483 6482 6181
6440 6541 6441
6532 6541 6440
6525 6542 6543
6525 6543 6526
6524 6544 6542
6524 6542 6525
6542 6387 6480
6542 6480 6543
6544 6385 6387
6544 6387 6542
6396 6511 6513
6396 6513 6398
6395 6512 6511
6395 6511 6396
6410 6403 6402
6410 6402 6412
6409 6413 6403
6409 6403 6410
6363 6365 6368
6363 6368 6369
6362 6366 6365
6362 6365 6363
6534 6295 6291
6545 6255 6257
6545 6257 6258
6258 6257 6521
6258 6521 6259
6260 6442 6261
6443 6545 6258
6443 6258 6261
6546 6547 6186
6546 6186 6548
6179 6549 6484
6179 6484 6180
6201 6200 6485
6327 6331 6204
6327 6204 6207
6539 6328 6327
6539 6327 6207
6481 6180 6484
6481 6484 6303
6495 6489 6491
6495 6491 6190
6508 6534 6497
6508 6497 6496
6506 6508 6496
6506 6496 6189
6193 6506 6189
6193 6189 6192
6189 6184 6192
6303 6485 6200
6324 6249 6483
6487 6486 6323
6487 6323 6320
6345 6318 6444
6202 6491 6203
6186 6547 6549
6186 6549 6179
6505 6497 6503
6534 6291 6290
6474 6473 6527
6295 6529 6296
6529 6509 6510
6189 6496 6190
6350 6457 6456
6489 6495 6504
6180 6481 6325
6550 6551 6202
6550 6202 6485
6185 6184 6190
6185 6190 6491
6547 6552 6550
6547 6550 6549
6549 6550 6485
6549 6485 6484
6474 6227 6482
6228 6227 6527
6187 6482 6553
6202 6201 6485
6249 6325 6246
6553 6482 6227
6553 6227 6229
6554 6188 6187
6554 6187 6553
6555 6554 6553
6555 6553 6229
6228 6556 6555
6228 6555 6229
6188 6557 6548
6289 6194 6453
6289 6453 6558
6182 6559 6452
6182 6452 6183
6552 6547 6546
6552 6546 6560
6554 6555 6561
6561 6555 6562
6554 6561 6557
6188 6554 6557
6186 6188 6548
6555 6556 6562
6563 6289 6558
6563 6558 6564
6209 6289 6563
6565 6349 6563
6349 6209 6563
6564 6566 6565
6563 6564 6565
6195 6197 6507
6196 6348 6197
6208 6196 6195
6196 6209 6347
6507 6509 6529
6350 6509 6197
6552 6560 6567
6552 6567 6568
6568 6551 6550
6568 6550 6552
6179 6181 6187
6186 6179 6187
6183 6191 6184
6322 6318 6320
6341 6319 6318
6359 6514 6210
6359 6210 6213
6371 6360 6359
6371 6359 6213
6224 6515 6361
6224 6361 6364
6225 6224 6364
6225 6364 6370
6567 6559 6182
6567 6182 6568
6185 6551 6568
6185 6568 6182
6491 6202 6551
6491 6551 6185
6569 6570 6571
6572 6573 6574
6572 6574 6575
6576 6577 6578
6579 6574 6580
6581 6574 6582
6583 6584 6581
6583 6581 6582
6585 6586 6587
6588 6589 6590
6588 6590 6591
6589 6592 6593
6594 6595 6596
6594 6596 6597
6598 6587 6599
6600 6601 6602
6600 6602 6603
6604 6605 6606
6604 6606 6607
6602 6608 6609
6602 6609 6603
6610 6605 6611
6610 6611 6612
6613 6614 6615
6613 6615 6616
6617 6618 6619
6620 6621 6622
6620 6622 6623
6624 6625 6626
6624 6626 6627
6628 6626 6625
6628 6625 6629
6629 6625 6630
6631 6632 6623
6631 6623 6633
6634 6633 6623
6634 6623 6622
6632 6635 6620
6632 6620 6623
6636 6637 6638
6636 6638 6639
6621 6640 6636
6621 6636 6622
6622 6636 6639
6622 6639 6634
6641 6642 6643
6641 6643 6644
6645 6646 6644
6645 6644 6647
6648 6649 6650
6648 6650 6651
6644 6643 6652
6644 6652 6647
6653 6654 6652
6653 6652 6643
6653 6643 6642
6653 6642 6655
6656 6657 6658
6656 6658 6659
6657 6660 6661
6657 6661 6658
6660 6662 6663
6660 6663 6661
6664 6665 6666
6664 6666 6667
6662 6660 6668
6662 6668 6669
6660 6657 6670
6660 6670 6668
6657 6656 6671
6657 6671 6670
6672 6673 6665
6672 6665 6664
6665 6673 6674
6665 6674 6675
6676 6677 6678
6599 6679 6598
6680 6681 6682
6680 6682 6683
6684 6685 6686
6684 6686 6687
6683 6688 6684
6683 6684 6687
6689 6690 6691
6689 6691 6692
6693 6694 6695
6693 6695 6590
6588 6696 6592
6588 6592 6589
6588 6697 6671
6588 6671 6696
6698 6699 6700
6698 6700 6701
6702 6703 6704
6701 6700 6705
6701 6705 6706
6700 6703 6707
6700 6707 6705
6708 6709 6710
6711 6712 6709
6711 6709 6713
6714 6637 6715
6716 6717 6718
6716 6718 6719
6720 6716 6719
6720 6719 6721
6722 6723 6717
6722 6717 6716
6724 6723 6722
6724 6722 6725
6726 6724 6725
6726 6725 6727
6720 6728 6722
6720 6722 6716
6729 6730 6727
6729 6727 6725
6728 6729 6725
6728 6725 6722
6730 6731 6732
6730 6732 6727
6733 6734 6735
6733 6735 6736
6731 6733 6736
6731 6736 6732
6587 6737 6738
6599 6738 6739
6737 6586 6740
6741 6742 6743
6741 6743 6744
6605 6604 6745
6605 6745 6611
6602 6746 6747
6602 6747 6608
6748 6749 6750
6748 6750 6613
6751 6752 6753
6751 6753 6754
6755 6756 6757
6755 6758 6756
6752 6759 6760
6752 6760 6753
6746 6602 6601
6746 6601 6761
6762 6689 6763
6762 6763 6764
6765 6766 6767
6765 6768 6769
6765 6769 6766
6689 6692 6770
6689 6770 6763
6771 6772 6773
6771 6773 6774
6775 6776 6777
6778 6779 6780
6778 6780 6781
6782 6783 6784
6784 6783 6785
6784 6785 6786
6783 6782 6787
6783 6787 6788
6783 6788 6785
6789 6790 6791
6789 6791 6781
6792 6793 6794
6792 6794 6795
6796 6797 6798
6798 6797 6799
6798 6799 6800
6797 6796 6801
6797 6801 6802
6797 6802 6799
6803 6795 6794
6803 6794 6804
6805 6806 6807
6805 6807 6808
6809 6810 6811
6809 6811 6812
6813 6812 6811
6813 6811 6814
6815 6813 6807
6815 6807 6806
6807 6813 6814
6807 6814 6816
6808 6807 6816
6808 6816 6817
6697 6588 6591
6697 6591 6818
6819 6820 6821
6819 6821 6822
6821 6820 6823
6821 6823 6824
6820 6825 6826
6820 6826 6823
6825 6820 6819
6825 6819 6827
6828 6829 6830
6828 6830 6831
6832 6649 6833
6708 6834 6713
6835 6834 6836
6835 6836 6640
6834 6835 6711
6834 6711 6713
6773 6772 6837
6773 6837 6838
6839 6771 6774
6839 6774 6840
6841 6842 6575
6841 6575 6581
6581 6584 6843
6581 6843 6841
6609 6608 6604
6609 6604 6607
6747 6745 6604
6747 6604 6608
6844 6778 6781
6844 6781 6791
6845 6789 6781
6845 6781 6780
6744 6846 6847
6744 6847 6741
6848 6849 6850
6848 6850 6851
6851 6852 6853
6851 6853 6848
6850 6854 6855
6850 6855 6851
6855 6856 6852
6855 6852 6851
6662 6669 6672
6662 6672 6664
6662 6664 6667
6662 6667 6663
6813 6815 6857
6813 6857 6812
6858 6809 6812
6858 6812 6857
6859 6860 6861
6859 6861 6862
6863 6654 6653
6863 6653 6864
6793 6805 6808
6793 6808 6794
6804 6794 6808
6804 6808 6817
6838 6837 6865
6838 6865 6866
6780 6779 6867
6780 6867 6868
6845 6780 6868
6845 6868 6869
6777 6776 6870
6640 6836 6871
6640 6871 6715
6714 6715 6571
6578 6872 6570
6637 6873 6638
6695 6694 6735
6695 6735 6734
6693 6874 6875
6876 6698 6701
6876 6701 6877
6701 6706 6878
6701 6878 6877
6710 6709 6877
6710 6877 6878
6818 6824 6823
6818 6823 6697
6696 6879 6880
6696 6880 6592
6671 6697 6823
6671 6823 6826
6880 6881 6592
6822 6882 6883
6822 6883 6819
6883 6884 6827
6883 6827 6819
6871 6836 6694
6871 6694 6693
6735 6694 6836
6735 6836 6834
6885 6886 6887
6885 6887 6580
6888 6889 6869
6888 6869 6868
6890 6888 6868
6890 6868 6867
6840 6681 6891
6840 6891 6839
6892 6690 6689
6892 6689 6762
6763 6770 6856
6763 6856 6855
6764 6763 6855
6764 6855 6854
6893 6891 6681
6893 6681 6680
6696 6671 6656
6696 6656 6879
6894 6879 6656
6894 6656 6659
6873 6864 6653
6873 6653 6655
6894 6691 6690
6894 6690 6895
6690 6892 6893
6690 6893 6895
6879 6894 6880
6584 6583 6598
6584 6598 6679
6583 6896 6585
6583 6585 6598
6897 6585 6896
6897 6896 6898
6895 6886 6885
6899 6900 6847
6740 6899 6847
6900 6859 6862
6791 6790 6901
6791 6901 6902
6903 6844 6791
6903 6791 6902
6614 6613 6750
6614 6750 6904
6905 6748 6613
6905 6613 6616
6684 6688 6889
6684 6889 6888
6685 6684 6888
6685 6888 6890
6838 6866 6906
6838 6906 6907
6773 6838 6907
6773 6907 6908
6908 6909 6774
6908 6774 6773
6910 6840 6774
6910 6774 6909
6910 6682 6681
6910 6681 6840
6646 6911 6641
6646 6641 6644
6630 6625 6624
6727 6732 6710
6727 6710 6726
6736 6735 6708
6732 6736 6708
6848 6853 6768
6848 6768 6765
6767 6849 6848
6767 6848 6765
6675 6674 6912
6675 6912 6676
6675 6913 6666
6675 6666 6665
6906 6866 6914
6906 6914 6915
6865 6916 6914
6865 6914 6866
6864 6617 6917
6873 6872 6864
6570 6873 6714
6571 6570 6714
6918 6810 6809
6918 6809 6860
6860 6809 6858
6860 6858 6861
6610 6612 6743
6610 6743 6742
6847 6862 6741
6861 6742 6741
6861 6741 6862
6742 6861 6858
6742 6858 6610
6605 6610 6858
6605 6858 6606
6686 6900 6919
6920 6859 6900
6920 6900 6686
6860 6859 6920
6860 6920 6918
6900 6862 6847
6921 6831 6830
6921 6830 6922
6831 6883 6882
6831 6882 6828
6921 6884 6883
6921 6883 6831
6715 6636 6640
6676 6678 6913
6676 6913 6675
6676 6912 6923
6676 6923 6677
6919 6897 6898
6919 6898 6924
6897 6899 6586
6895 6885 6894
6680 6886 6893
6886 6680 6924
6687 6919 6924
6626 6632 6631
6626 6631 6627
6628 6635 6632
6628 6632 6626
6704 6703 6700
6704 6700 6699
6707 6703 6702
6597 6596 6925
6597 6925 6926
6926 6925 6927
6928 6596 6595
6928 6595 6929
6925 6596 6928
6925 6928 6930
6927 6925 6930
6873 6570 6872
6830 6829 6931
6922 6830 6931
6914 6916 6932
6914 6932 6933
6915 6914 6933
6915 6933 6934
6933 6932 6870
6933 6870 6776
6934 6933 6776
6934 6776 6775
6785 6788 6903
6785 6903 6902
6786 6785 6902
6786 6902 6901
6799 6802 6792
6799 6792 6795
6800 6799 6795
6800 6795 6803
6753 6760 6758
6753 6758 6755
6754 6753 6755
6754 6755 6757
6924 6683 6687
6935 6648 6646
6935 6646 6645
6648 6651 6911
6648 6911 6646
6650 6649 6832
6833 6649 6648
6833 6648 6935
6936 6937 6576
6936 6576 6938
6569 6571 6875
6569 6875 6939
6589 6874 6590
6719 6595 6594
6719 6594 6721
6929 6595 6719
6929 6719 6718
6871 6875 6571
6871 6693 6875
6885 6580 6881
6885 6881 6880
6898 6887 6886
6898 6886 6924
6896 6579 6887
6896 6887 6898
6583 6582 6579
6583 6579 6896
6579 6582 6574
6693 6590 6874
6714 6873 6637
6877 6709 6712
6877 6712 6876
6735 6834 6708
6593 6592 6881
6576 6569 6939
6576 6939 6938
6895 6893 6886
6924 6680 6683
6864 6917 6863
6687 6686 6919
6919 6900 6899
6579 6580 6887
6740 6847 6846
6880 6894 6885
6571 6715 6871
6940 6874 6593
6940 6593 6941
6573 6881 6580
6573 6580 6574
6938 6939 6940
6938 6940 6942
6939 6875 6874
6939 6874 6940
6864 6872 6617
6619 6917 6617
6578 6943 6872
6593 6874 6589
6637 6636 6715
6943 6618 6617
6943 6617 6872
6944 6943 6578
6944 6578 6577
6945 6618 6943
6945 6943 6944
6619 6618 6945
6619 6945 6946
6577 6937 6947
6679 6948 6843
6679 6843 6584
6572 6575 6842
6572 6842 6949
6942 6950 6936
6942 6936 6938
6944 6951 6945
6951 6952 6945
6944 6947 6951
6577 6947 6944
6576 6937 6577
6945 6952 6946
6953 6954 6948
6953 6948 6679
6599 6953 6679
6955 6953 6739
6739 6953 6599
6954 6955 6956
6953 6955 6954
6585 6897 6586
6587 6586 6737
6598 6585 6587
6587 6738 6599
6897 6919 6899
6740 6586 6899
6942 6957 6958
6942 6958 6950
6957 6942 6940
6957 6940 6941
6569 6578 6570
6576 6578 6569
6575 6574 6581
6713 6709 6708
6732 6708 6710
6750 6601 6600
6750 6600 6904
6761 6601 6750
6761 6750 6749
6616 6752 6751
6616 6751 6905
6615 6759 6752
6615 6752 6616
6958 6957 6572
6958 6572 6949
6573 6572 6957
6573 6957 6941
6881 6573 6941
6881 6941 6593
6959 6960 6961
6959 6961 6962
6963 6964 6965
6966 6967 6968
6969 6967 6966
6970 6971 6972
6973 6974 6975
6976 6977 6978
6979 6980 6981
6982 6983 6984
6982 6984 6985
6986 6987 6988
6989 6990 6991
6989 6991 6992
6992 6993 6994
6994 6993 6995
6996 6997 6998
6996 6998 6999
7000 7001 7002
7000 7002 7003
7004 7005 7006
7005 7007 7008
7009 7010 7011
7009 7011 7012
7013 7014 7015
7015 7016 7017
7015 7017 7018
7019 7020 7021
7019 7021 7022
7023 7024 6987
7025 7026 7027
7028 7029 7030
7028 7030 7031
7029 7032 7033
7029 7033 7030
7030 7034 7035
7030 7035 7031
7036 7037 7038
7039 7040 7041
7039 7041 7042
7043 7044 7045
7043 7045 7046
7019 7047 7043
7019 7043 7020
7048 7049 7015
7048 7015 7014
7050 7001 7000
7051 7052 6997
7051 6997 6996
7053 7054 7055
7053 7055 7056
7057 7058 7059
7057 7059 7060
7040 7061 7062
7040 7062 7041
7063 7064 7065
7066 7027 7026
6985 7067 7068
6985 7068 7069
7070 7037 7036
7071 7072 7073
7071 7073 7074
7075 7076 7077
7076 7075 7078
7079 7080 7081
7079 7081 7082
7083 7084 7085
7083 7085 7086
7087 7088 7089
7087 7089 7090
7091 7092 7093
7091 7093 7094
7095 7096 7097
7095 7097 7098
7099 7100 7101
7102 7103 7104
7102 7104 7105
7106 7107 7108
7109 7110 7111
7109 7111 7112
7113 7114 7115
7113 7115 7116
7114 7117 7118
7114 7118 7115
7118 7117 7119
7118 7119 7120
7119 7121 7122
7119 7122 7120
6971 7123 7124
6971 7124 6972
7125 7126 6974
7125 6974 7127
7128 7129 7130
7128 7130 7131
6967 7132 7133
6967 7133 6968
6963 6965 7134
7135 7136 6984
7135 6984 6983
7135 7134 7136
7137 7138 7139
7140 7141 7139
7142 7143 7144
7145 6981 6976
7146 7120 6973
7118 7146 7147
7112 7148 6969
7102 7149 7150
7102 7150 7151
7151 7150 7101
7151 7101 6959
6959 7101 7152
7070 6960 7152
7153 7029 7028
7145 7154 6981
7008 7007 7011
7008 7011 7155
7156 7157 7158
7159 7122 7145
6973 7120 7122
7127 6973 7159
7160 7161 7162
7074 7073 7163
7074 7163 7164
7076 7165 7166
7076 7166 7077
7167 7168 7169
7167 7169 7170
7171 7085 7084
7171 7084 7172
7089 7173 7174
7089 7174 7090
7175 7176 7177
7175 7177 7178
7179 7180 7181
7179 7181 7182
7183 7093 7092
7183 7092 7184
7185 7186 7187
7185 7187 7096
7183 7184 7044
7183 7044 7188
7189 7190 7191
7192 7178 7177
7192 7177 7193
7168 7194 7195
7168 7195 7169
7165 7196 7197
7165 7197 7166
7164 7163 7198
7164 7198 7199
7190 7049 7048
7200 7201 7202
7200 7202 7203
7204 7205 7050
7204 7050 7206
7195 7194 7051
7195 7051 7055
7197 7196 7058
7199 7198 7039
7207 7160 7162
7207 7162 7208
7209 6978 6977
7209 6977 7210
7211 7038 7091
7211 7091 7094
7212 7213 7095
7212 7095 7098
7129 7214 7215
7129 7215 7130
7078 7075 7133
7078 7133 7132
7147 6970 7216
7081 7080 7217
7081 7217 7218
7219 7220 7221
7219 7221 7222
7154 7223 6979
7224 6979 7225
7226 7227 7228
7226 7228 7229
7226 7229 7230
7013 7231 7232
7032 7233 6960
7234 7034 7030
7234 7030 7033
7015 7049 7235
7015 7235 7016
7101 7236 7237
7187 7186 7238
7187 7238 7239
7240 7241 7214
7240 7214 7242
7243 7244 7061
7062 7061 7244
7062 7244 7245
6986 6988 7246
7106 7108 7105
7106 7105 7104
7247 7248 7249
7247 7249 7250
7251 7252 7248
7251 7248 7247
7253 7254 7252
7253 7252 7251
7255 7256 7254
7255 7254 7253
7197 7058 7057
7257 7252 7254
7257 7254 7258
7249 7248 7259
7249 7259 7260
6989 7261 6990
7258 7254 7256
7258 7256 7262
7262 7256 7263
7262 7263 7264
7265 7266 7267
7265 7267 7268
7269 7028 7270
7271 7031 7272
7031 7035 7273
7031 7273 7272
7274 7017 7275
7235 7276 7277
7235 7277 7016
7278 7279 7276
7278 7276 7235
7279 7278 7280
7279 7280 7281
7281 7280 7282
7281 7282 7283
7284 7285 7024
7037 7213 7212
7286 7185 7096
7286 7096 7095
7213 7287 7286
7213 7286 7095
7288 7236 7287
7288 7287 7213
7237 7236 7288
7239 7238 7289
7239 7289 7290
7250 7249 7261
7250 7261 7246
7189 7278 7235
7189 7235 7049
7280 7278 7189
7280 7189 7181
7180 7282 7280
7180 7280 7181
7291 7292 7180
7291 7180 7179
7293 7282 7180
7293 7180 7292
7294 7283 7282
7294 7282 7293
7035 7292 7291
7035 7291 7273
7034 7293 7292
7034 7292 7035
7294 7293 7034
7294 7034 7234
7295 7296 7297
7298 7297 7296
7298 7296 7299
7300 7301 7302
7303 7304 7305
7306 7063 7307
7308 7309 7310
7308 7310 7311
7312 7310 7065
7313 7314 7315
7316 7317 7318
7316 7318 7319
7320 7318 7219
7321 7320 7322
7323 7324 7325
7326 7327 7328
7326 7328 7329
7330 7331 7332
7330 7332 7333
7334 7335 7222
7334 7222 7336
7337 7335 7334
7337 7334 7338
7044 7339 7045
7097 7339 7184
7092 7091 7098
7092 7098 7097
7098 7091 7038
7098 7038 7212
7037 7212 7038
7152 7237 7288
7152 7288 7037
7020 7043 7046
7020 7046 7284
7290 7289 7042
7290 7042 7285
7101 7237 7152
7265 7340 6966
7265 6966 7266
7107 6966 7340
7311 7310 7341
7158 7157 7342
7158 7342 7314
7220 7317 7343
7344 7345 7332
7344 7332 7346
7347 7348 7349
7347 7349 7350
7351 7344 7346
7319 7318 7352
7063 7309 7307
7353 7354 7351
7353 7351 7355
7356 7357 7358
7359 7010 7013
7013 7018 7360
7027 7066 7296
7027 7296 7361
7177 7226 7362
7177 7362 7193
7177 7176 7227
7177 7227 7226
6977 6980 7363
6977 7363 7210
7364 7363 6980
7364 6980 7224
6979 7224 6980
6981 6980 6977
6976 6981 6977
7037 7288 7213
7188 7044 7043
7188 7043 7047
7290 7046 7045
7290 7045 7239
7285 7284 7046
7285 7046 7290
7365 7061 7040
7366 7367 7368
7366 7368 7243
7241 7240 7367
7241 7367 7366
7198 7365 7040
7365 7243 7061
7366 7243 7365
7366 7365 7369
7369 7370 7241
7369 7241 7366
6965 7371 7372
6965 7372 7134
7104 7103 7373
7104 7373 7374
7375 7376 7377
7375 7377 7378
7376 7379 7380
7376 7380 7377
7381 7382 7380
7381 7380 7379
7069 7068 7382
7069 7382 7381
7139 7383 7384
7139 7384 7385
7385 7384 7386
7385 7386 7387
6964 7388 7371
6964 7371 6965
7136 7389 7390
7136 7390 6984
7069 7391 6982
7069 6982 6985
7392 7393 7388
7392 7388 6964
7141 7394 7383
7141 7383 7139
7381 7395 7391
7381 7391 7069
7379 7395 7381
7376 7396 7379
7397 7396 7376
7398 7397 7375
7372 7389 7136
7372 7136 7134
7399 7151 6959
7399 6959 6962
7400 7401 7154
7103 7102 7151
7103 7151 7399
7214 7129 7402
7214 7402 7242
7403 7128 7149
7403 7149 7404
7105 7108 7404
7252 7257 7259
7252 7259 7248
7059 7058 7054
7059 7054 7053
7196 7405 7054
7196 7054 7058
7406 7405 7196
7406 7196 7165
7406 7165 7076
7406 7076 7407
7407 7076 7078
7405 7195 7055
7405 7055 7054
7169 7195 7405
7169 7405 7406
7407 7170 7169
7407 7169 7406
7078 7408 7407
7167 7170 7408
7167 7408 7409
7410 7411 7409
7410 7409 7408
7411 7410 7412
7411 7412 7413
7408 7170 7407
7194 7414 7052
7194 7052 7051
7415 7414 7194
7415 7194 7168
7415 7168 7167
7415 7167 7416
7055 7051 6996
7055 6996 7056
7056 6996 6995
6996 6999 6995
7417 7416 7167
7417 7167 7409
7418 7417 7409
7418 7409 7411
7419 7418 7411
7419 7411 7413
7111 7420 7148
7421 7422 7423
7423 7422 7424
7423 7424 7425
7426 7427 7425
7426 7425 7424
7106 7109 7112
7106 7112 7107
7413 7412 6969
7413 6969 7148
7420 7419 7413
7420 7413 7148
7428 7001 7050
7206 7050 7000
7001 7429 7004
7001 7004 7002
6987 7041 7062
6987 7062 6988
6990 7060 7059
6990 7059 6991
6991 7059 7053
6991 7053 6993
6993 7053 7056
6993 7056 6995
6998 7430 6999
7002 7431 7003
7432 7203 7202
7432 7202 7433
7202 7434 7435
7017 7274 7360
7017 7360 7018
7022 7021 7436
7022 7436 7274
7020 7284 7021
7041 6987 7024
7041 7024 7042
7434 7161 7435
7024 7285 7042
6988 7062 7245
6988 7245 7246
7261 7249 7260
7261 7260 6990
7017 7016 7277
7017 7277 7275
7024 7023 7436
7024 7436 7021
7261 6989 6986
7261 6986 7246
7010 7359 7155
7010 7155 7011
7013 7015 7018
6999 7430 6994
6999 6994 6995
7437 7002 7004
7201 7438 7434
7201 7434 7202
7084 7439 7440
7084 7440 7172
7083 7441 7439
7083 7439 7084
6971 6975 7442
6971 7442 7123
6970 7147 6971
7122 7159 6973
6973 7127 6974
7443 7263 7256
7443 7256 7255
7444 7340 7265
7444 7265 7445
7108 7107 7340
7108 7340 7444
7446 7445 7265
7446 7265 7268
7429 7428 7447
7428 7448 7447
7162 7434 7438
7162 7438 7208
7161 7434 7162
7126 7442 6975
7126 6975 6974
7441 7087 7090
7441 7090 7439
7440 7439 7090
7440 7090 7174
7010 7009 7231
7008 7449 7006
7008 7006 7005
7449 7008 7155
7360 7450 7359
7360 7359 7013
7036 7038 7211
7231 7013 7010
7451 7452 7453
7451 7453 7322
7454 7301 7455
7296 7066 7454
7296 7454 7299
7347 7456 7301
7304 7303 7457
7307 7458 7459
7307 7459 7460
7309 7063 7065
7309 7065 7310
7314 7313 7461
7317 7219 7318
7320 7321 7462
7320 7219 7451
7320 7451 7322
7325 7025 7027
7325 7027 7361
7312 7461 7463
7312 7463 7310
7464 7465 7466
7464 7466 7467
7342 7315 7314
7317 7316 7356
7350 7468 7456
7467 7305 7304
7469 7470 7349
7349 7470 7471
7349 7471 7350
7304 7457 7355
7304 7355 7351
7309 7308 7458
7309 7458 7307
7157 7220 7343
7296 7295 7472
7296 7472 7361
7453 7473 7474
7453 7474 7322
7301 7300 7455
7452 7451 7335
7475 7464 7467
7456 7476 7301
7379 7396 7395
7375 7397 7376
7143 7398 7375
7142 7398 7143
7135 6963 7134
7138 7140 7139
7137 7139 7385
6963 7477 6964
7477 7478 7392
7477 7392 6964
7478 7479 7387
7478 7387 7392
7137 7385 7387
7137 7387 7479
7480 7481 6963
7480 6963 7135
7112 6969 6966
7112 6966 7107
7401 7400 7482
7401 7482 7483
7400 7121 7484
7400 7484 7482
7485 7486 7487
7488 7489 7448
7488 7448 7490
7448 7489 7447
7146 6975 6971
6970 7218 7217
7146 7118 7120
7362 7230 7491
7191 7182 7181
7189 7191 7181
7230 7362 7226
7146 6973 6975
7487 7486 7492
7487 7492 7493
7490 7494 7495
7490 7495 7488
7205 7448 7428
7205 7428 7050
7492 7205 7204
7492 7204 7493
7490 7448 7205
7490 7205 7492
7467 7466 7305
7352 7318 7462
7318 7320 7462
7358 7157 7343
7317 7220 7219
7092 7097 7184
7044 7184 7339
7472 7323 7361
7004 7432 7433
7004 7433 7005
7005 7433 7435
7005 7435 7007
7007 7435 7161
7007 7161 7011
7202 7435 7433
7496 7009 7012
7496 7012 7497
7498 7231 7009
7498 7009 7496
7231 7498 7232
7190 7189 7049
7323 7325 7361
7498 7499 7232
7284 7024 7021
7500 7501 7502
7500 7502 7503
7504 7505 7506
7504 7506 7507
7508 7509 7505
7508 7505 7504
7510 7511 7501
7510 7501 7500
7512 7481 7480
7512 7480 7513
7514 7515 7516
7514 7516 7517
6983 7518 7480
6983 7480 7135
6982 7509 7518
6982 7518 6983
7505 7509 6982
7505 6982 7391
7396 7519 7506
7396 7506 7395
7397 7511 7519
7397 7519 7396
7501 7511 7397
7501 7397 7398
7138 7520 7521
7138 7521 7140
7137 7522 7520
7137 7520 7138
7479 7523 7522
7479 7522 7137
7478 7515 7523
7478 7523 7479
7516 7515 7478
7516 7478 7477
7481 7516 7477
7481 7477 6963
7518 7524 7513
7518 7513 7480
7509 7508 7524
7509 7524 7518
7519 7525 7507
7519 7507 7506
7511 7510 7525
7511 7525 7519
7520 7526 7527
7520 7527 7521
7522 7528 7526
7522 7526 7520
7523 7529 7528
7523 7528 7522
7515 7514 7529
7515 7529 7523
7481 7512 7517
7481 7517 7516
7501 7398 7142
7501 7142 7502
7505 7391 7395
7505 7395 7506
7328 7454 7066
7328 7327 7454
7335 7451 7219
7335 7219 7222
7530 7531 7064
7530 7064 7532
7198 7040 7039
7222 7221 7533
7222 7533 7336
7345 7534 7333
7345 7333 7332
7534 7345 7327
7534 7327 7326
7002 7437 7431
7437 7004 7006
7306 7307 7460
7428 7429 7001
7187 7339 7097
7187 7097 7096
7239 7045 7339
7239 7339 7187
7064 7063 7306
7064 7306 7535
7193 7496 7497
7193 7497 7192
7362 7498 7496
7362 7496 7193
7499 7498 7362
7499 7362 7491
7124 7123 7083
7124 7083 7086
7442 7441 7083
7442 7083 7123
7087 7441 7442
7087 7442 7126
7088 7087 7126
7088 7126 7125
7425 7536 7423
7423 7536 7537
7423 7537 7485
7486 7485 7537
7172 7201 7200
7172 7200 7171
7440 7438 7201
7440 7201 7172
7208 7438 7440
7208 7440 7174
7173 7207 7208
7173 7208 7174
7112 7111 7148
7268 7263 7443
7268 7443 7446
7267 7264 7263
7267 7263 7268
7403 7402 7129
7403 7129 7128
7369 7365 7198
7369 7198 7163
7214 7241 7370
7214 7370 7215
7150 7149 7128
7150 7128 7131
7243 7368 7244
7099 7101 7150
7100 7099 7538
7100 7538 7539
7539 7538 7072
7539 7072 7071
7131 7099 7150
7099 7131 7130
7099 7130 7538
7215 7072 7538
7215 7538 7130
7072 7215 7370
7072 7370 7073
7369 7163 7073
7369 7073 7370
7217 7540 7427
7217 7427 7216
7080 7541 7540
7080 7540 7217
7079 7542 7541
7079 7541 7080
7495 7494 7542
7495 7542 7079
7495 7079 7082
7216 6970 7217
7425 7427 7540
7541 7536 7425
7541 7425 7540
7542 7537 7536
7542 7536 7541
7494 7486 7537
7494 7537 7542
7486 7494 7490
7486 7490 7492
7210 7543 7544
7210 7544 7209
7363 7545 7543
7363 7543 7210
7546 7545 7363
7546 7363 7364
7543 7176 7175
7543 7175 7544
7545 7227 7176
7545 7176 7543
7546 7228 7227
7546 7227 7545
6992 6991 6993
7066 7026 7328
7346 7475 7467
7346 7467 7304
7475 7346 7332
7475 7332 7331
7346 7304 7351
7342 7547 7315
7531 7156 7158
7532 7064 7535
7532 7535 7548
7329 7328 7026
7329 7026 7549
7337 7338 7549
7337 7549 7026
7531 7530 7550
7531 7550 7156
7454 7347 7301
7327 7347 7454
7116 7115 7216
7116 7216 7427
7118 7147 7216
7118 7216 7115
7147 7146 6971
7114 7113 7551
7114 7551 7552
7143 7553 7554
7143 7554 7144
7555 7556 7113
7555 7113 7116
7427 7426 7555
7427 7555 7116
6984 7390 7067
6984 7067 6985
7557 7558 7401
7557 7401 7483
7223 7154 7558
7558 7557 7559
7558 7559 7560
7153 7269 7560
7359 7450 7449
7359 7449 7155
7221 7156 7550
7221 7550 7533
7220 7157 7156
7220 7156 7221
7561 7322 7474
7533 7450 7360
7533 7360 7336
7550 7449 7450
7550 7450 7533
7530 7006 7449
7530 7449 7550
7437 7006 7530
7437 7530 7532
7437 7532 7548
7437 7548 7431
7430 7330 7333
7430 7333 6994
7534 6992 6994
7534 6994 7333
6992 7534 7326
6992 7326 6989
6989 7326 7329
6989 7329 6986
7023 6986 7329
7023 7329 7549
7338 7436 7023
7338 7023 7549
7274 7334 7360
6969 7412 6967
6967 7412 7410
6967 7410 7132
7408 7078 7132
7408 7132 7410
7023 6987 6986
7105 7404 7149
7105 7149 7102
7371 7562 7563
7371 7563 7372
7117 7114 7552
7117 7552 7564
7380 7565 7564
7380 7564 7377
7484 7565 7380
7484 7380 7382
7566 7384 7383
7566 7383 7567
7384 7566 7374
7384 7374 7386
7388 7568 7562
7388 7562 7371
7373 7103 7399
7373 7399 7568
7110 7109 7567
7110 7567 7569
7393 7392 7387
7393 7387 7386
7553 7143 7375
7553 7375 7378
7113 7556 7570
7113 7570 7551
7389 7559 7557
7389 7557 7390
7373 7393 7386
7373 7386 7374
7482 7068 7067
7482 7067 7483
7484 7382 7068
7484 7068 7482
7551 7553 7378
7551 7378 7552
7067 7390 7557
7067 7557 7483
7562 6961 7563
7552 7378 7377
7552 7377 7564
7565 7119 7117
7565 7117 7564
7484 7121 7119
7484 7119 7565
7109 7106 7566
7109 7566 7567
7566 7106 7104
7566 7104 7374
7568 7399 6962
7568 6962 7562
7568 7388 7393
7568 7393 7373
7567 7383 7394
7567 7394 7569
7559 7389 7372
7559 7372 7563
7570 7554 7553
7570 7553 7551
7317 7356 7343
7356 7358 7343
7571 7572 7573
7571 7573 7574
7357 7547 7342
7575 7576 7577
7575 7577 7578
7468 7350 7471
7579 7580 7581
7582 7473 7453
7582 7453 7583
7572 7584 7573
7342 7157 7358
7576 7585 7577
7586 7587 7588
7589 7590 7591
7580 7592 7593
7580 7593 7581
7453 7452 7583
7322 7561 7321
7121 7400 7145
7121 7145 7122
7400 7154 7145
6981 7154 6979
7334 7274 7436
7334 7436 7338
7360 7334 7336
7455 7300 7594
7354 7348 7344
7348 7354 7349
7354 7353 7595
7354 7595 7349
7327 7348 7347
7345 7348 7327
7345 7344 7348
7354 7344 7351
7357 7342 7358
7596 7337 7026
7337 7596 7452
7452 7596 7597
7452 7597 7583
7025 7598 7599
7600 7597 7599
7600 7599 7601
7597 7602 7583
7598 7603 7601
7598 7601 7599
7597 7596 7025
7597 7025 7599
7602 7582 7583
7597 7600 7602
7337 7452 7335
7596 7026 7025
7065 7531 7158
7065 7064 7531
7312 7065 7158
7312 7158 7314
7314 7461 7312
7456 7347 7350
7456 7468 7476
7301 7476 7302
7269 7558 7560
7604 7605 7606
7604 7606 7607
7608 7609 7610
7611 7612 7613
7611 7613 7614
7615 7616 7617
7615 7617 7618
7604 7619 7605
7620 7621 7622
7621 7623 7624
7621 7624 7622
7623 7625 7626
7623 7626 7624
7627 7628 7629
7627 7629 7630
7631 7632 7633
7631 7633 7634
7635 7633 7632
7635 7632 7636
7637 7638 7618
7637 7618 7617
7639 7640 7627
7639 7627 7630
7641 7642 7643
7641 7643 7644
7645 7646 7647
7645 7647 7648
7639 7631 7634
7639 7634 7640
7638 7637 7649
7638 7649 7650
7650 7649 7612
7650 7612 7611
7625 7629 7628
7625 7628 7626
7651 7652 7616
7651 7616 7615
7653 7654 7655
7656 7657 7655
7656 7655 7654
7656 7658 7659
7656 7659 7657
7660 7661 7659
7660 7659 7658
7661 7660 7662
7661 7662 7663
7662 7664 7665
7662 7665 7663
7665 7664 7666
7665 7666 7667
7668 7669 7667
7668 7667 7666
7669 7668 7670
7671 7672 7673
7674 7675 7673
7608 7676 7609
7609 7677 7678
7609 7678 7610
7678 7677 7679
7678 7679 7680
7680 7679 7681
7680 7681 7682
7682 7681 7683
7682 7683 7684
7685 7686 7687
7685 7687 7688
7688 7687 7689
7688 7689 7690
7691 7690 7689
7692 7693 7694
7692 7695 7696
7692 7696 7693
7696 7695 7697
7696 7697 7698
7699 7700 7698
7699 7698 7697
7700 7699 7642
7700 7642 7641
7644 7643 7701
7644 7701 7702
7702 7701 7703
7702 7703 7704
7705 7706 7704
7705 7704 7703
7707 7708 7709
7710 7711 7712
7712 7711 7713
7712 7713 7714
7715 7716 7714
7715 7714 7713
7716 7715 7717
7716 7717 7718
7646 7645 7718
7646 7718 7717
7719 7720 7648
7719 7648 7647
7720 7719 7721
7722 7723 7724
7725 7726 7724
7725 7724 7723
7726 7725 7727
7726 7727 7728
7729 7730 7728
7729 7728 7727
7731 7732 7730
7731 7730 7729
7731 7733 7734
7731 7734 7732
7734 7733 7735
7734 7735 7736
7736 7735 7737
7736 7737 7738
7739 7740 7741
7739 7741 7742
7743 7744 7742
7743 7742 7741
7743 7745 7746
7743 7746 7744
7746 7745 7747
7746 7747 7748
7749 7748 7747
7749 7747 7750
7751 7752 7753
7635 7636 7754
7739 7755 7740
7756 7614 7613
7708 7706 7705
7708 7705 7709
7757 7738 7737
7752 7749 7750
7752 7750 7753
7652 7651 7607
7652 7607 7606
7683 7686 7685
7683 7685 7684
7271 7270 7028
7271 7028 7031
7673 7672 7674
7674 7676 7608
7154 7401 7558
6979 7758 7225
7674 7608 7675
7558 7269 7223
7223 7758 6979
7223 7269 7758
7269 7153 7028
6960 7759 6961
7562 6962 6961
6960 6959 7152
7029 7153 7233
7233 7153 7560
7233 7560 7759
7563 7759 7560
7563 7560 7559
6961 7759 7563
6960 7233 7759
7070 7152 7037
7032 7029 7233
7760 7761 7762
7763 7764 7765
7766 7767 7768
7769 7770 7771
7772 7773 7774
7775 7776 7777
7778 7779 7780
7781 7782 7783
7784 7773 7772
7785 7764 7786
7787 7767 7788
7789 7790 7776
7789 7776 7775
7791 7792 7793
7794 7795 7796
7794 7797 7798
7784 7799 7773
7789 7800 7790
7801 7767 7802
7787 7803 7767
7760 7804 7761
7774 7773 7805
7794 7806 7797
7765 7802 7804
7807 7808 7792
7807 7792 7791
7807 7809 7808
7766 7810 7770
7766 7770 7767
7811 7777 7776
7763 7812 7764
7761 7798 7782
7802 7813 7798
7802 7798 7761
7814 7806 7780
7782 7815 7783
7790 7806 7796
7767 7803 7768
7773 7795 7805
7811 7776 7773
7814 7816 7817
7808 7818 7782
7773 7799 7819
7770 7810 7771
7764 7812 7786
7767 7820 7813
7767 7801 7821
7814 7822 7793
7808 7797 7792
7770 7823 7820
7814 7779 7816
7824 7762 7761
7814 7817 7825
7808 7809 7818
7764 7802 7765
7785 7802 7764
7802 7761 7804
7785 7826 7802
7773 7819 7827
7827 7811 7773
7795 7773 7776
7795 7776 7796
7797 7808 7782
7797 7782 7798
7806 7814 7792
7813 7794 7798
7806 7794 7796
7795 7794 7823
7820 7794 7813
7823 7794 7820
7790 7796 7776
7828 7774 7805
7769 7828 7805
7769 7805 7770
7823 7770 7805
7795 7823 7805
7829 7824 7782
7824 7761 7782
7829 7782 7781
7767 7813 7802
7814 7825 7822
7801 7802 7826
7782 7818 7815
7770 7820 7767
7806 7792 7797
7778 7780 7790
7778 7790 7800
7780 7806 7790
7780 7779 7814
7814 7793 7792
7767 7821 7788
7830 7831 7832
7830 7832 7833
7834 7835 7836
7837 7838 7839
7840 7837 7839
7841 7842 7843
7844 7845 7846
7847 7848 7849
7850 7851 7852
7853 7854 7855
7853 7855 7856
7857 7858 7859
7860 7861 7862
7860 7862 7863
7861 7864 7865
7864 7866 7865
7867 7868 7869
7867 7869 7870
7871 7872 7873
7871 7873 7874
7875 7876 7877
7877 7878 7879
7880 7881 7882
7880 7882 7883
7884 7885 7886
7885 7887 7888
7885 7888 7889
7890 7891 7892
7890 7892 7893
7894 7859 7895
7896 7897 7898
7899 7900 7901
7899 7901 7902
7902 7901 7903
7902 7903 7904
7901 7900 7905
7901 7905 7906
7907 7908 7909
7910 7911 7912
7910 7912 7913
7914 7915 7916
7914 7916 7917
7890 7893 7914
7890 7914 7918
7919 7886 7885
7919 7885 7920
7921 7871 7874
7922 7867 7870
7922 7870 7923
7924 7925 7926
7924 7926 7927
7928 7929 7930
7928 7930 7931
7913 7912 7932
7913 7932 7933
7934 7935 7936
7937 7898 7897
7854 7938 7939
7854 7939 7940
7941 7907 7909
7942 7943 7944
7942 7944 7945
7946 7947 7948
7948 7949 7946
7950 7951 7952
7950 7952 7953
7954 7955 7956
7954 7956 7957
7958 7959 7960
7958 7960 7961
7962 7963 7964
7962 7964 7965
7966 7967 7968
7966 7968 7969
7970 7971 7972
7973 7974 7975
7973 7975 7976
7977 7978 7979
7980 7981 7982
7980 7982 7983
7984 7985 7986
7984 7986 7987
7987 7986 7988
7987 7988 7989
7988 7990 7991
7988 7991 7989
7991 7990 7992
7991 7992 7993
7843 7842 7994
7843 7994 7995
7996 7997 7846
7996 7846 7998
7999 8000 8001
7999 8001 8002
7839 7838 8003
7839 8003 8004
7834 8005 7835
8006 7856 7855
8006 7855 8007
8006 8007 8005
8008 8009 8010
8011 8009 8012
8013 8014 8015
8016 7847 7851
8017 7844 7990
7988 8018 8017
7981 7840 8019
7973 8020 8021
7973 8021 8022
8020 7830 7971
8020 7971 8021
7830 8023 7971
7941 8023 7833
8024 7899 7902
8016 7851 8025
7878 8026 7882
7878 7882 7879
8027 8028 8029
8030 8016 7992
7844 7992 7990
7997 8030 7844
8031 8032 8033
7943 8034 8035
7943 8035 7944
7948 7947 8036
7948 8036 8037
8038 8039 8040
8038 8040 8041
8042 8043 7957
8042 7957 7956
7960 7959 8044
7960 8044 8045
8046 8047 8048
8046 8048 8049
8050 8051 8052
8050 8052 8053
8054 8055 7965
8054 7965 7964
8056 7969 8057
8056 8057 8058
8054 8059 7917
8054 7917 8055
8060 8061 8062
8063 8064 8048
8063 8048 8047
8041 8040 8065
8041 8065 8066
8037 8036 8067
8037 8067 8068
8034 8069 8070
8034 8070 8035
8062 7919 7920
8071 8072 8073
8071 8073 8074
8075 8076 7921
8075 7921 8077
8065 7926 7922
8065 7922 8066
8067 7931 8068
8069 7910 8070
8078 8079 8032
8078 8032 8031
8080 8081 7849
8080 7849 7848
8082 7963 7962
8082 7962 7908
8083 7967 7966
8083 7966 8084
8002 8001 8085
8002 8085 8086
7949 8004 8003
7949 8003 7946
8018 8087 7841
7952 8088 8089
7952 8089 7953
8090 8091 8092
8090 8092 8093
8025 7850 8094
8095 8096 7850
8097 8098 8099
8097 8099 8100
8097 8101 8098
7884 8102 8103
7904 7833 8104
8105 7903 7901
8105 7901 7906
7885 7889 8106
7885 8106 7920
7971 8107 8108
8057 8109 8110
8057 8110 8058
8111 8112 8086
8111 8086 8113
8114 7933 8115
7932 8116 8115
7932 8115 7933
7857 8117 7858
7977 7975 7974
7977 7974 7978
8118 8119 8120
8118 8120 8121
8122 8118 8121
8122 8121 8123
8124 8122 8123
8124 8123 8125
8126 8124 8125
8126 8125 8127
8067 7928 7931
8128 8129 8125
8128 8125 8123
8120 8130 8131
8120 8131 8121
7860 7863 8132
8129 8133 8127
8129 8127 8125
8133 8134 8135
8133 8135 8127
8136 8137 8138
8136 8138 8139
8140 8141 7899
8142 8143 7900
7900 8143 8144
7900 8144 7905
8145 8146 7888
8106 7889 8147
8106 8147 8148
8149 8106 8148
8149 8148 8150
8150 8151 8152
8150 8152 8149
8151 8153 8154
8151 8154 8152
8155 7895 8156
7909 8083 8084
8157 7966 7969
8157 7969 8056
8084 7966 8157
8084 8157 8158
8159 8084 8158
8159 8158 8108
8107 8159 8108
8109 8160 8110
8109 8161 8160
8119 8117 8132
8119 8132 8120
8060 7920 8106
8060 8106 8149
8152 8052 8060
8152 8060 8149
8053 8052 8152
8053 8152 8154
8162 8050 8053
8162 8053 8163
8164 8163 8053
8164 8053 8154
8165 8164 8154
8165 8154 8153
7905 8144 8162
7905 8162 8163
7906 7905 8163
7906 8163 8164
8165 8105 7906
8165 7906 8164
8166 8167 8168
8169 8170 8168
8169 8168 8167
8171 8172 8173
8174 8175 8176
8177 8178 7934
8179 8180 8181
8179 8181 8182
8183 7935 8181
8184 8185 8186
8187 8188 8189
8187 8189 8190
8191 8090 8189
8192 8193 8191
8194 8195 8196
8197 8198 8199
8197 8199 8200
8201 8202 8203
8201 8203 8204
8205 8206 8091
8205 8091 8207
8208 8209 8205
8208 8205 8207
7917 7916 8210
7968 8055 8210
7965 7968 7967
7965 7967 7962
7967 8083 7908
7967 7908 7962
7909 7908 8083
8023 7909 8159
8023 8159 8107
7893 8155 7915
7893 7915 7914
8161 8156 7911
8161 7911 8160
7971 8023 8107
8136 8139 7837
8136 7837 8211
7979 8211 7837
8180 8212 8181
8028 8186 8213
8028 8213 8029
8093 8214 8190
8215 8216 8203
8215 8203 8217
8218 8219 8220
8218 8220 8221
8222 8216 8215
8188 8223 8189
7934 8178 8182
8224 8225 8222
8224 8222 8226
8227 8228 8229
8230 7884 7883
7884 8231 7887
7897 8232 8168
7897 8168 7937
8048 8064 8233
8048 8233 8097
8048 8097 8100
8048 8100 8049
7849 8081 8234
7849 8234 7852
8235 8095 7852
8235 7852 8234
7850 7852 8095
7851 7849 7852
7847 7849 7851
7909 8084 8159
8059 7918 7914
8059 7914 7917
8161 8109 7916
8161 7916 7915
8156 8161 7915
8156 7915 8155
8236 7913 7933
8237 8114 8238
8237 8238 8239
8113 8237 8239
8113 8239 8111
8070 7913 8236
8236 7933 8114
8237 8240 8236
8237 8236 8114
8240 8237 8113
8240 8113 8241
7835 8005 8242
7835 8242 8243
7975 8244 8245
7975 8245 7976
8246 8247 8248
8246 8248 8249
8249 8248 8250
8249 8250 8251
8252 8251 8250
8252 8250 8253
7938 8252 8253
7938 8253 7939
8009 8254 8255
8009 8255 8256
8254 8257 8258
8254 8258 8255
7836 7835 8243
7836 8243 8259
8007 7855 8260
8007 8260 8261
7938 7854 7853
7938 7853 8262
8263 7836 8259
8263 8259 8264
8012 8009 8256
8012 8256 8265
8252 7938 8262
8252 8262 8266
8251 8252 8266
8249 8251 8267
8268 8249 8267
8269 8246 8268
8242 8005 8007
8242 8007 8261
8270 7831 7830
8270 7830 8020
8271 8025 8272
7976 8270 8020
7976 8020 7973
8086 8112 8273
8086 8273 8002
8274 8275 8022
8274 8022 7999
7974 8275 7978
8123 8121 8131
8123 8131 8128
7930 7924 7927
7930 7927 7931
8068 7931 7927
8068 7927 8276
8277 8037 8068
8277 8068 8276
8277 8278 7948
8277 7948 8037
8278 7949 7948
8276 7927 7926
8276 7926 8065
8040 8277 8276
8040 8276 8065
8278 8277 8040
8278 8040 8039
7949 8278 8279
8038 8280 8279
8038 8279 8039
8281 8279 8280
8281 8280 8282
8282 8283 8284
8282 8284 8281
8279 8278 8039
8066 7922 7923
8066 7923 8285
8286 8041 8066
8286 8066 8285
8286 8287 8038
8286 8038 8041
7926 7925 7867
7926 7867 7922
7925 7866 7867
7867 7866 7868
8288 8280 8038
8288 8038 8287
8289 8282 8280
8289 8280 8288
8290 8283 8282
8290 8282 8289
7982 8019 8291
8292 8293 8294
8293 8295 8296
8293 8296 8294
8297 8296 8295
8297 8295 8298
7977 7979 7981
7977 7981 7980
8283 8019 7840
8283 7840 8284
8291 8019 8283
8291 8283 8290
8299 7921 7874
8076 7871 7921
7874 7873 7875
7874 7875 8300
7859 7858 7932
7859 7932 7912
7863 7862 7930
7863 7930 7929
7862 7865 7924
7862 7924 7930
7865 7866 7925
7865 7925 7924
7869 7868 8301
7873 7872 8302
8303 8304 8073
8303 8073 8072
8073 8305 8306
7888 7887 8231
7888 8231 8145
8307 7892 7891
8307 7891 8145
7893 7892 8155
7895 7859 7912
7895 7912 7911
8306 8305 8033
7895 7911 8156
7858 8117 8116
7858 8116 7932
8132 7863 8130
8132 8130 8120
7888 8146 8147
7888 8147 7889
7895 7892 8307
7895 8307 7894
8132 8117 7857
8132 7857 7860
7883 7882 8026
7883 8026 8230
7884 7887 7885
7868 7866 7864
7868 7864 8301
8308 7875 7873
8074 8073 8306
8074 8306 8309
7957 8043 8310
7957 8310 8311
7954 7957 8311
7954 8311 8312
7843 7995 8313
7843 8313 7845
7841 7843 8018
7992 7844 8030
7844 7846 7997
8314 8126 8127
8314 8127 8135
8315 8316 8136
8315 8136 8211
7978 8315 8211
7978 8211 7979
8317 8137 8136
8317 8136 8316
8300 8318 8299
8299 8318 8319
8032 8079 8309
8032 8309 8306
8033 8032 8306
7998 7846 7845
7998 7845 8313
8312 8311 7959
8312 7959 7958
8310 8044 7959
8310 7959 8311
7883 8103 7880
7878 7877 7876
7878 7876 8320
8320 8026 7878
8231 7884 8230
8231 8230 8321
7907 8082 7908
8103 7883 7884
8322 8193 8323
8322 8323 8324
8325 8326 8173
8168 8170 8325
8168 8325 7937
8218 8173 8327
8176 8328 8174
8178 8329 8330
8178 8330 8331
8182 8181 7935
8182 7935 7934
8186 8332 8184
8190 8189 8090
8191 8333 8192
8191 8193 8322
8191 8322 8090
8195 8232 7897
8195 7897 7896
8183 8181 8334
8183 8334 8332
8335 8336 8337
8335 8337 8338
8213 8186 8185
8190 8227 8187
8219 8327 8339
8336 8176 8175
8340 8220 8341
8220 8219 8342
8220 8342 8341
8176 8222 8225
8176 8225 8328
8182 8178 8331
8182 8331 8179
8029 8214 8093
8168 8232 8343
8168 8343 8166
8323 8193 8344
8323 8344 8345
8173 8326 8171
8324 8207 8322
8346 8336 8335
8327 8173 8347
8251 8266 8267
8246 8249 8268
8015 8246 8269
8013 8015 8269
8006 8005 7834
8010 8009 8011
8008 8254 8009
7834 7836 8348
8348 7836 8263
8348 8263 8349
8349 8263 8257
8349 8257 8350
8008 8350 8257
8008 8257 8254
8351 8006 7834
8351 7834 8352
7981 7979 7837
7981 7837 7840
8272 8353 8354
8272 8354 8271
8271 8354 8355
8271 8355 7993
8356 8357 8358
8359 8360 8319
8359 8319 8361
8319 8318 8361
8017 7843 7845
7841 8089 8088
8017 7990 7988
8233 8362 8101
8061 8052 8051
8060 8052 8061
8101 8097 8233
8017 7845 7844
8357 8363 8364
8357 8364 8358
8360 8359 8365
8360 8365 8366
8077 7921 8299
8077 8299 8319
8364 8363 8075
8364 8075 8077
8360 8364 8077
8360 8077 8319
8336 8175 8337
8223 8333 8189
8189 8333 8191
8228 8214 8029
8190 8090 8093
7965 8055 7968
7917 8210 8055
8343 8232 8194
7875 7877 8304
7875 8304 8303
7877 7879 8305
7877 8305 8304
7879 7882 8033
7879 8033 8305
8073 8304 8305
8367 8368 7881
8367 7881 7880
8369 8367 7880
8369 7880 8103
8103 8102 8369
8062 7920 8060
8194 8232 8195
8369 8102 8370
8155 7892 7895
8371 8372 8373
8371 8373 8374
8375 8376 8377
8375 8377 8378
8379 8375 8378
8379 8378 8380
8381 8371 8374
8381 8374 8382
8383 8384 8351
8383 8351 8352
8385 8386 8387
8385 8387 8388
7856 8006 8351
7856 8351 8389
7853 7856 8389
7853 8389 8380
8378 8262 7853
8378 7853 8380
8267 8266 8377
8267 8377 8390
8268 8267 8390
8268 8390 8382
8374 8269 8268
8374 8268 8382
8010 8011 8391
8010 8391 8392
8008 8010 8392
8008 8392 8393
8350 8008 8393
8350 8393 8394
8349 8350 8394
8349 8394 8388
8387 8348 8349
8387 8349 8388
8352 7834 8348
8352 8348 8387
8389 8351 8384
8389 8384 8395
8380 8389 8395
8380 8395 8379
8390 8377 8376
8390 8376 8396
8382 8390 8396
8382 8396 8381
8392 8391 8397
8392 8397 8398
8393 8392 8398
8393 8398 8399
8394 8393 8399
8394 8399 8400
8388 8394 8400
8388 8400 8385
8352 8387 8386
8352 8386 8383
8374 8373 8013
8374 8013 8269
8378 8377 8266
8378 8266 8262
8199 7937 8325
8199 8325 8200
8207 8091 8090
8207 8090 8322
8401 8402 7936
8401 7936 8403
8070 7910 7913
8091 8206 8404
8091 8404 8092
8217 8203 8202
8217 8202 8405
8405 8197 8200
8405 8200 8217
7873 8302 8308
8308 7876 7875
8177 8329 8178
8299 7874 8300
8057 7969 7968
8057 7968 8210
8109 8057 8210
8109 8210 7916
7936 8406 8177
7936 8177 7934
8064 8063 8368
8064 8368 8367
8233 8064 8367
8233 8367 8369
8370 8362 8233
8370 8233 8369
7994 7955 7954
7994 7954 7995
8313 7995 7954
8313 7954 8312
7958 7998 8313
7958 8313 8312
7961 7996 7998
7961 7998 7958
8295 8293 8407
8293 8356 8408
8293 8408 8407
8358 8408 8356
8043 8042 8071
8043 8071 8074
8310 8043 8074
8310 8074 8309
8079 8044 8310
8079 8310 8309
8045 8044 8079
8045 8079 8078
7981 8019 7982
8137 8317 8314
8137 8314 8135
8138 8137 8135
8138 8135 8134
8274 7999 8002
8274 8002 8273
8240 8035 8070
8240 8070 8236
8086 8085 8241
8086 8241 8113
8021 8000 7999
8021 7999 8022
8114 8115 8238
7970 8021 7971
7972 8409 8410
7972 8410 7970
8409 7942 7945
8409 7945 8410
8000 8021 7970
7970 8410 8001
7970 8001 8000
8085 8001 8410
8085 8410 7945
7945 7944 8241
7945 8241 8085
8240 8241 7944
8240 7944 8035
8089 8087 8298
8089 8298 8411
7953 8089 8411
7953 8411 8412
7950 7953 8412
7950 8412 8413
8365 7950 8413
8365 8413 8366
8365 7951 7950
8087 8089 7841
8295 8411 8298
8412 8411 8295
8412 8295 8407
8413 8412 8407
8413 8407 8408
8366 8413 8408
8366 8408 8358
8358 8364 8360
8358 8360 8366
8081 8080 8414
8081 8414 8415
8234 8081 8415
8234 8415 8416
8417 8235 8234
8417 8234 8416
8415 8414 8046
8415 8046 8049
8416 8415 8049
8416 8049 8100
8417 8416 8100
8417 8100 8099
7861 7865 7862
7937 8199 7898
8216 8176 8336
8216 8336 8346
8346 8204 8203
8346 8203 8216
8216 8222 8176
8213 8185 8418
8403 8028 8027
8402 8419 8406
8402 8406 7936
8198 8420 7898
8198 7898 8199
8208 7898 8420
8208 8420 8209
8403 8027 8421
8403 8421 8401
8325 8173 8218
8200 8325 8218
7985 8298 8087
7985 8087 7986
7988 7986 8087
7988 8087 8018
8018 7843 8017
7987 8422 8423
7987 8423 7984
8015 8014 8424
8015 8424 8425
8426 7985 7984
8426 7984 8427
8298 7985 8426
8298 8426 8297
7855 7854 7940
7855 7940 8260
8428 8353 8272
8428 8272 8429
8094 8429 8025
8429 8430 8431
8429 8431 8428
8024 8430 8140
8230 8026 8320
8230 8320 8321
8092 8404 8421
8092 8421 8027
8093 8092 8027
8093 8027 8029
8432 8344 8193
8404 8206 8231
8404 8231 8321
8421 8404 8321
8421 8321 8320
8401 8421 8320
8401 8320 7876
8308 8402 8401
8308 8401 7876
8308 8302 8419
8308 8419 8402
8301 7864 8202
8301 8202 8201
8405 8202 7864
8405 7864 7861
7861 7860 8197
7861 8197 8405
7860 7857 8198
7860 8198 8197
7894 8420 8198
7894 8198 7857
8209 8420 7894
8209 7894 8307
8145 8231 8205
7840 7839 8284
7839 8004 8281
7839 8281 8284
8279 8281 8004
8279 8004 7949
7894 7857 7859
7974 7973 8022
7974 8022 8275
8243 8242 8433
8243 8433 8434
7989 8435 8422
7989 8422 7987
8250 8248 8435
8250 8435 8436
8355 8253 8250
8355 8250 8436
8437 8438 8256
8437 8256 8255
8255 8258 8244
8255 8244 8437
8259 8243 8434
8259 8434 8439
8245 8439 8270
8245 8270 7976
7983 8440 8438
7983 8438 7980
8264 8258 8257
8264 8257 8263
8425 8247 8246
8425 8246 8015
7984 8423 8441
7984 8441 8427
8261 8260 8428
8261 8428 8431
8245 8244 8258
8245 8258 8264
8354 8353 7940
8354 7940 7939
8355 8354 7939
8355 7939 8253
8423 8422 8247
8423 8247 8425
7940 8353 8428
7940 8428 8260
8434 8433 7832
8422 8435 8248
8422 8248 8247
8436 8435 7989
8436 7989 7991
8355 8436 7991
8355 7991 7993
7980 8438 8437
7980 8437 7977
8437 8244 7975
8437 7975 7977
8439 8434 7831
8439 7831 8270
8439 8245 8264
8439 8264 8259
8438 8440 8265
8438 8265 8256
8431 8433 8242
8431 8242 8261
8441 8423 8425
8441 8425 8424
8190 8214 8227
8227 8214 8228
8442 8443 8444
8442 8444 8445
8229 8213 8418
8446 8447 8448
8446 8448 8449
8339 8342 8219
8450 8451 8452
8453 8454 8323
8453 8323 8345
8445 8444 8455
8213 8228 8029
8449 8448 8456
8457 8458 8459
8460 8461 8462
8452 8451 8463
8452 8463 8464
8323 8454 8324
8193 8192 8432
8016 8271 7993
8016 7993 7992
8271 8016 8025
7851 7850 8025
8205 8209 8307
8205 8307 8145
8231 8206 8205
8326 8465 8171
8226 8215 8221
8221 8220 8226
8226 8220 8466
8226 8466 8224
8200 8218 8221
8217 8200 8221
8217 8221 8215
8226 8222 8215
8229 8228 8213
8467 7898 8208
8208 8324 8467
8324 8454 8468
8324 8468 8467
7896 8469 8470
8471 8472 8469
8471 8469 8468
8468 8454 8473
8470 8469 8472
8470 8472 8474
8468 8469 7896
8468 7896 8467
8473 8454 8453
8468 8473 8471
8208 8207 8324
8467 7896 7898
7935 8028 8403
7935 8403 7936
8183 8028 7935
8183 8186 8028
8186 8183 8332
8327 8219 8218
8327 8347 8339
8173 8172 8347
8140 8430 8429
8475 8476 8477
8475 8477 8478
8479 8480 8481
8482 8483 8484
8482 8484 8485
8486 8487 8488
8486 8488 8489
8475 8478 8490
8491 8492 8493
8493 8492 8494
8493 8494 8495
8495 8494 8496
8495 8496 8497
8498 8499 8500
8498 8500 8501
8502 8503 8504
8502 8504 8505
8506 8507 8505
8506 8505 8504
8508 8488 8487
8508 8487 8509
8510 8499 8498
8510 8498 8511
8512 8513 8514
8512 8514 8515
8516 8517 8518
8516 8518 8519
8510 8511 8503
8510 8503 8502
8509 8520 8521
8509 8521 8508
8520 8482 8485
8520 8485 8521
8497 8496 8501
8497 8501 8500
8522 8486 8489
8522 8489 8523
8524 8525 8526
8527 8526 8525
8527 8525 8528
8527 8528 8529
8527 8529 8530
8531 8530 8529
8531 8529 8532
8532 8533 8534
8532 8534 8531
8534 8533 8535
8534 8535 8536
8535 8537 8538
8535 8538 8536
8539 8538 8537
8539 8537 8540
8540 8541 8539
8542 8543 8544
8545 8543 8546
8479 8481 8547
8481 8480 8548
8481 8548 8549
8548 8550 8551
8548 8551 8549
8550 8552 8553
8550 8553 8551
8552 8554 8555
8552 8555 8553
8556 8557 8558
8556 8558 8559
8557 8560 8561
8557 8561 8558
8562 8561 8560
8563 8564 8565
8563 8565 8566
8563 8566 8567
8566 8568 8569
8566 8569 8567
8570 8569 8568
8570 8568 8571
8571 8512 8515
8571 8515 8570
8513 8572 8573
8513 8573 8514
8572 8574 8575
8572 8575 8573
8576 8575 8574
8576 8574 8577
8578 8579 8580
8581 8582 8583
8582 8584 8585
8582 8585 8583
8586 8585 8584
8586 8584 8587
8587 8588 8589
8587 8589 8586
8519 8589 8588
8519 8588 8516
8590 8518 8517
8590 8517 8591
8591 8592 8590
8593 8594 8595
8596 8595 8594
8596 8594 8597
8597 8598 8599
8597 8599 8596
8600 8599 8598
8600 8598 8601
8602 8600 8601
8602 8601 8603
8602 8603 8604
8602 8604 8605
8604 8606 8607
8604 8607 8605
8606 8608 8609
8606 8609 8607
8610 8611 8612
8610 8612 8613
8614 8612 8611
8614 8611 8615
8614 8615 8616
8614 8616 8617
8616 8618 8619
8616 8619 8617
8620 8621 8619
8620 8619 8618
8622 8623 8624
8506 8625 8507
8610 8613 8626
8627 8484 8483
8580 8579 8576
8580 8576 8577
8628 8609 8608
8624 8623 8621
8624 8621 8620
8523 8477 8476
8523 8476 8522
8555 8554 8556
8555 8556 8559
8142 7899 8141
8142 7900 7899
8543 8545 8544
8545 8479 8547
8025 8429 8272
7850 8096 8629
8545 8546 8479
8429 8094 8140
8094 7850 8629
8094 8629 8140
8140 7899 8024
7833 7832 8630
8434 7832 7831
7833 8023 7830
7902 8104 8024
8104 8630 8430
8104 8430 8024
8430 8630 8433
8430 8433 8431
7832 8433 8630
7833 8630 8104
7941 7909 8023
7904 8104 7902
8631 8632 8633
8634 8635 8636
8637 8638 8639
8640 8641 8642
8643 8644 8645
8646 8647 8648
8649 8650 8651
8652 8653 8654
8655 8643 8645
8656 8657 8636
8658 8659 8639
8660 8646 8648
8660 8648 8661
8662 8663 8664
8665 8666 8667
8665 8668 8669
8655 8645 8670
8660 8661 8671
8672 8673 8639
8658 8639 8674
8631 8633 8675
8644 8676 8645
8665 8669 8677
8635 8675 8673
8678 8662 8664
8678 8664 8679
8678 8679 8680
8637 8639 8642
8637 8642 8681
8682 8648 8647
8634 8636 8683
8633 8654 8668
8673 8633 8668
8673 8668 8684
8685 8650 8677
8654 8653 8686
8661 8666 8677
8639 8638 8674
8645 8676 8667
8682 8645 8648
8685 8687 8688
8679 8654 8689
8645 8690 8670
8642 8641 8681
8636 8657 8683
8639 8684 8691
8639 8692 8672
8685 8663 8693
8679 8664 8669
8642 8691 8694
8685 8688 8651
8695 8633 8632
8685 8696 8687
8679 8689 8680
8636 8635 8673
8656 8636 8673
8673 8675 8633
8656 8673 8697
8645 8698 8690
8698 8645 8682
8667 8666 8648
8667 8648 8645
8669 8668 8654
8669 8654 8679
8677 8664 8685
8684 8668 8665
8677 8666 8665
8667 8694 8665
8691 8684 8665
8694 8691 8665
8661 8648 8666
8699 8676 8644
8640 8676 8699
8640 8642 8676
8694 8676 8642
8667 8676 8694
8700 8654 8695
8695 8654 8633
8700 8652 8654
8639 8673 8684
8685 8693 8696
8672 8697 8673
8654 8686 8689
8642 8639 8691
8677 8669 8664
8649 8671 8661
8649 8661 8650
8650 8661 8677
8650 8685 8651
8685 8664 8663
8639 8659 8692
8701 8702 8703
8701 8703 8704
8702 8701 8705
8706 8707 8708
8709 8702 8705
8709 8705 8710
8711 8712 8713
8711 8713 8714
8715 8716 8717
8715 8717 8718
8719 8720 8721
8722 8723 8724
8725 8726 8727
8725 8727 8728
8729 8730 8731
8732 8733 8730
8734 8733 8735
8734 8735 8736
8737 8738 8734
8737 8734 8736
8739 8738 8740
8741 8742 8739
8741 8739 8740
8743 8741 8744
8743 8744 8745
8746 8747 8748
8746 8748 8749
8750 8746 8749
8750 8749 8751
8752 8750 8751
8752 8751 8753
8754 8755 8752
8754 8752 8753
8756 8757 8758
8759 8760 8761
8759 8761 8762
8763 8759 8762
8763 8762 8764
8765 8766 8767
8765 8767 8768
8769 8770 8771
8769 8771 8772
8769 8772 8773
8769 8773 8774
8774 8773 8775
8774 8775 8776
8777 8776 8775
8777 8775 8778
8779 8777 8778
8779 8778 8780
8781 8779 8780
8781 8780 8782
8783 8781 8782
8783 8782 8784
8785 8786 8783
8785 8783 8784
8787 8713 8786
8787 8786 8788
8789 8790 8787
8789 8787 8788
8791 8792 8793
8791 8793 8794
8795 8796 8797
8795 8797 8798
8799 8800 8795
8801 8800 8802
8728 8727 8801
8747 8803 8804
8747 8804 8748
8805 8806 8807
8805 8807 8808
8809 8810 8811
8809 8811 8812
8809 8812 8813
8809 8813 8814
8815 8816 8817
8815 8817 8818
8819 8726 8725
8727 8820 8801
8800 8801 8820
8796 8795 8821
8796 8821 8822
8779 8781 8712
8779 8712 8823
8777 8779 8823
8777 8823 8824
8776 8777 8824
8776 8824 8825
8774 8776 8825
8774 8825 8826
8826 8827 8769
8826 8769 8774
8770 8769 8827
8770 8827 8828
8766 8765 8719
8766 8719 8721
8759 8763 8708
8759 8708 8707
8760 8707 8829
8755 8756 8722
8747 8746 8830
8747 8830 8831
8803 8747 8831
8741 8743 8832
8741 8832 8742
8734 8738 8710
8733 8734 8710
8730 8733 8710
8730 8710 8705
8805 8833 8726
8733 8732 8735
8730 8729 8732
8731 8834 8729
8803 8835 8804
8743 8803 8831
8743 8831 8832
8803 8743 8745
8803 8745 8835
8819 8805 8726
8767 8766 8763
8767 8763 8764
8763 8766 8721
8763 8721 8708
8791 8796 8822
8796 8791 8794
8836 8724 8723
8830 8837 8836
8825 8838 8839
8832 8831 8836
8722 8829 8840
8841 8842 8822
8841 8822 8821
8843 8820 8727
8843 8727 8844
8717 8726 8718
8716 8715 8845
8716 8845 8846
8742 8832 8847
8848 8714 8713
8848 8713 8787
8821 8820 8843
8821 8843 8841
8727 8726 8717
8727 8717 8844
8825 8824 8838
8831 8830 8836
8710 8739 8849
8710 8849 8709
8739 8742 8849
8850 8838 8824
8711 8850 8823
8711 8823 8712
8824 8823 8850
8829 8707 8706
8790 8822 8842
8839 8851 8828
8839 8828 8827
8852 8721 8720
8706 8708 8721
8706 8721 8852
8701 8815 8853
8701 8853 8705
8853 8815 8818
8853 8818 8854
8833 8808 8811
8833 8811 8810
8718 8726 8833
8718 8833 8810
8853 8731 8705
8731 8853 8834
8854 8834 8853
8810 8809 8715
8810 8715 8718
8816 8814 8813
8816 8813 8817
8845 8715 8809
8845 8809 8814
8814 8816 8704
8814 8704 8845
8815 8701 8704
8815 8704 8816
8846 8845 8704
8846 8704 8703
8741 8855 8744
8848 8787 8790
8848 8790 8842
8713 8712 8783
8713 8783 8786
8805 8819 8806
8731 8730 8705
8847 8832 8836
8849 8742 8847
8829 8756 8760
8760 8756 8758
8760 8758 8761
8752 8755 8722
8752 8722 8724
8724 8837 8750
8724 8750 8752
8746 8750 8837
8746 8837 8830
8800 8799 8856
8795 8798 8799
8795 8800 8821
8793 8792 8789
8793 8789 8857
8789 8792 8790
8781 8783 8712
8800 8820 8821
8822 8790 8792
8822 8792 8791
8826 8825 8839
8858 8806 8819
8858 8819 8725
8858 8725 8728
8858 8728 8859
8801 8802 8859
8801 8859 8728
8826 8839 8827
8741 8860 8855
8740 8738 8737
8740 8737 8860
8738 8739 8710
8760 8759 8707
8829 8722 8756
8836 8837 8724
8722 8840 8723
8789 8788 8861
8789 8861 8857
8788 8786 8785
8788 8785 8861
8840 8829 8706
8755 8754 8757
8756 8755 8757
8741 8740 8860
8802 8800 8856
8796 8794 8797
8862 8863 8864
8862 8864 8865
8865 8866 8862
8867 8868 8869
8870 8871 8866
8870 8866 8865
8872 8873 8874
8872 8874 8875
8876 8877 8878
8876 8878 8879
8880 8881 8882
8883 8884 8885
8886 8887 8888
8886 8888 8889
8890 8891 8892
8893 8892 8894
8895 8896 8897
8895 8897 8894
8898 8896 8895
8898 8895 8899
8900 8901 8899
8902 8901 8900
8902 8900 8903
8904 8905 8902
8904 8906 8905
8907 8908 8909
8907 8909 8910
8911 8912 8908
8911 8908 8907
8913 8914 8912
8913 8912 8911
8915 8914 8913
8915 8913 8916
8917 8918 8919
8920 8921 8922
8920 8922 8923
8924 8925 8921
8924 8921 8920
8926 8927 8928
8926 8928 8929
8930 8931 8932
8930 8932 8933
8930 8934 8935
8930 8935 8931
8934 8936 8937
8934 8937 8935
8938 8939 8937
8938 8937 8936
8940 8941 8939
8940 8939 8938
8942 8943 8941
8942 8941 8940
8944 8945 8943
8944 8943 8942
8946 8945 8944
8946 8944 8947
8948 8949 8947
8948 8947 8874
8950 8949 8948
8950 8948 8951
8952 8953 8954
8952 8954 8955
8956 8957 8958
8956 8958 8959
8960 8956 8961
8962 8963 8961
8887 8962 8888
8910 8909 8964
8910 8964 8965
8966 8967 8968
8969 8970 8966
8971 8972 8973
8971 8973 8974
8971 8975 8976
8971 8976 8972
8977 8978 8979
8977 8979 8980
8981 8886 8889
8888 8962 8982
8961 8982 8962
8959 8983 8984
8959 8984 8956
8940 8985 8875
8940 8875 8942
8938 8986 8985
8938 8985 8940
8936 8987 8986
8936 8986 8938
8934 8988 8987
8934 8987 8936
8988 8934 8930
8988 8930 8989
8933 8990 8989
8933 8989 8930
8929 8881 8880
8929 8880 8926
8920 8869 8868
8920 8868 8924
8923 8991 8869
8916 8883 8917
8910 8992 8993
8910 8993 8907
8965 8992 8910
8902 8903 8994
8902 8994 8904
8895 8871 8899
8894 8871 8895
8892 8866 8871
8892 8871 8894
8966 8889 8969
8894 8897 8893
8892 8893 8890
8891 8890 8995
8965 8964 8996
8904 8994 8992
8904 8992 8965
8965 8996 8906
8965 8906 8904
8981 8889 8966
8928 8925 8924
8928 8924 8929
8924 8868 8881
8924 8881 8929
8952 8983 8959
8959 8953 8952
8997 8885 8884
8993 8997 8998
8987 8999 9000
8994 8997 8992
8883 9001 8991
9002 8984 8983
9002 8983 9003
9004 9005 8888
9004 8888 8982
8878 8877 8889
8879 9006 9007
8879 9007 8876
8903 9008 8994
9009 8948 8874
9009 8874 8873
8984 9002 9004
8984 9004 8982
8888 9005 8878
8888 8878 8889
8987 9000 8986
8992 8997 8993
8871 8870 9010
8871 9010 8900
8900 9010 8903
9011 8986 9000
8872 8875 8985
8872 8985 9011
8986 9011 8985
8991 8867 8869
8951 9003 8983
8999 8989 8990
8999 8990 9012
9013 8882 8881
8867 8881 8868
8867 9013 8881
8862 8866 9014
8862 9014 8977
9014 9015 8978
9014 8978 8977
8969 8974 8973
8969 8973 8970
8877 8974 8969
8877 8969 8889
9014 8866 8891
8891 8995 9014
9015 9014 8995
8974 8877 8876
8974 8876 8971
8980 8979 8976
8980 8976 8975
9007 8975 8971
9007 8971 8876
8975 9007 8863
8975 8863 8980
8977 8980 8863
8977 8863 8862
9006 8864 8863
9006 8863 9007
8902 8905 9016
9009 9003 8951
9009 8951 8948
8874 8947 8944
8874 8944 8875
8966 8968 8981
8891 8866 8892
9008 8997 8994
9010 9008 8903
8991 8923 8917
8923 8922 8918
8923 8918 8917
8913 8884 8883
8913 8883 8916
8884 8913 8911
8884 8911 8998
8907 8993 8998
8907 8998 8911
8961 9017 8960
8956 8960 8957
8956 8984 8961
8954 9018 8950
8954 8950 8955
8950 8951 8955
8942 8875 8944
8961 8984 8982
8983 8952 8955
8983 8955 8951
8988 8999 8987
9019 8886 8981
9019 8981 8968
9019 9020 8887
9019 8887 8886
8962 8887 9020
8962 9020 8963
8988 8989 8999
8902 9016 9021
8901 9021 8898
8901 8898 8899
8899 8871 8900
8923 8869 8920
8991 8917 8883
8997 8884 8998
8883 8885 9001
8950 9018 9022
8950 9022 8949
8949 9022 8946
8949 8946 8947
9001 8867 8991
8916 8919 8915
8917 8919 8916
8902 9021 8901
8963 9017 8961
8959 8958 8953
9023 9024 9025
9026 9027 9028
9026 9028 9029
9030 9031 9026
9032 9033 9034
9035 9036 9037
9038 9039 9040
9041 9042 9040
9043 9044 9045
9046 9047 9048
9047 9046 9033
9041 9040 9039
9049 9026 9031
9050 9035 9051
9050 9051 9052
9050 9052 9053
9035 9054 9055
9056 9024 9057
9027 9056 9057
9027 9057 9028
9030 9026 9029
9042 9041 9058
9059 9060 9053
9047 9061 9062
9047 9063 9061
9032 9063 9047
9034 9064 9032
9034 9065 9064
9030 9066 9067
9030 9067 9031
9029 9068 9066
9029 9066 9030
9028 9069 9029
9070 9069 9028
9024 9071 9072
9023 9073 9071
9023 9071 9024
9045 9074 9075
9044 9074 9045
9041 9076 9058
9041 9077 9078
9039 9077 9041
9039 9079 9080
9038 9081 9079
9036 9082 9081
9036 9081 9038
9055 9054 9083
9055 9083 9084
9085 9086 9087
9050 9088 9089
9053 9060 9088
9053 9088 9050
9031 9067 9090
9031 9090 9049
9091 9092 9093
9094 9091 9095
9091 9096 9095
9097 9098 9099
9059 9053 9093
9032 9047 9033
9049 9100 9034
9034 9026 9049
9034 9100 9065
9044 9058 9101
9102 9073 9023
9103 9023 9025
9085 9087 9083
9054 9035 9085
9097 9104 9105
9046 9097 9105
9097 9106 9098
9091 9094 9107
9091 9052 9108
9104 9108 9105
9032 9064 9109
9055 9084 9110
9040 9037 9038
9052 9091 9053
9057 9072 9111
9091 9108 9096
9025 9024 9056
9024 9072 9057
9029 9069 9068
9099 9112 9104
9097 9099 9104
9091 9107 9092
9053 9091 9093
9106 9097 9113
9043 9042 9044
9026 9034 9033
9049 9090 9100
9046 9114 9097
9096 9104 9112
9108 9104 9096
9096 9112 9095
9115 9046 9116
9032 9109 9063
9103 9117 9023
9058 9076 9101
9044 9101 9074
9102 9023 9117
9039 9080 9118
9119 9115 9120
9115 9121 9120
9121 9115 9116
9047 9062 9048
9119 9114 9115
9046 9115 9114
9048 9062 9121
9048 9121 9116
9046 9048 9116
9110 9082 9036
9036 9035 9055
9122 9057 9111
9028 9057 9122
9028 9122 9070
9119 9113 9114
9118 9077 9039
9037 9036 9038
9123 9050 9124
9123 9035 9050
9110 9036 9055
9038 9079 9039
9085 9035 9123
9113 9097 9114
9123 9086 9085
9124 9050 9089
9123 9124 9086
9044 9042 9058
9078 9076 9041
9085 9083 9054
9125 9126 9127
9128 9129 9130
9128 9130 9131
9132 9128 9133
9134 9135 9136
9137 9138 9139
9140 9141 9142
9143 9141 9144
9145 9146 9147
9148 9149 9150
9150 9136 9148
9143 9142 9141
9151 9133 9128
9152 9153 9137
9152 9154 9155
9152 9155 9153
9137 9156 9157
9158 9159 9127
9131 9130 9159
9131 9159 9158
9132 9129 9128
9144 9160 9143
9161 9154 9162
9150 9163 9164
9150 9164 9165
9134 9150 9165
9135 9134 9166
9135 9166 9167
9132 9133 9168
9132 9168 9169
9129 9132 9169
9129 9169 9170
9130 9129 9171
9172 9130 9171
9127 9173 9174
9125 9127 9174
9125 9174 9175
9146 9176 9177
9147 9146 9177
9143 9160 9178
9143 9179 9180
9142 9143 9180
9142 9181 9182
9140 9182 9183
9139 9140 9183
9139 9183 9184
9156 9185 9186
9156 9186 9157
9187 9188 9189
9152 9190 9191
9154 9152 9191
9154 9191 9162
9133 9151 9192
9133 9192 9168
9193 9194 9195
9196 9197 9193
9193 9197 9198
9199 9200 9201
9161 9194 9154
9134 9136 9150
9151 9135 9202
9135 9151 9128
9135 9167 9202
9147 9203 9160
9204 9125 9175
9205 9126 9125
9187 9186 9188
9157 9187 9137
9199 9206 9207
9148 9206 9199
9199 9201 9208
9193 9209 9196
9193 9210 9155
9207 9206 9210
9134 9211 9166
9156 9212 9185
9141 9140 9138
9155 9154 9193
9159 9213 9173
9193 9198 9210
9126 9158 9127
9127 9159 9173
9129 9170 9171
9200 9207 9214
9199 9207 9200
9193 9195 9209
9154 9194 9193
9208 9215 9199
9145 9147 9144
9128 9136 9135
9151 9202 9192
9148 9199 9216
9198 9214 9207
9210 9198 9207
9198 9197 9214
9217 9218 9148
9134 9165 9211
9205 9125 9219
9160 9203 9178
9147 9177 9203
9204 9219 9125
9142 9220 9181
9221 9222 9217
9217 9222 9223
9223 9218 9217
9150 9149 9163
9221 9217 9216
9148 9216 9217
9149 9218 9223
9149 9223 9163
9148 9218 9149
9212 9139 9184
9139 9156 9137
9224 9213 9159
9130 9172 9224
9130 9224 9159
9221 9216 9215
9220 9142 9180
9138 9140 9139
9225 9226 9152
9225 9152 9137
9212 9156 9139
9140 9142 9182
9187 9225 9137
9215 9216 9199
9225 9187 9189
9226 9190 9152
9225 9189 9226
9147 9160 9144
9179 9143 9178
9187 9157 9186
9227 9228 9229
9227 9229 9230
9231 9232 9233
9231 9233 9234
9235 9236 9237
9235 9237 9238
9239 9240 9241
9239 9241 9242
9243 9244 9245
9243 9245 9246
9247 9248 9232
9247 9232 9231
9249 9250 9251
9249 9251 9252
9249 9252 9235
9249 9235 9238
9243 9253 9254
9243 9254 9244
9242 9241 9255
9242 9255 9256
9246 9245 9240
9246 9240 9239
9257 9258 9259
9257 9259 9260
9251 9250 9248
9251 9248 9247
9261 9262 9230
9261 9230 9229
9257 9260 9237
9257 9237 9236
9227 9256 9255
9227 9255 9228
9263 9264 9265
9263 9265 9266
9267 9263 9266
9267 9266 9268
9269 9267 9268
9269 9268 9270
9264 9271 9272
9264 9272 9265
9233 9269 9270
9233 9270 9234
9272 9271 9262
9272 9262 9261
9273 9274 9275
9274 9273 9276
9274 9276 9277
9278 9275 9274
9275 9278 9279
9275 9279 9280
9281 9282 9283
9281 9283 9284
9285 9283 9282
9281 9284 9286
9287 9288 9285
9287 9285 9282
9287 9289 9288
9290 9288 9289
9291 9292 9293
9293 9292 9294
9291 9295 9292
9296 9297 9298
9298 9297 9299
9297 9300 9299
9301 9297 9302
9302 9297 9296
9292 9303 9294
9292 9304 9303
9297 9305 9300
9295 9306 9292
9307 9308 9309
9307 9309 9310
9311 9312 9308
9311 9308 9307
9313 9314 9315
9313 9315 9316
9317 9318 9314
9317 9314 9313
9319 9320 9321
9319 9321 9322
9305 9297 9323
9297 9324 9323
9306 9325 9292
9325 9326 9292
9309 9327 9328
9309 9328 9310
9297 9329 9324
9330 9331 9318
9330 9318 9317
9297 9332 9329
9333 9334 9322
9333 9322 9321
9333 9312 9311
9333 9311 9334
9326 9335 9292
9335 9336 9292
9330 9337 9338
9330 9338 9331
9315 9328 9327
9315 9327 9316
9339 9340 9341
9339 9341 9342
9343 9344 9345
9343 9345 9346
9347 9348 9349
9347 9349 9350
9351 9352 9353
9351 9353 9354
9355 9356 9357
9355 9357 9358
9359 9360 9348
9359 9348 9347
9361 9362 9352
9361 9352 9363
9345 9364 9365
9345 9365 9366
9367 9368 9369
9367 9369 9370
9371 9372 9373
9371 9373 9374
9375 9376 9377
9375 9377 9378
9379 9380 9381
9379 9381 9382
9383 9384 9385
9383 9385 9386
9387 9388 9389
9387 9389 9390
9371 9391 9392
9371 9392 9372
9393 9394 9395
9393 9395 9396
9397 9398 9399
9397 9399 9400
9401 9402 9403
9401 9403 9404
9405 9406 9407
9408 9409 9410
9408 9411 9409
9412 9413 9414
9412 9414 9415
9416 9417 9418
9419 9418 9420
9410 9409 9421
9422 9423 9421
9424 9409 9425
9411 9426 9422
9426 9427 9409
9424 9423 9409
9405 9407 9428
9405 9428 9402
9401 9404 9429
9401 9429 9413
9430 9420 9418
9431 9432 9433
9434 9432 9435
9436 9437 9438
9439 9432 9431
9440 9432 9441
9441 9432 9442
9436 9435 9432
9439 9442 9432
9402 9443 9444
9402 9444 9445
9405 9444 9446
9413 9447 9448
9413 9448 9401
9401 9448 9443
9401 9443 9402
9430 9418 9449
9430 9449 9450
9430 9451 9447
9430 9447 9413
9452 9449 9453
9454 9455 9437
9409 9427 9425
9456 9418 9419
9457 9418 9458
9405 9446 9406
9430 9415 9420
9459 9460 9461
9462 9460 9463
9464 9465 9466
9467 9460 9468
9469 9460 9470
9470 9460 9471
9472 9473 9460
9474 9475 9476
9474 9476 9477
9478 9479 9477
9480 9481 9482
9480 9482 9483
9483 9482 9475
9483 9475 9484
9485 9486 9487
9487 9486 9481
9487 9481 9480
9464 9485 9488
9483 9484 9489
9483 9489 9490
9491 9492 9493
9494 9480 9495
9494 9495 9496
9497 9488 9498
9498 9488 9499
9493 9492 9500
9501 9492 9502
9503 9492 9504
9505 9506 9507
9506 9508 9492
9503 9502 9492
9491 9505 9492
9477 9509 9489
9477 9489 9484
9483 9490 9495
9483 9495 9480
9494 9510 9511
9492 9508 9512
9469 9463 9460
9460 9473 9461
9513 9471 9514
9465 9497 9466
9477 9515 9516
9477 9479 9509
9488 9485 9487
9487 9499 9488
9517 9518 9519
9520 9521 9522
9520 9522 9523
9524 9525 9526
9524 9526 9527
9528 9529 9530
9528 9530 9531
9526 9525 9531
9526 9531 9530
9518 9524 9527
9518 9527 9519
9521 9520 9529
9521 9529 9528
9532 9533 9534
9532 9534 9535
9536 9537 9538
9536 9538 9539
9540 9541 9533
9540 9533 9542
9543 9544 9545
9543 9545 9546
9546 9545 9547
9546 9547 9548
9549 9550 9546
9549 9546 9548
9550 9551 9543
9550 9543 9546
9550 9549 9552
9550 9552 9553
9554 9555 9556
9554 9556 9557
9545 9557 9558
9545 9558 9547
9552 9559 9560
9552 9560 9553
9553 9560 9561
9553 9561 9562
9563 9564 9565
9563 9565 9566
9567 9542 9533
9567 9533 9532
9541 9543 9551
9541 9551 9568
9569 9570 9571
9569 9571 9572
9573 9574 9575
9573 9575 9576
9577 9578 9579
9577 9579 9580
9581 9582 9583
9581 9583 9584
9585 9586 9587
9585 9587 9588
9589 9590 9591
9589 9591 9592
9593 9594 9595
9593 9595 9596
9597 9519 9598
9599 9520 9523
9599 9523 9600
9527 9526 9601
9527 9601 9602
9529 9603 9604
9529 9604 9530
9583 9582 9605
9583 9605 9606
9607 9608 9609
9607 9609 9610
9611 9612 9613
9611 9613 9614
9593 9596 9615
9593 9615 9616
9586 9585 9617
9586 9617 9618
9619 9620 9621
9619 9621 9622
9623 9624 9625
9623 9625 9626
9627 9628 9592
9627 9592 9591
9612 9611 9629
9612 9629 9630
9623 9631 9632
9623 9632 9624
9620 9633 9634
9620 9634 9621
9609 9608 9635
9609 9635 9636
9580 9579 9637
9580 9637 9638
9585 9588 9589
9585 9589 9592
9530 9604 9601
9530 9601 9526
9620 9619 9625
9620 9625 9624
9617 9585 9592
9617 9592 9628
9633 9620 9624
9633 9624 9632
9636 9635 9639
9636 9639 9640
9641 9639 9635
9641 9635 9634
9631 9642 9643
9631 9643 9632
9629 9644 9645
9629 9645 9630
9646 9633 9632
9646 9632 9643
9597 9598 9581
9597 9581 9584
9587 9602 9601
9587 9601 9588
9590 9589 9604
9590 9604 9603
9600 9595 9594
9600 9594 9599
9589 9588 9601
9589 9601 9604
9565 9564 9569
9565 9569 9572
9647 9534 9568
9647 9568 9648
9577 9649 9650
9577 9650 9651
9647 9648 9652
9647 9652 9653
9641 9646 9579
9641 9579 9578
9638 9637 9654
9638 9654 9655
9656 9657 9571
9656 9571 9570
9635 9608 9621
9635 9621 9634
9622 9621 9608
9622 9608 9607
9586 9618 9605
9586 9605 9582
9586 9582 9581
9586 9581 9587
9581 9602 9587
9527 9598 9519
9544 9543 9541
9544 9541 9540
9568 9534 9533
9568 9533 9541
9539 9538 9555
9539 9555 9554
9568 9551 9562
9568 9562 9648
9562 9561 9658
9562 9658 9648
9532 9535 9649
9532 9649 9659
9659 9567 9532
9651 9573 9578
9651 9578 9577
9655 9654 9537
9655 9537 9536
9659 9649 9577
9659 9577 9580
9638 9660 9659
9638 9659 9580
9638 9661 9660
9652 9574 9573
9652 9573 9651
9648 9658 9574
9648 9574 9652
9661 9662 9567
9661 9567 9660
9663 9662 9536
9663 9536 9539
9663 9539 9540
9663 9540 9542
9554 9544 9540
9554 9540 9539
9557 9545 9544
9557 9544 9554
9551 9550 9553
9551 9553 9562
9557 9556 9664
9557 9664 9558
9537 9570 9569
9537 9569 9538
9563 9556 9555
9563 9555 9564
9563 9566 9665
9563 9665 9666
9593 9591 9590
9593 9590 9594
9603 9529 9520
9603 9520 9599
9612 9623 9626
9612 9626 9613
9591 9593 9616
9591 9616 9627
9631 9623 9612
9631 9612 9630
9654 9642 9645
9654 9645 9656
9599 9594 9590
9599 9590 9603
9564 9555 9538
9564 9538 9569
9570 9537 9654
9570 9654 9656
9658 9561 9667
9658 9667 9668
9667 9561 9560
9667 9560 9669
9663 9542 9567
9663 9567 9662
9535 9534 9647
9535 9647 9653
9653 9650 9649
9653 9649 9535
9661 9655 9536
9661 9536 9662
9652 9651 9650
9652 9650 9653
9640 9639 9573
9640 9573 9576
9578 9573 9639
9578 9639 9641
9642 9654 9637
9642 9637 9643
9657 9656 9645
9657 9645 9644
9643 9637 9579
9643 9579 9646
9633 9646 9641
9633 9641 9634
9642 9631 9630
9642 9630 9645
9670 9671 9559
9670 9559 9552
9549 9672 9670
9549 9670 9552
9673 9674 9671
9673 9671 9670
9666 9665 9675
9666 9675 9676
9677 9678 9679
9677 9679 9680
9669 9560 9559
9669 9559 9681
9558 9664 9682
9558 9682 9683
9676 9682 9664
9676 9664 9666
9684 9685 9686
9684 9686 9687
9688 9689 9690
9688 9690 9691
9692 9693 9687
9692 9687 9686
9688 9694 9517
9693 9692 9695
9693 9695 9696
9689 9685 9684
9689 9684 9690
9697 9698 9699
9697 9699 9700
9701 9575 9668
9701 9668 9702
9697 9700 9703
9697 9703 9704
9705 9706 9707
9705 9707 9708
9709 9710 9711
9709 9711 9712
9713 9669 9681
9713 9681 9714
9715 9667 9669
9715 9669 9713
9716 9717 9718
9716 9718 9719
9716 9720 9721
9716 9721 9722
9720 9716 9719
9720 9719 9723
9724 9725 9726
9724 9726 9727
9728 9729 9730
9728 9730 9731
9732 9576 9575
9732 9575 9701
9701 9706 9733
9701 9733 9732
9710 9709 9734
9710 9734 9735
9698 9736 9734
9698 9734 9709
9737 9738 9697
9737 9697 9704
9739 9584 9583
9739 9583 9740
9741 9742 9739
9741 9739 9740
9743 9744 9745
9743 9745 9746
9747 9748 9746
9747 9746 9745
9748 9747 9749
9748 9749 9750
9751 9686 9685
9751 9685 9752
9689 9688 9753
9689 9753 9754
9755 9692 9686
9755 9686 9751
9517 9597 9753
9517 9753 9688
9756 9695 9692
9756 9692 9755
9757 9758 9759
9757 9759 9760
9744 9761 9762
9744 9762 9745
9740 9763 9764
9740 9764 9741
9765 9766 9767
9765 9767 9768
9760 9769 9770
9760 9770 9757
9771 9747 9745
9771 9745 9762
9740 9583 9606
9740 9606 9763
9768 9610 9609
9768 9609 9765
9772 9770 9769
9772 9769 9773
9771 9774 9749
9771 9749 9747
9775 9776 9773
9775 9773 9769
9769 9760 9777
9769 9777 9775
9778 9777 9760
9778 9760 9759
9779 9780 9766
9779 9766 9765
9765 9609 9636
9765 9636 9779
9779 9636 9640
9779 9640 9781
9780 9779 9781
9780 9781 9782
9783 9784 9777
9783 9777 9778
9785 9786 9734
9785 9734 9736
9776 9775 9787
9776 9787 9788
9753 9597 9584
9753 9584 9739
9753 9739 9742
9753 9742 9754
9746 9751 9752
9746 9752 9743
9751 9746 9748
9751 9748 9755
9755 9748 9750
9755 9750 9756
9700 9699 9723
9700 9723 9719
9710 9705 9708
9710 9708 9711
9705 9710 9735
9705 9735 9789
9790 9791 9792
9790 9792 9725
9730 9724 9793
9730 9793 9731
9778 9780 9782
9778 9782 9783
9744 9741 9764
9744 9764 9761
9741 9744 9743
9741 9743 9742
9742 9743 9752
9742 9752 9754
9752 9685 9689
9752 9689 9754
9766 9759 9758
9766 9758 9767
9759 9766 9780
9759 9780 9778
9724 9730 9790
9724 9790 9725
9791 9794 9715
9791 9715 9713
9702 9715 9794
9702 9794 9707
9702 9707 9706
9702 9706 9701
9717 9716 9722
9717 9722 9795
9702 9668 9667
9702 9667 9715
9703 9700 9719
9703 9719 9718
9794 9796 9708
9794 9708 9707
9712 9711 9729
9712 9729 9728
9796 9729 9711
9796 9711 9708
9720 9731 9793
9720 9793 9721
9731 9720 9723
9731 9723 9728
9728 9723 9699
9728 9699 9712
9709 9712 9699
9709 9699 9698
9706 9705 9789
9706 9789 9733
9781 9640 9576
9781 9576 9732
9797 9798 9733
9797 9733 9789
9735 9734 9786
9735 9786 9799
9775 9777 9784
9775 9784 9787
9738 9737 9788
9738 9788 9787
9789 9735 9799
9789 9799 9797
9714 9681 9800
9714 9800 9801
9676 9802 9803
9676 9803 9682
9725 9792 9804
9725 9804 9726
9679 9805 9806
9679 9806 9680
9678 9677 9722
9678 9722 9721
9795 9722 9677
9795 9677 9807
9677 9680 9808
9677 9808 9807
9733 9798 9781
9733 9781 9732
9797 9799 9783
9797 9783 9782
9799 9786 9784
9799 9784 9783
9786 9785 9787
9786 9787 9784
9785 9736 9738
9785 9738 9787
9736 9698 9697
9736 9697 9738
9781 9798 9797
9781 9797 9782
9606 9605 9607
9606 9607 9610
9614 9613 9616
9614 9616 9615
9618 9617 9619
9618 9619 9622
9626 9625 9628
9626 9628 9627
9625 9619 9617
9625 9617 9628
9622 9607 9605
9622 9605 9618
9613 9626 9627
9613 9627 9616
9758 9757 9762
9758 9762 9761
9764 9763 9768
9764 9768 9767
9757 9770 9771
9757 9771 9762
9763 9606 9610
9763 9610 9768
9770 9772 9774
9770 9774 9771
9761 9764 9767
9761 9767 9758
9727 9809 9810
9727 9810 9811
9792 9714 9801
9792 9801 9804
9812 9813 9814
9812 9814 9815
9816 9548 9547
9816 9547 9817
9672 9816 9818
9672 9818 9819
9672 9819 9673
9672 9673 9670
9818 9820 9821
9818 9821 9819
9681 9559 9671
9681 9671 9800
9796 9794 9791
9796 9791 9790
9811 9678 9721
9811 9721 9793
9822 9823 9824
9822 9824 9825
9800 9671 9674
9800 9674 9826
9547 9558 9683
9547 9683 9817
9791 9713 9714
9791 9714 9792
9666 9664 9556
9666 9556 9563
9726 9827 9809
9726 9809 9727
9598 9602 9581
9602 9598 9527
9517 9519 9597
9694 9518 9517
9691 9694 9688
9825 9824 9820
9825 9820 9818
9676 9675 9828
9676 9828 9802
9683 9682 9803
9683 9803 9822
9673 9819 9821
9673 9821 9829
9801 9800 9826
9801 9826 9814
9814 9826 9830
9814 9830 9815
9811 9810 9679
9811 9679 9678
9726 9804 9813
9726 9813 9827
9575 9574 9658
9575 9658 9668
9828 9831 9832
9828 9832 9802
9816 9817 9825
9816 9825 9818
9672 9549 9548
9672 9548 9816
9793 9724 9727
9793 9727 9811
9729 9796 9790
9729 9790 9730
9817 9683 9822
9817 9822 9825
9660 9567 9659
9655 9661 9638
9804 9801 9814
9804 9814 9813
9833 9808 9680
9833 9680 9806
9834 9803 9802
9834 9802 9832
9822 9803 9834
9822 9834 9823
9835 9809 9827
9835 9827 9836
9835 9837 9810
9835 9810 9809
9836 9827 9813
9836 9813 9812
9805 9679 9810
9805 9810 9837
9826 9674 9838
9826 9838 9830
9829 9838 9674
9829 9674 9673
9839 9518 9694
9839 9694 9840
9841 9522 9521
9841 9521 9842
9524 9843 9844
9524 9844 9525
9525 9844 9845
9525 9845 9531
9531 9845 9846
9531 9846 9528
9518 9839 9843
9518 9843 9524
9842 9521 9528
9842 9528 9846
9687 9847 9848
9687 9848 9684
9840 9691 9849
9850 9693 9696
9850 9696 9851
9847 9687 9693
9847 9693 9850
9852 9690 9684
9852 9684 9848
9690 9852 9849
9690 9849 9691
9843 9853 9844
9844 9854 9845
9845 9854 9855
9845 9855 9846
9856 9852 9857
9839 9858 9843
9859 9847 9860
9849 9861 9840
9862 9840 9861
9863 9841 9842
9855 9842 9846
9864 9850 9851
9864 9851 9865
9860 9847 9850
9860 9850 9864
9857 9848 9859
9839 9840 9862
9856 9861 9849
9862 9858 9839
9858 9853 9843
9866 9841 9863
9863 9842 9855
9853 9854 9844
9852 9848 9857
9848 9847 9859
9862 9861 9867
9862 9867 9868
9861 9856 9869
9861 9869 9867
9870 9858 9871
9869 9856 9857
9869 9857 9872
9859 9860 9873
9859 9873 9874
9873 9860 9864
9873 9864 9875
9875 9864 9865
9875 9865 9876
9877 9866 9863
9877 9863 9878
9870 9879 9854
9870 9854 9853
9879 9880 9855
9879 9855 9854
9881 9882 9883
9881 9883 9884
9885 9886 9887
9885 9887 9888
9889 9890 9891
9889 9891 9892
9893 9894 9895
9893 9895 9896
9897 9898 9899
9868 9867 9900
9868 9900 9901
9902 9903 9904
9905 9878 9906
9907 9908 9909
9907 9909 9910
9897 9911 9898
9910 9912 9913
9910 9913 9897
9914 9915 9916
9917 9918 9919
9919 9920 9921
9922 9876 9923
9892 9922 9923
9892 9923 9924
9867 9869 9883
9867 9883 9900
9904 9921 9915
9904 9915 9925
9926 9880 9879
9926 9879 9927
9928 9878 9880
9928 9880 9926
9927 9879 9870
9927 9870 9929
9928 9906 9878
9888 9873 9875
9888 9875 9891
9888 9887 9874
9888 9874 9873
9884 9883 9869
9884 9869 9872
9871 9868 9901
9871 9901 9930
9889 9931 9890
9900 9932 9933
9900 9933 9901
9908 9934 9935
9908 9935 9936
9905 9906 9936
9905 9936 9935
9931 9937 9938
9936 9909 9908
9858 9862 9868
9858 9868 9871
9859 9874 9872
9859 9872 9857
9872 9874 9887
9872 9887 9884
9884 9887 9886
9884 9886 9881
9939 9940 9941
9942 9943 9944
9942 9944 9945
9921 9916 9915
9916 9946 9947
9907 9910 9948
9907 9948 9949
9878 9863 9855
9878 9855 9880
9950 9951 9894
9950 9894 9893
9917 9881 9952
9953 9952 9881
9953 9881 9886
9954 9953 9886
9885 9890 9955
9885 9955 9954
9904 9903 9919
9904 9919 9921
9902 9925 9956
9930 9957 9958
9901 9959 9930
9902 9933 9932
9902 9932 9960
9932 9882 9960
9903 9917 9919
9959 9957 9930
9888 9891 9890
9888 9890 9885
9922 9891 9875
9890 9931 9955
9955 9931 9938
9955 9938 9961
9955 9962 9963
9897 9948 9910
9934 9907 9949
9964 9913 9912
9964 9912 9965
9914 9945 9966
9914 9966 9967
9968 9917 9952
9969 9970 9971
9914 9916 9947
9914 9947 9972
9920 9946 9916
9973 9962 9961
9961 9962 9955
9885 9954 9886
9882 9881 9917
9920 9916 9921
9918 9920 9919
9968 9918 9917
9955 9963 9954
9899 9948 9897
9974 9975 9976
9974 9976 9977
9978 9911 9913
9978 9913 9964
9979 9943 9942
9979 9942 9980
9895 9970 9981
9928 9909 9936
9903 9882 9917
9960 9882 9903
9932 9883 9882
9900 9883 9932
9924 9937 9889
9924 9889 9892
9959 9933 9902
9959 9902 9956
9958 9957 9915
9956 9915 9957
9936 9906 9928
9904 9925 9902
9908 9907 9934
9892 9891 9922
9940 9939 9958
9894 9964 9965
9894 9965 9895
9939 9982 9927
9939 9927 9929
9958 9915 9967
9958 9967 9940
9965 9983 9970
9939 9929 9930
9939 9930 9958
9971 9983 9909
9911 9897 9913
9912 9910 9909
9912 9909 9983
9984 9893 9896
9984 9896 9985
9940 9977 9976
9940 9976 9941
9981 9986 9987
9981 9987 9988
9940 9967 9966
9940 9966 9977
9970 9895 9965
9964 9894 9951
9964 9951 9978
9969 9981 9970
9981 9969 9986
9896 9895 9981
9896 9981 9988
9989 9990 9991
9989 9991 9992
9982 9993 9969
9982 9969 9971
9927 9971 9926
9929 9870 9871
9929 9871 9930
9926 9971 9909
9926 9909 9928
9967 9915 9914
9942 9945 9914
9942 9914 9972
9912 9983 9965
9925 9915 9956
9956 9957 9959
9933 9959 9901
9960 9903 9902
9994 9970 9983
9995 9996 9997
9982 9971 9927
9853 9858 9870
9991 9990 9998
9991 9998 9999
10000 10001 10002
10003 10004 10005
10006 10007 10008
10009 10010 10011
9974 9977 9966
9974 9966 10012
10013 9950 9893
10013 9893 9984
9849 9852 9856
9694 9691 9840
9875 9876 9922
9877 9878 9905
9889 9937 9931
9952 9953 10014
9952 10014 10015
10015 10016 9968
10015 9968 9952
9918 9968 10016
9918 10016 10017
10018 9920 9918
10018 9918 10017
9946 9920 10018
9946 10018 10019
10020 10014 9953
10020 9953 9954
10021 10020 9954
10021 9954 9963
10021 9963 9962
10021 9962 10022
10022 9962 9973
10022 9973 10023
10024 9899 9898
10024 9898 10025
9946 10019 10026
9946 10026 9947
10027 9972 9947
10027 9947 10026
9980 9942 9972
9980 9972 10027
10028 10025 9898
10028 9898 9911
9978 10029 10028
9978 10028 9911
10029 9978 9951
10029 9951 10030
10030 9951 9950
10030 9950 10031
10031 9950 10013
10031 10013 10032
10013 9989 10033
10013 10033 10032
10034 10035 10036
10034 10036 10037
10037 10036 10038
10037 10038 10039
10039 10038 10040
10039 10040 10041
10042 10043 10041
10042 10041 10040
10044 10045 10043
10044 10043 10042
10045 10044 10046
10045 10046 10047
10047 10046 10048
10047 10048 10049
10049 10048 10050
10049 10050 10051
10051 10050 10052
10051 10052 10053
10054 10055 10053
10054 10053 10052
10055 10054 10056
10055 10056 10057
10058 10059 10060
10060 10059 10061
10060 10061 10062
10063 10064 10062
10063 10062 10061
10064 10063 10065
10064 10065 10066
10066 10065 10067
10066 10067 10068
10032 10069 10068
10032 10068 10067
10032 10033 10070
10032 10070 10069
10058 10071 10059
10054 10072 10073
10054 10073 10056
10072 10054 10052
10072 10052 10074
10052 10050 10075
10052 10075 10074
10048 10076 10075
10048 10075 10050
10046 10077 10076
10046 10076 10048
10046 10044 10078
10046 10078 10077
10078 10044 10042
10078 10042 10079
10079 10042 10040
10079 10040 10080
10038 10081 10080
10038 10080 10040
10036 10082 10081
10036 10081 10038
10035 10083 10084
10035 10084 10036
10085 10086 10070
9989 9992 10087
10083 10035 10088
10083 10088 10089
10090 10088 10035
10090 10035 10034
10091 10089 10088
10092 10088 10090
10093 10094 10091
10093 10091 10092
10095 10096 10097
10095 10097 10093
10095 10098 10096
9986 9969 9993
9986 9993 10099
10032 10067 10031
10065 10030 10031
10065 10031 10067
10063 10029 10030
10063 10030 10065
10028 10029 10063
10028 10063 10061
10059 10025 10028
10059 10028 10061
10071 10025 10059
10072 10022 10023
10072 10023 10073
10021 10022 10072
10021 10072 10074
10075 10020 10021
10075 10021 10074
10076 10014 10020
10076 10020 10075
10077 10015 10014
10077 10014 10076
10078 10016 10015
10078 10015 10077
10017 10016 10078
10017 10078 10079
10018 10017 10079
10018 10079 10080
10081 10019 10018
10081 10018 10080
10082 10026 10019
10082 10019 10081
10083 10027 10026
10083 10026 10082
10027 10083 10089
10027 10089 9980
9979 9980 10089
10094 10100 9979
10094 9979 10101
10095 10102 10103
10095 10103 10098
10102 10095 10093
10102 10093 10104
10104 10093 10092
10104 10092 10105
10105 10092 10090
10105 10090 10106
10106 10090 10034
10106 10034 10107
10107 10034 10037
10107 10037 10108
10109 10108 10037
10109 10037 10039
10110 10109 10039
10110 10039 10041
10043 10111 10110
10043 10110 10041
10045 10112 10111
10045 10111 10043
10047 10113 10045
10114 10049 10051
10114 10051 10115
10055 10116 10117
10055 10117 10053
10118 10116 10055
10118 10055 10057
10119 10120 10121
10119 10121 10060
10122 10119 10060
10122 10060 10062
10064 10123 10122
10064 10122 10062
10123 10064 10066
10123 10066 10124
10124 10066 10068
10124 10068 10125
10069 10126 10125
10069 10125 10068
10127 10070 10128
10127 10128 10126
10086 10129 10128
10086 10128 10070
10049 10114 10113
10049 10113 10047
10053 10117 10115
9990 9984 9985
9990 9985 9998
10013 9984 9990
10013 9990 9989
10091 9979 10089
10092 10091 10088
10113 10112 10045
10051 10053 10115
9979 10100 10130
9979 10130 9943
10010 10005 10011
10131 10006 10008
9991 10132 9992
9991 10131 10133
9991 10133 10132
9989 10134 10085
9989 10085 10033
9986 10099 10135
9986 10135 9987
9989 10087 10134
10136 10137 9995
10136 9995 10138
10011 9997 9996
10011 9996 10139
10140 10141 10142
10140 10142 10009
10143 10142 10141
10143 10141 10096
10144 9987 10135
10144 10135 10145
10146 10147 10148
10146 10148 10149
10150 10151 10152
10150 10152 10153
10152 10154 10155
10156 10157 10158
9998 10159 10160
9998 10160 9999
10161 10162 10006
10003 10163 10164
10157 10007 10161
10155 10001 10000
10003 10164 10165
10003 10165 10004
10164 10001 10166
10164 10166 10165
10001 10167 10168
10001 10168 10166
10168 10167 10169
10168 10169 10170
10170 10169 10161
10170 10161 10171
10006 10172 10171
10006 10171 10161
10131 10172 10006
10173 9985 9896
10173 9896 9988
10174 10173 9988
10174 9988 9987
10157 10161 10169
10157 10169 10158
10154 10158 10169
10154 10169 10175
10154 10167 10001
10154 10001 10176
9991 10177 10172
10131 10178 10172
10004 9997 10011
10004 10011 10005
10146 10160 10179
10146 10179 10147
9995 9997 10138
9974 10180 10181
9974 10181 9975
10012 10182 10180
10012 10180 9974
10130 10183 9944
10130 9944 9943
9939 9941 9993
9939 9993 9982
9993 9941 9976
9993 9976 10099
10099 9976 9975
10099 9975 10135
10135 9975 10181
10135 10181 10145
10184 10185 10136
10184 10136 10186
10100 10141 10140
10100 10140 10130
10096 10141 10100
10096 10100 10094
10173 10159 9998
10173 9998 9985
10144 10147 10159
10144 10159 10173
10147 10144 10145
10147 10145 10184
10185 10184 10145
10185 10145 10181
9995 10185 10181
9995 10181 10180
10182 9996 9995
10182 9995 10180
10130 10140 10139
10130 10139 10183
9944 10012 9966
9944 9966 9945
10183 10182 10012
10183 10012 9944
10139 9996 10182
10139 10182 10183
10140 10009 10011
10140 10011 10139
10187 10188 10189
10187 10189 10190
10190 9823 9834
10190 9834 10191
9832 10192 10191
9832 10191 9834
10193 10194 10195
10193 10195 10196
9806 10197 10198
9806 10198 9833
9806 9805 10199
9806 10199 10197
10200 10201 10202
10200 10202 10203
10204 10201 10200
10204 10200 10205
10206 10204 10205
10206 10205 10207
10208 10206 10207
10208 10207 10209
9815 10210 10211
9815 9830 10212
9829 10213 10214
10213 9829 10215
9820 10216 10215
9820 10215 9821
9824 10189 10216
9824 10216 9820
10217 9830 9838
10218 9830 10219
9838 10220 10221
10214 10220 9838
10212 10210 9815
9830 10218 10212
10214 9838 9829
10217 10219 9830
10221 10217 9838
10071 10222 10025
10121 10058 10060
10098 10143 10096
10223 10070 10224
10225 10226 10227
10225 10227 10228
10229 10230 10231
10229 10231 10232
10233 10234 10235
10233 10235 10236
10237 10238 10239
10237 10239 10240
10241 10242 10243
10244 10242 10245
10246 10244 10247
10246 10247 10248
10232 10231 10249
10232 10249 10250
10251 10252 10253
10251 10253 10254
10252 10255 10256
10252 10256 10253
10255 10257 10258
10255 10258 10256
10259 10260 10261
10262 10263 10264
10264 10265 10266
10264 10266 10262
10267 10268 10269
10267 10269 10270
10271 10251 10254
10271 10254 10272
10272 10273 10274
10272 10274 10271
10274 10273 10275
10274 10275 10276
10277 10278 10279
10277 10279 10280
10281 10282 10283
10281 10283 10284
10285 10286 10287
10285 10287 10288
10289 10290 10291
10289 10291 10292
10233 10236 10293
10245 10242 10241
10261 10294 10263
10235 10234 10290
10235 10290 10289
10295 10286 10285
10295 10285 10296
10296 10297 10298
10296 10298 10295
10297 10299 10300
10297 10300 10298
10299 10301 10302
10299 10302 10300
10303 10304 10302
10303 10302 10305
10306 10307 10308
10306 10308 10309
10310 10311 10312
10313 10314 10315
10316 10317 10318
10316 10318 10319
10320 10321 10322
10320 10322 10323
10324 10325 10326
10324 10326 10327
10328 10329 10330
10328 10330 10331
10332 10269 10333
10332 10333 10334
10335 10336 10337
10335 10337 10338
10339 10336 10340
10339 10340 10341
10342 10343 10344
10342 10344 10345
10346 10347 10348
10346 10348 10349
10350 10351 10352
10350 10352 10353
10351 10350 10354
10351 10354 10313
10323 10355 10356
10323 10356 10306
10357 10358 10359
10357 10359 10360
10361 10362 10363
10361 10363 10364
10363 10362 10365
10363 10365 10366
10366 10365 10367
10366 10367 10368
10369 10370 10371
10369 10371 10372
10372 10371 10373
10372 10373 10374
10374 10373 10375
10374 10375 10376
10376 10375 10377
10376 10377 10378
10379 10380 10381
10379 10381 10382
10383 10384 10385
10383 10385 10316
10386 10387 10384
10386 10384 10383
10388 10330 10389
10388 10389 10386
10367 10390 10391
10367 10391 10368
10309 10392 10325
10309 10325 10393
10225 10250 10249
10225 10249 10226
10394 10288 10395
10396 10285 10394
10296 10285 10396
10397 10297 10296
10398 10399 10297
10399 10400 10299
10401 10301 10400
10402 10301 10401
10403 10404 10405
10403 10405 10406
10407 10328 10267
10408 10409 10410
10411 10412 10413
10412 10411 10414
10415 10416 10417
10418 10419 10420
10421 10422 10423
10326 10424 10425
10286 10274 10276
10286 10276 10287
10271 10274 10286
10271 10286 10295
10295 10298 10251
10295 10251 10271
10298 10300 10252
10298 10252 10251
10300 10302 10255
10300 10255 10252
10426 10257 10255
10426 10255 10302
10238 10277 10280
10238 10280 10239
10273 10294 10260
10273 10260 10275
10264 10294 10273
10264 10273 10272
10272 10254 10246
10272 10246 10264
10254 10253 10244
10254 10244 10246
10253 10256 10242
10253 10242 10244
10258 10243 10242
10258 10242 10256
10282 10237 10240
10282 10240 10427
10326 10425 10315
10428 10407 10267
10424 10421 10429
10424 10429 10425
10429 10421 10423
10419 10430 10431
10419 10431 10420
10417 10416 10432
10417 10432 10342
10414 10411 10336
10414 10336 10339
10336 10411 10413
10336 10413 10433
10270 10434 10410
10428 10267 10270
10428 10270 10409
10421 10401 10422
10418 10422 10400
10418 10400 10399
10415 10418 10399
10415 10399 10398
10412 10415 10398
10412 10398 10397
10397 10396 10408
10397 10408 10412
10408 10396 10394
10421 10424 10435
10394 10285 10288
10408 10394 10409
10401 10400 10422
10409 10270 10410
10429 10423 10436
10437 10404 10279
10437 10279 10278
10435 10402 10401
10409 10394 10395
10428 10409 10395
10401 10421 10435
10416 10415 10414
10343 10416 10414
10343 10414 10438
10439 10432 10339
10439 10339 10440
10419 10418 10417
10346 10419 10417
10346 10417 10441
10347 10430 10342
10347 10342 10345
10422 10420 10423
10349 10352 10423
10349 10423 10420
10442 10443 10352
10442 10352 10349
10444 10445 10382
10444 10382 10378
10433 10434 10333
10433 10333 10446
10413 10410 10434
10413 10434 10433
10408 10410 10413
10412 10408 10413
10414 10415 10412
10417 10418 10415
10420 10422 10418
10296 10396 10397
10400 10301 10299
10241 10243 10447
10244 10245 10247
10260 10294 10261
10263 10294 10264
10397 10448 10297
10449 10450 10451
10452 10453 10454
10455 10456 10457
10455 10457 10458
10459 10460 10461
10462 10463 10464
10465 10466 10467
10468 10469 10470
10468 10470 10471
10472 10473 10474
10472 10474 10475
10476 10477 10478
10479 10480 10481
10482 10476 10483
10468 10484 10469
10471 10470 10464
10485 10486 10487
10488 10489 10490
10478 10477 10480
10491 10492 10493
10494 10495 10496
10494 10496 10497
10498 10499 10500
10498 10500 10501
10502 10503 10504
10505 10506 10503
10505 10503 10502
10507 10508 10509
10507 10509 10510
10511 10512 10513
10511 10513 10514
10513 10512 10515
10513 10515 10516
10517 10518 10519
10517 10519 10520
10521 10522 10523
10521 10523 10524
10525 10526 10527
10525 10527 10528
10528 10527 10511
10528 10511 10514
10520 10519 10521
10520 10521 10529
10530 10531 10532
10501 10500 10481
10501 10481 10480
10485 10495 10494
10485 10494 10486
10473 10472 10533
10505 10531 10530
10516 10515 10518
10516 10518 10517
10474 10502 10534
10473 10505 10502
10473 10502 10474
10505 10473 10531
10535 10536 10537
10465 10538 10539
10540 10541 10465
10540 10465 10467
10542 10540 10467
10462 10542 10463
10485 10487 10481
10481 10500 10495
10481 10495 10485
10495 10500 10499
10495 10499 10496
10486 10492 10487
10494 10543 10493
10494 10493 10486
10497 10544 10543
10497 10543 10494
10545 10546 10547
10545 10547 10548
10547 10546 10509
10547 10509 10508
10549 10546 10545
10549 10545 10550
10507 10544 10497
10507 10497 10508
10487 10479 10481
10493 10492 10486
10551 10477 10476
10551 10476 10482
10552 10553 10493
10551 10480 10477
10554 10555 10553
10552 10535 10554
10552 10554 10553
10545 10548 10556
10545 10556 10550
10509 10546 10549
10509 10549 10510
10557 10466 10465
10557 10465 10536
10558 10484 10557
10558 10557 10559
10559 10560 10561
10559 10561 10558
10562 10563 10564
10564 10507 10565
10564 10565 10566
10563 10562 10567
10563 10567 10568
10568 10569 10561
10568 10561 10560
10570 10571 10572
10573 10574 10571
10575 10574 10573
10575 10573 10576
10570 10572 10577
10576 10578 10579
10576 10579 10575
10578 10534 10580
10578 10580 10579
10507 10510 10581
10507 10581 10565
10549 10550 10582
10549 10582 10583
10583 10581 10510
10583 10510 10549
10584 10582 10550
10584 10550 10556
10585 10586 10484
10585 10484 10558
10587 10562 10566
10587 10566 10588
10567 10589 10590
10567 10590 10569
10558 10561 10591
10558 10591 10585
10575 10579 10592
10575 10592 10593
10579 10580 10504
10579 10504 10592
10552 10560 10535
10559 10557 10536
10559 10536 10535
10566 10565 10594
10566 10594 10588
10595 10594 10565
10595 10565 10581
10596 10597 10583
10596 10583 10582
10562 10587 10589
10562 10589 10567
10493 10568 10560
10493 10560 10552
10493 10543 10563
10493 10563 10568
10564 10563 10543
10564 10543 10544
10544 10507 10564
10570 10577 10498
10570 10498 10501
10573 10570 10501
10573 10501 10480
10561 10569 10590
10561 10590 10591
10480 10551 10576
10480 10576 10573
10482 10578 10576
10482 10490 10534
10482 10534 10578
10598 10596 10582
10598 10582 10584
10597 10595 10581
10597 10581 10583
10468 10466 10557
10468 10557 10484
10534 10502 10580
10599 10600 10601
10599 10601 10572
10599 10572 10571
10599 10571 10602
10603 10602 10571
10603 10571 10574
10593 10603 10574
10593 10574 10575
10548 10499 10498
10548 10498 10556
10556 10498 10577
10601 10584 10556
10601 10556 10577
10600 10598 10584
10600 10584 10601
10547 10496 10499
10547 10499 10548
10496 10547 10508
10496 10508 10497
10604 10523 10522
10604 10522 10605
10474 10534 10490
10484 10586 10469
10482 10576 10551
10560 10559 10535
10478 10606 10479
10607 10493 10553
10227 10608 10609
10227 10609 10228
10609 10608 10526
10609 10526 10525
10483 10488 10490
10483 10490 10482
10535 10537 10610
10536 10611 10537
10535 10610 10554
10555 10491 10553
10489 10475 10474
10489 10474 10612
10533 10532 10531
10613 10614 10615
10613 10615 10616
10617 10618 10619
10617 10619 10620
10621 10622 10623
10621 10623 10624
10625 10626 10627
10625 10627 10628
10629 10630 10614
10629 10614 10613
10624 10623 10618
10624 10618 10617
10631 10632 10633
10631 10633 10634
10635 10636 10637
10635 10637 10638
10638 10637 10639
10638 10639 10640
10640 10639 10641
10640 10641 10642
10643 10644 10645
10643 10645 10646
10647 10648 10649
10647 10649 10650
10651 10652 10653
10634 10633 10622
10634 10622 10621
10616 10615 10654
10616 10654 10655
10646 10645 10656
10646 10656 10657
10620 10658 10626
10620 10626 10625
10657 10656 10648
10657 10648 10659
10650 10649 10632
10650 10632 10631
10628 10627 10660
10628 10660 10661
10655 10654 10662
10539 10611 10536
10641 10644 10643
10641 10643 10642
10539 10536 10465
10466 10468 10471
10466 10471 10467
10467 10471 10463
10580 10502 10504
10663 10664 10604
10663 10604 10605
10663 10665 10664
10567 10569 10568
10573 10571 10570
10572 10601 10577
10566 10562 10564
10506 10505 10530
10473 10533 10531
10471 10464 10463
10542 10467 10463
10666 10667 10668
10666 10668 10669
10668 10670 10671
10668 10671 10669
10672 10673 10667
10672 10667 10666
10670 10674 10675
10670 10675 10671
10674 10676 10677
10674 10677 10675
10676 10678 10679
10676 10679 10677
10679 10678 10680
10679 10680 10681
10672 10682 10683
10684 10683 10682
10684 10682 10685
10686 10683 10684
10686 10684 10687
10673 10683 10686
10673 10672 10683
10688 10689 10690
10688 10690 10691
10690 10689 10681
10690 10681 10680
10692 10693 10694
10692 10694 10695
10696 10697 10698
10696 10698 10699
10700 10701 10702
10700 10702 10703
10704 10705 10706
10704 10706 10707
10708 10709 10710
10708 10710 10711
10712 10713 10714
10712 10714 10715
10716 10717 10718
10716 10718 10719
10718 10717 10720
10718 10720 10721
10720 10722 10723
10720 10723 10721
10723 10722 10724
10723 10724 10725
10724 10726 10727
10724 10727 10725
10727 10726 10728
10727 10728 10729
10730 10731 10732
10730 10732 10733
10734 10735 10736
10734 10736 10737
10738 10736 10735
10738 10735 10739
10713 10738 10739
10713 10739 10714
10712 10715 10710
10712 10710 10709
10708 10711 10740
10708 10740 10741
10742 10741 10740
10742 10740 10743
10744 10745 10706
10744 10706 10746
10747 10748 10749
10750 10751 10748
10750 10748 10752
10753 10754 10755
10753 10755 10756
10757 10758 10759
10757 10759 10760
10760 10759 10761
10760 10761 10762
10763 10764 10765
10763 10765 10766
10766 10765 10767
10766 10767 10768
10769 10770 10771
10769 10771 10772
10772 10771 10758
10772 10758 10757
10768 10767 10773
10768 10773 10774
10775 10776 10777
10775 10777 10778
10779 10780 10781
10779 10781 10782
10783 10784 10785
10783 10785 10786
10787 10788 10789
10787 10789 10790
10782 10781 10788
10782 10788 10787
10791 10792 10793
10794 10795 10796
10794 10796 10797
10797 10796 10798
10797 10798 10799
10800 10801 10802
10800 10802 10803
10803 10802 10804
10803 10804 10805
10799 10798 10806
10799 10806 10807
10807 10806 10808
10807 10808 10809
10810 10811 10812
10810 10812 10813
10813 10812 10801
10813 10801 10800
10809 10808 10814
10809 10814 10815
10816 10817 10818
10816 10818 10819
10811 10810 10820
10811 10820 10821
10822 10823 10824
10822 10824 10825
10821 10820 10826
10821 10826 10827
10828 10829 10830
10828 10830 10831
10780 10779 10832
10780 10832 10833
10833 10832 10770
10833 10770 10769
10834 10835 10836
10834 10836 10837
10838 10839 10840
10838 10840 10841
10827 10826 10842
10827 10842 10843
10790 10789 10844
10790 10844 10845
10846 10847 10848
10849 10850 10793
10849 10793 10851
10852 10853 10854
10852 10854 10855
10856 10753 10857
10858 10737 10733
10858 10733 10859
10843 10842 10860
10843 10860 10861
10861 10860 10862
10861 10862 10863
10864 10844 10865
10864 10865 10828
10866 10730 10702
10866 10702 10867
10868 10869 10870
10868 10870 10871
10762 10872 10750
10762 10750 10752
10873 10874 10692
10873 10692 10695
10875 10876 10763
10875 10763 10756
10877 10878 10879
10877 10879 10880
10880 10879 10881
10880 10881 10882
10883 10884 10885
10886 10887 10888
10886 10888 10889
10890 10891 10892
10890 10892 10893
10892 10891 10894
10892 10894 10895
10896 10897 10898
10896 10898 10899
10900 10901 10902
10900 10902 10903
10904 10905 10906
10900 10903 10907
10900 10907 10908
10909 10910 10911
10912 10913 10914
10912 10914 10915
10888 10887 10890
10888 10890 10893
10916 10917 10918
10916 10918 10919
10920 10921 10922
10920 10922 10923
10924 10925 10926
10924 10926 10927
10928 10929 10930
10928 10930 10931
10932 10933 10934
10932 10934 10935
10936 10937 10938
10936 10938 10939
10938 10937 10940
10938 10940 10941
10942 10943 10944
10942 10944 10945
10946 10947 10948
10946 10948 10949
10950 10951 10952
10950 10952 10953
10953 10954 10955
10953 10955 10956
10957 10958 10959
10957 10959 10960
10961 10962 10963
10961 10963 10964
10965 10966 10967
10965 10967 10968
10969 10970 10971
10969 10971 10972
10973 10974 10975
10973 10975 10976
10975 10974 10977
10975 10977 10978
10979 10980 10981
10979 10981 10982
10982 10983 10984
10982 10984 10985
10986 10987 10988
10986 10988 10989
10990 10991 10992
10990 10992 10993
10994 10995 10996
10994 10996 10997
10998 10999 11000
10998 11000 11001
10923 10922 10925
10923 10925 10924
10968 10967 11002
10968 11002 11003
10931 10930 10927
10931 10927 10926
11004 11005 11006
11004 11006 10965
10941 11007 10942
10941 10942 10945
11008 10901 10904
10960 10959 11009
10960 11009 10955
11010 11004 10962
11010 10962 10961
10897 10896 10895
10897 10895 10894
10935 10934 10929
10935 10929 11011
10964 10963 10958
10964 10958 10957
11012 10907 10899
11012 10899 11013
10936 10939 11014
10936 11014 11015
11016 10969 10972
11016 10972 11017
11018 11019 11020
11018 11020 11021
11022 11023 11024
11022 11024 11025
10909 11026 10910
11027 10910 10905
11028 11029 10994
11028 10994 11030
11031 11032 10910
11033 11034 10950
11033 10950 10949
10904 10906 10902
11035 11036 10973
11035 10973 10976
11037 11038 10882
11039 11040 11041
11039 11041 10985
11041 11040 10918
11041 10918 10917
11038 11037 10884
10970 11036 11035
10970 11035 10971
11038 10884 10883
10881 11037 10882
11003 11002 11016
11003 11016 11017
11019 11042 11043
11019 11043 11020
11023 10921 10920
11023 10920 11024
11021 10883 10885
11022 11044 10916
11022 10916 10919
11045 11046 11047
11048 11049 11050
11048 11050 11051
11051 11050 11052
11051 11052 11053
11053 11052 11054
11053 11054 11055
11056 11057 11058
11056 11058 11059
11060 11061 11062
11060 11062 11063
11064 11065 11066
11064 11066 11062
11067 11068 11069
11070 11071 11072
11073 11071 11068
11074 11075 11076
11077 11078 11079
11077 11079 11080
11081 11082 11083
11081 11083 11084
11085 11086 11087
11082 11085 11087
11082 11087 11083
11088 11089 11090
11086 11088 11091
11092 11093 11094
11092 11094 11095
11078 11096 11079
11097 11098 11099
11100 11101 11102
11098 11103 11104
11105 11106 11107
11105 11107 11108
11106 11109 11110
11106 11110 11111
11112 11113 11081
11112 11081 11084
11114 11115 11116
11114 11116 11117
11101 11114 11117
11101 11117 11102
11089 11118 11119
11118 11092 11095
11118 11095 11120
11078 11097 11096
11118 11120 11119
11089 11119 11090
11088 11090 11091
11086 11091 11087
11100 11102 11121
11098 11121 11099
11097 11099 11096
11122 11123 11124
11122 11124 11125
11126 11127 11128
11126 11128 11129
11130 11131 11132
11129 11128 11131
11129 11131 11130
11133 11134 11135
11132 11136 11133
11137 11138 11139
11137 11139 11140
11125 11124 11141
11142 11141 11143
11142 11143 11144
11145 11146 11147
11145 11147 11148
11144 11143 11149
11144 11149 11150
11151 11152 11153
11151 11153 11154
11154 11155 11156
11154 11156 11157
11158 11127 11126
11158 11126 11159
11160 11161 11162
11160 11162 11163
11148 11147 11161
11148 11161 11160
11135 11164 11165
11165 11166 11138
11165 11138 11137
11125 11141 11142
11165 11164 11166
11135 11134 11164
11133 11167 11134
11168 11169 11167
11170 11171 11172
11170 11172 11173
11171 11170 11174
11175 11176 11177
11175 11177 11178
11178 11177 11179
11178 11179 11180
11181 11182 11170
11170 11173 11183
11184 11185 11186
11184 11186 11187
11187 11186 11188
11187 11188 11189
11183 11190 11170
11191 11192 11193
11191 11193 11194
11194 11193 11176
11194 11176 11175
11195 11181 11170
11196 11174 11170
11196 11170 11182
11197 11198 11192
11197 11192 11191
11199 11195 11170
11180 11179 11200
11180 11200 11201
11201 11200 11202
11201 11202 11203
11203 11202 11204
11203 11204 11205
11205 11204 11185
11205 11185 11184
11189 11188 11206
11189 11206 11207
11208 11209 11210
11208 11211 11209
11210 11212 11208
11213 11208 11214
11208 11215 11211
11215 11208 11216
11217 11208 11213
11218 11208 11212
11218 11219 11208
11220 11221 11222
11223 11224 11225
11223 11225 11226
11227 11228 11229
11227 11229 11230
11231 11232 11233
11231 11233 11234
11235 11236 11237
11235 11237 11238
11239 11240 11241
11231 11242 11243
11231 11243 11244
11244 11243 11245
11232 11244 11246
11230 11229 11247
11248 11249 11250
11251 11252 11253
11254 11255 11256
11257 11258 11246
11253 11252 11235
11253 11235 11259
11246 11258 11232
11260 11261 11234
11260 11234 11223
11252 11260 11226
11236 11252 11226
11234 11233 11224
11234 11224 11223
11234 11261 11242
11234 11242 11231
11237 11236 11226
11237 11226 11225
11259 11238 11250
11258 11262 11263
11250 11254 11248
11226 11260 11223
11264 11265 11266
11264 11266 11267
11268 11269 11270
11268 11270 11271
11272 11273 11274
11275 11276 11277
11275 11277 11272
11271 11267 11266
11271 11266 11268
11278 11258 11279
11280 11237 11281
11282 11283 11284
11282 11284 11285
11286 11225 11224
11286 11224 11287
11258 11288 11289
11258 11289 11232
11289 11290 11232
11250 11238 11280
11270 11269 11291
11270 11291 11292
11266 11265 11293
11266 11293 11294
11237 11225 11286
11295 11296 11297
11298 11260 11251
11251 11299 11300
11251 11300 11298
11259 11249 11301
11259 11301 11253
11253 11301 11299
11253 11299 11251
11302 11239 11303
11245 11246 11244
11304 11261 11298
11305 11306 11295
11307 11308 11309
11307 11309 11310
11311 11312 11313
11311 11313 11314
11314 11313 11315
11314 11315 11316
11311 11317 11318
11311 11318 11312
11319 11320 11321
11319 11321 11322
11242 11261 11304
11323 11324 11325
11323 11325 11326
11327 11328 11329
11327 11329 11330
11331 11332 11329
11331 11329 11333
11334 11335 11293
11334 11293 11265
11287 11224 11233
11262 11258 11257
11336 11337 11338
11336 11338 11339
11340 11341 11342
11343 11344 11345
11343 11345 11340
11306 11305 11239
11306 11239 11302
11346 11347 11348
11349 11303 11350
11349 11350 11255
11351 11348 11352
11351 11352 11353
11324 11353 11352
11324 11352 11325
11354 11355 11356
11354 11356 11357
11334 11265 11264
11334 11264 11358
11291 11274 11292
11359 11360 11347
11359 11347 11346
11361 11362 11363
11235 11252 11236
11257 11246 11245
11364 11361 11363
11365 11366 11367
11365 11367 11368
11285 11284 11369
11285 11369 11370
11371 11372 11373
11371 11373 11374
11365 11375 11376
11365 11376 11366
11368 11367 11373
11368 11373 11372
11377 11371 11285
11377 11285 11370
11378 11379 11380
11378 11380 11381
11382 11355 11354
11382 11354 11383
11384 11372 11371
11384 11371 11377
11385 11386 11387
11388 11365 11368
11388 11368 11389
11390 11364 11391
11390 11391 11392
11285 11371 11374
11285 11374 11282
11388 11393 11375
11388 11375 11365
11389 11368 11372
11389 11372 11384
11295 11306 11394
11295 11394 11395
11278 11279 11396
11284 11355 11382
11284 11382 11369
11355 11284 11283
11355 11283 11356
11235 11238 11259
11261 11260 11298
11260 11252 11251
11231 11244 11232
11238 11237 11280
11397 11398 11399
11239 11241 11303
11400 11401 11402
11403 11404 11405
11403 11405 11406
11407 11408 11299
11407 11299 11301
11409 11410 11411
11409 11411 11412
11245 11413 11257
11414 11415 11416
11414 11416 11405
11417 11418 11419
11417 11419 11420
11421 11422 11423
11421 11423 11424
11425 11426 11427
11425 11427 11428
11429 11430 11418
11429 11418 11417
11431 11300 11432
11431 11432 11433
11413 11434 11435
11413 11435 11436
11240 11437 11438
11240 11438 11439
11301 11249 11440
11301 11440 11407
11441 11429 11417
11441 11417 11442
11443 11444 11445
11443 11445 11446
11447 11448 11263
11449 11450 11451
11449 11451 11452
11453 11454 11455
11456 11457 11458
11456 11458 11453
11456 11459 11433
11456 11433 11457
11456 11401 11400
11410 11460 11459
11410 11459 11411
11403 11461 11408
11403 11408 11407
11458 11462 11463
11458 11463 11454
11464 11462 11465
11464 11465 11461
11453 11455 11466
11263 11467 11447
11245 11468 11469
11245 11469 11434
11470 11443 11442
11228 11414 11471
11228 11471 11229
11472 11473 11474
11472 11474 11425
11472 11475 11444
11472 11444 11443
11442 11446 11441
11476 11477 11410
11476 11410 11409
11478 11431 11460
11478 11460 11479
11410 11477 11479
11410 11479 11460
11480 11481 11469
11480 11469 11476
11482 11480 11476
11482 11476 11409
11441 11483 11424
11421 11484 11485
11421 11485 11486
11487 11448 11447
11487 11447 11488
11447 11467 11451
11447 11451 11488
11487 11488 11489
11487 11489 11490
11422 11491 11492
11422 11492 11423
11479 11242 11478
11468 11493 11479
11468 11479 11477
11469 11468 11477
11469 11477 11476
11469 11481 11435
11469 11435 11434
11400 11402 11494
11400 11494 11411
11424 11423 11429
11424 11429 11441
11433 11432 11465
11433 11465 11457
11433 11459 11460
11433 11460 11431
11411 11459 11456
11411 11456 11400
11424 11483 11484
11424 11484 11421
11440 11495 11471
11440 11471 11404
11423 11492 11430
11423 11430 11429
11465 11462 11458
11465 11458 11457
11432 11300 11299
11432 11299 11408
11463 11462 11464
11463 11464 11496
11300 11431 11298
11461 11403 11406
11461 11406 11464
11465 11432 11408
11465 11408 11461
11451 11450 11489
11451 11489 11488
11467 11262 11497
11451 11467 11497
11451 11497 11452
11449 11452 11413
11449 11413 11436
11452 11497 11413
11497 11257 11413
11486 11422 11421
11438 11427 11498
11364 11485 11484
11483 11364 11484
11471 11414 11405
11471 11405 11404
11471 11495 11247
11499 11500 11501
11499 11501 11502
11426 11425 11503
11426 11503 11504
11470 11473 11472
11470 11472 11443
11420 11419 11505
11420 11505 11506
11503 11474 11507
11508 11504 11503
11508 11503 11509
11474 11510 11507
11505 11511 11510
11505 11510 11506
11425 11474 11503
11512 11513 11514
11412 11515 11482
11412 11482 11409
11243 11493 11468
11243 11468 11245
11305 11437 11239
11242 11493 11243
11304 11478 11242
11262 11467 11263
11427 11438 11516
11517 11439 11438
11517 11438 11498
11298 11478 11304
11262 11257 11497
11407 11440 11404
11407 11404 11403
11422 11518 11491
11518 11422 11486
11425 11428 11475
11425 11475 11472
11483 11361 11364
11443 11446 11442
11446 11483 11441
11493 11242 11479
11298 11431 11478
11434 11413 11245
11519 11520 11521
11522 11523 11524
11525 11412 11522
11525 11522 11526
11512 11527 11521
11528 11529 11530
11531 11532 11330
11533 11534 11535
11533 11535 11326
11536 11331 11333
11536 11333 11381
11537 11538 11380
11537 11380 11539
11534 11337 11336
11534 11336 11535
11540 11541 11542
11540 11542 11539
11328 11543 11544
11328 11544 11545
11543 11328 11327
11543 11327 11546
11547 11532 11548
11366 11376 11359
11366 11346 11351
11366 11351 11367
11367 11351 11353
11367 11353 11373
11373 11353 11324
11373 11324 11374
11374 11324 11323
11374 11323 11282
11323 11549 11283
11323 11283 11282
11550 11356 11283
11550 11283 11549
11551 11357 11356
11551 11356 11550
11335 11541 11540
11335 11540 11293
11379 11294 11293
11379 11293 11540
11545 11544 11552
11545 11552 11378
11507 11510 11511
11507 11511 11553
11554 11555 11344
11554 11344 11343
11501 11500 11517
11501 11517 11498
11309 11308 11556
11309 11556 11557
11558 11342 11557
11558 11557 11556
11500 11499 11342
11500 11342 11558
11230 11241 11240
11230 11240 11227
11501 11498 11426
11501 11426 11504
11502 11501 11504
11502 11504 11508
11316 11315 11555
11316 11555 11554
11296 11295 11559
11303 11241 11230
11303 11230 11350
11248 11495 11440
11248 11440 11249
11247 11495 11256
11247 11256 11350
11316 11554 11502
11316 11502 11508
11314 11316 11508
11314 11508 11509
11507 11314 11509
11317 11311 11507
11317 11507 11553
11499 11502 11554
11499 11554 11343
11560 11561 11562
11455 11454 11563
11564 11565 11566
11564 11566 11567
11565 11568 11566
11321 11320 11530
11439 11517 11569
11439 11569 11570
11570 11569 11571
11570 11571 11572
11572 11571 11573
11572 11573 11415
11574 11416 11415
11574 11415 11573
11575 11576 11416
11575 11416 11574
11496 11576 11575
11496 11575 11577
11496 11577 11578
11496 11578 11463
11454 11463 11578
11454 11578 11563
11517 11500 11558
11517 11558 11569
11569 11558 11556
11569 11556 11571
11571 11556 11308
11571 11308 11573
11307 11574 11308
11575 11574 11307
11567 11577 11575
11577 11567 11566
11563 11578 11566
11527 11455 11563
11579 11321 11530
11240 11439 11570
11240 11570 11227
11228 11227 11570
11228 11570 11572
11414 11228 11572
11414 11572 11415
11416 11576 11406
11416 11406 11405
11464 11406 11576
11464 11576 11496
11302 11303 11349
11302 11580 11394
11302 11394 11306
11349 11581 11580
11349 11580 11302
11581 11349 11255
11254 11582 11255
11582 11254 11280
11250 11280 11254
11297 11516 11305
11297 11305 11295
11270 11287 11290
11292 11287 11270
11281 11286 11292
11281 11292 11273
11281 11272 11280
11272 11277 11582
11272 11582 11280
11580 11581 11393
11580 11393 11388
11580 11388 11389
11580 11389 11394
11394 11389 11384
11394 11384 11395
11395 11384 11377
11395 11377 11385
11385 11377 11370
11370 11369 11363
11370 11363 11583
11382 11391 11363
11382 11363 11369
11391 11382 11383
11391 11383 11392
11264 11278 11584
11264 11584 11358
11278 11264 11288
11288 11267 11271
11288 11271 11289
11290 11289 11271
11230 11247 11350
11255 11350 11256
11290 11271 11270
11292 11286 11287
11547 11585 11276
11547 11276 11275
11274 11546 11275
11532 11547 11546
11532 11546 11327
11274 11291 11543
11274 11543 11546
11544 11543 11291
11544 11291 11269
11268 11552 11544
11268 11544 11269
11281 11273 11272
11391 11364 11363
11362 11583 11363
11295 11395 11559
11387 11559 11385
11395 11385 11559
11361 11483 11446
11361 11446 11445
11362 11361 11445
11362 11445 11386
11583 11362 11386
11387 11296 11559
11385 11583 11386
11274 11273 11292
11277 11393 11581
11277 11581 11582
11375 11393 11277
11375 11277 11276
11376 11375 11276
11376 11276 11585
11585 11586 11587
11585 11587 11376
11474 11473 11506
11474 11506 11510
11470 11420 11506
11470 11506 11473
11420 11470 11442
11420 11442 11417
11387 11386 11445
11387 11445 11444
11475 11296 11387
11475 11387 11444
11428 11297 11296
11428 11296 11475
11427 11516 11297
11427 11297 11428
11272 11274 11275
11546 11547 11275
11264 11267 11288
11278 11288 11258
11266 11294 11552
11266 11552 11268
11552 11294 11379
11552 11379 11378
11237 11286 11281
11588 11589 11587
11590 11591 11586
11587 11589 11360
11587 11360 11359
11548 11586 11585
11592 11590 11586
11592 11586 11548
11548 11585 11547
11359 11346 11366
11376 11587 11359
11593 11587 11586
11593 11588 11587
11591 11593 11586
11594 11595 11596
11594 11596 11597
11598 11599 11600
11313 11601 11315
11312 11318 11594
11344 11602 11345
11603 11604 11602
11315 11601 11603
11315 11603 11555
11578 11577 11566
11567 11575 11307
11322 11605 11319
11512 11455 11527
11562 11605 11322
11385 11370 11583
11557 11341 11606
11557 11342 11341
11603 11607 11608
11603 11608 11604
11601 11609 11607
11601 11607 11603
11610 11609 11601
11610 11601 11611
11597 11596 11610
11597 11610 11611
11612 11613 11614
11615 11616 11614
11617 11618 11605
11617 11605 11562
11618 11617 11599
11618 11599 11598
11612 11619 11613
11616 11612 11614
11564 11620 11560
11564 11560 11565
11620 11613 11619
11620 11619 11561
11621 11614 11613
11621 11613 11622
11620 11561 11560
11322 11321 11565
11322 11565 11560
11322 11560 11562
11621 11623 11615
11621 11615 11614
11624 11625 11623
11624 11623 11621
11397 11310 11309
11342 11499 11343
11340 11342 11343
11557 11606 11398
11320 11528 11530
11522 11524 11526
11555 11602 11344
11555 11603 11602
11507 11311 11314
11503 11507 11509
11312 11594 11597
11312 11597 11611
11312 11611 11313
11601 11313 11611
11232 11290 11233
11287 11233 11290
11581 11255 11582
11248 11254 11256
11256 11495 11248
11471 11247 11229
11250 11249 11259
11626 11624 11627
11622 11627 11624
11622 11624 11621
11627 11622 11628
11566 11568 11629
11455 11512 11514
11455 11514 11466
11412 11525 11515
11622 11613 11620
11622 11620 11628
11494 11412 11411
11453 11458 11454
11567 11307 11310
11579 11568 11321
11568 11565 11321
11512 11521 11520
11512 11520 11513
11522 11630 11523
11523 11631 11524
11566 11629 11563
11522 11412 11494
11402 11522 11494
11401 11630 11522
11401 11522 11402
11632 11633 11530
11632 11530 11529
11530 11633 11579
11453 11466 11456
11456 11466 11401
11527 11563 11629
11634 11626 11627
11399 11634 11627
11399 11627 11397
11398 11606 11399
11627 11628 11397
11397 11309 11557
11397 11557 11398
11310 11564 11567
11310 11628 11620
11310 11620 11564
11574 11573 11308
11239 11437 11240
11427 11426 11498
11305 11516 11437
11438 11437 11516
11397 11628 11310
11364 11390 11485
11278 11396 11635
11278 11635 11584
11635 11396 11448
11396 11279 11263
11396 11263 11448
11279 11258 11263
11326 11325 11636
11326 11636 11533
11637 11330 11329
11637 11329 11332
11333 11329 11328
11333 11328 11545
11550 11336 11339
11550 11339 11551
11638 11352 11348
11638 11348 11639
11325 11352 11638
11325 11638 11636
11381 11380 11538
11381 11538 11536
11326 11535 11549
11326 11549 11323
11378 11381 11333
11378 11333 11545
11539 11380 11379
11539 11379 11540
11549 11535 11336
11549 11336 11550
11537 11539 11542
11537 11542 11640
11346 11348 11351
11348 11347 11639
11531 11330 11637
11548 11532 11531
11548 11531 11592
11330 11532 11327
11641 11642 10196
11641 10196 10195
11643 10193 10196
11643 10196 10192
11644 11645 11646
11644 11646 11647
11647 11646 10203
11647 10203 10202
11648 10200 10203
11648 10203 10199
10205 10200 11648
10205 11648 11649
10207 10205 11649
10207 11649 11650
10209 10207 11650
10209 11650 10211
10190 10191 11642
11642 10191 10192
11642 10192 10196
11645 10198 10197
11645 10197 11646
11646 10197 10199
11646 10199 10203
11651 10215 10216
11651 10216 11652
11652 10216 10189
11652 10189 10188
9823 10190 10189
9823 10189 9824
9831 11643 10192
9831 10192 9832
11648 10199 9805
11648 9805 9837
11649 11648 9837
11649 9837 9835
11650 11649 9835
11650 9835 9836
10211 11650 9836
10211 9836 9812
10187 11642 11641
10190 11642 10187
10213 10215 11651
10215 9829 9821
10209 10210 10208
9815 10211 9812
10211 10210 10209
11653 11654 11655
11653 11655 11656
11657 11658 11659
11657 11659 11660
11661 11662 11663
11661 11663 11664
11665 11666 11667
11665 11667 11668
11669 11670 11671
11669 11671 11672
11673 11657 11660
11673 11660 11674
11675 11676 11677
11675 11677 11678
11675 11662 11661
11675 11661 11676
11669 11672 11679
11669 11679 11680
11666 11681 11682
11666 11682 11667
11670 11665 11668
11670 11668 11671
11683 11684 11685
11683 11685 11686
11677 11673 11674
11677 11674 11678
11654 11687 11688
11654 11688 11655
11683 11664 11663
11683 11663 11684
11653 11656 11682
11653 11682 11681
11689 11690 11691
11689 11691 11692
11693 11694 11690
11693 11690 11689
11695 11696 11694
11695 11694 11693
11692 11691 11697
11692 11697 11698
11659 11658 11696
11659 11696 11695
11697 11688 11687
11697 11687 11698
11699 11700 11701
11701 11702 11703
11701 11703 11699
11704 11701 11700
11700 11705 11706
11700 11706 11704
11707 11708 11709
11707 11709 11710
11711 11710 11709
11707 11712 11708
11713 11710 11711
11713 11711 11714
11713 11714 11715
11716 11715 11714
11717 11718 11719
11718 11720 11719
11717 11719 11721
11722 11723 11724
11723 11725 11724
11724 11725 11726
11727 11728 11724
11728 11722 11724
11719 11720 11729
11719 11729 11730
11724 11726 11731
11721 11719 11732
11733 11734 11735
11733 11735 11736
11737 11733 11736
11737 11736 11738
11739 11740 11741
11739 11741 11742
11743 11739 11742
11743 11742 11744
11745 11746 11747
11745 11747 11748
11731 11749 11724
11724 11749 11750
11732 11719 11751
11751 11719 11752
11735 11734 11753
11735 11753 11754
11724 11750 11755
11756 11743 11744
11756 11744 11757
11724 11755 11758
11759 11747 11746
11759 11746 11760
11759 11760 11737
11759 11737 11738
11752 11719 11761
11761 11719 11762
11756 11757 11763
11756 11763 11764
11741 11740 11754
11741 11754 11753
11765 11766 11767
11765 11767 11768
11769 11770 11771
11769 11771 11772
11773 11774 11775
11773 11775 11776
11777 11778 11779
11777 11779 11780
11781 11782 11783
11781 11783 11784
11785 11773 11776
11785 11776 11786
11787 11788 11780
11787 11780 11789
11771 11790 11791
11771 11791 11792
11793 11794 11795
11793 11795 11796
11797 11798 11799
11797 11799 11800
11801 11802 11803
11801 11803 11804
11805 11806 11807
11805 11807 11808
11809 11810 11811
11809 11811 11812
11813 11814 11815
11813 11815 11816
11797 11800 11817
11797 11817 11818
11819 11820 11821
11819 11821 11822
11823 11824 11825
11823 11825 11826
11827 11828 11829
11827 11829 11830
11831 11832 11833
11834 11835 11836
11834 11836 11837
11838 11839 11840
11838 11840 11841
11842 11843 11844
11845 11846 11843
11835 11847 11836
11836 11847 11848
11849 11850 11836
11851 11836 11852
11852 11836 11853
11849 11836 11854
11831 11855 11829
11831 11829 11832
11827 11856 11840
11827 11840 11828
11857 11843 11846
11858 11859 11860
11859 11861 11862
11863 11864 11860
11865 11858 11860
11866 11867 11860
11867 11868 11860
11863 11860 11861
11865 11860 11868
11855 11831 11869
11855 11869 11870
11831 11871 11872
11856 11827 11873
11856 11873 11874
11827 11855 11870
11827 11870 11873
11875 11843 11857
11875 11857 11876
11857 11841 11874
11857 11874 11876
11877 11843 11875
11878 11862 11864
11836 11850 11853
11842 11845 11879
11877 11844 11879
11831 11833 11871
11857 11846 11839
11880 11881 11882
11883 11884 11882
11885 11886 11887
11888 11880 11889
11890 11891 11889
11891 11892 11889
11883 11889 11893
11894 11895 11896
11894 11896 11897
11898 11895 11899
11900 11901 11902
11900 11902 11903
11901 11904 11905
11901 11905 11902
11906 11907 11908
11907 11900 11903
11907 11903 11908
11885 11887 11906
11901 11909 11910
11901 11910 11904
11911 11912 11913
11914 11915 11916
11914 11916 11900
11917 11918 11887
11918 11919 11887
11912 11920 11913
11920 11921 11922
11923 11924 11913
11925 11913 11926
11926 11913 11927
11923 11913 11921
11911 11913 11928
11895 11904 11910
11895 11910 11929
11901 11900 11916
11901 11916 11909
11914 11930 11931
11922 11924 11927
11890 11889 11884
11889 11881 11893
11932 11889 11933
11887 11934 11935
11936 11898 11896
11895 11929 11899
11887 11907 11906
11907 11887 11919
11937 11938 11939
11940 11941 11942
11940 11942 11943
11944 11945 11946
11944 11946 11947
11948 11949 11950
11948 11950 11951
11946 11950 11949
11946 11949 11947
11939 11938 11945
11939 11945 11944
11943 11948 11951
11943 11951 11940
11952 11953 11954
11952 11954 11955
11956 11957 11958
11956 11958 11959
11960 11961 11955
11960 11955 11962
11963 11964 11965
11963 11965 11966
11964 11967 11968
11964 11968 11965
11969 11967 11964
11969 11964 11970
11970 11964 11963
11970 11963 11971
11970 11972 11973
11970 11973 11969
11974 11975 11976
11974 11976 11977
11965 11968 11978
11965 11978 11975
11973 11972 11979
11973 11979 11980
11972 11981 11982
11972 11982 11979
11983 11984 11985
11983 11985 11986
11987 11952 11955
11987 11955 11961
11962 11988 11971
11962 11971 11963
11989 11990 11991
11989 11991 11992
11993 11994 11995
11993 11995 11996
11997 11998 11999
11997 11999 12000
12001 12002 12003
12001 12003 12004
12005 12006 12007
12005 12007 12008
12009 12010 12011
12009 12011 12012
12013 12014 12015
12013 12015 12016
12017 12018 11938
12019 12020 11941
12019 11941 11940
11945 12021 12022
11945 12022 11946
11951 11950 12023
11951 12023 12024
12003 12025 12026
12003 12026 12004
12027 12028 12029
12027 12029 12030
12031 12032 12033
12031 12033 12034
12013 12035 12036
12013 12036 12014
12008 12037 12038
12008 12038 12005
12039 12040 12041
12039 12041 12042
12043 12044 12045
12043 12045 12046
12047 12011 12010
12047 12010 12048
12034 12049 12050
12034 12050 12031
12043 12046 12051
12043 12051 12052
12042 12041 12053
12042 12053 12054
12029 12055 12056
12029 12056 12030
11998 12057 12058
11998 12058 11999
12005 12010 12009
12005 12009 12006
11950 11946 12022
11950 12022 12023
12042 12046 12045
12042 12045 12039
12038 12048 12010
12038 12010 12005
12054 12051 12046
12054 12046 12042
12055 12059 12060
12055 12060 12056
12061 12053 12056
12061 12056 12060
12052 12051 12062
12052 12062 12063
12050 12049 12064
12050 12064 12065
12066 12062 12051
12066 12051 12054
12017 12002 12001
12017 12001 12018
12007 12006 12022
12007 12022 12021
12012 12024 12023
12012 12023 12009
12020 12019 12016
12020 12016 12015
12009 12023 12022
12009 12022 12006
11985 11990 11989
11985 11989 11986
12067 12068 11988
12067 11988 11954
11997 12069 12070
11997 12070 12071
12067 12072 12073
12067 12073 12068
12061 12000 11999
12061 11999 12066
12057 12074 12075
12057 12075 12058
12076 11992 11991
12076 11991 12077
12056 12053 12041
12056 12041 12030
12040 12027 12030
12040 12030 12041
12008 12004 12026
12008 12026 12037
12008 12007 12001
12008 12001 12004
12001 12007 12021
11945 11938 12018
11966 11960 11962
11966 11962 11963
11988 11962 11955
11988 11955 11954
11957 11974 11977
11957 11977 11958
11988 12068 11981
11988 11981 11971
11981 12068 12078
11981 12078 11982
11952 12079 12071
11952 12071 11953
12079 11952 11987
12069 11997 12000
12069 12000 11993
12074 11956 11959
12074 11959 12075
12079 11998 11997
12079 11997 12071
12057 11998 12079
12057 12079 12080
12057 12080 12081
12073 12069 11993
12073 11993 11996
12068 12073 11996
12068 11996 12078
12081 12080 11987
12081 11987 12082
12083 11957 11956
12083 11956 12082
12083 11961 11960
12083 11960 11957
11974 11957 11960
11974 11960 11966
11975 11974 11966
11975 11966 11965
11971 11981 11972
11971 11972 11970
11975 11978 12084
11975 12084 11976
11959 11958 11989
11959 11989 11992
11983 11986 11977
11983 11977 11976
11983 12085 12086
11983 12086 11984
12013 12016 12012
12013 12012 12011
12024 12019 11940
12024 11940 11951
12034 12033 12044
12034 12044 12043
12011 12047 12035
12011 12035 12013
12052 12049 12034
12052 12034 12043
12075 12076 12064
12075 12064 12063
12019 12024 12012
12019 12012 12016
11986 11989 11958
11986 11958 11977
11992 12076 12075
11992 12075 11959
12078 12087 12088
12078 12088 11982
12088 12089 11979
12088 11979 11982
12083 12082 11987
12083 11987 11961
11953 12072 12067
11953 12067 11954
12072 11953 12071
12072 12071 12070
12081 12082 11956
12081 11956 12074
12073 12072 12070
12073 12070 12069
12059 11994 11993
12059 11993 12060
12000 12061 12060
12000 12060 11993
12063 12062 12058
12063 12058 12075
12077 12065 12064
12077 12064 12076
12062 12066 11999
12062 11999 12058
12054 12053 12061
12054 12061 12066
12063 12064 12049
12063 12049 12052
12090 11973 11980
12090 11980 12091
11969 11973 12090
11969 12090 12092
12093 12090 12091
12093 12091 12094
12085 12095 12096
12085 12096 12086
12097 12098 12099
12097 12099 12100
12089 12101 11980
12089 11980 11979
11978 12102 12103
11978 12103 12084
12095 12085 12084
12095 12084 12103
12104 12105 12106
12104 12106 12107
12108 12109 12110
12108 12110 12111
12112 12106 12105
12112 12105 12113
12108 11937 12114
12113 12115 12116
12113 12116 12112
12111 12110 12104
12111 12104 12107
12117 12118 12119
12117 12119 12120
12121 12122 12087
12121 12087 11995
12117 12123 12124
12117 12124 12118
12125 12126 12127
12125 12127 12128
12129 12130 12131
12129 12131 12132
12133 12134 12101
12133 12101 12089
12135 12133 12089
12135 12089 12088
12136 12137 12138
12136 12138 12139
12136 12140 12141
12136 12141 12142
12142 12143 12137
12142 12137 12136
12144 12145 12146
12144 12146 12147
12148 12149 12150
12148 12150 12151
12152 12121 11995
12152 11995 11994
12121 12152 12153
12121 12153 12128
12132 12154 12155
12132 12155 12129
12120 12129 12155
12120 12155 12156
12157 12123 12117
12157 12117 12158
12159 12160 12003
12159 12003 12002
12161 12160 12159
12161 12159 12162
12163 12164 12165
12163 12165 12166
12167 12165 12164
12167 12164 12168
12168 12169 12170
12168 12170 12167
12171 12172 12107
12171 12107 12106
12111 12173 12174
12111 12174 12108
12175 12171 12106
12175 12106 12112
11937 12108 12174
11937 12174 12017
12176 12175 12112
12176 12112 12116
12177 12178 12179
12177 12179 12180
12166 12165 12181
12166 12181 12182
12160 12161 12183
12160 12183 12184
12185 12186 12187
12185 12187 12188
12178 12177 12189
12178 12189 12190
12191 12181 12165
12191 12165 12167
12160 12184 12025
12160 12025 12003
12186 12185 12029
12186 12029 12028
12192 12193 12190
12192 12190 12189
12191 12167 12170
12191 12170 12194
12195 12190 12193
12195 12193 12196
12190 12195 12197
12190 12197 12178
12198 12179 12178
12198 12178 12197
12199 12185 12188
12199 12188 12200
12185 12199 12055
12185 12055 12029
12199 12201 12059
12199 12059 12055
12200 12202 12201
12200 12201 12199
12203 12198 12197
12203 12197 12204
12205 12156 12155
12205 12155 12206
12196 12207 12208
12196 12208 12195
12174 12159 12002
12174 12002 12017
12174 12173 12162
12174 12162 12159
12164 12163 12172
12164 12172 12171
12171 12175 12168
12171 12168 12164
12175 12176 12169
12175 12169 12168
12118 12137 12143
12118 12143 12119
12132 12131 12126
12132 12126 12125
12125 12209 12154
12125 12154 12132
12210 12147 12211
12210 12211 12212
12150 12149 12213
12150 12213 12144
12198 12203 12202
12198 12202 12200
12166 12182 12183
12166 12183 12161
12161 12162 12163
12161 12163 12166
12162 12173 12172
12162 12172 12163
12172 12173 12111
12172 12111 12107
12188 12187 12180
12188 12180 12179
12179 12198 12200
12179 12200 12188
12144 12147 12210
12144 12210 12150
12212 12133 12135
12212 12135 12214
12122 12127 12214
12122 12214 12135
12122 12121 12128
12122 12128 12127
12139 12215 12140
12139 12140 12136
12122 12135 12088
12122 12088 12087
12124 12138 12137
12124 12137 12118
12214 12127 12126
12214 12126 12216
12130 12148 12151
12130 12151 12131
12216 12126 12131
12216 12131 12151
12142 12141 12213
12142 12213 12149
12149 12148 12143
12149 12143 12142
12148 12130 12119
12148 12119 12143
12129 12120 12119
12129 12119 12130
12128 12153 12209
12128 12209 12125
12201 12152 11994
12201 11994 12059
12217 12209 12153
12217 12153 12218
12154 12219 12206
12154 12206 12155
12195 12208 12204
12195 12204 12197
12158 12208 12207
12158 12207 12157
12209 12217 12219
12209 12219 12154
12134 12220 12221
12134 12221 12101
12095 12103 12222
12095 12222 12223
12147 12146 12224
12147 12224 12211
12099 12098 12225
12099 12225 12226
12100 12141 12140
12100 12140 12097
12215 12227 12097
12215 12097 12140
12097 12227 12228
12097 12228 12098
12153 12152 12201
12153 12201 12218
12217 12202 12203
12217 12203 12219
12219 12203 12204
12219 12204 12206
12206 12204 12208
12206 12208 12205
12205 12208 12158
12205 12158 12156
12156 12158 12117
12156 12117 12120
12201 12202 12217
12201 12217 12218
12025 12028 12027
12025 12027 12026
12032 12036 12035
12032 12035 12033
12037 12040 12039
12037 12039 12038
12044 12047 12048
12044 12048 12045
12045 12048 12038
12045 12038 12039
12040 12037 12026
12040 12026 12027
12033 12035 12047
12033 12047 12044
12180 12182 12181
12180 12181 12177
12183 12187 12186
12183 12186 12184
12177 12181 12191
12177 12191 12189
12184 12186 12028
12184 12028 12025
12189 12191 12194
12189 12194 12192
12182 12180 12187
12182 12187 12183
12145 12229 12230
12145 12230 12231
12211 12224 12220
12211 12220 12134
12232 12233 12234
12232 12234 12235
12236 12237 11968
12236 11968 11967
12092 12238 12239
12092 12239 12236
12092 12090 12093
12092 12093 12238
12239 12238 12240
12239 12240 12241
12101 12221 12091
12101 12091 11980
12216 12210 12212
12216 12212 12214
12229 12213 12141
12229 12141 12100
12242 12243 12244
12242 12244 12245
12221 12246 12094
12221 12094 12091
11968 12237 12102
11968 12102 11978
12212 12211 12134
12212 12134 12133
12085 11983 11976
12085 11976 12084
12146 12145 12231
12146 12231 12247
12018 12001 12021
12021 11945 12018
11937 12017 11938
12114 11937 11939
12109 12108 12114
12243 12239 12241
12243 12241 12244
12095 12223 12248
12095 12248 12096
12102 12242 12222
12102 12222 12103
12093 12249 12240
12093 12240 12238
12220 12234 12246
12220 12246 12221
12234 12233 12250
12234 12250 12246
12229 12100 12099
12229 12099 12230
12146 12247 12235
12146 12235 12224
11995 12087 12078
11995 12078 11996
12248 12223 12251
12248 12251 12252
12236 12239 12243
12236 12243 12237
12092 12236 11967
12092 11967 11969
12213 12229 12145
12213 12145 12144
12151 12150 12210
12151 12210 12216
12237 12243 12242
12237 12242 12102
12080 12079 11987
12074 12057 12081
12224 12235 12234
12224 12234 12220
12253 12225 12098
12253 12098 12228
12254 12251 12223
12254 12223 12222
12242 12245 12254
12242 12254 12222
12255 12256 12247
12255 12247 12231
12255 12231 12230
12255 12230 12257
12256 12232 12235
12256 12235 12247
12226 12257 12230
12226 12230 12099
12246 12250 12258
12246 12258 12094
12249 12093 12094
12249 12094 12258
12259 12260 12114
12259 12114 11939
12261 12262 11943
12261 11943 11942
11944 11947 12263
11944 12263 12264
11947 11949 12265
11947 12265 12263
11949 11948 12266
11949 12266 12265
11939 11944 12264
11939 12264 12259
12262 12266 11948
12262 11948 11943
12105 12104 12267
12105 12267 12268
12260 12269 12109
12270 12271 12115
12270 12115 12113
12268 12270 12113
12268 12113 12105
12272 12267 12104
12272 12104 12110
12110 12109 12269
12110 12269 12272
12264 12263 12273
12263 12265 12274
12265 12266 12275
12265 12275 12274
12276 12277 12272
12259 12264 12278
12279 12280 12268
12269 12260 12281
12282 12281 12260
12283 12262 12261
12275 12266 12262
12284 12285 12271
12284 12271 12270
12280 12284 12270
12280 12270 12268
12277 12279 12267
12259 12282 12260
12276 12269 12281
12282 12259 12278
12278 12264 12273
12286 12283 12261
12283 12275 12262
12273 12263 12274
12272 12277 12267
12267 12279 12268
12282 12287 12288
12282 12288 12281
12281 12288 12289
12281 12289 12276
12290 12291 12278
12289 12292 12277
12289 12277 12276
12279 12293 12294
12279 12294 12280
12294 12295 12284
12294 12284 12280
12295 12296 12285
12295 12285 12284
12297 12298 12283
12297 12283 12286
12290 12273 12274
12290 12274 12299
12299 12274 12275
12299 12275 12300
12301 12302 12303
12301 12303 12304
12305 12306 12307
12305 12307 12308
12309 12310 12311
12309 12311 12312
12313 12314 12315
12313 12315 12316
12317 12318 12319
12287 12320 12321
12287 12321 12288
12322 12323 12324
12325 12326 12298
12327 12328 12329
12327 12329 12330
12317 12319 12331
12328 12317 12332
12328 12332 12333
12334 12335 12336
12337 12338 12339
12338 12340 12341
12342 12343 12296
12310 12344 12343
12310 12343 12342
12288 12321 12303
12288 12303 12289
12323 12345 12336
12323 12336 12340
12346 12347 12299
12346 12299 12300
12348 12346 12300
12348 12300 12298
12347 12349 12290
12347 12290 12299
12348 12298 12326
12306 12311 12295
12306 12295 12294
12306 12294 12293
12306 12293 12307
12302 12292 12289
12302 12289 12303
12291 12350 12320
12291 12320 12287
12309 12312 12351
12321 12320 12352
12321 12352 12353
12330 12354 12355
12330 12355 12356
12325 12355 12354
12325 12354 12326
12351 12357 12358
12354 12330 12329
12278 12291 12287
12278 12287 12282
12279 12277 12292
12279 12292 12293
12292 12302 12307
12292 12307 12293
12302 12301 12308
12302 12308 12307
12359 12360 12361
12362 12363 12364
12362 12364 12365
12340 12336 12335
12335 12366 12367
12327 12368 12369
12327 12369 12328
12298 12300 12275
12298 12275 12283
12370 12313 12316
12370 12316 12371
12337 12372 12301
12373 12308 12301
12373 12301 12372
12374 12308 12373
12305 12374 12375
12305 12375 12312
12323 12340 12338
12323 12338 12324
12322 12376 12345
12350 12377 12378
12320 12350 12379
12322 12380 12353
12322 12353 12352
12353 12380 12304
12324 12338 12337
12379 12350 12378
12306 12305 12312
12306 12312 12311
12342 12295 12311
12312 12375 12351
12375 12381 12357
12375 12357 12351
12375 12382 12383
12317 12328 12369
12356 12368 12327
12384 12385 12333
12384 12333 12332
12334 12386 12387
12334 12387 12363
12388 12372 12337
12389 12390 12391
12334 12392 12366
12334 12366 12335
12341 12335 12367
12393 12381 12383
12381 12375 12383
12305 12308 12374
12304 12337 12301
12341 12340 12335
12339 12338 12341
12388 12337 12339
12375 12374 12382
12318 12317 12369
12394 12395 12396
12394 12396 12397
12398 12384 12332
12398 12332 12331
12399 12400 12362
12399 12362 12365
12315 12401 12391
12348 12354 12329
12324 12337 12304
12380 12324 12304
12353 12304 12303
12321 12353 12303
12344 12310 12309
12344 12309 12358
12379 12376 12322
12379 12322 12352
12377 12336 12378
12376 12378 12336
12354 12348 12326
12323 12322 12345
12330 12356 12327
12310 12342 12311
12361 12377 12359
12316 12315 12385
12316 12385 12384
12359 12349 12347
12359 12347 12402
12377 12361 12386
12377 12386 12336
12385 12391 12403
12359 12377 12350
12359 12350 12349
12390 12329 12403
12331 12332 12317
12333 12403 12329
12333 12329 12328
12404 12405 12314
12404 12314 12313
12361 12360 12396
12361 12396 12395
12401 12406 12407
12401 12407 12408
12361 12395 12387
12361 12387 12386
12391 12385 12315
12384 12398 12371
12384 12371 12316
12389 12391 12401
12401 12408 12389
12314 12406 12401
12314 12401 12315
12409 12410 12411
12409 12411 12412
12402 12390 12389
12402 12389 12413
12347 12346 12390
12349 12350 12291
12349 12291 12290
12346 12348 12329
12346 12329 12390
12386 12334 12336
12362 12392 12334
12362 12334 12363
12333 12385 12403
12345 12376 12336
12376 12379 12378
12352 12320 12379
12380 12322 12324
12390 12403 12414
12415 12416 12417
12402 12347 12390
12273 12290 12278
12411 12418 12419
12411 12419 12412
12420 12421 12422
12423 12424 12425
12426 12427 12428
12429 12430 12431
12394 12432 12387
12394 12387 12395
12433 12404 12313
12433 12313 12370
12269 12276 12272
12114 12260 12109
12295 12342 12296
12297 12325 12298
12309 12351 12358
12372 12434 12435
12372 12435 12373
12434 12372 12388
12434 12388 12436
12339 12437 12436
12339 12436 12388
12438 12437 12339
12438 12339 12341
12367 12439 12438
12367 12438 12341
12440 12374 12373
12440 12373 12435
12441 12382 12374
12441 12374 12440
12441 12442 12383
12441 12383 12382
12442 12443 12393
12442 12393 12383
12444 12445 12319
12444 12319 12318
12367 12366 12446
12367 12446 12439
12447 12446 12366
12447 12366 12392
12400 12447 12392
12400 12392 12362
12448 12331 12319
12448 12319 12445
12398 12331 12448
12398 12448 12449
12449 12450 12371
12449 12371 12398
12450 12451 12370
12450 12370 12371
12451 12452 12433
12451 12433 12370
12433 12452 12453
12433 12453 12409
12454 12455 12456
12454 12456 12457
12455 12458 12459
12455 12459 12456
12458 12460 12461
12458 12461 12459
12462 12461 12460
12462 12460 12463
12464 12462 12463
12464 12463 12465
12465 12466 12467
12465 12467 12464
12466 12468 12469
12466 12469 12467
12468 12470 12471
12468 12471 12469
12470 12472 12473
12470 12473 12471
12474 12473 12472
12474 12472 12475
12475 12476 12477
12475 12477 12474
12478 12479 12480
12479 12481 12482
12479 12482 12480
12483 12482 12481
12483 12481 12484
12484 12485 12486
12484 12486 12483
12485 12487 12488
12485 12488 12486
12452 12488 12487
12452 12487 12489
12452 12489 12490
12452 12490 12453
12478 12480 12491
12474 12477 12492
12474 12492 12493
12493 12494 12473
12493 12473 12474
12473 12494 12495
12473 12495 12471
12469 12471 12495
12469 12495 12496
12467 12469 12496
12467 12496 12497
12467 12497 12498
12467 12498 12464
12498 12499 12462
12498 12462 12464
12499 12500 12461
12499 12461 12462
12459 12461 12500
12459 12500 12501
12456 12459 12501
12456 12501 12502
12457 12456 12502
12457 12502 12503
12504 12490 12505
12409 12506 12410
12507 12508 12509
12507 12509 12457
12510 12454 12457
12510 12457 12509
12511 12509 12508
12512 12510 12509
12513 12512 12511
12513 12511 12514
12515 12513 12514
12515 12514 12516
12515 12517 12518
12408 12519 12413
12408 12413 12389
12452 12451 12488
12486 12488 12451
12486 12451 12450
12483 12486 12450
12483 12450 12449
12448 12482 12483
12448 12483 12449
12480 12482 12448
12480 12448 12445
12491 12480 12445
12493 12492 12443
12493 12443 12442
12441 12494 12493
12441 12493 12442
12495 12494 12441
12495 12441 12440
12496 12495 12440
12496 12440 12435
12497 12496 12435
12497 12435 12434
12498 12497 12434
12498 12434 12436
12437 12499 12498
12437 12498 12436
12438 12500 12499
12438 12499 12437
12501 12500 12438
12501 12438 12439
12502 12501 12439
12502 12439 12446
12507 12502 12446
12507 12446 12447
12447 12400 12508
12447 12508 12507
12399 12508 12400
12514 12520 12399
12514 12399 12521
12515 12518 12522
12515 12522 12523
12523 12524 12513
12523 12513 12515
12524 12525 12512
12524 12512 12513
12525 12526 12510
12525 12510 12512
12526 12527 12454
12526 12454 12510
12527 12528 12455
12527 12455 12454
12529 12458 12455
12529 12455 12528
12530 12460 12458
12530 12458 12529
12463 12460 12530
12463 12530 12531
12465 12463 12531
12465 12531 12532
12466 12465 12533
12534 12535 12470
12534 12470 12468
12475 12472 12536
12475 12536 12537
12538 12476 12475
12538 12475 12537
12539 12479 12540
12539 12540 12541
12542 12481 12479
12542 12479 12539
12484 12481 12542
12484 12542 12543
12543 12544 12485
12543 12485 12484
12544 12545 12487
12544 12487 12485
12489 12487 12545
12489 12545 12546
12547 12546 12548
12547 12548 12490
12505 12490 12548
12505 12548 12549
12468 12466 12533
12468 12533 12534
12472 12535 12536
12412 12419 12405
12412 12405 12404
12433 12409 12412
12433 12412 12404
12511 12508 12399
12512 12509 12511
12533 12465 12532
12470 12535 12472
12399 12365 12550
12399 12550 12521
12431 12430 12424
12551 12427 12426
12411 12410 12552
12411 12553 12551
12411 12552 12553
12409 12453 12504
12409 12504 12554
12408 12407 12555
12408 12555 12519
12409 12554 12506
12556 12557 12415
12556 12415 12558
12430 12559 12417
12430 12417 12416
12560 12429 12561
12560 12561 12562
12563 12562 12561
12563 12517 12562
12564 12565 12555
12564 12555 12407
12566 12567 12568
12566 12568 12569
12570 12571 12572
12570 12572 12573
12572 12574 12573
12575 12576 12577
12419 12418 12578
12419 12578 12579
12580 12581 12428
12423 12582 12583
12577 12580 12428
12574 12420 12422
12423 12425 12584
12423 12584 12421
12421 12584 12585
12421 12585 12422
12422 12585 12586
12422 12586 12587
12586 12588 12589
12586 12589 12587
12588 12590 12580
12588 12580 12589
12426 12580 12590
12426 12590 12591
12551 12426 12591
12592 12406 12314
12592 12314 12405
12593 12407 12406
12593 12406 12592
12577 12576 12589
12577 12589 12580
12573 12594 12589
12573 12589 12576
12573 12574 12422
12573 12422 12587
12411 12595 12418
12596 12591 12411
12425 12424 12430
12425 12430 12416
12566 12569 12579
12566 12579 12597
12415 12557 12416
12394 12397 12598
12394 12598 12599
12432 12394 12599
12432 12599 12600
12550 12365 12364
12550 12364 12601
12359 12402 12413
12359 12413 12360
12413 12519 12396
12413 12396 12360
12519 12555 12397
12519 12397 12396
12555 12565 12598
12555 12598 12397
12602 12603 12556
12602 12556 12604
12521 12550 12560
12521 12560 12562
12517 12514 12521
12517 12521 12562
12592 12405 12419
12592 12419 12579
12564 12592 12579
12564 12579 12569
12569 12602 12565
12569 12565 12564
12604 12598 12565
12604 12565 12602
12415 12599 12598
12415 12598 12604
12600 12599 12415
12600 12415 12417
12550 12601 12559
12550 12559 12560
12364 12363 12387
12364 12387 12432
12601 12364 12432
12601 12432 12600
12559 12601 12600
12559 12600 12417
12560 12559 12430
12560 12430 12429
12605 12606 12607
12605 12607 12608
12254 12245 12608
12254 12608 12609
12251 12254 12609
12251 12609 12610
12611 12612 12613
12611 12613 12614
12225 12253 12615
12225 12615 12616
12617 12226 12225
12617 12225 12616
12618 12619 12620
12618 12620 12621
12622 12623 12620
12622 12620 12619
12623 12622 12624
12623 12624 12625
12626 12627 12625
12626 12625 12624
12233 12628 12629
12233 12630 12250
12249 12631 12632
12632 12633 12249
12241 12240 12633
12241 12633 12634
12244 12241 12634
12244 12634 12605
12635 12258 12250
12636 12637 12250
12258 12638 12639
12631 12258 12639
12630 12233 12629
12250 12630 12636
12631 12249 12258
12635 12250 12637
12638 12258 12635
12491 12640 12444
12540 12479 12478
12518 12517 12563
12504 12641 12642
12643 12644 12645
12643 12645 12646
12647 12648 12649
12647 12649 12650
12651 12652 12653
12651 12653 12654
12655 12656 12657
12655 12657 12658
12659 12660 12661
12662 12663 12661
12664 12665 12666
12664 12666 12662
12648 12667 12668
12648 12668 12649
12669 12670 12671
12669 12671 12672
12672 12671 12673
12672 12673 12674
12674 12673 12675
12674 12675 12676
12677 12678 12679
12680 12681 12682
12681 12680 12683
12681 12683 12684
12685 12686 12687
12685 12687 12688
12689 12690 12670
12689 12670 12669
12690 12689 12691
12690 12691 12692
12691 12693 12694
12691 12694 12692
12695 12696 12697
12695 12697 12698
12699 12700 12701
12699 12701 12702
12703 12704 12705
12703 12705 12706
12707 12708 12709
12707 12709 12710
12651 12711 12652
12663 12659 12661
12678 12682 12712
12653 12707 12710
12653 12710 12654
12713 12714 12703
12713 12703 12706
12714 12713 12715
12714 12715 12716
12716 12715 12717
12716 12717 12718
12718 12717 12719
12718 12719 12720
12721 12722 12719
12721 12719 12723
12724 12725 12726
12724 12726 12727
12728 12729 12730
12731 12732 12733
12734 12735 12736
12734 12736 12737
12738 12739 12740
12738 12740 12741
12742 12732 12743
12742 12743 12744
12745 12746 12747
12745 12747 12748
12749 12750 12751
12749 12751 12687
12752 12753 12754
12752 12754 12755
12756 12757 12758
12756 12758 12755
12759 12760 12761
12759 12761 12762
12763 12764 12765
12763 12765 12766
12767 12768 12769
12767 12769 12770
12770 12771 12772
12770 12772 12767
12739 12724 12727
12739 12727 12773
12774 12775 12776
12774 12776 12777
12778 12779 12780
12778 12780 12781
12780 12782 12783
12780 12783 12781
12782 12784 12785
12782 12785 12783
12786 12787 12788
12786 12788 12789
12787 12790 12791
12787 12791 12788
12790 12792 12793
12790 12793 12791
12792 12794 12795
12792 12795 12793
12796 12797 12798
12796 12798 12799
12800 12734 12801
12800 12801 12802
12803 12800 12802
12803 12802 12804
12805 12803 12806
12805 12806 12747
12785 12784 12807
12785 12807 12808
12725 12809 12744
12725 12744 12726
12643 12646 12668
12643 12668 12667
12810 12811 12704
12812 12810 12703
12714 12812 12703
12813 12714 12716
12814 12716 12815
12815 12718 12816
12817 12816 12720
12818 12817 12720
12819 12820 12821
12819 12821 12822
12823 12685 12745
12824 12825 12826
12827 12828 12829
12829 12830 12827
12831 12832 12833
12834 12835 12836
12837 12838 12839
12743 12731 12840
12706 12705 12693
12706 12693 12691
12689 12713 12706
12689 12706 12691
12713 12689 12669
12713 12669 12715
12715 12669 12672
12715 12672 12717
12717 12672 12674
12717 12674 12719
12841 12719 12674
12841 12674 12676
12658 12657 12696
12658 12696 12695
12692 12694 12679
12692 12679 12712
12681 12690 12692
12681 12692 12712
12690 12681 12664
12690 12664 12670
12670 12664 12662
12670 12662 12671
12671 12662 12661
12671 12661 12673
12675 12673 12661
12675 12661 12660
12702 12701 12842
12702 12842 12655
12743 12843 12731
12844 12685 12823
12840 12731 12845
12840 12845 12837
12845 12838 12837
12836 12835 12846
12836 12846 12847
12832 12759 12848
12832 12848 12833
12830 12756 12755
12830 12755 12827
12755 12849 12828
12755 12828 12827
12686 12825 12850
12844 12826 12686
12844 12686 12685
12837 12839 12817
12834 12815 12816
12834 12816 12839
12831 12814 12815
12831 12815 12834
12829 12813 12814
12829 12814 12831
12813 12829 12824
12813 12824 12812
12824 12810 12812
12837 12851 12840
12810 12704 12703
12824 12826 12810
12817 12839 12816
12826 12825 12686
12845 12852 12838
12821 12698 12697
12821 12697 12853
12851 12817 12818
12826 12811 12810
12844 12811 12826
12817 12851 12837
12833 12830 12831
12762 12854 12830
12762 12830 12833
12855 12856 12756
12855 12756 12848
12836 12832 12834
12763 12857 12832
12763 12832 12836
12766 12760 12759
12766 12759 12847
12839 12838 12835
12764 12835 12838
12764 12838 12769
12858 12764 12769
12858 12769 12859
12860 12794 12797
12860 12797 12861
12849 12862 12751
12849 12751 12850
12828 12849 12850
12828 12850 12825
12824 12828 12825
12829 12828 12824
12830 12829 12831
12832 12831 12834
12835 12834 12839
12714 12813 12812
12816 12718 12720
12659 12863 12660
12662 12666 12663
12679 12678 12712
12682 12681 12712
12813 12864 12814
12865 12866 12867
12868 12869 12870
12871 12872 12873
12871 12874 12872
12875 12876 12877
12878 12879 12880
12881 12882 12883
12884 12885 12886
12884 12886 12887
12888 12889 12890
12888 12890 12891
12892 12893 12894
12895 12896 12897
12898 12899 12892
12884 12887 12900
12885 12879 12886
12901 12902 12903
12904 12905 12906
12893 12897 12894
12907 12908 12909
12910 12911 12912
12910 12912 12913
12914 12915 12916
12914 12916 12917
12918 12919 12920
12921 12918 12920
12921 12920 12922
12923 12924 12925
12923 12925 12926
12927 12928 12929
12927 12929 12930
12929 12931 12932
12929 12932 12930
12933 12934 12935
12933 12935 12936
12937 12938 12939
12937 12939 12940
12941 12942 12943
12941 12943 12944
12942 12928 12927
12942 12927 12943
12934 12938 12945
12934 12945 12935
12946 12947 12948
12915 12897 12896
12915 12896 12916
12901 12903 12910
12901 12910 12913
12891 12949 12888
12921 12946 12948
12931 12933 12936
12931 12936 12932
12890 12950 12918
12891 12890 12918
12891 12918 12921
12921 12948 12891
12951 12952 12953
12881 12954 12955
12956 12957 12881
12956 12881 12955
12958 12882 12956
12878 12880 12958
12901 12896 12902
12896 12901 12913
12896 12913 12916
12913 12912 12917
12913 12917 12916
12903 12902 12909
12910 12903 12908
12910 12908 12959
12911 12910 12959
12911 12959 12960
12961 12962 12963
12961 12963 12964
12963 12926 12925
12963 12925 12964
12965 12966 12961
12965 12961 12964
12923 12926 12911
12923 12911 12960
12902 12896 12895
12908 12903 12909
12967 12898 12892
12967 12892 12894
12968 12908 12969
12967 12894 12897
12970 12969 12971
12968 12969 12970
12968 12970 12951
12961 12966 12972
12961 12972 12962
12925 12924 12965
12925 12965 12964
12973 12953 12881
12973 12881 12883
12974 12975 12973
12974 12973 12900
12975 12974 12976
12975 12976 12977
12978 12979 12980
12979 12981 12982
12979 12982 12923
12980 12983 12978
12980 12984 12983
12984 12977 12976
12984 12976 12985
12986 12987 12988
12989 12988 12990
12991 12992 12989
12991 12989 12990
12986 12993 12987
12992 12991 12994
12992 12994 12995
12995 12994 12996
12995 12996 12950
12923 12982 12997
12923 12997 12924
12965 12998 12999
12965 12999 12966
12998 12965 12924
12998 12924 12997
13000 12972 12966
13000 12966 12999
13001 12974 12900
13001 12900 13002
13003 13004 12981
13003 12981 12978
12983 12985 13005
12983 13005 13006
12974 13001 13007
12974 13007 12976
12991 13008 13009
12991 13009 12994
12994 13009 12919
12994 12919 12996
12968 12951 12977
12975 12951 12953
12975 12953 12973
12981 13004 13010
12981 13010 12982
13011 12997 12982
13011 12982 13010
13012 12999 12998
13012 12998 13013
12978 12983 13006
12978 13006 13003
12908 12968 12977
12908 12977 12984
12908 12984 12980
12908 12980 12959
12979 12960 12959
12979 12959 12980
12960 12979 12923
12986 12915 12914
12986 12914 12993
12989 12897 12915
12989 12915 12986
12976 13007 13005
12976 13005 12985
12897 12989 12992
12897 12992 12967
12898 12992 12995
12898 12995 12950
12898 12950 12905
13014 13000 12999
13014 12999 13012
13013 12998 12997
13013 12997 13011
12884 12900 12973
12884 12973 12883
12950 12996 12918
13015 12987 13016
13015 13016 13017
13015 13018 12988
13015 12988 12987
13019 12990 12988
13019 12988 13018
13008 12991 12990
13008 12990 13019
12962 12972 12914
12962 12914 12917
12972 12993 12914
13016 12993 12972
13016 12972 13000
13017 13016 13000
13017 13000 13014
12963 12962 12917
12963 12917 12912
12912 12911 12926
12912 12926 12963
13020 13021 12940
13020 12940 12939
12890 12905 12950
12900 12887 13002
12898 12967 12992
12977 12951 12975
12893 13022 12897
12907 13023 12908
12645 12644 13024
12645 13024 13025
13024 12941 12944
13024 12944 13025
12899 12905 12904
12899 12898 12905
12951 13026 12952
12953 12952 13027
12951 12970 13026
12971 12969 12907
12906 12890 12889
13028 12905 12890
12949 12948 12947
13029 13030 13031
13029 13031 13032
13033 13034 13035
13033 13035 13036
13037 13038 13039
13037 13039 13040
13041 13042 13043
13041 13043 13044
13045 13029 13032
13045 13032 13046
13038 13033 13036
13038 13036 13039
13047 13048 13049
13047 13049 13050
13051 13052 13053
13051 13053 13054
13052 13055 13056
13052 13056 13053
13055 13057 13058
13055 13058 13056
13059 13060 13061
13059 13061 13062
13063 13064 13065
13063 13065 13066
13067 13051 13068
13048 13037 13040
13048 13040 13049
13030 13069 13070
13030 13070 13031
13060 13071 13072
13060 13072 13061
13034 13041 13044
13034 13044 13073
13071 13074 13066
13071 13066 13072
13064 13047 13050
13064 13050 13065
13042 13045 13046
13042 13046 13043
13069 13075 13070
12954 12953 13027
13058 13057 13059
13058 13059 13062
12954 12881 12953
12883 12882 12885
12883 12885 12884
12882 12880 12885
12996 12919 12918
13076 13021 13020
13076 13020 13077
13076 13077 13078
12983 12984 12985
12989 12986 12988
12987 12993 13016
12981 12979 12978
12922 12946 12921
12891 12948 12949
12885 12880 12879
12958 12880 12882
13079 13080 13081
13079 13081 13082
13081 13080 13083
13081 13083 13084
13085 13079 13082
13085 13082 13086
13084 13083 13087
13084 13087 13088
13088 13087 13089
13088 13089 13090
13090 13089 13091
13090 13091 13092
13091 13093 13094
13091 13094 13092
13085 13095 13096
13097 13098 13096
13097 13096 13095
13099 13100 13097
13099 13097 13095
13086 13099 13095
13086 13095 13085
13101 13102 13103
13101 13103 13104
13103 13094 13093
13103 13093 13104
13105 13106 13107
13105 13107 13108
13109 13110 13111
13109 13111 13112
13113 13114 13115
13113 13115 13116
13117 13118 13119
13117 13119 13120
13121 13122 13123
13121 13123 13124
13125 13126 13127
13125 13127 13128
13129 13130 13131
13129 13131 13132
13131 13133 13134
13131 13134 13132
13134 13133 13135
13134 13135 13136
13135 13137 13138
13135 13138 13136
13138 13137 13139
13138 13139 13140
13139 13141 13142
13139 13142 13140
13143 13144 13145
13143 13145 13146
13147 13148 13149
13147 13149 13150
13151 13152 13150
13151 13150 13149
13128 13127 13152
13128 13152 13151
13125 13124 13123
13125 13123 13126
13121 13153 13154
13121 13154 13122
13155 13156 13154
13155 13154 13153
13157 13158 13159
13157 13159 13156
13160 13161 13162
13163 13164 13165
13163 13165 13166
13167 13168 13169
13167 13169 13170
13171 13172 13173
13171 13173 13174
13172 13175 13176
13172 13176 13173
13177 13178 13179
13177 13179 13180
13178 13181 13182
13178 13182 13179
13183 13184 13185
13183 13185 13186
13184 13171 13174
13184 13174 13185
13181 13187 13188
13181 13188 13182
13189 13190 13191
13189 13191 13192
13193 13194 13195
13193 13195 13196
13197 13198 13199
13197 13199 13200
13201 13202 13203
13201 13203 13204
13194 13205 13206
13194 13206 13195
13207 13208 13209
13210 13211 13212
13210 13212 13213
13211 13214 13215
13211 13215 13212
13216 13217 13218
13216 13218 13219
13217 13220 13221
13217 13221 13218
13214 13222 13223
13214 13223 13215
13222 13224 13225
13222 13225 13223
13226 13227 13228
13226 13228 13229
13227 13216 13219
13227 13219 13228
13224 13230 13231
13224 13231 13225
13232 13233 13234
13232 13234 13235
13229 13236 13237
13229 13237 13226
13238 13239 13240
13238 13240 13241
13236 13242 13243
13236 13243 13237
13244 13245 13246
13244 13246 13247
13196 13248 13249
13196 13249 13193
13248 13183 13186
13248 13186 13249
13250 13251 13252
13250 13252 13253
13254 13255 13256
13254 13256 13257
13242 13258 13259
13242 13259 13243
13202 13260 13261
13202 13261 13203
13213 13262 13263
13264 13265 13266
13264 13266 13267
13268 13264 13267
13268 13267 13269
13270 13271 13167
13272 13273 13144
13272 13144 13148
13258 13274 13275
13258 13275 13259
13274 13276 13277
13274 13277 13275
13260 13244 13278
13260 13278 13279
13280 13281 13115
13280 13115 13143
13282 13283 13284
13282 13284 13285
13175 13164 13163
13175 13163 13286
13287 13106 13105
13287 13105 13288
13289 13168 13177
13289 13177 13290
13291 13292 13293
13291 13293 13294
13292 13295 13296
13292 13296 13293
13297 13298 13299
13300 13301 13302
13300 13302 13303
13304 13305 13306
13304 13306 13307
13306 13308 13309
13306 13309 13307
13310 13311 13312
13310 13312 13313
13314 13315 13316
13314 13316 13317
13318 13319 13320
13314 13321 13322
13314 13322 13315
13323 13324 13325
13326 13327 13328
13326 13328 13329
13302 13305 13304
13302 13304 13303
13330 13331 13332
13330 13332 13333
13334 13335 13336
13334 13336 13337
13338 13339 13340
13338 13340 13341
13342 13343 13344
13342 13344 13345
13346 13347 13348
13346 13348 13349
13350 13351 13352
13350 13352 13353
13352 13354 13355
13352 13355 13353
13356 13357 13358
13356 13358 13359
13360 13361 13362
13360 13362 13363
13364 13365 13366
13364 13366 13367
13365 13368 13369
13365 13369 13370
13371 13372 13373
13371 13373 13374
13375 13376 13377
13375 13377 13378
13379 13380 13381
13379 13381 13382
13383 13384 13385
13383 13385 13386
13387 13388 13389
13387 13389 13390
13389 13391 13392
13389 13392 13390
13393 13394 13395
13393 13395 13396
13394 13397 13398
13394 13398 13399
13400 13401 13402
13400 13402 13403
13404 13405 13406
13404 13406 13407
13408 13409 13410
13408 13410 13411
13412 13413 13414
13412 13414 13415
13335 13338 13341
13335 13341 13336
13380 13416 13417
13380 13417 13381
13343 13340 13339
13343 13339 13344
13418 13379 13419
13418 13419 13420
13354 13421 13356
13354 13356 13355
13316 13422 13317
13372 13369 13423
13372 13423 13373
13424 13375 13378
13424 13378 13418
13313 13309 13308
13313 13308 13310
13347 13425 13345
13347 13345 13348
13376 13371 13374
13376 13374 13377
13426 13427 13311
13426 13311 13322
13350 13428 13429
13350 13429 13351
13430 13431 13384
13430 13384 13383
13432 13433 13434
13432 13434 13435
13436 13437 13438
13436 13438 13439
13323 13440 13441
13318 13442 13325
13443 13409 13408
13443 13408 13360
13444 13325 13320
13445 13361 13364
13445 13364 13446
13318 13316 13319
13447 13388 13387
13447 13387 13448
13449 13295 13450
13451 13397 13452
13451 13452 13453
13452 13333 13332
13452 13332 13453
13450 13299 13449
13386 13385 13447
13386 13447 13448
13450 13297 13299
13296 13295 13449
13416 13431 13430
13416 13430 13417
13435 13434 13454
13435 13454 13455
13439 13438 13334
13439 13334 13337
13433 13298 13297
13436 13456 13330
13436 13330 13437
13457 13458 13459
13460 13461 13462
13460 13462 13463
13461 13464 13465
13461 13465 13462
13464 13466 13467
13464 13467 13465
13468 13469 13470
13468 13470 13471
13472 13473 13474
13472 13474 13475
13476 13477 13473
13476 13473 13478
13479 13476 13480
13481 13482 13483
13484 13485 13486
13487 13488 13485
13489 13490 13491
13489 13491 13492
13493 13494 13495
13493 13495 13496
13497 13498 13499
13496 13495 13498
13496 13498 13497
13500 13501 13502
13499 13503 13500
13504 13505 13506
13504 13506 13507
13492 13491 13508
13509 13510 13511
13512 13513 13514
13515 13516 13517
13518 13519 13520
13518 13520 13521
13521 13522 13523
13521 13523 13524
13525 13494 13493
13525 13493 13526
13527 13528 13529
13527 13529 13530
13514 13513 13528
13514 13528 13527
13502 13531 13532
13532 13533 13505
13532 13505 13504
13492 13508 13509
13532 13531 13533
13502 13501 13531
13500 13503 13501
13499 13498 13503
13512 13516 13513
13511 13510 13516
13509 13508 13510
13534 13535 13536
13534 13536 13537
13538 13539 13540
13538 13540 13541
13542 13543 13544
13539 13542 13544
13539 13544 13540
13545 13546 13547
13543 13545 13548
13549 13550 13551
13549 13551 13552
13535 13553 13536
13554 13555 13556
13554 13556 13553
13557 13558 13559
13557 13559 13560
13555 13561 13562
13555 13562 13556
13563 13564 13565
13563 13565 13566
13564 13567 13568
13564 13568 13569
13570 13571 13538
13570 13538 13541
13572 13573 13574
13572 13574 13575
13558 13572 13575
13558 13575 13559
13546 13576 13577
13576 13549 13552
13576 13552 13578
13535 13554 13553
13576 13578 13577
13546 13577 13547
13545 13579 13548
13580 13581 13582
13583 13584 13585
13583 13586 13584
13585 13587 13583
13588 13589 13590
13588 13590 13591
13589 13592 13593
13589 13593 13590
13594 13583 13595
13583 13596 13586
13597 13598 13599
13597 13599 13600
13598 13601 13602
13598 13602 13599
13596 13583 13603
13604 13605 13606
13604 13606 13607
13605 13588 13591
13605 13591 13606
13608 13583 13594
13609 13583 13587
13609 13595 13583
13610 13604 13607
13610 13607 13611
13612 13583 13608
13592 13613 13614
13592 13614 13593
13613 13615 13616
13613 13616 13614
13615 13617 13618
13615 13618 13616
13617 13597 13600
13617 13600 13618
13601 13619 13620
13601 13620 13602
13621 13622 13623
13621 13623 13624
13622 13621 13625
13626 13627 13621
13621 13624 13628
13628 13629 13621
13630 13626 13621
13631 13625 13621
13631 13632 13627
13633 13634 13632
13635 13636 13637
13635 13637 13638
13639 13640 13641
13639 13641 13642
13643 13644 13645
13643 13645 13646
13647 13648 13649
13647 13649 13650
13651 13652 13653
13643 13654 13655
13643 13655 13656
13654 13657 13655
13646 13658 13654
13640 13659 13641
13660 13661 13662
13663 13664 13665
13666 13667 13668
13669 13658 13670
13664 13671 13647
13664 13647 13665
13658 13646 13670
13672 13635 13644
13672 13644 13673
13665 13636 13672
13650 13636 13665
13644 13635 13638
13644 13638 13645
13644 13643 13656
13644 13656 13673
13649 13637 13636
13649 13636 13650
13671 13661 13648
13670 13674 13675
13661 13660 13666
13636 13635 13672
13676 13677 13678
13676 13678 13679
13680 13681 13682
13680 13682 13683
13684 13685 13686
13687 13684 13688
13687 13688 13689
13681 13680 13678
13681 13678 13677
13690 13691 13670
13692 13693 13649
13694 13695 13696
13694 13696 13697
13698 13699 13638
13698 13638 13637
13670 13646 13700
13670 13700 13701
13700 13646 13702
13661 13692 13648
13682 13703 13704
13682 13704 13683
13678 13705 13706
13678 13706 13679
13649 13698 13637
13707 13708 13709
13710 13663 13672
13663 13710 13711
13663 13711 13712
13671 13664 13713
13671 13713 13662
13664 13663 13712
13664 13712 13713
13714 13715 13651
13657 13654 13658
13716 13710 13673
13717 13707 13718
13719 13720 13721
13719 13721 13722
13723 13724 13725
13723 13725 13726
13724 13727 13728
13724 13728 13725
13723 13726 13729
13723 13729 13730
13731 13732 13733
13731 13733 13734
13656 13716 13673
13735 13736 13737
13735 13737 13738
13739 13740 13741
13739 13741 13742
13743 13744 13739
13743 13739 13745
13746 13679 13706
13746 13706 13747
13699 13645 13638
13675 13669 13670
13748 13749 13750
13748 13750 13751
13752 13753 13754
13755 13752 13756
13755 13756 13757
13718 13714 13651
13718 13651 13717
13758 13759 13760
13761 13668 13762
13761 13762 13715
13763 13764 13765
13763 13765 13759
13765 13764 13736
13765 13736 13735
13766 13767 13768
13766 13768 13769
13746 13770 13676
13746 13676 13679
13704 13703 13685
13760 13771 13772
13760 13772 13758
13773 13774 13775
13647 13650 13665
13669 13657 13658
13776 13774 13773
13777 13778 13779
13777 13779 13780
13695 13781 13782
13695 13782 13696
13783 13784 13785
13783 13785 13786
13777 13780 13787
13777 13787 13788
13778 13786 13785
13778 13785 13779
13789 13781 13695
13789 13695 13783
13790 13791 13792
13790 13792 13793
13794 13795 13766
13794 13766 13769
13796 13789 13783
13796 13783 13786
13797 13798 13799
13800 13801 13778
13800 13778 13777
13802 13803 13804
13802 13804 13776
13695 13694 13784
13695 13784 13783
13800 13777 13788
13800 13788 13805
13801 13796 13786
13801 13786 13778
13707 13806 13807
13707 13807 13718
13690 13808 13691
13696 13782 13794
13696 13794 13769
13769 13768 13697
13769 13697 13696
13647 13671 13648
13673 13710 13672
13672 13663 13665
13643 13646 13654
13648 13692 13649
13809 13810 13811
13651 13715 13652
13812 13813 13814
13815 13816 13817
13815 13817 13818
13819 13713 13712
13819 13712 13820
13821 13822 13823
13821 13823 13824
13657 13669 13825
13826 13817 13827
13826 13827 13828
13829 13830 13831
13829 13831 13832
13833 13834 13835
13833 13835 13836
13837 13838 13839
13837 13839 13840
13841 13829 13832
13841 13832 13842
13843 13844 13845
13843 13845 13711
13825 13846 13847
13825 13847 13848
13653 13849 13850
13653 13850 13851
13713 13819 13852
13713 13852 13662
13853 13854 13829
13853 13829 13841
13855 13856 13857
13855 13857 13858
13859 13674 13860
13861 13862 13863
13861 13863 13864
13865 13866 13867
13868 13865 13869
13868 13869 13870
13868 13870 13844
13868 13844 13871
13868 13812 13814
13824 13823 13871
13824 13871 13872
13815 13819 13820
13815 13820 13873
13869 13867 13874
13869 13874 13875
13876 13873 13877
13876 13877 13875
13865 13878 13866
13674 13859 13879
13657 13848 13880
13657 13880 13881
13882 13854 13855
13642 13641 13883
13642 13883 13826
13884 13837 13885
13884 13885 13886
13884 13855 13858
13884 13858 13887
13854 13853 13856
13888 13821 13824
13888 13824 13889
13890 13891 13872
13890 13872 13843
13824 13872 13891
13824 13891 13889
13892 13888 13880
13892 13880 13893
13894 13821 13888
13894 13888 13892
13853 13834 13895
13833 13896 13897
13833 13897 13898
13899 13900 13859
13899 13859 13860
13859 13900 13863
13859 13863 13879
13899 13901 13902
13899 13902 13900
13836 13835 13903
13836 13903 13904
13891 13890 13656
13881 13889 13891
13881 13891 13905
13880 13888 13889
13880 13889 13881
13880 13848 13847
13880 13847 13893
13812 13823 13906
13812 13906 13813
13834 13853 13841
13834 13841 13835
13844 13870 13877
13844 13877 13845
13844 13843 13872
13844 13872 13871
13823 13812 13868
13823 13868 13871
13834 13833 13898
13834 13898 13895
13852 13818 13883
13852 13883 13907
13835 13841 13842
13835 13842 13903
13877 13870 13869
13877 13869 13875
13845 13820 13712
13845 13712 13711
13874 13908 13876
13874 13876 13875
13711 13710 13843
13873 13876 13816
13873 13816 13815
13877 13873 13820
13877 13820 13845
13863 13900 13902
13863 13902 13864
13879 13909 13675
13863 13862 13909
13863 13909 13879
13861 13846 13825
13861 13825 13862
13862 13825 13909
13909 13825 13669
13896 13833 13836
13850 13910 13839
13776 13898 13897
13895 13898 13776
13883 13818 13817
13883 13817 13826
13883 13659 13907
13911 13912 13913
13911 13913 13914
13840 13915 13916
13840 13916 13837
13882 13855 13884
13882 13884 13886
13830 13917 13918
13830 13918 13831
13916 13919 13885
13920 13921 13916
13920 13916 13915
13885 13919 13922
13918 13917 13922
13918 13922 13923
13837 13916 13885
13924 13925 13926
13822 13821 13894
13822 13894 13927
13655 13657 13881
13655 13881 13905
13717 13651 13851
13656 13655 13905
13716 13656 13890
13675 13674 13879
13839 13928 13850
13929 13910 13850
13929 13850 13849
13710 13716 13890
13675 13909 13669
13819 13815 13818
13819 13818 13852
13836 13904 13930
13930 13896 13836
13837 13884 13887
13837 13887 13838
13895 13776 13773
13855 13854 13856
13856 13853 13895
13905 13891 13656
13710 13890 13843
13848 13657 13825
13931 13932 13933
13934 13935 13936
13937 13938 13934
13937 13934 13822
13924 13932 13939
13940 13941 13942
13943 13742 13944
13945 13738 13946
13945 13946 13947
13744 13743 13948
13744 13948 13793
13790 13949 13950
13790 13950 13951
13750 13749 13947
13750 13947 13946
13952 13953 13954
13952 13954 13951
13740 13955 13956
13740 13956 13957
13957 13958 13741
13957 13741 13740
13959 13960 13944
13780 13772 13787
13780 13779 13763
13780 13763 13758
13779 13785 13764
13779 13764 13763
13785 13784 13736
13785 13736 13764
13784 13694 13737
13784 13737 13736
13737 13694 13697
13737 13697 13961
13962 13961 13697
13962 13697 13768
13963 13962 13768
13963 13768 13767
13747 13706 13954
13747 13954 13953
13791 13954 13706
13791 13706 13705
13955 13792 13964
13955 13964 13956
13919 13965 13923
13919 13923 13922
13966 13755 13757
13966 13757 13967
13913 13910 13929
13913 13929 13914
13721 13968 13969
13721 13969 13722
13970 13969 13968
13970 13968 13753
13914 13970 13753
13914 13753 13911
13640 13639 13653
13640 13653 13652
13913 13915 13840
13913 13840 13910
13912 13920 13915
13912 13915 13913
13727 13966 13967
13727 13967 13728
13709 13971 13707
13715 13762 13640
13715 13640 13652
13660 13662 13852
13660 13852 13907
13659 13667 13907
13659 13762 13667
13727 13920 13912
13727 13912 13966
13724 13921 13920
13724 13920 13727
13919 13921 13724
13730 13965 13919
13730 13919 13723
13911 13755 13966
13911 13966 13912
13972 13973 13974
13866 13975 13867
13976 13977 13978
13976 13978 13979
13979 13978 13980
13733 13941 13734
13849 13981 13982
13849 13982 13929
13981 13983 13984
13981 13984 13982
13983 13828 13985
13983 13985 13984
13986 13985 13828
13986 13828 13827
13987 13986 13827
13987 13827 13988
13908 13989 13987
13908 13987 13988
13908 13874 13990
13908 13990 13989
13867 13975 13990
13867 13990 13874
13929 13982 13970
13929 13970 13914
13982 13984 13969
13982 13969 13970
13984 13985 13722
13984 13722 13969
13719 13722 13986
13987 13719 13986
13977 13987 13989
13989 13978 13977
13975 13978 13990
13939 13975 13866
13991 13941 13733
13653 13639 13981
13653 13981 13849
13642 13983 13981
13642 13981 13639
13826 13828 13983
13826 13983 13642
13827 13817 13816
13827 13816 13988
13876 13908 13988
13876 13988 13816
13714 13761 13715
13714 13718 13807
13714 13807 13992
13761 13714 13992
13761 13992 13993
13993 13668 13761
13666 13668 13994
13994 13692 13666
13661 13666 13692
13708 13717 13928
13708 13707 13717
13682 13702 13699
13703 13682 13699
13693 13686 13703
13693 13703 13698
13693 13692 13684
13684 13692 13994
13684 13994 13688
13992 13800 13805
13992 13805 13993
13992 13807 13801
13992 13801 13800
13807 13806 13796
13807 13796 13801
13806 13797 13789
13806 13789 13796
13797 13781 13789
13781 13995 13774
13781 13774 13782
13794 13782 13774
13794 13774 13804
13804 13803 13795
13804 13795 13794
13676 13770 13996
13676 13996 13690
13690 13701 13676
13701 13700 13681
13701 13681 13677
13702 13681 13700
13640 13762 13659
13668 13667 13762
13702 13682 13681
13703 13699 13698
13959 13687 13689
13959 13689 13997
13685 13687 13958
13944 13741 13958
13944 13958 13959
13685 13958 13957
13685 13957 13704
13956 13683 13704
13956 13704 13957
13680 13683 13956
13680 13956 13964
13693 13684 13686
13804 13774 13776
13775 13774 13995
13707 13971 13806
13798 13797 13971
13806 13971 13797
13773 13857 13856
13773 13856 13895
13775 13799 13857
13775 13857 13773
13995 13799 13775
13798 13971 13709
13797 13799 13995
13685 13703 13686
13688 13994 13993
13688 13993 13805
13788 13689 13688
13788 13688 13805
13787 13997 13689
13787 13689 13788
13997 13787 13998
13997 13998 13999
13885 13922 13917
13885 13917 13886
13882 13886 13917
13882 13917 13830
13830 13829 13854
13830 13854 13882
13798 13858 13857
13798 13857 13799
13887 13858 13798
13887 13798 13709
13838 13887 13709
13838 13709 13708
13839 13838 13708
13839 13708 13928
13684 13687 13685
13958 13687 13959
13676 13701 13677
13690 13670 13701
13678 13680 13964
13678 13964 13705
13964 13792 13791
13964 13791 13705
13649 13693 13698
14000 13998 14001
14002 13999 14003
13998 13772 13771
13998 13771 14001
13960 13997 13999
14004 13960 13999
14004 13999 14002
13960 13959 13997
13772 13780 13758
13787 13772 13998
14005 13999 13998
14005 13998 14000
14003 13999 14005
14006 14007 14008
14006 14008 14009
14010 14011 14012
13725 13728 14013
13726 14006 13729
13757 13756 14014
14015 14014 14016
13728 13967 14015
13728 14015 14013
13990 13978 13989
13977 13719 13987
13732 13731 14017
13924 13939 13866
13973 13732 14017
13797 13995 13781
13968 14018 13754
13968 13754 13753
14015 14016 14019
14015 14019 14020
14013 14015 14020
14013 14020 14021
14022 14023 14013
14022 14013 14021
14007 14023 14022
14007 14022 14008
14024 14025 14026
14027 14025 14028
14029 13973 14017
14029 14017 14030
14030 14010 14012
14030 14012 14029
14024 14026 14031
14028 14025 14024
13976 13979 13972
13976 13972 14032
14032 13974 14031
14032 14031 14026
14033 14034 14026
14033 14026 14025
14032 13972 13974
13732 13972 13979
13732 13979 13733
13732 13973 13972
14033 14025 14027
14033 14027 14035
14036 14033 14035
14036 14035 14037
13809 13721 13720
13753 13755 13911
13752 13755 13753
13968 13811 14018
13734 13941 13940
13934 13938 13935
13967 13757 14014
13967 14014 14015
13919 13724 13723
13916 13921 13919
13726 14007 14006
13726 13725 14023
13726 14023 14007
14013 14023 13725
13646 13645 13702
13699 13702 13645
13993 13994 13668
13660 13667 13666
13667 13660 13907
13883 13641 13659
13661 13671 13662
14038 14039 14036
14034 14033 14036
14034 14036 14039
14039 14040 14034
13978 14041 13980
13866 13878 13925
13866 13925 13924
13822 13927 13937
14034 14040 14032
14034 14032 14026
13906 13823 13822
13865 13867 13869
13977 13720 13719
13991 13733 13980
13980 13733 13979
13924 13926 13933
13924 13933 13932
13934 13936 14042
13936 13935 14043
13978 13975 14041
13934 13906 13822
13813 13906 13934
13814 13813 13934
13814 13934 14042
14044 13942 13941
14044 13941 14045
13941 13991 14045
13865 13868 13878
13868 13814 13878
13939 14041 13975
14046 14039 14038
13810 13809 14039
13810 14039 14046
13811 13810 14018
14039 13809 14040
13809 13811 13968
13809 13968 13721
13720 13977 13976
13720 13976 14032
13720 14032 14040
13986 13722 13985
13651 13653 13851
13839 13910 13840
13717 13851 13928
13850 13928 13851
13809 13720 14040
13776 13897 13802
13690 13996 14047
13690 14047 13808
14047 13860 13808
13808 13860 13674
13808 13674 13691
13691 13674 13670
13738 13945 14048
13738 14048 13735
13739 13742 14049
13739 14049 13745
13744 13955 13740
13744 13740 13739
13751 13750 13962
13751 13962 13963
13759 13765 14050
13759 14050 14051
13735 14048 14050
13735 14050 13765
13793 13948 13949
13793 13949 13790
13738 13737 13961
13738 13961 13946
13744 13793 13792
13744 13792 13955
13951 13954 13791
13951 13791 13790
13750 13946 13961
13750 13961 13962
13952 13951 13950
13952 13950 14052
13758 13763 13759
13759 14051 13760
13943 14049 13742
13943 13944 13960
13943 13960 14004
13742 13741 13944
12614 14053 14054
12614 14054 12611
12614 12613 14055
12614 14055 12610
14056 14057 14058
14056 14058 14059
12621 14056 14059
12621 14059 12618
12621 12620 14060
12621 14060 12617
12623 14061 14060
12623 14060 12620
12625 14062 14061
12625 14061 12623
12627 12628 14062
12627 14062 12625
12608 14053 12609
12610 12609 14053
12610 14053 12614
12616 12615 14057
12616 14057 14056
12617 12616 14056
12617 14056 12621
12634 12633 14063
12634 14063 14064
12605 12634 14064
12605 14064 12606
12605 12608 12245
12605 12245 12244
12610 14055 12252
12610 12252 12251
14060 12257 12226
14060 12226 12617
14061 12255 12257
14061 12257 14060
14062 12256 12255
14062 12255 14061
12628 12232 12256
12628 12256 14062
12607 14054 14053
12608 12607 14053
12632 14063 12633
12633 12240 12249
12627 12626 12629
12233 12232 12628
12628 12627 12629
4106 4135 4136
5531 5557 5527
4084 4104 4143
5505 5566 5564
8833 8805 8808
8970 8967 8966
