stride: 92
first vertex: 0
vertex count: 715
topology: trianglelist
element[0]:
  SemanticName: POSITION
  SemanticIndex: 0
  Format: R32G32B32_FLOAT
  InputSlot: 0
  AlignedByteOffset: 0
  InputSlotClass: per-vertex
  InstanceDataStepRate: 0
element[1]:
  SemanticName: NORMAL
  SemanticIndex: 0
  Format: R32G32B32_FLOAT
  InputSlot: 0
  AlignedByteOffset: 12
  InputSlotClass: per-vertex
  InstanceDataStepRate: 0
element[2]:
  SemanticName: TANGENT
  SemanticIndex: 0
  Format: R32G32B32A32_FLOAT
  InputSlot: 0
  AlignedByteOffset: 24
  InputSlotClass: per-vertex
  InstanceDataStepRate: 0
element[3]:
  SemanticName: BLENDWEIGHTS
  SemanticIndex: 0
  Format: R32G32B32A32_FLOAT
  InputSlot: 0
  AlignedByteOffset: 40
  InputSlotClass: per-vertex
  InstanceDataStepRate: 0
element[4]:
  SemanticName: BLENDINDICES
  SemanticIndex: 0
  Format: R32G32B32A32_UINT
  InputSlot: 0
  AlignedByteOffset: 56
  InputSlotClass: per-vertex
  InstanceDataStepRate: 0
element[5]:
  SemanticName: COLOR
  SemanticIndex: 0
  Format: R8G8B8A8_UNORM
  InputSlot: 0
  AlignedByteOffset: 72
  InputSlotClass: per-vertex
  InstanceDataStepRate: 0
element[6]:
  SemanticName: TEXCOORD
  SemanticIndex: 0
  Format: R16G16_FLOAT
  InputSlot: 0
  AlignedByteOffset: 76
  InputSlotClass: per-vertex
  InstanceDataStepRate: 0
element[7]:
  SemanticName: TEXCOORD
  SemanticIndex: 1
  Format: R32G32_FLOAT
  InputSlot: 0
  AlignedByteOffset: 80
  InputSlotClass: per-vertex
  InstanceDataStepRate: 0
element[8]:
  SemanticName: TEXCOORD
  SemanticIndex: 2
  Format: R16G16_FLOAT
  InputSlot: 0
  AlignedByteOffset: 88
  InputSlotClass: per-vertex
  InstanceDataStepRate: 0

vertex-data:

vb0[0]+000 POSITION: -9.53674295089968e-09, 0.12384218722581863, 1.2592631578445435
vb0[0]+012 NORMAL: 4.4158315404274617e-07, -0.9765490293502808, 0.21529532968997955
vb0[0]+024 TANGENT: -1.0, 0.0, 0.0, -1.0
vb0[0]+040 BLENDWEIGHTS: 1.0, 0.0, 0.0, 0.0
vb0[0]+056 BLENDINDICES: 0, 0, 0, 0
vb0[0]+072 COLOR: 0.5019607843137255, 0.5019607843137255, 0.0, 0.0
vb0[0]+076 TEXCOORD: 0.1683349609375, 0.9833984375
vb0[0]+080 TEXCOORD1: -1.0736604849626019e-07, 0.7639895081520081
vb0[0]+088 TEXCOORD2: 0.5, 0.9169921875

vb0[1]+000 POSITION: 0.0, 0.11872082203626633, 1.2371344566345215
vb0[1]+012 NORMAL: 3.690400660616433e-07, -0.9765490293502808, 0.21529532968997955
vb0[1]+024 TANGENT: -1.0, 0.0, 0.0, -1.0
vb0[1]+040 BLENDWEIGHTS: 1.0, 0.0, 0.0, 0.0
vb0[1]+056 BLENDINDICES: 0, 0, 0, 0
vb0[1]+072 COLOR: 0.5019607843137255, 0.5019607843137255, 0.0, 0.0
vb0[1]+076 TEXCOORD: 0.1683349609375, 0.974609375
vb0[1]+080 TEXCOORD1: -7.853240902022662e-08, -0.7984598278999329
vb0[1]+088 TEXCOORD2: 0.5, 0.90087890625

vb0[2]+000 POSITION: 0.03376486152410507, 0.11348656564950943, 1.238857388496399
vb0[2]+012 NORMAL: -0.28522875905036926, -0.937130331993103, 0.20107491314411163
vb0[2]+024 TANGENT: -0.9582157731056213, 0.27408069372177124, -0.08186689764261246, -1.0
vb0[2]+040 BLENDWEIGHTS: 1.0, 0.0, 0.0, 0.0
vb0[2]+056 BLENDINDICES: 0, 0, 0, 0
vb0[2]+072 COLOR: 0.5019607843137255, 0.5019607843137255, 0.0, 0.0
vb0[2]+076 TEXCOORD: 0.1552734375, 0.974609375
vb0[2]+080 TEXCOORD1: 0.0009863823652267456, -0.7974892854690552
vb0[2]+088 TEXCOORD2: 0.4580078125, 0.90234375

vb0[3]+000 POSITION: 0.0350259393453598, 0.11785800009965897, 1.260778784751892
vb0[3]+012 NORMAL: -0.2979814112186432, -0.9334571361541748, 0.19966143369674683
vb0[3]+024 TANGENT: -0.9543417692184448, 0.2867307960987091, -0.08376799523830414, -1.0
vb0[3]+040 BLENDWEIGHTS: 1.0, 0.0, 0.0, 0.0
vb0[3]+056 BLENDINDICES: 0, 0, 0, 0
vb0[3]+072 COLOR: 0.5019607843137255, 0.5019607843137255, 0.0, 0.0
vb0[3]+076 TEXCOORD: 0.1552734375, 0.9833984375
vb0[3]+080 TEXCOORD1: 0.004107654094696045, 0.7564072608947754
vb0[3]+088 TEXCOORD2: 0.456298828125, 0.91796875

vb0[4]+000 POSITION: 0.08209866285324097, -0.036099549382925034, 1.3101835250854492
vb0[4]+012 NORMAL: -0.9086184501647949, 0.407331258058548, -0.09216147661209106
vb0[4]+024 TANGENT: 0.4154926836490631, 0.8594051599502563, -0.29797425866127014, -1.0
vb0[4]+040 BLENDWEIGHTS: 0.7449145317077637, 0.2550854980945587, 0.0, 0.0
vb0[4]+056 BLENDINDICES: 0, 1, 0, 0
vb0[4]+072 COLOR: 0.5019607843137255, 0.5019607843137255, 0.0, 0.0
vb0[4]+076 TEXCOORD: 0.077880859375, 0.9833984375
vb0[4]+080 TEXCOORD1: 0.013461023569107056, 0.7305383682250977
vb0[4]+088 TEXCOORD2: 0.397705078125, 0.953125

vb0[5]+000 POSITION: 0.08287195861339569, -0.039723385125398636, 1.2853198051452637
vb0[5]+012 NORMAL: -0.916458010673523, 0.3895114064216614, -0.09157256036996841
vb0[5]+024 TANGENT: 0.39946699142456055, 0.8774778842926025, -0.26544052362442017, -1.0
vb0[5]+040 BLENDWEIGHTS: 0.7472108602523804, 0.252789169549942, 0.0, 0.0
vb0[5]+056 BLENDINDICES: 0, 1, 0, 0
vb0[5]+072 COLOR: 0.5019607843137255, 0.5019607843137255, 0.0, 0.0
vb0[5]+076 TEXCOORD: 0.077880859375, 0.974609375
vb0[5]+080 TEXCOORD1: 0.013232529163360596, -0.7549618482589722
vb0[5]+088 TEXCOORD2: 0.396728515625, 0.935546875

vb0[6]+000 POSITION: 0.07230664789676666, -0.05789169669151306, 1.2903149127960205
vb0[6]+012 NORMAL: -0.8731690049171448, 0.4782288670539856, -0.0941963717341423
vb0[6]+024 TANGENT: 0.48512503504753113, 0.8339576125144958, -0.2629987597465515, -1.0
vb0[6]+040 BLENDWEIGHTS: 1.0, 0.0, 0.0, 0.0
vb0[6]+056 BLENDINDICES: 1, 0, 0, 0
vb0[6]+072 COLOR: 0.5019607843137255, 0.5019607843137255, 0.0, 0.0
vb0[6]+076 TEXCOORD: 0.07122802734375, 0.974609375
vb0[6]+080 TEXCOORD1: 0.5899132490158081, -0.7485828399658203
vb0[6]+088 TEXCOORD2: 0.409912109375, 0.93896484375

vb0[7]+000 POSITION: 0.07213922590017319, -0.053181178867816925, 1.3164843320846558
vb0[7]+012 NORMAL: -0.8731690049171448, 0.47822892665863037, -0.0941963791847229
vb0[7]+024 TANGENT: 0.48269808292388916, 0.8215851783752441, -0.3033158779144287, -1.0
vb0[7]+040 BLENDWEIGHTS: 1.0, 0.0, 0.0, 0.0
vb0[7]+056 BLENDINDICES: 1, 0, 0, 0
vb0[7]+072 COLOR: 0.5019607843137255, 0.5019607843137255, 0.0, 0.0
vb0[7]+076 TEXCOORD: 0.07122802734375, 0.9833984375
vb0[7]+080 TEXCOORD1: 0.4705752730369568, 0.7986887097358704
vb0[7]+088 TEXCOORD2: 0.41015625, 0.9580078125

vb0[8]+000 POSITION: 0.03638611361384392, 0.12246338278055191, 1.2591915130615234
vb0[8]+012 NORMAL: 0.017106924206018448, 0.3507130742073059, 0.9363266825675964
vb0[8]+024 TANGENT: -0.27998900413513184, -0.8973166942596436, 0.34121692180633545, -1.0
vb0[8]+040 BLENDWEIGHTS: 1.0, 0.0, 0.0, 0.0
vb0[8]+056 BLENDINDICES: 0, 0, 0, 0
vb0[8]+072 COLOR: 0.5019607843137255, 0.5019607843137255, 0.0, 0.0
vb0[8]+076 TEXCOORD: 0.0028553009033203125, 0.75439453125
vb0[8]+080 TEXCOORD1: -0.6721264123916626, -0.018091071397066116
vb0[8]+088 TEXCOORD2: 0.45458984375, 0.91650390625

vb0[9]+000 POSITION: 0.0, 0.12813857197761536, 1.2572181224822998
vb0[9]+012 NORMAL: 0.0, 0.37569373846054077, 0.9267439246177673
vb0[9]+024 TANGENT: 0.0, -0.9267439246177673, 0.3756937086582184, -1.0
vb0[9]+040 BLENDWEIGHTS: 1.0, 0.0, 0.0, 0.0
vb0[9]+056 BLENDINDICES: 0, 0, 0, 0
vb0[9]+072 COLOR: 0.5019607843137255, 0.5019607843137255, 0.0, 0.0
vb0[9]+076 TEXCOORD: 0.0028553009033203125, 0.78515625
vb0[9]+080 TEXCOORD1: -0.6618543863296509, 1.2688742572208866e-06
vb0[9]+088 TEXCOORD2: 0.5, 0.91552734375

vb0[10]+000 POSITION: -9.53674295089968e-09, 0.12384218722581863, 1.2592631578445435
vb0[10]+012 NORMAL: 0.0, 0.37569373846054077, 0.9267439246177673
vb0[10]+024 TANGENT: 0.0, -0.9267439246177673, 0.37569376826286316, -1.0
vb0[10]+040 BLENDWEIGHTS: 1.0, 0.0, 0.0, 0.0
vb0[10]+056 BLENDINDICES: 0, 0, 0, 0
vb0[10]+072 COLOR: 0.5019607843137255, 0.5019607843137255, 0.0, 0.0
vb0[10]+076 TEXCOORD: 0.00885772705078125, 0.78515625
vb0[10]+080 TEXCOORD1: 0.7639894485473633, -1.73353987520386e-06
vb0[10]+088 TEXCOORD2: 0.5, 0.9169921875

vb0[11]+000 POSITION: 0.0350259393453598, 0.11785800009965897, 1.260778784751892
vb0[11]+012 NORMAL: 0.01715657487511635, 0.3495204448699951, 0.9367716312408447
vb0[11]+024 TANGENT: -0.26855477690696716, -0.9008704423904419, 0.34104371070861816, -1.0
vb0[11]+040 BLENDWEIGHTS: 1.0, 0.0, 0.0, 0.0
vb0[11]+056 BLENDINDICES: 0, 0, 0, 0
vb0[11]+072 COLOR: 0.5019607843137255, 0.5019607843137255, 0.0, 0.0
vb0[11]+076 TEXCOORD: 0.00885772705078125, 0.75439453125
vb0[11]+080 TEXCOORD1: 0.7560461759567261, 0.023726314306259155
vb0[11]+088 TEXCOORD2: 0.456298828125, 0.91796875

vb0[12]+000 POSITION: 0.03551314398646355, 0.11714411526918411, 1.2391353845596313
vb0[12]+012 NORMAL: 0.29717129468917847, 0.9220114946365356, -0.24816136062145233
vb0[12]+024 TANGENT: 0.033168867230415344, 0.24977734684944153, 0.9677350521087646, -1.0
vb0[12]+040 BLENDWEIGHTS: 1.0, 0.0, 0.0, 0.0
vb0[12]+056 BLENDINDICES: 0, 0, 0, 0
vb0[12]+072 COLOR: 0.5019607843137255, 0.5019607843137255, 0.0, 0.0
vb0[12]+076 TEXCOORD: 0.0117950439453125, 0.76416015625
vb0[12]+080 TEXCOORD1: -0.5830239653587341, -0.027846012264490128
vb0[12]+088 TEXCOORD2: 0.455810546875, 0.90234375

vb0[13]+000 POSITION: 0.0, 0.12297526001930237, 1.2374483346939087
vb0[13]+012 NORMAL: 0.0, 0.9661508798599243, -0.2579777240753174
vb0[13]+024 TANGENT: 0.0, 0.25797775387763977, 0.9661508798599243, -1.0
vb0[13]+040 BLENDWEIGHTS: 1.0, 0.0, 0.0, 0.0
vb0[13]+056 BLENDINDICES: 0, 0, 0, 0
vb0[13]+072 COLOR: 0.5019607843137255, 0.5019607843137255, 0.0, 0.0
vb0[13]+076 TEXCOORD: 0.0117950439453125, 0.80810546875
vb0[13]+080 TEXCOORD1: -0.5843643546104431, 1.4029739592302803e-09
vb0[13]+088 TEXCOORD2: 0.5, 0.90087890625

vb0[14]+000 POSITION: 0.0, 0.12813857197761536, 1.2572181224822998
vb0[14]+012 NORMAL: 0.0, 0.9661508798599243, -0.2579777240753174
vb0[14]+024 TANGENT: 0.0, 0.2579777240753174, 0.9661508798599243, -1.0
vb0[14]+040 BLENDWEIGHTS: 1.0, 0.0, 0.0, 0.0
vb0[14]+056 BLENDINDICES: 0, 0, 0, 0
vb0[14]+072 COLOR: 0.5019607843137255, 0.5019607843137255, 0.0, 0.0
vb0[14]+076 TEXCOORD: 0.036651611328125, 0.80810546875
vb0[14]+080 TEXCOORD1: 0.6618543863296509, -6.38237480643511e-08
vb0[14]+088 TEXCOORD2: 0.5, 0.91552734375

vb0[15]+000 POSITION: 0.03638611361384392, 0.12246338278055191, 1.2591915130615234
vb0[15]+012 NORMAL: 0.30594602227211, 0.9192966818809509, -0.24756932258605957
vb0[15]+024 TANGENT: 0.06067739799618721, 0.24068158864974976, 0.9687055945396423, -1.0
vb0[15]+040 BLENDWEIGHTS: 1.0, 0.0, 0.0, 0.0
vb0[15]+056 BLENDINDICES: 0, 0, 0, 0
vb0[15]+072 COLOR: 0.5019607843137255, 0.5019607843137255, 0.0, 0.0
vb0[15]+076 TEXCOORD: 0.036651611328125, 0.76416015625
vb0[15]+080 TEXCOORD1: 0.6703949570655823, 0.05149725079536438
vb0[15]+088 TEXCOORD2: 0.45458984375, 0.91650390625

vb0[16]+000 POSITION: 0.09483949095010757, 0.0012065982446074486, 1.2730234861373901
vb0[16]+012 NORMAL: 0.16801856458187103, -0.30887719988822937, -0.9361435174942017
vb0[16]+024 TANGENT: 0.9729301929473877, -0.10089510679244995, 0.20791099965572357, -1.0
vb0[16]+040 BLENDWEIGHTS: 1.0, 0.0, 0.0, 0.0
vb0[16]+056 BLENDINDICES: 0, 0, 0, 0
vb0[16]+072 COLOR: 0.5019607843137255, 0.5019607843137255, 0.0, 0.0
vb0[16]+076 TEXCOORD: 0.0028476715087890625, 0.181884765625
vb0[16]+080 TEXCOORD1: -0.7336285710334778, -0.04472613334655762
vb0[16]+088 TEXCOORD2: 0.3818359375, 0.9267578125

vb0[17]+000 POSITION: 0.09858313947916031, 0.0008320331107825041, 1.2738206386566162
vb0[17]+012 NORMAL: 0.1670064628124237, -0.3092796802520752, -0.9361916780471802
vb0[17]+024 TANGENT: 0.9710978269577026, -0.11262373626232147, 0.21043963730335236, -1.0
vb0[17]+040 BLENDWEIGHTS: 1.0, 0.0, 0.0, 0.0
vb0[17]+056 BLENDINDICES: 0, 0, 0, 0
vb0[17]+072 COLOR: 0.5019607843137255, 0.5019607843137255, 0.0, 0.0
vb0[17]+076 TEXCOORD: 0.0088043212890625, 0.181884765625
vb0[17]+080 TEXCOORD1: 0.6779711246490479, 0.04816281795501709
vb0[17]+088 TEXCOORD2: 0.377197265625, 0.92724609375

vb0[18]+000 POSITION: 0.09360389411449432, -0.02261679619550705, 1.2808910608291626
vb0[18]+012 NORMAL: 0.1355256736278534, -0.3198603391647339, -0.9377217888832092
vb0[18]+024 TANGENT: 0.8986791372299194, -0.3587973713874817, 0.25227007269859314, -1.0
vb0[18]+040 BLENDWEIGHTS: 0.9882152676582336, 0.011784759350121021, 0.0, 0.0
vb0[18]+056 BLENDINDICES: 0, 1, 0, 0
vb0[18]+072 COLOR: 0.5019607843137255, 0.5019607843137255, 0.0, 0.0
vb0[18]+076 TEXCOORD: 0.0088043212890625, 0.15966796875
vb0[18]+080 TEXCOORD1: 0.6611745357513428, 0.12147806584835052
vb0[18]+088 TEXCOORD2: 0.383544921875, 0.93212890625

vb0[19]+000 POSITION: 0.0898827537894249, -0.021087273955345154, 1.2798707485198975
vb0[19]+012 NORMAL: 0.13776293396949768, -0.31932762265205383, -0.9375773668289185
vb0[19]+024 TANGENT: 0.9007488489151001, -0.3532804548740387, 0.2526746392250061, -1.0
vb0[19]+040 BLENDWEIGHTS: 0.9882177710533142, 0.011782245710492134, 0.0, 0.0
vb0[19]+056 BLENDINDICES: 0, 1, 0, 0
vb0[19]+072 COLOR: 0.5019607843137255, 0.5019607843137255, 0.0, 0.0
vb0[19]+076 TEXCOORD: 0.0028476715087890625, 0.15966796875
vb0[19]+080 TEXCOORD1: -0.7341978549957275, -0.13001728057861328
vb0[19]+088 TEXCOORD2: 0.38818359375, 0.931640625

vb0[20]+000 POSITION: 0.09116994589567184, 0.05222586542367935, 1.256806492805481
vb0[20]+012 NORMAL: 0.19863289594650269, -0.23283252120018005, -0.95201575756073
vb0[20]+024 TANGENT: 0.9786648154258728, 0.09919053316116333, 0.1799342781305313, -1.0
vb0[20]+040 BLENDWEIGHTS: 1.0, 0.0, 0.0, 0.0
vb0[20]+056 BLENDINDICES: 0, 0, 0, 0
vb0[20]+072 COLOR: 0.5019607843137255, 0.5019607843137255, 0.0, 0.0
vb0[20]+076 TEXCOORD: 0.0028476715087890625, 0.2291259765625
vb0[20]+080 TEXCOORD1: -0.7505845427513123, -0.1401582807302475
vb0[20]+088 TEXCOORD2: 0.386474609375, 0.9150390625

vb0[21]+000 POSITION: 0.09475868195295334, 0.052519235759973526, 1.2574145793914795
vb0[21]+012 NORMAL: 0.19857823848724365, -0.2417500764131546, -0.9498018622398376
vb0[21]+024 TANGENT: 0.9797801375389099, 0.0731363594532013, 0.18623073399066925, -1.0
vb0[21]+040 BLENDWEIGHTS: 1.0, 0.0, 0.0, 0.0
vb0[21]+056 BLENDINDICES: 0, 0, 0, 0
vb0[21]+072 COLOR: 0.5019607843137255, 0.5019607843137255, 0.0, 0.0
vb0[21]+076 TEXCOORD: 0.0088043212890625, 0.2291259765625
vb0[21]+080 TEXCOORD1: 0.6221368312835693, 0.12896698713302612
vb0[21]+088 TEXCOORD2: 0.382080078125, 0.91552734375

vb0[22]+000 POSITION: 0.09942224621772766, 0.02579367533326149, 1.266030192375183
vb0[22]+012 NORMAL: 0.1920119971036911, -0.2875063717365265, -0.9383344054222107
vb0[22]+024 TANGENT: 0.9560884237289429, -0.16091705858707428, 0.24495013058185577, -1.0
vb0[22]+040 BLENDWEIGHTS: 1.0, 0.0, 0.0, 0.0
vb0[22]+056 BLENDINDICES: 0, 0, 0, 0
vb0[22]+072 COLOR: 0.5019607843137255, 0.5019607843137255, 0.0, 0.0
vb0[22]+076 TEXCOORD: 0.0088043212890625, 0.2052001953125
vb0[22]+080 TEXCOORD1: 0.6427781581878662, 0.181152805685997
vb0[22]+088 TEXCOORD2: 0.376220703125, 0.921875

vb0[23]+000 POSITION: 0.09558824449777603, 0.026437273249030113, 1.2649779319763184
vb0[23]+012 NORMAL: 0.19402919709682465, -0.28105464577674866, -0.9398728609085083
vb0[23]+024 TANGENT: 0.9574154615402222, -0.1545477658510208, 0.24386587738990784, -1.0
vb0[23]+040 BLENDWEIGHTS: 1.0, 0.0, 0.0, 0.0
vb0[23]+056 BLENDINDICES: 0, 0, 0, 0
vb0[23]+072 COLOR: 0.5019607843137255, 0.5019607843137255, 0.0, 0.0
vb0[23]+076 TEXCOORD: 0.0028476715087890625, 0.2052001953125
vb0[23]+080 TEXCOORD1: -0.7150039672851562, -0.1990625113248825
vb0[23]+088 TEXCOORD2: 0.380859375, 0.9208984375

vb0[24]+000 POSITION: 0.07389206439256668, 0.09476946294307709, 1.2674590349197388
vb0[24]+012 NORMAL: 0.10264070332050323, 0.3320690095424652, 0.9376540184020996
vb0[24]+024 TANGENT: -0.772857129573822, -0.5668111443519592, 0.2853367030620575, -1.0
vb0[24]+040 BLENDWEIGHTS: 1.0, 0.0, 0.0, 0.0
vb0[24]+056 BLENDINDICES: 0, 0, 0, 0
vb0[24]+072 COLOR: 0.5019607843137255, 0.5019607843137255, 0.0, 0.0
vb0[24]+076 TEXCOORD: 0.00885772705078125, 0.70703125
vb0[24]+080 TEXCOORD1: 0.7528614401817322, -0.004008501768112183
vb0[24]+088 TEXCOORD2: 0.407958984375, 0.9228515625

vb0[25]+000 POSITION: 0.0772228091955185, 0.09723137319087982, 1.26627779006958
vb0[25]+012 NORMAL: 0.10371013730764389, 0.33221229910850525, 0.9374855756759644
vb0[25]+024 TANGENT: -0.772050142288208, -0.567345917224884, 0.2864563465118408, -1.0
vb0[25]+040 BLENDWEIGHTS: 1.0, 0.0, 0.0, 0.0
vb0[25]+056 BLENDINDICES: 0, 0, 0, 0
vb0[25]+072 COLOR: 0.5019607843137255, 0.5019607843137255, 0.0, 0.0
vb0[25]+076 TEXCOORD: 0.0028553009033203125, 0.70703125
vb0[25]+080 TEXCOORD1: -0.6769070625305176, 0.006287418305873871
vb0[25]+088 TEXCOORD2: 0.40380859375, 0.921875

vb0[26]+000 POSITION: 0.0617508701980114, 0.11055818945169449, 1.2627664804458618
vb0[26]+012 NORMAL: 0.04015972465276718, 0.3251786231994629, 0.9447994828224182
vb0[26]+024 TANGENT: -0.6496458053588867, -0.7099299430847168, 0.27195581793785095, -1.0
vb0[26]+040 BLENDWEIGHTS: 1.0, 0.0, 0.0, 0.0
vb0[26]+056 BLENDINDICES: 0, 0, 0, 0
vb0[26]+072 COLOR: 0.5019607843137255, 0.5019607843137255, 0.0, 0.0
vb0[26]+076 TEXCOORD: 0.0028553009033203125, 0.7275390625
vb0[26]+080 TEXCOORD1: -0.6795381307601929, 0.07620517164468765
vb0[26]+088 TEXCOORD2: 0.423095703125, 0.91943359375

vb0[27]+000 POSITION: 0.058749958872795105, 0.10716709494590759, 1.264003872871399
vb0[27]+012 NORMAL: 0.037214115262031555, 0.3250526487827301, 0.9449634552001953
vb0[27]+024 TANGENT: -0.6218888759613037, -0.7326619625091553, 0.2765152156352997, -1.0
vb0[27]+040 BLENDWEIGHTS: 1.0, 0.0, 0.0, 0.0
vb0[27]+056 BLENDINDICES: 0, 0, 0, 0
vb0[27]+072 COLOR: 0.5019607843137255, 0.5019607843137255, 0.0, 0.0
vb0[27]+076 TEXCOORD: 0.00885772705078125, 0.7275390625
vb0[27]+080 TEXCOORD1: 0.7451133131980896, -0.07080571353435516
vb0[27]+088 TEXCOORD2: 0.4267578125, 0.92041015625

vb0[28]+000 POSITION: 0.09307452291250229, 0.026072273030877113, 1.288230061531067
vb0[28]+012 NORMAL: -0.9947938323020935, -0.04976329207420349, -0.08893167227506638
vb0[28]+024 TANGENT: -0.019723961129784584, 0.9501855969429016, -0.3110600411891937, -1.0
vb0[28]+040 BLENDWEIGHTS: 0.963468611240387, 0.03653138503432274, 0.0, 0.0
vb0[28]+056 BLENDINDICES: 0, 2, 0, 0
vb0[28]+072 COLOR: 0.5019607843137255, 0.5019607843137255, 0.0, 0.0
vb0[28]+076 TEXCOORD: 0.10699462890625, 0.9833984375
vb0[28]+080 TEXCOORD1: 0.004601776599884033, 0.7711129784584045
vb0[28]+088 TEXCOORD2: 0.384033203125, 0.9375

vb0[29]+000 POSITION: 0.09157508611679077, 0.052406832575798035, 1.2798389196395874
vb0[29]+012 NORMAL: -0.9797500371932983, -0.20015084743499756, 0.005442382302135229
vb0[29]+024 TANGENT: -0.19299089908599854, 0.936763346195221, -0.2919398844242096, -1.0
vb0[29]+040 BLENDWEIGHTS: 1.0, 0.0, 0.0, 0.0
vb0[29]+056 BLENDINDICES: 0, 0, 0, 0
vb0[29]+072 COLOR: 0.5019607843137255, 0.5019607843137255, 0.0, 0.0
vb0[29]+076 TEXCOORD: 0.1175537109375, 0.9833984375
vb0[29]+080 TEXCOORD1: 0.0016752630472183228, 0.7757442593574524
vb0[29]+088 TEXCOORD2: 0.385986328125, 0.931640625

vb0[30]+000 POSITION: 0.09116994589567184, 0.05222586542367935, 1.256806492805481
vb0[30]+012 NORMAL: -0.9721534252166748, -0.23260992765426636, 0.02846626006066799
vb0[30]+024 TANGENT: -0.23091469705104828, 0.9301201105117798, -0.2855782210826874, -1.0
vb0[30]+040 BLENDWEIGHTS: 1.0, 0.0, 0.0, 0.0
vb0[30]+056 BLENDINDICES: 0, 0, 0, 0
vb0[30]+072 COLOR: 0.5019607843137255, 0.5019607843137255, 0.0, 0.0
vb0[30]+076 TEXCOORD: 0.1175537109375, 0.974609375
vb0[30]+080 TEXCOORD1: 0.0073136985301971436, -0.7635234594345093
vb0[30]+088 TEXCOORD2: 0.386474609375, 0.9150390625

vb0[31]+000 POSITION: 0.09558824449777603, 0.026437273249030113, 1.2649779319763184
vb0[31]+012 NORMAL: -0.9943327903747559, -0.07601895928382874, -0.07431972771883011
vb0[31]+024 TANGENT: -0.050114016979932785, 0.9516841769218445, -0.3029617965221405, -1.0
vb0[31]+040 BLENDWEIGHTS: 1.0, 0.0, 0.0, 0.0
vb0[31]+056 BLENDINDICES: 0, 0, 0, 0
vb0[31]+072 COLOR: 0.5019607843137255, 0.5019607843137255, 0.0, 0.0
vb0[31]+076 TEXCOORD: 0.10699462890625, 0.974609375
vb0[31]+080 TEXCOORD1: 0.005630329251289368, -0.7421756982803345
vb0[31]+088 TEXCOORD2: 0.380859375, 0.9208984375

vb0[32]+000 POSITION: 0.08209866285324097, -0.036099549382925034, 1.3101835250854492
vb0[32]+012 NORMAL: 0.1112484335899353, 0.29648101329803467, 0.9485371112823486
vb0[32]+024 TANGENT: -0.9157053232192993, 0.4014434516429901, -0.018080033361911774, -1.0
vb0[32]+040 BLENDWEIGHTS: 0.7449145317077637, 0.2550854980945587, 0.0, 0.0
vb0[32]+056 BLENDINDICES: 0, 1, 0, 0
vb0[32]+072 COLOR: 0.5019607843137255, 0.5019607843137255, 0.0, 0.0
vb0[32]+076 TEXCOORD: 0.00885772705078125, 0.57861328125
vb0[32]+080 TEXCOORD1: 0.7303037047386169, 0.02289283275604248
vb0[32]+088 TEXCOORD2: 0.397705078125, 0.953125

vb0[33]+000 POSITION: 0.08538217097520828, -0.037584513425827026, 1.3102155923843384
vb0[33]+012 NORMAL: 0.1112084910273552, 0.29666200280189514, 0.9484853148460388
vb0[33]+024 TANGENT: -0.9064635038375854, 0.421510249376297, -0.025556154549121857, -1.0
vb0[33]+040 BLENDWEIGHTS: 0.7449448108673096, 0.2550552189350128, 0.0, 0.0
vb0[33]+056 BLENDINDICES: 0, 1, 0, 0
vb0[33]+072 COLOR: 0.5019607843137255, 0.5019607843137255, 0.0, 0.0
vb0[33]+076 TEXCOORD: 0.0028553009033203125, 0.57861328125
vb0[33]+080 TEXCOORD1: -0.6767683029174805, -0.021778926253318787
vb0[33]+088 TEXCOORD2: 0.393798828125, 0.953125

vb0[34]+000 POSITION: 0.09165166318416595, -0.019841155037283897, 1.303804874420166
vb0[34]+012 NORMAL: 0.09403745830059052, 0.312181681394577, 0.9453568458557129
vb0[34]+024 TANGENT: -0.9587926268577576, 0.28410235047340393, 0.0015558789018541574, -1.0
vb0[34]+040 BLENDWEIGHTS: 0.9881670475006104, 0.011832956224679947, 0.0, 0.0
vb0[34]+056 BLENDINDICES: 0, 1, 0, 0
vb0[34]+072 COLOR: 0.5019607843137255, 0.5019607843137255, 0.0, 0.0
vb0[34]+076 TEXCOORD: 0.0028553009033203125, 0.59765625
vb0[34]+080 TEXCOORD1: -0.6628251075744629, 0.00042763352394104004
vb0[34]+088 TEXCOORD2: 0.385986328125, 0.94873046875

vb0[35]+000 POSITION: 0.08802825957536697, -0.018801994621753693, 1.3038133382797241
vb0[35]+012 NORMAL: 0.0937088280916214, 0.3122965693473816, 0.9453515410423279
vb0[35]+024 TANGENT: -0.9624457955360413, 0.2714133560657501, 0.0057420129887759686, -1.0
vb0[35]+040 BLENDWEIGHTS: 0.9881389141082764, 0.011861073784530163, 0.0, 0.0
vb0[35]+056 BLENDINDICES: 0, 1, 0, 0
vb0[35]+072 COLOR: 0.5019607843137255, 0.5019607843137255, 0.0, 0.0
vb0[35]+076 TEXCOORD: 0.00885772705078125, 0.59765625
vb0[35]+080 TEXCOORD1: 0.742971658706665, 0.011215105652809143
vb0[35]+088 TEXCOORD2: 0.390380859375, 0.94873046875

vb0[36]+000 POSITION: 0.08802825957536697, -0.018801994621753693, 1.3038133382797241
vb0[36]+012 NORMAL: -0.9630368947982788, 0.2510073482990265, -0.09775091707706451
vb0[36]+024 TANGENT: 0.269162654876709, 0.9109190702438354, -0.31269457936286926, -1.0
vb0[36]+040 BLENDWEIGHTS: 0.9881389141082764, 0.011861073784530163, 0.0, 0.0
vb0[36]+056 BLENDINDICES: 0, 1, 0, 0
vb0[36]+072 COLOR: 0.5019607843137255, 0.5019607843137255, 0.0, 0.0
vb0[36]+076 TEXCOORD: 0.08648681640625, 0.9833984375
vb0[36]+080 TEXCOORD1: 0.010529667139053345, 0.7429816722869873
vb0[36]+088 TEXCOORD2: 0.390380859375, 0.94873046875

vb0[37]+000 POSITION: 0.09184924513101578, 0.0017276954604312778, 1.296542763710022
vb0[37]+012 NORMAL: -0.9885690212249756, 0.09983246773481369, -0.1129818707704544
vb0[37]+024 TANGENT: 0.13095133006572723, 0.9399248957633972, -0.315266489982605, -1.0
vb0[37]+040 BLENDWEIGHTS: 1.0, 0.0, 0.0, 0.0
vb0[37]+056 BLENDINDICES: 0, 0, 0, 0
vb0[37]+072 COLOR: 0.5019607843137255, 0.5019607843137255, 0.0, 0.0
vb0[37]+076 TEXCOORD: 0.09637451171875, 0.9833984375
vb0[37]+080 TEXCOORD1: 0.008113756775856018, 0.7566586136817932
vb0[37]+088 TEXCOORD2: 0.3857421875, 0.943359375

vb0[38]+000 POSITION: 0.09483949095010757, 0.0012065982446074486, 1.2730234861373901
vb0[38]+012 NORMAL: -0.9911182522773743, 0.06785846501588821, -0.1143667995929718
vb0[38]+024 TANGENT: 0.10004248470067978, 0.9470676183700562, -0.3050481677055359, -1.0
vb0[38]+040 BLENDWEIGHTS: 1.0, 0.0, 0.0, 0.0
vb0[38]+056 BLENDINDICES: 0, 0, 0, 0
vb0[38]+072 COLOR: 0.5019607843137255, 0.5019607843137255, 0.0, 0.0
vb0[38]+076 TEXCOORD: 0.09637451171875, 0.974609375
vb0[38]+080 TEXCOORD1: 0.00726337730884552, -0.7349547743797302
vb0[38]+088 TEXCOORD2: 0.3818359375, 0.9267578125

vb0[39]+000 POSITION: 0.0898827537894249, -0.021087273955345154, 1.2798707485198975
vb0[39]+012 NORMAL: -0.968170166015625, 0.22904673218727112, -0.1009165421128273
vb0[39]+024 TANGENT: 0.2488541305065155, 0.9240637421607971, -0.29013437032699585, -1.0
vb0[39]+040 BLENDWEIGHTS: 0.9882177710533142, 0.011782245710492134, 0.0, 0.0
vb0[39]+056 BLENDINDICES: 0, 1, 0, 0
vb0[39]+072 COLOR: 0.5019607843137255, 0.5019607843137255, 0.0, 0.0
vb0[39]+076 TEXCOORD: 0.08648681640625, 0.974609375
vb0[39]+080 TEXCOORD1: 0.008424147963523865, -0.7455736398696899
vb0[39]+088 TEXCOORD2: 0.38818359375, 0.931640625

vb0[40]+000 POSITION: 0.07213922590017319, -0.053181178867816925, 1.3164843320846558
vb0[40]+012 NORMAL: 0.11354760825634003, 0.28601399064064026, 0.9514740109443665
vb0[40]+024 TANGENT: -0.7476285696029663, 0.6553149223327637, -0.10776732861995697, -1.0
vb0[40]+040 BLENDWEIGHTS: 1.0, 0.0, 0.0, 0.0
vb0[40]+056 BLENDINDICES: 1, 0, 0, 0
vb0[40]+072 COLOR: 0.5019607843137255, 0.5019607843137255, 0.0, 0.0
vb0[40]+076 TEXCOORD: 0.00885772705078125, 0.5595703125
vb0[40]+080 TEXCOORD1: 0.5054841637611389, 0.3716925382614136
vb0[40]+088 TEXCOORD2: 0.41015625, 0.9580078125

vb0[41]+000 POSITION: 0.07424984872341156, -0.055138181895017624, 1.3168432712554932
vb0[41]+012 NORMAL: 0.11354760825634003, 0.28601399064064026, 0.9514740109443665
vb0[41]+024 TANGENT: -0.7268369793891907, 0.6768205165863037, -0.11671318113803864, -1.0
vb0[41]+040 BLENDWEIGHTS: 1.0, 0.0, 0.0, 0.0
vb0[41]+056 BLENDINDICES: 1, 0, 0, 0
vb0[41]+072 COLOR: 0.5019607843137255, 0.5019607843137255, 0.0, 0.0
vb0[41]+076 TEXCOORD: 0.0028553009033203125, 0.5595703125
vb0[41]+080 TEXCOORD1: -0.5026216506958008, 0.4655393362045288
vb0[41]+088 TEXCOORD2: 0.407470703125, 0.9580078125

vb0[42]+000 POSITION: 0.09561219066381454, 0.0010688495822250843, 1.2965054512023926
vb0[42]+012 NORMAL: 0.07145997881889343, 0.3183977007865906, 0.9452599287033081
vb0[42]+024 TANGENT: -0.9836163520812988, 0.17974449694156647, 0.013815199956297874, -1.0
vb0[42]+040 BLENDWEIGHTS: 1.0, 0.0, 0.0, 0.0
vb0[42]+056 BLENDINDICES: 0, 0, 0, 0
vb0[42]+072 COLOR: 0.5019607843137255, 0.5019607843137255, 0.0, 0.0
vb0[42]+076 TEXCOORD: 0.0028553009033203125, 0.619140625
vb0[42]+080 TEXCOORD1: -0.6515085101127625, 0.021410569548606873
vb0[42]+088 TEXCOORD2: 0.380859375, 0.943359375

vb0[43]+000 POSITION: 0.09184924513101578, 0.0017276954604312778, 1.296542763710022
vb0[43]+012 NORMAL: 0.07100111246109009, 0.3184559941291809, 0.9452749490737915
vb0[43]+024 TANGENT: -0.9854179620742798, 0.1693015694618225, 0.01697988621890545, -1.0
vb0[43]+040 BLENDWEIGHTS: 1.0, 0.0, 0.0, 0.0
vb0[43]+056 BLENDINDICES: 0, 0, 0, 0
vb0[43]+072 COLOR: 0.5019607843137255, 0.5019607843137255, 0.0, 0.0
vb0[43]+076 TEXCOORD: 0.00885772705078125, 0.619140625
vb0[43]+080 TEXCOORD1: 0.7564988136291504, -0.01754087209701538
vb0[43]+088 TEXCOORD2: 0.3857421875, 0.943359375

vb0[44]+000 POSITION: 0.09307452291250229, 0.026072273030877113, 1.288230061531067
vb0[44]+012 NORMAL: 0.08999986201524734, 0.3171062767505646, 0.9441099762916565
vb0[44]+024 TANGENT: -0.9948563575744629, 0.07286911457777023, 0.07036224007606506, -1.0
vb0[44]+040 BLENDWEIGHTS: 0.963468611240387, 0.03653138503432274, 0.0, 0.0
vb0[44]+056 BLENDINDICES: 0, 2, 0, 0
vb0[44]+072 COLOR: 0.5019607843137255, 0.5019607843137255, 0.0, 0.0
vb0[44]+076 TEXCOORD: 0.00885772705078125, 0.6435546875
vb0[44]+080 TEXCOORD1: 0.7694531083106995, -0.050777867436409
vb0[44]+088 TEXCOORD2: 0.384033203125, 0.9375

vb0[45]+000 POSITION: 0.09704307466745377, 0.025817785412073135, 1.288055658340454
vb0[45]+012 NORMAL: 0.08848761767148972, 0.31724298000335693, 0.9442070126533508
vb0[45]+024 TANGENT: -0.9952861666679382, 0.06593380123376846, 0.07112155854701996, -1.0
vb0[45]+040 BLENDWEIGHTS: 1.0, 0.0, 0.0, 0.0
vb0[45]+056 BLENDINDICES: 0, 0, 0, 0
vb0[45]+072 COLOR: 0.5019607843137255, 0.5019607843137255, 0.0, 0.0
vb0[45]+076 TEXCOORD: 0.0028553009033203125, 0.6435546875
vb0[45]+080 TEXCOORD1: -0.638602614402771, 0.03534659743309021
vb0[45]+088 TEXCOORD2: 0.379150390625, 0.9375

vb0[46]+000 POSITION: 0.09568600356578827, 0.0530204102396965, 1.2789095640182495
vb0[46]+012 NORMAL: 0.14893758296966553, 0.3243758976459503, 0.9341294765472412
vb0[46]+024 TANGENT: -0.9644156694412231, -0.1610395610332489, 0.20968729257583618, -1.0
vb0[46]+040 BLENDWEIGHTS: 1.0, 0.0, 0.0, 0.0
vb0[46]+056 BLENDINDICES: 0, 0, 0, 0
vb0[46]+072 COLOR: 0.5019607843137255, 0.5019607843137255, 0.0, 0.0
vb0[46]+076 TEXCOORD: 0.0028553009033203125, 0.66845703125
vb0[46]+080 TEXCOORD1: -0.6395391225814819, -0.02067217230796814
vb0[46]+088 TEXCOORD2: 0.380859375, 0.9306640625

vb0[47]+000 POSITION: 0.09157508611679077, 0.052406832575798035, 1.2798389196395874
vb0[47]+012 NORMAL: 0.14681655168533325, 0.32379093766212463, 0.9346681237220764
vb0[47]+024 TANGENT: -0.9697245359420776, -0.13929376006126404, 0.20057779550552368, -1.0
vb0[47]+040 BLENDWEIGHTS: 1.0, 0.0, 0.0, 0.0
vb0[47]+056 BLENDINDICES: 0, 0, 0, 0
vb0[47]+072 COLOR: 0.5019607843137255, 0.5019607843137255, 0.0, 0.0
vb0[47]+076 TEXCOORD: 0.00885772705078125, 0.66845703125
vb0[47]+080 TEXCOORD1: 0.775743842124939, 0.0018102526664733887
vb0[47]+088 TEXCOORD2: 0.385986328125, 0.931640625

vb0[48]+000 POSITION: 0.08841538429260254, 0.07942891120910645, 1.270735502243042
vb0[48]+012 NORMAL: 0.16318540275096893, 0.33542025089263916, 0.9278274774551392
vb0[48]+024 TANGENT: -0.8790397047996521, -0.3775602877140045, 0.2910969853401184, -1.0
vb0[48]+040 BLENDWEIGHTS: 1.0, 0.0, 0.0, 0.0
vb0[48]+056 BLENDINDICES: 0, 0, 0, 0
vb0[48]+072 COLOR: 0.5019607843137255, 0.5019607843137255, 0.0, 0.0
vb0[48]+076 TEXCOORD: 0.0028553009033203125, 0.689453125
vb0[48]+080 TEXCOORD1: -0.6567437648773193, -0.03310421109199524
vb0[48]+088 TEXCOORD2: 0.389892578125, 0.9248046875

vb0[49]+000 POSITION: 0.08429840952157974, 0.07778126746416092, 1.272223949432373
vb0[49]+012 NORMAL: 0.16422750055789948, 0.3352716267108917, 0.9276973009109497
vb0[49]+024 TANGENT: -0.8906025886535645, -0.3539401590824127, 0.2855754494667053, -1.0
vb0[49]+040 BLENDWEIGHTS: 1.0, 0.0, 0.0, 0.0
vb0[49]+056 BLENDINDICES: 0, 0, 0, 0
vb0[49]+072 COLOR: 0.5019607843137255, 0.5019607843137255, 0.0, 0.0
vb0[49]+076 TEXCOORD: 0.00885772705078125, 0.689453125
vb0[49]+080 TEXCOORD1: 0.7669166326522827, 0.020564913749694824
vb0[49]+088 TEXCOORD2: 0.39501953125, 0.92626953125

vb0[50]+000 POSITION: 0.05720985680818558, 0.10369744151830673, 1.2418971061706543
vb0[50]+012 NORMAL: 0.18850812315940857, 0.021123426035046577, -0.981844425201416
vb0[50]+024 TANGENT: 0.5406501293182373, 0.8323965668678284, 0.12170972675085068, -1.0
vb0[50]+040 BLENDWEIGHTS: 1.0, 0.0, 0.0, 0.0
vb0[50]+056 BLENDINDICES: 0, 0, 0, 0
vb0[50]+072 COLOR: 0.5019607843137255, 0.5019607843137255, 0.0, 0.0
vb0[50]+076 TEXCOORD: 0.0028476715087890625, 0.290283203125
vb0[50]+080 TEXCOORD1: -0.8021787405014038, -0.045645877718925476
vb0[50]+088 TEXCOORD2: 0.4287109375, 0.904296875

vb0[51]+000 POSITION: 0.05910128355026245, 0.10662882775068283, 1.2423479557037354
vb0[51]+012 NORMAL: 0.19083774089813232, 0.020667793229222298, -0.9814039468765259
vb0[51]+024 TANGENT: 0.5388442873954773, 0.8334755301475525, 0.12233284115791321, -1.0
vb0[51]+040 BLENDWEIGHTS: 1.0, 0.0, 0.0, 0.0
vb0[51]+056 BLENDINDICES: 0, 0, 0, 0
vb0[51]+072 COLOR: 0.5019607843137255, 0.5019607843137255, 0.0, 0.0
vb0[51]+076 TEXCOORD: 0.0088043212890625, 0.290283203125
vb0[51]+080 TEXCOORD1: 0.5713632106781006, 0.02313780039548874
vb0[51]+088 TEXCOORD2: 0.426513671875, 0.90478515625

vb0[52]+000 POSITION: 0.07410833239555359, 0.09404425323009491, 1.2458600997924805
vb0[52]+012 NORMAL: 0.2423989623785019, -0.0408497117459774, -0.9693162441253662
vb0[52]+024 TANGENT: 0.6617681980133057, 0.7375620603561401, 0.13440683484077454, -1.0
vb0[52]+040 BLENDWEIGHTS: 1.0, 0.0, 0.0, 0.0
vb0[52]+056 BLENDINDICES: 0, 0, 0, 0
vb0[52]+072 COLOR: 0.5019607843137255, 0.5019607843137255, 0.0, 0.0
vb0[52]+076 TEXCOORD: 0.0088043212890625, 0.273193359375
vb0[52]+080 TEXCOORD1: 0.5634887218475342, -0.041620269417762756
vb0[52]+088 TEXCOORD2: 0.40771484375, 0.9072265625

vb0[53]+000 POSITION: 0.07185036689043045, 0.09153050184249878, 1.245241403579712
vb0[53]+012 NORMAL: 0.24314716458320618, -0.04632517695426941, -0.9688825011253357
vb0[53]+024 TANGENT: 0.6841745376586914, 0.716248631477356, 0.13745194673538208, -1.0
vb0[53]+040 BLENDWEIGHTS: 1.0, 0.0, 0.0, 0.0
vb0[53]+056 BLENDINDICES: 0, 0, 0, 0
vb0[53]+072 COLOR: 0.5019607843137255, 0.5019607843137255, 0.0, 0.0
vb0[53]+076 TEXCOORD: 0.0028476715087890625, 0.273193359375
vb0[53]+080 TEXCOORD1: -0.8082393407821655, 0.037426769733428955
vb0[53]+088 TEXCOORD2: 0.41064453125, 0.90673828125

vb0[54]+000 POSITION: 0.08691822737455368, -0.04087593033909798, 1.2862646579742432
vb0[54]+012 NORMAL: 0.11452314257621765, -0.3172195255756378, -0.9414117932319641
vb0[54]+024 TANGENT: 0.9309366941452026, -0.29651135206222534, 0.21316175162792206, -1.0
vb0[54]+040 BLENDWEIGHTS: 0.7474863529205322, 0.2525136172771454, 0.0, 0.0
vb0[54]+056 BLENDINDICES: 0, 1, 0, 0
vb0[54]+072 COLOR: 0.5019607843137255, 0.5019607843137255, 0.0, 0.0
vb0[54]+076 TEXCOORD: 0.0088043212890625, 0.1392822265625
vb0[54]+080 TEXCOORD1: 0.6610124707221985, -0.05161604285240173
vb0[54]+088 TEXCOORD2: 0.391845703125, 0.93603515625

vb0[55]+000 POSITION: 0.08287195861339569, -0.039723385125398636, 1.2853198051452637
vb0[55]+012 NORMAL: 0.11268854886293411, -0.31645241379737854, -0.9418912529945374
vb0[55]+024 TANGENT: 0.9380820393562317, -0.27862289547920227, 0.20584328472614288, -1.0
vb0[55]+040 BLENDWEIGHTS: 0.7472108602523804, 0.252789169549942, 0.0, 0.0
vb0[55]+056 BLENDINDICES: 0, 1, 0, 0
vb0[55]+072 COLOR: 0.5019607843137255, 0.5019607843137255, 0.0, 0.0
vb0[55]+076 TEXCOORD: 0.0028476715087890625, 0.1392822265625
vb0[55]+080 TEXCOORD1: -0.7527731657028198, 0.05894973874092102
vb0[55]+088 TEXCOORD2: 0.396728515625, 0.935546875

vb0[56]+000 POSITION: 0.08429840952157974, 0.07778126746416092, 1.272223949432373
vb0[56]+012 NORMAL: -0.9164829850196838, -0.38458147644996643, 0.1102549284696579
vb0[56]+024 TANGENT: -0.4000679552555084, 0.879489541053772, -0.25776705145835876, -1.0
vb0[56]+040 BLENDWEIGHTS: 1.0, 0.0, 0.0, 0.0
vb0[56]+056 BLENDINDICES: 0, 0, 0, 0
vb0[56]+072 COLOR: 0.5019607843137255, 0.5019607843137255, 0.0, 0.0
vb0[56]+076 TEXCOORD: 0.12646484375, 0.9833984375
vb0[56]+080 TEXCOORD1: -0.007767215371131897, 0.7671529054641724
vb0[56]+088 TEXCOORD2: 0.39501953125, 0.92626953125

vb0[57]+000 POSITION: 0.08166678249835968, 0.07555907219648361, 1.2497265338897705
vb0[57]+012 NORMAL: -0.9042659997940063, -0.4097900688648224, 0.1198965311050415
vb0[57]+024 TANGENT: -0.42696917057037354, 0.8682788610458374, -0.2525649666786194, -1.0
vb0[57]+040 BLENDWEIGHTS: 1.0, 0.0, 0.0, 0.0
vb0[57]+056 BLENDINDICES: 0, 0, 0, 0
vb0[57]+072 COLOR: 0.5019607843137255, 0.5019607843137255, 0.0, 0.0
vb0[57]+076 TEXCOORD: 0.12646484375, 0.974609375
vb0[57]+080 TEXCOORD1: 0.01258416473865509, -0.7928289175033569
vb0[57]+088 TEXCOORD2: 0.398193359375, 0.91015625

vb0[58]+000 POSITION: 0.03376486152410507, 0.11348656564950943, 1.238857388496399
vb0[58]+012 NORMAL: 0.09723062813282013, 0.04732673242688179, -0.9941359758377075
vb0[58]+024 TANGENT: 0.41487523913383484, 0.9060195684432983, 0.08370839804410934, -1.0
vb0[58]+040 BLENDWEIGHTS: 1.0, 0.0, 0.0, 0.0
vb0[58]+056 BLENDINDICES: 0, 0, 0, 0
vb0[58]+072 COLOR: 0.5019607843137255, 0.5019607843137255, 0.0, 0.0
vb0[58]+076 TEXCOORD: 0.0028476715087890625, 0.3095703125
vb0[58]+080 TEXCOORD1: -0.7877591848373413, -0.12419979274272919
vb0[58]+088 TEXCOORD2: 0.4580078125, 0.90234375

vb0[59]+000 POSITION: 0.03551314398646355, 0.11714411526918411, 1.2391353845596313
vb0[59]+012 NORMAL: 0.10643064975738525, 0.04389967769384384, -0.9933505654335022
vb0[59]+024 TANGENT: 0.4339328110218048, 0.8968190550804138, 0.08612652122974396, -1.0
vb0[59]+040 BLENDWEIGHTS: 1.0, 0.0, 0.0, 0.0
vb0[59]+056 BLENDINDICES: 0, 0, 0, 0
vb0[59]+072 COLOR: 0.5019607843137255, 0.5019607843137255, 0.0, 0.0
vb0[59]+076 TEXCOORD: 0.0088043212890625, 0.3095703125
vb0[59]+080 TEXCOORD1: 0.5754201412200928, 0.09789766371250153
vb0[59]+088 TEXCOORD2: 0.455810546875, 0.90234375

vb0[60]+000 POSITION: 0.05910128355026245, 0.10662882775068283, 1.2423479557037354
vb0[60]+012 NORMAL: 0.5400290489196777, 0.809463381767273, -0.23051634430885315
vb0[60]+024 TANGENT: 0.1088428869843483, 0.20442064106464386, 0.9728131890296936, -1.0
vb0[60]+040 BLENDWEIGHTS: 1.0, 0.0, 0.0, 0.0
vb0[60]+056 BLENDINDICES: 0, 0, 0, 0
vb0[60]+072 COLOR: 0.5019607843137255, 0.5019607843137255, 0.0, 0.0
vb0[60]+076 TEXCOORD: 0.0117950439453125, 0.7255859375
vb0[60]+080 TEXCOORD1: -0.5666500329971313, -0.07680585980415344
vb0[60]+088 TEXCOORD2: 0.426513671875, 0.90478515625

vb0[61]+000 POSITION: 0.0617508701980114, 0.11055818945169449, 1.2627664804458618
vb0[61]+012 NORMAL: 0.5624167919158936, 0.7945811748504639, -0.22875338792800903
vb0[61]+024 TANGENT: 0.13692016899585724, 0.18333914875984192, 0.9734678268432617, -1.0
vb0[61]+040 BLENDWEIGHTS: 1.0, 0.0, 0.0, 0.0
vb0[61]+056 BLENDINDICES: 0, 0, 0, 0
vb0[61]+072 COLOR: 0.5019607843137255, 0.5019607843137255, 0.0, 0.0
vb0[61]+076 TEXCOORD: 0.036651611328125, 0.7255859375
vb0[61]+080 TEXCOORD1: 0.6748573780059814, 0.1102127879858017
vb0[61]+088 TEXCOORD2: 0.423095703125, 0.91943359375

vb0[62]+000 POSITION: 0.07389206439256668, 0.09476946294307709, 1.2674590349197388
vb0[62]+012 NORMAL: -0.7763262391090393, -0.6100729703903198, 0.15851950645446777
vb0[62]+024 TANGENT: -0.6302650570869446, 0.7476528286933899, -0.20923949778079987, -1.0
vb0[62]+040 BLENDWEIGHTS: 1.0, 0.0, 0.0, 0.0
vb0[62]+056 BLENDINDICES: 0, 0, 0, 0
vb0[62]+072 COLOR: 0.5019607843137255, 0.5019607843137255, 0.0, 0.0
vb0[62]+076 TEXCOORD: 0.1337890625, 0.9833984375
vb0[62]+080 TEXCOORD1: -0.009581759572029114, 0.7528111338615417
vb0[62]+088 TEXCOORD2: 0.407958984375, 0.9228515625

vb0[63]+000 POSITION: 0.058749958872795105, 0.10716709494590759, 1.264003872871399
vb0[63]+012 NORMAL: -0.5456161499023438, -0.8193651437759399, 0.17590856552124023
vb0[63]+024 TANGENT: -0.837465226650238, 0.5253573656082153, -0.15050461888313293, -1.0
vb0[63]+040 BLENDWEIGHTS: 1.0, 0.0, 0.0, 0.0
vb0[63]+056 BLENDINDICES: 0, 0, 0, 0
vb0[63]+072 COLOR: 0.5019607843137255, 0.5019607843137255, 0.0, 0.0
vb0[63]+076 TEXCOORD: 0.142333984375, 0.9833984375
vb0[63]+080 TEXCOORD1: -0.0019738972187042236, 0.7484673857688904
vb0[63]+088 TEXCOORD2: 0.4267578125, 0.92041015625

vb0[64]+000 POSITION: 0.05720985680818558, 0.10369744151830673, 1.2418971061706543
vb0[64]+012 NORMAL: -0.5267179012298584, -0.8312968015670776, 0.1775209754705429
vb0[64]+024 TANGENT: -0.8494582772254944, 0.5070258378982544, -0.14610089361667633, -1.0
vb0[64]+040 BLENDWEIGHTS: 1.0, 0.0, 0.0, 0.0
vb0[64]+056 BLENDINDICES: 0, 0, 0, 0
vb0[64]+072 COLOR: 0.5019607843137255, 0.5019607843137255, 0.0, 0.0
vb0[64]+076 TEXCOORD: 0.142333984375, 0.974609375
vb0[64]+080 TEXCOORD1: -0.0050151050090789795, -0.8034606575965881
vb0[64]+088 TEXCOORD2: 0.4287109375, 0.904296875

vb0[65]+000 POSITION: 0.07185036689043045, 0.09153050184249878, 1.245241403579712
vb0[65]+012 NORMAL: -0.7553810477256775, -0.6354390978813171, 0.16005153954029083
vb0[65]+024 TANGENT: -0.6551674008369446, 0.727729856967926, -0.20289161801338196, -1.0
vb0[65]+040 BLENDWEIGHTS: 1.0, 0.0, 0.0, 0.0
vb0[65]+056 BLENDINDICES: 0, 0, 0, 0
vb0[65]+072 COLOR: 0.5019607843137255, 0.5019607843137255, 0.0, 0.0
vb0[65]+076 TEXCOORD: 0.1337890625, 0.974609375
vb0[65]+080 TEXCOORD1: 0.0030321329832077026, -0.8090997338294983
vb0[65]+088 TEXCOORD2: 0.41064453125, 0.90673828125

vb0[66]+000 POSITION: 0.08166678249835968, 0.07555907219648361, 1.2497265338897705
vb0[66]+012 NORMAL: 0.225691020488739, -0.1512933075428009, -0.9623792767524719
vb0[66]+024 TANGENT: 0.8940080404281616, 0.4246523082256317, 0.14289848506450653, -1.0
vb0[66]+040 BLENDWEIGHTS: 1.0, 0.0, 0.0, 0.0
vb0[66]+056 BLENDINDICES: 0, 0, 0, 0
vb0[66]+072 COLOR: 0.5019607843137255, 0.5019607843137255, 0.0, 0.0
vb0[66]+076 TEXCOORD: 0.0028476715087890625, 0.2529296875
vb0[66]+080 TEXCOORD1: -0.7921252250671387, -0.03569132089614868
vb0[66]+088 TEXCOORD2: 0.398193359375, 0.91015625

vb0[67]+000 POSITION: 0.0851464569568634, 0.07718293368816376, 1.2501708269119263
vb0[67]+012 NORMAL: 0.22360265254974365, -0.15566977858543396, -0.96216881275177
vb0[67]+024 TANGENT: 0.8929146528244019, 0.42849647998809814, 0.13818171620368958, -1.0
vb0[67]+040 BLENDWEIGHTS: 1.0, 0.0, 0.0, 0.0
vb0[67]+056 BLENDINDICES: 0, 0, 0, 0
vb0[67]+072 COLOR: 0.5019607843137255, 0.5019607843137255, 0.0, 0.0
vb0[67]+076 TEXCOORD: 0.0088043212890625, 0.2529296875
vb0[67]+080 TEXCOORD1: 0.5932497382164001, 0.02891838550567627
vb0[67]+088 TEXCOORD2: 0.39404296875, 0.91015625

vb0[68]+000 POSITION: 0.07424984872341156, -0.055138181895017624, 1.3168432712554932
vb0[68]+012 NORMAL: 0.7742284536361694, -0.6207161545753479, 0.12361953407526016
vb0[68]+024 TANGENT: 0.0, 0.19422301650047302, 0.9809573888778687, -1.0
vb0[68]+040 BLENDWEIGHTS: 1.0, 0.0, 0.0, 0.0
vb0[68]+056 BLENDINDICES: 1, 0, 0, 0
vb0[68]+072 COLOR: 0.5019607843137255, 0.5019607843137255, 0.0, 0.0
vb0[68]+076 TEXCOORD: 0.036651611328125, 0.484375
vb0[68]+080 TEXCOORD1: 0.6424475312232971, 0.5301077961921692
vb0[68]+088 TEXCOORD2: 0.407470703125, 0.9580078125

vb0[69]+000 POSITION: 0.07437904179096222, -0.06047093868255615, 1.2912523746490479
vb0[69]+012 NORMAL: 0.7765538692474365, -0.6184234619140625, 0.12048450857400894
vb0[69]+024 TANGENT: -0.011276397854089737, 0.17755722999572754, 0.9840458631515503, -1.0
vb0[69]+040 BLENDWEIGHTS: 1.0, 0.0, 0.0, 0.0
vb0[69]+056 BLENDINDICES: 1, 0, 0, 0
vb0[69]+072 COLOR: 0.5019607843137255, 0.5019607843137255, 0.0, 0.0
vb0[69]+076 TEXCOORD: 0.0117950439453125, 0.484375
vb0[69]+080 TEXCOORD1: -0.6249745488166809, 0.42031073570251465
vb0[69]+088 TEXCOORD2: 0.407470703125, 0.93994140625

vb0[70]+000 POSITION: 0.08538217097520828, -0.037584513425827026, 1.3102155923843384
vb0[70]+012 NORMAL: 0.8990417718887329, -0.422675758600235, 0.11432058364152908
vb0[70]+024 TANGENT: -0.05056308954954147, 0.1591232568025589, 0.9859630465507507, -1.0
vb0[70]+040 BLENDWEIGHTS: 0.7449448108673096, 0.2550552189350128, 0.0, 0.0
vb0[70]+056 BLENDINDICES: 0, 1, 0, 0
vb0[70]+072 COLOR: 0.5019607843137255, 0.5019607843137255, 0.0, 0.0
vb0[70]+076 TEXCOORD: 0.036651611328125, 0.51171875
vb0[70]+080 TEXCOORD1: 0.6636696457862854, 0.13428445160388947
vb0[70]+088 TEXCOORD2: 0.393798828125, 0.953125

vb0[71]+000 POSITION: 0.07437904179096222, -0.06047093868255615, 1.2912523746490479
vb0[71]+012 NORMAL: 0.1007470190525055, -0.31143155694007874, -0.9449129104614258
vb0[71]+024 TANGENT: 0.5993345975875854, -0.7390840649604797, 0.30749422311782837, -1.0
vb0[71]+040 BLENDWEIGHTS: 1.0, 0.0, 0.0, 0.0
vb0[71]+056 BLENDINDICES: 1, 0, 0, 0
vb0[71]+072 COLOR: 0.5019607843137255, 0.5019607843137255, 0.0, 0.0
vb0[71]+076 TEXCOORD: 0.0088043212890625, 0.1220703125
vb0[71]+080 TEXCOORD1: 0.4323046803474426, 0.5707309246063232
vb0[71]+088 TEXCOORD2: 0.407470703125, 0.93994140625

vb0[72]+000 POSITION: 0.07230664789676666, -0.05789169669151306, 1.2903149127960205
vb0[72]+012 NORMAL: 0.10074702650308609, -0.3114315867424011, -0.9449129104614258
vb0[72]+024 TANGENT: 0.6411494016647339, -0.7059138417243958, 0.301020085811615, -1.0
vb0[72]+040 BLENDWEIGHTS: 1.0, 0.0, 0.0, 0.0
vb0[72]+056 BLENDINDICES: 1, 0, 0, 0
vb0[72]+072 COLOR: 0.5019607843137255, 0.5019607843137255, 0.0, 0.0
vb0[72]+076 TEXCOORD: 0.0028476715087890625, 0.1220703125
vb0[72]+080 TEXCOORD1: -0.5842610597610474, 0.37969866394996643
vb0[72]+088 TEXCOORD2: 0.409912109375, 0.93896484375

vb0[73]+000 POSITION: 0.09942224621772766, 0.02579367533326149, 1.266030192375183
vb0[73]+012 NORMAL: 0.9953097701072693, 0.06957646459341049, 0.06721246242523193
vb0[73]+024 TANGENT: -0.06783781200647354, 0.0066617326810956, 0.9976741671562195, -1.0
vb0[73]+040 BLENDWEIGHTS: 1.0, 0.0, 0.0, 0.0
vb0[73]+056 BLENDINDICES: 0, 0, 0, 0
vb0[73]+072 COLOR: 0.5019607843137255, 0.5019607843137255, 0.0, 0.0
vb0[73]+076 TEXCOORD: 0.0117950439453125, 0.60693359375
vb0[73]+080 TEXCOORD1: -0.638896107673645, -0.1944010853767395
vb0[73]+088 TEXCOORD2: 0.376220703125, 0.921875

vb0[74]+000 POSITION: 0.09475868195295334, 0.052519235759973526, 1.2574145793914795
vb0[74]+012 NORMAL: 0.9747991561889648, 0.21642740070819855, -0.05408945307135582
vb0[74]+024 TANGENT: 0.04695107042789459, 0.037993576377630234, 0.9981744289398193, -1.0
vb0[74]+040 BLENDWEIGHTS: 1.0, 0.0, 0.0, 0.0
vb0[74]+056 BLENDINDICES: 0, 0, 0, 0
vb0[74]+072 COLOR: 0.5019607843137255, 0.5019607843137255, 0.0, 0.0
vb0[74]+076 TEXCOORD: 0.0117950439453125, 0.64208984375
vb0[74]+080 TEXCOORD1: -0.613774299621582, -0.16421844065189362
vb0[74]+088 TEXCOORD2: 0.382080078125, 0.91552734375

vb0[75]+000 POSITION: 0.09568600356578827, 0.0530204102396965, 1.2789095640182495
vb0[75]+012 NORMAL: 0.9818860292434692, 0.18743030726909637, -0.027739742770791054
vb0[75]+024 TANGENT: 0.024171829223632812, 0.021295219659805298, 0.9994810223579407, -1.0
vb0[75]+040 BLENDWEIGHTS: 1.0, 0.0, 0.0, 0.0
vb0[75]+056 BLENDINDICES: 0, 0, 0, 0
vb0[75]+072 COLOR: 0.5019607843137255, 0.5019607843137255, 0.0, 0.0
vb0[75]+076 TEXCOORD: 0.036651611328125, 0.64208984375
vb0[75]+080 TEXCOORD1: 0.6142980456352234, 0.17909584939479828
vb0[75]+088 TEXCOORD2: 0.380859375, 0.9306640625

vb0[76]+000 POSITION: 0.09704307466745377, 0.025817785412073135, 1.288055658340454
vb0[76]+012 NORMAL: 0.9954414367675781, 0.04437503218650818, 0.08442284166812897
vb0[76]+024 TANGENT: -0.08472107350826263, 0.004880086984485388, 0.9963926672935486, -1.0
vb0[76]+040 BLENDWEIGHTS: 1.0, 0.0, 0.0, 0.0
vb0[76]+056 BLENDINDICES: 0, 0, 0, 0
vb0[76]+072 COLOR: 0.5019607843137255, 0.5019607843137255, 0.0, 0.0
vb0[76]+076 TEXCOORD: 0.036651611328125, 0.60693359375
vb0[76]+080 TEXCOORD1: 0.6080542802810669, 0.19832473993301392
vb0[76]+088 TEXCOORD2: 0.379150390625, 0.9375

vb0[77]+000 POSITION: 0.09165166318416595, -0.019841155037283897, 1.303804874420166
vb0[77]+012 NORMAL: 0.9632904529571533, -0.2435474544763565, 0.11294270306825638
vb0[77]+024 TANGENT: -0.08387399464845657, 0.126617893576622, 0.9883992671966553, -1.0
vb0[77]+040 BLENDWEIGHTS: 0.9881670475006104, 0.011832956224679947, 0.0, 0.0
vb0[77]+056 BLENDINDICES: 0, 1, 0, 0
vb0[77]+072 COLOR: 0.5019607843137255, 0.5019607843137255, 0.0, 0.0
vb0[77]+076 TEXCOORD: 0.036651611328125, 0.541015625
vb0[77]+080 TEXCOORD1: 0.6450746655464172, 0.15236777067184448
vb0[77]+088 TEXCOORD2: 0.385986328125, 0.94873046875

vb0[78]+000 POSITION: 0.08691822737455368, -0.04087593033909798, 1.2862646579742432
vb0[78]+012 NORMAL: 0.9083518981933594, -0.40137943625450134, 0.11743640154600143
vb0[78]+024 TANGENT: -0.06992731988430023, 0.13108418881893158, 0.9889019727706909, -1.0
vb0[78]+040 BLENDWEIGHTS: 0.7474863529205322, 0.2525136172771454, 0.0, 0.0
vb0[78]+056 BLENDINDICES: 0, 1, 0, 0
vb0[78]+072 COLOR: 0.5019607843137255, 0.5019607843137255, 0.0, 0.0
vb0[78]+076 TEXCOORD: 0.0117950439453125, 0.51171875
vb0[78]+080 TEXCOORD1: -0.6549278497695923, -0.10330156236886978
vb0[78]+088 TEXCOORD2: 0.391845703125, 0.93603515625

vb0[79]+000 POSITION: 0.09360389411449432, -0.02261679619550705, 1.2808910608291626
vb0[79]+012 NORMAL: 0.9678524136543274, -0.22429299354553223, 0.11381728947162628
vb0[79]+024 TANGENT: -0.09593774378299713, 0.0890975221991539, 0.9913917779922485, -1.0
vb0[79]+040 BLENDWEIGHTS: 0.9882152676582336, 0.011784759350121021, 0.0, 0.0
vb0[79]+056 BLENDINDICES: 0, 1, 0, 0
vb0[79]+072 COLOR: 0.5019607843137255, 0.5019607843137255, 0.0, 0.0
vb0[79]+076 TEXCOORD: 0.0117950439453125, 0.541015625
vb0[79]+080 TEXCOORD1: -0.6558886170387268, -0.14737343788146973
vb0[79]+088 TEXCOORD2: 0.383544921875, 0.93212890625

vb0[80]+000 POSITION: 0.09858313947916031, 0.0008320331107825041, 1.2738206386566162
vb0[80]+012 NORMAL: 0.9906026124954224, -0.06882362067699432, 0.1181935966014862
vb0[80]+024 TANGENT: -0.11795775592327118, 0.00749499537050724, 0.9929903745651245, -1.0
vb0[80]+040 BLENDWEIGHTS: 1.0, 0.0, 0.0, 0.0
vb0[80]+056 BLENDINDICES: 0, 0, 0, 0
vb0[80]+072 COLOR: 0.5019607843137255, 0.5019607843137255, 0.0, 0.0
vb0[80]+076 TEXCOORD: 0.0117950439453125, 0.572265625
vb0[80]+080 TEXCOORD1: -0.6486948728561401, -0.20287799835205078
vb0[80]+088 TEXCOORD2: 0.377197265625, 0.92724609375

vb0[81]+000 POSITION: 0.09561219066381454, 0.0010688495822250843, 1.2965054512023926
vb0[81]+012 NORMAL: 0.9880443215370178, -0.09957671165466309, 0.11769871413707733
vb0[81]+024 TANGENT: -0.1140119731426239, 0.04195808246731758, 0.992592990398407, -1.0
vb0[81]+040 BLENDWEIGHTS: 1.0, 0.0, 0.0, 0.0
vb0[81]+056 BLENDINDICES: 0, 0, 0, 0
vb0[81]+072 COLOR: 0.5019607843137255, 0.5019607843137255, 0.0, 0.0
vb0[81]+076 TEXCOORD: 0.036651611328125, 0.572265625
vb0[81]+080 TEXCOORD1: 0.6220636367797852, 0.1948295533657074
vb0[81]+088 TEXCOORD2: 0.380859375, 0.943359375

vb0[82]+000 POSITION: 0.0851464569568634, 0.07718293368816376, 1.2501708269119263
vb0[82]+012 NORMAL: 0.8999748229980469, 0.4045940041542053, -0.16232401132583618
vb0[82]+024 TANGENT: 0.1289326697587967, 0.10866133123636246, 0.9856820702552795, -1.0
vb0[82]+040 BLENDWEIGHTS: 1.0, 0.0, 0.0, 0.0
vb0[82]+056 BLENDINDICES: 0, 0, 0, 0
vb0[82]+072 COLOR: 0.5019607843137255, 0.5019607843137255, 0.0, 0.0
vb0[82]+076 TEXCOORD: 0.0117950439453125, 0.67236328125
vb0[82]+080 TEXCOORD1: -0.5820257663726807, -0.11843831092119217
vb0[82]+088 TEXCOORD2: 0.39404296875, 0.91015625

vb0[83]+000 POSITION: 0.08841538429260254, 0.07942891120910645, 1.270735502243042
vb0[83]+012 NORMAL: 0.914270281791687, 0.37591150403022766, -0.15099850296974182
vb0[83]+024 TANGENT: 0.12749984860420227, 0.08678220212459564, 0.9880347847938538, -1.0
vb0[83]+040 BLENDWEIGHTS: 1.0, 0.0, 0.0, 0.0
vb0[83]+056 BLENDINDICES: 0, 0, 0, 0
vb0[83]+072 COLOR: 0.5019607843137255, 0.5019607843137255, 0.0, 0.0
vb0[83]+076 TEXCOORD: 0.036651611328125, 0.67236328125
vb0[83]+080 TEXCOORD1: 0.64152991771698, 0.14438724517822266
vb0[83]+088 TEXCOORD2: 0.389892578125, 0.9248046875

vb0[84]+000 POSITION: 0.0772228091955185, 0.09723137319087982, 1.26627779006958
vb0[84]+012 NORMAL: 0.7721774578094482, 0.6000581383705139, -0.2089788019657135
vb0[84]+024 TANGENT: 0.15409737825393677, 0.14222270250320435, 0.9777661561965942, -1.0
vb0[84]+040 BLENDWEIGHTS: 1.0, 0.0, 0.0, 0.0
vb0[84]+056 BLENDINDICES: 0, 0, 0, 0
vb0[84]+072 COLOR: 0.5019607843137255, 0.5019607843137255, 0.0, 0.0
vb0[84]+076 TEXCOORD: 0.036651611328125, 0.697265625
vb0[84]+080 TEXCOORD1: 0.6656358242034912, 0.12317357212305069
vb0[84]+088 TEXCOORD2: 0.40380859375, 0.921875

vb0[85]+000 POSITION: 0.07410833239555359, 0.09404425323009491, 1.2458600997924805
vb0[85]+012 NORMAL: 0.7516893148422241, 0.6247549653053284, -0.2112918347120285
vb0[85]+024 TANGENT: 0.14085233211517334, 0.1609061062335968, 0.9768673181533813, -1.0
vb0[85]+040 BLENDWEIGHTS: 1.0, 0.0, 0.0, 0.0
vb0[85]+056 BLENDINDICES: 0, 0, 0, 0
vb0[85]+072 COLOR: 0.5019607843137255, 0.5019607843137255, 0.0, 0.0
vb0[85]+076 TEXCOORD: 0.0117950439453125, 0.697265625
vb0[85]+080 TEXCOORD1: -0.5571155548095703, -0.09420209378004074
vb0[85]+088 TEXCOORD2: 0.40771484375, 0.9072265625

vb0[86]+000 POSITION: 0.028334878385066986, -0.09290048480033875, 1.3001052141189575
vb0[86]+012 NORMAL: 0.31805703043937683, -0.9351657629013062, 0.15589982271194458
vb0[86]+024 TANGENT: -0.00965928751975298, 0.16123399138450623, 0.9868689179420471, -1.0
vb0[86]+040 BLENDWEIGHTS: 1.0, 0.0, 0.0, 0.0
vb0[86]+056 BLENDINDICES: 1, 0, 0, 0
vb0[86]+072 COLOR: 0.5019607843137255, 0.5019607843137255, 0.0, 0.0
vb0[86]+076 TEXCOORD: 0.0117950439453125, 0.41552734375
vb0[86]+080 TEXCOORD1: -1.4901161193847656e-08, 6.05359673500061e-09
vb0[86]+088 TEXCOORD2: 0.464599609375, 0.9462890625

vb0[87]+000 POSITION: 0.055642712861299515, -0.07976610958576202, 1.2964141368865967
vb0[87]+012 NORMAL: 0.6025124192237854, -0.7920693159103394, 0.09800500422716141
vb0[87]+024 TANGENT: 0.024081997573375702, 0.14078301191329956, 0.9897475242614746, -1.0
vb0[87]+040 BLENDWEIGHTS: 1.0, 0.0, 0.0, 0.0
vb0[87]+056 BLENDINDICES: 1, 0, 0, 0
vb0[87]+072 COLOR: 0.5019607843137255, 0.5019607843137255, 0.0, 0.0
vb0[87]+076 TEXCOORD: 0.0117950439453125, 0.450927734375
vb0[87]+080 TEXCOORD1: 7.450580596923828e-09, -6.51925802230835e-09
vb0[87]+088 TEXCOORD2: 0.4306640625, 0.943359375

vb0[88]+000 POSITION: 0.055013734847307205, -0.07449502497911453, 1.3230745792388916
vb0[88]+012 NORMAL: 0.6175430417060852, -0.7811011672019958, 0.0923127606511116
vb0[88]+024 TANGENT: 0.020721886307001114, 0.133482426404953, 0.9908344745635986, -1.0
vb0[88]+040 BLENDWEIGHTS: 1.0, 0.0, 0.0, 0.0
vb0[88]+056 BLENDINDICES: 1, 0, 0, 0
vb0[88]+072 COLOR: 0.5019607843137255, 0.5019607843137255, 0.0, 0.0
vb0[88]+076 TEXCOORD: 0.036651611328125, 0.450927734375
vb0[88]+080 TEXCOORD1: 3.725290298461914e-08, -1.4901161193847656e-08
vb0[88]+088 TEXCOORD2: 0.431396484375, 0.96240234375

vb0[89]+000 POSITION: 0.0281953327357769, -0.08875081688165665, 1.3274939060211182
vb0[89]+012 NORMAL: 0.31436726450920105, -0.9463108777999878, 0.07529148459434509
vb0[89]+024 TANGENT: 0.015683649107813835, 0.08447907865047455, 0.9963017702102661, -1.0
vb0[89]+040 BLENDWEIGHTS: 1.0, 0.0, 0.0, 0.0
vb0[89]+056 BLENDINDICES: 1, 0, 0, 0
vb0[89]+072 COLOR: 0.5019607843137255, 0.5019607843137255, 0.0, 0.0
vb0[89]+076 TEXCOORD: 0.036651611328125, 0.41552734375
vb0[89]+080 TEXCOORD1: 0.0, -2.7939677238464355e-09
vb0[89]+088 TEXCOORD2: 0.46484375, 0.9658203125

vb0[90]+000 POSITION: 9.53674295089968e-09, -0.09654175490140915, 1.3012588024139404
vb0[90]+012 NORMAL: 0.0, -0.9836713671684265, 0.17997388541698456
vb0[90]+024 TANGENT: 0.0, 0.17997390031814575, 0.9836713671684265, -1.0
vb0[90]+040 BLENDWEIGHTS: 1.0, 0.0, 0.0, 0.0
vb0[90]+056 BLENDINDICES: 1, 0, 0, 0
vb0[90]+072 COLOR: 0.5019607843137255, 0.5019607843137255, 0.0, 0.0
vb0[90]+076 TEXCOORD: 0.0117950439453125, 0.380126953125
vb0[90]+080 TEXCOORD1: -1.4901161193847656e-08, 8.881784197001252e-16
vb0[90]+088 TEXCOORD2: 0.5, 0.94677734375

vb0[91]+000 POSITION: 9.53674295089968e-09, -0.0931307002902031, 1.3289642333984375
vb0[91]+012 NORMAL: 0.0, -0.9973393082618713, 0.07289832830429077
vb0[91]+024 TANGENT: 0.0, 0.07289834320545197, 0.9973393082618713, -1.0
vb0[91]+040 BLENDWEIGHTS: 1.0, 0.0, 0.0, 0.0
vb0[91]+056 BLENDINDICES: 1, 0, 0, 0
vb0[91]+072 COLOR: 0.5019607843137255, 0.5019607843137255, 0.0, 0.0
vb0[91]+076 TEXCOORD: 0.036651611328125, 0.380126953125
vb0[91]+080 TEXCOORD1: -7.450580596923828e-09, 7.494005416219807e-16
vb0[91]+088 TEXCOORD2: 0.5, 0.966796875

vb0[92]+000 POSITION: 0.0, 0.12297526001930237, 1.2374483346939087
vb0[92]+012 NORMAL: 0.0, 0.06163568049669266, -0.9980987906455994
vb0[92]+024 TANGENT: 0.0, 0.9980987906455994, 0.06163568049669266, -1.0
vb0[92]+040 BLENDWEIGHTS: 1.0, 0.0, 0.0, 0.0
vb0[92]+056 BLENDINDICES: 0, 0, 0, 0
vb0[92]+072 COLOR: 0.5019607843137255, 0.5019607843137255, 0.0, 0.0
vb0[92]+076 TEXCOORD: 0.0088043212890625, 0.3349609375
vb0[92]+080 TEXCOORD1: 0.5843643546104431, 8.108376192694777e-08
vb0[92]+088 TEXCOORD2: 0.5, 0.90087890625

vb0[93]+000 POSITION: 0.0, 0.11872082203626633, 1.2371344566345215
vb0[93]+012 NORMAL: 0.0, 0.06163569167256355, -0.9980987906455994
vb0[93]+024 TANGENT: 0.0, 0.9980987906455994, 0.061635684221982956, -1.0
vb0[93]+040 BLENDWEIGHTS: 1.0, 0.0, 0.0, 0.0
vb0[93]+056 BLENDINDICES: 0, 0, 0, 0
vb0[93]+072 COLOR: 0.5019607843137255, 0.5019607843137255, 0.0, 0.0
vb0[93]+076 TEXCOORD: 0.0028476715087890625, 0.3349609375
vb0[93]+080 TEXCOORD1: -0.7984599471092224, -3.049382257813704e-07
vb0[93]+088 TEXCOORD2: 0.5, 0.90087890625

vb0[94]+000 POSITION: -0.0350259393453598, 0.11785794049501419, 1.260778784751892
vb0[94]+012 NORMAL: 0.2979816794395447, -0.9334572553634644, 0.19966097176074982
vb0[94]+024 TANGENT: -0.9543417692184448, -0.2867310643196106, 0.08376797288656235, -1.0
vb0[94]+040 BLENDWEIGHTS: 1.0, 0.0, 0.0, 0.0
vb0[94]+056 BLENDINDICES: 0, 0, 0, 0
vb0[94]+072 COLOR: 0.5019607843137255, 0.5019607843137255, 0.0, 0.0
vb0[94]+076 TEXCOORD: 0.1795654296875, 0.9833984375
vb0[94]+080 TEXCOORD1: -0.004107676446437836, 0.7564069032669067
vb0[94]+088 TEXCOORD2: 0.54345703125, 0.91796875

vb0[95]+000 POSITION: -0.033764857798814774, 0.11348656564950943, 1.238857388496399
vb0[95]+012 NORMAL: 0.2852289080619812, -0.9371304512023926, 0.20107439160346985
vb0[95]+024 TANGENT: -0.9582157731056213, -0.27408090233802795, 0.08186668902635574, -1.0
vb0[95]+040 BLENDWEIGHTS: 1.0, 0.0, 0.0, 0.0
vb0[95]+056 BLENDINDICES: 0, 0, 0, 0
vb0[95]+072 COLOR: 0.5019607843137255, 0.5019607843137255, 0.0, 0.0
vb0[95]+076 TEXCOORD: 0.1795654296875, 0.974609375
vb0[95]+080 TEXCOORD1: -0.0009861811995506287, -0.7974890470504761
vb0[95]+088 TEXCOORD2: 0.5419921875, 0.90234375

vb0[96]+000 POSITION: -0.08209865540266037, -0.03609950840473175, 1.3101835250854492
vb0[96]+012 NORMAL: 0.9086186289787292, 0.40733078122138977, -0.0921616330742836
vb0[96]+024 TANGENT: 0.41549232602119446, -0.8594053387641907, 0.2979743778705597, -1.0
vb0[96]+040 BLENDWEIGHTS: 0.745774507522583, 0.2542254626750946, 0.0, 0.0
vb0[96]+056 BLENDINDICES: 0, 1, 0, 0
vb0[96]+072 COLOR: 0.5019607843137255, 0.5019607843137255, 0.0, 0.0
vb0[96]+076 TEXCOORD: 0.251708984375, 0.9833984375
vb0[96]+080 TEXCOORD1: -0.013460785150527954, 0.7305386066436768
vb0[96]+088 TEXCOORD2: 0.60205078125, 0.953125

vb0[97]+000 POSITION: -0.07213922590017319, -0.05318119004368782, 1.3164843320846558
vb0[97]+012 NORMAL: 0.8731693029403687, 0.47822850942611694, -0.09419617056846619
vb0[97]+024 TANGENT: 0.4826977252960205, -0.8215855956077576, 0.30331525206565857, -1.0
vb0[97]+040 BLENDWEIGHTS: 1.0, 0.0, 0.0, 0.0
vb0[97]+056 BLENDINDICES: 1, 0, 0, 0
vb0[97]+072 COLOR: 0.5019607843137255, 0.5019607843137255, 0.0, 0.0
vb0[97]+076 TEXCOORD: 0.260498046875, 0.9833984375
vb0[97]+080 TEXCOORD1: -0.4705755114555359, 0.7986886501312256
vb0[97]+088 TEXCOORD2: 0.58984375, 0.9580078125

vb0[98]+000 POSITION: -0.07230661064386368, -0.05789171904325485, 1.2903149127960205
vb0[98]+012 NORMAL: 0.8731693029403687, 0.47822850942611694, -0.09419617056846619
vb0[98]+024 TANGENT: 0.4851246476173401, -0.8339579701423645, 0.26299849152565, -1.0
vb0[98]+040 BLENDWEIGHTS: 1.0, 0.0, 0.0, 0.0
vb0[98]+056 BLENDINDICES: 1, 0, 0, 0
vb0[98]+072 COLOR: 0.5019607843137255, 0.5019607843137255, 0.0, 0.0
vb0[98]+076 TEXCOORD: 0.260498046875, 0.974609375
vb0[98]+080 TEXCOORD1: -0.589913547039032, -0.7485818862915039
vb0[98]+088 TEXCOORD2: 0.58984375, 0.93896484375

vb0[99]+000 POSITION: -0.0828719511628151, -0.039723385125398636, 1.2853198051452637
vb0[99]+012 NORMAL: 0.9164581298828125, 0.38951098918914795, -0.09157279133796692
vb0[99]+024 TANGENT: 0.39946669340133667, -0.8774780035018921, 0.2654406726360321, -1.0
vb0[99]+040 BLENDWEIGHTS: 0.7429296970367432, 0.25707027316093445, 0.0, 0.0
vb0[99]+056 BLENDINDICES: 0, 1, 0, 0
vb0[99]+072 COLOR: 0.5019607843137255, 0.5019607843137255, 0.0, 0.0
vb0[99]+076 TEXCOORD: 0.251708984375, 0.974609375
vb0[99]+080 TEXCOORD1: -0.013232499361038208, -0.7549619674682617
vb0[99]+088 TEXCOORD2: 0.60302734375, 0.935546875

vb0[100]+000 POSITION: -0.03638610616326332, 0.12246338278055191, 1.2591915130615234
vb0[100]+012 NORMAL: -0.01710660196840763, 0.3507119417190552, 0.9363270998001099
vb0[100]+024 TANGENT: 0.2799857556819916, -0.8973180055618286, 0.34121596813201904, -1.0
vb0[100]+040 BLENDWEIGHTS: 1.0, 0.0, 0.0, 0.0
vb0[100]+056 BLENDINDICES: 0, 0, 0, 0
vb0[100]+072 COLOR: 0.5019607843137255, 0.5019607843137255, 0.0, 0.0
vb0[100]+076 TEXCOORD: 0.0028553009033203125, 0.81201171875
vb0[100]+080 TEXCOORD1: -0.6721267700195312, 0.018093176186084747
vb0[100]+088 TEXCOORD2: 0.54541015625, 0.91650390625

vb0[101]+000 POSITION: -0.0350259393453598, 0.11785794049501419, 1.260778784751892
vb0[101]+012 NORMAL: -0.017156245186924934, 0.34951916337013245, 0.9367721080780029
vb0[101]+024 TANGENT: 0.26855114102363586, -0.9008718729019165, 0.3410426676273346, -1.0
vb0[101]+040 BLENDWEIGHTS: 1.0, 0.0, 0.0, 0.0
vb0[101]+056 BLENDINDICES: 0, 0, 0, 0
vb0[101]+072 COLOR: 0.5019607843137255, 0.5019607843137255, 0.0, 0.0
vb0[101]+076 TEXCOORD: 0.00885772705078125, 0.81201171875
vb0[101]+080 TEXCOORD1: 0.7560458183288574, -0.023729369044303894
vb0[101]+088 TEXCOORD2: 0.54345703125, 0.91796875

vb0[102]+000 POSITION: -0.03551313281059265, 0.11714411526918411, 1.2391353845596313
vb0[102]+012 NORMAL: -0.29717111587524414, 0.92201167345047, -0.24816085398197174
vb0[102]+024 TANGENT: -0.03316883742809296, 0.24977684020996094, 0.9677351713180542, -1.0
vb0[102]+040 BLENDWEIGHTS: 1.0, 0.0, 0.0, 0.0
vb0[102]+056 BLENDINDICES: 0, 0, 0, 0
vb0[102]+072 COLOR: 0.5019607843137255, 0.5019607843137255, 0.0, 0.0
vb0[102]+076 TEXCOORD: 0.0117950439453125, 0.84619140625
vb0[102]+080 TEXCOORD1: -0.583024263381958, 0.027846146374940872
vb0[102]+088 TEXCOORD2: 0.54443359375, 0.90234375

vb0[103]+000 POSITION: -0.03638610616326332, 0.12246338278055191, 1.2591915130615234
vb0[103]+012 NORMAL: -0.30594584345817566, 0.9192968606948853, -0.2475687712430954
vb0[103]+024 TANGENT: -0.06067754328250885, 0.24068096280097961, 0.9687058329582214, -1.0
vb0[103]+040 BLENDWEIGHTS: 1.0, 0.0, 0.0, 0.0
vb0[103]+056 BLENDINDICES: 0, 0, 0, 0
vb0[103]+072 COLOR: 0.5019607843137255, 0.5019607843137255, 0.0, 0.0
vb0[103]+076 TEXCOORD: 0.036651611328125, 0.84619140625
vb0[103]+080 TEXCOORD1: 0.6703951954841614, -0.0514974407851696
vb0[103]+088 TEXCOORD2: 0.54541015625, 0.91650390625

vb0[104]+000 POSITION: -0.09483949095010757, 0.0012065696064382792, 1.2730234861373901
vb0[104]+012 NORMAL: -0.16801203787326813, -0.30887696146965027, -0.9361447691917419
vb0[104]+024 TANGENT: -0.9706821441650391, -0.11375676840543747, 0.21174409985542297, -1.0
vb0[104]+040 BLENDWEIGHTS: 1.0, 0.0, 0.0, 0.0
vb0[104]+056 BLENDINDICES: 0, 0, 0, 0
vb0[104]+072 COLOR: 0.5019607843137255, 0.5019607843137255, 0.0, 0.0
vb0[104]+076 TEXCOORD: 0.0028476715087890625, 0.495361328125
vb0[104]+080 TEXCOORD1: -0.7329497933387756, 0.05470395088195801
vb0[104]+088 TEXCOORD2: 0.6181640625, 0.9267578125

vb0[105]+000 POSITION: -0.0898827314376831, -0.021087292581796646, 1.2798707485198975
vb0[105]+012 NORMAL: -0.13775931298732758, -0.3193279504776001, -0.9375777244567871
vb0[105]+024 TANGENT: -0.8951116800308228, -0.3651093542575836, 0.2558716833591461, -1.0
vb0[105]+040 BLENDWEIGHTS: 0.9882177114486694, 0.011782265268266201, 0.0, 0.0
vb0[105]+056 BLENDINDICES: 0, 1, 0, 0
vb0[105]+072 COLOR: 0.5019607843137255, 0.5019607843137255, 0.0, 0.0
vb0[105]+076 TEXCOORD: 0.0028476715087890625, 0.51806640625
vb0[105]+080 TEXCOORD1: -0.7323760986328125, 0.13990741968154907
vb0[105]+088 TEXCOORD2: 0.61181640625, 0.931640625

vb0[106]+000 POSITION: -0.09360387921333313, -0.02261679619550705, 1.2808910608291626
vb0[106]+012 NORMAL: -0.13552293181419373, -0.31986063718795776, -0.9377220273017883
vb0[106]+024 TANGENT: -0.9045507311820984, -0.34622615575790405, 0.24882793426513672, -1.0
vb0[106]+040 BLENDWEIGHTS: 0.9525126218795776, 0.04047277197241783, 0.007014608010649681, 0.0
vb0[106]+056 BLENDINDICES: 0, 3, 1, 0
vb0[106]+072 COLOR: 0.5019607843137255, 0.5019607843137255, 0.0, 0.0
vb0[106]+076 TEXCOORD: 0.0088043212890625, 0.51806640625
vb0[106]+080 TEXCOORD1: 0.6628444194793701, -0.11201432347297668
vb0[106]+088 TEXCOORD2: 0.61669921875, 0.93212890625

vb0[107]+000 POSITION: -0.09858312457799911, 0.0008320331107825041, 1.2738206386566162
vb0[107]+012 NORMAL: -0.16700023412704468, -0.30927932262420654, -0.9361929297447205
vb0[107]+024 TANGENT: -0.9736527800559998, -0.0978085920214653, 0.20599430799484253, -1.0
vb0[107]+040 BLENDWEIGHTS: 1.0, 0.0, 0.0, 0.0
vb0[107]+056 BLENDINDICES: 0, 0, 0, 0
vb0[107]+072 COLOR: 0.5019607843137255, 0.5019607843137255, 0.0, 0.0
vb0[107]+076 TEXCOORD: 0.0088043212890625, 0.495361328125
vb0[107]+080 TEXCOORD1: 0.6786450147628784, -0.03752848505973816
vb0[107]+088 TEXCOORD2: 0.62255859375, 0.92724609375

vb0[108]+000 POSITION: -0.09116994589567184, 0.052225902676582336, 1.256806492805481
vb0[108]+012 NORMAL: -0.19818560779094696, -0.23096798360347748, -0.9525629878044128
vb0[108]+024 TANGENT: -0.9787498116493225, 0.0988292247056961, 0.1796707808971405, -1.0
vb0[108]+040 BLENDWEIGHTS: 1.0, 0.0, 0.0, 0.0
vb0[108]+056 BLENDINDICES: 0, 0, 0, 0
vb0[108]+072 COLOR: 0.5019607843137255, 0.5019607843137255, 0.0, 0.0
vb0[108]+076 TEXCOORD: 0.0028476715087890625, 0.447021484375
vb0[108]+080 TEXCOORD1: -0.7517480254173279, 0.13610821962356567
vb0[108]+088 TEXCOORD2: 0.61328125, 0.9150390625

vb0[109]+000 POSITION: -0.09558825939893723, 0.026437243446707726, 1.2649779319763184
vb0[109]+012 NORMAL: -0.1940261870622635, -0.28105428814888, -0.9398735165596008
vb0[109]+024 TANGENT: -0.9574170708656311, -0.15454429388046265, 0.24386189877986908, -1.0
vb0[109]+040 BLENDWEIGHTS: 1.0, 0.0, 0.0, 0.0
vb0[109]+056 BLENDINDICES: 0, 0, 0, 0
vb0[109]+072 COLOR: 0.5019607843137255, 0.5019607843137255, 0.0, 0.0
vb0[109]+076 TEXCOORD: 0.0028476715087890625, 0.470947265625
vb0[109]+080 TEXCOORD1: -0.7150037884712219, 0.19905886054039001
vb0[109]+088 TEXCOORD2: 0.619140625, 0.9208984375

vb0[110]+000 POSITION: -0.09942224621772766, 0.02579367533326149, 1.266030192375183
vb0[110]+012 NORMAL: -0.1920081377029419, -0.2875056862831116, -0.9383354187011719
vb0[110]+024 TANGENT: -0.95609050989151, -0.16091272234916687, 0.24494493007659912, -1.0
vb0[110]+040 BLENDWEIGHTS: 1.0, 0.0, 0.0, 0.0
vb0[110]+056 BLENDINDICES: 0, 0, 0, 0
vb0[110]+072 COLOR: 0.5019607843137255, 0.5019607843137255, 0.0, 0.0
vb0[110]+076 TEXCOORD: 0.0088043212890625, 0.470947265625
vb0[110]+080 TEXCOORD1: 0.6427805423736572, -0.18114914000034332
vb0[110]+088 TEXCOORD2: 0.6240234375, 0.921875

vb0[111]+000 POSITION: -0.09475868195295334, 0.05251919478178024, 1.2574145793914795
vb0[111]+012 NORMAL: -0.1982480138540268, -0.24018044769763947, -0.9502689242362976
vb0[111]+024 TANGENT: -0.9798389673233032, 0.07306041568517685, 0.18595097959041595, -1.0
vb0[111]+040 BLENDWEIGHTS: 1.0, 0.0, 0.0, 0.0
vb0[111]+056 BLENDINDICES: 0, 0, 0, 0
vb0[111]+072 COLOR: 0.5019607843137255, 0.5019607843137255, 0.0, 0.0
vb0[111]+076 TEXCOORD: 0.0088043212890625, 0.447021484375
vb0[111]+080 TEXCOORD1: 0.6223627924919128, -0.12558963894844055
vb0[111]+088 TEXCOORD2: 0.6181640625, 0.91552734375

vb0[112]+000 POSITION: -0.073969267308712, 0.09532122313976288, 1.2674590349197388
vb0[112]+012 NORMAL: -0.09905320405960083, 0.3352908790111542, 0.9368929862976074
vb0[112]+024 TANGENT: 0.7727985978126526, -0.5672131180763245, 0.2846958637237549, -1.0
vb0[112]+040 BLENDWEIGHTS: 1.0, 0.0, 0.0, 0.0
vb0[112]+056 BLENDINDICES: 0, 0, 0, 0
vb0[112]+072 COLOR: 0.5019607843137255, 0.5019607843137255, 0.0, 0.0
vb0[112]+076 TEXCOORD: 0.00885772705078125, 0.85009765625
vb0[112]+080 TEXCOORD1: 0.7530184984207153, 0.011186450719833374
vb0[112]+088 TEXCOORD2: 0.59228515625, 0.9228515625

vb0[113]+000 POSITION: -0.05874995142221451, 0.10716711729764938, 1.264003872871399
vb0[113]+012 NORMAL: -0.03405940905213356, 0.32793545722961426, 0.944085955619812
vb0[113]+024 TANGENT: 0.6217975616455078, -0.7325925827026367, 0.2769039571285248, -1.0
vb0[113]+040 BLENDWEIGHTS: 1.0, 0.0, 0.0, 0.0
vb0[113]+056 BLENDINDICES: 0, 0, 0, 0
vb0[113]+072 COLOR: 0.5019607843137255, 0.5019607843137255, 0.0, 0.0
vb0[113]+076 TEXCOORD: 0.00885772705078125, 0.83203125
vb0[113]+080 TEXCOORD1: 0.7450528144836426, 0.07990138232707977
vb0[113]+088 TEXCOORD2: 0.5732421875, 0.92041015625

vb0[114]+000 POSITION: -0.0617508701980114, 0.1105581745505333, 1.2627664804458618
vb0[114]+012 NORMAL: -0.03677850589156151, 0.32857221364974976, 0.9437625408172607
vb0[114]+024 TANGENT: 0.6497420072555542, -0.7096735835075378, 0.2723943293094635, -1.0
vb0[114]+040 BLENDWEIGHTS: 1.0, 0.0, 0.0, 0.0
vb0[114]+056 BLENDINDICES: 0, 0, 0, 0
vb0[114]+072 COLOR: 0.5019607843137255, 0.5019607843137255, 0.0, 0.0
vb0[114]+076 TEXCOORD: 0.0028553009033203125, 0.83203125
vb0[114]+080 TEXCOORD1: -0.6774336099624634, -0.08409681916236877
vb0[114]+088 TEXCOORD2: 0.57666015625, 0.91943359375

vb0[115]+000 POSITION: -0.07730001211166382, 0.09778311848640442, 1.26627779006958
vb0[115]+012 NORMAL: -0.10085416585206985, 0.3353949189186096, 0.9366635680198669
vb0[115]+024 TANGENT: 0.7721041440963745, -0.5673559904098511, 0.28629088401794434, -1.0
vb0[115]+040 BLENDWEIGHTS: 1.0, 0.0, 0.0, 0.0
vb0[115]+056 BLENDINDICES: 0, 0, 0, 0
vb0[115]+072 COLOR: 0.5019607843137255, 0.5019607843137255, 0.0, 0.0
vb0[115]+076 TEXCOORD: 0.0028553009033203125, 0.85009765625
vb0[115]+080 TEXCOORD1: -0.6763086318969727, -0.012562811374664307
vb0[115]+088 TEXCOORD2: 0.59619140625, 0.921875

vb0[116]+000 POSITION: -0.09307453036308289, 0.026072243228554726, 1.288230061531067
vb0[116]+012 NORMAL: 0.9947938323020935, -0.04976319149136543, -0.08893196284770966
vb0[116]+024 TANGENT: -0.019723759964108467, -0.9501855969429016, 0.31106019020080566, -1.0
vb0[116]+040 BLENDWEIGHTS: 1.0, 0.0, 0.0, 0.0
vb0[116]+056 BLENDINDICES: 0, 0, 0, 0
vb0[116]+072 COLOR: 0.5019607843137255, 0.5019607843137255, 0.0, 0.0
vb0[116]+076 TEXCOORD: 0.2252197265625, 0.9833984375
vb0[116]+080 TEXCOORD1: -0.0046017467975616455, 0.7711133360862732
vb0[116]+088 TEXCOORD2: 0.61572265625, 0.9375

vb0[117]+000 POSITION: -0.09558825939893723, 0.026437243446707726, 1.2649779319763184
vb0[117]+012 NORMAL: 0.9943327903747559, -0.07601907104253769, -0.07432007044553757
vb0[117]+024 TANGENT: -0.05011403560638428, -0.9516841769218445, 0.3029615879058838, -1.0
vb0[117]+040 BLENDWEIGHTS: 1.0, 0.0, 0.0, 0.0
vb0[117]+056 BLENDINDICES: 0, 0, 0, 0
vb0[117]+072 COLOR: 0.5019607843137255, 0.5019607843137255, 0.0, 0.0
vb0[117]+076 TEXCOORD: 0.2252197265625, 0.974609375
vb0[117]+080 TEXCOORD1: -0.0056307315826416016, -0.7421745657920837
vb0[117]+088 TEXCOORD2: 0.619140625, 0.9208984375

vb0[118]+000 POSITION: -0.09116994589567184, 0.052225902676582336, 1.256806492805481
vb0[118]+012 NORMAL: 0.9734275341033936, -0.22725117206573486, 0.028207551687955856
vb0[118]+024 TANGENT: -0.22583095729351044, -0.9322600364685059, 0.28265121579170227, -1.0
vb0[118]+040 BLENDWEIGHTS: 1.0, 0.0, 0.0, 0.0
vb0[118]+056 BLENDINDICES: 0, 0, 0, 0
vb0[118]+072 COLOR: 0.5019607843137255, 0.5019607843137255, 0.0, 0.0
vb0[118]+076 TEXCOORD: 0.2147216796875, 0.974609375
vb0[118]+080 TEXCOORD1: -0.00710141658782959, -0.76393723487854
vb0[118]+088 TEXCOORD2: 0.61328125, 0.9150390625

vb0[119]+000 POSITION: -0.09157508611679077, 0.05240679532289505, 1.2798389196395874
vb0[119]+012 NORMAL: 0.9804531335830688, -0.19667735695838928, 0.005449248943477869
vb0[119]+024 TANGENT: -0.18978559970855713, -0.938066303730011, 0.2898498773574829, -1.0
vb0[119]+040 BLENDWEIGHTS: 1.0, 0.0, 0.0, 0.0
vb0[119]+056 BLENDINDICES: 0, 0, 0, 0
vb0[119]+072 COLOR: 0.5019607843137255, 0.5019607843137255, 0.0, 0.0
vb0[119]+076 TEXCOORD: 0.2147216796875, 0.9833984375
vb0[119]+080 TEXCOORD1: -0.0012728869915008545, 0.7755436301231384
vb0[119]+088 TEXCOORD2: 0.6142578125, 0.931640625

vb0[120]+000 POSITION: -0.08209865540266037, -0.03609950840473175, 1.3101835250854492
vb0[120]+012 NORMAL: -0.11124860495328903, 0.2964809536933899, 0.9485372304916382
vb0[120]+024 TANGENT: 0.9157026410102844, 0.4014495611190796, -0.018082046881318092, -1.0
vb0[120]+040 BLENDWEIGHTS: 0.745774507522583, 0.2542254626750946, 0.0, 0.0
vb0[120]+056 BLENDINDICES: 0, 1, 0, 0
vb0[120]+072 COLOR: 0.5019607843137255, 0.5019607843137255, 0.0, 0.0
vb0[120]+076 TEXCOORD: 0.00885772705078125, 0.97998046875
vb0[120]+080 TEXCOORD1: 0.7303040027618408, -0.02288736402988434
vb0[120]+088 TEXCOORD2: 0.60205078125, 0.953125

vb0[121]+000 POSITION: -0.08802822232246399, -0.01880200393497944, 1.3038133382797241
vb0[121]+012 NORMAL: -0.09370804578065872, 0.31229695677757263, 0.9453515410423279
vb0[121]+024 TANGENT: 0.9624484181404114, 0.27140405774116516, 0.005744422320276499, -1.0
vb0[121]+040 BLENDWEIGHTS: 0.9881389141082764, 0.011861092410981655, 0.0, 0.0
vb0[121]+056 BLENDINDICES: 0, 1, 0, 0
vb0[121]+072 COLOR: 0.5019607843137255, 0.5019607843137255, 0.0, 0.0
vb0[121]+076 TEXCOORD: 0.00885772705078125, 0.96142578125
vb0[121]+080 TEXCOORD1: 0.7429714202880859, -0.011222675442695618
vb0[121]+088 TEXCOORD2: 0.609375, 0.94873046875

vb0[122]+000 POSITION: -0.09165164828300476, -0.01984112709760666, 1.303804874420166
vb0[122]+012 NORMAL: -0.09403645992279053, 0.31218215823173523, 0.9453567266464233
vb0[122]+024 TANGENT: 0.9587952494621277, 0.28409358859062195, 0.0015579035971313715, -1.0
vb0[122]+040 BLENDWEIGHTS: 0.9881671667098999, 0.011832858435809612, 0.0, 0.0
vb0[122]+056 BLENDINDICES: 0, 1, 0, 0
vb0[122]+072 COLOR: 0.5019607843137255, 0.5019607843137255, 0.0, 0.0
vb0[122]+076 TEXCOORD: 0.0028553009033203125, 0.96142578125
vb0[122]+080 TEXCOORD1: -0.6628255844116211, -0.0004216879606246948
vb0[122]+088 TEXCOORD2: 0.6142578125, 0.94873046875

vb0[123]+000 POSITION: -0.08538217097520828, -0.037584513425827026, 1.3102155923843384
vb0[123]+012 NORMAL: -0.11120867729187012, 0.29666176438331604, 0.9484853148460388
vb0[123]+024 TANGENT: 0.9064603447914124, 0.4215168058872223, -0.02555829845368862, -1.0
vb0[123]+040 BLENDWEIGHTS: 0.7458046674728394, 0.25419530272483826, 0.0, 0.0
vb0[123]+056 BLENDINDICES: 0, 1, 0, 0
vb0[123]+072 COLOR: 0.5019607843137255, 0.5019607843137255, 0.0, 0.0
vb0[123]+076 TEXCOORD: 0.0028553009033203125, 0.97998046875
vb0[123]+080 TEXCOORD1: -0.6767685413360596, 0.021773353219032288
vb0[123]+088 TEXCOORD2: 0.6064453125, 0.953125

vb0[124]+000 POSITION: -0.08802822232246399, -0.01880200393497944, 1.3038133382797241
vb0[124]+012 NORMAL: 0.9630367755889893, 0.25100746750831604, -0.09775150567293167
vb0[124]+024 TANGENT: 0.26916298270225525, -0.9109189510345459, 0.31269481778144836, -1.0
vb0[124]+040 BLENDWEIGHTS: 0.9881389141082764, 0.011861092410981655, 0.0, 0.0
vb0[124]+056 BLENDINDICES: 0, 1, 0, 0
vb0[124]+072 COLOR: 0.5019607843137255, 0.5019607843137255, 0.0, 0.0
vb0[124]+076 TEXCOORD: 0.2435302734375, 0.9833984375
vb0[124]+080 TEXCOORD1: -0.010529562830924988, 0.7429815530776978
vb0[124]+088 TEXCOORD2: 0.609375, 0.94873046875

vb0[125]+000 POSITION: -0.0898827314376831, -0.021087292581796646, 1.2798707485198975
vb0[125]+012 NORMAL: 0.9681699872016907, 0.2290470451116562, -0.10091710835695267
vb0[125]+024 TANGENT: 0.24885457754135132, -0.924063503742218, 0.290134459733963, -1.0
vb0[125]+040 BLENDWEIGHTS: 0.9882177114486694, 0.011782265268266201, 0.0, 0.0
vb0[125]+056 BLENDINDICES: 0, 1, 0, 0
vb0[125]+072 COLOR: 0.5019607843137255, 0.5019607843137255, 0.0, 0.0
vb0[125]+076 TEXCOORD: 0.2435302734375, 0.974609375
vb0[125]+080 TEXCOORD1: -0.00842350721359253, -0.7455723285675049
vb0[125]+088 TEXCOORD2: 0.61181640625, 0.931640625

vb0[126]+000 POSITION: -0.09483949095010757, 0.0012065696064382792, 1.2730234861373901
vb0[126]+012 NORMAL: 0.9911181330680847, 0.06785926222801208, -0.11436715722084045
vb0[126]+024 TANGENT: 0.10004337877035141, -0.9470674991607666, 0.30504825711250305, -1.0
vb0[126]+040 BLENDWEIGHTS: 1.0, 0.0, 0.0, 0.0
vb0[126]+056 BLENDINDICES: 0, 0, 0, 0
vb0[126]+072 COLOR: 0.5019607843137255, 0.5019607843137255, 0.0, 0.0
vb0[126]+076 TEXCOORD: 0.23486328125, 0.974609375
vb0[126]+080 TEXCOORD1: -0.007263511419296265, -0.734952449798584
vb0[126]+088 TEXCOORD2: 0.6181640625, 0.9267578125

vb0[127]+000 POSITION: -0.09184924513101578, 0.0017276954604312778, 1.296542763710022
vb0[127]+012 NORMAL: 0.9885687828063965, 0.09983325749635696, -0.11298228055238724
vb0[127]+024 TANGENT: 0.13095222413539886, -0.9399247169494629, 0.31526654958724976, -1.0
vb0[127]+040 BLENDWEIGHTS: 1.0, 0.0, 0.0, 0.0
vb0[127]+056 BLENDINDICES: 0, 0, 0, 0
vb0[127]+072 COLOR: 0.5019607843137255, 0.5019607843137255, 0.0, 0.0
vb0[127]+076 TEXCOORD: 0.23486328125, 0.9833984375
vb0[127]+080 TEXCOORD1: -0.008113935589790344, 0.7566586136817932
vb0[127]+088 TEXCOORD2: 0.6142578125, 0.943359375

vb0[128]+000 POSITION: -0.07213922590017319, -0.05318119004368782, 1.3164843320846558
vb0[128]+012 NORMAL: -0.11354833096265793, 0.28601333498954773, 0.9514742493629456
vb0[128]+024 TANGENT: 0.7476308345794678, 0.655312716960907, -0.107765331864357, -1.0
vb0[128]+040 BLENDWEIGHTS: 1.0, 0.0, 0.0, 0.0
vb0[128]+056 BLENDINDICES: 1, 0, 0, 0
vb0[128]+072 COLOR: 0.5019607843137255, 0.5019607843137255, 0.0, 0.0
vb0[128]+076 TEXCOORD: 0.00885772705078125, 0.9990234375
vb0[128]+080 TEXCOORD1: 0.5054835677146912, -0.3716939091682434
vb0[128]+088 TEXCOORD2: 0.58984375, 0.9580078125

vb0[129]+000 POSITION: -0.07424985617399216, -0.055138181895017624, 1.3168432712554932
vb0[129]+012 NORMAL: -0.11354833096265793, 0.28601333498954773, 0.9514742493629456
vb0[129]+024 TANGENT: 0.7268399000167847, 0.6768178343772888, -0.11671094596385956, -1.0
vb0[129]+040 BLENDWEIGHTS: 1.0, 0.0, 0.0, 0.0
vb0[129]+056 BLENDINDICES: 1, 0, 0, 0
vb0[129]+072 COLOR: 0.5019607843137255, 0.5019607843137255, 0.0, 0.0
vb0[129]+076 TEXCOORD: 0.0028553009033203125, 0.9990234375
vb0[129]+080 TEXCOORD1: -0.5026230216026306, -0.4655366539955139
vb0[129]+088 TEXCOORD2: 0.59228515625, 0.9580078125

vb0[130]+000 POSITION: -0.09184924513101578, 0.0017276954604312778, 1.296542763710022
vb0[130]+012 NORMAL: -0.07100112736225128, 0.3184562921524048, 0.945274829864502
vb0[130]+024 TANGENT: 0.9854176044464111, 0.169303759932518, 0.016979098320007324, -1.0
vb0[130]+040 BLENDWEIGHTS: 1.0, 0.0, 0.0, 0.0
vb0[130]+056 BLENDINDICES: 0, 0, 0, 0
vb0[130]+072 COLOR: 0.5019607843137255, 0.5019607843137255, 0.0, 0.0
vb0[130]+076 TEXCOORD: 0.00885772705078125, 0.94189453125
vb0[130]+080 TEXCOORD1: 0.7564987540245056, 0.017541930079460144
vb0[130]+088 TEXCOORD2: 0.6142578125, 0.943359375

vb0[131]+000 POSITION: -0.09561219811439514, 0.0010688400361686945, 1.2965054512023926
vb0[131]+012 NORMAL: -0.07145991921424866, 0.31839802861213684, 0.9452598094940186
vb0[131]+024 TANGENT: 0.9836161732673645, 0.1797458380460739, 0.013814629055559635, -1.0
vb0[131]+040 BLENDWEIGHTS: 1.0, 0.0, 0.0, 0.0
vb0[131]+056 BLENDINDICES: 0, 0, 0, 0
vb0[131]+072 COLOR: 0.5019607843137255, 0.5019607843137255, 0.0, 0.0
vb0[131]+076 TEXCOORD: 0.0028553009033203125, 0.94189453125
vb0[131]+080 TEXCOORD1: -0.6515087485313416, -0.021411269903182983
vb0[131]+088 TEXCOORD2: 0.619140625, 0.943359375

vb0[132]+000 POSITION: -0.09307453036308289, 0.026072243228554726, 1.288230061531067
vb0[132]+012 NORMAL: -0.09000077843666077, 0.31710633635520935, 0.9441099166870117
vb0[132]+024 TANGENT: 0.9948561191558838, 0.0728740245103836, 0.07036153227090836, -1.0
vb0[132]+040 BLENDWEIGHTS: 1.0, 0.0, 0.0, 0.0
vb0[132]+056 BLENDINDICES: 0, 0, 0, 0
vb0[132]+072 COLOR: 0.5019607843137255, 0.5019607843137255, 0.0, 0.0
vb0[132]+076 TEXCOORD: 0.00885772705078125, 0.92041015625
vb0[132]+080 TEXCOORD1: 0.769453227519989, 0.0507814884185791
vb0[132]+088 TEXCOORD2: 0.61572265625, 0.9375

vb0[133]+000 POSITION: -0.09157508611679077, 0.05240679532289505, 1.2798389196395874
vb0[133]+012 NORMAL: -0.14785195887088776, 0.3207041323184967, 0.9355686902999878
vb0[133]+024 TANGENT: 0.9696774482727051, -0.1391148716211319, 0.20092956721782684, -1.0
vb0[133]+040 BLENDWEIGHTS: 1.0, 0.0, 0.0, 0.0
vb0[133]+056 BLENDINDICES: 0, 0, 0, 0
vb0[133]+072 COLOR: 0.5019607843137255, 0.5019607843137255, 0.0, 0.0
vb0[133]+076 TEXCOORD: 0.00885772705078125, 0.89599609375
vb0[133]+080 TEXCOORD1: 0.7755348086357117, -0.003909289836883545
vb0[133]+088 TEXCOORD2: 0.6142578125, 0.931640625

vb0[134]+000 POSITION: -0.09568601101636887, 0.05302039161324501, 1.2789095640182495
vb0[134]+012 NORMAL: -0.1501837521791458, 0.32110923528671265, 0.9350581765174866
vb0[134]+024 TANGENT: 0.9644120931625366, -0.16059066355228424, 0.21004708111286163, -1.0
vb0[134]+040 BLENDWEIGHTS: 1.0, 0.0, 0.0, 0.0
vb0[134]+056 BLENDINDICES: 0, 0, 0, 0
vb0[134]+072 COLOR: 0.5019607843137255, 0.5019607843137255, 0.0, 0.0
vb0[134]+076 TEXCOORD: 0.0028553009033203125, 0.89599609375
vb0[134]+080 TEXCOORD1: -0.6396334171295166, 0.022051706910133362
vb0[134]+088 TEXCOORD2: 0.619140625, 0.9306640625

vb0[135]+000 POSITION: -0.09704305231571198, 0.025817736983299255, 1.288055658340454
vb0[135]+012 NORMAL: -0.0884883925318718, 0.3172430396080017, 0.9442068934440613
vb0[135]+024 TANGENT: 0.9952859282493591, 0.06593818217515945, 0.07112088799476624, -1.0
vb0[135]+040 BLENDWEIGHTS: 1.0, 0.0, 0.0, 0.0
vb0[135]+056 BLENDINDICES: 0, 0, 0, 0
vb0[135]+072 COLOR: 0.5019607843137255, 0.5019607843137255, 0.0, 0.0
vb0[135]+076 TEXCOORD: 0.0028553009033203125, 0.92041015625
vb0[135]+080 TEXCOORD1: -0.6386022567749023, -0.03534914553165436
vb0[135]+088 TEXCOORD2: 0.62060546875, 0.9375

vb0[136]+000 POSITION: -0.08437562733888626, 0.07833302021026611, 1.272223949432373
vb0[136]+012 NORMAL: -0.16543112695217133, 0.33201926946640015, 0.9286527037620544
vb0[136]+024 TANGENT: 0.8906248211860657, -0.3541315495967865, 0.28526875376701355, -1.0
vb0[136]+040 BLENDWEIGHTS: 1.0, 0.0, 0.0, 0.0
vb0[136]+056 BLENDINDICES: 0, 0, 0, 0
vb0[136]+072 COLOR: 0.5019607843137255, 0.5019607843137255, 0.0, 0.0
vb0[136]+076 TEXCOORD: 0.00885772705078125, 0.87109375
vb0[136]+080 TEXCOORD1: 0.7663564682006836, -0.023895084857940674
vb0[136]+088 TEXCOORD2: 0.60498046875, 0.92626953125

vb0[137]+000 POSITION: -0.08849257975816727, 0.07998068630695343, 1.270735502243042
vb0[137]+012 NORMAL: -0.1642480045557022, 0.3323861062526703, 0.9287314414978027
vb0[137]+024 TANGENT: 0.8791394829750061, -0.3776760697364807, 0.2906450927257538, -1.0
vb0[137]+040 BLENDWEIGHTS: 1.0, 0.0, 0.0, 0.0
vb0[137]+056 BLENDINDICES: 0, 0, 0, 0
vb0[137]+072 COLOR: 0.5019607843137255, 0.5019607843137255, 0.0, 0.0
vb0[137]+076 TEXCOORD: 0.0028553009033203125, 0.87109375
vb0[137]+080 TEXCOORD1: -0.6571390628814697, 0.03568080812692642
vb0[137]+088 TEXCOORD2: 0.6103515625, 0.9248046875

vb0[138]+000 POSITION: -0.05720983445644379, 0.10369740426540375, 1.2418971061706543
vb0[138]+012 NORMAL: -0.18768711388111115, 0.021571487188339233, -0.9819920063018799
vb0[138]+024 TANGENT: -0.5407232642173767, 0.8323605060577393, 0.12163238972425461, -1.0
vb0[138]+040 BLENDWEIGHTS: 1.0, 0.0, 0.0, 0.0
vb0[138]+056 BLENDINDICES: 0, 0, 0, 0
vb0[138]+072 COLOR: 0.5019607843137255, 0.5019607843137255, 0.0, 0.0
vb0[138]+076 TEXCOORD: 0.0028476715087890625, 0.390869140625
vb0[138]+080 TEXCOORD1: -0.8011079430580139, 0.05485907942056656
vb0[138]+088 TEXCOORD2: 0.5712890625, 0.904296875

vb0[139]+000 POSITION: -0.07192758470773697, 0.09208223968744278, 1.245241403579712
vb0[139]+012 NORMAL: -0.24262474477291107, -0.04552606865763664, -0.9690514206886292
vb0[139]+024 TANGENT: -0.6839919090270996, 0.7163951992988586, 0.13759712874889374, -1.0
vb0[139]+040 BLENDWEIGHTS: 1.0, 0.0, 0.0, 0.0
vb0[139]+056 BLENDINDICES: 0, 0, 0, 0
vb0[139]+072 COLOR: 0.5019607843137255, 0.5019607843137255, 0.0, 0.0
vb0[139]+076 TEXCOORD: 0.0028476715087890625, 0.41015625
vb0[139]+080 TEXCOORD1: -0.808154821395874, -0.026388540863990784
vb0[139]+088 TEXCOORD2: 0.58935546875, 0.90673828125

vb0[140]+000 POSITION: -0.07418554276227951, 0.09459605067968369, 1.2458600997924805
vb0[140]+012 NORMAL: -0.24195465445518494, -0.04088696464896202, -0.9694256782531738
vb0[140]+024 TANGENT: -0.6616809964179993, 0.7377084493637085, 0.13403207063674927, -1.0
vb0[140]+040 BLENDWEIGHTS: 1.0, 0.0, 0.0, 0.0
vb0[140]+056 BLENDINDICES: 0, 0, 0, 0
vb0[140]+072 COLOR: 0.5019607843137255, 0.5019607843137255, 0.0, 0.0
vb0[140]+076 TEXCOORD: 0.0088043212890625, 0.41015625
vb0[140]+080 TEXCOORD1: 0.5649954080581665, 0.03414414823055267
vb0[140]+088 TEXCOORD2: 0.59228515625, 0.9072265625

vb0[141]+000 POSITION: -0.05910128355026245, 0.10662886500358582, 1.2423479557037354
vb0[141]+012 NORMAL: -0.19069474935531616, 0.021003402769565582, -0.9814246892929077
vb0[141]+024 TANGENT: -0.5387994050979614, 0.8334758877754211, 0.12252803146839142, -1.0
vb0[141]+040 BLENDWEIGHTS: 1.0, 0.0, 0.0, 0.0
vb0[141]+056 BLENDINDICES: 0, 0, 0, 0
vb0[141]+072 COLOR: 0.5019607843137255, 0.5019607843137255, 0.0, 0.0
vb0[141]+076 TEXCOORD: 0.0088043212890625, 0.390869140625
vb0[141]+080 TEXCOORD1: 0.5717553496360779, -0.029434211552143097
vb0[141]+088 TEXCOORD2: 0.57373046875, 0.90478515625

vb0[142]+000 POSITION: -0.0828719511628151, -0.039723385125398636, 1.2853198051452637
vb0[142]+012 NORMAL: -0.11268950253725052, -0.31645289063453674, -0.9418909549713135
vb0[142]+024 TANGENT: -0.9380820393562317, -0.27862221002578735, 0.2058442234992981, -1.0
vb0[142]+040 BLENDWEIGHTS: 0.7429296970367432, 0.25707027316093445, 0.0, 0.0
vb0[142]+056 BLENDINDICES: 0, 1, 0, 0
vb0[142]+072 COLOR: 0.5019607843137255, 0.5019607843137255, 0.0, 0.0
vb0[142]+076 TEXCOORD: 0.0028476715087890625, 0.53857421875
vb0[142]+080 TEXCOORD1: -0.7527734041213989, -0.05894981324672699
vb0[142]+088 TEXCOORD2: 0.60302734375, 0.935546875

vb0[143]+000 POSITION: -0.08691821992397308, -0.04087593033909798, 1.2862646579742432
vb0[143]+012 NORMAL: -0.11452407389879227, -0.3172200620174408, -0.9414116144180298
vb0[143]+024 TANGENT: -0.930936872959137, -0.29651015996932983, 0.21316248178482056, -1.0
vb0[143]+040 BLENDWEIGHTS: 0.6993396282196045, 0.3006603419780731, 0.0, 0.0
vb0[143]+056 BLENDINDICES: 0, 1, 0, 0
vb0[143]+072 COLOR: 0.5019607843137255, 0.5019607843137255, 0.0, 0.0
vb0[143]+076 TEXCOORD: 0.0088043212890625, 0.53857421875
vb0[143]+080 TEXCOORD1: 0.6610120534896851, 0.05161625146865845
vb0[143]+088 TEXCOORD2: 0.6083984375, 0.93603515625

vb0[144]+000 POSITION: -0.081743985414505, 0.0761108249425888, 1.2497265338897705
vb0[144]+012 NORMAL: 0.9059905409812927, -0.40600550174713135, 0.11975233256816864
vb0[144]+024 TANGENT: -0.4232904314994812, -0.8706453442573547, 0.2506030797958374, -1.0
vb0[144]+040 BLENDWEIGHTS: 1.0, 0.0, 0.0, 0.0
vb0[144]+056 BLENDINDICES: 0, 0, 0, 0
vb0[144]+072 COLOR: 0.5019607843137255, 0.5019607843137255, 0.0, 0.0
vb0[144]+076 TEXCOORD: 0.204345703125, 0.974609375
vb0[144]+080 TEXCOORD1: -0.012744292616844177, -0.793148934841156
vb0[144]+088 TEXCOORD2: 0.6015625, 0.91015625

vb0[145]+000 POSITION: -0.08437562733888626, 0.07833302021026611, 1.272223949432373
vb0[145]+012 NORMAL: 0.918406069278717, -0.3799787759780884, 0.11021038144826889
vb0[145]+024 TANGENT: -0.3956388831138611, -0.8822651505470276, 0.2551041841506958, -1.0
vb0[145]+040 BLENDWEIGHTS: 1.0, 0.0, 0.0, 0.0
vb0[145]+056 BLENDINDICES: 0, 0, 0, 0
vb0[145]+072 COLOR: 0.5019607843137255, 0.5019607843137255, 0.0, 0.0
vb0[145]+076 TEXCOORD: 0.204345703125, 0.9833984375
vb0[145]+080 TEXCOORD1: 0.007340788841247559, 0.766693651676178
vb0[145]+088 TEXCOORD2: 0.60498046875, 0.92626953125

vb0[146]+000 POSITION: -0.033764857798814774, 0.11348656564950943, 1.238857388496399
vb0[146]+012 NORMAL: -0.09723059087991714, 0.04732646048069, -0.9941359758377075
vb0[146]+024 TANGENT: -0.4148740768432617, 0.9060201048851013, 0.08370804786682129, -1.0
vb0[146]+040 BLENDWEIGHTS: 1.0, 0.0, 0.0, 0.0
vb0[146]+056 BLENDINDICES: 0, 0, 0, 0
vb0[146]+072 COLOR: 0.5019607843137255, 0.5019607843137255, 0.0, 0.0
vb0[146]+076 TEXCOORD: 0.0028476715087890625, 0.36474609375
vb0[146]+080 TEXCOORD1: -0.7877592444419861, 0.1241985484957695
vb0[146]+088 TEXCOORD2: 0.5419921875, 0.90234375

vb0[147]+000 POSITION: -0.03551313281059265, 0.11714411526918411, 1.2391353845596313
vb0[147]+012 NORMAL: -0.1064305305480957, 0.04389936476945877, -0.9933505654335022
vb0[147]+024 TANGENT: -0.43393179774284363, 0.8968196511268616, 0.08612608164548874, -1.0
vb0[147]+040 BLENDWEIGHTS: 1.0, 0.0, 0.0, 0.0
vb0[147]+056 BLENDINDICES: 0, 0, 0, 0
vb0[147]+072 COLOR: 0.5019607843137255, 0.5019607843137255, 0.0, 0.0
vb0[147]+076 TEXCOORD: 0.0088043212890625, 0.36474609375
vb0[147]+080 TEXCOORD1: 0.5754206776618958, -0.09789710491895676
vb0[147]+088 TEXCOORD2: 0.54443359375, 0.90234375

vb0[148]+000 POSITION: -0.05910128355026245, 0.10662886500358582, 1.2423479557037354
vb0[148]+012 NORMAL: -0.5312377214431763, 0.8153188228607178, -0.23030821979045868
vb0[148]+024 TANGENT: -0.10856117308139801, 0.20408986508846283, 0.9729140400886536, -1.0
vb0[148]+040 BLENDWEIGHTS: 1.0, 0.0, 0.0, 0.0
vb0[148]+056 BLENDINDICES: 0, 0, 0, 0
vb0[148]+072 COLOR: 0.5019607843137255, 0.5019607843137255, 0.0, 0.0
vb0[148]+076 TEXCOORD: 0.0117950439453125, 0.87548828125
vb0[148]+080 TEXCOORD1: -0.5670557022094727, 0.07885748147964478
vb0[148]+088 TEXCOORD2: 0.57373046875, 0.90478515625

vb0[149]+000 POSITION: -0.0617508701980114, 0.1105581745505333, 1.2627664804458618
vb0[149]+012 NORMAL: -0.5524803400039673, 0.8015864491462708, -0.2285272479057312
vb0[149]+024 TANGENT: -0.13686367869377136, 0.18320785462856293, 0.9735004901885986, -1.0
vb0[149]+040 BLENDWEIGHTS: 1.0, 0.0, 0.0, 0.0
vb0[149]+056 BLENDINDICES: 0, 0, 0, 0
vb0[149]+072 COLOR: 0.5019607843137255, 0.5019607843137255, 0.0, 0.0
vb0[149]+076 TEXCOORD: 0.036651611328125, 0.87548828125
vb0[149]+080 TEXCOORD1: 0.6732599139213562, -0.11273740231990814
vb0[149]+088 TEXCOORD2: 0.57666015625, 0.91943359375

vb0[150]+000 POSITION: -0.073969267308712, 0.09532122313976288, 1.2674590349197388
vb0[150]+012 NORMAL: 0.7697886824607849, -0.6181204915046692, 0.1592245250940323
vb0[150]+024 TANGENT: -0.6381780505180359, -0.7404592037200928, 0.21082933247089386, -1.0
vb0[150]+040 BLENDWEIGHTS: 1.0, 0.0, 0.0, 0.0
vb0[150]+056 BLENDINDICES: 0, 0, 0, 0
vb0[150]+072 COLOR: 0.5019607843137255, 0.5019607843137255, 0.0, 0.0
vb0[150]+076 TEXCOORD: 0.195556640625, 0.9833984375
vb0[150]+080 TEXCOORD1: 0.009476244449615479, 0.7530419826507568
vb0[150]+088 TEXCOORD2: 0.59228515625, 0.9228515625

vb0[151]+000 POSITION: -0.07192758470773697, 0.09208223968744278, 1.245241403579712
vb0[151]+012 NORMAL: 0.7464773654937744, -0.6456692218780518, 0.16088108718395233
vb0[151]+024 TANGENT: -0.6652037501335144, -0.7180745601654053, 0.20462878048419952, -1.0
vb0[151]+040 BLENDWEIGHTS: 1.0, 0.0, 0.0, 0.0
vb0[151]+056 BLENDINDICES: 0, 0, 0, 0
vb0[151]+072 COLOR: 0.5019607843137255, 0.5019607843137255, 0.0, 0.0
vb0[151]+076 TEXCOORD: 0.195556640625, 0.974609375
vb0[151]+080 TEXCOORD1: -0.00357741117477417, -0.8085775971412659
vb0[151]+088 TEXCOORD2: 0.58935546875, 0.90673828125

vb0[152]+000 POSITION: -0.05720983445644379, 0.10369740426540375, 1.2418971061706543
vb0[152]+012 NORMAL: 0.5170749425888062, -0.8373004198074341, 0.17765569686889648
vb0[152]+024 TANGENT: -0.8552317023277283, -0.49695342779159546, 0.14702391624450684, -1.0
vb0[152]+040 BLENDWEIGHTS: 1.0, 0.0, 0.0, 0.0
vb0[152]+056 BLENDINDICES: 0, 0, 0, 0
vb0[152]+072 COLOR: 0.5019607843137255, 0.5019607843137255, 0.0, 0.0
vb0[152]+076 TEXCOORD: 0.18798828125, 0.974609375
vb0[152]+080 TEXCOORD1: 0.004546672105789185, -0.8029712438583374
vb0[152]+088 TEXCOORD2: 0.5712890625, 0.904296875

vb0[153]+000 POSITION: -0.05874995142221451, 0.10716711729764938, 1.264003872871399
vb0[153]+012 NORMAL: 0.5349493622779846, -0.8263336420059204, 0.17607338726520538
vb0[153]+024 TANGENT: -0.8441660404205322, -0.5141687393188477, 0.15170466899871826, -1.0
vb0[153]+040 BLENDWEIGHTS: 1.0, 0.0, 0.0, 0.0
vb0[153]+056 BLENDINDICES: 0, 0, 0, 0
vb0[153]+072 COLOR: 0.5019607843137255, 0.5019607843137255, 0.0, 0.0
vb0[153]+076 TEXCOORD: 0.18798828125, 0.9833984375
vb0[153]+080 TEXCOORD1: 0.002536877989768982, 0.7493206262588501
vb0[153]+088 TEXCOORD2: 0.5732421875, 0.92041015625

vb0[154]+000 POSITION: -0.081743985414505, 0.0761108249425888, 1.2497265338897705
vb0[154]+012 NORMAL: -0.22519484162330627, -0.149797260761261, -0.9627295136451721
vb0[154]+024 TANGENT: -0.8939976692199707, 0.4246240556240082, 0.14304758608341217, -1.0
vb0[154]+040 BLENDWEIGHTS: 1.0, 0.0, 0.0, 0.0
vb0[154]+056 BLENDINDICES: 0, 0, 0, 0
vb0[154]+072 COLOR: 0.5019607843137255, 0.5019607843137255, 0.0, 0.0
vb0[154]+076 TEXCOORD: 0.0028476715087890625, 0.4267578125
vb0[154]+080 TEXCOORD1: -0.7926026582717896, 0.03206917643547058
vb0[154]+088 TEXCOORD2: 0.6015625, 0.91015625

vb0[155]+000 POSITION: -0.08522365242242813, 0.07773464918136597, 1.2501708269119263
vb0[155]+012 NORMAL: -0.22325098514556885, -0.15367940068244934, -0.9625703692436218
vb0[155]+024 TANGENT: -0.8927233815193176, 0.4287608861923218, 0.138597309589386, -1.0
vb0[155]+040 BLENDWEIGHTS: 1.0, 0.0, 0.0, 0.0
vb0[155]+056 BLENDINDICES: 0, 0, 0, 0
vb0[155]+072 COLOR: 0.5019607843137255, 0.5019607843137255, 0.0, 0.0
vb0[155]+076 TEXCOORD: 0.0088043212890625, 0.4267578125
vb0[155]+080 TEXCOORD1: 0.5928281545639038, -0.026060640811920166
vb0[155]+088 TEXCOORD2: 0.60595703125, 0.91015625

vb0[156]+000 POSITION: -0.07424985617399216, -0.055138181895017624, 1.3168432712554932
vb0[156]+012 NORMAL: -0.774228036403656, -0.6207166314125061, 0.12361974269151688
vb0[156]+024 TANGENT: 0.0, 0.19422294199466705, 0.9809573888778687, -1.0
vb0[156]+040 BLENDWEIGHTS: 1.0, 0.0, 0.0, 0.0
vb0[156]+056 BLENDINDICES: 1, 0, 0, 0
vb0[156]+072 COLOR: 0.5019607843137255, 0.5019607843137255, 0.0, 0.0
vb0[156]+076 TEXCOORD: 0.036651611328125, 0.275390625
vb0[156]+080 TEXCOORD1: 0.6424475908279419, -0.530107855796814
vb0[156]+088 TEXCOORD2: 0.59228515625, 0.9580078125

vb0[157]+000 POSITION: -0.08538217097520828, -0.037584513425827026, 1.3102155923843384
vb0[157]+012 NORMAL: -0.8990419507026672, -0.42267534136772156, 0.11432020366191864
vb0[157]+024 TANGENT: 0.05056282505393028, 0.15912309288978577, 0.9859631657600403, -1.0
vb0[157]+040 BLENDWEIGHTS: 0.7458046674728394, 0.25419530272483826, 0.0, 0.0
vb0[157]+056 BLENDINDICES: 0, 1, 0, 0
vb0[157]+072 COLOR: 0.5019607843137255, 0.5019607843137255, 0.0, 0.0
vb0[157]+076 TEXCOORD: 0.036651611328125, 0.244140625
vb0[157]+080 TEXCOORD1: 0.6636696457862854, -0.13428443670272827
vb0[157]+088 TEXCOORD2: 0.6064453125, 0.953125

vb0[158]+000 POSITION: -0.07437904179096222, -0.06047091260552406, 1.2912523746490479
vb0[158]+012 NORMAL: -0.7765535116195679, -0.6184240579605103, 0.12048409134149551
vb0[158]+024 TANGENT: 0.0112761864438653, 0.17755669355392456, 0.9840459823608398, -1.0
vb0[158]+040 BLENDWEIGHTS: 1.0, 0.0, 0.0, 0.0
vb0[158]+056 BLENDINDICES: 1, 0, 0, 0
vb0[158]+072 COLOR: 0.5019607843137255, 0.5019607843137255, 0.0, 0.0
vb0[158]+076 TEXCOORD: 0.0117950439453125, 0.275390625
vb0[158]+080 TEXCOORD1: -0.6249751448631287, -0.4203118681907654
vb0[158]+088 TEXCOORD2: 0.5927734375, 0.93994140625

vb0[159]+000 POSITION: -0.07230661064386368, -0.05789171904325485, 1.2903149127960205
vb0[159]+012 NORMAL: -0.10074827075004578, -0.31143227219581604, -0.9449124932289124
vb0[159]+024 TANGENT: -0.6411617398262024, -0.7059030532836914, 0.3010193109512329, -1.0
vb0[159]+040 BLENDWEIGHTS: 1.0, 0.0, 0.0, 0.0
vb0[159]+056 BLENDINDICES: 1, 0, 0, 0
vb0[159]+072 COLOR: 0.5019607843137255, 0.5019607843137255, 0.0, 0.0
vb0[159]+076 TEXCOORD: 0.0028476715087890625, 0.55859375
vb0[159]+080 TEXCOORD1: -0.5842578411102295, -0.37970760464668274
vb0[159]+088 TEXCOORD2: 0.58984375, 0.93896484375

vb0[160]+000 POSITION: -0.07437904179096222, -0.06047091260552406, 1.2912523746490479
vb0[160]+012 NORMAL: -0.10074827820062637, -0.3114323019981384, -0.9449124932289124
vb0[160]+024 TANGENT: -0.5993481278419495, -0.7390733957290649, 0.307493656873703, -1.0
vb0[160]+040 BLENDWEIGHTS: 1.0, 0.0, 0.0, 0.0
vb0[160]+056 BLENDINDICES: 1, 0, 0, 0
vb0[160]+072 COLOR: 0.5019607843137255, 0.5019607843137255, 0.0, 0.0
vb0[160]+076 TEXCOORD: 0.0088043212890625, 0.55859375
vb0[160]+080 TEXCOORD1: 0.4323117733001709, -0.570723831653595
vb0[160]+088 TEXCOORD2: 0.5927734375, 0.93994140625

vb0[161]+000 POSITION: -0.09942224621772766, 0.02579367533326149, 1.266030192375183
vb0[161]+012 NORMAL: -0.9953098893165588, 0.0695761889219284, 0.06721246987581253
vb0[161]+024 TANGENT: 0.06783770769834518, 0.006660366430878639, 0.9976741671562195, -1.0
vb0[161]+040 BLENDWEIGHTS: 1.0, 0.0, 0.0, 0.0
vb0[161]+056 BLENDINDICES: 0, 0, 0, 0
vb0[161]+072 COLOR: 0.5019607843137255, 0.5019607843137255, 0.0, 0.0
vb0[161]+076 TEXCOORD: 0.0117950439453125, 0.15478515625
vb0[161]+080 TEXCOORD1: -0.6388974189758301, 0.1944016069173813
vb0[161]+088 TEXCOORD2: 0.6240234375, 0.921875

vb0[162]+000 POSITION: -0.09704305231571198, 0.025817736983299255, 1.288055658340454
vb0[162]+012 NORMAL: -0.9954414367675781, 0.04437469318509102, 0.0844227746129036
vb0[162]+024 TANGENT: 0.0847209170460701, 0.004878428298979998, 0.9963927865028381, -1.0
vb0[162]+040 BLENDWEIGHTS: 1.0, 0.0, 0.0, 0.0
vb0[162]+056 BLENDINDICES: 0, 0, 0, 0
vb0[162]+072 COLOR: 0.5019607843137255, 0.5019607843137255, 0.0, 0.0
vb0[162]+076 TEXCOORD: 0.036651611328125, 0.15478515625
vb0[162]+080 TEXCOORD1: 0.6080536842346191, -0.1983257383108139
vb0[162]+088 TEXCOORD2: 0.62060546875, 0.9375

vb0[163]+000 POSITION: -0.09568601101636887, 0.05302039161324501, 1.2789095640182495
vb0[163]+012 NORMAL: -0.9824838042259216, 0.1842687875032425, -0.02776079997420311
vb0[163]+024 TANGENT: -0.024068456143140793, 0.022244781255722046, 0.9994627833366394, -1.0
vb0[163]+040 BLENDWEIGHTS: 1.0, 0.0, 0.0, 0.0
vb0[163]+056 BLENDINDICES: 0, 0, 0, 0
vb0[163]+072 COLOR: 0.5019607843137255, 0.5019607843137255, 0.0, 0.0
vb0[163]+076 TEXCOORD: 0.036651611328125, 0.12213134765625
vb0[163]+080 TEXCOORD1: 0.6151472330093384, -0.17666687071323395
vb0[163]+088 TEXCOORD2: 0.619140625, 0.9306640625

vb0[164]+000 POSITION: -0.09475868195295334, 0.05251919478178024, 1.2574145793914795
vb0[164]+012 NORMAL: -0.9758829474449158, 0.21155953407287598, -0.05380496382713318
vb0[164]+024 TANGENT: -0.049690667539834976, 0.02471998520195484, 0.9984586238861084, -1.0
vb0[164]+040 BLENDWEIGHTS: 1.0, 0.0, 0.0, 0.0
vb0[164]+056 BLENDINDICES: 0, 0, 0, 0
vb0[164]+072 COLOR: 0.5019607843137255, 0.5019607843137255, 0.0, 0.0
vb0[164]+076 TEXCOORD: 0.0117950439453125, 0.12213134765625
vb0[164]+080 TEXCOORD1: -0.611510157585144, 0.17077337205410004
vb0[164]+088 TEXCOORD2: 0.6181640625, 0.91552734375

vb0[165]+000 POSITION: -0.09165164828300476, -0.01984112709760666, 1.303804874420166
vb0[165]+012 NORMAL: -0.9632905721664429, -0.2435472309589386, 0.11294233798980713
vb0[165]+024 TANGENT: 0.083873450756073, 0.12661860883235931, 0.9883991479873657, -1.0
vb0[165]+040 BLENDWEIGHTS: 0.9881671667098999, 0.011832858435809612, 0.0, 0.0
vb0[165]+056 BLENDINDICES: 0, 1, 0, 0
vb0[165]+072 COLOR: 0.5019607843137255, 0.5019607843137255, 0.0, 0.0
vb0[165]+076 TEXCOORD: 0.036651611328125, 0.215576171875
vb0[165]+080 TEXCOORD1: 0.645075261592865, -0.15236744284629822
vb0[165]+088 TEXCOORD2: 0.6142578125, 0.94873046875

vb0[166]+000 POSITION: -0.09360387921333313, -0.02261679619550705, 1.2808910608291626
vb0[166]+012 NORMAL: -0.9678524136543274, -0.2242930382490158, 0.11381685733795166
vb0[166]+024 TANGENT: 0.09593713283538818, 0.08909815549850464, 0.9913917779922485, -1.0
vb0[166]+040 BLENDWEIGHTS: 0.9525126218795776, 0.04047277197241783, 0.007014608010649681, 0.0
vb0[166]+056 BLENDINDICES: 0, 3, 1, 0
vb0[166]+072 COLOR: 0.5019607843137255, 0.5019607843137255, 0.0, 0.0
vb0[166]+076 TEXCOORD: 0.0117950439453125, 0.215576171875
vb0[166]+080 TEXCOORD1: -0.6558894515037537, 0.1473737210035324
vb0[166]+088 TEXCOORD2: 0.61669921875, 0.93212890625

vb0[167]+000 POSITION: -0.08691821992397308, -0.04087593033909798, 1.2862646579742432
vb0[167]+012 NORMAL: -0.9083520770072937, -0.4013790488243103, 0.1174362376332283
vb0[167]+024 TANGENT: 0.06992698460817337, 0.13108456134796143, 0.9889019727706909, -1.0
vb0[167]+040 BLENDWEIGHTS: 0.6993396282196045, 0.3006603419780731, 0.0, 0.0
vb0[167]+056 BLENDINDICES: 0, 1, 0, 0
vb0[167]+072 COLOR: 0.5019607843137255, 0.5019607843137255, 0.0, 0.0
vb0[167]+076 TEXCOORD: 0.0117950439453125, 0.244140625
vb0[167]+080 TEXCOORD1: -0.6549274325370789, 0.1033012866973877
vb0[167]+088 TEXCOORD2: 0.6083984375, 0.93603515625

vb0[168]+000 POSITION: -0.09858312457799911, 0.0008320331107825041, 1.2738206386566162
vb0[168]+012 NORMAL: -0.9906026124954224, -0.06882397085428238, 0.11819307506084442
vb0[168]+024 TANGENT: 0.11795729398727417, 0.007494147401303053, 0.9929903745651245, -1.0
vb0[168]+040 BLENDWEIGHTS: 1.0, 0.0, 0.0, 0.0
vb0[168]+056 BLENDINDICES: 0, 0, 0, 0
vb0[168]+072 COLOR: 0.5019607843137255, 0.5019607843137255, 0.0, 0.0
vb0[168]+076 TEXCOORD: 0.0117950439453125, 0.187744140625
vb0[168]+080 TEXCOORD1: -0.648696780204773, 0.2028791457414627
vb0[168]+088 TEXCOORD2: 0.62255859375, 0.92724609375

vb0[169]+000 POSITION: -0.09561219811439514, 0.0010688400361686945, 1.2965054512023926
vb0[169]+012 NORMAL: -0.9880443215370178, -0.09957728534936905, 0.11769813299179077
vb0[169]+024 TANGENT: 0.11401134729385376, 0.041958194226026535, 0.992592990398407, -1.0
vb0[169]+040 BLENDWEIGHTS: 1.0, 0.0, 0.0, 0.0
vb0[169]+056 BLENDINDICES: 0, 0, 0, 0
vb0[169]+072 COLOR: 0.5019607843137255, 0.5019607843137255, 0.0, 0.0
vb0[169]+076 TEXCOORD: 0.036651611328125, 0.187744140625
vb0[169]+080 TEXCOORD1: 0.6220638751983643, -0.1948297768831253
vb0[169]+088 TEXCOORD2: 0.619140625, 0.943359375

vb0[170]+000 POSITION: -0.09475868195295334, 0.05251919478178024, 1.2574145793914795
vb0[170]+012 NORMAL: -0.9758829474449158, 0.21155953407287598, -0.05380496382713318
vb0[170]+024 TANGENT: -0.0448141023516655, 0.0470690093934536, 0.9978858828544617, -1.0
vb0[170]+040 BLENDWEIGHTS: 1.0, 0.0, 0.0, 0.0
vb0[170]+056 BLENDINDICES: 0, 0, 0, 0
vb0[170]+072 COLOR: 0.5019607843137255, 0.5019607843137255, 0.0, 0.0
vb0[170]+076 TEXCOORD: 0.0117950439453125, 0.96630859375
vb0[170]+080 TEXCOORD1: -0.6152574419975281, 0.15673698484897614
vb0[170]+088 TEXCOORD2: 0.6181640625, 0.91552734375

vb0[171]+000 POSITION: -0.09568601101636887, 0.05302039161324501, 1.2789095640182495
vb0[171]+012 NORMAL: -0.9824838042259216, 0.1842687875032425, -0.02776079997420311
vb0[171]+024 TANGENT: -0.024526285007596016, 0.019809754565358162, 0.9995028972625732, -1.0
vb0[171]+040 BLENDWEIGHTS: 1.0, 0.0, 0.0, 0.0
vb0[171]+056 BLENDINDICES: 0, 0, 0, 0
vb0[171]+072 COLOR: 0.5019607843137255, 0.5019607843137255, 0.0, 0.0
vb0[171]+076 TEXCOORD: 0.036651611328125, 0.96630859375
vb0[171]+080 TEXCOORD1: 0.6147075295448303, -0.1781906634569168
vb0[171]+088 TEXCOORD2: 0.619140625, 0.9306640625

vb0[172]+000 POSITION: -0.08849257975816727, 0.07998068630695343, 1.270735502243042
vb0[172]+012 NORMAL: -0.9159659743309021, 0.37176552414894104, -0.15098567306995392
vb0[172]+024 TANGENT: -0.12756964564323425, 0.08695267140865326, 0.9880107045173645, -1.0
vb0[172]+040 BLENDWEIGHTS: 1.0, 0.0, 0.0, 0.0
vb0[172]+056 BLENDINDICES: 0, 0, 0, 0
vb0[172]+072 COLOR: 0.5019607843137255, 0.5019607843137255, 0.0, 0.0
vb0[172]+076 TEXCOORD: 0.036651611328125, 0.9306640625
vb0[172]+080 TEXCOORD1: 0.6424626111984253, -0.14264175295829773
vb0[172]+088 TEXCOORD2: 0.6103515625, 0.9248046875

vb0[173]+000 POSITION: -0.08522365242242813, 0.07773464918136597, 1.2501708269119263
vb0[173]+012 NORMAL: -0.9015703201293945, 0.40108275413513184, -0.16218340396881104
vb0[173]+024 TANGENT: -0.1289297342300415, 0.10875657200813293, 0.985671877861023, -1.0
vb0[173]+040 BLENDWEIGHTS: 1.0, 0.0, 0.0, 0.0
vb0[173]+056 BLENDINDICES: 0, 0, 0, 0
vb0[173]+072 COLOR: 0.5019607843137255, 0.5019607843137255, 0.0, 0.0
vb0[173]+076 TEXCOORD: 0.0117950439453125, 0.9306640625
vb0[173]+080 TEXCOORD1: -0.5818735957145691, 0.11639374494552612
vb0[173]+088 TEXCOORD2: 0.60595703125, 0.91015625

vb0[174]+000 POSITION: -0.07418554276227951, 0.09459605067968369, 1.2458600997924805
vb0[174]+012 NORMAL: -0.7432577610015869, 0.6345876455307007, -0.21181674301624298
vb0[174]+024 TANGENT: -0.14086465537548065, 0.16106843948364258, 0.9768387675285339, -1.0
vb0[174]+040 BLENDWEIGHTS: 1.0, 0.0, 0.0, 0.0
vb0[174]+056 BLENDINDICES: 0, 0, 0, 0
vb0[174]+072 COLOR: 0.5019607843137255, 0.5019607843137255, 0.0, 0.0
vb0[174]+076 TEXCOORD: 0.0117950439453125, 0.900390625
vb0[174]+080 TEXCOORD1: -0.5576719641685486, 0.0968891978263855
vb0[174]+088 TEXCOORD2: 0.59228515625, 0.9072265625

vb0[175]+000 POSITION: -0.07730001211166382, 0.09778311848640442, 1.26627779006958
vb0[175]+012 NORMAL: -0.7661352157592773, 0.6076017618179321, -0.2094208300113678
vb0[175]+024 TANGENT: -0.1543203443288803, 0.14239861071109772, 0.9777054190635681, -1.0
vb0[175]+040 BLENDWEIGHTS: 1.0, 0.0, 0.0, 0.0
vb0[175]+056 BLENDINDICES: 0, 0, 0, 0
vb0[175]+072 COLOR: 0.5019607843137255, 0.5019607843137255, 0.0, 0.0
vb0[175]+076 TEXCOORD: 0.036651611328125, 0.900390625
vb0[175]+080 TEXCOORD1: 0.6646909713745117, -0.1254478543996811
vb0[175]+088 TEXCOORD2: 0.59619140625, 0.921875

vb0[176]+000 POSITION: -0.02833486534655094, -0.09290048480033875, 1.3001052141189575
vb0[176]+012 NORMAL: -0.31805717945098877, -0.9351656436920166, 0.15589986741542816
vb0[176]+024 TANGENT: 0.009659290313720703, 0.1612340360879898, 0.9868689179420471, -1.0
vb0[176]+040 BLENDWEIGHTS: 1.0, 0.0, 0.0, 0.0
vb0[176]+056 BLENDINDICES: 1, 0, 0, 0
vb0[176]+072 COLOR: 0.5019607843137255, 0.5019607843137255, 0.0, 0.0
vb0[176]+076 TEXCOORD: 0.0117950439453125, 0.346923828125
vb0[176]+080 TEXCOORD1: 0.0, 9.313225746154785e-10
vb0[176]+088 TEXCOORD2: 0.53515625, 0.9462890625

vb0[177]+000 POSITION: -0.02819531410932541, -0.08875081688165665, 1.3274939060211182
vb0[177]+012 NORMAL: -0.3143673837184906, -0.9463108777999878, 0.07529144734144211
vb0[177]+024 TANGENT: -0.015683531761169434, 0.08447899669408798, 0.9963017702102661, -1.0
vb0[177]+040 BLENDWEIGHTS: 1.0, 0.0, 0.0, 0.0
vb0[177]+056 BLENDINDICES: 1, 0, 0, 0
vb0[177]+072 COLOR: 0.5019607843137255, 0.5019607843137255, 0.0, 0.0
vb0[177]+076 TEXCOORD: 0.036651611328125, 0.346923828125
vb0[177]+080 TEXCOORD1: -7.450580596923828e-09, 2.1187588572502136e-08
vb0[177]+088 TEXCOORD2: 0.53515625, 0.9658203125

vb0[178]+000 POSITION: -0.05501370131969452, -0.07449502497911453, 1.3230745792388916
vb0[178]+012 NORMAL: -0.6175429821014404, -0.7811011672019958, 0.09231273084878922
vb0[178]+024 TANGENT: -0.020722227171063423, 0.1334826946258545, 0.9908344745635986, -1.0
vb0[178]+040 BLENDWEIGHTS: 1.0, 0.0, 0.0, 0.0
vb0[178]+056 BLENDINDICES: 1, 0, 0, 0
vb0[178]+072 COLOR: 0.5019607843137255, 0.5019607843137255, 0.0, 0.0
vb0[178]+076 TEXCOORD: 0.036651611328125, 0.311767578125
vb0[178]+080 TEXCOORD1: 7.450580596923828e-09, 2.1420419216156006e-08
vb0[178]+088 TEXCOORD2: 0.568359375, 0.96240234375

vb0[179]+000 POSITION: -0.055642660707235336, -0.07976610958576202, 1.2964141368865967
vb0[179]+012 NORMAL: -0.6025121808052063, -0.7920695543289185, 0.09800518304109573
vb0[179]+024 TANGENT: -0.024082237854599953, 0.14078335464000702, 0.9897475242614746, -1.0
vb0[179]+040 BLENDWEIGHTS: 1.0, 0.0, 0.0, 0.0
vb0[179]+056 BLENDINDICES: 1, 0, 0, 0
vb0[179]+072 COLOR: 0.5019607843137255, 0.5019607843137255, 0.0, 0.0
vb0[179]+076 TEXCOORD: 0.0117950439453125, 0.311767578125
vb0[179]+080 TEXCOORD1: 2.2351741790771484e-08, 0.0
vb0[179]+088 TEXCOORD2: 0.5693359375, 0.943359375

vb0[180]+000 POSITION: -0.10052123665809631, 0.06807147711515427, 1.3442211151123047
vb0[180]+012 NORMAL: 0.010882338508963585, 0.10126405954360962, 0.9948000907897949
vb0[180]+024 TANGENT: -0.9052258729934692, 0.42363008856773376, -0.03322027623653412, -1.0
vb0[180]+040 BLENDWEIGHTS: 1.0, 0.0, 0.0, 0.0
vb0[180]+056 BLENDINDICES: 0, 0, 0, 0
vb0[180]+072 COLOR: 0.5019607843137255, 0.5019607843137255, 0.0, 0.0
vb0[180]+076 TEXCOORD: 0.45068359375, 0.40234375
vb0[180]+080 TEXCOORD1: 0.0, 0.0
vb0[180]+088 TEXCOORD2: 0.625, 0.9775390625

vb0[181]+000 POSITION: -0.08800414949655533, 0.06792079657316208, 1.3414160013198853
vb0[181]+012 NORMAL: 0.46585384011268616, -0.019786320626735687, 0.8846403956413269
vb0[181]+024 TANGENT: -0.36761975288391113, 0.9050588011741638, 0.21383249759674072, -1.0
vb0[181]+040 BLENDWEIGHTS: 1.0, 0.0, 0.0, 0.0
vb0[181]+056 BLENDINDICES: 0, 0, 0, 0
vb0[181]+072 COLOR: 0.5019607843137255, 0.5019607843137255, 0.0, 0.0
vb0[181]+076 TEXCOORD: 0.4462890625, 0.40673828125
vb0[181]+080 TEXCOORD1: 2.9802322387695312e-08, 2.9802322387695312e-08
vb0[181]+088 TEXCOORD2: 0.609375, 0.9755859375

vb0[182]+000 POSITION: -0.09667053073644638, 0.07565795630216599, 1.3291186094284058
vb0[182]+012 NORMAL: -0.19591476023197174, 0.48263540863990784, 0.8536278605461121
vb0[182]+024 TANGENT: -0.84881991147995, 0.3524339199066162, -0.3940749764442444, -1.0
vb0[182]+040 BLENDWEIGHTS: 1.0, 0.0, 0.0, 0.0
vb0[182]+056 BLENDINDICES: 0, 0, 0, 0
vb0[182]+072 COLOR: 0.5019607843137255, 0.5019607843137255, 0.0, 0.0
vb0[182]+076 TEXCOORD: 0.45458984375, 0.40673828125
vb0[182]+080 TEXCOORD1: 2.9802322387695312e-08, 0.0
vb0[182]+088 TEXCOORD2: 0.62060546875, 0.966796875

vb0[183]+000 POSITION: -0.09959347546100616, 0.06038603186607361, 1.337262511253357
vb0[183]+012 NORMAL: 0.10188846290111542, -0.26377689838409424, 0.959187388420105
vb0[183]+024 TANGENT: -0.7205249071121216, 0.6452431082725525, 0.2539789378643036, -1.0
vb0[183]+040 BLENDWEIGHTS: 1.0, 0.0, 0.0, 0.0
vb0[183]+056 BLENDINDICES: 0, 0, 0, 0
vb0[183]+072 COLOR: 0.5019607843137255, 0.5019607843137255, 0.0, 0.0
vb0[183]+076 TEXCOORD: 0.44775390625, 0.401611328125
vb0[183]+080 TEXCOORD1: 1.4901161193847656e-08, -7.450580596923828e-09
vb0[183]+088 TEXCOORD2: 0.6240234375, 0.97265625

vb0[184]+000 POSITION: -0.08994661271572113, 0.05766104534268379, 1.3314461708068848
vb0[184]+012 NORMAL: 0.6869447827339172, -0.27849164605140686, 0.6712296009063721
vb0[184]+024 TANGENT: -0.2702498733997345, 0.7595126032829285, 0.5916972160339355, -1.0
vb0[184]+040 BLENDWEIGHTS: 1.0, 0.0, 0.0, 0.0
vb0[184]+056 BLENDINDICES: 0, 0, 0, 0
vb0[184]+072 COLOR: 0.5019607843137255, 0.5019607843137255, 0.0, 0.0
vb0[184]+076 TEXCOORD: 0.43994140625, 0.405517578125
vb0[184]+080 TEXCOORD1: 2.9802322387695312e-08, 2.9802322387695312e-08
vb0[184]+088 TEXCOORD2: 0.61181640625, 0.96875

vb0[185]+000 POSITION: -0.08511429280042648, 0.056890103965997696, 1.3230538368225098
vb0[185]+012 NORMAL: 0.9398778080940247, -0.24119187891483307, 0.24177701771259308
vb0[185]+024 TANGENT: -0.12685871124267578, 0.41073358058929443, 0.9028869271278381, -1.0
vb0[185]+040 BLENDWEIGHTS: 1.0, 0.0, 0.0, 0.0
vb0[185]+056 BLENDINDICES: 0, 0, 0, 0
vb0[185]+072 COLOR: 0.5019607843137255, 0.5019607843137255, 0.0, 0.0
vb0[185]+076 TEXCOORD: 0.433837890625, 0.408935546875
vb0[185]+080 TEXCOORD1: 2.9802322387695312e-08, -2.9802322387695312e-08
vb0[185]+088 TEXCOORD2: 0.60595703125, 0.96240234375

vb0[186]+000 POSITION: -0.07923828065395355, 0.07013855129480362, 1.3215038776397705
vb0[186]+012 NORMAL: 0.9872347712516785, -0.04219825565814972, 0.1535801738500595
vb0[186]+024 TANGENT: -0.07226549834012985, 0.740618884563446, 0.668027937412262, -1.0
vb0[186]+040 BLENDWEIGHTS: 1.0, 0.0, 0.0, 0.0
vb0[186]+056 BLENDINDICES: 0, 0, 0, 0
vb0[186]+072 COLOR: 0.5019607843137255, 0.5019607843137255, 0.0, 0.0
vb0[186]+076 TEXCOORD: 0.437744140625, 0.417236328125
vb0[186]+080 TEXCOORD1: 2.2351741790771484e-08, 0.0
vb0[186]+088 TEXCOORD2: 0.5986328125, 0.96142578125

vb0[187]+000 POSITION: -0.08477599918842316, 0.07870651036500931, 1.3361352682113647
vb0[187]+012 NORMAL: 0.4579628109931946, 0.360930472612381, 0.8124033212661743
vb0[187]+024 TANGENT: -0.4844505488872528, 0.8675742745399475, -0.11235015839338303, -1.0
vb0[187]+040 BLENDWEIGHTS: 1.0, 0.0, 0.0, 0.0
vb0[187]+056 BLENDINDICES: 0, 0, 0, 0
vb0[187]+072 COLOR: 0.5019607843137255, 0.5019607843137255, 0.0, 0.0
vb0[187]+076 TEXCOORD: 0.44775390625, 0.412109375
vb0[187]+080 TEXCOORD1: -1.4901161193847656e-08, 0.0
vb0[187]+088 TEXCOORD2: 0.60546875, 0.97216796875

vb0[188]+000 POSITION: -0.08541503548622131, 0.05177368223667145, 1.311737298965454
vb0[188]+012 NORMAL: 0.9494857788085938, -0.1845804899930954, -0.2537848651409149
vb0[188]+024 TANGENT: 0.2633804380893707, 0.029054230079054832, 0.9642543792724609, -1.0
vb0[188]+040 BLENDWEIGHTS: 1.0, 0.0, 0.0, 0.0
vb0[188]+056 BLENDINDICES: 0, 0, 0, 0
vb0[188]+072 COLOR: 0.5019607843137255, 0.5019607843137255, 0.0, 0.0
vb0[188]+076 TEXCOORD: 0.4267578125, 0.4072265625
vb0[188]+080 TEXCOORD1: -2.9802322387695312e-08, -1.862645149230957e-09
vb0[188]+088 TEXCOORD2: 0.6064453125, 0.95458984375

vb0[189]+000 POSITION: -0.08004150539636612, 0.07014282047748566, 1.3057433366775513
vb0[189]+012 NORMAL: 0.9373154044151306, -0.3014605641365051, -0.17481820285320282
vb0[189]+024 TANGENT: 0.34129804372787476, 0.6927869915962219, 0.6352651715278625, -1.0
vb0[189]+040 BLENDWEIGHTS: 1.0, 0.0, 0.0, 0.0
vb0[189]+056 BLENDINDICES: 0, 0, 0, 0
vb0[189]+072 COLOR: 0.5019607843137255, 0.5019607843137255, 0.0, 0.0
vb0[189]+076 TEXCOORD: 0.4326171875, 0.42431640625
vb0[189]+080 TEXCOORD1: 7.450580596923828e-09, 0.0
vb0[189]+088 TEXCOORD2: 0.599609375, 0.9501953125

vb0[190]+000 POSITION: -0.09143372625112534, 0.06153464689850807, 1.3020610809326172
vb0[190]+012 NORMAL: 0.44366976618766785, -0.35316503047943115, -0.8236696124076843
vb0[190]+024 TANGENT: 0.8853411078453064, 0.03014514222741127, 0.4639638066291809, -1.0
vb0[190]+040 BLENDWEIGHTS: 1.0, 0.0, 0.0, 0.0
vb0[190]+056 BLENDINDICES: 0, 0, 0, 0
vb0[190]+072 COLOR: 0.5019607843137255, 0.5019607843137255, 0.0, 0.0
vb0[190]+076 TEXCOORD: 0.421142578125, 0.41748046875
vb0[190]+080 TEXCOORD1: -2.9802322387695312e-08, 2.9802322387695312e-08
vb0[190]+088 TEXCOORD2: 0.61376953125, 0.947265625

vb0[191]+000 POSITION: -0.11206100881099701, 0.0672091618180275, 1.3023310899734497
vb0[191]+012 NORMAL: -0.6261678338050842, -0.10347412526607513, -0.7727916240692139
vb0[191]+024 TANGENT: 0.7782016396522522, -0.14411969482898712, -0.6112542748451233, -1.0
vb0[191]+040 BLENDWEIGHTS: 1.0, 0.0, 0.0, 0.0
vb0[191]+056 BLENDINDICES: 0, 0, 0, 0
vb0[191]+072 COLOR: 0.5019607843137255, 0.5019607843137255, 0.0, 0.0
vb0[191]+076 TEXCOORD: 0.488037109375, 0.393798828125
vb0[191]+080 TEXCOORD1: 2.9802322387695312e-08, 0.0
vb0[191]+088 TEXCOORD2: 0.6396484375, 0.94775390625

vb0[192]+000 POSITION: -0.12367431074380875, 0.06479553133249283, 1.3123693466186523
vb0[192]+012 NORMAL: -0.8449737429618835, 0.010238060727715492, -0.5347098112106323
vb0[192]+024 TANGENT: 0.5085329413414001, 0.3249134421348572, -0.797386646270752, -1.0
vb0[192]+040 BLENDWEIGHTS: 1.0, 0.0, 0.0, 0.0
vb0[192]+056 BLENDINDICES: 0, 0, 0, 0
vb0[192]+072 COLOR: 0.5019607843137255, 0.5019607843137255, 0.0, 0.0
vb0[192]+076 TEXCOORD: 0.47705078125, 0.391357421875
vb0[192]+080 TEXCOORD1: -2.9802322387695312e-08, -1.4901161193847656e-08
vb0[192]+088 TEXCOORD2: 0.65380859375, 0.955078125

vb0[193]+000 POSITION: -0.11927245557308197, 0.07578002661466599, 1.3115917444229126
vb0[193]+012 NORMAL: -0.9322899580001831, 0.026839787140488625, -0.3607145845890045
vb0[193]+024 TANGENT: 0.3580022156238556, -0.07398682087659836, -0.9307848215103149, -1.0
vb0[193]+040 BLENDWEIGHTS: 1.0, 0.0, 0.0, 0.0
vb0[193]+056 BLENDINDICES: 0, 0, 0, 0
vb0[193]+072 COLOR: 0.5019607843137255, 0.5019607843137255, 0.0, 0.0
vb0[193]+076 TEXCOORD: 0.47998046875, 0.400634765625
vb0[193]+080 TEXCOORD1: 0.0, 1.862645149230957e-09
vb0[193]+088 TEXCOORD2: 0.6484375, 0.9541015625

vb0[194]+000 POSITION: -0.12849609553813934, 0.07067138701677322, 1.3253246545791626
vb0[194]+012 NORMAL: -0.9431654810905457, 0.2484990954399109, 0.2206515371799469
vb0[194]+024 TANGENT: -0.0865582823753357, 0.4573526978492737, -0.8850628733634949, -1.0
vb0[194]+040 BLENDWEIGHTS: 1.0, 0.0, 0.0, 0.0
vb0[194]+056 BLENDINDICES: 0, 0, 0, 0
vb0[194]+072 COLOR: 0.5019607843137255, 0.5019607843137255, 0.0, 0.0
vb0[194]+076 TEXCOORD: 0.469970703125, 0.39697265625
vb0[194]+080 TEXCOORD1: 1.4901161193847656e-08, 2.9802322387695312e-08
vb0[194]+088 TEXCOORD2: 0.66015625, 0.96435546875

vb0[195]+000 POSITION: -0.12463134527206421, 0.07810302823781967, 1.3273462057113647
vb0[195]+012 NORMAL: -0.7032709717750549, 0.6187547445297241, 0.3500749468803406
vb0[195]+024 TANGENT: -0.25436753034591675, 0.2408170998096466, -0.9366452693939209, -1.0
vb0[195]+040 BLENDWEIGHTS: 1.0, 0.0, 0.0, 0.0
vb0[195]+056 BLENDINDICES: 0, 0, 0, 0
vb0[195]+072 COLOR: 0.5019607843137255, 0.5019607843137255, 0.0, 0.0
vb0[195]+076 TEXCOORD: 0.46923828125, 0.400634765625
vb0[195]+080 TEXCOORD1: 2.9802322387695312e-08, 9.313225746154785e-10
vb0[195]+088 TEXCOORD2: 0.6552734375, 0.9658203125

vb0[196]+000 POSITION: -0.11843017488718033, 0.08013427257537842, 1.32098388671875
vb0[196]+012 NORMAL: -0.8115869164466858, 0.5100229382514954, 0.2849618196487427
vb0[196]+024 TANGENT: -0.14585267007350922, 0.2954346835613251, -0.9441637396812439, -1.0
vb0[196]+040 BLENDWEIGHTS: 1.0, 0.0, 0.0, 0.0
vb0[196]+056 BLENDINDICES: 0, 0, 0, 0
vb0[196]+072 COLOR: 0.5019607843137255, 0.5019607843137255, 0.0, 0.0
vb0[196]+076 TEXCOORD: 0.47216796875, 0.404296875
vb0[196]+080 TEXCOORD1: -2.9802322387695312e-08, 2.2351741790771484e-08
vb0[196]+088 TEXCOORD2: 0.6474609375, 0.9609375

vb0[197]+000 POSITION: -0.11769530922174454, 0.0768115222454071, 1.3359326124191284
vb0[197]+012 NORMAL: -0.45294058322906494, 0.49591392278671265, 0.7408874034881592
vb0[197]+024 TANGENT: -0.48517394065856934, 0.5600817203521729, -0.671501874923706, -1.0
vb0[197]+040 BLENDWEIGHTS: 1.0, 0.0, 0.0, 0.0
vb0[197]+056 BLENDINDICES: 0, 0, 0, 0
vb0[197]+072 COLOR: 0.5019607843137255, 0.5019607843137255, 0.0, 0.0
vb0[197]+076 TEXCOORD: 0.462890625, 0.402099609375
vb0[197]+080 TEXCOORD1: 0.0, 1.955777406692505e-08
vb0[197]+088 TEXCOORD2: 0.646484375, 0.9716796875

vb0[198]+000 POSITION: -0.1189257800579071, 0.07163283973932266, 1.3295434713363647
vb0[198]+012 NORMAL: -0.6238245964050293, -0.14092622697353363, 0.7687540650367737
vb0[198]+024 TANGENT: -0.6164461374282837, 0.6933788657188416, -0.37312182784080505, -1.0
vb0[198]+040 BLENDWEIGHTS: 1.0, 0.0, 0.0, 0.0
vb0[198]+056 BLENDINDICES: 0, 0, 0, 0
vb0[198]+072 COLOR: 0.5019607843137255, 0.5019607843137255, 0.0, 0.0
vb0[198]+076 TEXCOORD: 0.464599609375, 0.400146484375
vb0[198]+080 TEXCOORD1: 5.960464477539063e-08, 2.9802322387695312e-08
vb0[198]+088 TEXCOORD2: 0.64794921875, 0.96728515625

vb0[199]+000 POSITION: -0.11197265237569809, 0.06968017667531967, 1.3410449028015137
vb0[199]+012 NORMAL: -0.4095257818698883, 0.05384953320026398, 0.9107078909873962
vb0[199]+024 TANGENT: -0.7940321564674377, 0.4705106019973755, -0.3848801553249359, -1.0
vb0[199]+040 BLENDWEIGHTS: 1.0, 0.0, 0.0, 0.0
vb0[199]+056 BLENDINDICES: 0, 0, 0, 0
vb0[199]+072 COLOR: 0.5019607843137255, 0.5019607843137255, 0.0, 0.0
vb0[199]+076 TEXCOORD: 0.45703125, 0.40234375
vb0[199]+080 TEXCOORD1: -5.960464477539063e-08, 0.0
vb0[199]+088 TEXCOORD2: 0.6396484375, 0.9755859375

vb0[200]+000 POSITION: -0.10703185945749283, 0.07901366800069809, 1.3270361423492432
vb0[200]+012 NORMAL: -0.2018035650253296, 0.3951667845249176, 0.8961688280105591
vb0[200]+024 TANGENT: -0.9497479796409607, 0.14458326995372772, -0.2776229679584503, -1.0
vb0[200]+040 BLENDWEIGHTS: 1.0, 0.0, 0.0, 0.0
vb0[200]+056 BLENDINDICES: 0, 0, 0, 0
vb0[200]+072 COLOR: 0.5019607843137255, 0.5019607843137255, 0.0, 0.0
vb0[200]+076 TEXCOORD: 0.462646484375, 0.407958984375
vb0[200]+080 TEXCOORD1: 0.0, 0.0
vb0[200]+088 TEXCOORD2: 0.63330078125, 0.96533203125

vb0[201]+000 POSITION: -0.098541259765625, 0.09666503965854645, 1.3298510313034058
vb0[201]+012 NORMAL: 0.03192778676748276, 0.8135795593261719, 0.5805764198303223
vb0[201]+024 TANGENT: -0.8570476770401001, 0.32114943861961365, -0.402904748916626, -1.0
vb0[201]+040 BLENDWEIGHTS: 1.0, 0.0, 0.0, 0.0
vb0[201]+056 BLENDINDICES: 0, 0, 0, 0
vb0[201]+072 COLOR: 0.5019607843137255, 0.5019607843137255, 0.0, 0.0
vb0[201]+076 TEXCOORD: 0.458251953125, 0.413818359375
vb0[201]+080 TEXCOORD1: 0.0, 0.0
vb0[201]+088 TEXCOORD2: 0.62255859375, 0.96728515625

vb0[202]+000 POSITION: -0.08292355388402939, 0.08344779908657074, 1.310079574584961
vb0[202]+012 NORMAL: 0.9228222370147705, 0.30424565076828003, 0.23629142343997955
vb0[202]+024 TANGENT: -0.3388240933418274, 0.9328969120979309, 0.1220722571015358, -1.0
vb0[202]+040 BLENDWEIGHTS: 1.0, 0.0, 0.0, 0.0
vb0[202]+056 BLENDINDICES: 0, 0, 0, 0
vb0[202]+072 COLOR: 0.5019607843137255, 0.5019607843137255, 0.0, 0.0
vb0[202]+076 TEXCOORD: 0.44482421875, 0.426513671875
vb0[202]+080 TEXCOORD1: 6.705522537231445e-08, 1.4901161193847656e-08
vb0[202]+088 TEXCOORD2: 0.60302734375, 0.953125

vb0[203]+000 POSITION: -0.0974438488483429, 0.09386718273162842, 1.3150609731674194
vb0[203]+012 NORMAL: 0.5001156330108643, 0.6849042773246765, 0.5298967361450195
vb0[203]+024 TANGENT: -0.6168997287750244, 0.7112221121788025, -0.33704277873039246, -1.0
vb0[203]+040 BLENDWEIGHTS: 1.0, 0.0, 0.0, 0.0
vb0[203]+056 BLENDINDICES: 0, 0, 0, 0
vb0[203]+072 COLOR: 0.5019607843137255, 0.5019607843137255, 0.0, 0.0
vb0[203]+076 TEXCOORD: 0.4580078125, 0.41943359375
vb0[203]+080 TEXCOORD1: 0.0, -2.9802322387695312e-08
vb0[203]+088 TEXCOORD2: 0.62109375, 0.95703125

vb0[204]+000 POSITION: -0.08843566477298737, 0.09089355170726776, 1.331994652748108
vb0[204]+012 NORMAL: 0.43555137515068054, 0.608209490776062, 0.6636083722114563
vb0[204]+024 TANGENT: -0.7028857469558716, 0.6903468370437622, -0.1713852733373642, -1.0
vb0[204]+040 BLENDWEIGHTS: 1.0, 0.0, 0.0, 0.0
vb0[204]+056 BLENDINDICES: 0, 0, 0, 0
vb0[204]+072 COLOR: 0.5019607843137255, 0.5019607843137255, 0.0, 0.0
vb0[204]+076 TEXCOORD: 0.453125, 0.415283203125
vb0[204]+080 TEXCOORD1: -4.470348358154297e-08, 0.0
vb0[204]+088 TEXCOORD2: 0.6103515625, 0.96875

vb0[205]+000 POSITION: -0.09037385880947113, 0.06685657054185867, 1.2982722520828247
vb0[205]+012 NORMAL: 0.31765127182006836, -0.7989941239356995, -0.5105938911437988
vb0[205]+024 TANGENT: 0.9359910488128662, 0.1780555695295334, 0.3036726415157318, -1.0
vb0[205]+040 BLENDWEIGHTS: 1.0, 0.0, 0.0, 0.0
vb0[205]+056 BLENDINDICES: 0, 0, 0, 0
vb0[205]+072 COLOR: 0.5019607843137255, 0.5019607843137255, 0.0, 0.0
vb0[205]+076 TEXCOORD: 0.42431640625, 0.42724609375
vb0[205]+080 TEXCOORD1: 1.4901161193847656e-08, -2.9802322387695312e-08
vb0[205]+088 TEXCOORD2: 0.6123046875, 0.94482421875

vb0[206]+000 POSITION: -0.10314905643463135, 0.06437953561544418, 1.2995855808258057
vb0[206]+012 NORMAL: -0.12576346099376678, -0.2061069756746292, -0.9704141020774841
vb0[206]+024 TANGENT: 0.9770219922065735, -0.19540488719940186, -0.0851176530122757, -1.0
vb0[206]+040 BLENDWEIGHTS: 1.0, 0.0, 0.0, 0.0
vb0[206]+056 BLENDINDICES: 0, 0, 0, 0
vb0[206]+072 COLOR: 0.5019607843137255, 0.5019607843137255, 0.0, 0.0
vb0[206]+076 TEXCOORD: 0.412353515625, 0.420166015625
vb0[206]+080 TEXCOORD1: 2.2351741790771484e-08, -1.4901161193847656e-08
vb0[206]+088 TEXCOORD2: 0.62841796875, 0.94580078125

vb0[207]+000 POSITION: -0.10243194550275803, 0.0688849687576294, 1.2953524589538574
vb0[207]+012 NORMAL: -0.3013804256916046, -0.8713856339454651, -0.3871135711669922
vb0[207]+024 TANGENT: 0.9522024989128113, -0.29625338315963745, -0.07445944845676422, -1.0
vb0[207]+040 BLENDWEIGHTS: 1.0, 0.0, 0.0, 0.0
vb0[207]+056 BLENDINDICES: 0, 0, 0, 0
vb0[207]+072 COLOR: 0.5019607843137255, 0.5019607843137255, 0.0, 0.0
vb0[207]+076 TEXCOORD: 0.416748046875, 0.431640625
vb0[207]+080 TEXCOORD1: 2.60770320892334e-08, 0.0
vb0[207]+088 TEXCOORD2: 0.62744140625, 0.94287109375

vb0[208]+000 POSITION: -0.10314905643463135, 0.06437953561544418, 1.2995855808258057
vb0[208]+012 NORMAL: -0.12576346099376678, -0.2061069756746292, -0.9704141020774841
vb0[208]+024 TANGENT: 0.9912875294685364, 0.012492073699831963, -0.13112178444862366, -1.0
vb0[208]+040 BLENDWEIGHTS: 1.0, 0.0, 0.0, 0.0
vb0[208]+056 BLENDINDICES: 0, 0, 0, 0
vb0[208]+072 COLOR: 0.5019607843137255, 0.5019607843137255, 0.0, 0.0
vb0[208]+076 TEXCOORD: 0.495849609375, 0.389404296875
vb0[208]+080 TEXCOORD1: -1.4901161193847656e-08, -1.4901161193847656e-08
vb0[208]+088 TEXCOORD2: 0.62841796875, 0.94580078125

vb0[209]+000 POSITION: -0.11078266054391861, 0.07524795085191727, 1.2971514463424683
vb0[209]+012 NORMAL: -0.8332301378250122, -0.45718908309936523, -0.3109751343727112
vb0[209]+024 TANGENT: 0.5489435791969299, -0.6166144609451294, -0.564311683177948, -1.0
vb0[209]+040 BLENDWEIGHTS: 1.0, 0.0, 0.0, 0.0
vb0[209]+056 BLENDINDICES: 0, 0, 0, 0
vb0[209]+072 COLOR: 0.5019607843137255, 0.5019607843137255, 0.0, 0.0
vb0[209]+076 TEXCOORD: 0.491943359375, 0.408447265625
vb0[209]+080 TEXCOORD1: 0.0, -2.9802322387695312e-08
vb0[209]+088 TEXCOORD2: 0.63818359375, 0.94384765625

vb0[210]+000 POSITION: -0.10243194550275803, 0.0688849687576294, 1.2953524589538574
vb0[210]+012 NORMAL: -0.3013804256916046, -0.8713856339454651, -0.3871135711669922
vb0[210]+024 TANGENT: 0.8878606557846069, -0.10843032598495483, -0.4471534490585327, -1.0
vb0[210]+040 BLENDWEIGHTS: 1.0, 0.0, 0.0, 0.0
vb0[210]+056 BLENDINDICES: 0, 0, 0, 0
vb0[210]+072 COLOR: 0.5019607843137255, 0.5019607843137255, 0.0, 0.0
vb0[210]+076 TEXCOORD: 0.498779296875, 0.4013671875
vb0[210]+080 TEXCOORD1: -2.9802322387695312e-08, 0.0
vb0[210]+088 TEXCOORD2: 0.62744140625, 0.94287109375

vb0[211]+000 POSITION: -0.11922062933444977, 0.08351509273052216, 1.3039517402648926
vb0[211]+012 NORMAL: -0.7882917523384094, -0.09387978166341782, -0.6080976128578186
vb0[211]+024 TANGENT: 0.5640674829483032, -0.5050814151763916, -0.6532385349273682, -1.0
vb0[211]+040 BLENDWEIGHTS: 1.0, 0.0, 0.0, 0.0
vb0[211]+056 BLENDINDICES: 0, 0, 0, 0
vb0[211]+072 COLOR: 0.5019607843137255, 0.5019607843137255, 0.0, 0.0
vb0[211]+076 TEXCOORD: 0.48291015625, 0.408203125
vb0[211]+080 TEXCOORD1: 0.0, 0.0
vb0[211]+088 TEXCOORD2: 0.6484375, 0.94873046875

vb0[212]+000 POSITION: -0.12322021275758743, 0.08803283423185349, 1.3109747171401978
vb0[212]+012 NORMAL: -0.9669710397720337, 0.23508985340595245, 0.09848760813474655
vb0[212]+024 TANGENT: -0.15146830677986145, -0.21923008561134338, -0.9638441205024719, -1.0
vb0[212]+040 BLENDWEIGHTS: 1.0, 0.0, 0.0, 0.0
vb0[212]+056 BLENDINDICES: 0, 0, 0, 0
vb0[212]+072 COLOR: 0.5019607843137255, 0.5019607843137255, 0.0, 0.0
vb0[212]+076 TEXCOORD: 0.477783203125, 0.40869140625
vb0[212]+080 TEXCOORD1: 0.0, 0.0
vb0[212]+088 TEXCOORD2: 0.6533203125, 0.9541015625

vb0[213]+000 POSITION: -0.11137694865465164, 0.09105712920427322, 1.299795150756836
vb0[213]+012 NORMAL: -0.9068373441696167, 0.3387525677680969, -0.2507844567298889
vb0[213]+024 TANGENT: -0.12290839850902557, -0.7816856503486633, -0.6114417910575867, -1.0
vb0[213]+040 BLENDWEIGHTS: 1.0, 0.0, 0.0, 0.0
vb0[213]+056 BLENDINDICES: 0, 0, 0, 0
vb0[213]+072 COLOR: 0.5019607843137255, 0.5019607843137255, 0.0, 0.0
vb0[213]+076 TEXCOORD: 0.482421875, 0.418701171875
vb0[213]+080 TEXCOORD1: 1.4901161193847656e-08, 0.0
vb0[213]+088 TEXCOORD2: 0.638671875, 0.94580078125

vb0[214]+000 POSITION: -0.11897216737270355, 0.09770507365465164, 1.3059173822402954
vb0[214]+012 NORMAL: -0.7485744953155518, 0.6086392998695374, -0.26304832100868225
vb0[214]+024 TANGENT: -0.1473451554775238, -0.5395040512084961, -0.8289902806282043, -1.0
vb0[214]+040 BLENDWEIGHTS: 1.0, 0.0, 0.0, 0.0
vb0[214]+056 BLENDINDICES: 0, 0, 0, 0
vb0[214]+072 COLOR: 0.5019607843137255, 0.5019607843137255, 0.0, 0.0
vb0[214]+076 TEXCOORD: 0.476318359375, 0.414794921875
vb0[214]+080 TEXCOORD1: -2.9802322387695312e-08, 7.450580596923828e-08
vb0[214]+088 TEXCOORD2: 0.64794921875, 0.9501953125

vb0[215]+000 POSITION: -0.11930175870656967, 0.08659789711236954, 1.321102261543274
vb0[215]+012 NORMAL: -0.7941188216209412, 0.34536951780319214, 0.5000953078269958
vb0[215]+024 TANGENT: -0.48680001497268677, 0.13118767738342285, -0.8636060357093811, -1.0
vb0[215]+040 BLENDWEIGHTS: 1.0, 0.0, 0.0, 0.0
vb0[215]+056 BLENDINDICES: 0, 0, 0, 0
vb0[215]+072 COLOR: 0.5019607843137255, 0.5019607843137255, 0.0, 0.0
vb0[215]+076 TEXCOORD: 0.471923828125, 0.406494140625
vb0[215]+080 TEXCOORD1: -2.9802322387695312e-08, -3.3527612686157227e-08
vb0[215]+088 TEXCOORD2: 0.6484375, 0.9609375

vb0[216]+000 POSITION: -0.11405273526906967, 0.08983153849840164, 1.3146483898162842
vb0[216]+012 NORMAL: -0.5365597605705261, 0.6758343577384949, 0.5053232312202454
vb0[216]+024 TANGENT: -0.6217389106750488, 0.0882754921913147, -0.7782340049743652, -1.0
vb0[216]+040 BLENDWEIGHTS: 1.0, 0.0, 0.0, 0.0
vb0[216]+056 BLENDINDICES: 0, 0, 0, 0
vb0[216]+072 COLOR: 0.5019607843137255, 0.5019607843137255, 0.0, 0.0
vb0[216]+076 TEXCOORD: 0.4716796875, 0.410888671875
vb0[216]+080 TEXCOORD1: -2.9802322387695312e-08, 0.0
vb0[216]+088 TEXCOORD2: 0.64208984375, 0.95654296875

vb0[217]+000 POSITION: -0.10484863072633743, 0.09497558325529099, 1.318093180656433
vb0[217]+012 NORMAL: -0.1364697366952896, 0.8321161866188049, 0.537548840045929
vb0[217]+024 TANGENT: -0.7721951603889465, 0.2505563497543335, -0.5838972926139832, -1.0
vb0[217]+040 BLENDWEIGHTS: 1.0, 0.0, 0.0, 0.0
vb0[217]+056 BLENDINDICES: 0, 0, 0, 0
vb0[217]+072 COLOR: 0.5019607843137255, 0.5019607843137255, 0.0, 0.0
vb0[217]+076 TEXCOORD: 0.46484375, 0.416259765625
vb0[217]+080 TEXCOORD1: -2.9802322387695312e-08, 0.0
vb0[217]+088 TEXCOORD2: 0.63037109375, 0.958984375

vb0[218]+000 POSITION: -0.11104857921600342, 0.1033007800579071, 1.3155834674835205
vb0[218]+012 NORMAL: -0.42905938625335693, 0.7352905869483948, 0.5246483087539673
vb0[218]+024 TANGENT: -0.6572601199150085, 0.1442846655845642, -0.7397236227989197, -1.0
vb0[218]+040 BLENDWEIGHTS: 1.0, 0.0, 0.0, 0.0
vb0[218]+056 BLENDINDICES: 0, 0, 0, 0
vb0[218]+072 COLOR: 0.5019607843137255, 0.5019607843137255, 0.0, 0.0
vb0[218]+076 TEXCOORD: 0.468994140625, 0.41748046875
vb0[218]+080 TEXCOORD1: 5.960464477539063e-08, -2.9802322387695312e-08
vb0[218]+088 TEXCOORD2: 0.63818359375, 0.95703125

vb0[219]+000 POSITION: -0.11091063916683197, 0.08953857421875, 1.3292772769927979
vb0[219]+012 NORMAL: -0.5163280963897705, 0.36720508337020874, 0.7736702561378479
vb0[219]+024 TANGENT: -0.7694339752197266, 0.19773143529891968, -0.6073496341705322, -1.0
vb0[219]+040 BLENDWEIGHTS: 1.0, 0.0, 0.0, 0.0
vb0[219]+056 BLENDINDICES: 0, 0, 0, 0
vb0[219]+072 COLOR: 0.5019607843137255, 0.5019607843137255, 0.0, 0.0
vb0[219]+076 TEXCOORD: 0.46484375, 0.4091796875
vb0[219]+080 TEXCOORD1: 2.9802322387695312e-08, -1.4901161193847656e-08
vb0[219]+088 TEXCOORD2: 0.63818359375, 0.96728515625

vb0[220]+000 POSITION: -0.08868408203125, 0.10901854932308197, 1.3066171407699585
vb0[220]+012 NORMAL: 0.23487381637096405, 0.8963434100151062, 0.37603577971458435
vb0[220]+024 TANGENT: -0.5836011171340942, 0.4394088685512543, -0.6828833222389221, -1.0
vb0[220]+040 BLENDWEIGHTS: 1.0, 0.0, 0.0, 0.0
vb0[220]+056 BLENDINDICES: 0, 0, 0, 0
vb0[220]+072 COLOR: 0.5019607843137255, 0.5019607843137255, 0.0, 0.0
vb0[220]+076 TEXCOORD: 0.461669921875, 0.4287109375
vb0[220]+080 TEXCOORD1: 5.960464477539063e-08, 0.0
vb0[220]+088 TEXCOORD2: 0.6103515625, 0.95068359375

vb0[221]+000 POSITION: -0.07749511301517487, 0.0939013659954071, 1.2937825918197632
vb0[221]+012 NORMAL: 0.9700042009353638, 0.1918760985136032, 0.14924956858158112
vb0[221]+024 TANGENT: -0.1679815798997879, 0.9728833436965942, -0.1589968204498291, -1.0
vb0[221]+040 BLENDWEIGHTS: 1.0, 0.0, 0.0, 0.0
vb0[221]+056 BLENDINDICES: 0, 0, 0, 0
vb0[221]+072 COLOR: 0.5019607843137255, 0.5019607843137255, 0.0, 0.0
vb0[221]+076 TEXCOORD: 0.449951171875, 0.43798828125
vb0[221]+080 TEXCOORD1: -7.450580596923828e-09, 1.4901161193847656e-08
vb0[221]+088 TEXCOORD2: 0.5966796875, 0.94140625

vb0[222]+000 POSITION: -0.08449584990739822, 0.11048583686351776, 1.2951107025146484
vb0[222]+012 NORMAL: 0.43268999457359314, 0.887569010257721, 0.1581159085035324
vb0[222]+024 TANGENT: -0.6485257148742676, 0.42826130986213684, -0.6292906403541565, -1.0
vb0[222]+040 BLENDWEIGHTS: 1.0, 0.0, 0.0, 0.0
vb0[222]+056 BLENDINDICES: 0, 0, 0, 0
vb0[222]+072 COLOR: 0.5019607843137255, 0.5019607843137255, 0.0, 0.0
vb0[222]+076 TEXCOORD: 0.46142578125, 0.43359375
vb0[222]+080 TEXCOORD1: -2.9802322387695312e-08, -1.4901161193847656e-08
vb0[222]+088 TEXCOORD2: 0.60498046875, 0.9423828125

vb0[223]+000 POSITION: -0.0792871043086052, 0.07698363810777664, 1.288826584815979
vb0[223]+012 NORMAL: 0.9276584982872009, -0.36710628867149353, 0.06842973083257675
vb0[223]+024 TANGENT: 0.3680117130279541, 0.9298211336135864, 0.0, -1.0
vb0[223]+040 BLENDWEIGHTS: 1.0, 0.0, 0.0, 0.0
vb0[223]+056 BLENDINDICES: 0, 0, 0, 0
vb0[223]+072 COLOR: 0.5019607843137255, 0.5019607843137255, 0.0, 0.0
vb0[223]+076 TEXCOORD: 0.437255859375, 0.441650390625
vb0[223]+080 TEXCOORD1: -2.1031155483797193e-08, 7.450580596923828e-09
vb0[223]+088 TEXCOORD2: 0.5986328125, 0.93798828125

vb0[224]+000 POSITION: -0.09018892049789429, 0.06886603683233261, 1.2904449701309204
vb0[224]+012 NORMAL: 0.3339822590351105, -0.9209381937980652, 0.2008199840784073
vb0[224]+024 TANGENT: 0.9275034070014954, 0.3590478301048279, 0.10402923077344894, -1.0
vb0[224]+040 BLENDWEIGHTS: 1.0, 0.0, 0.0, 0.0
vb0[224]+056 BLENDINDICES: 0, 0, 0, 0
vb0[224]+072 COLOR: 0.5019607843137255, 0.5019607843137255, 0.0, 0.0
vb0[224]+076 TEXCOORD: 0.4267578125, 0.437744140625
vb0[224]+080 TEXCOORD1: -3.725290298461914e-08, 1.4901161193847656e-08
vb0[224]+088 TEXCOORD2: 0.6123046875, 0.93896484375

vb0[225]+000 POSITION: -0.09692016243934631, 0.09876953065395355, 1.2988717555999756
vb0[225]+012 NORMAL: -0.41314730048179626, 0.8992105722427368, 0.1439780592918396
vb0[225]+024 TANGENT: -0.7962576746940613, -0.2799795866012573, -0.5362696647644043, -1.0
vb0[225]+040 BLENDWEIGHTS: 1.0, 0.0, 0.0, 0.0
vb0[225]+056 BLENDINDICES: 0, 0, 0, 0
vb0[225]+072 COLOR: 0.5019607843137255, 0.5019607843137255, 0.0, 0.0
vb0[225]+076 TEXCOORD: 0.471435546875, 0.4267578125
vb0[225]+080 TEXCOORD1: 0.0, 3.725290298461914e-08
vb0[225]+088 TEXCOORD2: 0.62060546875, 0.9453125

vb0[226]+000 POSITION: -0.10062377899885178, 0.10698241740465164, 1.3142980337142944
vb0[226]+012 NORMAL: -0.03247045353055, 0.8679006695747375, 0.49567538499832153
vb0[226]+024 TANGENT: -0.8344972729682922, 0.24939432740211487, -0.49134165048599243, -1.0
vb0[226]+040 BLENDWEIGHTS: 1.0, 0.0, 0.0, 0.0
vb0[226]+056 BLENDINDICES: 0, 0, 0, 0
vb0[226]+072 COLOR: 0.5019607843137255, 0.5019607843137255, 0.0, 0.0
vb0[226]+076 TEXCOORD: 0.46484375, 0.421142578125
vb0[226]+080 TEXCOORD1: 1.4901161193847656e-08, -2.9802322387695312e-08
vb0[226]+088 TEXCOORD2: 0.62548828125, 0.9560546875

vb0[227]+000 POSITION: -0.09397582709789276, 0.11330810189247131, 1.2848849296569824
vb0[227]+012 NORMAL: 0.0016393591649830341, 0.9633869528770447, -0.2681099772453308
vb0[227]+024 TANGENT: -0.9597656726837158, -0.07376904040575027, -0.27093929052352905, -1.0
vb0[227]+040 BLENDWEIGHTS: 1.0, 0.0, 0.0, 0.0
vb0[227]+056 BLENDINDICES: 0, 0, 0, 0
vb0[227]+072 COLOR: 0.5019607843137255, 0.5019607843137255, 0.0, 0.0
vb0[227]+076 TEXCOORD: 0.466796875, 0.435791015625
vb0[227]+080 TEXCOORD1: -7.450580596923828e-09, 0.0
vb0[227]+088 TEXCOORD2: 0.6171875, 0.93505859375

vb0[228]+000 POSITION: -0.07761230319738388, 0.08990417420864105, 1.2758464813232422
vb0[228]+012 NORMAL: 0.946033775806427, 0.2440672516822815, -0.21319347620010376
vb0[228]+024 TANGENT: -0.31405481696128845, 0.8527482151985168, -0.41736066341400146, -1.0
vb0[228]+040 BLENDWEIGHTS: 1.0, 0.0, 0.0, 0.0
vb0[228]+056 BLENDINDICES: 0, 0, 0, 0
vb0[228]+072 COLOR: 0.5019607843137255, 0.5019607843137255, 0.0, 0.0
vb0[228]+076 TEXCOORD: 0.453369140625, 0.44970703125
vb0[228]+080 TEXCOORD1: 7.450580596923828e-09, 0.0
vb0[228]+088 TEXCOORD2: 0.5966796875, 0.9287109375

vb0[229]+000 POSITION: -0.09342712163925171, 0.09896484017372131, 1.2768701314926147
vb0[229]+012 NORMAL: 0.21447783708572388, 0.9146448969841003, -0.34267187118530273
vb0[229]+024 TANGENT: -0.9533002972602844, 0.119646355509758, -0.2773143947124481, -1.0
vb0[229]+040 BLENDWEIGHTS: 1.0, 0.0, 0.0, 0.0
vb0[229]+056 BLENDINDICES: 0, 0, 0, 0
vb0[229]+072 COLOR: 0.5019607843137255, 0.5019607843137255, 0.0, 0.0
vb0[229]+076 TEXCOORD: 0.466796875, 0.44384765625
vb0[229]+080 TEXCOORD1: 1.4901161193847656e-08, 0.0
vb0[229]+088 TEXCOORD2: 0.6162109375, 0.92919921875

vb0[230]+000 POSITION: -0.10307241976261139, 0.06843498349189758, 1.289002537727356
vb0[230]+012 NORMAL: -0.26228976249694824, -0.7768882513046265, 0.5724061131477356
vb0[230]+024 TANGENT: 0.9638664722442627, -0.18231205642223358, 0.19422608613967896, -1.0
vb0[230]+040 BLENDWEIGHTS: 1.0, 0.0, 0.0, 0.0
vb0[230]+056 BLENDINDICES: 0, 0, 0, 0
vb0[230]+072 COLOR: 0.5019607843137255, 0.5019607843137255, 0.0, 0.0
vb0[230]+076 TEXCOORD: 0.4189453125, 0.43896484375
vb0[230]+080 TEXCOORD1: -7.450580596923828e-09, -5.960464477539063e-08
vb0[230]+088 TEXCOORD2: 0.62841796875, 0.93798828125

vb0[231]+000 POSITION: -0.1136569157242775, 0.0750584825873375, 1.2864229679107666
vb0[231]+012 NORMAL: -0.792690634727478, -0.2842119038105011, 0.5393192768096924
vb0[231]+024 TANGENT: 0.0, -0.8850294947624207, -0.46553492546081543, -1.0
vb0[231]+040 BLENDWEIGHTS: 1.0, 0.0, 0.0, 0.0
vb0[231]+056 BLENDINDICES: 0, 0, 0, 0
vb0[231]+072 COLOR: 0.5019607843137255, 0.5019607843137255, 0.0, 0.0
vb0[231]+076 TEXCOORD: 0.498046875, 0.420166015625
vb0[231]+080 TEXCOORD1: 2.9802322387695312e-08, 0.0
vb0[231]+088 TEXCOORD2: 0.6416015625, 0.93603515625

vb0[232]+000 POSITION: -0.10307241976261139, 0.06843498349189758, 1.289002537727356
vb0[232]+012 NORMAL: -0.26228976249694824, -0.7768882513046265, 0.5724061131477356
vb0[232]+024 TANGENT: 0.6568779945373535, -0.5782716274261475, -0.48385244607925415, -1.0
vb0[232]+040 BLENDWEIGHTS: 1.0, 0.0, 0.0, 0.0
vb0[232]+056 BLENDINDICES: 0, 0, 0, 0
vb0[232]+072 COLOR: 0.5019607843137255, 0.5019607843137255, 0.0, 0.0
vb0[232]+076 TEXCOORD: 0.50146484375, 0.408447265625
vb0[232]+080 TEXCOORD1: 2.9802322387695312e-08, 0.0
vb0[232]+088 TEXCOORD2: 0.62841796875, 0.93798828125

vb0[233]+000 POSITION: -0.11645027250051498, 0.08803648501634598, 1.2896167039871216
vb0[233]+012 NORMAL: -0.9282304644584656, -0.19573141634464264, 0.31635019183158875
vb0[233]+024 TANGENT: -0.0038695153780281544, -0.8452646136283875, -0.5343338847160339, -1.0
vb0[233]+040 BLENDWEIGHTS: 1.0, 0.0, 0.0, 0.0
vb0[233]+056 BLENDINDICES: 0, 0, 0, 0
vb0[233]+072 COLOR: 0.5019607843137255, 0.5019607843137255, 0.0, 0.0
vb0[233]+076 TEXCOORD: 0.48974609375, 0.42431640625
vb0[233]+080 TEXCOORD1: 2.9802322387695312e-08, -1.4901161193847656e-08
vb0[233]+088 TEXCOORD2: 0.64501953125, 0.9384765625

vb0[234]+000 POSITION: -0.11553710699081421, 0.10371581465005875, 1.2925002574920654
vb0[234]+012 NORMAL: -0.6139585971832275, 0.6894947290420532, 0.3842547833919525
vb0[234]+024 TANGENT: -0.7862566113471985, -0.49123165011405945, -0.3748227059841156, -1.0
vb0[234]+040 BLENDWEIGHTS: 1.0, 0.0, 0.0, 0.0
vb0[234]+056 BLENDINDICES: 0, 0, 0, 0
vb0[234]+072 COLOR: 0.5019607843137255, 0.5019607843137255, 0.0, 0.0
vb0[234]+076 TEXCOORD: 0.4814453125, 0.430419921875
vb0[234]+080 TEXCOORD1: -2.9802322387695312e-08, 0.0
vb0[234]+088 TEXCOORD2: 0.64404296875, 0.9404296875

vb0[235]+000 POSITION: -0.1165478453040123, 0.08509765565395355, 1.2787988185882568
vb0[235]+012 NORMAL: -0.9812342524528503, 0.07446419447660446, 0.17786091566085815
vb0[235]+024 TANGENT: -0.13770048320293427, -0.9163118600845337, -0.376046746969223, -1.0
vb0[235]+040 BLENDWEIGHTS: 1.0, 0.0, 0.0, 0.0
vb0[235]+056 BLENDINDICES: 0, 0, 0, 0
vb0[235]+072 COLOR: 0.5019607843137255, 0.5019607843137255, 0.0, 0.0
vb0[235]+076 TEXCOORD: 0.494873046875, 0.434814453125
vb0[235]+080 TEXCOORD1: -2.2351741790771484e-08, 0.0
vb0[235]+088 TEXCOORD2: 0.64501953125, 0.9306640625

vb0[236]+000 POSITION: -0.12159423530101776, 0.1004638671875, 1.285597562789917
vb0[236]+012 NORMAL: -0.8343085646629333, 0.524650514125824, 0.16932547092437744
vb0[236]+024 TANGENT: -0.5293551683425903, -0.6765897274017334, -0.5118685960769653, -1.0
vb0[236]+040 BLENDWEIGHTS: 1.0, 0.0, 0.0, 0.0
vb0[236]+056 BLENDINDICES: 0, 0, 0, 0
vb0[236]+072 COLOR: 0.5019607843137255, 0.5019607843137255, 0.0, 0.0
vb0[236]+076 TEXCOORD: 0.484619140625, 0.43359375
vb0[236]+080 TEXCOORD1: 3.725290298461914e-08, 1.4901161193847656e-08
vb0[236]+088 TEXCOORD2: 0.6513671875, 0.935546875

vb0[237]+000 POSITION: -0.12156005948781967, 0.10072509199380875, 1.2728545665740967
vb0[237]+012 NORMAL: -0.8536819219589233, 0.46527326107025146, -0.23398272693157196
vb0[237]+024 TANGENT: -0.3891229033470154, -0.8684521913528442, -0.30720391869544983, -1.0
vb0[237]+040 BLENDWEIGHTS: 1.0, 0.0, 0.0, 0.0
vb0[237]+056 BLENDINDICES: 0, 0, 0, 0
vb0[237]+072 COLOR: 0.5019607843137255, 0.5019607843137255, 0.0, 0.0
vb0[237]+076 TEXCOORD: 0.4853515625, 0.441650390625
vb0[237]+080 TEXCOORD1: 4.470348358154297e-08, 0.0
vb0[237]+088 TEXCOORD2: 0.6513671875, 0.9267578125

vb0[238]+000 POSITION: -0.10804931074380875, 0.09834472090005875, 1.2814055681228638
vb0[238]+012 NORMAL: -0.16666951775550842, 0.9566854238510132, -0.2386927455663681
vb0[238]+024 TANGENT: -0.9614672064781189, -0.21136474609375, -0.17580042779445648, -1.0
vb0[238]+040 BLENDWEIGHTS: 1.0, 0.0, 0.0, 0.0
vb0[238]+056 BLENDINDICES: 0, 0, 0, 0
vb0[238]+072 COLOR: 0.5019607843137255, 0.5019607843137255, 0.0, 0.0
vb0[238]+076 TEXCOORD: 0.4775390625, 0.439453125
vb0[238]+080 TEXCOORD1: -3.725290298461914e-09, 1.4901161193847656e-08
vb0[238]+088 TEXCOORD2: 0.634765625, 0.9326171875

vb0[239]+000 POSITION: -0.10618896037340164, 0.1094677746295929, 1.288740873336792
vb0[239]+012 NORMAL: -0.3960086703300476, 0.917885422706604, 0.025758106261491776
vb0[239]+024 TANGENT: -0.9179653525352478, -0.3964259922504425, 0.013641566969454288, -1.0
vb0[239]+040 BLENDWEIGHTS: 1.0, 0.0, 0.0, 0.0
vb0[239]+056 BLENDINDICES: 0, 0, 0, 0
vb0[239]+072 COLOR: 0.5019607843137255, 0.5019607843137255, 0.0, 0.0
vb0[239]+076 TEXCOORD: 0.474853515625, 0.433837890625
vb0[239]+080 TEXCOORD1: -1.8189894035458565e-08, 0.0
vb0[239]+088 TEXCOORD2: 0.63232421875, 0.93798828125

vb0[240]+000 POSITION: -0.08927825838327408, 0.10238158702850342, 1.2594091892242432
vb0[240]+012 NORMAL: 0.47372323274612427, 0.7663961052894592, -0.43384701013565063
vb0[240]+024 TANGENT: -0.8786572217941284, 0.3779900074005127, -0.2916933000087738, -1.0
vb0[240]+040 BLENDWEIGHTS: 1.0, 0.0, 0.0, 0.0
vb0[240]+056 BLENDINDICES: 0, 0, 0, 0
vb0[240]+072 COLOR: 0.5019607843137255, 0.5019607843137255, 0.0, 0.0
vb0[240]+076 TEXCOORD: 0.46875, 0.454833984375
vb0[240]+080 TEXCOORD1: 2.9802322387695312e-08, 2.9802322387695312e-08
vb0[240]+088 TEXCOORD2: 0.611328125, 0.9169921875

vb0[241]+000 POSITION: -0.08458983898162842, 0.06117797642946243, 1.2737112045288086
vb0[241]+012 NORMAL: 0.9434413909912109, -0.26736462116241455, 0.19604763388633728
vb0[241]+024 TANGENT: 0.31743425130844116, 0.8990992903709412, -0.3014230728149414, -1.0
vb0[241]+040 BLENDWEIGHTS: 1.0, 0.0, 0.0, 0.0
vb0[241]+056 BLENDINDICES: 0, 0, 0, 0
vb0[241]+072 COLOR: 0.5019607843137255, 0.5019607843137255, 0.0, 0.0
vb0[241]+076 TEXCOORD: 0.432861328125, 0.460205078125
vb0[241]+080 TEXCOORD1: 7.450580596923828e-09, 0.0
vb0[241]+088 TEXCOORD2: 0.60546875, 0.92724609375

vb0[242]+000 POSITION: -0.08182933926582336, 0.0720033273100853, 1.2633161544799805
vb0[242]+012 NORMAL: 0.9341922402381897, -0.13274754583835602, -0.3311540186405182
vb0[242]+024 TANGENT: -0.03136267513036728, 0.8940504193305969, -0.4468669593334198, -1.0
vb0[242]+040 BLENDWEIGHTS: 1.0, 0.0, 0.0, 0.0
vb0[242]+056 BLENDINDICES: 0, 0, 0, 0
vb0[242]+072 COLOR: 0.5019607843137255, 0.5019607843137255, 0.0, 0.0
vb0[242]+076 TEXCOORD: 0.44970703125, 0.4638671875
vb0[242]+080 TEXCOORD1: 2.9802322387695312e-08, 0.0
vb0[242]+088 TEXCOORD2: 0.60205078125, 0.919921875

vb0[243]+000 POSITION: -0.09204259514808655, 0.061739154160022736, 1.283379077911377
vb0[243]+012 NORMAL: 0.5429883003234863, -0.2869362533092499, 0.7891964912414551
vb0[243]+024 TANGENT: 0.7465218901634216, 0.5953025221824646, -0.29718682169914246, -1.0
vb0[243]+040 BLENDWEIGHTS: 1.0, 0.0, 0.0, 0.0
vb0[243]+056 BLENDINDICES: 0, 0, 0, 0
vb0[243]+072 COLOR: 0.5019607843137255, 0.5019607843137255, 0.0, 0.0
vb0[243]+076 TEXCOORD: 0.425048828125, 0.44775390625
vb0[243]+080 TEXCOORD1: 1.4901161193847656e-08, 0.0
vb0[243]+088 TEXCOORD2: 0.61474609375, 0.93408203125

vb0[244]+000 POSITION: -0.11201659590005875, 0.09182129055261612, 1.265651822090149
vb0[244]+012 NORMAL: -0.7394960522651672, 0.39155691862106323, -0.5475661754608154
vb0[244]+024 TANGENT: -0.4584748148918152, -0.8885593414306641, -0.016219496726989746, -1.0
vb0[244]+040 BLENDWEIGHTS: 1.0, 0.0, 0.0, 0.0
vb0[244]+056 BLENDINDICES: 0, 0, 0, 0
vb0[244]+072 COLOR: 0.5019607843137255, 0.5019607843137255, 0.0, 0.0
vb0[244]+076 TEXCOORD: 0.487548828125, 0.450439453125
vb0[244]+080 TEXCOORD1: 6.51925802230835e-09, 2.9802322387695312e-08
vb0[244]+088 TEXCOORD2: 0.6396484375, 0.92138671875

vb0[245]+000 POSITION: -0.10071655362844467, 0.09514648467302322, 1.259182095527649
vb0[245]+012 NORMAL: -0.37069955468177795, 0.5750865340232849, -0.729285478591919
vb0[245]+024 TANGENT: -0.8901828527450562, -0.4439452886581421, 0.10240639746189117, -1.0
vb0[245]+040 BLENDWEIGHTS: 1.0, 0.0, 0.0, 0.0
vb0[245]+056 BLENDINDICES: 0, 0, 0, 0
vb0[245]+072 COLOR: 0.5019607843137255, 0.5019607843137255, 0.0, 0.0
vb0[245]+076 TEXCOORD: 0.477783203125, 0.45703125
vb0[245]+080 TEXCOORD1: -7.450580596923828e-09, 2.9802322387695312e-08
vb0[245]+088 TEXCOORD2: 0.62548828125, 0.91650390625

vb0[246]+000 POSITION: -0.1128564402461052, 0.10515136271715164, 1.2655919790267944
vb0[246]+012 NORMAL: -0.47520875930786133, 0.7795806527137756, -0.4079592823982239
vb0[246]+024 TANGENT: -0.8378995656967163, -0.5424536466598511, -0.06056756153702736, -1.0
vb0[246]+040 BLENDWEIGHTS: 1.0, 0.0, 0.0, 0.0
vb0[246]+056 BLENDINDICES: 0, 0, 0, 0
vb0[246]+072 COLOR: 0.5019607843137255, 0.5019607843137255, 0.0, 0.0
vb0[246]+076 TEXCOORD: 0.481689453125, 0.448486328125
vb0[246]+080 TEXCOORD1: -3.725290298461914e-08, -2.9802322387695312e-08
vb0[246]+088 TEXCOORD2: 0.640625, 0.92138671875

vb0[247]+000 POSITION: -0.10064086318016052, 0.10723876953125, 1.261633276939392
vb0[247]+012 NORMAL: -0.030954327434301376, 0.9044500589370728, -0.4254548251628876
vb0[247]+024 TANGENT: -0.9973832964897156, -0.055772606283426285, -0.04599833860993385, -1.0
vb0[247]+040 BLENDWEIGHTS: 1.0, 0.0, 0.0, 0.0
vb0[247]+056 BLENDINDICES: 0, 0, 0, 0
vb0[247]+072 COLOR: 0.5019607843137255, 0.5019607843137255, 0.0, 0.0
vb0[247]+076 TEXCOORD: 0.47509765625, 0.451416015625
vb0[247]+080 TEXCOORD1: 3.725290298461914e-09, 0.0
vb0[247]+088 TEXCOORD2: 0.62548828125, 0.91845703125

vb0[248]+000 POSITION: -0.08942107856273651, 0.094024658203125, 1.2514355182647705
vb0[248]+012 NORMAL: 0.5117933750152588, 0.5074192881584167, -0.6932482719421387
vb0[248]+024 TANGENT: -0.8589230179786682, 0.28544846177101135, -0.42517098784446716, -1.0
vb0[248]+040 BLENDWEIGHTS: 1.0, 0.0, 0.0, 0.0
vb0[248]+056 BLENDINDICES: 0, 0, 0, 0
vb0[248]+072 COLOR: 0.5019607843137255, 0.5019607843137255, 0.0, 0.0
vb0[248]+076 TEXCOORD: 0.468505859375, 0.461181640625
vb0[248]+080 TEXCOORD1: -2.9802322387695312e-08, 0.0
vb0[248]+088 TEXCOORD2: 0.611328125, 0.9111328125

vb0[249]+000 POSITION: -0.08630803972482681, 0.08366639167070389, 1.2555110454559326
vb0[249]+012 NORMAL: 0.8133819103240967, 0.04950021952390671, -0.5796201825141907
vb0[249]+024 TANGENT: -0.4496593177318573, 0.6856412291526794, -0.5724530816078186, -1.0
vb0[249]+040 BLENDWEIGHTS: 1.0, 0.0, 0.0, 0.0
vb0[249]+056 BLENDINDICES: 0, 0, 0, 0
vb0[249]+072 COLOR: 0.5019607843137255, 0.5019607843137255, 0.0, 0.0
vb0[249]+076 TEXCOORD: 0.4609375, 0.46435546875
vb0[249]+080 TEXCOORD1: 0.0, 0.0
vb0[249]+088 TEXCOORD2: 0.607421875, 0.9140625

vb0[250]+000 POSITION: -0.09015976637601852, 0.07346276938915253, 1.2517465353012085
vb0[250]+012 NORMAL: 0.648495078086853, -0.0646112784743309, -0.7584719061851501
vb0[250]+024 TANGENT: -0.5166805386543274, 0.6943545937538147, -0.5009122490882874, -1.0
vb0[250]+040 BLENDWEIGHTS: 1.0, 0.0, 0.0, 0.0
vb0[250]+056 BLENDINDICES: 0, 0, 0, 0
vb0[250]+072 COLOR: 0.5019607843137255, 0.5019607843137255, 0.0, 0.0
vb0[250]+076 TEXCOORD: 0.461669921875, 0.47265625
vb0[250]+080 TEXCOORD1: -5.960464477539063e-08, 0.0
vb0[250]+088 TEXCOORD2: 0.6123046875, 0.91162109375

vb0[251]+000 POSITION: -0.09896789491176605, 0.0887158215045929, 1.2451342344284058
vb0[251]+012 NORMAL: 0.09040698409080505, 0.4031902551651001, -0.9106395244598389
vb0[251]+024 TANGENT: -0.9958552718162537, 0.04572851210832596, -0.07862058281898499, -1.0
vb0[251]+040 BLENDWEIGHTS: 1.0, 0.0, 0.0, 0.0
vb0[251]+056 BLENDINDICES: 0, 0, 0, 0
vb0[251]+072 COLOR: 0.5019607843137255, 0.5019607843137255, 0.0, 0.0
vb0[251]+076 TEXCOORD: 0.47412109375, 0.466552734375
vb0[251]+080 TEXCOORD1: 1.4901161193847656e-08, 0.0
vb0[251]+088 TEXCOORD2: 0.623046875, 0.90673828125

vb0[252]+000 POSITION: -0.09885986149311066, 0.0630633533000946, 1.2433667182922363
vb0[252]+012 NORMAL: 0.22301481664180756, -0.02797532267868519, -0.9744135141372681
vb0[252]+024 TANGENT: -0.6820595860481262, 0.7096830010414124, -0.17647850513458252, -1.0
vb0[252]+040 BLENDWEIGHTS: 1.0, 0.0, 0.0, 0.0
vb0[252]+056 BLENDINDICES: 0, 0, 0, 0
vb0[252]+072 COLOR: 0.5019607843137255, 0.5019607843137255, 0.0, 0.0
vb0[252]+076 TEXCOORD: 0.4599609375, 0.483642578125
vb0[252]+080 TEXCOORD1: 1.4901161193847656e-08, -2.9802322387695312e-08
vb0[252]+088 TEXCOORD2: 0.623046875, 0.9052734375

vb0[253]+000 POSITION: -0.08626046031713486, 0.05382099375128746, 1.260864496231079
vb0[253]+012 NORMAL: 0.9120256900787354, -0.2321830540895462, -0.3380829095840454
vb0[253]+024 TANGENT: 0.07435233891010284, 0.9042676687240601, -0.4204424023628235, -1.0
vb0[253]+040 BLENDWEIGHTS: 1.0, 0.0, 0.0, 0.0
vb0[253]+056 BLENDINDICES: 0, 0, 0, 0
vb0[253]+072 COLOR: 0.5019607843137255, 0.5019607843137255, 0.0, 0.0
vb0[253]+076 TEXCOORD: 0.44140625, 0.471923828125
vb0[253]+080 TEXCOORD1: 1.4901161193847656e-08, 0.0
vb0[253]+088 TEXCOORD2: 0.607421875, 0.91796875

vb0[254]+000 POSITION: -0.10427747666835785, 0.06503283232450485, 1.2867881059646606
vb0[254]+012 NORMAL: -0.04647289961576462, -0.055375080555677414, 0.9973835349082947
vb0[254]+024 TANGENT: 0.9892336130142212, 0.13615544140338898, 0.0536525622010231, -1.0
vb0[254]+040 BLENDWEIGHTS: 1.0, 0.0, 0.0, 0.0
vb0[254]+056 BLENDINDICES: 0, 0, 0, 0
vb0[254]+072 COLOR: 0.5019607843137255, 0.5019607843137255, 0.0, 0.0
vb0[254]+076 TEXCOORD: 0.418701171875, 0.4423828125
vb0[254]+080 TEXCOORD1: 7.450580596923828e-09, 0.0
vb0[254]+088 TEXCOORD2: 0.6298828125, 0.9365234375

vb0[255]+000 POSITION: -0.11586326360702515, 0.06745880842208862, 1.2834665775299072
vb0[255]+012 NORMAL: -0.5317727327346802, 0.10852406173944473, 0.8399049043655396
vb0[255]+024 TANGENT: -0.382986456155777, -0.9153653979301453, -0.12420758605003357, -1.0
vb0[255]+040 BLENDWEIGHTS: 1.0, 0.0, 0.0, 0.0
vb0[255]+056 BLENDINDICES: 0, 0, 0, 0
vb0[255]+072 COLOR: 0.5019607843137255, 0.5019607843137255, 0.0, 0.0
vb0[255]+076 TEXCOORD: 0.50439453125, 0.420166015625
vb0[255]+080 TEXCOORD1: 3.725290298461914e-08, -2.9802322387695312e-08
vb0[255]+088 TEXCOORD2: 0.64404296875, 0.93408203125

vb0[256]+000 POSITION: -0.10427747666835785, 0.06503283232450485, 1.2867881059646606
vb0[256]+012 NORMAL: -0.04647289961576462, -0.055375080555677414, 0.9973835349082947
vb0[256]+024 TANGENT: 0.28885170817375183, -0.9565525650978088, -0.0396491177380085, -1.0
vb0[256]+040 BLENDWEIGHTS: 1.0, 0.0, 0.0, 0.0
vb0[256]+056 BLENDINDICES: 0, 0, 0, 0
vb0[256]+072 COLOR: 0.5019607843137255, 0.5019607843137255, 0.0, 0.0
vb0[256]+076 TEXCOORD: 0.5048828125, 0.4150390625
vb0[256]+080 TEXCOORD1: 1.862645149230957e-08, 0.0
vb0[256]+088 TEXCOORD2: 0.6298828125, 0.9365234375

vb0[257]+000 POSITION: -0.12841308116912842, 0.07466552406549454, 1.2712987661361694
vb0[257]+012 NORMAL: -0.9518511295318604, 0.23201031982898712, 0.20037631690502167
vb0[257]+024 TANGENT: -0.3002914786338806, -0.8371556997299194, -0.45716017484664917, -1.0
vb0[257]+040 BLENDWEIGHTS: 1.0, 0.0, 0.0, 0.0
vb0[257]+056 BLENDINDICES: 0, 0, 0, 0
vb0[257]+072 COLOR: 0.5019607843137255, 0.5019607843137255, 0.0, 0.0
vb0[257]+076 TEXCOORD: 0.50537109375, 0.436767578125
vb0[257]+080 TEXCOORD1: -6.705522537231445e-08, 0.0
vb0[257]+088 TEXCOORD2: 0.65966796875, 0.92529296875

vb0[258]+000 POSITION: -0.1264062523841858, 0.08005370944738388, 1.261409878730774
vb0[258]+012 NORMAL: -0.8967475295066833, 0.35980385541915894, -0.2576528489589691
vb0[258]+024 TANGENT: -0.32781583070755005, -0.9311917424201965, -0.15943284332752228, -1.0
vb0[258]+040 BLENDWEIGHTS: 1.0, 0.0, 0.0, 0.0
vb0[258]+056 BLENDINDICES: 0, 0, 0, 0
vb0[258]+072 COLOR: 0.5019607843137255, 0.5019607843137255, 0.0, 0.0
vb0[258]+076 TEXCOORD: 0.5029296875, 0.4501953125
vb0[258]+080 TEXCOORD1: -3.3527612686157227e-08, -1.4901161193847656e-08
vb0[258]+088 TEXCOORD2: 0.6572265625, 0.91845703125

vb0[259]+000 POSITION: -0.12055663764476776, 0.07929565012454987, 1.2509642839431763
vb0[259]+012 NORMAL: -0.7791476845741272, 0.23870189487934113, -0.5796121954917908
vb0[259]+024 TANGENT: -0.5120183825492859, -0.7757745981216431, 0.3687966465950012, -1.0
vb0[259]+040 BLENDWEIGHTS: 1.0, 0.0, 0.0, 0.0
vb0[259]+056 BLENDINDICES: 0, 0, 0, 0
vb0[259]+072 COLOR: 0.5019607843137255, 0.5019607843137255, 0.0, 0.0
vb0[259]+076 TEXCOORD: 0.493896484375, 0.46533203125
vb0[259]+080 TEXCOORD1: 0.0, 0.0
vb0[259]+088 TEXCOORD2: 0.64990234375, 0.91064453125

vb0[260]+000 POSITION: -0.1116955578327179, 0.08346984535455704, 1.2447363138198853
vb0[260]+012 NORMAL: -0.314168781042099, 0.43779444694519043, -0.8423977494239807
vb0[260]+024 TANGENT: -0.9245391488075256, -0.3426893949508667, 0.16670724749565125, -1.0
vb0[260]+040 BLENDWEIGHTS: 1.0, 0.0, 0.0, 0.0
vb0[260]+056 BLENDINDICES: 0, 0, 0, 0
vb0[260]+072 COLOR: 0.5019607843137255, 0.5019607843137255, 0.0, 0.0
vb0[260]+076 TEXCOORD: 0.482666015625, 0.46923828125
vb0[260]+080 TEXCOORD1: 1.4901161193847656e-08, -2.9802322387695312e-08
vb0[260]+088 TEXCOORD2: 0.63916015625, 0.90625

vb0[261]+000 POSITION: -0.11166000366210938, 0.07420562207698822, 1.2439770698547363
vb0[261]+012 NORMAL: -0.25914427638053894, -0.08222649246454239, -0.9623321294784546
vb0[261]+024 TANGENT: -0.9658281803131104, 0.026691602542996407, 0.2578050494194031, -1.0
vb0[261]+040 BLENDWEIGHTS: 1.0, 0.0, 0.0, 0.0
vb0[261]+056 BLENDINDICES: 0, 0, 0, 0
vb0[261]+072 COLOR: 0.5019607843137255, 0.5019607843137255, 0.0, 0.0
vb0[261]+076 TEXCOORD: 0.481201171875, 0.476806640625
vb0[261]+080 TEXCOORD1: 0.0, 0.0
vb0[261]+088 TEXCOORD2: 0.63916015625, 0.90576171875

vb0[262]+000 POSITION: -0.10561401396989822, 0.05717560276389122, 1.2497289180755615
vb0[262]+012 NORMAL: -0.28606006503105164, -0.031593818217515945, -0.9576906561851501
vb0[262]+024 TANGENT: -0.9427493214607239, -0.16954489052295685, 0.28719034790992737, -1.0
vb0[262]+040 BLENDWEIGHTS: 1.0, 0.0, 0.0, 0.0
vb0[262]+056 BLENDINDICES: 0, 0, 0, 0
vb0[262]+072 COLOR: 0.5019607843137255, 0.5019607843137255, 0.0, 0.0
vb0[262]+076 TEXCOORD: 0.42724609375, 0.33203125
vb0[262]+080 TEXCOORD1: -2.9802322387695312e-08, 0.0
vb0[262]+088 TEXCOORD2: 0.63134765625, 0.91015625

vb0[263]+000 POSITION: -0.10083495825529099, 0.044859617948532104, 1.2457250356674194
vb0[263]+012 NORMAL: 0.3413032293319702, -0.23930013179779053, -0.9089816212654114
vb0[263]+024 TANGENT: -0.8236967325210571, -0.5420067310333252, -0.1665908843278885, -1.0
vb0[263]+040 BLENDWEIGHTS: 1.0, 0.0, 0.0, 0.0
vb0[263]+056 BLENDINDICES: 0, 0, 0, 0
vb0[263]+072 COLOR: 0.5019607843137255, 0.5019607843137255, 0.0, 0.0
vb0[263]+076 TEXCOORD: 0.4208984375, 0.342041015625
vb0[263]+080 TEXCOORD1: 0.0, 0.0
vb0[263]+088 TEXCOORD2: 0.62548828125, 0.9072265625

vb0[264]+000 POSITION: -0.10999877750873566, 0.04244537279009819, 1.2447997331619263
vb0[264]+012 NORMAL: 0.007204000372439623, -0.41943520307540894, -0.9077567458152771
vb0[264]+024 TANGENT: -0.9988086223602295, -0.046832989901304245, 0.013712916523218155, -1.0
vb0[264]+040 BLENDWEIGHTS: 1.0, 0.0, 0.0, 0.0
vb0[264]+056 BLENDINDICES: 0, 0, 0, 0
vb0[264]+072 COLOR: 0.5019607843137255, 0.5019607843137255, 0.0, 0.0
vb0[264]+076 TEXCOORD: 0.42919921875, 0.341796875
vb0[264]+080 TEXCOORD1: -4.6566128730773926e-09, 2.9802322387695312e-08
vb0[264]+088 TEXCOORD2: 0.63720703125, 0.90625

vb0[265]+000 POSITION: -0.1072375476360321, 0.0672936961054802, 1.2439868450164795
vb0[265]+012 NORMAL: -0.19994978606700897, -0.1487385779619217, -0.9684507250785828
vb0[265]+024 TANGENT: -0.9784426093101501, -0.021817853674292564, 0.20536361634731293, -1.0
vb0[265]+040 BLENDWEIGHTS: 1.0, 0.0, 0.0, 0.0
vb0[265]+056 BLENDINDICES: 0, 0, 0, 0
vb0[265]+072 COLOR: 0.5019607843137255, 0.5019607843137255, 0.0, 0.0
vb0[265]+076 TEXCOORD: 0.430419921875, 0.32275390625
vb0[265]+080 TEXCOORD1: 0.0, 1.4901161193847656e-08
vb0[265]+088 TEXCOORD2: 0.63330078125, 0.90576171875

vb0[266]+000 POSITION: -0.09885986149311066, 0.0630633533000946, 1.2433667182922363
vb0[266]+012 NORMAL: 0.22301481664180756, -0.02797532267868519, -0.9744135141372681
vb0[266]+024 TANGENT: -0.7378085255622864, -0.6581399440765381, -0.14996780455112457, -1.0
vb0[266]+040 BLENDWEIGHTS: 1.0, 0.0, 0.0, 0.0
vb0[266]+056 BLENDINDICES: 0, 0, 0, 0
vb0[266]+072 COLOR: 0.5019607843137255, 0.5019607843137255, 0.0, 0.0
vb0[266]+076 TEXCOORD: 0.41845703125, 0.330078125
vb0[266]+080 TEXCOORD1: 8.940696716308594e-08, 0.0
vb0[266]+088 TEXCOORD2: 0.623046875, 0.9052734375

vb0[267]+000 POSITION: -0.08626046031713486, 0.05382099375128746, 1.260864496231079
vb0[267]+012 NORMAL: 0.9120256900787354, -0.2321830540895462, -0.3380829095840454
vb0[267]+024 TANGENT: -0.3063594102859497, -0.9337267875671387, -0.18519742786884308, -1.0
vb0[267]+040 BLENDWEIGHTS: 1.0, 0.0, 0.0, 0.0
vb0[267]+056 BLENDINDICES: 0, 0, 0, 0
vb0[267]+072 COLOR: 0.5019607843137255, 0.5019607843137255, 0.0, 0.0
vb0[267]+076 TEXCOORD: 0.40478515625, 0.35205078125
vb0[267]+080 TEXCOORD1: -3.725290298461914e-08, -2.9802322387695312e-08
vb0[267]+088 TEXCOORD2: 0.607421875, 0.91796875

vb0[268]+000 POSITION: -0.09646300971508026, 0.05265594273805618, 1.2455859184265137
vb0[268]+012 NORMAL: 0.408204585313797, -0.15998460352420807, -0.8987624049186707
vb0[268]+024 TANGENT: -0.6627300381660461, -0.7290186882019043, -0.17123286426067352, -1.0
vb0[268]+040 BLENDWEIGHTS: 1.0, 0.0, 0.0, 0.0
vb0[268]+056 BLENDINDICES: 0, 0, 0, 0
vb0[268]+072 COLOR: 0.5019607843137255, 0.5019607843137255, 0.0, 0.0
vb0[268]+076 TEXCOORD: 0.416748046875, 0.338623046875
vb0[268]+080 TEXCOORD1: 2.9802322387695312e-08, 0.0
vb0[268]+088 TEXCOORD2: 0.6201171875, 0.90673828125

vb0[269]+000 POSITION: -0.09807617217302322, 0.03700195252895355, 1.253640055656433
vb0[269]+012 NORMAL: 0.45986849069595337, -0.7019220590591431, -0.5438992977142334
vb0[269]+024 TANGENT: -0.8416591286659241, -0.5398009419441223, -0.014992369338870049, -1.0
vb0[269]+040 BLENDWEIGHTS: 1.0, 0.0, 0.0, 0.0
vb0[269]+056 BLENDINDICES: 0, 0, 0, 0
vb0[269]+072 COLOR: 0.5019607843137255, 0.5019607843137255, 0.0, 0.0
vb0[269]+076 TEXCOORD: 0.420654296875, 0.349365234375
vb0[269]+080 TEXCOORD1: 3.725290298461914e-08, 0.0
vb0[269]+088 TEXCOORD2: 0.6220703125, 0.91259765625

vb0[270]+000 POSITION: -0.08458983898162842, 0.06117797642946243, 1.2737112045288086
vb0[270]+012 NORMAL: 0.9434413909912109, -0.26736462116241455, 0.19604763388633728
vb0[270]+024 TANGENT: -0.28026053309440613, -0.9590581059455872, 0.040761157870292664, -1.0
vb0[270]+040 BLENDWEIGHTS: 1.0, 0.0, 0.0, 0.0
vb0[270]+056 BLENDINDICES: 0, 0, 0, 0
vb0[270]+072 COLOR: 0.5019607843137255, 0.5019607843137255, 0.0, 0.0
vb0[270]+076 TEXCOORD: 0.402587890625, 0.36865234375
vb0[270]+080 TEXCOORD1: -7.450580596923828e-09, 0.0
vb0[270]+088 TEXCOORD2: 0.60546875, 0.92724609375

vb0[271]+000 POSITION: -0.0882592722773552, 0.04285888746380806, 1.2810723781585693
vb0[271]+012 NORMAL: 0.9934792518615723, 0.008238440379500389, 0.11371520906686783
vb0[271]+024 TANGENT: -0.023754291236400604, -0.9605416655540466, 0.2771199941635132, -1.0
vb0[271]+040 BLENDWEIGHTS: 1.0, 0.0, 0.0, 0.0
vb0[271]+056 BLENDINDICES: 0, 0, 0, 0
vb0[271]+072 COLOR: 0.5019607843137255, 0.5019607843137255, 0.0, 0.0
vb0[271]+076 TEXCOORD: 0.413330078125, 0.376220703125
vb0[271]+080 TEXCOORD1: 0.0, 1.4901161193847656e-08
vb0[271]+088 TEXCOORD2: 0.60986328125, 0.9326171875

vb0[272]+000 POSITION: -0.08970580995082855, 0.03943434730172157, 1.2680388689041138
vb0[272]+012 NORMAL: 0.897540271282196, -0.34965571761131287, -0.26863035559654236
vb0[272]+024 TANGENT: -0.364219605922699, -0.9313011169433594, -0.004716741386801004, -1.0
vb0[272]+040 BLENDWEIGHTS: 1.0, 0.0, 0.0, 0.0
vb0[272]+056 BLENDINDICES: 0, 0, 0, 0
vb0[272]+072 COLOR: 0.5019607843137255, 0.5019607843137255, 0.0, 0.0
vb0[272]+076 TEXCOORD: 0.41455078125, 0.360595703125
vb0[272]+080 TEXCOORD1: 4.423782229423523e-08, 0.0
vb0[272]+088 TEXCOORD2: 0.61181640625, 0.9228515625

vb0[273]+000 POSITION: -0.09204259514808655, 0.061739154160022736, 1.283379077911377
vb0[273]+012 NORMAL: 0.5429883003234863, -0.2869362533092499, 0.7891964912414551
vb0[273]+024 TANGENT: -0.05599776282906532, -0.9500908851623535, -0.3069063127040863, -1.0
vb0[273]+040 BLENDWEIGHTS: 1.0, 0.0, 0.0, 0.0
vb0[273]+056 BLENDINDICES: 0, 0, 0, 0
vb0[273]+072 COLOR: 0.5019607843137255, 0.5019607843137255, 0.0, 0.0
vb0[273]+076 TEXCOORD: 0.403076171875, 0.382080078125
vb0[273]+080 TEXCOORD1: 0.0, 2.9802322387695312e-08
vb0[273]+088 TEXCOORD2: 0.61474609375, 0.93408203125

vb0[274]+000 POSITION: -0.0939689502120018, 0.0525294691324234, 1.2871265411376953
vb0[274]+012 NORMAL: 0.7591279149055481, 0.43592095375061035, 0.48342281579971313
vb0[274]+024 TANGENT: 0.37035664916038513, -0.8999738693237305, 0.22996294498443604, -1.0
vb0[274]+040 BLENDWEIGHTS: 1.0, 0.0, 0.0, 0.0
vb0[274]+056 BLENDINDICES: 0, 0, 0, 0
vb0[274]+072 COLOR: 0.5019607843137255, 0.5019607843137255, 0.0, 0.0
vb0[274]+076 TEXCOORD: 0.410400390625, 0.3876953125
vb0[274]+080 TEXCOORD1: -4.470348358154297e-08, 2.9802322387695312e-08
vb0[274]+088 TEXCOORD2: 0.6171875, 0.93701171875

vb0[275]+000 POSITION: -0.10427747666835785, 0.06503283232450485, 1.2867881059646606
vb0[275]+012 NORMAL: -0.04647289961576462, -0.055375080555677414, 0.9973835349082947
vb0[275]+024 TANGENT: 0.45799028873443604, -0.8885164260864258, -0.027990797534585, -1.0
vb0[275]+040 BLENDWEIGHTS: 1.0, 0.0, 0.0, 0.0
vb0[275]+056 BLENDINDICES: 0, 0, 0, 0
vb0[275]+072 COLOR: 0.5019607843137255, 0.5019607843137255, 0.0, 0.0
vb0[275]+076 TEXCOORD: 0.404052734375, 0.3916015625
vb0[275]+080 TEXCOORD1: -2.60770320892334e-08, 0.0
vb0[275]+088 TEXCOORD2: 0.6298828125, 0.9365234375

vb0[276]+000 POSITION: -0.10468555986881256, 0.05996188148856163, 1.2884103059768677
vb0[276]+012 NORMAL: 0.1681850254535675, 0.6673579812049866, 0.725497841835022
vb0[276]+024 TANGENT: 0.6447389125823975, -0.6312023997306824, 0.4311556816101074, -1.0
vb0[276]+040 BLENDWEIGHTS: 1.0, 0.0, 0.0, 0.0
vb0[276]+056 BLENDINDICES: 0, 0, 0, 0
vb0[276]+072 COLOR: 0.5019607843137255, 0.5019607843137255, 0.0, 0.0
vb0[276]+076 TEXCOORD: 0.40625, 0.394775390625
vb0[276]+080 TEXCOORD1: 5.960464477539063e-08, 2.9802322387695312e-08
vb0[276]+088 TEXCOORD2: 0.63037109375, 0.9375

vb0[277]+000 POSITION: -0.10427747666835785, 0.06503283232450485, 1.2867881059646606
vb0[277]+012 NORMAL: -0.04647289961576462, -0.055375080555677414, 0.9973835349082947
vb0[277]+024 TANGENT: 0.985456645488739, 0.16083261370658875, 0.05484664440155029, -1.0
vb0[277]+040 BLENDWEIGHTS: 1.0, 0.0, 0.0, 0.0
vb0[277]+056 BLENDINDICES: 0, 0, 0, 0
vb0[277]+072 COLOR: 0.5019607843137255, 0.5019607843137255, 0.0, 0.0
vb0[277]+076 TEXCOORD: 0.48388671875, 0.3544921875
vb0[277]+080 TEXCOORD1: 0.0, 3.725290298461914e-09
vb0[277]+088 TEXCOORD2: 0.6298828125, 0.9365234375

vb0[278]+000 POSITION: -0.11586326360702515, 0.06745880842208862, 1.2834665775299072
vb0[278]+012 NORMAL: -0.5317727327346802, 0.10852406173944473, 0.8399049043655396
vb0[278]+024 TANGENT: 0.794880211353302, 0.4061475396156311, 0.45078784227371216, -1.0
vb0[278]+040 BLENDWEIGHTS: 1.0, 0.0, 0.0, 0.0
vb0[278]+056 BLENDINDICES: 0, 0, 0, 0
vb0[278]+072 COLOR: 0.5019607843137255, 0.5019607843137255, 0.0, 0.0
vb0[278]+076 TEXCOORD: 0.4794921875, 0.349853515625
vb0[278]+080 TEXCOORD1: 5.960464477539063e-08, 0.0
vb0[278]+088 TEXCOORD2: 0.64404296875, 0.93408203125

vb0[279]+000 POSITION: -0.11528413742780685, 0.058428678661584854, 1.2882640361785889
vb0[279]+012 NORMAL: -0.5960152745246887, 0.5538029074668884, 0.5814362168312073
vb0[279]+024 TANGENT: 0.7737269997596741, 0.5897402167320251, 0.231415256857872, -1.0
vb0[279]+040 BLENDWEIGHTS: 1.0, 0.0, 0.0, 0.0
vb0[279]+056 BLENDINDICES: 0, 0, 0, 0
vb0[279]+072 COLOR: 0.5019607843137255, 0.5019607843137255, 0.0, 0.0
vb0[279]+076 TEXCOORD: 0.477783203125, 0.361083984375
vb0[279]+080 TEXCOORD1: -1.4901161193847656e-08, 2.9802322387695312e-08
vb0[279]+088 TEXCOORD2: 0.6435546875, 0.9375

vb0[280]+000 POSITION: -0.10468555986881256, 0.05996188148856163, 1.2884103059768677
vb0[280]+012 NORMAL: 0.1681850254535675, 0.6673579812049866, 0.725497841835022
vb0[280]+024 TANGENT: 0.9719955325126648, 0.010269712656736374, -0.23477493226528168, -1.0
vb0[280]+040 BLENDWEIGHTS: 1.0, 0.0, 0.0, 0.0
vb0[280]+056 BLENDINDICES: 0, 0, 0, 0
vb0[280]+072 COLOR: 0.5019607843137255, 0.5019607843137255, 0.0, 0.0
vb0[280]+076 TEXCOORD: 0.486083984375, 0.3623046875
vb0[280]+080 TEXCOORD1: -2.9802322387695312e-08, 0.0
vb0[280]+088 TEXCOORD2: 0.63037109375, 0.9375

vb0[281]+000 POSITION: -0.12841308116912842, 0.07466552406549454, 1.2712987661361694
vb0[281]+012 NORMAL: -0.9518511295318604, 0.23201031982898712, 0.20037631690502167
vb0[281]+024 TANGENT: 0.3035167157649994, 0.6213417649269104, 0.7223655581474304, -1.0
vb0[281]+040 BLENDWEIGHTS: 1.0, 0.0, 0.0, 0.0
vb0[281]+056 BLENDINDICES: 0, 0, 0, 0
vb0[281]+072 COLOR: 0.5019607843137255, 0.5019607843137255, 0.0, 0.0
vb0[281]+076 TEXCOORD: 0.4697265625, 0.33251953125
vb0[281]+080 TEXCOORD1: -7.450580596923828e-08, -1.4901161193847656e-08
vb0[281]+088 TEXCOORD2: 0.65966796875, 0.92529296875

vb0[282]+000 POSITION: -0.12929442524909973, 0.06501609832048416, 1.272931456565857
vb0[282]+012 NORMAL: -0.9402852058410645, 0.014841655269265175, 0.3400638699531555
vb0[282]+024 TANGENT: 0.26367735862731934, 0.6635615825653076, 0.7001144289970398, -1.0
vb0[282]+040 BLENDWEIGHTS: 1.0, 0.0, 0.0, 0.0
vb0[282]+056 BLENDINDICES: 0, 0, 0, 0
vb0[282]+072 COLOR: 0.5019607843137255, 0.5019607843137255, 0.0, 0.0
vb0[282]+076 TEXCOORD: 0.467529296875, 0.342041015625
vb0[282]+080 TEXCOORD1: 1.4901161193847656e-08, 0.0
vb0[282]+088 TEXCOORD2: 0.6611328125, 0.9267578125

vb0[283]+000 POSITION: -0.12352050840854645, 0.06862793117761612, 1.2625170946121216
vb0[283]+012 NORMAL: -0.8643092513084412, 0.110177181661129, -0.4907447397708893
vb0[283]+024 TANGENT: -0.32108792662620544, 0.6301441788673401, 0.7069801092147827, -1.0
vb0[283]+040 BLENDWEIGHTS: 1.0, 0.0, 0.0, 0.0
vb0[283]+056 BLENDINDICES: 0, 0, 0, 0
vb0[283]+072 COLOR: 0.5019607843137255, 0.5019607843137255, 0.0, 0.0
vb0[283]+076 TEXCOORD: 0.45849609375, 0.33154296875
vb0[283]+080 TEXCOORD1: 0.0, -2.9802322387695312e-08
vb0[283]+088 TEXCOORD2: 0.65380859375, 0.9189453125

vb0[284]+000 POSITION: -0.13205565512180328, 0.055827636271715164, 1.2599475383758545
vb0[284]+012 NORMAL: -0.965888261795044, 0.24307246506214142, -0.08930683881044388
vb0[284]+024 TANGENT: 0.10214129090309143, 0.6745110750198364, 0.7311647534370422, -1.0
vb0[284]+040 BLENDWEIGHTS: 1.0, 0.0, 0.0, 0.0
vb0[284]+056 BLENDINDICES: 0, 0, 0, 0
vb0[284]+072 COLOR: 0.5019607843137255, 0.5019607843137255, 0.0, 0.0
vb0[284]+076 TEXCOORD: 0.455322265625, 0.34130859375
vb0[284]+080 TEXCOORD1: -2.2351741790771484e-08, 0.0
vb0[284]+088 TEXCOORD2: 0.66455078125, 0.91748046875

vb0[285]+000 POSITION: -0.1229541003704071, 0.05277954041957855, 1.270479679107666
vb0[285]+012 NORMAL: -0.9128139019012451, 0.12865877151489258, 0.38757944107055664
vb0[285]+024 TANGENT: 0.3429049253463745, 0.756902277469635, 0.5563408732414246, -1.0
vb0[285]+040 BLENDWEIGHTS: 1.0, 0.0, 0.0, 0.0
vb0[285]+056 BLENDINDICES: 0, 0, 0, 0
vb0[285]+072 COLOR: 0.5019607843137255, 0.5019607843137255, 0.0, 0.0
vb0[285]+076 TEXCOORD: 0.46337890625, 0.35009765625
vb0[285]+080 TEXCOORD1: 2.9802322387695312e-08, 0.0
vb0[285]+088 TEXCOORD2: 0.6533203125, 0.9248046875

vb0[286]+000 POSITION: -0.11710937321186066, 0.0652630627155304, 1.2537206411361694
vb0[286]+012 NORMAL: -0.6331266164779663, 0.04174235463142395, -0.7729219198226929
vb0[286]+024 TANGENT: -0.6725926399230957, 0.4645494818687439, 0.5760319828987122, -1.0
vb0[286]+040 BLENDWEIGHTS: 1.0, 0.0, 0.0, 0.0
vb0[286]+056 BLENDINDICES: 0, 0, 0, 0
vb0[286]+072 COLOR: 0.5019607843137255, 0.5019607843137255, 0.0, 0.0
vb0[286]+076 TEXCOORD: 0.443115234375, 0.3271484375
vb0[286]+080 TEXCOORD1: -2.9802322387695312e-08, 0.0
vb0[286]+088 TEXCOORD2: 0.64599609375, 0.91259765625

vb0[287]+000 POSITION: -0.12847808003425598, 0.04720684513449669, 1.2499758005142212
vb0[287]+012 NORMAL: -0.6888301372528076, -0.10621477663516998, -0.7170992493629456
vb0[287]+024 TANGENT: -0.67094486951828, 0.467974990606308, 0.575180172920227, -1.0
vb0[287]+040 BLENDWEIGHTS: 1.0, 0.0, 0.0, 0.0
vb0[287]+056 BLENDINDICES: 0, 0, 0, 0
vb0[287]+072 COLOR: 0.5019607843137255, 0.5019607843137255, 0.0, 0.0
vb0[287]+076 TEXCOORD: 0.444580078125, 0.341064453125
vb0[287]+080 TEXCOORD1: -2.9802322387695312e-08, 0.0
vb0[287]+088 TEXCOORD2: 0.66015625, 0.91015625

vb0[288]+000 POSITION: -0.12074584513902664, 0.045238036662340164, 1.2441942691802979
vb0[288]+012 NORMAL: -0.33399948477745056, -0.2423739731311798, -0.9108781814575195
vb0[288]+024 TANGENT: -0.938481867313385, 0.17545448243618011, 0.2974347472190857, -1.0
vb0[288]+040 BLENDWEIGHTS: 1.0, 0.0, 0.0, 0.0
vb0[288]+056 BLENDINDICES: 0, 0, 0, 0
vb0[288]+072 COLOR: 0.5019607843137255, 0.5019607843137255, 0.0, 0.0
vb0[288]+076 TEXCOORD: 0.4375, 0.340087890625
vb0[288]+080 TEXCOORD1: -2.9802322387695312e-08, 0.0
vb0[288]+088 TEXCOORD2: 0.650390625, 0.90576171875

vb0[289]+000 POSITION: -0.10819030553102493, 0.02827148325741291, 1.2545874118804932
vb0[289]+012 NORMAL: 0.07580890506505966, -0.5309246182441711, -0.8440213799476624
vb0[289]+024 TANGENT: -0.9693198204040527, -0.2377299666404724, 0.062478985637426376, -1.0
vb0[289]+040 BLENDWEIGHTS: 0.8299611210823059, 0.17003889381885529, 0.0, 0.0
vb0[289]+056 BLENDINDICES: 0, 4, 0, 0
vb0[289]+072 COLOR: 0.5019607843137255, 0.5019607843137255, 0.0, 0.0
vb0[289]+076 TEXCOORD: 0.43212890625, 0.352783203125
vb0[289]+080 TEXCOORD1: 3.3527612686157227e-08, 2.9802322387695312e-08
vb0[289]+088 TEXCOORD2: 0.634765625, 0.91357421875

vb0[290]+000 POSITION: -0.09921751171350479, 0.0331990011036396, 1.2607818841934204
vb0[290]+012 NORMAL: 0.5913858413696289, -0.567400336265564, -0.5729917883872986
vb0[290]+024 TANGENT: -0.7373405694961548, -0.6681743860244751, -0.09935645014047623, -1.0
vb0[290]+040 BLENDWEIGHTS: 1.0, 0.0, 0.0, 0.0
vb0[290]+056 BLENDINDICES: 0, 0, 0, 0
vb0[290]+072 COLOR: 0.5019607843137255, 0.5019607843137255, 0.0, 0.0
vb0[290]+076 TEXCOORD: 0.42333984375, 0.3544921875
vb0[290]+080 TEXCOORD1: 1.862645149230957e-08, 0.0
vb0[290]+088 TEXCOORD2: 0.62353515625, 0.91796875

vb0[291]+000 POSITION: -0.09770093858242035, 0.022053498774766922, 1.2704054117202759
vb0[291]+012 NORMAL: 0.5721298456192017, -0.7280571460723877, -0.37762451171875
vb0[291]+024 TANGENT: -0.7416812181472778, -0.6558249592781067, 0.14072206616401672, -1.0
vb0[291]+040 BLENDWEIGHTS: 1.0, 0.0, 0.0, 0.0
vb0[291]+056 BLENDINDICES: 0, 0, 0, 0
vb0[291]+072 COLOR: 0.5019607843137255, 0.5019607843137255, 0.0, 0.0
vb0[291]+076 TEXCOORD: 0.426513671875, 0.36328125
vb0[291]+080 TEXCOORD1: -8.195638656616211e-08, -2.9802322387695312e-08
vb0[291]+088 TEXCOORD2: 0.62158203125, 0.9248046875

vb0[292]+000 POSITION: -0.10533073544502258, 0.021342772990465164, 1.2630724906921387
vb0[292]+012 NORMAL: 0.04476078599691391, -0.8231364488601685, -0.5660768151283264
vb0[292]+024 TANGENT: -0.9571356773376465, -0.19764970242977142, 0.21172136068344116, -1.0
vb0[292]+040 BLENDWEIGHTS: 1.0, 0.0, 0.0, 0.0
vb0[292]+056 BLENDINDICES: 0, 0, 0, 0
vb0[292]+072 COLOR: 0.5019607843137255, 0.5019607843137255, 0.0, 0.0
vb0[292]+076 TEXCOORD: 0.431640625, 0.3583984375
vb0[292]+080 TEXCOORD1: -1.4901161193847656e-08, -2.9802322387695312e-08
vb0[292]+088 TEXCOORD2: 0.63134765625, 0.91943359375

vb0[293]+000 POSITION: -0.11051452159881592, 0.037330321967601776, 1.2543871402740479
vb0[293]+012 NORMAL: -0.028992798179388046, -0.5896338224411011, -0.80715012550354
vb0[293]+024 TANGENT: -0.9822772145271301, -0.13278570771217346, 0.13228505849838257, -1.0
vb0[293]+040 BLENDWEIGHTS: 1.0, 0.0, 0.0, 0.0
vb0[293]+056 BLENDINDICES: 0, 0, 0, 0
vb0[293]+072 COLOR: 0.5019607843137255, 0.5019607843137255, 0.0, 0.0
vb0[293]+076 TEXCOORD: 0.43115234375, 0.34814453125
vb0[293]+080 TEXCOORD1: 7.450580596923828e-09, 0.0
vb0[293]+088 TEXCOORD2: 0.6376953125, 0.9130859375

vb0[294]+000 POSITION: -0.08979759365320206, 0.028612103313207626, 1.2812459468841553
vb0[294]+012 NORMAL: 0.9170331954956055, -0.3773152828216553, -0.12916333973407745
vb0[294]+024 TANGENT: -0.32647860050201416, -0.8962547779083252, 0.30023160576820374, -1.0
vb0[294]+040 BLENDWEIGHTS: 1.0, 0.0, 0.0, 0.0
vb0[294]+056 BLENDINDICES: 0, 0, 0, 0
vb0[294]+072 COLOR: 0.5019607843137255, 0.5019607843137255, 0.0, 0.0
vb0[294]+076 TEXCOORD: 0.419921875, 0.37158203125
vb0[294]+080 TEXCOORD1: -1.862645149230957e-08, -7.450580596923828e-09
vb0[294]+088 TEXCOORD2: 0.61181640625, 0.9326171875

vb0[295]+000 POSITION: -0.12400900572538376, 0.05061352625489235, 1.2824406623840332
vb0[295]+012 NORMAL: -0.8654053807258606, 0.39641472697257996, 0.3064781427383423
vb0[295]+024 TANGENT: 0.4788757264614105, 0.834351122379303, 0.27301326394081116, -1.0
vb0[295]+040 BLENDWEIGHTS: 1.0, 0.0, 0.0, 0.0
vb0[295]+056 BLENDINDICES: 0, 0, 0, 0
vb0[295]+072 COLOR: 0.5019607843137255, 0.5019607843137255, 0.0, 0.0
vb0[295]+076 TEXCOORD: 0.466796875, 0.3583984375
vb0[295]+080 TEXCOORD1: 2.2351741790771484e-08, 2.9802322387695312e-08
vb0[295]+088 TEXCOORD2: 0.654296875, 0.93359375

vb0[296]+000 POSITION: -0.13298583030700684, 0.043192747980356216, 1.2580578327178955
vb0[296]+012 NORMAL: -0.9406401515007019, -0.19829389452934265, -0.2754555940628052
vb0[296]+024 TANGENT: -0.3216131925582886, 0.7800706028938293, 0.5367074012756348, -1.0
vb0[296]+040 BLENDWEIGHTS: 1.0, 0.0, 0.0, 0.0
vb0[296]+056 BLENDINDICES: 0, 0, 0, 0
vb0[296]+072 COLOR: 0.5019607843137255, 0.5019607843137255, 0.0, 0.0
vb0[296]+076 TEXCOORD: 0.44970703125, 0.34619140625
vb0[296]+080 TEXCOORD1: -2.9802322387695312e-08, 0.0
vb0[296]+088 TEXCOORD2: 0.66552734375, 0.916015625

vb0[297]+000 POSITION: -0.13041503727436066, 0.04427428916096687, 1.2716388702392578
vb0[297]+012 NORMAL: -0.9350460767745972, 0.14657928049564362, 0.3228054344654083
vb0[297]+024 TANGENT: 0.2688922584056854, 0.8866286277770996, 0.37628012895584106, -1.0
vb0[297]+040 BLENDWEIGHTS: 1.0, 0.0, 0.0, 0.0
vb0[297]+056 BLENDINDICES: 0, 0, 0, 0
vb0[297]+072 COLOR: 0.5019607843137255, 0.5019607843137255, 0.0, 0.0
vb0[297]+076 TEXCOORD: 0.457275390625, 0.352783203125
vb0[297]+080 TEXCOORD1: -7.450580596923828e-09, -2.9802322387695312e-08
vb0[297]+088 TEXCOORD2: 0.66259765625, 0.92578125

vb0[298]+000 POSITION: -0.12415283173322678, 0.03786865249276161, 1.277661681175232
vb0[298]+012 NORMAL: -0.9968323111534119, 0.03234206140041351, -0.07265863567590714
vb0[298]+024 TANGENT: -0.0031207201536744833, 0.8969715237617493, 0.44207727909088135, -1.0
vb0[298]+040 BLENDWEIGHTS: 1.0, 0.0, 0.0, 0.0
vb0[298]+056 BLENDINDICES: 0, 0, 0, 0
vb0[298]+072 COLOR: 0.5019607843137255, 0.5019607843137255, 0.0, 0.0
vb0[298]+076 TEXCOORD: 0.4560546875, 0.358642578125
vb0[298]+080 TEXCOORD1: 7.450580596923828e-09, 7.450580596923828e-09
vb0[298]+088 TEXCOORD2: 0.65478515625, 0.93017578125

vb0[299]+000 POSITION: -0.13074438273906708, 0.03464507311582565, 1.261718511581421
vb0[299]+012 NORMAL: -0.7280301451683044, -0.6682924032211304, -0.1528308093547821
vb0[299]+024 TANGENT: -0.6554555296897888, 0.6132358908653259, 0.44081705808639526, -1.0
vb0[299]+040 BLENDWEIGHTS: 1.0, 0.0, 0.0, 0.0
vb0[299]+056 BLENDINDICES: 0, 0, 0, 0
vb0[299]+072 COLOR: 0.5019607843137255, 0.5019607843137255, 0.0, 0.0
vb0[299]+076 TEXCOORD: 0.4482421875, 0.349365234375
vb0[299]+080 TEXCOORD1: 2.9802322387695312e-08, 0.0
vb0[299]+088 TEXCOORD2: 0.66259765625, 0.91845703125

vb0[300]+000 POSITION: -0.11824981123209, 0.029719237238168716, 1.2567626237869263
vb0[300]+012 NORMAL: -0.28410986065864563, -0.829410195350647, -0.4809993803501129
vb0[300]+024 TANGENT: -0.9123278260231018, 0.07958298921585083, 0.4016520380973816, -1.0
vb0[300]+040 BLENDWEIGHTS: 1.0, 0.0, 0.0, 0.0
vb0[300]+056 BLENDINDICES: 0, 0, 0, 0
vb0[300]+072 COLOR: 0.5019607843137255, 0.5019607843137255, 0.0, 0.0
vb0[300]+076 TEXCOORD: 0.438720703125, 0.351318359375
vb0[300]+080 TEXCOORD1: 1.4901161193847656e-08, -2.9802322387695312e-08
vb0[300]+088 TEXCOORD2: 0.6474609375, 0.9150390625

vb0[301]+000 POSITION: -0.11759765446186066, 0.03270263597369194, 1.2687304019927979
vb0[301]+012 NORMAL: -0.5773722529411316, -0.7423600554466248, -0.3399158716201782
vb0[301]+024 TANGENT: -0.7901917099952698, 0.40326184034347534, 0.4614943563938141, -1.0
vb0[301]+040 BLENDWEIGHTS: 1.0, 0.0, 0.0, 0.0
vb0[301]+056 BLENDINDICES: 0, 0, 0, 0
vb0[301]+072 COLOR: 0.5019607843137255, 0.5019607843137255, 0.0, 0.0
vb0[301]+076 TEXCOORD: 0.4443359375, 0.35595703125
vb0[301]+080 TEXCOORD1: -2.9802322387695312e-08, 2.9802322387695312e-08
vb0[301]+088 TEXCOORD2: 0.646484375, 0.92333984375

vb0[302]+000 POSITION: -0.1099148690700531, 0.018353870138525963, 1.2832248210906982
vb0[302]+012 NORMAL: -0.3185465335845947, -0.8499969244003296, -0.41956326365470886
vb0[302]+024 TANGENT: -0.9022513628005981, 0.13617342710494995, 0.40914463996887207, -1.0
vb0[302]+040 BLENDWEIGHTS: 1.0, 0.0, 0.0, 0.0
vb0[302]+056 BLENDINDICES: 0, 0, 0, 0
vb0[302]+072 COLOR: 0.5019607843137255, 0.5019607843137255, 0.0, 0.0
vb0[302]+076 TEXCOORD: 0.4365234375, 0.36669921875
vb0[302]+080 TEXCOORD1: 0.0, -2.9802322387695312e-08
vb0[302]+088 TEXCOORD2: 0.63671875, 0.93408203125

vb0[303]+000 POSITION: -0.09751535207033157, 0.018004383891820908, 1.2808829545974731
vb0[303]+012 NORMAL: 0.5101690292358398, -0.8334454298019409, -0.21235895156860352
vb0[303]+024 TANGENT: -0.7296730875968933, -0.5501270294189453, 0.40612491965293884, -1.0
vb0[303]+040 BLENDWEIGHTS: 1.0, 0.0, 0.0, 0.0
vb0[303]+056 BLENDINDICES: 0, 0, 0, 0
vb0[303]+072 COLOR: 0.5019607843137255, 0.5019607843137255, 0.0, 0.0
vb0[303]+076 TEXCOORD: 0.427734375, 0.368408203125
vb0[303]+080 TEXCOORD1: -7.450580596923828e-09, 0.0
vb0[303]+088 TEXCOORD2: 0.62158203125, 0.93212890625

vb0[304]+000 POSITION: -0.1115407645702362, 0.011800911277532578, 1.2908997535705566
vb0[304]+012 NORMAL: -0.2275000959634781, -0.9704377055168152, -0.08058720827102661
vb0[304]+024 TANGENT: -0.9210371971130371, 0.1875743567943573, 0.34133028984069824, -1.0
vb0[304]+040 BLENDWEIGHTS: 1.0, 0.0, 0.0, 0.0
vb0[304]+056 BLENDINDICES: 0, 0, 0, 0
vb0[304]+072 COLOR: 0.5019607843137255, 0.5019607843137255, 0.0, 0.0
vb0[304]+076 TEXCOORD: 0.4384765625, 0.370849609375
vb0[304]+080 TEXCOORD1: -2.9802322387695312e-08, 1.4901161193847656e-08
vb0[304]+088 TEXCOORD2: 0.638671875, 0.939453125

vb0[305]+000 POSITION: -0.11207030713558197, 0.01883544959127903, 1.27239990234375
vb0[305]+012 NORMAL: -0.37491342425346375, -0.8726295828819275, -0.31298190355300903
vb0[305]+024 TANGENT: -0.8363776803016663, 0.17275360226631165, 0.5202196836471558, -1.0
vb0[305]+040 BLENDWEIGHTS: 1.0, 0.0, 0.0, 0.0
vb0[305]+056 BLENDINDICES: 0, 0, 0, 0
vb0[305]+072 COLOR: 0.5019607843137255, 0.5019607843137255, 0.0, 0.0
vb0[305]+076 TEXCOORD: 0.43701171875, 0.3623046875
vb0[305]+080 TEXCOORD1: 1.4901161193847656e-08, 0.0
vb0[305]+088 TEXCOORD2: 0.6396484375, 0.92626953125

vb0[306]+000 POSITION: -0.101766437292099, 0.012785333208739758, 1.2956414222717285
vb0[306]+012 NORMAL: 0.225269615650177, -0.9502899050712585, 0.2149483859539032
vb0[306]+024 TANGENT: -0.8881884813308716, -0.10961852222681046, 0.44621190428733826, -1.0
vb0[306]+040 BLENDWEIGHTS: 1.0, 0.0, 0.0, 0.0
vb0[306]+056 BLENDINDICES: 0, 0, 0, 0
vb0[306]+072 COLOR: 0.5019607843137255, 0.5019607843137255, 0.0, 0.0
vb0[306]+076 TEXCOORD: 0.43408203125, 0.37548828125
vb0[306]+080 TEXCOORD1: 0.0, 1.4901161193847656e-08
vb0[306]+088 TEXCOORD2: 0.626953125, 0.94287109375

vb0[307]+000 POSITION: -0.08835693448781967, 0.03856811299920082, 1.2980599403381348
vb0[307]+012 NORMAL: 0.9990025162696838, 0.036278702318668365, -0.026035884395241737
vb0[307]+024 TANGENT: 0.043370213359594345, -0.6494631767272949, 0.7591552138328552, -1.0
vb0[307]+040 BLENDWEIGHTS: 1.0, 0.0, 0.0, 0.0
vb0[307]+056 BLENDINDICES: 0, 0, 0, 0
vb0[307]+072 COLOR: 0.5019607843137255, 0.5019607843137255, 0.0, 0.0
vb0[307]+076 TEXCOORD: 0.42041015625, 0.391845703125
vb0[307]+080 TEXCOORD1: -1.1175870895385742e-08, -1.862645149230957e-09
vb0[307]+088 TEXCOORD2: 0.60986328125, 0.94482421875

vb0[308]+000 POSITION: -0.09016845375299454, 0.026241455227136612, 1.2990593910217285
vb0[308]+012 NORMAL: 0.9301905632019043, -0.365293025970459, 0.03614761307835579
vb0[308]+024 TANGENT: -0.29760485887527466, -0.6928318738937378, 0.656822144985199, -1.0
vb0[308]+040 BLENDWEIGHTS: 1.0, 0.0, 0.0, 0.0
vb0[308]+056 BLENDINDICES: 0, 0, 0, 0
vb0[308]+072 COLOR: 0.5019607843137255, 0.5019607843137255, 0.0, 0.0
vb0[308]+076 TEXCOORD: 0.4248046875, 0.383544921875
vb0[308]+080 TEXCOORD1: -1.862645149230957e-09, 0.0
vb0[308]+088 TEXCOORD2: 0.6123046875, 0.9453125

vb0[309]+000 POSITION: -0.09392578154802322, 0.049835205078125, 1.294584035873413
vb0[309]+012 NORMAL: 0.8029071092605591, 0.5909835696220398, -0.07796554267406464
vb0[309]+024 TANGENT: 0.5575634241104126, -0.6982788443565369, 0.4489206373691559, -1.0
vb0[309]+040 BLENDWEIGHTS: 1.0, 0.0, 0.0, 0.0
vb0[309]+056 BLENDINDICES: 0, 0, 0, 0
vb0[309]+072 COLOR: 0.5019607843137255, 0.5019607843137255, 0.0, 0.0
vb0[309]+076 TEXCOORD: 0.4140625, 0.397216796875
vb0[309]+080 TEXCOORD1: -1.862645149230957e-08, 7.450580596923828e-09
vb0[309]+088 TEXCOORD2: 0.6171875, 0.94189453125

vb0[310]+000 POSITION: -0.1028735339641571, 0.05710448697209358, 1.2970311641693115
vb0[310]+012 NORMAL: 0.3334067165851593, 0.825935423374176, -0.45461031794548035
vb0[310]+024 TANGENT: 0.941093921661377, -0.2627089321613312, 0.21289967000484467, -1.0
vb0[310]+040 BLENDWEIGHTS: 1.0, 0.0, 0.0, 0.0
vb0[310]+056 BLENDINDICES: 0, 0, 0, 0
vb0[310]+072 COLOR: 0.5019607843137255, 0.5019607843137255, 0.0, 0.0
vb0[310]+076 TEXCOORD: 0.409912109375, 0.405517578125
vb0[310]+080 TEXCOORD1: 2.9802322387695312e-08, 2.9802322387695312e-08
vb0[310]+088 TEXCOORD2: 0.6279296875, 0.94384765625

vb0[311]+000 POSITION: -0.1028735339641571, 0.05710448697209358, 1.2970311641693115
vb0[311]+012 NORMAL: 0.3334067165851593, 0.825935423374176, -0.45461031794548035
vb0[311]+024 TANGENT: 0.9296301603317261, -0.36827489733695984, 0.012700372375547886, -1.0
vb0[311]+040 BLENDWEIGHTS: 1.0, 0.0, 0.0, 0.0
vb0[311]+056 BLENDINDICES: 0, 0, 0, 0
vb0[311]+072 COLOR: 0.5019607843137255, 0.5019607843137255, 0.0, 0.0
vb0[311]+076 TEXCOORD: 0.490966796875, 0.374267578125
vb0[311]+080 TEXCOORD1: -2.7474015951156616e-08, 2.9802322387695312e-08
vb0[311]+088 TEXCOORD2: 0.6279296875, 0.94384765625

vb0[312]+000 POSITION: -0.12172839045524597, 0.045395612716674805, 1.2896313667297363
vb0[312]+012 NORMAL: -0.7903170585632324, 0.5866934061050415, -0.1766064614057541
vb0[312]+024 TANGENT: 0.5712592005729675, 0.8097947835922241, 0.13377389311790466, -1.0
vb0[312]+040 BLENDWEIGHTS: 1.0, 0.0, 0.0, 0.0
vb0[312]+056 BLENDINDICES: 0, 0, 0, 0
vb0[312]+072 COLOR: 0.5019607843137255, 0.5019607843137255, 0.0, 0.0
vb0[312]+076 TEXCOORD: 0.46826171875, 0.365234375
vb0[312]+080 TEXCOORD1: 3.91155481338501e-08, 0.0
vb0[312]+088 TEXCOORD2: 0.6513671875, 0.9384765625

vb0[313]+000 POSITION: -0.11137955635786057, 0.05757099390029907, 1.3005692958831787
vb0[313]+012 NORMAL: -0.528091311454773, 0.6657171249389648, -0.5272002816200256
vb0[313]+024 TANGENT: 0.8448523283004761, 0.3492293059825897, -0.4052942097187042, -1.0
vb0[313]+040 BLENDWEIGHTS: 1.0, 0.0, 0.0, 0.0
vb0[313]+056 BLENDINDICES: 0, 0, 0, 0
vb0[313]+072 COLOR: 0.5019607843137255, 0.5019607843137255, 0.0, 0.0
vb0[313]+076 TEXCOORD: 0.482421875, 0.377197265625
vb0[313]+080 TEXCOORD1: -2.9802322387695312e-08, -2.9802322387695312e-08
vb0[313]+088 TEXCOORD2: 0.638671875, 0.9462890625

vb0[314]+000 POSITION: -0.13628414273262024, 0.032672107219696045, 1.2899667024612427
vb0[314]+012 NORMAL: -0.9366610646247864, -0.0952337458729744, -0.33704110980033875
vb0[314]+024 TANGENT: -0.12463904172182083, 0.9899604320526123, 0.06665926426649094, -1.0
vb0[314]+040 BLENDWEIGHTS: 1.0, 0.0, 0.0, 0.0
vb0[314]+056 BLENDINDICES: 0, 0, 0, 0
vb0[314]+072 COLOR: 0.5019607843137255, 0.5019607843137255, 0.0, 0.0
vb0[314]+076 TEXCOORD: 0.4560546875, 0.3671875
vb0[314]+080 TEXCOORD1: -1.6763806343078613e-08, -2.9802322387695312e-08
vb0[314]+088 TEXCOORD2: 0.669921875, 0.93896484375

vb0[315]+000 POSITION: -0.1281721293926239, 0.05059700459241867, 1.2986202239990234
vb0[315]+012 NORMAL: -0.6285790205001831, 0.7171851992607117, -0.30088844895362854
vb0[315]+024 TANGENT: 0.7751567959785461, 0.6092443466186523, -0.16719253361225128, -1.0
vb0[315]+040 BLENDWEIGHTS: 1.0, 0.0, 0.0, 0.0
vb0[315]+056 BLENDINDICES: 0, 0, 0, 0
vb0[315]+072 COLOR: 0.5019607843137255, 0.5019607843137255, 0.0, 0.0
vb0[315]+076 TEXCOORD: 0.469482421875, 0.373291015625
vb0[315]+080 TEXCOORD1: 4.0978193283081055e-08, 2.9802322387695312e-08
vb0[315]+088 TEXCOORD2: 0.65966796875, 0.94482421875

vb0[316]+000 POSITION: -0.12291748076677322, 0.025795897468924522, 1.2894524335861206
vb0[316]+012 NORMAL: -0.5614818930625916, -0.715973436832428, -0.41487380862236023
vb0[316]+024 TANGENT: -0.82244873046875, 0.5381079316139221, 0.18443945050239563, -1.0
vb0[316]+040 BLENDWEIGHTS: 1.0, 0.0, 0.0, 0.0
vb0[316]+056 BLENDINDICES: 0, 0, 0, 0
vb0[316]+072 COLOR: 0.5019607843137255, 0.5019607843137255, 0.0, 0.0
vb0[316]+076 TEXCOORD: 0.447509765625, 0.3671875
vb0[316]+080 TEXCOORD1: 7.450580596923828e-09, 0.0
vb0[316]+088 TEXCOORD2: 0.65283203125, 0.9384765625

vb0[317]+000 POSITION: -0.13245360553264618, 0.023676756769418716, 1.2999743223190308
vb0[317]+012 NORMAL: -0.6741425395011902, -0.6776583790779114, 0.2937871217727661
vb0[317]+024 TANGENT: -0.6703173518180847, 0.7283738851547241, 0.14193665981292725, -1.0
vb0[317]+040 BLENDWEIGHTS: 1.0, 0.0, 0.0, 0.0
vb0[317]+056 BLENDINDICES: 0, 0, 0, 0
vb0[317]+072 COLOR: 0.5019607843137255, 0.5019607843137255, 0.0, 0.0
vb0[317]+076 TEXCOORD: 0.452392578125, 0.37158203125
vb0[317]+080 TEXCOORD1: -3.3527612686157227e-08, 2.9802322387695312e-08
vb0[317]+088 TEXCOORD2: 0.6650390625, 0.94580078125

vb0[318]+000 POSITION: -0.12857909500598907, 0.030308837071061134, 1.2782483100891113
vb0[318]+012 NORMAL: -0.8112044930458069, -0.30253589153289795, -0.5004191994667053
vb0[318]+024 TANGENT: -0.48809000849723816, 0.821605384349823, 0.29450446367263794, -1.0
vb0[318]+040 BLENDWEIGHTS: 1.0, 0.0, 0.0, 0.0
vb0[318]+056 BLENDINDICES: 0, 0, 0, 0
vb0[318]+072 COLOR: 0.5019607843137255, 0.5019607843137255, 0.0, 0.0
vb0[318]+076 TEXCOORD: 0.451171875, 0.36181640625
vb0[318]+080 TEXCOORD1: -2.9802322387695312e-08, 0.0
vb0[318]+088 TEXCOORD2: 0.66015625, 0.93017578125

vb0[319]+000 POSITION: -0.12262450903654099, 0.016079101711511612, 1.295149564743042
vb0[319]+012 NORMAL: -0.5149532556533813, -0.856209397315979, 0.04157520830631256
vb0[319]+024 TANGENT: -0.809797465801239, 0.5018014907836914, 0.30401185154914856, -1.0
vb0[319]+040 BLENDWEIGHTS: 1.0, 0.0, 0.0, 0.0
vb0[319]+056 BLENDINDICES: 0, 0, 0, 0
vb0[319]+072 COLOR: 0.5019607843137255, 0.5019607843137255, 0.0, 0.0
vb0[319]+076 TEXCOORD: 0.445556640625, 0.37109375
vb0[319]+080 TEXCOORD1: -4.470348358154297e-08, -3.725290298461914e-09
vb0[319]+088 TEXCOORD2: 0.65283203125, 0.9423828125

vb0[320]+000 POSITION: -0.12145019322633743, 0.026357421651482582, 1.2712169885635376
vb0[320]+012 NORMAL: -0.5827356576919556, -0.48258066177368164, -0.6538617610931396
vb0[320]+024 TANGENT: -0.7791716456413269, 0.5603822469711304, 0.28082603216171265, -1.0
vb0[320]+040 BLENDWEIGHTS: 1.0, 0.0, 0.0, 0.0
vb0[320]+056 BLENDINDICES: 0, 0, 0, 0
vb0[320]+072 COLOR: 0.5019607843137255, 0.5019607843137255, 0.0, 0.0
vb0[320]+076 TEXCOORD: 0.4443359375, 0.35791015625
vb0[320]+080 TEXCOORD1: 1.4901161193847656e-08, 5.960464477539063e-08
vb0[320]+088 TEXCOORD2: 0.6513671875, 0.92529296875

vb0[321]+000 POSITION: -0.10818663984537125, 0.021906737238168716, 1.302496314048767
vb0[321]+012 NORMAL: -0.28961122035980225, -0.9083916544914246, 0.3015790581703186
vb0[321]+024 TANGENT: -0.8685995936393738, 0.3817898631095886, 0.3158659040927887, -1.0
vb0[321]+040 BLENDWEIGHTS: 1.0, 0.0, 0.0, 0.0
vb0[321]+056 BLENDINDICES: 0, 0, 0, 0
vb0[321]+072 COLOR: 0.5019607843137255, 0.5019607843137255, 0.0, 0.0
vb0[321]+076 TEXCOORD: 0.440673828125, 0.378173828125
vb0[321]+080 TEXCOORD1: 7.450580596923828e-09, 0.0
vb0[321]+088 TEXCOORD2: 0.634765625, 0.94775390625

vb0[322]+000 POSITION: -0.09522826224565506, 0.015888003632426262, 1.3033106327056885
vb0[322]+012 NORMAL: 0.5009602904319763, -0.8590810894966125, 0.10496949404478073
vb0[322]+024 TANGENT: -0.6465862989425659, -0.29087933897972107, 0.7052059769630432, -1.0
vb0[322]+040 BLENDWEIGHTS: 1.0, 0.0, 0.0, 0.0
vb0[322]+056 BLENDINDICES: 0, 0, 0, 0
vb0[322]+072 COLOR: 0.5019607843137255, 0.5019607843137255, 0.0, 0.0
vb0[322]+076 TEXCOORD: 0.431884765625, 0.380859375
vb0[322]+080 TEXCOORD1: -7.450580596923828e-09, 2.9802322387695312e-08
vb0[322]+088 TEXCOORD2: 0.61865234375, 0.9482421875

vb0[323]+000 POSITION: -0.09826871752738953, 0.01775233820080757, 1.315813422203064
vb0[323]+012 NORMAL: 0.35187262296676636, -0.7509439587593079, 0.5588102340698242
vb0[323]+024 TANGENT: -0.7954540848731995, 0.07478555291891098, 0.6013817191123962, -1.0
vb0[323]+040 BLENDWEIGHTS: 1.0, 0.0, 0.0, 0.0
vb0[323]+056 BLENDINDICES: 0, 0, 0, 0
vb0[323]+072 COLOR: 0.5019607843137255, 0.5019607843137255, 0.0, 0.0
vb0[323]+076 TEXCOORD: 0.435791015625, 0.385498046875
vb0[323]+080 TEXCOORD1: -2.9802322387695312e-08, -2.9802322387695312e-08
vb0[323]+088 TEXCOORD2: 0.62255859375, 0.95751953125

vb0[324]+000 POSITION: -0.09084191918373108, 0.03523958846926689, 1.3139201402664185
vb0[324]+012 NORMAL: 0.8763764500617981, -0.44327956438064575, 0.1883283108472824
vb0[324]+024 TANGENT: -0.30482688546180725, -0.20776399970054626, 0.9294701218605042, -1.0
vb0[324]+040 BLENDWEIGHTS: 1.0, 0.0, 0.0, 0.0
vb0[324]+056 BLENDINDICES: 0, 0, 0, 0
vb0[324]+072 COLOR: 0.5019607843137255, 0.5019607843137255, 0.0, 0.0
vb0[324]+076 TEXCOORD: 0.429443359375, 0.394287109375
vb0[324]+080 TEXCOORD1: 0.0, 2.9802322387695312e-08
vb0[324]+088 TEXCOORD2: 0.61328125, 0.9560546875

vb0[325]+000 POSITION: -0.09322888404130936, 0.05377863720059395, 1.3012995719909668
vb0[325]+012 NORMAL: 0.6908705234527588, 0.3012330234050751, -0.6572340130805969
vb0[325]+024 TANGENT: 0.7225671410560608, -0.3183530271053314, 0.6136351823806763, -1.0
vb0[325]+040 BLENDWEIGHTS: 1.0, 0.0, 0.0, 0.0
vb0[325]+056 BLENDINDICES: 0, 0, 0, 0
vb0[325]+072 COLOR: 0.5019607843137255, 0.5019607843137255, 0.0, 0.0
vb0[325]+076 TEXCOORD: 0.41748046875, 0.40673828125
vb0[325]+080 TEXCOORD1: -2.9802322387695312e-08, 0.0
vb0[325]+088 TEXCOORD2: 0.6162109375, 0.94677734375

vb0[326]+000 POSITION: -0.1339770406484604, 0.03728386014699936, 1.3034435510635376
vb0[326]+012 NORMAL: -0.8769894242286682, 0.07068739831447601, 0.47528189420700073
vb0[326]+024 TANGENT: -0.002794611966237426, 0.9883531928062439, -0.15215173363685608, -1.0
vb0[326]+040 BLENDWEIGHTS: 1.0, 0.0, 0.0, 0.0
vb0[326]+056 BLENDINDICES: 0, 0, 0, 0
vb0[326]+072 COLOR: 0.5019607843137255, 0.5019607843137255, 0.0, 0.0
vb0[326]+076 TEXCOORD: 0.460205078125, 0.373779296875
vb0[326]+080 TEXCOORD1: 0.0, 0.0
vb0[326]+088 TEXCOORD2: 0.6669921875, 0.94873046875

vb0[327]+000 POSITION: -0.1279003918170929, 0.050983887165784836, 1.306374192237854
vb0[327]+012 NORMAL: -0.7169973254203796, 0.6645249724388123, 0.2105264514684677
vb0[327]+024 TANGENT: 0.5965553522109985, 0.741186261177063, -0.30783870816230774, -1.0
vb0[327]+040 BLENDWEIGHTS: 1.0, 0.0, 0.0, 0.0
vb0[327]+056 BLENDINDICES: 0, 0, 0, 0
vb0[327]+072 COLOR: 0.5019607843137255, 0.5019607843137255, 0.0, 0.0
vb0[327]+076 TEXCOORD: 0.468994140625, 0.37744140625
vb0[327]+080 TEXCOORD1: -7.450580596923828e-09, 0.0
vb0[327]+088 TEXCOORD2: 0.6591796875, 0.95068359375

vb0[328]+000 POSITION: -0.12629149854183197, 0.03725341707468033, 1.3089812994003296
vb0[328]+012 NORMAL: -0.9421326518058777, -0.27077004313468933, 0.19766059517860413
vb0[328]+024 TANGENT: -0.28030991554260254, 0.9596698880195618, -0.02144720032811165, -1.0
vb0[328]+040 BLENDWEIGHTS: 1.0, 0.0, 0.0, 0.0
vb0[328]+056 BLENDINDICES: 0, 0, 0, 0
vb0[328]+072 COLOR: 0.5019607843137255, 0.5019607843137255, 0.0, 0.0
vb0[328]+076 TEXCOORD: 0.458984375, 0.3779296875
vb0[328]+080 TEXCOORD1: -3.5390257835388184e-08, 1.4901161193847656e-08
vb0[328]+088 TEXCOORD2: 0.6572265625, 0.95263671875

vb0[329]+000 POSITION: -0.11963500827550888, 0.027373045682907104, 1.3047301769256592
vb0[329]+012 NORMAL: -0.4661582410335541, -0.8137500286102295, 0.3471416234970093
vb0[329]+024 TANGENT: -0.7624930739402771, 0.5685368776321411, 0.30882060527801514, -1.0
vb0[329]+040 BLENDWEIGHTS: 1.0, 0.0, 0.0, 0.0
vb0[329]+056 BLENDINDICES: 0, 0, 0, 0
vb0[329]+072 COLOR: 0.5019607843137255, 0.5019607843137255, 0.0, 0.0
vb0[329]+076 TEXCOORD: 0.449462890625, 0.377685546875
vb0[329]+080 TEXCOORD1: 0.0, 0.0
vb0[329]+088 TEXCOORD2: 0.64892578125, 0.94921875

vb0[330]+000 POSITION: -0.12213622778654099, 0.022761229425668716, 1.3150157928466797
vb0[330]+012 NORMAL: -0.5468987226486206, -0.8091329336166382, 0.21495530009269714
vb0[330]+024 TANGENT: -0.7465802431106567, 0.5875368118286133, 0.3121189773082733, -1.0
vb0[330]+040 BLENDWEIGHTS: 1.0, 0.0, 0.0, 0.0
vb0[330]+056 BLENDINDICES: 0, 0, 0, 0
vb0[330]+072 COLOR: 0.5019607843137255, 0.5019607843137255, 0.0, 0.0
vb0[330]+076 TEXCOORD: 0.448486328125, 0.381103515625
vb0[330]+080 TEXCOORD1: 2.9802322387695312e-08, -2.9802322387695312e-08
vb0[330]+088 TEXCOORD2: 0.65185546875, 0.95703125

vb0[331]+000 POSITION: -0.10951343178749084, 0.018703613430261612, 1.3157861232757568
vb0[331]+012 NORMAL: -0.16444836556911469, -0.8847204446792603, 0.43614962697029114
vb0[331]+024 TANGENT: -0.8887622356414795, 0.3246955871582031, 0.323534220457077, -1.0
vb0[331]+040 BLENDWEIGHTS: 1.0, 0.0, 0.0, 0.0
vb0[331]+056 BLENDINDICES: 0, 0, 0, 0
vb0[331]+072 COLOR: 0.5019607843137255, 0.5019607843137255, 0.0, 0.0
vb0[331]+076 TEXCOORD: 0.441162109375, 0.38330078125
vb0[331]+080 TEXCOORD1: 0.0, 2.9802322387695312e-08
vb0[331]+088 TEXCOORD2: 0.63623046875, 0.95751953125

vb0[332]+000 POSITION: -0.0946209728717804, 0.03502441197633743, 1.3337353467941284
vb0[332]+012 NORMAL: 0.3951214849948883, -0.6405140161514282, 0.6584990620613098
vb0[332]+024 TANGENT: -0.5989899039268494, 0.36384522914886475, 0.7133216857910156, -1.0
vb0[332]+040 BLENDWEIGHTS: 1.0, 0.0, 0.0, 0.0
vb0[332]+056 BLENDINDICES: 0, 0, 0, 0
vb0[332]+072 COLOR: 0.5019607843137255, 0.5019607843137255, 0.0, 0.0
vb0[332]+076 TEXCOORD: 0.440673828125, 0.396484375
vb0[332]+080 TEXCOORD1: -5.960464477539063e-08, 1.4901161193847656e-08
vb0[332]+088 TEXCOORD2: 0.61767578125, 0.97021484375

vb0[333]+000 POSITION: -0.1013699322938919, 0.045124512165784836, 1.33447265625
vb0[333]+012 NORMAL: -0.36567598581314087, -0.4822383522987366, 0.7960699200630188
vb0[333]+024 TANGENT: -0.7381318807601929, 0.6712639927864075, 0.06757216155529022, -1.0
vb0[333]+040 BLENDWEIGHTS: 1.0, 0.0, 0.0, 0.0
vb0[333]+056 BLENDINDICES: 0, 0, 0, 0
vb0[333]+072 COLOR: 0.5019607843137255, 0.5019607843137255, 0.0, 0.0
vb0[333]+076 TEXCOORD: 0.44775390625, 0.3974609375
vb0[333]+080 TEXCOORD1: 1.4901161193847656e-08, 2.9802322387695312e-08
vb0[333]+088 TEXCOORD2: 0.62646484375, 0.970703125

vb0[334]+000 POSITION: -0.10532622784376144, 0.03171752765774727, 1.331704020500183
vb0[334]+012 NORMAL: -0.09497978538274765, -0.6959506869316101, 0.7117804884910583
vb0[334]+024 TANGENT: -0.7587067484855652, 0.513505756855011, 0.4008439779281616, -1.0
vb0[334]+040 BLENDWEIGHTS: 1.0, 0.0, 0.0, 0.0
vb0[334]+056 BLENDINDICES: 0, 0, 0, 0
vb0[334]+072 COLOR: 0.5019607843137255, 0.5019607843137255, 0.0, 0.0
vb0[334]+076 TEXCOORD: 0.4453125, 0.391845703125
vb0[334]+080 TEXCOORD1: 0.0, 0.0
vb0[334]+088 TEXCOORD2: 0.63134765625, 0.96875

vb0[335]+000 POSITION: -0.11062774062156677, 0.0296484362334013, 1.3200976848602295
vb0[335]+012 NORMAL: -0.037856269627809525, -0.7570656538009644, 0.6522411108016968
vb0[335]+024 TANGENT: -0.7619349956512451, 0.4441772997379303, 0.4713400900363922, -1.0
vb0[335]+040 BLENDWEIGHTS: 1.0, 0.0, 0.0, 0.0
vb0[335]+056 BLENDINDICES: 0, 0, 0, 0
vb0[335]+072 COLOR: 0.5019607843137255, 0.5019607843137255, 0.0, 0.0
vb0[335]+076 TEXCOORD: 0.443603515625, 0.38623046875
vb0[335]+080 TEXCOORD1: 2.9802322387695312e-08, 0.0
vb0[335]+088 TEXCOORD2: 0.6376953125, 0.96044921875

vb0[336]+000 POSITION: -0.09915681928396225, 0.03096787817776203, 1.3183486461639404
vb0[336]+012 NORMAL: 0.39700254797935486, -0.6775001287460327, 0.6191789507865906
vb0[336]+024 TANGENT: -0.6543533802032471, 0.26412689685821533, 0.7085608839988708, -1.0
vb0[336]+040 BLENDWEIGHTS: 1.0, 0.0, 0.0, 0.0
vb0[336]+056 BLENDINDICES: 0, 0, 0, 0
vb0[336]+072 COLOR: 0.5019607843137255, 0.5019607843137255, 0.0, 0.0
vb0[336]+076 TEXCOORD: 0.43603515625, 0.390380859375
vb0[336]+080 TEXCOORD1: 0.0, 0.0
vb0[336]+088 TEXCOORD2: 0.62353515625, 0.958984375

vb0[337]+000 POSITION: -0.12864257395267487, 0.04450744390487671, 1.3147563934326172
vb0[337]+012 NORMAL: -0.912222683429718, 0.35906368494033813, 0.19728903472423553
vb0[337]+024 TANGENT: 0.2847292423248291, 0.9018775820732117, -0.3248785734176636, -1.0
vb0[337]+040 BLENDWEIGHTS: 1.0, 0.0, 0.0, 0.0
vb0[337]+056 BLENDINDICES: 0, 0, 0, 0
vb0[337]+072 COLOR: 0.5019607843137255, 0.5019607843137255, 0.0, 0.0
vb0[337]+076 TEXCOORD: 0.463623046875, 0.381103515625
vb0[337]+080 TEXCOORD1: 5.960464477539063e-08, 1.4901161193847656e-08
vb0[337]+088 TEXCOORD2: 0.66015625, 0.95654296875

vb0[338]+000 POSITION: -0.12064696848392487, 0.05185790732502937, 1.3133882284164429
vb0[338]+012 NORMAL: -0.9205670952796936, 0.38853564858436584, -0.03995141759514809
vb0[338]+024 TANGENT: 0.3421621024608612, 0.7528823018074036, -0.5622217059135437, -1.0
vb0[338]+040 BLENDWEIGHTS: 1.0, 0.0, 0.0, 0.0
vb0[338]+056 BLENDINDICES: 0, 0, 0, 0
vb0[338]+072 COLOR: 0.5019607843137255, 0.5019607843137255, 0.0, 0.0
vb0[338]+076 TEXCOORD: 0.470703125, 0.38330078125
vb0[338]+080 TEXCOORD1: 2.421438694000244e-08, -3.725290298461914e-09
vb0[338]+088 TEXCOORD2: 0.650390625, 0.95556640625

vb0[339]+000 POSITION: -0.13194580376148224, 0.0320751927793026, 1.3193506002426147
vb0[339]+012 NORMAL: -0.9093620777130127, -0.3528158664703369, 0.2204119712114334
vb0[339]+024 TANGENT: -0.3633101284503937, 0.9316369295120239, -0.007641023024916649, -1.0
vb0[339]+040 BLENDWEIGHTS: 1.0, 0.0, 0.0, 0.0
vb0[339]+056 BLENDINDICES: 0, 0, 0, 0
vb0[339]+072 COLOR: 0.5019607843137255, 0.5019607843137255, 0.0, 0.0
vb0[339]+076 TEXCOORD: 0.45556640625, 0.38134765625
vb0[339]+080 TEXCOORD1: 1.57160684466362e-08, -1.4901161193847656e-08
vb0[339]+088 TEXCOORD2: 0.6640625, 0.9599609375

vb0[340]+000 POSITION: -0.12097823619842529, 0.030766600742936134, 1.3200976848602295
vb0[340]+012 NORMAL: -0.16404828429222107, -0.7339963912963867, 0.6590427756309509
vb0[340]+024 TANGENT: -0.6661682724952698, 0.5751698613166809, 0.47476252913475037, -1.0
vb0[340]+040 BLENDWEIGHTS: 1.0, 0.0, 0.0, 0.0
vb0[340]+056 BLENDINDICES: 0, 0, 0, 0
vb0[340]+072 COLOR: 0.5019607843137255, 0.5019607843137255, 0.0, 0.0
vb0[340]+076 TEXCOORD: 0.449462890625, 0.38330078125
vb0[340]+080 TEXCOORD1: -2.9802322387695312e-08, 2.9802322387695312e-08
vb0[340]+088 TEXCOORD2: 0.65087890625, 0.96044921875

vb0[341]+000 POSITION: -0.12694092094898224, 0.03516235202550888, 1.325747013092041
vb0[341]+012 NORMAL: -0.6391764879226685, -0.1600266993045807, 0.7522265911102295
vb0[341]+024 TANGENT: -0.5140370726585388, 0.8164214491844177, -0.2631005644798279, -1.0
vb0[341]+040 BLENDWEIGHTS: 1.0, 0.0, 0.0, 0.0
vb0[341]+056 BLENDINDICES: 0, 0, 0, 0
vb0[341]+072 COLOR: 0.5019607843137255, 0.5019607843137255, 0.0, 0.0
vb0[341]+076 TEXCOORD: 0.455078125, 0.383056640625
vb0[341]+080 TEXCOORD1: -2.9802322387695312e-08, 2.9802322387695312e-08
vb0[341]+088 TEXCOORD2: 0.658203125, 0.96435546875

vb0[342]+000 POSITION: -0.11668761819601059, 0.033177491277456284, 1.329323649406433
vb0[342]+012 NORMAL: -0.2816833257675171, -0.5029192566871643, 0.8171454668045044
vb0[342]+024 TANGENT: -0.6749056577682495, 0.7091940641403198, 0.20382867753505707, -1.0
vb0[342]+040 BLENDWEIGHTS: 1.0, 0.0, 0.0, 0.0
vb0[342]+056 BLENDINDICES: 0, 0, 0, 0
vb0[342]+072 COLOR: 0.5019607843137255, 0.5019607843137255, 0.0, 0.0
vb0[342]+076 TEXCOORD: 0.450439453125, 0.387939453125
vb0[342]+080 TEXCOORD1: -2.9802322387695312e-08, 0.0
vb0[342]+088 TEXCOORD2: 0.6455078125, 0.96728515625

vb0[343]+000 POSITION: -0.11268676817417145, 0.046007078140974045, 1.3282811641693115
vb0[343]+012 NORMAL: -0.42300450801849365, -0.3964942991733551, 0.8147757053375244
vb0[343]+024 TANGENT: -0.6733561158180237, 0.7392484545707703, 0.010156316682696342, -1.0
vb0[343]+040 BLENDWEIGHTS: 1.0, 0.0, 0.0, 0.0
vb0[343]+056 BLENDINDICES: 0, 0, 0, 0
vb0[343]+072 COLOR: 0.5019607843137255, 0.5019607843137255, 0.0, 0.0
vb0[343]+076 TEXCOORD: 0.45556640625, 0.392333984375
vb0[343]+080 TEXCOORD1: -9.313225746154785e-10, -2.9802322387695312e-08
vb0[343]+088 TEXCOORD2: 0.64013671875, 0.96630859375

vb0[344]+000 POSITION: -0.10459594428539276, 0.0515759252011776, 1.340722680091858
vb0[344]+012 NORMAL: -0.10705740004777908, -0.16540281474590302, 0.9803982377052307
vb0[344]+024 TANGENT: -0.8320520520210266, 0.554690957069397, 0.002723522949963808, -1.0
vb0[344]+040 BLENDWEIGHTS: 1.0, 0.0, 0.0, 0.0
vb0[344]+056 BLENDINDICES: 0, 0, 0, 0
vb0[344]+072 COLOR: 0.5019607843137255, 0.5019607843137255, 0.0, 0.0
vb0[344]+076 TEXCOORD: 0.4501953125, 0.39892578125
vb0[344]+080 TEXCOORD1: 5.3551048040390015e-09, 0.0
vb0[344]+088 TEXCOORD2: 0.63037109375, 0.97509765625

vb0[345]+000 POSITION: -0.09301269054412842, 0.04446044936776161, 1.337792992591858
vb0[345]+012 NORMAL: 0.4428744912147522, -0.2497389316558838, 0.8610996603965759
vb0[345]+024 TANGENT: -0.626537024974823, 0.6007975935935974, 0.4964812397956848, -1.0
vb0[345]+040 BLENDWEIGHTS: 1.0, 0.0, 0.0, 0.0
vb0[345]+056 BLENDINDICES: 0, 0, 0, 0
vb0[345]+072 COLOR: 0.5019607843137255, 0.5019607843137255, 0.0, 0.0
vb0[345]+076 TEXCOORD: 0.44189453125, 0.398681640625
vb0[345]+080 TEXCOORD1: 2.9802322387695312e-08, -7.450580596923828e-09
vb0[345]+088 TEXCOORD2: 0.61572265625, 0.97314453125

vb0[346]+000 POSITION: -0.08586299419403076, 0.04323357343673706, 1.321694254875183
vb0[346]+012 NORMAL: 0.9403389692306519, -0.3189784586429596, 0.11838649213314056
vb0[346]+024 TANGENT: -0.0952233299612999, 0.08731655031442642, 0.9916189908981323, -1.0
vb0[346]+040 BLENDWEIGHTS: 1.0, 0.0, 0.0, 0.0
vb0[346]+056 BLENDINDICES: 0, 0, 0, 0
vb0[346]+072 COLOR: 0.5019607843137255, 0.5019607843137255, 0.0, 0.0
vb0[346]+076 TEXCOORD: 0.431396484375, 0.401123046875
vb0[346]+080 TEXCOORD1: -1.4901161193847656e-08, 4.0978193283081055e-08
vb0[346]+088 TEXCOORD2: 0.60693359375, 0.96142578125

vb0[347]+000 POSITION: -0.12084472179412842, 0.047107238322496414, 1.3220702409744263
vb0[347]+012 NORMAL: -0.889741063117981, 0.0322573184967041, 0.45532435178756714
vb0[347]+024 TANGENT: -0.18579156696796417, 0.8855428099632263, -0.4257880449295044, -1.0
vb0[347]+040 BLENDWEIGHTS: 1.0, 0.0, 0.0, 0.0
vb0[347]+056 BLENDINDICES: 0, 0, 0, 0
vb0[347]+072 COLOR: 0.5019607843137255, 0.5019607843137255, 0.0, 0.0
vb0[347]+076 TEXCOORD: 0.462646484375, 0.387451171875
vb0[347]+080 TEXCOORD1: -1.4901161193847656e-08, 0.0
vb0[347]+088 TEXCOORD2: 0.650390625, 0.9619140625

vb0[348]+000 POSITION: -0.1280200183391571, 0.0591748021543026, 1.3297619819641113
vb0[348]+012 NORMAL: -0.878353476524353, -0.11120668053627014, 0.4648958146572113
vb0[348]+024 TANGENT: -0.3932899236679077, 0.720916748046875, -0.5706155300140381, -1.0
vb0[348]+040 BLENDWEIGHTS: 1.0, 0.0, 0.0, 0.0
vb0[348]+056 BLENDINDICES: 0, 0, 0, 0
vb0[348]+072 COLOR: 0.5019607843137255, 0.5019607843137255, 0.0, 0.0
vb0[348]+076 TEXCOORD: 0.466064453125, 0.3935546875
vb0[348]+080 TEXCOORD1: 2.9802322387695312e-08, 0.0
vb0[348]+088 TEXCOORD2: 0.6591796875, 0.96728515625

vb0[349]+000 POSITION: -0.11943481117486954, 0.05172180011868477, 1.335168480873108
vb0[349]+012 NORMAL: -0.4997303783893585, -0.37645453214645386, 0.7800971865653992
vb0[349]+024 TANGENT: -0.753879725933075, 0.6325266361236572, -0.17769460380077362, -1.0
vb0[349]+040 BLENDWEIGHTS: 1.0, 0.0, 0.0, 0.0
vb0[349]+056 BLENDINDICES: 0, 0, 0, 0
vb0[349]+072 COLOR: 0.5019607843137255, 0.5019607843137255, 0.0, 0.0
vb0[349]+076 TEXCOORD: 0.459716796875, 0.39453125
vb0[349]+080 TEXCOORD1: 1.4901161193847656e-08, 0.0
vb0[349]+088 TEXCOORD2: 0.64892578125, 0.97119140625

vb0[350]+000 POSITION: -0.11204223334789276, 0.06289214640855789, 1.3334887027740479
vb0[350]+012 NORMAL: -0.4643634259700775, -0.06941686570644379, 0.8829200863838196
vb0[350]+024 TANGENT: -0.6830727458000183, 0.6626196503639221, -0.3071591556072235, -1.0
vb0[350]+040 BLENDWEIGHTS: 1.0, 0.0, 0.0, 0.0
vb0[350]+056 BLENDINDICES: 0, 0, 0, 0
vb0[350]+072 COLOR: 0.5019607843137255, 0.5019607843137255, 0.0, 0.0
vb0[350]+076 TEXCOORD: 0.45751953125, 0.400390625
vb0[350]+080 TEXCOORD1: 2.9802322387695312e-08, 0.0
vb0[350]+088 TEXCOORD2: 0.6396484375, 0.97021484375

vb0[351]+000 POSITION: -0.1264062523841858, 0.08005370944738388, 1.261409878730774
vb0[351]+012 NORMAL: -0.8967475295066833, 0.35980385541915894, -0.2576528489589691
vb0[351]+024 TANGENT: -0.09832809120416641, 0.40566137433052063, 0.908719003200531, -1.0
vb0[351]+040 BLENDWEIGHTS: 1.0, 0.0, 0.0, 0.0
vb0[351]+056 BLENDINDICES: 0, 0, 0, 0
vb0[351]+072 COLOR: 0.5019607843137255, 0.5019607843137255, 0.0, 0.0
vb0[351]+076 TEXCOORD: 0.4619140625, 0.322265625
vb0[351]+080 TEXCOORD1: -2.9802322387695312e-08, -7.450580596923828e-09
vb0[351]+088 TEXCOORD2: 0.6572265625, 0.91845703125

vb0[352]+000 POSITION: -0.12055663764476776, 0.07929565012454987, 1.2509642839431763
vb0[352]+012 NORMAL: -0.7791476845741272, 0.23870189487934113, -0.5796121954917908
vb0[352]+024 TANGENT: -0.4285813570022583, 0.4719065725803375, 0.7704688310623169, -1.0
vb0[352]+040 BLENDWEIGHTS: 1.0, 0.0, 0.0, 0.0
vb0[352]+056 BLENDINDICES: 0, 0, 0, 0
vb0[352]+072 COLOR: 0.5019607843137255, 0.5019607843137255, 0.0, 0.0
vb0[352]+076 TEXCOORD: 0.450439453125, 0.3173828125
vb0[352]+080 TEXCOORD1: 0.0, 0.0
vb0[352]+088 TEXCOORD2: 0.64990234375, 0.91064453125

vb0[353]+000 POSITION: -0.12160522490739822, 0.04048705846071243, 1.254055142402649
vb0[353]+012 NORMAL: -0.3468375504016876, -0.6319620013237, -0.6930567622184753
vb0[353]+024 TANGENT: -0.9297376275062561, 0.13423214852809906, 0.3428843021392822, -1.0
vb0[353]+040 BLENDWEIGHTS: 1.0, 0.0, 0.0, 0.0
vb0[353]+056 BLENDINDICES: 0, 0, 0, 0
vb0[353]+072 COLOR: 0.5019607843137255, 0.5019607843137255, 0.0, 0.0
vb0[353]+076 TEXCOORD: 0.440185546875, 0.345458984375
vb0[353]+080 TEXCOORD1: -1.4901161193847656e-08, 0.0
vb0[353]+088 TEXCOORD2: 0.6513671875, 0.9130859375

vb0[354]+000 POSITION: -0.1072375476360321, 0.0672936961054802, 1.2439868450164795
vb0[354]+012 NORMAL: -0.19994978606700897, -0.1487385779619217, -0.9684507250785828
vb0[354]+024 TANGENT: -0.9322954416275024, 0.332933634519577, 0.14135172963142395, -1.0
vb0[354]+040 BLENDWEIGHTS: 1.0, 0.0, 0.0, 0.0
vb0[354]+056 BLENDINDICES: 0, 0, 0, 0
vb0[354]+072 COLOR: 0.5019607843137255, 0.5019607843137255, 0.0, 0.0
vb0[354]+076 TEXCOORD: 0.47119140625, 0.4833984375
vb0[354]+080 TEXCOORD1: 0.0, 0.0
vb0[354]+088 TEXCOORD2: 0.63330078125, 0.90576171875

vb0[355]+000 POSITION: -0.11166000366210938, 0.07420562207698822, 1.2439770698547363
vb0[355]+012 NORMAL: -0.25914427638053894, -0.08222649246454239, -0.9623321294784546
vb0[355]+024 TANGENT: -0.9244652390480042, 0.30961474776268005, 0.22249208390712738, -1.0
vb0[355]+040 BLENDWEIGHTS: 1.0, 0.0, 0.0, 0.0
vb0[355]+056 BLENDINDICES: 0, 0, 0, 0
vb0[355]+072 COLOR: 0.5019607843137255, 0.5019607843137255, 0.0, 0.0
vb0[355]+076 TEXCOORD: 0.438232421875, 0.317138671875
vb0[355]+080 TEXCOORD1: 4.470348358154297e-08, -1.4901161193847656e-08
vb0[355]+088 TEXCOORD2: 0.63916015625, 0.90576171875

vb0[356]+000 POSITION: 0.0991540476679802, 0.008024902082979679, 1.2834254503250122
vb0[356]+012 NORMAL: 0.7189858555793762, 0.6074869632720947, 0.33766695857048035
vb0[356]+024 TANGENT: -0.2599981427192688, -0.21547403931617737, 0.9412608742713928, -1.0
vb0[356]+040 BLENDWEIGHTS: 1.0, 0.0, 0.0, 0.0
vb0[356]+056 BLENDINDICES: 0, 0, 0, 0
vb0[356]+072 COLOR: 0.5019607843137255, 0.5019607843137255, 0.0, 0.0
vb0[356]+076 TEXCOORD: 0.1671142578125, 0.15478515625
vb0[356]+080 TEXCOORD1: 0.22345498204231262, 0.43327683210372925
vb0[356]+088 TEXCOORD2: 0.37646484375, 0.93408203125

vb0[357]+000 POSITION: 0.09792846441268921, 0.00795898400247097, 1.2829841375350952
vb0[357]+012 NORMAL: -0.9187055826187134, 0.37934184074401855, -0.10990835726261139
vb0[357]+024 TANGENT: -0.33032312989234924, -0.5854913592338562, 0.7403286695480347, -1.0
vb0[357]+040 BLENDWEIGHTS: 1.0, 0.0, 0.0, 0.0
vb0[357]+056 BLENDINDICES: 0, 0, 0, 0
vb0[357]+072 COLOR: 0.5019607843137255, 0.5019607843137255, 0.0, 0.0
vb0[357]+076 TEXCOORD: 0.16748046875, 0.15625
vb0[357]+080 TEXCOORD1: -0.0027646124362945557, -0.5274724364280701
vb0[357]+088 TEXCOORD2: 0.378173828125, 0.93359375

vb0[358]+000 POSITION: 0.09697181731462479, 0.005451715085655451, 1.2894136905670166
vb0[358]+012 NORMAL: -0.35356447100639343, 0.8356068730354309, 0.42042040824890137
vb0[358]+024 TANGENT: -0.34195494651794434, -0.5338026285171509, 0.7733831405639648, -1.0
vb0[358]+040 BLENDWEIGHTS: 1.0, 0.0, 0.0, 0.0
vb0[358]+056 BLENDINDICES: 0, 0, 0, 0
vb0[358]+072 COLOR: 0.5019607843137255, 0.5019607843137255, 0.0, 0.0
vb0[358]+076 TEXCOORD: 0.173828125, 0.1534423828125
vb0[358]+080 TEXCOORD1: 2.9802322387695312e-08, -1.4901161193847656e-08
vb0[358]+088 TEXCOORD2: 0.379150390625, 0.9384765625

vb0[359]+000 POSITION: 0.10112792998552322, 0.0033533095847815275, 1.2777477502822876
vb0[359]+012 NORMAL: 0.9948315620422363, 0.08234747499227524, -0.05940473452210426
vb0[359]+024 TANGENT: 0.07517340779304504, -0.20403052866458893, 0.9760740995407104, -1.0
vb0[359]+040 BLENDWEIGHTS: 1.0, 0.0, 0.0, 0.0
vb0[359]+056 BLENDINDICES: 0, 0, 0, 0
vb0[359]+072 COLOR: 0.5019607843137255, 0.5019607843137255, 0.0, 0.0
vb0[359]+076 TEXCOORD: 0.16162109375, 0.14892578125
vb0[359]+080 TEXCOORD1: 0.060690589249134064, -0.6258061528205872
vb0[359]+088 TEXCOORD2: 0.3740234375, 0.93017578125

vb0[360]+000 POSITION: 0.10121169686317444, 0.0007631391636095941, 1.2872986793518066
vb0[360]+012 NORMAL: 0.9648253321647644, 0.15320861339569092, 0.21363356709480286
vb0[360]+024 TANGENT: -0.19221068918704987, -0.1432909220457077, 0.9708360433578491, -1.0
vb0[360]+040 BLENDWEIGHTS: 1.0, 0.0, 0.0, 0.0
vb0[360]+056 BLENDINDICES: 0, 0, 0, 0
vb0[360]+072 COLOR: 0.5019607843137255, 0.5019607843137255, 0.0, 0.0
vb0[360]+076 TEXCOORD: 0.17138671875, 0.1475830078125
vb0[360]+080 TEXCOORD1: 1.4901161193847656e-08, -3.725290298461914e-09
vb0[360]+088 TEXCOORD2: 0.3740234375, 0.93701171875

vb0[361]+000 POSITION: 0.10001952946186066, 0.003248725552111864, 1.2767236232757568
vb0[361]+012 NORMAL: -0.727560818195343, 0.11224357038736343, -0.6767987608909607
vb0[361]+024 TANGENT: 0.06797215342521667, 0.9934648871421814, 0.09169071912765503, -1.0
vb0[361]+040 BLENDWEIGHTS: 1.0, 0.0, 0.0, 0.0
vb0[361]+056 BLENDINDICES: 0, 0, 0, 0
vb0[361]+072 COLOR: 0.5019607843137255, 0.5019607843137255, 0.0, 0.0
vb0[361]+076 TEXCOORD: 0.1884765625, 0.12139892578125
vb0[361]+080 TEXCOORD1: -0.7544109225273132, -0.21179276704788208
vb0[361]+088 TEXCOORD2: 0.37548828125, 0.92919921875

vb0[362]+000 POSITION: 0.09541145712137222, -0.004540692083537579, 1.2830770015716553
vb0[362]+012 NORMAL: -0.965336799621582, 0.07345350831747055, -0.2504585385322571
vb0[362]+024 TANGENT: 0.03609156236052513, 0.9879312515258789, 0.15062975883483887, -1.0
vb0[362]+040 BLENDWEIGHTS: 1.0, 0.0, 0.0, 0.0
vb0[362]+056 BLENDINDICES: 0, 0, 0, 0
vb0[362]+072 COLOR: 0.5019607843137255, 0.5019607843137255, 0.0, 0.0
vb0[362]+076 TEXCOORD: 0.1812744140625, 0.129638671875
vb0[362]+080 TEXCOORD1: -1.1175870895385742e-08, 1.4901161193847656e-08
vb0[362]+088 TEXCOORD2: 0.381103515625, 0.93408203125

vb0[363]+000 POSITION: 0.09611004590988159, 0.0014378172345459461, 1.286109447479248
vb0[363]+012 NORMAL: -0.9633236527442932, 0.2091883271932602, -0.16807055473327637
vb0[363]+024 TANGENT: 0.18116025626659393, 0.9690393209457397, 0.16776138544082642, -1.0
vb0[363]+040 BLENDWEIGHTS: 1.0, 0.0, 0.0, 0.0
vb0[363]+056 BLENDINDICES: 0, 0, 0, 0
vb0[363]+072 COLOR: 0.5019607843137255, 0.5019607843137255, 0.0, 0.0
vb0[363]+076 TEXCOORD: 0.1876220703125, 0.1317138671875
vb0[363]+080 TEXCOORD1: 7.450580596923828e-09, 0.0
vb0[363]+088 TEXCOORD2: 0.38037109375, 0.93603515625

vb0[364]+000 POSITION: 0.10098778456449509, -0.005261761602014303, 1.2867134809494019
vb0[364]+012 NORMAL: 0.9589225053787231, -0.20788657665252686, 0.1930045783519745
vb0[364]+024 TANGENT: -0.2282571643590927, -0.16150632500648499, 0.960111677646637, -1.0
vb0[364]+040 BLENDWEIGHTS: 1.0, 0.0, 0.0, 0.0
vb0[364]+056 BLENDINDICES: 0, 0, 0, 0
vb0[364]+072 COLOR: 0.5019607843137255, 0.5019607843137255, 0.0, 0.0
vb0[364]+076 TEXCOORD: 0.171630859375, 0.141357421875
vb0[364]+080 TEXCOORD1: 1.4901161193847656e-08, -7.450580596923828e-09
vb0[364]+088 TEXCOORD2: 0.374267578125, 0.9365234375

vb0[365]+000 POSITION: 0.1006787121295929, -0.00760650634765625, 1.2756175994873047
vb0[365]+012 NORMAL: 0.9802666306495667, -0.06533478945493698, -0.1865711510181427
vb0[365]+024 TANGENT: 0.1823156327009201, -0.06600575149059296, 0.98102205991745, -1.0
vb0[365]+040 BLENDWEIGHTS: 1.0, 0.0, 0.0, 0.0
vb0[365]+056 BLENDINDICES: 0, 0, 0, 0
vb0[365]+072 COLOR: 0.5019607843137255, 0.5019607843137255, 0.0, 0.0
vb0[365]+076 TEXCOORD: 0.1611328125, 0.137451171875
vb0[365]+080 TEXCOORD1: -0.10849784314632416, 0.5748404264450073
vb0[365]+088 TEXCOORD2: 0.374755859375, 0.9287109375

vb0[366]+000 POSITION: 0.0991360992193222, -0.007233860436826944, 1.2747371196746826
vb0[366]+012 NORMAL: -0.7564359903335571, 0.2316223382949829, -0.6116827130317688
vb0[366]+024 TANGENT: 0.4943840801715851, 0.8147792816162109, -0.3028516173362732, -1.0
vb0[366]+040 BLENDWEIGHTS: 1.0, 0.0, 0.0, 0.0
vb0[366]+056 BLENDINDICES: 0, 0, 0, 0
vb0[366]+072 COLOR: 0.5019607843137255, 0.5019607843137255, 0.0, 0.0
vb0[366]+076 TEXCOORD: 0.1593017578125, 0.1378173828125
vb0[366]+080 TEXCOORD1: 0.6704791784286499, 0.14154839515686035
vb0[366]+088 TEXCOORD2: 0.37646484375, 0.927734375

vb0[367]+000 POSITION: 0.10001952946186066, 0.003248725552111864, 1.2767236232757568
vb0[367]+012 NORMAL: -0.727560818195343, 0.11224357038736343, -0.6767987608909607
vb0[367]+024 TANGENT: 0.17837102711200714, -0.9216471910476685, -0.34460166096687317, -1.0
vb0[367]+040 BLENDWEIGHTS: 1.0, 0.0, 0.0, 0.0
vb0[367]+056 BLENDINDICES: 0, 0, 0, 0
vb0[367]+072 COLOR: 0.5019607843137255, 0.5019607843137255, 0.0, 0.0
vb0[367]+076 TEXCOORD: 0.16015625, 0.1485595703125
vb0[367]+080 TEXCOORD1: 0.7805057168006897, -0.06931114196777344
vb0[367]+088 TEXCOORD2: 0.37548828125, 0.92919921875

vb0[368]+000 POSITION: 0.09840182214975357, -0.0021032269578427076, 1.2951545715332031
vb0[368]+012 NORMAL: 0.9312900304794312, -0.015419097617268562, 0.36395201086997986
vb0[368]+024 TANGENT: -0.3622652292251587, -0.1440962702035904, 0.9208692908287048, -1.0
vb0[368]+040 BLENDWEIGHTS: 1.0, 0.0, 0.0, 0.0
vb0[368]+056 BLENDINDICES: 0, 0, 0, 0
vb0[368]+072 COLOR: 0.5019607843137255, 0.5019607843137255, 0.0, 0.0
vb0[368]+076 TEXCOORD: 0.1802978515625, 0.1461181640625
vb0[368]+080 TEXCOORD1: 0.6727357506752014, 0.24345025420188904
vb0[368]+088 TEXCOORD2: 0.37744140625, 0.9423828125

vb0[369]+000 POSITION: 0.09765254706144333, -0.0030694722663611174, 1.2969403266906738
vb0[369]+012 NORMAL: 0.36826851963996887, -0.6966069340705872, 0.6157249212265015
vb0[369]+024 TANGENT: -0.5859958529472351, 0.34024038910865784, 0.735421895980835, -1.0
vb0[369]+040 BLENDWEIGHTS: 1.0, 0.0, 0.0, 0.0
vb0[369]+056 BLENDINDICES: 0, 0, 0, 0
vb0[369]+072 COLOR: 0.5019607843137255, 0.5019607843137255, 0.0, 0.0
vb0[369]+076 TEXCOORD: 0.1824951171875, 0.1451416015625
vb0[369]+080 TEXCOORD1: 0.5446954965591431, 0.5904778242111206
vb0[369]+088 TEXCOORD2: 0.37841796875, 0.94384765625

vb0[370]+000 POSITION: 0.09805861115455627, -0.009306047111749649, 1.2896952629089355
vb0[370]+012 NORMAL: 0.3832070529460907, -0.7389419674873352, 0.5541814565658569
vb0[370]+024 TANGENT: -0.6592161655426025, 0.20146098732948303, 0.7244635820388794, -1.0
vb0[370]+040 BLENDWEIGHTS: 1.0, 0.0, 0.0, 0.0
vb0[370]+056 BLENDINDICES: 0, 0, 0, 0
vb0[370]+072 COLOR: 0.5019607843137255, 0.5019607843137255, 0.0, 0.0
vb0[370]+076 TEXCOORD: 0.1761474609375, 0.1380615234375
vb0[370]+080 TEXCOORD1: 2.9802322387695312e-08, -4.470348358154297e-08
vb0[370]+088 TEXCOORD2: 0.3779296875, 0.9384765625

vb0[371]+000 POSITION: 0.10202249884605408, -0.014471455477178097, 1.247437596321106
vb0[371]+012 NORMAL: 0.5046740770339966, 0.8441634774208069, -0.1808093935251236
vb0[371]+024 TANGENT: 0.023983635008335114, -0.22306601703166962, -0.9745082855224609, -1.0
vb0[371]+040 BLENDWEIGHTS: 0.6381404399871826, 0.361859530210495, 0.0, 0.0
vb0[371]+056 BLENDINDICES: 5, 0, 0, 0
vb0[371]+072 COLOR: 0.5019607843137255, 0.5019607843137255, 0.0, 0.0
vb0[371]+076 TEXCOORD: 0.0975341796875, 0.78125
vb0[371]+080 TEXCOORD1: -0.009689375758171082, 0.5974174737930298
vb0[371]+088 TEXCOORD2: 0.373046875, 0.908203125

vb0[372]+000 POSITION: 0.10224609076976776, -0.016701659187674522, 1.2374682426452637
vb0[372]+012 NORMAL: 0.4715881943702698, 0.859797477722168, -0.19583886861801147
vb0[372]+024 TANGENT: 0.02434052713215351, -0.2346924990415573, -0.9717648029327393, -1.0
vb0[372]+040 BLENDWEIGHTS: 0.8268724083900452, 0.17312760651111603, 0.0, 0.0
vb0[372]+056 BLENDINDICES: 5, 0, 0, 0
vb0[372]+072 COLOR: 0.5019607843137255, 0.5019607843137255, 0.0, 0.0
vb0[372]+076 TEXCOORD: 0.1094970703125, 0.78125
vb0[372]+080 TEXCOORD1: 0.5188860893249512, 0.7318422198295593
vb0[372]+088 TEXCOORD2: 0.372802734375, 0.9013671875

vb0[373]+000 POSITION: 0.10080047696828842, -0.016164245083928108, 1.237062931060791
vb0[373]+012 NORMAL: 0.471588134765625, 0.8597975373268127, -0.19583885371685028
vb0[373]+024 TANGENT: 0.025336096063256264, -0.2352045774459839, -0.9716156721115112, -1.0
vb0[373]+040 BLENDWEIGHTS: 0.8268722891807556, 0.17312771081924438, 0.0, 0.0
vb0[373]+056 BLENDINDICES: 5, 0, 0, 0
vb0[373]+072 COLOR: 0.5019607843137255, 0.5019607843137255, 0.0, 0.0
vb0[373]+076 TEXCOORD: 0.1094970703125, 0.779296875
vb0[373]+080 TEXCOORD1: 0.8908875584602356, -0.14452151954174042
vb0[373]+088 TEXCOORD2: 0.37451171875, 0.90087890625

vb0[374]+000 POSITION: 0.1006171852350235, -0.013727869838476181, 1.2466017007827759
vb0[374]+012 NORMAL: 0.4927913248538971, 0.8499741554260254, -0.18628130853176117
vb0[374]+024 TANGENT: 0.021327035501599312, -0.22581396996974945, -0.9739369750022888, -1.0
vb0[374]+040 BLENDWEIGHTS: 0.638139545917511, 0.361860454082489, 0.0, 0.0
vb0[374]+056 BLENDINDICES: 5, 0, 0, 0
vb0[374]+072 COLOR: 0.5019607843137255, 0.5019607843137255, 0.0, 0.0
vb0[374]+076 TEXCOORD: 0.0975341796875, 0.779296875
vb0[374]+080 TEXCOORD1: 0.0156165212392807, -0.7929578423500061
vb0[374]+088 TEXCOORD2: 0.374755859375, 0.90771484375

vb0[375]+000 POSITION: 0.09690185636281967, -0.029841307550668716, 1.2550714015960693
vb0[375]+012 NORMAL: 0.9317413568496704, -0.3485923409461975, 0.10169298201799393
vb0[375]+024 TANGENT: -0.3624032437801361, -0.9103050827980042, 0.20002134144306183, -1.0
vb0[375]+040 BLENDWEIGHTS: 0.7499980330467224, 0.2500019967556, 0.0, 0.0
vb0[375]+056 BLENDINDICES: 5, 0, 0, 0
vb0[375]+072 COLOR: 0.5019607843137255, 0.5019607843137255, 0.0, 0.0
vb0[375]+076 TEXCOORD: 0.111328125, 0.258056640625
vb0[375]+080 TEXCOORD1: 0.8290048837661743, -0.2814079523086548
vb0[375]+088 TEXCOORD2: 0.37939453125, 0.91357421875

vb0[376]+000 POSITION: 0.10009521245956421, -0.023824462667107582, 1.246437907218933
vb0[376]+012 NORMAL: 0.9668203592300415, -0.23529894649982452, 0.09946242719888687
vb0[376]+024 TANGENT: -0.2517024874687195, -0.94394850730896, 0.21355819702148438, -1.0
vb0[376]+040 BLENDWEIGHTS: 0.7874987125396729, 0.21250128746032715, 0.0, 0.0
vb0[376]+056 BLENDINDICES: 5, 0, 0, 0
vb0[376]+072 COLOR: 0.5019607843137255, 0.5019607843137255, 0.0, 0.0
vb0[376]+076 TEXCOORD: 0.1015625, 0.2496337890625
vb0[376]+080 TEXCOORD1: 0.4516456723213196, -0.5497948527336121
vb0[376]+088 TEXCOORD2: 0.375244140625, 0.90771484375

vb0[377]+000 POSITION: 0.09753299504518509, -0.025286002084612846, 1.2649037837982178
vb0[377]+012 NORMAL: 0.9590352177619934, -0.2597392499446869, 0.11308012902736664
vb0[377]+024 TANGENT: -0.2787659764289856, -0.936314046382904, 0.21355481445789337, -1.0
vb0[377]+040 BLENDWEIGHTS: 0.5000024437904358, 0.4999975562095642, 0.0, 0.0
vb0[377]+056 BLENDINDICES: 0, 5, 0, 0
vb0[377]+072 COLOR: 0.5019607843137255, 0.5019607843137255, 0.0, 0.0
vb0[377]+076 TEXCOORD: 0.10845947265625, 0.270263671875
vb0[377]+080 TEXCOORD1: 0.7328329682350159, 0.1895003467798233
vb0[377]+088 TEXCOORD2: 0.378662109375, 0.9208984375

vb0[378]+000 POSITION: 0.09844177216291428, -0.023349609225988388, 1.246179223060608
vb0[378]+012 NORMAL: -0.13686837255954742, -0.7745533585548401, -0.617522656917572
vb0[378]+024 TANGENT: 0.24003103375434875, 0.5788794159889221, -0.7792841196060181, -1.0
vb0[378]+040 BLENDWEIGHTS: 0.7336410880088806, 0.2663589119911194, 0.0, 0.0
vb0[378]+056 BLENDINDICES: 5, 0, 0, 0
vb0[378]+072 COLOR: 0.5019607843137255, 0.5019607843137255, 0.0, 0.0
vb0[378]+076 TEXCOORD: 0.12939453125, 0.80419921875
vb0[378]+080 TEXCOORD1: -0.003984957933425903, 0.7045342922210693
vb0[378]+088 TEXCOORD2: 0.37744140625, 0.9072265625

vb0[379]+000 POSITION: 0.10080047696828842, -0.016164245083928108, 1.237062931060791
vb0[379]+012 NORMAL: -0.11411163955926895, -0.7650900483131409, -0.6337316632270813
vb0[379]+024 TANGENT: 0.19923728704452515, 0.607314944267273, -0.7690728306770325, -1.0
vb0[379]+040 BLENDWEIGHTS: 0.8268722891807556, 0.17312771081924438, 0.0, 0.0
vb0[379]+056 BLENDINDICES: 5, 0, 0, 0
vb0[379]+072 COLOR: 0.5019607843137255, 0.5019607843137255, 0.0, 0.0
vb0[379]+076 TEXCOORD: 0.1417236328125, 0.80419921875
vb0[379]+080 TEXCOORD1: 0.9022725820541382, 0.03334615379571915
vb0[379]+088 TEXCOORD2: 0.37451171875, 0.90087890625

vb0[380]+000 POSITION: 0.10224609076976776, -0.016701659187674522, 1.2374682426452637
vb0[380]+012 NORMAL: -0.11411163955926895, -0.7650900483131409, -0.6337316632270813
vb0[380]+024 TANGENT: 0.19801481068134308, 0.6075831651687622, -0.769176721572876, -1.0
vb0[380]+040 BLENDWEIGHTS: 0.8268724083900452, 0.17312760651111603, 0.0, 0.0
vb0[380]+056 BLENDINDICES: 5, 0, 0, 0
vb0[380]+072 COLOR: 0.5019607843137255, 0.5019607843137255, 0.0, 0.0
vb0[380]+076 TEXCOORD: 0.1417236328125, 0.80224609375
vb0[380]+080 TEXCOORD1: 0.5069420337677002, -0.8182705640792847
vb0[380]+088 TEXCOORD2: 0.372802734375, 0.9013671875

vb0[381]+000 POSITION: 0.10009521245956421, -0.023824462667107582, 1.246437907218933
vb0[381]+012 NORMAL: -0.13814379274845123, -0.7750651836395264, -0.6165957450866699
vb0[381]+024 TANGENT: 0.24214784801006317, 0.577239453792572, -0.7798455357551575, -1.0
vb0[381]+040 BLENDWEIGHTS: 0.7874987125396729, 0.21250128746032715, 0.0, 0.0
vb0[381]+056 BLENDINDICES: 5, 0, 0, 0
vb0[381]+072 COLOR: 0.5019607843137255, 0.5019607843137255, 0.0, 0.0
vb0[381]+076 TEXCOORD: 0.12939453125, 0.80224609375
vb0[381]+080 TEXCOORD1: 0.01474696397781372, -0.7113654017448425
vb0[381]+088 TEXCOORD2: 0.375244140625, 0.90771484375

vb0[382]+000 POSITION: 0.10202249884605408, -0.014471455477178097, 1.247437596321106
vb0[382]+012 NORMAL: 0.9707844853401184, -0.22215519845485687, 0.09068930149078369
vb0[382]+024 TANGENT: -0.23695741593837738, -0.9470931887626648, 0.21648503839969635, -1.0
vb0[382]+040 BLENDWEIGHTS: 0.6381404399871826, 0.361859530210495, 0.0, 0.0
vb0[382]+056 BLENDINDICES: 5, 0, 0, 0
vb0[382]+072 COLOR: 0.5019607843137255, 0.5019607843137255, 0.0, 0.0
vb0[382]+076 TEXCOORD: 0.0909423828125, 0.253173828125
vb0[382]+080 TEXCOORD1: -0.5974958539009094, 0.00044659897685050964
vb0[382]+088 TEXCOORD2: 0.373046875, 0.908203125

vb0[383]+000 POSITION: 0.10164724290370941, -0.011720296926796436, 1.2595430612564087
vb0[383]+012 NORMAL: 0.9620615243911743, -0.25226008892059326, 0.10393469780683517
vb0[383]+024 TANGENT: -0.26960980892181396, -0.937390923500061, 0.22047416865825653, -1.0
vb0[383]+040 BLENDWEIGHTS: 0.5979700684547424, 0.40202993154525757, 0.0, 0.0
vb0[383]+056 BLENDINDICES: 0, 5, 0, 0
vb0[383]+072 COLOR: 0.5019607843137255, 0.5019607843137255, 0.0, 0.0
vb0[383]+076 TEXCOORD: 0.0909423828125, 0.267822265625
vb0[383]+080 TEXCOORD1: -0.622065544128418, 0.0036673322319984436
vb0[383]+088 TEXCOORD2: 0.37353515625, 0.9169921875

vb0[384]+000 POSITION: 0.10023854672908783, -0.01103341206908226, 1.2587088346481323
vb0[384]+012 NORMAL: 0.49602487683296204, 0.8493150472640991, -0.1806192845106125
vb0[384]+024 TANGENT: 0.042088426649570465, -0.23128558695316315, -0.9719750285148621, -1.0
vb0[384]+040 BLENDWEIGHTS: 0.5979691743850708, 0.4020308256149292, 0.0, 0.0
vb0[384]+056 BLENDINDICES: 0, 5, 0, 0
vb0[384]+072 COLOR: 0.5019607843137255, 0.5019607843137255, 0.0, 0.0
vb0[384]+076 TEXCOORD: 0.0841064453125, 0.779296875
vb0[384]+080 TEXCOORD1: -0.00039918720722198486, -0.7847665548324585
vb0[384]+088 TEXCOORD2: 0.375244140625, 0.91650390625

vb0[385]+000 POSITION: 0.10164724290370941, -0.011720296926796436, 1.2595430612564087
vb0[385]+012 NORMAL: 0.47985345125198364, 0.8574706315994263, -0.1857008934020996
vb0[385]+024 TANGENT: 0.04843451827764511, -0.23722903430461884, -0.9702456593513489, -1.0
vb0[385]+040 BLENDWEIGHTS: 0.5979700684547424, 0.40202993154525757, 0.0, 0.0
vb0[385]+056 BLENDINDICES: 0, 5, 0, 0
vb0[385]+072 COLOR: 0.5019607843137255, 0.5019607843137255, 0.0, 0.0
vb0[385]+076 TEXCOORD: 0.0841064453125, 0.78125
vb0[385]+080 TEXCOORD1: 0.003575049340724945, 0.622066080570221
vb0[385]+088 TEXCOORD2: 0.37353515625, 0.9169921875

vb0[386]+000 POSITION: 0.09947998076677322, -0.008279149420559406, 1.2699337005615234
vb0[386]+012 NORMAL: 0.4135890007019043, 0.8903025984764099, -0.19053976237773895
vb0[386]+024 TANGENT: 0.06204536557197571, -0.23635193705558777, -0.9696845412254333, -1.0
vb0[386]+040 BLENDWEIGHTS: 0.8999981880187988, 0.10000180453062057, 0.0, 0.0
vb0[386]+056 BLENDINDICES: 0, 5, 0, 0
vb0[386]+072 COLOR: 0.5019607843137255, 0.5019607843137255, 0.0, 0.0
vb0[386]+076 TEXCOORD: 0.07501220703125, 0.779296875
vb0[386]+080 TEXCOORD1: 0.006492286920547485, -0.7572861313819885
vb0[386]+088 TEXCOORD2: 0.376220703125, 0.92431640625

vb0[387]+000 POSITION: 0.10100341588258743, -0.008696288801729679, 1.270931363105774
vb0[387]+012 NORMAL: 0.3860029876232147, 0.9033170938491821, -0.18713615834712982
vb0[387]+024 TANGENT: 0.06445936113595963, -0.22877342998981476, -0.9713432788848877, -1.0
vb0[387]+040 BLENDWEIGHTS: 0.8999986052513123, 0.10000140219926834, 0.0, 0.0
vb0[387]+056 BLENDINDICES: 0, 5, 0, 0
vb0[387]+072 COLOR: 0.5019607843137255, 0.5019607843137255, 0.0, 0.0
vb0[387]+076 TEXCOORD: 0.07501220703125, 0.78125
vb0[387]+080 TEXCOORD1: 0.009997963905334473, 0.6602699756622314
vb0[387]+088 TEXCOORD2: 0.374267578125, 0.92529296875

vb0[388]+000 POSITION: 0.09764733165502548, -0.02120978571474552, 1.2718217372894287
vb0[388]+012 NORMAL: 0.9603241086006165, -0.2452530711889267, 0.13277219235897064
vb0[388]+024 TANGENT: -0.27009281516075134, -0.9364896416664124, 0.22368912398815155, -1.0
vb0[388]+040 BLENDWEIGHTS: 0.6999973654747009, 0.3000026047229767, 0.0, 0.0
vb0[388]+056 BLENDINDICES: 0, 5, 0, 0
vb0[388]+072 COLOR: 0.5019607843137255, 0.5019607843137255, 0.0, 0.0
vb0[388]+076 TEXCOORD: 0.1058349609375, 0.279052734375
vb0[388]+080 TEXCOORD1: 0.6977491974830627, 0.23577933013439178
vb0[388]+088 TEXCOORD2: 0.37841796875, 0.92578125

vb0[389]+000 POSITION: 0.10100341588258743, -0.008696288801729679, 1.270931363105774
vb0[389]+012 NORMAL: 0.9629144072532654, -0.24777045845985413, 0.10679640620946884
vb0[389]+024 TANGENT: -0.2663348913192749, -0.9361855983734131, 0.22939516603946686, -1.0
vb0[389]+040 BLENDWEIGHTS: 0.8999986052513123, 0.10000140219926834, 0.0, 0.0
vb0[389]+056 BLENDINDICES: 0, 5, 0, 0
vb0[389]+072 COLOR: 0.5019607843137255, 0.5019607843137255, 0.0, 0.0
vb0[389]+076 TEXCOORD: 0.0909423828125, 0.281494140625
vb0[389]+080 TEXCOORD1: -0.6600914001464844, 0.01832694560289383
vb0[389]+088 TEXCOORD2: 0.374267578125, 0.92529296875

vb0[390]+000 POSITION: 0.09753299504518509, -0.025286002084612846, 1.2649037837982178
vb0[390]+012 NORMAL: -0.4194171726703644, -0.8003653287887573, 0.428374320268631
vb0[390]+024 TANGENT: -0.03387126699090004, -0.45775941014289856, -0.8884307146072388, -1.0
vb0[390]+040 BLENDWEIGHTS: 0.5000024437904358, 0.4999975562095642, 0.0, 0.0
vb0[390]+056 BLENDINDICES: 0, 5, 0, 0
vb0[390]+072 COLOR: 0.5019607843137255, 0.5019607843137255, 0.0, 0.0
vb0[390]+076 TEXCOORD: 0.09442138671875, 0.822265625
vb0[390]+080 TEXCOORD1: -0.010749578475952148, -0.7568612098693848
vb0[390]+088 TEXCOORD2: 0.378662109375, 0.9208984375

vb0[391]+000 POSITION: 0.09579508751630783, -0.02459334023296833, 1.2646883726119995
vb0[391]+012 NORMAL: -0.41747963428497314, -0.8003697991371155, 0.4302544593811035
vb0[391]+024 TANGENT: -0.034343745559453964, -0.45925456285476685, -0.8876405358314514, -1.0
vb0[391]+040 BLENDWEIGHTS: 0.5000003576278687, 0.49999967217445374, 0.0, 0.0
vb0[391]+056 BLENDINDICES: 0, 5, 0, 0
vb0[391]+072 COLOR: 0.5019607843137255, 0.5019607843137255, 0.0, 0.0
vb0[391]+076 TEXCOORD: 0.09442138671875, 0.82421875
vb0[391]+080 TEXCOORD1: 0.0025812536478042603, 0.6586924195289612
vb0[391]+088 TEXCOORD2: 0.380615234375, 0.9208984375

vb0[392]+000 POSITION: 0.09534312784671783, -0.029002754017710686, 1.25447416305542
vb0[392]+012 NORMAL: -0.46509838104248047, -0.7984971404075623, 0.3822115957736969
vb0[392]+024 TANGENT: -0.047818027436733246, -0.4084603786468506, -0.911522626876831, -1.0
vb0[392]+040 BLENDWEIGHTS: 0.7499983906745911, 0.25000160932540894, 0.0, 0.0
vb0[392]+056 BLENDINDICES: 5, 0, 0, 0
vb0[392]+072 COLOR: 0.5019607843137255, 0.5019607843137255, 0.0, 0.0
vb0[392]+076 TEXCOORD: 0.10589599609375, 0.82421875
vb0[392]+080 TEXCOORD1: 0.4355388581752777, 0.4373728930950165
vb0[392]+088 TEXCOORD2: 0.38134765625, 0.91357421875

vb0[393]+000 POSITION: 0.09690185636281967, -0.029841307550668716, 1.2550714015960693
vb0[393]+012 NORMAL: -0.46509838104248047, -0.7984971404075623, 0.3822115957736969
vb0[393]+024 TANGENT: -0.04810851067304611, -0.4083150029182434, -0.9115724563598633, -1.0
vb0[393]+040 BLENDWEIGHTS: 0.7499980330467224, 0.2500019967556, 0.0, 0.0
vb0[393]+056 BLENDINDICES: 5, 0, 0, 0
vb0[393]+072 COLOR: 0.5019607843137255, 0.5019607843137255, 0.0, 0.0
vb0[393]+076 TEXCOORD: 0.10589599609375, 0.822265625
vb0[393]+080 TEXCOORD1: 0.449078232049942, -0.5653074979782104
vb0[393]+088 TEXCOORD2: 0.37939453125, 0.91357421875

vb0[394]+000 POSITION: 0.09607861936092377, -0.020640546455979347, 1.2715857028961182
vb0[394]+012 NORMAL: -0.35802844166755676, -0.7823498249053955, 0.5096513628959656
vb0[394]+024 TANGENT: -0.030886072665452957, -0.5356122851371765, -0.8438990712165833, -1.0
vb0[394]+040 BLENDWEIGHTS: 0.6999989748001099, 0.3000010550022125, 0.0, 0.0
vb0[394]+056 BLENDINDICES: 0, 5, 0, 0
vb0[394]+072 COLOR: 0.5019607843137255, 0.5019607843137255, 0.0, 0.0
vb0[394]+076 TEXCOORD: 0.0848388671875, 0.82421875
vb0[394]+080 TEXCOORD1: 0.00014919042587280273, 0.6778125762939453
vb0[394]+088 TEXCOORD2: 0.38037109375, 0.92578125

vb0[395]+000 POSITION: 0.09764733165502548, -0.02120978571474552, 1.2718217372894287
vb0[395]+012 NORMAL: -0.3586408793926239, -0.7832237482070923, 0.507875382900238
vb0[395]+024 TANGENT: -0.02903003990650177, -0.5344479084014893, -0.8447026610374451, -1.0
vb0[395]+040 BLENDWEIGHTS: 0.6999973654747009, 0.3000026047229767, 0.0, 0.0
vb0[395]+056 BLENDINDICES: 0, 5, 0, 0
vb0[395]+072 COLOR: 0.5019607843137255, 0.5019607843137255, 0.0, 0.0
vb0[395]+076 TEXCOORD: 0.0848388671875, 0.822265625
vb0[395]+080 TEXCOORD1: -0.006620258092880249, -0.7364795207977295
vb0[395]+088 TEXCOORD2: 0.37841796875, 0.92578125

vb0[396]+000 POSITION: 0.09947998076677322, -0.008279149420559406, 1.2699337005615234
vb0[396]+012 NORMAL: -0.9587313532829285, 0.2520613670349121, -0.131526917219162
vb0[396]+024 TANGENT: -0.27500423789024353, -0.9395537972450256, 0.20398825407028198, -1.0
vb0[396]+040 BLENDWEIGHTS: 0.8999981880187988, 0.10000180453062057, 0.0, 0.0
vb0[396]+056 BLENDINDICES: 0, 5, 0, 0
vb0[396]+072 COLOR: 0.5019607843137255, 0.5019607843137255, 0.0, 0.0
vb0[396]+076 TEXCOORD: 0.98291015625, 0.759765625
vb0[396]+080 TEXCOORD1: -0.757286787033081, 0.006406322121620178
vb0[396]+088 TEXCOORD2: 0.376220703125, 0.92431640625

vb0[397]+000 POSITION: 0.09642832726240158, -0.013368280604481697, 1.2816598415374756
vb0[397]+012 NORMAL: -0.9661639332771301, -0.2576286494731903, -0.012440009973943233
vb0[397]+024 TANGENT: 0.24701058864593506, -0.9380728006362915, 0.2429100126028061, -1.0
vb0[397]+040 BLENDWEIGHTS: 1.0, 0.0, 0.0, 0.0
vb0[397]+056 BLENDINDICES: 0, 0, 0, 0
vb0[397]+072 COLOR: 0.5019607843137255, 0.5019607843137255, 0.0, 0.0
vb0[397]+076 TEXCOORD: 0.98974609375, 0.75048828125
vb0[397]+080 TEXCOORD1: 0.4258153736591339, -0.23830485343933105
vb0[397]+088 TEXCOORD2: 0.3798828125, 0.9326171875

vb0[398]+000 POSITION: 0.0991360992193222, -0.007233860436826944, 1.2747371196746826
vb0[398]+012 NORMAL: -0.7564359903335571, 0.2316223382949829, -0.6116827130317688
vb0[398]+024 TANGENT: -0.3842470943927765, -0.9141715168952942, 0.12901417911052704, -1.0
vb0[398]+040 BLENDWEIGHTS: 1.0, 0.0, 0.0, 0.0
vb0[398]+056 BLENDINDICES: 0, 0, 0, 0
vb0[398]+072 COLOR: 0.5019607843137255, 0.5019607843137255, 0.0, 0.0
vb0[398]+076 TEXCOORD: 0.98291015625, 0.75537109375
vb0[398]+080 TEXCOORD1: -0.6851068735122681, 0.014372497797012329
vb0[398]+088 TEXCOORD2: 0.37646484375, 0.927734375

vb0[399]+000 POSITION: 0.0991360992193222, -0.007233860436826944, 1.2747371196746826
vb0[399]+012 NORMAL: 0.3485071361064911, 0.9194062948226929, -0.18230417370796204
vb0[399]+024 TANGENT: 0.06933345645666122, -0.21925225853919983, -0.9732015132904053, -1.0
vb0[399]+040 BLENDWEIGHTS: 1.0, 0.0, 0.0, 0.0
vb0[399]+056 BLENDINDICES: 0, 0, 0, 0
vb0[399]+072 COLOR: 0.5019607843137255, 0.5019607843137255, 0.0, 0.0
vb0[399]+076 TEXCOORD: 0.0709228515625, 0.779296875
vb0[399]+080 TEXCOORD1: 0.3378141522407532, -0.596204400062561
vb0[399]+088 TEXCOORD2: 0.37646484375, 0.927734375

vb0[400]+000 POSITION: 0.1006787121295929, -0.00760650634765625, 1.2756175994873047
vb0[400]+012 NORMAL: 0.3485071361064911, 0.9194062948226929, -0.18230417370796204
vb0[400]+024 TANGENT: 0.06982727348804474, -0.2194247841835022, -0.9731273651123047, -1.0
vb0[400]+040 BLENDWEIGHTS: 1.0, 0.0, 0.0, 0.0
vb0[400]+056 BLENDINDICES: 0, 0, 0, 0
vb0[400]+072 COLOR: 0.5019607843137255, 0.5019607843137255, 0.0, 0.0
vb0[400]+076 TEXCOORD: 0.0709228515625, 0.78125
vb0[400]+080 TEXCOORD1: 0.1629652976989746, 0.5618323683738708
vb0[400]+088 TEXCOORD2: 0.374755859375, 0.9287109375

vb0[401]+000 POSITION: 0.09642832726240158, -0.013368280604481697, 1.2816598415374756
vb0[401]+012 NORMAL: -0.9661639332771301, -0.2576286494731903, -0.012440009973943233
vb0[401]+024 TANGENT: -0.24712088704109192, 0.9107864499092102, 0.3307558298110962, -1.0
vb0[401]+040 BLENDWEIGHTS: 1.0, 0.0, 0.0, 0.0
vb0[401]+056 BLENDINDICES: 0, 0, 0, 0
vb0[401]+072 COLOR: 0.5019607843137255, 0.5019607843137255, 0.0, 0.0
vb0[401]+076 TEXCOORD: 0.1722412109375, 0.129638671875
vb0[401]+080 TEXCOORD1: -0.2244929075241089, 0.43325623869895935
vb0[401]+088 TEXCOORD2: 0.3798828125, 0.9326171875

vb0[402]+000 POSITION: 0.09785022586584091, -0.013614392839372158, 1.282264232635498
vb0[402]+012 NORMAL: 0.46241074800491333, -0.7579076290130615, 0.46016544103622437
vb0[402]+024 TANGENT: -0.542687714099884, 0.16849929094314575, 0.8228597044944763, -1.0
vb0[402]+040 BLENDWEIGHTS: 1.0, 0.0, 0.0, 0.0
vb0[402]+056 BLENDINDICES: 0, 0, 0, 0
vb0[402]+072 COLOR: 0.5019607843137255, 0.5019607843137255, 0.0, 0.0
vb0[402]+076 TEXCOORD: 0.1708984375, 0.131103515625
vb0[402]+080 TEXCOORD1: 0.2980039715766907, -0.28481656312942505
vb0[402]+088 TEXCOORD2: 0.378173828125, 0.93310546875

vb0[403]+000 POSITION: 0.09524042904376984, -0.008728956803679466, 1.2892173528671265
vb0[403]+012 NORMAL: -0.7805769443511963, -0.5374467968940735, 0.3191404342651367
vb0[403]+024 TANGENT: -0.4586060047149658, 0.8393569588661194, 0.29182279109954834, -1.0
vb0[403]+040 BLENDWEIGHTS: 1.0, 0.0, 0.0, 0.0
vb0[403]+056 BLENDINDICES: 0, 0, 0, 0
vb0[403]+072 COLOR: 0.5019607843137255, 0.5019607843137255, 0.0, 0.0
vb0[403]+076 TEXCOORD: 0.1783447265625, 0.1361083984375
vb0[403]+080 TEXCOORD1: -2.2351741790771484e-08, 0.0
vb0[403]+088 TEXCOORD2: 0.38134765625, 0.9384765625

vb0[404]+000 POSITION: 0.09607861936092377, -0.020640546455979347, 1.2715857028961182
vb0[404]+012 NORMAL: -0.9591799378395081, 0.25323522090911865, -0.12587998807430267
vb0[404]+024 TANGENT: -0.2749897241592407, -0.9390713572502136, 0.2062176913022995, -1.0
vb0[404]+040 BLENDWEIGHTS: 0.6999989748001099, 0.3000010550022125, 0.0, 0.0
vb0[404]+056 BLENDINDICES: 0, 5, 0, 0
vb0[404]+072 COLOR: 0.5019607843137255, 0.5019607843137255, 0.0, 0.0
vb0[404]+076 TEXCOORD: 0.994140625, 0.7607421875
vb0[404]+080 TEXCOORD1: 0.6380516290664673, -0.22873555123806
vb0[404]+088 TEXCOORD2: 0.38037109375, 0.92578125

vb0[405]+000 POSITION: 0.10023854672908783, -0.01103341206908226, 1.2587088346481323
vb0[405]+012 NORMAL: -0.9586411118507385, 0.2649203836917877, -0.10404087603092194
vb0[405]+024 TANGENT: -0.2808753550052643, -0.9396482110023499, 0.19537246227264404, -1.0
vb0[405]+040 BLENDWEIGHTS: 0.5979691743850708, 0.4020308256149292, 0.0, 0.0
vb0[405]+056 BLENDINDICES: 0, 5, 0, 0
vb0[405]+072 COLOR: 0.5019607843137255, 0.5019607843137255, 0.0, 0.0
vb0[405]+076 TEXCOORD: 0.98291015625, 0.77001953125
vb0[405]+080 TEXCOORD1: -0.7846723794937134, 0.0121564120054245
vb0[405]+088 TEXCOORD2: 0.375244140625, 0.91650390625

vb0[406]+000 POSITION: 0.09579508751630783, -0.02459334023296833, 1.2646883726119995
vb0[406]+012 NORMAL: -0.955394983291626, 0.2743402123451233, -0.10935114324092865
vb0[406]+024 TANGENT: -0.2927212119102478, -0.9287616014480591, 0.2274119257926941, -1.0
vb0[406]+040 BLENDWEIGHTS: 0.5000003576278687, 0.49999967217445374, 0.0, 0.0
vb0[406]+056 BLENDINDICES: 0, 5, 0, 0
vb0[406]+072 COLOR: 0.5019607843137255, 0.5019607843137255, 0.0, 0.0
vb0[406]+076 TEXCOORD: 0.99658203125, 0.76708984375
vb0[406]+080 TEXCOORD1: 0.640213131904602, -0.15494973957538605
vb0[406]+088 TEXCOORD2: 0.380615234375, 0.9208984375

vb0[407]+000 POSITION: 0.09534312784671783, -0.029002754017710686, 1.25447416305542
vb0[407]+012 NORMAL: -0.9305920600891113, 0.3492654860019684, -0.10959895700216293
vb0[407]+024 TANGENT: -0.3652057349681854, -0.8654195666313171, 0.34303614497184753, -1.0
vb0[407]+040 BLENDWEIGHTS: 0.7499983906745911, 0.25000160932540894, 0.0, 0.0
vb0[407]+056 BLENDINDICES: 5, 0, 0, 0
vb0[407]+072 COLOR: 0.5019607843137255, 0.5019607843137255, 0.0, 0.0
vb0[407]+076 TEXCOORD: 0.99853515625, 0.77685546875
vb0[407]+080 TEXCOORD1: 0.7568954825401306, 0.3911905884742737
vb0[407]+088 TEXCOORD2: 0.38134765625, 0.91357421875

vb0[408]+000 POSITION: 0.09844177216291428, -0.023349609225988388, 1.246179223060608
vb0[408]+012 NORMAL: -0.9633749723434448, 0.2459983378648758, -0.10673978924751282
vb0[408]+024 TANGENT: -0.26485389471054077, -0.9351680278778076, 0.23518730700016022, -1.0
vb0[408]+040 BLENDWEIGHTS: 0.7336410880088806, 0.2663589119911194, 0.0, 0.0
vb0[408]+056 BLENDINDICES: 5, 0, 0, 0
vb0[408]+072 COLOR: 0.5019607843137255, 0.5019607843137255, 0.0, 0.0
vb0[408]+076 TEXCOORD: 0.9912109375, 0.7822265625
vb0[408]+080 TEXCOORD1: 0.433556467294693, 0.5553497672080994
vb0[408]+088 TEXCOORD2: 0.37744140625, 0.9072265625

vb0[409]+000 POSITION: 0.10001952946186066, 0.003248725552111864, 1.2767236232757568
vb0[409]+012 NORMAL: -0.727560818195343, 0.11224357038736343, -0.6767987608909607
vb0[409]+024 TANGENT: -0.0013597124489024282, -0.9867591261863708, -0.16218718886375427, -1.0
vb0[409]+040 BLENDWEIGHTS: 1.0, 0.0, 0.0, 0.0
vb0[409]+056 BLENDINDICES: 0, 0, 0, 0
vb0[409]+072 COLOR: 0.5019607843137255, 0.5019607843137255, 0.0, 0.0
vb0[409]+076 TEXCOORD: 0.9794921875, 0.751953125
vb0[409]+080 TEXCOORD1: 0.7714119553565979, 0.13753390312194824
vb0[409]+088 TEXCOORD2: 0.37548828125, 0.92919921875

vb0[410]+000 POSITION: 0.09792846441268921, 0.00795898400247097, 1.2829841375350952
vb0[410]+012 NORMAL: -0.9187055826187134, 0.37934184074401855, -0.10990835726261139
vb0[410]+024 TANGENT: -0.3608451783657074, -0.919346272945404, -0.15682192146778107, -1.0
vb0[410]+040 BLENDWEIGHTS: 1.0, 0.0, 0.0, 0.0
vb0[410]+056 BLENDINDICES: 0, 0, 0, 0
vb0[410]+072 COLOR: 0.5019607843137255, 0.5019607843137255, 0.0, 0.0
vb0[410]+076 TEXCOORD: 0.97412109375, 0.74609375
vb0[410]+080 TEXCOORD1: -0.44498899579048157, -0.28323066234588623
vb0[410]+088 TEXCOORD2: 0.378173828125, 0.93359375

vb0[411]+000 POSITION: 0.10113525390625, 0.003979492001235485, 1.272955298423767
vb0[411]+012 NORMAL: -0.9547130465507507, -0.1436963826417923, -0.26052722334861755
vb0[411]+024 TANGENT: 0.16826067864894867, -0.982926607131958, -0.07445549219846725, -1.0
vb0[411]+040 BLENDWEIGHTS: 0.8999949097633362, 0.10000509768724442, 0.0, 0.0
vb0[411]+056 BLENDINDICES: 0, 2, 0, 0
vb0[411]+072 COLOR: 0.5019607843137255, 0.5019607843137255, 0.0, 0.0
vb0[411]+076 TEXCOORD: 0.9794921875, 0.755859375
vb0[411]+080 TEXCOORD1: 0.7536774277687073, 0.031252384185791016
vb0[411]+088 TEXCOORD2: 0.3740234375, 0.9267578125

vb0[412]+000 POSITION: 0.1025390625, 0.004420165903866291, 1.2734582424163818
vb0[412]+012 NORMAL: 0.307987242937088, -0.9481996893882751, -0.07785329222679138
vb0[412]+024 TANGENT: 0.27257028222084045, 0.16634225845336914, -0.9476473927497864, -1.0
vb0[412]+040 BLENDWEIGHTS: 0.8999963402748108, 0.10000362992286682, 0.0, 0.0
vb0[412]+056 BLENDINDICES: 0, 2, 0, 0
vb0[412]+072 COLOR: 0.5019607843137255, 0.5019607843137255, 0.0, 0.0
vb0[412]+076 TEXCOORD: 0.07489013671875, 0.77685546875
vb0[412]+080 TEXCOORD1: 0.010760463774204254, -0.6497182250022888
vb0[412]+088 TEXCOORD2: 0.372314453125, 0.9267578125

vb0[413]+000 POSITION: 0.10112792998552322, 0.0033533095847815275, 1.2777477502822876
vb0[413]+012 NORMAL: 0.28181248903274536, -0.9514381885528564, -0.12388362735509872
vb0[413]+024 TANGENT: 0.3094022274017334, 0.21233521401882172, -0.9269217848777771, -1.0
vb0[413]+040 BLENDWEIGHTS: 1.0, 0.0, 0.0, 0.0
vb0[413]+056 BLENDINDICES: 0, 0, 0, 0
vb0[413]+072 COLOR: 0.5019607843137255, 0.5019607843137255, 0.0, 0.0
vb0[413]+076 TEXCOORD: 0.07098388671875, 0.77685546875
vb0[413]+080 TEXCOORD1: 0.2445635199546814, -0.5792282819747925
vb0[413]+088 TEXCOORD2: 0.3740234375, 0.93017578125

vb0[414]+000 POSITION: 0.10001952946186066, 0.003248725552111864, 1.2767236232757568
vb0[414]+012 NORMAL: 0.28181248903274536, -0.9514381885528564, -0.12388362735509872
vb0[414]+024 TANGENT: 0.3027409017086029, 0.2106967568397522, -0.9294916987419128, -1.0
vb0[414]+040 BLENDWEIGHTS: 1.0, 0.0, 0.0, 0.0
vb0[414]+056 BLENDINDICES: 0, 0, 0, 0
vb0[414]+072 COLOR: 0.5019607843137255, 0.5019607843137255, 0.0, 0.0
vb0[414]+076 TEXCOORD: 0.07098388671875, 0.77880859375
vb0[414]+080 TEXCOORD1: 0.348035603761673, 0.702042281627655
vb0[414]+088 TEXCOORD2: 0.37548828125, 0.92919921875

vb0[415]+000 POSITION: 0.10113525390625, 0.003979492001235485, 1.272955298423767
vb0[415]+012 NORMAL: 0.30833879113197327, -0.9481369853019714, -0.07722299546003342
vb0[415]+024 TANGENT: 0.26791298389434814, 0.16444475948810577, -0.9493052363395691, -1.0
vb0[415]+040 BLENDWEIGHTS: 0.8999949097633362, 0.10000509768724442, 0.0, 0.0
vb0[415]+056 BLENDINDICES: 0, 2, 0, 0
vb0[415]+072 COLOR: 0.5019607843137255, 0.5019607843137255, 0.0, 0.0
vb0[415]+076 TEXCOORD: 0.07489013671875, 0.77880859375
vb0[415]+080 TEXCOORD1: -0.02444031834602356, 0.7539290189743042
vb0[415]+088 TEXCOORD2: 0.3740234375, 0.9267578125

vb0[416]+000 POSITION: 0.10432648658752441, 0.005478001199662685, 1.26083505153656
vb0[416]+012 NORMAL: 0.35684946179389954, -0.9339550733566284, -0.019657067954540253
vb0[416]+024 TANGENT: 0.22933465242385864, 0.10798484086990356, -0.9673389792442322, -1.0
vb0[416]+040 BLENDWEIGHTS: 0.6171143651008606, 0.3828856647014618, 0.0, 0.0
vb0[416]+056 BLENDINDICES: 0, 2, 0, 0
vb0[416]+072 COLOR: 0.5019607843137255, 0.5019607843137255, 0.0, 0.0
vb0[416]+076 TEXCOORD: 0.08428955078125, 0.77880859375
vb0[416]+080 TEXCOORD1: -0.013555258512496948, 0.74315345287323
vb0[416]+088 TEXCOORD2: 0.3701171875, 0.91796875

vb0[417]+000 POSITION: 0.10586103051900864, 0.00603956263512373, 1.2614212036132812
vb0[417]+012 NORMAL: 0.35446253418922424, -0.9348368644714355, -0.02088833786547184
vb0[417]+024 TANGENT: 0.23205973207950592, 0.10958623141050339, -0.9665087461471558, -1.0
vb0[417]+040 BLENDWEIGHTS: 0.6171140670776367, 0.3828859329223633, 0.0, 0.0
vb0[417]+056 BLENDINDICES: 0, 2, 0, 0
vb0[417]+072 COLOR: 0.5019607843137255, 0.5019607843137255, 0.0, 0.0
vb0[417]+076 TEXCOORD: 0.08428955078125, 0.77685546875
vb0[417]+080 TEXCOORD1: 0.013197824358940125, -0.6689726710319519
vb0[417]+088 TEXCOORD2: 0.3681640625, 0.91845703125

vb0[418]+000 POSITION: 0.10586103051900864, 0.00603956263512373, 1.2614212036132812
vb0[418]+012 NORMAL: 0.9423025250434875, 0.24018873274326324, 0.2331850379705429
vb0[418]+024 TANGENT: 0.2619691491127014, -0.9627510905265808, -0.06695199012756348, -1.0
vb0[418]+040 BLENDWEIGHTS: 0.6171140670776367, 0.3828859329223633, 0.0, 0.0
vb0[418]+056 BLENDINDICES: 0, 2, 0, 0
vb0[418]+072 COLOR: 0.5019607843137255, 0.5019607843137255, 0.0, 0.0
vb0[418]+076 TEXCOORD: 0.09136962890625, 0.1419677734375
vb0[418]+080 TEXCOORD1: 0.6689398884773254, 0.0147637277841568
vb0[418]+088 TEXCOORD2: 0.3681640625, 0.91845703125

vb0[419]+000 POSITION: 0.10097167640924454, 0.01461181603372097, 1.2732031345367432
vb0[419]+012 NORMAL: 0.9522520303726196, 0.19806718826293945, 0.23234768211841583
vb0[419]+024 TANGENT: 0.22185945510864258, -0.9717152714729309, -0.08091839402914047, -1.0
vb0[419]+040 BLENDWEIGHTS: 0.7447435855865479, 0.25525641441345215, 0.0, 0.0
vb0[419]+056 BLENDINDICES: 0, 2, 0, 0
vb0[419]+072 COLOR: 0.5019607843137255, 0.5019607843137255, 0.0, 0.0
vb0[419]+076 TEXCOORD: 0.08074951171875, 0.1536865234375
vb0[419]+080 TEXCOORD1: -0.6277559995651245, 0.25138533115386963
vb0[419]+088 TEXCOORD2: 0.374267578125, 0.9267578125

vb0[420]+000 POSITION: 0.1025390625, 0.004420165903866291, 1.2734582424163818
vb0[420]+012 NORMAL: 0.9526489973068237, 0.12258924543857574, 0.27826547622680664
vb0[420]+024 TANGENT: 0.15782172977924347, -0.9815565347671509, -0.10788420587778091, -1.0
vb0[420]+040 BLENDWEIGHTS: 0.8999963402748108, 0.10000362992286682, 0.0, 0.0
vb0[420]+056 BLENDINDICES: 0, 2, 0, 0
vb0[420]+072 COLOR: 0.5019607843137255, 0.5019607843137255, 0.0, 0.0
vb0[420]+076 TEXCOORD: 0.09136962890625, 0.155029296875
vb0[420]+080 TEXCOORD1: 0.64972984790802, -0.010038211941719055
vb0[420]+088 TEXCOORD2: 0.372314453125, 0.9267578125

vb0[421]+000 POSITION: 0.10832391679286957, 0.0072130123153328896, 1.2498836517333984
vb0[421]+012 NORMAL: 0.9509661197662354, 0.2287735790014267, 0.2081492841243744
vb0[421]+024 TANGENT: 0.24864093959331512, -0.9657226800918579, -0.07454893738031387, -1.0
vb0[421]+040 BLENDWEIGHTS: 0.6077550053596497, 0.39224499464035034, 0.0, 0.0
vb0[421]+056 BLENDINDICES: 2, 0, 0, 0
vb0[421]+072 COLOR: 0.5019607843137255, 0.5019607843137255, 0.0, 0.0
vb0[421]+076 TEXCOORD: 0.09136962890625, 0.129638671875
vb0[421]+080 TEXCOORD1: 0.6624763607978821, -0.006796404719352722
vb0[421]+088 TEXCOORD2: 0.365234375, 0.91015625

vb0[422]+000 POSITION: 0.10133331269025803, 0.01845703087747097, 1.2657701969146729
vb0[422]+012 NORMAL: 0.9301393032073975, 0.3021823763847351, 0.2086307406425476
vb0[422]+024 TANGENT: 0.3184751570224762, -0.9466804265975952, -0.04867948591709137, -1.0
vb0[422]+040 BLENDWEIGHTS: 0.5000016689300537, 0.4999983608722687, 0.0, 0.0
vb0[422]+056 BLENDINDICES: 0, 2, 0, 0
vb0[422]+072 COLOR: 0.5019607843137255, 0.5019607843137255, 0.0, 0.0
vb0[422]+076 TEXCOORD: 0.0775146484375, 0.145751953125
vb0[422]+080 TEXCOORD1: -0.6328071355819702, 0.22378034889698029
vb0[422]+088 TEXCOORD2: 0.373779296875, 0.92138671875

vb0[423]+000 POSITION: 0.1068427562713623, 0.006554875988513231, 1.249311923980713
vb0[423]+012 NORMAL: 0.36231687664985657, -0.9296014308929443, -0.06758364289999008
vb0[423]+024 TANGENT: 0.1628827601671219, 0.13454514741897583, -0.9774287343025208, -1.0
vb0[423]+040 BLENDWEIGHTS: 0.6077534556388855, 0.3922465443611145, 0.0, 0.0
vb0[423]+056 BLENDINDICES: 2, 0, 0, 0
vb0[423]+072 COLOR: 0.5019607843137255, 0.5019607843137255, 0.0, 0.0
vb0[423]+076 TEXCOORD: 0.09820556640625, 0.77880859375
vb0[423]+080 TEXCOORD1: 0.006856784224510193, 0.7394787669181824
vb0[423]+088 TEXCOORD2: 0.366943359375, 0.90966796875

vb0[424]+000 POSITION: 0.10832391679286957, 0.0072130123153328896, 1.2498836517333984
vb0[424]+012 NORMAL: 0.36480650305747986, -0.9292443990707397, -0.05848943442106247
vb0[424]+024 TANGENT: 0.17016734182834625, 0.12830199301242828, -0.9770269989967346, -1.0
vb0[424]+040 BLENDWEIGHTS: 0.6077550053596497, 0.39224499464035034, 0.0, 0.0
vb0[424]+056 BLENDINDICES: 2, 0, 0, 0
vb0[424]+072 COLOR: 0.5019607843137255, 0.5019607843137255, 0.0, 0.0
vb0[424]+076 TEXCOORD: 0.09820556640625, 0.77685546875
vb0[424]+080 TEXCOORD1: -0.008138276636600494, -0.6624614000320435
vb0[424]+088 TEXCOORD2: 0.365234375, 0.91015625

vb0[425]+000 POSITION: 0.10789000988006592, 0.008227539248764515, 1.2405565977096558
vb0[425]+012 NORMAL: 0.3480866849422455, -0.9300872087478638, -0.11736074090003967
vb0[425]+024 TANGENT: 0.12305379658937454, 0.1694379448890686, -0.9778285026550293, -1.0
vb0[425]+040 BLENDWEIGHTS: 0.8268702626228333, 0.17312972247600555, 0.0, 0.0
vb0[425]+056 BLENDINDICES: 2, 0, 0, 0
vb0[425]+072 COLOR: 0.5019607843137255, 0.5019607843137255, 0.0, 0.0
vb0[425]+076 TEXCOORD: 0.10955810546875, 0.77880859375
vb0[425]+080 TEXCOORD1: 0.8874536156654358, 0.21165922284126282
vb0[425]+088 TEXCOORD2: 0.36572265625, 0.9033203125

vb0[426]+000 POSITION: 0.10949462652206421, 0.008611449971795082, 1.2408788204193115
vb0[426]+012 NORMAL: 0.3480866849422455, -0.9300872087478638, -0.11736075580120087
vb0[426]+024 TANGENT: 0.12284225970506668, 0.16936378180980682, -0.9778679609298706, -1.0
vb0[426]+040 BLENDWEIGHTS: 0.8268696665763855, 0.1731303334236145, 0.0, 0.0
vb0[426]+056 BLENDINDICES: 2, 0, 0, 0
vb0[426]+072 COLOR: 0.5019607843137255, 0.5019607843137255, 0.0, 0.0
vb0[426]+076 TEXCOORD: 0.10955810546875, 0.77685546875
vb0[426]+080 TEXCOORD1: 0.5757943987846375, -0.7306137681007385
vb0[426]+088 TEXCOORD2: 0.36376953125, 0.90380859375

vb0[427]+000 POSITION: 0.10661377012729645, 0.015898436307907104, 1.2485644817352295
vb0[427]+012 NORMAL: -0.13885711133480072, 0.7141899466514587, -0.6860403418540955
vb0[427]+024 TANGENT: 0.35306689143180847, -0.6115267872810364, -0.708081066608429, -1.0
vb0[427]+040 BLENDWEIGHTS: 0.7659961581230164, 0.23400387167930603, 0.0, 0.0
vb0[427]+056 BLENDINDICES: 2, 0, 0, 0
vb0[427]+072 COLOR: 0.5019607843137255, 0.5019607843137255, 0.0, 0.0
vb0[427]+076 TEXCOORD: 0.1033935546875, 0.80419921875
vb0[427]+080 TEXCOORD1: 0.014092713594436646, 0.7394937872886658
vb0[427]+088 TEXCOORD2: 0.3671875, 0.9091796875

vb0[428]+000 POSITION: 0.10949462652206421, 0.008611449971795082, 1.2408788204193115
vb0[428]+012 NORMAL: -0.11264317482709885, 0.7085097432136536, -0.6966530084609985
vb0[428]+024 TANGENT: 0.28582966327667236, -0.648375928401947, -0.7056273818016052, -1.0
vb0[428]+040 BLENDWEIGHTS: 0.8268696665763855, 0.1731303334236145, 0.0, 0.0
vb0[428]+056 BLENDINDICES: 2, 0, 0, 0
vb0[428]+072 COLOR: 0.5019607843137255, 0.5019607843137255, 0.0, 0.0
vb0[428]+076 TEXCOORD: 0.1158447265625, 0.80419921875
vb0[428]+080 TEXCOORD1: 0.5928641557693481, 0.7713830471038818
vb0[428]+088 TEXCOORD2: 0.36376953125, 0.90380859375

vb0[429]+000 POSITION: 0.10789000988006592, 0.008227539248764515, 1.2405565977096558
vb0[429]+012 NORMAL: -0.11264317482709885, 0.7085097432136536, -0.6966530084609985
vb0[429]+024 TANGENT: 0.2889505624771118, -0.6474583148956299, -0.7051987648010254, -1.0
vb0[429]+040 BLENDWEIGHTS: 0.8268702626228333, 0.17312972247600555, 0.0, 0.0
vb0[429]+056 BLENDINDICES: 2, 0, 0, 0
vb0[429]+072 COLOR: 0.5019607843137255, 0.5019607843137255, 0.0, 0.0
vb0[429]+076 TEXCOORD: 0.1158447265625, 0.80224609375
vb0[429]+080 TEXCOORD1: 0.8814820647239685, -0.15729248523712158
vb0[429]+088 TEXCOORD2: 0.36572265625, 0.9033203125

vb0[430]+000 POSITION: 0.10473693907260895, 0.015231933444738388, 1.2483813762664795
vb0[430]+012 NORMAL: -0.1413159966468811, 0.7146934866905212, -0.6850132346153259
vb0[430]+024 TANGENT: 0.3618737757205963, -0.6067771315574646, -0.707720935344696, -1.0
vb0[430]+040 BLENDWEIGHTS: 0.765998363494873, 0.23400165140628815, 0.0, 0.0
vb0[430]+056 BLENDINDICES: 2, 0, 0, 0
vb0[430]+072 COLOR: 0.5019607843137255, 0.5019607843137255, 0.0, 0.0
vb0[430]+076 TEXCOORD: 0.1033935546875, 0.80224609375
vb0[430]+080 TEXCOORD1: -0.01466137170791626, -0.6811212301254272
vb0[430]+088 TEXCOORD2: 0.36962890625, 0.9091796875

vb0[431]+000 POSITION: 0.10016845166683197, 0.011440429836511612, 1.278638243675232
vb0[431]+012 NORMAL: -0.1989249885082245, 0.8373966217041016, 0.5091128349304199
vb0[431]+024 TANGENT: 0.12622356414794922, 0.5370606184005737, -0.8340465426445007, -1.0
vb0[431]+040 BLENDWEIGHTS: 0.8999939560890198, 0.10000601410865784, 0.0, 0.0
vb0[431]+056 BLENDINDICES: 0, 2, 0, 0
vb0[431]+072 COLOR: 0.5019607843137255, 0.5019607843137255, 0.0, 0.0
vb0[431]+076 TEXCOORD: 0.0826416015625, 0.78369140625
vb0[431]+080 TEXCOORD1: -0.01664668321609497, 0.6882479786872864
vb0[431]+088 TEXCOORD2: 0.375244140625, 0.9306640625

vb0[432]+000 POSITION: 0.10097167640924454, 0.01461181603372097, 1.2732031345367432
vb0[432]+012 NORMAL: -0.2015194594860077, 0.8680673837661743, 0.4537058174610138
vb0[432]+024 TANGENT: 0.07769893854856491, 0.47591644525527954, -0.876051664352417, -1.0
vb0[432]+040 BLENDWEIGHTS: 0.7447435855865479, 0.25525641441345215, 0.0, 0.0
vb0[432]+056 BLENDINDICES: 0, 2, 0, 0
vb0[432]+072 COLOR: 0.5019607843137255, 0.5019607843137255, 0.0, 0.0
vb0[432]+076 TEXCOORD: 0.08978271484375, 0.78369140625
vb0[432]+080 TEXCOORD1: -0.023955553770065308, 0.6757945418357849
vb0[432]+088 TEXCOORD2: 0.374267578125, 0.9267578125

vb0[433]+000 POSITION: 0.09929443150758743, 0.014372558332979679, 1.2729467153549194
vb0[433]+012 NORMAL: -0.20119532942771912, 0.8679546117782593, 0.4540652632713318
vb0[433]+024 TANGENT: 0.07686639577150345, 0.47610417008399963, -0.8760231137275696, -1.0
vb0[433]+040 BLENDWEIGHTS: 0.7447397112846375, 0.25526028871536255, 0.0, 0.0
vb0[433]+056 BLENDINDICES: 0, 2, 0, 0
vb0[433]+072 COLOR: 0.5019607843137255, 0.5019607843137255, 0.0, 0.0
vb0[433]+076 TEXCOORD: 0.08978271484375, 0.7822265625
vb0[433]+080 TEXCOORD1: 0.01743483543395996, -0.7383950352668762
vb0[433]+088 TEXCOORD2: 0.37646484375, 0.9267578125

vb0[434]+000 POSITION: 0.09862060099840164, 0.011369628831744194, 1.278200626373291
vb0[434]+012 NORMAL: -0.19757907092571259, 0.8397899270057678, 0.5056830048561096
vb0[434]+024 TANGENT: 0.12159205228090286, 0.532863199710846, -0.8374200463294983, -1.0
vb0[434]+040 BLENDWEIGHTS: 0.8999963998794556, 0.10000357776880264, 0.0, 0.0
vb0[434]+056 BLENDINDICES: 0, 2, 0, 0
vb0[434]+072 COLOR: 0.5019607843137255, 0.5019607843137255, 0.0, 0.0
vb0[434]+076 TEXCOORD: 0.0826416015625, 0.7822265625
vb0[434]+080 TEXCOORD1: -0.004368320107460022, -0.7291660904884338
vb0[434]+088 TEXCOORD2: 0.377197265625, 0.93017578125

vb0[435]+000 POSITION: 0.09862060099840164, 0.011369628831744194, 1.278200626373291
vb0[435]+012 NORMAL: -0.9589416980743408, -0.16019093990325928, -0.23402932286262512
vb0[435]+024 TANGENT: 0.18150611221790314, -0.9807186126708984, -0.07243341207504272, -1.0
vb0[435]+040 BLENDWEIGHTS: 0.8999963998794556, 0.10000357776880264, 0.0, 0.0
vb0[435]+056 BLENDINDICES: 0, 2, 0, 0
vb0[435]+072 COLOR: 0.5019607843137255, 0.5019607843137255, 0.0, 0.0
vb0[435]+076 TEXCOORD: 0.97119140625, 0.7509765625
vb0[435]+080 TEXCOORD1: -0.6547259092330933, -0.3209925889968872
vb0[435]+088 TEXCOORD2: 0.377197265625, 0.93017578125

vb0[436]+000 POSITION: 0.10432648658752441, 0.005478001199662685, 1.26083505153656
vb0[436]+012 NORMAL: -0.9420263171195984, -0.24271607398986816, -0.23167932033538818
vb0[436]+024 TANGENT: 0.257129043340683, -0.9657889604568481, -0.03370968624949455, -1.0
vb0[436]+040 BLENDWEIGHTS: 0.6171143651008606, 0.3828856647014618, 0.0, 0.0
vb0[436]+056 BLENDINDICES: 0, 2, 0, 0
vb0[436]+072 COLOR: 0.5019607843137255, 0.5019607843137255, 0.0, 0.0
vb0[436]+076 TEXCOORD: 0.9794921875, 0.76806640625
vb0[436]+080 TEXCOORD1: 0.7432337403297424, 0.008028671145439148
vb0[436]+088 TEXCOORD2: 0.3701171875, 0.91796875

vb0[437]+000 POSITION: 0.09929443150758743, 0.014372558332979679, 1.2729467153549194
vb0[437]+012 NORMAL: -0.9520739912986755, -0.20856913924217224, -0.22372731566429138
vb0[437]+024 TANGENT: 0.2273445874452591, -0.9718742370605469, -0.06144031137228012, -1.0
vb0[437]+040 BLENDWEIGHTS: 0.7447397112846375, 0.25526028871536255, 0.0, 0.0
vb0[437]+056 BLENDINDICES: 0, 2, 0, 0
vb0[437]+072 COLOR: 0.5019607843137255, 0.5019607843137255, 0.0, 0.0
vb0[437]+076 TEXCOORD: 0.96923828125, 0.75634765625
vb0[437]+080 TEXCOORD1: -0.680257260799408, -0.28771743178367615
vb0[437]+088 TEXCOORD2: 0.37646484375, 0.9267578125

vb0[438]+000 POSITION: 0.09966003149747849, 0.01806640625, 1.2656127214431763
vb0[438]+012 NORMAL: -0.9314438104629517, -0.3025970458984375, -0.20210769772529602
vb0[438]+024 TANGENT: 0.3068302869796753, -0.9517026543617249, 0.010822181589901447, -1.0
vb0[438]+040 BLENDWEIGHTS: 0.5000001788139343, 0.49999985098838806, 0.0, 0.0
vb0[438]+056 BLENDINDICES: 0, 2, 0, 0
vb0[438]+072 COLOR: 0.5019607843137255, 0.5019607843137255, 0.0, 0.0
vb0[438]+076 TEXCOORD: 0.9658203125, 0.763671875
vb0[438]+080 TEXCOORD1: -0.681800127029419, -0.2909826636314392
vb0[438]+088 TEXCOORD2: 0.3759765625, 0.92138671875

vb0[439]+000 POSITION: 0.10133331269025803, 0.01845703087747097, 1.2657701969146729
vb0[439]+012 NORMAL: -0.2673833966255188, 0.8809736967086792, 0.3903735280036926
vb0[439]+024 TANGENT: 0.02985488250851631, 0.41250351071357727, -0.9104666113853455, -1.0
vb0[439]+040 BLENDWEIGHTS: 0.5000016689300537, 0.4999983608722687, 0.0, 0.0
vb0[439]+056 BLENDINDICES: 0, 2, 0, 0
vb0[439]+072 COLOR: 0.5019607843137255, 0.5019607843137255, 0.0, 0.0
vb0[439]+076 TEXCOORD: 0.099365234375, 0.78369140625
vb0[439]+080 TEXCOORD1: -0.02531525492668152, 0.6707322001457214
vb0[439]+088 TEXCOORD2: 0.373779296875, 0.92138671875

vb0[440]+000 POSITION: 0.09966003149747849, 0.01806640625, 1.2656127214431763
vb0[440]+012 NORMAL: -0.2649717926979065, 0.8806993961334229, 0.39263030886650085
vb0[440]+024 TANGENT: 0.03048844449222088, 0.4146331250667572, -0.9094777703285217, -1.0
vb0[440]+040 BLENDWEIGHTS: 0.5000001788139343, 0.49999985098838806, 0.0, 0.0
vb0[440]+056 BLENDINDICES: 0, 2, 0, 0
vb0[440]+072 COLOR: 0.5019607843137255, 0.5019607843137255, 0.0, 0.0
vb0[440]+076 TEXCOORD: 0.099365234375, 0.7822265625
vb0[440]+080 TEXCOORD1: 0.02230966091156006, -0.7409618496894836
vb0[440]+088 TEXCOORD2: 0.3759765625, 0.92138671875

vb0[441]+000 POSITION: 0.10146240144968033, 0.022211913019418716, 1.256651759147644
vb0[441]+012 NORMAL: -0.3132016062736511, 0.8843652606010437, 0.3461252450942993
vb0[441]+024 TANGENT: 0.01662404276430607, 0.3695122003555298, -0.9290771484375, -1.0
vb0[441]+040 BLENDWEIGHTS: 0.7499972581863403, 0.25000277161598206, 0.0, 0.0
vb0[441]+056 BLENDINDICES: 2, 0, 0, 0
vb0[441]+072 COLOR: 0.5019607843137255, 0.5019607843137255, 0.0, 0.0
vb0[441]+076 TEXCOORD: 0.109619140625, 0.78369140625
vb0[441]+080 TEXCOORD1: 0.42241370677948, 0.44737011194229126
vb0[441]+088 TEXCOORD2: 0.373779296875, 0.9150390625

vb0[442]+000 POSITION: 0.09986327588558197, 0.021621093153953552, 1.2563557624816895
vb0[442]+012 NORMAL: -0.3132016062736511, 0.8843652606010437, 0.3461252450942993
vb0[442]+024 TANGENT: 0.016574352979660034, 0.3694972097873688, -0.9290839433670044, -1.0
vb0[442]+040 BLENDWEIGHTS: 0.7499974966049194, 0.25000250339508057, 0.0, 0.0
vb0[442]+056 BLENDINDICES: 2, 0, 0, 0
vb0[442]+072 COLOR: 0.5019607843137255, 0.5019607843137255, 0.0, 0.0
vb0[442]+076 TEXCOORD: 0.109619140625, 0.7822265625
vb0[442]+080 TEXCOORD1: 0.4756533205509186, -0.550207793712616
vb0[442]+088 TEXCOORD2: 0.375732421875, 0.91455078125

vb0[443]+000 POSITION: 0.10146240144968033, 0.022211913019418716, 1.256651759147644
vb0[443]+012 NORMAL: 0.8686330914497375, 0.45368313789367676, 0.19911810755729675
vb0[443]+024 TANGENT: 0.4628697335720062, -0.8864263296127319, 0.0, -1.0
vb0[443]+040 BLENDWEIGHTS: 0.7499972581863403, 0.25000277161598206, 0.0, 0.0
vb0[443]+056 BLENDINDICES: 2, 0, 0, 0
vb0[443]+072 COLOR: 0.5019607843137255, 0.5019607843137255, 0.0, 0.0
vb0[443]+076 TEXCOORD: 0.07415771484375, 0.1361083984375
vb0[443]+080 TEXCOORD1: -0.7838799357414246, -0.18270500004291534
vb0[443]+088 TEXCOORD2: 0.373779296875, 0.9150390625

vb0[444]+000 POSITION: 0.10661377012729645, 0.015898436307907104, 1.2485644817352295
vb0[444]+012 NORMAL: 0.9407275915145874, 0.2601625919342041, 0.21759387850761414
vb0[444]+024 TANGENT: 0.2799377739429474, -0.9578104019165039, -0.06506960093975067, -1.0
vb0[444]+040 BLENDWEIGHTS: 0.7659961581230164, 0.23400387167930603, 0.0, 0.0
vb0[444]+056 BLENDINDICES: 2, 0, 0, 0
vb0[444]+072 COLOR: 0.5019607843137255, 0.5019607843137255, 0.0, 0.0
vb0[444]+076 TEXCOORD: 0.08245849609375, 0.1275634765625
vb0[444]+080 TEXCOORD1: -0.5039181113243103, -0.541402280330658
vb0[444]+088 TEXCOORD2: 0.3671875, 0.9091796875

vb0[445]+000 POSITION: 0.10789000988006592, 0.008227539248764515, 1.2405565977096558
vb0[445]+012 NORMAL: -0.9548689723014832, -0.24908888339996338, -0.16180254518985748
vb0[445]+024 TANGENT: 0.24140664935112, -0.9681879878044128, 0.06584067642688751, -1.0
vb0[445]+040 BLENDWEIGHTS: 0.8268702626228333, 0.17312972247600555, 0.0, 0.0
vb0[445]+056 BLENDINDICES: 2, 0, 0, 0
vb0[445]+072 COLOR: 0.5019607843137255, 0.5019607843137255, 0.0, 0.0
vb0[445]+076 TEXCOORD: 0.9794921875, 0.78662109375
vb0[445]+080 TEXCOORD1: 0.2404554784297943, 0.9545387029647827
vb0[445]+088 TEXCOORD2: 0.36572265625, 0.9033203125

vb0[446]+000 POSITION: 0.1068427562713623, 0.006554875988513231, 1.249311923980713
vb0[446]+012 NORMAL: -0.9460952281951904, -0.2532109320163727, -0.20196065306663513
vb0[446]+024 TANGENT: 0.24925611913204193, -0.9673815965652466, 0.045214518904685974, -1.0
vb0[446]+040 BLENDWEIGHTS: 0.6077534556388855, 0.3922465443611145, 0.0, 0.0
vb0[446]+056 BLENDINDICES: 2, 0, 0, 0
vb0[446]+072 COLOR: 0.5019607843137255, 0.5019607843137255, 0.0, 0.0
vb0[446]+076 TEXCOORD: 0.9794921875, 0.7783203125
vb0[446]+080 TEXCOORD1: 0.7327791452407837, 0.0995514765381813
vb0[446]+088 TEXCOORD2: 0.366943359375, 0.90966796875

vb0[447]+000 POSITION: 0.10473693907260895, 0.015231933444738388, 1.2483813762664795
vb0[447]+012 NORMAL: -0.9367706775665283, -0.282643586397171, -0.20633289217948914
vb0[447]+024 TANGENT: 0.2724792957305908, -0.9590972661972046, 0.07673058658838272, -1.0
vb0[447]+040 BLENDWEIGHTS: 0.765998363494873, 0.23400165140628815, 0.0, 0.0
vb0[447]+056 BLENDINDICES: 2, 0, 0, 0
vb0[447]+072 COLOR: 0.5019607843137255, 0.5019607843137255, 0.0, 0.0
vb0[447]+076 TEXCOORD: 0.970703125, 0.77880859375
vb0[447]+080 TEXCOORD1: -0.5303977727890015, 0.4275737404823303
vb0[447]+088 TEXCOORD2: 0.36962890625, 0.9091796875

vb0[448]+000 POSITION: 0.0991540476679802, 0.008024902082979679, 1.2834254503250122
vb0[448]+012 NORMAL: 0.7189858555793762, 0.6074869632720947, 0.33766695857048035
vb0[448]+024 TANGENT: 0.623441219329834, -0.778453528881073, 0.07301537692546844, -1.0
vb0[448]+040 BLENDWEIGHTS: 1.0, 0.0, 0.0, 0.0
vb0[448]+056 BLENDINDICES: 0, 0, 0, 0
vb0[448]+072 COLOR: 0.5019607843137255, 0.5019607843137255, 0.0, 0.0
vb0[448]+076 TEXCOORD: 0.0858154296875, 0.1651611328125
vb0[448]+080 TEXCOORD1: -0.4154588580131531, 0.25505876541137695
vb0[448]+088 TEXCOORD2: 0.37646484375, 0.93408203125

vb0[449]+000 POSITION: 0.10112792998552322, 0.0033533095847815275, 1.2777477502822876
vb0[449]+012 NORMAL: 0.9948315620422363, 0.08234747499227524, -0.05940473452210426
vb0[449]+024 TANGENT: 0.07218116521835327, -0.9850141406059265, -0.1566426008939743, -1.0
vb0[449]+040 BLENDWEIGHTS: 1.0, 0.0, 0.0, 0.0
vb0[449]+056 BLENDINDICES: 0, 0, 0, 0
vb0[449]+072 COLOR: 0.5019607843137255, 0.5019607843137255, 0.0, 0.0
vb0[449]+076 TEXCOORD: 0.09136962890625, 0.1597900390625
vb0[449]+080 TEXCOORD1: 0.6281569600105286, 0.027120321989059448
vb0[449]+088 TEXCOORD2: 0.3740234375, 0.93017578125

vb0[450]+000 POSITION: 0.09611004590988159, 0.0014378172345459461, 1.286109447479248
vb0[450]+012 NORMAL: -0.9633236527442932, 0.2091883271932602, -0.16807055473327637
vb0[450]+024 TANGENT: -0.2675424814224243, -0.7004145383834839, 0.661695122718811, -1.0
vb0[450]+040 BLENDWEIGHTS: 1.0, 0.0, 0.0, 0.0
vb0[450]+056 BLENDINDICES: 0, 0, 0, 0
vb0[450]+072 COLOR: 0.5019607843137255, 0.5019607843137255, 0.0, 0.0
vb0[450]+076 TEXCOORD: 0.1746826171875, 0.1585693359375
vb0[450]+080 TEXCOORD1: -1.4901161193847656e-08, 1.4901161193847656e-08
vb0[450]+088 TEXCOORD2: 0.38037109375, 0.93603515625

vb0[451]+000 POSITION: 0.09937217831611633, 0.0034967735409736633, 1.2889618873596191
vb0[451]+012 NORMAL: 0.7473223805427551, 0.4980038106441498, 0.4398879110813141
vb0[451]+024 TANGENT: -0.3950496017932892, -0.19930225610733032, 0.8967800736427307, -1.0
vb0[451]+040 BLENDWEIGHTS: 1.0, 0.0, 0.0, 0.0
vb0[451]+056 BLENDINDICES: 0, 0, 0, 0
vb0[451]+072 COLOR: 0.5019607843137255, 0.5019607843137255, 0.0, 0.0
vb0[451]+076 TEXCOORD: 0.173095703125, 0.150634765625
vb0[451]+080 TEXCOORD1: -2.9802322387695312e-08, 2.9802322387695312e-08
vb0[451]+088 TEXCOORD2: 0.376220703125, 0.93798828125

vb0[452]+000 POSITION: 0.09716953337192535, -0.00022105497191660106, 1.2961169481277466
vb0[452]+012 NORMAL: 0.6928223371505737, 0.519013524055481, 0.5006219148635864
vb0[452]+024 TANGENT: -0.4068033993244171, -0.29191145300865173, 0.8656204342842102, -1.0
vb0[452]+040 BLENDWEIGHTS: 1.0, 0.0, 0.0, 0.0
vb0[452]+056 BLENDINDICES: 0, 0, 0, 0
vb0[452]+072 COLOR: 0.5019607843137255, 0.5019607843137255, 0.0, 0.0
vb0[452]+076 TEXCOORD: 0.18115234375, 0.1485595703125
vb0[452]+080 TEXCOORD1: 0.6978516578674316, -0.2666967809200287
vb0[452]+088 TEXCOORD2: 0.37890625, 0.943359375

vb0[453]+000 POSITION: 0.09963105618953705, -0.011436953209340572, 1.2814310789108276
vb0[453]+012 NORMAL: 0.9079363346099854, -0.3844164311885834, 0.1669599860906601
vb0[453]+024 TANGENT: -0.22907228767871857, -0.12157436460256577, 0.9657874703407288, -1.0
vb0[453]+040 BLENDWEIGHTS: 1.0, 0.0, 0.0, 0.0
vb0[453]+056 BLENDINDICES: 0, 0, 0, 0
vb0[453]+072 COLOR: 0.5019607843137255, 0.5019607843137255, 0.0, 0.0
vb0[453]+076 TEXCOORD: 0.16796875, 0.134033203125
vb0[453]+080 TEXCOORD1: 1.4901161193847656e-08, 1.1175870895385742e-08
vb0[453]+088 TEXCOORD2: 0.3759765625, 0.9326171875

vb0[454]+000 POSITION: 0.0948721393942833, -0.0014961936976760626, 1.2943087816238403
vb0[454]+012 NORMAL: -0.992432713508606, 0.09476170688867569, -0.07808616757392883
vb0[454]+024 TANGENT: 0.08284128457307816, 0.9861262440681458, 0.14384868741035461, -1.0
vb0[454]+040 BLENDWEIGHTS: 1.0, 0.0, 0.0, 0.0
vb0[454]+056 BLENDINDICES: 0, 0, 0, 0
vb0[454]+072 COLOR: 0.5019607843137255, 0.5019607843137255, 0.0, 0.0
vb0[454]+076 TEXCOORD: 0.1859130859375, 0.1405029296875
vb0[454]+080 TEXCOORD1: 0.23702844977378845, 0.705069363117218
vb0[454]+088 TEXCOORD2: 0.3818359375, 0.94189453125

vb0[455]+000 POSITION: 0.0991360992193222, -0.007233860436826944, 1.2747371196746826
vb0[455]+012 NORMAL: -0.7564359903335571, 0.2316223382949829, -0.6116827130317688
vb0[455]+024 TANGENT: 0.10208196192979813, 0.9655451774597168, 0.239377960562706, -1.0
vb0[455]+040 BLENDWEIGHTS: 1.0, 0.0, 0.0, 0.0
vb0[455]+056 BLENDINDICES: 0, 0, 0, 0
vb0[455]+072 COLOR: 0.5019607843137255, 0.5019607843137255, 0.0, 0.0
vb0[455]+076 TEXCOORD: 0.177490234375, 0.12109375
vb0[455]+080 TEXCOORD1: 0.6039159893989563, -0.32382625341415405
vb0[455]+088 TEXCOORD2: 0.37646484375, 0.927734375

vb0[456]+000 POSITION: 0.0948721393942833, -0.0014961936976760626, 1.2943087816238403
vb0[456]+012 NORMAL: -0.992432713508606, 0.09476170688867569, -0.07808616757392883
vb0[456]+024 TANGENT: -0.1227581799030304, -0.7513691186904907, 0.6483632326126099, -1.0
vb0[456]+040 BLENDWEIGHTS: 1.0, 0.0, 0.0, 0.0
vb0[456]+056 BLENDINDICES: 0, 0, 0, 0
vb0[456]+072 COLOR: 0.5019607843137255, 0.5019607843137255, 0.0, 0.0
vb0[456]+076 TEXCOORD: 0.1824951171875, 0.154296875
vb0[456]+080 TEXCOORD1: 0.3750948905944824, -0.6423466205596924
vb0[456]+088 TEXCOORD2: 0.3818359375, 0.94189453125

vb0[457]+000 POSITION: 0.0950203463435173, 0.0008890815661288798, 1.2965028285980225
vb0[457]+012 NORMAL: -0.3870745301246643, 0.8320630192756653, 0.3972964286804199
vb0[457]+024 TANGENT: -0.37299203872680664, -0.5353556871414185, 0.7578068375587463, -1.0
vb0[457]+040 BLENDWEIGHTS: 1.0, 0.0, 0.0, 0.0
vb0[457]+056 BLENDINDICES: 0, 0, 0, 0
vb0[457]+072 COLOR: 0.5019607843137255, 0.5019607843137255, 0.0, 0.0
vb0[457]+076 TEXCOORD: 0.18212890625, 0.1510009765625
vb0[457]+080 TEXCOORD1: 0.9138081073760986, -0.144092857837677
vb0[457]+088 TEXCOORD2: 0.381591796875, 0.943359375

vb0[458]+000 POSITION: 0.09481362998485565, -0.0027017230167984962, 1.2963463068008423
vb0[458]+012 NORMAL: -0.7248113751411438, -0.5448198318481445, 0.4216868579387665
vb0[458]+024 TANGENT: -0.4386325776576996, 0.836919903755188, 0.32736310362815857, -1.0
vb0[458]+040 BLENDWEIGHTS: 1.0, 0.0, 0.0, 0.0
vb0[458]+056 BLENDINDICES: 0, 0, 0, 0
vb0[458]+072 COLOR: 0.5019607843137255, 0.5019607843137255, 0.0, 0.0
vb0[458]+076 TEXCOORD: 0.184814453125, 0.142822265625
vb0[458]+080 TEXCOORD1: 0.7320265769958496, 0.3209865689277649
vb0[458]+088 TEXCOORD2: 0.3818359375, 0.943359375

vb0[459]+000 POSITION: 0.09642832726240158, -0.013368280604481697, 1.2816598415374756
vb0[459]+012 NORMAL: -0.353333055973053, -0.7359091639518738, 0.5775754451751709
vb0[459]+024 TANGENT: -0.014960154891014099, -0.6128754019737244, -0.7900378704071045, -1.0
vb0[459]+040 BLENDWEIGHTS: 1.0, 0.0, 0.0, 0.0
vb0[459]+056 BLENDINDICES: 0, 0, 0, 0
vb0[459]+072 COLOR: 0.5019607843137255, 0.5019607843137255, 0.0, 0.0
vb0[459]+076 TEXCOORD: 0.07098388671875, 0.82421875
vb0[459]+080 TEXCOORD1: 0.10435548424720764, 0.47667384147644043
vb0[459]+088 TEXCOORD2: 0.3798828125, 0.9326171875

vb0[460]+000 POSITION: 0.09626742452383041, -0.016278861090540886, 1.27790105342865
vb0[460]+012 NORMAL: -0.3497348725795746, -0.7517845034599304, 0.5590218901634216
vb0[460]+024 TANGENT: -0.025434941053390503, -0.5888650417327881, -0.8078310489654541, -1.0
vb0[460]+040 BLENDWEIGHTS: 0.899997353553772, 0.10000264644622803, 0.0, 0.0
vb0[460]+056 BLENDINDICES: 0, 5, 0, 0
vb0[460]+072 COLOR: 0.5019607843137255, 0.5019607843137255, 0.0, 0.0
vb0[460]+076 TEXCOORD: 0.07708740234375, 0.82421875
vb0[460]+080 TEXCOORD1: -0.0019565224647521973, 0.6807858943939209
vb0[460]+088 TEXCOORD2: 0.380126953125, 0.93017578125

vb0[461]+000 POSITION: 0.09780474752187729, -0.016656754538416862, 1.278311848640442
vb0[461]+012 NORMAL: -0.35011985898017883, -0.7501513361930847, 0.5609714984893799
vb0[461]+024 TANGENT: -0.023583749309182167, -0.5916281342506409, -0.8058658838272095, -1.0
vb0[461]+040 BLENDWEIGHTS: 0.8999961614608765, 0.10000381618738174, 0.0, 0.0
vb0[461]+056 BLENDINDICES: 0, 5, 0, 0
vb0[461]+072 COLOR: 0.5019607843137255, 0.5019607843137255, 0.0, 0.0
vb0[461]+076 TEXCOORD: 0.07708740234375, 0.822265625
vb0[461]+080 TEXCOORD1: 0.042245298624038696, -0.707425594329834
vb0[461]+088 TEXCOORD2: 0.378173828125, 0.9306640625

vb0[462]+000 POSITION: 0.09785022586584091, -0.013614392839372158, 1.282264232635498
vb0[462]+012 NORMAL: -0.35333311557769775, -0.7359091639518738, 0.5775754451751709
vb0[462]+024 TANGENT: -0.011087646707892418, -0.6140614748001099, -0.7891802191734314, -1.0
vb0[462]+040 BLENDWEIGHTS: 1.0, 0.0, 0.0, 0.0
vb0[462]+056 BLENDINDICES: 0, 0, 0, 0
vb0[462]+072 COLOR: 0.5019607843137255, 0.5019607843137255, 0.0, 0.0
vb0[462]+076 TEXCOORD: 0.07098388671875, 0.822265625
vb0[462]+080 TEXCOORD1: 0.053299903869628906, -0.4087614417076111
vb0[462]+088 TEXCOORD2: 0.378173828125, 0.93310546875

vb0[463]+000 POSITION: 0.09626742452383041, -0.016278861090540886, 1.27790105342865
vb0[463]+012 NORMAL: -0.959473729133606, 0.24271830916404724, -0.14317114651203156
vb0[463]+024 TANGENT: -0.2687152326107025, -0.9410547614097595, 0.2054463028907776, -1.0
vb0[463]+040 BLENDWEIGHTS: 0.899997353553772, 0.10000264644622803, 0.0, 0.0
vb0[463]+056 BLENDINDICES: 0, 5, 0, 0
vb0[463]+072 COLOR: 0.5019607843137255, 0.5019607843137255, 0.0, 0.0
vb0[463]+076 TEXCOORD: 0.99169921875, 0.75439453125
vb0[463]+080 TEXCOORD1: 0.6254768371582031, -0.2687970995903015
vb0[463]+088 TEXCOORD2: 0.380126953125, 0.93017578125

vb0[464]+000 POSITION: 0.09963105618953705, -0.011436953209340572, 1.2814310789108276
vb0[464]+012 NORMAL: 0.9079363346099854, -0.3844164311885834, 0.1669599860906601
vb0[464]+024 TANGENT: -0.41346728801727295, -0.886712908744812, 0.2068457007408142, -1.0
vb0[464]+040 BLENDWEIGHTS: 1.0, 0.0, 0.0, 0.0
vb0[464]+056 BLENDINDICES: 0, 0, 0, 0
vb0[464]+072 COLOR: 0.5019607843137255, 0.5019607843137255, 0.0, 0.0
vb0[464]+076 TEXCOORD: 0.09710693359375, 0.292724609375
vb0[464]+080 TEXCOORD1: -3.3527612686157227e-08, -1.4901161193847656e-08
vb0[464]+088 TEXCOORD2: 0.3759765625, 0.9326171875

vb0[465]+000 POSITION: 0.1006787121295929, -0.00760650634765625, 1.2756175994873047
vb0[465]+012 NORMAL: 0.9802666306495667, -0.06533478945493698, -0.1865711510181427
vb0[465]+024 TANGENT: -0.02613111585378647, -0.9783483147621155, 0.20530886948108673, -1.0
vb0[465]+040 BLENDWEIGHTS: 1.0, 0.0, 0.0, 0.0
vb0[465]+056 BLENDINDICES: 0, 0, 0, 0
vb0[465]+072 COLOR: 0.5019607843137255, 0.5019607843137255, 0.0, 0.0
vb0[465]+076 TEXCOORD: 0.0909423828125, 0.287109375
vb0[465]+080 TEXCOORD1: -0.5832231640815735, 0.04543218016624451
vb0[465]+088 TEXCOORD2: 0.374755859375, 0.9287109375

vb0[466]+000 POSITION: 0.10001952946186066, 0.003248725552111864, 1.2767236232757568
vb0[466]+012 NORMAL: -0.727560818195343, 0.11224357038736343, -0.6767987608909607
vb0[466]+024 TANGENT: -0.557368814945221, -0.6718984246253967, 0.4877423048019409, -1.0
vb0[466]+040 BLENDWEIGHTS: 1.0, 0.0, 0.0, 0.0
vb0[466]+056 BLENDINDICES: 0, 0, 0, 0
vb0[466]+072 COLOR: 0.5019607843137255, 0.5019607843137255, 0.0, 0.0
vb0[466]+076 TEXCOORD: 0.1658935546875, 0.1641845703125
vb0[466]+080 TEXCOORD1: 0.33943039178848267, 0.7062429189682007
vb0[466]+088 TEXCOORD2: 0.37548828125, 0.92919921875

vb0[467]+000 POSITION: 0.09792846441268921, 0.00795898400247097, 1.2829841375350952
vb0[467]+012 NORMAL: -0.21189606189727783, 0.8131155371665955, 0.542165219783783
vb0[467]+024 TANGENT: 0.16081273555755615, 0.5762105584144592, -0.8013243079185486, -1.0
vb0[467]+040 BLENDWEIGHTS: 1.0, 0.0, 0.0, 0.0
vb0[467]+056 BLENDINDICES: 0, 0, 0, 0
vb0[467]+072 COLOR: 0.5019607843137255, 0.5019607843137255, 0.0, 0.0
vb0[467]+076 TEXCOORD: 0.0758056640625, 0.7822265625
vb0[467]+080 TEXCOORD1: 0.09352609515190125, -0.5191220641136169
vb0[467]+088 TEXCOORD2: 0.378173828125, 0.93359375

vb0[468]+000 POSITION: 0.0991540476679802, 0.008024902082979679, 1.2834254503250122
vb0[468]+012 NORMAL: -0.21189609169960022, 0.8131155371665955, 0.5421652793884277
vb0[468]+024 TANGENT: 0.16881245374679565, 0.5768767595291138, -0.7991968393325806, -1.0
vb0[468]+040 BLENDWEIGHTS: 1.0, 0.0, 0.0, 0.0
vb0[468]+056 BLENDINDICES: 0, 0, 0, 0
vb0[468]+072 COLOR: 0.5019607843137255, 0.5019607843137255, 0.0, 0.0
vb0[468]+076 TEXCOORD: 0.0758056640625, 0.78369140625
vb0[468]+080 TEXCOORD1: 0.11565220355987549, 0.47358793020248413
vb0[468]+088 TEXCOORD2: 0.37646484375, 0.93408203125

vb0[469]+000 POSITION: 0.09780474752187729, -0.016656754538416862, 1.278311848640442
vb0[469]+012 NORMAL: 0.9348931312561035, -0.32676416635513306, 0.13856446743011475
vb0[469]+024 TANGENT: -0.3508305549621582, -0.909925639629364, 0.22125405073165894, -1.0
vb0[469]+040 BLENDWEIGHTS: 0.8999961614608765, 0.10000381618738174, 0.0, 0.0
vb0[469]+056 BLENDINDICES: 0, 5, 0, 0
vb0[469]+072 COLOR: 0.5019607843137255, 0.5019607843137255, 0.0, 0.0
vb0[469]+076 TEXCOORD: 0.1026611328125, 0.28759765625
vb0[469]+080 TEXCOORD1: 0.6587526202201843, 0.2613055109977722
vb0[469]+088 TEXCOORD2: 0.378173828125, 0.9306640625

vb0[470]+000 POSITION: 0.09785022586584091, -0.013614392839372158, 1.282264232635498
vb0[470]+012 NORMAL: 0.46241074800491333, -0.7579076290130615, 0.46016544103622437
vb0[470]+024 TANGENT: -0.8436768651008606, -0.5357363820075989, -0.0345819890499115, -1.0
vb0[470]+040 BLENDWEIGHTS: 1.0, 0.0, 0.0, 0.0
vb0[470]+056 BLENDINDICES: 0, 0, 0, 0
vb0[470]+072 COLOR: 0.5019607843137255, 0.5019607843137255, 0.0, 0.0
vb0[470]+076 TEXCOORD: 0.1011962890625, 0.293212890625
vb0[470]+080 TEXCOORD1: 0.3689993619918823, 0.18375596404075623
vb0[470]+088 TEXCOORD2: 0.378173828125, 0.93310546875

vb0[471]+000 POSITION: 0.10016845166683197, 0.011440429836511612, 1.278638243675232
vb0[471]+012 NORMAL: 0.9568426609039307, 0.13212238252162933, 0.2588356137275696
vb0[471]+024 TANGENT: 0.16370411217212677, -0.9809659719467163, -0.10443513095378876, -1.0
vb0[471]+040 BLENDWEIGHTS: 0.8999939560890198, 0.10000601410865784, 0.0, 0.0
vb0[471]+056 BLENDINDICES: 0, 2, 0, 0
vb0[471]+072 COLOR: 0.5019607843137255, 0.5019607843137255, 0.0, 0.0
vb0[471]+076 TEXCOORD: 0.083251953125, 0.15966796875
vb0[471]+080 TEXCOORD1: -0.6254039406776428, 0.2878058850765228
vb0[471]+088 TEXCOORD2: 0.375244140625, 0.9306640625

vb0[472]+000 POSITION: 0.10224609076976776, -0.016701659187674522, 1.2374682426452637
vb0[472]+012 NORMAL: 0.9756501913070679, -0.20836374163627625, 0.06849390268325806
vb0[472]+024 TANGENT: -0.218401700258255, -0.9516661763191223, 0.2159450799226761, -1.0
vb0[472]+040 BLENDWEIGHTS: 0.8268724083900452, 0.17312760651111603, 0.0, 0.0
vb0[472]+056 BLENDINDICES: 5, 0, 0, 0
vb0[472]+072 COLOR: 0.5019607843137255, 0.5019607843137255, 0.0, 0.0
vb0[472]+076 TEXCOORD: 0.0909423828125, 0.2413330078125
vb0[472]+080 TEXCOORD1: -0.22565430402755737, -0.5157271027565002
vb0[472]+088 TEXCOORD2: 0.372802734375, 0.9013671875

vb0[473]+000 POSITION: 0.09690185636281967, -0.029841307550668716, 1.2550714015960693
vb0[473]+012 NORMAL: -0.16057217121124268, -0.7837410569190979, -0.5999720692634583
vb0[473]+024 TANGENT: 0.28967544436454773, 0.5436723828315735, -0.7877236008644104, -1.0
vb0[473]+040 BLENDWEIGHTS: 0.7499980330467224, 0.2500019967556, 0.0, 0.0
vb0[473]+056 BLENDINDICES: 5, 0, 0, 0
vb0[473]+072 COLOR: 0.5019607843137255, 0.5019607843137255, 0.0, 0.0
vb0[473]+076 TEXCOORD: 0.11663818359375, 0.80224609375
vb0[473]+080 TEXCOORD1: -0.4440651834011078, -0.4352444112300873
vb0[473]+088 TEXCOORD2: 0.37939453125, 0.91357421875

vb0[474]+000 POSITION: 0.09534312784671783, -0.029002754017710686, 1.25447416305542
vb0[474]+012 NORMAL: -0.16057220101356506, -0.7837410569190979, -0.599972128868103
vb0[474]+024 TANGENT: 0.2902168929576874, 0.5435000061988831, -0.7876432538032532, -1.0
vb0[474]+040 BLENDWEIGHTS: 0.7499983906745911, 0.25000160932540894, 0.0, 0.0
vb0[474]+056 BLENDINDICES: 5, 0, 0, 0
vb0[474]+072 COLOR: 0.5019607843137255, 0.5019607843137255, 0.0, 0.0
vb0[474]+076 TEXCOORD: 0.11663818359375, 0.80419921875
vb0[474]+080 TEXCOORD1: -0.42932620644569397, 0.5682222843170166
vb0[474]+088 TEXCOORD2: 0.38134765625, 0.91357421875

vb0[475]+000 POSITION: 0.1006171852350235, -0.013727869838476181, 1.2466017007827759
vb0[475]+012 NORMAL: -0.9670210480690002, 0.23613199591636658, -0.0954567939043045
vb0[475]+024 TANGENT: -0.2511962652206421, -0.9461364150047302, 0.20427024364471436, -1.0
vb0[475]+040 BLENDWEIGHTS: 0.638139545917511, 0.361860454082489, 0.0, 0.0
vb0[475]+056 BLENDINDICES: 5, 0, 0, 0
vb0[475]+072 COLOR: 0.5019607843137255, 0.5019607843137255, 0.0, 0.0
vb0[475]+076 TEXCOORD: 0.98291015625, 0.77978515625
vb0[475]+080 TEXCOORD1: -0.7930289506912231, 0.011445045471191406
vb0[475]+088 TEXCOORD2: 0.374755859375, 0.90771484375

vb0[476]+000 POSITION: 0.10080047696828842, -0.016164245083928108, 1.237062931060791
vb0[476]+012 NORMAL: -0.971866250038147, 0.2230549305677414, -0.07564696669578552
vb0[476]+024 TANGENT: -0.23411504924297333, -0.9500283598899841, 0.206485316157341, -1.0
vb0[476]+040 BLENDWEIGHTS: 0.8268722891807556, 0.17312771081924438, 0.0, 0.0
vb0[476]+056 BLENDINDICES: 5, 0, 0, 0
vb0[476]+072 COLOR: 0.5019607843137255, 0.5019607843137255, 0.0, 0.0
vb0[476]+076 TEXCOORD: 0.98291015625, 0.78857421875
vb0[476]+080 TEXCOORD1: -0.43801426887512207, 0.8985233306884766
vb0[476]+088 TEXCOORD2: 0.37451171875, 0.90087890625

vb0[477]+000 POSITION: 0.09986327588558197, 0.021621093153953552, 1.2563557624816895
vb0[477]+012 NORMAL: -0.16747459769248962, 0.7197364568710327, -0.6737446188926697
vb0[477]+024 TANGENT: 0.4298786520957947, -0.5616964101791382, -0.706895649433136, -1.0
vb0[477]+040 BLENDWEIGHTS: 0.7499974966049194, 0.25000250339508057, 0.0, 0.0
vb0[477]+056 BLENDINDICES: 2, 0, 0, 0
vb0[477]+072 COLOR: 0.5019607843137255, 0.5019607843137255, 0.0, 0.0
vb0[477]+076 TEXCOORD: 0.0906982421875, 0.80224609375
vb0[477]+080 TEXCOORD1: -0.46990644931793213, -0.45137715339660645
vb0[477]+088 TEXCOORD2: 0.375732421875, 0.91455078125

vb0[478]+000 POSITION: 0.10146240144968033, 0.022211913019418716, 1.256651759147644
vb0[478]+012 NORMAL: -0.16747459769248962, 0.7197364568710327, -0.6737446188926697
vb0[478]+024 TANGENT: 0.43191778659820557, -0.5607566833496094, -0.706398606300354, -1.0
vb0[478]+040 BLENDWEIGHTS: 0.7499972581863403, 0.25000277161598206, 0.0, 0.0
vb0[478]+056 BLENDINDICES: 2, 0, 0, 0
vb0[478]+072 COLOR: 0.5019607843137255, 0.5019607843137255, 0.0, 0.0
vb0[478]+076 TEXCOORD: 0.0906982421875, 0.80419921875
vb0[478]+080 TEXCOORD1: -0.4268772304058075, 0.5520575046539307
vb0[478]+088 TEXCOORD2: 0.373779296875, 0.9150390625

vb0[479]+000 POSITION: 0.10949462652206421, 0.008611449971795082, 1.2408788204193115
vb0[479]+012 NORMAL: 0.963911771774292, 0.21387308835983276, 0.1585317850112915
vb0[479]+024 TANGENT: 0.22864578664302826, -0.970093846321106, -0.08148114383220673, -1.0
vb0[479]+040 BLENDWEIGHTS: 0.8268696665763855, 0.1731303334236145, 0.0, 0.0
vb0[479]+056 BLENDINDICES: 2, 0, 0, 0
vb0[479]+072 COLOR: 0.5019607843137255, 0.5019607843137255, 0.0, 0.0
vb0[479]+076 TEXCOORD: 0.09136962890625, 0.12017822265625
vb0[479]+080 TEXCOORD1: 0.2451772838830948, -0.5909013152122498
vb0[479]+088 TEXCOORD2: 0.36376953125, 0.90380859375

vb0[480]+000 POSITION: 0.09986327588558197, 0.021621093153953552, 1.2563557624816895
vb0[480]+012 NORMAL: -0.8796161413192749, -0.43728742003440857, -0.18723024427890778
vb0[480]+024 TANGENT: 0.4145732820034027, -0.8977314233779907, 0.1490209847688675, -1.0
vb0[480]+040 BLENDWEIGHTS: 0.7499974966049194, 0.25000250339508057, 0.0, 0.0
vb0[480]+056 BLENDINDICES: 2, 0, 0, 0
vb0[480]+072 COLOR: 0.5019607843137255, 0.5019607843137255, 0.0, 0.0
vb0[480]+076 TEXCOORD: 0.96337890625, 0.77099609375
vb0[480]+080 TEXCOORD1: -0.9053441286087036, 0.06447754800319672
vb0[480]+088 TEXCOORD2: 0.375732421875, 0.91455078125

vb0[481]+000 POSITION: 0.0948721393942833, -0.0014961936976760626, 1.2943087816238403
vb0[481]+012 NORMAL: -0.24685077369213104, -0.6160132884979248, 0.748059093952179
vb0[481]+024 TANGENT: 0.9676002264022827, -0.19894491136074066, 0.15546919405460358, -1.0
vb0[481]+040 BLENDWEIGHTS: 1.0, 0.0, 0.0, 0.0
vb0[481]+056 BLENDINDICES: 0, 0, 0, 0
vb0[481]+072 COLOR: 0.5019607843137255, 0.5019607843137255, 0.0, 0.0
vb0[481]+076 TEXCOORD: 0.09161376953125, 0.80810546875
vb0[481]+080 TEXCOORD1: -0.6192958354949951, -0.5527273416519165
vb0[481]+088 TEXCOORD2: 0.3818359375, 0.94189453125

vb0[482]+000 POSITION: 0.09840182214975357, -0.0021032269578427076, 1.2951545715332031
vb0[482]+012 NORMAL: -0.24685078859329224, -0.6160132884979248, 0.748059093952179
vb0[482]+024 TANGENT: 0.9652361869812012, -0.2247530221939087, 0.13343657553195953, -1.0
vb0[482]+040 BLENDWEIGHTS: 1.0, 0.0, 0.0, 0.0
vb0[482]+056 BLENDINDICES: 0, 0, 0, 0
vb0[482]+072 COLOR: 0.5019607843137255, 0.5019607843137255, 0.0, 0.0
vb0[482]+076 TEXCOORD: 0.09588623046875, 0.80810546875
vb0[482]+080 TEXCOORD1: 0.47503945231437683, -0.7248654961585999
vb0[482]+088 TEXCOORD2: 0.37744140625, 0.9423828125

vb0[483]+000 POSITION: 0.09716953337192535, -0.00022105497191660106, 1.2961169481277466
vb0[483]+012 NORMAL: -0.24685074388980865, -0.61601322889328, 0.748059093952179
vb0[483]+024 TANGENT: 0.9673822522163391, -0.20196601748466492, 0.15290939807891846, -1.0
vb0[483]+040 BLENDWEIGHTS: 1.0, 0.0, 0.0, 0.0
vb0[483]+056 BLENDINDICES: 0, 0, 0, 0
vb0[483]+072 COLOR: 0.5019607843137255, 0.5019607843137255, 0.0, 0.0
vb0[483]+076 TEXCOORD: 0.09423828125, 0.80615234375
vb0[483]+080 TEXCOORD1: 0.4828603267669678, -0.5700613856315613
vb0[483]+088 TEXCOORD2: 0.37890625, 0.943359375

vb0[484]+000 POSITION: 0.0950203463435173, 0.0008890815661288798, 1.2965028285980225
vb0[484]+012 NORMAL: -0.24685077369213104, -0.6160132884979248, 0.748059093952179
vb0[484]+024 TANGENT: 0.9687827825546265, -0.17512035369873047, 0.17547853291034698, -1.0
vb0[484]+040 BLENDWEIGHTS: 1.0, 0.0, 0.0, 0.0
vb0[484]+056 BLENDINDICES: 0, 0, 0, 0
vb0[484]+072 COLOR: 0.5019607843137255, 0.5019607843137255, 0.0, 0.0
vb0[484]+076 TEXCOORD: 0.09161376953125, 0.80517578125
vb0[484]+080 TEXCOORD1: -0.16712956130504608, -0.462094783782959
vb0[484]+088 TEXCOORD2: 0.381591796875, 0.943359375

vb0[485]+000 POSITION: 0.09481362998485565, -0.0027017230167984962, 1.2963463068008423
vb0[485]+012 NORMAL: 0.020397121086716652, 0.8674697875976562, 0.49707168340682983
vb0[485]+024 TANGENT: -0.9507079720497131, 0.17069464921951294, -0.25887760519981384, -1.0
vb0[485]+040 BLENDWEIGHTS: 1.0, 0.0, 0.0, 0.0
vb0[485]+056 BLENDINDICES: 0, 0, 0, 0
vb0[485]+072 COLOR: 0.5019607843137255, 0.5019607843137255, 0.0, 0.0
vb0[485]+076 TEXCOORD: 0.09539794921875, 0.8095703125
vb0[485]+080 TEXCOORD1: 0.40514621138572693, -0.6890223622322083
vb0[485]+088 TEXCOORD2: 0.3818359375, 0.943359375

vb0[486]+000 POSITION: 0.09765254706144333, -0.0030694722663611174, 1.2969403266906738
vb0[486]+012 NORMAL: 0.020397121086716652, 0.8674697875976562, 0.49707168340682983
vb0[486]+024 TANGENT: -0.9551950693130493, 0.16374123096466064, -0.24655868113040924, -1.0
vb0[486]+040 BLENDWEIGHTS: 1.0, 0.0, 0.0, 0.0
vb0[486]+056 BLENDINDICES: 0, 0, 0, 0
vb0[486]+072 COLOR: 0.5019607843137255, 0.5019607843137255, 0.0, 0.0
vb0[486]+076 TEXCOORD: 0.09197998046875, 0.8095703125
vb0[486]+080 TEXCOORD1: -0.5185762047767639, -0.6135437488555908
vb0[486]+088 TEXCOORD2: 0.37841796875, 0.94384765625

vb0[487]+000 POSITION: 0.09840182214975357, -0.0021032269578427076, 1.2951545715332031
vb0[487]+012 NORMAL: 0.020397119224071503, 0.8674696683883667, 0.49707165360450745
vb0[487]+024 TANGENT: -0.9575456380844116, 0.15994688868522644, -0.23984046280384064, -1.0
vb0[487]+040 BLENDWEIGHTS: 1.0, 0.0, 0.0, 0.0
vb0[487]+056 BLENDINDICES: 0, 0, 0, 0
vb0[487]+072 COLOR: 0.5019607843137255, 0.5019607843137255, 0.0, 0.0
vb0[487]+076 TEXCOORD: 0.09161376953125, 0.81201171875
vb0[487]+080 TEXCOORD1: -0.5772068500518799, -0.5799511671066284
vb0[487]+088 TEXCOORD2: 0.37744140625, 0.9423828125

vb0[488]+000 POSITION: 0.0948721393942833, -0.0014961936976760626, 1.2943087816238403
vb0[488]+012 NORMAL: 0.020397119224071503, 0.8674697875976562, 0.49707162380218506
vb0[488]+024 TANGENT: -0.9536331295967102, 0.16620305180549622, -0.2509191334247589, -1.0
vb0[488]+040 BLENDWEIGHTS: 1.0, 0.0, 0.0, 0.0
vb0[488]+056 BLENDINDICES: 0, 0, 0, 0
vb0[488]+072 COLOR: 0.5019607843137255, 0.5019607843137255, 0.0, 0.0
vb0[488]+076 TEXCOORD: 0.09588623046875, 0.81201171875
vb0[488]+080 TEXCOORD1: 0.5381685495376587, -0.6809568405151367
vb0[488]+088 TEXCOORD2: 0.3818359375, 0.94189453125

vb0[489]+000 POSITION: -0.0991540476679802, 0.008024902082979679, 1.2834254503250122
vb0[489]+012 NORMAL: -0.7189858555793762, 0.6074869632720947, 0.33766695857048035
vb0[489]+024 TANGENT: 0.2599981427192688, -0.21547403931617737, 0.9412608742713928, 1.0
vb0[489]+040 BLENDWEIGHTS: 0.9634387493133545, 0.036561235785484314, 0.0, 0.0
vb0[489]+056 BLENDINDICES: 0, 4, 0, 0
vb0[489]+072 COLOR: 0.5019607843137255, 0.5019607843137255, 0.0, 0.0
vb0[489]+076 TEXCOORD: 0.1671142578125, 0.15478515625
vb0[489]+080 TEXCOORD1: 0.22345498204231262, 0.43327683210372925
vb0[489]+088 TEXCOORD2: 0.62353515625, 0.93408203125

vb0[490]+000 POSITION: -0.09697181731462479, 0.005451715085655451, 1.2894136905670166
vb0[490]+012 NORMAL: 0.35356447100639343, 0.8356068730354309, 0.42042040824890137
vb0[490]+024 TANGENT: 0.34195494651794434, -0.5338026881217957, 0.7733831405639648, 1.0
vb0[490]+040 BLENDWEIGHTS: 1.0, 0.0, 0.0, 0.0
vb0[490]+056 BLENDINDICES: 0, 0, 0, 0
vb0[490]+072 COLOR: 0.5019607843137255, 0.5019607843137255, 0.0, 0.0
vb0[490]+076 TEXCOORD: 0.173828125, 0.1534423828125
vb0[490]+080 TEXCOORD1: 0.0, -2.9802322387695312e-08
vb0[490]+088 TEXCOORD2: 0.62060546875, 0.9384765625

vb0[491]+000 POSITION: -0.09792846441268921, 0.00795898400247097, 1.2829841375350952
vb0[491]+012 NORMAL: 0.9187055826187134, 0.37934184074401855, -0.10990835726261139
vb0[491]+024 TANGENT: 0.33032312989234924, -0.5854913592338562, 0.7403286695480347, 1.0
vb0[491]+040 BLENDWEIGHTS: 1.0, 0.0, 0.0, 0.0
vb0[491]+056 BLENDINDICES: 0, 0, 0, 0
vb0[491]+072 COLOR: 0.5019607843137255, 0.5019607843137255, 0.0, 0.0
vb0[491]+076 TEXCOORD: 0.16748046875, 0.15625
vb0[491]+080 TEXCOORD1: -0.0027646124362945557, -0.5274724364280701
vb0[491]+088 TEXCOORD2: 0.6220703125, 0.93359375

vb0[492]+000 POSITION: -0.10112792998552322, 0.0033533095847815275, 1.2777477502822876
vb0[492]+012 NORMAL: -0.9948315620422363, 0.08234747499227524, -0.05940473452210426
vb0[492]+024 TANGENT: -0.07517340034246445, -0.20403069257736206, 0.9760739803314209, 1.0
vb0[492]+040 BLENDWEIGHTS: 1.0, 0.0, 0.0, 0.0
vb0[492]+056 BLENDINDICES: 0, 0, 0, 0
vb0[492]+072 COLOR: 0.5019607843137255, 0.5019607843137255, 0.0, 0.0
vb0[492]+076 TEXCOORD: 0.16162109375, 0.14892578125
vb0[492]+080 TEXCOORD1: 0.06069069355726242, -0.6258062124252319
vb0[492]+088 TEXCOORD2: 0.6259765625, 0.93017578125

vb0[493]+000 POSITION: -0.10121169686317444, 0.0007631391636095941, 1.2872986793518066
vb0[493]+012 NORMAL: -0.9648253321647644, 0.15320861339569092, 0.21363356709480286
vb0[493]+024 TANGENT: 0.19221070408821106, -0.1432909220457077, 0.9708360433578491, 1.0
vb0[493]+040 BLENDWEIGHTS: 1.0, 0.0, 0.0, 0.0
vb0[493]+056 BLENDINDICES: 0, 0, 0, 0
vb0[493]+072 COLOR: 0.5019607843137255, 0.5019607843137255, 0.0, 0.0
vb0[493]+076 TEXCOORD: 0.17138671875, 0.1475830078125
vb0[493]+080 TEXCOORD1: 0.0, -3.725290298461914e-09
vb0[493]+088 TEXCOORD2: 0.6259765625, 0.93701171875

vb0[494]+000 POSITION: -0.10001952946186066, 0.003248725552111864, 1.2767236232757568
vb0[494]+012 NORMAL: 0.727560818195343, 0.11224357038736343, -0.6767987608909607
vb0[494]+024 TANGENT: -0.06797215342521667, 0.9934648871421814, 0.09169071912765503, 1.0
vb0[494]+040 BLENDWEIGHTS: 1.0, 0.0, 0.0, 0.0
vb0[494]+056 BLENDINDICES: 0, 0, 0, 0
vb0[494]+072 COLOR: 0.5019607843137255, 0.5019607843137255, 0.0, 0.0
vb0[494]+076 TEXCOORD: 0.1884765625, 0.12139892578125
vb0[494]+080 TEXCOORD1: -0.7544109225273132, -0.21179276704788208
vb0[494]+088 TEXCOORD2: 0.62451171875, 0.92919921875

vb0[495]+000 POSITION: -0.09611004590988159, 0.0014378172345459461, 1.286109447479248
vb0[495]+012 NORMAL: 0.9633236527442932, 0.2091883271932602, -0.16807055473327637
vb0[495]+024 TANGENT: -0.18116025626659393, 0.9690393209457397, 0.16776138544082642, 1.0
vb0[495]+040 BLENDWEIGHTS: 1.0, 0.0, 0.0, 0.0
vb0[495]+056 BLENDINDICES: 0, 0, 0, 0
vb0[495]+072 COLOR: 0.5019607843137255, 0.5019607843137255, 0.0, 0.0
vb0[495]+076 TEXCOORD: 0.1876220703125, 0.1317138671875
vb0[495]+080 TEXCOORD1: 7.450580596923828e-09, 0.0
vb0[495]+088 TEXCOORD2: 0.61962890625, 0.93603515625

vb0[496]+000 POSITION: -0.09541145712137222, -0.004540692083537579, 1.2830770015716553
vb0[496]+012 NORMAL: 0.965336799621582, 0.07345350831747055, -0.2504585385322571
vb0[496]+024 TANGENT: -0.03609156236052513, 0.9879312515258789, 0.15062975883483887, 1.0
vb0[496]+040 BLENDWEIGHTS: 1.0, 0.0, 0.0, 0.0
vb0[496]+056 BLENDINDICES: 0, 0, 0, 0
vb0[496]+072 COLOR: 0.5019607843137255, 0.5019607843137255, 0.0, 0.0
vb0[496]+076 TEXCOORD: 0.1812744140625, 0.129638671875
vb0[496]+080 TEXCOORD1: -1.1175870895385742e-08, 1.4901161193847656e-08
vb0[496]+088 TEXCOORD2: 0.61865234375, 0.93408203125

vb0[497]+000 POSITION: -0.10098778456449509, -0.0052617620676755905, 1.2867134809494019
vb0[497]+012 NORMAL: -0.9589226245880127, -0.2078862339258194, 0.1930047869682312
vb0[497]+024 TANGENT: 0.22825732827186584, -0.16150625050067902, 0.960111677646637, 1.0
vb0[497]+040 BLENDWEIGHTS: 1.0, 0.0, 0.0, 0.0
vb0[497]+056 BLENDINDICES: 0, 0, 0, 0
vb0[497]+072 COLOR: 0.5019607843137255, 0.5019607843137255, 0.0, 0.0
vb0[497]+076 TEXCOORD: 0.171630859375, 0.141357421875
vb0[497]+080 TEXCOORD1: -1.4901161193847656e-08, 7.450580596923828e-09
vb0[497]+088 TEXCOORD2: 0.6259765625, 0.9365234375

vb0[498]+000 POSITION: -0.10001952946186066, 0.003248725552111864, 1.2767236232757568
vb0[498]+012 NORMAL: 0.727560818195343, 0.11224357038736343, -0.6767987608909607
vb0[498]+024 TANGENT: -0.17837101221084595, -0.9216474890708923, -0.34460046887397766, 1.0
vb0[498]+040 BLENDWEIGHTS: 1.0, 0.0, 0.0, 0.0
vb0[498]+056 BLENDINDICES: 0, 0, 0, 0
vb0[498]+072 COLOR: 0.5019607843137255, 0.5019607843137255, 0.0, 0.0
vb0[498]+076 TEXCOORD: 0.16015625, 0.1485595703125
vb0[498]+080 TEXCOORD1: 0.7805052399635315, -0.06931042671203613
vb0[498]+088 TEXCOORD2: 0.62451171875, 0.92919921875

vb0[499]+000 POSITION: -0.0991360992193222, -0.007233860436826944, 1.2747371196746826
vb0[499]+012 NORMAL: 0.7564359903335571, 0.2316223382949829, -0.6116827130317688
vb0[499]+024 TANGENT: -0.49438396096229553, 0.8147794008255005, -0.30285120010375977, 1.0
vb0[499]+040 BLENDWEIGHTS: 1.0, 0.0, 0.0, 0.0
vb0[499]+056 BLENDINDICES: 0, 0, 0, 0
vb0[499]+072 COLOR: 0.5019607843137255, 0.5019607843137255, 0.0, 0.0
vb0[499]+076 TEXCOORD: 0.1593017578125, 0.1378173828125
vb0[499]+080 TEXCOORD1: 0.6704790592193604, 0.14154809713363647
vb0[499]+088 TEXCOORD2: 0.62353515625, 0.927734375

vb0[500]+000 POSITION: -0.1006787121295929, -0.00760650634765625, 1.2756175994873047
vb0[500]+012 NORMAL: -0.9802666306495667, -0.06533363461494446, -0.18657135963439941
vb0[500]+024 TANGENT: -0.18231581151485443, -0.06600621342658997, 0.9810219407081604, 1.0
vb0[500]+040 BLENDWEIGHTS: 1.0, 0.0, 0.0, 0.0
vb0[500]+056 BLENDINDICES: 0, 0, 0, 0
vb0[500]+072 COLOR: 0.5019607843137255, 0.5019607843137255, 0.0, 0.0
vb0[500]+076 TEXCOORD: 0.1611328125, 0.137451171875
vb0[500]+080 TEXCOORD1: -0.10849800705909729, 0.5748399496078491
vb0[500]+088 TEXCOORD2: 0.62548828125, 0.9287109375

vb0[501]+000 POSITION: -0.09840182214975357, -0.0021032269578427076, 1.2951545715332031
vb0[501]+012 NORMAL: -0.9312900304794312, -0.015419092029333115, 0.36395201086997986
vb0[501]+024 TANGENT: 0.3622652292251587, -0.1440962702035904, 0.9208692908287048, 1.0
vb0[501]+040 BLENDWEIGHTS: 1.0, 0.0, 0.0, 0.0
vb0[501]+056 BLENDINDICES: 0, 0, 0, 0
vb0[501]+072 COLOR: 0.5019607843137255, 0.5019607843137255, 0.0, 0.0
vb0[501]+076 TEXCOORD: 0.1802978515625, 0.1461181640625
vb0[501]+080 TEXCOORD1: 0.6727356910705566, 0.24345026910305023
vb0[501]+088 TEXCOORD2: 0.62255859375, 0.9423828125

vb0[502]+000 POSITION: -0.09805861115455627, -0.009306047111749649, 1.2896952629089355
vb0[502]+012 NORMAL: -0.38320690393447876, -0.7389419078826904, 0.554181694984436
vb0[502]+024 TANGENT: 0.6592164039611816, 0.20146113634109497, 0.7244633436203003, 1.0
vb0[502]+040 BLENDWEIGHTS: 1.0, 0.0, 0.0, 0.0
vb0[502]+056 BLENDINDICES: 0, 0, 0, 0
vb0[502]+072 COLOR: 0.5019607843137255, 0.5019607843137255, 0.0, 0.0
vb0[502]+076 TEXCOORD: 0.1761474609375, 0.1380615234375
vb0[502]+080 TEXCOORD1: 0.0, 2.9802322387695312e-08
vb0[502]+088 TEXCOORD2: 0.6220703125, 0.9384765625

vb0[503]+000 POSITION: -0.09765254706144333, -0.0030694722663611174, 1.2969403266906738
vb0[503]+012 NORMAL: -0.36826851963996887, -0.6966069340705872, 0.6157249212265015
vb0[503]+024 TANGENT: 0.5859959125518799, 0.34024032950401306, 0.735421895980835, 1.0
vb0[503]+040 BLENDWEIGHTS: 1.0, 0.0, 0.0, 0.0
vb0[503]+056 BLENDINDICES: 0, 0, 0, 0
vb0[503]+072 COLOR: 0.5019607843137255, 0.5019607843137255, 0.0, 0.0
vb0[503]+076 TEXCOORD: 0.1824951171875, 0.1451416015625
vb0[503]+080 TEXCOORD1: 0.5446954369544983, 0.5904778242111206
vb0[503]+088 TEXCOORD2: 0.62158203125, 0.94384765625

vb0[504]+000 POSITION: -0.10080047696828842, -0.016164245083928108, 1.237062931060791
vb0[504]+012 NORMAL: -0.471588134765625, 0.8597975373268127, -0.19583885371685028
vb0[504]+024 TANGENT: -0.025336096063256264, -0.2352045774459839, -0.9716156721115112, 1.0
vb0[504]+040 BLENDWEIGHTS: 0.8268731236457825, 0.17312689125537872, 0.0, 0.0
vb0[504]+056 BLENDINDICES: 3, 0, 0, 0
vb0[504]+072 COLOR: 0.5019607843137255, 0.5019607843137255, 0.0, 0.0
vb0[504]+076 TEXCOORD: 0.1094970703125, 0.779296875
vb0[504]+080 TEXCOORD1: 0.890890896320343, -0.14452406764030457
vb0[504]+088 TEXCOORD2: 0.62548828125, 0.90087890625

vb0[505]+000 POSITION: -0.10224609076976776, -0.016701659187674522, 1.2374682426452637
vb0[505]+012 NORMAL: -0.4715881943702698, 0.859797477722168, -0.19583886861801147
vb0[505]+024 TANGENT: -0.02434052713215351, -0.2346924990415573, -0.9717648029327393, 1.0
vb0[505]+040 BLENDWEIGHTS: 0.8268749713897705, 0.1731250286102295, 0.0, 0.0
vb0[505]+056 BLENDINDICES: 3, 0, 0, 0
vb0[505]+072 COLOR: 0.5019607843137255, 0.5019607843137255, 0.0, 0.0
vb0[505]+076 TEXCOORD: 0.1094970703125, 0.78125
vb0[505]+080 TEXCOORD1: 0.5188860893249512, 0.7318422198295593
vb0[505]+088 TEXCOORD2: 0.62744140625, 0.9013671875

vb0[506]+000 POSITION: -0.10202249884605408, -0.014471455477178097, 1.247437596321106
vb0[506]+012 NORMAL: -0.5046740770339966, 0.8441634774208069, -0.1808093935251236
vb0[506]+024 TANGENT: -0.023983625695109367, -0.223066046833992, -0.9745082855224609, 1.0
vb0[506]+040 BLENDWEIGHTS: 0.6381407976150513, 0.36185920238494873, 0.0, 0.0
vb0[506]+056 BLENDINDICES: 3, 0, 0, 0
vb0[506]+072 COLOR: 0.5019607843137255, 0.5019607843137255, 0.0, 0.0
vb0[506]+076 TEXCOORD: 0.0975341796875, 0.78125
vb0[506]+080 TEXCOORD1: -0.009689390659332275, 0.5974174737930298
vb0[506]+088 TEXCOORD2: 0.626953125, 0.908203125

vb0[507]+000 POSITION: -0.1006171852350235, -0.013727869838476181, 1.2466017007827759
vb0[507]+012 NORMAL: -0.4927913248538971, 0.8499741554260254, -0.18628130853176117
vb0[507]+024 TANGENT: -0.021327031776309013, -0.22581395506858826, -0.9739369750022888, 1.0
vb0[507]+040 BLENDWEIGHTS: 0.6381399035453796, 0.36186012625694275, 0.0, 0.0
vb0[507]+056 BLENDINDICES: 3, 0, 0, 0
vb0[507]+072 COLOR: 0.5019607843137255, 0.5019607843137255, 0.0, 0.0
vb0[507]+076 TEXCOORD: 0.0975341796875, 0.779296875
vb0[507]+080 TEXCOORD1: 0.0156165212392807, -0.7929577827453613
vb0[507]+088 TEXCOORD2: 0.62548828125, 0.90771484375

vb0[508]+000 POSITION: -0.09690185636281967, -0.029841307550668716, 1.2550714015960693
vb0[508]+012 NORMAL: -0.9317413568496704, -0.3485923409461975, 0.10169298201799393
vb0[508]+024 TANGENT: 0.3624032437801361, -0.9103050827980042, 0.20002134144306183, 1.0
vb0[508]+040 BLENDWEIGHTS: 0.7499970197677612, 0.25000298023223877, 0.0, 0.0
vb0[508]+056 BLENDINDICES: 3, 0, 0, 0
vb0[508]+072 COLOR: 0.5019607843137255, 0.5019607843137255, 0.0, 0.0
vb0[508]+076 TEXCOORD: 0.111328125, 0.258056640625
vb0[508]+080 TEXCOORD1: 0.8290050029754639, -0.28140789270401
vb0[508]+088 TEXCOORD2: 0.62060546875, 0.91357421875

vb0[509]+000 POSITION: -0.09753299504518509, -0.025286002084612846, 1.2649037837982178
vb0[509]+012 NORMAL: -0.9590352177619934, -0.2597392499446869, 0.11308012902736664
vb0[509]+024 TANGENT: 0.2787659764289856, -0.936314046382904, 0.21355481445789337, 1.0
vb0[509]+040 BLENDWEIGHTS: 0.5000011920928955, 0.4999988079071045, 0.0, 0.0
vb0[509]+056 BLENDINDICES: 0, 3, 0, 0
vb0[509]+072 COLOR: 0.5019607843137255, 0.5019607843137255, 0.0, 0.0
vb0[509]+076 TEXCOORD: 0.10845947265625, 0.270263671875
vb0[509]+080 TEXCOORD1: 0.7328329682350159, 0.1895003765821457
vb0[509]+088 TEXCOORD2: 0.62158203125, 0.9208984375

vb0[510]+000 POSITION: -0.10009521245956421, -0.023824462667107582, 1.246437907218933
vb0[510]+012 NORMAL: -0.9668203592300415, -0.23529894649982452, 0.09946242719888687
vb0[510]+024 TANGENT: 0.2517024874687195, -0.94394850730896, 0.21355819702148438, 1.0
vb0[510]+040 BLENDWEIGHTS: 0.7874958515167236, 0.21250414848327637, 0.0, 0.0
vb0[510]+056 BLENDINDICES: 3, 0, 0, 0
vb0[510]+072 COLOR: 0.5019607843137255, 0.5019607843137255, 0.0, 0.0
vb0[510]+076 TEXCOORD: 0.1015625, 0.2496337890625
vb0[510]+080 TEXCOORD1: 0.4516456723213196, -0.5497948527336121
vb0[510]+088 TEXCOORD2: 0.62451171875, 0.90771484375

vb0[511]+000 POSITION: -0.10224609076976776, -0.016701659187674522, 1.2374682426452637
vb0[511]+012 NORMAL: 0.11411163955926895, -0.7650900483131409, -0.6337316632270813
vb0[511]+024 TANGENT: -0.19801481068134308, 0.6075831651687622, -0.769176721572876, 1.0
vb0[511]+040 BLENDWEIGHTS: 0.8268749713897705, 0.1731250286102295, 0.0, 0.0
vb0[511]+056 BLENDINDICES: 3, 0, 0, 0
vb0[511]+072 COLOR: 0.5019607843137255, 0.5019607843137255, 0.0, 0.0
vb0[511]+076 TEXCOORD: 0.1417236328125, 0.80224609375
vb0[511]+080 TEXCOORD1: 0.5069420337677002, -0.8182705640792847
vb0[511]+088 TEXCOORD2: 0.62744140625, 0.9013671875

vb0[512]+000 POSITION: -0.10080047696828842, -0.016164245083928108, 1.237062931060791
vb0[512]+012 NORMAL: 0.11411163955926895, -0.7650900483131409, -0.6337316632270813
vb0[512]+024 TANGENT: -0.19923728704452515, 0.607314944267273, -0.7690728306770325, 1.0
vb0[512]+040 BLENDWEIGHTS: 0.8268731236457825, 0.17312689125537872, 0.0, 0.0
vb0[512]+056 BLENDINDICES: 3, 0, 0, 0
vb0[512]+072 COLOR: 0.5019607843137255, 0.5019607843137255, 0.0, 0.0
vb0[512]+076 TEXCOORD: 0.1417236328125, 0.80419921875
vb0[512]+080 TEXCOORD1: 0.9022691249847412, 0.03335066884756088
vb0[512]+088 TEXCOORD2: 0.62548828125, 0.90087890625

vb0[513]+000 POSITION: -0.09844177216291428, -0.023349609225988388, 1.246179223060608
vb0[513]+012 NORMAL: 0.13686838746070862, -0.7745533585548401, -0.6175225973129272
vb0[513]+024 TANGENT: -0.24003100395202637, 0.5788794159889221, -0.7792841196060181, 1.0
vb0[513]+040 BLENDWEIGHTS: 0.7874972820281982, 0.21250271797180176, 0.0, 0.0
vb0[513]+056 BLENDINDICES: 3, 0, 0, 0
vb0[513]+072 COLOR: 0.5019607843137255, 0.5019607843137255, 0.0, 0.0
vb0[513]+076 TEXCOORD: 0.12939453125, 0.80419921875
vb0[513]+080 TEXCOORD1: -0.003984957933425903, 0.7045342922210693
vb0[513]+088 TEXCOORD2: 0.62255859375, 0.9072265625

vb0[514]+000 POSITION: -0.10009521245956421, -0.023824462667107582, 1.246437907218933
vb0[514]+012 NORMAL: 0.13814379274845123, -0.7750651836395264, -0.6165957450866699
vb0[514]+024 TANGENT: -0.24214784801006317, 0.577239453792572, -0.7798455357551575, 1.0
vb0[514]+040 BLENDWEIGHTS: 0.7874958515167236, 0.21250414848327637, 0.0, 0.0
vb0[514]+056 BLENDINDICES: 3, 0, 0, 0
vb0[514]+072 COLOR: 0.5019607843137255, 0.5019607843137255, 0.0, 0.0
vb0[514]+076 TEXCOORD: 0.12939453125, 0.80224609375
vb0[514]+080 TEXCOORD1: 0.01474696397781372, -0.7113654017448425
vb0[514]+088 TEXCOORD2: 0.62451171875, 0.90771484375

vb0[515]+000 POSITION: -0.10202249884605408, -0.014471455477178097, 1.247437596321106
vb0[515]+012 NORMAL: -0.9707844853401184, -0.22215519845485687, 0.09068930149078369
vb0[515]+024 TANGENT: 0.23695741593837738, -0.9470931887626648, 0.21648503839969635, 1.0
vb0[515]+040 BLENDWEIGHTS: 0.6381407976150513, 0.36185920238494873, 0.0, 0.0
vb0[515]+056 BLENDINDICES: 3, 0, 0, 0
vb0[515]+072 COLOR: 0.5019607843137255, 0.5019607843137255, 0.0, 0.0
vb0[515]+076 TEXCOORD: 0.0909423828125, 0.253173828125
vb0[515]+080 TEXCOORD1: -0.5974958539009094, 0.00044659897685050964
vb0[515]+088 TEXCOORD2: 0.626953125, 0.908203125

vb0[516]+000 POSITION: -0.10164724290370941, -0.011720296926796436, 1.2595430612564087
vb0[516]+012 NORMAL: -0.9620615243911743, -0.25226008892059326, 0.10393469780683517
vb0[516]+024 TANGENT: 0.26960980892181396, -0.937390923500061, 0.22047416865825653, 1.0
vb0[516]+040 BLENDWEIGHTS: 0.5979723334312439, 0.4020276665687561, 0.0, 0.0
vb0[516]+056 BLENDINDICES: 0, 3, 0, 0
vb0[516]+072 COLOR: 0.5019607843137255, 0.5019607843137255, 0.0, 0.0
vb0[516]+076 TEXCOORD: 0.0909423828125, 0.267822265625
vb0[516]+080 TEXCOORD1: -0.622065544128418, 0.0036673322319984436
vb0[516]+088 TEXCOORD2: 0.62646484375, 0.9169921875

vb0[517]+000 POSITION: -0.10023854672908783, -0.01103341206908226, 1.2587088346481323
vb0[517]+012 NORMAL: -0.49602487683296204, 0.8493150472640991, -0.1806192845106125
vb0[517]+024 TANGENT: -0.042088426649570465, -0.23128558695316315, -0.9719750285148621, 1.0
vb0[517]+040 BLENDWEIGHTS: 0.597970724105835, 0.40202924609184265, 0.0, 0.0
vb0[517]+056 BLENDINDICES: 0, 3, 0, 0
vb0[517]+072 COLOR: 0.5019607843137255, 0.5019607843137255, 0.0, 0.0
vb0[517]+076 TEXCOORD: 0.0841064453125, 0.779296875
vb0[517]+080 TEXCOORD1: -0.00039918720722198486, -0.7847665548324585
vb0[517]+088 TEXCOORD2: 0.625, 0.91650390625

vb0[518]+000 POSITION: -0.10164724290370941, -0.011720296926796436, 1.2595430612564087
vb0[518]+012 NORMAL: -0.47985345125198364, 0.8574706315994263, -0.1857008934020996
vb0[518]+024 TANGENT: -0.048434529453516006, -0.23722904920578003, -0.9702456593513489, 1.0
vb0[518]+040 BLENDWEIGHTS: 0.5979723334312439, 0.4020276665687561, 0.0, 0.0
vb0[518]+056 BLENDINDICES: 0, 3, 0, 0
vb0[518]+072 COLOR: 0.5019607843137255, 0.5019607843137255, 0.0, 0.0
vb0[518]+076 TEXCOORD: 0.0841064453125, 0.78125
vb0[518]+080 TEXCOORD1: 0.0035750605165958405, 0.622066080570221
vb0[518]+088 TEXCOORD2: 0.62646484375, 0.9169921875

vb0[519]+000 POSITION: -0.10100341588258743, -0.008696288801729679, 1.270931363105774
vb0[519]+012 NORMAL: -0.3860029876232147, 0.9033170938491821, -0.18713615834712982
vb0[519]+024 TANGENT: -0.06445936858654022, -0.22877342998981476, -0.9713432788848877, 1.0
vb0[519]+040 BLENDWEIGHTS: 0.9000000953674316, 0.09999991953372955, 0.0, 0.0
vb0[519]+056 BLENDINDICES: 0, 3, 0, 0
vb0[519]+072 COLOR: 0.5019607843137255, 0.5019607843137255, 0.0, 0.0
vb0[519]+076 TEXCOORD: 0.07501220703125, 0.78125
vb0[519]+080 TEXCOORD1: 0.009998172521591187, 0.6602698564529419
vb0[519]+088 TEXCOORD2: 0.6259765625, 0.92529296875

vb0[520]+000 POSITION: -0.09947998076677322, -0.008279149420559406, 1.2699337005615234
vb0[520]+012 NORMAL: -0.4135890007019043, 0.8903025984764099, -0.19053976237773895
vb0[520]+024 TANGENT: -0.0620453841984272, -0.23635195195674896, -0.9696845412254333, 1.0
vb0[520]+040 BLENDWEIGHTS: 0.8999984860420227, 0.1000014990568161, 0.0, 0.0
vb0[520]+056 BLENDINDICES: 0, 3, 0, 0
vb0[520]+072 COLOR: 0.5019607843137255, 0.5019607843137255, 0.0, 0.0
vb0[520]+076 TEXCOORD: 0.07501220703125, 0.779296875
vb0[520]+080 TEXCOORD1: 0.006492242217063904, -0.7572861313819885
vb0[520]+088 TEXCOORD2: 0.6240234375, 0.92431640625

vb0[521]+000 POSITION: -0.09764733165502548, -0.02120978571474552, 1.2718217372894287
vb0[521]+012 NORMAL: -0.9603241086006165, -0.2452530711889267, 0.13277219235897064
vb0[521]+024 TANGENT: 0.27009281516075134, -0.9364896416664124, 0.22368912398815155, 1.0
vb0[521]+040 BLENDWEIGHTS: 0.6999974846839905, 0.3000025153160095, 0.0, 0.0
vb0[521]+056 BLENDINDICES: 0, 3, 0, 0
vb0[521]+072 COLOR: 0.5019607843137255, 0.5019607843137255, 0.0, 0.0
vb0[521]+076 TEXCOORD: 0.1058349609375, 0.279052734375
vb0[521]+080 TEXCOORD1: 0.6977491974830627, 0.23577933013439178
vb0[521]+088 TEXCOORD2: 0.62158203125, 0.92578125

vb0[522]+000 POSITION: -0.10100341588258743, -0.008696288801729679, 1.270931363105774
vb0[522]+012 NORMAL: -0.9629145264625549, -0.24777038395404816, 0.10679609328508377
vb0[522]+024 TANGENT: 0.26633477210998535, -0.9361857175827026, 0.22939515113830566, 1.0
vb0[522]+040 BLENDWEIGHTS: 0.9000000953674316, 0.09999991953372955, 0.0, 0.0
vb0[522]+056 BLENDINDICES: 0, 3, 0, 0
vb0[522]+072 COLOR: 0.5019607843137255, 0.5019607843137255, 0.0, 0.0
vb0[522]+076 TEXCOORD: 0.0909423828125, 0.281494140625
vb0[522]+080 TEXCOORD1: -0.6600914001464844, 0.018326926976442337
vb0[522]+088 TEXCOORD2: 0.6259765625, 0.92529296875

vb0[523]+000 POSITION: -0.09534312784671783, -0.029002754017710686, 1.25447416305542
vb0[523]+012 NORMAL: 0.4650982916355133, -0.7984971404075623, 0.38221171498298645
vb0[523]+024 TANGENT: 0.04781807214021683, -0.40846046805381775, -0.911522626876831, 1.0
vb0[523]+040 BLENDWEIGHTS: 0.7499987483024597, 0.2500012516975403, 0.0, 0.0
vb0[523]+056 BLENDINDICES: 3, 0, 0, 0
vb0[523]+072 COLOR: 0.5019607843137255, 0.5019607843137255, 0.0, 0.0
vb0[523]+076 TEXCOORD: 0.10589599609375, 0.82421875
vb0[523]+080 TEXCOORD1: 0.4355388283729553, 0.43737292289733887
vb0[523]+088 TEXCOORD2: 0.61865234375, 0.91357421875

vb0[524]+000 POSITION: -0.09579508751630783, -0.02459334023296833, 1.2646883726119995
vb0[524]+012 NORMAL: 0.41747957468032837, -0.8003697991371155, 0.4302544593811035
vb0[524]+024 TANGENT: 0.034343745559453964, -0.45925456285476685, -0.8876405358314514, 1.0
vb0[524]+040 BLENDWEIGHTS: 0.5000005960464478, 0.49999940395355225, 0.0, 0.0
vb0[524]+056 BLENDINDICES: 0, 3, 0, 0
vb0[524]+072 COLOR: 0.5019607843137255, 0.5019607843137255, 0.0, 0.0
vb0[524]+076 TEXCOORD: 0.09442138671875, 0.82421875
vb0[524]+080 TEXCOORD1: 0.0025812536478042603, 0.6586923003196716
vb0[524]+088 TEXCOORD2: 0.619140625, 0.9208984375

vb0[525]+000 POSITION: -0.09753299504518509, -0.025286002084612846, 1.2649037837982178
vb0[525]+012 NORMAL: 0.4194171726703644, -0.8003653287887573, 0.42837437987327576
vb0[525]+024 TANGENT: 0.03387125954031944, -0.45775941014289856, -0.8884307146072388, 1.0
vb0[525]+040 BLENDWEIGHTS: 0.5000011920928955, 0.4999988079071045, 0.0, 0.0
vb0[525]+056 BLENDINDICES: 0, 3, 0, 0
vb0[525]+072 COLOR: 0.5019607843137255, 0.5019607843137255, 0.0, 0.0
vb0[525]+076 TEXCOORD: 0.09442138671875, 0.822265625
vb0[525]+080 TEXCOORD1: -0.010749608278274536, -0.7568612098693848
vb0[525]+088 TEXCOORD2: 0.62158203125, 0.9208984375

vb0[526]+000 POSITION: -0.09690185636281967, -0.029841307550668716, 1.2550714015960693
vb0[526]+012 NORMAL: 0.4650982618331909, -0.7984971404075623, 0.38221171498298645
vb0[526]+024 TANGENT: 0.048108555376529694, -0.40831515192985535, -0.9115724563598633, 1.0
vb0[526]+040 BLENDWEIGHTS: 0.7499970197677612, 0.25000298023223877, 0.0, 0.0
vb0[526]+056 BLENDINDICES: 3, 0, 0, 0
vb0[526]+072 COLOR: 0.5019607843137255, 0.5019607843137255, 0.0, 0.0
vb0[526]+076 TEXCOORD: 0.10589599609375, 0.822265625
vb0[526]+080 TEXCOORD1: 0.4490782916545868, -0.5653074383735657
vb0[526]+088 TEXCOORD2: 0.62060546875, 0.91357421875

vb0[527]+000 POSITION: -0.09607861936092377, -0.020640546455979347, 1.2715857028961182
vb0[527]+012 NORMAL: 0.358028382062912, -0.7823498249053955, 0.5096513032913208
vb0[527]+024 TANGENT: 0.030886059626936913, -0.5356122851371765, -0.8438990712165833, 1.0
vb0[527]+040 BLENDWEIGHTS: 0.7000001072883606, 0.299999862909317, 0.0, 0.0
vb0[527]+056 BLENDINDICES: 0, 3, 0, 0
vb0[527]+072 COLOR: 0.5019607843137255, 0.5019607843137255, 0.0, 0.0
vb0[527]+076 TEXCOORD: 0.0848388671875, 0.82421875
vb0[527]+080 TEXCOORD1: 0.00014919042587280273, 0.6778126358985901
vb0[527]+088 TEXCOORD2: 0.61962890625, 0.92578125

vb0[528]+000 POSITION: -0.09764733165502548, -0.02120978571474552, 1.2718217372894287
vb0[528]+012 NORMAL: 0.3586408793926239, -0.7832237482070923, 0.507875382900238
vb0[528]+024 TANGENT: 0.029030034318566322, -0.5344479084014893, -0.8447026610374451, 1.0
vb0[528]+040 BLENDWEIGHTS: 0.6999974846839905, 0.3000025153160095, 0.0, 0.0
vb0[528]+056 BLENDINDICES: 0, 3, 0, 0
vb0[528]+072 COLOR: 0.5019607843137255, 0.5019607843137255, 0.0, 0.0
vb0[528]+076 TEXCOORD: 0.0848388671875, 0.822265625
vb0[528]+080 TEXCOORD1: -0.006620258092880249, -0.7364795207977295
vb0[528]+088 TEXCOORD2: 0.62158203125, 0.92578125

vb0[529]+000 POSITION: -0.09947998076677322, -0.008279149420559406, 1.2699337005615234
vb0[529]+012 NORMAL: 0.9587313532829285, 0.2520613670349121, -0.131526917219162
vb0[529]+024 TANGENT: 0.27500423789024353, -0.9395537972450256, 0.20398825407028198, 1.0
vb0[529]+040 BLENDWEIGHTS: 0.8999984860420227, 0.1000014990568161, 0.0, 0.0
vb0[529]+056 BLENDINDICES: 0, 3, 0, 0
vb0[529]+072 COLOR: 0.5019607843137255, 0.5019607843137255, 0.0, 0.0
vb0[529]+076 TEXCOORD: 0.98291015625, 0.759765625
vb0[529]+080 TEXCOORD1: -0.757286787033081, 0.006406322121620178
vb0[529]+088 TEXCOORD2: 0.6240234375, 0.92431640625

vb0[530]+000 POSITION: -0.0991360992193222, -0.007233860436826944, 1.2747371196746826
vb0[530]+012 NORMAL: 0.7564359903335571, 0.2316223382949829, -0.6116827130317688
vb0[530]+024 TANGENT: 0.3842470943927765, -0.9141715168952942, 0.12901417911052704, 1.0
vb0[530]+040 BLENDWEIGHTS: 1.0, 0.0, 0.0, 0.0
vb0[530]+056 BLENDINDICES: 0, 0, 0, 0
vb0[530]+072 COLOR: 0.5019607843137255, 0.5019607843137255, 0.0, 0.0
vb0[530]+076 TEXCOORD: 0.98291015625, 0.75537109375
vb0[530]+080 TEXCOORD1: -0.6851068735122681, 0.014372497797012329
vb0[530]+088 TEXCOORD2: 0.62353515625, 0.927734375

vb0[531]+000 POSITION: -0.09642832726240158, -0.013368280604481697, 1.2816598415374756
vb0[531]+012 NORMAL: 0.9661639332771301, -0.2576286494731903, -0.012440009973943233
vb0[531]+024 TANGENT: -0.24701058864593506, -0.9380728006362915, 0.2429100126028061, 1.0
vb0[531]+040 BLENDWEIGHTS: 1.0, 0.0, 0.0, 0.0
vb0[531]+056 BLENDINDICES: 0, 0, 0, 0
vb0[531]+072 COLOR: 0.5019607843137255, 0.5019607843137255, 0.0, 0.0
vb0[531]+076 TEXCOORD: 0.98974609375, 0.75048828125
vb0[531]+080 TEXCOORD1: 0.4258153736591339, -0.23830485343933105
vb0[531]+088 TEXCOORD2: 0.6201171875, 0.9326171875

vb0[532]+000 POSITION: -0.0991360992193222, -0.007233860436826944, 1.2747371196746826
vb0[532]+012 NORMAL: -0.3485071361064911, 0.9194062948226929, -0.18230417370796204
vb0[532]+024 TANGENT: -0.06933344900608063, -0.21925225853919983, -0.9732015132904053, 1.0
vb0[532]+040 BLENDWEIGHTS: 1.0, 0.0, 0.0, 0.0
vb0[532]+056 BLENDINDICES: 0, 0, 0, 0
vb0[532]+072 COLOR: 0.5019607843137255, 0.5019607843137255, 0.0, 0.0
vb0[532]+076 TEXCOORD: 0.0709228515625, 0.779296875
vb0[532]+080 TEXCOORD1: 0.3378141522407532, -0.596204400062561
vb0[532]+088 TEXCOORD2: 0.62353515625, 0.927734375

vb0[533]+000 POSITION: -0.1006787121295929, -0.00760650634765625, 1.2756175994873047
vb0[533]+012 NORMAL: -0.3485071361064911, 0.9194062948226929, -0.18230417370796204
vb0[533]+024 TANGENT: -0.06982726603746414, -0.2194247543811798, -0.9731273651123047, 1.0
vb0[533]+040 BLENDWEIGHTS: 1.0, 0.0, 0.0, 0.0
vb0[533]+056 BLENDINDICES: 0, 0, 0, 0
vb0[533]+072 COLOR: 0.5019607843137255, 0.5019607843137255, 0.0, 0.0
vb0[533]+076 TEXCOORD: 0.0709228515625, 0.78125
vb0[533]+080 TEXCOORD1: 0.16296519339084625, 0.5618319511413574
vb0[533]+088 TEXCOORD2: 0.62548828125, 0.9287109375

vb0[534]+000 POSITION: -0.09642832726240158, -0.013368280604481697, 1.2816598415374756
vb0[534]+012 NORMAL: 0.9661639332771301, -0.2576286494731903, -0.012440009973943233
vb0[534]+024 TANGENT: 0.24712088704109192, 0.9107864499092102, 0.3307558298110962, 1.0
vb0[534]+040 BLENDWEIGHTS: 1.0, 0.0, 0.0, 0.0
vb0[534]+056 BLENDINDICES: 0, 0, 0, 0
vb0[534]+072 COLOR: 0.5019607843137255, 0.5019607843137255, 0.0, 0.0
vb0[534]+076 TEXCOORD: 0.1722412109375, 0.129638671875
vb0[534]+080 TEXCOORD1: -0.2244928777217865, 0.43325623869895935
vb0[534]+088 TEXCOORD2: 0.6201171875, 0.9326171875

vb0[535]+000 POSITION: -0.09524042904376984, -0.008728956803679466, 1.2892173528671265
vb0[535]+012 NORMAL: 0.7805769443511963, -0.5374467968940735, 0.3191404342651367
vb0[535]+024 TANGENT: 0.4586060047149658, 0.8393569588661194, 0.29182279109954834, 1.0
vb0[535]+040 BLENDWEIGHTS: 1.0, 0.0, 0.0, 0.0
vb0[535]+056 BLENDINDICES: 0, 0, 0, 0
vb0[535]+072 COLOR: 0.5019607843137255, 0.5019607843137255, 0.0, 0.0
vb0[535]+076 TEXCOORD: 0.1783447265625, 0.1361083984375
vb0[535]+080 TEXCOORD1: -2.2351741790771484e-08, 0.0
vb0[535]+088 TEXCOORD2: 0.61865234375, 0.9384765625

vb0[536]+000 POSITION: -0.09785022586584091, -0.013614392839372158, 1.282264232635498
vb0[536]+012 NORMAL: -0.4624086022377014, -0.7579085230827332, 0.46016615629196167
vb0[536]+024 TANGENT: 0.5426890850067139, 0.16850006580352783, 0.8228585720062256, 1.0
vb0[536]+040 BLENDWEIGHTS: 0.9841877818107605, 0.015812207013368607, 0.0, 0.0
vb0[536]+056 BLENDINDICES: 0, 3, 0, 0
vb0[536]+072 COLOR: 0.5019607843137255, 0.5019607843137255, 0.0, 0.0
vb0[536]+076 TEXCOORD: 0.1708984375, 0.131103515625
vb0[536]+080 TEXCOORD1: 0.29800331592559814, -0.2848154902458191
vb0[536]+088 TEXCOORD2: 0.6220703125, 0.93310546875

vb0[537]+000 POSITION: -0.09607861936092377, -0.020640546455979347, 1.2715857028961182
vb0[537]+012 NORMAL: 0.9591799378395081, 0.25323522090911865, -0.12587998807430267
vb0[537]+024 TANGENT: 0.2749897241592407, -0.9390713572502136, 0.2062176913022995, 1.0
vb0[537]+040 BLENDWEIGHTS: 0.7000001072883606, 0.299999862909317, 0.0, 0.0
vb0[537]+056 BLENDINDICES: 0, 3, 0, 0
vb0[537]+072 COLOR: 0.5019607843137255, 0.5019607843137255, 0.0, 0.0
vb0[537]+076 TEXCOORD: 0.994140625, 0.7607421875
vb0[537]+080 TEXCOORD1: 0.6380516886711121, -0.22873555123806
vb0[537]+088 TEXCOORD2: 0.61962890625, 0.92578125

vb0[538]+000 POSITION: -0.09579508751630783, -0.02459334023296833, 1.2646883726119995
vb0[538]+012 NORMAL: 0.955394983291626, 0.2743402123451233, -0.10935114324092865
vb0[538]+024 TANGENT: 0.2927212119102478, -0.9287616014480591, 0.2274119257926941, 1.0
vb0[538]+040 BLENDWEIGHTS: 0.5000005960464478, 0.49999940395355225, 0.0, 0.0
vb0[538]+056 BLENDINDICES: 0, 3, 0, 0
vb0[538]+072 COLOR: 0.5019607843137255, 0.5019607843137255, 0.0, 0.0
vb0[538]+076 TEXCOORD: 0.99658203125, 0.76708984375
vb0[538]+080 TEXCOORD1: 0.6402131915092468, -0.15494975447654724
vb0[538]+088 TEXCOORD2: 0.619140625, 0.9208984375

vb0[539]+000 POSITION: -0.10023854672908783, -0.01103341206908226, 1.2587088346481323
vb0[539]+012 NORMAL: 0.9586411118507385, 0.2649203836917877, -0.10404087603092194
vb0[539]+024 TANGENT: 0.2808753550052643, -0.9396482110023499, 0.19537246227264404, 1.0
vb0[539]+040 BLENDWEIGHTS: 0.597970724105835, 0.40202924609184265, 0.0, 0.0
vb0[539]+056 BLENDINDICES: 0, 3, 0, 0
vb0[539]+072 COLOR: 0.5019607843137255, 0.5019607843137255, 0.0, 0.0
vb0[539]+076 TEXCOORD: 0.98291015625, 0.77001953125
vb0[539]+080 TEXCOORD1: -0.7846723794937134, 0.0121564120054245
vb0[539]+088 TEXCOORD2: 0.625, 0.91650390625

vb0[540]+000 POSITION: -0.09534312784671783, -0.029002754017710686, 1.25447416305542
vb0[540]+012 NORMAL: 0.9305920600891113, 0.3492654860019684, -0.10959895700216293
vb0[540]+024 TANGENT: 0.3652057349681854, -0.8654195666313171, 0.34303614497184753, 1.0
vb0[540]+040 BLENDWEIGHTS: 0.7499987483024597, 0.2500012516975403, 0.0, 0.0
vb0[540]+056 BLENDINDICES: 3, 0, 0, 0
vb0[540]+072 COLOR: 0.5019607843137255, 0.5019607843137255, 0.0, 0.0
vb0[540]+076 TEXCOORD: 0.99853515625, 0.77685546875
vb0[540]+080 TEXCOORD1: 0.7568956017494202, 0.3911905288696289
vb0[540]+088 TEXCOORD2: 0.61865234375, 0.91357421875

vb0[541]+000 POSITION: -0.09844177216291428, -0.023349609225988388, 1.246179223060608
vb0[541]+012 NORMAL: 0.9633749723434448, 0.2459983378648758, -0.10673978924751282
vb0[541]+024 TANGENT: 0.26485389471054077, -0.9351680278778076, 0.23518730700016022, 1.0
vb0[541]+040 BLENDWEIGHTS: 0.7874972820281982, 0.21250271797180176, 0.0, 0.0
vb0[541]+056 BLENDINDICES: 3, 0, 0, 0
vb0[541]+072 COLOR: 0.5019607843137255, 0.5019607843137255, 0.0, 0.0
vb0[541]+076 TEXCOORD: 0.9912109375, 0.7822265625
vb0[541]+080 TEXCOORD1: 0.433556467294693, 0.5553497672080994
vb0[541]+088 TEXCOORD2: 0.62255859375, 0.9072265625

vb0[542]+000 POSITION: -0.10001952946186066, 0.003248725552111864, 1.2767236232757568
vb0[542]+012 NORMAL: 0.727560818195343, 0.11224357038736343, -0.6767987608909607
vb0[542]+024 TANGENT: 0.0013597124489024282, -0.9867591261863708, -0.16218718886375427, 1.0
vb0[542]+040 BLENDWEIGHTS: 1.0, 0.0, 0.0, 0.0
vb0[542]+056 BLENDINDICES: 0, 0, 0, 0
vb0[542]+072 COLOR: 0.5019607843137255, 0.5019607843137255, 0.0, 0.0
vb0[542]+076 TEXCOORD: 0.9794921875, 0.751953125
vb0[542]+080 TEXCOORD1: 0.7714119553565979, 0.13753390312194824
vb0[542]+088 TEXCOORD2: 0.62451171875, 0.92919921875

vb0[543]+000 POSITION: -0.10113525390625, 0.003979492001235485, 1.272955298423767
vb0[543]+012 NORMAL: 0.9547130465507507, -0.1436963826417923, -0.26052722334861755
vb0[543]+024 TANGENT: -0.16826067864894867, -0.982926607131958, -0.07445549219846725, 1.0
vb0[543]+040 BLENDWEIGHTS: 0.8999929428100586, 0.100007064640522, 0.0, 0.0
vb0[543]+056 BLENDINDICES: 0, 4, 0, 0
vb0[543]+072 COLOR: 0.5019607843137255, 0.5019607843137255, 0.0, 0.0
vb0[543]+076 TEXCOORD: 0.9794921875, 0.755859375
vb0[543]+080 TEXCOORD1: 0.7536774277687073, 0.031252384185791016
vb0[543]+088 TEXCOORD2: 0.6259765625, 0.9267578125

vb0[544]+000 POSITION: -0.09792846441268921, 0.00795898400247097, 1.2829841375350952
vb0[544]+012 NORMAL: 0.9187055826187134, 0.37934184074401855, -0.10990835726261139
vb0[544]+024 TANGENT: 0.3608451783657074, -0.919346272945404, -0.15682192146778107, 1.0
vb0[544]+040 BLENDWEIGHTS: 1.0, 0.0, 0.0, 0.0
vb0[544]+056 BLENDINDICES: 0, 0, 0, 0
vb0[544]+072 COLOR: 0.5019607843137255, 0.5019607843137255, 0.0, 0.0
vb0[544]+076 TEXCOORD: 0.97412109375, 0.74609375
vb0[544]+080 TEXCOORD1: -0.44498899579048157, -0.28323066234588623
vb0[544]+088 TEXCOORD2: 0.6220703125, 0.93359375

vb0[545]+000 POSITION: -0.10001952946186066, 0.003248725552111864, 1.2767236232757568
vb0[545]+012 NORMAL: -0.28181248903274536, -0.9514381885528564, -0.12388362735509872
vb0[545]+024 TANGENT: -0.3027409017086029, 0.2106967568397522, -0.9294916987419128, 1.0
vb0[545]+040 BLENDWEIGHTS: 1.0, 0.0, 0.0, 0.0
vb0[545]+056 BLENDINDICES: 0, 0, 0, 0
vb0[545]+072 COLOR: 0.5019607843137255, 0.5019607843137255, 0.0, 0.0
vb0[545]+076 TEXCOORD: 0.07098388671875, 0.77880859375
vb0[545]+080 TEXCOORD1: 0.348035603761673, 0.702042281627655
vb0[545]+088 TEXCOORD2: 0.62451171875, 0.92919921875

vb0[546]+000 POSITION: -0.10112792998552322, 0.0033533095847815275, 1.2777477502822876
vb0[546]+012 NORMAL: -0.28181248903274536, -0.9514381885528564, -0.12388362735509872
vb0[546]+024 TANGENT: -0.3094022274017334, 0.21233521401882172, -0.9269217848777771, 1.0
vb0[546]+040 BLENDWEIGHTS: 1.0, 0.0, 0.0, 0.0
vb0[546]+056 BLENDINDICES: 0, 0, 0, 0
vb0[546]+072 COLOR: 0.5019607843137255, 0.5019607843137255, 0.0, 0.0
vb0[546]+076 TEXCOORD: 0.07098388671875, 0.77685546875
vb0[546]+080 TEXCOORD1: 0.2445635199546814, -0.5792282819747925
vb0[546]+088 TEXCOORD2: 0.6259765625, 0.93017578125

vb0[547]+000 POSITION: -0.1025390625, 0.004420165903866291, 1.2734582424163818
vb0[547]+012 NORMAL: -0.3079872727394104, -0.9481996893882751, -0.07785329222679138
vb0[547]+024 TANGENT: -0.27257028222084045, 0.16634225845336914, -0.9476473927497864, 1.0
vb0[547]+040 BLENDWEIGHTS: 0.8999980688095093, 0.10000195354223251, 0.0, 0.0
vb0[547]+056 BLENDINDICES: 0, 4, 0, 0
vb0[547]+072 COLOR: 0.5019607843137255, 0.5019607843137255, 0.0, 0.0
vb0[547]+076 TEXCOORD: 0.07489013671875, 0.77685546875
vb0[547]+080 TEXCOORD1: 0.010760463774204254, -0.649718165397644
vb0[547]+088 TEXCOORD2: 0.62744140625, 0.9267578125

vb0[548]+000 POSITION: -0.10113525390625, 0.003979492001235485, 1.272955298423767
vb0[548]+012 NORMAL: -0.30833879113197327, -0.9481369853019714, -0.07722299546003342
vb0[548]+024 TANGENT: -0.26791298389434814, 0.16444475948810577, -0.9493052363395691, 1.0
vb0[548]+040 BLENDWEIGHTS: 0.8999929428100586, 0.100007064640522, 0.0, 0.0
vb0[548]+056 BLENDINDICES: 0, 4, 0, 0
vb0[548]+072 COLOR: 0.5019607843137255, 0.5019607843137255, 0.0, 0.0
vb0[548]+076 TEXCOORD: 0.07489013671875, 0.77880859375
vb0[548]+080 TEXCOORD1: -0.02444031834602356, 0.7539290189743042
vb0[548]+088 TEXCOORD2: 0.6259765625, 0.9267578125

vb0[549]+000 POSITION: -0.10586103051900864, 0.00603956263512373, 1.2614212036132812
vb0[549]+012 NORMAL: -0.35446253418922424, -0.9348368644714355, -0.02088833786547184
vb0[549]+024 TANGENT: -0.23205973207950592, 0.10958623141050339, -0.9665087461471558, 1.0
vb0[549]+040 BLENDWEIGHTS: 0.6171114444732666, 0.3828885853290558, 0.0, 0.0
vb0[549]+056 BLENDINDICES: 0, 4, 0, 0
vb0[549]+072 COLOR: 0.5019607843137255, 0.5019607843137255, 0.0, 0.0
vb0[549]+076 TEXCOORD: 0.08428955078125, 0.77685546875
vb0[549]+080 TEXCOORD1: 0.013197824358940125, -0.6689726710319519
vb0[549]+088 TEXCOORD2: 0.6318359375, 0.91845703125

vb0[550]+000 POSITION: -0.10432648658752441, 0.005478001199662685, 1.26083505153656
vb0[550]+012 NORMAL: -0.35684946179389954, -0.9339550733566284, -0.019657067954540253
vb0[550]+024 TANGENT: -0.22933465242385864, 0.10798484086990356, -0.9673389792442322, 1.0
vb0[550]+040 BLENDWEIGHTS: 0.6171136498451233, 0.3828863501548767, 0.0, 0.0
vb0[550]+056 BLENDINDICES: 0, 4, 0, 0
vb0[550]+072 COLOR: 0.5019607843137255, 0.5019607843137255, 0.0, 0.0
vb0[550]+076 TEXCOORD: 0.08428955078125, 0.77880859375
vb0[550]+080 TEXCOORD1: -0.013555258512496948, 0.74315345287323
vb0[550]+088 TEXCOORD2: 0.6298828125, 0.91796875

vb0[551]+000 POSITION: -0.10586103051900864, 0.00603956263512373, 1.2614212036132812
vb0[551]+012 NORMAL: -0.9423025250434875, 0.24018873274326324, 0.2331850379705429
vb0[551]+024 TANGENT: -0.2619691491127014, -0.9627510905265808, -0.06695199012756348, 1.0
vb0[551]+040 BLENDWEIGHTS: 0.6171114444732666, 0.3828885853290558, 0.0, 0.0
vb0[551]+056 BLENDINDICES: 0, 4, 0, 0
vb0[551]+072 COLOR: 0.5019607843137255, 0.5019607843137255, 0.0, 0.0
vb0[551]+076 TEXCOORD: 0.09136962890625, 0.1419677734375
vb0[551]+080 TEXCOORD1: 0.6689398884773254, 0.0147637277841568
vb0[551]+088 TEXCOORD2: 0.6318359375, 0.91845703125

vb0[552]+000 POSITION: -0.1025390625, 0.004420165903866291, 1.2734582424163818
vb0[552]+012 NORMAL: -0.9526489973068237, 0.12258924543857574, 0.27826547622680664
vb0[552]+024 TANGENT: -0.15782172977924347, -0.9815565347671509, -0.10788420587778091, 1.0
vb0[552]+040 BLENDWEIGHTS: 0.8999980688095093, 0.10000195354223251, 0.0, 0.0
vb0[552]+056 BLENDINDICES: 0, 4, 0, 0
vb0[552]+072 COLOR: 0.5019607843137255, 0.5019607843137255, 0.0, 0.0
vb0[552]+076 TEXCOORD: 0.09136962890625, 0.155029296875
vb0[552]+080 TEXCOORD1: 0.64972984790802, -0.010038211941719055
vb0[552]+088 TEXCOORD2: 0.62744140625, 0.9267578125

vb0[553]+000 POSITION: -0.10097167640924454, 0.01461181603372097, 1.2732031345367432
vb0[553]+012 NORMAL: -0.9522520303726196, 0.19806718826293945, 0.23234768211841583
vb0[553]+024 TANGENT: -0.22185945510864258, -0.9717152714729309, -0.08091839402914047, 1.0
vb0[553]+040 BLENDWEIGHTS: 0.7447437644004822, 0.2552562355995178, 0.0, 0.0
vb0[553]+056 BLENDINDICES: 0, 4, 0, 0
vb0[553]+072 COLOR: 0.5019607843137255, 0.5019607843137255, 0.0, 0.0
vb0[553]+076 TEXCOORD: 0.080810546875, 0.1536865234375
vb0[553]+080 TEXCOORD1: -0.6277559399604797, 0.251385360956192
vb0[553]+088 TEXCOORD2: 0.62548828125, 0.9267578125

vb0[554]+000 POSITION: -0.10133331269025803, 0.01845703087747097, 1.2657701969146729
vb0[554]+012 NORMAL: -0.9301393032073975, 0.3021823763847351, 0.2086307406425476
vb0[554]+024 TANGENT: -0.3184751570224762, -0.9466804265975952, -0.04867948591709137, 1.0
vb0[554]+040 BLENDWEIGHTS: 0.5, 0.5, 0.0, 0.0
vb0[554]+056 BLENDINDICES: 0, 4, 0, 0
vb0[554]+072 COLOR: 0.5019607843137255, 0.5019607843137255, 0.0, 0.0
vb0[554]+076 TEXCOORD: 0.0775146484375, 0.145751953125
vb0[554]+080 TEXCOORD1: -0.6328071355819702, 0.2237803190946579
vb0[554]+088 TEXCOORD2: 0.6259765625, 0.92138671875

vb0[555]+000 POSITION: -0.10832391679286957, 0.0072130123153328896, 1.2498836517333984
vb0[555]+012 NORMAL: -0.9509661197662354, 0.2287735790014267, 0.2081492841243744
vb0[555]+024 TANGENT: -0.24864093959331512, -0.9657226800918579, -0.07454893738031387, 1.0
vb0[555]+040 BLENDWEIGHTS: 0.6077554225921631, 0.3922445774078369, 0.0, 0.0
vb0[555]+056 BLENDINDICES: 4, 0, 0, 0
vb0[555]+072 COLOR: 0.5019607843137255, 0.5019607843137255, 0.0, 0.0
vb0[555]+076 TEXCOORD: 0.09136962890625, 0.129638671875
vb0[555]+080 TEXCOORD1: 0.6624763607978821, -0.006796397268772125
vb0[555]+088 TEXCOORD2: 0.634765625, 0.91015625

vb0[556]+000 POSITION: -0.1068427562713623, 0.006554875988513231, 1.249311923980713
vb0[556]+012 NORMAL: -0.36231687664985657, -0.9296014308929443, -0.06758363544940948
vb0[556]+024 TANGENT: -0.1628827601671219, 0.13454513251781464, -0.9774287343025208, 1.0
vb0[556]+040 BLENDWEIGHTS: 0.607753574848175, 0.39224642515182495, 0.0, 0.0
vb0[556]+056 BLENDINDICES: 4, 0, 0, 0
vb0[556]+072 COLOR: 0.5019607843137255, 0.5019607843137255, 0.0, 0.0
vb0[556]+076 TEXCOORD: 0.09820556640625, 0.77880859375
vb0[556]+080 TEXCOORD1: 0.006856799125671387, 0.7394788861274719
vb0[556]+088 TEXCOORD2: 0.6328125, 0.90966796875

vb0[557]+000 POSITION: -0.10832391679286957, 0.0072130123153328896, 1.2498836517333984
vb0[557]+012 NORMAL: -0.36480650305747986, -0.9292443990707397, -0.05848942697048187
vb0[557]+024 TANGENT: -0.17016734182834625, 0.12830199301242828, -0.9770269989967346, 1.0
vb0[557]+040 BLENDWEIGHTS: 0.6077554225921631, 0.3922445774078369, 0.0, 0.0
vb0[557]+056 BLENDINDICES: 4, 0, 0, 0
vb0[557]+072 COLOR: 0.5019607843137255, 0.5019607843137255, 0.0, 0.0
vb0[557]+076 TEXCOORD: 0.09820556640625, 0.77685546875
vb0[557]+080 TEXCOORD1: -0.008138269186019897, -0.6624614000320435
vb0[557]+088 TEXCOORD2: 0.634765625, 0.91015625

vb0[558]+000 POSITION: -0.10949462652206421, 0.008611449971795082, 1.2408788204193115
vb0[558]+012 NORMAL: -0.3480866849422455, -0.9300872087478638, -0.11736072599887848
vb0[558]+024 TANGENT: -0.12284227460622787, 0.16936375200748444, -0.9778679609298706, 1.0
vb0[558]+040 BLENDWEIGHTS: 0.8268709182739258, 0.17312905192375183, 0.0, 0.0
vb0[558]+056 BLENDINDICES: 4, 0, 0, 0
vb0[558]+072 COLOR: 0.5019607843137255, 0.5019607843137255, 0.0, 0.0
vb0[558]+076 TEXCOORD: 0.10955810546875, 0.77685546875
vb0[558]+080 TEXCOORD1: 0.5757944583892822, -0.7306138277053833
vb0[558]+088 TEXCOORD2: 0.63623046875, 0.90380859375

vb0[559]+000 POSITION: -0.10789000988006592, 0.008227539248764515, 1.2405565977096558
vb0[559]+012 NORMAL: -0.3480866849422455, -0.9300872087478638, -0.11736074090003967
vb0[559]+024 TANGENT: -0.12305379658937454, 0.1694379448890686, -0.9778285026550293, 1.0
vb0[559]+040 BLENDWEIGHTS: 0.8268712162971497, 0.17312879860401154, 0.0, 0.0
vb0[559]+056 BLENDINDICES: 4, 0, 0, 0
vb0[559]+072 COLOR: 0.5019607843137255, 0.5019607843137255, 0.0, 0.0
vb0[559]+076 TEXCOORD: 0.10955810546875, 0.77880859375
vb0[559]+080 TEXCOORD1: 0.8874541521072388, 0.21167178452014923
vb0[559]+088 TEXCOORD2: 0.63427734375, 0.9033203125

vb0[560]+000 POSITION: -0.10789000988006592, 0.008227539248764515, 1.2405565977096558
vb0[560]+012 NORMAL: 0.11264317482709885, 0.7085097432136536, -0.6966530084609985
vb0[560]+024 TANGENT: -0.2889505922794342, -0.6474583148956299, -0.7051987648010254, 1.0
vb0[560]+040 BLENDWEIGHTS: 0.8268712162971497, 0.17312879860401154, 0.0, 0.0
vb0[560]+056 BLENDINDICES: 4, 0, 0, 0
vb0[560]+072 COLOR: 0.5019607843137255, 0.5019607843137255, 0.0, 0.0
vb0[560]+076 TEXCOORD: 0.1158447265625, 0.80224609375
vb0[560]+080 TEXCOORD1: 0.8814772367477417, -0.15730543434619904
vb0[560]+088 TEXCOORD2: 0.63427734375, 0.9033203125

vb0[561]+000 POSITION: -0.10949462652206421, 0.008611449971795082, 1.2408788204193115
vb0[561]+012 NORMAL: 0.11264317482709885, 0.7085097432136536, -0.6966530084609985
vb0[561]+024 TANGENT: -0.28582969307899475, -0.6483759880065918, -0.7056273221969604, 1.0
vb0[561]+040 BLENDWEIGHTS: 0.8268709182739258, 0.17312905192375183, 0.0, 0.0
vb0[561]+056 BLENDINDICES: 4, 0, 0, 0
vb0[561]+072 COLOR: 0.5019607843137255, 0.5019607843137255, 0.0, 0.0
vb0[561]+076 TEXCOORD: 0.1158447265625, 0.80419921875
vb0[561]+080 TEXCOORD1: 0.5928641557693481, 0.7713831067085266
vb0[561]+088 TEXCOORD2: 0.63623046875, 0.90380859375

vb0[562]+000 POSITION: -0.10661377012729645, 0.015898436307907104, 1.2485644817352295
vb0[562]+012 NORMAL: 0.13885711133480072, 0.7141900062561035, -0.6860404014587402
vb0[562]+024 TANGENT: -0.35306689143180847, -0.6115267872810364, -0.708081066608429, 1.0
vb0[562]+040 BLENDWEIGHTS: 0.765999972820282, 0.2340000569820404, 0.0, 0.0
vb0[562]+056 BLENDINDICES: 4, 0, 0, 0
vb0[562]+072 COLOR: 0.5019607843137255, 0.5019607843137255, 0.0, 0.0
vb0[562]+076 TEXCOORD: 0.1033935546875, 0.80419921875
vb0[562]+080 TEXCOORD1: 0.014092713594436646, 0.7394938468933105
vb0[562]+088 TEXCOORD2: 0.6328125, 0.9091796875

vb0[563]+000 POSITION: -0.10473693907260895, 0.015231933444738388, 1.2483813762664795
vb0[563]+012 NORMAL: 0.1413159966468811, 0.7146934866905212, -0.6850132346153259
vb0[563]+024 TANGENT: -0.36187368631362915, -0.606777012348175, -0.707720935344696, 1.0
vb0[563]+040 BLENDWEIGHTS: 0.7079447507858276, 0.29205524921417236, 0.0, 0.0
vb0[563]+056 BLENDINDICES: 4, 0, 0, 0
vb0[563]+072 COLOR: 0.5019607843137255, 0.5019607843137255, 0.0, 0.0
vb0[563]+076 TEXCOORD: 0.1033935546875, 0.80224609375
vb0[563]+080 TEXCOORD1: -0.014661341905593872, -0.6811212301254272
vb0[563]+088 TEXCOORD2: 0.63037109375, 0.9091796875

vb0[564]+000 POSITION: -0.09929443150758743, 0.014372558332979679, 1.2729467153549194
vb0[564]+012 NORMAL: 0.20119532942771912, 0.8679546117782593, 0.4540652632713318
vb0[564]+024 TANGENT: -0.07686640322208405, 0.47610417008399963, -0.8760231137275696, 1.0
vb0[564]+040 BLENDWEIGHTS: 0.7447412014007568, 0.25525879859924316, 0.0, 0.0
vb0[564]+056 BLENDINDICES: 0, 4, 0, 0
vb0[564]+072 COLOR: 0.5019607843137255, 0.5019607843137255, 0.0, 0.0
vb0[564]+076 TEXCOORD: 0.08978271484375, 0.7822265625
vb0[564]+080 TEXCOORD1: 0.017434820532798767, -0.738395094871521
vb0[564]+088 TEXCOORD2: 0.62353515625, 0.9267578125

vb0[565]+000 POSITION: -0.10097167640924454, 0.01461181603372097, 1.2732031345367432
vb0[565]+012 NORMAL: 0.2015194594860077, 0.8680673837661743, 0.4537058174610138
vb0[565]+024 TANGENT: -0.07769892364740372, 0.47591644525527954, -0.8760515451431274, 1.0
vb0[565]+040 BLENDWEIGHTS: 0.7447437644004822, 0.2552562355995178, 0.0, 0.0
vb0[565]+056 BLENDINDICES: 0, 4, 0, 0
vb0[565]+072 COLOR: 0.5019607843137255, 0.5019607843137255, 0.0, 0.0
vb0[565]+076 TEXCOORD: 0.08978271484375, 0.78369140625
vb0[565]+080 TEXCOORD1: -0.023955583572387695, 0.6757944822311401
vb0[565]+088 TEXCOORD2: 0.62548828125, 0.9267578125

vb0[566]+000 POSITION: -0.10016845166683197, 0.011440429836511612, 1.278638243675232
vb0[566]+012 NORMAL: 0.1989249587059021, 0.837396502494812, 0.5091128349304199
vb0[566]+024 TANGENT: -0.12622354924678802, 0.5370606780052185, -0.8340464234352112, 1.0
vb0[566]+040 BLENDWEIGHTS: 0.8999959826469421, 0.10000399500131607, 0.0, 0.0
vb0[566]+056 BLENDINDICES: 0, 4, 0, 0
vb0[566]+072 COLOR: 0.5019607843137255, 0.5019607843137255, 0.0, 0.0
vb0[566]+076 TEXCOORD: 0.0826416015625, 0.78369140625
vb0[566]+080 TEXCOORD1: -0.016646623611450195, 0.6882479786872864
vb0[566]+088 TEXCOORD2: 0.62451171875, 0.9306640625

vb0[567]+000 POSITION: -0.09862060099840164, 0.011369628831744194, 1.278200626373291
vb0[567]+012 NORMAL: 0.19757907092571259, 0.8397899270057678, 0.5056830048561096
vb0[567]+024 TANGENT: -0.12159205228090286, 0.532863199710846, -0.8374199271202087, 1.0
vb0[567]+040 BLENDWEIGHTS: 0.9000000357627869, 0.09999994188547134, 0.0, 0.0
vb0[567]+056 BLENDINDICES: 0, 4, 0, 0
vb0[567]+072 COLOR: 0.5019607843137255, 0.5019607843137255, 0.0, 0.0
vb0[567]+076 TEXCOORD: 0.0826416015625, 0.7822265625
vb0[567]+080 TEXCOORD1: -0.004368320107460022, -0.7291662096977234
vb0[567]+088 TEXCOORD2: 0.62255859375, 0.93017578125

vb0[568]+000 POSITION: -0.09862060099840164, 0.011369628831744194, 1.278200626373291
vb0[568]+012 NORMAL: 0.9589416980743408, -0.16019093990325928, -0.23402932286262512
vb0[568]+024 TANGENT: -0.18150611221790314, -0.9807186126708984, -0.07243341207504272, 1.0
vb0[568]+040 BLENDWEIGHTS: 0.9000000357627869, 0.09999994188547134, 0.0, 0.0
vb0[568]+056 BLENDINDICES: 0, 4, 0, 0
vb0[568]+072 COLOR: 0.5019607843137255, 0.5019607843137255, 0.0, 0.0
vb0[568]+076 TEXCOORD: 0.97119140625, 0.7509765625
vb0[568]+080 TEXCOORD1: -0.6547259092330933, -0.320992648601532
vb0[568]+088 TEXCOORD2: 0.62255859375, 0.93017578125

vb0[569]+000 POSITION: -0.10432648658752441, 0.005478001199662685, 1.26083505153656
vb0[569]+012 NORMAL: 0.9420263171195984, -0.24271607398986816, -0.23167932033538818
vb0[569]+024 TANGENT: -0.257129043340683, -0.9657889604568481, -0.03370968624949455, 1.0
vb0[569]+040 BLENDWEIGHTS: 0.6171136498451233, 0.3828863501548767, 0.0, 0.0
vb0[569]+056 BLENDINDICES: 0, 4, 0, 0
vb0[569]+072 COLOR: 0.5019607843137255, 0.5019607843137255, 0.0, 0.0
vb0[569]+076 TEXCOORD: 0.9794921875, 0.76806640625
vb0[569]+080 TEXCOORD1: 0.7432337403297424, 0.008028671145439148
vb0[569]+088 TEXCOORD2: 0.6298828125, 0.91796875

vb0[570]+000 POSITION: -0.09966003149747849, 0.01806640625, 1.2656127214431763
vb0[570]+012 NORMAL: 0.9314438104629517, -0.3025970458984375, -0.20210769772529602
vb0[570]+024 TANGENT: -0.3068302869796753, -0.9517026543617249, 0.010822181589901447, 1.0
vb0[570]+040 BLENDWEIGHTS: 0.5, 0.5, 0.0, 0.0
vb0[570]+056 BLENDINDICES: 0, 4, 0, 0
vb0[570]+072 COLOR: 0.5019607843137255, 0.5019607843137255, 0.0, 0.0
vb0[570]+076 TEXCOORD: 0.9658203125, 0.763671875
vb0[570]+080 TEXCOORD1: -0.681800127029419, -0.2909826636314392
vb0[570]+088 TEXCOORD2: 0.6240234375, 0.92138671875

vb0[571]+000 POSITION: -0.09929443150758743, 0.014372558332979679, 1.2729467153549194
vb0[571]+012 NORMAL: 0.9520739912986755, -0.20856913924217224, -0.22372731566429138
vb0[571]+024 TANGENT: -0.2273445874452591, -0.9718742370605469, -0.06144031137228012, 1.0
vb0[571]+040 BLENDWEIGHTS: 0.7447412014007568, 0.25525879859924316, 0.0, 0.0
vb0[571]+056 BLENDINDICES: 0, 4, 0, 0
vb0[571]+072 COLOR: 0.5019607843137255, 0.5019607843137255, 0.0, 0.0
vb0[571]+076 TEXCOORD: 0.96923828125, 0.75634765625
vb0[571]+080 TEXCOORD1: -0.680257260799408, -0.28771743178367615
vb0[571]+088 TEXCOORD2: 0.62353515625, 0.9267578125

vb0[572]+000 POSITION: -0.10133331269025803, 0.01845703087747097, 1.2657701969146729
vb0[572]+012 NORMAL: 0.2673833966255188, 0.8809736967086792, 0.39037346839904785
vb0[572]+024 TANGENT: -0.029854893684387207, 0.4125034809112549, -0.9104666113853455, 1.0
vb0[572]+040 BLENDWEIGHTS: 0.5, 0.5, 0.0, 0.0
vb0[572]+056 BLENDINDICES: 0, 4, 0, 0
vb0[572]+072 COLOR: 0.5019607843137255, 0.5019607843137255, 0.0, 0.0
vb0[572]+076 TEXCOORD: 0.099365234375, 0.78369140625
vb0[572]+080 TEXCOORD1: -0.025315284729003906, 0.6707322001457214
vb0[572]+088 TEXCOORD2: 0.6259765625, 0.92138671875

vb0[573]+000 POSITION: -0.09966003149747849, 0.01806640625, 1.2656127214431763
vb0[573]+012 NORMAL: 0.2649717926979065, 0.8806993961334229, 0.39263030886650085
vb0[573]+024 TANGENT: -0.03048844449222088, 0.4146330654621124, -0.9094777703285217, 1.0
vb0[573]+040 BLENDWEIGHTS: 0.5, 0.5, 0.0, 0.0
vb0[573]+056 BLENDINDICES: 0, 4, 0, 0
vb0[573]+072 COLOR: 0.5019607843137255, 0.5019607843137255, 0.0, 0.0
vb0[573]+076 TEXCOORD: 0.099365234375, 0.7822265625
vb0[573]+080 TEXCOORD1: 0.022309646010398865, -0.7409618496894836
vb0[573]+088 TEXCOORD2: 0.6240234375, 0.92138671875

vb0[574]+000 POSITION: -0.09986327588558197, 0.021621093153953552, 1.2563557624816895
vb0[574]+012 NORMAL: 0.3132016062736511, 0.8843652606010437, 0.3461252450942993
vb0[574]+024 TANGENT: -0.016574354842305183, 0.3694972097873688, -0.9290839433670044, 1.0
vb0[574]+040 BLENDWEIGHTS: 0.7500001788139343, 0.24999983608722687, 0.0, 0.0
vb0[574]+056 BLENDINDICES: 4, 0, 0, 0
vb0[574]+072 COLOR: 0.5019607843137255, 0.5019607843137255, 0.0, 0.0
vb0[574]+076 TEXCOORD: 0.109619140625, 0.7822265625
vb0[574]+080 TEXCOORD1: 0.4756533205509186, -0.5502076745033264
vb0[574]+088 TEXCOORD2: 0.62451171875, 0.91455078125

vb0[575]+000 POSITION: -0.10146240144968033, 0.022211913019418716, 1.256651759147644
vb0[575]+012 NORMAL: 0.3132016062736511, 0.8843652606010437, 0.3461252450942993
vb0[575]+024 TANGENT: -0.016624044626951218, 0.3695122003555298, -0.9290771484375, 1.0
vb0[575]+040 BLENDWEIGHTS: 0.7500024437904358, 0.2499975562095642, 0.0, 0.0
vb0[575]+056 BLENDINDICES: 4, 0, 0, 0
vb0[575]+072 COLOR: 0.5019607843137255, 0.5019607843137255, 0.0, 0.0
vb0[575]+076 TEXCOORD: 0.109619140625, 0.78369140625
vb0[575]+080 TEXCOORD1: 0.4224136769771576, 0.44737008213996887
vb0[575]+088 TEXCOORD2: 0.62646484375, 0.9150390625

vb0[576]+000 POSITION: -0.10146240144968033, 0.022211913019418716, 1.256651759147644
vb0[576]+012 NORMAL: -0.8686330914497375, 0.45368313789367676, 0.19911810755729675
vb0[576]+024 TANGENT: -0.4628697335720062, -0.8864263296127319, 0.0, 1.0
vb0[576]+040 BLENDWEIGHTS: 0.7500024437904358, 0.2499975562095642, 0.0, 0.0
vb0[576]+056 BLENDINDICES: 4, 0, 0, 0
vb0[576]+072 COLOR: 0.5019607843137255, 0.5019607843137255, 0.0, 0.0
vb0[576]+076 TEXCOORD: 0.07415771484375, 0.1361083984375
vb0[576]+080 TEXCOORD1: -0.7838799357414246, -0.18270497024059296
vb0[576]+088 TEXCOORD2: 0.62646484375, 0.9150390625

vb0[577]+000 POSITION: -0.10661377012729645, 0.015898436307907104, 1.2485644817352295
vb0[577]+012 NORMAL: -0.9407275915145874, 0.2601625919342041, 0.21759387850761414
vb0[577]+024 TANGENT: -0.2799377739429474, -0.9578104019165039, -0.06506960093975067, 1.0
vb0[577]+040 BLENDWEIGHTS: 0.765999972820282, 0.2340000569820404, 0.0, 0.0
vb0[577]+056 BLENDINDICES: 4, 0, 0, 0
vb0[577]+072 COLOR: 0.5019607843137255, 0.5019607843137255, 0.0, 0.0
vb0[577]+076 TEXCOORD: 0.08245849609375, 0.1275634765625
vb0[577]+080 TEXCOORD1: -0.5039181113243103, -0.541402280330658
vb0[577]+088 TEXCOORD2: 0.6328125, 0.9091796875

vb0[578]+000 POSITION: -0.10789000988006592, 0.008227539248764515, 1.2405565977096558
vb0[578]+012 NORMAL: 0.9548689723014832, -0.24908888339996338, -0.16180254518985748
vb0[578]+024 TANGENT: -0.24140664935112, -0.9681879878044128, 0.06584067642688751, 1.0
vb0[578]+040 BLENDWEIGHTS: 0.8268712162971497, 0.17312879860401154, 0.0, 0.0
vb0[578]+056 BLENDINDICES: 4, 0, 0, 0
vb0[578]+072 COLOR: 0.5019607843137255, 0.5019607843137255, 0.0, 0.0
vb0[578]+076 TEXCOORD: 0.9794921875, 0.78662109375
vb0[578]+080 TEXCOORD1: 0.24044889211654663, 0.9545379877090454
vb0[578]+088 TEXCOORD2: 0.63427734375, 0.9033203125

vb0[579]+000 POSITION: -0.10473693907260895, 0.015231933444738388, 1.2483813762664795
vb0[579]+012 NORMAL: 0.9367706775665283, -0.282643586397171, -0.20633289217948914
vb0[579]+024 TANGENT: -0.2724792957305908, -0.9590972661972046, 0.07673058658838272, 1.0
vb0[579]+040 BLENDWEIGHTS: 0.7079447507858276, 0.29205524921417236, 0.0, 0.0
vb0[579]+056 BLENDINDICES: 4, 0, 0, 0
vb0[579]+072 COLOR: 0.5019607843137255, 0.5019607843137255, 0.0, 0.0
vb0[579]+076 TEXCOORD: 0.970703125, 0.77880859375
vb0[579]+080 TEXCOORD1: -0.5303977727890015, 0.42757368087768555
vb0[579]+088 TEXCOORD2: 0.63037109375, 0.9091796875

vb0[580]+000 POSITION: -0.1068427562713623, 0.006554875988513231, 1.249311923980713
vb0[580]+012 NORMAL: 0.9460952281951904, -0.2532109320163727, -0.20196065306663513
vb0[580]+024 TANGENT: -0.24925611913204193, -0.9673815965652466, 0.045214518904685974, 1.0
vb0[580]+040 BLENDWEIGHTS: 0.607753574848175, 0.39224642515182495, 0.0, 0.0
vb0[580]+056 BLENDINDICES: 4, 0, 0, 0
vb0[580]+072 COLOR: 0.5019607843137255, 0.5019607843137255, 0.0, 0.0
vb0[580]+076 TEXCOORD: 0.9794921875, 0.7783203125
vb0[580]+080 TEXCOORD1: 0.7327791452407837, 0.0995514765381813
vb0[580]+088 TEXCOORD2: 0.6328125, 0.90966796875

vb0[581]+000 POSITION: -0.0991540476679802, 0.008024902082979679, 1.2834254503250122
vb0[581]+012 NORMAL: -0.7189858555793762, 0.6074869632720947, 0.33766695857048035
vb0[581]+024 TANGENT: -0.623441219329834, -0.778453528881073, 0.07301537692546844, 1.0
vb0[581]+040 BLENDWEIGHTS: 0.9634387493133545, 0.036561235785484314, 0.0, 0.0
vb0[581]+056 BLENDINDICES: 0, 4, 0, 0
vb0[581]+072 COLOR: 0.5019607843137255, 0.5019607843137255, 0.0, 0.0
vb0[581]+076 TEXCOORD: 0.0858154296875, 0.1651611328125
vb0[581]+080 TEXCOORD1: -0.4154588580131531, 0.25505876541137695
vb0[581]+088 TEXCOORD2: 0.62353515625, 0.93408203125

vb0[582]+000 POSITION: -0.10112792998552322, 0.0033533095847815275, 1.2777477502822876
vb0[582]+012 NORMAL: -0.9948315620422363, 0.08234747499227524, -0.05940473452210426
vb0[582]+024 TANGENT: -0.07218116521835327, -0.9850141406059265, -0.1566426008939743, 1.0
vb0[582]+040 BLENDWEIGHTS: 1.0, 0.0, 0.0, 0.0
vb0[582]+056 BLENDINDICES: 0, 0, 0, 0
vb0[582]+072 COLOR: 0.5019607843137255, 0.5019607843137255, 0.0, 0.0
vb0[582]+076 TEXCOORD: 0.09136962890625, 0.1597900390625
vb0[582]+080 TEXCOORD1: 0.6281569600105286, 0.027120321989059448
vb0[582]+088 TEXCOORD2: 0.6259765625, 0.93017578125

vb0[583]+000 POSITION: -0.09611004590988159, 0.0014378172345459461, 1.286109447479248
vb0[583]+012 NORMAL: 0.9633236527442932, 0.2091883271932602, -0.16807055473327637
vb0[583]+024 TANGENT: 0.2675424814224243, -0.7004145383834839, 0.661695122718811, 1.0
vb0[583]+040 BLENDWEIGHTS: 1.0, 0.0, 0.0, 0.0
vb0[583]+056 BLENDINDICES: 0, 0, 0, 0
vb0[583]+072 COLOR: 0.5019607843137255, 0.5019607843137255, 0.0, 0.0
vb0[583]+076 TEXCOORD: 0.1746826171875, 0.1585693359375
vb0[583]+080 TEXCOORD1: -1.4901161193847656e-08, 1.4901161193847656e-08
vb0[583]+088 TEXCOORD2: 0.61962890625, 0.93603515625

vb0[584]+000 POSITION: -0.09716953337192535, -0.00022105497191660106, 1.2961169481277466
vb0[584]+012 NORMAL: -0.6928223371505737, 0.519013524055481, 0.5006219148635864
vb0[584]+024 TANGENT: 0.4068034589290619, -0.29191145300865173, 0.8656204342842102, 1.0
vb0[584]+040 BLENDWEIGHTS: 1.0, 0.0, 0.0, 0.0
vb0[584]+056 BLENDINDICES: 0, 0, 0, 0
vb0[584]+072 COLOR: 0.5019607843137255, 0.5019607843137255, 0.0, 0.0
vb0[584]+076 TEXCOORD: 0.18115234375, 0.1485595703125
vb0[584]+080 TEXCOORD1: 0.6978516578674316, -0.2666968107223511
vb0[584]+088 TEXCOORD2: 0.62109375, 0.943359375

vb0[585]+000 POSITION: -0.09937217831611633, 0.0034967735409736633, 1.2889618873596191
vb0[585]+012 NORMAL: -0.7473223805427551, 0.4980038106441498, 0.4398879110813141
vb0[585]+024 TANGENT: 0.3950496017932892, -0.19930225610733032, 0.8967800736427307, 1.0
vb0[585]+040 BLENDWEIGHTS: 1.0, 0.0, 0.0, 0.0
vb0[585]+056 BLENDINDICES: 0, 0, 0, 0
vb0[585]+072 COLOR: 0.5019607843137255, 0.5019607843137255, 0.0, 0.0
vb0[585]+076 TEXCOORD: 0.173095703125, 0.150634765625
vb0[585]+080 TEXCOORD1: -2.9802322387695312e-08, 2.9802322387695312e-08
vb0[585]+088 TEXCOORD2: 0.62353515625, 0.93798828125

vb0[586]+000 POSITION: -0.09963107109069824, -0.011436957865953445, 1.2814310789108276
vb0[586]+012 NORMAL: -0.9079360365867615, -0.3844168484210968, 0.16696029901504517
vb0[586]+024 TANGENT: 0.2290726602077484, -0.12157417833805084, 0.9657874703407288, 1.0
vb0[586]+040 BLENDWEIGHTS: 1.0, 0.0, 0.0, 0.0
vb0[586]+056 BLENDINDICES: 0, 0, 0, 0
vb0[586]+072 COLOR: 0.5019607843137255, 0.5019607843137255, 0.0, 0.0
vb0[586]+076 TEXCOORD: 0.16796875, 0.134033203125
vb0[586]+080 TEXCOORD1: 1.4901161193847656e-08, 1.4901161193847656e-08
vb0[586]+088 TEXCOORD2: 0.6240234375, 0.9326171875

vb0[587]+000 POSITION: -0.0948721393942833, -0.0014961936976760626, 1.2943087816238403
vb0[587]+012 NORMAL: 0.992432713508606, 0.09476170688867569, -0.07808616757392883
vb0[587]+024 TANGENT: -0.08284128457307816, 0.9861262440681458, 0.14384868741035461, 1.0
vb0[587]+040 BLENDWEIGHTS: 1.0, 0.0, 0.0, 0.0
vb0[587]+056 BLENDINDICES: 0, 0, 0, 0
vb0[587]+072 COLOR: 0.5019607843137255, 0.5019607843137255, 0.0, 0.0
vb0[587]+076 TEXCOORD: 0.1859130859375, 0.1405029296875
vb0[587]+080 TEXCOORD1: 0.23702847957611084, 0.705069363117218
vb0[587]+088 TEXCOORD2: 0.6181640625, 0.94189453125

vb0[588]+000 POSITION: -0.0991360992193222, -0.007233860436826944, 1.2747371196746826
vb0[588]+012 NORMAL: 0.7564359903335571, 0.2316223382949829, -0.6116827130317688
vb0[588]+024 TANGENT: -0.10208196192979813, 0.9655451774597168, 0.239377960562706, 1.0
vb0[588]+040 BLENDWEIGHTS: 1.0, 0.0, 0.0, 0.0
vb0[588]+056 BLENDINDICES: 0, 0, 0, 0
vb0[588]+072 COLOR: 0.5019607843137255, 0.5019607843137255, 0.0, 0.0
vb0[588]+076 TEXCOORD: 0.177490234375, 0.12109375
vb0[588]+080 TEXCOORD1: 0.6039159893989563, -0.32382625341415405
vb0[588]+088 TEXCOORD2: 0.62353515625, 0.927734375

vb0[589]+000 POSITION: -0.0948721393942833, -0.0014961936976760626, 1.2943087816238403
vb0[589]+012 NORMAL: 0.992432713508606, 0.09476170688867569, -0.07808616757392883
vb0[589]+024 TANGENT: 0.1227581799030304, -0.7513691186904907, 0.6483632326126099, 1.0
vb0[589]+040 BLENDWEIGHTS: 1.0, 0.0, 0.0, 0.0
vb0[589]+056 BLENDINDICES: 0, 0, 0, 0
vb0[589]+072 COLOR: 0.5019607843137255, 0.5019607843137255, 0.0, 0.0
vb0[589]+076 TEXCOORD: 0.1824951171875, 0.154296875
vb0[589]+080 TEXCOORD1: 0.37509486079216003, -0.6423466205596924
vb0[589]+088 TEXCOORD2: 0.6181640625, 0.94189453125

vb0[590]+000 POSITION: -0.0950203463435173, 0.0008890815661288798, 1.2965028285980225
vb0[590]+012 NORMAL: 0.3870745301246643, 0.8320630192756653, 0.3972964286804199
vb0[590]+024 TANGENT: 0.37299203872680664, -0.5353556871414185, 0.7578068375587463, 1.0
vb0[590]+040 BLENDWEIGHTS: 1.0, 0.0, 0.0, 0.0
vb0[590]+056 BLENDINDICES: 0, 0, 0, 0
vb0[590]+072 COLOR: 0.5019607843137255, 0.5019607843137255, 0.0, 0.0
vb0[590]+076 TEXCOORD: 0.18212890625, 0.1510009765625
vb0[590]+080 TEXCOORD1: 0.9138039946556091, -0.14409029483795166
vb0[590]+088 TEXCOORD2: 0.6181640625, 0.943359375

vb0[591]+000 POSITION: -0.09481362998485565, -0.0027017230167984962, 1.2963463068008423
vb0[591]+012 NORMAL: 0.7248113751411438, -0.5448198318481445, 0.4216868579387665
vb0[591]+024 TANGENT: 0.438632607460022, 0.836919903755188, 0.3273630142211914, 1.0
vb0[591]+040 BLENDWEIGHTS: 1.0, 0.0, 0.0, 0.0
vb0[591]+056 BLENDINDICES: 0, 0, 0, 0
vb0[591]+072 COLOR: 0.5019607843137255, 0.5019607843137255, 0.0, 0.0
vb0[591]+076 TEXCOORD: 0.184814453125, 0.142822265625
vb0[591]+080 TEXCOORD1: 0.7320265769958496, 0.32098662853240967
vb0[591]+088 TEXCOORD2: 0.6181640625, 0.943359375

vb0[592]+000 POSITION: -0.09780474752187729, -0.016656754538416862, 1.278311848640442
vb0[592]+012 NORMAL: 0.3501198887825012, -0.7501513361930847, 0.5609715580940247
vb0[592]+024 TANGENT: 0.023583779111504555, -0.5916281938552856, -0.8058658838272095, 1.0
vb0[592]+040 BLENDWEIGHTS: 0.8999947309494019, 0.10000526905059814, 0.0, 0.0
vb0[592]+056 BLENDINDICES: 0, 3, 0, 0
vb0[592]+072 COLOR: 0.5019607843137255, 0.5019607843137255, 0.0, 0.0
vb0[592]+076 TEXCOORD: 0.07708740234375, 0.822265625
vb0[592]+080 TEXCOORD1: 0.04224580526351929, -0.7074254751205444
vb0[592]+088 TEXCOORD2: 0.62158203125, 0.9306640625

vb0[593]+000 POSITION: -0.09626742452383041, -0.016278861090540886, 1.27790105342865
vb0[593]+012 NORMAL: 0.3497348725795746, -0.7517845034599304, 0.5590219497680664
vb0[593]+024 TANGENT: 0.02543497644364834, -0.5888652205467224, -0.8078309893608093, 1.0
vb0[593]+040 BLENDWEIGHTS: 0.8999961614608765, 0.10000385344028473, 0.0, 0.0
vb0[593]+056 BLENDINDICES: 0, 3, 0, 0
vb0[593]+072 COLOR: 0.5019607843137255, 0.5019607843137255, 0.0, 0.0
vb0[593]+076 TEXCOORD: 0.07708740234375, 0.82421875
vb0[593]+080 TEXCOORD1: -0.001956447958946228, 0.6807858347892761
vb0[593]+088 TEXCOORD2: 0.61962890625, 0.93017578125

vb0[594]+000 POSITION: -0.09642832726240158, -0.013368280604481697, 1.2816598415374756
vb0[594]+012 NORMAL: 0.35333308577537537, -0.735909104347229, 0.5775755047798157
vb0[594]+024 TANGENT: 0.014960162341594696, -0.6128754019737244, -0.7900378704071045, 1.0
vb0[594]+040 BLENDWEIGHTS: 1.0, 0.0, 0.0, 0.0
vb0[594]+056 BLENDINDICES: 0, 0, 0, 0
vb0[594]+072 COLOR: 0.5019607843137255, 0.5019607843137255, 0.0, 0.0
vb0[594]+076 TEXCOORD: 0.07098388671875, 0.82421875
vb0[594]+080 TEXCOORD1: 0.10435551404953003, 0.4766739010810852
vb0[594]+088 TEXCOORD2: 0.6201171875, 0.9326171875

vb0[595]+000 POSITION: -0.09785022586584091, -0.013614392839372158, 1.282264232635498
vb0[595]+012 NORMAL: 0.35333311557769775, -0.7359091639518738, 0.5775754451751709
vb0[595]+024 TANGENT: 0.011087640188634396, -0.6140614748001099, -0.7891802191734314, 1.0
vb0[595]+040 BLENDWEIGHTS: 0.9841877818107605, 0.015812207013368607, 0.0, 0.0
vb0[595]+056 BLENDINDICES: 0, 3, 0, 0
vb0[595]+072 COLOR: 0.5019607843137255, 0.5019607843137255, 0.0, 0.0
vb0[595]+076 TEXCOORD: 0.07098388671875, 0.822265625
vb0[595]+080 TEXCOORD1: 0.053299903869628906, -0.40876033902168274
vb0[595]+088 TEXCOORD2: 0.6220703125, 0.93310546875

vb0[596]+000 POSITION: -0.09626742452383041, -0.016278861090540886, 1.27790105342865
vb0[596]+012 NORMAL: 0.959473729133606, 0.24271830916404724, -0.14317114651203156
vb0[596]+024 TANGENT: 0.2687152326107025, -0.9410547614097595, 0.2054463028907776, 1.0
vb0[596]+040 BLENDWEIGHTS: 0.8999961614608765, 0.10000385344028473, 0.0, 0.0
vb0[596]+056 BLENDINDICES: 0, 3, 0, 0
vb0[596]+072 COLOR: 0.5019607843137255, 0.5019607843137255, 0.0, 0.0
vb0[596]+076 TEXCOORD: 0.99169921875, 0.75439453125
vb0[596]+080 TEXCOORD1: 0.6254768371582031, -0.2687971591949463
vb0[596]+088 TEXCOORD2: 0.61962890625, 0.93017578125

vb0[597]+000 POSITION: -0.09963107109069824, -0.011436957865953445, 1.2814310789108276
vb0[597]+012 NORMAL: -0.9079360365867615, -0.3844168484210968, 0.16696029901504517
vb0[597]+024 TANGENT: 0.41346779465675354, -0.8867124915122986, 0.20684583485126495, 1.0
vb0[597]+040 BLENDWEIGHTS: 1.0, 0.0, 0.0, 0.0
vb0[597]+056 BLENDINDICES: 0, 0, 0, 0
vb0[597]+072 COLOR: 0.5019607843137255, 0.5019607843137255, 0.0, 0.0
vb0[597]+076 TEXCOORD: 0.09710693359375, 0.292724609375
vb0[597]+080 TEXCOORD1: -2.9802322387695312e-08, -1.4901161193847656e-08
vb0[597]+088 TEXCOORD2: 0.6240234375, 0.9326171875

vb0[598]+000 POSITION: -0.1006787121295929, -0.00760650634765625, 1.2756175994873047
vb0[598]+012 NORMAL: -0.9802666306495667, -0.06533363461494446, -0.18657135963439941
vb0[598]+024 TANGENT: 0.026129918172955513, -0.9783483147621155, 0.20530878007411957, 1.0
vb0[598]+040 BLENDWEIGHTS: 1.0, 0.0, 0.0, 0.0
vb0[598]+056 BLENDINDICES: 0, 0, 0, 0
vb0[598]+072 COLOR: 0.5019607843137255, 0.5019607843137255, 0.0, 0.0
vb0[598]+076 TEXCOORD: 0.0909423828125, 0.287109375
vb0[598]+080 TEXCOORD1: -0.5832226276397705, 0.04543226957321167
vb0[598]+088 TEXCOORD2: 0.62548828125, 0.9287109375

vb0[599]+000 POSITION: -0.10001952946186066, 0.003248725552111864, 1.2767236232757568
vb0[599]+012 NORMAL: 0.727560818195343, 0.11224357038736343, -0.6767987608909607
vb0[599]+024 TANGENT: 0.557368814945221, -0.6718984246253967, 0.4877423048019409, 1.0
vb0[599]+040 BLENDWEIGHTS: 1.0, 0.0, 0.0, 0.0
vb0[599]+056 BLENDINDICES: 0, 0, 0, 0
vb0[599]+072 COLOR: 0.5019607843137255, 0.5019607843137255, 0.0, 0.0
vb0[599]+076 TEXCOORD: 0.1658935546875, 0.1641845703125
vb0[599]+080 TEXCOORD1: 0.33943039178848267, 0.7062429189682007
vb0[599]+088 TEXCOORD2: 0.62451171875, 0.92919921875

vb0[600]+000 POSITION: -0.0991540476679802, 0.008024902082979679, 1.2834254503250122
vb0[600]+012 NORMAL: 0.21189609169960022, 0.8131155371665955, 0.5421652793884277
vb0[600]+024 TANGENT: -0.16881243884563446, 0.5768767595291138, -0.7991968393325806, 1.0
vb0[600]+040 BLENDWEIGHTS: 0.9634387493133545, 0.036561235785484314, 0.0, 0.0
vb0[600]+056 BLENDINDICES: 0, 4, 0, 0
vb0[600]+072 COLOR: 0.5019607843137255, 0.5019607843137255, 0.0, 0.0
vb0[600]+076 TEXCOORD: 0.0758056640625, 0.78369140625
vb0[600]+080 TEXCOORD1: 0.11565223336219788, 0.47358790040016174
vb0[600]+088 TEXCOORD2: 0.62353515625, 0.93408203125

vb0[601]+000 POSITION: -0.09792846441268921, 0.00795898400247097, 1.2829841375350952
vb0[601]+012 NORMAL: 0.21189606189727783, 0.8131155371665955, 0.542165219783783
vb0[601]+024 TANGENT: -0.16081273555755615, 0.5762105584144592, -0.8013243079185486, 1.0
vb0[601]+040 BLENDWEIGHTS: 1.0, 0.0, 0.0, 0.0
vb0[601]+056 BLENDINDICES: 0, 0, 0, 0
vb0[601]+072 COLOR: 0.5019607843137255, 0.5019607843137255, 0.0, 0.0
vb0[601]+076 TEXCOORD: 0.0758056640625, 0.7822265625
vb0[601]+080 TEXCOORD1: 0.09352609515190125, -0.5191220641136169
vb0[601]+088 TEXCOORD2: 0.6220703125, 0.93359375

vb0[602]+000 POSITION: -0.09780474752187729, -0.016656754538416862, 1.278311848640442
vb0[602]+012 NORMAL: -0.9348927736282349, -0.3267650008201599, 0.13856424391269684
vb0[602]+024 TANGENT: 0.35083135962486267, -0.9099253416061401, 0.22125406563282013, 1.0
vb0[602]+040 BLENDWEIGHTS: 0.8999947309494019, 0.10000526905059814, 0.0, 0.0
vb0[602]+056 BLENDINDICES: 0, 3, 0, 0
vb0[602]+072 COLOR: 0.5019607843137255, 0.5019607843137255, 0.0, 0.0
vb0[602]+076 TEXCOORD: 0.1026611328125, 0.28759765625
vb0[602]+080 TEXCOORD1: 0.6587525606155396, 0.26130539178848267
vb0[602]+088 TEXCOORD2: 0.62158203125, 0.9306640625

vb0[603]+000 POSITION: -0.09785022586584091, -0.013614392839372158, 1.282264232635498
vb0[603]+012 NORMAL: -0.4624086022377014, -0.7579085230827332, 0.46016615629196167
vb0[603]+024 TANGENT: 0.8436781764030457, -0.5357341766357422, -0.034582026302814484, 1.0
vb0[603]+040 BLENDWEIGHTS: 0.9841877818107605, 0.015812207013368607, 0.0, 0.0
vb0[603]+056 BLENDINDICES: 0, 3, 0, 0
vb0[603]+072 COLOR: 0.5019607843137255, 0.5019607843137255, 0.0, 0.0
vb0[603]+076 TEXCOORD: 0.1011962890625, 0.293212890625
vb0[603]+080 TEXCOORD1: 0.36899858713150024, 0.1837550401687622
vb0[603]+088 TEXCOORD2: 0.6220703125, 0.93310546875

vb0[604]+000 POSITION: -0.10016845166683197, 0.011440429836511612, 1.278638243675232
vb0[604]+012 NORMAL: -0.9568426609039307, 0.13212238252162933, 0.2588356137275696
vb0[604]+024 TANGENT: -0.16370411217212677, -0.9809659719467163, -0.10443513095378876, 1.0
vb0[604]+040 BLENDWEIGHTS: 0.8999959826469421, 0.10000399500131607, 0.0, 0.0
vb0[604]+056 BLENDINDICES: 0, 4, 0, 0
vb0[604]+072 COLOR: 0.5019607843137255, 0.5019607843137255, 0.0, 0.0
vb0[604]+076 TEXCOORD: 0.083251953125, 0.15966796875
vb0[604]+080 TEXCOORD1: -0.6254039406776428, 0.2878058850765228
vb0[604]+088 TEXCOORD2: 0.62451171875, 0.9306640625

vb0[605]+000 POSITION: -0.10224609076976776, -0.016701659187674522, 1.2374682426452637
vb0[605]+012 NORMAL: -0.9756501913070679, -0.20836374163627625, 0.06849390268325806
vb0[605]+024 TANGENT: 0.218401700258255, -0.9516661763191223, 0.2159450799226761, 1.0
vb0[605]+040 BLENDWEIGHTS: 0.8268749713897705, 0.1731250286102295, 0.0, 0.0
vb0[605]+056 BLENDINDICES: 3, 0, 0, 0
vb0[605]+072 COLOR: 0.5019607843137255, 0.5019607843137255, 0.0, 0.0
vb0[605]+076 TEXCOORD: 0.0909423828125, 0.2413330078125
vb0[605]+080 TEXCOORD1: -0.22565430402755737, -0.5157271027565002
vb0[605]+088 TEXCOORD2: 0.62744140625, 0.9013671875

vb0[606]+000 POSITION: -0.09534312784671783, -0.029002754017710686, 1.25447416305542
vb0[606]+012 NORMAL: 0.16057217121124268, -0.7837410569190979, -0.5999720692634583
vb0[606]+024 TANGENT: -0.2902168929576874, 0.5434999465942383, -0.7876432538032532, 1.0
vb0[606]+040 BLENDWEIGHTS: 0.7499987483024597, 0.2500012516975403, 0.0, 0.0
vb0[606]+056 BLENDINDICES: 3, 0, 0, 0
vb0[606]+072 COLOR: 0.5019607843137255, 0.5019607843137255, 0.0, 0.0
vb0[606]+076 TEXCOORD: 0.11663818359375, 0.80419921875
vb0[606]+080 TEXCOORD1: -0.42932620644569397, 0.5682222247123718
vb0[606]+088 TEXCOORD2: 0.61865234375, 0.91357421875

vb0[607]+000 POSITION: -0.09690185636281967, -0.029841307550668716, 1.2550714015960693
vb0[607]+012 NORMAL: 0.16057217121124268, -0.7837410569190979, -0.5999720692634583
vb0[607]+024 TANGENT: -0.28967538475990295, 0.5436723232269287, -0.7877236008644104, 1.0
vb0[607]+040 BLENDWEIGHTS: 0.7499970197677612, 0.25000298023223877, 0.0, 0.0
vb0[607]+056 BLENDINDICES: 3, 0, 0, 0
vb0[607]+072 COLOR: 0.5019607843137255, 0.5019607843137255, 0.0, 0.0
vb0[607]+076 TEXCOORD: 0.11663818359375, 0.80224609375
vb0[607]+080 TEXCOORD1: -0.4440652132034302, -0.43524453043937683
vb0[607]+088 TEXCOORD2: 0.62060546875, 0.91357421875

vb0[608]+000 POSITION: -0.10080047696828842, -0.016164245083928108, 1.237062931060791
vb0[608]+012 NORMAL: 0.971866250038147, 0.2230549305677414, -0.07564696669578552
vb0[608]+024 TANGENT: 0.23411504924297333, -0.9500283598899841, 0.206485316157341, 1.0
vb0[608]+040 BLENDWEIGHTS: 0.8268731236457825, 0.17312689125537872, 0.0, 0.0
vb0[608]+056 BLENDINDICES: 3, 0, 0, 0
vb0[608]+072 COLOR: 0.5019607843137255, 0.5019607843137255, 0.0, 0.0
vb0[608]+076 TEXCOORD: 0.98291015625, 0.78857421875
vb0[608]+080 TEXCOORD1: -0.4380072355270386, 0.8985266089439392
vb0[608]+088 TEXCOORD2: 0.62548828125, 0.90087890625

vb0[609]+000 POSITION: -0.1006171852350235, -0.013727869838476181, 1.2466017007827759
vb0[609]+012 NORMAL: 0.9670210480690002, 0.23613199591636658, -0.0954567939043045
vb0[609]+024 TANGENT: 0.2511962652206421, -0.9461364150047302, 0.20427024364471436, 1.0
vb0[609]+040 BLENDWEIGHTS: 0.6381399035453796, 0.36186012625694275, 0.0, 0.0
vb0[609]+056 BLENDINDICES: 3, 0, 0, 0
vb0[609]+072 COLOR: 0.5019607843137255, 0.5019607843137255, 0.0, 0.0
vb0[609]+076 TEXCOORD: 0.98291015625, 0.77978515625
vb0[609]+080 TEXCOORD1: -0.7930289506912231, 0.011445045471191406
vb0[609]+088 TEXCOORD2: 0.62548828125, 0.90771484375

vb0[610]+000 POSITION: -0.10146240144968033, 0.022211913019418716, 1.256651759147644
vb0[610]+012 NORMAL: 0.16747456789016724, 0.7197364568710327, -0.6737445592880249
vb0[610]+024 TANGENT: -0.4319176971912384, -0.5607566237449646, -0.7063986659049988, 1.0
vb0[610]+040 BLENDWEIGHTS: 0.7500024437904358, 0.2499975562095642, 0.0, 0.0
vb0[610]+056 BLENDINDICES: 4, 0, 0, 0
vb0[610]+072 COLOR: 0.5019607843137255, 0.5019607843137255, 0.0, 0.0
vb0[610]+076 TEXCOORD: 0.0906982421875, 0.80419921875
vb0[610]+080 TEXCOORD1: -0.4268771708011627, 0.5520574450492859
vb0[610]+088 TEXCOORD2: 0.62646484375, 0.9150390625

vb0[611]+000 POSITION: -0.09986327588558197, 0.021621093153953552, 1.2563557624816895
vb0[611]+012 NORMAL: 0.16747456789016724, 0.7197364568710327, -0.6737445592880249
vb0[611]+024 TANGENT: -0.42987871170043945, -0.5616963505744934, -0.7068957090377808, 1.0
vb0[611]+040 BLENDWEIGHTS: 0.7500001788139343, 0.24999983608722687, 0.0, 0.0
vb0[611]+056 BLENDINDICES: 4, 0, 0, 0
vb0[611]+072 COLOR: 0.5019607843137255, 0.5019607843137255, 0.0, 0.0
vb0[611]+076 TEXCOORD: 0.0906982421875, 0.80224609375
vb0[611]+080 TEXCOORD1: -0.46990638971328735, -0.4513770341873169
vb0[611]+088 TEXCOORD2: 0.62451171875, 0.91455078125

vb0[612]+000 POSITION: -0.10949462652206421, 0.008611449971795082, 1.2408788204193115
vb0[612]+012 NORMAL: -0.963911771774292, 0.21387308835983276, 0.1585317850112915
vb0[612]+024 TANGENT: -0.22864578664302826, -0.970093846321106, -0.08148114383220673, 1.0
vb0[612]+040 BLENDWEIGHTS: 0.8268709182739258, 0.17312905192375183, 0.0, 0.0
vb0[612]+056 BLENDINDICES: 4, 0, 0, 0
vb0[612]+072 COLOR: 0.5019607843137255, 0.5019607843137255, 0.0, 0.0
vb0[612]+076 TEXCOORD: 0.09136962890625, 0.12017822265625
vb0[612]+080 TEXCOORD1: 0.24517729878425598, -0.5909013152122498
vb0[612]+088 TEXCOORD2: 0.63623046875, 0.90380859375

vb0[613]+000 POSITION: -0.09986327588558197, 0.021621093153953552, 1.2563557624816895
vb0[613]+012 NORMAL: 0.8796161413192749, -0.43728742003440857, -0.18723024427890778
vb0[613]+024 TANGENT: -0.4145732820034027, -0.8977314233779907, 0.1490209847688675, 1.0
vb0[613]+040 BLENDWEIGHTS: 0.7500001788139343, 0.24999983608722687, 0.0, 0.0
vb0[613]+056 BLENDINDICES: 4, 0, 0, 0
vb0[613]+072 COLOR: 0.5019607843137255, 0.5019607843137255, 0.0, 0.0
vb0[613]+076 TEXCOORD: 0.96337890625, 0.77099609375
vb0[613]+080 TEXCOORD1: -0.9053441286087036, 0.06447753310203552
vb0[613]+088 TEXCOORD2: 0.62451171875, 0.91455078125

vb0[614]+000 POSITION: -0.09716953337192535, -0.00022105497191660106, 1.2961169481277466
vb0[614]+012 NORMAL: 0.24685077369213104, -0.6160132884979248, 0.748059093952179
vb0[614]+024 TANGENT: -0.9673822522163391, -0.20196601748466492, 0.15290939807891846, 1.0
vb0[614]+040 BLENDWEIGHTS: 1.0, 0.0, 0.0, 0.0
vb0[614]+056 BLENDINDICES: 0, 0, 0, 0
vb0[614]+072 COLOR: 0.5019607843137255, 0.5019607843137255, 0.0, 0.0
vb0[614]+076 TEXCOORD: 0.09423828125, 0.80615234375
vb0[614]+080 TEXCOORD1: 0.4828603267669678, -0.5700613856315613
vb0[614]+088 TEXCOORD2: 0.62109375, 0.943359375

vb0[615]+000 POSITION: -0.09840182214975357, -0.0021032269578427076, 1.2951545715332031
vb0[615]+012 NORMAL: 0.24685078859329224, -0.6160133481025696, 0.748059093952179
vb0[615]+024 TANGENT: -0.9652361869812012, -0.2247529923915863, 0.13343657553195953, 1.0
vb0[615]+040 BLENDWEIGHTS: 1.0, 0.0, 0.0, 0.0
vb0[615]+056 BLENDINDICES: 0, 0, 0, 0
vb0[615]+072 COLOR: 0.5019607843137255, 0.5019607843137255, 0.0, 0.0
vb0[615]+076 TEXCOORD: 0.09588623046875, 0.80810546875
vb0[615]+080 TEXCOORD1: 0.4750394821166992, -0.7248654961585999
vb0[615]+088 TEXCOORD2: 0.62255859375, 0.9423828125

vb0[616]+000 POSITION: -0.0948721393942833, -0.0014961936976760626, 1.2943087816238403
vb0[616]+012 NORMAL: 0.24685077369213104, -0.6160133481025696, 0.748059093952179
vb0[616]+024 TANGENT: -0.9676002860069275, -0.19894488155841827, 0.15546923875808716, 1.0
vb0[616]+040 BLENDWEIGHTS: 1.0, 0.0, 0.0, 0.0
vb0[616]+056 BLENDINDICES: 0, 0, 0, 0
vb0[616]+072 COLOR: 0.5019607843137255, 0.5019607843137255, 0.0, 0.0
vb0[616]+076 TEXCOORD: 0.09161376953125, 0.80810546875
vb0[616]+080 TEXCOORD1: -0.6192958354949951, -0.5527274012565613
vb0[616]+088 TEXCOORD2: 0.6181640625, 0.94189453125

vb0[617]+000 POSITION: -0.0950203463435173, 0.0008890815661288798, 1.2965028285980225
vb0[617]+012 NORMAL: 0.24685077369213104, -0.6160133481025696, 0.748059093952179
vb0[617]+024 TANGENT: -0.9687827825546265, -0.17512032389640808, 0.17547857761383057, 1.0
vb0[617]+040 BLENDWEIGHTS: 1.0, 0.0, 0.0, 0.0
vb0[617]+056 BLENDINDICES: 0, 0, 0, 0
vb0[617]+072 COLOR: 0.5019607843137255, 0.5019607843137255, 0.0, 0.0
vb0[617]+076 TEXCOORD: 0.09161376953125, 0.80517578125
vb0[617]+080 TEXCOORD1: -0.16713617742061615, -0.4621029496192932
vb0[617]+088 TEXCOORD2: 0.6181640625, 0.943359375

vb0[618]+000 POSITION: -0.09840182214975357, -0.0021032269578427076, 1.2951545715332031
vb0[618]+012 NORMAL: -0.020397111773490906, 0.8674696683883667, 0.49707165360450745
vb0[618]+024 TANGENT: 0.9575456380844116, 0.15994688868522644, -0.23984046280384064, 1.0
vb0[618]+040 BLENDWEIGHTS: 1.0, 0.0, 0.0, 0.0
vb0[618]+056 BLENDINDICES: 0, 0, 0, 0
vb0[618]+072 COLOR: 0.5019607843137255, 0.5019607843137255, 0.0, 0.0
vb0[618]+076 TEXCOORD: 0.09161376953125, 0.81201171875
vb0[618]+080 TEXCOORD1: -0.5772068500518799, -0.5799511075019836
vb0[618]+088 TEXCOORD2: 0.62255859375, 0.9423828125

vb0[619]+000 POSITION: -0.09765254706144333, -0.0030694722663611174, 1.2969403266906738
vb0[619]+012 NORMAL: -0.020397117361426353, 0.8674697875976562, 0.49707168340682983
vb0[619]+024 TANGENT: 0.9551950693130493, 0.16374124586582184, -0.24655868113040924, 1.0
vb0[619]+040 BLENDWEIGHTS: 1.0, 0.0, 0.0, 0.0
vb0[619]+056 BLENDINDICES: 0, 0, 0, 0
vb0[619]+072 COLOR: 0.5019607843137255, 0.5019607843137255, 0.0, 0.0
vb0[619]+076 TEXCOORD: 0.09197998046875, 0.8095703125
vb0[619]+080 TEXCOORD1: -0.5185762047767639, -0.6135437488555908
vb0[619]+088 TEXCOORD2: 0.62158203125, 0.94384765625

vb0[620]+000 POSITION: -0.09481362998485565, -0.0027017230167984962, 1.2963463068008423
vb0[620]+012 NORMAL: -0.020397117361426353, 0.8674697875976562, 0.49707168340682983
vb0[620]+024 TANGENT: 0.9507079720497131, 0.17069466412067413, -0.2588776648044586, 1.0
vb0[620]+040 BLENDWEIGHTS: 1.0, 0.0, 0.0, 0.0
vb0[620]+056 BLENDINDICES: 0, 0, 0, 0
vb0[620]+072 COLOR: 0.5019607843137255, 0.5019607843137255, 0.0, 0.0
vb0[620]+076 TEXCOORD: 0.09539794921875, 0.8095703125
vb0[620]+080 TEXCOORD1: 0.40514618158340454, -0.689022421836853
vb0[620]+088 TEXCOORD2: 0.6181640625, 0.943359375

vb0[621]+000 POSITION: -0.0948721393942833, -0.0014961936976760626, 1.2943087816238403
vb0[621]+012 NORMAL: -0.020397113636136055, 0.8674697875976562, 0.49707162380218506
vb0[621]+024 TANGENT: 0.9536331295967102, 0.1662030816078186, -0.2509191334247589, 1.0
vb0[621]+040 BLENDWEIGHTS: 1.0, 0.0, 0.0, 0.0
vb0[621]+056 BLENDINDICES: 0, 0, 0, 0
vb0[621]+072 COLOR: 0.5019607843137255, 0.5019607843137255, 0.0, 0.0
vb0[621]+076 TEXCOORD: 0.09588623046875, 0.81201171875
vb0[621]+080 TEXCOORD1: 0.5381686091423035, -0.6809568405151367
vb0[621]+088 TEXCOORD2: 0.6181640625, 0.94189453125

vb0[622]+000 POSITION: 9.53674295089968e-09, -0.10228374600410461, 1.2795488834381104
vb0[622]+012 NORMAL: 0.0, -0.9277186989784241, 0.3732799291610718
vb0[622]+024 TANGENT: 1.0, 0.0, 0.0, -1.0
vb0[622]+040 BLENDWEIGHTS: 1.0, 0.0, 0.0, 0.0
vb0[622]+056 BLENDINDICES: 1, 0, 0, 0
vb0[622]+072 COLOR: 0.5019607843137255, 0.5019607843137255, 0.0, 0.0
vb0[622]+076 TEXCOORD: 0.312744140625, 0.71826171875
vb0[622]+080 TEXCOORD1: -8.567440090700984e-09, 0.0
vb0[622]+088 TEXCOORD2: 0.5, 0.93115234375

vb0[623]+000 POSITION: 9.53674295089968e-09, -0.11327412724494934, 1.2606396675109863
vb0[623]+012 NORMAL: 0.0, -0.8622585535049438, 0.5064684152603149
vb0[623]+024 TANGENT: 1.0, 0.0, 0.0, -1.0
vb0[623]+040 BLENDWEIGHTS: 1.0, 0.0, 0.0, 0.0
vb0[623]+056 BLENDINDICES: 1, 0, 0, 0
vb0[623]+072 COLOR: 0.5019607843137255, 0.5019607843137255, 0.0, 0.0
vb0[623]+076 TEXCOORD: 0.312744140625, 0.73681640625
vb0[623]+080 TEXCOORD1: 0.00011720076872734353, 0.6466512680053711
vb0[623]+088 TEXCOORD2: 0.5, 0.91796875

vb0[624]+000 POSITION: 0.023425515741109848, -0.10879651457071304, 1.2605102062225342
vb0[624]+012 NORMAL: 0.2707572877407074, -0.8278025984764099, 0.4913587272167206
vb0[624]+024 TANGENT: 0.9609637260437012, 0.2626008689403534, -0.08711813390254974, -1.0
vb0[624]+040 BLENDWEIGHTS: 1.0, 0.0, 0.0, 0.0
vb0[624]+056 BLENDINDICES: 1, 0, 0, 0
vb0[624]+072 COLOR: 0.5019607843137255, 0.5019607843137255, 0.0, 0.0
vb0[624]+076 TEXCOORD: 0.3310546875, 0.73583984375
vb0[624]+080 TEXCOORD1: 0.09838428348302841, 0.6726128458976746
vb0[624]+088 TEXCOORD2: 0.470947265625, 0.91748046875

vb0[625]+000 POSITION: 0.025880197063088417, -0.09746477752923965, 1.2787710428237915
vb0[625]+012 NORMAL: 0.31271669268608093, -0.8877292275428772, 0.3378535211086273
vb0[625]+024 TANGENT: 0.9494515061378479, 0.3024013340473175, -0.08423423767089844, -1.0
vb0[625]+040 BLENDWEIGHTS: 1.0, 0.0, 0.0, 0.0
vb0[625]+056 BLENDINDICES: 1, 0, 0, 0
vb0[625]+072 COLOR: 0.5019607843137255, 0.5019607843137255, 0.0, 0.0
vb0[625]+076 TEXCOORD: 0.333984375, 0.7177734375
vb0[625]+080 TEXCOORD1: 2.421438694000244e-08, 2.9802322387695312e-08
vb0[625]+088 TEXCOORD2: 0.4677734375, 0.9306640625

vb0[626]+000 POSITION: 9.53674295089968e-09, -0.11327412724494934, 1.2606396675109863
vb0[626]+012 NORMAL: 0.0, -0.640775740146637, -0.7677280902862549
vb0[626]+024 TANGENT: 0.9999496936798096, -0.007706909440457821, 0.00643247552216053, -1.0
vb0[626]+040 BLENDWEIGHTS: 1.0, 0.0, 0.0, 0.0
vb0[626]+056 BLENDINDICES: 1, 0, 0, 0
vb0[626]+072 COLOR: 0.5019607843137255, 0.5019607843137255, 0.0, 0.0
vb0[626]+076 TEXCOORD: 0.1751708984375, 0.8134765625
vb0[626]+080 TEXCOORD1: 0.006491462700068951, -0.6466186046600342
vb0[626]+088 TEXCOORD2: 0.5, 0.91796875

vb0[627]+000 POSITION: 9.53674295089968e-09, -0.11136232316493988, 1.2587459087371826
vb0[627]+012 NORMAL: 0.0, -0.640775740146637, -0.7677280902862549
vb0[627]+024 TANGENT: 0.999948263168335, -0.007811001501977444, 0.006519355811178684, -1.0
vb0[627]+040 BLENDWEIGHTS: 1.0, 0.0, 0.0, 0.0
vb0[627]+056 BLENDINDICES: 1, 0, 0, 0
vb0[627]+072 COLOR: 0.5019607843137255, 0.5019607843137255, 0.0, 0.0
vb0[627]+076 TEXCOORD: 0.1751708984375, 0.81689453125
vb0[627]+080 TEXCOORD1: -1.3969838619232178e-09, 0.0
vb0[627]+088 TEXCOORD2: 0.5, 0.91650390625

vb0[628]+000 POSITION: 0.022190388292074203, -0.10720890760421753, 1.2592772245407104
vb0[628]+012 NORMAL: 0.18799953162670135, -0.5540470480918884, -0.8109796643257141
vb0[628]+024 TANGENT: 0.9539162516593933, 0.29962217807769775, 0.016438132151961327, -1.0
vb0[628]+040 BLENDWEIGHTS: 1.0, 0.0, 0.0, 0.0
vb0[628]+056 BLENDINDICES: 1, 0, 0, 0
vb0[628]+072 COLOR: 0.5019607843137255, 0.5019607843137255, 0.0, 0.0
vb0[628]+076 TEXCOORD: 0.19775390625, 0.81689453125
vb0[628]+080 TEXCOORD1: -1.30385160446167e-08, -2.9802322387695312e-08
vb0[628]+088 TEXCOORD2: 0.472412109375, 0.9169921875

vb0[629]+000 POSITION: 0.023425515741109848, -0.10879651457071304, 1.2605102062225342
vb0[629]+012 NORMAL: 0.21536485850811005, -0.5140044689178467, -0.83031165599823
vb0[629]+024 TANGENT: 0.9361292123794556, 0.35071584582328796, 0.025700943544507027, -1.0
vb0[629]+040 BLENDWEIGHTS: 1.0, 0.0, 0.0, 0.0
vb0[629]+056 BLENDINDICES: 1, 0, 0, 0
vb0[629]+072 COLOR: 0.5019607843137255, 0.5019607843137255, 0.0, 0.0
vb0[629]+076 TEXCOORD: 0.19775390625, 0.8134765625
vb0[629]+080 TEXCOORD1: -0.016519244760274887, -0.6795694231987
vb0[629]+088 TEXCOORD2: 0.470947265625, 0.91748046875

vb0[630]+000 POSITION: 0.019707120954990387, -0.08751506358385086, 1.3741527795791626
vb0[630]+012 NORMAL: 0.16439314186573029, -0.19121845066547394, 0.9676830172538757
vb0[630]+024 TANGENT: 0.9710970520973206, 0.20348107814788818, -0.1247643530368805, -1.0
vb0[630]+040 BLENDWEIGHTS: 1.0, 0.0, 0.0, 0.0
vb0[630]+056 BLENDINDICES: 1, 0, 0, 0
vb0[630]+072 COLOR: 0.5019607843137255, 0.5019607843137255, 0.0, 0.0
vb0[630]+076 TEXCOORD: 0.1973876953125, 0.818359375
vb0[630]+080 TEXCOORD1: 0.0, 0.0
vb0[630]+088 TEXCOORD2: 0.475341796875, 0.9990234375

vb0[631]+000 POSITION: 1.907348590179936e-08, -0.08940792083740234, 1.3751822710037231
vb0[631]+012 NORMAL: 0.0, -0.24869026243686676, 0.9685830473899841
vb0[631]+024 TANGENT: 0.9999991655349731, 0.0013200277462601662, 0.0, -1.0
vb0[631]+040 BLENDWEIGHTS: 1.0, 0.0, 0.0, 0.0
vb0[631]+056 BLENDINDICES: 1, 0, 0, 0
vb0[631]+072 COLOR: 0.5019607843137255, 0.5019607843137255, 0.0, 0.0
vb0[631]+076 TEXCOORD: 0.178466796875, 0.818359375
vb0[631]+080 TEXCOORD1: 1.2223608791828156e-09, -1.4901161193847656e-08
vb0[631]+088 TEXCOORD2: 0.5, 1.0

vb0[632]+000 POSITION: 1.907348590179936e-08, -0.0916573703289032, 1.3746501207351685
vb0[632]+012 NORMAL: 0.0, -0.24869026243686676, 0.9685830473899841
vb0[632]+024 TANGENT: 0.9999991655349731, 0.0013083084486424923, 0.0, -1.0
vb0[632]+040 BLENDWEIGHTS: 1.0, 0.0, 0.0, 0.0
vb0[632]+056 BLENDINDICES: 1, 0, 0, 0
vb0[632]+072 COLOR: 0.5019607843137255, 0.5019607843137255, 0.0, 0.0
vb0[632]+076 TEXCOORD: 0.178466796875, 0.8212890625
vb0[632]+080 TEXCOORD1: -0.0008106853347271681, 0.6000908017158508
vb0[632]+088 TEXCOORD2: 0.5, 0.99951171875

vb0[633]+000 POSITION: 0.02029312588274479, -0.08974407613277435, 1.3734887838363647
vb0[633]+012 NORMAL: 0.17380547523498535, -0.18494728207588196, 0.967257022857666
vb0[633]+024 TANGENT: 0.9676035642623901, 0.2147194892168045, -0.13281168043613434, -1.0
vb0[633]+040 BLENDWEIGHTS: 1.0, 0.0, 0.0, 0.0
vb0[633]+056 BLENDINDICES: 1, 0, 0, 0
vb0[633]+072 COLOR: 0.5019607843137255, 0.5019607843137255, 0.0, 0.0
vb0[633]+076 TEXCOORD: 0.1973876953125, 0.8212890625
vb0[633]+080 TEXCOORD1: -0.013368971645832062, 0.6151235103607178
vb0[633]+088 TEXCOORD2: 0.474853515625, 0.9990234375

vb0[634]+000 POSITION: 0.0281953327357769, -0.08875081688165665, 1.3274939060211182
vb0[634]+012 NORMAL: 0.31436726450920105, -0.9463108777999878, 0.07529148459434509
vb0[634]+024 TANGENT: 0.946630597114563, 0.3065500259399414, -0.09958716481924057, -1.0
vb0[634]+040 BLENDWEIGHTS: 1.0, 0.0, 0.0, 0.0
vb0[634]+056 BLENDINDICES: 1, 0, 0, 0
vb0[634]+072 COLOR: 0.5019607843137255, 0.5019607843137255, 0.0, 0.0
vb0[634]+076 TEXCOORD: 0.50537109375, 0.75830078125
vb0[634]+080 TEXCOORD1: -1.1175870895385742e-08, 0.0
vb0[634]+088 TEXCOORD2: 0.46484375, 0.9658203125

vb0[635]+000 POSITION: 0.02029312588274479, -0.08974407613277435, 1.3734887838363647
vb0[635]+012 NORMAL: 0.19942030310630798, -0.9795143604278564, 0.027986222878098488
vb0[635]+024 TANGENT: 0.9785190224647522, 0.1975318193435669, -0.05900448188185692, -1.0
vb0[635]+040 BLENDWEIGHTS: 1.0, 0.0, 0.0, 0.0
vb0[635]+056 BLENDINDICES: 1, 0, 0, 0
vb0[635]+072 COLOR: 0.5019607843137255, 0.5019607843137255, 0.0, 0.0
vb0[635]+076 TEXCOORD: 0.4912109375, 0.70166015625
vb0[635]+080 TEXCOORD1: 0.048499803990125656, -0.6133542656898499
vb0[635]+088 TEXCOORD2: 0.474853515625, 0.9990234375

vb0[636]+000 POSITION: 9.53674295089968e-09, -0.0931307002902031, 1.3289642333984375
vb0[636]+012 NORMAL: 0.0, -0.9973393082618713, 0.07289832830429077
vb0[636]+024 TANGENT: 1.0, 0.0, 0.0, -1.0
vb0[636]+040 BLENDWEIGHTS: 1.0, 0.0, 0.0, 0.0
vb0[636]+056 BLENDINDICES: 1, 0, 0, 0
vb0[636]+072 COLOR: 0.5019607843137255, 0.5019607843137255, 0.0, 0.0
vb0[636]+076 TEXCOORD: 0.4677734375, 0.75830078125
vb0[636]+080 TEXCOORD1: 4.2862211557803676e-09, 0.0
vb0[636]+088 TEXCOORD2: 0.5, 0.966796875

vb0[637]+000 POSITION: 0.040417660027742386, -0.10007902979850769, 1.2614940404891968
vb0[637]+012 NORMAL: 0.33636701107025146, -0.3184050917625427, -0.8862705230712891
vb0[637]+024 TANGENT: 0.8152916431427002, 0.5694817304611206, 0.10483402758836746, -1.0
vb0[637]+040 BLENDWEIGHTS: 1.0, 0.0, 0.0, 0.0
vb0[637]+056 BLENDINDICES: 1, 0, 0, 0
vb0[637]+072 COLOR: 0.5019607843137255, 0.5019607843137255, 0.0, 0.0
vb0[637]+076 TEXCOORD: 0.2203369140625, 0.8134765625
vb0[637]+080 TEXCOORD1: -0.018376003950834274, -0.711330771446228
vb0[637]+088 TEXCOORD2: 0.44970703125, 0.91845703125

vb0[638]+000 POSITION: 0.038764458149671555, -0.0986117422580719, 1.260317325592041
vb0[638]+012 NORMAL: 0.31772562861442566, -0.35031241178512573, -0.8810967803001404
vb0[638]+024 TANGENT: 0.8386334180831909, 0.5374184846878052, 0.08874273300170898, -1.0
vb0[638]+040 BLENDWEIGHTS: 1.0, 0.0, 0.0, 0.0
vb0[638]+056 BLENDINDICES: 1, 0, 0, 0
vb0[638]+072 COLOR: 0.5019607843137255, 0.5019607843137255, 0.0, 0.0
vb0[638]+076 TEXCOORD: 0.2203369140625, 0.81689453125
vb0[638]+080 TEXCOORD1: 0.0, 5.960464477539063e-08
vb0[638]+088 TEXCOORD2: 0.45166015625, 0.91748046875

vb0[639]+000 POSITION: 0.052981019020080566, -0.086422860622406, 1.263109803199768
vb0[639]+012 NORMAL: 0.43771806359291077, -0.1288384348154068, -0.889833390712738
vb0[639]+024 TANGENT: 0.685721218585968, 0.6879556179046631, 0.2377045452594757, -1.0
vb0[639]+040 BLENDWEIGHTS: 1.0, 0.0, 0.0, 0.0
vb0[639]+056 BLENDINDICES: 1, 0, 0, 0
vb0[639]+072 COLOR: 0.5019607843137255, 0.5019607843137255, 0.0, 0.0
vb0[639]+076 TEXCOORD: 0.239990234375, 0.81689453125
vb0[639]+080 TEXCOORD1: 0.0, -2.9802322387695312e-08
vb0[639]+088 TEXCOORD2: 0.43408203125, 0.91943359375

vb0[640]+000 POSITION: 0.054857004433870316, -0.08804132044315338, 1.2642625570297241
vb0[640]+012 NORMAL: 0.45005443692207336, -0.10324851423501968, -0.887012243270874
vb0[640]+024 TANGENT: 0.6682473421096802, 0.6978320479393005, 0.25782909989356995, -1.0
vb0[640]+040 BLENDWEIGHTS: 1.0, 0.0, 0.0, 0.0
vb0[640]+056 BLENDINDICES: 1, 0, 0, 0
vb0[640]+072 COLOR: 0.5019607843137255, 0.5019607843137255, 0.0, 0.0
vb0[640]+076 TEXCOORD: 0.239990234375, 0.8134765625
vb0[640]+080 TEXCOORD1: -0.005534999072551727, -0.7282042503356934
vb0[640]+088 TEXCOORD2: 0.431640625, 0.92041015625

vb0[641]+000 POSITION: 0.07140327990055084, -0.06528736650943756, 1.2790940999984741
vb0[641]+012 NORMAL: 0.6938177943229675, 0.43098020553588867, -0.5769514441490173
vb0[641]+024 TANGENT: 0.310354083776474, 0.5439966320991516, 0.7795820236206055, -1.0
vb0[641]+040 BLENDWEIGHTS: 1.0, 0.0, 0.0, 0.0
vb0[641]+056 BLENDINDICES: 1, 0, 0, 0
vb0[641]+072 COLOR: 0.5019607843137255, 0.5019607843137255, 0.0, 0.0
vb0[641]+076 TEXCOORD: 0.277099609375, 0.8134765625
vb0[641]+080 TEXCOORD1: -0.053994014859199524, -0.673041820526123
vb0[641]+088 TEXCOORD2: 0.4111328125, 0.93115234375

vb0[642]+000 POSITION: 0.06957802921533585, -0.06361523270606995, 1.2782834768295288
vb0[642]+012 NORMAL: 0.6815502643585205, 0.41410377621650696, -0.6033300161361694
vb0[642]+024 TANGENT: 0.3255893886089325, 0.5667697787284851, 0.7568114399909973, -1.0
vb0[642]+040 BLENDWEIGHTS: 1.0, 0.0, 0.0, 0.0
vb0[642]+056 BLENDINDICES: 1, 0, 0, 0
vb0[642]+072 COLOR: 0.5019607843137255, 0.5019607843137255, 0.0, 0.0
vb0[642]+076 TEXCOORD: 0.277099609375, 0.81689453125
vb0[642]+080 TEXCOORD1: -5.960464477539063e-08, -2.9802322387695312e-08
vb0[642]+088 TEXCOORD2: 0.413330078125, 0.9306640625

vb0[643]+000 POSITION: 0.07230664789676666, -0.05789169669151306, 1.2903149127960205
vb0[643]+012 NORMAL: 0.7508715391159058, 0.5220533013343811, -0.4045394957065582
vb0[643]+024 TANGENT: 0.22667892277240753, 0.37160423398017883, 0.9002926349639893, -1.0
vb0[643]+040 BLENDWEIGHTS: 1.0, 0.0, 0.0, 0.0
vb0[643]+056 BLENDINDICES: 1, 0, 0, 0
vb0[643]+072 COLOR: 0.5019607843137255, 0.5019607843137255, 0.0, 0.0
vb0[643]+076 TEXCOORD: 0.29150390625, 0.81689453125
vb0[643]+080 TEXCOORD1: -0.6554973125457764, 0.48394760489463806
vb0[643]+088 TEXCOORD2: 0.409912109375, 0.93896484375

vb0[644]+000 POSITION: 0.07437904179096222, -0.06047093868255615, 1.2912523746490479
vb0[644]+012 NORMAL: 0.7508715391159058, 0.5220532417297363, -0.4045394957065582
vb0[644]+024 TANGENT: 0.2313927859067917, 0.36575162410736084, 0.9014894366264343, -1.0
vb0[644]+040 BLENDWEIGHTS: 1.0, 0.0, 0.0, 0.0
vb0[644]+056 BLENDINDICES: 1, 0, 0, 0
vb0[644]+072 COLOR: 0.5019607843137255, 0.5019607843137255, 0.0, 0.0
vb0[644]+076 TEXCOORD: 0.29150390625, 0.8134765625
vb0[644]+080 TEXCOORD1: -0.4231659770011902, -0.5443109273910522
vb0[644]+088 TEXCOORD2: 0.407470703125, 0.93994140625

vb0[645]+000 POSITION: 0.055642712861299515, -0.07976610958576202, 1.2964141368865967
vb0[645]+012 NORMAL: 0.6025124192237854, -0.7920693159103394, 0.09800500422716141
vb0[645]+024 TANGENT: 0.7953305840492249, 0.5856321454048157, -0.1564745455980301, -1.0
vb0[645]+040 BLENDWEIGHTS: 1.0, 0.0, 0.0, 0.0
vb0[645]+056 BLENDINDICES: 1, 0, 0, 0
vb0[645]+072 COLOR: 0.5019607843137255, 0.5019607843137255, 0.0, 0.0
vb0[645]+076 TEXCOORD: 0.36376953125, 0.69970703125
vb0[645]+080 TEXCOORD1: 2.7939677238464355e-09, 0.0
vb0[645]+088 TEXCOORD2: 0.4306640625, 0.943359375

vb0[646]+000 POSITION: 0.04803018644452095, -0.08531052619218826, 1.2774945497512817
vb0[646]+012 NORMAL: 0.5382495522499084, -0.801043689250946, 0.2619473338127136
vb0[646]+024 TANGENT: 0.8424057364463806, 0.5206901431083679, -0.13868801295757294, -1.0
vb0[646]+040 BLENDWEIGHTS: 1.0, 0.0, 0.0, 0.0
vb0[646]+056 BLENDINDICES: 1, 0, 0, 0
vb0[646]+072 COLOR: 0.5019607843137255, 0.5019607843137255, 0.0, 0.0
vb0[646]+076 TEXCOORD: 0.35498046875, 0.71630859375
vb0[646]+080 TEXCOORD1: -2.2351741790771484e-08, 0.0
vb0[646]+088 TEXCOORD2: 0.440185546875, 0.9296875

vb0[647]+000 POSITION: 0.07140327990055084, -0.06528736650943756, 1.2790940999984741
vb0[647]+012 NORMAL: 0.6817111372947693, -0.720164954662323, 0.12896683812141418
vb0[647]+024 TANGENT: 0.730464518070221, 0.6600657105445862, -0.17531336843967438, -1.0
vb0[647]+040 BLENDWEIGHTS: 1.0, 0.0, 0.0, 0.0
vb0[647]+056 BLENDINDICES: 1, 0, 0, 0
vb0[647]+072 COLOR: 0.5019607843137255, 0.5019607843137255, 0.0, 0.0
vb0[647]+076 TEXCOORD: 0.384521484375, 0.7109375
vb0[647]+080 TEXCOORD1: 0.604931116104126, 0.2999315559864044
vb0[647]+088 TEXCOORD2: 0.4111328125, 0.93115234375

vb0[648]+000 POSITION: 0.07108920067548752, -0.05622430518269539, 1.331369400024414
vb0[648]+012 NORMAL: 0.6907859444618225, 0.6415689587593079, 0.3334728181362152
vb0[648]+024 TANGENT: 0.2601199150085449, 0.20981746912002563, -0.942504346370697, -1.0
vb0[648]+040 BLENDWEIGHTS: 1.0, 0.0, 0.0, 0.0
vb0[648]+056 BLENDINDICES: 1, 0, 0, 0
vb0[648]+072 COLOR: 0.5019607843137255, 0.5019607843137255, 0.0, 0.0
vb0[648]+076 TEXCOORD: 0.275634765625, 0.8212890625
vb0[648]+080 TEXCOORD1: -0.008744344115257263, 0.6724381446838379
vb0[648]+088 TEXCOORD2: 0.411376953125, 0.96875

vb0[649]+000 POSITION: 0.06935470551252365, -0.05444560572504997, 1.3314197063446045
vb0[649]+012 NORMAL: 0.6912320256233215, 0.6356152296066284, 0.3437899053096771
vb0[649]+024 TANGENT: 0.26482313871383667, 0.2198365479707718, -0.9389039278030396, -1.0
vb0[649]+040 BLENDWEIGHTS: 1.0, 0.0, 0.0, 0.0
vb0[649]+056 BLENDINDICES: 1, 0, 0, 0
vb0[649]+072 COLOR: 0.5019607843137255, 0.5019607843137255, 0.0, 0.0
vb0[649]+076 TEXCOORD: 0.275634765625, 0.818359375
vb0[649]+080 TEXCOORD1: -2.9802322387695312e-08, -1.5832483768463135e-08
vb0[649]+088 TEXCOORD2: 0.41357421875, 0.96875

vb0[650]+000 POSITION: 0.0630764588713646, -0.060542382299900055, 1.3479429483413696
vb0[650]+012 NORMAL: 0.6619813442230225, 0.42268288135528564, 0.6189666986465454
vb0[650]+024 TANGENT: 0.44327396154403687, 0.4451318383216858, -0.7780526280403137, -1.0
vb0[650]+040 BLENDWEIGHTS: 1.0, 0.0, 0.0, 0.0
vb0[650]+056 BLENDINDICES: 1, 0, 0, 0
vb0[650]+072 COLOR: 0.5019607843137255, 0.5019607843137255, 0.0, 0.0
vb0[650]+076 TEXCOORD: 0.2548828125, 0.818359375
vb0[650]+080 TEXCOORD1: 2.9802322387695312e-08, 7.450580596923828e-09
vb0[650]+088 TEXCOORD2: 0.42138671875, 0.98046875

vb0[651]+000 POSITION: 0.06471595913171768, -0.0627550259232521, 1.3477160930633545
vb0[651]+012 NORMAL: 0.6604631543159485, 0.41741979122161865, 0.6241387128829956
vb0[651]+024 TANGENT: 0.44601452350616455, 0.45059511065483093, -0.7733272910118103, -1.0
vb0[651]+040 BLENDWEIGHTS: 1.0, 0.0, 0.0, 0.0
vb0[651]+056 BLENDINDICES: 1, 0, 0, 0
vb0[651]+072 COLOR: 0.5019607843137255, 0.5019607843137255, 0.0, 0.0
vb0[651]+076 TEXCOORD: 0.2548828125, 0.8212890625
vb0[651]+080 TEXCOORD1: 0.0020475387573242188, 0.6222444772720337
vb0[651]+088 TEXCOORD2: 0.41943359375, 0.98046875

vb0[652]+000 POSITION: 0.06534218788146973, -0.07491567730903625, 1.2703953981399536
vb0[652]+012 NORMAL: 0.5602607131004333, 0.1835210621356964, -0.8077301383018494
vb0[652]+024 TANGENT: 0.5009564161300659, 0.7015203833580017, 0.5068647861480713, -1.0
vb0[652]+040 BLENDWEIGHTS: 1.0, 0.0, 0.0, 0.0
vb0[652]+056 BLENDINDICES: 1, 0, 0, 0
vb0[652]+072 COLOR: 0.5019607843137255, 0.5019607843137255, 0.0, 0.0
vb0[652]+076 TEXCOORD: 0.259521484375, 0.8134765625
vb0[652]+080 TEXCOORD1: 0.001569300889968872, -0.7493516206741333
vb0[652]+088 TEXCOORD2: 0.418701171875, 0.9248046875

vb0[653]+000 POSITION: 0.06306208670139313, -0.07356960326433182, 1.2691845893859863
vb0[653]+012 NORMAL: 0.5443257093429565, 0.13218790292739868, -0.8283935785293579
vb0[653]+024 TANGENT: 0.527845561504364, 0.7135367393493652, 0.4606999456882477, -1.0
vb0[653]+040 BLENDWEIGHTS: 1.0, 0.0, 0.0, 0.0
vb0[653]+056 BLENDINDICES: 1, 0, 0, 0
vb0[653]+072 COLOR: 0.5019607843137255, 0.5019607843137255, 0.0, 0.0
vb0[653]+076 TEXCOORD: 0.259521484375, 0.81689453125
vb0[653]+080 TEXCOORD1: -5.960464477539063e-08, -2.9802322387695312e-08
vb0[653]+088 TEXCOORD2: 0.42138671875, 0.923828125

vb0[654]+000 POSITION: 0.037351932376623154, -0.08405893296003342, 1.3698410987854004
vb0[654]+012 NORMAL: 0.3654617965221405, -0.036932677030563354, 0.9300934076309204
vb0[654]+024 TANGENT: 0.8544003963470459, 0.4098219573497772, -0.31944626569747925, -1.0
vb0[654]+040 BLENDWEIGHTS: 1.0, 0.0, 0.0, 0.0
vb0[654]+056 BLENDINDICES: 1, 0, 0, 0
vb0[654]+072 COLOR: 0.5019607843137255, 0.5019607843137255, 0.0, 0.0
vb0[654]+076 TEXCOORD: 0.2156982421875, 0.8212890625
vb0[654]+080 TEXCOORD1: -0.022395119071006775, 0.6306892037391663
vb0[654]+088 TEXCOORD2: 0.453369140625, 0.99609375

vb0[655]+000 POSITION: 0.03599371016025543, -0.08180097490549088, 1.3702954053878784
vb0[655]+012 NORMAL: 0.3469831943511963, -0.052962884306907654, 0.9363747835159302
vb0[655]+024 TANGENT: 0.868723452091217, 0.3944055140018463, -0.2996061146259308, -1.0
vb0[655]+040 BLENDWEIGHTS: 1.0, 0.0, 0.0, 0.0
vb0[655]+056 BLENDINDICES: 1, 0, 0, 0
vb0[655]+072 COLOR: 0.5019607843137255, 0.5019607843137255, 0.0, 0.0
vb0[655]+076 TEXCOORD: 0.2156982421875, 0.818359375
vb0[655]+080 TEXCOORD1: 0.0, 0.0
vb0[655]+088 TEXCOORD2: 0.455078125, 0.99658203125

vb0[656]+000 POSITION: 0.051054175943136215, -0.072446309030056, 1.362548828125
vb0[656]+012 NORMAL: 0.5252666473388672, 0.1441163420677185, 0.8386450409889221
vb0[656]+024 TANGENT: 0.6902599930763245, 0.5041922926902771, -0.5189715027809143, -1.0
vb0[656]+040 BLENDWEIGHTS: 1.0, 0.0, 0.0, 0.0
vb0[656]+056 BLENDINDICES: 1, 0, 0, 0
vb0[656]+072 COLOR: 0.5019607843137255, 0.5019607843137255, 0.0, 0.0
vb0[656]+076 TEXCOORD: 0.234130859375, 0.818359375
vb0[656]+080 TEXCOORD1: 0.0, 1.4901161193847656e-08
vb0[656]+088 TEXCOORD2: 0.4365234375, 0.99072265625

vb0[657]+000 POSITION: 0.05298905819654465, -0.07480333000421524, 1.361545205116272
vb0[657]+012 NORMAL: 0.5455540418624878, 0.17401309311389923, 0.8198111057281494
vb0[657]+024 TANGENT: 0.6604287624359131, 0.5129554867744446, -0.548370897769928, -1.0
vb0[657]+040 BLENDWEIGHTS: 1.0, 0.0, 0.0, 0.0
vb0[657]+056 BLENDINDICES: 1, 0, 0, 0
vb0[657]+072 COLOR: 0.5019607843137255, 0.5019607843137255, 0.0, 0.0
vb0[657]+076 TEXCOORD: 0.234130859375, 0.8212890625
vb0[657]+080 TEXCOORD1: -0.02738511562347412, 0.6325373649597168
vb0[657]+088 TEXCOORD2: 0.43408203125, 0.990234375

vb0[658]+000 POSITION: 0.028334878385066986, -0.09290048480033875, 1.3001052141189575
vb0[658]+012 NORMAL: 0.31805703043937683, -0.9351657629013062, 0.15589982271194458
vb0[658]+024 TANGENT: 0.9475533962249756, 0.30812016129493713, -0.0848785936832428, -1.0
vb0[658]+040 BLENDWEIGHTS: 1.0, 0.0, 0.0, 0.0
vb0[658]+056 BLENDINDICES: 1, 0, 0, 0
vb0[658]+072 COLOR: 0.5019607843137255, 0.5019607843137255, 0.0, 0.0
vb0[658]+076 TEXCOORD: 0.3369140625, 0.69970703125
vb0[658]+080 TEXCOORD1: 2.7008354663848877e-08, 0.0
vb0[658]+088 TEXCOORD2: 0.464599609375, 0.9462890625

vb0[659]+000 POSITION: 0.055013734847307205, -0.07449502497911453, 1.3230745792388916
vb0[659]+012 NORMAL: 0.6175430417060852, -0.7811011672019958, 0.0923127606511116
vb0[659]+024 TANGENT: 0.7815999388694763, 0.5962956547737122, -0.18312041461467743, -1.0
vb0[659]+040 BLENDWEIGHTS: 1.0, 0.0, 0.0, 0.0
vb0[659]+056 BLENDINDICES: 1, 0, 0, 0
vb0[659]+072 COLOR: 0.5019607843137255, 0.5019607843137255, 0.0, 0.0
vb0[659]+076 TEXCOORD: 0.54638671875, 0.75830078125
vb0[659]+080 TEXCOORD1: 3.3527612686157227e-08, 7.450580596923828e-09
vb0[659]+088 TEXCOORD2: 0.431396484375, 0.96240234375

vb0[660]+000 POSITION: 0.06471595913171768, -0.0627550259232521, 1.3477160930633545
vb0[660]+012 NORMAL: 0.7388989925384521, -0.6731576323509216, 0.029783517122268677
vb0[660]+024 TANGENT: 0.6640539169311523, 0.71998530626297, -0.20162715017795563, -1.0
vb0[660]+040 BLENDWEIGHTS: 1.0, 0.0, 0.0, 0.0
vb0[660]+056 BLENDINDICES: 1, 0, 0, 0
vb0[660]+072 COLOR: 0.5019607843137255, 0.5019607843137255, 0.0, 0.0
vb0[660]+076 TEXCOORD: 0.5615234375, 0.72412109375
vb0[660]+080 TEXCOORD1: 0.39170920848846436, -0.48348334431648254
vb0[660]+088 TEXCOORD2: 0.41943359375, 0.98046875

vb0[661]+000 POSITION: 0.05298905819654465, -0.07480333000421524, 1.361545205116272
vb0[661]+012 NORMAL: 0.5854125618934631, -0.8103708624839783, 0.024315396323800087
vb0[661]+024 TANGENT: 0.8019120097160339, 0.5743679404258728, -0.16443413496017456, -1.0
vb0[661]+040 BLENDWEIGHTS: 1.0, 0.0, 0.0, 0.0
vb0[661]+056 BLENDINDICES: 1, 0, 0, 0
vb0[661]+072 COLOR: 0.5019607843137255, 0.5019607843137255, 0.0, 0.0
vb0[661]+076 TEXCOORD: 0.53662109375, 0.7109375
vb0[661]+080 TEXCOORD1: 0.2600809335708618, -0.5772446990013123
vb0[661]+088 TEXCOORD2: 0.43408203125, 0.990234375

vb0[662]+000 POSITION: 0.037351932376623154, -0.08405893296003342, 1.3698410987854004
vb0[662]+012 NORMAL: 0.4060918986797333, -0.9135450124740601, 0.022910142317414284
vb0[662]+024 TANGENT: 0.9081801772117615, 0.4006693363189697, -0.12113117426633835, -1.0
vb0[662]+040 BLENDWEIGHTS: 1.0, 0.0, 0.0, 0.0
vb0[662]+056 BLENDINDICES: 1, 0, 0, 0
vb0[662]+072 COLOR: 0.5019607843137255, 0.5019607843137255, 0.0, 0.0
vb0[662]+076 TEXCOORD: 0.5126953125, 0.7041015625
vb0[662]+080 TEXCOORD1: 0.1317782700061798, -0.6171748638153076
vb0[662]+088 TEXCOORD2: 0.453369140625, 0.99609375

vb0[663]+000 POSITION: 0.07437904179096222, -0.06047093868255615, 1.2912523746490479
vb0[663]+012 NORMAL: 0.7765538692474365, -0.6184234619140625, 0.12048450857400894
vb0[663]+024 TANGENT: 0.6292499303817749, 0.7516154646873474, -0.19778431951999664, -1.0
vb0[663]+040 BLENDWEIGHTS: 1.0, 0.0, 0.0, 0.0
vb0[663]+056 BLENDINDICES: 1, 0, 0, 0
vb0[663]+072 COLOR: 0.5019607843137255, 0.5019607843137255, 0.0, 0.0
vb0[663]+076 TEXCOORD: 0.388427734375, 0.69970703125
vb0[663]+080 TEXCOORD1: 0.4619969129562378, 0.5948218703269958
vb0[663]+088 TEXCOORD2: 0.407470703125, 0.93994140625

vb0[664]+000 POSITION: 0.07108920067548752, -0.05622430518269539, 1.331369400024414
vb0[664]+012 NORMAL: 0.7341133952140808, -0.6758224964141846, 0.06588991731405258
vb0[664]+024 TANGENT: 0.6711775660514832, 0.7074910998344421, -0.22130753099918365, -1.0
vb0[664]+040 BLENDWEIGHTS: 1.0, 0.0, 0.0, 0.0
vb0[664]+056 BLENDINDICES: 1, 0, 0, 0
vb0[664]+072 COLOR: 0.5019607843137255, 0.5019607843137255, 0.0, 0.0
vb0[664]+076 TEXCOORD: 0.5771484375, 0.74169921875
vb0[664]+080 TEXCOORD1: 0.5700192451477051, -0.35683006048202515
vb0[664]+088 TEXCOORD2: 0.411376953125, 0.96875

vb0[665]+000 POSITION: 0.07424984872341156, -0.055138181895017624, 1.3168432712554932
vb0[665]+012 NORMAL: 0.6756927371025085, 0.7114400863647461, 0.1931120604276657
vb0[665]+024 TANGENT: 0.20736899971961975, 0.06794727593660355, -0.9759002327919006, -1.0
vb0[665]+040 BLENDWEIGHTS: 1.0, 0.0, 0.0, 0.0
vb0[665]+056 BLENDINDICES: 1, 0, 0, 0
vb0[665]+072 COLOR: 0.5019607843137255, 0.5019607843137255, 0.0, 0.0
vb0[665]+076 TEXCOORD: 0.291748046875, 0.8212890625
vb0[665]+080 TEXCOORD1: -0.43348920345306396, 0.4742864668369293
vb0[665]+088 TEXCOORD2: 0.407470703125, 0.9580078125

vb0[666]+000 POSITION: 0.07213922590017319, -0.053181178867816925, 1.3164843320846558
vb0[666]+012 NORMAL: 0.6756926774978638, 0.7114401459693909, 0.1931120902299881
vb0[666]+024 TANGENT: 0.20522458851337433, 0.07006628066301346, -0.9762036800384521, -1.0
vb0[666]+040 BLENDWEIGHTS: 1.0, 0.0, 0.0, 0.0
vb0[666]+056 BLENDINDICES: 1, 0, 0, 0
vb0[666]+072 COLOR: 0.5019607843137255, 0.5019607843137255, 0.0, 0.0
vb0[666]+076 TEXCOORD: 0.291748046875, 0.818359375
vb0[666]+080 TEXCOORD1: -0.5179676413536072, -0.5446775555610657
vb0[666]+088 TEXCOORD2: 0.41015625, 0.9580078125

vb0[667]+000 POSITION: 0.07424984872341156, -0.055138181895017624, 1.3168432712554932
vb0[667]+012 NORMAL: 0.7742284536361694, -0.6207161545753479, 0.12361953407526016
vb0[667]+024 TANGENT: 0.6306962966918945, 0.7403564453125, -0.23258249461650848, -1.0
vb0[667]+040 BLENDWEIGHTS: 1.0, 0.0, 0.0, 0.0
vb0[667]+056 BLENDINDICES: 1, 0, 0, 0
vb0[667]+072 COLOR: 0.5019607843137255, 0.5019607843137255, 0.0, 0.0
vb0[667]+076 TEXCOORD: 0.5859375, 0.75830078125
vb0[667]+080 TEXCOORD1: 0.4736253619194031, -0.6851512789726257
vb0[667]+088 TEXCOORD2: 0.407470703125, 0.9580078125

vb0[668]+000 POSITION: 1.907348590179936e-08, -0.0916573703289032, 1.3746501207351685
vb0[668]+012 NORMAL: -1.8256591260978894e-07, -0.9994804263114929, 0.03223240748047829
vb0[668]+024 TANGENT: 1.0, 0.0, 0.0, -1.0
vb0[668]+040 BLENDWEIGHTS: 1.0, 0.0, 0.0, 0.0
vb0[668]+056 BLENDINDICES: 1, 0, 0, 0
vb0[668]+072 COLOR: 0.5019607843137255, 0.5019607843137255, 0.0, 0.0
vb0[668]+076 TEXCOORD: 0.4677734375, 0.70068359375
vb0[668]+080 TEXCOORD1: -6.758553354302421e-05, -0.6000913977622986
vb0[668]+088 TEXCOORD2: 0.5, 0.99951171875

vb0[669]+000 POSITION: -0.023425493389368057, -0.10879651457071304, 1.2605102062225342
vb0[669]+012 NORMAL: -0.2707569897174835, -0.8278025388717651, 0.49135905504226685
vb0[669]+024 TANGENT: 0.960947573184967, -0.2627412676811218, 0.08687211573123932, -1.0
vb0[669]+040 BLENDWEIGHTS: 1.0, 0.0, 0.0, 0.0
vb0[669]+056 BLENDINDICES: 1, 0, 0, 0
vb0[669]+072 COLOR: 0.5019607843137255, 0.5019607843137255, 0.0, 0.0
vb0[669]+076 TEXCOORD: 0.29443359375, 0.73583984375
vb0[669]+080 TEXCOORD1: -0.09819310903549194, 0.672641396522522
vb0[669]+088 TEXCOORD2: 0.529296875, 0.91748046875

vb0[670]+000 POSITION: -0.025880178436636925, -0.09746477752923965, 1.2787710428237915
vb0[670]+012 NORMAL: -0.3127165138721466, -0.8877292275428772, 0.33785390853881836
vb0[670]+024 TANGENT: 0.9494473934173584, -0.30245327949523926, 0.08409330248832703, -1.0
vb0[670]+040 BLENDWEIGHTS: 1.0, 0.0, 0.0, 0.0
vb0[670]+056 BLENDINDICES: 1, 0, 0, 0
vb0[670]+072 COLOR: 0.5019607843137255, 0.5019607843137255, 0.0, 0.0
vb0[670]+076 TEXCOORD: 0.29150390625, 0.7177734375
vb0[670]+080 TEXCOORD1: -1.30385160446167e-08, 2.9802322387695312e-08
vb0[670]+088 TEXCOORD2: 0.5322265625, 0.9306640625

vb0[671]+000 POSITION: -0.023425493389368057, -0.10879651457071304, 1.2605102062225342
vb0[671]+012 NORMAL: -0.21536396443843842, -0.5140036940574646, -0.8303123116493225
vb0[671]+024 TANGENT: 0.9380367994308472, -0.3452721834182739, -0.02956494688987732, -1.0
vb0[671]+040 BLENDWEIGHTS: 1.0, 0.0, 0.0, 0.0
vb0[671]+056 BLENDINDICES: 1, 0, 0, 0
vb0[671]+072 COLOR: 0.5019607843137255, 0.5019607843137255, 0.0, 0.0
vb0[671]+076 TEXCOORD: 0.1544189453125, 0.8134765625
vb0[671]+080 TEXCOORD1: 0.011800921522080898, -0.6796683073043823
vb0[671]+088 TEXCOORD2: 0.529296875, 0.91748046875

vb0[672]+000 POSITION: -0.02219036966562271, -0.10720890760421753, 1.2592772245407104
vb0[672]+012 NORMAL: -0.18799902498722076, -0.5540463924407959, -0.8109802603721619
vb0[672]+024 TANGENT: 0.9564624428749084, -0.2909514904022217, -0.022951669991016388, -1.0
vb0[672]+040 BLENDWEIGHTS: 1.0, 0.0, 0.0, 0.0
vb0[672]+056 BLENDINDICES: 1, 0, 0, 0
vb0[672]+072 COLOR: 0.5019607843137255, 0.5019607843137255, 0.0, 0.0
vb0[672]+076 TEXCOORD: 0.1544189453125, 0.81689453125
vb0[672]+080 TEXCOORD1: 0.0, -5.960464477539063e-08
vb0[672]+088 TEXCOORD2: 0.52783203125, 0.9169921875

vb0[673]+000 POSITION: -0.019707096740603447, -0.08751505613327026, 1.3741527795791626
vb0[673]+012 NORMAL: -0.16439294815063477, -0.19121794402599335, 0.9676831364631653
vb0[673]+024 TANGENT: 0.9716396331787109, -0.2004418522119522, 0.12545697391033173, -1.0
vb0[673]+040 BLENDWEIGHTS: 1.0, 0.0, 0.0, 0.0
vb0[673]+056 BLENDINDICES: 1, 0, 0, 0
vb0[673]+072 COLOR: 0.5019607843137255, 0.5019607843137255, 0.0, 0.0
vb0[673]+076 TEXCOORD: 0.1602783203125, 0.818359375
vb0[673]+080 TEXCOORD1: -7.450580596923828e-09, -1.4901161193847656e-08
vb0[673]+088 TEXCOORD2: 0.5244140625, 0.9990234375

vb0[674]+000 POSITION: -0.02029310166835785, -0.08974406868219376, 1.3734887838363647
vb0[674]+012 NORMAL: -0.17380525171756744, -0.1849466860294342, 0.9672571420669556
vb0[674]+024 TANGENT: 0.9682968258857727, -0.2110506147146225, 0.1336376816034317, -1.0
vb0[674]+040 BLENDWEIGHTS: 1.0, 0.0, 0.0, 0.0
vb0[674]+056 BLENDINDICES: 1, 0, 0, 0
vb0[674]+072 COLOR: 0.5019607843137255, 0.5019607843137255, 0.0, 0.0
vb0[674]+076 TEXCOORD: 0.1602783203125, 0.8212890625
vb0[674]+080 TEXCOORD1: 0.011016815900802612, 0.6151703596115112
vb0[674]+088 TEXCOORD2: 0.525390625, 0.9990234375

vb0[675]+000 POSITION: -0.02819531410932541, -0.08875081688165665, 1.3274939060211182
vb0[675]+012 NORMAL: -0.3143673837184906, -0.9463108777999878, 0.07529144734144211
vb0[675]+024 TANGENT: 0.9466321468353271, -0.3065524697303772, 0.09956463426351547, -1.0
vb0[675]+040 BLENDWEIGHTS: 1.0, 0.0, 0.0, 0.0
vb0[675]+056 BLENDINDICES: 1, 0, 0, 0
vb0[675]+072 COLOR: 0.5019607843137255, 0.5019607843137255, 0.0, 0.0
vb0[675]+076 TEXCOORD: 0.43017578125, 0.75830078125
vb0[675]+080 TEXCOORD1: 3.818422555923462e-08, 7.450580596923828e-09
vb0[675]+088 TEXCOORD2: 0.53515625, 0.9658203125

vb0[676]+000 POSITION: -0.02029310166835785, -0.08974406868219376, 1.3734887838363647
vb0[676]+012 NORMAL: -0.19941996037960052, -0.979514479637146, 0.027986284345388412
vb0[676]+024 TANGENT: 0.978527843952179, -0.19753792881965637, 0.05883972346782684, -1.0
vb0[676]+040 BLENDWEIGHTS: 1.0, 0.0, 0.0, 0.0
vb0[676]+056 BLENDINDICES: 1, 0, 0, 0
vb0[676]+072 COLOR: 0.5019607843137255, 0.5019607843137255, 0.0, 0.0
vb0[676]+076 TEXCOORD: 0.444580078125, 0.70166015625
vb0[676]+080 TEXCOORD1: -0.04860108718276024, -0.6133464574813843
vb0[676]+088 TEXCOORD2: 0.525390625, 0.9990234375

vb0[677]+000 POSITION: -0.040417689830064774, -0.10007903724908829, 1.2614940404891968
vb0[677]+012 NORMAL: -0.336366206407547, -0.31840193271636963, -0.8862718939781189
vb0[677]+024 TANGENT: 0.8152909874916077, -0.5694825053215027, -0.10483463853597641, -1.0
vb0[677]+040 BLENDWEIGHTS: 1.0, 0.0, 0.0, 0.0
vb0[677]+056 BLENDINDICES: 1, 0, 0, 0
vb0[677]+072 COLOR: 0.5019607843137255, 0.5019607843137255, 0.0, 0.0
vb0[677]+076 TEXCOORD: 0.134765625, 0.8134765625
vb0[677]+080 TEXCOORD1: 0.018376346677541733, -0.7113320827484131
vb0[677]+088 TEXCOORD2: 0.55029296875, 0.91845703125

vb0[678]+000 POSITION: -0.05485696718096733, -0.08804132044315338, 1.2642625570297241
vb0[678]+012 NORMAL: -0.4500619173049927, -0.10325681418180466, -0.887007474899292
vb0[678]+024 TANGENT: 0.6682463884353638, -0.6978330612182617, -0.2578289806842804, -1.0
vb0[678]+040 BLENDWEIGHTS: 1.0, 0.0, 0.0, 0.0
vb0[678]+056 BLENDINDICES: 1, 0, 0, 0
vb0[678]+072 COLOR: 0.5019607843137255, 0.5019607843137255, 0.0, 0.0
vb0[678]+076 TEXCOORD: 0.114990234375, 0.8134765625
vb0[678]+080 TEXCOORD1: 0.00553593784570694, -0.7281996011734009
vb0[678]+088 TEXCOORD2: 0.568359375, 0.92041015625

vb0[679]+000 POSITION: -0.05298099294304848, -0.08642285317182541, 1.263109803199768
vb0[679]+012 NORMAL: -0.4377244710922241, -0.128843754529953, -0.8898295164108276
vb0[679]+024 TANGENT: 0.6857192516326904, -0.6879573464393616, -0.23770521581172943, -1.0
vb0[679]+040 BLENDWEIGHTS: 1.0, 0.0, 0.0, 0.0
vb0[679]+056 BLENDINDICES: 1, 0, 0, 0
vb0[679]+072 COLOR: 0.5019607843137255, 0.5019607843137255, 0.0, 0.0
vb0[679]+076 TEXCOORD: 0.114990234375, 0.81689453125
vb0[679]+080 TEXCOORD1: 0.0, -2.9802322387695312e-08
vb0[679]+088 TEXCOORD2: 0.56591796875, 0.91943359375

vb0[680]+000 POSITION: -0.03876443952322006, -0.0986117497086525, 1.260317325592041
vb0[680]+012 NORMAL: -0.3177240192890167, -0.3503110408782959, -0.8810979723930359
vb0[680]+024 TANGENT: 0.8386341333389282, -0.537417471408844, -0.08874263614416122, -1.0
vb0[680]+040 BLENDWEIGHTS: 1.0, 0.0, 0.0, 0.0
vb0[680]+056 BLENDINDICES: 1, 0, 0, 0
vb0[680]+072 COLOR: 0.5019607843137255, 0.5019607843137255, 0.0, 0.0
vb0[680]+076 TEXCOORD: 0.134765625, 0.81689453125
vb0[680]+080 TEXCOORD1: 7.450580596923828e-09, 0.0
vb0[680]+088 TEXCOORD2: 0.54833984375, 0.91748046875

vb0[681]+000 POSITION: -0.07140325754880905, -0.06528736650943756, 1.2790940999984741
vb0[681]+012 NORMAL: -0.6938220262527466, 0.4309755861759186, -0.5769497752189636
vb0[681]+024 TANGENT: 0.31035369634628296, -0.5439969897270203, -0.7795819640159607, -1.0
vb0[681]+040 BLENDWEIGHTS: 1.0, 0.0, 0.0, 0.0
vb0[681]+056 BLENDINDICES: 1, 0, 0, 0
vb0[681]+072 COLOR: 0.5019607843137255, 0.5019607843137255, 0.0, 0.0
vb0[681]+076 TEXCOORD: 0.08294677734375, 0.8134765625
vb0[681]+080 TEXCOORD1: 0.0539938360452652, -0.6730395555496216
vb0[681]+088 TEXCOORD2: 0.5888671875, 0.93115234375

vb0[682]+000 POSITION: -0.07437904179096222, -0.06047091260552406, 1.2912523746490479
vb0[682]+012 NORMAL: -0.7508679628372192, 0.5220579504966736, -0.4045402705669403
vb0[682]+024 TANGENT: 0.2313927859067917, -0.36575138568878174, -0.9014895558357239, -1.0
vb0[682]+040 BLENDWEIGHTS: 1.0, 0.0, 0.0, 0.0
vb0[682]+056 BLENDINDICES: 1, 0, 0, 0
vb0[682]+072 COLOR: 0.5019607843137255, 0.5019607843137255, 0.0, 0.0
vb0[682]+076 TEXCOORD: 0.06884765625, 0.8134765625
vb0[682]+080 TEXCOORD1: 0.42316657304763794, -0.5443136692047119
vb0[682]+088 TEXCOORD2: 0.5927734375, 0.93994140625

vb0[683]+000 POSITION: -0.07230661064386368, -0.05789171904325485, 1.2903149127960205
vb0[683]+012 NORMAL: -0.7508679628372192, 0.5220580101013184, -0.4045403003692627
vb0[683]+024 TANGENT: 0.2266789674758911, -0.3716038763523102, -0.9002928137779236, -1.0
vb0[683]+040 BLENDWEIGHTS: 1.0, 0.0, 0.0, 0.0
vb0[683]+056 BLENDINDICES: 1, 0, 0, 0
vb0[683]+072 COLOR: 0.5019607843137255, 0.5019607843137255, 0.0, 0.0
vb0[683]+076 TEXCOORD: 0.06884765625, 0.81689453125
vb0[683]+080 TEXCOORD1: 0.6554965972900391, 0.48394614458084106
vb0[683]+088 TEXCOORD2: 0.58984375, 0.93896484375

vb0[684]+000 POSITION: -0.06957801431417465, -0.06361521780490875, 1.2782834768295288
vb0[684]+012 NORMAL: -0.6815564036369324, 0.4140983521938324, -0.6033269762992859
vb0[684]+024 TANGENT: 0.32558852434158325, -0.5667693614959717, -0.7568121552467346, -1.0
vb0[684]+040 BLENDWEIGHTS: 1.0, 0.0, 0.0, 0.0
vb0[684]+056 BLENDINDICES: 1, 0, 0, 0
vb0[684]+072 COLOR: 0.5019607843137255, 0.5019607843137255, 0.0, 0.0
vb0[684]+076 TEXCOORD: 0.08294677734375, 0.81689453125
vb0[684]+080 TEXCOORD1: 0.0, 0.0
vb0[684]+088 TEXCOORD2: 0.58642578125, 0.9306640625

vb0[685]+000 POSITION: -0.055642660707235336, -0.07976610958576202, 1.2964141368865967
vb0[685]+012 NORMAL: -0.6025121808052063, -0.7920695543289185, 0.09800518304109573
vb0[685]+024 TANGENT: 0.7953044176101685, -0.5855636596679688, 0.15686286985874176, -1.0
vb0[685]+040 BLENDWEIGHTS: 1.0, 0.0, 0.0, 0.0
vb0[685]+056 BLENDINDICES: 1, 0, 0, 0
vb0[685]+072 COLOR: 0.5019607843137255, 0.5019607843137255, 0.0, 0.0
vb0[685]+076 TEXCOORD: 0.261962890625, 0.69970703125
vb0[685]+080 TEXCOORD1: -9.220093488693237e-08, 0.0
vb0[685]+088 TEXCOORD2: 0.5693359375, 0.943359375

vb0[686]+000 POSITION: -0.07140325754880905, -0.06528736650943756, 1.2790940999984741
vb0[686]+012 NORMAL: -0.6817110180854797, -0.720164954662323, 0.12896747887134552
vb0[686]+024 TANGENT: 0.730445384979248, -0.6599656939506531, 0.17576910555362701, -1.0
vb0[686]+040 BLENDWEIGHTS: 1.0, 0.0, 0.0, 0.0
vb0[686]+056 BLENDINDICES: 1, 0, 0, 0
vb0[686]+072 COLOR: 0.5019607843137255, 0.5019607843137255, 0.0, 0.0
vb0[686]+076 TEXCOORD: 0.2412109375, 0.7109375
vb0[686]+080 TEXCOORD1: -0.6050692796707153, 0.29964762926101685
vb0[686]+088 TEXCOORD2: 0.5888671875, 0.93115234375

vb0[687]+000 POSITION: -0.048030175268650055, -0.08531052619218826, 1.2774945497512817
vb0[687]+012 NORMAL: -0.5382497310638428, -0.8010434508323669, 0.26194772124290466
vb0[687]+024 TANGENT: 0.8424168229103088, -0.5205584168434143, 0.13911442458629608, -1.0
vb0[687]+040 BLENDWEIGHTS: 1.0, 0.0, 0.0, 0.0
vb0[687]+056 BLENDINDICES: 1, 0, 0, 0
vb0[687]+072 COLOR: 0.5019607843137255, 0.5019607843137255, 0.0, 0.0
vb0[687]+076 TEXCOORD: 0.2705078125, 0.71630859375
vb0[687]+080 TEXCOORD1: 1.1175870895385742e-08, 2.9802322387695312e-08
vb0[687]+088 TEXCOORD2: 0.5595703125, 0.9296875

vb0[688]+000 POSITION: -0.07108917087316513, -0.05622429773211479, 1.331369400024414
vb0[688]+012 NORMAL: -0.6907873153686523, 0.6415671110153198, 0.3334733843803406
vb0[688]+024 TANGENT: 0.2601204514503479, -0.20981758832931519, 0.9425041079521179, -1.0
vb0[688]+040 BLENDWEIGHTS: 1.0, 0.0, 0.0, 0.0
vb0[688]+056 BLENDINDICES: 1, 0, 0, 0
vb0[688]+072 COLOR: 0.5019607843137255, 0.5019607843137255, 0.0, 0.0
vb0[688]+076 TEXCOORD: 0.08355712890625, 0.8212890625
vb0[688]+080 TEXCOORD1: 0.008744850754737854, 0.6724372506141663
vb0[688]+088 TEXCOORD2: 0.58837890625, 0.96875

vb0[689]+000 POSITION: -0.0647159144282341, -0.0627550333738327, 1.3477160930633545
vb0[689]+012 NORMAL: -0.6604593396186829, 0.4174247980117798, 0.6241393685340881
vb0[689]+024 TANGENT: 0.45120492577552795, -0.4437759220600128, 0.7742590308189392, -1.0
vb0[689]+040 BLENDWEIGHTS: 1.0, 0.0, 0.0, 0.0
vb0[689]+056 BLENDINDICES: 1, 0, 0, 0
vb0[689]+072 COLOR: 0.5019607843137255, 0.5019607843137255, 0.0, 0.0
vb0[689]+076 TEXCOORD: 0.100341796875, 0.8212890625
vb0[689]+080 TEXCOORD1: -0.007411569356918335, 0.6222062706947327
vb0[689]+088 TEXCOORD2: 0.58056640625, 0.98046875

vb0[690]+000 POSITION: -0.0630764365196228, -0.060542378574609756, 1.3479429483413696
vb0[690]+012 NORMAL: -0.6619779467582703, 0.422688364982605, 0.6189666390419006
vb0[690]+024 TANGENT: 0.44821634888648987, -0.4386404752731323, 0.778907299041748, -1.0
vb0[690]+040 BLENDWEIGHTS: 1.0, 0.0, 0.0, 0.0
vb0[690]+056 BLENDINDICES: 1, 0, 0, 0
vb0[690]+072 COLOR: 0.5019607843137255, 0.5019607843137255, 0.0, 0.0
vb0[690]+076 TEXCOORD: 0.100341796875, 0.818359375
vb0[690]+080 TEXCOORD1: 2.9802322387695312e-08, -3.725290298461914e-09
vb0[690]+088 TEXCOORD2: 0.57861328125, 0.98046875

vb0[691]+000 POSITION: -0.06935470551252365, -0.05444560945034027, 1.3314197063446045
vb0[691]+012 NORMAL: -0.6912336349487305, 0.6356133222579956, 0.3437904119491577
vb0[691]+024 TANGENT: 0.26482343673706055, -0.21983683109283447, 0.93890380859375, -1.0
vb0[691]+040 BLENDWEIGHTS: 1.0, 0.0, 0.0, 0.0
vb0[691]+056 BLENDINDICES: 1, 0, 0, 0
vb0[691]+072 COLOR: 0.5019607843137255, 0.5019607843137255, 0.0, 0.0
vb0[691]+076 TEXCOORD: 0.08355712890625, 0.818359375
vb0[691]+080 TEXCOORD1: 2.9802322387695312e-08, 7.450580596923828e-09
vb0[691]+088 TEXCOORD2: 0.58642578125, 0.96875

vb0[692]+000 POSITION: -0.06306205689907074, -0.07356961071491241, 1.2691844701766968
vb0[692]+012 NORMAL: -0.5443398356437683, 0.1321694552898407, -0.8283871412277222
vb0[692]+024 TANGENT: 0.5278476476669312, -0.7135364413261414, -0.4606979191303253, -1.0
vb0[692]+040 BLENDWEIGHTS: 1.0, 0.0, 0.0, 0.0
vb0[692]+056 BLENDINDICES: 1, 0, 0, 0
vb0[692]+072 COLOR: 0.5019607843137255, 0.5019607843137255, 0.0, 0.0
vb0[692]+076 TEXCOORD: 0.09783935546875, 0.81689453125
vb0[692]+080 TEXCOORD1: -2.9802322387695312e-08, -5.960464477539063e-08
vb0[692]+088 TEXCOORD2: 0.57861328125, 0.923828125

vb0[693]+000 POSITION: -0.06534218043088913, -0.07491566240787506, 1.2703955173492432
vb0[693]+012 NORMAL: -0.5602761507034302, 0.18350806832313538, -0.807722270488739
vb0[693]+024 TANGENT: 0.5009558200836182, -0.7015189528465271, -0.5068672895431519, -1.0
vb0[693]+040 BLENDWEIGHTS: 1.0, 0.0, 0.0, 0.0
vb0[693]+056 BLENDINDICES: 1, 0, 0, 0
vb0[693]+072 COLOR: 0.5019607843137255, 0.5019607843137255, 0.0, 0.0
vb0[693]+076 TEXCOORD: 0.09783935546875, 0.8134765625
vb0[693]+080 TEXCOORD1: -0.001571163535118103, -0.7493448853492737
vb0[693]+088 TEXCOORD2: 0.58154296875, 0.9248046875

vb0[694]+000 POSITION: -0.03735192120075226, -0.08405894041061401, 1.3698410987854004
vb0[694]+012 NORMAL: -0.36545440554618835, -0.03692074492573738, 0.9300968050956726
vb0[694]+024 TANGENT: 0.8567819595336914, -0.4038948118686676, 0.32061460614204407, -1.0
vb0[694]+040 BLENDWEIGHTS: 1.0, 0.0, 0.0, 0.0
vb0[694]+056 BLENDINDICES: 1, 0, 0, 0
vb0[694]+072 COLOR: 0.5019607843137255, 0.5019607843137255, 0.0, 0.0
vb0[694]+076 TEXCOORD: 0.141845703125, 0.8212890625
vb0[694]+080 TEXCOORD1: 0.0182989239692688, 0.6308267712593079
vb0[694]+088 TEXCOORD2: 0.54638671875, 0.99609375

vb0[695]+000 POSITION: -0.035993680357933044, -0.08180097490549088, 1.3702954053878784
vb0[695]+012 NORMAL: -0.3469766080379486, -0.052953220903873444, 0.9363777041435242
vb0[695]+024 TANGENT: 0.8698880672454834, -0.39137041568756104, 0.30020633339881897, -1.0
vb0[695]+040 BLENDWEIGHTS: 1.0, 0.0, 0.0, 0.0
vb0[695]+056 BLENDINDICES: 1, 0, 0, 0
vb0[695]+072 COLOR: 0.5019607843137255, 0.5019607843137255, 0.0, 0.0
vb0[695]+076 TEXCOORD: 0.141845703125, 0.818359375
vb0[695]+080 TEXCOORD1: 0.0, 0.0
vb0[695]+088 TEXCOORD2: 0.544921875, 0.99658203125

vb0[696]+000 POSITION: -0.05298902466893196, -0.07480333000421524, 1.3615453243255615
vb0[696]+012 NORMAL: -0.5455420613288879, 0.17402923107147217, 0.8198155760765076
vb0[696]+024 TANGENT: 0.6504576206207275, -0.5289126038551331, 0.5451205372810364, -1.0
vb0[696]+040 BLENDWEIGHTS: 1.0, 0.0, 0.0, 0.0
vb0[696]+056 BLENDINDICES: 1, 0, 0, 0
vb0[696]+072 COLOR: 0.5019607843137255, 0.5019607843137255, 0.0, 0.0
vb0[696]+076 TEXCOORD: 0.12066650390625, 0.8212890625
vb0[696]+080 TEXCOORD1: 0.039457738399505615, 0.6319068670272827
vb0[696]+088 TEXCOORD2: 0.56591796875, 0.990234375

vb0[697]+000 POSITION: -0.05105414241552353, -0.0724463164806366, 1.362548828125
vb0[697]+012 NORMAL: -0.5252562761306763, 0.1441361904144287, 0.8386481404304504
vb0[697]+024 TANGENT: 0.6803802847862244, -0.5207720398902893, 0.5156347751617432, -1.0
vb0[697]+040 BLENDWEIGHTS: 1.0, 0.0, 0.0, 0.0
vb0[697]+056 BLENDINDICES: 1, 0, 0, 0
vb0[697]+072 COLOR: 0.5019607843137255, 0.5019607843137255, 0.0, 0.0
vb0[697]+076 TEXCOORD: 0.12066650390625, 0.818359375
vb0[697]+080 TEXCOORD1: 2.9802322387695312e-08, 0.0
vb0[697]+088 TEXCOORD2: 0.5634765625, 0.99072265625

vb0[698]+000 POSITION: -0.02833486534655094, -0.09290048480033875, 1.3001052141189575
vb0[698]+012 NORMAL: -0.31805717945098877, -0.9351656436920166, 0.15589986741542816
vb0[698]+024 TANGENT: 0.9475545883178711, -0.3081270158290863, 0.08484122157096863, -1.0
vb0[698]+040 BLENDWEIGHTS: 1.0, 0.0, 0.0, 0.0
vb0[698]+056 BLENDINDICES: 1, 0, 0, 0
vb0[698]+072 COLOR: 0.5019607843137255, 0.5019607843137255, 0.0, 0.0
vb0[698]+076 TEXCOORD: 0.28857421875, 0.69970703125
vb0[698]+080 TEXCOORD1: -4.0978193283081055e-08, 0.0
vb0[698]+088 TEXCOORD2: 0.53515625, 0.9462890625

vb0[699]+000 POSITION: -0.05501370131969452, -0.07449502497911453, 1.3230745792388916
vb0[699]+012 NORMAL: -0.6175429821014404, -0.7811011672019958, 0.09231273084878922
vb0[699]+024 TANGENT: 0.7815802097320557, -0.5962540507316589, 0.18333980441093445, -1.0
vb0[699]+040 BLENDWEIGHTS: 1.0, 0.0, 0.0, 0.0
vb0[699]+056 BLENDINDICES: 1, 0, 0, 0
vb0[699]+072 COLOR: 0.5019607843137255, 0.5019607843137255, 0.0, 0.0
vb0[699]+076 TEXCOORD: 0.388916015625, 0.75830078125
vb0[699]+080 TEXCOORD1: -5.21540641784668e-08, -7.450580596923828e-09
vb0[699]+088 TEXCOORD2: 0.568359375, 0.96240234375

vb0[700]+000 POSITION: -0.05298902466893196, -0.07480333000421524, 1.3615453243255615
vb0[700]+012 NORMAL: -0.5854130387306213, -0.8103704452514648, 0.02431543357670307
vb0[700]+024 TANGENT: 0.8018710017204285, -0.5743290185928345, 0.16476988792419434, -1.0
vb0[700]+040 BLENDWEIGHTS: 1.0, 0.0, 0.0, 0.0
vb0[700]+056 BLENDINDICES: 1, 0, 0, 0
vb0[700]+072 COLOR: 0.5019607843137255, 0.5019607843137255, 0.0, 0.0
vb0[700]+076 TEXCOORD: 0.39892578125, 0.7109375
vb0[700]+080 TEXCOORD1: -0.2598857283592224, -0.5773410201072693
vb0[700]+088 TEXCOORD2: 0.56591796875, 0.990234375

vb0[701]+000 POSITION: -0.0647159144282341, -0.0627550333738327, 1.3477160930633545
vb0[701]+012 NORMAL: -0.7388991117477417, -0.6731575131416321, 0.02978336252272129
vb0[701]+024 TANGENT: 0.6639997363090515, -0.71990567445755, 0.2020893394947052, -1.0
vb0[701]+040 BLENDWEIGHTS: 1.0, 0.0, 0.0, 0.0
vb0[701]+056 BLENDINDICES: 1, 0, 0, 0
vb0[701]+072 COLOR: 0.5019607843137255, 0.5019607843137255, 0.0, 0.0
vb0[701]+076 TEXCOORD: 0.374267578125, 0.72412109375
vb0[701]+080 TEXCOORD1: -0.3914825916290283, -0.4836702048778534
vb0[701]+088 TEXCOORD2: 0.58056640625, 0.98046875

vb0[702]+000 POSITION: -0.03735192120075226, -0.08405894041061401, 1.3698410987854004
vb0[702]+012 NORMAL: -0.4060918688774109, -0.9135450124740601, 0.022910090163350105
vb0[702]+024 TANGENT: 0.9081827402114868, -0.4006710350513458, 0.1211063340306282, -1.0
vb0[702]+040 BLENDWEIGHTS: 1.0, 0.0, 0.0, 0.0
vb0[702]+056 BLENDINDICES: 1, 0, 0, 0
vb0[702]+072 COLOR: 0.5019607843137255, 0.5019607843137255, 0.0, 0.0
vb0[702]+076 TEXCOORD: 0.423095703125, 0.7041015625
vb0[702]+080 TEXCOORD1: -0.13179299235343933, -0.617177426815033
vb0[702]+088 TEXCOORD2: 0.54638671875, 0.99609375

vb0[703]+000 POSITION: -0.07437904179096222, -0.06047091260552406, 1.2912523746490479
vb0[703]+012 NORMAL: -0.7765535116195679, -0.6184240579605103, 0.12048409134149551
vb0[703]+024 TANGENT: 0.6292505264282227, -0.7516151070594788, 0.19778397679328918, -1.0
vb0[703]+040 BLENDWEIGHTS: 1.0, 0.0, 0.0, 0.0
vb0[703]+056 BLENDINDICES: 1, 0, 0, 0
vb0[703]+072 COLOR: 0.5019607843137255, 0.5019607843137255, 0.0, 0.0
vb0[703]+076 TEXCOORD: 0.2374267578125, 0.69970703125
vb0[703]+080 TEXCOORD1: -0.46199822425842285, 0.5948224067687988
vb0[703]+088 TEXCOORD2: 0.5927734375, 0.93994140625

vb0[704]+000 POSITION: -0.07108917087316513, -0.05622429773211479, 1.331369400024414
vb0[704]+012 NORMAL: -0.7341132164001465, -0.6758225560188293, 0.06589103490114212
vb0[704]+024 TANGENT: 0.67115318775177, -0.7074414491653442, 0.22153988480567932, -1.0
vb0[704]+040 BLENDWEIGHTS: 1.0, 0.0, 0.0, 0.0
vb0[704]+056 BLENDINDICES: 1, 0, 0, 0
vb0[704]+072 COLOR: 0.5019607843137255, 0.5019607843137255, 0.0, 0.0
vb0[704]+076 TEXCOORD: 0.3583984375, 0.74169921875
vb0[704]+080 TEXCOORD1: -0.5699330568313599, -0.35696589946746826
vb0[704]+088 TEXCOORD2: 0.58837890625, 0.96875

vb0[705]+000 POSITION: -0.07424985617399216, -0.055138181895017624, 1.3168432712554932
vb0[705]+012 NORMAL: -0.6756920218467712, 0.7114406228065491, 0.19311276078224182
vb0[705]+024 TANGENT: 0.20737382769584656, -0.06794355809688568, 0.9758995175361633, -1.0
vb0[705]+040 BLENDWEIGHTS: 1.0, 0.0, 0.0, 0.0
vb0[705]+056 BLENDINDICES: 1, 0, 0, 0
vb0[705]+072 COLOR: 0.5019607843137255, 0.5019607843137255, 0.0, 0.0
vb0[705]+076 TEXCOORD: 0.0689697265625, 0.8212890625
vb0[705]+080 TEXCOORD1: 0.43348610401153564, 0.4742897152900696
vb0[705]+088 TEXCOORD2: 0.59228515625, 0.9580078125

vb0[706]+000 POSITION: -0.07213922590017319, -0.05318119004368782, 1.3164843320846558
vb0[706]+012 NORMAL: -0.6756919622421265, 0.7114406228065491, 0.19311274588108063
vb0[706]+024 TANGENT: 0.2052290290594101, -0.07006295770406723, 0.9762029051780701, -1.0
vb0[706]+040 BLENDWEIGHTS: 1.0, 0.0, 0.0, 0.0
vb0[706]+056 BLENDINDICES: 1, 0, 0, 0
vb0[706]+072 COLOR: 0.5019607843137255, 0.5019607843137255, 0.0, 0.0
vb0[706]+076 TEXCOORD: 0.0689697265625, 0.818359375
vb0[706]+080 TEXCOORD1: 0.5179706811904907, -0.5446739792823792
vb0[706]+088 TEXCOORD2: 0.58984375, 0.9580078125

vb0[707]+000 POSITION: -0.07424985617399216, -0.055138181895017624, 1.3168432712554932
vb0[707]+012 NORMAL: -0.774228036403656, -0.6207166314125061, 0.12361974269151688
vb0[707]+024 TANGENT: 0.6306967735290527, -0.7403564453125, 0.23258069157600403, -1.0
vb0[707]+040 BLENDWEIGHTS: 1.0, 0.0, 0.0, 0.0
vb0[707]+056 BLENDINDICES: 1, 0, 0, 0
vb0[707]+072 COLOR: 0.5019607843137255, 0.5019607843137255, 0.0, 0.0
vb0[707]+076 TEXCOORD: 0.349365234375, 0.75830078125
vb0[707]+080 TEXCOORD1: -0.4736263155937195, -0.6851505637168884
vb0[707]+088 TEXCOORD2: 0.59228515625, 0.9580078125

vb0[708]+000 POSITION: 9.53674295089968e-09, -0.09654175490140915, 1.3012588024139404
vb0[708]+012 NORMAL: 0.0, -0.9836713671684265, 0.17997388541698456
vb0[708]+024 TANGENT: 1.0, 0.0, 0.0, -1.0
vb0[708]+040 BLENDWEIGHTS: 1.0, 0.0, 0.0, 0.0
vb0[708]+056 BLENDINDICES: 1, 0, 0, 0
vb0[708]+072 COLOR: 0.5019607843137255, 0.5019607843137255, 0.0, 0.0
vb0[708]+076 TEXCOORD: 0.312744140625, 0.69970703125
vb0[708]+080 TEXCOORD1: 1.99088390218094e-09, 0.0
vb0[708]+088 TEXCOORD2: 0.5, 0.94677734375

vb0[709]+000 POSITION: 0.040417660027742386, -0.10007902979850769, 1.2614940404891968
vb0[709]+012 NORMAL: 0.44582945108413696, -0.768193244934082, 0.4594728648662567
vb0[709]+024 TANGENT: 0.8882297873497009, 0.4432257115840912, -0.12082546204328537, -1.0
vb0[709]+040 BLENDWEIGHTS: 1.0, 0.0, 0.0, 0.0
vb0[709]+056 BLENDINDICES: 1, 0, 0, 0
vb0[709]+072 COLOR: 0.5019607843137255, 0.5019607843137255, 0.0, 0.0
vb0[709]+076 TEXCOORD: 0.34619140625, 0.73291015625
vb0[709]+080 TEXCOORD1: 0.1883884221315384, 0.686177134513855
vb0[709]+088 TEXCOORD2: 0.44970703125, 0.91845703125

vb0[710]+000 POSITION: -0.040417689830064774, -0.10007903724908829, 1.2614940404891968
vb0[710]+012 NORMAL: -0.445829302072525, -0.7681928873062134, 0.45947349071502686
vb0[710]+024 TANGENT: 0.8882327675819397, -0.4432133436203003, 0.1208488866686821, -1.0
vb0[710]+040 BLENDWEIGHTS: 1.0, 0.0, 0.0, 0.0
vb0[710]+056 BLENDINDICES: 1, 0, 0, 0
vb0[710]+072 COLOR: 0.5019607843137255, 0.5019607843137255, 0.0, 0.0
vb0[710]+076 TEXCOORD: 0.279296875, 0.73291015625
vb0[710]+080 TEXCOORD1: -0.1884077787399292, 0.6861733198165894
vb0[710]+088 TEXCOORD2: 0.55029296875, 0.91845703125

vb0[711]+000 POSITION: 0.06534218788146973, -0.07491567730903625, 1.2703953981399536
vb0[711]+012 NORMAL: 0.5867394208908081, -0.704504668712616, 0.399262011051178
vb0[711]+024 TANGENT: 0.8003153800964355, 0.5796460509300232, -0.15331588685512543, -1.0
vb0[711]+040 BLENDWEIGHTS: 1.0, 0.0, 0.0, 0.0
vb0[711]+056 BLENDINDICES: 1, 0, 0, 0
vb0[711]+072 COLOR: 0.5019607843137255, 0.5019607843137255, 0.0, 0.0
vb0[711]+076 TEXCOORD: 0.375732421875, 0.7197265625
vb0[711]+080 TEXCOORD1: 0.512406051158905, 0.5467817783355713
vb0[711]+088 TEXCOORD2: 0.418701171875, 0.9248046875

vb0[712]+000 POSITION: 0.054857004433870316, -0.08804132044315338, 1.2642625570297241
vb0[712]+012 NORMAL: 0.5589047074317932, -0.7064915299415588, 0.434160441160202
vb0[712]+024 TANGENT: 0.8182873129844666, 0.5546764731407166, -0.1507975459098816, -1.0
vb0[712]+040 BLENDWEIGHTS: 1.0, 0.0, 0.0, 0.0
vb0[712]+056 BLENDINDICES: 1, 0, 0, 0
vb0[712]+072 COLOR: 0.5019607843137255, 0.5019607843137255, 0.0, 0.0
vb0[712]+076 TEXCOORD: 0.362060546875, 0.72802734375
vb0[712]+080 TEXCOORD1: 0.3244848847389221, 0.6519367694854736
vb0[712]+088 TEXCOORD2: 0.431640625, 0.92041015625

vb0[713]+000 POSITION: -0.06534218043088913, -0.07491566240787506, 1.2703955173492432
vb0[713]+012 NORMAL: -0.5867388248443604, -0.7045042514801025, 0.399263471364975
vb0[713]+024 TANGENT: 0.8004357814788818, -0.5792456269264221, 0.15419802069664001, -1.0
vb0[713]+040 BLENDWEIGHTS: 1.0, 0.0, 0.0, 0.0
vb0[713]+056 BLENDINDICES: 1, 0, 0, 0
vb0[713]+072 COLOR: 0.5019607843137255, 0.5019607843137255, 0.0, 0.0
vb0[713]+076 TEXCOORD: 0.25, 0.7197265625
vb0[713]+080 TEXCOORD1: -0.5129365921020508, 0.5462750196456909
vb0[713]+088 TEXCOORD2: 0.58154296875, 0.9248046875

vb0[714]+000 POSITION: -0.05485696718096733, -0.08804132044315338, 1.2642625570297241
vb0[714]+012 NORMAL: -0.5589052438735962, -0.7064916491508484, 0.4341594874858856
vb0[714]+024 TANGENT: 0.8184093236923218, -0.5542750358581543, 0.1516091376543045, -1.0
vb0[714]+040 BLENDWEIGHTS: 1.0, 0.0, 0.0, 0.0
vb0[714]+056 BLENDINDICES: 1, 0, 0, 0
vb0[714]+072 COLOR: 0.5019607843137255, 0.5019607843137255, 0.0, 0.0
vb0[714]+076 TEXCOORD: 0.263671875, 0.72802734375
vb0[714]+080 TEXCOORD1: -0.32507866621017456, 0.6516357660293579
vb0[714]+088 TEXCOORD2: 0.568359375, 0.92041015625
