byte offset: 0
first index: 0
index count: 64878
topology: trianglelist
format: DXGI_FORMAT_R16_UINT

0 1 2
0 2 3
4 5 6
4 6 7
8 9 10
11 12 13
11 13 14
15 16 17
18 19 20
18 20 21
22 23 24
25 26 27
25 27 28
29 30 31
29 31 32
33 34 31
33 31 35
36 34 37
36 37 38
39 40 41
39 41 42
43 44 45
43 45 46
47 48 49
47 49 50
51 52 50
51 50 49
45 53 54
45 54 55
44 56 53
44 53 45
57 58 59
57 59 60
37 61 62
37 62 63
63 64 38
63 38 37
65 66 67
65 67 68
69 40 39
69 39 70
71 72 73
71 73 74
75 76 77
75 77 78
79 3 2
79 2 80
81 82 83
81 83 84
85 57 60
85 60 86
87 73 72
87 72 88
81 84 89
81 89 90
91 92 93
91 93 94
95 96 97
95 97 98
99 100 91
99 91 94
101 102 103
101 103 104
105 106 107
105 107 108
109 110 97
109 97 96
111 112 113
111 113 114
115 116 117
115 117 118
106 119 120
106 120 107
121 112 122
121 122 123
124 125 126
124 126 127
107 124 127
107 127 108
120 128 124
120 124 107
128 129 125
128 125 124
120 130 131
120 131 128
132 133 134
132 134 135
136 108 127
136 127 133
129 128 131
129 131 137
138 139 140
138 140 141
142 140 139
142 139 143
144 145 146
144 146 147
148 147 146
148 146 149
150 151 152
150 152 153
151 154 155
151 155 156
157 158 159
157 159 160
154 151 150
154 150 161
162 163 164
162 164 165
166 165 164
166 164 167
168 169 156
168 156 155
170 163 162
170 162 171
172 173 145
172 145 174
175 174 145
175 145 144
142 143 176
142 176 177
119 178 130
119 130 120
179 122 112
179 112 111
121 125 129
121 129 180
181 182 183
181 183 184
119 185 186
119 186 178
174 175 187
174 187 188
185 119 106
185 106 189
190 172 174
190 174 188
106 105 191
106 191 189
192 170 171
192 171 193
194 168 170
194 170 192
176 195 196
176 196 177
197 80 2
198 7 0
198 0 3
199 109 96
199 96 200
95 201 200
95 200 96
202 203 103
202 103 102
204 205 206
205 207 208
205 208 206
209 210 211
209 211 212
209 213 214
209 214 210
212 211 215
212 215 216
217 218 219
217 219 220
221 222 223
221 223 224
224 225 226
224 226 221
227 228 229
227 229 230
231 226 225
231 225 232
233 234 235
233 235 236
237 238 239
237 239 240
240 241 242
240 242 237
243 244 245
243 245 246
247 243 246
247 246 248
239 249 250
239 250 240
240 250 251
240 251 241
252 253 245
254 255 248
254 248 246
249 256 257
249 257 250
257 258 251
257 251 250
259 253 252
259 252 260
261 262 255
261 255 254
263 264 265
263 265 266
267 268 269
267 269 270
271 272 273
271 273 274
275 272 271
275 271 276
277 278 279
277 279 280
277 281 282
277 282 278
283 284 285
283 285 286
223 283 286
223 286 224
211 287 288
211 288 215
287 289 290
287 290 288
291 286 285
291 285 292
224 286 291
224 291 225
211 210 293
211 293 287
294 289 287
294 287 293
292 295 296
292 296 291
225 291 296
225 296 232
214 297 293
214 293 210
297 298 294
297 294 293
299 300 301
299 301 302
235 234 301
235 301 300
303 304 218
303 218 217
303 305 306
303 306 304
307 308 309
307 309 310
309 228 227
309 227 310
311 299 302
311 302 312
313 308 307
313 307 314
315 316 295
315 295 292
317 315 292
317 292 285
318 306 305
318 305 319
285 284 320
285 320 317
321 294 298
321 298 322
323 290 289
323 289 324
229 228 217
229 217 220
276 271 277
276 277 280
281 274 325
281 325 326
305 303 309
305 309 308
303 217 228
303 228 309
319 305 308
319 308 313
327 328 329
327 329 330
331 332 333
331 333 334
335 336 337
335 337 338
339 332 331
340 341 342
340 342 343
344 337 336
344 336 345
346 340 343
346 343 347
328 346 347
328 347 348
322 349 350
322 350 321
322 318 351
322 351 349
321 350 352
321 352 324
314 353 354
314 354 313
317 320 355
317 355 356
312 357 311
358 359 360
358 360 206
316 315 358
313 354 361
313 361 319
212 248 255
212 255 209
209 255 262
209 262 213
216 247 248
216 248 212
219 275 276
219 276 220
221 239 238
221 238 222
226 249 239
226 239 221
229 280 279
229 279 230
231 256 249
231 249 226
236 263 266
236 266 233
220 276 280
220 280 229
182 181 138
182 138 141
180 362 363
180 363 113
161 150 94
161 94 93
364 365 366
364 366 367
362 366 365
362 365 363
361 368 369
361 369 351
370 371 184
370 184 183
372 55 54
372 54 373
374 375 85
374 85 86
376 104 103
376 103 377
203 378 377
203 377 103
162 379 380
162 380 171
165 157 379
165 379 162
166 158 157
166 157 165
171 380 381
171 381 193
320 323 382
320 382 355
223 215 288
223 288 283
215 223 222
215 222 216
216 222 238
216 238 247
237 243 247
237 247 238
243 237 242
243 242 244
383 384 329
383 329 385
283 288 290
283 290 284
284 290 323
284 323 320
372 373 48
372 48 47
83 82 375
83 375 374
381 380 172
381 172 190
380 379 173
380 173 172
160 173 379
160 379 157
160 146 145
160 145 173
159 149 146
159 146 160
98 149 159
98 159 386
386 387 95
386 95 98
322 298 306
322 306 318
304 306 298
304 298 297
218 304 297
218 297 214
219 218 214
219 214 213
213 262 275
213 275 219
262 261 272
262 272 275
272 261 259
272 259 273
388 43 389
388 389 17
56 44 390
56 390 391
59 58 392
59 392 393
169 168 194
169 194 394
388 395 396
388 396 390
397 391 390
397 390 396
393 392 398
393 398 399
400 401 169
400 169 394
156 169 401
156 401 402
151 156 402
151 402 152
39 42 403
39 403 404
405 406 407
66 408 409
66 409 196
66 196 195
66 195 67
394 393 399
394 399 400
194 59 393
194 393 394
194 192 60
194 60 59
86 60 192
86 192 193
374 86 193
374 193 381
190 83 374
190 374 381
190 188 84
190 84 83
188 187 89
188 89 84
185 189 72
185 72 71
88 72 189
88 189 191
74 73 63
74 63 62
81 90 51
81 51 49
82 81 49
82 49 48
373 54 85
373 85 375
54 53 57
54 57 85
53 56 58
53 58 57
56 391 392
56 392 58
391 397 398
391 398 392
70 65 68
70 68 69
87 410 411
87 411 64
64 63 73
64 73 87
125 121 123
125 123 126
112 121 180
112 180 113
115 118 135
115 135 134
137 362 180
137 180 129
98 97 148
98 148 149
99 94 150
99 150 153
161 93 101
161 101 167
412 111 114
412 114 413
414 179 111
414 111 412
415 416 417
415 417 418
419 420 421
419 421 422
423 424 425
426 427 344
426 344 345
428 429 430
428 430 431
384 333 432
384 432 433
434 435 436
163 170 168
163 168 155
154 164 163
154 163 155
102 101 93
102 93 92
378 437 387
378 387 377
438 406 405
116 439 440
116 440 117
368 412 413
368 413 369
441 414 412
441 412 368
442 443 414
442 414 441
367 366 109
367 109 199
110 109 366
110 366 362
414 443 444
414 444 179
116 115 445
116 445 444
445 115 123
445 123 122
134 126 123
134 123 115
127 126 134
127 134 133
446 407 447
448 38 64
448 64 411
410 87 88
410 88 449
449 88 191
449 191 450
450 191 105
450 105 451
451 105 108
451 108 136
451 452 453
451 453 450
452 451 136
452 136 454
133 132 454
133 454 136
30 29 446
30 446 455
30 455 456
30 456 457
183 182 458
183 458 459
141 140 460
141 460 461
454 132 460
454 460 462
236 235 463
236 463 464
279 278 465
279 465 466
467 468 282
467 282 469
307 310 470
307 470 471
310 227 463
310 463 470
314 307 471
314 471 472
473 431 430
473 430 474
475 353 476
475 476 477
263 236 464
263 464 466
135 118 458
135 458 461
440 478 459
440 459 117
144 479 480
144 480 175
148 97 110
148 110 481
482 147 148
482 148 481
144 147 482
144 482 479
483 187 175
483 175 480
444 445 122
444 122 179
363 365 114
363 114 113
365 364 413
365 413 114
484 485 5
486 487 455
488 489 446
488 446 490
491 350 349
491 349 492
493 492 349
493 349 351
494 352 350
494 350 491
441 354 495
441 495 442
496 497 498
496 498 499
500 501 357
500 357 502
503 358 206
441 368 361
441 361 354
319 361 351
319 351 318
497 504 505
497 505 498
311 501 476
311 476 472
506 434 436
507 508 12
509 510 511
509 511 512
510 513 434
2 1 514
515 516 514
515 514 517
12 11 507
518 519 6
512 520 509
521 79 50
521 50 52
48 373 375
48 375 82
481 110 362
481 362 137
482 481 137
482 137 131
479 482 131
479 131 130
480 479 130
480 130 178
186 483 480
186 480 178
522 523 483
522 483 186
524 525 523
524 523 522
78 77 525
78 525 524
526 20 19
526 527 512
526 512 511
527 526 516
514 197 2
506 436 389
372 528 18
46 45 55
46 55 21
61 37 34
61 34 33
32 31 34
32 34 36
42 41 26
42 26 25
50 80 47
47 80 528
388 390 44
388 44 43
395 388 16
529 403 530
529 530 531
198 3 79
198 79 521
532 533 76
532 76 75
534 535 533
534 533 532
536 4 535
536 535 534
537 5 4
537 4 536
5 538 484
71 522 186
71 186 185
74 524 522
74 522 71
62 78 524
62 524 74
61 75 78
61 78 62
33 532 75
33 75 61
35 534 532
35 532 33
457 536 534
457 534 35
456 537 536
456 536 457
537 539 540
177 541 462
177 462 142
453 452 541
453 541 409
542 543 408
542 408 544
70 545 544
70 544 65
546 547 545
546 545 404
543 449 450
543 450 453
410 449 543
410 543 542
547 411 410
547 410 542
546 448 411
546 411 547
548 448 546
548 546 529
531 549 548
531 548 529
405 407 549
405 549 531
548 36 38
548 38 448
549 32 36
549 36 548
407 29 32
407 32 549
89 187 483
89 483 523
525 90 89
525 89 523
77 51 90
77 90 525
52 51 77
52 77 76
533 521 52
533 52 76
198 521 533
198 533 535
493 351 369
493 369 550
353 475 495
353 495 354
550 369 413
550 413 364
495 439 443
495 443 442
200 491 492
200 492 199
494 491 200
494 200 201
205 91 100
205 100 207
500 502 371
500 371 370
439 495 475
439 475 440
440 475 477
440 477 478
116 444 443
116 443 439
364 367 493
364 493 550
492 493 367
492 367 199
437 201 95
437 95 387
202 102 92
202 92 204
376 377 387
376 387 386
159 158 376
159 376 386
499 498 203
499 203 202
498 505 378
498 378 203
505 551 437
505 437 378
204 360 499
204 499 202
92 91 205
92 205 204
551 494 201
551 201 437
158 166 104
158 104 376
166 167 101
166 101 104
496 499 360
496 360 359
358 315 317
358 317 356
167 164 154
167 154 161
552 17 436
553 15 17
22 24 1
22 1 0
509 520 513
35 31 30
35 30 457
7 6 22
7 22 0
198 535 4
198 4 7
527 508 512
1 24 9
1 9 517
12 515 13
356 355 497
356 497 496
355 382 504
355 504 497
551 505 504
551 504 554
359 358 356
359 356 496
352 382 323
352 323 324
554 504 382
554 382 352
46 555 389
46 389 43
555 510 506
555 46 21
555 21 20
511 555 20
511 20 526
14 13 9
14 9 8
528 197 19
528 19 18
556 527 516
556 516 515
516 197 514
517 9 13
517 13 515
372 18 55
55 18 21
47 528 372
478 477 500
478 500 370
404 545 70
404 70 39
545 547 542
545 542 544
544 408 66
544 66 65
409 541 177
409 177 196
541 452 454
541 454 462
403 42 25
403 25 530
472 476 353
472 353 314
478 370 183
478 183 459
461 458 182
461 182 141
466 464 230
466 230 279
477 476 501
477 501 500
342 341 474
472 471 299
472 299 311
470 463 235
470 235 300
471 470 300
471 300 299
270 269 468
270 468 467
466 465 264
466 264 263
464 463 227
464 227 230
462 460 140
462 140 142
461 460 132
461 132 135
459 458 118
459 118 117
425 424 427
425 427 426
408 543 453
408 453 409
404 403 529
404 529 546
530 405 531
324 289 294
324 294 321
554 352 494
554 494 551
520 508 557
552 553 17
435 552 436
436 17 389
506 510 434
506 389 555
446 29 407
530 558 405
388 17 16
197 528 80
1 517 514
50 79 80
555 511 510
526 19 516
335 338 559
335 559 560
561 562 563
405 558 438
406 447 407
508 556 12
24 564 10
9 24 10
22 565 23
23 564 24
485 518 6
485 6 5
519 565 22
519 22 6
5 537 538
537 540 538
487 566 456
487 456 455
489 486 455
489 455 446
537 456 539
456 566 539
446 447 490
12 556 515
512 508 520
527 556 508
516 19 197
567 568 562
567 562 561
348 385 329
348 329 328
339 569 332
384 383 334
384 334 333
473 474 341
570 432 333
570 333 332
340 571 572
340 572 341
346 573 571
346 571 340
328 327 573
328 573 346
433 330 329
433 329 384
341 572 473
574 569 339
574 339 575
254 246 245
254 245 253
258 576 251
261 254 253
261 253 259
268 265 264
268 264 269
577 325 274
281 326 469
281 469 282
277 271 274
277 274 281
260 578 259
468 465 278
468 278 282
269 264 465
269 465 468
508 507 557
510 509 513
579 580 581
579 581 582
583 584 585
583 585 586
587 588 589
586 585 590
586 590 591
592 591 590
592 590 593
594 595 584
594 584 583
596 597 598
599 600 601
602 603 604
602 605 603
606 607 608
609 610 611
612 613 614
615 616 617
618 619 620
618 620 621
622 623 624
625 626 627
625 627 628
629 630 631
632 633 634
635 636 637
635 637 638
634 633 639
640 641 642
643 644 645
644 646 647
605 645 644
605 644 648
649 648 644
649 644 647
650 651 649
649 610 648
606 608 652
653 654 655
653 655 656
650 647 657
658 652 655
658 655 654
606 652 658
659 660 661
662 663 664
661 665 666
658 654 665
667 668 669
667 669 670
671 672 673
618 674 675
618 675 676
661 658 665
637 636 677
637 677 678
679 646 643
679 643 680
681 682 600
683 684 685
683 685 686
687 688 689
690 684 691
692 693 690
692 690 694
690 685 684
695 696 697
697 623 698
697 696 699
700 701 699
700 699 696
702 703 675
676 703 632
622 698 623
629 704 705
639 706 619
639 619 634
707 620 619
707 619 706
620 708 709
710 708 620
710 620 707
711 712 713
711 713 714
715 714 713
715 713 716
663 717 718
663 718 607
719 607 718
719 718 720
721 722 723
721 723 724
724 725 726
724 726 721
727 621 709
594 728 729
594 729 595
730 727 709
730 709 712
731 732 624
731 624 623
733 734 629
733 735 734
736 734 737
738 739 740
701 700 740
736 741 742
737 743 736
738 596 744
738 744 739
736 745 734
734 630 629
673 746 699
673 699 701
747 748 749
750 669 751
750 751 752
753 754 755
753 755 756
624 732 757
758 612 614
631 759 625
631 625 635
758 760 761
653 656 762
760 614 763
599 764 765
766 767 768
769 693 770
771 772 773
628 774 636
775 751 776
775 776 777
778 765 764
778 764 779
780 781 599
780 599 765
600 599 781
669 668 776
669 776 751
782 752 751
782 751 775
783 784 785
663 606 664
786 787 727
648 603 605
788 789 641
788 641 790
742 791 792
610 793 603
761 622 757
727 730 794
727 794 786
795 796 797
795 797 798
660 662 664
799 800 801
799 801 802
803 804 800
803 800 799
805 806 807
805 807 808
809 810 811
809 811 812
813 814 815
813 815 816
817 818 819
817 819 820
821 822 809
821 809 812
819 823 824
819 824 820
804 825 826
804 826 800
827 828 829
827 829 830
831 832 833
831 833 834
835 832 831
835 831 836
837 838 832
837 832 835
838 839 833
838 833 832
840 841 808
840 808 842
843 817 841
843 841 840
844 845 598
844 598 691
691 684 844
843 846 818
843 818 817
847 684 683
847 683 848
842 849 850
842 850 845
808 807 849
808 849 842
851 852 822
851 822 821
853 854 855
853 855 856
857 858 859
857 859 860
834 833 858
834 858 857
858 833 839
852 861 822
862 863 859
862 859 858
852 855 863
852 863 862
854 687 784
864 865 686
864 686 685
866 867 868
869 870 871
872 873 874
872 874 875
874 876 877
874 877 878
879 880 881
881 882 883
883 884 885
876 886 887
876 887 877
888 889 890
890 891 879
892 893 894
892 894 895
896 897 893
896 893 892
898 899 897
898 897 896
900 901 902
900 902 903
904 905 906
904 906 907
895 894 905
895 905 904
893 908 905
893 905 894
897 899 908
897 908 893
908 909 906
908 906 905
899 902 909
899 909 908
910 874 873
910 873 911
912 876 874
912 874 910
913 910 911
913 911 914
915 912 910
915 910 913
912 916 886
912 886 876
915 917 916
915 916 912
911 918 919
911 919 914
873 920 918
873 918 911
921 922 901
921 901 900
923 924 922
923 922 921
925 926 927
925 927 928
929 930 926
929 926 925
931 932 926
931 926 930
901 922 932
901 932 931
932 933 927
932 927 926
922 924 933
922 933 932
934 913 914
934 914 935
936 915 913
936 913 934
769 934 935
769 935 864
770 936 934
770 934 769
936 937 917
936 917 915
770 938 937
770 937 936
935 939 865
935 865 864
914 919 939
914 939 935
940 941 924
940 924 923
942 943 941
942 941 940
944 945 689
944 689 946
928 927 945
928 945 944
933 947 945
933 945 927
924 941 947
924 947 933
947 948 689
947 689 945
941 943 948
941 948 947
946 689 688
946 688 949
690 769 864
950 951 772
948 687 689
943 952 948
953 954 955
953 955 767
693 951 956
957 958 959
960 961 962
963 964 965
963 965 966
967 968 969
970 971 972
972 973 967
961 974 975
961 975 962
976 977 978
976 978 979
980 958 981
980 981 982
963 966 983
984 985 986
984 986 987
979 978 985
979 985 984
988 989 990
988 990 991
987 986 992
987 992 993
994 995 996
994 996 997
998 997 996
998 996 999
978 977 1000
978 1000 985
990 989 995
990 995 994
985 1000 992
985 992 986
1001 1002 966
1001 966 1003
1004 961 1002
1004 1002 1001
1005 1001 1003
1005 1003 1006
1007 1004 1001
1007 1001 1005
1004 1008 974
1004 974 961
1007 1009 1008
1007 1008 1004
1003 1010 1011
1003 1011 1006
966 965 1010
966 1010 1003
1012 1013 989
1012 989 988
1014 1015 1013
1014 1013 1012
1016 1017 1018
1016 1018 1019
999 996 1017
999 1017 1016
995 1020 1017
995 1017 996
989 1013 1020
989 1020 995
1020 1021 1018
1020 1018 1017
1013 1015 1021
1013 1021 1020
1022 1005 1006
1022 1006 1023
1024 1007 1005
1024 1005 1022
951 1022 1023
951 1023 956
950 1024 1022
950 1022 951
1024 1025 1009
1024 1009 1007
950 1026 1025
950 1025 1024
1023 1027 1028
1023 1028 956
1006 1011 1027
1006 1027 1023
1029 1030 1015
1029 1015 1014
1031 1032 1030
1031 1030 1029
1033 1034 1035
1033 1035 1036
1019 1018 1034
1019 1034 1033
1021 1037 1034
1021 1034 1018
1015 1030 1037
1015 1037 1021
1037 1038 1035
1037 1035 1034
1030 1032 1038
1030 1038 1037
1035 1038 952
952 1039 1035
1035 1039 1040
1035 1040 1036
1028 1041 1042
1028 1042 956
1032 1043 1038
949 688 854
949 854 853
772 1044 773
955 1044 768
1045 768 1046
1047 1048 1049
1050 1051 1052
1050 1052 1053
1054 1055 1056
1057 1058 1059
1059 1060 1054
1048 1061 1062
1048 1062 1049
1063 1064 1065
1063 1065 1066
1067 1068 1069
1050 1053 1070
1071 1072 1073
1071 1073 1074
1074 1073 1066
1074 1066 1065
1075 1076 1077
1075 1077 1078
1072 1071 1079
1072 1079 1080
1081 1082 1083
1081 1083 1084
1085 1084 1083
1085 1083 1086
1065 1064 1087
1065 1087 1074
1077 1076 1082
1077 1082 1081
1074 1087 1079
1074 1079 1071
1088 1089 1053
1088 1053 1090
1091 1048 1089
1091 1089 1088
1092 1088 1090
1092 1090 1093
1094 1091 1088
1094 1088 1092
1091 1095 1061
1091 1061 1048
1094 1096 1095
1094 1095 1091
1090 1097 1098
1090 1098 1093
1053 1052 1097
1053 1097 1090
1099 1100 1076
1099 1076 1075
1101 1102 1100
1101 1100 1099
1103 1104 1105
1103 1105 1106
1086 1083 1104
1086 1104 1103
1082 1107 1104
1082 1104 1083
1076 1100 1107
1076 1107 1082
1107 1108 1105
1107 1105 1104
1100 1102 1108
1100 1108 1107
1109 1092 1093
1109 1093 1110
1111 1094 1092
1111 1092 1109
1044 1109 1110
1044 1110 773
955 1111 1109
955 1109 1044
1111 1112 1096
1111 1096 1094
955 954 1112
955 1112 1111
1110 1113 1114
1110 1114 773
1093 1098 1113
1093 1113 1110
1115 1116 1102
1115 1102 1101
1117 1118 1116
1117 1116 1115
1119 1120 1121
1119 1121 1122
1106 1105 1120
1106 1120 1119
1108 1123 1120
1108 1120 1105
1102 1116 1123
1102 1123 1108
1123 1124 1121
1123 1121 1120
1116 1118 1124
1116 1124 1123
950 771 1125
950 1125 1026
1031 1126 1127
1031 1127 1032
1121 1043 1127
1124 1043 1121
1118 1128 1124
1129 1130 1131
1129 1131 1132
1133 1134 1135
1133 1135 1136
1137 1138 1139
1137 1139 1140
1141 1142 1143
1141 1143 1144
1145 1146 1147
1145 1147 1148
1144 1143 1146
1144 1146 1145
1133 1149 1150
1133 1150 1134
1151 1152 1153
1151 1153 1154
1131 1130 1155
1131 1155 1156
1136 1135 1137
1136 1137 1140
1157 1158 1159
1157 1159 1160
1154 1153 1158
1154 1158 1157
1161 1162 1163
1161 1163 1164
1160 1159 1165
1160 1165 1166
1167 1168 1169
1167 1169 1170
1171 1170 1169
1171 1169 1172
1153 1152 1173
1153 1173 1158
1163 1162 1168
1163 1168 1167
1158 1173 1165
1158 1165 1159
1174 1136 1140
1174 1140 1175
1176 1133 1136
1176 1136 1174
1177 1174 1175
1177 1175 1178
1179 1176 1174
1179 1174 1177
1176 1180 1149
1176 1149 1133
1179 1181 1180
1179 1180 1176
1175 1182 1183
1175 1183 1178
1140 1139 1182
1140 1182 1175
1184 1185 1162
1184 1162 1161
1186 1187 1185
1186 1185 1184
1188 1189 1190
1188 1190 1191
1172 1169 1189
1172 1189 1188
1168 1192 1189
1168 1189 1169
1162 1185 1192
1162 1192 1168
1192 1193 1190
1192 1190 1189
1185 1187 1193
1185 1193 1192
1194 1177 1178
1194 1178 1195
1196 1179 1177
1196 1177 1194
1045 1194 1195
1045 1195 766
615 1196 1194
615 1194 1045
1196 1197 1181
1196 1181 1179
615 617 1197
615 1197 1196
1195 1198 1199
1195 1199 766
1178 1183 1198
1178 1198 1195
1200 1201 1187
1200 1187 1186
779 764 1201
779 1201 1200
1202 1203 1204
1202 1204 1205
1191 1190 1203
1191 1203 1202
1193 1206 1203
1193 1203 1190
1187 1201 1206
1187 1206 1193
1206 1207 1204
1206 1204 1203
1201 764 1207
1201 1207 1206
1128 1207 1208
1118 1209 1128
1204 1209 1210
1204 1210 1205
1199 953 767
1199 767 766
1128 1208 601
693 1042 770
695 694 690
695 690 691
952 1211 791
952 791 687
1211 792 791
1041 938 770
1041 770 1042
1039 943 942
1039 942 1040
1126 1122 1121
1126 1121 1127
771 773 1114
771 1114 1125
1209 1118 1117
1209 1117 1210
682 1211 952
682 952 1043
1128 601 682
1128 682 1043
646 679 1212
646 1212 657
640 642 1213
640 1213 1214
662 660 723
704 629 631
635 625 628
635 628 636
716 713 708
716 708 710
712 709 708
712 708 713
643 645 640
1215 631 635
1215 635 638
790 605 602
602 604 1216
643 640 1214
643 1214 680
784 791 785
696 597 738
630 745 1217
692 1218 772
692 772 693
628 627 1219
628 1219 774
761 760 1220
761 1220 1218
763 614 1221
622 692 694
622 694 698
696 738 700
698 694 695
698 695 697
597 696 695
761 1218 692
761 692 622
757 1222 758
790 602 1216
790 1216 788
798 1223 1224
798 1224 795
1225 1226 786
1225 786 794
790 641 645
790 645 605
626 759 1217
640 645 641
1227 613 1228
613 1221 614
1229 1230 1231
1232 1233 1234
1232 1234 1235
1236 1237 1229
1236 1229 1231
1238 1239 1240
1238 1240 1241
1242 675 674
1243 1244 666
1243 1245 1246
1247 1248 1249
1247 1249 1250
830 829 1251
830 1251 1252
816 815 1253
816 1253 1254
801 1255 1256
801 1256 805
1257 1258 1259
1257 1259 1260
828 1261 1251
828 1251 829
1262 1263 1264
855 854 784
855 784 863
863 784 783
860 859 783
860 783 1265
856 855 852
856 852 851
850 1266 598
850 598 845
847 848 846
847 846 843
840 844 847
840 847 843
842 845 844
842 844 840
1267 1268 667
1267 667 670
669 750 1269
669 1269 670
1269 750 1232
600 627 626
600 626 681
1270 1232 1235
1271 725 724
1271 724 659
659 1246 1271
1237 1272 1226
1237 1226 1229
750 1233 1232
1226 1225 1229
747 1273 748
752 782 749
752 749 748
1222 668 667
1222 667 1274
1275 1237 1236
1275 1236 1276
1277 613 612
774 1219 1278
722 1279 662
722 662 723
1280 730 712
1280 712 711
1279 717 663
1279 663 662
794 730 1280
794 1280 1281
674 618 787
632 634 676
634 619 618
634 618 676
1267 665 654
1267 654 653
660 664 661
787 786 1226
665 1267 666
677 774 1278
741 785 742
743 1265 783
743 783 741
778 1282 780
778 780 765
1046 768 1220
1218 1220 768
1218 768 772
745 742 792
745 792 1217
626 1217 792
626 792 681
682 681 1211
810 1248 1247
810 1247 811
836 1252 1251
836 1251 835
1256 1254 1253
1256 1253 1283
1284 1285 1286
823 1258 1257
823 1257 824
1287 1288 1248
1287 1248 810
1283 806 805
1283 805 1256
1289 1290 1291
1289 1291 1260
1254 1256 1292
1254 1292 1293
1255 1294 1292
1255 1292 1256
1295 824 1257
1295 1257 1296
825 1297 1298
825 1298 826
1299 816 1300
1301 1260 1291
1302 1285 1303
1263 1304 1305
1304 1285 1306
1307 1263 1308
1259 1309 1289
1259 1289 1260
1295 1297 825
1295 825 824
824 825 804
824 804 820
826 1255 801
826 801 800
1299 1310 813
1299 813 816
1298 1294 1255
1298 1255 826
1251 1261 837
1251 837 835
1249 1311 1312
1249 1312 1250
1248 1288 1311
1248 1311 1249
862 861 852
822 861 1313
822 1313 809
809 1313 1287
809 1287 810
839 862 858
802 801 805
802 805 808
804 803 817
804 817 820
799 802 808
799 808 841
817 803 799
817 799 841
902 901 931
902 931 909
909 931 930
909 930 906
907 906 930
907 930 929
903 902 899
903 899 898
872 888 920
872 920 873
885 1314 887
1315 867 1316
882 1317 1318
882 1318 1319
1320 1321 1322
1320 1322 880
891 1323 1321
891 1321 1320
1319 1318 1324
1319 1324 884
1314 1325 1326
1314 1326 877
872 1327 1328
872 1328 889
877 1326 1329
877 1329 878
875 1330 1327
875 1327 872
870 1331 1332
990 977 976
990 976 991
992 997 998
992 998 993
963 1333 964
1334 1335 1336
1334 1336 1337
969 1338 975
977 990 994
977 994 1000
1339 1335 1340
1000 994 997
1000 997 992
1341 1342 970
973 1343 1344
973 1344 1345
1346 1347 1348
1346 1348 971
963 1349 1350
963 1350 1333
983 1351 1349
983 1349 963
1338 1352 1353
1338 1353 962
962 1353 1354
962 1354 960
1342 1355 1347
1342 1347 1346
1345 1344 1356
1345 1356 968
1077 1064 1063
1077 1063 1078
1079 1084 1085
1079 1085 1080
1050 1357 1051
1358 1068 1359
1056 1360 1062
1064 1077 1081
1064 1081 1087
1361 1362 1363
1087 1081 1084
1087 1084 1079
1364 1365 1057
1060 1366 1367
1060 1367 1368
1369 1370 1371
1369 1371 1058
1050 1372 1373
1050 1373 1357
1070 1374 1372
1070 1372 1050
1360 1375 1376
1360 1376 1049
1049 1376 1377
1049 1377 1047
1365 1378 1370
1365 1370 1369
1368 1367 1379
1368 1379 1055
1362 1380 1381
1163 1152 1151
1163 1151 1164
1165 1170 1171
1165 1171 1166
1382 1138 1137
1382 1137 1383
1384 1385 1131
1384 1131 1156
1150 1142 1141
1150 1141 1134
1152 1163 1167
1152 1167 1173
1386 1132 1131
1386 1131 1385
1173 1167 1170
1173 1170 1165
1148 1147 1382
1148 1382 1383
1145 1387 1388
1145 1388 1144
1148 1389 1387
1148 1387 1145
1137 1390 1391
1137 1391 1383
1135 1392 1390
1135 1390 1137
1141 1393 1394
1141 1394 1134
1134 1394 1392
1134 1392 1135
1383 1391 1389
1383 1389 1148
1144 1388 1393
1144 1393 1141
1274 612 1222
637 679 680
637 680 638
1268 1277 1274
1268 1274 667
638 680 1214
638 1214 1215
1215 1214 704
632 672 633
673 703 702
673 702 746
679 637 678
679 678 1212
672 632 673
776 732 731
776 731 777
762 1228 1277
762 1277 1268
1267 653 1268
1395 1230 1225
1395 1225 1396
659 723 660
1396 1225 794
1396 794 1281
1397 1398 1399
1397 1399 1400
749 782 1401
674 787 1272
674 1272 1402
1275 1401 1403
1404 1405 749
1404 749 1401
1276 1404 1401
1276 1401 1275
1397 753 1398
1402 1272 1237
1402 1237 1275
1271 1246 1245
1400 1399 1406
1400 1406 1407
1225 1230 1229
659 1244 1246
1243 1246 1244
1243 1270 1245
1408 1409 1410
1408 1410 1411
1411 1410 1412
1411 1412 1413
1413 1412 587
1413 587 589
1414 1415 1409
1414 1409 1408
1223 1415 1414
1223 1414 1224
1416 1406 796
1416 796 795
729 1416 795
729 795 1224
1417 797 796
1417 796 1418
1419 593 589
1419 589 588
1420 1417 1418
584 1408 1411
584 1411 585
585 1411 1413
585 1413 590
1413 589 593
1413 593 590
595 1414 1408
595 1408 584
1224 1414 595
1224 595 729
1398 1420 1418
1398 1418 1399
1399 1418 796
1399 796 1406
1421 1407 1406
1421 1406 1416
728 1421 1416
728 1416 729
1422 592 593
1422 593 1419
1273 1233 748
1233 750 752
1233 752 748
668 1222 732
668 732 776
1233 1273 1234
1243 666 1269
1243 1269 1232
1269 666 670
1270 1243 1232
1267 670 666
623 699 746
623 746 731
697 699 623
1242 775 777
1242 777 702
775 1242 1403
775 1403 782
731 746 702
731 702 777
782 1403 1401
690 864 685
693 956 1042
771 950 772
767 955 768
772 768 1044
693 772 951
690 693 769
1045 766 768
732 1222 757
616 763 1423
1278 780 1282
763 616 1046
1046 615 1045
1275 1403 1402
1402 1403 674
641 789 642
643 646 644
647 646 657
653 762 1268
659 724 723
676 675 703
621 620 709
787 621 727
663 607 606
648 610 603
603 793 604
649 611 610
1046 616 615
745 630 734
759 630 1217
687 854 688
952 943 1039
1043 1032 1127
1209 1204 1128
1128 1043 1124
1043 952 1038
952 687 948
1309 814 813
1309 813 1289
1311 828 827
1311 827 1312
1288 1261 828
1288 828 1311
1261 1288 1287
1261 1287 837
1304 1263 1285
861 839 838
861 838 1313
1313 838 837
1313 837 1287
1424 1303 1285
1424 1285 1263
1310 1290 1289
1310 1289 813
839 861 862
744 596 1266
1262 1424 1263
1302 1425 1285
1208 1207 764
783 785 741
742 785 791
791 784 687
626 625 759
682 601 600
1211 681 792
1128 1204 1207
599 1208 764
610 609 793
1301 1296 1257
1307 1264 1263
1293 1300 1254
816 1254 1300
1425 1286 1285
1301 1257 1260
1426 1427 867
871 870 1332
891 890 889
1314 885 884
891 889 1328
891 1328 1323
1324 1325 1314
1324 1314 884
882 881 880
874 878 875
867 870 1428
867 1428 868
1315 1429 870
1315 870 867
882 880 1322
882 1322 1317
1329 1330 875
1329 875 878
879 1320 880
882 1319 883
888 872 889
891 1320 879
883 1319 884
1314 877 887
1342 1341 1333
1338 969 968
1335 1334 1340
1350 1355 1342
1350 1342 1333
1338 968 1356
1338 1356 1352
1430 981 958
1002 960 983
973 972 971
958 1335 1431
958 1431 959
980 1336 1335
980 1335 958
973 971 1348
973 1348 1343
983 960 1354
983 1354 1351
970 1346 971
973 1345 967
967 1345 968
1338 962 975
1333 1341 964
1342 1346 970
960 1002 961
966 1002 983
957 1430 958
1339 1431 1335
1284 1306 1285
1263 1305 1308
866 1426 867
869 1428 870
867 1427 1316
870 1429 1331
1089 1047 1070
1058 1060 1059
1068 1362 1381
1068 1381 1069
1358 1363 1362
1358 1362 1068
1060 1058 1371
1060 1371 1366
1070 1047 1377
1070 1377 1374
1365 1364 1357
1360 1056 1055
1432 1433 1068
1373 1378 1365
1373 1365 1357
1360 1055 1379
1360 1379 1375
1434 1435 1362
1057 1369 1058
1060 1368 1054
1067 1432 1068
1068 1433 1359
1361 1434 1362
1362 1435 1380
1047 1089 1048
1053 1089 1070
1357 1364 1051
1365 1369 1057
1054 1368 1055
1360 1049 1062
1213 705 704
704 1214 1213
671 673 701
673 632 703
629 705 733
701 740 671
736 743 741
631 630 759
704 631 1215
863 783 859
736 742 745
596 598 1266
691 598 597
844 684 847
758 614 760
1278 1219 780
1219 781 780
1219 627 781
600 781 627
599 601 1208
1046 1220 763
760 763 1220
758 761 757
757 622 624
738 597 596
738 740 700
737 734 735
597 695 691
1222 612 758
763 1221 1423
1436 1437 1438
1436 1438 1439
1439 1438 1440
1439 1440 1441
1441 1440 1442
1441 1442 1443
1443 1442 1444
1443 1444 1445
1445 1444 1446
1445 1446 1447
1447 1446 1448
1447 1448 1449
1450 1451 1452
1450 1452 1453
1453 1452 1454
1453 1454 1455
1456 1457 1458
1456 1458 1459
1459 1458 1460
1459 1460 1461
1461 1460 1462
1461 1462 1463
1463 1462 1464
1463 1464 1465
1465 1464 1466
1465 1466 1467
1467 1466 1437
1467 1437 1436
1468 1469 1470
1468 1470 1471
1472 1473 1474
1472 1474 1475
1475 1474 1476
1475 1476 1477
1478 1479 1480
1478 1480 1481
1481 1480 1482
1481 1482 1483
1483 1482 1484
1483 1484 1485
1485 1484 1486
1485 1486 1487
1487 1486 1488
1487 1488 1489
1489 1488 1490
1489 1490 1491
1492 1493 1494
1492 1494 1495
1495 1494 1496
1495 1496 1497
1497 1496 1498
1497 1498 1499
1499 1498 1500
1499 1500 1501
1501 1500 1502
1501 1502 1503
1503 1502 1504
1503 1504 1505
1506 1507 1469
1506 1469 1468
1508 1509 1510
1508 1510 1511
1512 1513 1514
1512 1514 1515
1515 1514 1516
1515 1516 1517
1517 1516 1518
1517 1518 1519
1519 1518 1520
1519 1520 1521
1521 1520 1522
1521 1522 1523
1523 1522 1524
1523 1524 1525
1525 1524 1526
1525 1526 1527
1527 1526 1528
1527 1528 1529
1529 1528 1530
1529 1530 1531
1531 1530 1532
1531 1532 1533
1533 1532 1534
1533 1534 1535
1535 1534 1536
1535 1536 1537
1538 1539 1509
1538 1509 1508
578 577 273
575 415 418
575 418 574
560 559 568
560 568 567
579 582 1419
1449 1448 1451
1449 1451 1450
1477 1476 1479
1477 1479 1478
1505 1504 1507
1505 1507 1506
1511 1510 1513
1511 1513 1512
747 749 1405
659 661 1244
661 666 1244
787 1226 1272
577 274 273
259 578 273
1540 1541 1542
1540 1542 1543
1544 1545 1546
1544 1546 1547
1548 1549 1550
1548 1550 1551
1552 1553 1554
1552 1554 1555
1555 1554 1556
1555 1556 1557
1548 1551 1557
1548 1557 1556
1558 1559 1560
1558 1560 1561
1541 1540 1562
1541 1562 1563
1564 1565 1566
1564 1566 1567
1564 1550 1549
1564 1549 1565
1568 1569 1570
1568 1570 1571
1571 1570 1572
1571 1572 1573
1574 1575 1576
1574 1576 1577
1578 1579 1580
1581 1580 1582
1580 1579 1582
1581 1583 1584
1581 1584 1585
1586 1587 1588
1586 1588 1589
1590 1591 1592
1590 1592 1593
1594 1595 1596
1594 1596 1597
1598 1599 1600
1601 1602 1603
1601 1603 1604
1577 1605 1606
1577 1606 1607
1608 1609 1596
1608 1596 1595
1610 1611 1612
1610 1612 1613
1614 1615 1611
1614 1611 1610
1616 1617 1612
1616 1612 1611
1618 1619 1620
1621 1622 1623
1621 1623 1624
1623 1622 1625
1623 1625 1626
1617 1616 1627
1626 1625 1628
1626 1628 1629
1626 1629 1630
1626 1630 1631
1623 1626 1631
1623 1631 1632
1633 1634 1635
1633 1635 1636
1637 1638 1639
1567 1640 1641
1567 1641 1564
1642 1640 1567
1642 1567 1643
1644 1645 1646
1647 1648 1649
1650 1651 1652
1653 1654 1655
1656 1657 1658
1644 1659 1660
1661 1662 1663
1664 1665 1662
1666 1667 1668
1649 1669 1668
1660 1670 1647
1671 1672 1673
1660 1674 1675
1673 1676 1677
1648 1669 1649
1678 1679 1680
1681 1682 1683
1681 1683 1684
1685 1686 1687
1685 1687 1688
1689 1690 1685
1689 1685 1688
1691 1692 1693
1691 1693 1694
1695 1696 1661
1697 1698 1699
1699 1700 1697
1701 1702 1703
1701 1703 1704
1705 1706 1707
1587 1586 1708
1587 1708 1709
1633 1636 1710
1633 1710 1707
1711 1712 1713
1711 1713 1714
1704 1703 1715
1704 1715 1716
1717 1718 1701
1717 1701 1704
1710 1719 1707
1720 1623 1632
1615 1721 1722
1723 1724 1725
1723 1725 1726
1723 1726 1727
1723 1727 1728
1729 1730 1731
1729 1731 1732
1733 1731 1730
1733 1730 1734
1725 1735 1736
1725 1736 1726
1726 1736 1737
1726 1737 1727
1727 1737 1738
1727 1738 1739
1740 1741 1733
1740 1733 1734
1742 1743 1744
1742 1744 1745
1746 1747 1748
1746 1748 1749
1750 1751 1752
1750 1752 1753
1754 1755 1751
1754 1751 1756
1757 1758 1759
1757 1759 1760
1761 1762 1763
1761 1763 1764
1750 1731 1733
1750 1733 1765
1765 1756 1751
1765 1751 1750
1766 1767 1768
1766 1768 1769
1766 1770 1771
1766 1771 1767
1768 1767 1682
1768 1682 1681
1771 1772 1682
1771 1682 1767
1773 1764 1763
1773 1763 1774
1775 1776 1777
1747 1778 1779
1747 1779 1748
1606 1605 1729
1606 1729 1732
1739 1738 1609
1739 1609 1608
1780 1781 1609
1780 1609 1738
1753 1752 1685
1753 1685 1690
1782 1681 1684
1782 1684 1686
1686 1685 1752
1686 1752 1782
1783 1741 1784
1783 1784 1785
1783 1785 1786
1783 1786 1787
1683 1682 1772
1683 1772 1788
1789 1790 1791
1789 1791 1792
1569 1555 1793
1569 1793 1794
1795 1796 1797
1798 1795 1797
1754 1756 1787
1754 1787 1799
1741 1783 1765
1741 1765 1733
1783 1787 1756
1783 1756 1765
1774 1763 1800
1774 1800 1801
1551 1550 1802
1551 1802 1720
1551 1720 1793
1551 1793 1557
1580 1558 1578
1581 1558 1580
1564 1641 1802
1564 1802 1550
1587 1709 1803
1587 1803 1804
1587 1804 1805
1587 1805 1588
1806 1807 1808
1806 1808 1776
1570 1569 1794
1570 1794 1809
1671 1810 1811
1800 1763 1762
1800 1762 1812
1813 1737 1736
1813 1736 1814
1814 1736 1735
1814 1735 1815
1813 1780 1738
1813 1738 1737
1576 1781 1605
1576 1605 1577
1780 1729 1605
1780 1605 1781
1730 1729 1780
1730 1780 1813
1734 1730 1813
1734 1813 1814
1740 1734 1814
1740 1814 1815
1607 1816 1574
1607 1574 1577
1690 1689 1607
1690 1607 1606
1732 1753 1690
1732 1690 1606
1750 1753 1732
1750 1732 1731
1817 1760 1766
1817 1766 1769
1722 1721 1818
1771 1770 1764
1771 1764 1773
1620 1664 1819
1820 1615 1614
1820 1614 1821
1615 1820 1721
1822 1818 1721
1823 1824 1825
1641 1826 1624
1641 1624 1802
1827 1621 1624
1827 1624 1826
1824 1610 1613
1824 1613 1825
1614 1610 1824
1614 1824 1828
1821 1614 1828
1821 1828 1829
1677 1656 1658
1830 1717 1704
1830 1704 1716
1831 1701 1832
1702 1701 1831
1702 1831 1687
1686 1684 1702
1686 1702 1687
1675 1645 1660
1833 1643 1834
1566 1835 1643
1566 1643 1567
1803 1709 1836
1803 1836 1837
1574 1838 1839
1574 1839 1575
1840 1841 1842
1843 1838 1574
1843 1574 1816
1844 1845 1594
1844 1594 1597
1846 1836 1709
1846 1709 1708
1591 1590 1847
1591 1847 1848
1591 1708 1586
1591 1586 1592
1597 1575 1839
1597 1839 1844
1576 1575 1597
1576 1597 1596
1596 1609 1781
1596 1781 1576
1849 1811 1850
1851 1852 1853
1851 1853 1854
1855 1853 1852
1706 1634 1633
1852 1640 1855
1827 1826 1851
1827 1851 1856
1835 1834 1643
1857 1841 1858
1857 1858 1859
1552 1555 1569
1552 1569 1568
1860 1861 1612
1860 1612 1617
1612 1861 1862
1612 1862 1613
1863 1825 1613
1863 1613 1862
1864 1823 1825
1864 1825 1863
1616 1722 1797
1722 1611 1615
1865 1866 1815
1865 1815 1735
1703 1702 1684
1703 1684 1683
1788 1715 1703
1788 1703 1683
1693 1714 1867
1693 1867 1868
1711 1714 1693
1711 1693 1692
1869 1784 1741
1869 1741 1740
1749 1869 1866
1749 1866 1870
1871 1870 1866
1871 1866 1865
1784 1869 1749
1784 1749 1748
1779 1785 1784
1779 1784 1748
1786 1785 1779
1786 1779 1872
1667 1653 1674
1752 1751 1755
1752 1755 1782
1771 1773 1873
1771 1873 1772
1774 1694 1873
1774 1873 1773
1694 1774 1801
1694 1801 1691
1764 1770 1759
1764 1759 1761
1770 1766 1760
1770 1760 1759
1761 1874 1875
1761 1875 1762
1874 1761 1759
1874 1759 1758
1760 1817 1876
1760 1876 1757
1817 1799 1877
1817 1877 1876
1877 1799 1787
1877 1787 1786
1878 1879 1880
1878 1880 1881
1758 1757 1882
1758 1882 1880
1882 1757 1876
1882 1876 1807
1807 1876 1877
1807 1877 1808
1872 1808 1877
1872 1877 1786
1880 1879 1874
1880 1874 1758
1547 1546 1543
1547 1543 1542
1601 1584 1883
1601 1883 1602
1559 1558 1563
1559 1563 1562
1555 1557 1793
1631 1794 1793
1631 1793 1632
1668 1667 1649
1677 1653 1667
1884 1885 1707
1796 1886 1627
1887 1888 1889
1860 1617 1627
1860 1627 1890
1809 1891 1572
1809 1572 1570
1892 1893 1894
1600 1895 1896
1598 1896 1897
1898 1589 1859
1899 1857 1544
1899 1544 1547
1592 1586 1589
1592 1589 1898
1635 1805 1804
1635 1804 1636
1804 1803 1710
1804 1710 1636
1584 1583 1599
1584 1599 1883
1604 1841 1857
1604 1857 1899
1898 1900 1593
1898 1593 1592
1598 1600 1896
1901 1902 1903
1725 1724 1904
1725 1904 1902
1728 1905 1906
1728 1906 1723
1742 1745 1907
1742 1907 1746
1740 1815 1866
1740 1866 1869
1908 1840 1909
1900 1898 1859
1900 1859 1858
1708 1591 1848
1708 1848 1846
1651 1855 1634
1855 1910 1634
1635 1634 1910
1635 1910 1911
1910 1855 1640
1910 1640 1642
1642 1911 1910
1912 1911 1833
1912 1833 1638
1852 1851 1826
1852 1826 1641
1853 1650 1854
1913 1914 1905
1913 1905 1728
1915 1916 1914
1915 1914 1913
1917 1918 1916
1917 1916 1915
1919 1920 1918
1919 1918 1917
1921 1922 1920
1921 1920 1919
1739 1913 1728
1739 1728 1727
1608 1915 1913
1608 1913 1739
1595 1917 1915
1595 1915 1608
1594 1919 1917
1594 1917 1595
1845 1921 1919
1845 1919 1594
1923 1924 1925
1923 1925 1926
1735 1725 1865
1927 1928 1929
1927 1929 1930
1931 1932 1929
1931 1929 1928
1868 1873 1694
1868 1694 1693
1714 1933 1867
1713 1934 1933
1788 1772 1873
1788 1873 1868
1715 1788 1868
1715 1868 1867
1716 1715 1867
1716 1867 1933
1830 1716 1933
1830 1933 1934
1679 1935 1655
1679 1654 1680
1936 1680 1937
1885 1705 1707
1654 1658 1657
1654 1653 1658
1658 1653 1677
1706 1652 1651
1676 1656 1677
1673 1666 1671
1671 1811 1938
1849 1938 1811
1666 1810 1671
1668 1939 1810
1810 1939 1940
1619 1618 1823
1645 1675 1935
1828 1824 1618
1618 1941 1828
1665 1620 1942
1937 1943 1936
1944 1644 1646
1678 1680 1936
1945 1644 1944
1946 1935 1679
1946 1679 1678
1645 1935 1946
1645 1946 1646
1947 1680 1654
1661 1697 1695
1661 1663 1698
1948 1843 1816
1948 1816 1949
1803 1950 1710
1951 1688 1687
1951 1687 1831
1689 1688 1951
1689 1951 1949
1816 1607 1689
1816 1689 1949
1949 1951 1952
1949 1952 1948
1593 1900 1953
1647 1649 1674
1673 1667 1666
1649 1667 1674
1653 1655 1675
1653 1675 1674
1673 1677 1667
1647 1674 1660
1859 1544 1857
1954 1638 1833
1954 1833 1834
1806 1955 1882
1806 1882 1807
1598 1956 1957
1897 1958 1956
1897 1956 1598
1959 1960 1603
1959 1603 1602
1883 1961 1959
1883 1959 1602
1769 1754 1799
1769 1799 1817
1755 1754 1769
1755 1769 1768
1782 1755 1768
1782 1768 1681
1870 1871 1743
1870 1743 1742
1907 1962 1747
1907 1747 1746
1962 1963 1778
1962 1778 1747
1872 1779 1778
1872 1778 1777
1964 1743 1901
1749 1870 1742
1749 1742 1746
1872 1777 1808
1822 1965 1818
1966 1967 1879
1966 1879 1968
1875 1874 1967
1969 1924 1923
1969 1923 1906
1970 1969 1906
1970 1906 1905
1971 1970 1905
1971 1905 1914
1972 1971 1914
1972 1914 1916
1973 1972 1916
1973 1916 1918
1974 1973 1918
1974 1918 1920
1975 1974 1920
1975 1920 1922
1976 1977 1978
1976 1978 1979
1980 1981 1909
1980 1909 1842
1777 1778 1963
1777 1963 1775
1982 1983 1791
1982 1791 1790
1881 1880 1882
1881 1882 1955
1903 1984 1964
1903 1964 1901
1791 1983 1904
1791 1904 1926
1968 1879 1878
1792 1791 1926
1792 1926 1925
1985 1893 1986
1985 1987 1988
1989 1990 1991
1893 1892 1986
1992 1993 1994
1995 1991 1990
1996 1997 1998
1996 1998 1999
2000 1998 1997
1795 1798 1998
1798 2001 1999
1798 1999 1998
2002 1991 1995
2000 1995 1796
1886 1796 2003
2004 1988 1987
2004 1987 2005
2006 2007 2008
2009 2004 2005
2009 2005 2010
1994 2011 2008
1842 1603 1960
1842 1960 1980
1858 1840 1900
1953 1908 2012
2013 1978 1977
2013 1977 1908
1724 1923 1926
1724 1926 1904
1723 1906 1923
1723 1923 1724
1953 2012 1590
1953 1590 1593
1618 1620 1941
2014 1891 1629
2014 1629 1628
2014 2015 1891
1573 1572 2015
1600 1582 1895
1582 1600 1583
1961 1883 1599
1961 1599 1957
1639 1638 1954
1805 1635 1911
1805 1911 1912
1588 1805 1912
1588 1912 2016
1558 1581 1563
1585 1541 1563
1585 1563 1581
2017 1542 1541
2017 1541 1585
1899 1547 1542
1899 1542 2017
2018 1545 2019
2017 1585 1584
2017 1584 1601
1604 1899 2017
1604 2017 1601
1589 1588 2016
1589 2016 2020
1841 1604 1603
1841 1603 1842
1545 1544 2019
1809 1794 1631
1809 1631 1630
1629 1891 1809
1629 1809 1630
1875 1928 1927
1875 1967 1931
1932 1931 1967
1932 1967 1966
1927 1930 1812
1927 1812 1762
2001 1798 1818
2001 1818 1965
2021 2022 1894
1983 1982 1984
1983 1984 1903
1903 1904 1983
1903 1902 1904
1793 1720 1632
1831 1832 2023
1719 1710 1950
2024 2025 2026
2024 2026 2027
2027 2026 2028
2027 2028 2029
2029 2028 2030
2029 2030 2031
2030 2032 2033
2030 2033 2031
2033 2032 2034
2033 2034 2035
2034 2036 2037
2034 2037 2035
2036 2038 2039
2036 2039 2037
2038 2040 2041
2038 2041 2039
2042 2043 2041
2042 2041 2040
2043 2042 2044
2044 2042 2045
2023 1951 1831
2046 2047 2048
2046 2048 2049
1619 1823 1864
2022 1892 1894
1887 2015 2014
1985 2050 1987
1995 1990 2051
2051 1990 2052
2022 2021 2053
2053 2021 2054
2053 2054 2055
2055 2054 2056
2055 2056 2057
2056 2058 2059
2056 2059 2057
2059 2058 2060
2059 2060 2061
2060 2062 2063
2060 2063 2061
1823 1618 1824
1947 1654 1657
2064 1706 1705
1672 1671 1938
1856 1851 1854
1945 1659 1644
1680 1947 1937
1679 1655 1654
1675 1655 1935
1661 1698 1697
1659 1670 1660
1647 1670 1648
1669 1939 1668
1673 1672 1676
1666 1668 1810
1810 1940 1811
1811 1940 1850
2065 1945 1944
1714 1713 1933
1620 1819 1941
1941 1829 1828
1664 1620 1665
1619 1942 1620
1664 2066 1819
2067 1664 1662
1696 1664 2067
1662 1661 2067
2067 1661 1696
1664 1696 2066
1645 1644 1660
1989 2052 1990
2015 1572 1891
1701 1718 1832
2023 1952 1951
1719 1884 1707
1803 1837 1950
1744 1743 1964
1777 1776 1808
1743 1871 1901
2068 2012 1977
2068 1977 1976
2012 1847 1590
2012 2068 1847
1833 1642 1643
1637 1912 1638
1642 1833 1911
1912 1637 2016
2016 2019 2020
2020 1859 1589
1544 2020 2019
1859 2020 1544
1908 1977 2012
1953 1840 1908
1840 1953 1900
1981 2013 1908
1981 1908 1909
1840 1858 1841
1840 1842 1909
2019 1637 1639
2019 1639 2018
2016 1637 2019
1600 1599 1583
1579 2069 1582
1558 1561 1578
1720 1802 1624
1720 1624 1623
1820 1822 1721
1722 1616 1611
1540 1543 2070
1540 2070 2071
1546 1545 2072
1546 2072 2073
1549 1548 2074
1549 2074 2075
1554 1553 2076
1554 2076 2077
1556 1554 2077
1556 2077 2078
1548 1556 2078
1548 2078 2074
1560 1559 2079
1560 2079 2080
1562 1540 2071
1562 2071 2081
1566 1565 2082
1566 2082 2083
1565 1549 2075
1565 2075 2082
1835 1566 2083
1835 2083 2084
1834 1835 2084
1834 2084 2085
1543 1546 2073
1543 2073 2070
1559 1562 2081
1559 2081 2079
1954 1834 2085
1954 2085 2086
1639 1954 2086
1639 2086 2087
2018 1639 2087
2018 2087 2088
1545 2018 2088
1545 2088 2072
2089 2090 2091
2092 2093 2094
2095 2096 2097
2098 2099 2100
2101 2102 2103
2104 2105 2106
2107 2108 2109
2110 2111 2112
2113 2114 2115
2091 2094 2116
2091 2116 2117
2094 2118 2119
2094 2119 2116
2097 2109 2120
2097 2120 2121
2100 2097 2121
2100 2121 2122
2103 2100 2122
2103 2122 2123
2106 2103 2123
2106 2123 2124
2109 2091 2117
2109 2117 2120
2112 2106 2124
2112 2124 2125
2115 2112 2125
2115 2125 2126
2116 2127 2128
2116 2128 2117
2119 2129 2127
2119 2127 2116
2120 2130 2131
2120 2131 2121
2122 2121 2131
2122 2131 2132
2123 2122 2132
2123 2132 2133
2124 2123 2133
2124 2133 2134
2120 2117 2128
2120 2128 2130
2125 2124 2134
2125 2134 2135
2126 2125 2135
2126 2135 2136
1706 1633 1707
1706 1651 1634
1706 2064 1652
1855 1651 1853
1650 1853 1651
1852 1641 1640
2090 2092 2094
2090 2094 2091
2108 2089 2091
2108 2091 2109
2096 2107 2109
2096 2109 2097
2099 2095 2097
2099 2097 2100
2102 2098 2100
2102 2100 2103
2105 2101 2103
2105 2103 2106
2093 2137 2118
2093 2118 2094
2111 2104 2106
2111 2106 2112
2114 2110 2112
2114 2112 2115
2006 2008 2011
1994 1993 2011
1627 1616 1797
1722 1818 1797
2002 1995 2000
1995 2051 2003
2003 1796 1995
2000 1796 1795
1627 1886 1890
1797 1796 1627
1798 1797 1818
1795 1998 2000
2000 1997 2002
1985 1986 2050
1896 1895 2138
1895 1582 2069
1887 1889 2015
1573 2015 1889
1598 1957 1599
1581 1582 1583
2138 2139 1896
2139 2140 1897
2139 1897 1896
2140 2141 1958
2140 1958 1897
1242 674 1403
702 675 1242
787 618 621
1227 1221 613
636 774 677
1228 613 1277
1277 612 1274
651 611 649
608 607 719
606 658 664
661 664 658
650 649 647
503 206 208
311 357 501
316 358 503
204 206 360
2142 2143 2144
2145 2146 2147
2148 2149 2150
2151 2152 2144
2153 2154 2155
2156 2157 2158
2156 2158 2159
2160 2161 2162
2163 2164 2165
2159 2166 2167
2168 2147 2169
2170 2171 2172
2173 2174 2175
2176 2177 2178
2179 2180 2181
2164 2182 2165
2183 2184 2172
2183 2172 2171
2185 2186 2187
2188 2189 2190
2191 2192 2193
2194 2195 2196
2197 2198 2199
2200 2201 2202
2154 2203 2155
2169 2204 2148
2190 2189 2205
2190 2205 2206
2207 2208 2180
2172 2184 2209
2172 2209 2210
2210 2209 2211
2146 2145 2202
2212 2213 2214
2215 2216 2217
2218 2219 2220
2215 2206 2216
2188 2186 2185
2188 2185 2189
2205 2189 2185
2205 2185 2221
2222 2172 2210
2192 2223 2212
2224 2181 2225
2205 2222 2226
2227 2209 2228
2199 2203 2202
2154 2150 2149
2229 2230 2231
2166 2159 2232
2159 2158 2233
2234 2231 2235
2235 2231 2236
2231 2232 2236
2232 2233 2237
2148 2238 2169
2238 2239 2240
2241 2242 2243
2174 2224 2225
2244 2245 2246
2244 2246 2247
2248 2249 2247
2248 2247 2246
2250 2251 2252
2250 2252 2253
2254 2255 2161
2256 2257 2240
2160 2162 2258
2259 2260 2192
2173 2177 2176
2261 2208 2207
2187 2262 2221
2187 2221 2185
2263 2245 2244
2263 2244 2228
2264 2265 2266
2240 2239 2267
2240 2267 2256
2268 2269 2240
2264 2243 2265
2206 2215 2190
2270 2226 2271
2270 2206 2226
2190 2272 2273
2222 2210 2226
2222 2205 2221
2222 2221 2170
2228 2244 2274
2228 2274 2227
2244 2247 2275
2244 2275 2274
2249 2276 2275
2249 2275 2247
2277 2252 2161
2277 2161 2160
2277 2278 2253
2277 2253 2252
2162 2255 2157
2166 2230 2167
2183 2263 2184
2184 2228 2209
2161 2252 2251
2161 2251 2254
2195 2279 2197
2146 2202 2203
2280 2281 2260
2280 2260 2220
2199 2282 2203
2238 2148 2235
2238 2235 2236
2239 2238 2236
2239 2236 2237
2267 2239 2237
2267 2237 2283
2260 2281 2192
2150 2154 2284
2204 2146 2149
2281 2223 2192
2199 2285 2197
2286 2142 2287
2288 2287 2242
2289 2229 2234
2184 2263 2228
2271 2226 2210
2170 2172 2222
2205 2226 2206
2170 2221 2262
2214 2272 2215
2162 2161 2255
2258 2162 2156
2156 2162 2157
2159 2167 2290
2166 2232 2231
2159 2290 2156
2150 2234 2235
2149 2148 2204
2168 2169 2269
2268 2240 2257
2202 2201 2199
2150 2284 2291
2149 2146 2154
2238 2240 2269
2148 2150 2235
2150 2291 2234
2146 2203 2154
2238 2269 2169
2216 2206 2292
2215 2293 2214
2190 2215 2272
2211 2209 2227
2154 2153 2284
2203 2282 2155
2282 2199 2294
2199 2198 2294
2198 2197 2295
2197 2279 2295
2279 2195 2296
2219 2218 2297
2218 2260 2298
2260 2259 2298
2259 2192 2191
2193 2192 2214
2193 2214 2293
2215 2217 2293
2292 2206 2270
2210 2211 2271
2229 2231 2234
2236 2232 2237
2237 2233 2283
2159 2233 2232
2234 2291 2289
2151 2164 2163
2285 2199 2201
2182 2176 2178
2219 2299 2280
2219 2280 2220
2175 2174 2225
2179 2181 2224
2300 2180 2179
2241 2243 2264
2218 2220 2260
2301 2173 2175
2192 2212 2214
2214 2213 2272
2273 2272 2213
2261 2302 2208
2173 2301 2177
2303 2182 2178
2182 2303 2165
2152 2151 2163
2196 2195 2197
2197 2285 2196
2286 2143 2142
2288 2286 2287
2288 2242 2241
2300 2207 2180
2188 2190 2273
2304 2305 2306
2304 2306 2307
2308 2309 2310
2308 2310 2311
2312 2313 2314
2312 2314 2315
2310 2316 2317
2310 2317 2311
2318 2309 2308
2318 2308 2319
2320 2321 2322
2320 2322 2323
2324 2325 2326
2324 2326 2327
2307 2306 2312
2307 2312 2315
2314 2313 2318
2314 2318 2319
2317 2316 2328
2317 2328 2329
2329 2328 2330
2329 2330 2331
2327 2326 2332
2327 2332 2333
2334 2335 2305
2334 2305 2304
2336 2337 2335
2336 2335 2334
2333 2332 2337
2333 2337 2336
2330 2320 2323
2330 2323 2331
2231 2230 2166
2258 2156 2290
2338 2339 2340
2341 2342 2343
2344 2345 2346
2347 2340 2348
2349 2350 2351
2352 2353 2158
2352 2158 2157
2354 2355 2356
2357 2358 2359
2353 2360 2361
2362 2363 2342
2170 2364 2171
2365 2366 2367
2368 2369 2370
2371 2372 2373
2359 2374 2375
2183 2171 2364
2183 2364 2376
2377 2187 2378
2379 2380 2381
2382 2383 2384
2385 2386 2387
2388 2389 2390
2391 2392 2393
2351 2350 2394
2363 2344 2343
2395 2396 2397
2395 2397 2381
2398 2399 2302
2364 2400 2401
2364 2401 2376
2400 2402 2401
2403 2392 2391
2404 2405 2406
2407 2408 2409
2410 2411 2387
2407 2409 2396
2379 2381 2377
2397 2412 2377
2397 2377 2381
2413 2400 2364
2384 2405 2414
2415 2416 2372
2397 2417 2413
2418 2419 2401
2389 2392 2394
2351 2346 2345
2420 2421 2422
2361 2423 2353
2353 2233 2158
2424 2425 2421
2425 2426 2421
2421 2426 2423
2423 2427 2233
2344 2363 2428
2428 2429 2430
2431 2432 2433
2367 2416 2415
2434 2435 2246
2434 2246 2245
2248 2246 2435
2248 2435 2436
2250 2437 2438
2250 2438 2251
2254 2356 2255
2256 2429 2439
2354 2440 2355
2441 2384 2442
2365 2368 2370
2261 2398 2302
2187 2377 2412
2187 2412 2262
2263 2419 2434
2263 2434 2245
2443 2266 2432
2429 2256 2267
2429 2267 2430
2439 2429 2444
2396 2395 2407
2445 2446 2417
2445 2417 2396
2395 2380 2406
2413 2417 2400
2413 2412 2397
2413 2170 2412
2419 2418 2447
2419 2447 2434
2434 2447 2448
2434 2448 2435
2436 2435 2448
2436 2448 2449
2450 2354 2356
2450 2356 2438
2450 2438 2437
2450 2437 2451
2355 2157 2255
2361 2360 2422
2183 2376 2263
2376 2401 2419
2356 2254 2251
2356 2251 2438
2387 2452 2453
2403 2394 2392
2411 2442 2454
2389 2394 2455
2428 2426 2425
2428 2425 2344
2430 2427 2426
2430 2426 2428
2267 2283 2427
2267 2427 2430
2442 2384 2456
2345 2457 2351
2343 2403 2341
2343 2346 2403
2456 2384 2414
2389 2388 2458
2459 2460 2338
2461 2433 2460
2462 2424 2420
2376 2419 2263
2446 2400 2417
2170 2413 2364
2397 2396 2417
2170 2262 2412
2405 2407 2406
2355 2255 2356
2440 2352 2355
2352 2157 2355
2353 2463 2360
2361 2421 2423
2353 2352 2463
2345 2425 2424
2346 2343 2344
2362 2439 2444
2392 2389 2393
2345 2464 2457
2346 2351 2403
2428 2444 2429
2344 2425 2345
2345 2424 2464
2403 2351 2394
2428 2363 2444
2409 2465 2396
2407 2405 2466
2395 2406 2407
2402 2418 2401
2351 2457 2349
2394 2350 2455
2455 2467 2389
2389 2467 2390
2390 2468 2388
2452 2469 2453
2453 2470 2387
2387 2470 2410
2410 2471 2442
2442 2471 2441
2441 2382 2384
2383 2405 2384
2383 2466 2405
2407 2466 2408
2465 2445 2396
2400 2446 2402
2420 2424 2421
2426 2427 2423
2427 2283 2233
2353 2423 2233
2424 2462 2464
2347 2357 2359
2458 2393 2389
2375 2472 2473
2454 2385 2411
2474 2416 2367
2371 2415 2372
2431 2443 2432
2410 2442 2411
2380 2475 2406
2365 2370 2366
2476 2472 2375
2375 2374 2476
2348 2357 2347
2386 2452 2387
2452 2386 2477
2459 2338 2340
2461 2460 2459
2461 2431 2433
2373 2399 2398
2478 2479 2480
2478 2480 2481
2482 2483 2484
2482 2484 2485
2486 2487 2488
2486 2488 2489
2484 2483 2490
2484 2490 2491
2492 2493 2482
2492 2482 2485
2494 2495 2322
2494 2322 2321
2324 2496 2497
2324 2497 2325
2479 2487 2486
2479 2486 2480
2488 2498 2499
2488 2499 2489
2490 2500 2501
2490 2501 2491
2500 2502 2503
2500 2503 2501
2496 2504 2505
2496 2505 2497
2506 2478 2481
2506 2481 2507
2508 2506 2507
2508 2507 2509
2504 2508 2509
2504 2509 2505
2503 2502 2495
2503 2495 2494
2421 2361 2422
2440 2463 2352
2359 2358 2374
2367 2366 2474
2414 2405 2404
2404 2406 2475
2187 2186 2378
2379 2377 2378
2381 2380 2395
2373 2372 2399
2454 2442 2456
2411 2385 2387
2388 2510 2458
2348 2340 2339
2403 2391 2341
2342 2363 2343
2362 2444 2363
2256 2439 2257
2168 2269 2268
2147 2146 2204
2151 2144 2143
2169 2147 2204
2202 2145 2200
2432 2266 2265
2511 2512 2513
2511 2513 2514
2515 2516 2517
2515 2517 2518
2519 2520 2521
2522 2523 2524
2522 2524 2525
2526 2527 2528
2529 2530 2531
2529 2531 2532
2533 2534 2535
2536 2537 2538
2536 2538 2539
2540 2541 2542
2540 2542 2543
2544 2545 2542
2544 2542 2546
2547 2548 2549
2547 2549 2546
2550 2551 2552
2550 2552 2553
2554 2555 2556
2554 2556 2557
2558 2559 2560
2558 2560 2561
2562 2560 2559
2562 2559 2563
2556 2564 2565
2556 2565 2566
2557 2556 2566
2557 2566 2567
2568 2569 2570
2568 2570 2571
2549 2572 2573
2549 2573 2574
2572 2549 2548
2572 2548 2575
2576 2577 2578
2576 2578 2579
2580 2581 2550
2580 2550 2553
2582 2583 2584
2582 2584 2585
2586 2587 2588
2586 2588 2589
2590 2591 2513
2590 2513 2512
2592 2593 2594
2592 2594 2595
2596 2597 2569
2596 2569 2568
2598 2599 2585
2598 2585 2584
2592 2600 2601
2592 2601 2593
2602 2603 2604
2602 2604 2605
2606 2607 2608
2606 2608 2609
2610 2603 2602
2610 2602 2611
2612 2613 2614
2612 2614 2615
2616 2617 2618
2616 2618 2619
2620 2609 2608
2620 2608 2621
2622 2623 2624
2622 2624 2625
2626 2627 2628
2626 2628 2629
2619 2618 2630
2619 2630 2631
2632 2633 2634
2632 2634 2625
2635 2636 2637
2635 2637 2638
2618 2617 2636
2618 2636 2635
2630 2618 2635
2630 2635 2639
2639 2635 2638
2639 2638 2640
2630 2639 2641
2630 2641 2642
2643 2644 2645
2643 2645 2646
2647 2646 2636
2647 2636 2617
2640 2648 2641
2640 2641 2639
2649 2650 2651
2649 2651 2652
2653 2654 2652
2653 2652 2651
2655 2656 2657
2655 2657 2658
2659 2660 2657
2659 2657 2656
2661 2662 2663
2661 2663 2664
2664 2665 2666
2664 2666 2667
2668 2669 2670
2668 2670 2671
2667 2672 2661
2667 2661 2664
2673 2674 2675
2673 2675 2676
2677 2678 2675
2677 2675 2674
2679 2666 2665
2679 2665 2680
2681 2682 2673
2681 2673 2676
2683 2684 2658
2683 2658 2685
2686 2655 2658
2686 2658 2684
2653 2687 2688
2653 2688 2654
2631 2630 2642
2631 2642 2689
2690 2622 2625
2690 2625 2634
2632 2691 2640
2632 2640 2638
2692 2693 2694
2692 2694 2695
2631 2689 2696
2631 2696 2697
2684 2698 2699
2684 2699 2686
2697 2700 2619
2697 2619 2631
2701 2698 2684
2701 2684 2683
2619 2700 2702
2619 2702 2616
2703 2704 2682
2703 2682 2681
2705 2703 2681
2705 2681 2679
2688 2687 2706
2688 2706 2707
2708 2513 2591
2709 2512 2511
2709 2511 2516
2710 2711 2609
2710 2609 2620
2606 2609 2711
2606 2711 2712
2713 2615 2614
2713 2614 2714
2715 2716 2717
2717 2716 2718
2717 2718 2719
2720 2721 2722
2720 2722 2723
2720 2723 2724
2720 2724 2725
2721 2726 2727
2721 2727 2722
2728 2729 2730
2728 2730 2731
2732 2733 2734
2732 2734 2735
2733 2732 2736
2733 2736 2737
2738 2739 2740
2738 2740 2741
2742 2743 2737
2742 2737 2736
2744 2745 2746
2744 2746 2747
2748 2749 2750
2748 2750 2751
2749 2748 2752
2749 2752 2753
2754 2755 2756
2754 2756 2757
2758 2759 2755
2758 2755 2754
2750 2749 2760
2750 2760 2761
2749 2753 2762
2749 2762 2760
2763 2756 2764
2765 2755 2759
2765 2759 2766
2761 2760 2767
2761 2767 2768
2767 2760 2762
2767 2762 2769
2770 2771 2763
2770 2763 2764
2772 2765 2766
2772 2766 2773
2774 2775 2776
2774 2776 2777
2778 2779 2780
2778 2780 2781
2782 2783 2784
2782 2784 2785
2786 2787 2782
2786 2782 2785
2788 2789 2790
2788 2790 2791
2788 2791 2792
2788 2792 2793
2794 2795 2796
2794 2796 2797
2734 2733 2795
2734 2795 2794
2722 2727 2798
2722 2798 2799
2799 2798 2800
2799 2800 2801
2802 2803 2796
2802 2796 2795
2733 2737 2802
2733 2802 2795
2722 2799 2804
2722 2804 2723
2805 2804 2799
2805 2799 2801
2803 2802 2806
2803 2806 2807
2737 2743 2806
2737 2806 2802
2724 2723 2804
2724 2804 2808
2808 2804 2805
2808 2805 2809
2810 2811 2812
2810 2812 2813
2746 2813 2812
2746 2812 2747
2814 2728 2731
2814 2731 2815
2814 2815 2816
2814 2816 2817
2818 2819 2820
2818 2820 2821
2820 2819 2738
2820 2738 2741
2822 2823 2811
2822 2811 2810
2824 2825 2818
2824 2818 2821
2826 2803 2807
2826 2807 2827
2828 2796 2803
2828 2803 2826
2829 2830 2817
2829 2817 2816
2796 2828 2831
2796 2831 2797
2832 2833 2809
2832 2809 2805
2834 2835 2801
2834 2801 2800
2740 2729 2728
2740 2728 2741
2787 2789 2788
2787 2788 2782
2793 2836 2837
2793 2837 2783
2817 2821 2820
2817 2820 2814
2814 2820 2741
2814 2741 2728
2830 2824 2821
2830 2821 2817
2838 2839 2840
2838 2840 2841
2842 2843 2844
2842 2844 2845
2846 2847 2848
2846 2848 2849
2850 2842 2845
2851 2852 2853
2851 2853 2854
2849 2848 2855
2849 2855 2856
2857 2858 2852
2857 2852 2851
2841 2859 2858
2841 2858 2857
2833 2832 2860
2833 2860 2861
2833 2861 2862
2833 2862 2829
2832 2835 2863
2832 2863 2860
2825 2824 2864
2825 2864 2865
2828 2866 2867
2828 2867 2831
2823 2822 2868
2869 2716 2870
2869 2870 2871
2827 2869 2826
2824 2830 2872
2824 2872 2864
2721 2720 2766
2721 2766 2759
2720 2725 2773
2720 2773 2766
2726 2721 2759
2726 2759 2758
2730 2729 2787
2730 2787 2786
2732 2735 2751
2732 2751 2750
2736 2732 2750
2736 2750 2761
2740 2739 2790
2740 2790 2789
2742 2736 2761
2742 2761 2768
2745 2744 2775
2745 2775 2774
2729 2740 2789
2729 2789 2787
2695 2650 2649
2695 2649 2692
2691 2624 2873
2691 2873 2874
2672 2604 2603
2672 2603 2661
2875 2876 2877
2875 2877 2878
2874 2873 2878
2874 2878 2877
2872 2862 2879
2872 2879 2880
2881 2694 2693
2881 2693 2882
2883 2884 2565
2883 2565 2564
2885 2597 2596
2885 2596 2886
2887 2888 2614
2887 2614 2613
2714 2614 2888
2714 2888 2889
2673 2682 2890
2673 2890 2891
2674 2673 2891
2674 2891 2668
2677 2674 2668
2677 2668 2671
2682 2704 2892
2682 2892 2890
2831 2867 2893
2831 2893 2834
2734 2794 2798
2734 2798 2727
2727 2726 2735
2727 2735 2734
2726 2758 2751
2726 2751 2735
2748 2751 2758
2748 2758 2754
2754 2757 2752
2754 2752 2748
2894 2895 2840
2894 2840 2896
2794 2797 2800
2794 2800 2798
2797 2831 2834
2797 2834 2800
2883 2558 2561
2883 2561 2884
2594 2885 2886
2594 2886 2595
2892 2701 2683
2892 2683 2890
2890 2683 2685
2890 2685 2891
2669 2668 2891
2669 2891 2685
2669 2685 2658
2669 2658 2657
2670 2669 2657
2670 2657 2660
2607 2897 2670
2607 2670 2660
2897 2607 2606
2897 2606 2898
2833 2829 2816
2833 2816 2809
2815 2808 2809
2815 2809 2816
2731 2724 2808
2731 2808 2815
2730 2725 2724
2730 2724 2731
2725 2730 2786
2725 2786 2773
2773 2786 2785
2773 2785 2772
2785 2784 2770
2785 2770 2772
2899 2527 2900
2899 2900 2554
2567 2901 2902
2567 2902 2557
2570 2903 2904
2570 2904 2571
2680 2905 2705
2680 2705 2679
2899 2902 2906
2899 2906 2907
2908 2906 2902
2908 2902 2901
2903 2909 2910
2903 2910 2904
2911 2905 2680
2911 2680 2912
2665 2913 2912
2665 2912 2680
2664 2663 2913
2664 2913 2665
2550 2914 2915
2550 2915 2551
2916 2917 2918
2579 2706 2919
2579 2919 2920
2579 2578 2707
2579 2707 2706
2905 2911 2909
2905 2909 2903
2705 2905 2903
2705 2903 2570
2705 2570 2569
2705 2569 2703
2597 2704 2703
2597 2703 2569
2885 2892 2704
2885 2704 2597
2701 2892 2885
2701 2885 2594
2701 2594 2593
2701 2593 2698
2698 2593 2601
2698 2601 2699
2697 2582 2585
2697 2585 2700
2599 2702 2700
2599 2700 2585
2583 2573 2572
2583 2572 2584
2592 2560 2562
2592 2562 2600
2595 2561 2560
2595 2560 2592
2884 2886 2596
2884 2596 2565
2565 2596 2568
2565 2568 2566
2566 2568 2571
2566 2571 2567
2567 2571 2904
2567 2904 2901
2901 2904 2910
2901 2910 2908
2581 2580 2577
2581 2577 2576
2598 2575 2921
2598 2921 2922
2575 2598 2584
2575 2584 2572
2638 2637 2633
2638 2633 2632
2625 2624 2691
2625 2691 2632
2626 2645 2644
2626 2644 2627
2648 2640 2691
2648 2691 2874
2607 2660 2659
2607 2659 2608
2610 2662 2661
2610 2661 2603
2672 2678 2612
2672 2612 2604
2923 2924 2623
2923 2623 2622
2925 2923 2622
2925 2622 2690
2926 2927 2928
2926 2928 2929
2930 2931 2932
2930 2932 2933
2934 2935 2936
2937 2856 2855
2937 2855 2938
2939 2940 2941
2939 2941 2942
2896 2943 2944
2896 2944 2844
2945 2946 2947
2676 2666 2679
2676 2679 2681
2667 2666 2676
2667 2676 2675
2615 2605 2604
2615 2604 2612
2889 2888 2898
2889 2898 2948
2949 2916 2918
2629 2628 2950
2629 2950 2951
2880 2879 2924
2880 2924 2923
2952 2880 2923
2952 2923 2925
2953 2952 2925
2953 2925 2954
2876 2710 2620
2876 2620 2877
2621 2874 2877
2621 2877 2620
2925 2690 2955
2925 2955 2954
2629 2955 2956
2629 2956 2626
2956 2634 2633
2956 2633 2626
2645 2626 2633
2645 2633 2637
2636 2646 2645
2636 2645 2637
2957 2958 2917
2959 2921 2575
2959 2575 2548
2922 2960 2599
2922 2599 2598
2960 2961 2702
2960 2702 2599
2961 2962 2616
2961 2616 2702
2962 2647 2617
2962 2617 2616
2962 2961 2963
2962 2963 2964
2964 2965 2647
2964 2647 2962
2646 2647 2965
2646 2965 2643
2543 2966 2957
2543 2957 2540
2543 2967 2968
2543 2968 2966
2694 2969 2970
2694 2970 2695
2650 2971 2972
2650 2972 2651
2965 2973 2972
2965 2972 2643
2745 2974 2975
2745 2975 2746
2790 2976 2977
2790 2977 2791
2978 2979 2792
2978 2792 2980
2818 2981 2982
2818 2982 2819
2819 2982 2975
2819 2975 2738
2825 2983 2981
2825 2981 2818
2984 2941 2940
2984 2940 2985
2986 2987 2988
2986 2988 2865
2774 2976 2974
2774 2974 2745
2644 2971 2970
2644 2970 2627
2950 2628 2969
2950 2969 2989
2655 2686 2990
2655 2990 2991
2659 2992 2621
2659 2621 2608
2993 2992 2659
2993 2659 2656
2655 2991 2993
2655 2993 2656
2994 2990 2686
2994 2686 2699
2955 2690 2634
2955 2634 2956
2873 2624 2623
2873 2623 2878
2878 2623 2924
2878 2924 2875
2995 2518 2996
2997 2966 2998
2999 2957 3000
2999 3001 2957
3002 3003 2861
3002 2861 2860
3004 2862 2861
3004 2861 3003
3005 3002 2860
3005 2860 2863
2952 2953 3006
2952 3006 2864
3007 3008 3009
3007 3009 3010
3011 3012 2868
3011 2868 3013
3014 2716 2869
2952 2864 2872
2952 2872 2880
2830 2829 2862
2830 2862 2872
3010 3009 3015
3010 3015 3016
2822 2983 2988
2822 2988 3013
3017 2946 2945
3018 2525 3019
3020 3021 3022
3020 3022 3023
3023 2945 3024
2513 3025 2514
3026 3027 3025
3026 3025 3028
2525 3018 2522
3029 2517 3030
3021 3020 3031
3032 2563 2559
3032 2559 2590
2561 2595 2886
2561 2886 2884
2992 2648 2874
2992 2874 2621
2993 2641 2648
2993 2648 2992
2991 2642 2641
2991 2641 2993
2990 2689 2642
2990 2642 2991
2696 2689 2990
2696 2990 2994
3033 2696 2994
3033 2994 3034
3035 3033 3034
3035 3034 3036
2587 3035 3036
2587 3036 2588
3037 2532 2531
3037 3022 3021
3037 3021 3038
3038 3028 3037
3025 2513 2708
3017 2900 2946
2883 2529 3039
2555 2530 2564
2555 2564 2556
2574 2544 2546
2574 2546 2549
2541 2547 2546
2541 2546 2542
2551 2536 2539
2551 2539 2552
2559 2558 2591
2558 3039 2591
2899 2554 2557
2899 2557 2902
2907 2528 2899
3040 3041 3042
3040 3042 2915
2709 3032 2590
2709 2590 2512
3043 2586 2589
3043 2589 3044
3045 3043 3044
3045 3044 3046
3047 3045 3046
3047 3046 2515
3048 3047 2515
3048 2515 2518
2518 2995 3049
2582 2697 2696
2582 2696 3033
2583 2582 3033
2583 3033 3035
2573 2583 3035
2573 3035 2587
2574 2573 2587
2574 2587 2586
2544 2574 2586
2544 2586 3043
2545 2544 3043
2545 3043 3045
2967 2545 3045
2967 3045 3047
2968 2967 3047
2968 3047 3048
3048 3050 3051
2687 2653 2973
2687 2973 3052
2963 2919 3052
2963 3052 2964
3053 3054 2920
3053 2920 3055
2581 2576 3054
2581 3054 3056
3057 2914 3056
3057 3056 3058
3055 2963 2961
3055 2961 2960
2922 3053 3055
2922 3055 2960
3058 3053 2922
3058 2922 2921
3057 3058 2921
3057 2921 2959
3059 3040 3057
3059 3057 2959
3041 3040 3059
3041 3059 3060
2916 3041 3060
2916 3060 2917
3059 2959 2548
3059 2548 2547
3060 3059 2547
3060 2547 2541
2917 3060 2541
2917 2541 2540
2601 3034 2994
2601 2994 2699
3036 3034 2601
3036 2601 2600
2588 3036 2600
2588 2600 2562
2563 2589 2588
2563 2588 2562
3044 2589 2563
3044 2563 3032
2709 3046 3044
2709 3044 3032
3004 3061 2879
3004 2879 2862
2865 2864 3006
2865 3006 2986
3061 2875 2924
3061 2924 2879
3006 2953 2954
3006 2954 2951
2711 2710 3003
2711 3003 3002
3005 2712 2711
3005 2711 3002
2717 2719 2611
2717 2611 2602
3011 2881 2882
3011 2882 3012
2951 2950 2986
2951 2986 3006
2950 2989 2987
2950 2987 2986
2629 2951 2954
2629 2954 2955
2875 3061 3004
2875 3004 2876
3003 2710 2876
3003 2876 3004
2948 2898 2606
2948 2606 2712
2713 2715 2605
2713 2605 2615
2887 2897 2898
2887 2898 2888
2670 2897 2887
2670 2887 2671
3008 2713 2714
3008 2714 3009
3009 2714 2889
3009 2889 3015
3015 2889 2948
3015 2948 3062
2715 2713 3008
2715 3008 2870
2605 2715 2717
2605 2717 2602
3062 2948 2712
3062 2712 3005
2671 2887 2613
2671 2613 2677
2677 2613 2612
2677 2612 2678
3007 2871 2870
3007 2870 3008
2869 2866 2828
2869 2828 2826
2678 2672 2667
2678 2667 2675
3063 2946 2527
3064 2527 2526
2536 3042 3065
2533 2511 2514
2533 2514 2534
3020 3024 3031
2545 2967 2543
2545 2543 2542
2516 2511 2533
2516 2533 2517
2709 2516 2515
2709 2515 3046
3038 3021 3019
2514 3027 2521
2514 2521 2534
2525 2524 3026
2866 3007 3010
2866 3010 2867
2867 3010 3016
2867 3016 2893
3062 3066 3016
3062 3016 3015
2871 3007 2866
2871 2866 2869
2863 2835 2834
2863 2834 2893
3066 2863 2893
3066 2893 3016
2555 2554 2900
2555 2900 3067
3067 3017 3023
3067 2531 2530
3067 2530 2555
3022 3037 2531
3022 2531 3067
2523 2519 2521
2523 2521 2524
3039 2529 2532
3039 2532 2708
3068 3026 3028
3068 3028 3038
3028 3025 2708
3027 3026 2524
3027 2524 2521
2883 2564 2529
2564 2530 2529
2558 2883 3039
2989 2881 3011
2989 3011 2987
2914 2550 2581
2914 2581 3056
3056 3054 3053
3056 3053 3058
3054 2576 2579
3054 2579 2920
2919 2706 2687
2919 2687 3052
3052 2973 2965
3052 2965 2964
2915 3042 2536
2915 2536 2551
2983 2825 2865
2983 2865 2988
2989 2969 2694
2989 2694 2881
2971 2650 2695
2971 2695 2970
2976 2790 2739
2976 2739 2974
2987 3011 3013
2987 3013 2988
2853 2984 2854
2983 2822 2810
2983 2810 2981
2982 2813 2746
2982 2746 2975
2981 2810 2813
2981 2813 2982
2779 2978 2980
2779 2980 2780
2976 2774 2777
2976 2777 2977
2974 2739 2738
2974 2738 2975
2973 2653 2651
2973 2651 2972
2971 2644 2643
2971 2643 2972
2969 2628 2627
2969 2627 2970
2936 2935 2937
2936 2937 2938
2920 2919 2963
2920 2963 3055
2914 3057 3040
2914 3040 2915
3042 3041 2916
2835 2832 2805
2835 2805 2801
3066 3062 3005
3066 3005 2863
3031 3069 3019
3063 2527 3064
2947 2946 3063
2946 2900 2527
3017 2945 3023
3017 3067 2900
2957 2917 2540
3042 2916 3065
2899 2528 2527
2708 2591 3039
2514 3025 3027
2559 2591 2590
3067 3023 3022
3037 3028 2532
3070 2847 2846
3070 2846 3071
3072 3073 3074
2916 2949 3065
2918 2917 2958
2536 3065 2537
3019 2525 3068
2534 2520 3075
2521 2520 2534
2533 2535 3076
2535 2534 3075
2996 2517 3029
2996 2518 2517
3030 2533 3076
3030 2517 2533
2518 3049 3048
3048 3049 3050
2998 2968 3077
2998 2966 2968
3000 2966 2997
3000 2957 2966
3048 3051 2968
2968 3051 3077
2957 3001 2958
2525 3026 3068
3021 3031 3019
3038 3019 3068
3028 2708 2532
3078 3079 3072
3078 3072 3074
2859 2841 2840
2859 2840 2895
3080 2850 2845
2896 2844 2843
2896 2843 2894
2984 2985 2854
3081 2845 2844
3081 2844 2944
2851 2854 3082
2851 3082 3083
2857 2851 3083
2857 3083 3084
2841 2857 3084
2841 3084 2838
2943 2896 2840
2943 2840 2839
2854 2985 3082
3085 2850 3080
3085 3080 3086
2765 2764 2756
2765 2756 2755
2769 2762 3087
2772 2770 2764
2772 2764 2765
2781 2780 2777
2781 2777 2776
3088 2783 2837
2793 2792 2979
2793 2979 2836
2788 2793 2783
2788 2783 2782
2771 2770 3089
2980 2792 2791
2980 2791 2977
2780 2980 2977
2780 2977 2777
3019 3069 3018
3023 3024 3020
3090 3091 3092
3090 3092 3093
3094 3095 3096
3094 3096 3097
3098 3099 3100
3095 3101 3102
3095 3102 3096
3103 3104 3102
3103 3102 3101
3105 3094 3097
3105 3097 3106
3107 3108 3109
3110 3111 3112
3113 3114 3115
3113 3115 3116
3117 3118 3119
3120 3121 3122
3123 3124 3125
3126 3127 3128
3129 3130 3131
3129 3131 3132
3133 3134 3135
3136 3137 3138
3136 3138 3139
3140 3141 3142
3143 3144 3145
3146 3147 3148
3146 3148 3149
3144 3150 3145
3151 3152 3153
3154 3155 3156
3156 3157 3158
3116 3159 3156
3116 3156 3155
3160 3157 3156
3160 3156 3159
3161 3160 3162
3160 3159 3122
3117 3163 3118
3164 3165 3166
3164 3166 3167
3161 3168 3157
3169 3167 3166
3169 3166 3163
3117 3169 3163
3170 3171 3172
3173 3174 3175
3171 3176 3177
3169 3177 3167
3178 3179 3180
3178 3180 3181
3182 3183 3184
3129 3185 3186
3129 3186 3187
3171 3177 3169
3148 3188 3189
3148 3189 3149
3190 3191 3154
3190 3154 3158
3192 3112 3193
3194 3195 3196
3194 3196 3197
3198 3199 3200
3201 3202 3197
3203 3204 3201
3203 3201 3205
3201 3197 3196
3206 3207 3208
3207 3209 3135
3207 3210 3208
3211 3208 3210
3211 3210 3212
3213 3186 3214
3185 3143 3214
3133 3135 3209
3140 3215 3216
3150 3144 3132
3150 3132 3217
3218 3217 3132
3218 3132 3131
3131 3219 3220
3221 3218 3131
3221 3131 3220
3222 3223 3224
3222 3224 3225
3226 3227 3224
3226 3224 3223
3175 3119 3228
3175 3228 3229
3230 3231 3228
3230 3228 3119
3232 3233 3234
3232 3234 3235
3233 3232 3236
3233 3236 3237
3238 3219 3130
3105 3106 3239
3105 3239 3240
3241 3225 3219
3241 3219 3238
3242 3135 3134
3242 3134 3243
3244 3140 3245
3244 3245 3246
3247 3248 3245
3249 3250 3251
3212 3250 3211
3247 3252 3253
3248 3247 3254
3249 3251 3255
3249 3255 3107
3247 3245 3256
3245 3140 3142
3183 3212 3210
3183 3210 3257
3258 3259 3260
3261 3262 3263
3261 3263 3180
3264 3265 3266
3264 3266 3267
3134 3268 3243
3269 3124 3123
3141 3146 3136
3141 3136 3270
3269 3271 3272
3164 3273 3165
3272 3274 3124
3110 3275 3276
3277 3278 3279
3280 3281 3205
3282 3283 3284
3137 3149 3285
3286 3287 3288
3286 3288 3263
3289 3290 3276
3289 3276 3275
3291 3275 3110
3291 3110 3292
3112 3292 3110
3180 3263 3288
3180 3288 3181
3293 3286 3263
3293 3263 3262
3294 3295 3296
3175 3174 3117
3297 3238 3298
3159 3116 3115
3299 3300 3153
3299 3153 3301
3252 3302 3303
3122 3115 3304
3271 3268 3133
3238 3297 3305
3238 3305 3241
3306 3307 3308
3306 3308 3309
3172 3174 3173
3310 3311 3312
3310 3312 3313
3314 3310 3313
3314 3313 3315
3316 3317 3318
3316 3318 3319
3320 3321 3322
3320 3322 3323
3324 3325 3326
3324 3326 3327
3328 3329 3330
3328 3330 3331
3332 3321 3320
3332 3320 3333
3330 3329 3334
3330 3334 3335
3315 3313 3336
3315 3336 3337
3338 3339 3340
3338 3340 3341
3342 3343 3344
3342 3344 3345
3346 3347 3342
3346 3342 3345
3348 3346 3345
3348 3345 3349
3349 3345 3344
3349 3344 3350
3351 3352 3317
3351 3317 3353
3354 3351 3353
3354 3353 3328
3355 3202 3108
3355 3108 3356
3202 3355 3197
3354 3328 3331
3354 3331 3357
3358 3359 3194
3358 3194 3197
3352 3356 3360
3352 3360 3361
3317 3352 3361
3317 3361 3318
3362 3332 3333
3362 3333 3363
3364 3365 3366
3364 3366 3367
3368 3369 3370
3368 3370 3371
3343 3368 3371
3343 3371 3344
3371 3350 3344
3363 3333 3372
3373 3371 3370
3373 3370 3374
3363 3373 3374
3363 3374 3366
3367 3296 3198
3375 3196 3195
3375 3195 3376
3377 3378 3379
3380 3381 3382
3383 3384 3385
3383 3385 3386
3385 3387 3388
3385 3388 3389
3390 3391 3392
3391 3393 3394
3393 3395 3396
3389 3388 3397
3389 3397 3398
3399 3400 3401
3400 3390 3402
3403 3404 3405
3403 3405 3406
3407 3403 3406
3407 3406 3408
3409 3407 3408
3409 3408 3410
3411 3412 3413
3411 3413 3414
3415 3416 3417
3415 3417 3418
3404 3415 3418
3404 3418 3405
3406 3405 3418
3406 3418 3419
3408 3406 3419
3408 3419 3410
3419 3418 3417
3419 3417 3420
3410 3419 3420
3410 3420 3413
3421 3422 3386
3421 3386 3385
3423 3421 3385
3423 3385 3389
3424 3425 3422
3424 3422 3421
3426 3424 3421
3426 3421 3423
3423 3389 3398
3423 3398 3427
3426 3423 3427
3426 3427 3428
3422 3425 3429
3422 3429 3430
3386 3422 3430
3386 3430 3431
3432 3411 3414
3432 3414 3433
3434 3432 3433
3434 3433 3435
3436 3437 3438
3436 3438 3439
3440 3436 3439
3440 3439 3441
3442 3441 3439
3442 3439 3443
3414 3442 3443
3414 3443 3433
3443 3439 3438
3443 3438 3444
3433 3443 3444
3433 3444 3435
3445 3446 3425
3445 3425 3424
3447 3445 3424
3447 3424 3426
3280 3375 3446
3280 3446 3445
3281 3280 3445
3281 3445 3447
3447 3426 3428
3447 3428 3448
3281 3447 3448
3281 3448 3449
3446 3375 3376
3446 3376 3450
3425 3446 3450
3425 3450 3429
3451 3434 3435
3451 3435 3452
3453 3451 3452
3453 3452 3454
3455 3456 3199
3455 3199 3457
3437 3455 3457
3437 3457 3438
3444 3438 3457
3444 3457 3458
3435 3444 3458
3435 3458 3452
3458 3457 3199
3458 3199 3459
3452 3458 3459
3452 3459 3454
3456 3460 3200
3456 3200 3199
3201 3375 3280
3461 3284 3462
3459 3199 3198
3454 3459 3463
3464 3279 3465
3464 3465 3466
3205 3467 3462
3468 3469 3470
3471 3472 3473
3474 3475 3476
3474 3476 3477
3478 3479 3480
3481 3482 3483
3482 3478 3484
3473 3472 3485
3473 3485 3486
3487 3488 3489
3487 3489 3490
3491 3492 3493
3491 3493 3470
3474 3494 3475
3495 3496 3497
3495 3497 3498
3488 3495 3498
3488 3498 3489
3499 3500 3501
3499 3501 3502
3496 3503 3504
3496 3504 3497
3505 3506 3507
3505 3507 3508
3509 3510 3507
3509 3507 3506
3489 3498 3511
3489 3511 3490
3501 3505 3508
3501 3508 3502
3498 3497 3504
3498 3504 3511
3512 3513 3475
3512 3475 3514
3515 3512 3514
3515 3514 3473
3516 3517 3513
3516 3513 3512
3518 3516 3512
3518 3512 3515
3515 3473 3486
3515 3486 3519
3518 3515 3519
3518 3519 3520
3513 3517 3521
3513 3521 3522
3475 3513 3522
3475 3522 3476
3523 3499 3502
3523 3502 3524
3525 3523 3524
3525 3524 3526
3527 3528 3529
3527 3529 3530
3510 3527 3530
3510 3530 3507
3508 3507 3530
3508 3530 3531
3502 3508 3531
3502 3531 3524
3531 3530 3529
3531 3529 3532
3524 3531 3532
3524 3532 3526
3533 3534 3517
3533 3517 3516
3535 3533 3516
3535 3516 3518
3462 3467 3534
3462 3534 3533
3461 3462 3533
3461 3533 3535
3535 3518 3520
3535 3520 3536
3461 3535 3536
3461 3536 3537
3534 3467 3538
3534 3538 3539
3517 3534 3539
3517 3539 3521
3540 3525 3526
3540 3526 3541
3542 3540 3541
3542 3541 3543
3544 3545 3546
3544 3546 3547
3528 3544 3547
3528 3547 3529
3532 3529 3547
3532 3547 3548
3526 3532 3548
3526 3548 3541
3548 3547 3546
3548 3546 3549
3541 3548 3549
3541 3549 3543
3546 3463 3549
3463 3546 3550
3546 3545 3551
3546 3551 3550
3538 3467 3552
3538 3552 3553
3543 3549 3554
3460 3364 3367
3460 3367 3200
3284 3283 3555
3465 3278 3555
3556 3557 3278
3558 3559 3560
3561 3562 3563
3561 3563 3564
3565 3566 3567
3568 3569 3570
3569 3565 3571
3560 3559 3572
3560 3572 3573
3574 3575 3576
3574 3576 3577
3578 3579 3580
3561 3581 3562
3582 3583 3584
3582 3584 3585
3583 3576 3575
3583 3575 3584
3586 3587 3588
3586 3588 3589
3585 3590 3591
3585 3591 3582
3592 3593 3594
3592 3594 3595
3596 3597 3594
3596 3594 3593
3576 3583 3598
3576 3598 3577
3588 3592 3595
3588 3595 3589
3583 3582 3591
3583 3591 3598
3599 3600 3562
3599 3562 3601
3602 3599 3601
3602 3601 3560
3603 3604 3600
3603 3600 3599
3605 3603 3599
3605 3599 3602
3602 3560 3573
3602 3573 3606
3605 3602 3606
3605 3606 3607
3600 3604 3608
3600 3608 3609
3562 3600 3609
3562 3609 3563
3610 3586 3589
3610 3589 3611
3612 3610 3611
3612 3611 3613
3614 3615 3616
3614 3616 3617
3597 3614 3617
3597 3617 3594
3595 3594 3617
3595 3617 3618
3589 3595 3618
3589 3618 3611
3618 3617 3616
3618 3616 3619
3611 3618 3619
3611 3619 3613
3620 3621 3604
3620 3604 3603
3622 3620 3603
3622 3603 3605
3555 3283 3621
3555 3621 3620
3465 3555 3620
3465 3620 3622
3622 3605 3607
3622 3607 3623
3465 3622 3623
3465 3623 3466
3621 3283 3624
3621 3624 3625
3604 3621 3625
3604 3625 3608
3626 3612 3613
3626 3613 3627
3628 3626 3627
3628 3627 3629
3630 3631 3632
3630 3632 3633
3615 3630 3633
3615 3633 3616
3619 3616 3633
3619 3633 3634
3613 3619 3634
3613 3634 3627
3634 3633 3632
3634 3632 3635
3627 3634 3635
3627 3635 3629
3461 3537 3636
3461 3636 3282
3542 3543 3637
3542 3637 3638
3632 3637 3554
3635 3632 3554
3629 3635 3639
3640 3641 3642
3640 3642 3643
3644 3645 3646
3644 3646 3647
3648 3649 3650
3648 3650 3651
3652 3653 3654
3652 3654 3655
3656 3657 3658
3656 3658 3659
3653 3656 3659
3653 3659 3654
3644 3647 3660
3644 3660 3661
3662 3663 3664
3662 3664 3665
3642 3666 3667
3642 3667 3643
3645 3649 3648
3645 3648 3646
3668 3669 3670
3668 3670 3671
3663 3668 3671
3663 3671 3664
3672 3673 3674
3672 3674 3675
3669 3676 3677
3669 3677 3670
3678 3679 3680
3678 3680 3681
3682 3683 3680
3682 3680 3679
3664 3671 3684
3664 3684 3665
3674 3678 3681
3674 3681 3675
3671 3670 3677
3671 3677 3684
3685 3686 3649
3685 3649 3645
3687 3685 3645
3687 3645 3644
3688 3689 3686
3688 3686 3685
3690 3688 3685
3690 3685 3687
3687 3644 3661
3687 3661 3691
3690 3687 3691
3690 3691 3692
3686 3689 3693
3686 3693 3694
3649 3686 3694
3649 3694 3650
3695 3672 3675
3695 3675 3696
3697 3695 3696
3697 3696 3698
3699 3700 3701
3699 3701 3702
3683 3699 3702
3683 3702 3680
3681 3680 3702
3681 3702 3703
3675 3681 3703
3675 3703 3696
3703 3702 3701
3703 3701 3704
3696 3703 3704
3696 3704 3698
3705 3706 3689
3705 3689 3688
3707 3705 3688
3707 3688 3690
3556 3277 3706
3556 3706 3705
3126 3556 3705
3126 3705 3707
3707 3690 3692
3707 3692 3708
3126 3707 3708
3126 3708 3127
3706 3277 3709
3706 3709 3710
3689 3706 3710
3689 3710 3693
3711 3697 3698
3711 3698 3712
3290 3711 3712
3290 3712 3276
3713 3714 3715
3713 3715 3716
3700 3713 3716
3700 3716 3701
3704 3701 3716
3704 3716 3717
3698 3704 3717
3698 3717 3712
3717 3716 3715
3717 3715 3718
3712 3717 3718
3712 3718 3276
3639 3719 3718
3629 3639 3720
3715 3714 3721
3715 3721 3720
3709 3277 3279
3709 3279 3464
3639 3111 3719
3205 3281 3552
3206 3202 3201
3206 3201 3204
3463 3198 3303
3463 3303 3722
3722 3303 3302
3553 3552 3281
3553 3281 3449
3550 3551 3453
3550 3453 3454
3638 3637 3632
3638 3632 3631
3282 3636 3624
3282 3624 3283
3720 3721 3628
3720 3628 3629
3193 3554 3463
3193 3463 3722
3639 3554 3193
3639 3193 3111
3158 3168 3723
3158 3723 3190
3151 3724 3725
3151 3725 3152
3173 3234 3172
3216 3141 3140
3146 3149 3137
3146 3137 3136
3227 3221 3220
3227 3220 3224
3225 3224 3220
3225 3220 3219
3154 3151 3155
3726 3147 3146
3726 3146 3141
3300 3113 3116
3113 3727 3114
3154 3191 3724
3154 3724 3151
3296 3295 3303
3208 3249 3109
3142 3728 3256
3203 3205 3284
3203 3284 3729
3137 3285 3730
3137 3730 3138
3271 3729 3731
3271 3731 3272
3274 3732 3124
3133 3209 3204
3133 3204 3203
3208 3211 3249
3209 3207 3206
3209 3206 3204
3109 3206 3208
3271 3133 3203
3271 3203 3729
3268 3269 3733
3300 3299 3727
3300 3727 3113
3307 3306 3734
3307 3734 3735
3736 3305 3297
3736 3297 3737
3300 3116 3155
3300 3155 3153
3139 3728 3270
3151 3153 3155
3738 3739 3125
3125 3124 3732
3740 3741 3742
3743 3744 3745
3743 3745 3746
3747 3741 3740
3747 3740 3748
3749 3750 3751
3749 3751 3752
3753 3187 3186
3754 3176 3755
3754 3756 3757
3758 3759 3760
3758 3760 3761
3339 3762 3763
3339 3763 3340
3325 3764 3765
3325 3765 3326
3312 3316 3766
3312 3766 3767
3768 3769 3770
3768 3770 3771
3341 3340 3763
3341 3763 3772
3773 3774 3775
3366 3374 3296
3366 3296 3367
3374 3294 3296
3369 3776 3294
3369 3294 3370
3365 3362 3363
3365 3363 3366
3360 3356 3108
3360 3108 3777
3358 3354 3357
3358 3357 3359
3351 3354 3358
3351 3358 3355
3352 3351 3355
3352 3355 3356
3778 3179 3178
3778 3178 3779
3180 3179 3780
3180 3780 3261
3780 3743 3261
3112 3192 3139
3112 3139 3138
3781 3744 3743
3782 3170 3233
3782 3233 3237
3170 3782 3756
3748 3740 3737
3748 3737 3783
3261 3743 3746
3737 3740 3736
3258 3260 3784
3262 3260 3259
3262 3259 3293
3733 3785 3178
3733 3178 3181
3786 3787 3747
3786 3747 3748
3788 3123 3125
3285 3789 3730
3235 3234 3173
3235 3173 3790
3791 3222 3225
3791 3225 3241
3790 3173 3175
3790 3175 3229
3305 3792 3791
3305 3791 3241
3187 3298 3129
3143 3185 3144
3144 3185 3129
3144 3129 3132
3778 3164 3167
3778 3167 3177
3172 3171 3174
3298 3737 3297
3177 3176 3778
3189 3789 3285
3253 3252 3295
3254 3294 3776
3254 3253 3294
3289 3275 3291
3289 3291 3793
3557 3731 3278
3729 3284 3278
3729 3278 3731
3256 3728 3302
3256 3302 3252
3139 3192 3302
3139 3302 3728
3193 3722 3192
3323 3322 3758
3323 3758 3761
3347 3346 3763
3347 3763 3762
3766 3794 3765
3766 3765 3764
3795 3796 3797
3335 3334 3768
3335 3768 3771
3798 3323 3761
3798 3761 3799
3794 3766 3316
3794 3316 3319
3800 3769 3801
3800 3801 3802
3764 3803 3804
3764 3804 3766
3767 3766 3804
3767 3804 3805
3806 3807 3768
3806 3768 3334
3337 3336 3808
3337 3808 3809
3810 3811 3325
3812 3801 3769
3813 3814 3797
3775 3815 3816
3816 3817 3797
3818 3819 3775
3770 3769 3800
3770 3800 3820
3806 3334 3337
3806 3337 3809
3334 3329 3315
3334 3315 3337
3336 3313 3312
3336 3312 3767
3810 3325 3324
3810 3324 3821
3808 3336 3767
3808 3767 3805
3763 3346 3348
3763 3348 3772
3760 3759 3822
3760 3822 3823
3761 3760 3823
3761 3823 3799
3373 3363 3372
3333 3320 3824
3333 3824 3372
3320 3323 3798
3320 3798 3824
3350 3371 3373
3311 3317 3316
3311 3316 3312
3315 3329 3328
3315 3328 3314
3310 3353 3317
3310 3317 3311
3328 3353 3310
3328 3310 3314
3413 3420 3442
3413 3442 3414
3420 3417 3441
3420 3441 3442
3416 3440 3441
3416 3441 3417
3412 3409 3410
3412 3410 3413
3383 3386 3431
3383 3431 3399
3395 3397 3825
3826 3827 3379
3394 3828 3829
3394 3829 3830
3831 3392 3832
3831 3832 3833
3402 3831 3833
3402 3833 3834
3828 3396 3835
3828 3835 3829
3825 3388 3836
3825 3836 3837
3383 3401 3838
3383 3838 3839
3388 3387 3840
3388 3840 3836
3384 3383 3839
3384 3839 3841
3382 3842 3843
3501 3500 3487
3501 3487 3490
3504 3503 3509
3504 3509 3506
3474 3477 3844
3845 3846 3847
3845 3847 3848
3479 3485 3849
3490 3511 3505
3490 3505 3501
3850 3851 3848
3511 3504 3506
3511 3506 3505
3852 3481 3853
3484 3854 3855
3484 3855 3856
3857 3483 3858
3857 3858 3859
3474 3844 3860
3474 3860 3861
3494 3474 3861
3494 3861 3862
3849 3472 3863
3849 3863 3864
3472 3471 3865
3472 3865 3863
3853 3857 3859
3853 3859 3866
3854 3480 3867
3854 3867 3855
3588 3587 3574
3588 3574 3577
3591 3590 3596
3591 3596 3593
3561 3564 3868
3869 3870 3580
3566 3572 3871
3577 3598 3592
3577 3592 3588
3872 3873 3874
3598 3591 3593
3598 3593 3592
3875 3568 3876
3571 3877 3878
3571 3878 3879
3880 3570 3881
3880 3881 3882
3561 3868 3883
3561 3883 3884
3581 3561 3884
3581 3884 3885
3871 3559 3886
3871 3886 3887
3559 3558 3888
3559 3888 3886
3876 3880 3882
3876 3882 3889
3877 3567 3890
3877 3890 3878
3874 3891 3892
3674 3673 3662
3674 3662 3665
3677 3676 3682
3677 3682 3679
3893 3894 3648
3893 3648 3651
3895 3666 3642
3895 3642 3896
3660 3647 3652
3660 3652 3655
3665 3684 3678
3665 3678 3674
3897 3896 3642
3897 3642 3641
3684 3677 3679
3684 3679 3678
3657 3894 3893
3657 3893 3658
3656 3653 3898
3656 3898 3899
3657 3656 3899
3657 3899 3900
3648 3894 3901
3648 3901 3902
3646 3648 3902
3646 3902 3903
3652 3647 3904
3652 3904 3905
3647 3646 3903
3647 3903 3904
3894 3657 3900
3894 3900 3901
3653 3652 3905
3653 3905 3898
3785 3733 3123
3148 3147 3191
3148 3191 3190
3779 3178 3785
3779 3785 3788
3147 3726 3724
3147 3724 3191
3726 3216 3724
3143 3145 3184
3183 3257 3213
3183 3213 3214
3190 3723 3188
3190 3188 3148
3184 3183 3143
3288 3287 3242
3288 3242 3243
3273 3779 3788
3273 3788 3739
3778 3779 3164
3906 3907 3736
3906 3736 3742
3170 3172 3234
3907 3792 3305
3907 3305 3736
3908 3909 3910
3908 3910 3911
3259 3912 3293
3187 3913 3783
3187 3783 3298
3786 3914 3912
3915 3912 3259
3915 3259 3916
3787 3786 3912
3787 3912 3915
3908 3911 3265
3913 3786 3748
3913 3748 3783
3782 3757 3756
3909 3917 3918
3909 3918 3910
3736 3740 3742
3170 3756 3755
3754 3755 3756
3754 3757 3781
3919 3920 3921
3919 3921 3922
3920 3923 3924
3920 3924 3921
3923 3099 3098
3923 3098 3924
3925 3919 3922
3925 3922 3926
3735 3734 3925
3735 3925 3926
3927 3306 3309
3927 3309 3918
3239 3734 3306
3239 3306 3927
3928 3929 3309
3928 3309 3308
3930 3100 3099
3930 3099 3104
3931 3929 3928
3097 3096 3920
3097 3920 3919
3096 3102 3923
3096 3923 3920
3923 3102 3104
3923 3104 3099
3106 3097 3919
3106 3919 3925
3734 3239 3106
3734 3106 3925
3911 3910 3929
3911 3929 3931
3910 3918 3309
3910 3309 3929
3932 3927 3918
3932 3918 3917
3240 3239 3927
3240 3927 3932
3933 3930 3104
3933 3104 3103
3784 3260 3746
3746 3260 3262
3746 3262 3261
3181 3288 3243
3181 3243 3733
3746 3745 3784
3754 3743 3780
3754 3780 3176
3780 3179 3176
3781 3743 3754
3778 3176 3179
3135 3242 3257
3135 3257 3210
3207 3135 3210
3753 3213 3287
3753 3287 3286
3286 3293 3914
3286 3914 3753
3242 3287 3213
3242 3213 3257
3293 3912 3914
3201 3196 3375
3205 3552 3467
3282 3284 3461
3279 3278 3465
3284 3555 3278
3205 3462 3284
3201 3280 3205
3556 3278 3277
3243 3268 3733
3128 3934 3274
3789 3793 3291
3274 3557 3128
3557 3556 3126
3786 3913 3914
3913 3187 3914
3153 3152 3301
3154 3156 3158
3157 3168 3158
3164 3779 3273
3170 3234 3233
3185 3214 3186
3130 3219 3131
3298 3238 3130
3175 3117 3119
3159 3115 3122
3115 3114 3304
3160 3122 3121
3557 3126 3128
3256 3245 3142
3270 3728 3142
3198 3200 3367
3463 3550 3454
3554 3637 3543
3720 3639 3715
3639 3635 3554
3554 3549 3463
3463 3459 3198
3820 3800 3324
3820 3324 3327
3823 3822 3338
3823 3338 3341
3799 3823 3341
3799 3341 3772
3772 3348 3798
3772 3798 3799
3816 3797 3775
3372 3824 3349
3372 3349 3350
3824 3798 3348
3824 3348 3349
3935 3775 3797
3935 3797 3814
3821 3324 3800
3821 3800 3802
3350 3373 3372
3255 3777 3107
3773 3775 3935
3813 3797 3936
3719 3276 3718
3294 3253 3295
3252 3303 3295
3303 3198 3296
3139 3270 3136
3193 3112 3111
3722 3302 3192
3639 3718 3715
3110 3276 3719
3122 3304 3120
3812 3768 3807
3818 3775 3774
3803 3764 3811
3325 3811 3764
3936 3797 3796
3812 3769 3768
3937 3379 3938
3381 3842 3382
3402 3401 3400
3825 3396 3395
3402 3834 3838
3402 3838 3401
3835 3396 3825
3835 3825 3837
3394 3392 3391
3385 3384 3387
3379 3378 3939
3379 3939 3382
3826 3379 3382
3826 3382 3940
3394 3830 3832
3394 3832 3392
3840 3387 3384
3840 3384 3841
3390 3392 3831
3394 3393 3828
3399 3401 3383
3402 3390 3831
3393 3396 3828
3825 3397 3388
3853 3844 3852
3849 3480 3479
3848 3851 3845
3860 3844 3853
3860 3853 3866
3849 3864 3867
3849 3867 3480
3941 3470 3493
3514 3494 3471
3484 3483 3482
3470 3469 3942
3470 3942 3848
3491 3470 3848
3491 3848 3847
3484 3856 3858
3484 3858 3483
3494 3862 3865
3494 3865 3471
3481 3483 3857
3484 3478 3854
3478 3480 3854
3849 3485 3472
3844 3477 3852
3853 3481 3857
3471 3473 3514
3475 3494 3514
3468 3470 3941
3850 3848 3942
3795 3797 3817
3775 3819 3815
3377 3379 3937
3380 3382 3939
3379 3827 3938
3382 3843 3940
3601 3581 3558
3570 3569 3571
3580 3579 3891
3580 3891 3874
3869 3580 3874
3869 3874 3873
3571 3879 3881
3571 3881 3570
3581 3885 3888
3581 3888 3558
3876 3868 3875
3871 3567 3566
3943 3580 3944
3883 3868 3876
3883 3876 3889
3871 3887 3890
3871 3890 3567
3945 3874 3946
3568 3570 3880
3571 3565 3877
3578 3580 3943
3580 3870 3944
3872 3874 3945
3874 3892 3946
3558 3560 3601
3562 3581 3601
3868 3564 3875
3876 3568 3880
3565 3567 3877
3871 3572 3559
3725 3216 3215
3216 3725 3724
3182 3212 3183
3183 3214 3143
3140 3244 3215
3212 3182 3250
3247 3253 3254
3141 3270 3142
3216 3726 3141
3374 3370 3294
3247 3256 3252
3107 3777 3108
3202 3109 3108
3355 3358 3197
3269 3272 3124
3789 3291 3730
3730 3291 3292
3730 3292 3138
3112 3138 3292
3110 3719 3111
3557 3274 3731
3272 3731 3274
3269 3268 3271
3268 3134 3133
3249 3107 3109
3249 3211 3250
3248 3246 3245
3109 3202 3206
3733 3269 3123
3274 3934 3732
3947 3948 3949
3947 3949 3950
3948 3951 3952
3948 3952 3949
3951 3953 3954
3951 3954 3952
3953 3955 3956
3953 3956 3954
3955 3957 3958
3955 3958 3956
3957 3959 3960
3957 3960 3958
3961 3962 3963
3961 3963 3964
3962 3965 3966
3962 3966 3963
3967 3968 3969
3967 3969 3970
3968 3971 3972
3968 3972 3969
3971 3973 3974
3971 3974 3972
3973 3975 3976
3973 3976 3974
3975 3977 3978
3975 3978 3976
3977 3947 3950
3977 3950 3978
3979 3980 3981
3979 3981 3982
3983 3984 3985
3983 3985 3986
3984 3987 3988
3984 3988 3985
3989 3990 3991
3989 3991 3992
3990 3993 3994
3990 3994 3991
3993 3995 3996
3993 3996 3994
3995 3997 3998
3995 3998 3996
3997 3999 4000
3997 4000 3998
3999 4001 4002
3999 4002 4000
4003 4004 4005
4003 4005 4006
4004 4007 4008
4004 4008 4005
4007 4009 4010
4007 4010 4008
4009 4011 4012
4009 4012 4010
4011 4013 4014
4011 4014 4012
4013 4015 4016
4013 4016 4014
4017 3979 3982
4017 3982 4018
4019 4020 4021
4019 4021 4022
4023 4024 4025
4023 4025 4026
4024 4027 4028
4024 4028 4025
4027 4029 4030
4027 4030 4028
4029 4031 4032
4029 4032 4030
4031 4033 4034
4031 4034 4032
4033 4035 4036
4033 4036 4034
4035 4037 4038
4035 4038 4036
4037 4039 4040
4037 4040 4038
4039 4041 4042
4039 4042 4040
4041 4043 4044
4041 4044 4042
4043 4045 4046
4043 4046 4044
4045 4047 4048
4045 4048 4046
4049 4019 4022
4049 4022 4050
3089 2784 3088
2928 3085 3086
2928 3086 2929
3071 3079 3078
3071 3078 3070
3091 3100 3930
3959 3961 3964
3959 3964 3960
3987 3989 3992
3987 3992 3988
4015 4017 4018
4015 4018 4016
4020 4023 4026
4020 4026 4021
3258 3916 3259
3170 3755 3171
3171 3755 3176
3298 3783 3737
3088 2784 2783
2770 2784 3089
4051 4052 4053
4051 4053 4054
4055 4056 4057
4055 4057 4058
4059 4060 4061
4059 4061 4062
4063 4064 4065
4063 4065 4066
4064 4067 4068
4064 4068 4065
4059 4068 4067
4059 4067 4060
4069 4070 4071
4069 4071 4072
4054 4073 4074
4054 4074 4051
4075 4076 4077
4075 4077 4078
4075 4078 4062
4075 4062 4061
4079 4080 4081
4079 4081 4082
4080 4083 4084
4080 4084 4081
4085 4086 4087
4085 4087 4088
4089 4090 4091
4092 4093 4090
4090 4093 4091
4092 4094 4095
4092 4095 4096
4097 4098 4099
4097 4099 4100
4101 4102 4103
4101 4103 4104
4105 4106 4107
4105 4107 4108
4109 4110 4111
4112 4113 4114
4112 4114 4115
4086 4116 4117
4086 4117 4118
4119 4108 4107
4119 4107 4120
4121 4122 4123
4121 4123 4124
4125 4121 4124
4125 4124 4126
4127 4124 4123
4127 4123 4128
4129 4130 4131
4132 4133 4134
4132 4134 4135
4134 4136 4137
4134 4137 4135
4128 4138 4127
4136 4139 4140
4136 4140 4137
4136 4141 4142
4136 4142 4139
4134 4143 4141
4134 4141 4136
4144 4145 4146
4144 4146 4147
4148 4149 4150
4076 4075 4151
4076 4151 4152
4153 4154 4076
4153 4076 4152
4155 4156 4157
4158 4159 4160
4161 4162 4163
4164 4165 4166
4167 4168 4169
4155 4170 4171
4172 4173 4174
4175 4174 4176
4177 4178 4179
4159 4178 4180
4170 4158 4181
4182 4183 4184
4170 4185 4186
4183 4187 4188
4160 4159 4180
4189 4190 4191
4192 4193 4194
4192 4194 4195
4196 4197 4198
4196 4198 4199
4200 4197 4196
4200 4196 4201
4202 4203 4204
4202 4204 4205
4206 4172 4207
4208 4209 4210
4209 4208 4211
4212 4213 4214
4212 4214 4215
4216 4217 4218
4100 4219 4220
4100 4220 4097
4144 4217 4221
4144 4221 4145
4222 4223 4224
4222 4224 4225
4213 4226 4227
4213 4227 4214
4228 4213 4212
4228 4212 4229
4221 4217 4230
4231 4143 4134
4126 4232 4233
4234 4235 4236
4234 4236 4237
4234 4238 4239
4234 4239 4235
4240 4241 4242
4240 4242 4243
4244 4245 4243
4244 4243 4242
4236 4235 4246
4236 4246 4247
4235 4239 4248
4235 4248 4246
4239 4249 4250
4239 4250 4248
4251 4245 4244
4251 4244 4252
4253 4254 4255
4253 4255 4256
4257 4258 4259
4257 4259 4260
4261 4262 4263
4264 4265 4266
4264 4266 4267
4268 4269 4267
4268 4267 4270
4271 4272 4273
4271 4273 4274
4275 4276 4277
4275 4277 4278
4264 4279 4244
4264 4244 4242
4279 4264 4267
4279 4267 4269
4280 4281 4282
4280 4282 4283
4280 4283 4284
4280 4284 4285
4282 4192 4195
4282 4195 4283
4284 4283 4195
4284 4195 4286
4287 4288 4277
4287 4277 4276
4289 4290 4291
4260 4259 4292
4260 4292 4293
4117 4241 4240
4117 4240 4118
4249 4119 4120
4249 4120 4250
4294 4250 4120
4294 4120 4295
4265 4201 4196
4265 4196 4266
4296 4199 4193
4296 4193 4192
4199 4296 4266
4199 4266 4196
4297 4298 4299
4297 4299 4252
4297 4300 4301
4297 4301 4298
4194 4302 4286
4194 4286 4195
4303 4304 4305
4303 4305 4306
4082 4307 4308
4082 4308 4064
4309 4310 4311
4312 4310 4309
4268 4313 4300
4268 4300 4269
4252 4244 4279
4252 4279 4297
4297 4279 4269
4297 4269 4300
4288 4314 4315
4288 4315 4277
4060 4231 4316
4060 4316 4061
4060 4067 4308
4060 4308 4231
4090 4089 4069
4092 4090 4069
4075 4061 4316
4075 4316 4151
4100 4317 4318
4100 4318 4219
4100 4099 4319
4100 4319 4317
4320 4291 4321
4320 4321 4322
4081 4323 4307
4081 4307 4082
4182 4324 4325
4315 4326 4278
4315 4278 4277
4327 4328 4246
4327 4246 4248
4328 4329 4247
4328 4247 4246
4327 4248 4250
4327 4250 4294
4087 4086 4118
4087 4118 4295
4294 4295 4118
4294 4118 4240
4243 4327 4294
4243 4294 4240
4245 4328 4327
4245 4327 4243
4251 4329 4328
4251 4328 4245
4116 4086 4085
4116 4085 4330
4201 4117 4116
4201 4116 4200
4241 4117 4201
4241 4201 4265
4264 4242 4241
4264 4241 4265
4331 4281 4280
4331 4280 4272
4232 4332 4233
4284 4287 4276
4284 4276 4285
4130 4333 4175
4334 4335 4125
4334 4125 4126
4126 4233 4334
4336 4233 4332
4337 4338 4339
4151 4316 4133
4151 4133 4340
4341 4340 4133
4341 4133 4132
4339 4338 4122
4339 4122 4121
4125 4342 4339
4125 4339 4121
4335 4343 4342
4335 4342 4125
4187 4168 4167
4344 4226 4213
4344 4213 4228
4345 4346 4212
4215 4198 4345
4215 4345 4212
4199 4198 4215
4199 4215 4193
4185 4170 4157
4347 4348 4154
4077 4076 4154
4077 4154 4349
4318 4350 4351
4318 4351 4219
4085 4088 4352
4085 4352 4353
4354 4355 4356
4357 4330 4085
4357 4085 4353
4358 4106 4105
4358 4105 4359
4360 4220 4219
4360 4219 4351
4104 4361 4362
4104 4362 4101
4104 4103 4097
4104 4097 4220
4106 4358 4352
4106 4352 4088
4087 4107 4106
4087 4106 4088
4107 4087 4295
4107 4295 4120
4363 4364 4324
4365 4366 4367
4365 4367 4368
4369 4368 4367
4218 4144 4147
4368 4369 4152
4341 4370 4365
4341 4365 4340
4349 4154 4348
4371 4372 4373
4371 4373 4356
4063 4079 4082
4063 4082 4064
4374 4128 4123
4374 4123 4375
4123 4122 4376
4123 4376 4375
4377 4376 4122
4377 4122 4338
4378 4377 4338
4378 4338 4337
4127 4310 4232
4232 4126 4124
4263 4247 4329
4263 4329 4379
4214 4194 4193
4214 4193 4215
4302 4194 4214
4302 4214 4227
4204 4380 4381
4204 4381 4223
4222 4205 4204
4222 4204 4223
4382 4251 4252
4382 4252 4299
4258 4383 4379
4258 4379 4382
4261 4263 4379
4261 4379 4383
4299 4259 4258
4299 4258 4382
4292 4259 4299
4292 4299 4298
4301 4384 4292
4301 4292 4298
4179 4186 4164
4266 4296 4270
4266 4270 4267
4284 4286 4385
4284 4385 4287
4288 4287 4385
4288 4385 4203
4203 4202 4314
4203 4314 4288
4276 4275 4273
4276 4273 4285
4285 4273 4272
4285 4272 4280
4275 4278 4386
4275 4386 4387
4387 4274 4273
4387 4273 4275
4272 4271 4388
4272 4388 4331
4331 4388 4389
4331 4389 4313
4389 4301 4300
4389 4300 4313
4390 4391 4392
4390 4392 4393
4274 4392 4394
4274 4394 4271
4384 4301 4389
4384 4389 4321
4392 4274 4387
4392 4387 4393
4056 4053 4052
4056 4052 4057
4112 4115 4395
4112 4395 4095
4072 4074 4073
4072 4073 4069
4064 4308 4067
4141 4143 4308
4141 4308 4307
4178 4159 4179
4187 4179 4164
4396 4217 4397
4311 4138 4398
4399 4400 4401
4374 4402 4138
4374 4138 4128
4323 4081 4084
4323 4084 4403
4404 4405 4406
4110 4407 4408
4109 4409 4407
4410 4372 4098
4411 4056 4055
4411 4055 4371
4103 4410 4098
4103 4098 4097
4146 4145 4317
4146 4317 4319
4317 4145 4221
4317 4221 4318
4095 4395 4111
4095 4111 4096
4113 4411 4371
4113 4371 4356
4410 4103 4102
4410 4102 4412
4109 4407 4110
4262 4413 4414
4236 4414 4415
4236 4415 4237
4238 4234 4416
4238 4416 4417
4253 4257 4418
4253 4418 4254
4251 4382 4379
4251 4379 4329
4419 4420 4354
4412 4373 4372
4412 4372 4410
4220 4360 4361
4220 4361 4104
4163 4147 4369
4369 4147 4421
4146 4422 4421
4146 4421 4147
4421 4153 4152
4421 4152 4369
4153 4421 4422
4423 4150 4347
4423 4347 4422
4368 4151 4340
4368 4340 4365
4367 4366 4161
4424 4238 4417
4424 4417 4425
4426 4424 4425
4426 4425 4427
4428 4426 4427
4428 4427 4429
4430 4428 4429
4430 4429 4431
4432 4430 4431
4432 4431 4433
4249 4239 4238
4249 4238 4424
4119 4249 4424
4119 4424 4426
4108 4119 4426
4108 4426 4428
4105 4108 4428
4105 4428 4430
4359 4105 4430
4359 4430 4432
4434 4435 4436
4434 4436 4437
4247 4263 4236
4438 4439 4440
4438 4440 4441
4442 4441 4440
4442 4440 4443
4380 4204 4203
4380 4203 4385
4223 4381 4444
4224 4444 4445
4302 4380 4385
4302 4385 4286
4227 4381 4380
4227 4380 4302
4226 4444 4381
4226 4381 4227
4344 4445 4444
4344 4444 4226
4191 4165 4446
4191 4190 4166
4447 4448 4190
4397 4217 4216
4166 4169 4168
4166 4168 4164
4168 4187 4164
4218 4163 4162
4188 4187 4167
4183 4182 4177
4182 4449 4324
4363 4324 4449
4177 4182 4325
4178 4325 4450
4325 4451 4450
4131 4337 4129
4157 4446 4185
4342 4129 4339
4129 4342 4452
4176 4453 4130
4448 4447 4454
4455 4156 4155
4189 4447 4190
4456 4455 4155
4457 4189 4191
4457 4191 4446
4157 4156 4457
4157 4457 4446
4458 4166 4190
4172 4206 4208
4172 4210 4173
4459 4460 4330
4459 4330 4357
4318 4221 4461
4462 4345 4198
4462 4198 4197
4200 4460 4462
4200 4462 4197
4330 4460 4200
4330 4200 4116
4460 4459 4463
4460 4463 4462
4102 4464 4412
4158 4186 4159
4183 4177 4179
4159 4186 4179
4164 4186 4185
4164 4185 4165
4183 4179 4187
4158 4170 4186
4372 4371 4055
4465 4348 4347
4465 4347 4150
4466 4320 4322
4466 4322 4394
4109 4467 4468
4409 4109 4468
4409 4468 4469
4470 4115 4114
4470 4114 4471
4395 4115 4470
4395 4470 4472
4281 4331 4313
4281 4313 4268
4270 4282 4281
4270 4281 4268
4296 4192 4282
4296 4282 4270
4383 4253 4256
4383 4256 4261
4418 4257 4260
4418 4260 4473
4473 4260 4293
4473 4293 4474
4384 4290 4293
4384 4293 4292
4475 4262 4256
4258 4257 4253
4258 4253 4383
4384 4321 4290
4336 4332 4476
4477 4478 4393
4477 4393 4479
4386 4479 4387
4480 4416 4434
4480 4434 4437
4481 4417 4416
4481 4416 4480
4482 4425 4417
4482 4417 4481
4483 4427 4425
4483 4425 4482
4484 4429 4427
4484 4427 4483
4485 4431 4429
4485 4429 4484
4486 4433 4431
4486 4431 4485
4487 4488 4489
4487 4489 4490
4491 4355 4420
4491 4420 4492
4290 4289 4474
4290 4474 4293
4493 4306 4305
4493 4305 4494
4391 4466 4394
4391 4394 4392
4413 4262 4475
4413 4475 4495
4305 4435 4415
4305 4415 4494
4478 4496 4390
4304 4436 4435
4304 4435 4305
4497 4498 4406
4497 4499 4500
4501 4502 4503
4406 4498 4404
4504 4505 4506
4507 4503 4502
4508 4509 4510
4508 4510 4511
4512 4511 4510
4309 4510 4312
4312 4510 4509
4312 4509 4513
4514 4507 4502
4512 4311 4507
4398 4515 4311
4516 4517 4500
4516 4500 4499
4518 4519 4520
4521 4522 4517
4521 4517 4516
4505 4519 4523
4355 4491 4471
4355 4471 4114
4373 4412 4354
4464 4524 4419
4525 4419 4490
4525 4490 4489
4237 4415 4435
4237 4435 4434
4234 4237 4434
4234 4434 4416
4464 4102 4101
4464 4101 4524
4129 4452 4130
4526 4140 4139
4526 4139 4403
4526 4403 4527
4083 4527 4084
4110 4408 4093
4093 4096 4110
4472 4467 4111
4472 4111 4395
4149 4465 4150
4319 4423 4422
4319 4422 4146
4099 4528 4423
4099 4423 4319
4069 4073 4092
4094 4092 4073
4094 4073 4054
4529 4094 4054
4529 4054 4053
4411 4529 4053
4411 4053 4056
4530 4531 4058
4529 4112 4095
4529 4095 4094
4113 4112 4529
4113 4529 4411
4098 4532 4528
4098 4528 4099
4356 4355 4114
4356 4114 4113
4058 4531 4055
4323 4142 4141
4323 4141 4307
4139 4142 4323
4139 4323 4403
4386 4278 4438
4386 4441 4442
4443 4477 4479
4443 4479 4442
4438 4278 4326
4438 4326 4439
4513 4476 4332
4513 4332 4312
4533 4405 4534
4494 4413 4495
4494 4495 4493
4413 4494 4415
4413 4415 4414
4308 4143 4231
4345 4535 4346
4230 4461 4221
4536 4537 4538
4536 4538 4539
4537 4540 4541
4537 4541 4538
4540 4542 4543
4540 4543 4541
4543 4542 4544
4543 4544 4545
4544 4546 4547
4544 4547 4545
4547 4546 4548
4547 4548 4549
4549 4548 4550
4549 4550 4551
4551 4550 4552
4551 4552 4553
4554 4553 4552
4554 4552 4555
4555 4556 4554
4556 4557 4554
4535 4345 4462
4558 4559 4560
4558 4560 4561
4131 4378 4337
4534 4405 4404
4399 4526 4527
4497 4500 4562
4507 4563 4503
4563 4564 4503
4534 4565 4533
4565 4566 4567
4565 4567 4533
4566 4568 4569
4566 4569 4567
4569 4568 4570
4569 4570 4571
4570 4572 4573
4570 4573 4571
4573 4572 4574
4573 4574 4575
4337 4339 4129
4458 4169 4166
4576 4216 4218
4184 4449 4182
4370 4366 4365
4456 4155 4171
4190 4448 4458
4191 4166 4165
4185 4446 4165
4172 4208 4210
4171 4170 4181
4158 4160 4181
4180 4178 4450
4183 4188 4184
4177 4325 4178
4325 4324 4451
4324 4364 4451
4577 4455 4456
4223 4444 4224
4130 4452 4333
4452 4342 4343
4175 4176 4130
4131 4130 4453
4175 4333 4578
4579 4174 4175
4207 4579 4175
4174 4579 4172
4579 4207 4172
4175 4578 4207
4157 4170 4155
4501 4503 4564
4527 4403 4084
4212 4346 4229
4535 4462 4463
4230 4217 4396
4318 4461 4350
4255 4475 4256
4290 4321 4291
4256 4262 4261
4580 4487 4490
4580 4490 4524
4524 4101 4362
4524 4362 4580
4347 4154 4153
4148 4150 4423
4153 4422 4347
4423 4528 4148
4528 4532 4531
4532 4098 4372
4055 4531 4532
4372 4055 4532
4419 4524 4490
4464 4419 4354
4354 4412 4464
4492 4420 4419
4492 4419 4525
4354 4356 4373
4354 4420 4355
4531 4530 4149
4531 4149 4148
4528 4531 4148
4110 4096 4111
4091 4093 4581
4069 4089 4070
4231 4133 4316
4231 4134 4133
4334 4233 4336
4232 4124 4127
4051 4582 4583
4051 4583 4052
4057 4584 4585
4057 4585 4058
4062 4586 4587
4062 4587 4059
4065 4588 4589
4065 4589 4066
4068 4590 4588
4068 4588 4065
4059 4587 4590
4059 4590 4068
4071 4591 4592
4071 4592 4072
4074 4593 4582
4074 4582 4051
4077 4594 4595
4077 4595 4078
4078 4595 4586
4078 4586 4062
4349 4596 4594
4349 4594 4077
4348 4597 4596
4348 4596 4349
4052 4583 4584
4052 4584 4057
4072 4592 4593
4072 4593 4074
4465 4598 4597
4465 4597 4348
4149 4599 4598
4149 4598 4465
4530 4600 4599
4530 4599 4149
4058 4585 4600
4058 4600 4530
4601 4602 4603
4604 4605 4606
4607 4608 4609
4610 4611 4612
4613 4614 4615
4616 4617 4618
4619 4620 4621
4622 4623 4624
4625 4626 4627
4602 4628 4629
4602 4629 4605
4605 4629 4630
4605 4630 4631
4608 4632 4633
4608 4633 4620
4611 4634 4632
4611 4632 4608
4614 4635 4634
4614 4634 4611
4617 4636 4635
4617 4635 4614
4620 4633 4628
4620 4628 4602
4623 4637 4636
4623 4636 4617
4626 4638 4637
4626 4637 4623
4629 4628 4639
4629 4639 4640
4630 4629 4640
4630 4640 4641
4633 4632 4642
4633 4642 4643
4634 4644 4642
4634 4642 4632
4635 4645 4644
4635 4644 4634
4636 4646 4645
4636 4645 4635
4633 4643 4639
4633 4639 4628
4637 4647 4646
4637 4646 4636
4638 4648 4647
4638 4647 4637
4218 4217 4144
4218 4147 4163
4218 4162 4576
4369 4367 4163
4161 4163 4367
4368 4152 4151
4603 4605 4604
4603 4602 4605
4621 4602 4601
4621 4620 4602
4609 4620 4619
4609 4608 4620
4612 4608 4607
4612 4611 4608
4615 4611 4610
4615 4614 4611
4618 4614 4613
4618 4617 4614
4606 4631 4649
4606 4605 4631
4624 4617 4616
4624 4623 4617
4627 4623 4622
4627 4626 4623
4518 4523 4519
4505 4523 4506
4138 4310 4127
4232 4310 4332
4514 4512 4507
4507 4515 4563
4515 4507 4311
4512 4309 4311
4138 4402 4398
4310 4138 4311
4312 4332 4310
4309 4512 4510
4512 4514 4511
4497 4562 4498
4407 4650 4408
4408 4581 4093
4399 4527 4400
4083 4400 4527
4109 4111 4467
4092 4096 4093
4650 4407 4651
4651 4407 4409
4651 4409 4652
4652 4409 4469
4652 4469 4653
3753 3914 3187
3213 3753 3186
3298 3130 3129
3738 3125 3732
3149 3189 3285
3739 3788 3125
3788 3785 3123
3162 3160 3121
3118 3230 3119
3117 3174 3169
3171 3169 3174
3161 3157 3160
3014 2718 2716
2822 3013 2868
2827 3014 2869
2715 2870 2716
1967 1874 1879
4387 4479 4393
4654 4655 4656
4654 4656 4657
4658 4659 4660
4658 4660 4661
4662 4663 4664
4662 4664 4665
4666 4667 4668
4666 4668 4669
4670 4671 4672
4670 4672 4673
4674 4675 4676
4674 4676 4677
4678 4679 4680
4678 4680 4681
4682 4683 4684
4682 4684 4685
4686 4687 4688
4686 4688 4689
4690 4691 4692
4690 4692 4693
4694 4695 4696
4694 4696 4697
4698 4699 4700
4698 4700 4701
4702 4703 4704
4702 4704 4705
4706 4707 4708
4706 4708 4709
4710 4711 4712
4710 4712 4713
4714 4715 4716
4714 4716 4717
4718 4719 4720
4718 4720 4721
4722 4723 4724
4722 4724 4725
4726 4727 4655
4726 4655 4654
4728 4729 4730
4729 4728 4657
4729 4657 4656
4731 4732 4659
4731 4659 4658
4733 4734 4735
4734 4733 4661
4734 4661 4660
4736 4737 4663
4736 4663 4662
4738 4739 4740
4739 4738 4665
4739 4665 4664
4741 4742 4667
4741 4667 4666
4743 4744 4745
4744 4743 4669
4744 4669 4668
4746 4747 4671
4746 4671 4670
4748 4749 4750
4749 4748 4673
4749 4673 4672
4751 4752 4675
4751 4675 4674
4753 4754 4755
4754 4753 4677
4754 4677 4676
4756 4757 4679
4756 4679 4678
4758 4759 4760
4759 4758 4681
4759 4681 4680
4761 4762 4683
4761 4683 4682
4763 4764 4765
4764 4763 4685
4764 4685 4684
4766 4767 4687
4766 4687 4686
4768 4769 4770
4769 4768 4689
4769 4689 4688
4771 4772 4691
4771 4691 4690
4773 4774 4775
4774 4773 4693
4774 4693 4692
4776 4777 4695
4776 4695 4694
4778 4779 4780
4779 4778 4697
4779 4697 4696
4781 4782 4699
4781 4699 4698
4783 4784 4785
4784 4783 4701
4784 4701 4700
4786 4787 4703
4786 4703 4702
4788 4789 4790
4789 4788 4705
4789 4705 4704
4791 4792 4707
4791 4707 4706
4793 4794 4795
4794 4793 4709
4794 4709 4708
4796 4797 4711
4796 4711 4710
4798 4799 4800
4799 4798 4713
4799 4713 4712
4714 4801 4802
4714 4802 4715
4803 4804 4719
4803 4719 4718
4805 4806 4807
4806 4805 4721
4806 4721 4720
4808 4809 4723
4808 4723 4722
4810 4811 4812
4811 4810 4725
4811 4725 4724
4813 4814 4815
4813 4815 4816
4816 4815 4817
4816 4817 4818
4818 4817 4819
4818 4819 4820
4821 4822 4823
4821 4823 4820
4824 4825 4826
4824 4826 4827
4826 4825 4828
4826 4828 4829
4829 4828 4830
4829 4830 4831
4832 4833 4834
4832 4834 4831
4835 4836 4837
4835 4837 4838
4838 4837 4839
4838 4839 4840
4840 4839 4841
4840 4841 4842
4843 4844 4845
4843 4845 4842
4846 4847 4848
4846 4848 4849
4849 4848 4850
4849 4850 4851
4851 4850 4852
4851 4852 4853
4854 4855 4856
4854 4856 4853
4857 4858 4859
4857 4859 4860
4860 4859 4861
4860 4861 4862
4862 4861 4863
4862 4863 4864
4865 4866 4867
4865 4867 4864
4868 4869 4870
4868 4870 4871
4871 4870 4872
4871 4872 4873
4873 4872 4874
4873 4874 4875
4876 4877 4878
4876 4878 4875
4879 4880 4881
4879 4881 4882
4882 4881 4883
4882 4883 4884
4884 4883 4885
4884 4885 4886
4887 4888 4889
4887 4889 4886
4890 4891 4892
4890 4892 4893
4893 4892 4894
4893 4894 4895
4895 4894 4896
4895 4896 4897
4898 4899 4900
4898 4900 4897
4901 4902 4903
4901 4903 4904
4904 4903 4905
4904 4905 4906
4906 4905 4907
4906 4907 4908
4909 4910 4911
4909 4911 4908
4912 4913 4914
4912 4914 4915
4915 4914 4916
4915 4916 4917
4917 4916 4918
4917 4918 4919
4920 4921 4922
4920 4922 4919
4923 4924 4925
4923 4925 4926
4926 4925 4927
4926 4927 4928
4928 4927 4929
4928 4929 4930
4931 4932 4933
4931 4933 4930
4934 4935 4936
4934 4936 4937
4937 4936 4938
4937 4938 4939
4939 4938 4940
4939 4940 4941
4942 4943 4944
4942 4944 4941
4945 4946 4947
4945 4947 4948
4948 4947 4949
4948 4949 4950
4950 4949 4951
4950 4951 4952
4953 4954 4955
4953 4955 4952
4956 4957 4958
4956 4958 4959
4959 4958 4960
4959 4960 4961
4961 4960 4962
4961 4962 4963
4964 4965 4966
4964 4966 4963
4967 4968 4969
4967 4969 4970
4970 4969 4971
4970 4971 4972
4972 4971 4973
4972 4973 4974
4975 4976 4977
4975 4977 4974
4978 4979 4980
4978 4980 4981
4980 4979 4982
4980 4982 4983
4983 4982 4984
4983 4984 4985
4986 4987 4988
4986 4988 4985
4989 4990 4991
4989 4991 4992
4991 4990 4993
4991 4993 4994
4994 4993 4995
4994 4995 4996
4997 4998 4999
4997 4999 4996
5000 5001 5002
5000 5002 5003
4819 5004 4821
4819 4821 4820
4830 5005 4832
4830 4832 4831
4841 5006 4843
4841 4843 4842
4852 5007 4854
4852 4854 4853
4863 5008 4865
4863 4865 4864
4874 5009 4876
4874 4876 4875
4885 5010 4887
4885 4887 4886
4896 5011 4898
4896 4898 4897
4907 5012 4909
4907 4909 4908
4918 5013 4920
4918 4920 4919
4929 5014 4931
4929 4931 4930
4940 5015 4942
4940 4942 4941
4951 5016 4953
4951 4953 4952
4962 5017 4964
4962 4964 4963
4973 5018 4975
4973 4975 4974
5019 5020 5021
4716 5020 5019
4716 5019 4717
4984 5022 4986
4984 4986 4985
4995 5023 4997
4995 4997 4996
5024 5025 5026
5024 5026 5027
5027 5026 5028
5027 5028 5029
5029 5028 5030
5029 5030 5003
5031 5000 5003
5031 5003 5030
5032 4813 4816
5032 4816 5033
5033 4816 4818
5033 4818 5034
5034 4818 4820
5034 4820 4823
4826 5035 5036
4826 5036 4827
5035 4826 4829
5035 4829 5037
5037 4829 4831
5037 4831 4834
5038 4835 4838
5038 4838 5039
5039 4838 4840
5039 4840 5040
5040 4840 4842
5040 4842 4845
5041 4846 4849
5041 4849 5042
5042 4849 4851
5042 4851 5043
5043 4851 4853
5043 4853 4856
5044 4857 4860
5044 4860 5045
5045 4860 4862
5045 4862 5046
5046 4862 4864
5046 4864 4867
4868 4871 5047
4868 5047 5048
5047 4871 4873
5047 4873 5049
5049 4873 4875
5049 4875 4878
5050 4879 4882
5050 4882 5051
5051 4882 4884
5051 4884 5052
5052 4884 4886
5052 4886 4889
5053 4890 4893
5053 4893 5054
5054 4893 4895
5054 4895 5055
5055 4895 4897
5055 4897 4900
5056 4901 4904
5056 4904 5057
5057 4904 4906
5057 4906 5058
5058 4906 4908
5058 4908 4911
5059 4912 4915
5059 4915 5060
5060 4915 4917
5060 4917 5061
5061 4917 4919
5061 4919 4922
5062 4923 4926
5062 4926 5063
5063 4926 4928
5063 4928 5064
5064 4928 4930
5064 4930 4933
5065 4934 4937
5065 4937 5066
5066 4937 4939
5066 4939 5067
5067 4939 4941
5067 4941 4944
5068 4945 4948
5068 4948 5069
5069 4948 4950
5069 4950 5070
5070 4950 4952
5070 4952 4955
5071 4956 4959
5071 4959 5072
5072 4959 4961
5072 4961 5073
5073 4961 4963
5073 4963 4966
5074 4967 4970
5074 4970 5075
5075 4970 4972
5075 4972 5076
5076 4972 4974
5076 4974 4977
5077 4981 4980
5077 4980 5078
5078 4980 4983
5078 4983 5079
5079 4983 4985
5079 4985 4988
5080 4992 4991
5080 4991 5081
5081 4991 4994
5081 4994 5082
5082 4994 4996
5082 4996 4999
5083 5024 5027
5083 5027 5084
5084 5027 5029
5084 5029 5085
5085 5029 5003
5085 5003 5002
5086 5087 4727
5086 4727 4726
5088 5089 4732
5088 4732 4731
5090 5091 4737
5090 4737 4736
5092 5093 4742
5092 4742 4741
5094 5095 4747
5094 4747 4746
5096 5097 4752
5096 4752 4751
5098 5099 4757
5098 4757 4756
5100 5101 4762
5100 4762 4761
5102 5103 4767
5102 4767 4766
5104 5105 4772
5104 4772 4771
5106 5107 4777
5106 4777 4776
5108 5109 4782
5108 4782 4781
5110 5111 4787
5110 4787 4786
5112 5113 4792
5112 4792 4791
5114 5115 4797
5114 4797 4796
4801 5116 5117
4801 5117 4802
5118 5119 4804
5118 4804 4803
5120 5121 4809
5120 4809 4808
5122 4822 4821
5122 4821 5123
5124 4833 4832
5124 4832 5125
5126 4855 4854
5126 4854 5127
5128 4888 4887
5128 4887 5129
5130 4899 4898
5130 4898 5131
5132 4910 4909
5132 4909 5133
5134 4921 4920
5134 4920 5135
5136 4943 4942
5136 4942 5137
5138 4954 4953
5138 4953 5139
5140 4965 4964
5140 4964 5141
5142 4976 4975
5142 4975 5143
5144 4987 4986
5144 4986 5145
5146 4998 4997
5146 4997 5147
5148 5001 5000
5148 5000 5149
5004 5150 5123
5004 5123 4821
5005 5151 5125
5005 5125 4832
5006 5152 5153
5006 5153 4843
5007 5154 5127
5007 5127 4854
5008 5155 5156
5008 5156 4865
5009 5157 5158
5009 5158 4876
5010 5159 5129
5010 5129 4887
5011 5160 5131
5011 5131 4898
5012 5161 5133
5012 5133 4909
5013 5162 5135
5013 5135 4920
5014 5163 5164
5014 5164 4931
5015 5165 5137
5015 5137 4942
5016 5166 5139
5016 5139 4953
5017 5167 5141
5017 5141 4964
5018 5168 5143
5018 5143 4975
5022 5169 5145
5022 5145 4986
5023 5170 5147
5023 5147 4997
5031 5171 5149
5031 5149 5000
4843 5153 5172
4843 5172 4844
4865 5156 5173
4865 5173 4866
4876 5158 5174
4876 5174 4877
4931 5164 5175
4931 5175 4932
5176 5177 5178
5176 5178 5179
5180 5181 5182
5180 5182 5183
5184 5185 5186
5184 5186 5187
5188 5189 5190
5188 5190 5191
5192 5193 5194
5192 5194 5195
5196 5197 5198
5196 5198 5199
5200 5201 5202
5200 5202 5203
5204 5205 5206
5204 5206 5207
5208 5209 5210
5208 5210 5211
5212 5213 5214
5212 5214 5215
5216 5217 5218
5216 5218 5219
5220 5221 5222
5220 5222 5223
5224 5225 5226
5224 5226 5227
5228 5229 5230
5228 5230 5231
5232 5233 5234
5232 5234 5235
5236 5237 5238
5236 5238 5239
5240 5241 5242
5240 5242 5243
5244 5245 5246
5244 5246 5247
5248 5249 5250
5248 5250 5251
5252 5253 5254
5252 5254 5255
5256 5257 5258
5256 5258 5259
5260 5261 5262
5260 5262 5263
5264 5265 5266
5264 5266 5267
5268 5269 5270
5268 5270 5271
5272 5273 5274
5272 5274 5275
5276 5277 5278
5276 5278 5279
5280 5281 5282
5280 5282 5283
5284 5285 5286
5284 5286 5287
5288 5289 5290
5288 5290 5291
5292 5293 5294
5292 5294 5295
5296 5297 5298
5296 5298 5299
5300 5301 5302
5300 5302 5303
5304 5248 5251
5304 5251 5305
5306 5252 5255
5306 5255 5307
5308 5309 5310
5308 5310 5311
5312 5256 5259
5312 5259 5313
5314 5315 5316
5314 5316 5317
5318 5319 5320
5318 5320 5321
5322 5260 5263
5322 5263 5323
5324 5264 5267
5324 5267 5325
5326 5268 5271
5326 5271 5327
5328 5272 5275
5328 5275 5329
5330 5331 5332
5330 5332 5333
5334 5276 5279
5334 5279 5335
5336 5280 5283
5336 5283 5337
5338 5284 5287
5338 5287 5339
5340 5288 5291
5340 5291 5341
5342 5292 5295
5342 5295 5343
5344 5296 5299
5344 5299 5345
5346 5300 5303
5346 5303 5347
5310 5309 5348
5310 5348 5349
5316 5315 5350
5316 5350 5351
5319 5352 5353
5319 5353 5320
5332 5331 5354
5332 5354 5355
5356 5357 5358
5356 5358 5359
5357 5360 5361
5357 5361 5358
5360 5362 5363
5360 5363 5361
5364 5365 5366
5364 5366 5367
5365 5368 5369
5365 5369 5366
5368 5356 5359
5368 5359 5369
5359 5358 5370
5359 5370 5371
5358 5361 5372
5358 5372 5370
5361 5363 5373
5361 5373 5372
5367 5366 5374
5367 5374 5375
5366 5369 5376
5366 5376 5374
5369 5359 5371
5369 5371 5376
5371 5370 5377
5371 5377 5378
5370 5372 5379
5370 5379 5377
5372 5373 5380
5372 5380 5379
5375 5374 5381
5375 5381 5382
5374 5376 5383
5374 5383 5381
5376 5371 5378
5376 5378 5383
5378 5377 5384
5378 5384 5385
5377 5379 5386
5377 5386 5384
5379 5380 5387
5379 5387 5386
5382 5381 5388
5382 5388 5389
5381 5383 5390
5381 5390 5388
5383 5378 5385
5383 5385 5390
5385 5384 5391
5385 5391 5392
5384 5386 5393
5384 5393 5391
5386 5387 5394
5386 5394 5393
5389 5388 5395
5389 5395 5396
5388 5390 5397
5388 5397 5395
5390 5385 5392
5390 5392 5397
5392 5391 5398
5392 5398 5399
5391 5393 5400
5391 5400 5398
5393 5394 5401
5393 5401 5400
5396 5395 5402
5396 5402 5403
5395 5397 5404
5395 5404 5402
5397 5392 5399
5397 5399 5404
5399 5398 5405
5399 5405 5406
5398 5400 5407
5398 5407 5405
5400 5401 5408
5400 5408 5407
5403 5402 5409
5403 5409 5410
5402 5404 5411
5402 5411 5409
5404 5399 5406
5404 5406 5411
5406 5405 5412
5406 5412 5413
5405 5407 5414
5405 5414 5412
5407 5408 5415
5407 5415 5414
5410 5409 5416
5410 5416 5417
5409 5411 5418
5409 5418 5416
5411 5406 5413
5411 5413 5418
5413 5412 5419
5413 5419 5420
5412 5414 5421
5412 5421 5419
5414 5415 5422
5414 5422 5421
5417 5416 5423
5417 5423 5424
5416 5418 5425
5416 5425 5423
5418 5413 5420
5418 5420 5425
5426 5427 5428
5426 5428 5429
5427 5430 5431
5427 5431 5428
5430 5432 5433
5430 5433 5431
5434 5435 5436
5434 5436 5437
5435 5438 5439
5435 5439 5436
5438 5426 5429
5438 5429 5439
5429 5428 5440
5429 5440 5441
5428 5431 5442
5428 5442 5440
5431 5433 5443
5431 5443 5442
5437 5436 5444
5437 5444 5445
5436 5439 5446
5436 5446 5444
5439 5429 5441
5439 5441 5446
5441 5440 5357
5441 5357 5356
5440 5442 5360
5440 5360 5357
5442 5443 5362
5442 5362 5360
5445 5444 5365
5445 5365 5364
5444 5446 5368
5444 5368 5365
5446 5441 5356
5446 5356 5368
5447 5448 5449
5447 5449 5450
5450 5449 5451
5450 5451 5452
5452 5451 5453
5452 5453 5454
5454 5453 5455
5454 5455 5456
5457 5458 5459
5457 5459 5460
5460 5459 5461
5460 5461 5462
5462 5461 5463
5462 5463 5464
5464 5463 5448
5464 5448 5447
5465 5466 5467
5465 5467 5468
5469 5465 5468
5469 5468 5470
5471 5469 5470
5471 5470 5472
5473 5474 5475
5473 5475 5476
5477 5473 5476
5477 5476 5478
5466 5477 5478
5466 5478 5467
5479 5480 5481
5481 5480 5482
5482 5480 5483
5483 5480 5484
5484 5480 5485
5485 5480 5479
5486 5487 5488
5488 5487 5489
5489 5487 5490
5490 5487 5491
5491 5487 5492
5492 5487 5486
5468 5467 5493
5468 5493 5494
5470 5468 5494
5470 5494 5495
5472 5470 5495
5472 5495 5496
5476 5475 5497
5476 5497 5498
5478 5476 5498
5478 5498 5499
5467 5478 5499
5467 5499 5493
5494 5493 5500
5494 5500 5501
5495 5494 5501
5495 5501 5502
5496 5495 5502
5496 5502 5503
5498 5497 5504
5498 5504 5505
5499 5498 5505
5499 5505 5506
5493 5499 5506
5493 5506 5500
5507 5508 5509
5507 5509 5510
5511 5507 5510
5511 5510 5512
5513 5511 5512
5513 5512 5514
5515 5516 5517
5515 5517 5518
5519 5515 5518
5519 5518 5520
5508 5519 5520
5508 5520 5509
5521 5522 5523
5523 5522 5524
5524 5522 5525
5525 5522 5526
5526 5522 5527
5527 5522 5521
5528 5529 5530
5530 5529 5531
5531 5529 5532
5532 5529 5533
5533 5529 5534
5534 5529 5528
5510 5509 5535
5510 5535 5536
5512 5510 5536
5512 5536 5537
5514 5512 5537
5514 5537 5538
5518 5517 5539
5518 5539 5540
5520 5518 5540
5520 5540 5541
5509 5520 5541
5509 5541 5535
5536 5535 5542
5536 5542 5543
5537 5536 5543
5537 5543 5544
5538 5537 5544
5538 5544 5545
5540 5539 5546
5540 5546 5547
5541 5540 5547
5541 5547 5548
5535 5541 5548
5535 5548 5542
5549 5550 5551
5549 5551 5552
5553 5549 5552
5553 5552 5554
5555 5553 5554
5555 5554 5556
5557 5558 5559
5557 5559 5560
5561 5557 5560
5561 5560 5562
5550 5561 5562
5550 5562 5551
5563 5564 5565
5563 5565 5566
5567 5563 5566
5567 5566 5568
5569 5567 5568
5569 5568 5570
5571 5572 5573
5571 5573 5574
5575 5571 5574
5575 5574 5576
5564 5575 5576
5564 5576 5565
5577 5578 5579
5580 5577 5579
5581 5580 5579
5582 5581 5579
5583 5582 5579
5578 5583 5579
5584 5585 5586
5586 5585 5587
5587 5585 5588
5588 5585 5589
5589 5585 5590
5590 5585 5584
5591 5592 5566
5591 5566 5565
5592 5593 5568
5592 5568 5566
5593 5594 5570
5593 5570 5568
5595 5596 5574
5595 5574 5573
5596 5597 5576
5596 5576 5574
5597 5591 5565
5597 5565 5576
5552 5551 5598
5552 5598 5599
5554 5552 5599
5554 5599 5600
5556 5554 5600
5556 5600 5601
5560 5559 5602
5560 5602 5603
5562 5560 5603
5562 5603 5604
5551 5562 5604
5551 5604 5598
5599 5598 5564
5599 5564 5563
5600 5599 5563
5600 5563 5567
5601 5600 5567
5601 5567 5569
5603 5602 5572
5603 5572 5571
5604 5603 5571
5604 5571 5575
5598 5604 5575
5598 5575 5564
5543 5542 5605
5543 5605 5606
5544 5543 5606
5544 5606 5607
5545 5544 5607
5545 5607 5608
5547 5546 5609
5547 5609 5610
5548 5547 5610
5548 5610 5611
5542 5548 5611
5542 5611 5605
5501 5500 5612
5501 5612 5613
5502 5501 5613
5502 5613 5614
5503 5502 5614
5503 5614 5615
5505 5504 5616
5505 5616 5617
5506 5505 5617
5506 5617 5618
5500 5506 5618
5500 5618 5612
5619 5620 5592
5619 5592 5591
5620 5621 5593
5620 5593 5592
5621 5622 5594
5621 5594 5593
5623 5624 5596
5623 5596 5595
5596 5624 5625
5596 5625 5597
5597 5625 5619
5597 5619 5591
5626 5627 5628
5626 5628 5629
5630 5628 5627
5630 5627 5631
5630 5631 5632
5630 5632 5633
5626 5629 5634
5626 5634 5635
5636 5637 5635
5636 5635 5634
5636 5638 5639
5636 5639 5637
5640 5641 5642
5643 5644 5645
5643 5645 5646
5647 5648 5649
5650 5651 5647
5639 5638 5648
5652 5653 5654
5652 5654 5655
5653 5652 5643
5653 5643 5646
5656 5657 5658
5656 5658 5659
5656 5660 5661
5656 5661 5657
5662 5663 5664
5662 5664 5665
5666 5664 5663
5667 5666 5663
5668 5669 5670
5668 5670 5671
5651 5662 5665
5651 5665 5672
5673 5674 5675
5674 5673 5676
5674 5676 5677
5669 5677 5676
5669 5676 5670
5678 5679 5680
5678 5680 5681
5642 5678 5681
5642 5681 5640
5648 5682 5639
5651 5672 5682
5651 5682 5648
5648 5683 5649
5663 5662 5684
5663 5684 5685
5686 5663 5685
5671 5687 5688
5671 5688 5668
5650 5689 5662
5650 5662 5651
5649 5683 5690
5686 5685 5691
5647 5651 5648
5684 5662 5689
5648 5638 5683
5667 5663 5686
5692 5693 5694
5695 5693 5692
5695 5692 5696
5693 5695 5697
5698 5699 5695
5698 5695 5696
5700 5701 5702
5700 5702 5703
5699 5698 5702
5699 5702 5701
5699 5701 5704
5705 5706 5707
5708 5704 5701
5709 5710 5711
5712 5711 5713
5714 5715 5716
5717 5718 5711
5717 5711 5719
5711 5710 5720
5711 5720 5719
5721 5717 5719
5722 5723 5724
5722 5721 5725
5722 5725 5723
5721 5719 5720
5721 5720 5725
5721 5722 5726
5727 5728 5729
5729 5728 5718
5729 5718 5717
5694 5693 5730
5730 5731 5722
5732 5726 5731
5730 5722 5724
5731 5730 5693
5731 5693 5697
5733 5734 5735
5733 5735 5736
5704 5706 5733
5733 5737 5738
5739 5734 5738
5738 5740 5741
5741 5742 5743
5733 5736 5704
5744 5740 5738
5718 5745 5714
5745 5746 5747
5748 5746 5745
5748 5745 5749
5750 5751 5748
5749 5727 5752
5753 5751 5754
5753 5754 5755
5751 5750 5754
5747 5756 5715
5748 5751 5746
5757 5751 5758
5759 5760 5761
5760 5759 5762
5763 5762 5759
5735 5764 5765
5766 5752 5765
5767 5754 5750
5767 5750 5768
5754 5767 5769
5754 5769 5755
5770 5767 5768
5770 5768 5771
5741 5772 5770
5769 5767 5770
5769 5770 5773
5774 5762 5763
5739 5741 5770
5734 5764 5735
5721 5726 5717
5726 5775 5729
5726 5732 5775
5732 5697 5776
5697 5699 5776
5697 5695 5699
5731 5697 5732
5731 5726 5722
5717 5726 5729
5729 5775 5727
5777 5765 5727
5777 5727 5775
5777 5735 5765
5736 5735 5777
5736 5777 5776
5775 5732 5777
5732 5776 5777
5718 5728 5745
5728 5727 5745
5727 5749 5745
5704 5736 5776
5704 5776 5699
5718 5778 5713
5709 5711 5712
5713 5711 5718
5714 5778 5718
5714 5745 5747
5707 5704 5708
5750 5748 5749
5749 5752 5750
5768 5750 5752
5768 5752 5766
5764 5771 5768
5764 5768 5766
5739 5771 5764
5739 5764 5734
5739 5738 5741
5747 5715 5714
5746 5756 5747
5779 5780 5781
5746 5780 5756
5714 5716 5778
5782 5751 5757
5779 5781 5782
5779 5782 5757
5751 5753 5758
5759 5761 5783
5763 5784 5774
5741 5743 5772
5741 5785 5742
5706 5786 5737
5706 5705 5786
5708 5701 5700
5733 5706 5737
5737 5787 5744
5738 5734 5733
5707 5706 5704
5765 5764 5766
5752 5727 5765
5741 5788 5785
5737 5789 5787
5737 5786 5789
5741 5740 5788
5740 5744 5788
5751 5782 5746
5782 5781 5746
5781 5780 5746
5753 5755 5790
5773 5763 5759
5773 5759 5769
5772 5791 5763
5772 5763 5773
5772 5743 5792
5743 5793 5792
5743 5742 5793
5772 5792 5791
5790 5755 5783
5763 5791 5784
5755 5769 5759
5755 5759 5783
5760 5762 5794
5762 5795 5794
5762 5774 5796
5762 5796 5795
5770 5772 5773
5739 5770 5771
5744 5738 5737
5797 5798 5799
5797 5800 5801
5797 5802 5800
5797 5799 5803
5797 5803 5804
5805 5797 5806
5807 5797 5805
5808 5797 5807
5809 5810 5811
5809 5811 5812
5813 5809 5814
5815 5809 5816
5817 5809 5815
5818 5809 5817
5819 5809 5820
5821 5822 5823
5821 5823 5824
5824 5825 5821
5826 5827 5828
5829 5830 5831
5832 5833 5834
5835 5836 5833
5835 5833 5832
5837 5832 5831
5837 5831 5838
5829 5831 5832
5829 5832 5834
5831 5839 5838
5840 5841 5830
5842 5828 5843
5828 5842 5844
5826 5828 5844
5845 5846 5828
5847 5845 5828
5848 5828 5846
5836 5835 5849
5849 5835 5850
5849 5850 5851
5851 5850 5852
5835 5853 5854
5855 5850 5835
5855 5835 5854
5828 5856 5857
5856 5828 5858
5828 5859 5860
5860 5861 5828
5859 5828 5857
5862 5863 5864
5865 5863 5866
5867 5866 5863
5863 5868 5864
5863 5865 5869
5869 5870 5863
5871 5863 5872
5872 5863 5873
5874 5863 5875
5863 5874 5876
5806 5797 5877
5878 5879 5880
5797 5881 5802
5882 5881 5797
5883 5884 5824
5883 5824 5885
5824 5886 5885
5823 5887 5886
5823 5886 5824
5884 5883 5888
5889 5890 5891
5892 5891 5890
5892 5890 5893
5894 5823 5890
5894 5890 5889
5892 5893 5895
5890 5896 5897
5890 5897 5893
5893 5897 5898
5893 5899 5900
5901 5899 5893
5902 5880 5879
5903 5880 5902
5880 5903 5904
5905 5884 5906
5907 5908 5809
5908 5909 5809
5910 5850 5855
5911 5912 5850
5911 5850 5910
5912 5911 5913
5912 5914 5852
5912 5852 5850
5912 5915 5914
5916 5917 5913
5918 5832 5837
5853 5835 5832
5853 5832 5918
5919 5890 5823
5919 5823 5920
5890 5919 5896
5814 5809 5921
5863 5922 5868
5923 5917 5924
5915 5912 5917
5925 5924 5917
5926 5924 5925
5927 5923 5924
5924 5926 5927
5880 5904 5878
5906 5884 5904
5825 5824 5884
5825 5884 5905
5928 5904 5888
5887 5823 5894
5823 5822 5920
5841 5929 5839
5867 5863 5862
5816 5809 5812
5820 5809 5818
5797 5930 5798
5847 5828 5827
5858 5828 5848
5797 5801 5930
5882 5797 5808
5931 5932 5923
5923 5933 5931
5923 5927 5933
5879 5878 5934
5878 5935 5934
5928 5935 5878
5843 5828 5861
5797 5804 5877
5921 5809 5909
5863 5876 5922
5830 5841 5831
5927 5926 5936
5841 5839 5831
5933 5927 5937
5893 5900 5895
5901 5893 5898
5902 5879 5938
5879 5934 5939
5940 5941 5942
5940 5942 5943
5944 5941 5940
5944 5940 5945
5946 5947 5948
5946 5948 5949
5950 5951 5947
5950 5947 5946
5952 5953 5954
5952 5954 5955
5956 5953 5952
5956 5952 5957
5958 5959 5960
5958 5960 5961
5962 5963 5959
5962 5959 5958
5943 5942 5948
5943 5948 5964
5955 5954 5960
5955 5960 5965
5966 5951 5956
5966 5956 5957
5967 5963 5968
5967 5968 5969
5970 5971 5972
5970 5972 5973
5974 5975 5976
5974 5976 5977
5978 5979 5980
5978 5980 5981
5982 5983 5984
5982 5984 5985
5986 5987 5979
5986 5979 5978
5988 5989 5981
5988 5981 5980
5990 5991 5992
5990 5992 5993
5994 5995 5987
5994 5987 5986
5989 5988 5996
5974 5977 5997
5974 5997 5998
5999 6000 5976
5999 5976 5975
6001 6002 6003
6001 6003 6004
6005 6006 6007
6005 6007 6008
5982 5985 5995
5982 5995 5994
6009 6010 6011
6009 6011 6012
6013 6014 6015
6013 6015 6016
6012 6011 6014
6012 6014 6013
6017 6018 6019
6017 6019 6020
6021 6022 6002
6021 6002 6001
6023 6024 6022
6023 6022 6021
6006 6005 6025
6006 6025 6026
6027 6028 6024
6027 6024 6023
6016 6015 6029
6016 6029 6030
6017 6020 6028
6017 6028 6027
6030 6029 6031
6030 6031 6032
6009 6033 6034
6009 6034 6010
6035 6036 5993
6035 5993 5992
6037 6038 6039
6037 6039 6040
6041 6042 6043
6041 6043 6044
6045 6046 6047
6045 6047 6048
6049 6050 6051
6049 6051 6052
5997 5972 5971
5997 5971 5998
6053 6054 6055
6053 6055 6056
6057 5970 5973
6057 5973 6058
6049 6052 6053
6049 6053 6056
6059 6060 6061
6059 6061 6062
6063 6064 6065
6063 6065 6066
6067 6068 6069
6067 6069 6070
6071 6072 6073
6071 6073 6074
6075 6076 6077
6075 6077 6078
6079 6080 6081
6079 6082 6080
6083 6084 6085
6083 6085 6086
6038 6087 6060
6038 6060 6039
6088 6089 6090
6088 6090 6091
6092 6093 6094
6092 6094 6095
6092 6095 6090
6092 6090 6089
6096 6097 6098
6099 6100 6101
6099 6101 6102
6103 6104 6105
6103 6105 6106
6085 6084 6063
6085 6063 6066
6107 6108 6109
6107 6109 6110
6111 6112 6113
6111 6113 6114
6115 6116 6117
6115 6117 6118
6119 6120 6121
6119 6121 6122
5941 6123 6124
5941 6124 5942
6125 6123 5941
6125 5941 5944
5947 6126 5964
5947 5964 5948
5951 5966 6126
5951 6126 5947
5953 6127 6128
5953 6128 5954
6129 6127 5953
6129 5953 5956
5959 6130 5965
5959 5965 5960
5963 5967 6130
5963 6130 5959
5942 6124 5949
5942 5949 5948
5954 6128 5961
5954 5961 5960
6004 6003 6131
6004 6131 6132
6133 6082 6134
6133 6134 6135
6136 6070 6069
6136 6069 6137
6138 6083 6086
6138 6086 6139
6080 6082 6133
6140 6141 6078
6140 6078 6077
6142 6143 6144
6142 6144 6145
6146 6147 6148
6146 6148 6149
6088 6091 6150
6088 6150 6151
6145 6144 6152
6145 6152 6097
6100 6068 6067
6100 6067 6101
6153 6154 6155
6141 6140 6156
6142 6148 6147
6142 6147 6143
6149 6103 6106
6149 6106 6146
6079 6081 6157
6153 6155 6080
6060 6065 6064
6060 6064 6061
6076 6075 6072
6076 6072 6071
6104 6158 6105
6159 6096 6098
6087 6065 6060
6104 6160 6158
6160 6161 6158
6150 6162 6163
6150 6163 6151
6164 6163 6162
6164 6162 6165
6098 6097 6152
6166 6167 6099
6166 6099 6102
6168 6169 6167
6168 6167 6166
6064 6170 6061
6171 6172 6173
6174 6175 6176
6057 6058 6055
6057 6055 6054
6177 5996 6178
6042 6019 6018
6042 6018 6043
6179 6180 6181
6179 6181 6182
6025 6032 6031
6025 6031 6026
6048 6047 6183
6048 6183 6184
6183 6185 6186
6183 6186 6184
6182 6181 6187
6182 6187 6188
6189 6177 6178
6190 6180 6179
6190 6179 6191
5996 6192 6193
6186 6185 6190
6186 6190 6191
5996 5988 6192
5989 5996 6177
6176 6036 6035
6176 6035 6174
6194 6195 6164
6194 6164 6165
6196 6197 6198
6199 6200 6041
6199 6041 6044
6201 6173 6172
6201 6172 6202
6203 6204 6205
6206 6207 6061
6206 6061 6170
6074 6073 5991
6074 5991 5990
6037 6040 6208
6169 6168 6046
6169 6046 6045
6050 6059 6062
6050 6062 6051
6194 6188 6187
6194 6187 6195
6200 6199 6196
6200 6196 6198
6008 6007 6201
6008 6201 6202
6205 6204 6207
6205 6207 6206
6117 6209 6210
6117 6210 6118
6211 6210 6209
6211 6209 6212
6121 6211 6212
6121 6212 6122
6112 6111 6213
6112 6213 6214
6113 6215 6216
6113 6216 6114
6217 6218 6219
6220 6221 6222
6217 6223 6224
6217 6225 6223
6217 6219 6225
6219 6226 6227
6222 6228 6229
6221 6230 6228
6223 6231 6232
6225 6227 6231
6229 6233 6222
6228 6222 6221
6230 6221 6234
6231 6223 6225
6227 6225 6219
6235 6229 6228
6235 6228 6230
6235 6230 6236
6237 6231 6227
6235 6238 6229
6239 6240 6241
6242 6243 6244
6239 6245 6246
6239 6247 6245
6239 6241 6247
6241 6248 6249
6244 6250 6251
6243 6252 6250
6245 6253 6254
6247 6249 6253
6251 6255 6244
6250 6244 6243
6252 6243 6256
6253 6245 6247
6249 6247 6241
6257 6251 6250
6257 6250 6252
6257 6252 6258
6259 6253 6249
6257 6260 6251
6080 6133 6153
6109 6214 6213
6109 6213 6110
6192 6261 6193
6262 6263 6264
6265 6266 6267
6268 6269 6270
6271 6272 6273
6274 6275 6276
6277 6278 6279
6280 6281 6282
6283 6284 6285
6286 6287 6288
6289 6290 6291
6292 6293 6294
6295 6296 6297
6298 6299 6300
6301 6302 6303
6304 6305 6306
6307 6308 6309
6310 6311 6312
6310 6312 6313
6314 6315 6316
6314 6316 6317
6318 6319 6320
6318 6320 6321
6322 6313 6312
6322 6312 6323
6311 6324 6325
6311 6325 6312
6317 6316 6326
6317 6326 6327
6321 6320 6328
6321 6328 6329
6323 6312 6325
6323 6325 6330
6324 6331 6332
6324 6332 6325
6327 6326 6333
6327 6333 6334
6329 6328 6335
6329 6335 6336
6330 6325 6332
6330 6332 6337
6331 6338 6339
6331 6339 6332
6334 6333 6340
6334 6340 6341
6336 6335 6342
6336 6342 6343
6337 6332 6339
6337 6339 6344
6338 6345 6346
6338 6346 6339
6341 6340 6347
6341 6347 6348
6343 6342 6349
6343 6349 6350
6344 6339 6346
6344 6346 6351
6345 6352 6353
6345 6353 6346
6348 6347 6354
6348 6354 6355
6350 6349 6356
6350 6356 6357
6351 6346 6353
6351 6353 6358
6352 6359 6360
6352 6360 6353
6355 6354 6361
6355 6361 6362
6357 6356 6363
6357 6363 6364
6358 6353 6360
6358 6360 6365
6359 6366 6367
6359 6367 6360
6362 6361 6368
6362 6368 6369
6364 6363 6370
6364 6370 6371
6365 6360 6367
6365 6367 6372
6366 6373 6374
6366 6374 6367
6369 6368 6375
6369 6375 6376
6371 6370 6377
6371 6377 6378
6372 6367 6374
6372 6374 6379
6373 6380 6381
6373 6381 6374
6376 6375 6382
6376 6382 6383
6378 6377 6384
6378 6384 6385
6379 6374 6381
6379 6381 6386
6380 6387 6388
6380 6388 6381
6383 6382 6389
6383 6389 6390
6385 6384 6391
6385 6391 6392
6386 6381 6388
6386 6388 6393
6387 6394 6395
6387 6395 6388
6390 6389 6396
6390 6396 6397
6392 6391 6398
6392 6398 6399
6393 6388 6395
6393 6395 6400
6394 6401 6402
6394 6402 6395
6397 6396 6403
6397 6403 6404
6399 6398 6405
6399 6405 6406
6400 6395 6402
6400 6402 6407
6401 6408 6409
6401 6409 6402
6404 6403 6410
6404 6410 6411
6406 6405 6412
6406 6412 6413
6407 6402 6409
6407 6409 6414
6408 6415 6416
6408 6416 6409
6411 6410 6417
6411 6417 6418
6413 6412 6419
6413 6419 6420
6421 6414 6409
6421 6409 6416
6415 6422 6423
6415 6423 6416
6418 6417 6424
6418 6424 6425
6420 6419 6426
6420 6426 6427
6428 6421 6416
6428 6416 6423
6311 6310 6314
6311 6314 6317
6320 6319 6429
6320 6429 6430
6324 6311 6317
6324 6317 6327
6328 6320 6430
6328 6430 6431
6331 6324 6327
6331 6327 6334
6335 6328 6431
6335 6431 6432
6338 6331 6334
6338 6334 6341
6342 6335 6432
6342 6432 6433
6345 6338 6341
6345 6341 6348
6349 6342 6433
6349 6433 6434
6352 6345 6348
6352 6348 6355
6356 6349 6434
6356 6434 6435
6359 6352 6355
6359 6355 6362
6363 6356 6435
6363 6435 6436
6366 6359 6362
6366 6362 6369
6370 6363 6436
6370 6436 6437
6373 6366 6369
6373 6369 6376
6377 6370 6437
6377 6437 6438
6380 6373 6376
6380 6376 6383
6384 6377 6438
6384 6438 6439
6387 6380 6383
6387 6383 6390
6391 6384 6439
6391 6439 6440
6394 6387 6390
6394 6390 6397
6398 6391 6440
6398 6440 6441
6401 6394 6397
6401 6397 6404
6405 6398 6441
6405 6441 6442
6408 6401 6404
6408 6404 6411
6412 6405 6442
6412 6442 6443
6415 6408 6411
6415 6411 6418
6419 6412 6443
6419 6443 6444
6422 6415 6418
6422 6418 6425
6426 6419 6444
6426 6444 6445
6446 6447 6448
6449 6450 6451
6449 6451 6452
6453 6454 6455
6455 6454 6456
6453 6457 6452
6458 6459 6460
6458 6460 6461
6459 6462 6460
6462 6459 6463
6464 6463 6465
6466 6458 6461
6467 6468 6469
6468 6467 6470
6471 6472 6473
6467 6469 6473
6464 6465 6474
6474 6465 6475
6475 6465 6476
6477 6476 6478
6476 6479 6480
6478 6481 6482
6483 6478 6484
6455 6456 6470
6473 6472 6485
6486 6487 6473
6487 6486 6488
6489 6490 6491
6487 6488 6489
6489 6491 6492
6493 6494 6495
6493 6495 6496
6496 6497 6498
6494 6493 6489
6499 6496 6498
6500 6501 6502
6501 6500 6496
6503 6504 6505
6505 6504 6506
6507 6504 6503
6506 6508 6509
6482 6481 6507
6510 6511 6512
6513 6514 6510
6515 6514 6516
6513 6516 6514
6517 6518 6519
6512 6511 6518
6518 6500 6502
6518 6520 6519
6521 6522 6509
6521 6509 6523
6524 6509 6522
6514 6515 6525
6523 6526 6525
6507 6481 6504
6478 6482 6484
6506 6504 6508
6506 6509 6524
6523 6509 6526
6514 6525 6526
6510 6514 6511
6512 6518 6517
6501 6496 6499
6518 6502 6520
6496 6495 6497
6494 6489 6492
6486 6473 6485
6489 6488 6490
6473 6469 6471
6470 6467 6455
6449 6452 6457
6453 6455 6457
6476 6477 6479
6477 6478 6483
6475 6476 6480
6463 6459 6465
6447 6450 6449
6447 6449 6448
6527 6528 6529
6530 6531 6532
6531 6533 6534
6535 6536 6528
6536 6533 6530
6537 6538 6539
6537 6539 6540
6541 6542 6543
6541 6543 6544
6544 6545 6546
6544 6546 6541
6537 6546 6545
6537 6545 6538
6538 6547 6548
6538 6548 6539
6544 6543 6549
6544 6549 6550
6550 6551 6545
6550 6545 6544
6538 6545 6551
6538 6551 6547
6547 6552 6553
6547 6553 6548
6550 6549 6554
6550 6554 6555
6555 6556 6551
6555 6551 6550
6547 6551 6556
6547 6556 6552
6552 6557 6558
6552 6558 6553
6555 6554 6559
6555 6559 6560
6560 6561 6556
6560 6556 6555
6552 6556 6561
6552 6561 6557
6562 6563 6564
6565 6566 6567
6568 6569 6570
6571 6564 6572
6573 6574 6562
6573 6562 6564
6566 6565 6575
6566 6575 6576
6566 6576 6577
6566 6577 6570
6564 6571 6578
6564 6578 6573
6579 6580 6574
6579 6574 6573
6576 6575 6581
6576 6581 6582
6576 6582 6583
6576 6583 6577
6573 6578 6584
6573 6584 6579
6585 6586 6587
6585 6587 6588
6589 6590 6591
6589 6591 6592
6589 6592 6593
6589 6593 6594
6588 6595 6596
6588 6596 6585
6597 6598 6586
6597 6586 6585
6592 6591 6599
6592 6599 6600
6592 6600 6601
6592 6601 6593
6585 6596 6602
6585 6602 6597
6597 6603 6604
6597 6604 6598
6600 6599 6605
6600 6605 6606
6606 6607 6601
6606 6601 6600
6597 6602 6608
6597 6608 6603
6609 6610 6611
6609 6611 6612
6613 6614 6615
6613 6615 6616
6616 6617 6618
6616 6618 6613
6609 6619 6620
6609 6620 6610
6621 6622 6623
6621 6623 6624
6625 6626 6627
6625 6627 6628
6628 6629 6630
6628 6630 6625
6621 6631 6632
6621 6632 6622
6622 6633 6634
6622 6634 6623
6628 6627 6635
6628 6635 6636
6636 6637 6629
6636 6629 6628
6622 6632 6638
6622 6638 6633
6639 6640 6641
6639 6641 6642
6643 6644 6645
6643 6645 6646
6646 6647 6648
6646 6648 6643
6639 6649 6650
6639 6650 6640
6651 6652 6641
6651 6641 6640
6646 6645 6653
6646 6653 6654
6646 6654 6655
6646 6655 6647
6640 6650 6656
6640 6656 6651
6657 6658 6659
6657 6659 6660
6661 6662 6663
6661 6663 6664
6661 6665 6666
6661 6666 6662
6660 6667 6668
6660 6668 6657
6657 6668 6652
6657 6652 6651
6654 6653 6665
6654 6665 6661
6654 6661 6664
6654 6664 6655
6651 6656 6658
6651 6658 6657
6633 6639 6642
6633 6642 6634
6636 6635 6644
6636 6644 6643
6643 6648 6637
6643 6637 6636
6633 6638 6649
6633 6649 6639
6610 6621 6624
6610 6624 6611
6616 6615 6626
6616 6626 6625
6625 6630 6617
6625 6617 6616
6610 6620 6631
6610 6631 6621
6669 6670 6671
6672 6673 6674
6675 6676 6677
6675 6677 6678
6679 6680 6681
6682 6683 6684
6682 6684 6685
6686 6687 6688
6686 6688 6689
6682 6685 6690
6682 6690 6691
6692 6693 6670
6692 6670 6669
6694 6695 6696
6697 6694 6698
6686 6689 6673
6686 6673 6672
6699 6700 6701
6685 6702 6698
6685 6698 6690
6703 6704 6705
6705 6679 6706
6705 6706 6707
6704 6703 6708
6709 6705 6710
6703 6705 6709
6711 6712 6713
6681 6680 6714
6715 6697 6698
6716 6717 6718
6719 6716 6720
6721 6722 6723
6721 6723 6724
6725 6726 6721
6727 6728 6725
6729 6727 6725
6730 6716 6719
6731 6732 6733
6734 6733 6735
6736 6735 6737
6736 6737 6738
6739 6740 6741
6740 6742 6743
6742 6703 6744
6745 6746 6747
6745 6747 6748
6749 6673 6691
6750 6704 6708
6751 6680 6750
6673 6689 6682
6673 6682 6691
6752 6701 6696
6691 6690 6700
6691 6700 6753
6754 6755 6756
6754 6756 6757
6696 6701 6698
6758 6759 6676
6758 6676 6675
6700 6690 6698
6759 6758 6757
6759 6757 6756
6753 6700 6699
6760 6761 6746
6760 6746 6745
6672 6762 6670
6693 6763 6687
6693 6687 6686
6670 6693 6686
6670 6686 6672
6696 6695 6752
6764 6765 6766
6767 6768 6678
6767 6678 6677
6769 6770 6771
6769 6771 6772
6773 6774 6775
6773 6775 6776
6770 6777 6778
6770 6778 6771
6779 6780 6781
6782 6783 6779
6774 6764 6784
6774 6784 6775
6785 6786 6787
6771 6778 6783
6771 6783 6788
6789 6707 6790
6790 6791 6789
6707 6792 6793
6789 6794 6792
6712 6711 6706
6795 6796 6783
6797 6798 6799
6800 6801 6797
6802 6803 6804
6802 6804 6805
6806 6802 6807
6808 6806 6809
6810 6806 6808
6811 6800 6797
6812 6813 6814
6813 6815 6816
6815 6817 6818
6815 6818 6816
6819 6820 6821
6822 6821 6823
6824 6825 6789
6826 6827 6828
6826 6828 6829
6784 6830 6777
6790 6831 6791
6832 6831 6711
6784 6777 6770
6784 6770 6775
6752 6780 6787
6778 6777 6785
6777 6830 6833
6834 6835 6836
6834 6836 6837
6780 6783 6787
6838 6839 6768
6838 6768 6767
6778 6785 6783
6839 6838 6837
6839 6837 6836
6833 6786 6785
6840 6827 6826
6840 6826 6841
6765 6764 6669
6842 6692 6774
6842 6774 6773
6669 6764 6774
6669 6774 6692
6780 6752 6781
6843 6844 6845
6843 6845 6846
6845 6844 6847
6845 6847 6848
6715 6849 6717
6743 6742 6744
6796 6795 6799
6823 6799 6795
6823 6795 6825
6824 6823 6825
6533 6537 6540
6533 6540 6534
6542 6541 6535
6536 6541 6546
6546 6537 6533
6563 6558 6557
6567 6569 6559
6561 6560 6568
6572 6557 6561
6588 6587 6580
6588 6580 6579
6582 6581 6590
6582 6590 6589
6582 6589 6594
6582 6594 6583
6579 6584 6595
6579 6595 6588
6603 6609 6612
6603 6612 6604
6606 6605 6614
6606 6614 6613
6613 6618 6607
6613 6607 6606
6603 6608 6619
6603 6619 6609
6850 6846 6851
6848 6852 6853
6848 6847 6852
6843 6846 6850
6748 6747 6755
6748 6755 6754
6829 6828 6835
6829 6835 6834
6850 6851 6854
6850 6854 6855
6853 6852 6856
6853 6856 6857
6672 6674 6762
6764 6766 6784
6671 6670 6762
6669 6671 6765
6674 6673 6749
6784 6766 6830
6691 6753 6749
6777 6833 6785
6858 6701 6859
6787 6860 6859
6699 6701 6858
6787 6786 6860
6859 6701 6752
6787 6859 6752
6698 6701 6700
6787 6783 6785
6752 6695 6781
6695 6710 6793
6695 6793 6781
6710 6705 6707
6710 6707 6793
6842 6763 6693
6842 6693 6692
6861 6709 6694
6861 6694 6697
6709 6710 6695
6709 6695 6694
6684 6862 6702
6684 6702 6685
6744 6861 6697
6744 6697 6715
6741 6743 6717
6741 6717 6716
6863 6741 6730
6737 6735 6721
6737 6721 6724
6735 6733 6725
6735 6725 6721
6733 6732 6729
6682 6689 6688
6682 6688 6683
6792 6794 6782
6792 6782 6779
6793 6792 6779
6793 6779 6781
6864 6772 6771
6864 6771 6788
6794 6825 6795
6794 6795 6782
6823 6821 6797
6823 6797 6799
6821 6820 6811
6816 6818 6803
6816 6803 6802
6814 6816 6802
6814 6802 6806
6865 6814 6810
6775 6770 6769
6775 6769 6776
6743 6744 6715
6743 6715 6717
6730 6741 6716
6733 6729 6725
6720 6716 6718
6725 6728 6726
6731 6733 6734
6797 6801 6798
6810 6814 6806
6809 6806 6807
6812 6814 6865
6819 6821 6822
6821 6811 6797
6698 6694 6696
6703 6709 6861
6779 6783 6780
6789 6792 6707
6711 6866 6832
6711 6831 6790
6867 6680 6751
6750 6680 6704
6708 6703 6868
6789 6791 6869
6679 6870 6706
6871 6872 6714
6871 6714 6867
6873 6872 6871
6873 6713 6872
6706 6870 6712
6866 6713 6873
6739 6741 6863
6795 6783 6782
6799 6798 6796
6822 6823 6824
6789 6825 6794
6807 6802 6805
6813 6816 6814
6721 6726 6722
6734 6735 6736
6715 6698 6849
6718 6717 6849
6740 6743 6741
6744 6703 6861
6874 6875 6531
6874 6531 6876
6534 6877 6876
6878 6540 6539
6878 6539 6879
6879 6539 6548
6879 6548 6880
6880 6548 6553
6880 6553 6881
6881 6553 6558
6881 6558 6882
6883 6884 6562
6562 6574 6885
6562 6885 6883
6574 6580 6886
6574 6886 6885
6587 6586 6887
6587 6887 6888
6887 6586 6598
6887 6598 6889
6889 6598 6604
6889 6604 6890
6612 6611 6891
6612 6891 6892
6624 6623 6893
6624 6893 6894
6623 6634 6895
6623 6895 6893
6896 6642 6641
6896 6641 6897
6897 6641 6652
6897 6652 6898
6899 6668 6667
6899 6667 6900
6898 6652 6668
6898 6668 6899
6634 6642 6896
6634 6896 6895
6611 6624 6894
6611 6894 6891
6877 6534 6540
6877 6540 6878
6563 6884 6558
6580 6587 6888
6580 6888 6886
6890 6604 6612
6890 6612 6892
6528 6530 6901
6536 6530 6528
6570 6571 6568
6571 6570 6577
6571 6577 6578
6578 6577 6583
6578 6583 6584
6595 6594 6593
6595 6593 6596
6596 6593 6601
6596 6601 6602
6602 6601 6607
6602 6607 6608
6619 6618 6617
6619 6617 6620
6631 6630 6629
6631 6629 6632
6632 6629 6637
6632 6637 6638
6649 6648 6647
6649 6647 6650
6647 6655 6656
6647 6656 6650
6659 6658 6664
6655 6664 6658
6655 6658 6656
6638 6637 6648
6638 6648 6649
6620 6617 6630
6620 6630 6631
6572 6561 6568
6584 6583 6594
6584 6594 6595
6608 6607 6618
6608 6618 6619
6679 6681 6870
6680 6679 6704
6706 6711 6790
6659 6664 6663
6528 6901 6529
6532 6531 6875
6530 6533 6531
6568 6571 6572
6564 6563 6572
6562 6884 6563
6567 6566 6569
6570 6569 6566
6535 6528 6527
6535 6541 6536
6546 6533 6536
6534 6876 6531
6901 6530 6532
6558 6884 6882
6563 6557 6572
6559 6569 6560
6568 6560 6569
6711 6713 6866
6714 6680 6867
6705 6704 6679
6790 6707 6706
6902 6903 6904
6904 6905 6906
6904 6903 6905
6903 6907 6905
6902 6908 6903
6903 6909 6907
6903 6908 6909
6908 6910 6909
6902 6911 6908
6908 6912 6910
6908 6911 6912
6911 6913 6912
6902 6904 6911
6911 6914 6913
6911 6904 6914
6904 6906 6914
6915 6916 6917
6917 6918 6919
6917 6916 6918
6916 6920 6918
6915 6917 6921
6921 6922 6923
6921 6917 6922
6917 6919 6922
6915 6921 6924
6924 6925 6926
6924 6921 6925
6921 6923 6925
6915 6924 6916
6916 6927 6920
6916 6924 6927
6924 6926 6927
6928 6929 6930
6929 6928 6931
6932 6933 6934
6932 6934 6935
6936 6934 6937
6936 6937 6938
6939 6928 6940
6931 6928 6939
6941 6940 6928
6941 6928 6942
6943 6944 6945
6937 6946 6943
6937 6943 6947
6948 6949 6950
6948 6950 6935
6949 6951 6952
6949 6952 6950
6953 6954 6955
6953 6955 6956
6951 6957 6958
6951 6958 6952
6959 6960 6953
6953 6960 6961
6962 6954 6953
6962 6953 6961
6953 6963 6959
6964 6965 6966
6964 6966 6967
6968 6969 6970
6968 6970 6967
6942 6928 6930
6942 6930 6971
6972 6973 6942
6972 6942 6971
6974 6975 6973
6974 6973 6972
6973 6976 6941
6973 6941 6942
6977 6978 6975
6977 6975 6979
6980 6979 6975
6980 6975 6974
6977 6979 6981
6982 6983 6984
6985 6984 6986
6973 6975 6978
6973 6978 6976
6980 6987 6979
6988 6989 6990
6988 6990 6991
6989 6992 6993
6989 6993 6990
6993 6992 6994
6993 6994 6995
6995 6994 6996
6993 6997 6998
6993 6998 6990
6998 6999 6991
6998 6991 6990
7000 7001 7002
7000 7002 7003
7004 7005 7001
7004 7006 7007
7004 7007 7005
6988 6991 7008
6988 7008 7009
7010 7002 7011
7010 7011 7012
7012 7013 7010
7008 7014 7015
7014 7008 7016
6991 6999 7016
6991 7016 7008
7017 7018 7019
7017 7019 7020
7021 7020 7022
7021 7022 7023
7008 7015 7024
7024 7009 7008
7025 7026 7027
7025 7027 7028
7029 7025 7028
7029 7028 7030
7031 7032 7033
7031 7033 7034
7032 7031 7035
7032 7035 7036
7037 7033 7032
7037 7032 7038
7037 7029 7030
7037 7030 7033
7039 7040 7041
7039 7041 7042
7030 7043 7034
7030 7034 7033
7027 7044 7045
7044 7027 7046
7046 7027 7047
7048 7049 7007
7048 7007 7017
7027 7026 7047
7023 7022 7050
7023 7050 7051
7052 7053 7051
7052 7051 7050
7043 7030 7028
7043 7028 7054
7028 7027 7045
7028 7045 7054
7055 7056 6955
7055 6955 6954
7057 7056 7055
7057 7055 7058
6954 6962 7059
6954 7059 7055
7058 7055 7059
7058 7059 7060
7061 7062 7063
7061 7063 6945
6986 7064 7062
6986 7062 7061
7065 7066 7058
7065 7058 7060
6965 7067 6958
6965 6958 6966
7066 7068 7057
7066 7057 7058
7066 7069 7068
6963 6953 6956
7070 6995 7071
7072 7042 7073
7072 7073 7074
7039 7075 7053
7039 7053 7052
7070 6997 6993
7070 6993 6995
7076 7069 7066
7013 7077 7078
7079 7080 7081
7079 7081 7082
7081 7080 7083
7081 7083 7084
7083 7085 7086
7083 7086 7084
7086 7085 7087
7086 7087 7088
6981 6979 6987
6995 6996 7071
7032 7036 7038
7076 7066 7065
7089 6983 7090
7091 7078 7092
6986 6983 7089
7093 7003 7002
7093 7002 7010
7010 7078 7091
7061 7094 6985
7061 6985 6986
6943 6945 6947
6945 6944 7094
6945 7094 7061
7095 6945 7063
7001 7096 7011
7001 7011 7002
7001 7097 7096
7004 7001 7000
6986 6984 6983
7010 7013 7078
6986 7089 7064
7010 7091 7093
6935 6934 6936
6935 6936 6948
6946 6937 6934
6946 6934 6933
6938 6937 6947
6938 6947 7095
6935 6950 7098
6935 7098 6932
6950 6952 7099
6950 7099 7098
6952 6958 7067
6952 7067 7099
6967 6966 7100
6967 7100 6968
6967 6970 7101
6967 7101 6964
7005 7007 7049
7005 7049 7097
7048 7017 7020
7048 7020 7021
7102 7022 7020
7102 7020 7019
7075 7039 7042
7075 7042 7072
7017 7007 7006
7017 7006 7018
7103 7050 7022
7103 7022 7102
7104 7052 7050
7104 7050 7103
6966 6958 6957
6966 6957 7100
7105 7073 7042
7105 7042 7041
7040 7039 7052
7040 7052 7104
6947 6945 7095
7001 7005 7097
7106 7107 7108
7106 7108 7109
7110 7111 7112
7110 7112 7113
7114 7115 7116
7114 7116 7117
7118 7119 7109
7118 7109 7120
7119 7112 7121
7119 7121 7122
7114 7117 7123
7114 7123 7124
7122 7106 7109
7122 7109 7119
7120 7109 7108
7120 7108 7125
7113 7112 7119
7113 7119 7118
7126 7121 7112
7126 7112 7111
7127 7128 7129
7130 7131 7132
7127 7133 7134
7127 7129 7133
7135 7132 7136
7130 7132 7135
7137 7138 7139
7137 7139 7140
7141 7142 7143
7141 7143 7144
7145 7146 7147
7145 7147 7148
7149 7150 7151
7149 7151 7152
7151 7150 7153
7151 7153 7154
7155 7156 7157
7158 7159 7160
7158 7160 7161
7159 7158 7162
7159 7162 7163
7164 7161 7160
7164 7160 7165
7166 7167 7168
7166 7168 7169
7170 7171 7172
7173 7174 7175
7173 7175 7176
7177 7178 7179
7180 7181 7182
7180 7182 7183
7184 7185 7186
7187 7188 7144
7187 7144 7143
7189 7190 7191
7189 7191 7192
7193 7194 7191
7193 7191 7190
7195 7196 7197
7195 7197 7198
7199 7200 7157
7199 7157 7201
7202 7203 7204
7202 7204 7205
7181 7206 7207
7181 7207 7182
7208 7199 7201
7208 7201 7209
7175 7167 7166
7175 7166 7176
7210 7211 7212
7210 7212 7213
7214 7215 7216
7196 7195 7203
7196 7203 7202
7197 7208 7209
7197 7209 7198
7217 7218 7219
7217 7219 7220
7221 7222 7140
7221 7140 7139
7223 7224 7225
7223 7225 7226
7227 7228 7229
7227 7229 7230
7231 7232 7233
7231 7233 7234
7235 7236 7237
7235 7237 7238
7232 7239 7240
7232 7240 7233
7241 7242 7243
7241 7243 7244
7245 7246 7231
7245 7231 7234
7247 7248 7249
7247 7249 7250
7251 7240 7239
7251 7239 7252
7249 7248 7253
7249 7253 7254
7255 7256 7257
7258 7259 7260
7258 7260 7261
7221 7262 7263
7221 7263 7222
7264 7265 7266
7264 7266 7267
7268 7269 7270
7268 7270 7271
7270 7254 7253
7270 7253 7271
7169 7168 7218
7169 7218 7217
7272 7273 7205
7219 7180 7183
7219 7183 7220
7207 7206 7274
7207 7274 7275
7243 7171 7276
7237 7247 7250
7237 7250 7238
7210 7213 7277
7210 7277 7278
7279 7278 7277
7279 7277 7280
7281 7230 7229
7281 7229 7282
7269 7268 7251
7269 7251 7252
7283 7284 7285
7283 7285 7286
7285 7287 7288
7285 7288 7286
7288 7287 7289
7288 7289 7290
7289 7291 7292
7289 7292 7290
7293 7294 7292
7293 7292 7291
7295 7296 7297
7295 7297 7298
7299 7295 7298
7299 7298 7300
7301 7302 7303
7301 7303 7304
7305 7301 7304
7305 7304 7306
7307 7308 7309
7307 7309 7310
7311 7312 7307
7311 7307 7310
7312 7311 7313
7312 7313 7314
7315 7309 7308
7315 7308 7316
7317 7299 7300
7317 7300 7318
7319 7320 7321
7319 7321 7322
7319 7323 7324
7319 7324 7320
7323 7325 7326
7323 7326 7324
7327 7328 7329
7327 7329 7330
7330 7329 7331
7330 7331 7332
7332 7331 7333
7332 7333 7334
7334 7333 7305
7334 7305 7306
7335 7336 7337
7335 7337 7338
7338 7337 7339
7338 7339 7340
7341 7342 7343
7341 7343 7344
7345 7346 7341
7345 7341 7344
7347 7348 7349
7347 7349 7350
7351 7352 7350
7351 7350 7349
7353 7354 7355
7353 7355 7356
7357 7358 7359
7357 7359 7360
7357 7361 7362
7357 7362 7358
7363 7364 7365
7363 7365 7366
7367 7363 7366
7367 7366 7368
7369 7370 7362
7369 7362 7361
7371 7372 7373
7371 7373 7374
7375 7376 7377
7375 7377 7378
7376 7375 7379
7376 7379 7380
7381 7382 7383
7381 7383 7384
7385 7386 7381
7385 7381 7384
7387 7388 7389
7387 7389 7390
7391 7383 7382
7391 7382 7392
7393 7367 7368
7393 7368 7394
7395 7396 7397
7395 7397 7398
7399 7400 7401
7399 7401 7402
7399 7402 7403
7399 7403 7404
7405 7406 7407
7405 7407 7408
7374 7401 7400
7374 7400 7371
7379 7409 7410
7379 7410 7380
7411 7412 7413
7411 7413 7414
7415 7416 7395
7415 7395 7398
7417 7418 7419
7417 7419 7420
7417 7420 7421
7417 7421 7422
7423 7419 7418
7423 7418 7424
7425 7426 7427
7425 7427 7428
7415 7429 7430
7415 7430 7416
7425 7431 7432
7425 7432 7426
7433 7434 7435
7433 7435 7436
7436 7437 7438
7436 7438 7433
7439 7440 7441
7439 7441 7442
7443 7444 7445
7443 7445 7446
7447 7448 7449
7447 7449 7450
7451 7452 7453
7451 7453 7454
7455 7456 7454
7455 7454 7453
7297 7296 7457
7297 7457 7458
7459 7460 7294
7459 7294 7293
7460 7459 7461
7460 7461 7462
7462 7461 7463
7462 7463 7464
7465 7466 7467
7465 7467 7468
7469 7470 7471
7469 7471 7472
7473 7474 7471
7473 7471 7470
7457 7474 7473
7457 7473 7458
7322 7321 7314
7322 7314 7313
7475 7476 7477
7475 7477 7478
7479 7480 7481
7479 7481 7482
7483 7484 7469
7483 7469 7472
7154 7153 7145
7154 7145 7148
7242 7241 7226
7242 7226 7225
7174 7173 7228
7174 7228 7227
7263 7262 7260
7263 7260 7259
7443 7446 7365
7443 7365 7364
7485 7486 7370
7485 7370 7369
7390 7389 7386
7390 7386 7385
7411 7414 7410
7411 7410 7409
7372 7486 7485
7372 7485 7373
7422 7421 7388
7422 7388 7387
7412 7397 7396
7412 7396 7413
7442 7441 7445
7442 7445 7444
7476 7475 7326
7476 7326 7325
7484 7483 7354
7484 7354 7353
7406 7405 7404
7406 7404 7403
7428 7427 7423
7428 7423 7424
7481 7480 7430
7481 7430 7429
7467 7466 7464
7467 7464 7463
7478 7477 7336
7478 7336 7335
7342 7465 7468
7342 7468 7343
7351 7356 7355
7351 7355 7352
7447 7450 7432
7447 7432 7431
7408 7407 7435
7408 7435 7434
7479 7482 7456
7479 7456 7455
7487 7488 7194
7489 7490 7491
7193 7492 7487
7193 7487 7194
7258 7493 7494
7492 7193 7495
7245 7281 7282
7245 7282 7246
7164 7165 7265
7164 7265 7264
7491 7490 7496
7172 7497 7235
7498 7490 7487
7498 7487 7492
7496 7490 7498
7235 7497 7236
7172 7171 7497
7216 7189 7192
7216 7192 7214
7163 7162 7257
7163 7257 7256
7185 7138 7137
7185 7137 7186
7212 7211 7499
7261 7177 7258
7261 7260 7500
7177 7179 7493
7258 7177 7493
7501 7502 7503
7501 7503 7504
7504 7503 7505
7504 7505 7506
7507 7508 7502
7507 7502 7509
7506 7505 7510
7506 7510 7511
7507 7509 7512
7512 7509 7513
7503 7502 7508
7503 7508 7514
7505 7503 7514
7505 7514 7515
7509 7502 7501
7509 7501 7516
7510 7505 7515
7510 7515 7517
7518 7519 7520
7518 7520 7521
7522 7523 7524
7522 7524 7525
7520 7519 7526
7520 7526 7527
7523 7522 7528
7523 7528 7529
7530 7531 7532
7530 7533 7534
7530 7535 7533
7530 7532 7536
7530 7536 7537
7538 7530 7539
7540 7530 7538
7541 7530 7540
7542 7543 7544
7542 7545 7543
7542 7544 7546
7545 7542 7547
7548 7542 7549
7550 7542 7548
7551 7542 7550
7552 7542 7553
7554 7555 7556
7554 7556 7557
7557 7558 7554
7559 7560 7561
7562 7563 7564
7565 7566 7567
7568 7569 7566
7568 7566 7565
7570 7565 7571
7562 7564 7565
7564 7572 7571
7573 7574 7563
7575 7561 7576
7561 7575 7577
7559 7561 7577
7578 7579 7561
7580 7578 7561
7581 7561 7579
7569 7568 7582
7582 7568 7583
7582 7583 7584
7584 7583 7585
7568 7586 7587
7588 7583 7568
7588 7568 7587
7561 7589 7590
7589 7561 7591
7561 7592 7593
7593 7594 7561
7592 7561 7590
7595 7596 7597
7598 7596 7599
7600 7599 7596
7596 7601 7597
7596 7598 7602
7603 7596 7602
7603 7602 7604
7605 7596 7606
7606 7596 7607
7607 7596 7603
7608 7596 7605
7596 7608 7609
7539 7530 7610
7611 7612 7613
7530 7614 7535
7615 7614 7530
7616 7617 7557
7616 7557 7618
7557 7619 7618
7556 7620 7619
7556 7619 7557
7617 7616 7621
7622 7623 7624
7625 7624 7623
7625 7623 7626
7627 7556 7623
7627 7623 7622
7625 7626 7628
7623 7629 7630
7623 7630 7626
7626 7630 7631
7626 7632 7628
7633 7632 7631
7634 7542 7552
7635 7613 7612
7636 7613 7635
7637 7638 7613
7637 7613 7636
7639 7617 7640
7634 7641 7542
7641 7642 7542
7643 7583 7588
7644 7645 7583
7644 7583 7643
7645 7644 7646
7645 7647 7585
7645 7585 7583
7645 7648 7647
7645 7646 7649
7645 7649 7650
7651 7565 7570
7586 7568 7565
7586 7565 7651
7652 7623 7556
7652 7556 7653
7623 7652 7629
7547 7542 7654
7596 7655 7601
7656 7650 7657
7650 7658 7648
7650 7648 7645
7650 7649 7659
7660 7657 7659
7661 7656 7657
7657 7660 7661
7613 7638 7611
7638 7637 7640
7638 7640 7617
7558 7557 7617
7558 7617 7639
7617 7621 7662
7617 7662 7638
7620 7556 7627
7556 7555 7653
7574 7663 7572
7600 7596 7595
7549 7542 7546
7553 7542 7551
7530 7664 7531
7580 7561 7560
7591 7561 7581
7530 7534 7664
7615 7530 7541
7650 7656 7665
7656 7666 7665
7656 7661 7666
7612 7611 7667
7611 7668 7667
7611 7638 7662
7611 7662 7668
7576 7561 7594
7530 7537 7610
7654 7542 7642
7596 7609 7655
7661 7660 7669
7574 7572 7564
7563 7574 7564
7666 7661 7670
7571 7565 7564
7562 7565 7567
7650 7659 7657
7650 7665 7658
7628 7632 7671
7631 7632 7626
7635 7612 7672
7612 7667 7673
7674 7675 7676
7674 7676 7677
7678 7677 7676
7678 7676 7679
7680 7681 7675
7680 7675 7682
7683 7678 7679
7683 7679 7684
7685 7686 7687
7688 7687 7684
7689 7690 7691
7689 7691 7692
7693 7694 7695
7693 7695 7696
7691 7690 7697
7691 7697 7698
7695 7694 7699
7695 7699 7700
7676 7675 7681
7676 7681 7701
7679 7676 7701
7679 7701 7702
7682 7675 7674
7682 7674 7703
7688 7684 7679
7688 7679 7702
7704 7705 7706
7706 7707 7708
7706 7705 7707
7705 7709 7707
7708 7710 7711
7708 7707 7710
7707 7712 7710
7707 7709 7712
7709 7713 7712
7704 7714 7705
7705 7715 7709
7705 7714 7715
7714 7716 7715
7709 7717 7713
7709 7715 7717
7715 7718 7717
7715 7716 7718
7716 7719 7718
7704 7720 7714
7714 7721 7716
7714 7720 7721
7720 7722 7721
7716 7723 7719
7716 7721 7723
7721 7724 7723
7721 7722 7724
7722 7725 7724
7704 7706 7720
7720 7726 7722
7720 7706 7726
7706 7708 7726
7722 7727 7725
7722 7726 7727
7726 7728 7727
7726 7708 7728
7708 7711 7728
7729 7730 7731
7731 7732 7733
7731 7730 7732
7730 7734 7732
7733 7735 7736
7733 7732 7735
7732 7737 7735
7732 7734 7737
7734 7738 7737
7729 7731 7739
7739 7740 7741
7739 7731 7740
7731 7733 7740
7741 7742 7743
7741 7740 7742
7740 7744 7742
7740 7733 7744
7733 7736 7744
7729 7739 7745
7745 7746 7747
7745 7739 7746
7739 7741 7746
7747 7748 7749
7747 7746 7748
7746 7750 7748
7746 7741 7750
7741 7743 7750
7729 7745 7730
7730 7751 7734
7730 7745 7751
7745 7747 7751
7734 7752 7738
7734 7751 7752
7751 7753 7752
7751 7747 7753
7747 7749 7753
7754 7755 7756
7755 7757 7758
7755 7754 7759
7757 7760 7761
7762 7763 7764
7762 7764 7765
7762 7766 7767
7762 7767 7763
7768 7769 7770
7770 7771 7772
7773 7774 7775
7776 7777 7778
7779 7780 7781
7779 7781 7782
7779 7782 7783
7779 7783 7784
7756 7785 7786
7785 7758 7786
7787 7759 7788
7765 7764 7789
7790 7767 7766
7790 7766 7791
7771 7769 7792
7772 7771 7792
7775 7774 7793
7794 7795 7796
7794 7796 7797
7781 7780 7798
7784 7783 7799
7784 7799 7800
7770 7769 7771
7770 7772 7776
7770 7773 7768
7770 7778 7795
7756 7755 7785
7755 7758 7785
7801 7760 7802
7755 7759 7802
7759 7787 7803
7802 7760 7755
7760 7757 7755
7759 7754 7788
7804 7801 7805
7759 7805 7802
7760 7801 7761
7801 7804 7806
7801 7806 7761
7801 7802 7805
7759 7803 7805
7807 7774 7795
7807 7795 7794
7774 7773 7795
7797 7796 7808
7796 7778 7777
7776 7778 7770
7768 7773 7775
7793 7774 7807
7808 7796 7777
7795 7778 7796
7795 7773 7770
7809 7810 7811
7809 7811 7812
7813 7814 7815
7816 7812 7811
7816 7811 7817
7818 7816 7817
7818 7817 7819
7819 7820 7821
7819 7821 7818
7822 7823 7824
7825 7826 7827
7825 7827 7828
7829 7830 7831
7814 7832 7833
7832 7822 7834
7835 7836 7837
7835 7837 7838
7839 7840 7841
7839 7841 7842
7839 7842 7843
7839 7843 7844
7845 7846 7847
7845 7847 7848
7843 7849 7850
7843 7850 7844
7851 7831 7852
7853 7854 7855
7853 7855 7856
7857 7858 7859
7858 7860 7861
7862 7863 7859
7864 7865 7866
7864 7866 7867
7868 7869 7864
7868 7864 7867
7868 7856 7855
7868 7855 7869
7870 7871 7872
7870 7872 7873
7874 7875 7876
7874 7876 7877
7878 7879 7880
7880 7881 7878
7882 7883 7884
7885 7882 7886
7887 7888 7889
7887 7889 7890
7891 7892 7893
7891 7893 7894
7893 7876 7875
7893 7875 7894
7895 7896 7897
7835 7838 7841
7835 7841 7840
7891 7889 7888
7891 7888 7892
7825 7898 7826
7822 7824 7899
7823 7900 7824
7827 7901 7828
7822 7899 7834
7825 7829 7898
7860 7896 7902
7883 7903 7884
7885 7883 7882
7896 7860 7897
7860 7902 7861
7883 7881 7903
7831 7898 7829
7832 7834 7833
7858 7861 7859
7880 7903 7881
7833 7904 7815
7905 7906 7848
7905 7848 7847
7831 7830 7852
7863 7857 7859
7907 7908 7873
7907 7873 7872
7879 7909 7880
7814 7833 7815
7830 7910 7852
7878 7911 7879
7863 7912 7857
7913 7914 7915
7916 7917 7918
7913 7915 7919
7920 7921 7922
7920 7922 7923
7924 7925 7926
7924 7926 7927
7913 7926 7922
7913 7921 7914
7920 7928 7921
7918 7917 7929
7915 7918 7930
7918 7929 7930
7915 7930 7919
7931 7916 7918
7914 7932 7933
7921 7913 7922
7922 7934 7923
7926 7913 7927
7935 7934 7922
7935 7922 7926
7914 7936 7931
7914 7933 7936
7921 7937 7914
7921 7928 7937
7926 7925 7935
7914 7918 7915
7914 7931 7918
7938 7932 7914
7937 7938 7914
7917 7939 7929
7940 7941 7942
7941 7943 7944
7941 7944 7942
7942 7944 7945
7940 7942 7946
7942 7945 7947
7942 7947 7946
7946 7947 7948
7940 7946 7949
7946 7948 7950
7946 7950 7949
7949 7950 7951
7940 7949 7941
7949 7951 7952
7949 7952 7941
7941 7952 7943
7953 7954 7955
7954 7956 7957
7954 7957 7955
7955 7957 7958
7953 7959 7954
7959 7960 7961
7959 7961 7954
7954 7961 7956
7953 7962 7959
7962 7963 7964
7962 7964 7959
7959 7964 7960
7953 7955 7962
7955 7958 7965
7955 7965 7962
7962 7965 7963
7966 7967 7968
7966 7968 7969
7967 7966 7970
7967 7970 7971
7972 7971 7970
7972 7970 7973
7974 7969 7968
7974 7968 7975
7975 7976 7977
7975 7977 7974
7978 7979 7977
7978 7977 7976
7980 7981 7982
7983 7984 7985
7983 7985 7986
7987 7988 7989
7990 7987 7991
7978 7989 7979
7992 7993 7994
7992 7994 7995
7985 7994 7993
7985 7993 7986
7996 7997 7998
7996 7998 7999
8000 8001 7998
8000 7998 7997
8002 8003 8004
8002 8004 8005
8006 8003 8002
8007 8003 8006
8008 8009 8010
8008 8010 8011
8005 8004 7991
8005 7991 8012
8013 8014 8015
8016 8013 8015
8016 8015 8017
8016 8017 8009
8016 8009 8008
8018 8019 8020
8018 8020 8021
8021 8020 7981
8021 7981 7980
7989 7978 8022
8022 8012 7991
8022 7991 7989
7989 7988 8023
8003 8024 8004
8003 8025 8024
8026 8025 8003
8027 8028 8011
8027 8011 8010
8004 8029 7990
8004 7990 7991
7988 8030 8023
8026 8031 8025
7987 7989 7991
8024 8029 8004
7989 8023 7979
8007 8026 8003
8032 8033 8034
8033 8035 8036
8033 8036 8034
8034 8036 8037
8032 8034 8038
8034 8037 8039
8034 8039 8038
8038 8039 8040
8032 8038 8041
8038 8040 8042
8038 8042 8041
8041 8042 8043
8032 8041 8033
8041 8043 8044
8041 8044 8033
8033 8044 8035
8045 8046 8047
8046 8048 8049
8046 8049 8047
8047 8049 8050
8045 8051 8046
8051 8052 8053
8051 8053 8046
8046 8053 8048
8045 8054 8051
8054 8055 8056
8054 8056 8051
8051 8056 8052
8045 8047 8054
8047 8050 8057
8047 8057 8054
8054 8057 8055
8058 8059 8060
8060 8061 8058
8062 8063 8064
8062 8064 8065
8066 8062 8067
8066 8067 8068
8069 8070 8058
8061 8069 8058
8058 8070 8071
8058 8071 8072
8073 8074 8075
8073 8076 8066
8073 8066 8077
8078 8079 8080
8078 8080 8065
8081 8082 8079
8081 8079 8078
8083 8084 8085
8083 8085 8086
8087 8088 8082
8087 8082 8081
8089 8085 8090
8085 8091 8090
8085 8084 8092
8085 8092 8091
8085 8089 8093
8094 8095 8096
8094 8096 8097
8098 8099 8100
8098 8100 8097
8059 8058 8072
8059 8072 8101
8072 8102 8103
8072 8103 8101
8102 8104 8105
8102 8105 8103
8071 8106 8102
8071 8102 8072
8104 8107 8108
8104 8108 8109
8104 8109 8110
8104 8110 8105
8108 8111 8109
8112 8113 8114
8115 8116 8113
8107 8104 8102
8107 8102 8106
8110 8109 8117
8118 8119 8120
8118 8120 8121
8122 8123 8119
8122 8119 8118
8124 8123 8122
8124 8122 8125
8125 8126 8124
8127 8128 8122
8127 8122 8118
8121 8129 8127
8121 8127 8118
8130 8131 8132
8130 8132 8133
8134 8131 8135
8136 8137 8134
8136 8134 8135
8138 8121 8120
8138 8120 8139
8140 8130 8141
8140 8141 8142
8142 8141 8143
8138 8144 8145
8145 8146 8138
8146 8129 8121
8146 8121 8138
8147 8148 8149
8147 8149 8150
8151 8150 8152
8151 8152 8153
8138 8154 8144
8154 8138 8139
8155 8156 8157
8155 8157 8158
8158 8157 8159
8158 8159 8160
8161 8162 8163
8161 8163 8164
8162 8165 8163
8162 8166 8165
8162 8161 8167
8162 8167 8168
8160 8159 8167
8160 8167 8161
8169 8170 8171
8169 8171 8172
8164 8173 8160
8164 8160 8161
8155 8174 8175
8175 8176 8155
8176 8177 8155
8136 8178 8179
8136 8179 8149
8155 8177 8156
8180 8151 8153
8180 8153 8181
8181 8182 8183
8181 8183 8180
8158 8160 8173
8158 8173 8184
8174 8155 8158
8174 8158 8184
8083 8185 8186
8083 8186 8084
8186 8185 8187
8186 8187 8188
8189 8092 8084
8189 8084 8186
8189 8186 8188
8189 8188 8190
8191 8192 8193
8191 8193 8074
8192 8194 8116
8192 8116 8193
8188 8195 8196
8188 8196 8190
8087 8197 8095
8087 8095 8094
8187 8198 8195
8187 8195 8188
8195 8198 8199
8093 8086 8085
8200 8201 8125
8202 8172 8203
8202 8203 8204
8182 8205 8171
8182 8171 8183
8122 8128 8200
8122 8200 8125
8206 8195 8199
8143 8207 8208
8209 8210 8211
8209 8211 8212
8213 8210 8209
8213 8209 8214
8215 8216 8213
8215 8213 8214
8217 8216 8215
8217 8215 8218
8111 8117 8109
8125 8201 8126
8162 8168 8166
8206 8196 8195
8219 8220 8114
8221 8222 8207
8116 8219 8114
8130 8133 8223
8130 8223 8141
8141 8221 8207
8115 8224 8193
8115 8193 8116
8073 8077 8074
8224 8075 8074
8224 8074 8193
8225 8191 8074
8140 8226 8131
8140 8131 8130
8131 8226 8227
8134 8132 8131
8116 8114 8113
8141 8207 8143
8116 8194 8219
8141 8223 8221
8067 8062 8065
8067 8065 8080
8062 8066 8076
8062 8076 8063
8077 8066 8068
8077 8068 8225
8228 8078 8065
8228 8065 8064
8229 8081 8078
8229 8078 8228
8197 8087 8081
8197 8081 8229
8230 8094 8097
8230 8097 8100
8231 8098 8097
8231 8097 8096
8178 8136 8135
8178 8135 8227
8150 8149 8179
8150 8179 8152
8150 8151 8232
8150 8232 8147
8172 8171 8205
8172 8205 8203
8137 8136 8149
8137 8149 8148
8151 8180 8233
8151 8233 8232
8180 8183 8234
8180 8234 8233
8088 8087 8094
8088 8094 8230
8172 8202 8235
8172 8235 8169
8183 8171 8170
8183 8170 8234
8077 8225 8074
8131 8227 8135
8236 8237 8238
8236 8238 8239
8240 8241 8242
8240 8242 8243
8244 8245 8246
8244 8246 8247
8248 8249 8250
8248 8250 8251
8252 8249 8248
8252 8248 8253
8254 8255 8256
8257 8258 8259
8257 8259 8260
8261 8259 8258
8261 8258 8262
8257 8260 8263
8257 8263 8264
8265 8266 8267
8265 8267 8268
8269 8270 8271
8272 8273 8274
8272 8274 8275
8276 8277 8278
8279 8280 8281
8279 8281 8282
8283 8284 8285
8243 8286 8287
8243 8287 8240
8288 8289 8290
8288 8290 8291
8288 8292 8293
8288 8293 8289
8294 8295 8296
8294 8296 8297
8298 8299 8255
8298 8255 8254
8300 8301 8302
8300 8302 8303
8304 8305 8280
8304 8280 8279
8306 8307 8299
8306 8299 8298
8267 8266 8272
8267 8272 8275
8308 8309 8310
8308 8310 8311
8312 8313 8314
8296 8300 8303
8296 8303 8297
8306 8295 8294
8306 8294 8307
8315 8316 8317
8315 8317 8318
8239 8319 8320
8239 8320 8236
8321 8322 8323
8321 8323 8324
8325 8326 8327
8325 8327 8328
8329 8330 8331
8329 8331 8332
8333 8334 8335
8333 8335 8336
8337 8338 8330
8337 8330 8329
8339 8340 8341
8339 8341 8342
8331 8343 8344
8331 8344 8332
8345 8346 8347
8345 8347 8348
8338 8337 8349
8338 8349 8350
8351 8346 8345
8351 8345 8352
8353 8354 8355
8356 8357 8358
8356 8358 8359
8360 8361 8320
8360 8320 8319
8362 8363 8364
8362 8364 8365
8366 8367 8368
8366 8368 8369
8351 8352 8366
8351 8366 8369
8316 8265 8268
8316 8268 8317
8302 8301 8370
8282 8281 8315
8282 8315 8318
8371 8305 8304
8371 8304 8372
8339 8342 8373
8348 8347 8333
8348 8333 8336
8374 8311 8310
8374 8310 8375
8374 8375 8376
8374 8376 8377
8325 8328 8378
8325 8378 8379
8349 8368 8367
8349 8367 8350
8380 8381 8382
8380 8382 8383
8384 8385 8380
8384 8380 8383
8386 8385 8384
8386 8384 8387
8388 8389 8386
8388 8386 8387
8388 8390 8391
8388 8391 8389
8392 8393 8394
8392 8394 8395
8395 8394 8396
8395 8396 8397
8398 8399 8400
8398 8400 8401
8401 8400 8402
8401 8402 8403
8404 8405 8406
8404 8406 8407
8406 8408 8409
8406 8409 8407
8410 8409 8408
8410 8408 8411
8405 8404 8412
8405 8412 8413
8397 8396 8414
8397 8414 8415
8416 8417 8418
8416 8418 8419
8420 8421 8418
8420 8418 8417
8422 8423 8421
8422 8421 8420
8424 8425 8426
8424 8426 8427
8428 8424 8427
8428 8427 8429
8430 8428 8429
8430 8429 8431
8402 8430 8431
8402 8431 8403
8432 8433 8434
8432 8434 8435
8436 8432 8435
8436 8435 8437
8438 8439 8440
8438 8440 8441
8440 8442 8443
8440 8443 8441
8444 8445 8446
8444 8446 8447
8447 8448 8449
8447 8449 8444
8450 8451 8452
8450 8452 8453
8454 8455 8456
8454 8456 8457
8458 8459 8456
8458 8456 8455
8460 8461 8462
8460 8462 8463
8463 8462 8464
8463 8464 8465
8458 8466 8467
8458 8467 8459
8468 8469 8470
8468 8470 8471
8472 8473 8474
8472 8474 8475
8476 8474 8473
8476 8473 8477
8478 8479 8480
8478 8480 8481
8480 8482 8483
8480 8483 8481
8484 8485 8486
8484 8486 8487
8479 8478 8488
8479 8488 8489
8465 8464 8490
8465 8490 8491
8492 8493 8494
8492 8494 8495
8496 8497 8498
8496 8498 8499
8500 8499 8498
8500 8498 8501
8502 8503 8504
8502 8504 8505
8497 8496 8471
8497 8471 8470
8506 8507 8476
8506 8476 8477
8508 8509 8510
8508 8510 8511
8494 8512 8513
8494 8513 8495
8514 8515 8516
8514 8516 8517
8518 8517 8516
8518 8516 8519
8515 8514 8520
8515 8520 8521
8522 8523 8524
8522 8524 8525
8526 8527 8513
8526 8513 8512
8528 8529 8524
8528 8524 8523
8530 8531 8532
8530 8532 8533
8534 8535 8533
8534 8533 8532
8536 8537 8538
8536 8538 8539
8540 8541 8542
8540 8542 8543
8544 8545 8546
8544 8546 8547
8548 8549 8550
8548 8550 8551
8551 8552 8553
8551 8553 8548
8554 8393 8392
8554 8392 8555
8390 8556 8557
8390 8557 8391
8558 8557 8556
8558 8556 8559
8560 8558 8559
8560 8559 8561
8562 8563 8564
8562 8564 8565
8566 8567 8568
8566 8568 8569
8566 8570 8571
8566 8571 8567
8571 8570 8554
8571 8554 8555
8411 8416 8419
8411 8419 8410
8572 8573 8574
8572 8574 8575
8576 8577 8578
8576 8578 8579
8568 8580 8581
8568 8581 8569
8246 8252 8253
8246 8253 8247
8324 8341 8340
8324 8340 8321
8326 8274 8273
8326 8273 8327
8356 8361 8360
8356 8360 8357
8460 8543 8542
8460 8542 8461
8466 8582 8583
8466 8583 8467
8482 8484 8487
8482 8487 8483
8506 8511 8510
8506 8510 8507
8583 8582 8469
8583 8469 8468
8485 8518 8519
8485 8519 8486
8493 8492 8509
8493 8509 8508
8540 8536 8539
8540 8539 8541
8422 8574 8573
8422 8573 8423
8451 8581 8580
8451 8580 8452
8501 8504 8503
8501 8503 8500
8520 8522 8525
8520 8525 8521
8526 8577 8576
8526 8576 8527
8561 8563 8562
8561 8562 8560
8433 8572 8575
8433 8575 8434
8565 8564 8439
8565 8439 8438
8450 8453 8449
8450 8449 8448
8528 8547 8546
8528 8546 8529
8530 8502 8505
8530 8505 8531
8552 8579 8578
8552 8578 8553
8584 8292 8585
8586 8587 8588
8584 8589 8293
8584 8293 8292
8358 8590 8591
8589 8592 8293
8379 8378 8344
8379 8344 8343
8363 8264 8263
8363 8263 8364
8587 8593 8588
8270 8335 8594
8595 8584 8588
8595 8589 8584
8593 8595 8588
8335 8334 8594
8270 8594 8271
8291 8290 8313
8291 8313 8312
8354 8261 8262
8354 8262 8355
8238 8237 8285
8238 8285 8284
8308 8596 8309
8359 8358 8276
8359 8597 8356
8276 8591 8277
8358 8591 8276
8598 8599 8600
8600 8601 8602
8600 8602 8603
8600 8604 8598
8600 8605 8604
8606 8607 8600
8600 8608 8606
8609 8608 8600
8610 8611 8612
8612 8613 8610
8610 8614 8611
8613 8615 8610
8616 8617 8610
8618 8616 8610
8619 8618 8610
8620 8621 8610
8622 8623 8624
8622 8624 8625
8625 8624 8626
8627 8628 8629
8630 8631 8632
8633 8634 8635
8635 8636 8637
8635 8637 8633
8638 8639 8633
8630 8633 8631
8631 8639 8640
8641 8632 8642
8643 8644 8628
8628 8645 8643
8645 8628 8627
8646 8628 8647
8648 8628 8646
8649 8647 8628
8636 8650 8637
8651 8637 8650
8651 8650 8652
8652 8653 8651
8637 8654 8655
8637 8651 8656
8637 8656 8654
8628 8657 8658
8658 8659 8628
8628 8660 8661
8660 8628 8662
8628 8661 8657
8663 8664 8665
8666 8667 8664
8668 8664 8667
8664 8663 8669
8664 8670 8666
8670 8664 8671
8670 8671 8672
8664 8673 8674
8674 8675 8664
8675 8671 8664
8676 8673 8664
8664 8677 8676
8607 8678 8600
8679 8680 8681
8600 8603 8682
8683 8600 8682
8625 8684 8685
8625 8685 8686
8625 8686 8687
8687 8688 8622
8687 8622 8625
8684 8689 8685
8690 8691 8692
8692 8691 8693
8692 8693 8694
8692 8622 8695
8692 8695 8690
8693 8696 8694
8697 8698 8692
8697 8692 8694
8694 8699 8697
8694 8696 8700
8701 8699 8700
8610 8702 8620
8703 8681 8680
8704 8703 8680
8680 8705 8706
8680 8706 8704
8707 8708 8684
8702 8610 8709
8709 8610 8710
8711 8656 8651
8651 8712 8713
8651 8713 8711
8712 8714 8713
8653 8715 8712
8653 8712 8651
8712 8715 8716
8717 8714 8712
8717 8712 8718
8719 8638 8633
8633 8637 8655
8633 8655 8719
8622 8692 8720
8622 8720 8721
8692 8698 8720
8615 8722 8610
8664 8669 8723
8724 8725 8718
8716 8726 8718
8716 8718 8712
8718 8727 8717
8728 8727 8725
8729 8725 8724
8725 8729 8728
8680 8679 8705
8708 8706 8705
8708 8705 8684
8684 8625 8626
8684 8626 8707
8730 8689 8684
8730 8684 8705
8688 8695 8622
8622 8721 8623
8642 8640 8731
8668 8665 8664
8617 8614 8610
8621 8619 8610
8600 8599 8732
8648 8629 8628
8659 8649 8628
8600 8732 8601
8683 8609 8600
8718 8733 8724
8724 8733 8734
8724 8734 8729
8681 8735 8679
8679 8735 8736
8730 8705 8679
8730 8679 8736
8644 8662 8628
8600 8678 8605
8722 8710 8610
8664 8723 8677
8729 8737 8728
8642 8631 8640
8632 8631 8642
8734 8738 8729
8639 8631 8633
8630 8634 8633
8718 8725 8727
8718 8726 8733
8696 8739 8700
8699 8694 8700
8703 8740 8681
8681 8741 8735
8742 8743 8744
8742 8744 8745
8742 8745 8746
8742 8746 8747
8743 8748 8749
8743 8749 8750
8747 8746 8751
8747 8751 8752
8753 8754 8755
8756 8757 8758
8756 8758 8759
8760 8761 8762
8760 8762 8763
8764 8757 8756
8764 8756 8765
8766 8761 8760
8766 8760 8767
8748 8743 8742
8748 8742 8768
8768 8742 8747
8768 8747 8769
8744 8743 8750
8744 8750 8770
8747 8752 8771
8747 8771 8769
8752 8751 8772
8773 8774 8775
8775 8776 8777
8775 8774 8776
8774 8778 8776
8773 8779 8774
8774 8780 8778
8774 8779 8780
8779 8781 8780
8773 8782 8779
8779 8783 8781
8779 8782 8783
8782 8784 8783
8773 8775 8782
8782 8785 8784
8782 8775 8785
8775 8777 8785
8786 8787 8788
8788 8789 8790
8788 8787 8789
8787 8791 8789
8786 8788 8792
8792 8793 8794
8792 8788 8793
8788 8790 8793
8786 8792 8795
8795 8796 8797
8795 8792 8796
8792 8794 8796
8786 8795 8787
8787 8798 8791
8787 8795 8798
8795 8797 8798
8799 8800 8801
8799 8802 8800
8799 8803 8802
8799 8804 8803
8799 8801 8804
8805 8806 8807
8808 8809 8806
8810 8811 8809
8812 8813 8811
8814 8807 8813
8815 8801 8800
8816 8800 8802
8817 8802 8803
8818 8803 8804
8819 8804 8801
8820 8806 8809
8820 8809 8811
8820 8811 8813
8820 8813 8807
8820 8807 8806
8821 8822 8823
8821 8823 8824
8824 8823 8825
8824 8825 8826
8826 8825 8827
8826 8827 8828
8828 8827 8829
8828 8829 8830
8830 8829 8831
8830 8831 8832
8832 8831 8833
8832 8833 8834
8835 8836 8837
8835 8837 8838
8838 8837 8822
8838 8822 8821
8839 8840 8841
8839 8841 8842
8842 8841 8843
8842 8843 8844
8844 8843 8845
8844 8845 8846
8846 8845 8847
8846 8847 8848
8848 8847 8849
8848 8849 8850
8850 8849 8851
8850 8851 8852
8853 8854 8855
8853 8855 8856
8856 8855 8840
8856 8840 8839
8857 8858 8859
8860 8861 8862
8863 8864 8859
8865 8858 8857
8866 8867 8868
8869 8867 8865
8862 8870 8871
8861 8860 8872
8873 8858 8874
8875 8861 8872
8875 8872 8876
8864 8877 8859
8878 8870 8861
8878 8861 8875
8879 8880 8881
8882 8881 8883
8884 8880 8879
8885 8886 8877
8885 8877 8864
8887 8885 8864
8887 8864 8863
8865 8867 8858
8888 8868 8889
8872 8860 8888
8862 8861 8870
8890 8880 8889
8872 8889 8876
8866 8868 8888
8882 8883 8891
8891 8883 8859
8859 8873 8863
8868 8867 8890
8866 8874 8858
8866 8858 8867
8868 8890 8889
8883 8857 8859
8881 8880 8869
8889 8884 8876
8883 8881 8857
8889 8880 8884
8880 8890 8869
8857 8881 8865
8891 8859 8877
8859 8858 8873
8879 8881 8882
8881 8869 8865
8888 8889 8872
8890 8867 8869
8892 8893 8894
8892 8894 8895
8892 8895 8896
8892 8896 8897
8892 8897 8893
8898 8899 8900
8901 8900 8902
8903 8902 8904
8905 8904 8906
8907 8906 8899
8908 8894 8893
8909 8895 8894
8910 8896 8895
8911 8897 8896
8912 8893 8897
8913 8902 8900
8913 8904 8902
8913 8906 8904
8913 8899 8906
8913 8900 8899
8914 8915 8916
8914 8916 8917
8915 8918 8919
8915 8919 8916
8918 8920 8921
8918 8921 8919
8920 8922 8923
8920 8923 8921
8922 8924 8925
8922 8925 8923
8924 8926 8927
8924 8927 8925
8928 8929 8930
8928 8930 8931
8929 8914 8917
8929 8917 8930
8932 8933 8934
8932 8934 8935
8933 8936 8937
8933 8937 8934
8936 8938 8939
8936 8939 8937
8938 8940 8941
8938 8941 8939
8940 8942 8943
8940 8943 8941
8942 8944 8945
8942 8945 8943
8946 8947 8948
8946 8948 8949
8947 8932 8935
8947 8935 8948
8950 8951 8952
8953 8954 8955
8956 8951 8957
8958 8950 8952
8959 8960 8961
8962 8958 8961
8954 8963 8964
8955 8965 8953
8966 8967 8952
8968 8969 8965
8968 8965 8955
8957 8951 8970
8971 8968 8955
8971 8955 8964
8972 8973 8974
8975 8976 8973
8977 8972 8974
8978 8957 8970
8978 8970 8979
8980 8956 8957
8980 8957 8978
8958 8952 8961
8981 8982 8960
8965 8981 8953
8954 8964 8955
8983 8982 8974
8965 8969 8982
8959 8981 8960
8975 8984 8976
8984 8951 8976
8951 8956 8966
8960 8983 8961
8959 8961 8952
8959 8952 8967
8960 8982 8983
8976 8951 8950
8973 8962 8974
8982 8969 8977
8976 8950 8973
8982 8977 8974
8974 8962 8983
8950 8958 8973
8984 8970 8951
8951 8966 8952
8972 8975 8973
8973 8958 8962
8981 8965 8982
8983 8962 8961
8985 8986 8987
8986 8988 8989
8986 8989 8990
8986 8991 8987
8986 8992 8991
8993 8994 8986
8995 8993 8986
8996 8995 8986
8997 8998 8999
9000 8997 8999
8997 9001 8998
9000 9002 8997
9003 9004 8997
9005 9003 8997
9006 9005 8997
9007 9008 8997
9009 9010 9011
9009 9011 9012
9010 9009 9013
9014 9015 9016
9017 9018 9019
9020 9021 9022
9023 9020 9022
9023 9022 9024
9025 9026 9018
9025 9018 9020
9017 9021 9020
9017 9020 9018
9018 9026 9027
9028 9019 9029
9030 9031 9015
9015 9032 9030
9014 9032 9015
9033 9015 9034
9035 9015 9033
9036 9034 9015
9024 9037 9023
9037 9038 9039
9037 9039 9023
9038 9040 9039
9023 9041 9042
9043 9041 9023
9043 9023 9039
9015 9044 9045
9045 9046 9015
9015 9047 9048
9047 9015 9049
9048 9044 9015
9050 9051 9052
9053 9054 9052
9055 9052 9054
9052 9051 9056
9052 9057 9053
9058 9059 9057
9058 9057 9052
9060 9061 9052
9061 9062 9052
9062 9058 9052
9063 9060 9052
9052 9064 9063
8994 9065 8986
9066 9067 9068
8986 8990 9069
9070 8986 9069
9071 9072 9010
9071 9010 9073
9010 9072 9074
9011 9010 9074
9011 9074 9075
9073 9076 9071
9077 9078 9079
9080 9081 9079
9080 9079 9078
9082 9077 9079
9082 9079 9011
9080 9083 9081
9079 9081 9084
9079 9084 9085
9081 9086 9084
9081 9087 9088
9089 9081 9088
9090 9007 8997
9091 9068 9067
9092 9091 9067
9093 9092 9067
9093 9067 9094
9095 9096 9073
9090 8997 9097
9097 8997 9098
9099 9043 9039
9100 9099 9039
9100 9039 9101
9101 9102 9100
9101 9039 9040
9101 9040 9103
9101 9103 9104
9101 9105 9106
9101 9106 9102
9107 9025 9020
9042 9107 9020
9042 9020 9023
9108 9109 9011
9108 9011 9079
9079 9085 9108
9002 9110 8997
9052 9056 9111
9112 9113 9105
9105 9101 9104
9105 9104 9114
9105 9113 9115
9105 9115 9106
9116 9115 9113
9117 9113 9112
9113 9117 9116
9067 9066 9094
9094 9073 9096
9094 9096 9093
9013 9095 9073
9013 9073 9010
9073 9094 9118
9073 9118 9076
9075 9082 9011
9011 9109 9012
9029 9027 9119
9055 9050 9052
9004 9001 8997
9008 9006 8997
8986 8985 9120
9035 9016 9015
9046 9036 9015
8986 9120 8988
9070 8996 8986
9105 9114 9121
9105 9121 9112
9112 9121 9122
9112 9122 9117
9068 9123 9066
9066 9123 9124
9066 9124 9118
9066 9118 9094
9031 9049 9015
8986 9065 8992
9110 9098 8997
9052 9111 9064
9019 9018 9029
9117 9125 9116
9029 9018 9027
9122 9126 9117
9081 9083 9087
9089 9086 9081
9091 9127 9068
9068 9128 9123
9129 9130 9131
9129 9131 9132
9130 9133 9134
9130 9134 9131
9135 9136 9132
9135 9132 9137
9133 9138 9139
9133 9139 9134
9135 9140 9136
9140 9141 9142
9131 9143 9137
9131 9137 9132
9134 9144 9143
9134 9143 9131
9136 9145 9129
9136 9129 9132
9139 9146 9144
9139 9144 9134
9136 9140 9142
9142 9147 9148
9149 9150 9151
9149 9151 9152
9153 9154 9155
9153 9155 9156
9151 9157 9158
9151 9158 9152
9156 9159 9160
9156 9160 9153
9161 9162 9163
9162 9164 9165
9162 9165 9166
9162 9167 9163
9162 9168 9167
9169 9170 9162
9171 9169 9162
9172 9171 9162
9173 9174 9175
9176 9173 9175
9173 9177 9174
9176 9178 9173
9179 9180 9173
9181 9179 9173
9182 9181 9173
9183 9184 9173
9185 9186 9187
9185 9187 9188
9186 9185 9189
9190 9191 9192
9193 9194 9195
9196 9197 9198
9199 9196 9198
9199 9198 9200
9201 9202 9194
9201 9194 9196
9193 9197 9196
9193 9196 9194
9194 9202 9203
9204 9195 9205
9206 9207 9191
9191 9208 9206
9190 9208 9191
9209 9191 9210
9211 9191 9209
9212 9210 9191
9200 9213 9199
9213 9214 9215
9213 9215 9199
9214 9216 9215
9199 9217 9218
9219 9217 9199
9219 9199 9215
9191 9220 9221
9221 9222 9191
9191 9223 9224
9223 9191 9225
9224 9220 9191
9226 9227 9228
9229 9230 9228
9231 9228 9230
9228 9227 9232
9228 9233 9229
9234 9235 9233
9234 9233 9228
9236 9237 9228
9237 9238 9228
9238 9234 9228
9239 9236 9228
9228 9240 9239
9170 9241 9162
9242 9243 9244
9162 9166 9245
9246 9162 9245
9247 9248 9186
9247 9186 9249
9186 9248 9250
9187 9186 9250
9187 9250 9251
9249 9252 9247
9253 9254 9255
9256 9257 9255
9256 9255 9254
9258 9253 9255
9258 9255 9187
9256 9259 9257
9255 9257 9260
9255 9260 9261
9257 9262 9260
9257 9263 9264
9265 9257 9264
9266 9183 9173
9267 9244 9243
9268 9267 9243
9269 9268 9243
9269 9243 9270
9271 9272 9249
9266 9173 9273
9273 9173 9274
9275 9219 9215
9276 9275 9215
9276 9215 9277
9277 9278 9276
9277 9215 9216
9277 9216 9279
9277 9279 9280
9277 9281 9282
9277 9282 9278
9283 9201 9196
9218 9283 9196
9218 9196 9199
9284 9285 9187
9284 9187 9255
9255 9261 9284
9178 9286 9173
9228 9232 9287
9288 9289 9281
9281 9277 9280
9281 9280 9290
9281 9289 9291
9281 9291 9282
9292 9291 9289
9293 9289 9288
9289 9293 9292
9243 9242 9270
9270 9249 9272
9270 9272 9269
9189 9271 9249
9189 9249 9186
9249 9270 9294
9249 9294 9252
9251 9258 9187
9187 9285 9188
9205 9203 9295
9231 9226 9228
9180 9177 9173
9184 9182 9173
9162 9161 9296
9211 9192 9191
9222 9212 9191
9162 9296 9164
9246 9172 9162
9281 9290 9297
9281 9297 9288
9288 9297 9298
9288 9298 9293
9244 9299 9242
9242 9299 9300
9242 9300 9294
9242 9294 9270
9207 9225 9191
9162 9241 9168
9286 9274 9173
9228 9287 9240
9195 9194 9205
9293 9301 9292
9205 9194 9203
9298 9302 9293
9257 9259 9263
9265 9262 9257
9267 9303 9244
9244 9304 9299
9305 9306 9307
9305 9307 9308
9306 9309 9310
9306 9310 9307
9311 9312 9308
9311 9308 9313
9309 9314 9315
9309 9315 9310
9311 9316 9312
9316 9317 9318
9307 9319 9313
9307 9313 9308
9310 9320 9319
9310 9319 9307
9312 9321 9305
9312 9305 9308
9315 9322 9320
9315 9320 9310
9312 9316 9318
9318 9323 9324
9325 9326 9327
9325 9327 9328
9329 9330 9331
9329 9331 9332
9327 9333 9334
9327 9334 9328
9332 9335 9336
9332 9336 9329
9337 9338 9339
9337 9340 9341
9337 9342 9340
9337 9339 9343
9337 9343 9344
9345 9337 9346
9347 9337 9345
9348 9337 9347
9349 9350 9351
9349 9352 9350
9349 9351 9353
9352 9349 9354
9355 9349 9356
9357 9349 9355
9358 9349 9357
9359 9349 9360
9361 9362 9363
9361 9363 9364
9364 9365 9361
9366 9367 9368
9369 9370 9371
9372 9373 9374
9375 9376 9373
9375 9373 9372
9377 9372 9371
9377 9371 9378
9369 9371 9372
9369 9372 9374
9371 9379 9378
9380 9381 9370
9382 9368 9383
9368 9382 9384
9366 9368 9384
9385 9386 9368
9387 9385 9368
9388 9368 9386
9376 9375 9389
9389 9375 9390
9389 9390 9391
9391 9390 9392
9375 9393 9394
9395 9390 9375
9395 9375 9394
9368 9396 9397
9396 9368 9398
9368 9399 9400
9400 9401 9368
9399 9368 9397
9402 9403 9404
9405 9403 9406
9407 9406 9403
9403 9408 9404
9403 9405 9409
9410 9403 9409
9410 9409 9411
9412 9403 9413
9413 9403 9414
9414 9403 9410
9415 9403 9412
9403 9415 9416
9346 9337 9417
9418 9419 9420
9337 9421 9342
9422 9421 9337
9423 9424 9364
9423 9364 9425
9364 9426 9425
9363 9427 9426
9363 9426 9364
9424 9423 9428
9429 9430 9431
9432 9431 9430
9432 9430 9433
9434 9363 9430
9434 9430 9429
9432 9433 9435
9430 9436 9437
9430 9437 9433
9433 9437 9438
9433 9439 9440
9441 9439 9433
9442 9349 9359
9443 9420 9419
9444 9420 9443
9445 9446 9420
9445 9420 9444
9447 9424 9448
9442 9449 9349
9449 9450 9349
9451 9390 9395
9452 9453 9390
9452 9390 9451
9453 9452 9454
9453 9455 9392
9453 9392 9390
9453 9456 9455
9453 9454 9457
9453 9457 9458
9459 9372 9377
9393 9375 9372
9393 9372 9459
9460 9430 9363
9460 9363 9461
9430 9460 9436
9354 9349 9462
9403 9463 9408
9464 9458 9465
9458 9466 9456
9458 9456 9453
9458 9457 9467
9458 9467 9465
9468 9465 9467
9469 9464 9465
9465 9468 9469
9420 9446 9418
9446 9445 9448
9446 9448 9424
9365 9364 9424
9365 9424 9447
9424 9428 9470
9424 9470 9446
9427 9363 9434
9363 9362 9461
9381 9471 9379
9407 9403 9402
9356 9349 9353
9360 9349 9358
9337 9472 9338
9387 9368 9367
9398 9368 9388
9337 9341 9472
9422 9337 9348
9458 9464 9473
9458 9473 9466
9464 9474 9473
9464 9469 9474
9419 9418 9475
9418 9476 9475
9418 9446 9470
9418 9470 9476
9383 9368 9401
9337 9344 9417
9462 9349 9450
9403 9416 9463
9370 9381 9371
9469 9468 9477
9381 9379 9371
9474 9469 9478
9433 9440 9435
9441 9433 9438
9443 9419 9479
9419 9475 9480
9481 9482 9483
9481 9483 9484
9484 9483 9485
9484 9485 9486
9487 9488 9482
9487 9482 9489
9486 9485 9490
9486 9490 9491
9487 9489 9492
9483 9482 9488
9483 9488 9493
9485 9483 9493
9485 9493 9494
9489 9482 9481
9489 9481 9495
9490 9485 9494
9490 9494 9496
9497 9498 9499
9497 9499 9500
9501 9502 9503
9501 9503 9504
9499 9498 9505
9499 9505 9506
9502 9501 9507
9502 9507 9508
9509 9510 9511
9509 9512 9513
9509 9514 9512
9509 9511 9515
9509 9515 9516
9517 9509 9518
9519 9509 9517
9520 9509 9519
9521 9522 9523
9521 9524 9522
9521 9523 9525
9524 9521 9526
9527 9521 9528
9529 9521 9527
9530 9521 9529
9531 9521 9532
9533 9534 9535
9533 9535 9536
9536 9537 9533
9538 9539 9540
9541 9542 9543
9544 9545 9546
9547 9548 9545
9547 9545 9544
9549 9544 9543
9549 9543 9550
9541 9543 9544
9541 9544 9546
9543 9551 9550
9552 9553 9542
9554 9540 9555
9540 9554 9556
9538 9540 9556
9557 9558 9540
9559 9557 9540
9560 9540 9558
9548 9547 9561
9561 9547 9562
9561 9562 9563
9563 9562 9564
9547 9565 9566
9567 9562 9547
9567 9547 9566
9540 9568 9569
9568 9540 9570
9540 9571 9572
9572 9573 9540
9571 9540 9569
9574 9575 9576
9577 9575 9578
9579 9578 9575
9575 9580 9576
9575 9577 9581
9582 9575 9581
9582 9581 9583
9584 9575 9585
9585 9575 9586
9586 9575 9582
9587 9575 9584
9575 9587 9588
9518 9509 9589
9590 9591 9592
9509 9593 9514
9594 9593 9509
9595 9596 9536
9595 9536 9597
9536 9598 9597
9535 9599 9598
9535 9598 9536
9596 9595 9600
9601 9602 9603
9604 9603 9602
9604 9602 9605
9606 9535 9602
9606 9602 9601
9604 9605 9607
9602 9608 9609
9602 9609 9605
9605 9609 9610
9605 9611 9612
9613 9611 9605
9614 9521 9531
9615 9592 9591
9616 9592 9615
9617 9618 9592
9617 9592 9616
9619 9596 9620
9614 9621 9521
9621 9622 9521
9623 9562 9567
9624 9625 9562
9624 9562 9623
9625 9624 9626
9625 9627 9564
9625 9564 9562
9625 9628 9627
9625 9626 9629
9625 9629 9630
9631 9544 9549
9565 9547 9544
9565 9544 9631
9632 9602 9535
9632 9535 9633
9602 9632 9608
9526 9521 9634
9575 9635 9580
9636 9630 9637
9630 9638 9628
9630 9628 9625
9630 9629 9639
9630 9639 9637
9640 9637 9639
9641 9636 9637
9637 9640 9641
9592 9618 9590
9618 9617 9620
9618 9620 9596
9537 9536 9596
9537 9596 9619
9596 9600 9642
9596 9642 9618
9599 9535 9606
9535 9534 9633
9553 9643 9551
9579 9575 9574
9528 9521 9525
9532 9521 9530
9509 9644 9510
9559 9540 9539
9570 9540 9560
9509 9513 9644
9594 9509 9520
9630 9636 9645
9630 9645 9638
9636 9646 9645
9636 9641 9646
9591 9590 9647
9590 9648 9647
9590 9618 9642
9590 9642 9648
9555 9540 9573
9509 9516 9589
9634 9521 9622
9575 9588 9635
9542 9553 9543
9641 9640 9649
9553 9551 9543
9646 9641 9650
9605 9612 9607
9613 9605 9610
9615 9591 9651
9591 9647 9652
9653 9654 9655
9653 9655 9656
9656 9655 9657
9656 9657 9658
9659 9660 9654
9659 9654 9661
9658 9657 9662
9658 9662 9663
9659 9661 9664
9655 9654 9660
9655 9660 9665
9657 9655 9665
9657 9665 9666
9661 9654 9653
9661 9653 9667
9662 9657 9666
9662 9666 9668
9669 9670 9671
9669 9671 9672
9673 9674 9675
9673 9675 9676
9671 9670 9677
9671 9677 9678
9674 9673 9679
9674 9679 9680
9681 9682 9683
9681 9683 9684
9681 9684 9685
9683 9686 9684
9684 9687 9688
9684 9688 9685
9689 9690 9691
9689 9691 9692
9689 9688 9687
9689 9687 9690
9687 9693 9690
9694 9695 9696
9697 9690 9693
9698 9699 9700
9701 9702 9699
9703 9704 9705
9699 9706 9707
9699 9707 9708
9709 9700 9699
9709 9699 9708
9710 9708 9707
9711 9712 9713
9714 9710 9711
9714 9711 9713
9709 9708 9710
9709 9710 9714
9710 9715 9711
9716 9717 9718
9706 9718 9717
9706 9717 9707
9682 9719 9683
9719 9711 9720
9721 9720 9715
9719 9712 9711
9720 9683 9719
9720 9686 9683
9722 9723 9724
9722 9724 9725
9693 9724 9696
9724 9726 9727
9728 9726 9723
9726 9729 9730
9729 9731 9732
9724 9693 9725
9733 9726 9730
9706 9703 9734
9734 9735 9736
9734 9736 9737
9734 9737 9738
9739 9737 9740
9738 9741 9716
9742 9740 9743
9742 9743 9744
9740 9742 9739
9735 9705 9745
9737 9736 9740
9746 9747 9740
9748 9749 9750
9750 9751 9748
9752 9748 9751
9722 9753 9754
9755 9753 9741
9739 9742 9756
9739 9756 9757
9758 9756 9742
9758 9742 9744
9757 9756 9759
9757 9759 9760
9729 9759 9761
9759 9756 9758
9759 9758 9762
9763 9752 9751
9728 9759 9729
9723 9722 9754
9710 9707 9715
9715 9717 9764
9715 9764 9721
9721 9765 9686
9686 9765 9687
9686 9687 9684
9720 9721 9686
9720 9711 9715
9707 9717 9715
9717 9716 9764
9716 9753 9766
9716 9766 9764
9766 9753 9722
9766 9722 9725
9766 9725 9765
9764 9766 9721
9721 9766 9765
9706 9734 9718
9718 9734 9716
9716 9734 9738
9693 9765 9725
9693 9687 9765
9706 9702 9767
9698 9701 9699
9702 9706 9699
9703 9706 9767
9703 9735 9734
9695 9697 9693
9739 9738 9737
9738 9739 9741
9741 9739 9757
9741 9757 9755
9757 9760 9754
9757 9754 9755
9754 9760 9728
9754 9728 9723
9728 9729 9726
9735 9703 9705
9736 9735 9745
9768 9769 9770
9736 9745 9770
9703 9767 9704
9771 9746 9740
9771 9769 9768
9771 9768 9746
9740 9747 9743
9748 9772 9749
9752 9763 9773
9729 9761 9731
9729 9732 9774
9696 9727 9775
9696 9775 9694
9697 9691 9690
9724 9727 9696
9727 9733 9776
9726 9724 9723
9695 9693 9696
9753 9755 9754
9741 9753 9716
9729 9774 9777
9727 9776 9778
9727 9778 9775
9729 9777 9730
9730 9777 9733
9740 9736 9771
9771 9736 9769
9769 9736 9770
9743 9779 9744
9748 9752 9762
9748 9762 9758
9752 9780 9761
9752 9761 9762
9761 9781 9731
9731 9781 9782
9731 9782 9732
9761 9780 9781
9779 9772 9744
9752 9773 9780
9748 9758 9744
9748 9744 9772
9750 9783 9751
9751 9783 9784
9751 9785 9763
9751 9784 9785
9759 9762 9761
9728 9760 9759
9733 9727 9726
9786 9787 9788
9786 9788 9789
9790 9791 9787
9790 9787 9786
9792 9793 9791
9792 9791 9790
9794 9795 9796
9794 9796 9797
9798 9799 9795
9798 9795 9794
9789 9788 9799
9789 9799 9798
9800 9801 9802
9801 9803 9802
9803 9804 9802
9804 9805 9802
9805 9806 9802
9806 9800 9802
9807 9808 9809
9808 9810 9809
9810 9811 9809
9811 9812 9809
9812 9813 9809
9813 9807 9809
9787 9814 9815
9787 9815 9788
9791 9816 9814
9791 9814 9787
9793 9817 9816
9793 9816 9791
9795 9818 9819
9795 9819 9796
9799 9820 9818
9799 9818 9795
9788 9815 9820
9788 9820 9799
9814 9821 9822
9814 9822 9815
9816 9823 9821
9816 9821 9814
9817 9824 9823
9817 9823 9816
9818 9825 9826
9818 9826 9819
9820 9827 9825
9820 9825 9818
9815 9822 9827
9815 9827 9820
9828 9829 9830
9828 9830 9831
9832 9833 9829
9832 9829 9828
9834 9835 9833
9834 9833 9832
9836 9837 9838
9836 9838 9839
9840 9841 9837
9840 9837 9836
9831 9830 9841
9831 9841 9840
9842 9843 9844
9843 9845 9844
9845 9846 9844
9846 9847 9844
9847 9848 9844
9848 9842 9844
9849 9850 9851
9850 9852 9851
9852 9853 9851
9853 9854 9851
9854 9855 9851
9855 9849 9851
9829 9856 9857
9829 9857 9830
9833 9858 9856
9833 9856 9829
9835 9859 9858
9835 9858 9833
9837 9860 9861
9837 9861 9838
9841 9862 9860
9841 9860 9837
9830 9857 9862
9830 9862 9841
9856 9863 9864
9856 9864 9857
9858 9865 9863
9858 9863 9856
9859 9866 9865
9859 9865 9858
9860 9867 9868
9860 9868 9861
9862 9869 9867
9862 9867 9860
9857 9864 9869
9857 9869 9862
9863 9870 9871
9863 9871 9864
9865 9872 9870
9865 9870 9863
9866 9873 9872
9866 9872 9865
9867 9874 9875
9867 9875 9868
9869 9876 9874
9869 9874 9867
9864 9871 9876
9864 9876 9869
9821 9877 9878
9821 9878 9822
9823 9879 9877
9823 9877 9821
9824 9880 9879
9824 9879 9823
9825 9881 9882
9825 9882 9826
9827 9883 9881
9827 9881 9825
9822 9878 9883
9822 9883 9827
9884 9885 9886
9887 9888 9889
9884 9890 9891
9884 9891 9892
9884 9892 9885
9885 9893 9894
9888 9895 9896
9889 9896 9897
9891 9898 9899
9892 9899 9893
9895 9888 9900
9896 9889 9888
9897 9901 9889
9899 9892 9891
9893 9885 9892
9902 9896 9895
9902 9897 9896
9902 9903 9897
9904 9893 9899
9902 9895 9905
9906 9907 9908
9909 9910 9911
9906 9912 9913
9906 9913 9914
9906 9914 9907
9907 9915 9916
9910 9917 9918
9911 9918 9919
9913 9920 9921
9914 9921 9915
9917 9910 9922
9918 9911 9910
9919 9923 9911
9921 9914 9913
9915 9907 9914
9924 9918 9917
9924 9919 9918
9924 9925 9919
9926 9915 9921
9924 9917 9927
9928 9929 9930
9928 9930 9931
9932 9933 9929
9932 9929 9928
9934 9935 9933
9934 9933 9932
9936 9937 9938
9936 9938 9939
9940 9941 9937
9940 9937 9936
9931 9930 9941
9931 9941 9940
9942 9943 9944
9943 9945 9944
9945 9946 9944
9946 9947 9944
9947 9948 9944
9948 9942 9944
9949 9950 9951
9950 9952 9951
9952 9953 9951
9953 9954 9951
9954 9955 9951
9955 9949 9951
9929 9956 9957
9929 9957 9930
9933 9958 9956
9933 9956 9929
9935 9959 9958
9935 9958 9933
9937 9960 9961
9937 9961 9938
9941 9962 9960
9941 9960 9937
9930 9957 9962
9930 9962 9941
9956 9963 9964
9956 9964 9957
9958 9965 9963
9958 9963 9956
9959 9966 9965
9959 9965 9958
9960 9967 9968
9960 9968 9961
9962 9969 9967
9962 9967 9960
9957 9964 9969
9957 9969 9962
9970 9971 9972
9970 9972 9973
9974 9975 9971
9974 9971 9970
9976 9977 9975
9976 9975 9974
9978 9979 9980
9978 9980 9981
9982 9983 9979
9982 9979 9978
9973 9972 9983
9973 9983 9982
9984 9985 9986
9985 9987 9986
9987 9988 9986
9988 9989 9986
9989 9990 9986
9990 9984 9986
9991 9992 9993
9992 9994 9993
9994 9995 9993
9995 9996 9993
9996 9997 9993
9997 9991 9993
9971 9998 9999
9971 9999 9972
9975 10000 9998
9975 9998 9971
9977 10001 10000
9977 10000 9975
9979 10002 10003
9979 10003 9980
9983 10004 10002
9983 10002 9979
9972 9999 10004
9972 10004 9983
9998 10005 10006
9998 10006 9999
10000 10007 10005
10000 10005 9998
10001 10008 10007
10001 10007 10000
10002 10009 10010
10002 10010 10003
10004 10011 10009
10004 10009 10002
9999 10006 10011
9999 10011 10004
10005 10012 10013
10005 10013 10006
10007 10014 10012
10007 10012 10005
10008 10015 10014
10008 10014 10007
10009 10016 10017
10009 10017 10010
10011 10018 10016
10011 10016 10009
10006 10013 10018
10006 10018 10011
9963 10019 10020
9963 10020 9964
9965 10021 10019
9965 10019 9963
9966 10022 10021
9966 10021 9965
9967 10023 10024
9967 10024 9968
9969 10025 10023
9969 10023 9967
9964 10020 10025
9964 10025 9969
10026 10027 10028
10029 10030 10031
10026 10032 10033
10026 10033 10034
10026 10034 10027
10027 10035 10036
10030 10037 10038
10031 10038 10039
10033 10040 10041
10034 10041 10035
10037 10030 10042
10038 10031 10030
10039 10043 10031
10041 10034 10033
10035 10027 10034
10044 10038 10037
10044 10039 10038
10044 10045 10039
10046 10035 10041
10044 10037 10047
10048 10049 10050
10051 10052 10053
10048 10054 10055
10048 10055 10056
10048 10056 10049
10049 10057 10058
10052 10059 10060
10053 10060 10061
10055 10062 10063
10056 10063 10057
10059 10052 10064
10060 10053 10052
10061 10065 10053
10063 10056 10055
10057 10049 10056
10066 10060 10059
10066 10061 10060
10066 10067 10061
10068 10057 10063
10066 10059 10069
10070 10071 10072
10070 10072 10073
10074 10075 10071
10074 10071 10070
10076 10077 10075
10076 10075 10074
10078 10079 10080
10078 10080 10081
10082 10083 10079
10082 10079 10078
10073 10072 10083
10073 10083 10082
10084 10085 10086
10085 10087 10086
10087 10088 10086
10088 10089 10086
10089 10090 10086
10090 10084 10086
10091 10092 10093
10092 10094 10093
10094 10095 10093
10095 10096 10093
10096 10097 10093
10097 10091 10093
10071 10098 10099
10071 10099 10072
10075 10100 10098
10075 10098 10071
10077 10101 10100
10077 10100 10075
10079 10102 10103
10079 10103 10080
10083 10104 10102
10083 10102 10079
10072 10099 10104
10072 10104 10083
10098 10105 10106
10098 10106 10099
10100 10107 10105
10100 10105 10098
10101 10108 10107
10101 10107 10100
10102 10109 10110
10102 10110 10103
10104 10111 10109
10104 10109 10102
10099 10106 10111
10099 10111 10104
10112 10113 10114
10112 10114 10115
10116 10117 10113
10116 10113 10112
10118 10119 10117
10118 10117 10116
10120 10121 10122
10120 10122 10123
10124 10125 10121
10124 10121 10120
10115 10114 10125
10115 10125 10124
10126 10127 10128
10127 10129 10128
10129 10130 10128
10130 10131 10128
10131 10132 10128
10132 10126 10128
10133 10134 10135
10134 10136 10135
10136 10137 10135
10137 10138 10135
10138 10139 10135
10139 10133 10135
10113 10140 10141
10113 10141 10114
10117 10142 10140
10117 10140 10113
10119 10143 10142
10119 10142 10117
10121 10144 10145
10121 10145 10122
10125 10146 10144
10125 10144 10121
10114 10141 10146
10114 10146 10125
10140 10147 10148
10140 10148 10141
10142 10149 10147
10142 10147 10140
10143 10150 10149
10143 10149 10142
10144 10151 10152
10144 10152 10145
10146 10153 10151
10146 10151 10144
10141 10148 10153
10141 10153 10146
10147 10154 10155
10147 10155 10148
10149 10156 10154
10149 10154 10147
10150 10157 10156
10150 10156 10149
10151 10158 10159
10151 10159 10152
10153 10160 10158
10153 10158 10151
10148 10155 10160
10148 10160 10153
10105 10161 10162
10105 10162 10106
10107 10163 10161
10107 10161 10105
10108 10164 10163
10108 10163 10107
10109 10165 10166
10109 10166 10110
10111 10167 10165
10111 10165 10109
10106 10162 10167
10106 10167 10111
10168 10169 10170
10171 10172 10173
10168 10174 10175
10168 10175 10176
10168 10176 10169
10169 10177 10178
10172 10179 10180
10173 10180 10181
10175 10182 10183
10176 10183 10177
10179 10172 10184
10180 10173 10172
10181 10185 10173
10183 10176 10175
10177 10169 10176
10186 10180 10179
10186 10181 10180
10186 10187 10181
10188 10177 10183
10186 10179 10189
10190 10191 10192
10193 10194 10195
10190 10196 10197
10190 10197 10198
10190 10198 10191
10191 10199 10200
10194 10201 10202
10195 10202 10203
10197 10204 10205
10198 10205 10199
10201 10194 10206
10202 10195 10194
10203 10207 10195
10205 10198 10197
10199 10191 10198
10208 10202 10201
10208 10203 10202
10208 10209 10203
10210 10199 10205
10208 10201 10211
10212 10213 10214
10215 10216 10217
10215 10218 10216
10219 10220 10221
10220 10222 10221
10219 10218 10223
10224 10225 10226
10224 10226 10227
10227 10226 10228
10228 10229 10227
10230 10231 10229
10232 10225 10224
10233 10234 10235
10235 10236 10233
10237 10238 10239
10233 10238 10234
10230 10240 10231
10240 10241 10231
10241 10242 10231
10243 10244 10242
10242 10245 10246
10244 10247 10248
10249 10250 10244
10220 10236 10222
10238 10251 10239
10252 10238 10253
10253 10254 10252
10255 10256 10257
10253 10255 10254
10255 10258 10256
10259 10260 10261
10259 10262 10260
10262 10263 10264
10261 10255 10259
10265 10263 10262
10266 10267 10268
10268 10262 10266
10269 10270 10271
10270 10272 10271
10273 10269 10271
10272 10274 10275
10247 10273 10248
10276 10277 10278
10279 10276 10280
10281 10282 10280
10279 10280 10282
10283 10284 10285
10277 10285 10278
10285 10267 10266
10285 10284 10286
10287 10274 10288
10287 10289 10274
10290 10288 10274
10280 10291 10281
10289 10291 10292
10273 10271 10248
10244 10250 10247
10272 10275 10271
10272 10290 10274
10289 10292 10274
10280 10292 10291
10276 10278 10280
10277 10283 10285
10268 10265 10262
10285 10286 10267
10262 10264 10260
10261 10258 10255
10252 10251 10238
10255 10257 10254
10238 10237 10234
10236 10220 10233
10215 10223 10218
10219 10223 10220
10242 10246 10243
10243 10249 10244
10241 10245 10242
10229 10231 10227
10214 10213 10215
10214 10215 10217
10293 10294 10295
10294 10293 10296
10297 10298 10299
10300 10301 10302
10300 10302 10303
10304 10305 10306
10304 10306 10307
10293 10308 10309
10293 10295 10308
10310 10311 10303
10310 10303 10302
10298 10312 10313
10309 10314 10315
10316 10317 10318
10316 10318 10319
10304 10307 10317
10304 10317 10316
10320 10321 10322
10320 10322 10323
10324 10325 10326
10324 10326 10327
10328 10329 10330
10328 10330 10331
10318 10332 10333
10318 10333 10319
10334 10335 10336
10337 10338 10299
10298 10339 10340
10341 10342 10343
10341 10343 10344
10326 10325 10345
10326 10345 10346
10347 10348 10349
10347 10349 10350
10351 10293 10352
10353 10354 10355
10353 10355 10356
10357 10358 10359
10357 10359 10360
10361 10339 10362
10296 10293 10351
10363 10353 10356
10363 10356 10364
10365 10352 10366
10345 10321 10320
10345 10320 10346
10367 10368 10343
10367 10343 10342
10332 10360 10359
10332 10359 10333
10298 10313 10369
10298 10369 10339
10370 10371 10372
10293 10309 10373
10367 10323 10322
10367 10322 10368
10374 10375 10324
10374 10324 10327
10376 10377 10378
10338 10337 10379
10380 10381 10382
10351 10352 10365
10339 10369 10362
10309 10308 10314
10337 10299 10298
10298 10297 10312
10298 10383 10384
10293 10385 10386
10378 10309 10376
10337 10335 10334
10373 10309 10378
10298 10384 10337
10337 10384 10335
10298 10340 10383
10293 10373 10385
10293 10386 10352
10370 10339 10371
10352 10380 10382
10352 10386 10380
10340 10339 10370
10387 10388 10389
10387 10389 10390
10391 10392 10393
10391 10393 10394
10394 10393 10395
10394 10395 10396
10396 10395 10397
10396 10397 10398
10398 10397 10399
10398 10399 10400
10401 10402 10388
10401 10388 10387
10403 10404 10392
10403 10392 10391
10390 10389 10404
10390 10404 10403
10405 10406 10407
10405 10407 10408
10409 10410 10411
10409 10411 10412
10413 10405 10408
10413 10408 10414
10410 10415 10416
10410 10416 10411
10417 10413 10414
10417 10414 10418
10415 10419 10420
10415 10420 10416
10421 10417 10418
10421 10418 10422
10419 10423 10424
10419 10424 10420
10425 10421 10422
10425 10422 10426
10423 10427 10428
10423 10428 10424
10429 10425 10426
10429 10426 10430
10427 10431 10432
10427 10432 10428
10433 10434 10435
10433 10435 10436
10437 10438 10439
10437 10439 10440
10406 10433 10436
10406 10436 10407
10438 10409 10412
10438 10412 10439
10441 10442 10443
10441 10443 10444
10444 10443 10445
10444 10445 10446
10446 10445 10447
10446 10447 10448
10448 10447 10449
10448 10449 10450
10450 10449 10451
10450 10451 10452
10453 10454 10455
10453 10455 10456
10456 10455 10457
10456 10457 10458
10458 10457 10442
10458 10442 10441
10459 10460 10461
10462 10463 10464
10462 10464 10465
10466 10467 10468
10466 10468 10469
10470 10471 10472
10470 10472 10473
10474 10475 10476
10477 10478 10479
10477 10479 10480
10481 10482 10483
10481 10483 10484
10485 10486 10487
10485 10487 10488
10489 10490 10491
10489 10491 10492
10493 10494 10495
10493 10495 10496
10497 10498 10499
10497 10499 10500
10501 10502 10503
10501 10503 10504
10505 10506 10507
10505 10507 10508
10509 10510 10511
10509 10511 10512
10513 10514 10515
10513 10515 10516
10517 10518 10519
10517 10519 10520
10521 10522 10523
10521 10523 10524
10525 10526 10461
10488 10487 10527
10488 10527 10528
10528 10527 10463
10528 10463 10462
10470 10473 10507
10470 10507 10506
10529 10530 10531
10529 10531 10532
10465 10464 10533
10465 10533 10534
10535 10536 10475
10537 10538 10539
10537 10539 10540
10480 10479 10538
10480 10538 10537
10541 10542 10543
10541 10543 10544
10545 10546 10494
10545 10494 10493
10496 10495 10478
10496 10478 10477
10489 10469 10468
10489 10468 10490
10547 10548 10549
10547 10549 10550
10500 10499 10518
10500 10518 10517
10551 10552 10510
10551 10510 10509
10512 10511 10498
10512 10498 10497
10553 10554 10555
10553 10555 10556
10557 10558 10514
10557 10514 10513
10556 10555 10558
10556 10558 10557
10524 10523 10559
10524 10559 10560
10516 10515 10522
10516 10522 10521
10459 10505 10508
10459 10508 10460
10561 10562 10461
10563 10564 10475
10565 10492 10491
10565 10491 10476
10566 10567 10502
10566 10502 10501
10568 10569 10567
10568 10567 10566
10570 10571 10572
10573 10504 10503
10573 10503 10574
10575 10572 10574
10576 10482 10481
10576 10481 10577
10578 10576 10577
10578 10577 10579
10580 10581 10582
10483 10583 10584
10483 10584 10484
10581 10584 10582
10585 10586 10572
10587 10588 10582
10534 10533 10530
10534 10530 10529
10550 10549 10486
10550 10486 10485
10461 10526 10589
10590 10475 10591
10541 10540 10539
10541 10539 10542
10547 10520 10519
10547 10519 10548
10553 10592 10593
10553 10593 10554
10594 10461 10589
10475 10564 10591
10572 10571 10595
10596 10582 10597
10598 10572 10595
10582 10588 10597
10459 10461 10562
10461 10460 10599
10565 10475 10536
10476 10475 10565
10573 10572 10586
10574 10572 10573
10582 10583 10600
10582 10584 10583
10472 10471 10467
10472 10467 10466
10546 10545 10532
10546 10532 10531
10560 10559 10552
10560 10552 10551
10578 10579 10569
10578 10569 10568
10525 10461 10599
10535 10475 10590
10561 10461 10594
10563 10475 10474
10570 10572 10575
10580 10582 10596
10585 10572 10598
10587 10582 10600
10601 10602 10603
10601 10603 10604
10605 10606 10602
10605 10602 10601
10607 10608 10606
10607 10606 10605
10609 10610 10608
10609 10608 10607
10611 10612 10610
10611 10610 10609
10613 10614 10612
10613 10612 10611
10615 10616 10617
10615 10617 10618
10604 10603 10616
10604 10616 10615
10619 10620 10621
10619 10621 10622
10623 10624 10620
10623 10620 10619
10625 10626 10624
10625 10624 10623
10627 10628 10626
10627 10626 10625
10629 10630 10628
10629 10628 10627
10631 10632 10630
10631 10630 10629
10633 10634 10635
10633 10635 10636
10622 10621 10634
10622 10634 10633
10637 10638 10639
10640 10641 10642
10643 10644 10639
10645 10638 10637
10646 10647 10648
10649 10647 10645
10642 10650 10651
10641 10640 10652
10653 10638 10654
10652 10655 10656
10652 10656 10641
10644 10657 10639
10641 10656 10658
10641 10658 10650
10659 10660 10661
10662 10661 10663
10664 10660 10659
10657 10644 10665
10657 10665 10666
10644 10643 10667
10644 10667 10665
10645 10647 10638
10668 10648 10669
10652 10640 10668
10642 10641 10650
10670 10660 10669
10652 10669 10655
10646 10648 10668
10662 10663 10671
10671 10663 10639
10639 10653 10643
10648 10647 10670
10638 10647 10646
10638 10646 10654
10648 10670 10669
10663 10637 10639
10661 10660 10649
10669 10664 10655
10663 10661 10637
10669 10660 10664
10660 10670 10649
10637 10661 10645
10671 10639 10657
10639 10638 10653
10659 10661 10662
10661 10649 10645
10668 10669 10652
10670 10647 10649
10672 10673 10674
10672 10674 10675
10676 10677 10678
10672 10675 10679
10672 10679 10680
10680 10679 10681
10680 10681 10682
10683 10684 10682
10683 10682 10681
10685 10686 10687
10688 10689 10690
10688 10691 10689
10692 10693 10694
10678 10695 10696
10696 10697 10685
10698 10699 10700
10698 10700 10701
10702 10703 10704
10702 10704 10705
10706 10705 10704
10706 10704 10707
10708 10709 10710
10708 10710 10711
10712 10713 10706
10712 10706 10707
10714 10715 10693
10716 10717 10718
10716 10718 10719
10720 10721 10722
10722 10723 10724
10725 10721 10726
10727 10728 10729
10727 10729 10730
10729 10731 10732
10729 10732 10730
10716 10719 10732
10716 10732 10731
10733 10734 10735
10733 10735 10736
10737 10738 10739
10737 10739 10740
10741 10742 10743
10742 10741 10744
10745 10746 10747
10748 10749 10745
10750 10751 10752
10750 10752 10753
10754 10755 10756
10754 10756 10757
10738 10737 10754
10738 10754 10757
10758 10759 10760
10702 10701 10700
10702 10700 10703
10751 10750 10756
10751 10756 10755
10688 10690 10761
10685 10762 10686
10687 10686 10763
10689 10691 10764
10685 10697 10762
10688 10761 10692
10724 10765 10760
10747 10746 10766
10748 10745 10747
10760 10759 10724
10724 10723 10765
10747 10766 10744
10693 10692 10761
10696 10695 10697
10722 10721 10723
10742 10744 10766
10695 10677 10767
10711 10768 10769
10711 10769 10708
10693 10715 10694
10726 10721 10720
10736 10770 10771
10736 10771 10733
10743 10742 10772
10678 10677 10695
10694 10715 10773
10741 10743 10774
10726 10720 10775
10776 10777 10778
10779 10780 10781
10776 10782 10777
10783 10784 10785
10783 10785 10786
10787 10788 10789
10787 10789 10790
10776 10783 10787
10776 10778 10784
10785 10784 10791
10780 10792 10781
10777 10793 10780
10780 10793 10792
10777 10782 10793
10794 10780 10779
10778 10795 10796
10784 10783 10776
10783 10786 10797
10787 10790 10776
10783 10797 10798
10783 10798 10787
10778 10794 10799
10778 10799 10795
10784 10778 10800
10784 10800 10791
10787 10798 10788
10778 10777 10780
10778 10780 10794
10801 10778 10796
10800 10778 10801
10781 10792 10802
10803 10804 10805
10805 10806 10807
10805 10804 10806
10804 10808 10806
10807 10809 10810
10807 10806 10809
10806 10811 10809
10806 10808 10811
10808 10812 10811
10803 10813 10804
10804 10814 10808
10804 10813 10814
10813 10815 10814
10808 10816 10812
10808 10814 10816
10814 10817 10816
10814 10815 10817
10815 10818 10817
10803 10819 10813
10813 10820 10815
10813 10819 10820
10819 10821 10820
10815 10822 10818
10815 10820 10822
10820 10823 10822
10820 10821 10823
10821 10824 10823
10803 10805 10819
10819 10825 10821
10819 10805 10825
10805 10807 10825
10821 10826 10824
10821 10825 10826
10825 10827 10826
10825 10807 10827
10807 10810 10827
10828 10829 10830
10830 10831 10832
10830 10829 10831
10829 10833 10831
10832 10834 10835
10832 10831 10834
10831 10836 10834
10831 10833 10836
10833 10837 10836
10828 10830 10838
10838 10839 10840
10838 10830 10839
10830 10832 10839
10840 10841 10842
10840 10839 10841
10839 10843 10841
10839 10832 10843
10832 10835 10843
10828 10838 10844
10844 10845 10846
10844 10838 10845
10838 10840 10845
10846 10847 10848
10846 10845 10847
10845 10849 10847
10845 10840 10849
10840 10842 10849
10828 10844 10829
10829 10850 10833
10829 10844 10850
10844 10846 10850
10833 10851 10837
10833 10850 10851
10850 10852 10851
10850 10846 10852
10846 10848 10852
6429 6322 6323
6429 6323 6430
6430 6323 6330
6430 6330 6431
6431 6330 6337
6431 6337 6432
6432 6337 6344
6432 6344 6433
6433 6344 6351
6433 6351 6434
6434 6351 6358
6434 6358 6435
6435 6358 6365
6435 6365 6436
6436 6365 6372
6436 6372 6437
6437 6372 6379
6437 6379 6438
6438 6379 6386
6438 6386 6439
6439 6386 6393
6439 6393 6440
6440 6393 6400
6440 6400 6441
6441 6400 6407
6441 6407 6442
6442 6407 6414
6442 6414 6443
6443 6414 6421
6443 6421 6444
6444 6421 6428
6444 6428 6445
7155 7200 10853
7155 7157 7200
7272 7204 10854
7272 7205 7204
8254 8256 10855
8256 8255 10856
8302 8370 10857
8370 8301 10858
332 569 570
3080 2845 3081
1398 756 1420
1398 753 756
579 1419 588
1419 582 1422
3266 3911 3931
3265 3911 3266
3092 3930 3933
3091 3930 3092
10859 10860 10861
10859 10862 10860
10859 10863 10862
10859 10864 10863
10859 10861 10864
10865 10866 10867
10868 10869 10866
10870 10871 10869
10872 10873 10871
10874 10867 10873
10875 10861 10860
10876 10860 10862
10877 10862 10863
10878 10863 10864
10879 10864 10861
10880 10866 10869
10880 10869 10871
10880 10871 10873
10880 10873 10867
10880 10867 10866
10881 10882 10883
10881 10884 10882
10881 10885 10884
10881 10886 10885
10881 10883 10886
10887 10888 10889
10890 10891 10888
10892 10893 10891
10894 10895 10893
10896 10889 10895
10897 10883 10882
10898 10882 10884
10899 10884 10885
10900 10885 10886
10901 10886 10883
10902 10888 10891
10902 10891 10893
10902 10893 10895
10902 10895 10889
10902 10889 10888
10903 10904 10905
10905 10906 10907
10905 10904 10906
10904 10908 10906
10903 10909 10904
10904 10910 10908
10904 10909 10910
10909 10911 10910
10903 10912 10909
10909 10913 10911
10909 10912 10913
10912 10914 10913
10903 10905 10912
10912 10915 10914
10912 10905 10915
10905 10907 10915
10916 10917 10918
10918 10919 10920
10918 10917 10919
10917 10921 10919
10916 10918 10922
10922 10923 10924
10922 10918 10923
10918 10920 10923
10916 10922 10925
10925 10926 10927
10925 10922 10926
10922 10924 10926
10916 10925 10917
10917 10928 10921
10917 10925 10928
10925 10927 10928
1968 1878 10929
4478 4390 4393
1875 1927 1762
4386 4438 4441
1875 1931 1928
4386 4442 4479
7512 7513 10930
10931 7509 7516
7513 10931 10932
7513 7509 10931
5863 5870 5873
5875 5863 5871
5809 5813 5810
5907 5809 5819
5904 5903 10933
5925 5917 5916
5923 5932 5917
5928 5878 5904
5913 5917 5912
5915 5917 5932
5906 5904 10933
5888 5904 5884
9489 10934 10935
9492 10935 10936
10934 9489 9495
10935 10934 10937
9489 10935 9492
9661 10938 10939
9664 10939 10940
10938 9661 9667
10939 10938 10941
9661 10939 9664
9136 9148 9145
9136 9142 9148
9312 9324 9321
9312 9318 9324
8754 8752 8755
8752 8754 8771
8755 8772 10942
8755 8752 8772
7687 7686 7684
10943 7686 10944
7684 10943 7683
7684 7686 10943
10945 10946 10947
10947 10948 10949
10947 10946 10948
10946 10950 10948
10945 10951 10946
10946 10952 10950
10946 10951 10952
10951 10953 10952
10945 10954 10951
10951 10955 10953
10951 10954 10955
10954 10956 10955
10945 10947 10954
10954 10957 10956
10954 10947 10957
10947 10949 10957
10958 10959 10960
10960 10961 10962
10960 10959 10961
10959 10963 10961
10958 10960 10964
10964 10965 10966
10964 10960 10965
10960 10962 10965
10958 10964 10967
10967 10968 10969
10967 10964 10968
10964 10966 10968
10958 10967 10959
10959 10970 10963
10959 10967 10970
10967 10969 10970
10971 10972 10973
10973 10974 10975
10973 10972 10974
10972 10976 10974
10971 10977 10972
10972 10978 10976
10972 10977 10978
10977 10979 10978
10971 10980 10977
10977 10981 10979
10977 10980 10981
10980 10982 10981
10971 10973 10980
10980 10983 10982
10980 10973 10983
10973 10975 10983
10984 10985 10986
10986 10987 10988
10986 10985 10987
10985 10989 10987
10984 10986 10990
10990 10991 10992
10990 10986 10991
10986 10988 10991
10984 10990 10993
10993 10994 10995
10993 10990 10994
10990 10992 10994
10984 10993 10985
10985 10996 10989
10985 10993 10996
10993 10995 10996
10997 10998 10999
10999 11000 11001
10999 10998 11000
10998 11002 11000
10997 11003 10998
10998 11004 11002
10998 11003 11004
11003 11005 11004
10997 11006 11003
11003 11007 11005
11003 11006 11007
11006 11008 11007
10997 10999 11006
11006 11009 11008
11006 10999 11009
10999 11001 11009
11010 11011 11012
11012 11013 11014
11012 11011 11013
11011 11015 11013
11010 11012 11016
11016 11017 11018
11016 11012 11017
11012 11014 11017
11010 11016 11019
11019 11020 11021
11019 11016 11020
11016 11018 11020
11010 11019 11011
11011 11022 11015
11011 11019 11022
11019 11021 11022
11023 11024 11025
11025 11026 11027
11025 11024 11026
11024 11028 11026
11027 11029 11030
11027 11026 11029
11026 11031 11029
11026 11028 11031
11028 11032 11031
11023 11033 11024
11024 11034 11028
11024 11033 11034
11033 11035 11034
11028 11036 11032
11028 11034 11036
11034 11037 11036
11034 11035 11037
11035 11038 11037
11023 11039 11033
11033 11040 11035
11033 11039 11040
11039 11041 11040
11035 11042 11038
11035 11040 11042
11040 11043 11042
11040 11041 11043
11041 11044 11043
11023 11025 11039
11039 11045 11041
11039 11025 11045
11025 11027 11045
11041 11046 11044
11041 11045 11046
11045 11047 11046
11045 11027 11047
11027 11030 11047
11048 11049 11050
11050 11051 11052
11050 11049 11051
11049 11053 11051
11052 11054 11055
11052 11051 11054
11051 11056 11054
11051 11053 11056
11053 11057 11056
11048 11050 11058
11058 11059 11060
11058 11050 11059
11050 11052 11059
11060 11061 11062
11060 11059 11061
11059 11063 11061
11059 11052 11063
11052 11055 11063
11048 11058 11064
11064 11065 11066
11064 11058 11065
11058 11060 11065
11066 11067 11068
11066 11065 11067
11065 11069 11067
11065 11060 11069
11060 11062 11069
11048 11064 11049
11049 11070 11053
11049 11064 11070
11064 11066 11070
11053 11071 11057
11053 11070 11071
11070 11072 11071
11070 11066 11072
11066 11068 11072
11073 11074 11075
11075 11076 11077
11075 11074 11076
11074 11078 11076
11077 11079 11080
11077 11076 11079
11076 11081 11079
11076 11078 11081
11078 11082 11081
11073 11083 11074
11074 11084 11078
11074 11083 11084
11083 11085 11084
11078 11086 11082
11078 11084 11086
11084 11087 11086
11084 11085 11087
11085 11088 11087
11073 11089 11083
11083 11090 11085
11083 11089 11090
11089 11091 11090
11085 11092 11088
11085 11090 11092
11090 11093 11092
11090 11091 11093
11091 11094 11093
11073 11075 11089
11089 11095 11091
11089 11075 11095
11075 11077 11095
11091 11096 11094
11091 11095 11096
11095 11097 11096
11095 11077 11097
11077 11080 11097
11098 11099 11100
11100 11101 11102
11100 11099 11101
11099 11103 11101
11102 11104 11105
11102 11101 11104
11101 11106 11104
11101 11103 11106
11103 11107 11106
11098 11100 11108
11108 11109 11110
11108 11100 11109
11100 11102 11109
11110 11111 11112
11110 11109 11111
11109 11113 11111
11109 11102 11113
11102 11105 11113
11098 11108 11114
11114 11115 11116
11114 11108 11115
11108 11110 11115
11116 11117 11118
11116 11115 11117
11115 11119 11117
11115 11110 11119
11110 11112 11119
11098 11114 11099
11099 11120 11103
11099 11114 11120
11114 11116 11120
11103 11121 11107
11103 11120 11121
11120 11122 11121
11120 11116 11122
11116 11118 11122
11123 11124 11125
11125 11126 11127
11125 11124 11126
11124 11128 11126
11127 11129 11130
11127 11126 11129
11126 11131 11129
11126 11128 11131
11128 11132 11131
11123 11133 11124
11124 11134 11128
11124 11133 11134
11133 11135 11134
11128 11136 11132
11128 11134 11136
11134 11137 11136
11134 11135 11137
11135 11138 11137
11123 11139 11133
11133 11140 11135
11133 11139 11140
11139 11141 11140
11135 11142 11138
11135 11140 11142
11140 11143 11142
11140 11141 11143
11141 11144 11143
11123 11125 11139
11139 11145 11141
11139 11125 11145
11125 11127 11145
11141 11146 11144
11141 11145 11146
11145 11147 11146
11145 11127 11147
11127 11130 11147
11148 11149 11150
11150 11151 11152
11150 11149 11151
11149 11153 11151
11152 11154 11155
11152 11151 11154
11151 11156 11154
11151 11153 11156
11153 11157 11156
11148 11150 11158
11158 11159 11160
11158 11150 11159
11150 11152 11159
11160 11161 11162
11160 11159 11161
11159 11163 11161
11159 11152 11163
11152 11155 11163
11148 11158 11164
11164 11165 11166
11164 11158 11165
11158 11160 11165
11166 11167 11168
11166 11165 11167
11165 11169 11167
11165 11160 11169
11160 11162 11169
11148 11164 11149
11149 11170 11153
11149 11164 11170
11164 11166 11170
11153 11171 11157
11153 11170 11171
11170 11172 11171
11170 11166 11172
11166 11168 11172
11173 11174 11175
11175 11176 11177
11175 11174 11176
11174 11178 11176
11177 11179 11180
11177 11176 11179
11176 11181 11179
11176 11178 11181
11178 11182 11181
11173 11183 11174
11174 11184 11178
11174 11183 11184
11183 11185 11184
11178 11186 11182
11178 11184 11186
11184 11187 11186
11184 11185 11187
11185 11188 11187
11173 11189 11183
11183 11190 11185
11183 11189 11190
11189 11191 11190
11185 11192 11188
11185 11190 11192
11190 11193 11192
11190 11191 11193
11191 11194 11193
11173 11175 11189
11189 11195 11191
11189 11175 11195
11175 11177 11195
11191 11196 11194
11191 11195 11196
11195 11197 11196
11195 11177 11197
11177 11180 11197
11198 11199 11200
11200 11201 11202
11200 11199 11201
11199 11203 11201
11202 11204 11205
11202 11201 11204
11201 11206 11204
11201 11203 11206
11203 11207 11206
11198 11200 11208
11208 11209 11210
11208 11200 11209
11200 11202 11209
11210 11211 11212
11210 11209 11211
11209 11213 11211
11209 11202 11213
11202 11205 11213
11198 11208 11214
11214 11215 11216
11214 11208 11215
11208 11210 11215
11216 11217 11218
11216 11215 11217
11215 11219 11217
11215 11210 11219
11210 11212 11219
11198 11214 11199
11199 11220 11203
11199 11214 11220
11214 11216 11220
11203 11221 11207
11203 11220 11221
11220 11222 11221
11220 11216 11222
11216 11218 11222
11223 11224 11225
11223 11226 11224
11223 11227 11226
11223 11228 11227
11223 11225 11228
11229 11230 11231
11232 11233 11230
11234 11235 11233
11236 11237 11235
11238 11231 11237
11239 11225 11224
11240 11224 11226
11241 11226 11227
11242 11227 11228
11243 11228 11225
11244 11230 11233
11244 11233 11235
11244 11235 11237
11244 11237 11231
11244 11231 11230
11245 11246 11247
11245 11248 11246
11245 11249 11248
11245 11250 11249
11245 11247 11250
11251 11252 11253
11254 11255 11252
11256 11257 11255
11258 11259 11257
11260 11253 11259
11261 11247 11246
11262 11246 11248
11263 11248 11249
11264 11249 11250
11265 11250 11247
11266 11252 11255
11266 11255 11257
11266 11257 11259
11266 11259 11253
11266 11253 11252
25 558 530
558 25 28
1871 1865 1901
4271 4394 4322
4271 4322 4388
4322 4321 4389
4322 4389 4388
1865 1725 1902
1901 1865 1902
4263 4262 4414
4236 4263 4414
11267 11268 11269
11267 11269 11270
11271 11270 11269
11271 11269 11272
11271 11272 11273
11268 11267 11274
11275 11276 11277
11275 11277 11278
11279 11278 11277
11279 11277 11280
11279 11280 11281
11276 11275 11282
11283 11284 11285
11283 11285 11286
11287 11286 11285
11287 11285 11288
11287 11288 11289
11284 11283 11290
8339 8373 8271
8271 8373 8269
7243 7276 7244
7276 7171 7170
11291 11292 11293
11291 11293 11294
11295 11296 11292
11295 11292 11291
11297 11298 11299
11297 11299 11300
11301 11302 11298
11301 11298 11297
11303 11304 11302
11303 11302 11301
11305 11306 11304
11305 11304 11303
11307 11308 11306
11307 11306 11305
11294 11293 11308
11294 11308 11307
11309 11310 11311
11309 11311 11312
11313 11309 11312
11313 11312 11314
11315 11313 11314
11315 11314 11316
11317 11315 11316
11317 11316 11318
11317 11318 11319
11317 11319 11320
11321 11322 11323
11321 11323 11324
11320 11319 11322
11320 11322 11321
11324 11323 11325
11324 11325 11326
11327 11328 11329
11327 11329 11330
11331 11327 11330
11331 11330 11332
11328 11333 11334
11328 11334 11329
11335 11336 11337
11335 11337 11338
11333 11339 11340
11333 11340 11334
11341 11342 11343
11341 11343 11344
11345 11346 11347
11345 11347 11348
11341 11349 11350
11341 11350 11342
11349 11335 11338
11349 11338 11350
11351 11352 11353
11351 11353 11354
11355 11356 11357
11355 11357 11358
11359 11360 11361
11359 11361 11362
11363 11364 11365
11363 11365 11366
11367 11368 11356
11367 11356 11355
11366 11365 11368
11366 11368 11367
11358 11357 11352
11358 11352 11351
11325 11323 11361
11325 11361 11360
11322 11319 11365
11322 11365 11364
11323 11322 11364
11323 11364 11361
11319 11318 11368
11319 11368 11365
11318 11316 11356
11318 11356 11368
11316 11314 11357
11316 11357 11356
11314 11312 11352
11314 11352 11357
11312 11311 11353
11312 11353 11352
11362 11361 11364
11362 11364 11363
11369 11370 11371
11369 11371 11372
11373 11369 11372
11373 11372 11374
11375 11373 11374
11375 11374 11376
11375 11376 11340
11375 11340 11339
11343 11377 11378
11343 11378 11344
11379 11380 11381
11379 11381 11382
11377 11379 11382
11377 11382 11378
11380 11383 11384
11380 11384 11381
11385 11386 11387
11385 11387 11388
11389 11390 11391
11389 11391 11392
11393 11394 11395
11393 11395 11396
11397 11398 11399
11397 11399 11400
11396 11395 11398
11396 11398 11397
11401 11402 11403
11401 11403 11404
11400 11399 11402
11400 11402 11401
11404 11403 11390
11404 11390 11389
11405 11406 11407
11405 11407 11408
11409 11410 11411
11409 11411 11412
11413 11414 11415
11413 11415 11416
11417 11418 11419
11417 11419 11420
11421 11422 11423
11421 11423 11424
11425 11426 11427
11425 11427 11428
11429 11430 11431
11429 11431 11432
11433 11434 11435
11433 11435 11436
11437 11438 11439
11437 11439 11440
11441 11442 11443
11441 11443 11444
11445 11446 11447
11445 11447 11448
11449 11450 11451
11449 11451 11452
11453 11454 11455
11453 11455 11456
11457 11458 11459
11457 11459 11460
11461 11462 11463
11461 11463 11464
11465 11466 11467
11465 11467 11468
11469 11470 11471
11469 11471 11472
11473 11474 11471
11473 11471 11448
11475 11476 11477
11475 11477 11478
11479 11480 11455
11479 11455 11464
11480 11481 11456
11480 11456 11455
11482 11483 11463
11482 11463 11472
11483 11479 11464
11483 11464 11463
11484 11485 11486
11484 11486 11487
11482 11472 11471
11482 11471 11474
11488 11489 11490
11488 11490 11491
11492 11493 11494
11492 11494 11495
11496 11497 11498
11496 11498 11499
11500 11501 11444
11500 11444 11443
11501 11502 11503
11501 11503 11444
11504 11441 11444
11504 11444 11503
11505 11436 11435
11505 11435 11506
11433 11436 11411
11433 11411 11410
11507 11428 11427
11507 11427 11508
11434 11425 11428
11434 11428 11435
11386 11509 11407
11386 11407 11387
11510 11475 11478
11510 11478 11511
11512 11473 11448
11512 11448 11447
11513 11468 11467
11513 11467 11514
11465 11468 11443
11465 11443 11442
11515 11460 11459
11515 11459 11516
11466 11457 11460
11466 11460 11467
11517 11518 11439
11517 11439 11416
11426 11417 11420
11426 11420 11427
11519 11408 11407
11519 11407 11509
11505 11520 11411
11505 11411 11436
11521 11522 11523
11521 11523 11524
11507 11506 11435
11507 11435 11428
11525 11526 11527
11525 11527 11528
11529 11508 11427
11529 11427 11420
11529 11420 11419
11529 11419 11530
11438 11413 11416
11438 11416 11439
11531 11532 11533
11531 11533 11412
11421 11424 11534
11421 11534 11535
11526 11536 11537
11526 11537 11527
11429 11432 11423
11429 11423 11422
11522 11525 11528
11522 11528 11523
11437 11440 11431
11437 11431 11430
11519 11521 11524
11519 11524 11408
11458 11449 11452
11458 11452 11459
11538 11440 11439
11538 11439 11518
11513 11500 11443
11513 11443 11468
11539 11540 11432
11539 11432 11431
11515 11514 11467
11515 11467 11460
11541 11542 11424
11541 11424 11423
11543 11516 11459
11543 11459 11452
11544 11517 11416
11544 11416 11415
11470 11445 11448
11470 11448 11471
11543 11452 11451
11543 11451 11545
11453 11456 11546
11453 11546 11547
11542 11548 11534
11542 11534 11424
11461 11464 11455
11461 11455 11454
11540 11541 11423
11540 11423 11432
11469 11472 11463
11469 11463 11462
11538 11539 11431
11538 11431 11440
11484 11487 11499
11484 11499 11498
11549 11550 11551
11549 11551 11552
11549 11510 11511
11549 11511 11550
11553 11554 11555
11553 11555 11556
11553 11552 11551
11553 11551 11554
11557 11558 11559
11557 11559 11560
11557 11556 11555
11557 11555 11558
11481 11561 11546
11481 11546 11456
11562 11409 11412
11562 11412 11533
11497 11496 11495
11497 11495 11494
11493 11492 11491
11493 11491 11490
11563 11564 11478
11563 11478 11477
11405 11408 11524
11405 11524 11565
11566 11565 11524
11566 11524 11523
11566 11523 11528
11566 11528 11567
11568 11567 11528
11568 11528 11527
11568 11527 11537
11568 11537 11569
11570 11571 11388
11570 11388 11387
11406 11570 11387
11406 11387 11407
11520 11531 11412
11520 11412 11411
11511 11572 11573
11511 11573 11550
11551 11550 11573
11551 11573 11574
11554 11551 11574
11554 11574 11575
11555 11554 11575
11555 11575 11576
11558 11555 11576
11558 11576 11577
11559 11558 11577
11559 11577 11578
11511 11478 11564
11511 11564 11572
11489 11488 11579
11489 11579 11580
11392 11391 11581
11392 11581 11582
11583 11584 11487
11583 11487 11486
11585 11586 11488
11585 11488 11491
11587 11588 11492
11587 11492 11495
11584 11589 11499
11584 11499 11487
11589 11590 11496
11589 11496 11499
11586 11591 11579
11586 11579 11488
11588 11585 11491
11588 11491 11492
11590 11587 11495
11590 11495 11496
11592 11593 11581
11592 11581 11391
11594 11595 11398
11594 11398 11395
11596 11597 11402
11596 11402 11399
11598 11592 11391
11598 11391 11390
11599 11598 11390
11599 11390 11403
11600 11594 11395
11600 11395 11394
11595 11596 11399
11595 11399 11398
11597 11599 11403
11597 11403 11402
11601 11602 11603
11601 11603 11604
11605 11606 11602
11605 11602 11601
11604 11603 11607
11604 11607 11608
11605 11609 11610
11605 11610 11606
11608 11607 11611
11608 11611 11612
11609 11613 11614
11609 11614 11610
11612 11611 11615
11612 11615 11616
11613 11617 11618
11613 11618 11614
11619 11620 11621
11619 11621 11622
11623 11624 11625
11626 11627 11628
11620 11629 11627
11620 11627 11621
11630 11631 11623
11630 11623 11625
11619 11622 11631
11619 11631 11630
11632 11633 11634
11632 11634 11635
11636 11637 11620
11636 11620 11619
11638 11639 11640
11638 11640 11641
11635 11642 11632
11625 11640 11643
11643 11644 11630
11643 11630 11625
11637 11642 11629
11637 11629 11620
11644 11636 11619
11644 11619 11630
11645 11646 11647
11645 11647 11648
11649 11650 11651
11626 11628 11650
11652 11653 11654
11624 11640 11625
11629 11635 11628
11624 11652 11654
11655 11626 11649
11652 11656 11653
11653 11657 11654
11649 11626 11650
11647 11646 11658
11647 11658 11659
11648 11660 11645
11658 11661 11659
11623 11652 11624
11640 11639 11643
11627 11629 11628
11635 11629 11642
11363 11293 11292
11363 11292 11362
11362 11292 11296
11362 11296 11359
11354 11299 11298
11354 11298 11351
11351 11298 11302
11351 11302 11358
11358 11302 11304
11358 11304 11355
11355 11304 11306
11355 11306 11367
11367 11306 11308
11367 11308 11366
11366 11308 11293
11366 11293 11363
11662 11663 11345
11662 11345 11348
11662 11664 11663
11346 11665 11347
11666 11667 11668
11666 11668 11669
11670 11671 11672
11670 11672 11673
11674 11675 11676
11674 11676 11677
11678 11679 11680
11678 11680 11681
11675 11682 11683
11675 11683 11676
11684 11685 11686
11684 11686 11687
11688 11689 11690
11688 11690 11691
11692 11693 11694
11692 11694 11695
11682 11688 11691
11682 11691 11683
11696 11697 11698
11696 11698 11699
11700 11701 11702
11693 11678 11681
11693 11681 11694
11686 11685 11703
11686 11703 11704
11705 11706 11707
11705 11707 11708
11709 11710 11711
11709 11711 11712
11713 11714 11715
11713 11715 11716
11717 11718 11719
11717 11719 11720
11721 11722 11707
11721 11707 11706
11723 11719 11718
11723 11718 11724
11725 11726 11727
11725 11727 11728
11720 11729 11730
11720 11730 11717
11731 11705 11708
11731 11708 11732
11729 11733 11734
11729 11734 11730
11735 11736 11737
11735 11737 11738
11739 11740 11699
11739 11699 11698
11741 11742 11743
11741 11743 11744
11745 11746 11747
11745 11747 11748
11749 11750 11751
11749 11751 11752
11727 11726 11753
11727 11753 11754
11755 11756 11757
11755 11757 11758
11759 11760 11761
11759 11761 11762
11763 11764 11765
11763 11765 11766
11767 11768 11769
11767 11769 11770
11771 11772 11773
11771 11773 11774
11775 11776 11777
11775 11777 11778
11779 11780 11781
11779 11781 11782
11783 11784 11785
11783 11785 11786
11787 11788 11789
11787 11789 11790
11791 11792 11793
11791 11793 11794
11790 11789 11769
11790 11769 11768
11795 11796 11797
11795 11797 11798
11799 11800 11801
11799 11801 11802
11803 11804 11800
11803 11800 11799
11805 11806 11804
11805 11804 11803
11807 11808 11806
11807 11806 11805
11809 11810 11750
11809 11750 11749
11811 11812 11810
11811 11810 11809
11813 11814 11815
11813 11815 11816
11788 11787 11794
11788 11794 11793
11817 11818 11774
11817 11774 11773
11782 11781 11819
11782 11819 11820
11668 11821 11822
11668 11822 11669
11815 11823 11824
11815 11824 11816
11825 11826 11827
11828 11829 11830
11831 11832 11833
11831 11833 11834
11835 11836 11837
11835 11837 11838
11839 11840 11841
11839 11841 11842
11843 11844 11845
11843 11845 11846
11847 11848 11849
11847 11849 11850
11810 11851 11750
11812 11852 11810
11756 11853 11757
11762 11854 11756
11800 11855 11821
11800 11821 11801
11816 11824 11856
11857 11858 11859
11857 11859 11860
11861 11862 11842
11861 11842 11841
11848 11847 11831
11848 11831 11834
11833 11832 11863
11833 11863 11864
11806 11865 11804
11866 11867 11868
11869 11870 11866
11871 11872 11873
11874 11875 11876
11877 11878 11874
11876 11879 11871
11880 11881 11877
11882 11883 11880
11884 11885 11882
11886 11751 11750
11886 11750 11851
11855 11800 11804
11855 11804 11865
11887 11868 11888
11889 11890 11891
11889 11891 11892
11808 11893 11806
11873 11894 11869
11895 11896 11897
11895 11897 11898
11796 11854 11761
11899 11864 11900
11692 11695 11690
11692 11690 11689
11703 11901 11704
11722 11721 11723
11722 11723 11724
11752 11751 11808
11752 11808 11807
11754 11753 11902
11754 11902 11903
11755 11759 11762
11755 11762 11756
11767 11770 11772
11767 11772 11771
11819 11904 11820
11849 11828 11850
11862 11861 11891
11862 11891 11890
11905 11894 11873
11906 11881 11880
11886 11808 11751
11702 11680 11679
11702 11679 11700
11732 11710 11709
11732 11709 11731
11811 11907 11908
11811 11908 11812
11817 11777 11776
11817 11776 11818
11897 11844 11843
11897 11843 11898
11812 11908 11909
11874 11878 11875
11801 11668 11667
11801 11667 11802
11746 11674 11677
11746 11677 11747
11744 11734 11733
11744 11733 11741
11791 11783 11786
11791 11786 11792
11900 11857 11860
11900 11860 11899
11668 11801 11821
11910 11887 11827
11701 11684 11687
11728 11712 11711
11728 11711 11725
11907 11758 11757
11907 11757 11908
11775 11778 11780
11775 11780 11779
11846 11845 11840
11846 11840 11839
11911 11912 11913
11911 11913 11914
11714 11713 11915
11714 11915 11916
11763 11766 11917
11763 11917 11918
11919 11795 11798
11919 11798 11920
11921 11889 11892
11921 11892 11922
11923 11924 11925
11837 11836 11926
11837 11926 11927
11925 11836 11923
11925 11926 11836
11697 11696 11928
11697 11928 11929
11930 11931 11738
11930 11738 11737
11932 11933 11672
11932 11672 11671
11856 11934 11813
11856 11813 11816
11935 11835 11838
11935 11838 11936
11937 11836 11835
11916 11915 11931
11916 11931 11930
11918 11917 11933
11918 11933 11932
11856 11919 11920
11856 11920 11934
11922 11938 11921
11929 11928 11912
11929 11912 11911
11937 11835 11939
11835 11935 11939
11937 11923 11836
11875 11879 11876
11940 11878 11877
11940 11877 11941
11883 11906 11880
11879 11942 11871
11829 11895 11830
11942 11872 11871
11829 11896 11895
11828 11830 11850
11872 11905 11873
11894 11870 11869
11870 11867 11866
11808 11886 11893
11812 11909 11852
11824 11919 11856
11943 11795 11919
11824 11943 11919
11854 11762 11761
11796 11943 11854
11909 11908 11853
11806 11893 11865
11810 11852 11851
11854 11853 11756
11943 11796 11795
11701 11687 11702
11903 11902 11914
11903 11914 11913
11765 11764 11904
11819 11765 11904
11901 11944 11704
11901 11716 11715
11901 11715 11944
11796 11761 11760
11796 11760 11797
11908 11757 11853
11881 11941 11877
11864 11863 11900
11945 11946 11947
11945 11947 11948
11948 11947 11949
11948 11949 11950
11949 11951 11952
11953 11954 11952
11950 11949 11952
11950 11952 11954
11884 11955 11885
11955 11956 11885
11885 11883 11882
11923 11957 11924
11951 11958 11952
11959 11960 11961
11959 11961 11962
11670 11673 11963
11670 11963 11964
11965 11966 11967
11965 11967 11968
11969 11970 11971
11969 11971 11972
11968 11967 11973
11968 11973 11974
11975 11976 11977
11975 11977 11978
11979 11980 11981
11979 11981 11982
11983 11984 11985
11983 11985 11986
11974 11973 11980
11974 11980 11979
11987 11988 11989
11987 11989 11990
11991 11992 11993
11986 11985 11970
11986 11970 11969
11977 11994 11995
11977 11995 11978
11996 11997 11998
11996 11998 11999
12000 12001 12002
12000 12002 12003
12004 12005 12006
12004 12006 12007
12008 12009 12010
12008 12010 12011
12012 11999 11998
12012 11998 12013
12014 12015 12011
12014 12011 12010
12016 12017 12018
12016 12018 12019
12009 12008 12020
12009 12020 12021
12022 12023 11997
12022 11997 11996
12021 12020 12024
12021 12024 12025
11735 12026 12027
11735 12027 11736
11739 11989 11988
11739 11988 11740
12028 12029 11743
12028 11743 11742
11745 11748 12030
11745 12030 12031
12032 12033 12034
12032 12034 12035
12018 12036 12037
12018 12037 12019
12038 12039 12040
12038 12040 12041
12042 12043 12044
12042 12044 12045
12046 12047 12048
12046 12048 12049
12050 12051 12052
12050 12052 12053
12054 12055 12056
12054 12056 12057
12058 12059 12060
12058 12060 12061
12062 12063 12064
12062 12064 12065
12066 12067 11785
12066 11785 11784
12068 12069 12070
12068 12070 12071
12072 12073 12074
12072 12074 12075
12069 12053 12052
12069 12052 12070
12076 12077 12078
12076 12078 12079
12080 12081 12082
12080 12082 12083
12084 12080 12083
12084 12083 12085
12086 12084 12085
12086 12085 12087
12088 12086 12087
12088 12087 12089
12090 12032 12035
12090 12035 12091
12092 12090 12091
12092 12091 12093
12094 12095 11815
12094 11815 11814
12071 12074 12073
12071 12073 12068
12096 12056 12055
12096 12055 12097
12063 12098 12099
12063 12099 12064
11961 11960 12100
11961 12100 12101
11815 12095 12102
11815 12102 11823
11825 12103 11826
12104 12105 12106
12107 12108 12109
12107 12109 12110
12111 11838 11837
12111 11837 12112
12113 12114 12115
12113 12115 12116
12117 12118 12119
12117 12119 12120
12121 12122 12123
12121 12123 12124
12091 12035 12125
12093 12091 12126
12041 12040 12127
12043 12041 12128
12083 12082 12101
12083 12101 12129
12095 12130 12102
12131 12132 11859
12131 11859 11858
12133 12115 12114
12133 12114 12134
12124 12108 12107
12124 12107 12121
12109 12135 12136
12109 12136 12110
12087 12085 12137
12138 12139 12140
12141 12138 12142
12143 12144 12145
12146 12147 12148
12149 12146 12150
12147 12143 12151
12152 12149 12153
12154 12152 12155
12156 12154 12157
12158 12125 12035
12158 12035 12034
12129 12137 12085
12129 12085 12083
12159 12139 12160
12161 12162 12163
12161 12163 12164
12089 12087 12165
12144 12141 12166
12167 12168 12169
12167 12169 12170
12079 12044 12128
12171 12172 12135
11983 11982 11981
11983 11981 11984
11995 11994 12173
12013 12015 12014
12013 12014 12012
12033 12088 12089
12033 12089 12034
12036 12174 12175
12036 12175 12037
12038 12041 12043
12038 12043 12042
12050 12054 12057
12050 12057 12051
12099 12098 12176
12123 12122 12104
12134 12164 12163
12134 12163 12133
12177 12144 12166
12178 12152 12153
12158 12034 12089
11992 11991 11972
11992 11972 11971
12023 12022 12000
12023 12000 12003
12092 12093 12179
12092 12179 12180
12096 12097 12061
12096 12061 12060
12169 12168 12117
12169 12117 12120
12093 12181 12179
12146 12148 12150
12082 12081 11962
12082 11962 11961
12031 12030 11966
12031 11966 11965
12029 12028 12025
12029 12025 12024
12072 12075 12067
12072 12067 12066
12172 12171 12132
12172 12132 12131
11961 12101 12082
12160 12103 12159
11993 11976 11975
12017 12016 12002
12017 12002 12001
12180 12179 12040
12180 12040 12039
12058 12062 12065
12058 12065 12059
12118 12113 12116
12118 12116 12119
12182 12183 12184
12182 12184 12185
12007 12186 12187
12007 12187 12004
12046 12188 12189
12046 12189 12047
12190 12191 12077
12190 12077 12076
12192 12193 12162
12192 12162 12161
12194 12195 12196
11837 11927 12197
11837 12197 12112
12195 12194 12112
12195 12112 12197
11990 12198 12199
11990 12199 11987
12200 12027 12026
12200 12026 12201
12202 11964 11963
12202 11963 12203
12130 12095 12094
12130 12094 12204
12205 11936 11838
12205 11838 12111
12206 12111 12112
12186 12200 12201
12186 12201 12187
12188 12202 12203
12188 12203 12189
12130 12204 12191
12130 12191 12190
12193 12192 12207
12198 12182 12185
12198 12185 12199
12206 12208 12111
12111 12208 12205
12206 12112 12194
12148 12147 12151
12209 12210 12149
12209 12149 12150
12155 12152 12178
12151 12143 12211
12106 12105 12167
12211 12143 12145
12106 12167 12170
12104 12122 12105
12145 12144 12177
12166 12141 12142
12142 12138 12140
12089 12165 12158
12093 12126 12181
12102 12130 12190
12212 12190 12076
12102 12190 12212
12128 12044 12043
12079 12128 12212
12181 12127 12179
12087 12137 12165
12091 12125 12126
12128 12041 12127
12212 12076 12079
11993 11992 11976
12174 12184 12183
12174 12183 12175
12048 12176 12049
12099 12176 12048
12173 11994 12213
12173 12006 12005
12173 12213 12006
12079 12078 12045
12079 12045 12044
12179 12127 12040
12153 12149 12210
12135 12172 12136
11945 12214 12215
11945 12215 11946
12214 12216 12217
12214 12217 12215
12217 12218 12219
12220 12218 12221
12216 12221 12218
12216 12218 12217
12156 12157 11955
11955 12157 11956
12157 12154 12155
12194 12196 12222
12219 12218 12223
11826 11910 11827
11867 11888 11868
11887 11910 11868
12103 12160 11826
12139 12224 12140
12159 12224 12139
11602 12225 12226
11602 12226 11603
11606 12227 12225
11606 12225 11602
11603 12226 12228
11603 12228 11607
12229 12227 11606
12229 11606 11610
11607 12228 12230
11607 12230 11611
12231 12229 11610
12231 11610 11614
11611 12230 12232
11611 12232 11615
12233 12231 11614
12233 11614 11618
12234 12235 12236
12234 12236 12237
12238 12239 12240
12238 12240 12241
12234 12237 12242
12234 12242 12243
12244 12245 12246
12244 12246 12247
12248 12249 12250
12248 12250 12251
12252 12249 12248
12252 12248 12253
12241 12240 12254
12241 12254 12255
12256 12245 12244
12256 12244 12257
12258 12259 12236
12258 12236 12235
12260 12261 12262
12260 12262 12263
12258 12264 12265
12258 12265 12259
12266 12267 12268
12266 12268 12269
12270 12271 12272
12270 12272 12273
12271 12270 12252
12271 12252 12253
12261 12255 12254
12261 12254 12262
12267 12266 12256
12267 12256 12257
12274 12275 12276
12274 12276 12277
12278 12279 12280
12278 12280 12281
12282 12283 12279
12282 12279 12278
12284 12285 12283
12284 12283 12282
12286 12287 12285
12286 12285 12284
12281 12280 12288
12281 12288 12289
12290 12291 12292
12290 12292 12293
12289 12288 12291
12289 12291 12290
12294 12295 12296
12294 12296 12297
12298 12299 12300
12298 12300 12301
12302 12303 12304
12302 12304 12305
12277 12298 12301
12277 12301 12274
12302 12305 12297
12302 12297 12296
12275 12306 12307
12275 12307 12276
12308 12309 12295
12308 12295 12294
12310 12311 12312
12310 12312 12313
12314 12313 12312
12314 12312 12315
12314 12315 12293
12314 12293 12292
12316 12317 12318
12316 12318 12319
12320 12321 12322
12320 12322 12323
12321 12324 12325
12321 12325 12322
12324 12326 12327
12324 12327 12325
12326 12328 12329
12326 12329 12327
12330 12320 12323
12330 12323 12331
12332 12333 12334
12332 12334 12335
12333 12330 12331
12333 12331 12334
12336 12337 12338
12336 12338 12339
12340 12341 12342
12340 12342 12343
12344 12345 12346
12344 12346 12347
12343 12342 12319
12343 12319 12318
12339 12347 12346
12339 12346 12336
12348 12349 12317
12348 12317 12316
12337 12350 12351
12337 12351 12338
12352 12353 12354
12352 12354 12355
12352 12355 12356
12352 12356 12357
12335 12357 12356
12335 12356 12332
12358 12359 12360
12359 12361 12362
12359 12362 12360
12360 12362 12363
12358 12360 12364
12360 12363 12365
12360 12365 12364
12364 12365 12366
12358 12364 12367
12364 12366 12368
12364 12368 12367
12367 12368 12369
12358 12367 12359
12367 12369 12370
12367 12370 12359
12359 12370 12361
12371 12372 12373
12372 12374 12375
12372 12375 12373
12373 12375 12376
12371 12377 12372
12377 12378 12379
12377 12379 12372
12372 12379 12374
12371 12380 12377
12380 12381 12382
12380 12382 12377
12377 12382 12378
12371 12373 12380
12373 12376 12383
12373 12383 12380
12380 12383 12381
12384 12385 12386
12385 12387 12388
12385 12388 12386
12386 12388 12389
12384 12386 12390
12386 12389 12391
12386 12391 12390
12390 12391 12392
12384 12390 12393
12390 12392 12394
12390 12394 12393
12393 12394 12395
12384 12393 12385
12393 12395 12396
12393 12396 12385
12385 12396 12387
12397 12398 12399
12398 12400 12401
12398 12401 12399
12399 12401 12402
12397 12403 12398
12403 12404 12405
12403 12405 12398
12398 12405 12400
12397 12406 12403
12406 12407 12408
12406 12408 12403
12403 12408 12404
12397 12399 12406
12399 12402 12409
12399 12409 12406
12406 12409 12407
12410 12411 12412
12412 12413 12414
12412 12411 12413
12411 12415 12413
12410 12416 12411
12411 12417 12415
12411 12416 12417
12416 12418 12417
12410 12419 12416
12416 12420 12418
12416 12419 12420
12419 12421 12420
12410 12412 12419
12419 12422 12421
12419 12412 12422
12412 12414 12422
12423 12424 12425
12425 12426 12427
12425 12424 12426
12424 12428 12426
12423 12425 12429
12429 12430 12431
12429 12425 12430
12425 12427 12430
12423 12429 12432
12432 12433 12434
12432 12429 12433
12429 12431 12433
12423 12432 12424
12424 12435 12428
12424 12432 12435
12432 12434 12435
12436 12437 12438
12438 12439 12440
12438 12437 12439
12437 12441 12439
12436 12442 12437
12437 12443 12441
12437 12442 12443
12442 12444 12443
12436 12445 12442
12442 12446 12444
12442 12445 12446
12445 12447 12446
12436 12438 12445
12445 12448 12447
12445 12438 12448
12438 12440 12448
12449 12450 12451
12451 12452 12453
12451 12450 12452
12450 12454 12452
12449 12451 12455
12455 12456 12457
12455 12451 12456
12451 12453 12456
12449 12455 12458
12458 12459 12460
12458 12455 12459
12455 12457 12459
12449 12458 12450
12450 12461 12454
12450 12458 12461
12458 12460 12461
12462 12463 12464
12462 12464 12465
12466 12467 12468
12466 12468 12469
12470 12469 12471
12470 12471 12472
12473 12474 12462
12473 12462 12475
12476 12477 12478
12476 12478 12479
12480 12481 12482
12480 12482 12468
12483 12484 12485
12483 12485 12486
12487 12488 12484
12487 12484 12483
12489 12484 12488
12489 12488 12490
12491 12492 12493
12491 12493 12494
12495 12496 12497
12495 12497 12498
12499 12500 12493
12499 12493 12492
12501 12502 12503
12501 12503 12504
12501 12504 12497
12501 12497 12496
12505 12506 12507
12505 12507 12508
12509 12503 12502
12509 12502 12510
12511 12512 12513
12511 12513 12514
12478 12473 12475
12478 12475 12479
12508 12507 12500
12508 12500 12499
12515 12516 12506
12515 12506 12505
12517 12518 12477
12517 12477 12476
12476 12519 12520
12476 12520 12517
12463 12462 12474
12463 12474 12521
12470 12522 12466
12470 12466 12469
12480 12468 12467
12480 12467 12523
12465 12524 12475
12465 12475 12462
12524 12525 12479
12524 12479 12475
12526 12499 12492
12526 12492 12527
12528 12527 12492
12528 12492 12491
12529 12530 12466
12529 12466 12522
12530 12529 12498
12530 12498 12497
12531 12532 12504
12531 12504 12503
12533 12483 12486
12533 12486 12534
12535 12487 12483
12535 12483 12533
12536 12537 12477
12536 12477 12518
12477 12537 12538
12477 12538 12478
12499 12526 12538
12499 12538 12508
12519 12476 12479
12519 12479 12525
12523 12486 12485
12523 12485 12480
12534 12486 12523
12534 12523 12531
12527 12474 12473
12527 12473 12526
12521 12474 12527
12521 12527 12528
12523 12467 12532
12523 12532 12531
12513 12533 12534
12513 12534 12509
12512 12535 12533
12512 12533 12513
12515 12505 12537
12515 12537 12536
12537 12505 12508
12537 12508 12538
12526 12473 12478
12526 12478 12538
12531 12503 12509
12531 12509 12534
12480 12485 12539
12480 12539 12481
12464 12463 12470
12464 12470 12472
12513 12509 12510
12513 12510 12514
12491 12494 12495
12491 12495 12498
12529 12528 12491
12529 12491 12498
12522 12521 12528
12522 12528 12529
12463 12521 12522
12463 12522 12470
12489 12539 12485
12489 12485 12484
12468 12482 12471
12468 12471 12469
12530 12532 12467
12530 12467 12466
12497 12504 12532
12497 12532 12530
12540 12541 12472
12540 12472 12471
12541 12542 12464
12541 12464 12472
12543 12544 12524
12543 12524 12465
12544 12545 12525
12544 12525 12524
12545 12546 12519
12545 12519 12525
12546 12547 12520
12546 12520 12519
12548 12549 12489
12548 12489 12490
12549 12550 12539
12549 12539 12489
12550 12551 12481
12550 12481 12539
12551 12552 12482
12551 12482 12481
12552 12540 12471
12552 12471 12482
12543 12465 12464
12543 12464 12542
12553 12554 12555
12556 12557 12558
12559 12560 12561
12559 12561 12562
12563 12564 12565
12563 12565 12566
12567 12568 12569
12567 12569 12570
12571 12572 12573
12571 12573 12574
12575 12576 12577
12575 12577 12578
12579 12580 12581
12579 12581 12582
12583 12584 12568
12583 12568 12567
12567 12574 12585
12567 12585 12583
12586 12587 12588
12586 12588 12589
12590 12591 12592
12590 12592 12593
12594 12595 12596
12594 12596 12597
12598 12589 12588
12598 12588 12599
12600 12601 12602
12600 12602 12603
12604 12605 12606
12604 12606 12607
12608 12594 12597
12608 12597 12609
12610 12611 12590
12610 12590 12612
12613 12614 12615
12616 12617 12618
12616 12618 12619
12620 12621 12622
12620 12622 12623
12624 12625 12626
12624 12626 12627
12628 12629 12630
12628 12630 12631
12632 12598 12599
12632 12599 12633
12602 12634 12635
12602 12635 12603
12636 12604 12607
12636 12607 12637
12628 12608 12609
12628 12609 12629
12624 12611 12610
12624 12610 12638
12639 12622 12621
12639 12621 12640
12614 12641 12615
12642 12643 12644
12642 12644 12645
12646 12647 12648
12646 12648 12649
12644 12643 12650
12644 12650 12651
12652 12653 12654
12652 12654 12655
12656 12657 12658
12656 12658 12659
12660 12661 12662
12660 12662 12663
12664 12665 12666
12667 12668 12669
12667 12669 12670
12671 12672 12673
12671 12673 12674
12648 12675 12676
12648 12676 12649
12650 12672 12671
12650 12671 12651
12652 12655 12677
12652 12677 12678
12679 12657 12680
12679 12680 12681
12682 12683 12684
12685 12686 12687
12670 12688 12667
12689 12690 12691
12689 12691 12692
12693 12694 12695
12693 12695 12696
12697 12698 12699
12697 12699 12700
12701 12702 12690
12701 12690 12689
12696 12703 12704
12696 12704 12705
12706 12707 12708
12706 12708 12709
12710 12711 12712
12710 12712 12713
12714 12715 12639
12714 12639 12640
12716 12717 12718
12719 12720 12641
12721 12722 12723
12724 12725 12726
12724 12726 12727
12728 12729 12730
12728 12730 12731
12702 12701 12732
12702 12732 12733
12734 12703 12735
12734 12735 12736
12737 12738 12739
12737 12739 12740
12706 12709 12729
12706 12729 12728
12711 12741 12725
12711 12725 12724
12742 12743 12744
12742 12744 12745
12746 12744 12747
12746 12747 12748
12749 12750 12717
12751 12752 12720
12753 12744 12743
12753 12743 12754
12755 12756 12757
12755 12757 12758
12759 12760 12761
12759 12761 12762
12763 12764 12765
12763 12765 12766
12767 12768 12769
12767 12769 12770
12760 12771 12772
12760 12772 12761
12757 12773 12774
12757 12774 12775
12776 12777 12778
12747 12777 12779
12747 12779 12748
12780 12781 12782
12751 12783 12752
12784 12785 12786
12784 12786 12787
12788 12789 12790
12788 12790 12791
12792 12766 12765
12792 12765 12793
12794 12795 12767
12794 12767 12770
12772 12788 12796
12772 12796 12782
12784 12773 12797
12784 12797 12785
12798 12776 12778
12782 12796 12799
12800 12801 12802
12800 12802 12803
12804 12805 12806
12807 12808 12809
12807 12809 12810
12811 12812 12813
12811 12813 12814
12815 12816 12817
12815 12817 12818
12819 12820 12821
12822 12823 12824
12822 12824 12825
12826 12825 12824
12826 12824 12827
12828 12829 12830
12828 12830 12831
12814 12832 12833
12814 12833 12811
12816 12815 12834
12816 12834 12835
12836 12837 12838
12836 12838 12839
12840 12841 12842
12840 12842 12843
12844 12845 12554
12844 12554 12846
12845 12847 12848
12845 12848 12849
12850 12844 12846
12850 12846 12851
12555 12849 12852
12853 12563 12854
12853 12855 12563
12856 12820 12857
12856 12857 12858
12858 12859 12860
12858 12860 12861
12862 12863 12864
12865 12866 12867
12865 12867 12868
12865 12868 12869
12865 12869 12870
12871 12872 12873
12871 12873 12874
12870 12871 12874
12870 12874 12875
12876 12877 12878
12876 12878 12879
12880 12881 12882
12880 12882 12883
12884 12885 12886
12884 12886 12887
12887 12886 12888
12887 12888 12889
12750 12890 12891
12750 12891 12892
12889 12893 12740
12889 12740 12739
12894 12895 12781
12894 12781 12780
12896 12897 12898
12896 12898 12899
12799 12900 12901
12799 12901 12902
12770 12897 12903
12770 12903 12794
12904 12905 12906
12904 12906 12907
12905 12908 12774
12905 12774 12906
12909 12908 12771
12909 12771 12760
12910 12911 12912
12910 12912 12913
12914 12909 12760
12914 12760 12759
12764 12915 12910
12764 12910 12765
12916 12917 12612
12916 12612 12918
12612 12917 12919
12612 12919 12610
12638 12620 12623
12638 12623 12920
12610 12919 12620
12610 12620 12638
12921 12922 12923
12921 12923 12705
12924 12925 12741
12924 12741 12926
12925 12927 12725
12925 12725 12741
12646 12928 12929
12646 12929 12930
12646 12649 12931
12646 12931 12928
12932 12656 12659
12932 12659 12933
12934 12676 12935
12934 12935 12936
12676 12934 12931
12676 12931 12649
12937 12938 12656
12937 12656 12932
12939 12688 12940
12939 12940 12941
12621 12723 12722
12621 12722 12640
12722 12942 12714
12722 12714 12640
12943 12629 12609
12943 12609 12944
12944 12609 12597
12944 12597 12945
12946 12592 12591
12946 12591 12945
12947 12948 12709
12947 12709 12708
12948 12949 12729
12948 12729 12709
12950 12951 12952
12950 12952 12953
12954 12955 12956
12954 12956 12957
12958 12959 12679
12958 12679 12681
12954 12960 12651
12954 12651 12671
12961 12959 12962
12961 12962 12963
12960 12964 12965
12960 12965 12966
12967 12645 12644
12967 12644 12966
12968 12969 12970
12968 12970 12971
12968 12972 12973
12968 12973 12974
12975 12976 12977
12975 12977 12978
12979 12980 12981
12979 12981 12982
12983 12984 12985
12983 12985 12986
12987 12988 12983
12987 12983 12986
12989 12990 12991
12989 12991 12992
12993 12994 12992
12993 12992 12991
12995 12996 12997
12995 12997 12998
12997 12996 12999
12997 12999 13000
13001 13002 13003
13001 13003 13004
13005 13006 13007
13005 13007 13008
13009 13010 12808
13009 12808 12807
13011 13012 13013
13011 13013 13014
13015 13016 12815
13015 12815 12818
13017 12830 12829
13017 12829 13018
12833 13019 13012
12833 13012 12811
12815 13016 13020
12815 13020 12834
13021 13022 13023
13021 13023 12666
12562 13024 13025
12562 13025 13026
12562 12561 13027
12562 13027 13024
12857 12820 13028
12857 13028 13029
12574 12567 12570
12574 12570 12571
12573 12572 13030
12778 13031 12798
13032 13033 12971
13032 12971 12970
13034 13035 12974
13034 12974 12973
12657 12679 13036
12657 13036 12658
12656 12938 12680
12656 12680 12657
12965 12647 13037
12965 13037 13038
13039 12675 12957
13039 12957 12956
12611 13040 12591
12611 12591 12590
12627 13040 12611
12627 12611 12624
12926 12741 12711
12926 12711 12710
12712 12711 12724
12712 12724 13041
12756 12797 12773
12756 12773 12757
12906 12774 12773
12906 12773 12784
13042 13043 12817
13042 12817 12816
13042 12816 12835
13042 12835 13044
12724 12727 13045
12724 13045 13041
12757 12775 13046
12757 13046 12758
13047 13048 12594
13047 12594 12608
12628 12882 13047
12628 13047 12608
12654 12963 12962
12654 12962 12655
12655 12962 13049
12655 13049 12677
12717 12716 12707
12717 12707 12706
12717 12706 12728
12717 12728 12749
12782 12781 12761
12782 12761 12772
12771 12789 12788
12771 12788 12772
12883 12882 12628
12883 12628 12631
13050 12749 12728
13050 12728 12731
12761 12781 12895
12761 12895 12762
12917 12618 12617
12917 12617 12919
12617 12621 12620
12617 12620 12919
12660 12939 13051
12660 13051 12661
13052 12714 12743
13052 12743 12742
13053 13054 13055
13053 13055 13056
12844 13057 12721
12669 13058 12670
12670 13058 12849
12670 12849 12848
13059 13060 12580
12573 13061 12585
12573 12585 12574
12573 13062 13063
12573 13063 13061
13064 13065 13066
13064 13066 13067
12616 12619 12847
12667 12660 12663
12667 12663 12668
12939 12660 12667
12939 12667 12688
12804 12753 12754
12804 12754 13057
12666 13023 13068
12845 12721 12847
13069 12585 13061
13069 13061 13070
12578 13071 13072
12578 13072 12575
13073 13071 12578
13073 12578 13074
13073 13074 13075
13073 13075 13076
13077 13078 12584
13077 12584 12583
12585 13069 13077
12585 13077 12583
12752 12783 12854
12752 12854 13079
12752 13079 12641
12857 13080 12859
12857 12859 12858
13081 13080 12857
13081 12857 13029
13082 13083 12837
13082 12837 12836
12823 13084 13085
12823 13085 12824
12653 12652 13086
13087 12652 13088
13035 13089 12869
13035 12869 12969
12868 12970 12969
12868 12969 12869
12868 12867 13032
12868 13032 12970
13034 13090 13089
13034 13089 13035
12876 13048 13047
13047 12882 12881
13091 12977 12976
13091 12976 13092
12878 12877 13093
13094 13095 13096
13097 12979 12982
13097 12982 13098
13099 12994 12993
13099 12993 13100
13101 13102 13103
13104 13105 13106
13107 12985 12984
13107 12984 13108
13109 13110 13111
13112 12892 12891
12988 13113 12888
12988 12888 12983
12888 12886 12984
12888 12984 12983
12886 12885 13108
12886 13108 12984
13114 13115 13116
12687 13117 13118
12981 13119 13120
12981 13120 12982
12980 12975 12978
12980 12978 13121
12862 13122 13123
13124 12987 12986
13124 12986 13125
13125 12986 12985
13125 12985 13107
13106 13126 13127
13100 12993 12991
13100 12991 13128
13129 13130 12990
13129 12990 12989
12990 13130 13128
12990 13128 12991
12988 12987 13124
12988 13124 13131
12901 13132 12902
12992 12994 13133
12992 13133 12896
12899 12989 12992
12899 12992 12896
13134 13135 13136
13137 13138 13139
12662 13140 13141
12662 13141 12663
13142 13143 12933
13142 12933 12659
12658 13144 13142
12658 13142 12659
12961 12963 13145
12961 13145 13146
12654 13147 13145
12654 13145 12963
13148 13149 12653
13148 12653 13086
13150 13151 13152
12654 12653 13149
12654 13149 13147
12682 12664 13153
12682 13153 12683
12666 13068 13154
13155 13156 13157
13155 13157 13158
12719 13159 13160
12719 13160 12720
12732 13161 13162
12732 13162 12733
12658 13036 13163
12658 13163 13144
13164 13015 12818
13164 12818 13165
12817 13166 13165
12817 13165 12818
13167 13168 13043
13167 13043 13169
13170 13171 13172
13025 13173 13174
13025 13174 13026
13175 13028 12820
13175 12820 12819
12810 12809 12998
12810 12998 12997
12814 12813 13000
12814 13000 13008
13007 13004 12831
13007 12831 12832
12828 12831 13004
12828 13004 13003
12817 13043 13168
12817 13168 13166
13176 13177 13178
13178 13179 13180
12835 13181 13182
12835 13182 13044
12835 12834 13183
12835 13183 13181
13184 13183 12834
13184 12834 13020
12784 12787 12907
12784 12907 12906
12788 12791 13185
12788 13185 12796
12802 13186 13187
12802 13187 12803
13188 13189 13190
13188 13190 12792
12913 13191 13192
12913 13192 12793
13193 13194 12912
13193 12912 12795
12903 13133 13195
12903 13195 13196
13133 12994 13099
13133 13099 13195
13197 13198 13199
13088 13200 13199
13088 13199 13198
13201 13202 12678
13201 12678 12677
12677 13049 13203
12677 13203 13201
13204 12958 12681
13204 12681 13205
12680 13206 13205
12680 13205 12681
12680 12938 13207
12680 13207 13206
13208 13207 12938
13208 12938 12937
13051 12939 13209
13051 13209 13210
13209 12939 12941
13209 12941 13211
13212 13211 12941
13212 12941 12618
12920 12625 12624
12920 12624 12638
13213 12595 12594
13213 12594 13048
13214 13215 13091
13214 13091 13092
12606 12605 13216
12606 13216 13217
13218 13219 13220
13218 13220 13221
13222 13218 13221
13222 13221 12601
12587 13223 12600
12587 12600 12588
12916 13212 12618
12916 12618 12917
12555 12554 12845
12555 12845 12849
12804 13224 12805
12844 12850 13057
12563 13225 12854
12849 13058 12852
13067 12852 13058
13226 12633 12635
13226 12635 13227
12635 12634 13228
12635 13228 13227
13229 13230 13231
13229 13231 12636
13232 13098 13233
13232 13233 13234
13120 13233 12982
12746 13235 12745
12746 12745 12744
13236 12924 12926
13236 12926 13237
12710 13238 13237
12710 13237 12926
12710 12713 13239
12710 13239 13238
12713 12947 13240
12713 13240 13239
12707 13241 13242
12707 13242 12708
12707 12716 13243
12707 13243 13241
13244 13243 12716
13244 12716 12718
13245 13246 13247
13052 13248 12715
13052 12715 12714
13249 13250 13251
13249 13251 12734
13252 13253 13254
13252 13254 12737
12893 13113 13255
12893 13255 13256
13131 13255 13113
13131 13113 12988
13257 13258 12783
13257 12783 13259
13260 12776 12797
13260 12797 12756
12755 13261 13260
12755 13260 12756
13262 12801 13055
13262 13055 13263
12802 12801 13262
12802 13262 13190
13189 13186 12802
13189 12802 13190
12785 12798 13264
12785 13264 12786
12776 12798 12785
12776 12785 12797
13265 12989 12899
12898 13266 13265
12898 13265 12899
13267 13268 12769
13267 12769 12768
12915 13269 13270
12915 13270 13271
13272 13273 12764
13272 12764 12763
13263 13055 13054
13263 13054 13274
13261 12779 12777
13261 12777 13260
13275 12949 13041
13275 13041 13045
13276 13277 13278
13276 13278 12736
13279 13276 12736
13279 12736 12735
13279 12950 12953
13279 12953 13280
13281 12927 12745
13281 12745 13235
13282 13283 13161
13282 13161 12732
13284 13282 12732
13284 12732 12701
13284 12921 12705
13284 12705 12704
13285 13232 12637
13285 12637 12607
13286 12943 12627
13286 12627 12626
13287 13288 13289
13287 13289 13290
13291 13287 13290
13291 13290 13292
13220 13291 13292
13220 13292 13221
12599 12603 12635
12599 12635 12633
12600 12603 12599
12600 12599 12588
12918 12612 12590
12918 12590 12593
13293 13294 13103
13037 12647 12646
13037 12646 12930
13295 12643 12642
13295 12642 13296
12738 13280 12953
12738 12953 12700
12673 12672 12874
12673 12874 12873
12676 12675 13039
12676 13039 12935
13297 13298 13299
13297 13299 13300
13063 13301 13070
13063 13070 13061
12812 12807 12810
12812 12810 12813
12827 12842 12841
12827 12841 12826
13011 13009 12807
13011 12807 12812
12813 12810 12997
12813 12997 13000
12560 12559 13302
12618 12941 12940
12618 12940 12619
12942 12754 12743
12942 12743 12714
12942 13057 12754
12723 12847 12721
12621 12617 12616
12621 12616 12723
13303 12747 12744
13303 12744 12753
12804 13303 12753
12777 12747 13303
12777 13303 12806
12832 12831 12830
12832 12830 12833
12843 12836 12839
12843 12839 12840
12840 12839 13001
12840 13001 13006
13017 13304 13305
13017 13305 13019
12832 12814 13008
12832 13008 13007
13306 13082 12836
13306 12836 12843
13307 13308 12842
13307 12842 12827
13309 12582 12581
13309 12581 13310
13224 12850 13311
12581 13060 13312
12581 13312 13310
12805 13224 13313
12805 13313 13314
13225 12563 12566
13225 12566 13315
13316 13317 13318
13316 13318 13319
13320 13319 13318
13321 13322 13323
13321 13323 13324
13324 13079 13325
13323 12615 13326
12664 12682 12613
12664 12613 12665
13327 12614 12613
13327 12613 13328
13329 13330 12682
13329 12682 12684
13328 13330 13329
13328 13329 12586
12719 12614 13327
12719 13327 13155
12633 13226 13156
12633 13156 12632
12691 13159 13158
12691 13158 13157
13331 12751 12720
13331 12720 13160
13332 13333 13331
13332 13331 13162
13056 13055 12801
13056 12801 12800
13334 13333 13332
13334 13332 13053
13330 12613 12682
12719 13158 13159
12751 13333 13334
13033 12972 12968
13033 12968 12971
13035 12969 12968
13035 12968 12974
13335 13336 13337
13335 13337 13338
13336 13339 13197
13340 13198 13197
13340 13197 13341
13198 13340 13342
13343 13152 13151
13343 13151 13344
13152 13345 13346
13338 13337 13346
13338 13346 13347
13348 12687 13349
13350 13351 13352
12686 13353 12687
13354 13355 13350
12980 13121 13119
12980 13119 12981
13356 13357 13358
13356 13358 13359
13357 13360 13096
13361 13094 13096
13361 13096 13362
13094 13361 13363
13364 13093 12877
13364 12877 13365
13093 13366 13367
13359 13358 13367
13359 13367 13368
13369 12862 13370
13371 13372 13373
12864 13374 12862
13375 13376 13371
13285 12607 12606
13285 12606 13214
12979 13097 13092
12979 13092 12976
12975 12980 12979
12975 12979 12976
13377 13247 13246
13377 13246 13378
13379 13380 13247
13379 13247 13381
13382 13383 13380
13382 13380 13379
13384 13385 13383
13384 13383 13382
13386 13112 13385
13386 13385 13384
13387 12892 13112
13387 13112 13388
12892 13387 13389
13390 13106 13391
13392 13393 13394
13394 13395 13396
13105 13397 13106
13134 13398 13135
13399 13400 13135
13399 13135 13401
13402 13403 13400
13402 13400 13399
13404 13405 13403
13404 13403 13402
13406 13132 13405
13406 13405 13404
13132 13407 12902
13408 13103 13409
13410 13139 13411
13412 13413 13414
13414 13415 13416
13102 13417 13103
13418 13419 12819
13418 12819 12821
12558 13420 13421
12558 13421 12556
13422 13175 12819
13422 12819 13419
13174 13173 13423
13174 13423 13424
13425 13426 13427
13026 13174 13427
13026 13427 13426
12615 12665 12613
13307 12827 12824
13307 12824 13085
12843 12842 13308
12843 13308 13306
13428 13429 13308
13428 13308 13307
13307 13085 13084
13307 13084 13428
13306 13308 13429
13306 13429 13430
13430 13083 13082
13430 13082 13306
13172 13431 13432
13433 13434 13432
13433 13432 13435
13436 13437 13434
13436 13434 13433
13438 13439 13437
13438 13437 13436
13440 13441 13439
13440 13439 13438
13441 13442 13176
13443 13444 13169
13445 13116 13446
13447 13116 13448
13448 13116 13449
13450 13451 13452
13453 13454 13452
13453 13452 13451
13455 13456 13454
13455 13454 13453
13456 13455 13457
12821 12556 13421
12821 13421 13418
13297 13300 12575
13297 12575 13072
12560 13302 13458
12560 13458 13459
13027 12561 13460
12668 12663 13141
12668 13141 13461
12669 12668 13461
12669 13461 13462
12669 13064 13058
12665 13021 12666
13067 13058 13064
13424 13423 13010
13424 13010 13009
12812 12811 13012
12812 13012 13011
13015 13419 13418
13015 13418 13016
13018 13463 13304
13018 13304 13017
13305 13013 13012
13305 13012 13019
13016 13418 13421
13016 13421 13020
13422 13419 13015
13422 13015 13164
13020 13421 13420
13020 13420 13184
13014 13424 13009
13014 13009 13011
13019 12833 12830
13019 12830 13017
13464 13465 13323
12559 13426 13322
12559 13322 13321
12559 13026 13426
13321 13324 13466
13321 13466 13302
13321 13302 12559
12559 12562 13026
12858 12861 12557
12858 12557 12856
13425 13427 13014
13425 13014 13013
13174 13424 13014
13174 13014 13427
13013 13305 13467
13013 13467 13425
13468 13258 13469
12854 12783 13258
12854 13258 12853
12615 13465 12665
13465 13470 12665
13320 13458 13315
12555 13471 12553
13471 12555 12860
12571 12859 13080
12571 13080 12572
12557 12556 12856
12576 12575 13300
12576 13300 13472
13081 12572 13080
13225 13325 12854
13460 12561 13459
13472 13300 13299
13472 13299 13473
13067 13066 12558
13067 12558 12557
13067 12557 12861
12553 13474 12846
12553 12846 12554
13474 13475 12851
13474 12851 12846
13475 13476 13477
13475 13477 12851
13466 13458 13302
13154 13153 12664
13154 12664 12666
12848 12940 12688
13478 13467 13305
13478 13305 13304
13478 13479 13480
13478 13480 13481
13304 13463 13479
13304 13479 13478
13481 13464 13467
13481 13467 13478
12571 13471 12859
13469 13258 13257
12805 13314 13031
12805 13031 12778
12805 12778 12806
13465 13464 13481
13465 13481 13470
12671 12674 12955
12671 12955 12954
12958 13049 12962
12958 12962 12959
12957 12964 12960
12957 12960 12954
12961 13036 12679
12961 12679 12959
12966 12644 12651
12966 12651 12960
12966 12965 13038
12966 13038 12967
13146 13163 13036
13146 13036 12961
13204 13203 13049
13204 13049 12958
12932 12933 12662
12932 12662 12661
13482 13483 12929
13482 12929 12928
13484 13482 12928
13484 12928 12931
13485 13486 12934
13485 12934 12936
13486 13484 12931
13486 12931 12934
12661 13051 12937
12661 12937 12932
12933 13143 13140
12933 13140 12662
13051 13210 13208
13051 13208 12937
13319 13320 13315
13319 13315 12566
13316 13319 12566
13316 12566 12565
13324 13325 13466
13315 13458 13466
13466 13225 13315
13467 13464 13323
13467 13323 13322
13467 13322 13425
13079 13324 13326
12854 13325 13079
13465 12615 13323
13326 13324 13323
12904 12790 12789
12904 12789 12905
12789 12771 12908
12789 12908 12905
12909 12775 12774
12909 12774 12908
12913 12793 12765
12913 12765 12910
12914 13046 12775
12914 12775 12909
13271 12911 12910
13271 12910 12915
12913 12912 13194
12913 13194 13191
12915 12764 13273
12915 13273 13269
12897 12770 12769
12897 12769 12898
12896 13133 12903
12896 12903 12897
12947 12713 12712
12947 12712 12948
12712 13041 12949
12712 12949 12948
12950 12695 12694
12950 12694 12951
12947 12708 13242
12947 13242 13240
13275 12730 12729
13275 12729 12949
13276 13254 13253
13276 13253 13277
13279 13280 13254
13279 13254 13276
13279 12735 12695
13279 12695 12950
12921 12689 12692
12921 12692 12922
12924 13052 12742
12924 12742 12925
12742 12745 12927
12742 12927 12925
13248 13052 12924
13248 12924 13236
13281 12726 12725
13281 12725 12927
13251 13250 13283
13251 13283 13282
12704 13251 13282
12704 13282 13284
13284 12701 12689
13284 12689 12921
12889 12739 12699
12889 12699 12887
12888 13113 12893
12888 12893 12889
12944 13040 12627
12944 12627 12943
12945 12591 13040
12945 13040 12944
12945 12597 12596
12945 12596 12946
13487 13488 13220
13487 13220 13219
13286 12630 12629
13286 12629 12943
13287 13231 13230
13287 13230 13288
13489 13231 13287
13489 13287 13291
13488 13489 13291
13488 13291 13220
13097 13098 13232
13097 13232 13285
13214 13092 13097
13214 13097 13285
12870 12875 13295
12870 13295 12865
12869 13089 12871
12869 12871 12870
12586 12589 13328
13327 13328 12589
13327 12589 12598
13155 13327 12598
13155 12598 12632
12632 13156 13155
12691 12690 13159
12702 13160 13159
12702 13159 12690
12733 13331 13160
12733 13160 12702
12733 13162 13331
13486 13485 12684
13486 12684 12683
13484 13486 12683
13484 12683 13153
13482 13484 13153
13482 13153 13154
13483 13482 13154
13483 13154 13068
13053 13056 13334
13334 12800 13259
12996 12825 12826
12996 12826 12999
12841 12840 13006
12841 13006 13005
12999 12826 12841
12999 12841 13005
13004 13007 13006
13004 13006 13001
13490 13491 13492
12647 12965 12964
12647 12964 12648
12964 12957 12675
12964 12675 12648
13489 13488 12605
13489 12605 12604
13231 13489 12604
13231 12604 12636
12637 13493 13229
12637 13229 12636
13488 13487 13216
13488 13216 12605
13221 13292 12602
13221 12602 12601
13292 13290 12634
13292 12634 12602
12643 13295 12875
12643 12875 12650
12875 12874 12672
12875 12672 12650
12695 12735 12703
12695 12703 12696
13251 12704 12703
13251 12703 12734
12737 13254 13280
12737 13280 12738
12766 13262 13263
12766 13263 12763
12911 13271 12768
12911 12768 12767
12792 13190 13262
12792 13262 12766
12795 12912 12911
12795 12911 12767
12700 12699 12739
12700 12739 12738
12953 12952 12697
12953 12697 12700
12740 13494 13252
12740 13252 12737
12705 12923 12693
12705 12693 12696
12736 13278 13249
12736 13249 12734
12600 13223 13222
12600 13222 12601
13290 13289 13228
13290 13228 12634
12793 13192 13188
12793 13188 12792
12794 13495 13193
12794 13193 12795
13271 13270 13267
13271 13267 12768
13263 13274 13272
13263 13272 12763
12800 12803 13259
12580 12579 13496
12580 13496 13490
12579 12584 13078
12579 13078 13496
12582 12568 12584
12582 12584 12579
13309 12569 12568
13309 12568 12582
13309 13474 12553
13477 13476 13497
13477 13497 13498
13499 13500 13312
13499 13312 13060
13060 13501 13499
13224 13502 13313
13224 13311 13502
13309 13310 13475
13309 13475 13474
13310 13312 13476
13310 13476 13475
13312 13500 13497
13312 13497 13476
12578 12577 13318
12578 13318 13074
13317 13075 13074
13317 13074 13318
12555 12852 12860
13067 12861 12860
13067 12860 12852
13470 13481 13480
13470 13480 13503
13490 13492 12580
13501 13492 13491
13259 12751 13334
13504 13344 13151
13505 13365 12877
13506 13378 13246
13177 13507 13179
13167 13169 13170
12822 12825 12996
12822 12996 12995
13044 13182 13180
13044 13180 13179
12839 12838 13002
12839 13002 13001
13042 13044 13179
13042 13179 13443
13151 13150 13148
13151 13148 13086
13295 13296 12866
13295 12866 12865
12678 13202 13200
12678 13200 13088
13089 13090 12872
13089 12872 12871
13086 13504 13151
13088 12652 12678
13342 13088 13198
13086 12652 13087
13213 13048 12876
13213 12876 12879
13095 13094 12881
13095 12881 12880
12606 13217 13215
12606 13215 13214
13493 12637 13232
13493 13232 13234
12876 13505 12877
12881 13094 13363
12876 13047 13508
12881 13508 13047
12749 13050 12890
12749 12890 12750
13246 13245 13244
13246 13244 12718
12718 13506 13246
12717 12750 13509
12718 12717 13509
13389 12750 12892
12699 12698 12884
12699 12884 12887
13494 12740 12893
13494 12893 13256
13134 13136 12894
13134 12894 12780
12796 13185 12900
12796 12900 12799
13495 12794 12903
13495 12903 13196
12769 13268 13266
12769 13266 12898
12780 13510 13134
12799 12902 13511
12780 12782 13512
12799 13512 12782
13139 13513 13411
13138 13513 13139
13110 13514 13111
13515 13516 13110
13517 13110 13518
13519 13520 13521
13519 13522 13523
13523 13524 13519
13525 13519 13526
13527 13528 13529
13527 13530 13531
13531 13532 13527
13533 13527 13534
13535 13536 13537
13535 13538 13539
13171 13431 13172
13442 13177 13176
13115 13540 13535
13535 13539 13449
12687 13527 12685
13118 13527 12687
13339 13341 13197
13343 13345 13152
12862 13519 12863
13123 13519 12862
13360 13362 13096
13364 13366 13093
13106 13110 13104
13127 13110 13106
13377 13381 13247
13386 13388 13112
13103 13139 13101
13294 13139 13103
13398 13401 13135
13406 13407 13132
13265 13129 12989
13366 13368 13367
13357 13356 13360
13233 13098 12982
13345 13347 13346
13336 13335 13339
13431 13435 13432
13441 13440 13442
13443 13541 13444
13507 13541 13443
13169 13043 13042
13169 13042 13443
13178 13177 13179
13507 13443 13179
13444 13171 13169
13169 13171 13170
13115 13535 13116
13116 13535 13449
12881 13363 13508
13508 13505 12876
13088 13342 13087
13087 13504 13086
12750 13389 13509
13509 13506 12718
13389 13542 13509
13509 13542 13506
12799 13511 13512
13512 13510 12780
13139 13410 13101
13294 13137 13139
13408 13293 13103
13417 13409 13103
13511 13543 13512
13512 13543 13510
13134 13510 13398
13407 13511 12902
13369 13122 12862
13374 13370 12862
13371 13544 13372
13376 13544 13371
13393 13545 13394
13394 13545 13395
13413 13546 13414
13414 13546 13415
13350 13547 13351
13355 13547 13350
13109 13515 13110
13110 13517 13514
13110 13516 13104
13127 13518 13110
13390 13126 13106
13397 13391 13106
13519 13525 13520
13519 13521 13522
13519 13524 12863
13123 13526 13519
13363 13548 13508
13508 13548 13505
13348 13117 12687
13353 13349 12687
13527 13533 13528
13527 13529 13530
13527 13532 12685
13118 13534 13527
13342 13549 13087
13087 13549 13504
13445 13114 13116
13447 13446 13116
13535 13540 13536
13535 13537 13538
13330 13328 12613
12719 13155 13158
12751 13331 13333
12721 12942 12722
12804 12806 13303
12848 12619 12940
12776 13260 12777
13031 13264 12798
12778 12777 12806
12804 12850 13224
12850 12851 13311
13334 13056 12800
13259 12803 13257
13257 12803 13187
13257 13187 13469
12751 13259 12783
12665 13470 13021
13470 13503 13022
13470 13022 13021
13462 13065 12669
12669 13065 13064
13468 12853 13258
12853 13468 12855
12615 12641 13326
13225 13466 13325
12563 12855 12564
13498 13502 13311
13498 13311 13477
13477 13311 12851
12556 12821 12856
12820 12856 12821
13471 12860 12859
13309 12553 12569
12553 13471 12570
12553 12570 12569
12570 13471 12571
12845 12844 12721
12850 12804 13057
12720 12752 12641
13079 13326 12641
12614 12719 12641
13425 13322 13426
13081 13030 12572
12573 13030 13062
13460 13459 13472
13460 13472 13473
13459 13458 12576
13459 12576 13472
12576 13458 13320
12576 13320 12577
12577 13320 13318
13005 13008 13000
13005 13000 12999
13492 13059 12580
13501 13059 13492
13060 12581 12580
13060 13059 13501
12670 12848 12688
12619 12848 12847
12942 12721 13057
12723 12616 12847
13550 13551 13552
13550 13552 13553
13554 13550 13553
13554 13553 13555
13556 13554 13555
13556 13555 13557
13558 13559 13556
13558 13556 13557
13560 13561 13562
13560 13562 13563
13564 13565 13561
13564 13561 13560
13566 13567 13565
13566 13565 13564
13568 13567 13566
13568 13566 13569
13570 13568 13569
13570 13569 13571
13572 13570 13571
13572 13571 13573
13574 13572 13573
13574 13573 13575
13551 13574 13575
13551 13575 13552
13576 13577 13551
13576 13551 13550
12493 12500 13553
12493 13553 13552
13578 13576 13550
13578 13550 13554
12500 12507 13555
12500 13555 13553
13579 13578 13554
13579 13554 13556
12507 12506 13557
12507 13557 13555
13559 13580 13579
13559 13579 13556
13557 12506 12516
13557 12516 13558
13561 13581 13582
13561 13582 13562
13563 12511 12514
13563 12514 13560
13565 13583 13581
13565 13581 13561
13560 12514 12510
13560 12510 13564
13584 13583 13565
13584 13565 13567
13564 12510 12502
13564 12502 13566
13585 13584 13567
13585 13567 13568
12502 12501 13569
12502 13569 13566
13586 13585 13568
13586 13568 13570
12501 12496 13571
12501 13571 13569
13587 13586 13570
13587 13570 13572
12496 12495 13573
12496 13573 13571
13588 13587 13572
13588 13572 13574
12495 12494 13575
12495 13575 13573
13577 13588 13574
13577 13574 13551
12494 12493 13552
12494 13552 13575
13459 12561 12560
13589 13590 13591
13589 13591 13592
13593 13594 13595
13593 13595 13596
13597 13598 13599
13597 13599 13600
13601 13602 13603
13601 13603 13604
13605 13606 13607
13605 13607 13608
13590 13609 13610
13590 13610 13591
13611 13612 13613
13611 13613 13614
13613 13612 13615
13613 13615 13616
13617 13618 13619
13617 13619 13620
13596 13621 13622
13596 13622 13623
13615 13624 13625
13615 13625 13616
13606 13611 13614
13606 13614 13607
13626 13627 13595
13626 13595 13600
13628 13629 13630
13628 13630 13631
13594 13597 13600
13594 13600 13595
13592 13591 13608
13592 13608 13632
13609 13590 13623
13609 13623 13622
13602 13633 13610
13602 13610 13609
13634 13635 13612
13634 13612 13611
13636 13635 13637
13636 13637 13638
13621 13596 13595
13621 13595 13627
13620 13603 13622
13620 13622 13621
13639 13636 13638
13639 13638 13640
13617 13627 13626
13617 13626 13628
13600 13599 13641
13600 13641 13626
13608 13591 13610
13608 13610 13605
13605 13642 13643
13605 13643 13606
13643 13634 13611
13643 13611 13606
13642 13605 13610
13642 13610 13633
13644 13593 13645
13644 13645 13646
13646 13645 13589
13646 13589 13647
13648 13632 13649
13648 13649 13650
13651 13652 13653
13651 13653 13654
13650 13649 13655
13650 13655 13656
13656 13655 13652
13656 13652 13651
13653 13657 13658
13653 13658 13654
13592 13659 13647
13592 13647 13589
13644 13660 13594
13644 13594 13593
13661 13662 13598
13661 13598 13597
13660 13661 13597
13660 13597 13594
13632 13648 13659
13632 13659 13592
13593 13596 13623
13593 13623 13645
13645 13623 13590
13645 13590 13589
13632 13608 13607
13632 13607 13649
13652 13613 13616
13652 13616 13653
13649 13607 13614
13649 13614 13655
13655 13614 13613
13655 13613 13652
13653 13616 13625
13653 13625 13657
13602 13609 13622
13602 13622 13603
13620 13621 13627
13620 13627 13617
13626 13641 13629
13626 13629 13628
13601 13663 13633
13601 13633 13602
13664 13637 13635
13664 13635 13634
13615 13612 13635
13615 13635 13636
13619 13604 13603
13619 13603 13620
13624 13615 13636
13624 13636 13639
13628 13631 13618
13628 13618 13617
13642 13665 13666
13642 13666 13643
13643 13666 13664
13643 13664 13634
13633 13663 13665
13633 13665 13642
13667 13668 13669
13667 13669 13670
13671 13672 13670
13671 13670 13669
13673 13674 13675
13673 13675 13676
13677 13678 13679
13677 13679 13680
13681 13682 13676
13681 13676 13675
13677 13682 13681
13677 13681 13678
13683 13680 13679
13683 13679 13684
13685 13686 13687
13685 13687 13688
13689 13690 13691
13689 13691 13692
13693 13694 13695
13693 13695 13690
13696 13697 13685
13696 13685 13698
13699 13700 13701
13699 13701 13702
13703 13691 13704
13703 13704 13705
13706 13707 13708
13706 13708 13709
13710 13706 13709
13710 13709 13711
13712 13713 13711
13712 13711 13709
13701 13700 13697
13701 13697 13696
13714 13699 13702
13714 13702 13715
13699 13714 13716
13699 13716 13717
13688 13718 13698
13688 13698 13685
13693 13690 13689
13693 13689 13719
13703 13720 13692
13703 13692 13691
13686 13685 13697
13686 13697 13721
13721 13697 13700
13721 13700 13722
13723 13724 13676
13723 13676 13682
13725 13673 13676
13725 13676 13724
13726 13719 13689
13726 13689 13727
13727 13672 13728
13727 13728 13726
13729 13667 13670
13729 13670 13730
13731 13732 13707
13731 13707 13706
13733 13731 13706
13733 13706 13710
13734 13715 13702
13734 13702 13735
13702 13701 13736
13702 13736 13735
13682 13677 13736
13682 13736 13723
13717 13722 13700
13717 13700 13699
13720 13703 13708
13720 13708 13707
13732 13729 13720
13732 13720 13707
13724 13723 13696
13724 13696 13698
13718 13725 13724
13718 13724 13698
13720 13729 13730
13720 13730 13692
13737 13738 13732
13737 13732 13731
13739 13737 13731
13739 13731 13733
13683 13734 13735
13683 13735 13680
13735 13736 13677
13735 13677 13680
13723 13736 13701
13723 13701 13696
13729 13732 13738
13729 13738 13667
13703 13705 13740
13703 13740 13708
13687 13694 13693
13687 13693 13688
13726 13728 13673
13726 13673 13725
13719 13726 13725
13719 13725 13718
13688 13693 13719
13688 13719 13718
13712 13709 13708
13712 13708 13740
13691 13690 13695
13691 13695 13704
13727 13689 13692
13727 13692 13730
13672 13727 13730
13672 13730 13670
13672 13671 13741
13672 13741 13728
13742 13668 13667
13742 13667 13738
13743 13744 13737
13743 13737 13739
13744 13742 13738
13744 13738 13737
13728 13741 13674
13728 13674 13673
13745 13695 13694
13745 13694 13746
13746 13694 13687
13746 13687 13747
13748 13686 13721
13748 13721 13749
13749 13721 13722
13749 13722 13750
13750 13722 13717
13750 13717 13751
13751 13717 13716
13751 13716 13752
13753 13713 13712
13753 13712 13754
13754 13712 13740
13754 13740 13755
13755 13740 13705
13755 13705 13756
13756 13705 13704
13756 13704 13757
13757 13704 13695
13757 13695 13745
13748 13747 13687
13748 13687 13686
13758 13759 13760
13761 13762 13763
13764 13765 13766
13764 13766 13767
13768 13769 13770
13768 13770 13771
13772 13773 13774
13772 13774 13775
13776 13777 13778
13776 13778 13779
13780 13781 13782
13780 13782 13783
13784 13785 13786
13784 13786 13787
13788 13772 13775
13788 13775 13789
13772 13788 13790
13772 13790 13777
13791 13792 13793
13791 13793 13794
13795 13796 13797
13795 13797 13798
13799 13800 13801
13799 13801 13802
13803 13804 13793
13803 13793 13792
13805 13806 13807
13805 13807 13808
13809 13810 13811
13809 13811 13812
13813 13814 13800
13813 13800 13799
13815 13816 13795
13815 13795 13817
13818 13819 13820
13821 13822 13823
13821 13823 13824
13825 13826 13827
13825 13827 13828
13829 13830 13831
13829 13831 13832
13833 13834 13835
13833 13835 13836
13837 13838 13804
13837 13804 13803
13807 13806 13839
13807 13839 13840
13841 13842 13810
13841 13810 13809
13833 13836 13814
13833 13814 13813
13829 13843 13815
13829 13815 13817
13844 13845 13828
13844 13828 13827
13820 13819 13846
13847 13848 13849
13847 13849 13850
13851 13852 13853
13851 13853 13854
13849 13855 13856
13849 13856 13850
13857 13858 13859
13857 13859 13860
13861 13862 13863
13861 13863 13864
13865 13866 13867
13865 13867 13868
13869 13870 13871
13872 13873 13874
13872 13874 13875
13876 13877 13878
13876 13878 13879
13853 13852 13880
13853 13880 13881
13856 13855 13876
13856 13876 13879
13857 13882 13883
13857 13883 13858
13884 13885 13886
13884 13886 13864
13887 13888 13889
13890 13891 13892
13873 13872 13893
13894 13895 13896
13894 13896 13897
13898 13899 13900
13898 13900 13901
13902 13903 13904
13902 13904 13905
13906 13894 13897
13906 13897 13907
13899 13908 13909
13899 13909 13910
13911 13912 13913
13911 13913 13914
13915 13916 13917
13915 13917 13918
13919 13845 13844
13919 13844 13920
13921 13922 13923
13924 13846 13925
13926 13927 13928
13929 13930 13931
13929 13931 13932
13933 13934 13935
13933 13935 13936
13907 13937 13938
13907 13938 13906
13939 13940 13941
13939 13941 13910
13942 13943 13944
13942 13944 13945
13911 13933 13936
13911 13936 13912
13918 13929 13932
13918 13932 13946
13947 13948 13949
13947 13949 13950
13951 13952 13953
13951 13953 13949
13954 13923 13955
13956 13925 13957
13958 13959 13950
13958 13950 13949
13960 13961 13962
13960 13962 13963
13964 13965 13966
13964 13966 13967
13968 13969 13970
13968 13970 13971
13972 13973 13974
13972 13974 13975
13967 13966 13976
13967 13976 13977
13962 13978 13979
13962 13979 13980
13981 13982 13983
13953 13952 13984
13953 13984 13983
13985 13986 13987
13956 13957 13988
13989 13990 13991
13989 13991 13992
13993 13994 13995
13993 13995 13996
13997 13998 13970
13997 13970 13969
13999 13973 13972
13999 13972 14000
13976 13986 14001
13976 14001 13993
13989 13992 14002
13989 14002 13980
14003 13982 13981
13986 14004 14001
14005 14006 14007
14005 14007 14008
14009 14010 14011
14012 14013 14014
14012 14014 14015
14016 14017 14018
14016 14018 14019
14020 14021 14022
14020 14022 14023
14024 14025 14026
14027 14028 14029
14027 14029 14030
14031 14032 14029
14031 14029 14028
14033 14034 14035
14033 14035 14036
14017 14016 14037
14017 14037 14038
14023 14039 14040
14023 14040 14020
14041 14042 14043
14041 14043 14044
14045 14046 14047
14045 14047 14048
14049 14050 13760
14049 13760 14051
14051 14052 14053
14051 14053 14054
14055 14056 14050
14055 14050 14049
13759 14057 14052
14058 14059 13768
14058 13768 14060
14061 14062 14063
14061 14063 14026
14062 14064 14065
14062 14065 14066
14067 14068 14069
14070 14071 14072
14070 14072 14073
14070 14074 14075
14070 14075 14071
14076 14077 14078
14076 14078 14079
14074 14080 14077
14074 14077 14076
14081 14082 14083
14081 14083 14084
14085 14086 14087
14085 14087 14088
14089 14090 14091
14089 14091 14092
14090 14093 14094
14090 14094 14091
13955 14095 14096
13955 14096 14097
14093 13944 13943
14093 13943 14098
14099 13985 13987
14099 13987 14100
14101 14102 14103
14101 14103 14104
14004 14105 14106
14004 14106 14107
13973 13999 14108
13973 14108 14104
14109 14110 14111
14109 14111 14112
14112 14111 13979
14112 13979 14113
14114 13967 13977
14114 13977 14113
14115 14116 14117
14115 14117 14118
14119 13964 13967
14119 13967 14114
13971 13970 14115
13971 14115 14120
14121 14122 13816
14121 13816 14123
13816 13815 14124
13816 14124 14123
13843 14125 13826
13843 13826 13825
13815 13843 13825
13815 13825 14124
14126 13908 14127
14126 14127 14128
14129 14130 13946
14129 13946 14131
14131 13946 13932
14131 13932 14132
13851 14133 14134
13851 14134 14135
13851 14135 14136
13851 14136 13852
14137 14138 13862
14137 13862 13861
14139 14140 14141
14139 14141 13880
13880 13852 14136
13880 14136 14139
14142 14137 13861
14142 13861 14143
14144 14145 14146
14144 14146 13893
13828 13845 13928
13828 13928 13927
13928 13845 13919
13928 13919 14147
14148 14149 13814
14148 13814 13836
14149 14150 13800
14149 13800 13814
14151 14150 13798
14151 13798 13797
14152 13913 13912
14152 13912 14153
14153 13912 13936
14153 13936 14154
14155 14156 14157
14155 14157 14158
14159 14160 14161
14159 14161 14162
14163 13885 13884
14163 13884 14164
14159 13876 13855
14159 13855 14165
14166 14167 14168
14166 14168 14164
14165 14169 14170
14165 14170 14171
14172 14169 13849
14172 13849 13848
14173 14174 14175
14173 14175 14176
14173 14177 14178
14173 14178 14179
14180 14181 14182
14180 14182 14183
14184 14185 14186
14184 14186 14187
14188 14189 14190
14188 14190 14191
14192 14189 14188
14192 14188 14193
14194 14195 14196
14194 14196 14197
14198 14196 14195
14198 14195 14199
14200 14201 14202
14200 14202 14203
14202 14204 14205
14202 14205 14203
14206 14207 14208
14206 14208 14209
14210 14211 14212
14210 14212 14213
14214 14012 14015
14214 14015 14215
14216 14217 14218
14216 14218 14219
14220 14021 14020
14220 14020 14221
14222 14223 14036
14222 14036 14035
14037 14016 14219
14037 14219 14224
14020 14040 14225
14020 14225 14221
14226 13870 14227
14226 14227 14228
13765 14229 14230
13765 14230 14231
13765 14231 14232
13765 14232 13766
14063 14233 14234
14063 14234 14026
13777 13776 13773
13777 13773 13772
13778 14235 13779
13982 14003 14236
14237 14175 14174
14237 14174 14238
14239 14178 14177
14239 14177 14240
13864 13863 14241
13864 14241 13884
13861 13864 13886
13861 13886 14143
14170 14242 14243
14170 14243 13854
14244 14161 14160
14244 14160 13881
13817 13795 13798
13817 13798 14245
13830 13829 13817
13830 13817 14245
14130 13915 13918
14130 13918 13946
13917 14246 13929
13917 13929 13918
13963 13962 13980
13963 13980 14002
14111 13989 13980
14111 13980 13979
14247 14023 14022
14247 14022 14248
14247 14249 14039
14247 14039 14023
13929 14246 14250
13929 14250 13930
13962 13961 14251
13962 14251 13978
14252 13813 13799
14252 13799 14253
13833 13813 14252
13833 14252 14087
13859 13858 14168
13859 14168 14167
13858 13883 14254
13858 14254 14168
13923 13911 13914
13923 13914 13921
13923 13954 13933
13923 13933 13911
13986 13976 13966
13986 13966 13987
13977 13976 13993
13977 13993 13996
14086 13834 13833
14086 13833 14087
14255 13934 13933
14255 13933 13954
13966 13965 14100
13966 14100 13987
14123 14124 13824
14123 13824 13823
13824 14124 13825
13824 13825 13828
13865 13868 14256
13865 14256 14144
14257 13947 13950
14257 13950 13919
14258 14259 14260
14258 14260 14261
14049 13926 14262
13874 13873 14263
13873 14053 14052
13873 14052 14263
14264 13787 14265
13778 13777 13790
13778 13790 14266
13778 14266 14267
13778 14267 14268
14269 14270 14271
14269 14271 14272
13821 14054 13822
13872 13875 13866
13872 13866 13865
14144 13893 13872
14144 13872 13865
14009 14262 13959
14009 13959 13958
13870 14273 14227
14051 14054 13926
14274 14275 14266
14274 14266 13790
13781 13780 14276
13781 14276 14277
14278 14279 13781
14278 13781 14277
14278 14280 14281
14278 14281 14279
14282 13788 13789
14282 13789 14283
13790 13788 14282
13790 14282 14274
13957 14284 14059
13957 14059 13988
13957 13846 14284
14063 14062 14066
14063 14066 14285
14286 14233 14063
14286 14063 14285
14287 14041 14044
14287 14044 14288
14030 14029 14289
14030 14289 14290
13860 14291 13857
14292 14293 13857
14240 14176 14075
14240 14075 14294
14071 14075 14176
14071 14176 14175
14071 14175 14237
14071 14237 14072
14239 14240 14294
14239 14294 14295
14081 14252 14253
14252 14088 14087
14296 14297 14183
14296 14183 14182
14083 14298 14084
14299 14300 14301
14302 14303 14185
14302 14185 14184
14304 14305 14198
14304 14198 14199
14306 14307 14308
14309 14310 14311
14312 14313 14191
14312 14191 14190
14314 14315 14316
14317 14096 14095
14193 14188 14094
14193 14094 14318
14094 14188 14191
14094 14191 14091
14091 14191 14313
14091 14313 14092
14319 14320 14321
13891 14322 14323
14186 14185 14324
14186 14324 14325
14187 14326 14181
14187 14181 14180
14067 14327 14328
14329 14330 14189
14329 14189 14192
14330 14312 14190
14330 14190 14189
14310 14331 14332
14305 14333 14196
14305 14196 14198
14334 14194 14197
14334 14197 14335
14197 14196 14333
14197 14333 14335
14193 14336 14329
14193 14329 14192
14106 14105 14337
14195 14101 14338
14195 14338 14199
14102 14101 14195
14102 14195 14194
14339 14340 14341
14342 14343 14344
13867 13866 14345
13867 14345 14346
14347 13862 14138
14347 14138 14348
13863 13862 14347
13863 14347 14349
14166 14350 14351
14166 14351 14167
13859 14167 14351
13859 14351 14352
14353 14291 13860
14353 13860 14354
14355 14356 14357
13859 14352 14354
13859 14354 13860
13887 13889 14358
13887 14358 13869
13870 14359 14273
14360 14361 14362
14360 14362 14363
13924 13925 14364
13924 14364 14365
13938 13937 14366
13938 14366 14367
13863 14349 14368
13863 14368 14241
14369 14370 14021
14369 14021 14220
14022 14021 14370
14022 14370 14371
14372 14373 14248
14372 14248 14374
14375 14376 14377
14230 14229 14378
14230 14378 14379
14380 14024 14026
14380 14026 14234
14013 14202 14201
14013 14201 14014
14017 14211 14204
14017 14204 14018
14212 14038 14034
14212 14034 14207
14033 14208 14207
14033 14207 14034
14022 14371 14374
14022 14374 14248
14381 14382 14383
14382 14384 14385
14039 14249 14386
14039 14386 14387
14039 14387 14388
14039 14388 14040
14389 14225 14040
14389 14040 14388
13989 14111 14110
13989 14110 13990
13993 14001 14390
13993 14390 13994
14007 14006 14391
14007 14391 14392
14393 13997 14394
14393 14394 14395
14116 13998 14396
14116 14396 14397
14398 14000 14117
14398 14117 14399
14108 14400 14401
14108 14401 14338
14338 14401 14304
14338 14304 14199
14402 14403 14404
14293 14404 14403
14293 14403 14405
14406 13883 13882
14406 13882 14407
13883 14406 14408
13883 14408 14254
14409 14410 13885
14409 13885 14163
13886 13885 14410
13886 14410 14411
13886 14411 14412
13886 14412 14143
14413 14142 14143
14413 14143 14412
14256 14414 14415
14256 14415 14144
14415 14416 14145
14415 14145 14144
14417 13823 14145
14417 14145 14416
14125 13843 13829
14125 13829 13832
14418 14253 13799
14418 13799 13802
14419 14297 14296
14419 14296 14420
13811 14421 14422
13811 14422 13812
14423 14424 14425
14423 14425 14426
14427 13808 14424
14427 14424 14423
13794 13793 13805
13794 13805 14428
14121 14123 13823
14121 13823 14417
13759 14052 14051
13759 14051 13760
14009 14011 14429
14049 14262 14055
13768 14059 14430
14052 14057 14263
14270 14263 14057
14431 14432 13839
14431 13839 13838
13839 14432 14433
13839 14433 13840
14434 13841 14435
14434 14435 14436
14437 14438 14439
14437 14439 14303
14324 14185 14439
13951 13949 13948
13951 13948 14440
14441 14442 14130
14441 14130 14129
13915 14130 14442
13915 14442 14443
13915 14443 14444
13915 14444 13916
13916 14444 14445
13916 14445 14152
13914 13913 14446
13914 14446 14447
13914 14447 14448
13914 14448 13921
14449 13922 13921
14449 13921 14448
14450 14451 14452
14257 13919 13920
14257 13920 14453
14454 13939 14455
14454 14455 14456
14457 13942 14458
14457 14458 14459
14098 14460 14461
14098 14461 14318
14336 14193 14318
14336 14318 14461
14462 14463 13988
14462 13988 14464
14465 13963 14002
14465 14002 13981
13960 13963 14465
13960 14465 14466
14467 14468 14260
14467 14260 14008
14007 14394 14467
14007 14467 14008
14395 14394 14007
14395 14007 14392
13992 13991 14469
13992 14469 14003
13981 14002 13992
13981 13992 14003
14470 14102 14194
14103 14102 14470
14103 14470 14471
14472 13975 13974
14472 13974 14473
14120 14474 14475
14120 14475 14476
14477 13968 13971
14477 13971 14478
14468 14479 14261
14468 14261 14260
14466 14465 13983
14466 13983 13984
14480 14250 14246
14480 14246 14154
14481 13940 14482
14481 14482 14483
14484 13941 13940
14484 13940 14481
14484 14485 14156
14484 14156 14155
14486 14440 13948
14486 13948 14132
14487 13938 14367
14487 14367 14488
14489 13906 13938
14489 13938 14487
14489 13909 13908
14489 13908 14126
14490 13810 13842
14490 13842 14437
14491 13831 13830
14491 13830 14148
14492 14493 14494
14492 14494 14495
14496 14497 14493
14496 14493 14492
14425 14424 14497
14425 14497 14496
13804 13838 13839
13804 13839 13806
13805 13793 13804
13805 13804 13806
14122 13796 13795
14122 13795 13816
14498 14307 14499
14243 14133 13851
14243 13851 13854
14500 14501 13847
14500 13847 13850
13945 13903 14156
13945 14156 14485
13878 14078 14077
13878 14077 13879
13880 14141 14244
13880 14244 13881
14502 14503 14504
14502 14504 14505
14267 14266 14275
14267 14275 14506
14019 14018 14013
14019 14013 14012
14032 14031 14048
14032 14048 14047
14216 14019 14012
14216 14012 14214
14018 14204 14202
14018 14202 14013
13767 14507 13764
13823 13822 14146
13823 14146 14145
14147 13919 13950
14147 13950 13959
14147 13959 14262
13927 13926 14054
13828 13927 13821
13828 13821 13824
14508 13958 13949
14508 13949 13953
14009 13958 14508
13983 14010 14508
13983 14508 13953
14038 14037 14035
14038 14035 14034
14046 14045 14042
14046 14042 14041
14045 14213 14206
14045 14206 14042
14222 14224 14509
14222 14509 14510
14038 14212 14211
14038 14211 14017
14511 14046 14041
14511 14041 14287
14512 14032 14047
14512 14047 14513
14514 14515 13786
14514 13786 13785
14429 14516 14055
13786 14515 14517
13786 14517 14265
14011 14518 14519
14011 14519 14429
14430 14520 13769
14430 13769 13768
14521 14522 14523
14521 14523 14524
14525 14523 14522
14526 14527 14528
14526 14528 14529
14527 14530 14284
14528 14531 13819
13869 13871 13818
13869 13818 13887
14532 14533 13818
14532 13818 13820
14534 13888 13887
14534 13887 14535
14533 13791 14534
14533 14534 14535
13924 14360 14532
13924 14532 13820
13838 13837 14363
13838 14363 14431
13896 14362 14361
13896 14361 14365
14536 14364 13925
14536 13925 13956
14537 14366 14536
14537 14536 14538
14259 14005 14008
14259 14008 14260
14539 14258 14537
14539 14537 14538
14535 13887 13818
13924 14365 14361
13956 14539 14538
14238 14174 14173
14238 14173 14179
14240 14177 14173
14240 14173 14176
14540 14541 14542
14540 14542 14543
14543 14402 14544
14545 14546 14402
14545 14402 14404
14404 14547 14545
14548 14549 14357
14548 14357 14356
14356 14550 14551
14541 14552 14550
14541 14550 14542
14553 14554 13891
14555 14556 14557
13892 13891 14558
14559 14555 14560
14187 14186 14325
14187 14325 14326
14561 14562 14563
14561 14563 14564
14564 14300 14565
14566 14567 14300
14566 14300 14299
14299 14568 14566
14569 14570 14084
14569 14084 14298
14298 14571 14572
14562 14573 14571
14562 14571 14563
14574 14575 14067
14576 14577 14578
14068 14067 14579
14580 14576 14581
14490 14419 13811
14490 13811 13810
14184 14183 14297
14184 14297 14302
14180 14183 14184
14180 14184 14187
14582 14583 14452
14582 14452 14451
14584 14585 14451
14584 14451 14586
14587 14584 14586
14587 14586 14588
14589 14587 14588
14589 14588 14590
14591 14589 14590
14591 14590 14317
14592 14593 14317
14592 14317 14095
14095 14594 14592
14595 14596 14310
14597 14598 14599
14598 14600 14601
14311 14310 14602
14339 14341 14603
14604 14605 14341
14604 14341 14606
14607 14604 14606
14607 14606 14608
14609 14607 14608
14609 14608 14610
14611 14609 14610
14611 14610 14337
14337 14105 14612
14613 14614 14307
14615 14616 14343
14617 14618 14619
14618 14620 14621
14308 14307 14622
14623 14025 14024
14623 14024 14624
13762 13761 14625
13762 14625 14626
14627 14624 14024
14627 14024 14380
14378 14628 14629
14378 14629 14379
14630 14631 14632
14229 14632 14631
14229 14631 14378
13819 13818 13871
14512 14289 14029
14512 14029 14032
14046 14511 14513
14046 14513 14047
14633 14512 14513
14633 14513 14634
14512 14633 14290
14512 14290 14289
14511 14635 14634
14511 14634 14513
14635 14511 14287
14635 14287 14288
14376 14636 14637
14638 14639 14636
14638 14636 14640
14641 14638 14640
14641 14640 14642
14643 14641 14642
14643 14642 14644
14645 14643 14644
14645 14644 14646
14646 14381 14647
14648 14373 14649
14650 14651 14320
14652 14653 14320
14653 14654 14320
14655 14656 14657
14658 14657 14656
14658 14656 14659
14660 14658 14659
14660 14659 14661
14661 14662 14660
14025 14623 14625
14025 14625 13761
14502 14276 13780
14502 13780 14503
13767 14663 14664
13767 14664 14507
14232 14665 13766
13875 14666 14345
13875 14345 13866
13874 14667 14666
13874 14666 13875
13874 14263 14269
13871 13870 14226
14270 14269 14263
14628 14214 14215
14628 14215 14629
14019 14216 14219
14019 14219 14016
14220 14221 14623
14220 14623 14624
14223 14222 14510
14223 14510 14668
14509 14224 14219
14509 14219 14218
14221 14225 14625
14221 14625 14623
14627 14369 14220
14627 14220 14624
14225 14389 14626
14225 14626 14625
14217 14216 14214
14217 14214 14628
14224 14222 14035
14224 14035 14037
14669 14528 14670
13764 14526 14529
13764 14529 14632
13764 14632 14229
14526 14507 14671
14526 14671 14527
14526 13764 14507
13764 14229 13765
14062 14061 13763
14062 13763 14064
14630 14218 14217
14630 14217 14631
14378 14631 14217
14378 14217 14628
14218 14630 14672
14218 14672 14509
14673 14674 14464
14059 14058 14464
14059 14464 13988
13819 13871 14670
14670 13871 14675
14525 14520 14664
13759 13758 14676
14676 14065 13759
13776 13779 14285
13776 14285 14066
13763 14061 13761
13783 14677 14503
13783 14503 13780
14286 14285 13779
14430 14059 14530
14665 14663 13766
14677 14678 14504
14677 14504 14503
14270 13763 13762
14270 13762 14271
14270 14064 13763
13758 13760 14050
13758 14050 14679
14679 14050 14056
14679 14056 14680
14680 14056 14681
14680 14681 14682
14671 14507 14664
14359 13870 13869
14359 13869 14358
14053 13893 14146
14683 14510 14509
14683 14509 14672
14683 14684 14685
14683 14685 14686
14510 14683 14686
14510 14686 14668
14684 14683 14672
14684 14672 14669
13776 14066 14676
14674 14462 14464
14011 13982 14236
14011 14236 14518
14011 14010 13982
14670 14675 14684
14670 14684 14669
13876 14159 14162
13876 14162 13877
14163 14164 14168
14163 14168 14254
14160 14159 14165
14160 14165 14171
14166 14164 13884
14166 13884 14241
14169 14165 13855
14169 13855 13849
14169 14172 14242
14169 14242 14170
14350 14166 14241
14350 14241 14368
14409 14163 14254
14409 14254 14408
14137 13868 13867
14137 13867 14138
14687 14135 14134
14687 14134 14688
14689 14136 14135
14689 14135 14687
14690 14140 14139
14690 14139 14691
14691 14139 14136
14691 14136 14689
13868 14137 14142
13868 14142 14256
14138 13867 14346
14138 14346 14348
14256 14142 14413
14256 14413 14414
14522 13769 14520
14522 14520 14525
14521 13770 13769
14521 13769 14522
14527 14671 14530
14520 14671 14664
14671 14520 14430
14672 14529 14528
14672 14528 14669
14672 14630 14529
14284 14531 14527
14059 14284 14530
14670 14528 13819
14531 14528 14527
14109 14112 13996
14109 13996 13995
13996 14112 14113
13996 14113 13977
14114 14113 13979
14114 13979 13978
14116 14115 13970
14116 13970 13998
14119 14114 13978
14119 13978 14251
14474 14120 14115
14474 14115 14118
14116 14397 14399
14116 14399 14117
14120 14476 14478
14120 14478 13971
14104 14103 13974
14104 13974 13973
14101 14104 14108
14101 14108 14338
14152 14153 13917
14152 13917 13916
13917 14153 14154
13917 14154 14246
14155 14158 13901
14155 13901 13900
14152 14445 14446
14152 14446 13913
14480 14154 13936
14480 13936 13935
14481 14483 14459
14481 14459 14458
14484 14481 14458
14484 14458 14485
14484 14155 13900
14484 13900 13941
14126 14128 13895
14126 13895 13894
14129 14131 13947
14129 13947 14257
13947 14131 14132
13947 14132 13948
14453 14441 14129
14453 14129 14257
14486 14132 13932
14486 13932 13931
14455 14487 14488
14455 14488 14456
13909 14489 14487
13909 14487 14455
14489 14126 13894
14489 13894 13906
14093 14090 13904
14093 13904 13944
14094 14093 14098
14094 14098 14318
14149 14148 13830
14149 13830 14245
14150 14149 14245
14150 14245 13798
14150 14151 13801
14150 13801 13800
14692 14426 14425
14692 14425 14693
14491 14148 13836
14491 13836 13835
14492 14495 14436
14492 14436 14435
14694 14496 14492
14694 14492 14435
14693 14425 14496
14693 14496 14694
14302 14490 14437
14302 14437 14303
14419 14490 14302
14419 14302 14297
14074 14070 14500
14074 14500 14080
14075 14074 14076
14075 14076 14294
13791 14533 13792
14532 13803 13792
14532 13792 14533
14360 13837 13803
14360 13803 14532
13837 14360 14363
13896 14365 13897
13907 13897 14365
13907 14365 14364
13937 13907 14364
13937 14364 14536
13937 14536 14366
14691 13889 13888
14691 13888 14690
14689 14358 13889
14689 13889 14691
14687 14359 14358
14687 14358 14689
14688 14273 14359
14688 14359 14687
14258 14539 14259
14539 14463 14005
14203 14205 14031
14203 14031 14028
14048 14210 14213
14048 14213 14045
14205 14210 14048
14205 14048 14031
14207 14206 14213
14207 14213 14212
14695 14696 14697
13854 13853 14171
13854 14171 14170
14171 13853 13881
14171 13881 14160
14694 13809 13812
14694 13812 14693
14435 13841 13809
14435 13809 14694
13842 13841 14434
13842 14434 14698
14693 13812 14422
14693 14422 14692
14424 13808 13807
14424 13807 14497
14497 13807 13840
14497 13840 14493
13850 13856 14080
13850 14080 14500
14080 13856 13879
14080 13879 14077
13900 13899 13910
13900 13910 13941
14455 13939 13910
14455 13910 13909
13942 13945 14485
13942 14485 14458
13969 13968 14468
13969 14468 14467
14118 13972 13975
14118 13975 14474
13997 13969 14467
13997 14467 14394
14000 13972 14118
14000 14118 14117
13903 13945 13944
13903 13944 13904
14156 13903 13902
14156 13902 14157
13943 13942 14457
13943 14457 14699
13908 13899 13898
13908 13898 14127
13940 13939 14454
13940 14454 14482
13805 13808 14427
13805 14427 14428
14493 13840 14433
14493 14433 14494
13998 13997 14393
13998 14393 14396
13999 14000 14398
13999 14398 14700
14474 13975 14472
14474 14472 14475
14468 13968 14477
14468 14477 14479
14005 14463 14006
13787 14695 14701
13787 14701 13784
13784 14701 14283
13784 14283 13789
13785 13784 13789
13785 13789 13775
14514 13785 13775
14514 13775 13774
14514 13758 14679
14681 14702 14703
14681 14703 14682
14704 14265 14517
14704 14517 14705
14265 14704 14706
14429 14519 14707
14429 14707 14516
14514 14679 14680
14514 14680 14515
14515 14680 14682
14515 14682 14517
14517 14682 14703
14517 14703 14705
13781 14279 14523
13781 14523 13782
14524 14523 14279
14524 14279 14281
13759 14065 14057
14270 14057 14065
14270 14065 14064
14675 14708 14685
14675 14685 14684
14695 13787 14696
14706 14697 14696
14463 14539 13956
14709 14357 14549
14710 14084 14570
14711 14452 14583
14383 14385 14712
14372 14375 14373
14027 14200 14203
14027 14203 14028
14249 14385 14384
14249 14384 14386
14042 14206 14209
14042 14209 14043
14247 14648 14385
14247 14385 14249
14357 14291 14353
14357 14353 14355
14500 14070 14073
14500 14073 14501
13882 14293 14405
13882 14405 14407
14294 14076 14079
14294 14079 14295
14291 14357 14709
14293 13882 13857
14547 14404 14293
14291 14292 13857
14418 14082 14081
14418 14081 14253
14301 14085 14088
14301 14088 14299
13811 14419 14420
13811 14420 14421
14698 14438 14437
14698 14437 13842
14081 14084 14710
14088 14568 14299
14081 14713 14252
14088 14252 14713
13954 13955 14097
13954 14097 14255
14452 13922 14449
14452 14449 14450
13922 14452 14711
13923 14714 13955
13922 14714 13923
14594 14095 13955
13904 14090 14089
13904 14089 13905
14699 14460 14098
14699 14098 13943
14339 13985 14099
14339 14099 14340
14001 14004 14107
14001 14107 14390
14700 14400 14108
14700 14108 13999
13974 14103 14471
13974 14471 14473
13985 14339 14715
14004 14716 14105
13985 14717 13986
14004 13986 14717
14343 14616 14718
14344 14343 14718
14316 14315 14719
14720 14316 14721
14722 14723 14316
14724 14725 14726
14724 14727 14728
14727 14724 14729
14730 14731 14724
14732 14733 14734
14732 14735 14736
14735 14732 14737
14738 14739 14732
14740 14741 14742
14740 14743 14744
14377 14376 14637
14647 14381 14383
14321 14740 14745
14740 14654 14743
13891 13890 14732
14322 13891 14732
14544 14402 14546
14548 14356 14551
14067 14069 14724
14327 14067 14724
14565 14300 14567
14569 14298 14572
14310 14309 14316
14331 14310 14316
14582 14451 14585
14591 14317 14593
14307 14306 14343
14499 14307 14343
14603 14341 14605
14611 14337 14612
14470 14194 14334
14572 14571 14573
14564 14565 14561
14439 14185 14303
14551 14550 14552
14543 14544 14540
14637 14636 14639
14646 14647 14645
14648 14649 14746
14712 14648 14746
14373 14648 14247
14373 14247 14248
14382 14385 14383
14712 14385 14648
14649 14373 14377
14373 14375 14377
14321 14320 14740
14320 14654 14740
14088 14713 14568
14713 14081 14710
14293 14292 14547
14292 14291 14709
13955 14714 14594
14714 13922 14711
14594 14714 14747
14714 14711 14747
14004 14717 14716
14717 13985 14715
14343 14306 14615
14499 14343 14342
14613 14307 14498
14622 14307 14614
14716 14717 14748
14717 14715 14748
14339 14603 14715
14612 14105 14716
14574 14067 14328
14579 14067 14575
14576 14578 14749
14581 14576 14749
14599 14598 14750
14598 14601 14750
14619 14618 14751
14618 14621 14751
14555 14557 14752
14560 14555 14752
14314 14316 14720
14316 14719 14722
14316 14309 14721
14331 14316 14723
14595 14310 14332
14602 14310 14596
14724 14726 14730
14724 14728 14725
14724 14069 14729
14327 14724 14731
14568 14713 14753
14713 14710 14753
14553 13891 14323
14558 13891 14554
14732 14734 14738
14732 14736 14733
14732 13890 14737
14322 14732 14739
14547 14292 14754
14292 14709 14754
14650 14320 14319
14652 14320 14651
14740 14742 14745
14740 14744 14741
14535 13818 14533
13924 14361 14360
13956 14538 14536
13926 13928 14147
14009 14508 14010
14053 14146 13822
13981 13983 14465
14236 14003 14469
13982 14010 13983
14009 14429 14055
14055 14516 14056
14539 14005 14259
14463 14462 14006
14462 14674 14391
14462 14391 14006
13956 13988 14463
13871 14226 14675
14675 14226 14228
14675 14228 14708
14667 13874 14272
13874 14269 14272
14673 14464 14058
14058 14060 14673
13819 14531 13846
14430 14530 14671
13768 13771 14060
14702 14681 14516
14702 14516 14707
14681 14056 14516
13761 14061 14025
14026 14025 14061
14676 14066 14065
14514 13774 13758
13758 13774 13773
13758 13773 14676
13773 13776 14676
14051 13926 14049
14055 14262 14009
13925 13846 13957
14284 13846 14531
13820 13846 13924
14630 14632 14529
14286 13779 14235
13778 14268 14235
14665 14678 14677
14665 14677 14663
14663 14677 13783
14663 13783 14664
13783 13782 14525
13783 14525 14664
13782 14523 14525
14210 14205 14204
14210 14204 14211
14696 13787 14264
14706 14696 14264
14265 13787 13786
14265 14706 14264
13873 13893 14053
13822 14054 14053
14147 14262 13926
13927 14054 13821
14663 13767 13766
14755 14756 14757
14755 14757 14758
14759 14760 14761
14759 14761 14762
14763 14764 14765
14763 14765 14766
14767 14768 14769
14767 14769 14770
14771 14772 14773
14774 14775 14776
14774 14776 14777
14778 14779 14768
14778 14768 14767
14780 14781 14782
14780 14782 14783
14784 14781 14785
14786 14787 14788
14786 14788 14789
14790 14791 14792
14790 14792 14793
14790 14794 14795
14790 14795 14796
14797 14798 14799
14797 14799 14800
14801 14802 14803
14801 14803 14804
14805 14806 14807
14805 14807 14808
14809 14787 14810
14809 14810 14811
14809 14794 14812
14809 14812 14813
14814 14815 14816
14817 14818 14819
14820 14774 14777
14820 14777 14821
14822 14823 14824
14825 14826 14827
14825 14827 14828
14825 14828 14829
14825 14829 14830
14831 14832 14833
14831 14833 14834
14835 14836 14837
14838 14839 14840
14838 14840 14841
14842 14843 14844
14845 14846 14847
14845 14847 14848
14849 14850 14851
14852 14853 14854
14755 14855 14756
14855 14856 14857
14826 14858 14859
14826 14859 14827
14860 14861 14862
14863 14785 14791
14864 14865 14785
14759 14866 14867
14759 14867 14760
14765 14764 14868
14765 14868 14869
14765 14869 14870
14765 14870 14758
14871 14872 14847
14871 14847 14833
14832 14873 14871
14832 14871 14833
14834 14833 14847
14834 14847 14846
14821 14777 14828
14821 14828 14827
14822 14818 14874
14800 14799 14859
14800 14859 14823
14875 14817 14876
14777 14776 14829
14777 14829 14828
14770 14769 14843
14770 14843 14877
14878 14879 14757
14878 14757 14756
14880 14881 14778
14880 14778 14767
14882 14883 14884
14882 14884 14885
14886 14880 14767
14886 14767 14770
14879 14887 14766
14879 14766 14757
14888 14889 14864
14888 14864 14780
14881 14890 14783
14881 14783 14778
14891 14886 14770
14891 14770 14877
14882 14878 14756
14882 14756 14883
14883 14857 14884
14892 14893 14814
14804 14803 14894
14804 14894 14895
14854 14896 14771
14897 14898 14899
14897 14899 14900
14900 14901 14860
14900 14860 14897
14897 14862 14902
14897 14902 14898
14813 14812 14816
14813 14816 14773
14793 14792 14802
14793 14802 14801
14789 14788 14903
14789 14903 14904
14894 14867 14866
14784 14863 14858
14784 14858 14826
14905 14837 14906
14755 14905 14906
14841 14907 14908
14808 14807 14850
14811 14810 14876
14811 14876 14819
14796 14795 14909
14796 14909 14824
14781 14784 14826
14781 14826 14825
14781 14825 14830
14781 14830 14782
14779 14845 14848
14779 14848 14768
14769 14768 14910
14795 14811 14819
14795 14819 14909
14849 14866 14759
14849 14759 14808
14812 14793 14801
14812 14801 14816
14895 14892 14814
14911 14800 14823
14911 14823 14822
14892 14895 14866
14892 14866 14849
14818 14822 14909
14804 14814 14816
14800 14911 14797
14794 14790 14793
14794 14793 14812
14808 14759 14762
14808 14762 14805
14794 14809 14811
14794 14811 14795
14875 14876 14912
14807 14913 14914
14788 14813 14773
14788 14773 14903
14818 14817 14915
14806 14916 14913
14806 14913 14807
14787 14786 14912
14787 14912 14810
14787 14809 14813
14787 14813 14788
14917 14771 14773
14887 14918 14763
14887 14763 14766
14766 14765 14758
14766 14758 14757
14782 14830 14845
14782 14845 14779
14890 14888 14780
14890 14780 14783
14776 14834 14846
14776 14846 14829
14830 14829 14846
14830 14846 14845
14783 14782 14779
14783 14779 14778
14775 14831 14834
14775 14834 14776
14874 14915 14919
14920 14911 14874
14915 14817 14921
14797 14911 14922
14758 14870 14923
14758 14923 14755
14844 14769 14910
14824 14858 14863
14867 14894 14857
14867 14857 14856
14862 14802 14902
14857 14894 14861
14799 14821 14827
14799 14827 14859
14856 14837 14924
14791 14790 14796
14791 14796 14863
14858 14824 14823
14858 14823 14859
14861 14803 14862
14798 14820 14821
14798 14821 14799
14865 14791 14785
14837 14836 14925
14837 14925 14924
14926 14927 14928
14926 14928 14929
14930 14931 14932
14933 14934 14935
14936 14937 14938
14939 14940 14941
14942 14943 14944
14927 14944 14943
14927 14943 14928
14945 14938 14937
14945 14937 14946
14947 14948 14949
14950 14951 14952
14953 14954 14955
14956 14957 14958
14956 14958 14959
14960 14961 14962
14960 14962 14963
14964 14965 14966
14967 14968 14969
14958 14970 14971
14972 14973 14974
14975 14976 14977
14978 14979 14980
14981 14982 14983
14981 14983 14984
14985 14972 14986
14987 14988 14989
14990 14991 14992
14990 14992 14993
14994 14949 14995
14996 14971 14997
14966 14998 14999
15000 14996 15001
14952 15002 15003
14998 14994 15004
14961 14960 15005
15006 15007 15008
15006 15008 14955
14971 14952 14997
15009 14974 14973
15009 14973 15010
14970 14950 14952
14946 14930 14945
14937 14936 15011
14937 15011 15012
14946 14937 15012
14946 15012 15013
14931 14930 15014
14931 15014 15015
15016 15017 14940
14934 14933 15018
14934 15018 15019
15020 15016 14939
14928 14943 15021
14928 15021 15022
14929 15023 15024
14929 15024 15025
14930 14946 15013
14930 15013 15014
15026 15027 15028
15026 15028 15029
15030 15031 15032
15033 15034 15035
15036 15037 15038
15039 15040 15041
15042 15043 15044
15045 15046 15047
15046 15030 15032
15040 15048 15049
15031 15036 15050
14929 14928 15022
14929 15022 15023
15051 15052 15008
15053 14987 15054
15052 15055 14955
14929 15025 14926
15056 15057 15044
14961 15005 15058
14961 15058 15059
15060 14983 15061
14961 15059 15062
14961 15062 14962
15063 15064 15020
15063 15020 14939
14943 14942 15065
14943 15065 15021
14942 15066 15067
14942 15067 15065
15068 15069 15035
14980 14990 14993
14980 14993 14978
15002 15070 15071
15002 15071 15072
15066 14942 15073
15074 15039 15043
15017 15011 15075
14960 15076 15077
14984 15078 14981
15075 14936 15079
14941 15079 15039
15068 15080 15069
15042 15057 15064
15042 15064 15063
14926 15081 15031
14938 14945 15048
15030 15046 14944
15030 14944 14927
15082 14944 15045
15063 14941 15074
15079 14938 15040
15081 14935 15036
15068 15083 15084
15031 15030 14927
15031 14927 14926
14945 15085 15027
15043 15041 14985
15035 15086 14978
15056 15044 14983
15050 15038 14987
15010 14973 15026
15010 15026 15029
15032 15050 15053
14992 15033 15035
15038 15087 14987
15041 15049 14972
15044 14984 14983
15086 14979 14978
15047 15032 14975
15049 15026 14973
14990 14980 15088
14962 15062 15089
14962 15089 14982
15055 15090 14953
14950 14970 14974
14950 14974 15009
14986 14974 14958
14977 15091 14967
14980 15092 15093
14982 14981 14963
14982 14963 14962
14986 14958 14957
15090 15094 14953
15095 15096 14991
15091 15054 14947
15097 15098 15099
15097 15099 15100
15101 15102 15103
15101 15103 15104
15105 15106 15107
15105 15107 15108
15109 15108 15107
15109 15107 15110
15111 15112 15113
15111 15113 15114
15105 15113 15098
15098 15097 15106
15098 15106 15105
15115 15116 15117
15115 15117 15118
15115 15118 15119
15119 15120 15121
15119 15121 15115
15122 15116 15123
15124 15125 15126
15124 15126 15127
15125 15128 15126
15129 15130 15118
15129 15118 15117
15121 15120 15101
15121 15101 15104
15131 15132 15130
15131 15130 15129
15129 15133 15131
15134 15135 15109
15109 15136 15108
15098 15137 15099
15104 15103 15138
15123 15139 15140
15109 15110 15141
15109 15141 15134
14970 14952 14971
14917 14815 14893
14917 14893 15142
14850 14914 15143
14850 15143 14851
14850 14807 14914
14892 14851 14893
14893 14851 15143
14893 15143 15142
14917 15142 14771
14854 15143 14852
15143 14914 14852
15143 14854 15142
15142 14854 14771
14849 14851 14892
14814 14893 14815
15144 15058 15145
14953 15094 14954
14955 14954 15006
14908 14907 14853
14903 14772 15146
14903 15146 14904
14772 14896 15147
14772 15147 15146
14896 14853 15148
14896 15148 15147
14853 14907 15149
14853 15149 15148
14907 14841 14840
14907 14840 15149
14854 14853 14896
14771 14896 14772
14841 14913 14916
14841 14916 14838
14914 14913 14908
14914 14908 14852
14908 14913 14841
14760 14924 14925
14760 14925 14761
14773 14815 14917
14816 14815 14773
14773 14772 14903
15150 14817 14875
14919 14915 14921
14920 14874 14919
14922 14911 14920
14818 14915 14874
14822 14874 14911
14822 14824 14909
14818 14909 14819
14824 14863 14796
14861 14894 14803
14862 14803 14802
14804 14816 14801
14895 14814 14804
14894 14866 14895
14923 14905 14755
15151 14837 14905
14835 14837 15151
14856 14924 14760
14856 14760 14867
14756 14855 14883
14855 14857 14883
14755 14906 14855
14906 14856 14855
14906 14837 14856
14844 14910 14872
14910 14768 14848
14872 14910 14847
14847 14910 14848
15045 15047 15152
14966 14967 14969
15153 15154 14964
15153 14964 14966
14808 14850 14849
15032 15031 15050
15031 15081 15036
14975 15032 14976
15091 15155 15054
15050 15036 15038
15036 14935 15037
15038 15037 15087
15054 14987 15090
14987 15087 14988
14947 15054 14948
15090 14989 15094
15061 14982 15089
15054 15090 15055
15054 15055 14948
15055 15052 14948
15052 15051 14949
14947 14949 14968
14995 14949 15051
14999 14998 15004
14967 15091 14968
14966 14969 14998
14969 14968 14994
14969 14994 14998
14999 15153 14966
15156 15153 14999
14958 14971 14959
15003 15002 15072
15003 15157 15158
15046 15032 15047
15159 15160 14975
15159 14975 14977
15152 15047 14975
15152 14975 15160
15152 15161 15045
15045 15161 15162
15045 15162 15082
15163 15164 14932
15027 15026 15048
15002 14952 14951
15002 14951 15070
14967 14965 15159
14967 15159 14977
15082 15162 15073
15084 15080 15068
15085 15164 15028
15085 15028 15027
15034 15083 15068
15080 15084 15162
15084 15083 15164
15083 15034 15028
15083 15028 15164
15028 15034 15033
15028 15033 15029
15029 15033 15165
15029 15165 15010
15010 15165 15166
15010 15166 15009
15166 15096 14950
15166 14950 15009
15096 15095 15070
15096 15070 14951
14990 15088 15167
15095 15167 15071
15095 15071 15070
15088 15093 14964
15088 14964 15154
15093 15092 14965
15092 15159 14965
15092 14979 15160
15092 15160 15159
14979 15086 15152
14979 15152 15160
15086 15069 15161
15086 15161 15152
15161 15069 15080
15161 15080 15162
14950 15096 14951
15033 14992 15165
15165 14992 14991
15165 14991 15166
14991 15096 15166
15035 14978 14993
14992 15035 14993
15035 15034 15068
15035 15069 15086
14980 14979 15092
15088 14980 15093
15095 14991 14990
14945 15027 15048
14938 15048 15040
15079 15040 15039
15075 15079 14941
14941 15039 15074
14941 14940 15075
14940 15017 15075
15016 14940 14939
15075 15011 14936
15041 14972 14985
15049 14973 14972
14972 14974 14986
15078 14986 14957
15078 14984 14985
15063 15074 15042
15168 15020 15169
15170 15020 15064
15170 15064 15171
15064 15057 15172
15064 15172 15171
15057 15056 15172
15044 15057 15042
15169 15020 15170
15020 15168 15016
14889 14899 14898
14889 14898 14864
14898 14902 14865
14898 14865 14864
14902 14792 14865
14864 14785 14780
14785 14863 14784
14791 14865 14792
14902 14802 14792
14885 14884 14860
14885 14860 14901
15025 15024 15018
15025 15018 14933
14884 14861 14860
15081 15025 14933
14926 15025 15081
14860 14862 14897
14884 14857 14861
14933 14935 15081
14932 15073 15163
14764 14763 15173
14764 15173 15174
15174 15175 14868
15174 14868 14764
15176 15173 14763
15176 14763 14918
14932 14931 15066
14932 15066 15073
14931 15015 15067
14931 15067 15066
14844 14843 14769
14932 15164 15085
15073 15162 15163
15056 14983 15060
15043 15042 15074
14984 15044 15043
15043 15039 15041
15043 14985 14984
15078 14985 14986
15145 15005 15177
15177 15077 15178
14960 14963 15179
14963 14981 15078
15098 15113 15137
15109 15135 15136
15108 15136 15114
15140 15139 15138
15117 15116 15127
15093 14965 14964
15153 15072 15071
15153 15071 15154
15071 15167 15088
15071 15088 15154
15156 15072 15153
15157 15072 15156
14990 15167 15095
14968 15091 14947
15054 15155 15053
15155 14976 15053
14977 15155 15091
14977 14976 15155
15114 15113 15105
15139 15116 15115
15127 15126 15129
15127 15129 15117
15126 15133 15129
15137 15113 15112
15137 15180 15181
15114 15105 15108
15182 15183 15136
15182 15136 15135
15183 15111 15114
15183 15114 15136
15138 15184 15140
15121 15104 15138
15121 15138 15139
15139 15115 15121
15127 15116 15122
15135 15185 15182
15185 15133 15128
15123 15116 15139
15127 15122 15124
15126 15128 15133
15141 15132 15131
15141 15131 15134
15131 15133 15134
15133 15135 15134
15133 15185 15135
15181 15099 15137
15103 15186 15138
15186 15184 15138
15181 15180 15187
15137 15112 15180
15004 14994 14995
14966 14965 14967
14968 14949 14994
14948 15052 14949
14955 15055 14953
15005 15077 15177
15008 15007 15188
15058 15005 15145
15008 15052 14955
15077 15076 15178
15178 15000 15001
15005 14960 15077
15051 15008 15188
15032 15053 14976
14987 14989 15090
15050 14987 15053
15061 14983 14982
14958 14974 14970
14960 15189 15076
15000 14956 14959
15000 14959 14996
14959 14971 14996
14960 15179 15189
15178 15076 15000
15076 15189 14956
15076 14956 15000
14957 14956 15189
14957 15189 15179
15179 15078 14957
14996 15190 15001
14996 14997 15190
14997 15003 15158
14997 15158 15190
14997 14952 15003
15003 15072 15157
15179 14963 15078
15041 15040 15049
15049 15048 15026
14936 14938 15079
14945 14930 15085
14930 14932 15085
15045 14944 15046
14942 14944 15082
15073 14942 15082
15162 15084 15163
15084 15164 15163
14908 14853 14852
14921 14817 15150
14817 14819 14876
14912 14876 14810
15191 15192 15193
15191 15193 15194
15195 15196 15197
15195 15197 15198
15199 15200 15201
15199 15201 15202
15203 15204 15205
15203 15205 15206
15207 15208 15209
15207 15209 15210
15211 15212 15213
15211 15213 15214
15195 15198 15215
15195 15215 15216
15199 15202 15193
15199 15193 15192
15217 15218 15219
15217 15219 15220
15200 15221 15222
15200 15222 15201
15217 15220 15197
15217 15197 15196
15204 15223 15224
15204 15224 15205
15216 15215 15225
15216 15225 15226
15226 15225 15227
15226 15227 15228
15228 15227 15229
15228 15229 15230
15230 15229 15231
15230 15231 15232
15232 15231 15209
15232 15209 15208
15211 15214 15222
15211 15222 15221
15191 15194 15224
15191 15224 15223
15218 15233 15234
15218 15234 15219
15235 15236 15237
15235 15237 15238
15236 15239 15240
15236 15240 15237
15241 15242 15240
15241 15240 15239
15243 15244 15245
15243 15245 15246
15203 15206 15245
15203 15245 15244
15235 15238 15247
15235 15247 15248
15249 15250 15251
15249 15251 15252
15253 15254 15255
15253 15255 15256
15257 15258 15259
15257 15259 15260
15261 15262 15263
15261 15263 15264
15265 15266 15267
15268 15269 15270
15268 15270 15271
15272 15261 15264
15272 15264 15273
15274 15275 15276
15274 15276 15277
15278 15279 15277
15280 15281 15282
15280 15282 15283
15284 15285 15286
15284 15286 15287
15284 15288 15289
15284 15289 15290
15291 15292 15293
15291 15293 15294
15295 15296 15297
15295 15297 15298
15299 15300 15301
15299 15301 15302
15303 15304 15305
15303 15305 15283
15303 15306 15307
15303 15307 15290
15308 15309 15310
15311 15312 15313
15314 15315 15269
15314 15269 15268
15316 15317 15318
15319 15320 15321
15319 15321 15322
15319 15323 15324
15319 15324 15320
15325 15326 15327
15325 15327 15328
15329 15330 15331
15332 15333 15334
15332 15334 15335
15336 15337 15338
15339 15340 15341
15339 15341 15342
15343 15344 15345
15346 15347 15348
15249 15252 15349
15349 15350 15351
15322 15321 15352
15322 15352 15353
15354 15355 15356
15357 15287 15279
15358 15279 15359
15253 15256 15360
15253 15360 15361
15259 15362 15363
15259 15363 15260
15259 15250 15364
15259 15364 15362
15365 15327 15341
15365 15341 15366
15328 15327 15365
15328 15365 15367
15326 15342 15341
15326 15341 15327
15315 15321 15320
15315 15320 15269
15316 15368 15313
15292 15318 15352
15292 15352 15293
15369 15370 15311
15269 15320 15324
15269 15324 15270
15262 15371 15338
15262 15338 15263
15372 15252 15251
15372 15251 15373
15374 15261 15272
15374 15272 15375
15376 15377 15378
15376 15378 15379
15380 15262 15261
15380 15261 15374
15373 15251 15258
15373 15258 15381
15382 15274 15358
15382 15358 15383
15375 15272 15275
15375 15275 15384
15385 15371 15262
15385 15262 15380
15376 15379 15252
15376 15252 15372
15379 15378 15350
15386 15308 15387
15296 15388 15389
15296 15389 15297
15347 15265 15390
15391 15392 15393
15391 15393 15394
15392 15391 15354
15392 15354 15395
15391 15394 15396
15391 15396 15355
15306 15266 15309
15306 15309 15307
15285 15295 15298
15285 15298 15286
15281 15397 15398
15281 15398 15282
15389 15361 15360
15278 15322 15353
15278 15353 15357
15399 15400 15330
15249 15400 15399
15333 15401 15402
15300 15345 15301
15304 15312 15370
15304 15370 15305
15288 15317 15403
15288 15403 15289
15277 15319 15322
15277 15322 15278
15277 15276 15323
15277 15323 15319
15273 15264 15340
15273 15340 15339
15263 15404 15264
15289 15403 15312
15289 15312 15304
15343 15300 15253
15343 15253 15361
15307 15309 15295
15307 15295 15285
15388 15308 15386
15405 15316 15318
15405 15318 15292
15386 15343 15361
15386 15361 15388
15313 15403 15316
15296 15309 15308
15292 15291 15405
15290 15307 15285
15290 15285 15284
15300 15299 15254
15300 15254 15253
15290 15289 15304
15290 15304 15303
15369 15406 15370
15301 15407 15408
15282 15398 15266
15282 15266 15306
15313 15409 15311
15302 15301 15408
15302 15408 15410
15283 15305 15406
15283 15406 15280
15283 15282 15306
15283 15306 15303
15411 15266 15265
15381 15258 15257
15381 15257 15412
15258 15251 15250
15258 15250 15259
15276 15273 15339
15276 15339 15323
15384 15275 15274
15384 15274 15382
15270 15324 15342
15270 15342 15326
15323 15339 15342
15323 15342 15324
15275 15272 15273
15275 15273 15276
15271 15270 15326
15271 15326 15325
15368 15413 15409
15414 15368 15405
15409 15415 15311
15291 15416 15405
15250 15249 15417
15250 15417 15364
15337 15404 15263
15317 15357 15353
15360 15351 15350
15360 15350 15389
15355 15396 15298
15350 15356 15389
15293 15352 15321
15293 15321 15315
15351 15418 15330
15287 15357 15288
15287 15288 15284
15353 15352 15318
15353 15318 15317
15356 15355 15297
15294 15293 15315
15294 15315 15314
15359 15279 15287
15330 15418 15419
15330 15419 15331
15420 15421 15422
15420 15422 15423
15424 15425 15426
15427 15428 15429
15430 15431 15432
15433 15434 15435
15436 15437 15438
15423 15422 15438
15423 15438 15437
15439 15440 15432
15439 15432 15431
15441 15442 15443
15444 15445 15446
15447 15448 15449
15450 15451 15452
15450 15452 15453
15454 15455 15456
15454 15456 15457
15458 15459 15460
15461 15462 15463
15452 15464 15465
15466 15467 15468
15469 15470 15471
15472 15473 15474
15475 15476 15477
15475 15477 15478
15479 15480 15466
15481 15482 15483
15484 15485 15486
15484 15486 15487
15488 15489 15442
15490 15491 15464
15459 15492 15493
15494 15495 15490
15445 15496 15497
15493 15498 15488
15457 15499 15454
15500 15448 15501
15500 15501 15502
15464 15491 15445
15503 15504 15468
15503 15468 15467
15465 15445 15444
15440 15439 15424
15432 15505 15506
15432 15506 15430
15440 15507 15505
15440 15505 15432
15426 15508 15509
15426 15509 15424
15510 15511 15512
15429 15513 15514
15429 15514 15427
15515 15433 15510
15422 15516 15517
15422 15517 15438
15421 15518 15519
15421 15519 15520
15424 15509 15507
15424 15507 15440
15521 15522 15523
15521 15523 15524
15525 15526 15527
15528 15529 15530
15531 15532 15533
15534 15535 15536
15537 15538 15539
15540 15541 15542
15542 15526 15525
15536 15543 15544
15527 15545 15531
15421 15520 15516
15421 15516 15422
15546 15501 15547
15548 15549 15481
15547 15448 15550
15421 15420 15518
15551 15538 15552
15457 15553 15554
15457 15554 15499
15555 15556 15477
15457 15456 15557
15457 15557 15553
15434 15433 15515
15434 15515 15558
15438 15517 15559
15438 15559 15436
15436 15559 15560
15436 15560 15561
15562 15529 15563
15473 15472 15485
15473 15485 15484
15497 15564 15565
15497 15565 15566
15561 15567 15436
15568 15539 15534
15512 15569 15506
15454 15570 15571
15476 15475 15572
15569 15573 15430
15435 15534 15573
15562 15563 15574
15537 15434 15558
15537 15558 15552
15420 15527 15575
15431 15544 15439
15525 15423 15437
15525 15437 15542
15576 15540 15437
15434 15568 15435
15573 15536 15431
15575 15531 15428
15562 15577 15578
15527 15420 15423
15527 15423 15525
15439 15524 15579
15539 15479 15535
15529 15472 15580
15551 15477 15538
15545 15481 15532
15504 15522 15521
15504 15521 15468
15526 15548 15545
15486 15529 15528
15532 15481 15581
15535 15466 15543
15538 15477 15476
15580 15472 15474
15541 15469 15526
15543 15468 15521
15484 15582 15473
15456 15478 15583
15456 15583 15557
15550 15447 15584
15444 15503 15467
15444 15467 15465
15480 15452 15467
15470 15461 15585
15473 15586 15587
15478 15456 15455
15478 15455 15475
15480 15453 15452
15584 15447 15588
15589 15487 15590
15585 15441 15549
15591 15592 15593
15591 15593 15594
15595 15596 15597
15595 15597 15598
15599 15600 15601
15599 15601 15602
15603 15604 15601
15603 15601 15600
15605 15606 15607
15605 15607 15608
15599 15594 15607
15594 15599 15602
15594 15602 15591
15609 15610 15611
15609 15612 15613
15609 15613 15610
15612 15609 15614
15612 15614 15615
15616 15617 15611
15618 15619 15620
15618 15620 15621
15621 15620 15622
15623 15610 15613
15623 15613 15624
15614 15596 15595
15614 15595 15615
15625 15623 15624
15625 15624 15626
15623 15625 15627
15628 15603 15629
15603 15600 15630
15594 15593 15631
15596 15632 15597
15617 15633 15634
15603 15628 15635
15603 15635 15604
15465 15464 15445
15411 15636 15387
15411 15387 15310
15345 15344 15637
15345 15637 15407
15345 15407 15301
15386 15387 15344
15387 15636 15637
15387 15637 15344
15411 15265 15636
15347 15346 15637
15637 15346 15407
15637 15636 15347
15636 15265 15347
15343 15386 15344
15308 15310 15387
15638 15639 15554
15447 15449 15588
15448 15500 15449
15401 15348 15402
15398 15397 15640
15398 15640 15267
15267 15640 15641
15267 15641 15390
15390 15641 15642
15390 15642 15348
15348 15642 15643
15348 15643 15402
15402 15643 15334
15402 15334 15333
15347 15390 15348
15265 15267 15390
15333 15332 15410
15333 15410 15408
15407 15401 15408
15407 15346 15401
15401 15333 15408
15256 15255 15419
15256 15419 15418
15266 15411 15310
15309 15266 15310
15266 15398 15267
15644 15369 15311
15413 15415 15409
15414 15413 15368
15416 15414 15405
15313 15368 15409
15316 15405 15368
15316 15403 15317
15313 15312 15403
15317 15288 15357
15356 15297 15389
15355 15298 15297
15296 15295 15309
15388 15296 15308
15389 15388 15361
15417 15249 15399
15645 15399 15330
15329 15645 15330
15351 15360 15256
15351 15256 15418
15252 15379 15349
15349 15379 15350
15249 15349 15400
15400 15349 15351
15400 15351 15330
15337 15366 15404
15404 15340 15264
15366 15341 15404
15341 15340 15404
15540 15646 15541
15459 15462 15461
15647 15459 15458
15647 15458 15648
15300 15343 15345
15526 15545 15527
15527 15531 15575
15469 15471 15526
15585 15549 15649
15545 15532 15531
15531 15533 15428
15532 15581 15533
15549 15584 15481
15481 15483 15581
15441 15443 15549
15584 15588 15482
15556 15583 15478
15549 15443 15550
15549 15550 15584
15550 15443 15547
15547 15442 15546
15441 15463 15442
15489 15546 15442
15492 15498 15493
15461 15463 15585
15459 15493 15462
15462 15488 15463
15462 15493 15488
15492 15459 15647
15650 15492 15647
15452 15451 15464
15496 15564 15497
15496 15651 15652
15542 15541 15526
15653 15470 15469
15653 15469 15654
15646 15654 15469
15646 15469 15541
15646 15540 15655
15540 15576 15656
15540 15656 15655
15657 15425 15658
15524 15544 15521
15497 15566 15446
15497 15446 15445
15461 15470 15653
15461 15653 15460
15576 15567 15656
15577 15562 15574
15579 15524 15523
15579 15523 15658
15530 15562 15578
15574 15656 15577
15577 15658 15578
15578 15658 15523
15578 15523 15530
15523 15522 15528
15523 15528 15530
15522 15504 15659
15522 15659 15528
15504 15503 15660
15504 15660 15659
15660 15503 15444
15660 15444 15590
15590 15446 15566
15590 15566 15589
15484 15661 15582
15589 15566 15565
15589 15565 15661
15582 15648 15458
15582 15458 15586
15586 15460 15587
15587 15460 15653
15587 15653 15654
15587 15654 15474
15474 15654 15646
15474 15646 15580
15580 15646 15655
15580 15655 15563
15655 15656 15574
15655 15574 15563
15444 15446 15590
15528 15659 15486
15659 15660 15487
15659 15487 15486
15487 15660 15590
15529 15485 15472
15486 15485 15529
15529 15562 15530
15529 15580 15563
15473 15587 15474
15582 15586 15473
15589 15484 15487
15439 15544 15524
15431 15536 15544
15573 15534 15536
15569 15435 15573
15435 15568 15534
15435 15569 15511
15511 15569 15512
15510 15433 15511
15569 15430 15506
15535 15479 15466
15543 15466 15468
15466 15480 15467
15572 15453 15480
15572 15479 15476
15434 15537 15568
15662 15663 15515
15664 15665 15558
15664 15558 15515
15558 15665 15666
15558 15666 15552
15552 15666 15551
15538 15537 15552
15663 15664 15515
15515 15510 15662
15383 15358 15394
15383 15394 15393
15394 15358 15359
15394 15359 15396
15396 15359 15286
15358 15274 15279
15279 15278 15357
15287 15286 15359
15396 15286 15298
15377 15395 15354
15377 15354 15378
15518 15427 15514
15518 15514 15519
15378 15354 15356
15575 15427 15518
15420 15575 15518
15354 15391 15355
15378 15356 15350
15427 15575 15428
15425 15657 15567
15260 15667 15668
15260 15668 15257
15667 15260 15363
15667 15363 15669
15670 15412 15257
15670 15257 15668
15425 15567 15561
15425 15561 15426
15426 15561 15560
15426 15560 15508
15337 15263 15338
15425 15579 15658
15567 15657 15656
15551 15555 15477
15539 15568 15537
15476 15539 15538
15539 15535 15534
15539 15476 15479
15572 15480 15479
15639 15671 15499
15671 15672 15570
15454 15673 15455
15455 15572 15475
15594 15631 15607
15603 15630 15629
15600 15606 15630
15633 15632 15634
15610 15619 15611
15586 15458 15460
15647 15648 15565
15647 15565 15564
15565 15648 15582
15565 15582 15661
15650 15647 15564
15652 15650 15564
15484 15589 15661
15463 15441 15585
15549 15548 15649
15649 15548 15471
15470 15585 15649
15470 15649 15471
15606 15599 15607
15634 15609 15611
15619 15610 15623
15619 15623 15620
15620 15623 15627
15631 15608 15607
15631 15674 15675
15606 15600 15599
15676 15629 15630
15676 15630 15677
15677 15630 15606
15677 15606 15605
15632 15633 15678
15614 15634 15632
15614 15632 15596
15634 15614 15609
15619 15616 15611
15629 15676 15679
15679 15622 15627
15617 15634 15611
15619 15618 15616
15620 15627 15622
15635 15628 15625
15635 15625 15626
15625 15628 15627
15627 15628 15629
15627 15629 15679
15674 15631 15593
15597 15632 15680
15680 15632 15678
15674 15681 15675
15631 15675 15608
15498 15489 15488
15459 15461 15460
15463 15488 15442
15443 15442 15547
15448 15447 15550
15499 15671 15570
15501 15682 15502
15554 15639 15499
15501 15448 15547
15570 15672 15571
15672 15495 15494
15499 15570 15454
15546 15682 15501
15526 15471 15548
15481 15584 15482
15545 15548 15481
15556 15478 15477
15452 15465 15467
15454 15571 15683
15494 15490 15451
15494 15451 15450
15451 15490 15464
15454 15683 15673
15672 15494 15571
15571 15494 15450
15571 15450 15683
15453 15673 15683
15453 15683 15450
15673 15453 15572
15490 15495 15684
15490 15684 15491
15491 15651 15496
15491 15684 15651
15491 15496 15445
15496 15652 15564
15673 15572 15455
15535 15543 15536
15543 15521 15544
15430 15573 15431
15439 15579 15424
15424 15579 15425
15540 15542 15437
15436 15576 15437
15567 15576 15436
15656 15657 15577
15577 15657 15658
15401 15346 15348
15415 15644 15311
15311 15370 15312
15406 15305 15370
15685 15686 15687
15685 15687 15688
15689 15690 15691
15689 15691 15692
15693 15694 15695
15693 15695 15696
15697 15698 15699
15697 15699 15700
15701 15702 15703
15701 15703 15704
15705 15706 15707
15705 15707 15708
15689 15709 15710
15689 15710 15690
15693 15688 15687
15693 15687 15694
15711 15712 15713
15711 15713 15714
15696 15695 15715
15696 15715 15716
15711 15692 15691
15711 15691 15712
15700 15699 15717
15700 15717 15718
15709 15719 15720
15709 15720 15710
15719 15721 15722
15719 15722 15720
15721 15723 15724
15721 15724 15722
15723 15725 15726
15723 15726 15724
15725 15704 15703
15725 15703 15726
15705 15716 15715
15705 15715 15706
15685 15718 15717
15685 15717 15686
15714 15713 15727
15714 15727 15728
15729 15730 15731
15729 15731 15732
15732 15731 15733
15732 15733 15734
15735 15734 15733
15735 15733 15736
15737 15738 15739
15737 15739 15740
15697 15740 15739
15697 15739 15698
15729 15741 15742
15729 15742 15730
14785 14781 14780
15277 15279 15274
14939 14941 15063
15433 15435 15511
15743 15744 15745
15746 15747 15748
15749 15750 15751
15752 15753 15754
15755 15756 15757
15755 15757 15758
15759 15760 15761
15759 15761 15762
15763 15764 15765
15763 15765 15766
15767 15768 15769
15767 15769 15770
15771 15772 15773
15771 15773 15774
15775 15776 15777
15751 15778 15779
15743 15745 15778
15780 15772 15781
15782 15783 15784
15785 15786 15787
15788 15789 15790
15791 15792 15793
15794 15795 15796
15794 15796 15797
15751 15798 15743
15784 15783 15799
15770 15769 15800
15770 15800 15801
15754 15802 15749
15803 15804 15805
15806 15807 15808
15809 15810 15811
15812 15813 15814
15812 15814 15815
15816 15817 15818
15816 15818 15819
15820 15821 15822
15820 15822 15823
15824 15825 15826
15824 15826 15827
15828 15829 15830
15828 15830 15831
15832 15833 15834
15832 15834 15835
15836 15837 15838
15836 15838 15839
15840 15841 15842
15843 15809 15844
15806 15845 15846
15806 15846 15807
15847 15848 15849
15847 15849 15850
15843 15851 15852
15853 15854 15831
15853 15831 15830
15813 15855 15814
15856 15857 15858
15859 15845 15844
15859 15844 15860
15861 15817 15862
15861 15862 15863
15864 15865 15866
15867 15857 15856
15840 15842 15865
15868 15869 15812
15779 15870 15751
15871 15872 15746
15873 15754 15870
15756 15874 15875
15756 15875 15757
15825 15847 15850
15825 15850 15826
15809 15843 15810
15806 15843 15845
15750 15876 15751
15766 15765 15795
15766 15795 15794
15787 15792 15791
15743 15778 15751
15877 15846 15845
15877 15845 15859
15848 15820 15823
15848 15823 15849
15806 15808 15851
15793 15878 15788
15797 15796 15760
15797 15760 15759
15798 15744 15743
15804 15879 15880
15788 15881 15882
15788 15882 15793
15883 15884 15885
15791 15793 15882
15881 15790 15886
15887 15785 15888
15889 15784 15883
15781 15890 15891
15781 15891 15780
15892 15893 15894
15895 15759 15878
15896 15794 15792
15783 15770 15897
15792 15797 15895
15772 15771 15781
15767 15770 15783
15786 15898 15896
15878 15759 15762
15878 15762 15789
15899 15900 15772
15901 15780 15891
15902 15903 15757
15902 15757 15875
15818 15904 15905
15818 15905 15868
15833 15832 15906
15833 15906 15907
15862 15817 15816
15862 15816 15908
15899 15772 15780
15900 15773 15772
15903 15909 15757
15804 15775 15892
15748 15903 15902
15748 15902 15910
15911 15912 15863
15911 15863 15862
15857 15836 15839
15911 15862 15908
15911 15908 15913
15804 15803 15775
15914 15909 15903
15914 15903 15748
15915 15916 15782
15915 15782 15889
15868 15812 15917
15918 15869 15868
15918 15868 15905
15829 15828 15919
15829 15919 15920
15916 15767 15782
15921 15922 15768
15921 15768 15767
15752 15923 15753
15924 15804 15892
15892 15777 15893
15803 15776 15775
15900 15777 15925
15900 15925 15926
15777 15900 15899
15777 15899 15893
15776 15925 15777
15892 15775 15777
15865 15927 15866
15879 15804 15924
15872 15928 15929
15909 15758 15757
15755 15923 15756
15921 15771 15774
15921 15774 15922
15781 15921 15916
15917 15819 15818
15917 15818 15868
15835 15834 15920
15835 15920 15919
15756 15873 15874
15915 15890 15781
15915 15781 15916
15771 15921 15781
15904 15818 15817
15904 15817 15861
15749 15802 15930
15800 15764 15763
15800 15763 15801
15785 15799 15786
15811 15931 15809
15827 15932 15933
15827 15933 15854
15844 15869 15918
15844 15918 15860
15809 15931 15844
15799 15785 15884
15898 15786 15897
15910 15871 15746
15864 15912 15911
15864 15911 15840
15840 15911 15913
15840 15913 15841
15748 15747 15914
15837 15907 15906
15837 15906 15838
15893 15899 15901
15812 15815 15917
15927 15865 15842
15864 15840 15865
15782 15767 15783
15889 15782 15784
15783 15897 15799
15784 15799 15884
15897 15801 15898
15898 15763 15766
15885 15884 15785
15885 15785 15887
15883 15784 15884
15799 15897 15786
15898 15766 15896
15801 15763 15898
15786 15896 15787
15886 15934 15881
15881 15934 15882
15935 15791 15882
15935 15882 15936
15791 15888 15787
15791 15935 15888
15770 15801 15897
15916 15921 15767
15901 15899 15780
15807 15937 15808
15843 15806 15851
15843 15852 15810
15811 15855 15931
15844 15845 15843
15813 15931 15855
15869 15813 15812
15869 15931 15813
15870 15754 15749
15870 15749 15751
15754 15938 15802
15753 15938 15754
15923 15752 15756
15756 15752 15873
15873 15752 15754
15749 15930 15750
15744 15939 15745
15745 15940 15778
15751 15876 15798
15941 15745 15942
15943 15944 15945
15946 15947 15948
15949 15950 15951
15952 15953 15954
15952 15954 15955
15956 15762 15761
15956 15761 15957
15958 15959 15960
15958 15960 15961
15962 15963 15964
15962 15964 15965
15966 15967 15968
15966 15968 15969
15970 15971 15972
15947 15973 15974
15941 15974 15745
15975 15976 15969
15977 15978 15979
15980 15981 15982
15983 15790 15789
15983 15789 15984
15985 15986 15987
15985 15987 15988
15989 15990 15991
15989 15991 15992
15947 15941 15993
15978 15994 15979
15963 15995 15996
15963 15996 15964
15950 15946 15997
15998 15999 16000
16001 16002 15807
16003 16004 16005
16006 16007 16008
16006 16008 16009
16010 16011 16012
16010 16012 16013
16014 16015 15822
16014 15822 15821
16016 16017 16018
16016 16018 16019
16020 16021 16022
16020 16022 16023
16024 16025 16026
16024 16026 16027
16028 16029 16030
16028 16030 16031
16032 16033 16034
16035 16036 16003
16001 15807 15846
16001 15846 16037
16038 16039 16040
16038 16040 16041
16035 16042 16043
16044 16020 16023
16044 16023 16045
16009 16008 16046
16047 16048 16049
16050 16051 16036
16050 16036 16037
16052 16053 16054
16052 16054 16013
16055 16056 16057
16058 16047 16049
16032 16057 16033
16059 16006 16060
15973 15947 16061
16062 15943 16063
16064 16061 15950
15955 15954 16065
15955 16065 16066
16019 16018 16039
16019 16039 16038
16003 16005 16035
16001 16037 16035
15948 15947 16067
15959 15989 15992
15959 15992 15960
15981 15985 16068
15941 15947 15974
15877 16050 16037
15877 16037 15846
16015 16014 16041
16015 16041 16040
16001 16043 16002
15986 15983 15984
15986 15984 15987
15990 15956 15957
15990 15957 15991
15993 15941 15942
16000 15999 16069
16070 15983 15986
15981 16071 15985
16072 16073 16074
15986 15985 16071
15986 16071 16070
16075 15790 15983
16076 16077 16078
16079 16072 15978
15976 15975 16080
15976 16080 16081
16082 16083 16084
15987 15984 15956
15987 15956 15990
16068 15988 15989
16068 15989 15959
15979 16085 15963
15988 15987 15990
15988 15990 15989
15969 15976 15966
15962 15979 15963
15982 16068 16086
15984 15789 15762
15984 15762 15956
16087 15969 16088
16089 16080 15975
16090 15954 16091
16090 16065 15954
16012 16059 16092
16012 16092 16093
16025 16094 16095
16025 16095 16026
16054 16096 16010
16054 16010 16013
16087 15975 15969
16088 15968 16097
16091 15954 16098
16000 16082 15970
15944 16099 16090
15944 16090 16091
16100 16054 16053
16100 16053 16101
16049 16048 16029
16100 16102 16096
16100 16096 16054
16000 15970 15998
16103 15944 16091
16103 16091 16098
16104 16079 15977
16104 15977 16105
16059 16106 16006
16107 16092 16059
16107 16059 16060
16021 16108 16109
16021 16109 16022
16105 15977 15962
16110 15962 15965
16110 15965 16111
15949 15951 16112
16113 16082 16000
16082 16084 15971
15998 15970 15972
16088 16097 16114
16088 16114 15971
15971 16087 16088
15971 16084 16087
15972 15971 16114
16082 15971 15970
16057 16056 16115
16116 16063 15945
16063 15943 15945
16063 16116 16117
16098 15954 15953
15952 15955 16112
16110 16111 15967
16110 15967 15966
15976 16105 16110
16106 16059 16012
16106 16012 16011
16108 16024 16027
16108 16027 16109
15955 16066 16064
16104 16105 15976
16104 15976 16081
15966 15976 16110
16093 16052 16013
16093 16013 16012
15946 16118 15997
15996 15995 15958
15996 15958 15961
15980 15982 15994
16004 16003 16119
16120 16121 16017
16120 16017 16045
16036 16051 16107
16036 16107 16060
16003 16036 16119
15994 16074 15980
16086 16085 15982
16099 15944 15943
16055 16032 16100
16055 16100 16101
16032 16034 16102
16032 16102 16100
15944 16103 15945
16031 16030 16095
16031 16095 16094
16084 16083 16089
16006 16106 16007
16115 16033 16057
16055 16057 16032
15977 15979 15962
16079 15978 15977
15979 15994 16085
15978 16074 15994
16085 16086 15995
16086 15959 15958
16073 16076 15980
16073 15980 16074
16072 16074 15978
15994 15982 16085
16076 16078 15980
16086 16068 15959
15995 16086 15958
15982 15981 16068
16122 16123 16124
16122 16125 16126
16122 16126 16123
16127 16126 16125
16071 16078 16128
16077 16127 16128
15963 16085 15995
16105 15962 16110
16089 15975 16087
15807 16002 15937
16035 16043 16001
16035 16005 16042
16004 16119 16046
16036 16035 16037
16009 16046 16119
16060 16006 16009
16060 16009 16119
16061 15946 15950
16061 15947 15946
15950 15997 16129
15951 15950 16129
16112 15955 15949
15955 16064 15949
16064 15950 15949
15946 15948 16118
15942 15745 15939
15745 15974 15940
15947 15993 16067
16075 15886 15790
16070 16075 15983
16124 16130 15934
15934 15936 15882
15934 15886 16124
16124 16075 16122
16125 16122 16075
16125 16075 16070
16125 16128 16127
16125 16070 16071
15934 16130 16131
16125 16071 16128
16078 16077 16128
16078 15981 15980
16071 15981 16078
15934 16131 15936
16132 15935 15936
16132 15936 16131
15935 16132 16133
15935 16133 15888
15888 16133 15887
15787 15896 15792
15896 15766 15794
15792 15794 15797
15792 15895 15793
15793 15895 15878
15895 15797 15759
15788 15878 15789
15881 15788 15790
15985 15988 16068
16124 16134 16130
16123 16134 16124
16124 15886 16075
15900 15926 15773
16088 15969 15968
15929 15747 15746
15929 15746 15872
16135 16113 16000
16000 16069 16135
15804 15880 15805
15910 15746 15748
16099 15943 16062
15894 15924 15892
16113 16083 16082
15893 15901 15894
16084 16089 16087
15888 15785 15787
15844 15931 15869
16119 16036 16060
15823 15822 16136
15823 16136 16137
15932 15827 15826
15932 15826 16138
16139 15828 15831
16139 15831 16140
16141 15832 15835
16141 15835 16142
16143 15839 15838
16143 15838 16144
15850 15849 16145
15850 16145 16146
16140 15831 15854
16140 15854 15933
16138 15826 15850
16138 15850 16146
15849 15823 16137
15849 16137 16145
16147 15906 15832
16147 15832 16141
16148 15919 15828
16148 15828 16139
16142 15835 15919
16142 15919 16148
15824 15827 15854
15824 15854 15853
16144 15838 15906
16144 15906 16147
16136 15822 16015
16136 16015 16149
16018 16017 16121
16018 16121 16150
16023 16022 16151
16023 16151 16152
16027 16026 16153
16027 16153 16154
16030 16029 16155
16030 16155 16156
16157 16040 16039
16157 16039 16158
16045 16023 16152
16045 16152 16120
16158 16039 16018
16158 16018 16150
16149 16015 16040
16149 16040 16157
16026 16095 16159
16026 16159 16153
16022 16109 16160
16022 16160 16151
16109 16027 16154
16109 16154 16160
16045 16017 16016
16045 16016 16044
16095 16030 16156
16095 16156 16159
16049 16029 16028
16029 16048 16155
15857 15839 15858
15858 15839 16143
16161 16162 16163
16161 16163 16164
16165 16166 16167
16165 16167 16168
16169 16170 16171
16169 16171 16172
16173 16174 16175
16173 16175 16176
16177 16178 16179
16177 16179 16180
16181 16182 16183
16181 16183 16184
16177 16185 16186
16177 16186 16178
16187 16188 16189
16187 16189 16190
16191 16192 16193
16191 16193 16194
16195 16196 16197
16195 16197 16198
16199 16187 16190
16199 16190 16200
16201 16202 16203
16201 16203 16204
16205 16195 16198
16205 16198 16206
16202 16207 16208
16202 16208 16203
16209 16210 16211
16209 16211 16212
16185 16213 16214
16185 16214 16186
16192 16215 16216
16192 16216 16193
16217 16181 16184
16217 16184 16218
16219 16220 16221
16219 16221 16222
16223 16224 16220
16223 16220 16219
16225 16226 16210
16225 16210 16209
16204 16227 16201
16189 16188 16228
16229 16230 16231
16229 16231 16232
16233 16234 16235
16233 16235 16236
16233 16236 16237
16233 16237 16238
16239 16240 16232
16239 16232 16231
16238 16237 16241
16238 16241 16242
16179 16243 16244
16179 16244 16180
16245 16246 16247
16245 16247 16248
16249 16250 16251
16249 16251 16252
16252 16253 16254
16252 16254 16249
16255 16256 16257
16255 16257 16258
16259 16260 16261
16259 16261 16262
16263 16264 16254
16263 16254 16253
16255 16265 16266
16255 16266 16256
16263 16267 16268
16263 16268 16264
16230 16229 16269
16230 16269 16270
16260 16259 16271
16260 16271 16272
16273 16274 16275
16273 16275 16276
16277 16278 16270
16277 16270 16269
16279 16280 16274
16279 16274 16273
16197 16196 16164
16197 16164 16163
16191 16194 16166
16191 16166 16165
16217 16218 16172
16217 16172 16171
16222 16221 16176
16222 16176 16175
16214 16213 16183
16214 16183 16182
16216 16215 16199
16216 16199 16200
16208 16207 16205
16208 16205 16206
16226 16225 16224
16226 16224 16223
16256 16281 16257
16281 16282 16257
16234 16248 16247
16234 16247 16235
16239 16242 16241
16239 16241 16240
16250 16283 16284
16250 16284 16251
16243 16285 16286
16243 16286 16244
16284 16283 16287
16286 16285 16288
16280 16279 16262
16280 16262 16261
16278 16277 16276
16278 16276 16275
16265 16289 16290
16265 16290 16266
16267 16291 16292
16267 16292 16268
16290 16289 16293
16292 16291 16294
16295 16296 16297
16295 16297 16298
16299 16300 16301
16299 16301 16302
16303 16304 16305
16303 16305 16306
16307 16308 16309
16307 16309 16310
16311 16312 16313
16311 16313 16314
16315 16316 16317
16315 16317 16318
16311 16314 16319
16311 16319 16320
16321 16322 16323
16321 16323 16324
16325 16326 16327
16325 16327 16328
16329 16330 16331
16329 16331 16332
16333 16334 16322
16333 16322 16321
16335 16336 16337
16335 16337 16338
16339 16340 16330
16339 16330 16329
16338 16337 16341
16338 16341 16342
16343 16344 16345
16343 16345 16346
16320 16319 16347
16320 16347 16348
16328 16327 16349
16328 16349 16350
16351 16352 16316
16351 16316 16315
16353 16354 16355
16353 16355 16356
16357 16353 16356
16357 16356 16358
16359 16343 16346
16359 16346 16360
16336 16335 16361
16323 16362 16324
16363 16364 16365
16363 16365 16366
16367 16368 16369
16367 16369 16370
16367 16371 16372
16367 16372 16368
16373 16365 16364
16373 16364 16374
16371 16375 16376
16371 16376 16372
16313 16312 16377
16313 16377 16378
16379 16380 16381
16379 16381 16382
16383 16384 16385
16383 16385 16386
16384 16383 16387
16384 16387 16388
16389 16390 16391
16389 16391 16392
16393 16394 16395
16393 16395 16396
16397 16388 16387
16397 16387 16398
16389 16392 16399
16389 16399 16400
16397 16398 16401
16397 16401 16402
16366 16403 16404
16366 16404 16363
16396 16405 16406
16396 16406 16393
16407 16408 16409
16407 16409 16410
16411 16404 16403
16411 16403 16412
16413 16407 16410
16413 16410 16414
16331 16297 16296
16331 16296 16332
16325 16299 16302
16325 16302 16326
16351 16305 16304
16351 16304 16352
16354 16309 16308
16354 16308 16355
16347 16318 16317
16347 16317 16348
16349 16334 16333
16349 16333 16350
16341 16340 16339
16341 16339 16342
16360 16357 16358
16360 16358 16359
16392 16391 16415
16415 16391 16416
16370 16369 16381
16370 16381 16380
16373 16374 16376
16373 16376 16375
16386 16385 16417
16386 16417 16418
16378 16377 16419
16378 16419 16420
16417 16421 16418
16419 16422 16420
16414 16395 16394
16414 16394 16413
16412 16409 16408
16412 16408 16411
16400 16399 16423
16400 16423 16424
16402 16401 16425
16402 16425 16426
16423 16427 16424
16425 16428 16426
16429 16430 16431
16429 16431 16432
16433 16434 16435
16433 16435 16436
16437 16438 16439
16437 16439 16440
16441 16442 16443
16441 16443 16444
16445 16440 16439
16445 16439 16446
16447 16448 16449
16447 16449 16450
16451 16452 16453
16451 16453 16454
16433 16430 16429
16433 16429 16434
16431 16436 16435
16431 16435 16432
16445 16446 16455
16445 16455 16456
16437 16456 16455
16437 16455 16438
16457 16458 16459
16457 16459 16460
16434 16429 16432
16434 16432 16435
16456 16437 16440
16456 16440 16445
16461 16462 16463
16461 16463 16464
16465 16466 16467
16465 16467 16468
16469 16470 16471
16469 16471 16472
16473 16474 16475
16473 16475 16476
16473 16476 16477
16473 16477 16478
16479 16480 16481
16479 16481 16482
16479 16482 16483
16479 16483 16484
16485 16486 16481
16485 16481 16480
16463 16462 16487
16463 16487 16488
16489 16490 16491
16489 16491 16492
16493 16461 16464
16493 16464 16494
16495 16496 16497
16495 16497 16498
16467 16466 16499
16467 16499 16500
16501 16502 16503
16501 16503 16504
16505 16465 16468
16505 16468 16506
16507 16508 16509
16507 16509 16510
16505 16506 16511
16505 16511 16512
16513 16488 16487
16513 16487 16514
16515 16500 16499
16515 16499 16516
16493 16494 16517
16493 16517 16518
16471 16484 16483
16471 16483 16472
16485 16478 16477
16485 16477 16486
16519 16503 16502
16511 16520 16521
16511 16521 16512
16522 16497 16496
16517 16515 16516
16517 16516 16518
16523 16509 16508
16524 16491 16490
16525 16526 16492
16527 16528 16498
16529 16530 16504
16531 16532 16510
16525 16533 16534
16525 16534 16535
16531 16536 16537
16531 16537 16538
16527 16539 16540
16527 16540 16541
16529 16542 16543
16529 16543 16544
16524 16543 16542
16527 16541 16528
16524 16542 16491
16528 16495 16498
16522 16536 16497
16526 16489 16492
16525 16535 16526
16522 16537 16536
16523 16539 16509
16530 16501 16504
16529 16544 16530
16523 16540 16539
16519 16533 16503
16532 16507 16510
16531 16538 16532
16519 16534 16533
16545 16546 16547
16545 16547 16548
16549 16550 16551
16549 16551 16552
16553 16554 16555
16553 16555 16556
16557 16558 16559
16557 16559 16560
16553 16556 16561
16553 16561 16562
16563 16564 16565
16563 16565 16566
16567 16568 16569
16567 16569 16570
16547 16546 16551
16547 16551 16550
16549 16552 16545
16549 16545 16548
16571 16562 16561
16571 16561 16572
16571 16572 16555
16571 16555 16554
16573 16574 16575
16573 16575 16576
16548 16547 16550
16548 16550 16549
16556 16555 16572
16556 16572 16561
16577 16578 16579
16577 16579 16580
16581 16582 16583
16581 16583 16584
16585 16586 16587
16585 16587 16588
16589 16590 16591
16589 16591 16592
16593 16592 16591
16593 16591 16594
16595 16596 16597
16595 16597 16598
16599 16598 16597
16599 16597 16600
16595 16601 16602
16595 16602 16596
16603 16578 16577
16603 16577 16604
16605 16606 16607
16605 16607 16608
16580 16579 16609
16580 16609 16610
16611 16612 16613
16611 16613 16614
16615 16582 16581
16615 16581 16616
16617 16618 16619
16617 16619 16620
16584 16583 16621
16584 16621 16622
16623 16624 16625
16623 16625 16626
16627 16622 16621
16627 16621 16628
16603 16604 16629
16603 16629 16630
16615 16616 16631
16615 16631 16632
16633 16610 16609
16633 16609 16634
16599 16600 16585
16599 16585 16588
16593 16594 16602
16593 16602 16601
16635 16618 16617
16636 16637 16627
16636 16627 16628
16638 16612 16611
16632 16631 16633
16632 16633 16634
16639 16624 16623
16640 16606 16605
16641 16608 16642
16643 16614 16644
16645 16620 16646
16647 16626 16648
16649 16650 16641
16649 16641 16651
16652 16653 16647
16652 16647 16654
16655 16656 16643
16655 16643 16657
16658 16659 16645
16658 16645 16660
16640 16659 16658
16643 16644 16657
16640 16605 16659
16644 16614 16613
16638 16611 16653
16642 16608 16607
16641 16642 16651
16638 16653 16652
16639 16623 16656
16646 16620 16619
16645 16646 16660
16639 16656 16655
16635 16617 16650
16648 16626 16625
16647 16648 16654
16635 16650 16649
