byte offset: 0
first index: 0
index count: 42927
topology: trianglelist
format: DXGI_FORMAT_R16_UINT

0 1 2
0 2 3
3 2 4
3 4 5
5 4 6
5 6 7
7 6 8
7 8 9
9 8 10
9 10 11
11 10 12
11 12 13
13 12 14
13 14 15
15 14 16
15 16 17
17 16 18
17 18 19
19 18 20
19 20 21
21 20 22
21 22 23
23 22 24
23 24 25
26 27 28
26 28 29
30 28 27
30 27 31
32 33 34
32 34 35
29 34 33
29 33 26
36 37 38
36 38 39
35 38 37
35 37 32
40 41 42
40 42 43
39 42 41
39 41 36
44 45 46
44 46 47
43 46 45
43 45 40
48 49 50
48 50 51
47 50 49
47 49 44
5 52 53
5 53 3
3 53 54
3 54 0
1 55 56
1 56 2
2 56 57
2 57 4
9 58 59
9 59 7
7 59 52
7 52 5
4 57 60
4 60 6
6 60 61
6 61 8
13 62 63
13 63 11
11 63 58
11 58 9
8 61 64
8 64 10
10 64 65
10 65 12
17 66 67
17 67 15
15 67 62
15 62 13
12 65 68
12 68 14
14 68 69
14 69 16
21 70 71
21 71 19
19 71 66
19 66 17
16 69 72
16 72 18
18 72 73
18 73 20
25 74 75
25 75 23
23 75 70
23 70 21
20 73 76
20 76 22
22 76 77
22 77 24
78 79 80
78 80 81
79 82 83
79 83 80
82 84 85
82 85 83
84 86 87
84 87 85
86 88 89
86 89 87
88 90 91
88 91 89
90 92 93
90 93 91
92 94 95
92 95 93
94 96 97
94 97 95
96 98 99
96 99 97
98 100 101
98 101 99
100 102 103
100 103 101
104 105 106
104 106 107
108 109 107
108 107 106
110 111 112
110 112 113
105 104 113
105 113 112
114 115 116
114 116 117
111 110 117
111 117 116
118 119 120
118 120 121
115 114 121
115 121 120
122 123 124
122 124 125
119 118 125
119 125 124
126 127 128
126 128 129
123 122 129
123 129 128
82 79 130
82 130 131
79 78 132
79 132 130
81 80 133
81 133 134
80 83 135
80 135 133
86 84 136
86 136 137
84 82 131
84 131 136
83 85 138
83 138 135
85 87 139
85 139 138
90 88 140
90 140 141
88 86 137
88 137 140
87 89 142
87 142 139
89 91 143
89 143 142
94 92 144
94 144 145
92 90 141
92 141 144
91 93 146
91 146 143
93 95 147
93 147 146
98 96 148
98 148 149
96 94 145
96 145 148
95 97 150
95 150 147
97 99 151
97 151 150
102 100 152
102 152 153
100 98 149
100 149 152
99 101 154
99 154 151
101 103 155
101 155 154
156 157 158
156 158 159
160 161 162
160 162 163
164 165 161
164 161 160
157 163 162
157 162 158
166 167 168
166 168 169
170 171 172
170 172 173
173 172 174
173 174 175
171 170 169
171 169 168
176 177 178
176 178 179
180 181 182
180 182 183
184 180 183
184 183 185
182 181 179
182 179 178
186 187 188
186 188 189
190 191 192
190 192 193
191 194 195
191 195 192
193 188 187
193 187 190
196 197 198
196 199 197
200 201 202
200 203 201
200 204 203
200 205 204
196 206 207
196 198 206
198 197 208
197 209 208
197 199 209
202 201 210
201 211 210
201 203 211
203 204 212
204 213 212
204 205 213
207 206 214
206 215 214
206 198 215
216 208 217
208 209 218
209 219 220
221 210 222
210 211 223
211 224 225
224 212 225
212 213 226
213 227 228
229 214 230
214 215 231
215 216 217
232 217 218
232 218 220
233 222 223
233 223 225
233 225 226
233 226 228
232 230 231
232 231 217
198 208 216
209 199 219
202 210 221
211 203 224
203 212 224
213 205 227
207 214 229
215 198 216
217 208 218
209 220 218
222 210 223
211 225 223
225 212 226
213 228 226
230 214 231
215 217 231
234 235 236
234 236 237
238 239 240
238 240 241
238 241 242
238 242 243
234 244 245
234 245 235
235 246 236
236 246 247
236 247 237
239 248 240
240 248 249
240 249 241
241 250 242
242 250 251
242 251 243
244 252 245
245 252 253
245 253 235
254 255 246
246 256 247
247 257 258
259 260 248
248 261 249
249 262 263
263 262 250
250 264 251
251 265 266
267 268 252
252 269 253
253 255 254
270 256 255
270 257 256
271 261 260
271 262 261
271 264 262
271 265 264
270 269 268
270 255 269
235 254 246
247 258 237
239 259 248
249 263 241
241 263 250
251 266 243
244 267 252
253 254 235
255 256 246
247 256 257
260 261 248
249 261 262
262 264 250
251 264 265
268 269 252
253 269 255
272 273 274
275 276 277
277 278 279
277 279 280
278 276 281
282 283 284
284 285 286
287 285 283
287 283 288
289 290 291
291 292 293
294 292 290
294 290 295
282 296 283
283 297 298
283 298 288
297 296 299
300 301 302
302 301 278
279 278 301
279 301 303
304 305 306
306 277 280
306 280 307
277 305 275
308 309 310
310 311 312
310 312 313
311 309 314
315 316 317
317 318 319
317 319 320
318 316 321
322 323 324
324 292 294
324 294 325
292 323 293
326 327 328
328 324 325
328 325 329
324 327 322
330 331 332
332 297 299
333 298 297
333 297 331
286 285 334
334 285 311
312 311 285
312 285 287
300 335 301
301 310 313
301 313 303
310 335 308
304 306 336
336 306 318
319 318 306
319 306 307
289 337 290
290 317 320
290 320 295
317 337 315
338 339 340
340 331 330
341 333 331
341 331 339
280 279 342
280 342 343
287 288 344
345 294 295
345 295 343
288 298 274
288 274 344
342 279 303
342 303 344
307 280 343
313 312 344
320 319 343
325 294 345
329 325 345
329 345 346
298 333 274
312 287 344
303 313 344
319 307 343
295 320 343
274 333 341
274 341 272
343 342 273
345 343 273
344 274 273
342 344 273
346 345 273
277 276 278
292 291 290
302 278 281
317 316 318
324 323 292
328 327 324
336 318 321
290 337 317
310 309 311
334 311 314
301 335 310
285 284 283
283 296 297
332 331 297
340 339 331
306 305 277
347 348 349
350 351 352
351 353 354
351 354 355
355 356 352
357 358 359
358 360 361
362 363 359
362 359 361
364 365 366
365 367 368
369 370 366
369 366 368
357 359 371
359 363 372
359 372 373
373 374 371
375 376 377
376 355 377
354 378 377
354 377 355
379 380 381
380 382 353
380 353 351
351 350 381
383 384 385
384 386 387
384 387 388
388 389 385
390 391 392
391 393 394
391 394 395
395 396 392
397 398 399
398 400 369
398 369 368
368 367 399
401 402 403
402 404 400
402 400 398
398 397 403
405 406 407
406 374 373
373 372 408
373 408 407
360 409 361
409 388 361
387 362 361
387 361 388
375 377 410
377 378 386
377 386 384
384 383 410
379 411 380
411 395 380
394 382 380
394 380 395
364 366 412
366 370 393
366 393 391
391 390 412
413 414 415
414 405 407
407 408 416
407 416 415
353 417 418
353 418 354
362 419 363
420 417 370
420 370 369
363 419 348
363 348 372
418 419 378
418 378 354
382 417 353
386 419 387
393 417 394
400 420 369
404 421 420
404 420 400
372 348 408
387 419 362
378 419 386
394 417 382
370 417 393
348 347 416
348 416 408
417 349 418
420 349 417
419 349 348
418 349 419
421 349 420
351 355 352
368 366 365
376 356 355
391 395 392
398 368 399
402 398 403
411 396 395
366 391 412
384 388 385
409 389 388
377 384 410
361 359 358
359 373 371
406 373 407
414 407 415
380 351 381
422 423 424
422 424 425
426 427 428
426 428 429
423 422 430
423 430 431
432 433 434
432 434 435
436 437 438
436 438 439
427 426 440
427 440 441
442 443 444
442 444 445
446 447 448
446 448 449
443 450 451
443 451 452
453 454 455
453 455 456
456 455 457
456 457 458
456 458 459
456 459 460
460 461 453
460 453 456
460 459 462
460 462 463
464 465 466
464 466 467
455 465 468
455 468 457
462 469 470
462 470 463
471 463 470
471 470 472
473 474 475
473 475 476
477 478 475
477 475 474
479 480 481
479 481 482
480 479 483
480 483 484
485 486 487
485 487 488
489 490 487
489 487 491
492 493 494
492 494 495
486 496 491
486 491 487
497 498 499
497 499 500
501 502 498
501 498 497
443 442 503
443 503 450
452 453 461
452 461 504
505 506 507
505 507 508
426 509 510
426 510 440
511 512 513
511 513 514
515 509 426
515 426 429
429 435 516
429 516 515
437 436 517
437 517 518
424 519 517
424 517 436
431 520 521
431 521 423
522 523 524
522 524 525
526 527 525
526 525 524
523 522 528
523 528 529
530 531 532
530 532 533
534 535 536
534 536 537
538 539 537
538 537 536
540 541 542
540 542 543
544 545 539
544 539 538
546 547 548
546 548 549
550 551 552
550 552 553
535 551 550
535 550 536
522 554 555
522 555 528
555 554 556
555 556 557
558 550 553
558 553 559
536 550 558
536 558 538
525 560 554
525 554 522
556 554 560
556 560 561
559 562 563
559 563 558
558 563 544
558 544 538
560 525 527
560 527 564
561 560 564
561 564 565
566 567 568
566 568 569
567 566 548
567 548 547
570 571 533
570 533 532
572 571 570
572 570 573
574 575 576
574 576 577
575 574 541
575 541 540
578 579 569
578 569 568
576 580 581
576 581 577
562 559 582
562 582 583
584 582 559
584 559 553
573 585 586
573 586 572
587 584 553
587 553 552
565 588 589
565 589 561
557 556 590
557 590 591
590 556 561
590 561 589
513 512 592
513 592 593
532 531 542
532 542 541
574 577 573
574 573 570
570 532 541
570 541 574
585 573 577
585 577 581
594 589 588
594 588 595
596 595 588
596 588 586
594 597 590
594 590 589
597 598 591
597 591 590
599 581 580
599 580 600
601 602 584
601 584 587
603 579 578
603 578 604
519 605 606
519 606 517
583 582 607
583 607 608
581 599 609
581 609 585
610 524 523
610 523 611
526 524 610
526 610 612
529 613 611
529 611 523
531 530 614
531 614 615
616 534 537
616 537 617
617 537 539
617 539 618
542 619 620
542 620 543
618 539 545
618 545 621
549 622 623
549 623 546
531 615 619
531 619 542
473 476 505
473 505 508
624 444 504
624 504 625
422 425 496
422 496 486
626 627 514
626 514 628
629 630 624
629 624 625
609 512 511
609 511 596
592 631 632
592 632 593
633 634 507
633 507 506
433 438 437
433 437 434
434 437 518
434 518 635
636 499 498
636 498 492
502 493 492
502 492 498
598 601 587
598 587 591
535 528 555
535 555 551
534 529 528
534 528 535
529 534 616
529 616 613
551 555 557
551 557 552
552 557 591
552 591 587
636 492 495
636 495 637
637 495 479
637 479 482
495 494 483
495 483 479
428 483 494
428 494 432
435 429 428
435 428 432
588 565 572
588 572 586
571 572 565
571 565 564
564 527 533
564 533 571
526 530 533
526 533 527
530 526 612
530 612 614
488 487 490
488 490 638
454 453 452
454 452 451
443 452 504
443 504 444
467 466 447
467 447 446
504 461 471
504 471 625
427 484 483
427 483 428
486 485 430
486 430 422
494 493 433
494 433 432
502 501 439
502 439 438
625 471 472
625 472 441
438 433 493
438 493 502
442 445 628
442 628 639
640 503 442
640 442 639
500 489 491
500 491 497
497 491 496
497 496 501
425 439 501
425 501 496
425 424 436
425 436 439
435 434 635
435 635 516
627 510 511
627 511 514
449 448 632
449 632 631
514 513 639
514 639 628
639 513 593
639 593 640
640 593 632
640 632 641
440 510 627
440 627 629
441 440 629
441 629 625
641 642 503
641 503 640
448 447 643
448 643 642
451 450 643
451 643 447
451 447 466
451 466 454
465 455 454
465 454 466
461 460 463
461 463 471
644 468 465
644 465 464
505 446 449
505 449 506
467 476 475
467 475 464
478 644 464
478 464 475
543 549 548
543 548 540
575 566 569
575 569 576
566 575 540
566 540 548
580 576 569
580 569 579
603 633 631
603 631 600
543 620 622
543 622 549
446 505 476
446 476 467
449 631 633
449 633 506
484 427 441
484 441 472
470 480 484
470 484 472
480 470 469
480 469 481
643 450 503
643 503 642
445 444 624
445 624 630
628 445 630
628 630 626
641 632 448
641 448 642
629 627 626
629 626 630
510 509 594
510 594 595
595 596 511
595 511 510
509 515 597
509 597 594
645 646 516
645 516 635
600 631 592
600 592 599
606 647 518
606 518 517
634 633 603
634 603 604
582 584 602
582 602 607
520 608 607
520 607 521
599 592 512
599 512 609
596 586 585
596 585 609
647 645 635
647 635 518
579 603 600
579 600 580
648 649 650
648 650 651
652 653 654
652 654 655
656 657 658
656 658 659
660 656 659
660 659 652
661 662 663
661 663 664
665 666 667
665 667 668
669 670 659
669 659 658
671 672 673
671 673 674
675 676 677
675 677 678
648 679 680
648 680 649
672 671 681
672 681 682
658 680 679
658 679 669
683 684 685
683 685 686
687 688 689
687 689 690
691 692 693
691 693 694
691 695 696
691 696 688
688 696 697
688 697 689
698 699 700
698 700 701
702 703 704
702 704 705
706 707 708
706 708 709
705 710 711
705 711 712
713 714 711
713 711 709
715 667 666
715 666 716
717 718 719
717 719 720
721 722 723
721 723 724
724 725 726
724 726 721
722 727 728
722 728 723
727 729 730
727 730 728
731 732 733
731 733 734
735 719 736
735 736 737
738 739 740
738 740 741
742 743 739
742 739 738
744 745 746
744 746 747
748 746 745
748 745 718
749 750 751
749 751 752
753 754 724
753 724 723
754 755 725
754 725 724
756 757 758
756 758 759
734 760 761
734 761 731
762 763 764
762 764 765
766 753 723
766 723 728
767 766 728
767 728 730
768 769 770
768 770 771
772 749 752
772 752 773
762 774 775
762 775 763
775 774 776
775 776 777
764 778 779
764 779 765
780 770 769
780 769 781
469 462 782
469 782 783
782 462 459
782 459 784
785 786 482
785 482 481
458 787 784
458 784 459
482 786 788
482 788 637
789 787 458
789 458 457
500 499 790
500 790 791
791 792 489
791 489 500
478 477 793
478 793 794
795 796 797
795 797 798
743 676 675
743 675 739
799 744 747
799 747 800
801 772 773
801 773 802
499 636 803
499 803 790
804 805 806
804 806 807
716 666 808
716 808 737
809 799 740
809 740 810
799 800 741
799 741 740
771 801 802
771 802 768
803 636 637
803 637 788
670 653 652
670 652 659
811 812 813
811 813 814
815 816 817
815 817 818
818 817 819
818 819 820
670 669 821
670 821 822
823 824 651
823 651 650
825 664 826
825 826 735
827 748 718
827 718 717
750 828 829
750 829 751
490 489 792
490 792 830
831 717 720
831 720 832
833 827 717
833 717 831
828 834 835
828 835 829
638 490 830
638 830 836
733 837 838
733 838 734
838 839 760
838 760 734
756 759 840
756 840 841
842 843 844
842 844 845
845 844 694
845 694 693
846 847 848
849 695 847
849 847 846
794 756 841
794 841 850
756 794 793
756 793 757
836 830 829
836 829 835
751 829 830
751 830 792
792 791 752
792 752 751
773 752 791
773 791 790
790 803 802
790 802 773
768 802 803
768 803 788
769 768 788
769 788 786
781 769 786
781 786 785
783 782 765
783 765 779
765 782 784
765 784 762
762 784 787
762 787 774
789 776 774
789 774 787
763 775 754
763 754 753
766 764 763
766 763 753
778 764 766
778 766 767
770 780 742
770 742 738
771 770 738
771 738 741
801 771 741
801 741 800
772 801 800
772 800 747
747 746 749
747 749 772
750 749 746
750 746 748
748 827 828
748 828 750
827 833 834
827 834 828
758 761 760
758 760 759
759 760 839
759 839 840
755 777 851
755 851 852
775 777 755
775 755 754
853 854 662
853 662 661
700 855 856
700 856 682
820 821 669
820 669 679
822 857 653
822 653 670
674 858 859
674 859 671
853 661 859
853 859 858
860 672 682
860 682 856
672 860 673
682 681 701
682 701 700
684 861 862
684 862 863
811 814 862
811 862 861
684 683 864
813 812 816
813 816 815
685 684 863
685 863 865
866 867 868
725 869 870
725 870 726
755 852 869
755 869 725
871 851 777
871 777 776
789 872 871
789 871 776
872 789 457
872 457 468
848 868 867
848 867 846
846 867 873
846 873 849
869 838 837
869 837 870
838 869 852
838 852 839
840 839 852
840 852 851
840 851 871
840 871 841
872 850 841
872 841 871
850 872 468
850 468 644
713 874 875
713 875 876
876 877 714
876 714 713
823 714 877
823 877 824
644 478 794
644 794 850
878 879 702
878 702 880
730 743 742
730 742 767
779 781 785
779 785 783
783 785 481
783 481 469
781 779 778
781 778 780
780 778 767
780 767 742
730 729 676
730 676 743
677 676 729
677 729 703
708 873 867
708 867 874
880 702 705
880 705 712
881 882 837
881 837 733
883 884 885
883 885 882
886 885 884
886 884 707
707 706 887
707 887 886
706 710 888
706 888 887
704 888 710
704 710 705
889 881 733
889 733 732
826 890 832
826 832 720
720 719 735
720 735 826
818 820 679
818 679 648
818 648 651
818 651 815
824 813 815
824 815 651
814 813 824
814 824 877
877 876 862
877 862 814
863 862 876
863 876 875
875 866 865
875 865 863
848 844 843
848 843 868
891 678 892
891 892 893
894 895 891
894 891 893
896 897 895
896 895 894
897 896 804
897 804 898
899 900 901
899 901 807
736 719 718
736 718 745
745 744 902
745 902 736
799 809 902
799 902 744
810 740 739
810 739 675
901 855 903
901 903 898
897 904 905
897 905 895
892 879 878
892 878 906
671 859 907
671 907 681
893 892 906
893 906 657
727 704 703
727 703 729
703 702 879
703 879 677
870 837 882
870 882 885
885 886 726
885 726 870
721 726 886
721 886 887
722 721 887
722 887 888
888 704 727
888 727 722
879 892 678
879 678 677
696 883 882
696 882 881
697 696 881
697 881 889
664 663 890
664 890 826
908 909 796
908 796 795
667 715 908
667 908 795
797 891 895
797 895 905
859 661 907
808 825 735
808 735 737
698 701 808
698 808 666
701 681 907
900 856 855
900 855 901
856 900 910
856 910 860
665 904 903
665 903 699
904 665 668
904 668 905
905 668 798
905 798 797
894 893 657
894 657 656
896 894 656
896 656 660
692 691 688
692 688 687
874 713 709
874 709 708
712 711 714
712 714 823
710 706 709
710 709 711
806 805 655
806 655 911
695 849 883
695 883 696
899 807 806
899 806 912
884 883 849
884 849 873
649 878 880
649 880 650
707 884 873
707 873 708
712 823 650
712 650 880
906 878 649
906 649 680
657 906 680
657 680 658
654 911 655
666 665 699
666 699 698
660 805 804
660 804 896
654 653 857
807 901 898
807 898 804
904 897 898
904 898 903
855 700 699
855 699 903
805 660 652
805 652 655
664 825 907
664 907 661
808 701 907
808 907 825
686 685 843
686 843 842
865 868 843
865 843 685
795 798 668
795 668 667
891 797 796
891 796 678
909 675 678
909 678 796
810 675 909
810 909 908
809 810 908
809 908 715
809 715 716
809 716 902
902 716 737
902 737 736
515 516 646
515 646 597
645 647 601
645 601 598
647 606 602
647 602 601
602 606 605
602 605 607
521 607 605
521 605 519
519 424 423
519 423 521
646 645 598
646 598 597
913 914 915
913 915 916
911 912 806
861 684 864
899 910 900
861 864 917
917 918 861
919 920 921
857 822 922
857 922 923
819 924 821
819 821 820
821 924 922
821 922 822
844 848 847
844 847 694
694 847 695
694 695 691
874 867 866
874 866 875
865 866 868
925 926 927
925 927 928
929 930 931
929 931 932
925 933 934
925 934 926
935 929 932
935 932 936
937 938 934
937 934 933
939 935 936
939 936 940
941 942 943
941 943 944
945 946 947
945 947 948
949 950 951
949 951 952
945 948 952
945 952 951
930 928 927
930 927 931
946 939 940
946 940 947
950 949 944
950 944 943
617 925 928
617 928 616
930 929 611
930 611 613
925 617 618
925 618 933
610 611 929
610 929 935
621 937 933
621 933 618
612 610 935
612 935 939
622 943 942
622 942 623
615 614 946
615 946 945
619 951 950
619 950 620
615 945 951
615 951 619
928 930 613
928 613 616
939 946 614
939 614 612
943 622 620
943 620 950
926 953 954
926 954 927
955 956 936
955 936 932
956 957 940
956 940 936
958 941 944
958 944 959
938 960 961
938 961 934
934 961 953
934 953 926
931 927 954
931 954 962
948 947 963
948 963 964
952 948 964
952 964 965
966 949 952
966 952 965
962 955 932
962 932 931
957 963 947
957 947 940
949 966 959
949 959 944
963 967 968
955 969 970
955 970 956
964 971 972
964 972 965
957 973 967
974 975 976
974 976 977
978 979 980
978 980 981
982 983 981
982 981 980
984 985 975
984 975 974
986 980 979
986 979 987
988 989 985
988 985 984
990 991 992
993 994 995
996 997 998
996 998 999
1000 1001 1002
1000 1002 1003
1004 1005 1006
1004 1006 1007
1008 1009 1010
1008 1010 1011
1012 1013 1014
1012 1014 1015
981 1016 1017
981 1017 978
1003 1018 1019
1003 1019 1000
1020 1021 1022
1020 1022 1023
1016 1019 1018
1016 1018 1017
1024 1025 1026
1027 1028 1029
1027 1029 1030
986 987 989
986 989 988
1031 986 988
1031 988 1032
1033 1034 1035
1033 1035 1036
993 995 1037
1038 1039 1040
1041 1042 1043
1041 1043 1044
1040 1039 1045
1046 1047 1048
1046 1048 1044
1044 1048 1049
1044 1049 1041
1050 1051 1052
1051 1050 1053
1051 1053 1054
1055 1056 1057
1055 1057 1058
1055 1059 1060
1061 1055 1058
1061 1058 1062
1055 1060 1056
992 991 1063
1064 1065 1066
1064 1066 1067
1068 1069 1070
1068 1070 1071
1071 1072 1073
1071 1073 1068
1074 1075 1076
1074 1076 1077
1078 1077 1076
1078 1076 1079
1080 1081 1082
1080 1082 1083
1084 1085 1086
1084 1086 1087
1088 1089 1090
1088 1090 1091
1092 1093 1094
1092 1094 1095
1096 1097 1093
1096 1093 1092
1098 1099 1097
1098 1097 1096
1100 1101 1102
1100 1102 1103
1073 1072 1104
1073 1104 1105
1104 1106 1107
1104 1107 1105
1083 1082 1108
1083 1108 1109
1070 1069 1109
1070 1109 1108
1097 1099 1110
1097 1110 1111
1093 1097 1111
1093 1111 1112
1113 1114 1115
1113 1115 1116
1064 1067 1117
1064 1117 1118
1093 1112 1119
1093 1119 1094
1120 1121 1122
1120 1122 1123
1121 1120 1124
1121 1124 1125
1099 1098 1125
1099 1125 1124
1126 1127 1128
1099 1124 1129
1099 1129 1110
1120 1130 1129
1120 1129 1124
1130 1120 1123
1130 1123 1131
1132 1133 1118
1132 1118 1117
1134 1115 1114
1134 1114 1135
1091 1102 1101
1091 1101 1088
1129 1130 1128
1129 1128 1136
1136 1137 1129
1138 1110 1139
1111 1140 1112
1110 1138 1141
1112 1140 1142
1143 1140 1111
1130 1131 1126
1134 1135 1075
1134 1075 1074
1090 1089 1144
1090 1144 1145
1112 1142 1146
1078 1079 1066
1078 1066 1065
1087 1086 1147
1087 1147 1148
1084 1149 1085
1150 1151 1152
1150 1152 1153
1154 1155 1156
1154 1156 1157
1157 1156 1151
1157 1151 1150
1158 1159 1160
1158 1160 1161
1161 1160 1155
1161 1155 1154
1153 1152 1162
1153 1162 1163
990 1159 1158
1164 1165 1008
1164 1008 1011
1006 1166 1167
1006 1167 1007
1168 1169 1022
1168 1022 1021
1060 1170 1056
1171 1172 1173
1171 1173 1174
1175 1176 1172
1175 1172 1171
1177 1178 1179
1177 1179 1180
1174 1173 1178
1174 1178 1177
1181 1182 1183
1181 1183 1184
1180 1179 1182
1180 1182 1181
1185 1186 1000
1185 1000 1019
1186 1187 1001
1186 1001 1000
1031 982 980
1031 980 986
984 1188 1032
984 1032 988
1189 1190 1191
1189 1191 1192
974 1193 1188
974 1188 984
1194 1195 1196
1194 1196 1197
1198 1199 1200
1198 1200 1201
1202 1203 1199
1202 1199 1198
1204 1205 1203
1204 1203 1202
1197 1196 1205
1197 1205 1204
992 1159 990
1206 1207 1036
1206 1036 1015
1016 981 983
1016 983 1208
1207 1209 1033
1207 1033 1036
1022 1169 1210
1022 1210 1026
1208 1185 1019
1208 1019 1016
916 915 1211
916 1211 1212
1213 1214 1215
1213 1215 1216
1217 1218 1219
1217 1219 1220
1214 1220 1219
1214 1219 1215
1221 1222 1223
1224 1225 1226
1227 1225 1228
1227 1228 1229
1230 1231 1232
1233 1234 1235
1236 1237 1238
1239 1240 1241
1239 1241 1242
1243 1244 1245
1243 1245 1246
1247 1248 1249
1250 1251 1252
1250 1252 1253
1254 1255 1256
1257 1258 1259
1260 1261 1013
1260 1013 1012
1052 1262 1050
1005 1004 1263
1005 1263 1264
1265 1266 1267
1265 1267 1268
1269 1270 1271
1269 1271 1272
1266 1272 1271
1266 1271 1267
1273 1274 1275
1276 1277 1278
1279 1280 1281
1279 1281 1282
1276 1283 1284
1276 1284 1277
1285 1286 1287
1285 1287 1288
1027 1030 1289
1027 1289 1290
1279 1291 1292
1279 1292 1280
1037 1293 993
1294 1295 1296
1294 1296 1297
1298 1299 1300
1235 1301 1233
1302 1303 1304
1302 1304 1305
1306 1307 1308
1306 1308 1309
979 1308 1307
979 1307 987
1310 1311 1312
1310 1312 1313
1311 985 989
1311 989 1312
1311 1310 1314
1311 1314 1315
985 1311 1315
985 1315 975
1315 1316 976
1315 976 975
1317 1302 1318
1319 1320 1321
1322 1020 1023
1322 1023 1323
1034 1324 1325
1034 1325 1035
1326 1327 1328
1326 1328 1329
1309 1308 1330
1309 1330 1331
1330 1308 979
1330 979 978
1332 1333 1334
1332 1334 1335
1336 1337 1330
1338 1339 1340
1338 1340 1341
1003 1002 1342
1003 1342 1339
1343 1344 1345
1343 1345 1346
1330 978 1017
1330 1017 1336
1230 1347 1229
1249 1348 1349
1249 1349 1350
1351 1352 1353
1351 1353 1354
1355 1356 1357
1301 1235 1318
1229 1248 1243
1229 1243 1227
1246 1358 1227
1246 1227 1243
1359 1360 1242
1359 1242 1241
1299 1352 1361
1299 1361 1362
1362 1363 1299
1347 1364 1349
1347 1349 1348
1304 1365 1301
1304 1301 1305
1366 1249 1350
1302 1305 1318
1217 1367 1218
1360 1368 1369
1242 1360 1358
1242 1358 1246
1239 1242 1246
1239 1246 1245
1313 1312 1307
1313 1307 1306
1327 1326 1370
1335 1334 1270
1335 1270 1269
1260 1325 1265
1260 1265 1268
1264 1263 1371
1264 1371 1372
1290 1289 1292
1290 1292 1291
1338 1341 1373
1338 1373 1336
1336 1017 1018
1336 1018 1338
1023 1025 1374
1023 1374 1323
973 957 956
973 956 970
1375 1376 1377
1377 1378 1379
1380 1381 1376
1382 1383 1384
1385 1386 1267
1385 1267 1271
1286 1284 1283
1286 1283 1287
1387 1271 1270
1387 1270 1388
1389 1390 1391
1389 1391 1392
1312 989 987
1312 987 1307
1288 1252 1251
1288 1251 1285
1393 1392 1391
1393 1391 1394
1262 1294 1297
1262 1297 1395
1396 1333 1332
1396 1332 1397
1398 1266 1265
1398 1265 1399
1328 1272 1266
1328 1266 1400
1327 1269 1272
1327 1272 1328
1370 1335 1269
1370 1269 1327
1306 1309 1240
1306 1240 1239
1245 1313 1306
1245 1306 1239
1313 1245 1244
1313 1244 1310
1310 1244 1247
1310 1247 1314
1337 1401 1402
1337 1402 1331
1403 1401 1337
1403 1337 1373
1362 1403 1404
1362 1404 1363
1361 1401 1403
1361 1403 1362
1402 1240 1309
1402 1309 1331
1402 1405 1241
1402 1241 1240
1405 1361 1352
1405 1352 1351
1341 1340 1406
1341 1406 1407
1401 1361 1405
1401 1405 1402
1248 1247 1244
1248 1244 1243
1347 1348 1248
1347 1248 1229
1247 1249 1366
1323 1408 1409
1323 1409 1322
1314 1366 1316
1317 1408 1323
1317 1323 1374
1317 1410 1302
1408 1274 1273
1408 1273 1409
1324 1399 1265
1324 1265 1325
1411 1010 1009
1411 1009 1319
1412 1321 1320
1412 1413 1414
1281 1278 1282
1276 1278 1281
1415 1293 1416
993 1293 1415
1250 1253 1415
1250 1415 1416
1417 1418 1419
1234 1417 1235
962 1382 969
962 969 955
1420 1221 1223
1420 1223 1421
1422 1423 1424
1422 1424 1425
1426 1427 1428
1429 1430 1381
1429 1381 1380
1431 1432 1433
1431 1433 1434
1435 1432 1436
1435 1436 1437
1438 1433 1439
1238 1237 971
1440 1441 1442
1443 1444 1329
1443 1329 1328
1256 1255 1445
1255 1446 1447
1448 1449 1450
1451 1452 1453
1446 1255 1454
1255 1254 1455
1414 1254 1256
1413 1254 1414
1255 1447 1445
1456 1457 1458
1459 1449 1448
1459 1448 1460
1461 1448 1462
1406 1463 1424
1406 1424 1407
1344 1456 1464
1344 1464 1345
1346 1038 1465
1346 1465 1343
1335 1370 1466
1335 1466 1332
1332 1466 1467
1332 1467 1397
1467 1042 1397
1465 1038 1040
1468 1463 1406
1468 1406 1469
1340 1470 1469
1340 1469 1406
1470 1340 1339
1470 1339 1342
1018 1003 1339
1018 1339 1338
1407 1424 1363
1407 1363 1404
1341 1407 1404
1041 1049 1471
1041 1471 1396
996 1472 1473
996 1473 997
1050 1395 1053
1474 1475 1476
1477 1478 1334
1477 1334 1333
1478 1479 1270
1478 1270 1334
1479 1388 1270
1480 1390 1389
1481 1393 1394
1481 1394 1482
1472 1481 1482
1472 1482 1473
1476 1475 1296
1476 1296 1295
1050 1262 1395
1057 1483 1058
1484 1483 1485
1484 1485 1486
1486 1485 1487
1486 1487 1488
1487 1489 1488
1372 1371 1490
1372 1490 1491
1491 1490 1259
1491 1259 1492
1387 1385 1271
1259 1258 1492
1398 1443 1400
1412 1320 1413
1319 1321 1411
1058 1483 1484
1058 1484 1062
1430 1429 1493
1419 1418 1494
1419 1318 1235
1052 1051 1495
954 1496 1383
954 1383 962
1368 1497 1369
1213 1216 1498
1213 1498 1499
1430 1493 1500
1501 1502 1503
1504 1505 1506
1507 1501 1503
1507 1503 1508
1509 1510 1511
1512 1504 1513
1512 1513 1514
1508 1503 1509
1508 1509 1515
1501 1505 1502
1509 1503 1502
1504 1512 1510
1504 1510 1505
1510 1512 1516
1505 1501 1517
1510 1502 1505
1510 1509 1502
1226 1358 1369
1226 1227 1358
1360 1369 1358
1509 1511 1515
1510 1516 1511
1505 1517 1506
1517 1501 1507
1504 1506 1513
1516 1512 1514
1053 1518 1054
1184 1183 1519
1184 1519 1520
1520 1519 1521
1520 1521 1522
1522 1521 1523
1522 1523 1524
1523 1525 1524
1525 1526 1527
1526 1528 1529
1528 1530 1531
1528 1531 1529
1530 1532 1533
1530 1533 1531
1532 1534 1535
1532 1535 1533
1534 1536 1537
1537 1538 1127
1537 1127 1539
1540 1541 1128
1540 1128 1538
1526 1529 1527
1398 1400 1266
1328 1400 1443
1396 1397 1042
1396 1042 1041
1477 1333 1396
1477 1396 1471
962 1383 1382
1035 1012 1015
1035 1015 1036
1325 1260 1012
1325 1012 1035
1261 1260 1268
1261 1268 1542
1543 1206 1015
1543 1015 1014
1542 1268 1267
1542 1267 1386
1538 1537 1536
1538 1536 1540
1534 1537 1539
1534 1539 1535
1541 1544 1136
1541 1136 1128
1136 1544 1545
1136 1545 1137
1545 1546 1139
1545 1139 1137
1547 1548 1141
1547 1141 1138
1143 1549 1550
1143 1550 1140
1140 1550 1551
1140 1551 1142
1552 1553 1554
1552 1554 1555
1554 1556 1557
1554 1557 1555
1553 1552 1142
1558 1559 1560
1559 1561 1562
1559 1562 1560
1561 1563 1564
1561 1564 1562
1563 1565 1566
1565 1567 1568
1569 1567 1191
1569 1191 1190
977 1570 1193
977 1193 974
1024 1026 1210
1024 1210 1571
1026 1023 1022
1026 1025 1023
1189 1192 1572
1189 1572 1573
1572 1574 1573
1139 1546 1547
1139 1547 1138
1143 1141 1548
1143 1548 1549
1566 1565 1575
1563 1566 1564
1565 1568 1575
1568 1567 1569
1139 1129 1137
1139 1110 1129
1110 1141 1111
1111 1141 1143
1142 1552 1146
1553 1142 1551
1556 1576 1577
1556 1577 1557
1576 1578 1579
1576 1579 1577
1578 1580 1581
1578 1581 1579
1580 1582 1583
1580 1583 1581
1583 1582 1584
1583 1584 1585
1584 1586 1587
1584 1587 1585
1586 1063 991
1586 991 1587
1061 1059 1055
1524 1525 1527
1130 1126 1128
1112 1146 1119
1128 1127 1538
971 1237 972
1351 1354 1359
1405 1351 1241
1588 1234 1233
1233 1301 1365
1233 1365 1589
1317 1374 1410
1247 1366 1314
1347 1230 1232
1347 1232 1364
1228 1231 1230
1229 1228 1230
1317 1318 1274
1317 1274 1408
1589 1588 1233
1235 1417 1419
1351 1359 1241
1249 1248 1348
1302 1410 1303
1301 1318 1305
1314 1316 1315
1373 1341 1404
1336 1373 1337
1403 1373 1404
1330 1337 1331
1448 1450 1590
1424 1423 1300
1424 1300 1363
1363 1300 1299
1299 1298 1353
1299 1353 1352
1591 1592 995
1593 1594 1595
1596 1597 1598
1596 1598 1599
1600 1601 1602
1603 1604 1605
1603 1605 1606
1607 1608 1609
1607 1609 1610
1611 1612 1613
1611 1613 1614
1615 1616 1617
1615 1617 1618
1619 1616 1620
1619 1620 1621
1622 1623 1624
1622 1624 1625
1626 1627 1628
1626 1628 1629
1630 1631 1632
1630 1632 1633
1634 1635 1636
1634 1636 1637
1638 1639 1640
1638 1640 1641
1642 1643 1644
1642 1644 1645
1646 1647 1648
1646 1648 1649
1650 1651 1652
1653 1654 1655
1653 1655 1656
1657 1651 1650
1658 1659 1660
1661 1662 1663
1661 1663 1664
1665 1666 1667
1639 1668 1669
1639 1669 1640
1670 1671 1672
1670 1672 1673
1674 1675 1673
1674 1673 1672
1640 1669 1676
1640 1676 1677
1678 1679 1680
1681 1661 1682
1681 1682 1683
1684 1685 1686
1684 1686 1687
1688 1689 1690
1688 1690 1691
1683 1682 1692
1683 1692 1693
1684 1693 1692
1684 1692 1694
1695 1696 1697
1695 1697 1698
1699 1700 1701
1699 1701 1702
1703 1704 1705
1703 1705 1706
1707 1708 1709
1707 1709 1710
1711 1701 1700
1711 1700 1712
1712 1713 1704
1712 1704 1711
1714 1715 1716
1714 1716 1717
1718 1719 1720
1718 1720 1721
1722 1723 1724
1722 1724 1725
1719 1718 1726
1719 1726 1727
1722 1725 1727
1722 1727 1726
1728 1729 1730
1728 1730 1731
1732 1733 1734
1732 1734 1735
1736 1737 1738
1736 1738 1739
1737 1736 1666
1737 1666 1665
1740 1741 1742
1740 1742 1743
1744 1745 1740
1744 1740 1743
1746 1747 1748
1746 1748 1749
1750 1748 1747
1750 1747 1751
1752 1753 1754
1752 1754 1755
1756 1757 1758
1756 1758 1759
1760 1761 1762
1760 1762 1763
1764 1765 1766
1764 1766 1767
1768 1769 1770
1768 1770 1771
1772 1773 1774
1772 1774 1775
1776 1777 1778
1776 1778 1779
1780 1781 1782
1780 1782 1783
1784 1785 1786
1784 1786 1787
1788 1789 1790
1788 1790 1791
1792 1793 1794
1792 1794 1795
1796 1797 1793
1796 1793 1792
1611 1798 1799
1611 1799 1800
1801 1802 1798
1801 1798 1803
1800 1804 1805
1800 1805 1806
1807 1760 1763
1807 1763 1808
1614 1809 1810
1614 1810 1803
1811 1812 1813
1811 1813 1814
1815 1816 1817
1815 1817 1818
1819 1820 1821
1819 1821 1822
1823 1814 1824
1823 1824 1825
1625 1826 1827
1828 1829 1830
1828 1830 1831
1832 1774 1773
1832 1773 1833
1829 1828 1834
1829 1834 1835
1836 1837 1838
1836 1838 1839
1641 1640 1677
1641 1677 1840
1654 1841 1842
1654 1842 1655
1603 1606 1843
1603 1843 1844
1845 1846 1847
1845 1847 1848
1849 1850 1851
1852 1853 1854
1852 1854 1685
1855 1699 1702
1855 1702 1856
1857 1858 1859
1857 1859 1860
1861 1862 1863
1861 1863 1864
1865 1866 1867
1865 1867 1868
1869 1870 1871
1869 1871 1872
1873 1874 1875
1873 1875 1876
1877 1873 1748
1877 1748 1750
1811 1878 1879
1811 1879 1812
1880 1881 1882
1880 1882 1883
1759 1758 1884
1759 1884 1885
1886 1752 1755
1886 1755 1887
1881 1888 1889
1881 1889 1882
1890 1891 1892
1890 1892 1893
1715 1894 1895
1715 1895 1716
1775 1774 1896
1775 1896 1897
1898 1899 1900
1898 1900 1901
1788 1902 1903
1788 1903 1789
1904 1905 1799
1904 1799 1906
1907 1764 1804
1907 1804 1905
1908 1909 1910
1908 1910 1911
1912 1758 1757
1912 1757 1913
1914 1881 1880
1914 1880 1915
1752 1886 1916
1752 1916 1917
1753 1752 1917
1753 1917 1918
1919 1920 1921
1919 1921 1620
1922 1923 1924
1782 1781 1925
1781 1926 1927
1781 1927 1928
1929 1930 1931
1929 1931 1932
1933 1934 1935
1933 1935 1932
1936 1872 1871
1936 1871 1937
1748 1873 1876
1748 1876 1749
1797 1796 1938
1797 1938 1939
1940 1941 1942
1940 1942 1943
1872 1936 1944
1872 1944 1742
1945 1946 1947
1945 1947 1948
1946 1910 1909
1946 1909 1947
1949 1950 1951
1949 1951 1952
1797 1939 1953
1797 1953 1954
1742 1741 1869
1742 1869 1872
1757 1756 1943
1757 1943 1942
1913 1757 1942
1913 1942 1911
1910 1946 1882
1910 1882 1889
1882 1946 1945
1882 1945 1883
1892 1951 1950
1892 1950 1893
1953 1918 1893
1953 1893 1950
1754 1753 1939
1754 1939 1938
1868 1751 1747
1868 1747 1865
1871 1870 1875
1871 1875 1874
1794 1941 1940
1794 1940 1795
1885 1884 1955
1885 1955 1956
1914 1912 1888
1914 1888 1881
1793 1797 1957
1793 1957 1958
1959 1794 1793
1959 1793 1958
1960 1941 1794
1960 1794 1959
1908 1941 1960
1908 1960 1961
1962 1919 1615
1962 1615 1963
1911 1942 1941
1911 1941 1908
1913 1889 1888
1913 1888 1912
1915 1955 1884
1915 1884 1914
1916 1891 1890
1916 1890 1917
1890 1893 1918
1890 1918 1917
1950 1949 1954
1950 1954 1953
1911 1910 1889
1911 1889 1913
1939 1753 1918
1939 1918 1953
1758 1912 1914
1758 1914 1884
1957 1797 1954
1957 1954 1964
1908 1961 1909
1863 1965 1721
1863 1721 1720
1762 1966 1967
1762 1967 1861
1735 1968 1969
1735 1969 1732
1970 1971 1972
1970 1972 1808
1973 1974 1857
1973 1857 1860
1971 1975 1976
1971 1976 1972
1975 1974 1973
1975 1973 1976
1977 1724 1723
1977 1723 1978
1763 1762 1861
1763 1861 1864
1864 1970 1808
1864 1808 1763
1967 1979 1862
1967 1862 1861
1899 1903 1980
1899 1980 1809
1790 1789 1898
1790 1898 1981
1982 1786 1785
1982 1785 1983
1786 1982 1805
1786 1805 1767
1902 1788 1791
1902 1791 1984
1985 1784 1787
1985 1787 1766
1765 1764 1907
1765 1907 1986
1859 1858 1968
1859 1968 1735
1731 1987 1761
1731 1761 1728
1986 1988 1989
1986 1989 1765
1729 1728 1990
1729 1990 1980
1802 1976 1973
1802 1973 1906
1611 1614 1803
1611 1803 1798
1990 1810 1809
1990 1809 1980
1807 1801 1803
1807 1803 1810
1800 1799 1905
1800 1905 1804
1859 1991 1904
1859 1904 1860
1991 1734 1986
1991 1986 1907
1968 1858 1977
1968 1977 1626
1611 1800 1992
1611 1992 1612
1614 1613 1900
1627 1978 1993
1627 1993 1994
1780 1995 1926
1780 1926 1781
1996 1997 1998
1996 1998 1999
2000 1815 1818
2000 1818 2001
2002 2003 2004
2002 2004 1923
2005 1780 1783
2005 1783 2006
2007 2003 1879
2007 1879 1779
1776 1878 1934
1776 1934 2008
2007 2009 2004
2007 2004 2003
2005 2010 1995
2005 1995 1780
2000 2001 2011
2000 2011 2012
2013 2014 1708
2013 1708 2015
2014 2016 1709
2014 1709 1708
2017 1819 2018
2017 2018 2019
2017 2020 1820
2017 1820 1819
2020 1703 1930
2020 1930 1820
2021 2019 2018
2021 2018 2022
2023 1705 2024
2023 2024 2025
2021 2022 1998
2021 1998 1997
2026 1997 1996
2026 1996 2027
2014 2013 2023
2014 2023 1632
1777 1776 2008
1777 2008 2028
2029 1822 1816
2029 1816 1815
1816 1825 1824
1816 1824 1817
1929 1823 1825
1929 1825 1821
1823 1935 1811
1823 1811 1814
1878 1811 1935
1878 1935 1934
2030 2029 1815
2030 1815 2000
1934 1933 1707
1934 1707 2008
2030 2000 2012
2030 2012 2031
1824 2032 2033
1824 2033 1817
1927 1817 2033
1927 2033 2034
1824 1814 2035
1824 2035 2032
1774 1832 2036
1774 2036 1896
1681 1831 2037
1681 2037 1662
2038 1833 2039
2038 2039 2040
2041 2042 1663
2041 1663 2043
1622 1625 2044
1622 2044 2045
2045 1769 1768
2045 1768 1622
2046 1690 1697
1770 1769 2047
1770 2047 2048
2049 2050 2038
2049 2038 2051
2050 2049 2052
2050 2052 2053
2040 2054 2051
2040 2051 2038
2055 2056 2057
2055 2057 2058
2047 2058 2057
2047 2057 2059
2053 2060 1601
2053 1601 2036
2055 1838 1837
2055 1837 2056
1839 1838 2061
1839 2061 2062
2063 2060 1839
2063 1839 2062
1601 2060 2063
1601 2063 1602
2064 2065 1696
2064 1696 1695
2066 2067 2052
2066 2052 2068
2069 2066 1829
2069 1829 1835
1834 1687 2070
1834 2070 1835
2037 2071 2072
2037 2072 2043
2071 2037 1831
2071 1831 1830
2073 2041 2043
2073 2043 2072
2074 2075 1686
2074 1686 2076
2076 1697 1696
2076 1696 2074
1687 1686 2075
1687 2075 2070
1691 2077 2078
2079 2080 2081
2079 2081 2082
1678 1680 2083
2084 2085 2086
2084 2086 2087
2088 2089 2090
2088 2090 2091
1673 1675 2092
1673 2092 2091
2092 1675 2093
2092 2093 2094
2095 2086 2096
2095 2096 2097
2095 2097 2082
2095 2082 2081
2098 2099 2100
2098 2100 2101
2102 2103 2104
2102 2104 2105
2106 2107 2108
2106 2108 2109
2110 2111 2112
2110 2112 2113
2113 2114 2115
2113 2115 2110
2106 2116 2117
2106 2117 2107
1675 1674 2118
1675 2118 2093
2118 2116 2119
2118 2119 2093
2101 2120 2121
2101 2121 2098
2104 2122 2123
2104 2123 2105
2107 2124 2125
2107 2125 2108
2117 2126 2124
2117 2124 2107
2127 2115 2128
2127 2128 2129
2126 2117 2127
2126 2127 2129
2130 2131 2113
2130 2113 2112
2131 2132 2114
2131 2114 2113
1853 2078 2077
2109 2100 2082
2109 2082 2097
2108 2125 2120
2108 2120 2101
2125 1668 1643
2125 1643 2120
1638 1645 1644
1638 1644 1639
1653 1656 1648
1653 1648 1647
1648 1656 2130
1648 2130 1649
2123 2112 2111
2123 2111 2105
1671 2102 2105
1671 2105 2111
2133 1670 2090
2133 2090 1635
2134 2126 2135
2136 2137 2138
2136 2138 2139
2061 1838 2140
2061 2140 2141
2142 2143 2144
1622 1768 1771
1622 1771 1623
1773 1772 2039
1773 2039 1833
2055 2044 2140
2055 2140 1838
2053 2036 1832
2053 1832 2050
2055 2058 2045
2055 2045 2044
2036 1601 1896
1769 2045 2058
1769 2058 2047
2050 1832 1833
2050 1833 2038
1607 1610 2145
1607 2145 2146
1767 1766 1787
1767 1787 1786
1982 2147 1806
1982 1806 1805
1614 1900 1899
1614 1899 1809
1902 1729 1980
1902 1980 1903
1899 1898 1789
1899 1789 1903
1767 1805 1804
1767 1804 1764
1729 1902 1984
1729 1984 1730
1985 1766 1765
1985 1765 1989
1806 1992 1800
2007 1779 1778
2007 1778 2009
2148 1813 1812
2148 1812 2002
2149 2150 1843
2003 2002 1812
2003 1812 1879
1995 2001 1818
1995 1818 1926
1878 1776 1779
1878 1779 1879
2001 1995 2010
2001 2010 2011
1927 2034 1928
2035 1814 1813
2035 1813 2151
2152 1744 1743
2152 1743 2153
1796 1750 1751
1796 1751 1938
1867 1755 1754
1867 1754 1868
1867 2154 1887
1867 1887 1755
1943 1936 1937
1943 1937 1940
1877 1792 1795
1877 1795 2155
1750 1796 1792
1750 1792 1877
1868 1754 1938
1868 1938 1751
1756 1944 1936
1756 1936 1943
1940 1937 2155
1940 2155 1795
2156 2157 1744
2156 1744 2152
2158 2159 2160
2158 2160 2161
1741 2162 2163
1741 2163 1869
2164 1870 1869
2164 1869 2163
1738 1875 1870
1738 1870 2164
1737 1876 1875
1737 1875 1738
1876 1737 1665
1876 1665 1749
1749 1665 1667
1749 1667 1746
1716 1726 1718
1716 1895 1722
2159 1699 2165
2159 2158 1700
2158 2166 1713
1682 2167 1659
1659 1658 1692
1659 1692 1682
1694 1692 1658
1694 1658 1650
1853 1852 1652
2168 2084 2169
2168 2169 2170
2170 2171 2172
2170 2172 2168
2088 2172 2171
2088 2171 2173
2173 2174 2089
1636 2089 2174
1637 1636 2175
1637 2175 2176
2177 2133 1635
2177 1635 1634
2119 2096 2086
2119 2086 2085
2093 2119 2085
2093 2085 2094
1670 1673 2091
1670 2091 2090
2178 1999 1998
2178 1998 2031
2012 2011 2179
2012 2179 2180
2181 2010 2005
2181 2005 2006
2120 1643 1642
2120 1642 2121
2122 1646 1649
2122 1649 2123
1668 2125 2124
1668 2124 1669
1669 2124 2126
1669 2126 1676
2182 2183 1679
2131 2130 1656
2131 1656 1655
1655 1842 2132
1655 2132 2131
1644 1643 1668
1644 1668 1639
2112 2123 1649
2112 1649 2130
2184 2185 2128
1969 1968 1626
1969 1626 1629
1720 1719 1971
1720 1971 1970
1974 1725 1724
1974 1724 1857
1719 1727 1975
1719 1975 1971
1975 1727 1725
1975 1725 1974
1965 1863 1862
1965 1862 2186
1720 1970 1864
1720 1864 1863
1724 1977 1858
1724 1858 1857
2186 1862 1979
2186 1979 2187
1626 1977 1978
1626 1978 1627
1610 1609 2188
1610 2188 2189
2181 2179 2011
2181 2011 2010
1926 1818 1817
1926 1817 1927
1632 1631 2016
1632 2016 2014
1701 2017 2019
1701 2019 1702
1701 1711 2020
1701 2020 2017
1711 1704 1703
1711 1703 2020
1702 2019 2021
1702 2021 1856
2027 2190 2191
2027 2191 2026
2192 2193 2194
2192 2194 2195
2196 2197 2198
2199 2200 1844
2201 1604 1603
1831 1681 1683
1831 1683 1828
1685 1684 1694
1685 1694 1852
1698 1697 1690
1698 1690 1689
1693 1834 1828
1693 1828 1683
1687 1834 1693
1687 1693 1684
2076 1686 1685
2076 1685 1854
1664 1663 2042
1664 2042 2202
2077 1691 1690
2077 1690 2046
1837 1836 2069
1837 2069 2203
2051 2204 2205
2051 2205 2049
2205 2071 1830
2205 1830 2068
2054 2206 2204
2054 2204 2051
2207 2208 2075
2207 2075 2074
2203 2208 2056
2203 2056 1837
2059 2209 2048
2059 2048 2047
2052 2067 2060
2052 2060 2053
1839 2060 2067
1839 2067 1836
1746 1667 2210
1895 1723 1722
2211 1866 1865
2211 1865 2212
1742 1944 2153
1742 2153 1743
2211 2213 2214
2211 2214 1866
2157 2215 1745
2157 1745 1744
1746 2212 1865
1746 1865 1747
1937 1871 1874
1937 1874 2155
1873 1877 2155
1873 2155 1874
1734 1733 1988
1734 1988 1986
1966 1762 1761
1966 1761 1987
1707 1710 2028
1707 2028 2008
2031 2012 2180
2031 2180 2178
2065 2064 2209
2065 2209 2059
2072 2204 2206
2072 2206 2073
2079 2082 2100
2079 2100 2099
2103 2102 2133
2103 2133 2177
2080 2136 2139
2080 2139 2081
2172 2088 2091
2172 2091 2092
2092 2094 2168
2092 2168 2172
2095 2216 2087
2095 2087 2086
2081 2139 2216
2081 2216 2095
2089 1636 1635
2089 1635 2090
1885 2152 2153
1885 2153 1759
1885 1956 2156
1885 2156 2152
2154 1867 1866
2154 1866 2214
1756 1759 2153
1756 2153 1944
2139 2138 2217
2139 2217 2216
2218 1688 1691
2218 1691 2219
2220 2191 2190
2221 2222 2211
1740 1745 2223
1740 2223 2224
2162 1741 1740
2162 1740 2224
2225 2213 2211
2225 2211 2222
2226 2163 2162
2226 2162 2227
2163 2226 2228
2163 2228 2164
1739 1738 2164
1739 2164 2228
1994 2229 1627
2223 1745 2215
2223 2215 2230
1713 2231 2024
2087 2169 2084
1652 1852 1694
1652 1694 1650
2187 2232 2186
1627 2233 1628
2110 1672 1671
2110 1671 2111
1674 1672 2110
1674 2110 2115
2096 2106 2109
2096 2109 2097
2096 2119 2116
2096 2116 2106
2115 2127 2118
2115 2118 1674
2127 2117 2116
2127 2116 2118
2109 2108 2101
2109 2101 2100
2133 2102 1671
2133 1671 1670
1829 2066 2068
1829 2068 1830
1836 2067 2066
1836 2066 2069
1835 2070 2203
1835 2203 2069
2068 2052 2049
2068 2049 2205
2208 2207 2057
2208 2057 2056
2070 2075 2208
2070 2208 2203
2071 2205 2204
2071 2204 2072
1822 1821 1825
1822 1825 1816
1823 1929 1932
1823 1932 1935
1932 1931 2015
1932 2015 1933
2018 1819 1822
2018 1822 2029
1930 1929 1821
1930 1821 1820
2029 2030 2022
2029 2022 2018
1933 2015 1708
1933 1708 1707
2030 2031 1998
2030 1998 2022
1802 1801 1972
1802 1972 1976
1760 1807 1810
1760 1810 1990
1860 1904 1906
1860 1906 1973
1798 1802 1906
1798 1906 1799
1801 1807 1808
1801 1808 1972
1991 1907 1905
1991 1905 1904
1728 1761 1760
1728 1760 1990
1735 1734 1991
1735 1991 1859
1963 1615 1618
1963 1618 2234
1919 1962 2235
1919 2235 1920
2236 1607 2146
2237 2238 1608
1606 1605 2239
2240 2241 1678
1700 1699 2159
2212 1746 2210
2212 2210 2242
2212 2242 2221
2212 2221 2211
2243 1664 2202
2243 2202 2244
1664 2243 2245
1664 2245 2246
1633 2247 1630
2248 2231 2166
2057 2207 2065
2057 2065 2059
2249 2250 2251
2252 2253 2250
2252 2250 2249
2254 2255 2253
2254 2253 2252
1813 2148 2151
1610 2189 2145
1901 2256 1898
1847 1846 2257
1849 1851 1845
1849 1845 1848
2258 2147 1982
1981 2256 2259
1898 2256 1981
2258 1983 2260
2258 1982 1983
1721 1717 1718
1699 1855 2261
1699 2261 2165
2026 2191 1855
2026 1855 1856
2024 1705 1704
2024 1704 1713
2220 2190 2262
2233 1627 2229
2263 2186 2232
1706 2013 2015
1706 2015 1931
1703 1706 1931
1703 1931 1930
1700 2158 1712
2158 1713 1712
1716 1718 1717
1716 1722 1726
1997 2026 1856
1997 1856 2021
1705 2023 2013
1705 2013 1706
1632 2023 2025
1632 2025 1633
2025 2024 2264
2264 1633 2025
1691 2078 2219
1681 1662 1661
2043 1663 1662
2043 1662 2037
1661 1664 2246
1949 1964 1954
1919 1620 1616
1919 1616 1615
1617 1616 1619
1620 1921 1621
2265 1609 1608
2265 1608 2238
2266 1609 2265
2237 1608 2267
1607 2236 2267
2188 1609 2266
2267 1608 1607
2192 2195 2268
2196 2198 2194
2196 2194 2193
1923 1922 2002
1782 1925 2269
1925 1781 1928
2002 1922 2148
1844 1843 2150
1844 2150 2270
2149 1843 2271
2199 1844 2270
1844 2200 1603
2271 1843 1606
1606 2239 2271
2201 1603 2200
2272 2273 2274
2273 1597 2275
2272 2143 2142
2272 2142 2273
2276 1599 1598
1827 2141 2140
1625 1827 2140
1625 2140 2044
2142 2144 2277
2142 1598 1597
2142 1597 2273
2278 1597 1596
2275 1597 2278
2274 2273 2275
2277 1598 2142
2279 1897 1896
2279 2280 1897
2281 1826 1624
1826 1625 1624
2276 1598 2277
1667 1666 2282
2094 2085 2084
2094 2084 2168
2126 2129 2283
2126 2283 2135
2283 2129 2128
2283 2128 2185
1678 2083 2240
1678 2241 2182
2182 1679 1678
1680 1679 2284
1679 2183 2285
2284 1679 2285
2170 2169 2286
2224 2227 2162
2128 2132 2184
2184 2132 1842
2184 1842 2287
2287 1842 1841
2287 1841 2288
1840 1677 2289
1840 2289 2290
1677 1676 2134
1677 2134 2289
1676 2126 2134
2115 2114 2128
2114 2132 2128
2291 2255 2254
1600 2279 1896
1600 1896 1601
1657 1650 1658
1658 1660 1657
2166 2158 2161
1713 2166 2231
2248 2166 2161
1661 2167 1682
2046 1854 1853
2046 1853 2077
2046 1697 2076
2046 2076 1854
1696 2065 2207
1696 2207 2074
1432 1435 2292
2293 2294 2295
1432 2292 1433
1494 2296 1419
2296 2297 1419
2298 1318 1419
2298 1274 1318
1420 2299 1221
2300 2301 1438
2300 1438 2302
2301 1434 1438
2303 1434 2301
1438 1434 1433
1431 2304 1432
2305 1453 1452
1275 1441 1440
1441 1275 2298
1275 1274 2298
1455 2306 2307
1455 2307 2308
1451 1453 2309
1451 2309 2310
1437 1436 1451
1437 1451 2310
1436 1452 1451
1419 2297 2298
1223 2311 1421
2312 2313 1461
2312 1461 1462
1590 1450 2314
1590 2314 2315
2316 1356 1355
1355 2317 1420
2317 2318 2319
1434 2320 2321
1434 2321 1431
1452 2322 2323
1452 2323 2324
1432 2304 2322
2325 2326 1454
2325 1454 2308
2327 2328 2329
1432 2322 1436
1436 2322 1452
1452 2324 2305
2307 2330 2308
2331 1461 2332
1448 1461 2331
2333 2331 2334
2333 1460 2331
1454 2326 2335
1454 1455 2308
1454 1255 1455
2336 2337 2329
2338 2339 2318
2338 2318 1357
2340 1357 1356
2317 1357 2318
1355 1357 2317
2341 2342 2343
2316 2344 1356
2344 2345 2346
2344 2346 1356
2331 1460 1448
1446 2347 2348
2349 2350 2351
2349 2351 2352
2329 2342 2341
2329 2341 2327
2329 2337 2342
2353 2328 2327
2354 2323 2322
2354 2322 2304
2305 2324 2355
2308 2330 2325
2356 2353 2327
2357 2358 2302
2357 2302 1438
1435 2359 2292
2360 2361 2362
2363 2364 1237
2364 972 1237
2364 2365 972
2366 966 965
2366 965 972
2366 2367 966
2368 2369 959
960 2370 2371
960 2371 961
961 2371 2372
961 2372 953
2372 2373 2374
2375 2293 2295
1423 2376 1300
2377 1298 1300
2377 2378 1298
2378 1353 1298
2378 2379 1354
2378 1354 1353
1354 2379 2380
1354 2380 1359
2380 1368 1360
2380 1360 1359
954 2374 1496
953 2374 954
2331 2381 2334
1444 2382 1329
1329 2382 2383
1329 2383 1326
2384 2385 2386
2384 2386 2381
2386 2334 2381
2313 2332 1461
2332 2384 2381
1456 1458 1464
2331 2332 2381
1464 1458 2387
1462 1590 2315
1462 2315 2312
1425 1424 1463
1448 1590 1462
2336 2388 2389
2336 2389 2337
2303 2320 1434
2303 2390 2320
2339 2319 2318
2321 2354 2304
2321 2304 1431
2372 2374 953
1226 1225 1227
1439 1433 2292
1438 1439 2357
2361 2294 2362
2295 2294 2361
1454 2335 1446
2343 2350 2349
2343 2342 2391
1446 2335 2347
2351 2350 2392
1357 2340 2338
2340 1356 2346
2343 2391 2350
1379 1378 1427
1427 1426 2361
1427 1378 1428
2361 1426 2295
972 2365 2366
966 2367 959
959 2367 2368
1367 2393 2394
1367 2394 2395
1300 2376 2377
1375 1377 1379
959 2369 958
1380 1376 1375
1218 1367 2395
963 968 971
963 971 964
957 967 963
971 968 2396
968 967 2397
1421 2316 1355
1421 2311 2316
1420 1421 1355
2393 1222 2394
1223 1222 2393
971 2396 1238
2396 968 2397
998 2398 2399
998 2399 999
2400 2401 1518
2401 2402 1518
2402 1054 1518
2402 2403 1054
2403 1051 1054
2403 1495 1051
1636 2174 2175
2173 2089 2088
1591 995 994
2404 1046 1043
2405 1045 1039
2405 2406 1045
1043 1046 1044
2407 2408 914
2407 914 913
920 919 2408
920 2408 2407
2409 2410 2411
861 918 811
920 918 917
811 918 2407
812 913 916
812 916 816
2407 913 812
2407 812 811
816 916 1212
816 1212 817
920 2407 918
2412 2413 2414
2412 2414 2415
2416 2417 2418
2416 2418 2419
2415 2420 2421
2415 2421 2412
2422 2423 2424
2422 2424 2425
2426 2427 2428
2426 2428 2429
2419 2430 2431
2419 2431 2416
2432 2433 2434
2432 2434 2435
2436 2437 2438
2436 2438 2439
2435 2440 2441
2435 2441 2442
2443 2444 2445
2443 2445 2446
2444 2447 2448
2444 2448 2445
2444 2449 2450
2444 2450 2447
2449 2444 2443
2449 2443 2451
2449 2452 2453
2449 2453 2450
2454 2455 2456
2454 2456 2457
2445 2448 2458
2445 2458 2457
2453 2452 2459
2453 2459 2460
2461 2462 2459
2461 2459 2452
2463 2464 2465
2463 2465 2466
2467 2466 2465
2467 2465 2468
2469 2470 2471
2469 2471 2472
2472 2473 2474
2472 2474 2469
2475 2476 2477
2475 2477 2478
2479 2480 2477
2479 2477 2481
2482 2483 2484
2482 2484 2485
2478 2477 2480
2478 2480 2486
2487 2488 2489
2487 2489 2490
2491 2487 2490
2491 2490 2492
2435 2442 2493
2435 2493 2432
2440 2494 2451
2440 2451 2443
2495 2496 2497
2495 2497 2498
2416 2431 2499
2416 2499 2500
2501 2502 2503
2501 2503 2504
2505 2417 2416
2505 2416 2500
2417 2505 2506
2417 2506 2423
2429 2507 2508
2429 2508 2426
2414 2426 2508
2414 2508 2509
2420 2415 2510
2420 2510 2511
2512 2513 2514
2512 2514 2515
2516 2514 2513
2516 2513 2517
2515 2518 2519
2515 2519 2512
2520 2521 2522
2520 2522 2523
2524 2525 2526
2524 2526 2527
2528 2526 2525
2528 2525 2529
2530 2531 2532
2530 2532 2533
2534 2528 2529
2534 2529 2535
2536 2537 2538
2536 2538 2539
2540 2541 2542
2540 2542 2543
2527 2526 2540
2527 2540 2543
2512 2519 2544
2512 2544 2545
2544 2546 2547
2544 2547 2545
2548 2549 2541
2548 2541 2540
2526 2528 2548
2526 2548 2540
2513 2512 2545
2513 2545 2550
2547 2551 2550
2547 2550 2545
2549 2548 2552
2549 2552 2553
2548 2528 2534
2548 2534 2552
2550 2554 2517
2550 2517 2513
2551 2555 2554
2551 2554 2550
2556 2557 2558
2556 2558 2559
2559 2539 2538
2559 2538 2556
2560 2522 2521
2560 2521 2561
2562 2563 2560
2562 2560 2561
2564 2565 2566
2564 2566 2567
2567 2530 2533
2567 2533 2564
2568 2558 2557
2568 2557 2569
2566 2565 2570
2566 2570 2571
2553 2572 2573
2553 2573 2549
2574 2541 2549
2574 2549 2573
2563 2562 2575
2563 2575 2576
2577 2542 2541
2577 2541 2574
2555 2551 2578
2555 2578 2579
2546 2580 2581
2546 2581 2547
2581 2578 2551
2581 2551 2547
2503 2582 2583
2503 2583 2504
2522 2533 2532
2522 2532 2523
2564 2560 2563
2564 2563 2565
2560 2564 2533
2560 2533 2522
2576 2570 2565
2576 2565 2563
2584 2585 2579
2584 2579 2578
2586 2575 2579
2586 2579 2585
2584 2578 2581
2584 2581 2587
2587 2581 2580
2587 2580 2588
2589 2590 2571
2589 2571 2570
2591 2577 2574
2591 2574 2592
2593 2594 2568
2593 2568 2569
2509 2508 2595
2509 2595 2596
2572 2597 2598
2572 2598 2573
2570 2576 2599
2570 2599 2589
2600 2601 2515
2600 2515 2514
2516 2602 2600
2516 2600 2514
2518 2515 2601
2518 2601 2603
2523 2604 2605
2523 2605 2520
2606 2607 2525
2606 2525 2524
2607 2608 2529
2607 2529 2525
2532 2531 2609
2532 2609 2610
2608 2611 2535
2608 2535 2529
2537 2536 2612
2537 2612 2613
2523 2532 2610
2523 2610 2604
2463 2496 2495
2463 2495 2464
2614 2615 2494
2614 2494 2434
2412 2478 2486
2412 2486 2413
2616 2617 2502
2616 2502 2618
2619 2615 2614
2619 2614 2620
2599 2586 2501
2599 2501 2504
2583 2582 2621
2583 2621 2622
2623 2498 2497
2623 2497 2624
2425 2424 2429
2425 2429 2428
2424 2625 2507
2424 2507 2429
2626 2482 2490
2626 2490 2489
2492 2490 2482
2492 2482 2485
2588 2580 2577
2588 2577 2591
2527 2543 2544
2527 2544 2519
2524 2527 2519
2524 2519 2518
2518 2603 2606
2518 2606 2524
2543 2542 2546
2543 2546 2544
2542 2577 2580
2542 2580 2546
2626 2627 2483
2626 2483 2482
2627 2470 2469
2627 2469 2483
2483 2469 2474
2483 2474 2484
2418 2422 2484
2418 2484 2474
2423 2422 2418
2423 2418 2417
2579 2575 2562
2579 2562 2555
2561 2554 2555
2561 2555 2562
2554 2561 2521
2554 2521 2517
2516 2517 2521
2516 2521 2520
2520 2605 2602
2520 2602 2516
2476 2628 2481
2476 2481 2477
2446 2441 2440
2446 2440 2443
2435 2434 2494
2435 2494 2440
2455 2436 2439
2455 2439 2456
2494 2615 2461
2494 2461 2451
2419 2418 2474
2419 2474 2473
2478 2412 2421
2478 2421 2475
2484 2422 2425
2484 2425 2485
2492 2428 2427
2492 2427 2491
2615 2430 2462
2615 2462 2461
2428 2492 2485
2428 2485 2425
2432 2629 2617
2432 2617 2433
2630 2629 2432
2630 2432 2493
2488 2487 2480
2488 2480 2479
2487 2491 2486
2487 2486 2480
2413 2486 2491
2413 2491 2427
2413 2427 2426
2413 2426 2414
2423 2506 2625
2423 2625 2424
2618 2502 2501
2618 2501 2499
2437 2622 2621
2437 2621 2438
2502 2617 2629
2502 2629 2503
2629 2630 2582
2629 2582 2503
2630 2631 2621
2630 2621 2582
2431 2619 2618
2431 2618 2499
2430 2615 2619
2430 2619 2431
2631 2630 2493
2631 2493 2632
2438 2632 2633
2438 2633 2439
2441 2439 2633
2441 2633 2442
2441 2446 2456
2441 2456 2439
2457 2456 2446
2457 2446 2445
2451 2461 2452
2451 2452 2449
2634 2454 2457
2634 2457 2458
2495 2498 2437
2495 2437 2436
2455 2454 2465
2455 2465 2464
2468 2465 2454
2468 2454 2634
2531 2530 2538
2531 2538 2537
2567 2566 2557
2567 2557 2556
2556 2538 2530
2556 2530 2567
2571 2569 2557
2571 2557 2566
2593 2590 2622
2593 2622 2623
2531 2537 2613
2531 2613 2609
2436 2455 2464
2436 2464 2495
2437 2498 2623
2437 2623 2622
2473 2462 2430
2473 2430 2419
2459 2462 2473
2459 2473 2472
2472 2471 2460
2472 2460 2459
2633 2632 2493
2633 2493 2442
2433 2620 2614
2433 2614 2434
2617 2616 2620
2617 2620 2433
2631 2632 2438
2631 2438 2621
2619 2620 2616
2619 2616 2618
2499 2585 2584
2499 2584 2500
2585 2499 2501
2585 2501 2586
2500 2584 2587
2500 2587 2505
2635 2625 2506
2635 2506 2636
2590 2589 2583
2590 2583 2622
2595 2508 2507
2595 2507 2637
2624 2594 2593
2624 2593 2623
2573 2598 2592
2573 2592 2574
2511 2510 2598
2511 2598 2597
2589 2599 2504
2589 2504 2583
2586 2599 2576
2586 2576 2575
2637 2507 2625
2637 2625 2635
2569 2571 2590
2569 2590 2593
2638 2639 2640
2638 2640 2641
2642 2643 2644
2642 2644 2645
2646 2647 2648
2646 2648 2649
2650 2642 2647
2650 2647 2646
2651 2652 2653
2651 2653 2654
2655 2656 2657
2655 2657 2658
2659 2648 2647
2659 2647 2660
2661 2662 2663
2661 2663 2664
2665 2666 2667
2665 2667 2668
2638 2641 2669
2638 2669 2670
2664 2671 2672
2664 2672 2661
2648 2659 2670
2648 2670 2669
2673 2674 2675
2673 2675 2676
2677 2678 2679
2677 2679 2680
2681 2682 2683
2681 2683 2684
2681 2680 2685
2681 2685 2686
2680 2679 2687
2680 2687 2685
2688 2689 2690
2688 2690 2691
2692 2693 2694
2692 2694 2695
2696 2697 2698
2696 2698 2699
2693 2700 2701
2693 2701 2702
2703 2697 2701
2703 2701 2704
2705 2706 2658
2705 2658 2657
2707 2708 2709
2707 2709 2710
2711 2712 2713
2711 2713 2714
2712 2711 2715
2712 2715 2716
2714 2713 2717
2714 2717 2718
2718 2717 2719
2718 2719 2720
2721 2722 2723
2721 2723 2724
2725 2726 2727
2725 2727 2709
2728 2729 2730
2728 2730 2731
2732 2728 2731
2732 2731 2733
2734 2735 2736
2734 2736 2737
2738 2710 2737
2738 2737 2736
2739 2740 2741
2739 2741 2742
2743 2713 2712
2743 2712 2744
2744 2712 2716
2744 2716 2745
2746 2747 2748
2746 2748 2749
2722 2721 2750
2722 2750 2751
2752 2753 2754
2752 2754 2755
2756 2717 2713
2756 2713 2743
2757 2719 2717
2757 2717 2756
2758 2759 2760
2758 2760 2761
2762 2763 2740
2762 2740 2739
2752 2755 2764
2752 2764 2765
2764 2766 2767
2764 2767 2765
2754 2753 2768
2754 2768 2769
2770 2771 2761
2770 2761 2760
2460 2772 2773
2460 2773 2453
2773 2774 2450
2773 2450 2453
2775 2471 2470
2775 2470 2776
2447 2450 2774
2447 2774 2777
2470 2627 2778
2470 2778 2776
2779 2448 2447
2779 2447 2777
2488 2780 2781
2488 2781 2489
2780 2488 2479
2780 2479 2782
2468 2783 2784
2468 2784 2467
2785 2786 2787
2785 2787 2788
2733 2731 2665
2733 2665 2668
2789 2790 2735
2789 2735 2734
2791 2792 2763
2791 2763 2762
2489 2781 2793
2489 2793 2626
2794 2795 2796
2794 2796 2797
2706 2726 2798
2706 2798 2658
2799 2800 2730
2799 2730 2789
2789 2730 2729
2789 2729 2790
2759 2758 2792
2759 2792 2791
2793 2778 2627
2793 2627 2626
2660 2647 2642
2660 2642 2645
2801 2802 2803
2801 2803 2804
2805 2806 2807
2805 2807 2808
2806 2809 2810
2806 2810 2807
2660 2811 2812
2660 2812 2659
2813 2640 2639
2813 2639 2814
2815 2725 2816
2815 2816 2652
2817 2707 2710
2817 2710 2738
2742 2741 2818
2742 2818 2819
2481 2820 2782
2481 2782 2479
2821 2822 2708
2821 2708 2707
2823 2821 2707
2823 2707 2817
2819 2818 2824
2819 2824 2825
2628 2826 2820
2628 2820 2481
2723 2722 2827
2723 2827 2828
2827 2722 2751
2827 2751 2829
2746 2830 2831
2746 2831 2747
2832 2833 2834
2832 2834 2835
2833 2683 2682
2833 2682 2834
2836 2837 2838
2838 2686 2839
2838 2839 2836
2783 2840 2830
2783 2830 2746
2746 2749 2784
2746 2784 2783
2826 2824 2818
2826 2818 2820
2741 2782 2820
2741 2820 2818
2782 2741 2740
2782 2740 2780
2763 2781 2780
2763 2780 2740
2781 2763 2792
2781 2792 2793
2758 2778 2793
2758 2793 2792
2761 2776 2778
2761 2778 2758
2771 2775 2776
2771 2776 2761
2772 2768 2753
2772 2753 2773
2753 2752 2774
2753 2774 2773
2752 2765 2777
2752 2777 2774
2779 2777 2765
2779 2765 2767
2755 2743 2744
2755 2744 2764
2756 2743 2755
2756 2755 2754
2769 2757 2756
2769 2756 2754
2760 2728 2732
2760 2732 2770
2759 2729 2728
2759 2728 2760
2791 2790 2729
2791 2729 2759
2762 2735 2790
2762 2790 2791
2735 2762 2739
2735 2739 2736
2742 2738 2736
2742 2736 2739
2738 2742 2819
2738 2819 2817
2817 2819 2825
2817 2825 2823
2748 2747 2751
2748 2751 2750
2747 2831 2829
2747 2829 2751
2745 2841 2842
2745 2842 2766
2764 2744 2745
2764 2745 2766
2843 2651 2654
2843 2654 2844
2690 2671 2845
2690 2845 2846
2809 2670 2659
2809 2659 2812
2811 2660 2645
2811 2645 2847
2662 2661 2848
2662 2848 2849
2848 2651 2843
2848 2843 2849
2850 2845 2671
2850 2671 2664
2664 2663 2850
2671 2690 2689
2671 2689 2672
2676 2851 2852
2676 2852 2853
2852 2802 2801
2852 2801 2853
2676 2854 2673
2803 2805 2808
2803 2808 2804
2675 2855 2851
2675 2851 2676
2856 2857 2858
2716 2715 2859
2716 2859 2860
2745 2716 2860
2745 2860 2841
2861 2767 2766
2861 2766 2842
2779 2767 2861
2779 2861 2862
2862 2458 2448
2862 2448 2779
2837 2836 2858
2837 2858 2857
2836 2839 2863
2836 2863 2858
2860 2859 2828
2860 2828 2827
2827 2829 2841
2827 2841 2860
2831 2842 2841
2831 2841 2829
2831 2830 2861
2831 2861 2842
2862 2861 2830
2862 2830 2840
2840 2634 2458
2840 2458 2862
2703 2864 2865
2703 2865 2866
2864 2703 2704
2864 2704 2867
2813 2814 2867
2813 2867 2704
2634 2840 2783
2634 2783 2468
2868 2869 2692
2868 2692 2870
2719 2757 2732
2719 2732 2733
2768 2772 2775
2768 2775 2771
2772 2460 2471
2772 2471 2775
2771 2770 2769
2771 2769 2768
2770 2732 2757
2770 2757 2769
2719 2733 2668
2719 2668 2720
2667 2695 2720
2667 2720 2668
2698 2866 2858
2698 2858 2863
2869 2700 2693
2869 2693 2692
2871 2723 2828
2871 2828 2872
2873 2872 2874
2873 2874 2875
2876 2699 2875
2876 2875 2874
2699 2876 2877
2699 2877 2696
2696 2877 2878
2696 2878 2702
2694 2693 2702
2694 2702 2878
2879 2724 2723
2879 2723 2871
2816 2708 2822
2816 2822 2880
2708 2816 2725
2708 2725 2709
2806 2638 2670
2806 2670 2809
2806 2805 2639
2806 2639 2638
2814 2639 2805
2814 2805 2803
2802 2867 2814
2802 2814 2803
2867 2802 2852
2867 2852 2864
2851 2865 2864
2851 2864 2852
2865 2851 2855
2865 2855 2856
2837 2857 2835
2837 2835 2834
2881 2882 2883
2881 2883 2666
2884 2882 2881
2884 2881 2885
2886 2884 2885
2886 2885 2887
2887 2888 2794
2887 2794 2886
2889 2795 2890
2889 2890 2891
2727 2737 2710
2727 2710 2709
2737 2727 2892
2737 2892 2734
2789 2734 2892
2789 2892 2799
2800 2665 2731
2800 2731 2730
2890 2888 2893
2890 2893 2846
2887 2885 2894
2887 2894 2895
2883 2896 2868
2883 2868 2870
2661 2672 2897
2661 2897 2848
2882 2649 2896
2882 2896 2883
2718 2720 2695
2718 2695 2694
2695 2667 2870
2695 2870 2692
2859 2874 2872
2859 2872 2828
2874 2859 2715
2874 2715 2876
2711 2877 2876
2711 2876 2715
2714 2878 2877
2714 2877 2711
2878 2714 2718
2878 2718 2694
2870 2667 2666
2870 2666 2883
2685 2871 2872
2685 2872 2873
2687 2879 2871
2687 2871 2685
2652 2816 2880
2652 2880 2653
2898 2785 2788
2898 2788 2899
2657 2785 2898
2657 2898 2705
2787 2894 2885
2787 2885 2881
2848 2897 2651
2798 2726 2725
2798 2725 2815
2688 2658 2798
2688 2798 2689
2689 2897 2672
2891 2890 2846
2891 2846 2845
2845 2850 2900
2845 2900 2891
2655 2691 2893
2655 2893 2895
2895 2894 2656
2895 2656 2655
2894 2787 2786
2894 2786 2656
2884 2646 2649
2884 2649 2882
2886 2650 2646
2886 2646 2884
2684 2677 2680
2684 2680 2681
2866 2698 2697
2866 2697 2703
2700 2813 2704
2700 2704 2701
2702 2701 2697
2702 2697 2696
2796 2901 2643
2796 2643 2797
2686 2685 2873
2686 2873 2839
2796 2795 2889
2796 2889 2902
2875 2863 2839
2875 2839 2873
2641 2640 2869
2641 2869 2868
2699 2698 2863
2699 2863 2875
2700 2869 2640
2700 2640 2813
2896 2669 2641
2896 2641 2868
2649 2648 2669
2649 2669 2896
2644 2643 2901
2658 2688 2691
2658 2691 2655
2650 2886 2794
2650 2794 2797
2644 2847 2645
2795 2794 2888
2795 2888 2890
2895 2893 2888
2895 2888 2887
2846 2893 2691
2846 2691 2690
2797 2643 2642
2797 2642 2650
2652 2651 2897
2652 2897 2815
2798 2815 2897
2798 2897 2689
2674 2832 2835
2674 2835 2675
2855 2675 2835
2855 2835 2857
2785 2657 2656
2785 2656 2786
2881 2666 2788
2881 2788 2787
2899 2788 2666
2899 2666 2665
2800 2898 2899
2800 2899 2665
2799 2705 2898
2799 2898 2800
2799 2892 2706
2799 2706 2705
2892 2727 2726
2892 2726 2706
2505 2587 2636
2505 2636 2506
2635 2588 2591
2635 2591 2637
2637 2591 2592
2637 2592 2595
2592 2598 2596
2592 2596 2595
2510 2509 2596
2510 2596 2598
2509 2510 2415
2509 2415 2414
2636 2587 2588
2636 2588 2635
2903 2904 2905
2903 2905 2906
2901 2796 2902
2853 2854 2676
2889 2891 2900
2853 2907 2854
2907 2853 2908
2909 2910 2911
2912 2811 2847
2912 2847 2913
2810 2809 2812
2810 2812 2914
2912 2914 2812
2912 2812 2811
2838 2837 2834
2838 2834 2682
2686 2838 2682
2686 2682 2681
2856 2858 2866
2856 2866 2865
2855 2857 2856
2915 2916 2917
2915 2917 2918
2919 2920 2921
2919 2921 2922
2915 2918 2923
2915 2923 2924
2925 2926 2920
2925 2920 2919
2927 2924 2923
2927 2923 2928
2929 2930 2926
2929 2926 2925
2931 2932 2933
2931 2933 2934
2935 2936 2937
2935 2937 2938
2939 2940 2941
2939 2941 2942
2935 2941 2940
2935 2940 2936
2922 2921 2917
2922 2917 2916
2938 2937 2930
2938 2930 2929
2942 2933 2932
2942 2932 2939
2607 2606 2916
2607 2916 2915
2922 2603 2601
2922 2601 2919
2915 2924 2608
2915 2608 2607
2600 2925 2919
2600 2919 2601
2611 2608 2924
2611 2924 2927
2602 2929 2925
2602 2925 2600
2613 2612 2934
2613 2934 2933
2604 2935 2938
2604 2938 2605
2610 2609 2942
2610 2942 2941
2604 2610 2941
2604 2941 2935
2916 2606 2603
2916 2603 2922
2929 2602 2605
2929 2605 2938
2933 2942 2609
2933 2609 2613
2918 2917 2943
2918 2943 2944
2945 2920 2926
2945 2926 2946
2946 2926 2930
2946 2930 2947
2948 2949 2932
2948 2932 2931
2928 2923 2950
2928 2950 2951
2923 2918 2944
2923 2944 2950
2921 2952 2943
2921 2943 2917
2936 2953 2954
2936 2954 2937
2940 2955 2953
2940 2953 2936
2956 2955 2940
2956 2940 2939
2952 2921 2920
2952 2920 2945
2947 2930 2937
2947 2937 2954
2939 2932 2949
2939 2949 2956
2954 2957 2958
2945 2946 2959
2945 2959 2960
2953 2955 2961
2953 2961 2962
2947 2958 2963
2964 2965 2966
2964 2966 2967
2968 2969 2970
2968 2970 2971
2972 2970 2969
2972 2969 2973
2974 2964 2967
2974 2967 2975
2976 2977 2971
2976 2971 2970
2978 2974 2975
2978 2975 2979
2980 2981 2982
2983 2984 2985
2986 2987 2988
2986 2988 2989
2990 2991 2992
2990 2992 2993
2994 2995 2996
2994 2996 2997
2998 2999 3000
2998 3000 3001
3002 3003 3004
3002 3004 3005
2969 2968 3006
2969 3006 3007
2991 2990 3008
2991 3008 3009
3010 3011 3012
3010 3012 3013
3007 3006 3009
3007 3009 3008
3014 3015 3016
3017 3018 3019
3017 3019 3020
2976 2978 2979
2976 2979 2977
2978 2976 3021
2978 3021 3022
3023 3024 3025
3023 3025 3026
2983 3027 2984
3028 3029 3030
3031 3032 3033
3031 3033 3034
3029 3035 3030
3036 3034 3037
3036 3037 3038
3039 3037 3034
3039 3034 3033
3040 3041 3042
3042 3043 3044
3042 3044 3040
3045 3046 3047
3045 3047 3048
3047 3049 3050
3048 3047 3051
3048 3051 3052
3047 3046 3049
2981 3053 2982
3054 3055 3056
3054 3056 3057
3058 3059 3060
3058 3060 3061
3059 3058 3062
3059 3062 3063
3064 3065 3066
3064 3066 3067
3068 3069 3066
3068 3066 3065
3070 3071 3072
3070 3072 3073
3074 3075 3076
3074 3076 3077
3078 3079 3080
3078 3080 3081
3082 3083 3084
3082 3084 3085
3086 3082 3085
3086 3085 3087
3088 3086 3087
3088 3087 3089
3090 3091 3092
3090 3092 3093
3062 3094 3095
3062 3095 3063
3095 3094 3096
3095 3096 3097
3071 3098 3099
3071 3099 3072
3060 3099 3098
3060 3098 3061
3087 3100 3101
3087 3101 3089
3085 3102 3100
3085 3100 3087
3103 3104 3105
3103 3105 3106
3054 3107 3108
3054 3108 3055
3085 3084 3109
3085 3109 3102
3110 3111 3112
3110 3112 3113
3113 3114 3115
3113 3115 3110
3089 3115 3114
3089 3114 3088
3116 3117 3118
3089 3101 3119
3089 3119 3115
3110 3115 3119
3110 3119 3120
3120 3121 3111
3120 3111 3110
3122 3108 3107
3122 3107 3123
3124 3125 3106
3124 3106 3105
3079 3078 3093
3079 3093 3092
3119 3126 3117
3119 3117 3120
3126 3119 3127
3128 3129 3101
3100 3102 3130
3101 3131 3128
3102 3132 3130
3133 3100 3130
3120 3116 3121
3124 3064 3067
3124 3067 3125
3080 3134 3135
3080 3135 3081
3102 3136 3132
3068 3057 3056
3068 3056 3069
3075 3137 3138
3075 3138 3076
3074 3077 3139
3140 3141 3142
3140 3142 3143
3144 3145 3146
3144 3146 3147
3145 3140 3143
3145 3143 3146
3148 3149 3150
3148 3150 3151
3149 3144 3147
3149 3147 3150
3141 3152 3153
3141 3153 3142
2980 3148 3151
3154 2999 2998
3154 2998 3155
3156 3157 2996
3156 2996 2995
3158 3013 3012
3158 3012 3159
3049 3046 3160
3161 3162 3163
3161 3163 3164
3165 3161 3164
3165 3164 3166
3167 3168 3169
3167 3169 3170
3162 3167 3170
3162 3170 3163
3171 3172 3173
3171 3173 3174
3168 3171 3174
3168 3174 3169
3175 3008 2990
3175 2990 3176
3176 2990 2993
3176 2993 3177
3021 2976 2970
3021 2970 2972
3022 3178 2974
3022 2974 2978
3179 3180 3181
3179 3181 3182
3178 3183 2964
3178 2964 2974
3184 3185 3186
3184 3186 3187
3188 3189 3190
3188 3190 3191
3192 3188 3191
3192 3191 3193
3194 3192 3193
3194 3193 3195
3187 3194 3195
3187 3195 3184
2981 2980 3151
3196 3005 3024
3196 3024 3197
2973 2969 3007
2973 3007 3198
3197 3024 3023
3197 3023 3199
3012 3015 3200
3012 3200 3159
3198 3007 3008
3198 3008 3175
3201 2903 2906
3201 2906 3202
3203 3204 3205
3203 3205 3206
3207 3208 3209
3207 3209 3210
3207 3210 3206
3207 3206 3205
3211 3212 3213
3214 3215 3216
3217 3216 3218
3217 3218 3219
3220 3221 3222
3223 3224 3225
3226 3227 3228
3229 3230 3231
3229 3231 3232
3233 3234 3235
3233 3235 3236
3237 3238 3239
3240 3241 3242
3240 3242 3243
3244 3245 3246
3247 3248 3249
3003 3250 3251
3003 3251 3004
3041 3040 3252
3253 2994 2997
3253 2997 3254
3255 3256 3257
3255 3257 3258
3259 3260 3261
3259 3261 3262
3258 3257 3261
3258 3261 3260
3263 3264 3265
3266 3267 3268
3269 3270 3271
3269 3271 3272
3266 3268 3273
3266 3273 3274
3275 3276 3277
3275 3277 3278
3017 3279 3280
3017 3280 3018
3269 3272 3281
3269 3281 3282
3027 2983 3283
3284 3285 3286
3284 3286 3287
3288 3289 3290
3224 3223 3291
3292 3293 3294
3292 3294 3295
3296 3297 3298
3296 3298 3299
2971 2977 3299
2971 3299 3298
3300 3301 3302
3300 3302 3303
3303 3302 2979
3303 2979 2975
3303 3304 3305
3303 3305 3300
2975 2967 3304
2975 3304 3303
3304 2967 2966
3304 2966 3306
3307 3308 3294
3309 3310 3311
3312 3313 3011
3312 3011 3010
3026 3025 3314
3026 3314 3315
3316 3317 3318
3316 3318 3319
3297 3320 3321
3297 3321 3298
3321 2968 2971
3321 2971 3298
3322 3323 3324
3322 3324 3325
3326 3321 3327
3328 3329 3330
3328 3330 3331
3332 2992 2991
3332 2991 3329
3333 3334 3335
3333 3335 3336
3321 3326 3006
3321 3006 2968
3220 3219 3337
3238 3338 3339
3238 3339 3340
3341 3342 3343
3341 3343 3344
3345 3346 3347
3291 3308 3224
3219 3218 3233
3219 3233 3239
3234 3233 3218
3234 3218 3348
3349 3231 3230
3349 3230 3350
3351 3342 3290
3351 3290 3352
3352 3290 3353
3337 3340 3339
3337 3339 3354
3292 3295 3291
3292 3291 3355
3356 3338 3238
3294 3308 3295
3209 3208 3357
3350 3358 3359
3230 3234 3348
3230 3348 3350
3229 3235 3234
3229 3234 3230
3301 3296 3299
3301 3299 3302
3319 3360 3316
3323 3259 3262
3323 3262 3324
3255 3314 3251
3255 3251 3256
3361 3253 3254
3361 3254 3362
3279 3282 3281
3279 3281 3280
3330 3326 3363
3330 3363 3331
3326 3330 3009
3326 3009 3006
3364 3016 3011
3364 3011 3313
2963 2959 2946
2963 2946 2947
3365 3366 3367
3366 3368 3369
3370 3367 3371
3372 3373 3374
3375 3261 3257
3375 3257 3376
3278 3277 3274
3278 3274 3273
3377 3378 3262
3377 3262 3261
3379 3380 3381
3379 3381 3382
3302 3299 2977
3302 2977 2979
3276 3275 3243
3276 3243 3242
3381 3380 3383
3381 3383 3384
3287 3286 3252
3287 3252 3385
3386 3387 3322
3386 3322 3325
3388 3389 3255
3388 3255 3258
3318 3390 3258
3318 3258 3260
3319 3318 3260
3319 3260 3259
3360 3319 3259
3360 3259 3323
3296 3229 3232
3296 3232 3297
3235 3229 3296
3235 3296 3301
3301 3300 3236
3301 3236 3235
3300 3305 3237
3300 3237 3236
3327 3320 3391
3327 3391 3392
3393 3363 3327
3393 3327 3392
3394 3393 3352
3394 3352 3353
3351 3352 3393
3351 3393 3392
3391 3320 3297
3391 3297 3232
3391 3232 3231
3391 3231 3395
3395 3343 3342
3395 3342 3351
3331 3396 3397
3331 3397 3328
3395 3351 3392
3395 3392 3391
3239 3233 3236
3239 3236 3237
3337 3219 3239
3337 3239 3340
3237 3356 3238
3313 3312 3398
3313 3398 3399
3305 3306 3356
3313 3399 3307
3313 3307 3364
3307 3294 3400
3399 3398 3263
3399 3263 3265
3315 3314 3255
3315 3255 3389
3401 3309 3001
3401 3001 3000
3402 3311 3310
3402 3403 3404
3271 3270 3267
3266 3271 3267
3405 3406 3283
2983 3405 3283
3240 3406 3405
3240 3405 3241
3407 3408 3409
3225 3224 3407
2960 3372 2952
2960 2952 2945
3212 3211 3410
3212 3410 3411
3412 3413 3414
3412 3414 3415
3416 3417 3418
3371 3419 3420
3371 3420 3370
3421 3422 3423
3421 3423 3424
3425 3422 3426
3425 3426 3427
3428 3429 3421
3227 2962 3228
3430 3431 3432
3433 3318 3317
3433 3317 3434
3245 3435 3246
3246 3436 3437
3438 3439 3440
3441 3442 3443
3437 3444 3246
3246 3445 3244
3403 3245 3244
3404 3403 3244
3246 3435 3436
3446 3447 3448
3449 3450 3438
3449 3438 3440
3451 3452 3438
3397 3396 3414
3397 3414 3453
3336 3335 3454
3336 3454 3446
3334 3333 3455
3334 3455 3028
3456 3360 3323
3456 3323 3322
3457 3456 3322
3457 3322 3387
3457 3387 3032
3455 3029 3028
3458 3459 3397
3458 3397 3453
3328 3397 3459
3328 3459 3460
3329 3328 3460
3329 3460 3332
3329 2991 3009
3329 3009 3330
3396 3394 3353
3396 3353 3414
3331 3394 3396
3461 3039 3033
3461 3033 3386
2986 2989 3462
2986 3462 3463
3040 3044 3385
3464 3465 3466
3467 3325 3324
3467 3324 3468
3468 3324 3262
3468 3262 3469
3469 3262 3378
3470 3379 3382
3471 3472 3384
3471 3384 3383
3463 3462 3472
3463 3472 3471
3284 3466 3465
3284 3465 3285
3040 3385 3252
3045 3048 3473
3474 3473 3475
3474 3475 3476
3477 3474 3476
3477 3476 3478
3477 3478 3479
3480 3361 3362
3480 3362 3481
3248 3480 3481
3248 3481 3482
3377 3261 3375
3248 3482 3249
3388 3390 3433
3402 3404 3311
3309 3401 3310
3048 3475 3473
3048 3052 3475
3419 3483 3420
3408 3484 3409
3408 3224 3308
3041 3485 3042
3374 3486 2943
3374 2943 2952
3359 3358 3487
3488 3204 3203
3488 3203 3489
3419 3490 3483
3491 3492 3493
3494 3495 3496
3492 3491 3497
3492 3497 3498
3499 3500 3501
3502 3503 3504
3502 3504 3494
3499 3492 3498
3499 3498 3505
3491 3493 3496
3499 3493 3492
3501 3502 3494
3501 3494 3496
3501 3506 3502
3496 3507 3491
3501 3496 3493
3501 3493 3499
3215 3358 3348
3215 3348 3218
3350 3348 3358
3499 3505 3500
3501 3500 3506
3496 3495 3507
3507 3497 3491
3494 3504 3495
3506 3503 3502
3044 3043 3508
3509 3173 3172
3509 3172 3510
3511 3509 3510
3511 3510 3512
3513 3511 3512
3513 3512 3514
3513 3514 3515
3515 3516 3517
3517 3518 3519
3519 3518 3520
3519 3520 3521
3521 3520 3522
3521 3522 3523
3523 3522 3524
3523 3524 3525
3525 3526 3527
3526 3528 3118
3526 3118 3529
3530 3529 3117
3530 3117 3531
3517 3516 3518
3388 3258 3390
3318 3433 3390
3032 3387 3386
3032 3386 3033
3386 3325 3467
3386 3467 3461
2952 3372 3374
3005 3004 3025
3005 3025 3024
3004 3251 3314
3004 3314 3025
3256 3251 3250
3256 3250 3532
3533 3002 3005
3533 3005 3196
3257 3256 3532
3257 3532 3376
3529 3530 3527
3529 3527 3526
3525 3524 3528
3525 3528 3526
3531 3117 3126
3531 3126 3534
3535 3534 3126
3535 3126 3127
3535 3127 3129
3535 3129 3536
3537 3128 3131
3537 3131 3538
3539 3540 3133
3539 3133 3130
3541 3539 3130
3541 3130 3132
3542 3543 3544
3542 3544 3545
3542 3545 3546
3542 3546 3547
3543 3132 3544
3548 3549 3550
3550 3549 3551
3550 3551 3552
3552 3551 3553
3552 3553 3554
3554 3555 3556
3556 3557 3558
3181 3558 3559
3181 3559 3182
3183 3560 2965
3183 2965 2964
3200 3015 3014
3200 3014 3561
3015 3012 3011
3015 3011 3016
3562 3180 3179
3562 3179 3563
3562 3563 3564
3129 3128 3537
3129 3537 3536
3538 3131 3133
3538 3133 3540
3555 3565 3556
3554 3553 3555
3556 3565 3557
3557 3559 3558
3129 3127 3119
3129 3119 3101
3101 3100 3131
3100 3133 3131
3132 3136 3544
3543 3541 3132
3547 3546 3566
3547 3566 3567
3567 3566 3568
3567 3568 3569
3569 3568 3570
3569 3570 3571
3571 3570 3572
3571 3572 3573
3574 3573 3572
3574 3572 3575
3574 3575 3576
3574 3576 3577
3577 3576 2982
3577 2982 3053
3051 3047 3050
3514 3516 3515
3120 3117 3116
3102 3109 3136
3117 3529 3118
2962 2961 3228
3343 3349 3344
3395 3231 3343
3578 3223 3225
3223 3579 3355
3223 3355 3291
3307 3400 3364
3237 3305 3356
3337 3354 3221
3337 3221 3220
3217 3220 3222
3219 3220 3217
3307 3399 3265
3307 3265 3308
3579 3223 3578
3224 3408 3407
3343 3231 3349
3238 3340 3239
3294 3293 3400
3291 3295 3308
3305 3304 3306
3363 3394 3331
3326 3327 3363
3393 3394 3363
3321 3320 3327
3438 3580 3439
3289 3415 3414
3289 3414 3353
3353 3290 3289
3290 3342 3341
3290 3341 3288
3581 2984 3582
3583 3584 3585
3586 3587 3588
3586 3588 3589
3590 3591 3592
3593 3594 3595
3593 3595 3596
3597 3598 3599
3597 3599 3600
3601 3602 3603
3601 3603 3604
3605 3606 3607
3605 3607 3608
3609 3610 3611
3609 3611 3608
3612 3613 3614
3612 3614 3615
3616 3617 3618
3616 3618 3619
3620 3621 3622
3620 3622 3623
3624 3625 3626
3624 3626 3627
3628 3629 3630
3628 3630 3631
3632 3633 3634
3632 3634 3635
3636 3637 3638
3636 3638 3639
3640 3641 3642
3643 3644 3645
3643 3645 3646
3647 3640 3642
3648 3649 3650
3651 3652 3653
3651 3653 3654
3655 3656 3657
3631 3630 3658
3631 3658 3659
3660 3661 3662
3660 3662 3663
3664 3662 3661
3664 3661 3665
3630 3666 3667
3630 3667 3658
3668 3669 3670
3671 3672 3673
3671 3673 3651
3674 3675 3676
3674 3676 3677
3678 3679 3680
3678 3680 3681
3682 3673 3672
3682 3672 3683
3674 3684 3682
3674 3682 3683
3685 3686 3687
3685 3687 3688
3689 3690 3691
3689 3691 3692
3693 3694 3695
3693 3695 3696
3697 3698 3699
3697 3699 3700
3701 3702 3692
3701 3692 3691
3702 3701 3696
3702 3696 3703
3704 3705 3706
3704 3706 3707
3708 3709 3710
3708 3710 3711
3712 3713 3714
3712 3714 3715
3711 3716 3717
3711 3717 3708
3712 3717 3716
3712 3716 3713
3718 3719 3720
3718 3720 3721
3722 3723 3724
3722 3724 3725
3726 3727 3728
3726 3728 3729
3729 3655 3657
3729 3657 3726
3730 3731 3732
3730 3732 3733
3732 3734 3735
3732 3735 3733
3736 3737 3738
3736 3738 3739
3740 3741 3739
3740 3739 3738
3742 3743 3744
3742 3744 3745
3746 3747 3748
3746 3748 3749
3750 3751 3752
3750 3752 3753
3754 3755 3756
3754 3756 3757
3758 3759 3760
3758 3760 3761
3762 3763 3764
3762 3764 3765
3766 3767 3768
3766 3768 3769
3770 3771 3772
3770 3772 3773
3774 3775 3776
3774 3776 3777
3778 3779 3780
3778 3780 3781
3782 3783 3784
3782 3784 3785
3786 3782 3785
3786 3785 3787
3601 3788 3789
3601 3789 3790
3791 3792 3790
3791 3790 3793
3788 3794 3795
3788 3795 3796
3797 3798 3751
3797 3751 3750
3602 3792 3799
3602 3799 3800
3801 3802 3803
3801 3803 3804
3805 3806 3807
3805 3807 3808
3809 3810 3811
3809 3811 3812
3813 3814 3815
3813 3815 3802
3613 3816 3817
3818 3819 3820
3818 3820 3821
3822 3823 3765
3822 3765 3764
3821 3824 3825
3821 3825 3818
3826 3827 3828
3826 3828 3829
3629 3830 3666
3629 3666 3630
3646 3645 3831
3646 3831 3832
3833 3596 3595
3833 3595 3834
3835 3836 3837
3835 3837 3838
3839 3840 3841
3842 3677 3843
3842 3843 3844
3690 3689 3845
3690 3845 3846
3847 3848 3849
3847 3849 3850
3851 3852 3853
3851 3853 3854
3855 3856 3857
3855 3857 3858
3859 3860 3861
3859 3861 3862
3863 3864 3865
3863 3865 3866
3867 3740 3738
3867 3738 3865
3801 3804 3868
3801 3868 3869
3870 3871 3872
3870 3872 3873
3747 3874 3875
3747 3875 3748
3876 3877 3743
3876 3743 3742
3873 3872 3878
3873 3878 3879
3880 3881 3882
3880 3882 3883
3707 3706 3884
3707 3884 3885
3763 3886 3887
3763 3887 3764
3888 3889 3890
3888 3890 3891
3778 3781 3892
3778 3892 3893
3894 3895 3789
3894 3789 3896
3897 3896 3796
3897 3796 3754
3898 3899 3900
3898 3900 3901
3902 3903 3749
3902 3749 3748
3904 3905 3870
3904 3870 3873
3742 3906 3907
3742 3907 3876
3745 3908 3906
3745 3906 3742
3909 3611 3910
3909 3910 3911
3912 3913 3914
3772 3915 3773
3773 3916 3917
3773 3917 3918
3919 3920 3921
3919 3921 3922
3923 3920 3924
3923 3924 3925
3926 3927 3859
3926 3859 3862
3866 3865 3738
3866 3738 3737
3787 3928 3929
3787 3929 3786
3930 3931 3932
3930 3932 3933
3862 3730 3934
3862 3934 3926
3935 3936 3937
3935 3937 3938
3938 3937 3901
3938 3901 3900
3939 3940 3941
3939 3941 3942
3787 3943 3944
3787 3944 3928
3730 3862 3861
3730 3861 3731
3749 3932 3931
3749 3931 3746
3903 3899 3932
3903 3932 3749
3900 3878 3872
3900 3872 3938
3872 3871 3935
3872 3935 3938
3882 3881 3942
3882 3942 3941
3944 3942 3881
3944 3881 3908
3744 3929 3928
3744 3928 3745
3856 3855 3739
3856 3739 3741
3859 3864 3863
3859 3863 3860
3784 3783 3930
3784 3930 3933
3874 3945 3946
3874 3946 3875
3904 3873 3879
3904 3879 3902
3947 3787 3785
3947 3785 3948
3949 3948 3785
3949 3785 3784
3950 3949 3784
3950 3784 3933
3898 3951 3950
3898 3950 3933
3952 3953 3605
3952 3605 3909
3899 3898 3933
3899 3933 3932
3903 3902 3879
3903 3879 3878
3905 3904 3875
3905 3875 3946
3907 3906 3880
3907 3880 3883
3880 3906 3908
3880 3908 3881
3942 3944 3943
3942 3943 3939
3899 3903 3878
3899 3878 3900
3928 3944 3908
3928 3908 3745
3748 3875 3904
3748 3904 3902
3947 3954 3943
3947 3943 3787
3898 3901 3951
3853 3710 3709
3853 3709 3955
3752 3851 3956
3752 3956 3957
3958 3959 3723
3958 3723 3722
3960 3961 3962
3960 3962 3798
3963 3848 3847
3963 3847 3964
3965 3966 3961
3965 3961 3960
3963 3964 3966
3963 3966 3965
3967 3968 3715
3967 3715 3714
3851 3752 3751
3851 3751 3852
3852 3751 3798
3852 3798 3962
3956 3851 3854
3956 3854 3969
3891 3800 3970
3891 3970 3892
3780 3971 3888
3780 3888 3781
3972 3973 3777
3972 3777 3776
3776 3755 3795
3776 3795 3972
3893 3974 3779
3893 3779 3778
3975 3756 3775
3975 3775 3774
3757 3976 3897
3757 3897 3754
3849 3723 3959
3849 3959 3850
3719 3718 3753
3719 3753 3977
3976 3757 3978
3976 3978 3979
3721 3970 3980
3721 3980 3718
3793 3895 3963
3793 3963 3965
3601 3790 3792
3601 3792 3602
3980 3970 3800
3980 3800 3799
3797 3799 3792
3797 3792 3791
3788 3796 3896
3788 3896 3789
3849 3848 3894
3849 3894 3981
3981 3897 3976
3981 3976 3724
3959 3616 3967
3959 3967 3850
3982 3788 3601
3982 3601 3604
3602 3890 3603
3619 3983 3984
3619 3984 3968
3770 3773 3918
3770 3918 3985
3986 3987 3988
3986 3988 3989
3990 3991 3806
3990 3806 3805
3992 3914 3993
3992 3993 3994
3995 3996 3771
3995 3771 3770
3997 3767 3868
3997 3868 3994
3766 3998 3925
3766 3925 3869
3997 3994 3993
3997 3993 3999
3995 3770 3985
3995 3985 4000
3990 4001 4002
3990 4002 3991
3700 4003 4004
3700 4004 4005
3699 4006 4003
3699 4003 3700
4007 4008 4009
4007 4009 3809
3812 4010 4007
3812 4007 3809
4010 3812 3922
4010 3922 3693
4009 4008 4011
4009 4011 4012
4013 3695 4014
4013 4014 4015
4011 3987 3986
4011 3986 4012
4016 4017 3988
4016 3988 3987
4003 3622 4014
4003 4014 4004
3769 4018 3998
3769 3998 3766
4019 3805 3808
4019 3808 3810
3808 3807 3815
3808 3815 3814
3919 3811 3814
3919 3814 3813
3813 3802 3801
3813 3801 3924
3869 3925 3924
3869 3924 3801
4020 3990 3805
4020 3805 4019
3925 3998 3697
3925 3697 3923
4020 4021 4001
4020 4001 3990
3815 3807 4022
3815 4022 4023
3917 4024 4022
3917 4022 3807
4025 3802 3815
4025 3815 4023
3764 3887 4026
3764 4026 3822
3671 3654 4027
3671 4027 3819
4028 4029 4030
4028 4030 3823
4031 4032 3653
4031 3653 4033
3612 4034 4035
3612 4035 3613
4034 3612 3758
4034 3758 3761
4036 3687 3680
3760 4037 4038
3760 4038 3761
4039 4040 4028
4039 4028 4041
4041 4042 4043
4041 4043 4039
4029 4028 4040
4029 4040 4044
4045 4046 4047
4045 4047 4048
4038 4049 4047
4038 4047 4046
4042 4026 3592
4042 3592 4050
4045 4048 3829
4045 3829 3828
3827 4051 4052
3827 4052 3828
4053 4051 3827
4053 3827 4050
3592 3591 4053
3592 4053 4050
4054 3685 3688
4054 3688 4055
4056 4057 4043
4056 4043 4058
4059 3824 3821
4059 3821 4056
3825 3824 4060
3825 4060 3675
4027 4032 4061
4027 4061 4062
4062 3820 3819
4062 3819 4027
4063 4061 4032
4063 4032 4031
4064 4065 3676
4064 3676 4066
4065 4064 3688
4065 3688 3687
3675 4060 4066
3675 4066 3676
3679 4067 4068
4069 4070 4071
4069 4071 4072
3668 4073 3669
4074 4075 4076
4074 4076 4077
4078 4079 4080
4078 4080 4081
4082 3665 3661
4082 3661 4079
4083 3665 4082
4083 4082 4084
4085 4074 4086
4085 4086 4087
4086 4071 4070
4086 4070 4087
4088 4089 4090
4088 4090 4091
4092 4093 4094
4092 4094 4095
4096 4097 4098
4096 4098 4099
4100 4101 4102
4100 4102 4103
4101 4100 4104
4101 4104 4105
4096 4099 4106
4096 4106 4107
3665 4083 4108
3665 4108 3664
4108 4083 4109
4108 4109 4107
4089 4088 4110
4089 4110 4111
4094 4093 4112
4094 4112 4113
4099 4098 4114
4099 4114 4115
4106 4099 4115
4106 4115 4116
4117 4118 4119
4117 4119 4104
4116 4118 4117
4116 4117 4106
4120 4102 4101
4120 4101 4121
4121 4101 4105
4121 4105 4122
3844 4068 4067
4097 4087 4070
4097 4070 4090
4098 4089 4111
4098 4111 4114
4114 4111 3635
4114 3635 3659
3628 3631 3634
3628 3634 3633
3643 3639 3638
3643 3638 3644
3638 3637 4120
3638 4120 3644
4112 4093 4103
4112 4103 4102
3663 4103 4093
3663 4093 4092
4123 3627 4080
4123 4080 3660
4124 4125 4116
4126 4127 4128
4126 4128 4129
4052 4130 4131
4052 4131 3828
4132 4133 4134
3612 3615 3759
3612 3759 3758
3765 3823 4030
3765 4030 3762
4045 3828 4131
4045 4131 4035
4042 4041 3822
4042 3822 4026
4045 4035 4034
4045 4034 4046
4026 3887 3592
3761 4038 4046
3761 4046 4034
4041 4028 3823
4041 3823 3822
3597 4135 4136
3597 4136 3598
3755 3776 3775
3755 3775 3756
3972 3795 3794
3972 3794 4137
3602 3800 3891
3602 3891 3890
3893 3892 3970
3893 3970 3721
3891 3892 3781
3891 3781 3888
3755 3754 3796
3755 3796 3795
3721 3720 3974
3721 3974 3893
3975 3978 3757
3975 3757 3756
3794 3788 3982
3997 3999 3768
3997 3768 3767
4138 3992 3804
4138 3804 3803
4139 3833 4140
3994 3868 3804
3994 3804 3992
3985 3918 3806
3985 3806 3991
3869 3868 3767
3869 3767 3766
3991 4002 4000
3991 4000 3985
3917 3916 4024
4025 4141 3803
4025 3803 3802
4142 4143 3733
4142 3733 3735
3786 3929 3741
3786 3741 3740
3744 3743 3857
3744 3857 3856
3857 3743 3877
3857 3877 4144
3931 3930 3927
3931 3927 3926
3867 4145 3783
3867 3783 3782
3740 3867 3782
3740 3782 3786
3856 3741 3929
3856 3929 3744
3746 3931 3926
3746 3926 3934
3930 3783 4145
3930 4145 3927
4146 4142 3735
4146 3735 4147
4148 4149 4150
4148 4150 4151
3731 3861 4152
3731 4152 4153
4154 4152 3861
4154 3861 3860
3728 4154 3860
3728 3860 3863
3729 3728 3863
3729 3863 3866
3866 3737 3655
3866 3655 3729
3737 3736 3656
3737 3656 3655
3706 3708 3717
3706 3712 3884
4151 4155 3689
4151 3692 4148
4148 3703 4156
3673 3650 4157
3650 3673 3682
3650 3682 3648
3684 3640 3648
3684 3648 3682
3844 3641 3842
4158 4159 4160
4158 4160 4076
4159 4158 4161
4159 4161 4162
4078 4163 4162
4078 4162 4161
4163 4081 4164
3626 4164 4081
3625 4165 4166
3625 4166 3626
4167 3624 3627
4167 3627 4123
4109 4075 4074
4109 4074 4085
4083 4084 4075
4083 4075 4109
3660 4080 4079
3660 4079 3661
4168 4021 3986
4168 3986 3989
4001 4169 4170
4001 4170 4002
4171 3996 3995
4171 3995 4000
4111 4110 3632
4111 3632 3635
4113 4112 3637
4113 3637 3636
3659 3658 4115
3659 4115 4114
4116 4115 3658
4116 3658 3667
4172 3670 4173
4121 3645 3644
4121 3644 4120
4122 3831 3645
4122 3645 4121
3634 3631 3659
3634 3659 3635
4102 4120 3637
4102 3637 4112
4174 4119 4175
3958 3617 3616
3958 3616 3959
3710 3962 3961
3710 3961 3711
3964 3847 3714
3964 3714 3713
3711 3961 3966
3711 3966 3716
3966 3964 3713
3966 3713 3716
3955 4176 3854
3955 3854 3853
3710 3853 3852
3710 3852 3962
3714 3847 3850
3714 3850 3967
4176 4177 3969
4176 3969 3854
3616 3619 3968
3616 3968 3967
3598 4178 3599
3598 4179 4178
4171 4000 4002
4171 4002 4170
3918 3917 3807
3918 3807 3806
3622 4003 4006
3622 4006 3623
3691 3690 4008
3691 4008 4007
3691 4007 4010
3691 4010 3701
3701 4010 3693
3701 3693 3696
3690 3846 4011
3690 4011 4008
4017 4016 4180
4017 4180 4181
4182 4183 4184
4182 4184 4185
4186 4187 4188
4189 3834 4190
4191 3595 3594
3819 3818 3672
3819 3672 3671
3677 3842 3684
3677 3684 3674
3686 3681 3680
3686 3680 3687
3683 3672 3818
3683 3818 3825
3675 3674 3683
3675 3683 3825
4065 3843 3677
4065 3677 3676
3652 4192 4033
3652 4033 3653
4068 4036 3680
4068 3680 3679
3829 4193 4059
3829 4059 3826
4040 4039 4194
4040 4194 4195
4194 4057 3820
4194 3820 4062
4044 4040 4195
4044 4195 4196
4197 4064 4066
4197 4066 4198
4193 3829 4048
4193 4048 4198
4049 4038 4037
4049 4037 4199
4043 4042 4050
4043 4050 4058
3827 3826 4058
3827 4058 4050
3736 4200 3656
3884 3712 3715
4201 4202 3855
4201 3855 3858
3730 3733 4143
3730 4143 3934
4203 4204 4201
4203 4201 3858
4147 3735 3734
4147 3734 4205
3855 4202 3736
3855 3736 3739
3927 4145 3864
3927 3864 3859
3865 3864 4145
3865 4145 3867
3724 3976 3979
3724 3979 3725
3957 3977 3753
3957 3753 3752
3697 3998 4018
3697 4018 3698
4021 4168 4169
4021 4169 4001
4055 4049 4199
4055 4199 4054
4061 4063 4196
4061 4196 4195
4069 4091 4090
4069 4090 4070
4095 4167 4123
4095 4123 4092
4072 4071 4127
4072 4127 4126
4161 4082 4079
4161 4079 4078
4082 4161 4158
4082 4158 4084
4086 4074 4077
4086 4077 4206
4071 4086 4206
4071 4206 4127
4081 4080 3627
4081 3627 3626
3874 3747 4143
3874 4143 4142
3874 4142 4146
3874 4146 3945
4144 4203 3858
4144 3858 3857
4143 3747 3746
4143 3746 3934
4127 4206 4207
4127 4207 4128
4208 4209 3679
4208 3679 3678
4210 4181 4180
4211 4201 4212
3732 4213 4214
3732 4214 3734
4153 4213 3732
4153 3732 3731
4215 4212 4201
4215 4201 4204
4216 4217 4153
4216 4153 4152
4152 4154 4218
4152 4218 4216
3727 4218 4154
3727 4154 3728
3983 3619 4219
4214 4220 4205
4214 4205 3734
3703 4013 4221
4077 4076 4160
3641 3640 3684
3641 3684 3842
4177 4176 4222
3619 3618 4223
4100 4103 3663
4100 3663 3662
3664 4104 4100
3664 4100 3662
4085 4087 4097
4085 4097 4096
4085 4096 4107
4085 4107 4109
4104 3664 4108
4104 4108 4117
4117 4108 4107
4117 4107 4106
4097 4090 4089
4097 4089 4098
4123 3660 3663
4123 3663 4092
3821 3820 4057
3821 4057 4056
3826 4059 4056
3826 4056 4058
3824 4059 4193
3824 4193 4060
4057 4194 4039
4057 4039 4043
4198 4048 4047
4198 4047 4197
4060 4193 4198
4060 4198 4066
4062 4061 4195
4062 4195 4194
3810 3808 3814
3810 3814 3811
3813 3924 3920
3813 3920 3919
3920 3923 4005
3920 4005 3921
4009 4019 3810
4009 3810 3809
3922 3812 3811
3922 3811 3919
4019 4009 4012
4019 4012 4020
3923 3697 3700
3923 3700 4005
4020 4012 3986
4020 3986 4021
3793 3965 3960
3793 3960 3791
3750 3980 3799
3750 3799 3797
3848 3963 3895
3848 3895 3894
3790 3789 3895
3790 3895 3793
3791 3960 3798
3791 3798 3797
3981 3894 3896
3981 3896 3897
3718 3980 3750
3718 3750 3753
3723 3849 3981
3723 3981 3724
3953 4224 3606
3953 3606 3605
3909 3911 4225
3909 4225 3952
4226 4135 3597
4227 3600 4228
3596 4229 3593
4230 3668 4231
3692 4151 3689
4202 4232 4200
4202 4200 3736
4202 4201 4211
4202 4211 4232
4233 4234 4192
4233 4192 3652
3652 4235 4236
3652 4236 4233
3621 3620 4237
4238 4156 4221
4047 4049 4055
4047 4055 4197
4239 4240 4241
4241 4242 4243
4241 4243 4239
4244 4243 4242
4244 4242 4245
3803 4141 4138
3598 4136 4179
3889 3888 4246
3835 4247 3836
3839 3838 3837
3839 3837 3840
4248 3972 4137
3971 4249 4246
3888 3971 4246
4248 4250 3973
4248 3973 3972
3709 3708 3705
3689 4155 4251
3689 4251 3845
3845 4180 4016
3845 4016 3846
3696 3695 4013
3696 4013 3703
4210 4252 4181
4223 4219 3619
4253 4222 4176
3694 3921 4005
3694 4005 4004
3693 3922 3921
3693 3921 3694
3692 3702 4148
4148 3702 3703
3706 3705 3708
3706 3717 3712
3846 4016 3987
3846 3987 4011
3695 3694 4004
3695 4004 4014
3622 3621 4015
3622 4015 4014
4015 4254 4013
4254 4015 3621
3679 4209 4067
3671 3651 3654
3654 3653 4032
3654 4032 4027
3651 4235 3652
3939 3943 3954
3608 3611 3909
3608 3909 3605
3607 3609 3608
3611 3610 3910
3600 3599 4255
3600 4255 4228
4256 4255 3599
4227 4257 3600
3597 4257 4226
4178 4256 3599
4257 3597 3600
4182 4258 4183
4186 4185 4184
4186 4184 4187
3914 3992 3912
3772 4259 3915
3915 3916 3773
3992 4138 3912
3834 4260 4140
3834 4140 3833
4139 4261 3833
4189 4260 3834
3834 3595 4190
4261 3596 3833
3596 4261 4229
4191 4190 3595
4262 4263 4264
4264 4265 3589
4262 4264 4132
4262 4132 4134
4266 3588 3587
3816 4131 4130
3613 4035 4131
3613 4131 3816
4132 4267 4133
3589 3588 4132
3589 4132 4264
4268 3586 3589
4265 4268 3589
4263 4265 4264
4267 4132 3588
4269 3887 3886
4269 3886 4270
4271 3614 3817
3817 3614 3613
4266 4267 3588
3656 4272 3657
4076 4075 4084
4076 4084 4158
4116 4125 4273
4116 4273 4118
4119 4118 4273
4119 4273 4175
3668 4230 4073
3668 4172 4231
4172 3668 3670
3669 4274 3670
3670 4275 4173
4274 4275 3670
4159 4276 4160
4213 4153 4217
4119 4174 4122
3831 4122 4174
3831 4174 4277
3832 3831 4277
3832 4277 4278
3830 4279 4280
3830 4280 3666
3666 4280 4124
3666 4124 3667
3667 4124 4116
4104 4119 4105
4105 4119 4122
4281 4244 4245
3590 3592 3887
3590 3887 4269
3647 3648 3640
3648 3647 3649
4156 4149 4148
3703 4221 4156
4238 4149 4156
3651 3673 4157
3844 3843 4036
3844 4036 4068
4036 3843 4065
4036 4065 3687
4197 4055 3688
4197 3688 4064
3422 4282 3426
4283 4284 4285
3422 3421 4282
3484 3408 4286
4286 3408 4287
4288 3408 3308
4288 3308 3265
3410 3211 4289
4290 4291 3428
4290 3428 4292
4292 3428 3424
4293 4292 3424
3428 3421 3424
3423 3422 4294
4295 3443 3442
3264 3430 3432
3432 4288 3264
3264 4288 3265
4296 4297 3445
4296 3445 4298
4299 3442 3441
4299 3441 4300
3427 4300 3441
3427 3441 3425
3425 3441 3443
3408 4288 4287
3212 3411 4301
4302 3452 3451
4302 3451 4303
4304 3439 3580
4304 3580 4305
4306 3345 3347
3345 3410 4307
4307 4308 4309
3424 3423 4310
3424 4310 4311
4312 4313 3443
4312 3443 4314
3422 4313 4294
4315 4298 3444
4315 3444 4316
4317 4318 4319
3422 3425 4313
3425 3443 4313
3443 4295 4314
4296 4298 4320
4321 4322 3451
3438 4321 3451
4323 4324 4321
4323 4321 3450
3444 4325 4316
3444 4298 3445
3444 3445 3246
4326 4318 4327
4309 4328 4329
4309 4329 3346
4330 3347 3346
4307 4309 3346
3345 4307 3346
4331 4332 4333
4306 3347 4334
4335 4336 4334
4335 4334 3347
4321 3438 3450
3437 4337 4338
4339 4340 4341
4339 4342 4340
4318 4331 4333
4318 4317 4331
4318 4333 4327
4343 4317 4319
4344 4294 4313
4344 4313 4312
4295 4345 4314
4298 4315 4320
4346 4317 4343
4291 4347 4348
4291 4348 3428
3426 4282 4349
4350 4351 4352
4353 3228 4354
4354 3228 2961
4354 2961 4355
4356 2961 2955
4356 2955 2956
4356 2956 4357
4358 2949 4359
4360 4361 2951
4360 2951 2950
4362 4360 2950
4362 2950 2944
4362 4363 4364
4365 4284 4283
3415 3289 4366
4367 3289 3288
4367 3288 4368
4368 3288 3341
4368 3341 3344
4368 3344 4369
4370 4369 3344
4370 3344 3349
4370 3349 3350
4370 3350 3359
2943 3486 4363
2944 2943 4363
4321 4324 4371
3434 3317 4372
4373 4372 3317
4373 3317 3316
4374 4375 4376
4374 4376 4371
4374 4371 4324
4303 3451 4322
4322 4371 4376
3446 3454 3447
4321 4371 4322
3454 4377 3447
4305 3580 3452
4305 3452 4302
3413 3453 3414
3438 3452 3580
4326 4327 4378
4326 4378 4379
4293 3424 4311
4293 4311 4380
4328 4309 4308
4310 3423 4294
4310 4294 4344
4362 2944 4363
3215 3218 3216
3429 4282 3421
3428 4348 3429
4352 4351 4285
4284 4352 4285
3444 3437 4325
4332 4339 4341
4332 4381 4333
3437 4338 4325
4340 4382 4341
3346 4329 4330
4330 4335 3347
4332 4341 4381
3368 3418 3369
3418 4352 3416
3418 3417 3369
4352 4284 3416
2961 4356 4355
2956 2949 4357
2949 4358 4357
4383 4384 3357
4383 3357 4385
3289 4367 4366
3365 3368 3366
2949 2948 4359
3370 3365 3367
3208 4385 3357
2954 2953 2962
2954 2962 2957
2947 2954 2958
2962 4386 2957
2957 4387 2958
3411 3345 4306
3411 4306 4301
3410 3345 3411
4384 4383 3213
3212 4384 3213
2962 3227 4386
4386 4387 2957
4388 4389 2988
4388 2988 2987
4390 3508 4391
4391 3508 4392
4392 3508 3043
4392 3043 4393
4393 3043 3042
4393 3042 3485
3626 4166 4164
4163 4078 4081
3581 2985 2984
4394 3031 3036
4395 3030 3035
4395 3035 4396
3031 3034 3036
4397 2905 2904
4397 2904 4398
2911 4397 4398
2911 4398 2909
4399 4400 4401
2853 2801 2908
2911 2907 2908
2801 4397 2908
2906 2905 2804
2906 2804 2808
4397 2801 2804
4397 2804 2905
3202 2906 2808
3202 2808 2807
2911 2908 4397
4402 4403 4404
4405 4406 4407
4404 4403 4408
4404 4408 4409
4407 4406 4410
4407 4410 4411
4409 4408 4412
4409 4412 4413
4411 4410 4414
4411 4414 4415
4413 4412 4416
4413 4416 4417
4415 4414 4418
4415 4418 4419
4417 4416 4420
4417 4420 4421
4419 4418 4422
4419 4422 4423
4421 4420 4424
4421 4424 4425
4423 4422 4426
4423 4426 4427
4408 4403 4428
4407 4411 4429
4412 4408 4428
4411 4415 4429
4416 4412 4428
4415 4419 4429
4420 4416 4428
4419 4423 4429
4424 4420 4428
4423 4427 4429
4430 4431 4432
4430 4432 4433
4434 4435 4436
4434 4436 4437
4433 4432 4438
4433 4438 4439
4437 4436 4440
4437 4440 4441
4439 4438 4442
4439 4442 4443
4441 4440 4444
4441 4444 4445
4443 4442 4446
4443 4446 4447
4445 4444 4448
4445 4448 4449
4447 4446 4450
4447 4450 4451
4449 4448 4452
4449 4452 4453
4451 4450 4454
4451 4454 4455
4453 4452 4456
4453 4456 4457
4455 4454 4458
4456 4459 4457
4432 4431 4460
4434 4437 4461
4438 4432 4460
4437 4441 4461
4442 4438 4460
4441 4445 4461
4446 4442 4460
4445 4449 4461
4450 4446 4460
4449 4453 4461
4454 4450 4460
4453 4457 4461
4462 4463 4464
4465 4466 4467
4464 4463 4468
4464 4468 4469
4465 4467 4470
4469 4468 4471
4469 4471 4472
4470 4473 4474
4470 4474 4475
4472 4471 4476
4472 4476 4477
4475 4474 4478
4475 4478 4479
4477 4476 4480
4477 4480 4481
4479 4478 4482
4479 4482 4483
4481 4480 4484
4483 4482 4485
4484 4486 4487
4488 4489 4485
4468 4463 4490
4465 4470 4491
4471 4468 4490
4470 4475 4491
4476 4471 4490
4475 4479 4491
4480 4476 4490
4479 4483 4491
4486 4480 4490
4483 4485 4491
4492 4493 4494
4492 4494 4495
4496 4497 4498
4496 4498 4499
4495 4494 4500
4495 4500 4501
4499 4498 4502
4499 4502 4503
4501 4500 4504
4501 4504 4505
4503 4502 4506
4503 4506 4507
4505 4504 4508
4505 4508 4509
4507 4506 4510
4507 4510 4511
4509 4508 4512
4509 4512 4513
4511 4510 4514
4511 4514 4515
4494 4493 4516
4496 4499 4517
4500 4494 4516
4499 4503 4517
4504 4500 4516
4503 4507 4517
4508 4504 4516
4507 4511 4517
4512 4508 4516
4511 4515 4517
4484 4480 4486
4470 4467 4473
4485 4482 4488
4518 4519 4520
4521 4522 4523
4519 4524 4525
4519 4525 4520
4522 4526 4527
4522 4527 4523
4524 4528 4529
4524 4529 4525
4526 4530 4531
4526 4531 4527
4528 4532 4533
4528 4533 4529
4530 4534 4535
4530 4535 4531
4532 4536 4537
4532 4537 4533
4534 4538 4539
4534 4539 4535
4536 4540 4541
4536 4541 4537
4538 4542 4543
4538 4543 4539
4525 4544 4520
4522 4545 4526
4529 4544 4525
4526 4545 4530
4533 4544 4529
4530 4545 4534
4537 4544 4533
4534 4545 4538
4541 4544 4537
4538 4545 4542
4546 4547 4548
4546 4548 4549
4550 4551 4552
4550 4552 4553
4547 4554 4555
4547 4555 4548
4551 4556 4557
4551 4557 4552
4554 4558 4559
4554 4559 4555
4556 4560 4561
4556 4561 4557
4558 4562 4563
4558 4563 4559
4560 4564 4565
4560 4565 4561
4562 4566 4567
4562 4567 4563
4564 4568 4569
4564 4569 4565
4566 4570 4571
4566 4571 4567
4568 4572 4573
4568 4573 4569
4570 4574 4571
4573 4572 4575
4548 4576 4549
4550 4577 4551
4555 4576 4548
4551 4577 4556
4559 4576 4555
4556 4577 4560
4563 4576 4559
4560 4577 4564
4567 4576 4563
4564 4577 4568
4571 4576 4567
4568 4577 4572
4578 4579 4580
4581 4582 4583
4579 4584 4585
4579 4585 4580
4581 4586 4582
4584 4587 4588
4584 4588 4585
4586 4589 4590
4586 4590 4591
4587 4592 4593
4587 4593 4588
4589 4594 4595
4589 4595 4590
4592 4596 4597
4592 4597 4593
4594 4598 4599
4594 4599 4595
4596 4600 4597
4598 4601 4599
4600 4602 4603
4604 4601 4605
4585 4606 4580
4581 4607 4586
4588 4606 4585
4586 4607 4589
4593 4606 4588
4589 4607 4594
4597 4606 4593
4594 4607 4598
4603 4606 4597
4598 4607 4601
4608 4609 4610
4608 4610 4611
4612 4613 4614
4612 4614 4615
4609 4616 4617
4609 4617 4610
4613 4618 4619
4613 4619 4614
4616 4620 4621
4616 4621 4617
4618 4622 4623
4618 4623 4619
4620 4624 4625
4620 4625 4621
4622 4626 4627
4622 4627 4623
4624 4628 4629
4624 4629 4625
4626 4630 4631
4626 4631 4627
4610 4632 4611
4612 4633 4613
4617 4632 4610
4613 4633 4618
4621 4632 4617
4618 4633 4622
4625 4632 4621
4622 4633 4626
4629 4632 4625
4626 4633 4630
4600 4603 4597
4586 4591 4582
4601 4604 4599
4634 4635 4636
4634 4636 4637
4638 4639 4640
4638 4640 4641
4642 4643 4644
4642 4644 4645
4645 4646 4647
4645 4647 4642
4648 4649 4650
4651 4652 4653
4651 4653 4654
4655 4656 4657
4658 4659 4660
4658 4660 4661
4658 4662 4659
4663 4664 4665
4663 4665 4666
4667 4668 4669
4670 4671 4672
4670 4672 4673
4666 4674 4663
4675 4668 4676
4675 4676 4677
4678 4679 4680
4678 4680 4681
4682 4683 4684
4682 4684 4685
4686 4687 4688
4689 4690 4691
4692 4693 4694
4692 4694 4695
4692 4688 4696
4697 4698 4699
4697 4699 4700
4701 4702 4703
4701 4703 4704
4705 4706 4707
4705 4707 4708
4709 4710 4711
4709 4711 4712
4713 4708 4707
4714 4715 4716
4717 4706 4705
4717 4705 4718
4719 4695 4720
4719 4720 4721
4686 4688 4692
4694 4693 4722
4694 4722 4723
4724 4636 4635
4724 4635 4725
4692 4726 4686
4727 4687 4686
4728 4729 4730
4728 4730 4731
4732 4733 4734
4735 4736 4737
4700 4699 4738
4739 4740 4741
4734 4742 4732
4729 4728 4743
4729 4743 4744
4691 4745 4689
4746 4747 4748
4749 4750 4751
4749 4751 4752
4753 4733 4754
4695 4694 4755
4695 4755 4720
4755 4756 4757
4755 4757 4720
4758 4759 4760
4758 4760 4761
4762 4763 4764
4765 4766 4767
4765 4767 4768
4719 4726 4692
4719 4692 4695
4709 4712 4718
4709 4718 4705
4654 4711 4710
4654 4710 4651
4769 4721 4720
4769 4720 4757
4725 4635 4710
4725 4710 4709
4635 4634 4770
4770 4634 4771
4770 4771 4772
4634 4637 4771
4773 4774 4775
4773 4775 4776
4774 4773 4777
4651 4770 4772
4651 4772 4652
4635 4770 4710
4710 4770 4651
4778 4779 4780
4638 4641 4781
4638 4781 4782
4783 4784 4785
4694 4723 4786
4694 4786 4755
4755 4786 4787
4755 4787 4756
4759 4758 4788
4759 4788 4789
4790 4783 4791
4762 4764 4688
4687 4762 4688
4792 4793 4742
4733 4753 4794
4788 4795 4696
4733 4794 4734
4789 4788 4764
4789 4764 4763
4796 4703 4702
4797 4798 4799
4800 4801 4802
4803 4740 4804
4799 4805 4797
4806 4802 4807
4804 4740 4739
4800 4802 4806
4804 4739 4808
4806 4798 4800
4799 4798 4806
4794 4809 4734
4809 4810 4734
4811 4812 4810
4811 4813 4812
4813 4814 4808
4813 4808 4739
4815 4816 4806
4815 4806 4807
4816 4817 4799
4816 4799 4806
4817 4805 4799
4817 4818 4805
4819 4820 4821
4819 4822 4820
4774 4777 4823
4821 4805 4818
4821 4818 4819
4783 4785 4791
4810 4742 4734
4824 4825 4826
4825 4827 4826
4828 4829 4830
4828 4830 4831
4830 4829 4832
4782 4781 4833
4782 4833 4834
4758 4761 4835
4758 4835 4836
4836 4722 4795
4787 4786 4837
4837 4786 4723
4837 4723 4838
4838 4723 4722
4838 4722 4839
4839 4722 4836
4839 4836 4835
4696 4795 4693
4836 4795 4788
4836 4788 4758
4696 4688 4764
4692 4696 4693
4795 4722 4693
4827 4840 4841
4827 4841 4826
4842 4843 4844
4845 4842 4844
4730 4846 4731
4847 4848 4849
4850 4851 4748
4848 4852 4851
4851 4852 4853
4851 4853 4746
4854 4855 4856
4792 4741 4793
4739 4741 4792
4751 4750 4680
4857 4858 4859
4857 4859 4860
4861 4862 4863
4862 4667 4669
4864 4779 4865
4657 4661 4660
4657 4660 4866
4848 4847 4867
4868 4869 4870
4868 4870 4871
4872 4873 4874
4854 4856 4875
4854 4875 4876
4877 4878 4879
4880 4881 4882
4883 4884 4885
4883 4885 4886
4880 4885 4879
4880 4879 4881
4887 4886 4888
4889 4890 4891
4889 4891 4892
4893 4894 4895
4896 4891 4890
4897 4898 4899
4649 4648 4900
4901 4898 4897
4901 4897 4902
4690 4689 4893
4690 4893 4891
4689 4745 4903
4744 4743 4749
4744 4749 4752
4864 4865 4667
4864 4667 4862
4904 4905 4906
4904 4906 4907
4671 4905 4672
4674 4908 4909
4910 4911 4909
4912 4913 4914
4915 4916 4917
4645 4918 4646
4919 4918 4920
4921 4922 4923
4924 4925 4926
4924 4926 4919
4644 4927 4928
4929 4915 4917
4929 4917 4930
4931 4932 4933
4934 4930 4921
4935 4917 4916
4936 4917 4935
4937 4938 4939
4714 4940 4715
4912 4914 4941
4942 4937 4939
4942 4939 4943
4924 4920 4944
4945 4922 4946
4921 4923 4927
4674 4947 4948
4947 4909 4949
4909 4950 4951
4952 4953 4954
4953 4955 4954
4647 4646 4956
4646 4919 4957
4851 4850 4849
4851 4849 4848
4958 4920 4945
4919 4920 4924
4920 4918 4945
4920 4958 4944
4958 4945 4959
4960 4961 4714
4961 4962 4940
4714 4961 4940
4963 4964 4965
4963 4965 4966
4964 4967 4968
4964 4968 4965
4968 4967 4969
4968 4969 4970
4969 4971 4972
4969 4972 4970
4973 4974 4975
4973 4975 4976
4974 4736 4977
4974 4977 4975
4736 4869 4868
4736 4868 4737
4963 4748 4747
4976 4972 4971
4976 4971 4973
4680 4679 4978
4979 4980 4853
4979 4853 4852
4880 4882 4981
4882 4982 4892
4882 4892 4981
4904 4669 4668
4904 4668 4983
4904 4983 4984
4904 4984 4905
4664 4985 4986
4664 4986 4665
4985 4987 4988
4985 4988 4986
4987 4989 4990
4987 4990 4988
4989 4675 4677
4989 4677 4990
4937 4942 4991
4937 4991 4960
4945 4946 4959
4917 4936 4922
4929 4930 4932
4921 4930 4922
4922 4930 4917
4928 4923 4918
4923 4922 4945
4918 4923 4945
4923 4928 4927
4645 4928 4918
4644 4928 4645
4646 4918 4919
4953 4914 4992
4950 4911 4941
4909 4908 4993
4674 4909 4947
4889 4892 4982
4889 4982 4994
4981 4892 4891
4981 4891 4893
4995 4996 4997
4981 4895 4998
4893 4903 4894
4893 4895 4981
4689 4903 4893
4880 4981 4998
4999 4896 4901
4999 4901 4902
4896 4890 4901
5000 4879 4885
4879 5000 4877
5000 4885 4884
5001 5002 4878
5003 5002 5004
5002 5001 5004
5002 5003 5005
4705 4708 4725
4705 4725 4709
4708 4713 4724
4708 4724 4725
5006 4640 4639
4840 5007 4841
4788 4696 4764
4742 4812 4792
4792 4812 4813
4792 4813 4739
4810 4812 4742
4997 4996 5008
5009 5010 5011
5012 4861 5013
5014 5013 5015
5014 5015 5016
4862 4861 4864
4865 4779 4778
5017 5018 4980
4868 5019 5020
4868 5020 4737
5021 4873 5022
5023 5024 4876
5020 5025 4735
5020 5026 5025
4873 5027 5028
4873 5028 5022
5010 5029 5030
4671 5031 5032
5033 5034 5035
5033 5035 5036
5037 5033 5036
4647 4956 5038
5038 4956 5039
4957 4926 5040
4926 4925 5040
4657 4656 5041
4657 4866 4655
5041 4656 5042
5018 5017 5043
4680 4978 4751
5018 5044 4980
5044 5045 4853
5044 4853 4980
5046 4871 5047
5046 5047 5048
5047 4871 4870
5047 4870 5049
5050 5051 5043
5051 4855 5044
5051 5044 5018
4855 4854 5045
4855 5045 5044
4854 5052 5046
4854 5046 5045
5046 5052 5024
5046 5024 4871
5052 4876 5024
4868 4871 5053
4868 5053 5019
5024 5023 5053
5024 5053 4871
5053 5023 5054
5053 5054 5055
5023 4876 5054
5056 5057 5058
5059 4684 5060
5059 5060 5057
4684 4683 5061
4684 5061 5060
5060 5061 5062
5056 5058 5055
5056 5055 5054
5058 4872 5055
5057 5063 4872
5057 4872 5058
4873 4872 5063
4873 5063 5027
5059 5056 5064
5059 5064 4685
4685 5064 5065
4685 5065 4682
5028 5027 5030
5002 5022 5028
5002 5028 5029
5063 5057 5066
4685 4684 5059
5054 5067 5056
5068 5010 5009
5068 5009 5069
5069 5009 5070
5069 5070 5071
5072 4996 4995
5072 4995 5073
5022 5002 5005
5002 5068 4878
5068 5069 4879
5069 4881 4879
5069 4882 4881
5069 5071 4882
5072 4982 4882
5072 5073 4994
5072 4994 4982
5068 4879 4878
5071 5070 4996
5071 4996 5072
4882 5071 5072
5011 5074 5062
5011 5062 5008
5011 5070 5009
5060 5066 5057
5010 5030 5075
5063 5030 5027
5076 4875 4856
5076 4856 5077
4856 5051 5077
5064 5067 5065
5017 4980 4979
4854 4876 5052
4873 5021 5026
4856 4855 5051
5056 5067 5064
4875 5067 5054
4875 5054 4876
5002 5029 5010
5002 5010 5068
5030 5029 5028
5076 5065 5067
5076 5067 4875
4963 4747 5047
4963 5047 5049
5048 4746 4853
5048 4853 5045
4746 5048 5047
4746 5047 4747
5046 5048 5045
4746 4748 4851
4874 5019 5055
4874 4873 5026
5019 5053 5055
4737 5020 4735
5020 5019 4874
4874 5055 4872
4874 5026 5020
5063 5066 5030
5066 5060 5074
4883 4886 4887
4880 4888 4886
4880 4886 4885
5030 5066 5075
5011 5010 5075
5011 5075 5074
5062 5061 4997
5060 5062 5074
5008 5070 5011
5008 4996 5070
5008 5062 4997
5075 5066 5074
4857 4860 5078
5079 5032 5031
5077 5051 5050
5050 5043 5080
5043 5051 5018
4863 4906 5032
4863 5032 5079
4906 4905 4671
4906 4671 5032
5081 5034 5033
5081 5033 5082
5033 5037 5083
5033 5083 5082
5081 5082 4715
5082 5084 4715
5085 5086 5087
5035 5088 5089
5035 5089 5036
5090 5086 5083
5090 5083 5037
5083 5086 5085
5083 5085 5091
5036 5089 5090
5036 5090 5037
5087 4673 4949
5092 4672 4984
5092 4984 5093
5094 4670 4673
5094 4673 5087
5090 5094 5087
5090 5087 5086
5095 5089 5088
5095 5088 5096
5078 5097 5095
5078 5095 5096
4860 5097 5078
5015 5013 4863
5015 4863 5079
5012 5013 5014
5015 5079 5098
4670 5031 4671
5014 5016 4860
5014 4860 4859
5016 5097 4860
5013 4861 4863
5097 5098 5031
5097 5031 5095
5015 5098 5097
5015 5097 5016
5094 5090 5099
5090 5089 5099
4663 4948 5092
4663 5092 5093
4948 4947 5092
4907 4906 4863
4907 4669 4904
4669 4907 4862
5100 4673 4672
5101 5102 4644
5101 4644 4643
5102 4991 4927
4991 4921 4927
4991 4942 4921
4942 4934 4921
4942 4943 4934
4992 5103 4933
4992 5104 5103
4992 4913 5104
4953 4952 5105
4953 5105 4914
4952 5091 5085
4952 5085 5105
5083 5091 5084
5083 5084 5082
4914 4913 4992
4941 4914 5105
4943 4939 4992
4933 4943 4992
4962 4961 5102
4962 5102 5101
4961 4960 4991
4961 4991 5102
4937 4960 4714
4911 4950 4909
4949 4951 5087
4951 5105 5085
5105 4950 4941
5100 4672 5092
5092 4947 5100
4909 4993 4910
5087 4951 5085
4932 4943 4933
4929 4932 4931
4932 4930 4934
5102 4927 4644
4951 4950 5105
4953 4992 4955
5081 4715 4940
4714 4716 4937
4938 4715 5084
4954 4939 4938
4955 4992 4939
5084 4954 4938
4937 4716 4938
4716 4715 4938
4952 4954 5084
4952 5084 5091
5094 5099 5031
5031 5099 5089
5031 5089 5095
5079 5031 5098
5094 5031 4670
4949 4909 4951
4949 4673 5100
5100 4947 4949
4648 5038 4900
5038 5039 4900
4674 4948 4663
4667 4676 4668
4862 4907 4863
4963 4966 4748
4735 4977 4736
4919 4926 4957
4943 4932 4934
5056 5059 5057
4954 4955 4939
4905 4984 4672
5106 5107 5108
5106 5108 5109
5110 5111 5112
5110 5112 5113
5114 5115 5116
5114 5116 5117
5117 5116 5118
5117 5118 5119
5120 5121 5122
5123 5124 5125
5123 5125 5126
5127 5128 5129
5130 5131 5132
5130 5132 5133
5130 5133 5134
5135 5136 5137
5135 5137 5138
5139 5140 5141
5142 5143 5144
5142 5144 5145
5136 5135 5146
5147 5141 5148
5147 5148 5149
5150 5151 5152
5150 5152 5153
5154 5155 5156
5154 5156 5157
5158 5159 5160
5161 5162 5163
5164 5165 5166
5164 5166 5167
5164 5168 5159
5169 5170 5171
5169 5171 5172
5173 5174 5175
5173 5175 5176
5177 5178 5179
5177 5179 5180
5181 5182 5183
5181 5183 5184
5185 5177 5180
5186 5187 5188
5189 5190 5179
5189 5179 5178
5191 5165 5192
5191 5192 5193
5158 5164 5159
5194 5167 5166
5194 5166 5195
5109 5108 5196
5109 5196 5197
5164 5158 5198
5199 5158 5160
5200 5201 5202
5200 5202 5203
5204 5205 5206
5207 5208 5209
5172 5210 5169
5211 5212 5213
5205 5204 5214
5215 5200 5203
5215 5203 5216
5162 5161 5217
5218 5219 5220
5221 5222 5223
5221 5223 5224
5225 5226 5206
5165 5191 5227
5165 5227 5166
5228 5229 5227
5228 5227 5191
5230 5231 5232
5230 5232 5233
5234 5235 5236
5237 5238 5239
5237 5239 5240
5192 5165 5164
5192 5164 5198
5190 5182 5181
5190 5181 5179
5124 5123 5184
5124 5184 5183
5241 5228 5191
5241 5191 5193
5197 5181 5184
5197 5184 5109
5109 5242 5106
5243 5106 5242
5243 5242 5244
5106 5243 5107
5245 5246 5247
5245 5247 5248
5246 5249 5247
5244 5242 5123
5244 5123 5126
5109 5184 5242
5184 5123 5242
5250 5251 5252
5253 5111 5110
5253 5110 5254
5255 5256 5257
5258 5195 5166
5258 5166 5227
5259 5258 5227
5259 5227 5229
5260 5230 5233
5260 5233 5261
5262 5263 5255
5234 5159 5235
5160 5159 5234
5264 5214 5265
5206 5266 5225
5260 5168 5267
5206 5205 5266
5261 5236 5235
5261 5235 5260
5268 5174 5173
5269 5270 5271
5272 5273 5274
5275 5276 5213
5270 5269 5277
5278 5279 5273
5276 5211 5213
5272 5278 5273
5276 5280 5211
5278 5272 5271
5270 5278 5271
5266 5205 5281
5281 5205 5282
5283 5282 5284
5283 5284 5285
5285 5211 5280
5285 5280 5286
5287 5279 5278
5287 5278 5288
5288 5278 5270
5288 5270 5289
5289 5270 5277
5289 5277 5290
5291 5292 5293
5291 5293 5294
5246 5295 5249
5290 5277 5292
5290 5292 5291
5255 5263 5256
5282 5205 5214
5296 5297 5298
5298 5297 5299
5300 5301 5302
5300 5302 5303
5302 5304 5303
5305 5253 5254
5305 5254 5306
5307 5231 5230
5307 5230 5308
5308 5267 5194
5259 5309 5258
5195 5258 5309
5195 5309 5310
5194 5195 5310
5194 5310 5311
5308 5194 5311
5308 5311 5307
5168 5167 5267
5308 5230 5260
5308 5260 5267
5168 5235 5159
5164 5167 5168
5267 5167 5194
5312 5313 5299
5312 5299 5297
5314 5315 5316
5317 5315 5314
5202 5201 5318
5319 5320 5321
5322 5219 5323
5321 5323 5324
5325 5324 5323
5325 5323 5218
5326 5327 5328
5264 5265 5212
5211 5264 5212
5223 5152 5224
5329 5330 5331
5329 5331 5332
5333 5334 5335
5335 5140 5139
5336 5337 5252
5132 5131 5128
5132 5128 5338
5321 5339 5319
5340 5341 5342
5340 5342 5343
5344 5345 5346
5326 5347 5348
5326 5348 5327
5349 5350 5351
5352 5353 5354
5355 5356 5357
5355 5357 5358
5350 5355 5352
5350 5352 5354
5359 5360 5358
5361 5362 5363
5361 5363 5364
5365 5366 5367
5368 5362 5361
5369 5370 5371
5122 5372 5120
5369 5371 5373
5369 5373 5374
5163 5361 5365
5163 5365 5161
5161 5375 5217
5221 5215 5216
5221 5216 5222
5336 5335 5139
5336 5139 5337
5376 5377 5378
5376 5378 5379
5143 5142 5377
5146 5380 5381
5382 5380 5383
5384 5385 5386
5387 5388 5389
5117 5119 5390
5391 5392 5390
5393 5394 5395
5396 5397 5398
5396 5398 5391
5114 5399 5400
5388 5387 5401
5388 5401 5402
5403 5404 5405
5406 5393 5402
5407 5389 5388
5408 5407 5388
5409 5410 5411
5186 5188 5412
5384 5413 5385
5410 5409 5414
5410 5414 5415
5398 5416 5392
5417 5418 5395
5393 5400 5394
5146 5419 5420
5420 5421 5380
5380 5422 5423
5424 5425 5426
5426 5425 5427
5118 5428 5119
5119 5429 5391
5323 5320 5322
5323 5321 5320
5430 5417 5392
5391 5398 5392
5392 5417 5390
5392 5416 5430
5430 5431 5417
5432 5186 5433
5433 5412 5434
5186 5412 5433
5435 5436 5437
5435 5437 5438
5438 5437 5439
5438 5439 5440
5441 5440 5439
5441 5439 5442
5441 5442 5443
5441 5443 5444
5445 5446 5447
5445 5447 5448
5448 5447 5449
5448 5449 5209
5209 5208 5340
5209 5340 5343
5435 5220 5219
5444 5443 5446
5444 5446 5445
5152 5450 5153
5325 5451 5452
5325 5452 5324
5352 5453 5353
5353 5453 5364
5353 5364 5454
5378 5455 5141
5378 5141 5140
5378 5377 5456
5378 5456 5455
5138 5137 5457
5138 5457 5458
5458 5457 5459
5458 5459 5460
5460 5459 5461
5460 5461 5462
5462 5461 5149
5462 5149 5148
5409 5432 5463
5409 5463 5414
5417 5431 5418
5388 5395 5408
5401 5405 5402
5393 5395 5402
5395 5388 5402
5399 5390 5394
5394 5417 5395
5390 5417 5394
5394 5400 5399
5117 5390 5399
5114 5117 5399
5119 5391 5390
5426 5464 5385
5423 5413 5383
5380 5465 5381
5146 5420 5380
5454 5364 5363
5454 5363 5466
5361 5364 5453
5361 5453 5365
5467 5468 5469
5453 5470 5366
5365 5367 5375
5365 5453 5366
5161 5365 5375
5352 5470 5453
5471 5373 5368
5471 5374 5373
5368 5373 5362
5472 5355 5350
5350 5349 5472
5472 5356 5355
5473 5351 5474
5475 5476 5474
5474 5476 5473
5474 5477 5475
5179 5181 5197
5179 5197 5180
5180 5197 5196
5180 5196 5185
5478 5113 5112
5313 5312 5479
5260 5235 5168
5214 5264 5284
5285 5284 5264
5285 5264 5211
5282 5214 5284
5468 5480 5469
5481 5482 5483
5484 5485 5333
5486 5485 5487
5486 5487 5488
5335 5336 5333
5337 5250 5252
5489 5451 5490
5340 5208 5491
5340 5491 5492
5493 5494 5346
5495 5347 5496
5491 5207 5497
5491 5497 5498
5346 5494 5499
5346 5499 5500
5483 5501 5502
5143 5503 5504
5505 5506 5507
5505 5507 5508
5509 5506 5505
5118 5510 5428
5510 5511 5428
5429 5512 5396
5396 5512 5397
5128 5513 5129
5128 5127 5338
5513 5514 5129
5490 5515 5489
5152 5223 5450
5490 5451 5516
5516 5451 5325
5516 5325 5517
5518 5519 5520
5518 5520 5341
5342 5341 5520
5342 5520 5521
5522 5515 5523
5523 5490 5516
5523 5516 5328
5328 5516 5517
5328 5517 5326
5326 5517 5518
5326 5518 5524
5496 5524 5518
5496 5518 5341
5524 5496 5347
5525 5341 5340
5525 5340 5492
5496 5341 5525
5496 5525 5495
5525 5526 5527
5525 5527 5495
5495 5527 5347
5528 5529 5530
5531 5530 5532
5531 5532 5156
5156 5532 5533
5156 5533 5157
5532 5534 5533
5528 5527 5526
5528 5526 5529
5529 5526 5344
5530 5529 5344
5530 5344 5535
5535 5344 5346
5535 5346 5500
5536 5528 5531
5536 5531 5155
5537 5536 5155
5537 5155 5154
5499 5501 5500
5499 5494 5474
5499 5474 5502
5535 5538 5530
5155 5531 5156
5527 5528 5539
5540 5541 5481
5540 5481 5483
5542 5481 5541
5542 5541 5543
5467 5469 5544
5467 5544 5545
5494 5477 5474
5474 5351 5540
5540 5350 5541
5541 5350 5354
5541 5354 5353
5541 5353 5543
5544 5353 5454
5544 5454 5466
5544 5466 5545
5540 5351 5350
5543 5544 5469
5543 5469 5542
5353 5544 5543
5482 5480 5534
5482 5534 5546
5482 5481 5542
5532 5530 5538
5483 5547 5501
5535 5500 5501
5327 5348 5548
5327 5548 5549
5327 5549 5523
5536 5537 5539
5489 5452 5451
5326 5524 5347
5346 5498 5493
5327 5523 5328
5528 5536 5539
5527 5539 5348
5527 5348 5347
5474 5540 5483
5474 5483 5502
5501 5499 5502
5539 5537 5548
5539 5548 5348
5435 5521 5520
5435 5520 5220
5325 5218 5519
5325 5519 5517
5218 5220 5520
5218 5520 5519
5518 5517 5519
5218 5323 5219
5345 5526 5492
5345 5498 5346
5492 5526 5525
5208 5207 5491
5491 5345 5492
5345 5344 5526
5345 5491 5498
5535 5501 5538
5538 5546 5532
5357 5359 5358
5358 5360 5352
5358 5352 5355
5501 5547 5538
5547 5483 5482
5547 5482 5546
5534 5468 5533
5532 5546 5534
5480 5482 5542
5480 5542 5469
5480 5468 5534
5547 5546 5538
5331 5550 5332
5551 5504 5503
5549 5522 5523
5522 5552 5515
5515 5490 5523
5503 5376 5334
5503 5334 5551
5376 5503 5143
5376 5143 5377
5505 5508 5553
5505 5553 5554
5505 5554 5555
5505 5555 5509
5553 5188 5554
5554 5188 5556
5557 5558 5559
5560 5561 5507
5560 5507 5506
5562 5509 5555
5562 5555 5559
5557 5559 5555
5557 5555 5563
5506 5509 5562
5506 5562 5560
5558 5421 5145
5456 5142 5564
5456 5564 5565
5145 5144 5566
5145 5566 5558
5558 5566 5562
5558 5562 5559
5567 5568 5561
5567 5561 5560
5567 5569 5550
5567 5550 5568
5332 5550 5569
5486 5551 5334
5486 5334 5485
5484 5487 5485
5486 5570 5551
5144 5143 5504
5487 5329 5332
5487 5332 5488
5488 5332 5569
5485 5334 5333
5569 5567 5504
5569 5504 5570
5486 5488 5569
5486 5569 5570
5566 5571 5562
5562 5571 5560
5135 5565 5564
5135 5564 5419
5419 5564 5420
5379 5334 5376
5379 5378 5140
5140 5335 5379
5572 5142 5145
5573 5115 5114
5573 5114 5574
5574 5400 5463
5463 5400 5393
5463 5393 5414
5414 5393 5406
5414 5406 5415
5464 5404 5575
5464 5575 5576
5464 5576 5386
5426 5385 5577
5426 5577 5424
5424 5577 5557
5424 5557 5563
5555 5554 5556
5555 5556 5563
5385 5464 5386
5413 5577 5385
5415 5464 5410
5404 5464 5415
5434 5573 5574
5434 5574 5433
5433 5574 5463
5433 5463 5432
5409 5186 5432
5383 5380 5423
5421 5558 5422
5422 5557 5577
5577 5413 5423
5572 5564 5142
5564 5572 5420
5380 5382 5465
5558 5557 5422
5405 5404 5415
5401 5403 5405
5405 5406 5402
5574 5114 5400
5422 5577 5423
5426 5427 5464
5553 5412 5188
5186 5409 5187
5411 5556 5188
5425 5411 5410
5427 5410 5464
5556 5411 5425
5409 5411 5187
5187 5411 5188
5424 5563 5556
5424 5556 5425
5566 5504 5571
5560 5571 5504
5560 5504 5567
5551 5570 5504
5566 5144 5504
5421 5422 5380
5421 5572 5145
5572 5421 5420
5120 5372 5510
5510 5372 5511
5146 5135 5419
5139 5141 5147
5335 5334 5379
5435 5219 5436
5207 5209 5449
5391 5429 5396
5415 5406 5405
5528 5530 5531
5425 5410 5427
5377 5142 5456
5578 5579 5580
5578 5580 5581
5582 5578 5581
5582 5581 5583
5584 5582 5583
5584 5583 5585
5586 5584 5585
5586 5585 5587
5588 5586 5587
5588 5587 5589
5590 5588 5589
5590 5589 5591
5592 5590 5591
5592 5591 5593
5594 5592 5593
5594 5593 5595
5596 5594 5595
5596 5595 5597
5598 5596 5597
5598 5597 5599
5600 5598 5599
5600 5599 5601
5602 5600 5601
5602 5601 5603
5604 5605 5606
5604 5606 5607
5608 5609 5607
5608 5607 5606
5610 5611 5612
5610 5612 5613
5605 5604 5613
5605 5613 5612
5614 5615 5616
5614 5616 5617
5611 5610 5617
5611 5617 5616
5618 5619 5620
5618 5620 5621
5615 5614 5621
5615 5621 5620
5622 5623 5624
5622 5624 5625
5619 5618 5625
5619 5625 5624
5626 5627 5628
5626 5628 5629
5623 5622 5629
5623 5629 5628
5582 5630 5631
5582 5631 5578
5578 5631 5632
5578 5632 5579
5581 5580 5633
5581 5633 5634
5583 5581 5634
5583 5634 5635
5586 5636 5637
5586 5637 5584
5584 5637 5630
5584 5630 5582
5585 5583 5635
5585 5635 5638
5587 5585 5638
5587 5638 5639
5588 5590 5640
5588 5640 5641
5588 5641 5636
5588 5636 5586
5589 5587 5639
5589 5639 5642
5591 5589 5642
5591 5642 5643
5592 5594 5644
5592 5644 5645
5590 5592 5645
5590 5645 5640
5593 5591 5643
5593 5643 5646
5593 5646 5647
5593 5647 5595
5596 5598 5648
5596 5648 5649
5594 5596 5649
5594 5649 5644
5595 5647 5650
5595 5650 5597
5597 5650 5651
5597 5651 5599
5600 5602 5652
5600 5652 5653
5598 5600 5653
5598 5653 5648
5599 5651 5654
5599 5654 5601
5601 5654 5655
5601 5655 5603
5656 5657 5658
5656 5658 5659
5659 5658 5660
5659 5660 5661
5661 5660 5662
5661 5662 5663
5663 5662 5664
5663 5664 5665
5665 5664 5666
5665 5666 5667
5667 5666 5668
5667 5668 5669
5669 5668 5670
5669 5670 5671
5671 5670 5672
5671 5672 5673
5673 5672 5674
5673 5674 5675
5675 5674 5676
5675 5676 5677
5677 5676 5678
5677 5678 5679
5679 5678 5680
5679 5680 5681
5682 5683 5684
5682 5684 5685
5685 5686 5687
5685 5687 5682
5688 5689 5690
5688 5690 5691
5691 5684 5683
5691 5683 5688
5692 5693 5694
5692 5694 5695
5695 5690 5689
5695 5689 5692
5696 5697 5698
5696 5698 5699
5699 5694 5693
5699 5693 5696
5700 5701 5702
5700 5702 5703
5703 5698 5697
5703 5697 5700
5704 5705 5706
5704 5706 5707
5707 5702 5701
5707 5701 5704
5660 5658 5708
5660 5708 5709
5658 5657 5710
5658 5710 5708
5711 5656 5659
5711 5659 5712
5712 5659 5661
5712 5661 5713
5664 5662 5714
5664 5714 5715
5662 5660 5709
5662 5709 5714
5713 5661 5663
5713 5663 5716
5716 5663 5665
5716 5665 5717
5718 5668 5666
5718 5666 5719
5666 5664 5715
5666 5715 5719
5717 5665 5667
5717 5667 5720
5720 5667 5669
5720 5669 5721
5722 5672 5670
5722 5670 5723
5723 5670 5668
5723 5668 5718
5721 5669 5671
5721 5671 5724
5671 5673 5725
5671 5725 5724
5726 5676 5674
5726 5674 5727
5727 5674 5672
5727 5672 5722
5673 5675 5728
5673 5728 5725
5675 5677 5729
5675 5729 5728
5730 5680 5678
5730 5678 5731
5731 5678 5676
5731 5676 5726
5677 5679 5732
5677 5732 5729
5679 5681 5733
5679 5733 5732
5734 5735 5736
5734 5736 5737
5738 5739 5740
5738 5740 5741
5742 5743 5744
5742 5744 5745
5746 5747 5748
5743 5734 5737
5743 5737 5749
5740 5744 5750
5740 5750 5751
5752 5753 5754
5752 5754 5741
5745 5744 5740
5745 5740 5739
5755 5756 5750
5755 5750 5749
5741 5754 5747
5741 5747 5738
5757 5758 5752
5757 5752 5751
5759 5760 5746
5761 5753 5762
5763 5734 5743
5763 5743 5742
5764 5765 5748
5749 5737 5766
5749 5766 5755
5751 5750 5756
5751 5756 5757
5758 5767 5753
5758 5753 5752
5749 5750 5744
5749 5744 5743
5751 5752 5741
5751 5741 5740
5754 5753 5768
5769 5770 5761
5771 5772 5762
5762 5753 5767
5773 5774 5775
5773 5775 5776
5777 5778 5779
5777 5779 5780
5781 5782 5783
5781 5783 5784
5785 5786 5787
5785 5787 5788
5789 5790 5791
5789 5791 5792
5784 5783 5786
5784 5786 5785
5793 5794 5795
5793 5795 5796
5792 5791 5782
5792 5782 5781
5797 5798 5799
5797 5799 5800
5801 5802 5790
5801 5790 5789
5803 5804 5805
5803 5805 5806
5788 5787 5774
5788 5774 5773
5807 5808 5809
5807 5809 5810
5796 5795 5798
5796 5798 5797
5800 5799 5811
5800 5811 5812
5813 5814 5804
5813 5804 5803
5810 5809 5815
5810 5815 5816
5817 5818 5808
5817 5808 5807
5819 5820 5818
5819 5818 5817
5821 5822 5823
5821 5823 5824
5824 5823 5825
5824 5825 5826
5827 5828 5822
5827 5822 5821
5829 5830 5828
5829 5828 5827
5831 5832 5833
5831 5833 5834
5835 5836 5832
5835 5832 5831
5837 5838 5839
5837 5839 5840
5812 5811 5838
5812 5838 5837
5762 5767 5841
5842 5768 5843
5759 5748 5765
5759 5746 5748
5764 5768 5842
5764 5748 5768
5843 5768 5770
5754 5768 5748
5768 5753 5761
5748 5747 5754
5844 5761 5762
5844 5762 5845
5769 5761 5844
5845 5762 5772
5771 5841 5846
5771 5762 5841
5770 5768 5761
5735 5734 5763
5737 5736 5766
5847 5848 5849
5847 5849 5850
5851 5852 5853
5851 5853 5854
5855 5856 5857
5855 5857 5858
5859 5860 5861
5858 5862 5848
5858 5848 5847
5853 5863 5864
5853 5864 5857
5865 5852 5866
5865 5866 5867
5856 5854 5853
5856 5853 5857
5868 5862 5864
5868 5864 5869
5852 5851 5861
5852 5861 5866
5870 5863 5865
5870 5865 5871
5872 5859 5873
5874 5875 5867
5876 5855 5858
5876 5858 5847
5877 5860 5878
5862 5868 5879
5862 5879 5848
5863 5870 5869
5863 5869 5864
5871 5865 5867
5871 5867 5880
5862 5858 5857
5862 5857 5864
5863 5853 5852
5863 5852 5865
5866 5881 5867
5882 5874 5883
5884 5875 5885
5875 5880 5867
5886 5887 5888
5886 5888 5889
5890 5891 5892
5890 5892 5893
5894 5895 5896
5894 5896 5897
5898 5899 5900
5898 5900 5901
5902 5903 5904
5902 5904 5905
5895 5898 5901
5895 5901 5896
5906 5907 5908
5906 5908 5909
5903 5894 5897
5903 5897 5904
5910 5911 5912
5910 5912 5913
5914 5902 5905
5914 5905 5915
5916 5917 5918
5916 5918 5919
5899 5886 5889
5899 5889 5900
5920 5921 5922
5920 5922 5923
5907 5910 5913
5907 5913 5908
5911 5924 5925
5911 5925 5912
5926 5916 5919
5926 5919 5927
5921 5928 5929
5921 5929 5922
5930 5920 5923
5930 5923 5931
5932 5930 5931
5932 5931 5933
5934 5935 5936
5934 5936 5937
5935 5938 5939
5935 5939 5936
5940 5934 5937
5940 5937 5941
5942 5940 5941
5942 5941 5943
5944 5945 5946
5944 5946 5947
5948 5944 5947
5948 5947 5949
5950 5951 5952
5950 5952 5953
5924 5950 5953
5924 5953 5925
5875 5954 5880
5955 5956 5881
5872 5878 5860
5872 5860 5859
5877 5955 5881
5877 5881 5860
5956 5883 5881
5866 5860 5881
5881 5874 5867
5860 5866 5861
5957 5875 5874
5957 5958 5875
5882 5957 5874
5958 5885 5875
5884 5959 5954
5884 5954 5875
5883 5874 5881
5850 5876 5847
5848 5879 5849
5960 5961 5962
5963 5964 5965
5966 5967 5968
5969 5970 5971
5969 5971 5972
5973 5974 5975
5973 5975 5976
5977 5978 5979
5977 5979 5980
5981 5982 5983
5981 5983 5984
5985 5986 5987
5988 5979 5989
5990 5991 5992
5993 5994 5995
5996 5997 5998
5999 6000 6001
6002 6003 6004
6005 6006 6007
6005 6007 6008
6009 6010 6011
6009 6011 6012
6013 6014 6015
6013 6015 6016
6017 6018 6019
6017 6019 6020
5995 6021 5993
6022 6023 5970
6024 6025 5983
6026 5996 5998
6026 5998 6027
6003 6028 6029
6003 6029 6004
6030 6031 6032
6030 6032 6033
6034 6030 6033
6034 6033 6035
6036 6037 5974
6036 5974 5973
6031 6038 6039
6031 6039 6032
6040 6034 6035
6040 6035 6041
6042 6043 6012
5961 5973 5976
5961 5976 5964
5964 5976 5978
5964 5978 5986
5967 6036 5973
5967 5973 5961
5974 6044 5975
5979 6045 5980
5978 5977 6046
5978 6046 5986
5979 5978 5976
5979 5976 5975
6033 6032 5992
6033 5992 6047
6035 6033 6047
6035 6047 5993
6032 6039 5998
6032 5998 5992
6041 6035 5993
6041 5993 6048
6037 6036 5970
5998 6039 6027
5967 5966 6049
5967 6049 5971
6038 6050 6000
6030 6051 6031
6034 6052 6030
6037 6053 5974
6031 6054 6038
6040 6055 6034
6056 6057 6014
6058 6059 6014
6060 6061 6012
5969 6022 5970
6062 6027 6000
6062 6000 5999
5971 6049 5972
6062 6026 6027
6036 5967 5971
6036 5971 5970
6039 6000 6027
6039 6038 6000
6016 6015 6006
6016 6006 6005
6025 6008 6007
6038 6063 6050
6050 6001 6000
6031 6064 6054
6054 6063 6038
6023 6037 5970
6053 6065 5974
6037 6066 6053
6023 6066 6037
6018 6002 6019
5961 5960 5968
5967 5961 5968
5997 5990 5992
5997 5992 5998
6010 6017 6020
6010 6020 6011
5964 5963 5962
5961 5964 5962
5991 6067 6047
5991 6047 5992
6043 6060 6012
5964 5985 5965
6013 6056 6014
6030 6068 6051
6051 6064 6031
5974 6065 6044
6044 6069 5975
6057 6058 6014
5979 5975 5989
5975 6069 5989
6052 6068 6030
6034 6070 6052
6059 6071 6014
6045 6072 5980
5979 5988 6045
6055 6070 6034
6040 6073 6055
6074 6075 6012
5986 6046 6076
6077 6078 6048
6077 6048 5993
6046 6079 6076
6061 6074 6012
6021 6077 5993
5986 6076 5987
5964 5986 5985
6080 6024 5983
6080 5983 5982
6006 6081 6082
6006 6082 6007
6014 6083 6084
6014 6084 6015
6007 6085 5983
6014 6086 6087
6014 6088 6089
6015 6084 6081
6015 6081 6006
6007 6082 6085
6014 6087 6083
6014 6089 6086
6071 6088 6014
6012 6090 6091
6012 6091 6092
6012 6093 6090
6075 6093 6012
6004 6094 6095
6096 6042 6012
6096 6012 6011
6097 6098 6020
6097 6020 6019
6099 6094 6004
6099 6004 6029
6004 6095 6019
6098 6096 6011
6098 6011 6020
6012 6092 6009
6025 6007 5983
6085 5984 5983
6002 6004 6019
6095 6097 6019
6100 6101 6102
6103 6104 6105
6106 6107 6108
6109 6110 6111
6109 6111 6112
6113 6114 6105
6113 6105 6115
6116 6117 6118
6119 6120 6121
6122 6123 6124
6125 6126 6127
6125 6127 6128
6129 6130 6131
6129 6131 6132
6133 6134 6135
6136 6137 6138
6136 6138 6139
6140 6141 6142
6140 6142 6143
6116 6144 6145
6116 6145 6146
6147 6148 6149
6147 6149 6150
6143 6151 6152
6143 6152 6140
6153 6154 6155
6156 6148 6126
6156 6126 6125
6141 6129 6132
6141 6132 6142
6157 6111 6158
6159 6160 6161
6159 6161 6162
6118 6117 6163
6118 6163 6164
6160 6165 6161
6166 6167 6168
6106 6169 6107
6170 6171 6107
6133 6172 6134
6173 6174 6134
6104 6175 6176
6177 6122 6124
6104 6176 6105
6122 6178 6123
6179 6170 6107
6180 6123 6121
6180 6121 6181
6182 6183 6107
6182 6107 6169
6101 6184 6114
6101 6114 6102
6120 6168 6121
6120 6166 6168
6185 6139 6138
6185 6138 6134
6181 6186 6187
6181 6187 6188
6113 6189 6190
6113 6190 6191
6128 6127 6137
6128 6137 6136
6153 6155 6187
6153 6187 6186
6192 6183 6131
6192 6131 6130
6191 6190 6193
6191 6193 6194
6165 6100 6102
6165 6102 6161
6167 6163 6168
6167 6164 6163
6172 6173 6134
6115 6195 6189
6115 6189 6113
6180 6181 6188
6180 6188 6196
6174 6197 6134
6115 6198 6199
6115 6199 6195
6180 6196 6200
6180 6200 6201
6190 6202 6203
6189 6204 6205
6193 6206 6207
6207 6157 6158
6207 6158 6193
6195 6208 6209
6210 6103 6105
6210 6105 6114
6188 6211 6212
6196 6213 6214
6187 6215 6216
6180 6201 6124
6180 6124 6123
6217 6218 6155
6217 6155 6154
6200 6219 6220
6121 6221 6119
6161 6194 6162
6117 6153 6163
6176 6198 6115
6176 6115 6105
6114 6184 6210
6123 6221 6121
6114 6113 6191
6114 6191 6102
6186 6181 6121
6186 6121 6168
6123 6178 6221
6187 6216 6211
6187 6211 6188
6189 6202 6190
6189 6205 6202
6155 6215 6187
6155 6218 6215
6190 6206 6193
6102 6191 6194
6102 6194 6161
6190 6203 6206
6153 6186 6168
6153 6168 6163
6195 6204 6189
6195 6209 6204
6188 6212 6213
6188 6213 6196
6199 6222 6208
6199 6208 6195
6196 6219 6200
6196 6214 6219
6116 6146 6154
6116 6154 6117
6110 6159 6162
6110 6162 6158
6110 6158 6111
6146 6217 6154
6194 6193 6158
6117 6154 6153
6158 6162 6194
6171 6223 6107
6107 6224 6179
6131 6225 6226
6131 6226 6132
6227 6228 6143
6227 6143 6142
6228 6229 6151
6228 6151 6143
6132 6226 6227
6132 6227 6142
6107 6230 6224
6107 6231 6232
6107 6232 6108
6183 6192 6230
6183 6230 6107
6183 6182 6225
6183 6225 6131
6126 6233 6234
6126 6234 6127
6134 6235 6185
6236 6237 6138
6236 6138 6137
6148 6156 6238
6148 6238 6149
6148 6147 6233
6148 6233 6126
6134 6239 6235
6134 6240 6241
6237 6135 6134
6237 6134 6138
6234 6236 6137
6234 6137 6127
6134 6241 6239
6197 6240 6134
6223 6231 6107
5993 6047 5994
6047 6067 5994
6242 6243 6244
6245 6246 6247
6245 6247 6248
6249 6250 6251
6252 6253 6246
6252 6246 6245
6254 6255 6253
6256 6257 6258
6256 6258 6259
6260 6261 6262
6260 6262 6263
6264 6255 6265
6264 6265 6266
6250 6247 6256
6250 6256 6259
6267 6260 6263
6267 6263 6268
6258 6257 6269
6262 6261 6270
6271 6272 6273
6271 6273 6274
6275 6276 6277
6275 6277 6278
6279 6280 6254
6281 6282 6283
6281 6283 6284
6285 6286 6276
6285 6276 6275
6287 6267 6288
6261 6260 6259
6261 6259 6258
6260 6267 6250
6260 6250 6259
6289 6261 6290
6291 6292 6293
6291 6293 6294
6295 6296 6297
6298 6291 6294
6298 6294 6299
6300 6301 6302
6303 6304 6305
6303 6305 6306
6307 6306 6305
6307 6305 6308
6309 6310 6311
6309 6311 6312
6313 6314 6315
6316 6317 6310
6316 6310 6309
6318 6319 6271
6318 6271 6320
6321 6322 6323
6324 6325 6308
6266 6265 6326
6266 6326 6327
6253 6255 6264
6253 6264 6246
6248 6247 6328
6256 6264 6266
6256 6266 6257
6247 6246 6264
6247 6264 6256
6257 6266 6327
6257 6327 6329
6330 6331 6332
6333 6320 6334
6333 6334 6335
6336 6331 6337
6336 6337 6338
6339 6338 6337
6339 6337 6340
6339 6322 6299
6341 6336 6293
6341 6293 6297
6305 6304 6342
6305 6342 6341
6244 6265 6255
6254 6253 6343
6294 6293 6336
6294 6336 6338
6308 6305 6341
6308 6341 6297
6299 6294 6338
6299 6338 6339
6331 6336 6341
6331 6341 6342
6337 6331 6330
6337 6344 6345
6337 6345 6340
6297 6293 6346
6342 6304 6347
6340 6301 6339
6299 6322 6348
6304 6303 6349
6350 6351 6352
6244 6353 6242
6354 6301 6300
6280 6353 6244
6280 6244 6254
6322 6301 6354
6322 6354 6323
6355 6351 6356
6357 6351 6358
6313 6315 6359
6360 6315 6361
6278 6277 6311
6278 6311 6362
6272 6281 6284
6272 6284 6273
6265 6243 6326
6244 6243 6265
6343 6253 6252
6254 6343 6279
6302 6340 6345
6302 6301 6340
6299 6348 6298
6348 6322 6321
6339 6301 6322
6244 6255 6254
6356 6351 6317
6356 6317 6316
6258 6269 6363
6269 6257 6329
6332 6342 6364
6332 6331 6342
6358 6351 6355
6352 6351 6357
6270 6261 6289
6262 6270 6365
6347 6304 6366
6342 6347 6364
6349 6303 6367
6304 6349 6366
6290 6258 6363
6290 6261 6258
6337 6330 6344
6315 6333 6335
6315 6335 6359
6368 6315 6360
6361 6315 6369
6251 6267 6287
6251 6250 6267
6288 6268 6370
6288 6267 6268
6308 6296 6324
6297 6296 6308
6308 6325 6307
6328 6250 6249
6328 6247 6250
6297 6346 6295
6346 6293 6292
6307 6325 6371
6276 6372 6373
6276 6373 6277
6286 6374 6372
6286 6372 6276
6310 6375 6362
6310 6362 6311
6317 6376 6375
6317 6375 6310
6351 6377 6378
6351 6379 6380
6277 6373 6312
6277 6312 6311
6351 6378 6376
6351 6376 6317
6351 6380 6377
6351 6381 6379
6350 6381 6351
6319 6382 6272
6319 6272 6271
6383 6384 6282
6383 6282 6281
6315 6368 6385
6274 6334 6320
6274 6320 6271
6386 6318 6320
6386 6320 6333
6315 6385 6387
6315 6388 6389
6382 6383 6281
6382 6281 6272
6387 6386 6333
6387 6333 6315
6315 6314 6388
6315 6389 6369
6390 6391 6392
6393 6394 6395
6396 6397 6398
6399 6400 6401
6399 6401 6402
6403 6404 6405
6403 6405 6406
6407 6408 6409
6407 6409 6410
6411 6412 6413
6411 6413 6414
6415 6416 6417
6418 6419 6409
6420 6421 6422
6423 6424 6425
6426 6427 6428
6429 6430 6431
6432 6433 6434
6435 6436 6437
6435 6437 6438
6439 6440 6441
6439 6441 6442
6443 6444 6445
6443 6445 6446
6447 6448 6449
6447 6449 6450
6424 6423 6451
6452 6402 6453
6454 6413 6455
6456 6457 6427
6456 6427 6426
6434 6433 6458
6434 6458 6459
6460 6461 6462
6460 6462 6463
6464 6465 6461
6464 6461 6460
6466 6403 6406
6466 6406 6467
6463 6462 6468
6463 6468 6469
6470 6471 6465
6470 6465 6464
6472 6440 6473
6392 6395 6404
6392 6404 6403
6395 6417 6410
6395 6410 6404
6398 6392 6403
6398 6403 6466
6406 6405 6474
6409 6408 6475
6410 6417 6476
6410 6476 6407
6409 6405 6404
6409 6404 6410
6461 6477 6421
6461 6421 6462
6465 6423 6477
6465 6477 6461
6462 6421 6427
6462 6427 6468
6471 6478 6423
6471 6423 6465
6467 6402 6466
6427 6457 6468
6398 6401 6479
6398 6479 6396
6469 6431 6480
6460 6463 6481
6464 6460 6482
6467 6406 6483
6463 6469 6484
6470 6464 6485
6486 6446 6487
6488 6446 6489
6490 6440 6491
6399 6402 6452
6492 6429 6431
6492 6431 6457
6401 6400 6479
6492 6457 6456
6466 6401 6398
6466 6402 6401
6468 6457 6431
6468 6431 6469
6444 6435 6438
6444 6438 6445
6455 6437 6436
6469 6480 6493
6480 6431 6430
6463 6484 6494
6484 6469 6493
6453 6402 6467
6483 6406 6495
6467 6483 6496
6453 6467 6496
6450 6449 6432
6392 6397 6390
6398 6397 6392
6428 6421 6420
6428 6427 6421
6442 6441 6448
6442 6448 6447
6395 6391 6393
6392 6391 6395
6422 6477 6497
6422 6421 6477
6473 6440 6490
6395 6394 6415
6443 6446 6486
6460 6481 6498
6481 6463 6494
6406 6474 6495
6474 6405 6499
6487 6446 6488
6409 6419 6405
6405 6419 6499
6482 6460 6498
6464 6482 6500
6489 6446 6501
6475 6408 6502
6409 6475 6418
6485 6464 6500
6470 6485 6503
6504 6440 6505
6417 6506 6476
6507 6478 6508
6507 6423 6478
6476 6506 6509
6491 6440 6504
6451 6423 6507
6417 6416 6506
6395 6415 6417
6510 6414 6413
6510 6413 6454
6438 6437 6511
6438 6511 6512
6446 6445 6513
6446 6513 6514
6437 6413 6515
6446 6516 6517
6446 6518 6519
6445 6438 6512
6445 6512 6513
6437 6515 6511
6446 6514 6516
6446 6517 6518
6501 6446 6519
6440 6520 6521
6440 6522 6520
6440 6521 6523
6505 6440 6523
6433 6524 6525
6526 6441 6440
6526 6440 6472
6527 6449 6448
6527 6448 6528
6529 6458 6433
6529 6433 6525
6433 6449 6524
6528 6448 6441
6528 6441 6526
6440 6439 6522
6455 6413 6437
6515 6413 6412
6432 6449 6433
6524 6449 6527
6530 6531 6532
6533 6534 6535
6536 6537 6538
6539 6540 6541
6539 6541 6542
6543 6544 6534
6543 6534 6545
6546 6547 6548
6549 6550 6551
6552 6553 6554
6555 6556 6557
6555 6557 6558
6559 6560 6561
6559 6561 6562
6563 6564 6565
6566 6567 6568
6566 6568 6569
6570 6571 6572
6570 6572 6573
6546 6574 6575
6546 6575 6576
6577 6578 6579
6577 6579 6580
6571 6570 6581
6571 6581 6582
6583 6584 6585
6586 6555 6558
6586 6558 6580
6573 6572 6560
6573 6560 6559
6587 6588 6541
6589 6590 6591
6589 6591 6592
6547 6593 6594
6547 6594 6548
6592 6591 6595
6596 6597 6598
6536 6538 6599
6600 6538 6601
6563 6565 6602
6603 6565 6604
6535 6605 6606
6607 6553 6552
6535 6534 6605
6552 6554 6608
6609 6538 6600
6610 6611 6550
6610 6550 6554
6612 6599 6538
6612 6538 6613
6532 6545 6614
6532 6531 6545
6551 6550 6597
6551 6597 6596
6615 6565 6568
6615 6568 6567
6611 6616 6617
6611 6617 6618
6543 6619 6620
6543 6620 6621
6556 6566 6569
6556 6569 6557
6583 6618 6617
6583 6617 6584
6622 6562 6561
6622 6561 6613
6619 6623 6624
6619 6624 6620
6595 6531 6530
6595 6591 6531
6598 6597 6594
6598 6594 6593
6602 6565 6603
6544 6543 6621
6544 6621 6625
6610 6626 6616
6610 6616 6611
6604 6565 6627
6544 6625 6628
6544 6628 6629
6610 6630 6631
6610 6631 6626
6620 6632 6633
6621 6634 6635
6624 6636 6637
6636 6624 6588
6636 6588 6587
6625 6638 6639
6640 6545 6534
6640 6534 6533
6616 6641 6642
6626 6643 6644
6617 6645 6646
6610 6554 6553
6610 6553 6630
6647 6585 6584
6647 6584 6648
6631 6649 6650
6550 6549 6651
6591 6590 6623
6548 6594 6583
6605 6534 6544
6605 6544 6629
6545 6640 6614
6554 6550 6651
6545 6531 6619
6545 6619 6543
6618 6597 6550
6618 6550 6611
6554 6651 6608
6617 6642 6645
6617 6616 6642
6621 6620 6633
6621 6633 6634
6584 6617 6646
6584 6646 6648
6620 6624 6637
6531 6591 6623
6531 6623 6619
6620 6637 6632
6583 6594 6597
6583 6597 6618
6625 6621 6635
6625 6635 6638
6616 6644 6641
6616 6626 6644
6628 6639 6652
6628 6625 6639
6626 6631 6650
6626 6650 6643
6546 6548 6585
6546 6585 6574
6542 6590 6589
6542 6541 6588
6542 6588 6590
6574 6585 6647
6623 6588 6624
6548 6583 6585
6588 6623 6590
6601 6538 6653
6538 6609 6654
6561 6560 6655
6561 6655 6656
6657 6572 6571
6657 6571 6658
6658 6571 6582
6658 6582 6659
6560 6572 6657
6560 6657 6655
6538 6654 6660
6538 6661 6662
6538 6537 6661
6613 6538 6660
6613 6660 6622
6613 6561 6656
6613 6656 6612
6558 6557 6663
6558 6663 6664
6565 6615 6665
6666 6569 6568
6666 6568 6667
6580 6579 6668
6580 6668 6586
6580 6558 6664
6580 6664 6577
6565 6665 6669
6565 6670 6671
6667 6568 6565
6667 6565 6564
6663 6557 6569
6663 6569 6666
6565 6669 6670
6627 6565 6671
6653 6538 6662
6423 6425 6477
6477 6425 6497
6672 6673 6674
6675 6676 6677
6675 6677 6678
6679 6680 6681
6682 6675 6678
6682 6678 6683
6684 6683 6685
6686 6687 6688
6686 6688 6689
6690 6691 6692
6690 6692 6693
6694 6695 6696
6694 6696 6685
6681 6687 6686
6681 6686 6677
6697 6698 6691
6697 6691 6690
6688 6699 6689
6692 6700 6693
6701 6702 6703
6701 6703 6704
6705 6706 6707
6705 6707 6708
6709 6684 6710
6711 6712 6713
6711 6713 6714
6715 6705 6708
6715 6708 6716
6717 6718 6697
6693 6688 6687
6693 6687 6690
6690 6687 6681
6690 6681 6697
6719 6720 6693
6721 6722 6723
6721 6723 6724
6725 6726 6727
6728 6729 6722
6728 6722 6721
6730 6731 6732
6733 6734 6735
6733 6735 6736
6737 6738 6735
6737 6735 6734
6739 6740 6741
6739 6741 6742
6743 6744 6745
6746 6739 6742
6746 6742 6747
6748 6749 6701
6748 6701 6750
6751 6752 6753
6754 6738 6755
6695 6756 6757
6695 6757 6696
6683 6678 6694
6683 6694 6685
6676 6758 6677
6686 6689 6695
6686 6695 6694
6677 6686 6694
6677 6694 6678
6689 6759 6756
6689 6756 6695
6760 6761 6762
6763 6764 6765
6763 6765 6749
6766 6767 6768
6766 6768 6762
6769 6770 6768
6769 6768 6767
6769 6729 6753
6771 6726 6723
6771 6723 6766
6735 6771 6772
6735 6772 6736
6673 6685 6696
6684 6773 6683
6722 6767 6766
6722 6766 6723
6738 6726 6771
6738 6771 6735
6729 6769 6767
6729 6767 6722
6762 6772 6771
6762 6771 6766
6768 6760 6762
6768 6770 6774
6768 6774 6775
6726 6776 6723
6772 6777 6736
6770 6769 6732
6729 6778 6753
6736 6779 6733
6780 6781 6782
6673 6672 6783
6784 6730 6732
6710 6684 6673
6710 6673 6783
6753 6752 6784
6753 6784 6732
6785 6786 6782
6787 6788 6782
6743 6789 6744
6790 6791 6744
6706 6792 6741
6706 6741 6707
6704 6703 6712
6704 6712 6711
6696 6757 6674
6673 6696 6674
6773 6682 6683
6684 6709 6773
6731 6774 6770
6731 6770 6732
6729 6728 6778
6778 6751 6753
6769 6753 6732
6673 6684 6685
6786 6746 6747
6786 6747 6782
6688 6793 6699
6699 6759 6689
6761 6794 6772
6761 6772 6762
6788 6785 6782
6781 6787 6782
6700 6719 6693
6692 6795 6700
6777 6796 6736
6772 6794 6777
6779 6797 6733
6736 6796 6779
6720 6793 6688
6720 6688 6693
6768 6775 6760
6744 6789 6764
6744 6764 6763
6798 6790 6744
6791 6799 6744
6680 6717 6697
6680 6697 6681
6718 6800 6698
6718 6698 6697
6738 6754 6727
6726 6738 6727
6738 6737 6755
6758 6679 6681
6758 6681 6677
6726 6725 6776
6776 6724 6723
6737 6801 6755
6708 6707 6802
6708 6802 6803
6716 6708 6803
6716 6803 6804
6742 6741 6792
6742 6792 6805
6747 6742 6805
6747 6805 6806
6782 6807 6808
6782 6809 6810
6707 6741 6740
6707 6740 6802
6782 6747 6806
6782 6806 6807
6782 6808 6809
6782 6810 6811
6780 6782 6811
6750 6701 6704
6750 6704 6812
6813 6711 6714
6813 6714 6814
6744 6815 6798
6702 6701 6749
6702 6749 6765
6816 6763 6749
6816 6749 6748
6744 6817 6815
6744 6818 6819
6812 6704 6711
6812 6711 6813
6817 6744 6763
6817 6763 6816
6744 6819 6745
6744 6799 6818
6820 6821 6822
6823 6824 6825
6826 6827 6828
6820 6827 6829
6830 6824 6831
6827 6832 6833
6834 6820 6835
6821 6820 6834
6821 6834 6836
6827 6837 6829
6823 6838 6828
6824 6830 6825
6824 6823 6839
6824 6839 6840
6820 6822 6827
6841 6842 6843
6841 6843 6824
6844 6823 6845
6820 6846 6847
6832 6827 6848
6845 6823 6849
6824 6843 6850
6827 6839 6823
6827 6822 6839
6824 6840 6841
6823 6825 6851
6823 6828 6827
6820 6829 6846
6844 6838 6823
6851 6849 6823
6850 6831 6824
6833 6837 6827
6826 6848 6827
6847 6835 6820
6852 6853 6854
6852 6854 6855
6856 6857 6858
6856 6858 6859
6860 6861 6862
6860 6862 6863
6864 6865 6866
6864 6866 6867
6868 6869 6870
6868 6870 6871
6872 6873 6853
6872 6853 6852
6871 6870 6874
6871 6874 6875
6876 6877 6878
6876 6878 6879
6880 6881 6882
6880 6882 6883
6863 6862 6884
6863 6884 6885
6886 6887 6888
6886 6888 6889
6890 6891 6892
6890 6892 6893
6894 6895 6896
6894 6896 6897
6898 6899 6900
6898 6900 6901
6902 6903 6865
6902 6865 6864
6904 6905 6895
6904 6895 6894
6889 6888 6906
6889 6906 6907
6908 6909 6891
6908 6891 6890
6910 6911 6912
6910 6912 6913
6914 6915 6899
6914 6899 6898
6897 6896 6881
6897 6881 6880
6913 6912 6905
6913 6905 6904
6907 6906 6861
6907 6861 6860
6867 6866 6877
6867 6877 6876
6859 6858 6903
6859 6903 6902
6901 6900 6869
6901 6869 6868
6916 6917 6918
6919 6920 6921
6922 6923 6924
6916 6923 6925
6926 6920 6927
6923 6928 6929
6930 6916 6931
6917 6916 6930
6917 6930 6932
6923 6933 6925
6919 6934 6924
6920 6926 6921
6920 6919 6935
6920 6935 6936
6916 6918 6923
6937 6938 6939
6937 6939 6920
6940 6919 6941
6916 6942 6943
6928 6923 6944
6941 6919 6945
6920 6939 6946
6923 6935 6919
6923 6918 6935
6920 6936 6937
6919 6921 6947
6919 6924 6923
6916 6925 6942
6940 6934 6919
6947 6945 6919
6946 6927 6920
6929 6933 6923
6922 6944 6923
6943 6931 6916
6948 6949 6950
6948 6950 6951
6952 6953 6954
6952 6954 6955
6956 6957 6958
6956 6958 6959
6960 6961 6962
6960 6962 6963
6964 6965 6966
6964 6966 6967
6968 6969 6949
6968 6949 6948
6967 6966 6970
6967 6970 6971
6972 6973 6974
6972 6974 6975
6976 6977 6978
6976 6978 6979
6959 6958 6980
6959 6980 6981
6982 6983 6984
6982 6984 6985
6986 6987 6988
6986 6988 6989
6990 6991 6992
6990 6992 6993
6994 6995 6996
6994 6996 6997
6998 6999 6961
6998 6961 6960
7000 7001 6991
7000 6991 6990
6985 6984 7002
6985 7002 7003
7004 7005 6987
7004 6987 6986
7006 7007 7008
7006 7008 7009
7010 7011 6995
7010 6995 6994
6993 6992 6977
6993 6977 6976
7009 7008 7001
7009 7001 7000
7003 7002 6957
7003 6957 6956
6963 6962 6973
6963 6973 6972
6955 6954 6999
6955 6999 6998
6997 6996 6965
6997 6965 6964
7012 7013 7014
7015 7016 7017
7018 7019 7020
7012 7019 7021
7022 7016 7023
7019 7024 7025
7026 7012 7027
7013 7012 7026
7013 7026 7028
7019 7029 7021
7015 7030 7020
7016 7022 7017
7016 7015 7031
7016 7031 7032
7012 7014 7019
7033 7034 7035
7033 7035 7016
7036 7015 7037
7012 7038 7039
7024 7019 7040
7037 7015 7041
7016 7035 7042
7019 7031 7015
7019 7014 7031
7016 7032 7033
7015 7017 7043
7015 7020 7019
7012 7021 7038
7036 7030 7015
7043 7041 7015
7042 7023 7016
7025 7029 7019
7018 7040 7019
7039 7027 7012
7044 7045 7046
7044 7046 7047
7048 7049 7050
7048 7050 7051
7052 7053 7054
7052 7054 7055
7056 7057 7058
7056 7058 7059
7060 7061 7062
7060 7062 7063
7064 7065 7045
7064 7045 7044
7063 7062 7066
7063 7066 7067
7068 7069 7070
7068 7070 7071
7072 7073 7074
7072 7074 7075
7055 7054 7076
7055 7076 7077
7078 7079 7080
7078 7080 7081
7082 7083 7084
7082 7084 7085
7086 7087 7088
7086 7088 7089
7090 7091 7092
7090 7092 7093
7094 7095 7057
7094 7057 7056
7096 7097 7087
7096 7087 7086
7081 7080 7098
7081 7098 7099
7100 7101 7083
7100 7083 7082
7102 7103 7104
7102 7104 7105
7106 7107 7091
7106 7091 7090
7089 7088 7073
7089 7073 7072
7105 7104 7097
7105 7097 7096
7099 7098 7053
7099 7053 7052
7059 7058 7069
7059 7069 7068
7051 7050 7095
7051 7095 7094
7093 7092 7061
7093 7061 7060
7108 7109 7110
7111 7112 7113
7114 7115 7116
7108 7115 7117
7118 7112 7119
7115 7120 7121
7122 7108 7123
7109 7108 7122
7109 7122 7124
7115 7125 7117
7111 7126 7116
7112 7118 7113
7112 7111 7127
7112 7127 7128
7108 7110 7115
7129 7130 7131
7129 7131 7112
7132 7111 7133
7108 7134 7135
7120 7115 7136
7133 7111 7137
7112 7131 7138
7115 7127 7111
7115 7110 7127
7112 7128 7129
7111 7113 7139
7111 7116 7115
7108 7117 7134
7132 7126 7111
7139 7137 7111
7138 7119 7112
7121 7125 7115
7114 7136 7115
7135 7123 7108
7140 7141 7142
7140 7142 7143
7144 7145 7146
7144 7146 7147
7148 7149 7150
7148 7150 7151
7152 7153 7154
7152 7154 7155
7156 7157 7158
7156 7158 7159
7160 7161 7141
7160 7141 7140
7159 7158 7162
7159 7162 7163
7164 7165 7166
7164 7166 7167
7168 7169 7170
7168 7170 7171
7151 7150 7172
7151 7172 7173
7174 7175 7176
7174 7176 7177
7178 7179 7180
7178 7180 7181
7182 7183 7184
7182 7184 7185
7186 7187 7188
7186 7188 7189
7190 7191 7153
7190 7153 7152
7192 7193 7183
7192 7183 7182
7177 7176 7194
7177 7194 7195
7196 7197 7179
7196 7179 7178
7198 7199 7200
7198 7200 7201
7202 7203 7187
7202 7187 7186
7185 7184 7169
7185 7169 7168
7201 7200 7193
7201 7193 7192
7195 7194 7149
7195 7149 7148
7155 7154 7165
7155 7165 7164
7147 7146 7191
7147 7191 7190
7189 7188 7157
7189 7157 7156
7204 7205 7206
7204 7206 7207
7208 7209 7210
7208 7210 7211
7207 7206 7209
7207 7209 7208
7212 7213 7211
7212 7211 7210
7214 7215 7205
7214 7205 7204
7216 7217 7204
7216 7204 7207
7218 7219 7217
7218 7217 7216
7220 7221 7219
7220 7219 7218
7204 7217 7222
7204 7222 7214
7223 7222 7217
7223 7217 7219
7224 7223 7219
7224 7219 7221
7225 7211 7213
7225 7213 7226
7227 7225 7226
7227 7226 7228
7211 7225 7229
7211 7229 7208
7230 7229 7225
7230 7225 7227
7229 7231 7208
7231 7216 7207
7208 7231 7207
7230 7231 7229
7231 7232 7233
7230 7232 7231
7216 7233 7218
7231 7233 7216
7234 7235 7232
7234 7232 7230
7236 7237 7235
7236 7235 7234
7238 7239 7237
7238 7237 7236
7232 7235 7240
7232 7240 7233
7241 7240 7235
7241 7235 7237
7242 7241 7237
7242 7237 7239
7243 7234 7230
7243 7230 7227
7234 7243 7244
7234 7244 7236
7236 7244 7245
7236 7245 7238
7233 7240 7246
7233 7246 7218
7246 7220 7218
7247 7246 7240
7248 7247 7241
7248 7241 7242
7247 7240 7241
7249 7224 7221
7250 7251 7220
7250 7220 7246
7252 7253 7251
7252 7251 7250
7254 7255 7253
7254 7253 7252
7220 7251 7256
7220 7256 7221
7257 7256 7251
7257 7251 7253
7258 7257 7253
7258 7253 7255
7256 7249 7221
7259 7249 7256
7259 7256 7257
7260 7259 7257
7260 7257 7258
7247 7248 7250
7247 7250 7246
7248 7261 7250
7252 7262 7263
7252 7263 7254
7264 7265 7242
7264 7242 7239
7266 7267 7265
7266 7265 7264
7268 7267 7266
7268 7266 7269
7270 7268 7269
7270 7269 7271
7238 7264 7239
7238 7272 7266
7238 7266 7264
7242 7261 7248
7250 7261 7252
7252 7261 7262
7273 7261 7242
7273 7242 7265
7274 7273 7265
7274 7265 7267
7275 7274 7267
7275 7267 7268
7276 7275 7268
7276 7268 7270
7273 7263 7262
7273 7262 7261
7277 7263 7273
7277 7273 7274
7278 7277 7274
7278 7274 7275
7276 7278 7275
7263 7277 7279
7263 7279 7254
7279 7255 7254
7280 7277 7278
7277 7280 7281
7277 7281 7279
7279 7281 7282
7279 7282 7255
7255 7282 7283
7255 7283 7258
7284 7270 7271
7285 7286 7284
7285 7284 7271
7287 7288 7286
7287 7286 7285
7289 7288 7287
7289 7287 7290
7291 7276 7270
7292 7291 7270
7292 7270 7284
7293 7292 7284
7293 7284 7286
7294 7293 7286
7294 7286 7288
7289 7295 7288
7291 7278 7276
7296 7280 7278
7297 7298 7280
7297 7280 7296
7299 7296 7278
7299 7278 7291
7300 7299 7291
7300 7291 7292
7301 7300 7292
7301 7292 7293
7302 7301 7293
7302 7293 7294
7303 7298 7297
7299 7297 7296
7300 7304 7297
7300 7297 7299
7305 7304 7300
7305 7300 7301
7306 7305 7301
7306 7301 7302
7280 7298 7307
7280 7307 7281
7281 7307 7308
7281 7308 7282
7309 7307 7298
7309 7298 7303
7307 7309 7310
7307 7310 7308
7282 7308 7311
7282 7311 7283
7312 7308 7310
7303 7297 7304
7313 7314 7303
7313 7303 7304
7315 7316 7314
7315 7314 7313
7317 7318 7316
7317 7316 7315
7319 7320 7318
7319 7318 7317
7314 7309 7303
7314 7310 7309
7321 7310 7314
7321 7314 7316
7322 7321 7316
7322 7316 7318
7323 7322 7318
7323 7318 7320
7306 7315 7313
7306 7313 7305
7324 7315 7306
7324 7306 7302
7315 7324 7325
7315 7325 7317
7317 7325 7319
7324 7326 7325
7327 7328 7325
7327 7325 7326
7329 7326 7324
7329 7324 7302
7294 7329 7302
7288 7295 7294
7330 7329 7294
7330 7294 7295
7289 7330 7295
7326 7329 7331
7326 7331 7327
7332 7331 7329
7332 7329 7330
7333 7332 7330
7333 7330 7289
7290 7333 7289
7334 7335 7319
7334 7319 7325
7328 7334 7325
7335 7320 7319
7308 7312 7336
7308 7336 7311
7337 7312 7310
7337 7310 7321
7338 7337 7321
7338 7321 7322
7339 7338 7322
7339 7322 7323
7304 7305 7313
7269 7340 7271
7269 7266 7272
7269 7272 7340
7341 7342 7343
7341 7343 7344
7342 7345 7346
7342 7346 7343
7345 7347 7348
7345 7348 7346
7349 7350 7351
7349 7351 7352
7350 7353 7354
7350 7354 7351
7353 7355 7356
7353 7356 7354
7355 7357 7358
7355 7358 7356
7357 7359 7360
7357 7360 7358
7359 7361 7362
7359 7362 7360
7361 7363 7364
7361 7364 7362
7363 7365 7366
7363 7366 7364
7365 7341 7344
7365 7344 7366
7367 7368 7369
7368 7370 7369
7370 7371 7369
7371 7372 7369
7372 7373 7369
7373 7374 7369
7374 7375 7369
7375 7376 7369
7376 7377 7369
7377 7378 7369
7378 7379 7369
7379 7367 7369
7380 7381 7382
7381 7383 7382
7383 7384 7382
7384 7385 7382
7385 7386 7382
7386 7387 7382
7387 7388 7382
7388 7389 7382
7389 7390 7382
7390 7391 7382
7391 7392 7382
7392 7380 7382
7393 7394 7395
7393 7395 7396
7397 7394 7398
7397 7398 7399
7400 7401 7393
7400 7393 7396
7402 7399 7398
7402 7398 7403
7404 7402 7403
7404 7403 7405
7406 7404 7405
7406 7405 7407
7408 7401 7409
7410 7404 7406
7410 7406 7411
7412 7413 7409
7412 7409 7400
7414 7409 7413
7414 7413 7415
7416 7414 7415
7416 7415 7417
7406 7418 7411
7409 7401 7400
7409 7414 7419
7409 7419 7408
7420 7419 7414
7420 7414 7416
7406 7421 7418
7422 7412 7400
7422 7400 7396
7423 7422 7396
7423 7396 7395
7424 7425 7413
7424 7413 7412
7426 7424 7412
7426 7412 7422
7423 7426 7422
7394 7397 7395
7427 7395 7397
7427 7397 7428
7395 7427 7429
7395 7429 7423
7430 7428 7397
7430 7397 7399
7431 7430 7399
7431 7399 7402
7431 7402 7404
7431 7404 7410
7432 7428 7430
7431 7432 7430
7433 7427 7428
7433 7428 7434
7435 7433 7434
7435 7434 7436
7427 7433 7437
7427 7437 7429
7435 7437 7433
7438 7426 7423
7439 7438 7423
7439 7423 7429
7440 7439 7429
7440 7429 7437
7441 7426 7438
7441 7424 7426
7413 7425 7442
7413 7442 7415
7415 7442 7443
7415 7443 7417
7444 7442 7425
7445 7434 7428
7445 7428 7432
7434 7445 7446
7434 7446 7436
7447 7445 7432
7447 7432 7431
7445 7447 7448
7445 7448 7446
7449 7447 7431
7449 7431 7410
7447 7449 7450
7447 7450 7448
7451 7452 7450
7451 7450 7449
7410 7451 7449
7453 7454 7444
7453 7444 7425
7448 7455 7456
7448 7456 7457
7458 7425 7424
7453 7459 7460
7453 7460 7461
7425 7458 7459
7425 7459 7453
7450 7455 7448
7462 7458 7424
7462 7424 7441
7463 7462 7441
7463 7441 7438
7464 7463 7438
7464 7438 7439
7465 7464 7439
7465 7439 7440
7458 7462 7466
7458 7466 7459
7466 7467 7459
7459 7467 7460
7468 7466 7462
7468 7462 7463
7468 7467 7466
7465 7468 7463
7465 7463 7464
7469 7437 7435
7437 7469 7470
7437 7470 7440
7470 7465 7440
7436 7469 7435
7471 7470 7469
7471 7469 7472
7473 7474 7471
7473 7471 7472
7470 7471 7475
7470 7475 7465
7476 7475 7471
7476 7471 7474
7477 7472 7469
7477 7469 7436
7472 7477 7478
7472 7478 7473
7479 7477 7436
7479 7436 7446
7477 7479 7480
7477 7480 7478
7481 7473 7478
7481 7478 7482
7481 7474 7473
7483 7482 7478
7483 7478 7480
7446 7448 7479
7479 7448 7457
7479 7457 7480
7457 7484 7483
7457 7483 7480
7460 7485 7461
7486 7460 7467
7486 7467 7487
7488 7486 7487
7488 7487 7489
7490 7491 7488
7490 7488 7489
7492 7487 7467
7492 7493 7487
7492 7467 7468
7493 7494 7487
7489 7495 7496
7495 7489 7494
7487 7494 7489
7486 7488 7497
7486 7497 7485
7488 7491 7498
7488 7498 7497
7456 7499 7457
7486 7485 7460
7461 7500 7454
7461 7454 7453
7457 7499 7484
7483 7484 7501
7501 7502 7503
7501 7503 7483
7504 7503 7502
7504 7502 7505
7483 7506 7482
7507 7506 7483
7507 7483 7503
7508 7507 7503
7508 7503 7504
7482 7509 7481
7510 7509 7482
7510 7482 7506
7511 7510 7506
7511 7506 7507
7512 7511 7507
7512 7507 7508
7509 7513 7481
7514 7513 7509
7514 7509 7510
7515 7514 7510
7515 7510 7511
7512 7515 7511
7474 7516 7476
7481 7513 7516
7481 7516 7474
7517 7468 7465
7517 7465 7475
7468 7517 7518
7468 7518 7492
7492 7518 7519
7492 7519 7493
7493 7519 7520
7493 7520 7494
7520 7495 7494
7521 7518 7517
7521 7517 7475
7518 7521 7522
7518 7522 7519
7519 7522 7523
7519 7523 7520
7524 7521 7475
7524 7475 7476
7521 7524 7525
7521 7525 7522
7525 7523 7522
7526 7524 7476
7526 7476 7516
7527 7526 7516
7527 7516 7513
7528 7527 7513
7528 7513 7514
7529 7528 7514
7529 7514 7515
7526 7525 7524
7525 7526 7527
7525 7527 7530
7525 7530 7523
7531 7530 7527
7531 7527 7528
7529 7531 7528
7489 7496 7490
7496 7495 7532
7496 7532 7533
7533 7490 7496
7490 7533 7534
7490 7534 7535
7536 7534 7533
7536 7533 7532
7537 7538 7534
7537 7534 7536
7534 7538 7539
7534 7539 7535
7540 7495 7520
7495 7540 7541
7495 7541 7532
7541 7542 7536
7541 7536 7532
7536 7542 7543
7536 7543 7537
7538 7537 7544
7545 7546 7540
7545 7540 7520
7530 7547 7545
7530 7545 7523
7523 7545 7520
7540 7546 7548
7540 7548 7541
7541 7548 7549
7541 7549 7542
7549 7543 7542
7545 7547 7550
7545 7550 7546
7546 7550 7551
7546 7551 7548
7531 7547 7530
7547 7531 7552
7547 7552 7550
7550 7552 7553
7550 7553 7551
7553 7554 7551
7555 7556 7552
7555 7552 7531
7555 7531 7529
7556 7553 7552
7556 7557 7554
7558 7557 7556
7558 7556 7555
7555 7529 7515
7555 7515 7559
7555 7559 7558
7512 7559 7515
7560 7558 7559
7560 7559 7561
7562 7563 7560
7562 7560 7561
7564 7561 7559
7564 7559 7512
7561 7564 7565
7561 7565 7562
7566 7564 7512
7566 7512 7508
7564 7566 7567
7564 7567 7565
7568 7567 7566
7568 7566 7569
7508 7569 7566
7570 7565 7567
7571 7562 7565
7572 7573 7574
7562 7575 7563
7576 7575 7562
7576 7562 7571
7558 7560 7577
7558 7577 7557
7557 7578 7554
7578 7557 7577
7578 7577 7579
7556 7554 7553
7563 7577 7560
7548 7551 7554
7548 7554 7549
7580 7581 7543
7580 7543 7549
7582 7583 7581
7582 7581 7580
7584 7585 7586
7586 7585 7583
7586 7583 7582
7581 7537 7543
7587 7537 7581
7587 7581 7583
7588 7587 7583
7588 7583 7585
7589 7588 7585
7589 7585 7584
7544 7537 7587
7544 7587 7590
7588 7590 7587
7588 7589 7591
7588 7591 7590
7592 7565 7570
7592 7570 7593
7594 7589 7584
7595 7574 7592
7595 7592 7593
7596 7549 7554
7549 7596 7597
7549 7597 7580
7580 7597 7598
7580 7598 7582
7582 7598 7599
7582 7599 7586
7578 7596 7554
7596 7578 7600
7596 7600 7597
7597 7600 7601
7597 7601 7598
7601 7599 7598
7602 7600 7578
7602 7578 7579
7602 7601 7600
7603 7579 7577
7604 7605 7602
7604 7602 7603
7606 7607 7605
7606 7605 7604
7608 7609 7607
7608 7607 7606
7579 7603 7602
7603 7577 7563
7603 7563 7604
7604 7563 7575
7604 7575 7606
7606 7575 7576
7606 7576 7608
7571 7565 7592
7571 7592 7610
7571 7610 7611
7571 7611 7576
7611 7608 7576
7602 7605 7612
7602 7612 7601
7613 7612 7605
7613 7605 7607
7609 7613 7607
7601 7614 7599
7614 7601 7612
7614 7612 7615
7615 7612 7613
7599 7616 7586
7586 7617 7584
7618 7584 7617
7618 7617 7619
7620 7621 7618
7620 7618 7619
7618 7622 7594
7618 7594 7584
7618 7621 7623
7618 7623 7622
7624 7619 7617
7624 7617 7625
7619 7624 7626
7619 7626 7620
7624 7627 7626
7625 7616 7614
7625 7614 7628
7625 7628 7627
7625 7627 7624
7629 7628 7614
7629 7614 7615
7628 7629 7630
7628 7630 7627
7631 7629 7615
7631 7632 7629
7631 7615 7613
7629 7632 7630
7633 7634 7631
7633 7631 7635
7636 7637 7634
7636 7634 7633
7638 7639 7637
7638 7637 7636
7634 7632 7631
7640 7632 7634
7640 7634 7637
7641 7640 7637
7641 7637 7639
7609 7608 7633
7609 7633 7635
7609 7635 7613
7635 7631 7613
7639 7638 7642
7633 7608 7643
7633 7643 7636
7636 7643 7644
7636 7644 7638
7638 7644 7645
7638 7645 7642
7646 7643 7608
7646 7608 7611
7643 7646 7647
7643 7647 7644
7644 7647 7648
7644 7648 7645
7649 7650 7632
7649 7632 7640
7651 7650 7649
7651 7649 7652
7653 7654 7651
7653 7651 7652
7655 7649 7640
7655 7640 7641
7649 7655 7656
7649 7656 7652
7652 7656 7657
7652 7657 7653
7658 7641 7639
7659 7658 7639
7659 7639 7642
7660 7661 7659
7660 7659 7642
7662 7663 7661
7662 7661 7660
7664 7663 7662
7664 7662 7665
7666 7660 7642
7666 7642 7645
7660 7666 7667
7660 7667 7662
7662 7667 7668
7662 7668 7665
7641 7658 7669
7641 7669 7655
7670 7669 7658
7670 7658 7659
7671 7670 7659
7671 7659 7661
7672 7671 7661
7672 7661 7663
7664 7672 7663
7669 7656 7655
7657 7656 7669
7657 7669 7670
7673 7657 7670
7673 7670 7671
7674 7673 7671
7674 7671 7672
7573 7611 7610
7574 7573 7610
7574 7610 7592
7573 7646 7611
7646 7573 7675
7646 7675 7647
7647 7675 7676
7647 7676 7648
7572 7677 7675
7572 7675 7573
7678 7676 7675
7678 7675 7677
7679 7648 7676
7621 7620 7680
7614 7616 7599
7586 7616 7625
7586 7625 7617
7630 7632 7650
7630 7650 7627
7681 7682 7650
7681 7650 7651
7683 7681 7651
7683 7651 7654
7650 7682 7627
7682 7626 7627
7684 7626 7682
7684 7682 7681
7685 7684 7681
7685 7681 7683
7626 7684 7686
7626 7686 7620
7687 7686 7684
7687 7684 7685
7688 7683 7654
7683 7688 7689
7683 7689 7685
7685 7689 7690
7685 7690 7687
7691 7690 7689
7687 7690 7692
7687 7692 7693
7648 7666 7645
7666 7648 7694
7666 7694 7667
7667 7694 7695
7667 7695 7668
7696 7694 7648
7696 7648 7679
7697 7695 7694
7697 7694 7696
7698 7668 7695
7699 7653 7673
7699 7673 7700
7700 7673 7674
7653 7699 7701
7653 7701 7654
7673 7653 7657
7702 7699 7700
7703 7702 7704
7705 7703 7706
7702 7700 7704
7703 7704 7706
7707 7704 7700
7707 7700 7674
7704 7707 7708
7704 7708 7706
7699 7702 7709
7699 7709 7701
7710 7709 7702
7710 7702 7703
7711 7710 7703
7711 7703 7705
7701 7688 7654
7712 7688 7701
7712 7701 7709
7713 7712 7709
7713 7709 7710
7714 7713 7710
7714 7710 7711
7712 7689 7688
7715 7689 7712
7715 7712 7713
7716 7715 7713
7716 7713 7714
7715 7717 7691
7715 7691 7689
7715 7716 7718
7715 7718 7717
7719 7716 7714
7672 7720 7721
7672 7721 7707
7722 7723 7721
7722 7721 7720
7724 7725 7723
7724 7723 7722
7726 7727 7725
7726 7725 7724
7664 7720 7672
7720 7664 7728
7720 7728 7722
7722 7728 7729
7722 7729 7724
7724 7729 7730
7724 7730 7726
7672 7707 7674
7731 7728 7664
7731 7664 7665
7728 7731 7732
7728 7732 7729
7729 7732 7733
7729 7733 7730
7668 7731 7665
7731 7668 7734
7731 7734 7732
7732 7734 7735
7732 7735 7733
7698 7736 7734
7698 7734 7668
7737 7735 7734
7737 7734 7736
7735 7738 7733
7721 7708 7707
7739 7708 7721
7739 7721 7723
7740 7739 7723
7740 7723 7725
7727 7740 7725
7741 7705 7706
7742 7705 7741
7742 7741 7743
7744 7742 7743
7744 7743 7745
7746 7747 7744
7746 7744 7745
7706 7708 7739
7743 7748 7749
7743 7749 7745
7745 7749 7750
7745 7750 7746
7751 7748 7752
7751 7752 7740
7748 7751 7753
7748 7753 7749
7749 7753 7754
7749 7754 7750
7740 7752 7739
7741 7752 7748
7741 7748 7743
7741 7706 7739
7741 7739 7752
7755 7740 7727
7740 7755 7756
7740 7756 7751
7757 7758 7756
7757 7756 7755
7759 7758 7757
7759 7757 7760
7761 7759 7760
7761 7760 7762
7756 7753 7751
7753 7756 7754
7763 7758 7759
7763 7759 7764
7754 7756 7758
7754 7758 7763
7764 7759 7761
7726 7755 7727
7755 7726 7765
7755 7765 7757
7757 7765 7766
7757 7766 7760
7760 7766 7767
7760 7767 7762
7730 7765 7726
7765 7730 7768
7765 7768 7766
7766 7768 7769
7766 7769 7767
7770 7768 7730
7770 7730 7733
7768 7770 7771
7768 7771 7769
7772 7770 7733
7772 7733 7738
7770 7772 7773
7770 7773 7771
7774 7769 7771
7775 7746 7750
7775 7750 7776
7777 7778 7775
7777 7775 7776
7779 7780 7778
7779 7778 7777
7750 7754 7763
7781 7763 7764
7776 7750 7763
7776 7763 7781
7776 7781 7782
7776 7782 7777
7777 7782 7783
7777 7783 7779
7784 7785 7782
7784 7782 7781
7782 7785 7786
7782 7786 7783
7781 7764 7784
7787 7764 7761
7764 7787 7788
7764 7788 7784
7789 7790 7788
7789 7788 7787
7791 7792 7790
7791 7790 7789
7791 7793 7792
7762 7787 7761
7787 7762 7794
7787 7794 7789
7789 7794 7795
7789 7795 7791
7791 7795 7796
7791 7796 7793
7785 7784 7788
7785 7788 7786
7797 7786 7788
7797 7788 7790
7798 7797 7790
7798 7790 7792
7799 7800 7779
7799 7779 7783
7801 7800 7799
7801 7799 7802
7803 7804 7801
7803 7801 7802
7783 7786 7797
7783 7797 7799
7805 7799 7797
7805 7797 7798
7799 7805 7806
7799 7806 7802
7802 7806 7807
7802 7807 7803
7808 7806 7805
7806 7808 7809
7806 7809 7807
7808 7805 7798
7705 7742 7810
7705 7810 7711
7811 7810 7742
7811 7742 7744
7812 7811 7744
7812 7744 7747
7810 7714 7711
7813 7714 7810
7813 7810 7811
7814 7813 7811
7814 7811 7812
7813 7815 7719
7813 7719 7714
7813 7814 7816
7813 7816 7815
7812 7817 7814
7775 7747 7746
7818 7747 7775
7818 7775 7778
7819 7818 7778
7819 7778 7780
7820 7819 7780
7818 7812 7747
7821 7812 7818
7821 7818 7819
7822 7821 7819
7822 7819 7820
7821 7823 7817
7821 7817 7812
7821 7822 7824
7821 7824 7823
7825 7822 7820
7767 7794 7762
7794 7767 7826
7794 7826 7795
7795 7826 7827
7795 7827 7796
7828 7826 7767
7828 7767 7769
7826 7828 7829
7826 7829 7827
7774 7830 7828
7774 7828 7769
7831 7829 7828
7831 7828 7830
7832 7827 7829
7833 7834 7835
7835 7834 7836
7836 7834 7827
7827 7837 7796
7838 7837 7827
7838 7827 7834
7839 7838 7834
7839 7834 7833
7796 7837 7840
7796 7840 7841
7842 7840 7837
7842 7837 7838
7843 7842 7838
7843 7838 7839
7792 7808 7798
7844 7845 7846
7844 7846 7847
7848 7849 7845
7848 7845 7844
7846 7809 7808
7850 7809 7846
7850 7846 7845
7851 7850 7845
7851 7845 7849
7852 7803 7807
7853 7854 7855
7853 7855 7856
7857 7854 7853
7857 7853 7858
7809 7850 7852
7809 7852 7807
7803 7852 7856
7803 7856 7855
7859 7856 7852
7859 7852 7850
7856 7859 7860
7856 7860 7853
7853 7860 7861
7853 7861 7858
7862 7859 7850
7862 7850 7851
7859 7862 7863
7859 7863 7860
7863 7861 7860
7864 7865 7849
7864 7849 7848
7866 7865 7864
7866 7864 7867
7868 7869 7866
7868 7866 7867
7808 7792 7847
7808 7847 7846
7796 7841 7793
7793 7841 7847
7793 7847 7792
7841 7840 7844
7841 7844 7847
7842 7870 7840
7870 7842 7843
7840 7870 7844
7844 7870 7848
7871 7872 7873
7871 7873 7843
7874 7875 7872
7874 7872 7871
7843 7873 7870
7864 7848 7870
7864 7870 7873
7864 7873 7872
7864 7872 7867
7868 7867 7872
7868 7872 7875
7862 7851 7849
7862 7849 7865
7876 7865 7866
7876 7866 7877
7865 7876 7863
7865 7863 7862
7863 7876 7861
7878 7861 7876
7878 7876 7879
7877 7879 7876
7878 7858 7861
7800 7780 7779
7880 7780 7800
7880 7800 7801
7881 7880 7801
7881 7801 7804
7780 7880 7882
7780 7882 7820
7883 7882 7880
7883 7880 7881
7825 7820 7882
7825 7882 7883
7803 7855 7884
7803 7884 7804
7885 7884 7855
7885 7855 7854
7886 7885 7854
7886 7854 7857
7804 7884 7887
7804 7887 7881
7888 7887 7884
7888 7884 7885
7889 7888 7885
7889 7885 7886
7839 7871 7843
7871 7839 7890
7871 7890 7874
7833 7890 7839
7891 7892 7887
7887 7892 7881
7881 7892 7883
7892 7893 7883
7869 7877 7866
7878 7894 7858
7858 7894 7857
7894 7886 7857
7877 7869 7895
7877 7895 7879
7878 7879 7895
7896 7403 7398
7896 7398 7897
7897 7398 7394
7897 7394 7393
7896 7405 7403
7878 7895 7894
7407 7421 7406
7680 7620 7686
7680 7686 7687
7680 7687 7693
7898 7899 7900
7898 7900 7901
7899 7902 7903
7899 7903 7900
7902 7904 7905
7902 7905 7903
7904 7906 7907
7904 7907 7905
7906 7908 7909
7906 7909 7907
7908 7910 7911
7908 7911 7909
7912 7913 7914
7912 7914 7915
7913 7916 7917
7913 7917 7914
7916 7918 7919
7916 7919 7917
7918 7920 7921
7918 7921 7919
7920 7922 7923
7920 7923 7921
7922 7898 7901
7922 7901 7923
7924 7925 7926
7925 7927 7926
7927 7928 7926
7928 7929 7926
7929 7930 7926
7930 7931 7926
7931 7932 7926
7932 7933 7926
7933 7934 7926
7934 7935 7926
7935 7936 7926
7936 7924 7926
7937 7938 7939
7937 7939 7940
7941 7942 7937
7941 7937 7940
7943 7944 7942
7943 7942 7941
7945 7946 7947
7945 7947 7948
7949 7946 7945
7949 7945 7950
7938 7949 7950
7938 7950 7939
7951 7952 7953
7951 7953 7954
7940 7939 7953
7940 7953 7952
7938 7937 7955
7938 7955 7956
7937 7957 7955
7958 7959 7952
7958 7952 7951
7959 7941 7940
7959 7940 7952
7957 7937 7942
7957 7942 7960
7942 7961 7960
7962 7963 7959
7962 7959 7958
7963 7943 7941
7963 7941 7959
7961 7942 7944
7961 7944 7964
7944 7965 7964
7966 7967 7968
7966 7968 7969
7967 7945 7948
7967 7948 7968
7970 7947 7946
7970 7946 7971
7946 7972 7971
7973 7974 7967
7973 7967 7966
7950 7945 7967
7950 7967 7974
7946 7949 7975
7946 7975 7972
7949 7976 7975
7953 7974 7973
7953 7973 7954
7939 7950 7974
7939 7974 7953
7949 7938 7977
7949 7977 7976
7938 7956 7977
7978 7979 7980
7980 7979 7981
7981 7979 7982
7982 7979 7983
7983 7979 7984
7984 7979 7985
7986 7979 7987
7987 7979 7988
7988 7979 7989
7989 7979 7978
7990 7991 7992
7990 7992 7993
7994 7995 7996
7994 7996 7997
7998 7999 7996
7998 7996 7995
8000 8001 7999
8000 7999 7998
8002 8003 8001
8002 8001 8000
8002 7990 7993
8002 7993 8003
8004 8005 8006
8004 8006 8007
7993 7992 8005
7993 8005 8004
7991 7990 8008
7991 8008 8009
7994 8010 8011
8012 8013 8014
8012 8014 8015
7997 7996 8013
7997 8013 8012
7995 7994 8011
7995 8011 8016
7995 8016 8017
8018 8019 8014
8018 8014 8013
7999 8018 8013
7999 8013 7996
7995 8017 8020
7995 8020 7998
7998 8020 8021
8022 8023 8019
8022 8019 8018
8001 8022 8018
8001 8018 7999
7998 8021 8024
7998 8024 8000
8000 8024 8025
8022 8026 8027
8022 8027 8023
8003 8026 8022
8003 8022 8001
8000 8025 8028
8000 8028 8002
8002 8028 8029
8026 8004 8007
8026 8007 8027
8003 7993 8004
8003 8004 8026
7990 8002 8029
7990 8029 8030
7990 8030 8008
8031 8032 8033
8034 8031 8033
8035 8034 8033
8036 8035 8033
8037 8036 8033
8038 8037 8033
8039 8038 8033
8040 8039 8033
8041 8040 8033
8042 8041 8033
8043 8044 8045
8043 8046 8044
8043 8047 8046
8043 8048 8047
8043 8049 8048
8043 8050 8049
8051 8052 8053
8051 8054 8052
8051 8055 8054
8051 8056 8055
8051 8057 8056
8051 8058 8057
8045 8044 8059
8045 8059 8060
8044 8046 8061
8044 8061 8059
8046 8047 8062
8046 8062 8061
8047 8048 8063
8047 8063 8062
8048 8049 8064
8048 8064 8063
8049 8050 8065
8049 8065 8064
8053 8052 8066
8053 8066 8067
8052 8054 8068
8052 8068 8066
8054 8055 8069
8054 8069 8068
8055 8056 8070
8055 8070 8069
8056 8057 8071
8056 8071 8070
8057 8058 8072
8057 8072 8071
8060 8059 8073
8060 8073 8074
8059 8061 8075
8059 8075 8073
8061 8062 8076
8061 8076 8075
8062 8063 8077
8062 8077 8076
8063 8064 8078
8063 8078 8077
8064 8065 8079
8064 8079 8078
8067 8066 8080
8067 8080 8081
8066 8068 8082
8066 8082 8080
8068 8069 8083
8068 8083 8082
8069 8070 8084
8069 8084 8083
8070 8071 8085
8070 8085 8084
8071 8072 8086
8071 8086 8085
8074 8073 8087
8074 8087 8088
8073 8075 8089
8073 8089 8087
8075 8076 8090
8075 8090 8089
8076 8077 8091
8076 8091 8090
8077 8078 8092
8077 8092 8091
8078 8079 8093
8078 8093 8092
8081 8080 8094
8081 8094 8095
8080 8082 8096
8080 8096 8094
8082 8083 8097
8082 8097 8096
8083 8084 8098
8083 8098 8097
8084 8085 8099
8084 8099 8098
8085 8086 8100
8085 8100 8099
8088 8087 8101
8088 8101 8102
8087 8089 8103
8087 8103 8101
8089 8090 8104
8089 8104 8103
8090 8091 8105
8090 8105 8104
8091 8092 8106
8091 8106 8105
8092 8093 8107
8092 8107 8106
8095 8094 8108
8095 8108 8109
8094 8096 8110
8094 8110 8108
8096 8097 8111
8096 8111 8110
8097 8098 8112
8097 8112 8111
8098 8099 8113
8098 8113 8112
8099 8100 8114
8099 8114 8113
8115 8102 8101
8115 8101 8103
8115 8103 8104
8115 8104 8105
8115 8105 8106
8115 8106 8107
8116 8109 8108
8116 8108 8110
8116 8110 8111
8116 8111 8112
8116 8112 8113
8116 8113 8114
8117 8118 8119
8117 8119 8120
8120 8119 8121
8120 8121 8122
8122 8121 8123
8122 8123 8124
8124 8123 8125
8124 8125 8126
8126 8125 8127
8126 8127 8128
8128 8127 8129
8128 8129 8130
8131 8132 8133
8131 8133 8134
8134 8133 8135
8134 8135 8136
8136 8135 8137
8136 8137 8138
8138 8137 8139
8138 8139 8140
8140 8139 8141
8140 8141 8142
8142 8141 8118
8142 8118 8117
8143 8144 8145
8145 8144 8146
8146 8144 8147
8147 8144 8148
8148 8144 8149
8149 8144 8150
8150 8144 8151
8151 8144 8152
8152 8144 8153
8153 8144 8154
8155 8156 8157
8156 8158 8157
8159 8160 8157
8160 8161 8157
8161 8162 8157
8162 8163 8157
8163 8164 8157
8164 8165 8157
8157 8165 8166
8166 8155 8157
8167 8168 8169
8167 8169 8170
8168 8171 8172
8168 8172 8169
8171 8173 8174
8171 8174 8172
8173 8175 8176
8173 8176 8174
8175 8177 8178
8175 8178 8176
8177 8179 8180
8177 8180 8178
8181 8182 8183
8181 8183 8184
8182 8185 8186
8182 8186 8183
8185 8187 8188
8185 8188 8186
8187 8189 8190
8187 8190 8188
8189 8191 8192
8189 8192 8190
8191 8193 8194
8191 8194 8192
8195 8196 8197
8197 8196 8198
8199 8196 8200
8200 8196 8201
8201 8196 8202
8202 8196 8203
8203 8196 8204
8204 8196 8205
8196 8206 8205
8206 8196 8195
8207 8208 8209
8207 8209 8210
8208 8211 8212
8208 8212 8209
8211 8213 8214
8211 8214 8212
8213 8215 8216
8213 8216 8214
8215 8217 8218
8215 8218 8216
8217 8219 8220
8217 8220 8218
8221 8222 8223
8221 8223 8224
8222 8225 8226
8222 8226 8223
8225 8227 8228
8225 8228 8226
8227 8229 8230
8227 8230 8228
8229 8231 8232
8229 8232 8230
8231 8233 8234
8231 8234 8232
8235 8236 8237
8237 8236 8238
8239 8236 8240
8240 8236 8241
8241 8236 8242
8242 8236 8243
8243 8236 8244
8244 8236 8245
8236 8246 8245
8246 8236 8235
8247 8248 8249
8248 8250 8249
8251 8252 8249
8252 8253 8249
8253 8254 8249
8254 8255 8249
8255 8256 8249
8256 8257 8249
8249 8257 8258
8258 8247 8249
8259 8260 8261
8259 8261 8262
8263 8264 8265
8263 8265 8266
8267 8268 8269
8267 8269 8270
8262 8261 8271
8262 8271 8272
8266 8265 8273
8266 8273 8274
8270 8269 8275
8270 8275 8276
8272 8271 8277
8272 8277 8278
8274 8273 8279
8274 8279 8280
8276 8275 8281
8276 8281 8282
8278 8277 8283
8278 8283 8284
8280 8279 8285
8280 8285 8286
8282 8281 8287
8282 8287 8288
8284 8283 8289
8284 8289 8290
8286 8285 8291
8286 8291 8292
8288 8287 8293
8288 8293 8294
8290 8289 8295
8290 8295 8296
8292 8291 8297
8292 8297 8298
8294 8293 8299
8294 8299 8300
8301 8302 8303
8301 8303 8304
8305 8306 8307
8305 8307 8308
8309 8310 8311
8309 8311 8312
8302 8313 8314
8302 8314 8303
8306 8315 8316
8306 8316 8307
8310 8317 8318
8310 8318 8311
8313 8319 8320
8313 8320 8314
8315 8321 8322
8315 8322 8316
8317 8323 8324
8317 8324 8318
8319 8325 8326
8319 8326 8320
8321 8327 8328
8321 8328 8322
8323 8329 8330
8323 8330 8324
8325 8331 8332
8325 8332 8326
8327 8333 8334
8327 8334 8328
8329 8335 8336
8329 8336 8330
8331 8337 8338
8331 8338 8332
8333 8339 8340
8333 8340 8334
8335 8341 8342
8335 8342 8336
8343 8344 8345
8343 8345 8346
8347 8348 8349
8347 8349 8350
8351 8352 8353
8351 8353 8354
8355 8356 8357
8355 8357 8358
8359 8360 8361
8359 8361 8362
8350 8349 8363
8350 8363 8364
8365 8366 8367
8365 8367 8368
8358 8357 8369
8358 8369 8370
8362 8361 8371
8362 8371 8372
8364 8363 8373
8364 8373 8374
8368 8367 8375
8368 8375 8376
8370 8369 8377
8370 8377 8378
8372 8371 8379
8372 8379 8380
8374 8373 8381
8374 8381 8382
8376 8375 8383
8376 8383 8384
8378 8377 8385
8378 8385 8386
8380 8379 8387
8380 8387 8388
8382 8381 8389
8382 8389 8390
8384 8383 8391
8384 8391 8392
8386 8385 8393
8386 8393 8394
8388 8387 8395
8388 8395 8396
8390 8389 8397
8390 8397 8398
8392 8391 8399
8392 8399 8400
8394 8393 8401
8394 8401 8402
8396 8395 8403
8396 8403 8404
8398 8397 8405
8398 8405 8406
8400 8399 8407
8400 8407 8408
8409 8410 8411
8409 8411 8412
8404 8403 8413
8404 8413 8414
8406 8405 8415
8406 8415 8416
8408 8407 8417
8408 8417 8418
8412 8411 8419
8412 8419 8420
8414 8413 8421
8414 8421 8422
8416 8415 8423
8416 8423 8424
8418 8417 8425
8418 8425 8426
8420 8419 8427
8420 8427 8428
8422 8421 8429
8422 8429 8430
8424 8423 8431
8424 8431 8432
8426 8425 8433
8426 8433 8434
8428 8427 8435
8428 8435 8436
8430 8429 8437
8430 8437 8438
8432 8431 8439
8432 8439 8440
8434 8433 8441
8434 8441 8442
8436 8435 8443
8436 8443 8444
8438 8437 8344
8438 8344 8343
8440 8439 8445
8440 8445 8446
8442 8441 8352
8442 8352 8351
8444 8443 8447
8444 8447 8448
8449 8450 8451
8449 8452 8450
8449 8453 8452
8449 8454 8453
8449 8455 8454
8449 8456 8455
8457 8458 8459
8457 8460 8458
8457 8461 8460
8457 8462 8461
8457 8463 8462
8457 8464 8463
8451 8450 8465
8451 8465 8466
8450 8452 8467
8450 8467 8465
8452 8453 8468
8452 8468 8467
8453 8454 8469
8453 8469 8468
8454 8455 8470
8454 8470 8469
8455 8456 8471
8455 8471 8470
8459 8458 8472
8459 8472 8473
8458 8460 8474
8458 8474 8472
8460 8461 8475
8460 8475 8474
8461 8462 8476
8461 8476 8475
8462 8463 8477
8462 8477 8476
8463 8464 8478
8463 8478 8477
8466 8465 8479
8466 8479 8480
8465 8467 8481
8465 8481 8479
8467 8468 8482
8467 8482 8481
8468 8469 8483
8468 8483 8482
8469 8470 8484
8469 8484 8483
8470 8471 8485
8470 8485 8484
8473 8472 8486
8473 8486 8487
8472 8474 8488
8472 8488 8486
8474 8475 8489
8474 8489 8488
8475 8476 8490
8475 8490 8489
8476 8477 8491
8476 8491 8490
8477 8478 8492
8477 8492 8491
8480 8479 8493
8480 8493 8494
8479 8481 8495
8479 8495 8493
8481 8482 8496
8481 8496 8495
8482 8483 8497
8482 8497 8496
8483 8484 8498
8483 8498 8497
8484 8485 8499
8484 8499 8498
8487 8486 8500
8487 8500 8501
8486 8488 8502
8486 8502 8500
8488 8489 8503
8488 8503 8502
8489 8490 8504
8489 8504 8503
8490 8491 8505
8490 8505 8504
8491 8492 8506
8491 8506 8505
8494 8493 8507
8494 8507 8508
8493 8495 8509
8493 8509 8507
8495 8496 8510
8495 8510 8509
8496 8497 8511
8496 8511 8510
8497 8498 8512
8497 8512 8511
8498 8499 8513
8498 8513 8512
8501 8500 8514
8501 8514 8515
8500 8502 8516
8500 8516 8514
8502 8503 8517
8502 8517 8516
8503 8504 8518
8503 8518 8517
8504 8505 8519
8504 8519 8518
8505 8506 8520
8505 8520 8519
8521 8508 8507
8521 8507 8509
8521 8509 8510
8521 8510 8511
8521 8511 8512
8521 8512 8513
8522 8515 8514
8522 8514 8516
8522 8516 8517
8522 8517 8518
8522 8518 8519
8522 8519 8520
8523 8524 8525
8523 8526 8524
8523 8527 8526
8528 8529 8530
8528 8531 8529
8528 8532 8531
8528 8533 8532
8528 8534 8533
8528 8535 8534
8523 8536 8537
8523 8538 8536
8523 8525 8538
8525 8524 8539
8525 8539 8540
8524 8526 8541
8524 8541 8539
8526 8527 8542
8526 8542 8541
8530 8529 8543
8530 8543 8544
8529 8531 8545
8529 8545 8543
8531 8532 8546
8531 8546 8545
8532 8533 8547
8532 8547 8546
8533 8534 8548
8533 8548 8547
8534 8535 8549
8534 8549 8548
8537 8536 8550
8537 8550 8551
8536 8538 8552
8536 8552 8550
8538 8525 8540
8538 8540 8552
8540 8539 8553
8540 8553 8554
8539 8541 8555
8539 8555 8553
8541 8542 8556
8541 8556 8555
8544 8543 8557
8544 8557 8558
8543 8545 8559
8543 8559 8557
8545 8546 8560
8545 8560 8559
8546 8547 8561
8546 8561 8560
8547 8548 8562
8547 8562 8561
8548 8549 8563
8548 8563 8562
8551 8550 8564
8551 8564 8565
8550 8552 8566
8550 8566 8564
8552 8540 8554
8552 8554 8566
8554 8553 8567
8554 8567 8568
8553 8555 8569
8553 8569 8567
8555 8556 8570
8555 8570 8569
8558 8557 8571
8558 8571 8572
8557 8559 8573
8557 8573 8571
8559 8560 8574
8559 8574 8573
8560 8561 8575
8560 8575 8574
8561 8562 8576
8561 8576 8575
8562 8563 8577
8562 8577 8576
8565 8564 8578
8565 8578 8579
8564 8566 8580
8564 8580 8578
8566 8554 8568
8566 8568 8580
8568 8567 8581
8568 8581 8582
8567 8569 8583
8567 8583 8581
8569 8570 8584
8569 8584 8583
8572 8571 8585
8572 8585 8586
8571 8573 8587
8571 8587 8585
8573 8574 8588
8573 8588 8587
8574 8575 8589
8574 8589 8588
8575 8576 8590
8575 8590 8589
8576 8577 8591
8576 8591 8590
8579 8578 8592
8579 8592 8593
8578 8580 8594
8578 8594 8592
8580 8568 8582
8580 8582 8594
8595 8582 8581
8595 8581 8583
8595 8583 8584
8596 8586 8585
8596 8585 8587
8596 8587 8588
8596 8588 8589
8596 8589 8590
8596 8590 8591
8595 8593 8592
8595 8592 8594
8595 8594 8582
8597 8598 8599
8597 8600 8598
8597 8601 8600
8602 8603 8604
8602 8605 8603
8602 8606 8605
8602 8607 8606
8602 8608 8607
8602 8609 8608
8597 8610 8611
8597 8612 8610
8597 8599 8612
8599 8598 8613
8599 8613 8614
8598 8600 8615
8598 8615 8613
8600 8601 8616
8600 8616 8615
8604 8603 8617
8604 8617 8618
8603 8605 8619
8603 8619 8617
8605 8606 8620
8605 8620 8619
8606 8607 8621
8606 8621 8620
8607 8608 8622
8607 8622 8621
8608 8609 8623
8608 8623 8622
8611 8610 8624
8611 8624 8625
8610 8612 8626
8610 8626 8624
8612 8599 8614
8612 8614 8626
8614 8613 8627
8614 8627 8628
8613 8615 8629
8613 8629 8627
8615 8616 8630
8615 8630 8629
8618 8617 8631
8618 8631 8632
8617 8619 8633
8617 8633 8631
8619 8620 8634
8619 8634 8633
8620 8621 8635
8620 8635 8634
8621 8622 8636
8621 8636 8635
8622 8623 8637
8622 8637 8636
8625 8624 8638
8625 8638 8639
8624 8626 8640
8624 8640 8638
8626 8614 8628
8626 8628 8640
8628 8627 8641
8628 8641 8642
8627 8629 8643
8627 8643 8641
8629 8630 8644
8629 8644 8643
8632 8631 8645
8632 8645 8646
8631 8633 8647
8631 8647 8645
8633 8634 8648
8633 8648 8647
8634 8635 8649
8634 8649 8648
8635 8636 8650
8635 8650 8649
8636 8637 8651
8636 8651 8650
8639 8638 8652
8639 8652 8653
8638 8640 8654
8638 8654 8652
8640 8628 8642
8640 8642 8654
8642 8641 8655
8642 8655 8656
8641 8643 8657
8641 8657 8655
8643 8644 8658
8643 8658 8657
8646 8645 8659
8646 8659 8660
8645 8647 8661
8645 8661 8659
8647 8648 8662
8647 8662 8661
8648 8649 8663
8648 8663 8662
8649 8650 8664
8649 8664 8663
8650 8651 8665
8650 8665 8664
8653 8652 8666
8653 8666 8667
8652 8654 8668
8652 8668 8666
8654 8642 8656
8654 8656 8668
8669 8656 8655
8669 8655 8657
8669 8657 8658
8670 8660 8659
8670 8659 8661
8670 8661 8662
8670 8662 8663
8670 8663 8664
8670 8664 8665
8669 8667 8666
8669 8666 8668
8669 8668 8656
8671 8672 8673
8671 8674 8672
8671 8675 8674
8676 8677 8678
8676 8679 8677
8676 8680 8679
8676 8681 8680
8676 8682 8681
8676 8683 8682
8671 8684 8685
8671 8686 8684
8671 8673 8686
8673 8672 8687
8673 8687 8688
8672 8674 8689
8672 8689 8687
8674 8675 8690
8674 8690 8689
8678 8677 8691
8678 8691 8692
8677 8679 8693
8677 8693 8691
8679 8680 8694
8679 8694 8693
8680 8681 8695
8680 8695 8694
8681 8682 8696
8681 8696 8695
8682 8683 8697
8682 8697 8696
8685 8684 8698
8685 8698 8699
8684 8686 8700
8684 8700 8698
8686 8673 8688
8686 8688 8700
8688 8687 8701
8688 8701 8702
8687 8689 8703
8687 8703 8701
8689 8690 8704
8689 8704 8703
8692 8691 8705
8692 8705 8706
8691 8693 8707
8691 8707 8705
8693 8694 8708
8693 8708 8707
8694 8695 8709
8694 8709 8708
8695 8696 8710
8695 8710 8709
8696 8697 8711
8696 8711 8710
8699 8698 8712
8699 8712 8713
8698 8700 8714
8698 8714 8712
8700 8688 8702
8700 8702 8714
8702 8701 8715
8702 8715 8716
8701 8703 8717
8701 8717 8715
8703 8704 8718
8703 8718 8717
8706 8705 8719
8706 8719 8720
8705 8707 8721
8705 8721 8719
8707 8708 8722
8707 8722 8721
8708 8709 8723
8708 8723 8722
8709 8710 8724
8709 8724 8723
8710 8711 8725
8710 8725 8724
8713 8712 8726
8713 8726 8727
8712 8714 8728
8712 8728 8726
8714 8702 8716
8714 8716 8728
8716 8715 8729
8716 8729 8730
8715 8717 8731
8715 8731 8729
8717 8718 8732
8717 8732 8731
8720 8719 8733
8720 8733 8734
8719 8721 8735
8719 8735 8733
8721 8722 8736
8721 8736 8735
8722 8723 8737
8722 8737 8736
8723 8724 8738
8723 8738 8737
8724 8725 8739
8724 8739 8738
8727 8726 8740
8727 8740 8741
8726 8728 8742
8726 8742 8740
8728 8716 8730
8728 8730 8742
8743 8730 8729
8743 8729 8731
8743 8731 8732
8744 8734 8733
8744 8733 8735
8744 8735 8736
8744 8736 8737
8744 8737 8738
8744 8738 8739
8743 8741 8740
8743 8740 8742
8743 8742 8730
8745 8746 8747
8745 8747 8748
8745 8748 8749
8750 8751 8752
8750 8752 8753
8750 8753 8754
8750 8754 8755
8750 8755 8756
8750 8756 8757
8745 8758 8759
8745 8759 8760
8745 8760 8746
8746 8761 8762
8746 8762 8747
8747 8762 8763
8747 8763 8748
8748 8763 8764
8748 8764 8749
8751 8765 8766
8751 8766 8752
8752 8766 8767
8752 8767 8753
8753 8767 8768
8753 8768 8754
8754 8768 8769
8754 8769 8755
8755 8769 8770
8755 8770 8756
8756 8770 8771
8756 8771 8757
8758 8772 8773
8758 8773 8759
8759 8773 8774
8759 8774 8760
8760 8774 8761
8760 8761 8746
8761 8775 8776
8761 8776 8762
8762 8776 8777
8762 8777 8763
8763 8777 8778
8763 8778 8764
8765 8779 8780
8765 8780 8766
8766 8780 8781
8766 8781 8767
8767 8781 8782
8767 8782 8768
8768 8782 8783
8768 8783 8769
8769 8783 8784
8769 8784 8770
8770 8784 8785
8770 8785 8771
8772 8786 8787
8772 8787 8773
8773 8787 8788
8773 8788 8774
8774 8788 8775
8774 8775 8761
8775 8789 8790
8775 8790 8776
8776 8790 8791
8776 8791 8777
8777 8791 8792
8777 8792 8778
8779 8793 8794
8779 8794 8780
8780 8794 8795
8780 8795 8781
8781 8795 8796
8781 8796 8782
8782 8796 8797
8782 8797 8783
8783 8797 8798
8783 8798 8784
8784 8798 8799
8784 8799 8785
8786 8800 8801
8786 8801 8787
8787 8801 8802
8787 8802 8788
8788 8802 8789
8788 8789 8775
8789 8803 8804
8789 8804 8790
8790 8804 8805
8790 8805 8791
8791 8805 8806
8791 8806 8792
8793 8807 8808
8793 8808 8794
8794 8808 8809
8794 8809 8795
8795 8809 8810
8795 8810 8796
8796 8810 8811
8796 8811 8797
8797 8811 8812
8797 8812 8798
8798 8812 8813
8798 8813 8799
8800 8814 8815
8800 8815 8801
8801 8815 8816
8801 8816 8802
8802 8816 8803
8802 8803 8789
8817 8804 8803
8817 8805 8804
8817 8806 8805
8818 8808 8807
8818 8809 8808
8818 8810 8809
8818 8811 8810
8818 8812 8811
8818 8813 8812
8817 8815 8814
8817 8816 8815
8817 8803 8816
8819 8820 8821
8819 8822 8820
8819 8823 8822
8824 8825 8826
8824 8827 8825
8824 8828 8827
8824 8829 8828
8824 8830 8829
8824 8831 8830
8819 8832 8833
8819 8834 8832
8819 8821 8834
8821 8820 8835
8821 8835 8836
8820 8822 8837
8820 8837 8835
8822 8823 8838
8822 8838 8837
8826 8825 8839
8826 8839 8840
8825 8827 8841
8825 8841 8839
8827 8828 8842
8827 8842 8841
8828 8829 8843
8828 8843 8842
8829 8830 8844
8829 8844 8843
8830 8831 8845
8830 8845 8844
8833 8832 8846
8833 8846 8847
8832 8834 8848
8832 8848 8846
8834 8821 8836
8834 8836 8848
8836 8835 8849
8836 8849 8850
8835 8837 8851
8835 8851 8849
8837 8838 8852
8837 8852 8851
8840 8839 8853
8840 8853 8854
8839 8841 8855
8839 8855 8853
8841 8842 8856
8841 8856 8855
8842 8843 8857
8842 8857 8856
8843 8844 8858
8843 8858 8857
8844 8845 8859
8844 8859 8858
8847 8846 8860
8847 8860 8861
8846 8848 8862
8846 8862 8860
8848 8836 8850
8848 8850 8862
8850 8849 8863
8850 8863 8864
8849 8851 8865
8849 8865 8863
8851 8852 8866
8851 8866 8865
8854 8853 8867
8854 8867 8868
8853 8855 8869
8853 8869 8867
8855 8856 8870
8855 8870 8869
8856 8857 8871
8856 8871 8870
8857 8858 8872
8857 8872 8871
8858 8859 8873
8858 8873 8872
8861 8860 8874
8861 8874 8875
8860 8862 8876
8860 8876 8874
8862 8850 8864
8862 8864 8876
8864 8863 8877
8864 8877 8878
8863 8865 8879
8863 8879 8877
8865 8866 8880
8865 8880 8879
8868 8867 8881
8868 8881 8882
8867 8869 8883
8867 8883 8881
8869 8870 8884
8869 8884 8883
8870 8871 8885
8870 8885 8884
8871 8872 8886
8871 8886 8885
8872 8873 8887
8872 8887 8886
8875 8874 8888
8875 8888 8889
8874 8876 8890
8874 8890 8888
8876 8864 8878
8876 8878 8890
8891 8878 8877
8891 8877 8879
8891 8879 8880
8892 8882 8881
8892 8881 8883
8892 8883 8884
8892 8884 8885
8892 8885 8886
8892 8886 8887
8891 8889 8888
8891 8888 8890
8891 8890 8878
8893 8894 8895
8893 8895 8896
8893 8896 8897
8898 8899 8900
8898 8900 8901
8898 8901 8902
8898 8902 8903
8898 8903 8904
8898 8904 8905
8893 8906 8907
8893 8907 8908
8893 8908 8894
8894 8909 8910
8894 8910 8895
8895 8910 8911
8895 8911 8896
8896 8911 8912
8896 8912 8897
8899 8913 8914
8899 8914 8900
8900 8914 8915
8900 8915 8901
8901 8915 8916
8901 8916 8902
8902 8916 8917
8902 8917 8903
8903 8917 8918
8903 8918 8904
8904 8918 8919
8904 8919 8905
8906 8920 8921
8906 8921 8907
8907 8921 8922
8907 8922 8908
8908 8922 8909
8908 8909 8894
8909 8923 8924
8909 8924 8910
8910 8924 8925
8910 8925 8911
8911 8925 8926
8911 8926 8912
8913 8927 8928
8913 8928 8914
8914 8928 8929
8914 8929 8915
8915 8929 8930
8915 8930 8916
8916 8930 8931
8916 8931 8917
8917 8931 8932
8917 8932 8918
8918 8932 8933
8918 8933 8919
8920 8934 8935
8920 8935 8921
8921 8935 8936
8921 8936 8922
8922 8936 8923
8922 8923 8909
8923 8937 8938
8923 8938 8924
8924 8938 8939
8924 8939 8925
8925 8939 8940
8925 8940 8926
8927 8941 8942
8927 8942 8928
8928 8942 8943
8928 8943 8929
8929 8943 8944
8929 8944 8930
8930 8944 8945
8930 8945 8931
8931 8945 8946
8931 8946 8932
8932 8946 8947
8932 8947 8933
8934 8948 8949
8934 8949 8935
8935 8949 8950
8935 8950 8936
8936 8950 8937
8936 8937 8923
8937 8951 8952
8937 8952 8938
8938 8952 8953
8938 8953 8939
8939 8953 8954
8939 8954 8940
8941 8955 8956
8941 8956 8942
8942 8956 8957
8942 8957 8943
8943 8957 8958
8943 8958 8944
8944 8958 8959
8944 8959 8945
8945 8959 8960
8945 8960 8946
8946 8960 8961
8946 8961 8947
8948 8962 8963
8948 8963 8949
8949 8963 8964
8949 8964 8950
8950 8964 8951
8950 8951 8937
8965 8952 8951
8965 8953 8952
8965 8954 8953
8966 8956 8955
8966 8957 8956
8966 8958 8957
8966 8959 8958
8966 8960 8959
8966 8961 8960
8965 8963 8962
8965 8964 8963
8965 8951 8964
8967 8968 8969
8967 8970 8968
8967 8971 8970
8967 8972 8971
8967 8973 8972
8967 8974 8973
8975 8976 8977
8975 8978 8976
8975 8979 8978
8975 8980 8979
8975 8981 8980
8975 8982 8981
8969 8968 8983
8969 8983 8984
8968 8970 8985
8968 8985 8983
8970 8971 8986
8970 8986 8985
8971 8972 8987
8971 8987 8986
8972 8973 8988
8972 8988 8987
8973 8974 8989
8973 8989 8988
8977 8976 8990
8977 8990 8991
8976 8978 8992
8976 8992 8990
8978 8979 8993
8978 8993 8992
8979 8980 8994
8979 8994 8993
8980 8981 8995
8980 8995 8994
8981 8982 8996
8981 8996 8995
8984 8983 8997
8984 8997 8998
8983 8985 8999
8983 8999 8997
8985 8986 9000
8985 9000 8999
8986 8987 9001
8986 9001 9000
8987 8988 9002
8987 9002 9001
8988 8989 9003
8988 9003 9002
8991 8990 9004
8991 9004 9005
8990 8992 9006
8990 9006 9004
8992 8993 9007
8992 9007 9006
8993 8994 9008
8993 9008 9007
8994 8995 9009
8994 9009 9008
8995 8996 9010
8995 9010 9009
8998 8997 9011
8998 9011 9012
8997 8999 9013
8997 9013 9011
8999 9000 9014
8999 9014 9013
9000 9001 9015
9000 9015 9014
9001 9002 9016
9001 9016 9015
9002 9003 9017
9002 9017 9016
9005 9004 9018
9005 9018 9019
9004 9006 9020
9004 9020 9018
9006 9007 9021
9006 9021 9020
9007 9008 9022
9007 9022 9021
9008 9009 9023
9008 9023 9022
9009 9010 9024
9009 9024 9023
9012 9011 9025
9012 9025 9026
9011 9013 9027
9011 9027 9025
9013 9014 9028
9013 9028 9027
9014 9015 9029
9014 9029 9028
9015 9016 9030
9015 9030 9029
9016 9017 9031
9016 9031 9030
9019 9018 9032
9019 9032 9033
9018 9020 9034
9018 9034 9032
9020 9021 9035
9020 9035 9034
9021 9022 9036
9021 9036 9035
9022 9023 9037
9022 9037 9036
9023 9024 9038
9023 9038 9037
9039 9026 9025
9039 9025 9027
9039 9027 9028
9039 9028 9029
9039 9029 9030
9039 9030 9031
9040 9033 9032
9040 9032 9034
9040 9034 9035
9040 9035 9036
9040 9036 9037
9040 9037 9038
9041 9042 9043
9041 9043 9044
9045 9046 9047
9045 9047 9048
9049 9050 9051
9049 9051 9052
9053 9054 9055
9053 9055 9056
9042 9057 9058
9042 9058 9043
9046 9059 9060
9046 9060 9047
9050 9061 9062
9050 9062 9051
9054 9063 9064
9054 9064 9055
9057 9065 9066
9057 9066 9058
9059 9067 9068
9059 9068 9060
9061 9069 9070
9061 9070 9062
9063 9071 9072
9063 9072 9064
9065 9073 9074
9065 9074 9066
9067 9075 9076
9067 9076 9068
9069 9077 9078
9069 9078 9070
9071 9079 9080
9071 9080 9072
9081 9082 9083
9081 9083 9084
9075 9085 9086
9075 9086 9076
9087 9088 9089
9087 9089 9090
9079 9091 9092
9079 9092 9080
9082 9093 9094
9082 9094 9083
9095 9096 9097
9095 9097 9098
9088 9099 9100
9088 9100 9089
9101 9102 9103
9101 9103 9104
9093 9105 9106
9093 9106 9094
9096 9107 9108
9096 9108 9097
9099 9109 9110
9099 9110 9100
9102 9111 9112
9102 9112 9103
9105 9113 9114
9105 9114 9106
9107 9115 9116
9107 9116 9108
9109 9117 9118
9109 9118 9110
9111 9119 9120
9111 9120 9112
9113 9121 9122
9113 9122 9114
9115 9123 9124
9115 9124 9116
9117 9125 9126
9117 9126 9118
9119 9127 9128
9119 9128 9120
9121 9129 9130
9121 9130 9122
9123 9131 9132
9123 9132 9124
9125 9133 9134
9125 9134 9126
9127 9135 9136
9127 9136 9128
9129 9137 9138
9129 9138 9130
9131 9139 9140
9131 9140 9132
9141 9142 9143
9141 9143 9144
9135 9145 9146
9135 9146 9136
9137 9041 9044
9137 9044 9138
9139 9045 9048
9139 9048 9140
9142 9049 9052
9142 9052 9143
9145 9053 9056
9145 9056 9146
9147 9148 9149
9147 9149 9150
9151 9152 9153
9151 9153 9154
9155 9156 9157
9155 9157 9158
9159 9160 9161
9159 9161 9162
9163 9164 9165
9163 9165 9166
9152 9167 9168
9152 9168 9153
9169 9170 9171
9169 9171 9172
9160 9173 9174
9160 9174 9161
9164 9175 9176
9164 9176 9165
9167 9177 9178
9167 9178 9168
9170 9179 9180
9170 9180 9171
9173 9181 9182
9173 9182 9174
9175 9183 9184
9175 9184 9176
9177 9185 9186
9177 9186 9178
9179 9187 9188
9179 9188 9180
9181 9189 9190
9181 9190 9182
9183 9191 9192
9183 9192 9184
9185 9193 9194
9185 9194 9186
9187 9195 9196
9187 9196 9188
9189 9197 9198
9189 9198 9190
9191 9199 9200
9191 9200 9192
9193 9201 9202
9193 9202 9194
9195 9203 9204
9195 9204 9196
9197 9205 9206
9197 9206 9198
9199 9207 9208
9199 9208 9200
9201 9209 9210
9201 9210 9202
9203 9211 9212
9203 9212 9204
9213 9214 9215
9213 9215 9216
9207 9217 9218
9207 9218 9208
9209 9219 9220
9209 9220 9210
9211 9221 9222
9211 9222 9212
9214 9223 9224
9214 9224 9215
9217 9225 9226
9217 9226 9218
9219 9227 9228
9219 9228 9220
9221 9229 9230
9221 9230 9222
9223 9231 9232
9223 9232 9224
9225 9233 9234
9225 9234 9226
9227 9235 9236
9227 9236 9228
9229 9237 9238
9229 9238 9230
9231 9239 9240
9231 9240 9232
9233 9241 9242
9233 9242 9234
9235 9243 9244
9235 9244 9236
9237 9245 9246
9237 9246 9238
9239 9247 9248
9239 9248 9240
9241 9147 9150
9241 9150 9242
9243 9249 9250
9243 9250 9244
9245 9155 9158
9245 9158 9246
9247 9251 9252
9247 9252 9248
9253 9254 9255
9253 9255 9256
9257 9256 9255
9257 9255 9258
9259 9260 9261
9259 9261 9262
9263 9262 9261
9263 9261 9264
9265 9266 9267
9265 9267 9268
9269 9268 9267
9269 9267 9270
9271 9272 9273
9271 9273 9274
9275 9274 9273
9275 9273 9276
9257 9258 9277
9257 9277 9278
9279 9278 9277
9279 9277 9280
9263 9264 9281
9263 9281 9282
9283 9282 9281
9283 9281 9284
9269 9270 9285
9269 9285 9286
9287 9286 9285
9287 9285 9288
9275 9276 9289
9275 9289 9290
9291 9290 9289
9291 9289 9292
9279 9280 9293
9279 9293 9294
9295 9294 9293
9295 9293 9296
9283 9284 9297
9283 9297 9298
9299 9298 9297
9299 9297 9300
9287 9288 9301
9287 9301 9302
9303 9302 9301
9303 9301 9304
9291 9292 9305
9291 9305 9306
9307 9306 9305
9307 9305 9308
9295 9296 9309
9295 9309 9310
9311 9310 9309
9311 9309 9312
9299 9300 9313
9299 9313 9314
9315 9314 9313
9315 9313 9316
9303 9304 9317
9303 9317 9318
9319 9318 9317
9319 9317 9320
9307 9308 9321
9307 9321 9322
9323 9322 9321
9323 9321 9324
9311 9312 9325
9311 9325 9326
9327 9326 9325
9327 9325 9328
9315 9316 9329
9315 9329 9330
9331 9330 9329
9331 9329 9332
9319 9320 9333
9319 9333 9334
9335 9334 9333
9335 9333 9336
9323 9324 9337
9323 9337 9338
9339 9338 9337
9339 9337 9340
9327 9328 9341
9327 9341 9342
9343 9342 9341
9343 9341 9344
9331 9332 9345
9331 9345 9346
9347 9346 9345
9347 9345 9348
9335 9336 9349
9335 9349 9350
9351 9350 9349
9351 9349 9352
9339 9340 9353
9339 9353 9354
9355 9354 9353
9355 9353 9356
9357 9358 9359
9360 9361 9362
9363 9364 9365
9363 9365 9366
9358 9367 9359
9362 9361 9368
9364 9369 9370
9364 9370 9365
9367 9371 9359
9368 9361 9372
9369 9373 9374
9369 9374 9370
9371 9375 9359
9372 9361 9376
9373 9377 9378
9373 9378 9374
9375 9379 9359
9376 9361 9380
9377 9381 9382
9377 9382 9378
9379 9383 9359
9380 9361 9384
9381 9385 9386
9381 9386 9382
9383 9387 9359
9384 9361 9388
9389 9390 9391
9389 9391 9392
9387 9393 9359
9388 9361 9394
9390 9395 9396
9390 9396 9391
9393 9397 9359
9394 9361 9398
9395 9399 9400
9395 9400 9396
9397 9401 9359
9398 9361 9402
9399 9403 9404
9399 9404 9400
9401 9405 9359
9361 9406 9402
9403 9407 9408
9403 9408 9404
9405 9357 9359
9406 9361 9360
9407 9409 9410
9407 9410 9408
9411 9412 9413
9411 9413 9414
9415 9416 9417
9415 9417 9418
9419 9420 9421
9419 9421 9422
9423 9424 9425
9423 9425 9426
9414 9413 9427
9414 9427 9428
9418 9417 9429
9418 9429 9430
9422 9421 9431
9422 9431 9432
9426 9425 9433
9426 9433 9434
9428 9427 9435
9428 9435 9436
9430 9429 9437
9430 9437 9438
9432 9431 9439
9432 9439 9440
9434 9433 9441
9434 9441 9442
9436 9435 9443
9436 9443 9444
9438 9437 9445
9438 9445 9446
9440 9439 9447
9440 9447 9448
9442 9441 9449
9442 9449 9450
9451 9452 9453
9451 9453 9454
9446 9445 9455
9446 9455 9456
9457 9458 9459
9457 9459 9460
9450 9449 9461
9450 9461 9462
9454 9453 9463
9454 9463 9464
9465 9466 9467
9465 9467 9468
9460 9459 9469
9460 9469 9470
9471 9472 9473
9471 9473 9474
9464 9463 9475
9464 9475 9476
9468 9467 9477
9468 9477 9478
9470 9469 9479
9470 9479 9480
9474 9473 9481
9474 9481 9482
9476 9475 9483
9476 9483 9484
9478 9477 9485
9478 9485 9486
9480 9479 9487
9480 9487 9488
9482 9481 9489
9482 9489 9490
9484 9483 9491
9484 9491 9492
9486 9485 9493
9486 9493 9494
9488 9487 9495
9488 9495 9496
9490 9489 9497
9490 9497 9498
9492 9491 9499
9492 9499 9500
9494 9493 9501
9494 9501 9502
9496 9495 9503
9496 9503 9504
9498 9497 9505
9498 9505 9506
9500 9499 9507
9500 9507 9508
9502 9501 9509
9502 9509 9510
9511 9512 9513
9511 9513 9514
9506 9505 9515
9506 9515 9516
9508 9507 9412
9508 9412 9411
9510 9509 9416
9510 9416 9415
9514 9513 9420
9514 9420 9419
9516 9515 9424
9516 9424 9423
9517 9518 9519
9517 9519 9520
9521 9522 9519
9521 9519 9518
9523 9524 9525
9523 9525 9526
9527 9528 9525
9527 9525 9524
9529 9530 9531
9529 9531 9532
9533 9534 9531
9533 9531 9530
9535 9536 9537
9535 9537 9538
9539 9540 9537
9539 9537 9536
9521 9541 9542
9521 9542 9522
9543 9544 9542
9543 9542 9541
9527 9545 9546
9527 9546 9528
9547 9548 9546
9547 9546 9545
9533 9549 9550
9533 9550 9534
9551 9552 9550
9551 9550 9549
9539 9553 9554
9539 9554 9540
9555 9556 9554
9555 9554 9553
9543 9557 9558
9543 9558 9544
9559 9560 9558
9559 9558 9557
9547 9561 9562
9547 9562 9548
9563 9564 9562
9563 9562 9561
9551 9565 9566
9551 9566 9552
9567 9568 9566
9567 9566 9565
9555 9569 9570
9555 9570 9556
9571 9572 9570
9571 9570 9569
9559 9573 9574
9559 9574 9560
9575 9576 9574
9575 9574 9573
9563 9577 9578
9563 9578 9564
9579 9580 9578
9579 9578 9577
9567 9581 9582
9567 9582 9568
9583 9584 9582
9583 9582 9581
9571 9585 9586
9571 9586 9572
9587 9588 9586
9587 9586 9585
9575 9589 9590
9575 9590 9576
9591 9592 9590
9591 9590 9589
9579 9593 9594
9579 9594 9580
9595 9596 9594
9595 9594 9593
9583 9597 9598
9583 9598 9584
9599 9600 9598
9599 9598 9597
9587 9601 9602
9587 9602 9588
9603 9604 9602
9603 9602 9601
9591 9605 9606
9591 9606 9592
9607 9608 9606
9607 9606 9605
9595 9609 9610
9595 9610 9596
9611 9612 9610
9611 9610 9609
9599 9613 9614
9599 9614 9600
9615 9616 9614
9615 9614 9613
9603 9617 9618
9603 9618 9604
9619 9620 9618
9619 9618 9617
9621 9622 9623
9624 9625 9626
9627 9628 9629
9627 9629 9630
9623 9622 9631
9625 9632 9626
9630 9629 9633
9630 9633 9634
9631 9622 9635
9632 9636 9626
9634 9633 9637
9634 9637 9638
9635 9622 9639
9636 9640 9626
9638 9637 9641
9638 9641 9642
9639 9622 9643
9640 9644 9626
9642 9641 9645
9642 9645 9646
9643 9622 9647
9644 9648 9626
9646 9645 9649
9646 9649 9650
9647 9622 9651
9648 9652 9626
9653 9654 9655
9653 9655 9656
9651 9622 9657
9652 9658 9626
9656 9655 9659
9656 9659 9660
9657 9622 9661
9658 9662 9626
9660 9659 9663
9660 9663 9664
9661 9622 9665
9662 9666 9626
9664 9663 9667
9664 9667 9668
9665 9622 9669
9626 9666 9670
9668 9667 9671
9668 9671 9672
9669 9622 9621
9670 9624 9626
9672 9671 9673
9672 9673 9674
9675 9676 9677
9678 9679 9680
9681 9682 9683
9684 9685 9686
9684 9686 9687
9688 9689 9690
9688 9690 9691
9692 9693 9694
9692 9694 9695
9696 9697 9698
9696 9698 9699
9699 9698 9700
9699 9700 9701
9702 9703 9704
9702 9704 9705
9706 9707 9708
9706 9708 9709
9710 9711 9712
9710 9712 9713
9714 9715 9716
9717 9718 9719
9720 9721 9722
9723 9724 9703
9723 9703 9702
9720 9725 9726
9693 9727 9728
9693 9728 9694
9729 9730 9731
9729 9731 9732
9733 9734 9735
9733 9735 9736
9733 9737 9738
9733 9738 9734
9739 9740 9741
9739 9741 9742
9730 9743 9744
9730 9744 9731
9745 9746 9747
9745 9747 9748
9749 9750 9688
9749 9688 9691
9686 9751 9687
9752 9753 9754
9752 9754 9755
9756 9757 9758
9745 9748 9759
9745 9759 9760
9690 9761 9691
9762 9759 9748
9749 9683 9747
9763 9764 9765
9763 9765 9766
9767 9768 9769
9770 9771 9772
9773 9756 9774
9775 9752 9762
9682 9775 9762
9776 9683 9761
9751 9776 9761
9777 9778 9710
9777 9710 9713
9779 9780 9781
9782 9779 9783
9784 9782 9783
9785 9783 9786
9787 9785 9786
9763 9786 9788
9789 9738 9725
9790 9791 9792
9790 9792 9793
9712 9709 9794
9712 9794 9795
9718 9796 9740
9718 9740 9739
9732 9731 9797
9732 9797 9798
9734 9722 9799
9734 9799 9735
9738 9789 9722
9738 9722 9734
9731 9744 9800
9731 9800 9797
9695 9694 9730
9695 9730 9729
9699 9733 9736
9699 9736 9696
9701 9737 9733
9701 9733 9699
9694 9728 9743
9694 9743 9730
9742 9741 9801
9742 9801 9802
9796 9717 9803
9804 9798 9797
9708 9741 9740
9708 9740 9805
9805 9740 9796
9805 9796 9803
9806 9807 9682
9806 9682 9681
9676 9686 9677
9705 9704 9714
9705 9714 9716
9707 9801 9741
9707 9741 9708
9676 9808 9751
9676 9751 9686
9757 9754 9753
9757 9753 9758
9758 9753 9775
9758 9775 9809
9807 9809 9775
9807 9775 9682
9806 9681 9776
9806 9776 9810
9808 9810 9776
9808 9776 9751
9804 9781 9717
9783 9781 9804
9783 9804 9721
9786 9783 9721
9786 9721 9720
9786 9720 9793
9790 9793 9726
9790 9726 9811
9805 9794 9709
9805 9709 9708
9803 9812 9794
9803 9794 9805
9720 9722 9789
9804 9717 9719
9813 9811 9726
9813 9726 9725
9813 9723 9702
9813 9702 9811
9811 9702 9705
9811 9705 9790
9791 9790 9705
9791 9705 9716
9763 9788 9764
9713 9814 9777
9777 9780 9815
9816 9779 9817
9818 9782 9819
9820 9782 9821
9822 9784 9823
9824 9785 9825
9814 9795 9826
9781 9812 9803
9814 9826 9777
9799 9800 9744
9799 9744 9735
9736 9743 9728
9736 9728 9696
9749 9747 9746
9749 9746 9750
9735 9744 9743
9735 9743 9736
9696 9728 9727
9696 9727 9697
9721 9800 9799
9721 9797 9800
9683 9762 9747
9749 9761 9683
9827 9787 9828
9786 9793 9792
9826 9812 9780
9762 9748 9747
9774 9758 9809
9786 9792 9788
9787 9786 9763
9827 9829 9787
9720 9726 9793
9824 9830 9785
9785 9787 9831
9822 9832 9784
9820 9833 9782
9818 9834 9779
9818 9779 9782
9816 9780 9779
9816 9835 9780
9777 9826 9780
9809 9807 9836
9809 9836 9768
9836 9807 9837
9791 9838 9788
9791 9788 9792
9721 9799 9722
9721 9804 9797
9686 9685 9677
9711 9706 9709
9711 9709 9712
9795 9814 9713
9795 9713 9712
9795 9794 9812
9795 9812 9826
9781 9780 9812
9676 9675 9680
9679 9676 9680
9678 9839 9679
9687 9761 9690
9719 9798 9804
9689 9684 9687
9689 9687 9690
9798 9719 9732
9729 9739 9742
9729 9742 9695
9732 9718 9739
9732 9739 9729
9695 9742 9802
9695 9802 9692
9717 9796 9718
9781 9803 9717
9719 9718 9732
9751 9761 9687
9682 9762 9683
9776 9681 9683
9771 9808 9840
9841 9778 9777
9841 9777 9815
9842 9843 9844
9842 9844 9835
9845 9846 9816
9845 9816 9817
9847 9848 9849
9847 9849 9834
9850 9818 9819
9850 9819 9851
9852 9853 9833
9852 9833 9854
9855 9856 9820
9855 9820 9821
9857 9858 9832
9857 9832 9859
9860 9861 9822
9860 9822 9823
9862 9863 9830
9862 9830 9864
9865 9866 9824
9865 9824 9825
9867 9831 9829
9867 9829 9868
9869 9870 9827
9869 9827 9828
9767 9774 9809
9771 9871 9872
9771 9872 9873
9873 9874 9875
9876 9877 9878
9876 9879 9880
9876 9880 9837
9836 9837 9881
9836 9881 9882
9836 9883 9884
9836 9884 9768
9767 9809 9768
9716 9715 9838
9716 9838 9791
9756 9758 9774
9788 9838 9764
9773 9774 9885
9764 9838 9715
9764 9715 9765
9774 9767 9885
9737 9813 9738
9759 9762 9752
9755 9760 9759
9755 9759 9752
9700 9724 9723
9700 9723 9701
9701 9723 9813
9701 9813 9737
9775 9753 9752
9720 9789 9725
9725 9738 9813
9749 9691 9761
9815 9844 9843
9815 9843 9841
9780 9844 9815
9840 9839 9772
9842 9835 9816
9842 9816 9846
9817 9849 9848
9817 9848 9845
9771 9770 9871
9886 9874 9873
9872 9886 9873
9810 9808 9873
9808 9771 9873
9772 9771 9840
9808 9679 9840
9840 9679 9839
9808 9676 9679
9835 9844 9780
9779 9849 9817
9834 9818 9850
9834 9850 9847
9851 9819 9853
9851 9853 9852
9887 9888 9875
9875 9889 9876
9874 9890 9875
9888 9889 9875
9890 9887 9875
9806 9810 9875
9806 9875 9876
9810 9873 9875
9782 9853 9819
9834 9849 9779
9854 9833 9820
9854 9820 9856
9891 9892 9858
9891 9858 9857
9876 9889 9877
9876 9893 9879
9833 9853 9782
9784 9858 9892
9894 9895 9892
9894 9892 9891
9784 9892 9895
9876 9896 9893
9832 9822 9861
9832 9861 9859
9897 9898 9863
9897 9863 9862
9837 9880 9899
9837 9899 9900
9837 9901 9902
9821 9895 9894
9821 9894 9855
9876 9878 9896
9864 9830 9824
9864 9824 9866
9825 9831 9867
9825 9867 9865
9882 9903 9836
9836 9903 9883
9806 9876 9837
9807 9806 9837
9785 9831 9825
9830 9863 9785
9860 9823 9898
9860 9898 9897
9837 9900 9901
9784 9785 9863
9784 9898 9823
9832 9858 9784
9784 9863 9898
9784 9895 9821
9782 9784 9821
9837 9902 9881
9868 9829 9827
9868 9827 9870
9829 9831 9787
9869 9828 9763
9869 9763 9766
9787 9763 9828
9768 9904 9769
9884 9905 9768
9905 9904 9768
9779 9781 9783
9785 9784 9783
9906 9907 9908
9906 9908 9909
9907 9910 9911
9907 9911 9908
9910 9912 9913
9910 9913 9911
9914 9915 9916
9914 9916 9917
9915 9918 9919
9915 9919 9916
9918 9906 9909
9918 9909 9919
9920 9921 9922
9923 9920 9922
9924 9923 9922
9925 9926 9922
9921 9925 9922
9927 9928 9929
9928 9930 9929
9930 9931 9929
9932 9933 9929
9933 9927 9929
9934 9935 9936
9934 9936 9937
9937 9936 9938
9937 9938 9939
9939 9938 9913
9939 9913 9912
9940 9941 9942
9940 9942 9943
9943 9942 9944
9943 9944 9945
9945 9944 9935
9945 9935 9934
9946 9922 9947
9948 9922 9946
9924 9922 9948
9949 9922 9950
9947 9922 9949
9951 9929 9952
9952 9929 9953
9953 9929 9931
9954 9929 9955
9955 9929 9951
9956 9957 9958
9956 9958 9959
9957 9960 9961
9957 9961 9958
9960 9962 9963
9960 9963 9961
9964 9965 9966
9964 9966 9967
9965 9968 9969
9965 9969 9966
9968 9956 9959
9968 9959 9969
9970 9971 9972
9973 9970 9972
9974 9973 9972
9975 9976 9972
9971 9975 9972
9977 9978 9979
9978 9980 9979
9980 9981 9979
9982 9983 9979
9983 9977 9979
9984 9985 9986
9984 9986 9987
9987 9986 9988
9987 9988 9989
9989 9988 9963
9989 9963 9962
9990 9991 9992
9990 9992 9993
9993 9992 9994
9993 9994 9995
9995 9994 9985
9995 9985 9984
9996 9972 9997
9998 9972 9996
9974 9972 9998
9999 9972 10000
9997 9972 9999
10001 9979 10002
10002 9979 10003
10003 9979 9981
10004 9979 10005
10005 9979 10001
10006 10007 10008
10006 10008 10009
10007 10010 10011
10007 10011 10008
10010 10012 10013
10010 10013 10011
10014 10015 10016
10014 10016 10017
10015 10018 10019
10015 10019 10016
10018 10006 10009
10018 10009 10019
10020 10021 10022
10023 10020 10022
10024 10023 10022
10025 10026 10022
10021 10025 10022
10027 10028 10029
10028 10030 10029
10030 10031 10029
10032 10033 10029
10033 10027 10029
10034 10035 10036
10034 10036 10037
10037 10036 10038
10037 10038 10039
10039 10038 10013
10039 10013 10012
10040 10041 10042
10040 10042 10043
10043 10042 10044
10043 10044 10045
10045 10044 10035
10045 10035 10034
10046 10022 10047
10048 10022 10046
10024 10022 10048
10049 10022 10050
10047 10022 10049
10051 10029 10052
10052 10029 10053
10053 10029 10031
10054 10029 10055
10055 10029 10051
10056 10057 10058
10056 10059 10057
10056 10060 10059
10061 10062 10063
10061 10064 10062
10061 10065 10064
10061 10066 10065
10061 10067 10066
10061 10068 10067
10056 10069 10070
10056 10071 10069
10056 10058 10071
10058 10057 10072
10058 10072 10073
10057 10059 10074
10057 10074 10072
10059 10060 10075
10059 10075 10074
10063 10062 10076
10063 10076 10077
10062 10064 10078
10062 10078 10076
10064 10065 10079
10064 10079 10078
10065 10066 10080
10065 10080 10079
10066 10067 10081
10066 10081 10080
10067 10068 10082
10067 10082 10081
10070 10069 10083
10070 10083 10084
10069 10071 10085
10069 10085 10083
10071 10058 10073
10071 10073 10085
10073 10072 10086
10073 10086 10087
10072 10074 10088
10072 10088 10086
10074 10075 10089
10074 10089 10088
10077 10076 10090
10077 10090 10091
10076 10078 10092
10076 10092 10090
10078 10079 10093
10078 10093 10092
10079 10080 10094
10079 10094 10093
10080 10081 10095
10080 10095 10094
10081 10082 10096
10081 10096 10095
10084 10083 10097
10084 10097 10098
10083 10085 10099
10083 10099 10097
10085 10073 10087
10085 10087 10099
10087 10086 10100
10087 10100 10101
10086 10088 10102
10086 10102 10100
10088 10089 10103
10088 10103 10102
10091 10090 10104
10091 10104 10105
10090 10092 10106
10090 10106 10104
10092 10093 10107
10092 10107 10106
10093 10094 10108
10093 10108 10107
10094 10095 10109
10094 10109 10108
10095 10096 10110
10095 10110 10109
10098 10097 10111
10098 10111 10112
10097 10099 10113
10097 10113 10111
10099 10087 10101
10099 10101 10113
10101 10100 10114
10101 10114 10115
10100 10102 10116
10100 10116 10114
10102 10103 10117
10102 10117 10116
10105 10104 10118
10105 10118 10119
10104 10106 10120
10104 10120 10118
10106 10107 10121
10106 10121 10120
10107 10108 10122
10107 10122 10121
10108 10109 10123
10108 10123 10122
10109 10110 10124
10109 10124 10123
10112 10111 10125
10112 10125 10126
10111 10113 10127
10111 10127 10125
10113 10101 10115
10113 10115 10127
10128 10115 10114
10128 10114 10116
10128 10116 10117
10129 10119 10118
10129 10118 10120
10129 10120 10121
10129 10121 10122
10129 10122 10123
10129 10123 10124
10128 10126 10125
10128 10125 10127
10128 10127 10115
10130 10131 10132
10130 10132 10133
10130 10133 10134
10130 10134 10135
10130 10135 10136
10130 10136 10137
10138 10139 10140
10138 10140 10141
10141 10140 10142
10141 10142 10143
10143 10142 10144
10143 10144 10145
10145 10144 10146
10145 10146 10147
10147 10146 10148
10147 10148 10149
10149 10148 10150
10149 10150 10151
10139 10152 10153
10139 10153 10140
10140 10153 10154
10140 10154 10142
10142 10154 10155
10142 10155 10144
10144 10155 10156
10144 10156 10146
10146 10156 10157
10146 10157 10148
10148 10157 10158
10148 10158 10150
10152 10159 10160
10152 10160 10153
10153 10160 10161
10153 10161 10154
10154 10161 10162
10154 10162 10155
10155 10162 10163
10155 10163 10156
10156 10163 10164
10156 10164 10157
10157 10164 10165
10157 10165 10158
10159 10166 10167
10159 10167 10160
10160 10167 10168
10160 10168 10161
10161 10168 10169
10161 10169 10162
10162 10169 10170
10162 10170 10163
10163 10170 10171
10163 10171 10164
10164 10171 10172
10164 10172 10165
10173 10167 10166
10173 10168 10167
10173 10169 10168
10173 10170 10169
10173 10171 10170
10173 10172 10171
10174 10138 10141
10174 10141 10175
10175 10141 10143
10175 10143 10176
10176 10143 10145
10176 10145 10177
10177 10145 10147
10177 10147 10178
10178 10147 10149
10178 10149 10179
10149 10151 10180
10149 10180 10179
10131 10174 10175
10131 10175 10132
10132 10175 10176
10132 10176 10133
10133 10176 10177
10133 10177 10134
10134 10177 10178
10134 10178 10135
10135 10178 10179
10135 10179 10136
10179 10180 10137
10179 10137 10136
10181 10182 10183
10181 10184 10182
10181 10185 10184
10181 10186 10185
10181 10187 10186
10181 10188 10187
10189 10190 10191
10189 10191 10192
10190 10193 10194
10190 10194 10191
10193 10195 10196
10193 10196 10194
10195 10197 10198
10195 10198 10196
10197 10199 10200
10197 10200 10198
10199 10201 10202
10199 10202 10200
10192 10191 10203
10192 10203 10204
10191 10194 10205
10191 10205 10203
10194 10196 10206
10194 10206 10205
10196 10198 10207
10196 10207 10206
10198 10200 10208
10198 10208 10207
10200 10202 10209
10200 10209 10208
10204 10203 10210
10204 10210 10211
10203 10205 10212
10203 10212 10210
10205 10206 10213
10205 10213 10212
10206 10207 10214
10206 10214 10213
10207 10208 10215
10207 10215 10214
10208 10209 10216
10208 10216 10215
10211 10210 10217
10211 10217 10218
10210 10212 10219
10210 10219 10217
10212 10213 10220
10212 10220 10219
10213 10214 10221
10213 10221 10220
10214 10215 10222
10214 10222 10221
10215 10216 10223
10215 10223 10222
10224 10218 10217
10224 10217 10219
10224 10219 10220
10224 10220 10221
10224 10221 10222
10224 10222 10223
10225 10226 10190
10225 10190 10189
10226 10227 10193
10226 10193 10190
10227 10228 10195
10227 10195 10193
10228 10229 10197
10228 10197 10195
10229 10230 10199
10229 10199 10197
10199 10230 10231
10199 10231 10201
10183 10182 10226
10183 10226 10225
10182 10184 10227
10182 10227 10226
10184 10185 10228
10184 10228 10227
10185 10186 10229
10185 10229 10228
10186 10187 10230
10186 10230 10229
10230 10187 10188
10230 10188 10231
10232 10233 10234
10232 10235 10233
10232 10236 10235
10237 10238 10239
10237 10240 10238
10237 10241 10240
10237 10242 10241
10237 10243 10242
10237 10244 10243
10232 10245 10246
10232 10247 10245
10232 10234 10247
10234 10233 10248
10234 10248 10249
10233 10235 10250
10233 10250 10248
10235 10236 10251
10235 10251 10250
10239 10238 10252
10239 10252 10253
10238 10240 10254
10238 10254 10252
10240 10241 10255
10240 10255 10254
10241 10242 10256
10241 10256 10255
10242 10243 10257
10242 10257 10256
10243 10244 10258
10243 10258 10257
10246 10245 10259
10246 10259 10260
10245 10247 10261
10245 10261 10259
10247 10234 10249
10247 10249 10261
10249 10248 10262
10249 10262 10263
10248 10250 10264
10248 10264 10262
10250 10251 10265
10250 10265 10264
10253 10252 10266
10253 10266 10267
10252 10254 10268
10252 10268 10266
10254 10255 10269
10254 10269 10268
10255 10256 10270
10255 10270 10269
10256 10257 10271
10256 10271 10270
10257 10258 10272
10257 10272 10271
10260 10259 10273
10260 10273 10274
10259 10261 10275
10259 10275 10273
10261 10249 10263
10261 10263 10275
10263 10262 10276
10263 10276 10277
10262 10264 10278
10262 10278 10276
10264 10265 10279
10264 10279 10278
10267 10266 10280
10267 10280 10281
10266 10268 10282
10266 10282 10280
10268 10269 10283
10268 10283 10282
10269 10270 10284
10269 10284 10283
10270 10271 10285
10270 10285 10284
10271 10272 10286
10271 10286 10285
10274 10273 10287
10274 10287 10288
10273 10275 10289
10273 10289 10287
10275 10263 10277
10275 10277 10289
10277 10276 10290
10277 10290 10291
10276 10278 10292
10276 10292 10290
10278 10279 10293
10278 10293 10292
10281 10280 10294
10281 10294 10295
10280 10282 10296
10280 10296 10294
10282 10283 10297
10282 10297 10296
10283 10284 10298
10283 10298 10297
10284 10285 10299
10284 10299 10298
10285 10286 10300
10285 10300 10299
10288 10287 10301
10288 10301 10302
10287 10289 10303
10287 10303 10301
10289 10277 10291
10289 10291 10303
10304 10291 10290
10304 10290 10292
10304 10292 10293
10305 10295 10294
10305 10294 10296
10305 10296 10297
10305 10297 10298
10305 10298 10299
10305 10299 10300
10304 10302 10301
10304 10301 10303
10304 10303 10291
10306 10307 10308
10306 10308 10309
10307 10310 10311
10307 10311 10308
10310 10312 10313
10310 10313 10311
10314 10315 10316
10314 10316 10317
10315 10318 10319
10315 10319 10316
10318 10306 10309
10318 10309 10319
10320 10321 10322
10323 10320 10322
10324 10323 10322
10325 10326 10322
10321 10325 10322
10327 10328 10329
10328 10330 10329
10330 10331 10329
10332 10333 10329
10333 10327 10329
10334 10335 10336
10334 10336 10337
10337 10336 10338
10337 10338 10339
10339 10338 10313
10339 10313 10312
10340 10341 10342
10340 10342 10343
10343 10342 10344
10343 10344 10345
10345 10344 10335
10345 10335 10334
10346 10322 10347
10348 10322 10346
10324 10322 10348
10349 10322 10350
10347 10322 10349
10351 10329 10352
10352 10329 10353
10353 10329 10331
10354 10329 10355
10355 10329 10351
10356 10357 10358
10356 10358 10359
10357 10360 10361
10357 10361 10358
10360 10362 10363
10360 10363 10361
10364 10365 10366
10364 10366 10367
10365 10368 10369
10365 10369 10366
10368 10356 10359
10368 10359 10369
10370 10371 10372
10373 10370 10372
10374 10373 10372
10375 10376 10372
10371 10375 10372
10377 10378 10379
10378 10380 10379
10380 10381 10379
10382 10383 10379
10383 10377 10379
10384 10385 10386
10384 10386 10387
10387 10386 10388
10387 10388 10389
10389 10388 10363
10389 10363 10362
10390 10391 10392
10390 10392 10393
10393 10392 10394
10393 10394 10395
10395 10394 10385
10395 10385 10384
10396 10372 10397
10398 10372 10396
10374 10372 10398
10399 10372 10400
10397 10372 10399
10401 10379 10402
10402 10379 10403
10403 10379 10381
10404 10379 10405
10405 10379 10401
10406 10407 10408
10406 10408 10409
10407 10410 10411
10407 10411 10408
10410 10412 10413
10410 10413 10411
10412 10414 10415
10412 10415 10413
10416 10417 10418
10416 10418 10419
10417 10420 10421
10417 10421 10418
10420 10422 10423
10420 10423 10421
10422 10424 10425
10422 10425 10423
10424 10426 10427
10424 10427 10425
10426 10428 10429
10426 10429 10427
10428 10430 10431
10428 10431 10429
10430 10406 10409
10430 10409 10431
10432 10433 10434
10434 10433 10435
10435 10433 10436
10436 10433 10437
10437 10433 10438
10438 10433 10439
10439 10433 10440
10440 10433 10441
10441 10433 10442
10442 10433 10443
10433 10444 10443
10444 10433 10432
10445 10446 10447
10446 10448 10447
10448 10449 10447
10449 10450 10447
10450 10451 10447
10451 10452 10447
10452 10453 10447
10453 10454 10447
10454 10455 10447
10455 10456 10447
10447 10456 10457
10457 10445 10447
10458 10459 10460
10458 10460 10461
10462 10463 10464
10465 10461 10460
10465 10460 10466
10467 10468 10469
10459 10458 10470
10459 10470 10471
10472 10473 10474
10472 10474 10475
10472 10475 10476
10473 10477 10471
10473 10471 10474
10478 10468 10479
10480 10467 10464
10463 10465 10466
10463 10466 10481
10482 10483 10466
10482 10466 10460
10484 10479 10480
10485 10486 10487
10488 10489 10467
10490 10491 10468
10492 10493 10494
10492 10494 10495
10496 10497 10498
10496 10498 10499
10500 10501 10493
10500 10493 10492
10502 10503 10504
10502 10504 10505
10495 10494 10506
10495 10506 10507
10508 10509 10510
10508 10510 10511
10512 10513 10514
10512 10514 10515
10511 10510 10516
10511 10516 10517
10507 10506 10509
10507 10509 10508
10518 10519 10520
10518 10520 10521
10522 10523 10524
10522 10524 10525
10526 10527 10528
10526 10528 10529
10530 10531 10497
10530 10497 10496
10499 10498 10501
10499 10501 10500
10521 10520 10523
10521 10523 10522
10525 10524 10527
10525 10527 10526
10532 10533 10531
10532 10531 10530
10534 10535 10536
10534 10536 10537
10538 10539 10540
10538 10540 10541
10542 10543 10539
10542 10539 10538
10544 10545 10543
10544 10543 10542
10546 10547 10545
10546 10545 10544
10548 10549 10535
10548 10535 10534
10550 10551 10503
10550 10503 10502
10552 10553 10551
10552 10551 10550
10554 10555 10553
10554 10553 10552
10556 10557 10558
10556 10558 10559
10560 10561 10557
10560 10557 10556
10529 10528 10562
10529 10562 10563
10464 10481 10480
10460 10459 10564
10460 10564 10482
10481 10466 10483
10481 10483 10484
10564 10459 10471
10564 10471 10477
10565 10475 10474
10565 10474 10566
10566 10474 10471
10566 10471 10470
10464 10567 10462
10480 10468 10467
10490 10468 10478
10568 10478 10569
10490 10478 10568
10485 10567 10489
10464 10467 10567
10488 10467 10570
10479 10468 10480
10462 10567 10487
10487 10486 10571
10485 10487 10567
10467 10489 10567
10570 10467 10469
10572 10468 10491
10573 10468 10572
10469 10468 10573
10574 10475 10565
10476 10475 10574
10484 10480 10481
10464 10463 10481
10575 10576 10577
10575 10577 10578
10579 10580 10581
10582 10583 10577
10582 10577 10576
10584 10585 10586
10578 10587 10588
10578 10588 10575
10589 10590 10591
10589 10591 10592
10589 10593 10590
10592 10591 10587
10592 10587 10594
10595 10596 10586
10597 10580 10584
10581 10598 10583
10581 10583 10582
10599 10577 10583
10599 10583 10600
10601 10597 10596
10602 10603 10604
10605 10584 10606
10607 10586 10608
10609 10610 10611
10609 10611 10612
10613 10614 10615
10613 10615 10616
10617 10609 10612
10617 10612 10618
10619 10620 10621
10619 10621 10622
10610 10623 10624
10610 10624 10611
10625 10626 10627
10625 10627 10628
10629 10630 10631
10629 10631 10632
10626 10633 10634
10626 10634 10627
10623 10625 10628
10623 10628 10624
10635 10636 10637
10635 10637 10638
10639 10640 10641
10639 10641 10642
10643 10644 10645
10643 10645 10646
10647 10613 10616
10647 10616 10648
10614 10617 10618
10614 10618 10615
10636 10639 10642
10636 10642 10637
10640 10643 10646
10640 10646 10641
10649 10647 10648
10649 10648 10650
10651 10652 10653
10651 10653 10654
10655 10656 10657
10655 10657 10658
10659 10655 10658
10659 10658 10660
10661 10659 10660
10661 10660 10662
10663 10661 10662
10663 10662 10664
10665 10651 10654
10665 10654 10666
10667 10619 10622
10667 10622 10668
10669 10667 10668
10669 10668 10670
10671 10669 10670
10671 10670 10672
10673 10674 10675
10673 10675 10676
10677 10673 10676
10677 10676 10678
10644 10679 10680
10644 10680 10645
10580 10597 10598
10577 10599 10681
10577 10681 10578
10598 10601 10600
10598 10600 10583
10681 10594 10587
10681 10587 10578
10682 10683 10591
10682 10591 10590
10683 10588 10587
10683 10587 10591
10580 10579 10684
10597 10584 10586
10607 10595 10586
10685 10686 10595
10607 10685 10595
10602 10606 10684
10580 10684 10584
10605 10687 10584
10596 10597 10586
10579 10603 10684
10603 10688 10604
10602 10684 10603
10584 10684 10606
10687 10585 10584
10689 10608 10586
10690 10689 10586
10585 10690 10586
10691 10682 10590
10593 10691 10590
10601 10598 10597
10580 10598 10581
