byte offset: 0
first index: 0
index count: 64092
topology: trianglelist
format: DXGI_FORMAT_R16_UINT

0 1 2
0 2 3
4 5 6
4 6 7
2 8 9
2 9 3
4 1 0
4 0 5
10 11 12
10 12 13
14 15 16
14 16 17
18 19 20
18 20 21
22 23 15
22 15 14
24 25 19
24 19 18
26 27 28
26 28 29
30 31 32
30 32 33
21 20 34
21 34 35
29 28 23
29 23 22
35 34 36
35 36 37
38 39 40
38 40 41
40 42 43
44 45 46
45 47 48
45 48 46
44 46 49
44 49 50
38 49 39
49 48 51
49 51 42
49 42 39
44 50 52
44 52 53
52 38 41
42 51 54
42 54 43
54 48 47
46 48 49
50 49 38
39 42 40
53 45 44
50 38 52
51 48 54
55 56 57
55 57 58
57 59 60
61 62 63
63 62 64
63 64 65
61 66 67
61 67 62
55 58 67
67 68 64
67 58 60
67 60 68
61 69 70
61 70 66
70 56 55
60 59 71
60 71 68
71 65 64
62 67 64
66 55 67
58 57 60
69 61 63
66 70 55
68 71 64
72 73 74
72 74 75
74 76 77
78 79 80
80 79 81
80 81 82
78 83 84
78 84 79
72 75 84
84 85 81
84 75 77
84 77 85
78 86 87
78 87 83
87 73 72
77 76 88
77 88 85
88 82 81
79 84 81
83 72 84
75 74 77
86 78 80
83 87 72
85 88 81
89 90 91
89 91 92
91 93 94
95 96 97
96 98 99
96 99 97
95 97 100
95 100 101
89 100 90
100 99 102
100 102 93
100 93 90
95 101 103
95 103 104
103 89 92
93 102 105
93 105 94
105 99 98
97 99 100
101 100 89
90 93 91
104 96 95
101 89 103
102 99 105
106 107 108
106 108 109
107 110 111
107 111 108
112 106 109
112 109 113
114 115 116
114 116 117
118 119 120
118 120 121
115 118 121
115 121 116
122 123 124
122 124 125
125 124 126
125 126 127
128 129 123
128 123 122
130 131 132
130 132 133
134 135 136
134 136 137
133 132 135
133 135 134
138 139 140
138 140 141
141 140 142
141 142 143
144 145 139
144 139 138
146 147 148
146 148 149
150 151 152
150 152 153
149 148 151
149 151 150
154 155 156
154 156 157
155 158 159
155 159 156
160 154 157
160 157 161
162 163 164
162 164 165
166 167 168
166 168 169
163 166 169
163 169 164
170 171 172
170 172 173
173 172 174
175 176 177
178 179 180
178 180 181
181 180 182
181 182 183
184 185 186
184 186 187
185 188 189
185 189 186
175 190 176
191 190 175
192 193 194
192 194 195
193 196 194
197 198 199
200 201 202
200 202 203
201 204 205
201 205 202
206 207 208
206 208 209
209 208 210
209 210 211
197 199 212
213 197 212
214 215 216
214 216 217
218 219 220
218 220 221
215 218 221
215 221 216
222 223 224
225 226 227
225 227 228
228 227 229
230 214 217
230 217 231
224 223 232
224 232 233
234 235 236
234 236 237
238 239 240
238 240 241
237 236 239
237 239 238
242 243 244
245 246 247
245 247 248
246 249 247
250 251 235
250 235 234
243 252 253
243 253 244
254 255 256
254 256 257
258 259 260
258 260 261
262 263 264
262 264 255
262 255 254
265 260 259
266 267 268
266 268 269
259 270 271
259 271 265
269 272 273
269 273 266
274 275 273
274 273 272
276 277 278
276 278 279
280 281 282
280 282 283
284 285 286
284 286 287
288 283 289
288 289 290
288 280 283
291 287 286
292 293 294
292 294 295
287 291 296
287 296 297
293 292 298
293 298 299
300 299 298
300 298 301
302 303 304
302 304 305
306 307 308
306 308 309
310 311 312
310 312 313
314 308 307
314 307 315
316 317 318
316 318 319
320 317 316
321 322 323
324 325 326
324 326 327
319 318 328
319 328 329
323 322 325
323 325 324
330 313 312
330 312 331
332 314 315
332 315 333
311 310 306
311 306 309
334 335 336
334 336 337
338 339 340
338 340 341
342 343 337
342 337 336
344 345 346
344 346 347
348 344 347
349 350 351
352 353 354
352 354 355
345 356 357
345 357 346
350 352 355
350 355 351
358 359 340
358 340 339
360 361 343
360 343 342
341 335 334
341 334 338
362 363 364
362 364 365
366 367 368
366 368 369
370 371 368
370 368 367
364 371 370
364 370 365
372 373 374
372 374 375
376 377 378
376 378 379
380 379 378
380 378 381
374 373 380
374 380 381
382 383 384
382 384 385
386 387 388
386 388 389
390 389 388
390 388 391
384 383 390
384 390 391
392 393 394
392 394 395
396 397 398
396 398 399
400 401 398
400 398 397
394 401 400
394 400 395
402 403 404
402 404 405
406 407 408
406 408 409
410 411 412
410 412 413
414 415 416
414 416 417
418 414 417
418 417 419
420 421 422
420 422 423
424 425 426
409 427 428
409 428 406
429 430 431
429 431 432
433 422 421
434 435 436
434 436 437
438 439 435
438 435 434
419 439 438
419 438 418
440 426 425
440 425 441
407 413 412
407 412 408
432 431 440
432 440 441
429 442 443
429 443 430
444 443 442
445 446 447
445 447 448
448 447 420
448 420 423
445 449 450
445 450 446
451 450 449
404 411 410
404 410 405
415 428 427
415 427 416
452 453 454
452 454 455
456 457 458
456 458 459
460 461 462
460 462 463
464 465 466
464 466 467
468 469 465
468 465 464
470 471 472
470 472 473
474 475 476
457 456 477
457 477 478
479 480 481
479 481 482
483 473 472
484 485 486
484 486 487
488 484 487
488 487 489
469 468 488
469 488 489
490 491 476
490 476 475
459 458 462
459 462 461
480 491 490
480 490 481
479 482 492
479 492 493
494 493 492
495 496 497
495 497 498
496 471 470
496 470 497
495 498 499
495 499 500
501 500 499
454 453 460
454 460 463
467 466 478
467 478 477
502 503 504
502 504 505
506 507 508
506 508 509
510 511 512
510 512 513
514 515 516
514 516 517
518 519 515
518 515 514
520 521 522
520 522 523
524 525 526
507 506 527
507 527 528
529 530 531
529 531 532
533 523 522
534 535 536
534 536 537
538 534 537
538 537 539
519 518 538
519 538 539
540 541 526
540 526 525
509 508 512
509 512 511
530 541 540
530 540 531
529 532 542
529 542 543
544 543 542
545 546 547
545 547 548
546 521 520
546 520 547
545 548 549
545 549 550
551 550 549
504 503 510
504 510 513
517 516 528
517 528 527
552 553 554
552 554 555
556 557 558
556 558 559
560 561 562
560 562 563
564 565 566
564 566 567
568 564 567
568 567 569
570 571 572
570 572 573
574 575 576
559 577 578
559 578 556
579 580 581
579 581 582
583 572 571
584 585 586
584 586 587
588 589 585
588 585 584
569 589 588
569 588 568
590 576 575
590 575 591
557 563 562
557 562 558
582 581 590
582 590 591
579 592 593
579 593 580
594 593 592
595 596 597
595 597 598
598 597 570
598 570 573
595 599 600
595 600 596
601 600 599
554 561 560
554 560 555
565 578 577
565 577 566
602 603 604
602 604 605
606 607 608
606 608 609
610 611 612
610 612 613
611 614 615
611 615 612
616 615 614
616 614 617
607 606 610
607 610 613
618 602 605
618 605 619
603 609 608
603 608 604
620 618 619
620 619 621
622 623 624
625 626 627
628 622 624
628 624 629
630 625 627
630 627 631
632 628 629
632 629 633
634 630 631
634 631 635
635 636 634
632 637 638
632 638 639
633 637 632
636 635 640
636 640 641
642 643 644
642 644 645
646 647 648
646 648 649
650 651 652
650 652 653
653 652 654
653 654 655
656 657 655
656 655 654
649 651 650
649 650 646
658 659 643
658 643 642
645 644 648
645 648 647
660 661 659
660 659 658
662 663 664
665 666 667
668 669 663
668 663 662
670 671 666
670 666 665
672 673 669
672 669 668
674 675 671
674 671 670
675 674 676
672 677 678
672 678 679
673 672 679
676 680 681
676 681 675
682 683 684
682 684 685
686 687 688
686 688 689
683 690 691
683 691 684
687 692 693
687 693 688
694 695 696
694 696 697
698 699 700
698 700 701
695 682 685
695 685 696
699 686 689
699 689 700
702 703 704
702 704 705
706 707 708
706 708 709
703 694 697
703 697 704
707 698 701
707 701 708
710 711 712
710 712 713
714 715 716
714 716 717
713 712 718
713 718 719
717 716 720
717 720 721
722 723 724
722 724 725
726 727 728
726 728 729
725 724 711
725 711 710
729 728 715
729 715 714
730 731 732
730 732 733
734 735 736
734 736 737
733 732 723
733 723 722
737 736 727
737 727 726
738 739 740
738 740 741
742 743 744
742 744 745
741 740 746
741 746 747
745 744 748
745 748 749
750 751 752
750 752 753
754 755 756
754 756 757
753 752 739
753 739 738
757 756 743
757 743 742
758 759 760
758 760 761
762 763 764
762 764 765
761 760 751
761 751 750
765 764 755
765 755 754
766 767 768
766 768 769
770 771 772
770 772 773
767 774 775
767 775 768
771 776 777
771 777 772
778 779 780
778 780 781
782 783 784
782 784 785
779 766 769
779 769 780
783 770 773
783 773 784
786 787 788
786 788 789
790 791 792
790 792 793
787 778 781
787 781 788
791 782 785
791 785 792
794 795 796
794 796 797
798 799 800
801 802 803
801 803 804
805 806 795
805 795 794
807 808 809
807 809 799
810 811 812
813 814 815
813 815 816
816 815 817
816 817 818
797 796 819
797 819 820
818 817 811
818 811 810
821 822 814
821 814 813
823 824 806
823 806 805
825 826 827
825 827 828
829 824 823
798 807 799
826 830 831
826 831 827
825 828 809
825 809 808
832 833 834
832 834 835
836 837 838
839 840 841
839 841 842
843 832 835
843 835 844
845 838 846
845 846 847
848 849 850
851 852 853
851 853 854
852 855 856
852 856 853
833 857 858
833 858 834
855 848 850
855 850 856
859 851 854
859 854 860
861 843 844
861 844 862
863 864 865
863 865 866
867 861 862
836 838 845
866 865 868
866 868 869
863 847 846
863 846 864
870 871 872
870 872 873
874 875 876
877 878 879
877 879 880
881 870 873
881 873 882
883 876 884
883 884 885
886 887 888
889 890 891
889 891 892
890 893 894
890 894 891
871 895 896
871 896 872
893 886 888
893 888 894
897 889 892
897 892 898
899 881 882
899 882 900
901 902 903
901 903 904
905 899 900
874 876 883
904 903 906
904 906 907
901 885 884
901 884 902
908 909 910
908 910 911
912 913 914
915 916 917
915 917 918
919 920 909
919 909 908
921 922 923
921 923 913
924 925 926
927 928 929
927 929 930
930 929 931
930 931 932
911 910 933
911 933 934
932 931 925
932 925 924
935 936 928
935 928 927
937 938 920
937 920 919
939 940 941
939 941 942
943 938 937
912 921 913
940 944 945
940 945 941
939 942 923
939 923 922
946 947 948
949 950 951
949 951 952
953 954 955
953 955 956
957 958 959
957 959 960
946 948 961
962 953 956
962 956 963
964 965 966
967 947 946
968 966 969
969 966 965
970 971 972
973 974 975
973 975 976
977 978 979
977 979 980
981 982 983
981 983 984
970 985 971
986 987 978
986 978 977
988 989 990
991 970 972
992 993 989
993 990 989
994 995 996
994 996 997
998 999 1000
998 1000 1001
1002 1000 999
1002 999 1003
997 1004 1005
997 1005 994
1006 1007 1008
1006 1008 1009
1009 1008 1010
1011 1012 1007
1011 1007 1006
1013 996 995
1013 995 1014
1015 1016 1017
1015 1017 1018
1016 1019 1017
1020 1015 1018
1020 1018 1021
1004 998 1001
1004 1001 1005
1022 1023 1024
1022 1024 1025
1026 1027 1028
1029 1027 1026
1028 1027 1030
1025 1024 1028
1025 1028 1030
1031 1032 1033
1031 1033 1034
1035 1036 1037
1038 1035 1037
1036 1039 1037
1032 1039 1036
1032 1036 1033
1040 1041 1042
1043 1044 1045
1046 1047 1048
1046 1048 1049
1050 1051 1052
1053 1054 1050
1053 1050 1052
1042 1041 1055
1056 1041 1040
1057 1054 1053
1057 1053 1058
1059 1060 1061
1059 1061 1062
1041 1063 1064
1065 1049 1048
1066 1057 1058
1067 1068 1069
1067 1069 1070
1055 1041 1064
1064 1071 1072
1064 1072 1055
1073 1061 1060
1073 1060 1074
1063 1041 1056
1068 1072 1071
1068 1071 1069
1062 1056 1040
1062 1040 1059
1043 1045 1047
1043 1047 1046
1075 1076 1077
1078 1079 1080
1081 1082 1083
1081 1083 1084
1085 1086 1087
1088 1086 1085
1088 1085 1089
1076 1090 1077
1091 1075 1077
1092 1093 1088
1092 1088 1089
1094 1095 1096
1094 1096 1097
1077 1098 1099
1100 1083 1082
1101 1093 1092
1102 1103 1104
1102 1104 1105
1090 1098 1077
1098 1090 1106
1098 1106 1107
1108 1109 1097
1108 1097 1096
1099 1091 1077
1105 1104 1107
1105 1107 1106
1095 1094 1075
1095 1075 1091
1078 1081 1084
1078 1084 1079
1110 1111 1112
1110 1112 1113
1114 1115 1116
1114 1116 1117
1112 1118 1119
1112 1119 1113
1114 1111 1110
1114 1110 1115
1120 1121 1122
1120 1122 1123
1124 1125 1126
1124 1126 1127
1128 1129 1130
1128 1130 1131
1132 1133 1125
1132 1125 1124
1134 1135 1129
1134 1129 1128
1136 1137 1138
1136 1138 1139
1140 1141 1142
1140 1142 1143
1131 1130 1144
1131 1144 1145
1139 1138 1133
1139 1133 1132
1145 1144 1146
1145 1146 1147
1148 1149 1150
1148 1150 1151
1152 1153 1154
1152 1154 1155
1156 1157 1158
1156 1158 1159
1148 1151 1158
1148 1158 1157
1152 1156 1159
1152 1159 1153
1160 1161 1162
1160 1162 1163
1164 1165 1166
1164 1166 1167
1168 1169 1165
1168 1165 1164
1170 1171 1172
1170 1172 1173
1174 1175 1176
1174 1176 1177
1178 1179 1180
1178 1180 1181
1182 1183 1184
1182 1184 1185
1186 1187 1188
1186 1188 1189
1173 1172 1183
1173 1183 1182
1190 1191 1169
1190 1169 1168
1185 1184 1187
1185 1187 1186
1177 1176 1191
1177 1191 1190
1192 1193 1194
1192 1194 1195
1196 1197 1198
1196 1198 1199
1200 1194 1193
1200 1193 1201
1202 1203 1204
1202 1204 1205
1206 1203 1202
1207 1208 1209
1210 1211 1212
1210 1212 1213
1205 1204 1214
1205 1214 1215
1209 1208 1211
1209 1211 1210
1216 1199 1198
1216 1198 1217
1218 1200 1201
1218 1201 1219
1197 1196 1192
1197 1192 1195
1220 1221 1222
1220 1222 1223
1224 1225 1226
1224 1226 1227
1228 1229 1223
1228 1223 1222
1230 1231 1232
1230 1232 1233
1234 1230 1233
1235 1236 1237
1238 1239 1240
1238 1240 1241
1231 1242 1243
1231 1243 1232
1236 1238 1241
1236 1241 1237
1244 1245 1226
1244 1226 1225
1246 1247 1229
1246 1229 1228
1227 1221 1220
1227 1220 1224
1248 1249 1250
1248 1250 1251
1252 1253 1254
1252 1254 1255
1256 1257 1254
1256 1254 1253
1250 1257 1256
1250 1256 1251
1258 1259 1260
1258 1260 1261
1262 1263 1264
1262 1264 1265
1266 1265 1264
1266 1264 1267
1260 1259 1266
1260 1266 1267
1268 1269 1270
1268 1270 1271
1272 1273 1274
1272 1274 1275
1276 1275 1274
1276 1274 1277
1270 1269 1276
1270 1276 1277
1278 1279 1280
1278 1280 1281
1282 1283 1284
1282 1284 1285
1286 1287 1284
1286 1284 1283
1280 1287 1286
1280 1286 1281
1288 1289 1290
1288 1290 1291
1292 1293 1294
1292 1294 1295
1296 1297 1298
1296 1298 1299
1300 1301 1302
1300 1302 1303
1304 1300 1303
1304 1303 1305
1306 1307 1308
1306 1308 1309
1310 1311 1312
1295 1313 1314
1295 1314 1292
1315 1316 1317
1315 1317 1318
1319 1308 1307
1320 1321 1322
1320 1322 1323
1324 1325 1321
1324 1321 1320
1305 1325 1324
1305 1324 1304
1326 1312 1311
1326 1311 1327
1293 1299 1298
1293 1298 1294
1318 1317 1326
1318 1326 1327
1315 1328 1329
1315 1329 1316
1330 1329 1328
1331 1332 1333
1331 1333 1334
1334 1333 1306
1334 1306 1309
1331 1335 1336
1331 1336 1332
1337 1336 1335
1290 1297 1296
1290 1296 1291
1301 1314 1313
1301 1313 1302
1338 1339 1340
1338 1340 1341
1342 1343 1344
1342 1344 1345
1346 1347 1348
1346 1348 1349
1350 1351 1352
1350 1352 1353
1354 1355 1351
1354 1351 1350
1356 1357 1358
1356 1358 1359
1360 1361 1362
1343 1342 1363
1343 1363 1364
1365 1366 1367
1365 1367 1368
1369 1359 1358
1370 1371 1372
1370 1372 1373
1374 1370 1373
1374 1373 1375
1355 1354 1374
1355 1374 1375
1376 1377 1362
1376 1362 1361
1345 1344 1348
1345 1348 1347
1366 1377 1376
1366 1376 1367
1365 1368 1378
1365 1378 1379
1380 1379 1378
1381 1382 1383
1381 1383 1384
1382 1357 1356
1382 1356 1383
1381 1384 1385
1381 1385 1386
1387 1386 1385
1340 1339 1346
1340 1346 1349
1353 1352 1364
1353 1364 1363
1388 1389 1390
1388 1390 1391
1392 1393 1394
1392 1394 1395
1396 1397 1398
1396 1398 1399
1400 1401 1402
1400 1402 1403
1404 1405 1401
1404 1401 1400
1406 1407 1408
1406 1408 1409
1410 1411 1412
1393 1392 1413
1393 1413 1414
1415 1416 1417
1415 1417 1418
1419 1409 1408
1420 1421 1422
1420 1422 1423
1424 1420 1423
1424 1423 1425
1405 1404 1424
1405 1424 1425
1426 1427 1412
1426 1412 1411
1395 1394 1398
1395 1398 1397
1416 1427 1426
1416 1426 1417
1415 1418 1428
1415 1428 1429
1430 1429 1428
1431 1432 1433
1431 1433 1434
1432 1407 1406
1432 1406 1433
1431 1434 1435
1431 1435 1436
1437 1436 1435
1390 1389 1396
1390 1396 1399
1403 1402 1414
1403 1414 1413
1438 1439 1440
1438 1440 1441
1442 1443 1444
1442 1444 1445
1446 1447 1448
1446 1448 1449
1450 1451 1452
1450 1452 1453
1454 1450 1453
1454 1453 1455
1456 1457 1458
1456 1458 1459
1460 1461 1462
1445 1463 1464
1445 1464 1442
1465 1466 1467
1465 1467 1468
1469 1458 1457
1470 1471 1472
1470 1472 1473
1474 1475 1471
1474 1471 1470
1455 1475 1474
1455 1474 1454
1476 1462 1461
1476 1461 1477
1443 1449 1448
1443 1448 1444
1468 1467 1476
1468 1476 1477
1465 1478 1479
1465 1479 1466
1480 1479 1478
1481 1482 1483
1481 1483 1484
1484 1483 1456
1484 1456 1459
1481 1485 1486
1481 1486 1482
1487 1486 1485
1440 1447 1446
1440 1446 1441
1451 1464 1463
1451 1463 1452
1488 1489 1490
1488 1490 1491
1490 1492 1491
1493 1494 1488
1493 1488 1491
1495 1496 1497
1498 1499 1500
1498 1500 1501
1497 1496 1502
1497 1502 1503
1504 1505 1506
1507 1508 1492
1507 1492 1509
1508 1491 1492
1510 1511 1512
1510 1512 1513
1503 1502 1514
1503 1514 1515
1515 1514 1516
1515 1516 1517
1518 1519 1520
1521 1522 1518
1520 1506 1505
1512 1488 1494
1512 1494 1513
1493 1491 1508
1488 1512 1523
1488 1523 1489
1524 1511 1510
1517 1516 1525
1526 1521 1527
1528 1511 1529
1530 1499 1498
1529 1511 1524
1531 1529 1524
1531 1524 1532
1501 1500 1531
1501 1531 1532
1522 1519 1518
1519 1506 1520
1526 1522 1521
1523 1512 1511
1523 1511 1528
1533 1499 1530
1534 1535 1536
1534 1536 1537
1536 1535 1538
1539 1535 1534
1539 1534 1540
1541 1542 1543
1544 1545 1546
1544 1546 1547
1542 1548 1549
1542 1549 1543
1550 1551 1552
1553 1554 1538
1553 1538 1555
1555 1538 1535
1556 1557 1558
1556 1558 1559
1548 1560 1561
1548 1561 1549
1560 1562 1563
1560 1563 1561
1564 1565 1566
1567 1564 1568
1565 1552 1551
1558 1557 1540
1558 1540 1534
1539 1555 1535
1534 1537 1569
1534 1569 1558
1570 1556 1559
1562 1571 1563
1572 1573 1567
1574 1575 1559
1576 1544 1547
1575 1570 1559
1577 1578 1570
1577 1570 1575
1545 1578 1577
1545 1577 1546
1568 1564 1566
1566 1565 1551
1572 1567 1568
1569 1574 1559
1569 1559 1558
1579 1576 1547
1580 1581 1582
1580 1582 1583
1582 1581 1584
1585 1581 1580
1585 1580 1586
1587 1588 1589
1590 1591 1592
1590 1592 1593
1588 1594 1595
1588 1595 1589
1596 1597 1598
1599 1600 1584
1599 1584 1601
1601 1584 1581
1602 1603 1604
1602 1604 1605
1594 1606 1607
1594 1607 1595
1606 1608 1609
1606 1609 1607
1610 1611 1612
1613 1610 1614
1611 1598 1597
1604 1603 1586
1604 1586 1580
1585 1601 1581
1580 1583 1615
1580 1615 1604
1616 1602 1605
1608 1617 1609
1618 1619 1613
1620 1621 1605
1622 1590 1593
1621 1616 1605
1623 1624 1616
1623 1616 1621
1591 1624 1623
1591 1623 1592
1614 1610 1612
1612 1611 1597
1618 1613 1614
1615 1620 1605
1615 1605 1604
1625 1622 1593
1626 1627 1628
1626 1628 1629
1628 1630 1629
1631 1632 1626
1631 1626 1629
1633 1634 1635
1636 1637 1638
1636 1638 1639
1635 1634 1640
1635 1640 1641
1642 1643 1644
1645 1646 1630
1645 1630 1647
1646 1629 1630
1648 1649 1650
1648 1650 1651
1641 1640 1652
1641 1652 1653
1653 1652 1654
1653 1654 1655
1656 1657 1658
1659 1660 1656
1658 1644 1643
1650 1626 1632
1650 1632 1651
1631 1629 1646
1626 1650 1661
1626 1661 1627
1662 1649 1648
1655 1654 1663
1664 1659 1665
1666 1649 1667
1668 1637 1636
1667 1649 1662
1669 1667 1662
1669 1662 1670
1639 1638 1669
1639 1669 1670
1660 1657 1656
1657 1644 1658
1664 1660 1659
1661 1650 1649
1661 1649 1666
1671 1637 1668
1672 1673 1674
1672 1674 1675
1676 1677 1678
1676 1678 1679
1680 1678 1677
1680 1677 1681
1675 1682 1683
1675 1683 1672
1684 1685 1686
1684 1686 1687
1687 1686 1688
1689 1690 1685
1689 1685 1684
1691 1674 1673
1691 1673 1692
1693 1694 1695
1693 1695 1696
1694 1697 1695
1698 1693 1696
1698 1696 1699
1682 1676 1679
1682 1679 1683
1700 1701 1702
1700 1702 1703
1704 1705 1706
1707 1705 1704
1706 1705 1708
1703 1702 1706
1703 1706 1708
1709 1710 1711
1709 1711 1712
1713 1714 1715
1716 1713 1715
1714 1717 1715
1710 1717 1714
1710 1714 1711
1718 1719 1720
1721 1722 1723
1724 1725 1726
1724 1726 1727
1728 1729 1730
1731 1732 1728
1731 1728 1730
1720 1719 1733
1734 1719 1718
1735 1732 1731
1735 1731 1736
1737 1738 1739
1737 1739 1740
1719 1741 1742
1743 1727 1726
1744 1735 1736
1745 1746 1747
1745 1747 1748
1733 1719 1742
1742 1749 1750
1742 1750 1733
1751 1739 1738
1751 1738 1752
1741 1719 1734
1746 1750 1749
1746 1749 1747
1740 1734 1718
1740 1718 1737
1721 1723 1725
1721 1725 1724
1753 1754 1755
1756 1757 1758
1759 1760 1761
1759 1761 1762
1763 1764 1765
1766 1764 1763
1766 1763 1767
1754 1768 1755
1769 1753 1755
1770 1771 1766
1770 1766 1767
1772 1773 1774
1772 1774 1775
1755 1776 1777
1778 1761 1760
1779 1771 1770
1780 1781 1782
1780 1782 1783
1768 1776 1755
1776 1768 1784
1776 1784 1785
1786 1787 1775
1786 1775 1774
1777 1769 1755
1783 1782 1785
1783 1785 1784
1773 1772 1753
1773 1753 1769
1756 1759 1762
1756 1762 1757
1788 1789 1790
1788 1790 1791
1792 1793 1794
1792 1794 1795
1796 1794 1793
1796 1793 1797
1791 1798 1799
1791 1799 1788
1800 1801 1802
1800 1802 1803
1803 1802 1804
1805 1806 1801
1805 1801 1800
1807 1790 1789
1807 1789 1808
1809 1810 1811
1809 1811 1812
1810 1813 1811
1814 1809 1812
1814 1812 1815
1798 1792 1795
1798 1795 1799
1816 1817 1818
1816 1818 1819
1820 1821 1822
1823 1821 1820
1822 1821 1824
1819 1818 1822
1819 1822 1824
1825 1826 1827
1825 1827 1828
1829 1830 1831
1832 1829 1831
1830 1833 1831
1826 1833 1830
1826 1830 1827
1834 1835 1836
1837 1838 1839
1840 1841 1842
1840 1842 1843
1844 1845 1846
1847 1848 1844
1847 1844 1846
1836 1835 1849
1850 1835 1834
1851 1848 1847
1851 1847 1852
1853 1854 1855
1853 1855 1856
1835 1857 1858
1859 1843 1842
1860 1851 1852
1861 1862 1863
1861 1863 1864
1849 1835 1858
1858 1865 1866
1858 1866 1849
1867 1855 1854
1867 1854 1868
1857 1835 1850
1862 1866 1865
1862 1865 1863
1856 1850 1834
1856 1834 1853
1837 1839 1841
1837 1841 1840
1869 1870 1871
1872 1873 1874
1875 1876 1877
1875 1877 1878
1879 1880 1881
1882 1880 1879
1882 1879 1883
1870 1884 1871
1885 1869 1871
1886 1887 1882
1886 1882 1883
1888 1889 1890
1888 1890 1891
1871 1892 1893
1894 1877 1876
1895 1887 1886
1896 1897 1898
1896 1898 1899
1884 1892 1871
1892 1884 1900
1892 1900 1901
1902 1903 1891
1902 1891 1890
1893 1885 1871
1899 1898 1901
1899 1901 1900
1889 1888 1869
1889 1869 1885
1872 1875 1878
1872 1878 1873
1904 1905 1906
1904 1906 1907
1908 1909 1910
1908 1910 1911
1912 1913 1914
1912 1914 1915
1905 1916 1917
1905 1917 1906
1909 1908 1918
1909 1918 1919
1915 1914 1920
1915 1920 1921
1913 1912 1922
1913 1922 1923
1924 1921 1920
1924 1920 1925
1904 1907 1926
1904 1926 1927
1927 1926 1928
1927 1928 1929
1930 1931 1932
1930 1932 1933
1934 1935 1936
1934 1936 1937
1929 1928 1938
1929 1938 1939
1933 1940 1941
1933 1941 1930
1935 1924 1925
1935 1925 1936
1937 1942 1943
1937 1943 1934
1940 1919 1918
1940 1918 1941
1944 1945 1946
1944 1946 1947
1948 1949 1950
1948 1950 1951
1952 1953 1954
1952 1954 1955
1947 1946 1956
1947 1956 1957
1951 1958 1959
1951 1959 1948
1953 1960 1961
1953 1961 1954
1955 1962 1963
1955 1963 1952
1964 1965 1961
1964 1961 1960
1944 1966 1967
1944 1967 1945
1966 1968 1969
1966 1969 1967
1970 1971 1972
1970 1972 1973
1974 1975 1976
1974 1976 1977
1968 1978 1979
1968 1979 1969
1971 1970 1980
1971 1980 1981
1977 1976 1965
1977 1965 1964
1975 1974 1982
1975 1982 1983
1981 1980 1959
1981 1959 1958
1984 1985 1986
1987 1988 1989
1990 1991 1992
1993 1994 1995
1996 1997 1998
1999 2000 2001
2002 2003 2004
2005 2006 2007
2008 2009 2010
2011 2012 2013
2014 2015 2016
2017 2018 2019
2020 2021 2022
2023 2024 2025
2026 2027 2028
2029 2030 2031
2032 2033 2034
2035 2036 2037
2038 2039 2040
2041 2042 2043
2044 2045 2046
2047 2048 2049
2050 2051 2052
2053 2054 2055
2056 2057 2058
2059 2060 2061
2062 2063 2064
2065 2066 2067
2068 2069 2070
2071 2072 2073
2074 2075 2076
2077 2078 2079
2080 2081 2082
2083 2084 2085
2086 2087 2088
2089 2090 2091
2092 2093 2094
2095 2096 2097
2098 2099 2100
2101 2102 2103
2104 2105 2106
2107 2108 2109
2110 2111 2112
2113 2114 2115
2116 2117 2118
2119 2120 2121
2122 2123 2124
2125 2126 2127
2128 2129 2130
2131 2132 2133
2134 2135 2136
2137 2138 2139
2140 2141 2142
2143 2144 2145
2146 2147 2148
2149 2150 2151
2152 2153 2154
2155 2156 2157
2158 2159 2160
2161 2162 2163
2164 2165 2166
2167 2168 2169
2170 2171 2172
2173 2174 2175
2176 2177 2178
2179 2180 2181
2182 2183 2184
2185 2186 2187
2188 2189 2190
2191 2192 2193
2194 2195 2196
2197 2198 2199
2200 2201 2202
2203 2204 2205
2206 2207 2208
2209 2210 2211
2212 2203 2205
2213 2214 2215
2216 2217 2218
2219 2220 2221
2222 2223 2224
2225 2226 2227
2228 2229 2230
2231 2232 2233
2234 2235 2236
2237 2238 2239
2240 2241 2242
2243 2244 2245
2246 2226 2225
2247 2248 2249
2250 2251 2252
2253 2254 2255
2256 2257 2258
2259 2260 2261
2262 2263 2264
2265 2266 2267
2268 2269 2270
2271 2272 2273
2274 2275 2276
2277 2278 2279
2280 2281 2282
2283 2284 2285
2286 2265 2267
2287 2288 2289
2290 2291 2292
2293 2294 2295
2296 2297 2298
2296 2298 2299
2300 2301 2302
2300 2302 2303
2304 2296 2299
2304 2299 2305
2301 2306 2307
2301 2307 2302
2306 2308 2309
2306 2309 2307
2300 2303 2310
2300 2310 2311
2312 2313 2314
2314 2313 2315
2314 2315 2316
2316 2315 2317
2316 2317 2318
2319 2318 2317
2319 2317 2320
2321 2322 2323
2321 2323 2324
2325 2323 2322
2325 2322 2326
2327 2325 2326
2327 2326 2328
2297 2329 2330
2297 2330 2298
2331 2327 2328
2308 2304 2305
2308 2305 2309
2332 2333 2334
2332 2334 2335
2336 2337 2338
2336 2338 2339
2340 2341 2333
2340 2333 2332
2339 2338 2342
2339 2342 2343
2343 2342 2344
2343 2344 2345
2336 2346 2347
2336 2347 2337
2348 2349 2350
2349 2351 2352
2349 2352 2350
2351 2353 2354
2351 2354 2352
2355 2356 2354
2355 2354 2353
2357 2358 2359
2357 2359 2360
2361 2362 2360
2361 2360 2359
2363 2364 2362
2363 2362 2361
2335 2334 2365
2335 2365 2366
2367 2364 2363
2345 2344 2341
2345 2341 2340
2368 2369 2370
2368 2370 2371
2372 2373 2374
2372 2374 2375
2369 2376 2377
2369 2377 2370
2373 2378 2379
2373 2379 2374
2380 2381 2382
2380 2382 2383
2384 2385 2386
2384 2386 2387
2381 2368 2371
2381 2371 2382
2385 2372 2375
2385 2375 2386
2388 2389 2390
2388 2390 2391
2392 2393 2394
2392 2394 2395
2389 2380 2383
2389 2383 2390
2393 2384 2387
2393 2387 2394
2396 2397 2398
2396 2398 2399
2400 2401 2402
2400 2402 2403
2399 2398 2404
2399 2404 2405
2403 2402 2406
2403 2406 2407
2408 2409 2410
2408 2410 2411
2412 2413 2414
2412 2414 2415
2411 2410 2397
2411 2397 2396
2415 2414 2401
2415 2401 2400
2416 2417 2418
2416 2418 2419
2420 2421 2422
2420 2422 2423
2419 2418 2409
2419 2409 2408
2423 2422 2413
2423 2413 2412
2424 2425 2426
2424 2426 2427
2428 2429 2430
2428 2430 2431
2427 2426 2432
2427 2432 2433
2431 2430 2434
2431 2434 2435
2436 2437 2438
2436 2438 2439
2440 2441 2442
2440 2442 2443
2439 2438 2425
2439 2425 2424
2443 2442 2429
2443 2429 2428
2444 2445 2446
2444 2446 2447
2448 2449 2450
2448 2450 2451
2447 2446 2437
2447 2437 2436
2451 2450 2441
2451 2441 2440
2452 2453 2454
2452 2454 2455
2456 2457 2458
2456 2458 2459
2453 2460 2461
2453 2461 2454
2457 2462 2463
2457 2463 2458
2464 2465 2466
2464 2466 2467
2468 2469 2470
2468 2470 2471
2465 2452 2455
2465 2455 2466
2469 2456 2459
2469 2459 2470
2472 2473 2474
2472 2474 2475
2476 2477 2478
2476 2478 2479
2473 2464 2467
2473 2467 2474
2477 2468 2471
2477 2471 2478
2480 2481 2482
2483 2484 2485
2486 2487 2488
2489 2490 2491
2492 2493 2494
2492 2494 2495
2496 2497 2498
2499 2500 2501
2502 2503 2504
2505 2502 2504
2505 2504 2506
2507 2495 2494
2507 2494 2497
2492 2508 2493
2509 2510 2511
2512 2513 2514
2515 2516 2517
2518 2519 2520
2521 2507 2496
2508 2522 2493
2523 2524 2525
2526 2527 2524
2526 2524 2523
2496 2507 2497
2528 2508 2492
2529 2530 2531
2532 2513 2512
2533 2484 2483
2534 2535 2536
2537 2538 2539
2540 2541 2542
2543 2544 2545
2546 2547 2548
2546 2548 2549
2550 2551 2552
2553 2554 2555
2556 2557 2558
2559 2560 2557
2559 2557 2556
2561 2552 2548
2561 2548 2547
2546 2549 2562
2563 2564 2565
2566 2567 2568
2569 2570 2571
2572 2573 2574
2575 2550 2561
2562 2549 2576
2577 2578 2579
2580 2577 2579
2580 2579 2581
2550 2552 2561
2582 2546 2562
2583 2584 2585
2586 2566 2568
2587 2537 2539
2588 2589 2590
2588 2590 2591
2592 2591 2593
2592 2593 2594
2595 2596 2597
2598 2599 2600
2601 2602 2603
2601 2603 2592
2604 2605 2606
2604 2606 2607
2590 2608 2609
2590 2609 2610
2611 2612 2613
2601 2614 2602
2615 2616 2617
2615 2617 2618
2612 2604 2607
2612 2607 2613
2619 2620 2621
2595 2597 2616
2595 2616 2615
2591 2590 2610
2591 2610 2593
2622 2623 2624
2625 2611 2626
2609 2608 2627
2589 2628 2608
2589 2608 2590
2605 2600 2599
2605 2599 2606
2618 2617 2620
2618 2620 2619
2629 2630 2631
2632 2633 2631
2632 2631 2630
2625 2612 2611
2632 2627 2634
2632 2634 2633
2624 2614 2635
2624 2635 2622
2636 2601 2637
2627 2608 2634
2634 2608 2628
2624 2623 2638
2588 2591 2592
2588 2592 2603
2601 2592 2594
2601 2594 2637
2614 2636 2635
2636 2614 2601
2639 2640 2641
2639 2641 2642
2643 2644 2645
2643 2645 2640
2646 2647 2648
2649 2650 2651
2652 2643 2653
2652 2653 2654
2655 2656 2657
2655 2657 2658
2641 2659 2660
2641 2660 2661
2662 2663 2664
2652 2654 2665
2666 2667 2668
2666 2668 2669
2664 2663 2656
2664 2656 2655
2670 2671 2672
2646 2666 2669
2646 2669 2647
2640 2645 2659
2640 2659 2641
2673 2674 2675
2676 2677 2662
2660 2678 2661
2642 2641 2661
2642 2661 2679
2658 2657 2651
2658 2651 2650
2667 2670 2672
2667 2672 2668
2680 2681 2682
2683 2682 2681
2683 2681 2684
2676 2662 2664
2683 2684 2685
2683 2685 2678
2674 2673 2686
2674 2686 2665
2687 2688 2652
2678 2685 2661
2685 2679 2661
2674 2689 2675
2639 2653 2643
2639 2643 2640
2652 2688 2644
2652 2644 2643
2665 2686 2687
2687 2652 2665
2690 2691 2692
2690 2692 2693
2694 2695 2696
2694 2696 2691
2697 2698 2699
2700 2701 2702
2703 2694 2704
2703 2704 2705
2706 2707 2708
2706 2708 2709
2692 2710 2711
2692 2711 2712
2713 2714 2715
2703 2705 2716
2717 2718 2719
2717 2719 2720
2715 2714 2707
2715 2707 2706
2721 2722 2723
2697 2717 2720
2697 2720 2698
2691 2696 2710
2691 2710 2692
2724 2725 2726
2727 2728 2713
2711 2729 2712
2693 2692 2712
2693 2712 2730
2709 2708 2702
2709 2702 2701
2718 2721 2723
2718 2723 2719
2731 2732 2733
2734 2733 2732
2734 2732 2735
2727 2713 2715
2734 2735 2736
2734 2736 2729
2725 2724 2737
2725 2737 2716
2738 2739 2703
2729 2736 2712
2736 2730 2712
2725 2740 2726
2690 2704 2694
2690 2694 2691
2703 2739 2695
2703 2695 2694
2716 2737 2738
2738 2703 2716
2741 2742 2743
2741 2743 2744
2745 2744 2746
2745 2746 2747
2748 2749 2750
2751 2752 2753
2754 2755 2756
2754 2756 2745
2757 2758 2759
2757 2759 2760
2743 2761 2762
2743 2762 2763
2764 2765 2766
2754 2767 2755
2768 2769 2770
2768 2770 2771
2765 2757 2760
2765 2760 2766
2772 2773 2774
2748 2750 2769
2748 2769 2768
2744 2743 2763
2744 2763 2746
2775 2776 2777
2778 2764 2779
2762 2761 2780
2742 2781 2761
2742 2761 2743
2758 2753 2752
2758 2752 2759
2771 2770 2773
2771 2773 2772
2782 2783 2784
2785 2786 2784
2785 2784 2783
2778 2765 2764
2785 2780 2787
2785 2787 2786
2777 2767 2788
2777 2788 2775
2789 2754 2790
2780 2761 2787
2787 2761 2781
2777 2776 2791
2741 2744 2745
2741 2745 2756
2754 2745 2747
2754 2747 2790
2767 2789 2788
2789 2767 2754
2792 2793 2794
2792 2794 2795
2796 2797 2798
2796 2798 2799
2795 2794 2800
2795 2800 2801
2797 2793 2792
2797 2792 2798
2802 2803 2804
2802 2804 2805
2801 2800 2806
2801 2806 2807
2808 2809 2802
2808 2802 2805
2810 2809 2808
2811 2807 2806
2811 2806 2812
2813 2814 2815
2813 2815 2816
2817 2814 2813
2817 2813 2818
2819 2817 2818
2820 2821 2822
2820 2822 2823
2824 2825 2826
2824 2826 2827
2821 2828 2829
2821 2829 2822
2827 2826 2820
2827 2820 2823
2830 2831 2832
2830 2832 2833
2828 2834 2835
2828 2835 2829
2836 2831 2830
2836 2830 2837
2838 2836 2837
2839 2840 2835
2839 2835 2834
2841 2842 2843
2841 2843 2844
2845 2846 2841
2845 2841 2844
2847 2846 2845
2848 2849 2850
2851 2852 2853
2854 2855 2856
2854 2856 2857
2858 2859 2860
2858 2860 2861
2862 2863 2864
2865 2866 2867
2865 2867 2868
2865 2869 2870
2865 2870 2866
2871 2872 2852
2871 2852 2851
2873 2874 2875
2873 2875 2876
2876 2875 2877
2876 2877 2878
2879 2863 2880
2881 2870 2869
2882 2883 2872
2882 2872 2871
2884 2861 2860
2884 2860 2885
2873 2868 2867
2873 2867 2874
2886 2857 2856
2886 2856 2887
2887 2888 2889
2887 2889 2886
2880 2863 2862
2890 2891 2892
2890 2892 2893
2893 2892 2883
2893 2883 2882
2880 2862 2855
2880 2855 2854
2894 2895 2896
2897 2898 2899
2900 2901 2902
2900 2902 2903
2904 2905 2906
2904 2906 2907
2908 2909 2910
2911 2912 2913
2911 2913 2914
2911 2914 2915
2911 2915 2916
2917 2897 2899
2917 2899 2918
2919 2920 2921
2919 2921 2922
2920 2923 2924
2920 2924 2921
2925 2926 2910
2927 2916 2915
2928 2917 2918
2928 2918 2929
2930 2931 2906
2930 2906 2905
2919 2922 2913
2919 2913 2912
2932 2933 2902
2932 2902 2901
2933 2932 2934
2933 2934 2935
2926 2908 2910
2936 2937 2938
2936 2938 2939
2937 2928 2929
2937 2929 2938
2926 2900 2903
2926 2903 2908
2940 2941 2942
2943 2944 2945
2946 2947 2948
2946 2948 2949
2950 2951 2952
2950 2952 2953
2954 2955 2956
2957 2958 2959
2957 2959 2960
2957 2960 2961
2957 2961 2962
2963 2943 2945
2963 2945 2964
2965 2966 2967
2965 2967 2968
2966 2969 2970
2966 2970 2967
2971 2972 2956
2973 2962 2961
2974 2963 2964
2974 2964 2975
2976 2977 2952
2976 2952 2951
2965 2968 2959
2965 2959 2958
2978 2979 2948
2978 2948 2947
2979 2978 2980
2979 2980 2981
2972 2954 2956
2982 2983 2984
2982 2984 2985
2983 2974 2975
2983 2975 2984
2972 2946 2949
2972 2949 2954
2986 2987 2988
2989 2990 2991
2992 2993 2994
2992 2994 2995
2996 2997 2998
2996 2998 2999
3000 3001 3002
3003 3004 3005
3003 3005 3006
3003 3007 3008
3003 3008 3004
3009 3010 2990
3009 2990 2989
3011 3012 3013
3011 3013 3014
3014 3013 3015
3014 3015 3016
3017 3001 3018
3019 3008 3007
3020 3021 3010
3020 3010 3009
3022 2999 2998
3022 2998 3023
3011 3006 3005
3011 3005 3012
3024 2995 2994
3024 2994 3025
3025 3026 3027
3025 3027 3024
3018 3001 3000
3028 3029 3030
3028 3030 3031
3031 3030 3021
3031 3021 3020
3018 3000 2993
3018 2993 2992
3032 3033 3034
3032 3034 3035
3036 3037 3038
3036 3038 3034
3039 3040 3041
3040 3039 3042
3033 3041 3043
3043 3041 3040
3044 3039 3041
3045 3034 3038
3034 3033 3043
3034 3043 3036
3032 3044 3041
3032 3041 3033
3038 3037 3046
3038 3046 3047
3048 3049 3050
3048 3050 3051
3045 3035 3034
3052 3035 3045
3053 3054 3055
3053 3055 3056
3056 3055 3057
3056 3057 3058
3059 3060 3061
3059 3061 3062
3062 3061 3063
3062 3063 3064
3065 3066 3067
3068 3069 3070
3068 3070 3071
3072 3073 3074
3072 3074 3075
3076 3077 3078
3079 3080 3081
3079 3081 3082
3082 3081 3060
3082 3060 3059
3083 3084 3069
3083 3069 3068
3075 3074 3077
3075 3077 3076
3067 3066 3080
3067 3080 3079
3085 3086 3073
3085 3073 3072
3087 3088 3047
3089 3087 3046
3046 3087 3047
3090 3051 3050
3090 3050 3091
3092 3093 3094
3092 3094 3095
3096 3094 3097
3096 3097 3098
3099 3100 3101
3101 2894 3099
3095 3102 3100
3102 3101 3100
3103 3100 3099
3104 3097 3094
3094 3096 3102
3094 3102 3095
3092 3095 3100
3092 3100 3103
3097 3105 3106
3097 3106 3098
3107 3108 3109
3107 3109 3110
3104 3094 3093
3111 3104 3093
3112 3113 3114
3112 3114 3115
3113 3116 3117
3113 3117 3114
3118 3119 3120
3118 3120 3121
3119 3122 3123
3119 3123 3120
3124 3125 3126
3127 3128 3129
3127 3129 3130
3131 3132 3133
3131 3133 3134
3135 3136 3137
3138 3139 3140
3138 3140 3141
3139 3118 3121
3139 3121 3140
3142 3127 3130
3142 3130 3143
3132 3135 3137
3132 3137 3133
3125 3138 3141
3125 3141 3126
3144 3131 3134
3144 3134 3145
3146 3105 3147
3148 3106 3146
3106 3105 3146
3149 3150 3109
3149 3109 3108
3151 3152 3153
3151 3153 3154
3155 3153 3156
3155 3156 3157
3158 3159 3160
3160 2940 3158
3154 3161 3159
3161 3160 3159
3162 3159 3158
3163 3156 3153
3153 3155 3161
3153 3161 3154
3151 3154 3159
3151 3159 3162
3156 3164 3165
3156 3165 3157
3166 3167 3168
3166 3168 3169
3163 3153 3152
3170 3163 3152
3171 3172 3173
3171 3173 3174
3172 3175 3176
3172 3176 3173
3177 3178 3179
3177 3179 3180
3178 3181 3182
3178 3182 3179
3183 3184 3185
3186 3187 3188
3186 3188 3189
3190 3191 3192
3190 3192 3193
3194 3195 3196
3197 3198 3199
3197 3199 3200
3198 3177 3180
3198 3180 3199
3201 3186 3189
3201 3189 3202
3191 3194 3196
3191 3196 3192
3184 3197 3200
3184 3200 3185
3203 3190 3193
3203 3193 3204
3205 3164 3206
3207 3165 3205
3165 3164 3205
3208 3209 3168
3208 3168 3167
3210 3211 3212
3210 3212 3213
3214 3215 3216
3214 3216 3212
3217 3218 3219
3218 3217 2986
3211 3219 3220
3220 3219 3218
3221 3217 3219
3222 3212 3216
3212 3211 3220
3212 3220 3214
3210 3221 3219
3210 3219 3211
3216 3215 3223
3216 3223 3224
3225 3226 3227
3225 3227 3228
3222 3213 3212
3229 3213 3222
3230 3231 3232
3230 3232 3233
3233 3232 3234
3233 3234 3235
3236 3237 3238
3236 3238 3239
3239 3238 3240
3239 3240 3241
3242 3243 3244
3245 3246 3247
3245 3247 3248
3249 3250 3251
3249 3251 3252
3253 3254 3255
3256 3257 3258
3256 3258 3259
3259 3258 3237
3259 3237 3236
3260 3261 3246
3260 3246 3245
3252 3251 3254
3252 3254 3253
3244 3243 3257
3244 3257 3256
3262 3263 3250
3262 3250 3249
3264 3265 3224
3266 3264 3223
3223 3264 3224
3267 3228 3227
3267 3227 3268
3269 3270 3271
3272 3273 3274
3275 3276 3277
3278 3279 3280
3281 3282 3283
3284 3285 3286
3287 3288 3289
3290 3291 3292
3293 3294 3295
3296 3297 3298
3299 3279 3278
3300 3301 3302
3303 3304 3305
3306 3307 3308
3309 3310 3311
3309 3311 3312
3313 3309 3312
3313 3312 3314
3315 3313 3314
3315 3314 3316
3317 3315 3316
3317 3316 3318
3319 3317 3318
3319 3318 3320
3321 3319 3320
3321 3320 3322
3323 3321 3322
3323 3322 3324
3325 3323 3324
3325 3324 3326
3313 3327 3309
3328 3327 3313
3329 3328 3315
3329 3315 3317
3330 3329 3317
3330 3317 3319
3331 3330 3319
3331 3319 3321
3332 3331 3321
3332 3321 3323
3333 3332 3323
3333 3323 3325
3327 3334 3309
3335 3336 3334
3335 3334 3327
3337 3335 3328
3338 3337 3329
3338 3329 3330
3339 3338 3330
3339 3330 3331
3340 3339 3331
3340 3331 3332
3341 3340 3332
3341 3332 3333
3342 3343 3344
3342 3344 3345
3335 3327 3328
3336 3335 3346
3336 3346 3347
3348 3349 3350
3351 3348 3350
3351 3350 3352
3353 3351 3352
3353 3352 3354
3355 3353 3354
3355 3354 3356
3357 3358 3359
3357 3359 3360
3361 3359 3358
3361 3358 3362
3363 3361 3362
3363 3362 3364
3365 3363 3364
3365 3364 3366
3357 3360 3342
3357 3342 3345
3337 3346 3335
3367 3346 3337
3367 3337 3338
3368 3367 3338
3368 3338 3339
3369 3368 3339
3369 3339 3340
3370 3369 3340
3370 3340 3341
3352 3350 3367
3352 3367 3368
3350 3346 3367
3371 3352 3368
3371 3368 3369
3372 3371 3369
3372 3369 3370
3356 3354 3371
3356 3371 3372
3354 3352 3371
3346 3349 3347
3350 3349 3346
3373 3356 3372
3374 3365 3366
3374 3366 3375
3376 3374 3375
3376 3375 3377
3378 3379 3380
3378 3380 3381
3382 3379 3378
3382 3378 3383
3384 3385 3386
3384 3386 3387
3388 3384 3387
3388 3387 3389
3390 3382 3383
3390 3383 3391
3392 3393 3394
3392 3394 3395
3395 3396 3397
3395 3397 3392
3389 3398 3388
3399 3400 3401
3396 3402 3403
3396 3403 3397
3404 3405 3406
3404 3406 3407
3408 3409 3410
3408 3410 3411
3412 3408 3411
3412 3411 3413
3414 3384 3388
3385 3384 3414
3385 3414 3415
3416 3381 3380
3416 3380 3417
3418 3419 3420
3418 3420 3421
3422 3423 3418
3422 3418 3421
3424 3423 3422
3424 3422 3425
3426 3427 3428
3426 3428 3429
3430 3426 3429
3430 3429 3431
3413 3432 3433
3413 3433 3412
3434 3435 3436
3434 3436 3437
3438 3439 3403
3438 3403 3402
3438 3440 3441
3438 3441 3439
3442 3443 3444
3442 3444 3445
3445 3444 3446
3447 3448 3434
3449 3447 3450
3449 3450 3451
3449 3452 3453
3425 3428 3427
3425 3427 3424
3452 3449 3451
3446 3444 3454
3455 3456 3386
3455 3386 3385
3457 3455 3385
3457 3385 3415
3455 3458 3459
3455 3459 3456
3460 3461 3458
3415 3462 3457
3463 3464 3465
3463 3465 3466
3467 3466 3465
3467 3465 3468
3469 3470 3471
3469 3471 3472
3473 3469 3472
3473 3472 3474
3460 3475 3461
3463 3476 3464
3477 3443 3478
3449 3453 3479
3454 3444 3480
3481 3482 3483
3484 3485 3486
3482 3481 3487
3482 3487 3488
3489 3490 3491
3489 3491 3492
3493 3494 3495
3493 3495 3496
3497 3498 3499
3497 3499 3500
3497 3500 3501
3491 3496 3495
3491 3495 3492
3483 3484 3486
3483 3482 3484
3497 3501 3502
3502 3501 3503
3493 3504 3505
3493 3505 3494
3506 3502 3503
3507 3508 3509
3507 3509 3510
3511 3512 3513
3514 3515 3516
3517 3518 3519
3517 3519 3520
3521 3519 3518
3521 3518 3522
3523 3521 3522
3523 3522 3524
3525 3523 3524
3525 3524 3526
3527 3525 3526
3527 3526 3528
3529 3527 3528
3529 3528 3530
3531 3529 3530
3531 3530 3532
3511 3513 3533
3534 3509 3508
3534 3508 3535
3536 3537 3538
3536 3538 3539
3520 3533 3513
3520 3513 3517
3540 3507 3510
3540 3510 3541
3542 3540 3541
3542 3541 3543
3544 3542 3543
3544 3543 3545
3546 3544 3545
3546 3545 3547
3548 3546 3547
3548 3547 3549
3550 3548 3549
3550 3549 3551
3552 3550 3551
3552 3551 3553
3554 3552 3553
3554 3553 3555
3531 3532 3556
3531 3556 3557
3558 3554 3555
3558 3555 3559
3560 3558 3559
3560 3559 3561
3562 3560 3561
3562 3561 3563
3564 3565 3556
3564 3556 3566
3556 3565 3557
3567 3514 3516
3567 3516 3568
3569 3567 3568
3569 3568 3570
3571 3569 3570
3571 3570 3572
3573 3571 3572
3573 3572 3574
3575 3573 3574
3575 3574 3576
3577 3575 3576
3577 3576 3578
3579 3577 3578
3579 3578 3580
3581 3579 3580
3581 3580 3582
3582 3583 3581
3581 3584 3585
3581 3583 3584
3586 3587 3588
3586 3588 3589
3590 3591 3592
3590 3592 3593
3594 3590 3593
3595 3590 3596
3587 3586 3597
3587 3597 3598
3599 3600 3592
3599 3592 3591
3598 3597 3601
3598 3601 3602
3603 3604 3600
3603 3600 3599
3602 3601 3605
3602 3605 3606
3606 3605 3607
3606 3607 3608
3609 3610 3611
3609 3611 3612
3613 3614 3615
3616 3617 3613
3616 3613 3618
3619 3614 3613
3619 3613 3617
3620 3621 3622
3620 3622 3623
3624 3625 3590
3624 3590 3595
3626 3625 3624
3626 3624 3627
3621 3628 3629
3621 3629 3622
3621 3614 3619
3621 3619 3628
3621 3620 3615
3621 3615 3614
3620 3630 3631
3620 3631 3615
3632 3591 3590
3632 3590 3625
3633 3632 3625
3633 3625 3626
3591 3632 3634
3591 3634 3599
3635 3634 3632
3635 3632 3633
3636 3637 3638
3636 3638 3639
3640 3641 3642
3640 3642 3643
3644 3640 3643
3644 3643 3645
3646 3644 3645
3646 3645 3647
3648 3646 3647
3648 3647 3649
3650 3633 3626
3650 3626 3651
3633 3650 3652
3633 3652 3635
3653 3654 3612
3653 3612 3603
3603 3599 3634
3603 3634 3653
3655 3656 3657
3655 3657 3658
3650 3655 3658
3650 3658 3652
3658 3659 3660
3658 3660 3652
3652 3660 3661
3652 3661 3635
3635 3661 3653
3635 3653 3634
3650 3651 3662
3650 3662 3655
3655 3662 3663
3655 3663 3656
3656 3663 3664
3656 3664 3665
3636 3666 3637
3661 3667 3654
3661 3654 3653
3668 3616 3669
3670 3671 3668
3670 3668 3672
3668 3671 3616
3673 3674 3668
3673 3668 3669
3668 3674 3675
3668 3675 3672
3676 3677 3678
3676 3678 3679
3680 3676 3679
3680 3679 3681
3682 3683 3684
3682 3684 3685
3686 3682 3685
3686 3685 3687
3688 3686 3687
3689 3690 3691
3669 3616 3618
3692 3693 3694
3695 3696 3697
3695 3697 3698
3699 3695 3698
3699 3698 3700
3701 3702 3699
3701 3699 3700
3703 3704 3702
3703 3702 3701
3705 3706 3707
3705 3707 3708
3709 3706 3710
3711 3709 3710
3712 3696 3695
3712 3695 3713
3714 3712 3713
3715 3716 3717
3715 3717 3718
3719 3720 3714
3721 3713 3695
3721 3695 3699
3721 3722 3723
3724 3721 3702
3725 3724 3702
3725 3702 3704
3706 3726 3727
3706 3727 3707
3706 3709 3726
3710 3706 3705
3702 3721 3699
3721 3724 3728
3714 3713 3719
3708 3707 3704
3708 3704 3703
3707 3727 3704
3729 3730 3731
3729 3731 3732
3730 3729 3733
3730 3733 3734
3734 3733 3735
3734 3735 3736
3736 3735 3737
3736 3737 3738
3738 3737 3739
3738 3739 3740
3740 3739 3741
3740 3741 3742
3743 3744 3745
3743 3745 3746
3746 3745 3747
3746 3747 3748
3748 3747 3749
3748 3749 3750
3750 3749 3751
3750 3751 3752
3752 3751 3753
3752 3753 3754
3755 3756 3757
3754 3753 3758
3754 3758 3759
3759 3758 3760
3759 3760 3761
3762 3763 3764
3763 3762 3765
3763 3765 3766
3764 3756 3755
3764 3763 3756
3767 3768 3769
3767 3769 3770
3769 3768 3771
3769 3771 3772
3772 3771 3773
3772 3773 3774
3773 3775 3774
3774 3775 3776
3777 3778 3779
3777 3779 3780
3781 3782 3783
3781 3783 3784
3785 3786 3787
3785 3787 3788
3789 3786 3785
3789 3785 3790
3791 3789 3790
3791 3790 3792
3793 3791 3792
3793 3792 3794
3795 3793 3794
3795 3794 3796
3797 3795 3796
3797 3796 3798
3779 3784 3783
3779 3783 3780
3713 3723 3719
3721 3723 3713
3788 3787 3782
3788 3782 3781
3721 3728 3722
3704 3727 3725
3799 3800 3801
3799 3802 3800
3803 3804 3805
3804 3806 3805
3806 3807 3808
3809 3810 3811
3809 3811 3812
3813 3812 3811
3813 3811 3814
3815 3801 3816
3815 3816 3817
3818 3819 3820
3818 3820 3821
3822 3823 3824
3822 3824 3825
3826 3827 3828
3829 3830 3831
3829 3831 3832
3833 3834 3835
3836 3837 3838
3836 3838 3839
3840 3841 3842
3840 3842 3843
3844 3845 3846
3844 3846 3847
3832 3831 3848
3849 3850 3851
3849 3851 3852
3827 3853 3828
3854 3853 3855
3853 3854 3856
3853 3856 3857
3858 3859 3860
3858 3860 3861
3861 3860 3862
3861 3862 3863
3863 3862 3864
3863 3864 3865
3834 3833 3866
3867 3835 3868
3869 3870 3871
3869 3871 3872
3873 3874 3875
3875 3876 3877
3876 3878 3877
3879 3880 3881
3882 3883 3884
3882 3884 3885
3886 3887 3888
3889 3890 3891
3889 3891 3892
3893 3894 3895
3888 3887 3896
3896 3897 3898
3899 3900 3873
3901 3854 3902
3903 3904 3905
3903 3905 3906
3907 3908 3909
3910 3911 3912
3913 3914 3915
3913 3915 3916
3917 3918 3919
3920 3921 3922
3920 3922 3923
3924 3925 3926
3924 3926 3927
3928 3925 3924
3928 3924 3929
3930 3931 3918
3932 3933 3934
3935 3936 3937
3935 3937 3938
3893 3939 3894
3939 3940 3941
3939 3941 3894
3932 3942 3933
3943 3944 3945
3943 3945 3946
3947 3948 3949
3950 3951 3945
3950 3945 3944
3951 3950 3952
3951 3952 3953
3954 3955 3956
3955 3954 3957
3930 3918 3958
3910 3912 3954
3917 3919 3959
3960 3961 3962
3963 3960 3964
3965 3966 3967
3965 3967 3963
3968 3969 3902
3970 3971 3972
3970 3972 3973
3971 3974 3975
3974 3976 3977
3974 3977 3978
3976 3979 3980
3976 3980 3977
3981 3982 3983
3984 3985 3986
3984 3986 3987
3988 3989 3990
3991 3992 3993
3991 3993 3994
3995 3996 3991
3995 3991 3994
3997 3998 3999
4000 4001 4002
4000 4002 4003
4004 4005 4006
4007 4008 4009
4007 4009 4010
4011 4012 4013
4011 4013 4014
4015 4016 4017
3873 4018 3874
4019 4004 4006
4020 4021 4022
4023 4017 4016
4023 4016 4024
4025 4026 4027
4025 4027 4028
4029 4030 4023
4029 4023 4024
4029 4031 4030
4032 4033 4034
4035 4036 4037
4038 4039 4040
4041 4042 4043
4041 4043 4044
4043 4045 4046
4043 4046 4044
4047 4048 4049
4050 4051 4052
4053 4050 4054
4055 4056 4057
4055 4057 4058
4059 4060 4061
4059 4061 4062
4063 4064 4060
4063 4060 4059
4065 4066 4067
4068 4069 4070
4071 4072 4073
4074 4075 4076
4074 4076 4077
4078 4079 4080
4081 4082 4083
4084 4085 4086
4084 4087 4085
4088 4089 4090
4079 4091 4092
4074 4093 4094
4074 4094 4075
4021 4095 4022
3873 3900 4018
3900 4096 4018
3875 3874 3876
4081 4097 4082
4078 4082 4098
4099 4100 4101
4099 4101 4102
4103 4104 4105
4103 4105 4106
4107 4108 4109
4107 4109 4110
4111 4112 4113
4111 4113 4114
4115 4116 4117
4115 4117 4118
4119 4120 4121
4122 4123 4124
4125 4126 4056
4125 4056 4055
4127 4128 4078
4129 4130 4131
4047 4132 4133
4134 4072 4071
4135 3986 3985
4135 3985 4136
4134 4137 4138
4139 4140 4141
4141 4142 4143
4144 4145 4146
4144 4146 4147
4148 4149 4150
4151 4148 4152
4153 4154 4155
4153 4155 4151
4156 4157 4158
4156 4158 4159
4160 4161 4162
4163 4164 4160
4163 4160 4165
4166 4039 4038
4167 4168 4169
4170 4171 4172
4173 4174 4172
3999 4175 3997
4176 4177 4178
4176 4178 4179
4180 4181 4182
4180 4182 4183
4184 4185 4186
4184 4186 4187
4188 4189 4190
4188 4190 4191
4192 4191 4190
4192 4190 4193
4194 4195 4196
4194 4196 4197
4197 4196 4198
4197 4198 4199
4200 4201 4202
4203 4204 4200
4203 4200 4202
4205 4206 4207
4208 4209 4210
4208 4210 4201
4211 4208 4200
4212 4211 4200
4212 4200 4204
4206 4213 4214
4206 4214 4215
4216 4217 4209
4216 4209 4208
4218 4216 4219
4220 4221 4218
4220 4218 4219
4222 4223 4224
4223 4225 4226
4227 4228 4229
4227 4229 4230
4228 4231 4232
4231 4233 4234
4235 4236 4237
4236 4238 4239
4240 4241 4217
4240 4242 4241
4243 4244 4245
4244 4246 4247
4248 4249 4250
4250 4249 4251
4250 4251 4252
4252 4251 4253
4252 4253 4254
4255 4256 4257
4258 4259 4255
4258 4255 4257
4240 4260 4261
4240 4261 4242
4262 4263 4261
4262 4261 4264
4265 4263 4266
4265 4266 4267
4268 4269 4270
4268 4270 4271
4270 4272 4243
4273 4274 4275
4273 4275 4272
4275 4276 4246
4277 4276 4278
4279 4280 4281
4279 4281 4282
4283 4284 4282
4283 4282 4281
4285 4286 4287
4285 4287 4288
4287 4289 4249
4290 4291 4289
4290 4289 4292
4291 4293 4253
4291 4253 4251
4291 4290 4294
4291 4294 4293
4295 4288 4296
4248 4288 4287
4248 4287 4249
4297 4283 4281
4297 4281 4298
4299 4279 4248
4274 4278 4276
4274 4276 4275
4300 4246 4276
4300 4276 4298
4267 4266 4271
4301 4266 4263
4301 4263 4262
4257 4256 4216
4257 4216 4218
4258 4257 4218
4258 4218 4221
4256 4217 4216
4302 4303 4304
4302 4304 4305
4200 4208 4201
4285 4288 4295
4306 4266 4301
4243 4271 4270
4267 4271 4243
4307 4308 4309
4307 4309 4310
4308 3943 3946
4308 3946 4309
3927 3926 3920
3927 3920 3923
3914 3922 3921
3914 3921 3915
3918 4311 4312
3918 3931 4311
3958 3918 3917
3954 3956 3910
4313 3954 4314
3957 3954 4313
3949 4315 3947
3949 3942 4315
3949 3948 4316
4317 3961 4318
3962 3961 4319
4318 3961 4320
4319 3961 4317
3960 3962 4321
3933 3942 3949
4322 4323 4324
4322 4324 4325
3310 4326 4327
3310 4327 3311
4328 4322 4325
4326 4329 4327
3334 4330 3310
4331 4332 4333
4334 4335 4333
4334 4333 4330
4336 4337 4334
4336 4334 4330
4324 4338 4327
4324 4327 4325
3311 4327 4338
4333 4332 4329
4330 4333 4326
4339 4331 4335
4339 4335 4340
4341 4339 4340
4341 4340 4342
4343 4344 4345
4343 4345 4346
4347 4348 4344
4347 4344 4343
4349 4348 4347
4349 4347 4350
4351 4349 4350
4351 4350 4352
4353 4340 4335
4353 4335 4334
4354 4353 4334
4354 4334 4337
4340 4353 4355
4340 4355 4342
4356 4355 4353
4356 4353 4354
4342 4355 4357
4342 4357 4346
4356 4357 4355
4347 4358 4359
4347 4359 4350
4359 4352 4350
3336 4360 4336
3336 4336 3334
4361 4362 4363
4361 4363 4364
4362 4361 4365
4362 4365 4366
4367 4364 4363
4367 4363 4368
4369 4367 4368
4369 4368 4370
4371 4369 4370
4371 4370 4372
4373 4371 4372
4373 4372 4374
4375 4376 4377
4375 4377 4378
4379 4376 4375
4379 4375 4380
4381 4379 4380
4381 4380 4382
4383 4381 4382
4383 4382 4384
4385 4386 4387
4385 4387 4388
4387 4386 4389
4387 4389 4390
4390 4389 4391
4390 4391 4392
4392 4391 4393
4392 4393 4394
4393 4395 4396
4393 4396 4394
4397 4398 4399
4397 4399 4400
4400 4399 4401
4400 4401 4402
4402 4401 4403
4402 4403 4404
4397 4396 4395
4397 4395 4398
4343 4405 4358
4343 4358 4347
4346 4345 4341
4346 4341 4342
4374 4378 4377
4374 4377 4373
4343 4346 4357
4343 4357 4405
4336 4360 4337
4406 4385 4388
4406 4388 4407
4336 4330 3334
3310 4330 4326
4326 4333 4329
3590 3594 3596
4408 4409 4410
4408 4410 4411
4412 4413 4414
4412 4414 4415
4416 4417 4418
4416 4418 4419
4420 4421 4422
4420 4422 4423
4424 4425 4421
4424 4421 4420
4426 4427 4428
4426 4428 4429
4430 4431 4432
4430 4432 4433
4434 4435 4436
4434 4436 4437
4438 4439 4440
4438 4440 4441
4442 4443 4444
4442 4444 4445
4446 4447 4448
4446 4448 4449
4450 4451 4452
4450 4452 4453
4451 4454 4455
4451 4455 4452
4456 4457 4458
4456 4458 4459
4458 4460 4461
4458 4461 4459
4462 4463 4464
4462 4464 4465
4466 4467 4468
4466 4468 4469
4470 4300 4280
4471 3909 4472
4471 4472 4473
3906 3905 4474
4475 4476 4477
3835 3867 3833
4087 4084 4478
4140 4479 4119
4142 4140 4480
4481 4482 4483
4481 4483 4484
4485 4077 4486
4485 4486 4487
4071 4137 4134
4077 4485 4074
4488 4489 4490
4488 4490 4491
3974 3978 3975
3897 3896 3887
3971 3975 3972
4492 4493 4494
4492 4494 4495
4494 4496 4495
4497 4030 4031
4497 4031 4498
3874 4018 4499
3982 3980 3979
3982 3979 4500
4497 4498 4501
4050 4502 4054
4174 4170 4172
4503 4033 4035
4504 4505 4506
4504 4506 4507
4508 4509 4510
4508 4510 4511
4512 4513 4514
4512 4514 4515
4497 4501 4516
4516 4501 4032
4086 4085 4081
3893 3895 4517
4518 4519 4149
4067 4069 4065
4520 4521 4522
4520 4522 4523
4485 4487 4524
4525 3880 3879
4526 3881 4527
4528 3877 3878
4528 3878 4529
3879 3881 4526
3968 3902 3855
3968 3855 4530
4123 4122 4121
4123 4121 4120
4058 4057 4531
4058 4531 4532
4533 4534 4535
4533 4535 4536
4537 4225 4227
4537 4227 4230
4538 4428 4427
4538 4427 4539
4540 4541 4542
4540 4542 4543
4544 4265 4267
4245 4544 4267
4245 4267 4243
4276 4277 4298
4266 4306 4271
4545 4546 4547
4545 4547 4548
4549 4550 4551
4552 4553 4547
4552 4547 4546
4549 4554 4550
4555 4238 4236
4236 4235 4556
4556 4235 4233
4556 4233 4557
4231 4228 4558
4231 4558 4559
4228 4227 4560
4228 4560 4558
4227 4225 4561
4227 4561 4560
4225 4223 4562
4225 4562 4561
4563 4564 4565
4565 4566 4209
4565 4209 4217
4566 4567 4210
4566 4210 4209
4254 4568 4555
4254 4555 4252
4252 4555 4569
4252 4569 4250
4555 4236 4570
4555 4570 4569
4569 4570 4571
4569 4571 4299
4571 4470 4299
4279 4282 4296
4248 4250 4299
4572 4562 4223
4572 4223 4222
4544 4563 4241
4567 4566 4206
4213 4566 4565
4213 4565 4564
4563 4565 4217
4563 4217 4241
4236 4556 4570
4570 4556 4557
4570 4557 4571
4470 4559 4558
4470 4558 4247
4247 4558 4560
4247 4560 4245
4560 4561 4544
4560 4544 4245
4561 4562 4563
4561 4563 4544
4562 4572 4564
4562 4564 4563
4240 4256 4255
4240 4255 4260
4260 4255 4259
4260 4259 4573
4574 4296 4282
4574 4282 4284
4248 4296 4288
4279 4296 4248
4295 4296 4574
4298 4281 4280
4298 4280 4300
4299 4280 4279
4245 4244 4247
4247 4246 4300
4247 4300 4470
4559 4470 4571
4559 4571 4557
4470 4280 4299
4242 4261 4263
4242 4263 4265
4264 4261 4260
4264 4260 4573
4241 4242 4544
4544 4242 4265
4240 4217 4256
4298 4277 4297
4275 4246 4244
4273 4272 4269
4243 4272 4244
4244 4272 4275
4269 4272 4270
4271 4306 4268
4292 4289 4287
4292 4287 4286
4249 4289 4251
4251 4289 4291
4212 4220 4219
4212 4219 4211
4219 4208 4211
4219 4216 4208
3826 3828 4575
3536 3515 3537
3516 3515 3536
3767 3770 4576
3757 3756 4577
4578 3674 3673
4579 3675 3674
4578 4579 3674
4580 3744 3743
3715 3693 3692
3715 3692 3716
4581 4582 4583
4584 4581 4583
4584 4583 4585
4586 4584 4585
4586 4585 4587
4588 4586 4587
4588 4587 4589
4590 4588 4589
4590 4589 4591
4592 4593 4594
4595 4596 4597
4595 4597 4598
4599 4598 4597
4599 4597 4600
4601 4602 4603
4603 4602 4604
4603 4604 4605
4605 4604 4606
4605 4606 4607
4606 4608 4609
4606 4609 4607
4610 4611 4612
4610 4612 4613
4614 4610 4613
4614 4613 4615
4616 4617 4618
4618 4617 4619
4618 4619 4620
4620 4619 4621
4620 4621 4622
4622 4621 4623
4622 4623 4624
4623 4625 4626
4623 4626 4624
4627 4628 4629
4627 4629 4630
4631 4632 4633
4631 4633 4634
4629 4633 4632
4629 4632 4630
4635 4636 3691
4635 3691 3690
4637 4638 4639
4637 4639 4640
4640 4639 4641
4640 4641 4642
4643 4644 4645
4643 4645 4646
4646 4645 4647
4646 4647 4648
4649 4650 4651
4649 4651 4652
4652 4651 4653
4652 4653 4654
4655 4656 4657
4655 4657 4658
4658 4657 4659
4658 4659 4660
4661 4662 4663
4661 4663 4664
4664 4663 4665
4664 4665 4666
4666 4665 4667
4666 4667 4668
4668 4667 4669
4668 4669 4670
4671 4672 4673
4671 4673 4674
4675 4676 4677
4675 4677 4678
4679 4675 4678
4679 4678 4680
4681 4679 4680
4681 4680 4682
4683 4684 4685
4683 4685 4686
4687 4688 4689
4690 4691 4692
4690 4692 4693
4694 4695 4696
4591 4593 4590
4594 4593 4591
4697 4698 4699
4697 4699 4700
4698 4701 4702
4698 4702 4699
4703 4704 4702
4703 4702 4701
4705 4704 4703
4700 4706 4707
4700 4707 4697
4706 4708 4709
4706 4709 4707
4710 4711 4712
4710 4712 4713
4714 4715 4716
4714 4716 4717
4718 4719 4720
4718 4720 4721
4722 4721 4720
4722 4720 4723
4724 4725 4726
4724 4727 4728
4724 4728 4725
4729 4730 4731
4729 4731 4732
4732 4733 4729
4734 4691 4735
4734 4735 4736
4737 4738 4739
4737 4739 4740
4737 4741 4742
4737 4742 4738
4743 4744 4745
4743 4745 4746
4747 4748 4749
4750 4751 4752
4753 4751 4754
4754 4751 4750
4686 4755 4756
4686 4756 4683
4756 4755 4689
4756 4689 4688
4743 4757 4758
4743 4758 4744
4759 4739 4738
4759 4738 4760
4734 4761 4691
4761 4762 4691
4691 4762 4692
4763 4748 4764
4754 4765 4766
4754 4766 4753
4767 4768 4769
4767 4769 4770
4765 4771 4772
4765 4772 4766
4761 4773 4762
4774 4775 4760
4747 4764 4748
4768 4776 4758
4768 4758 4769
4777 4778 4779
4777 4779 4780
4779 4781 4780
4751 4753 4782
4783 4784 4785
4786 4783 4787
4786 4787 4788
4789 4786 4788
4789 4788 4790
4790 4791 4789
4792 4793 4794
4792 4794 4795
4796 4797 4798
4796 4798 4799
4800 4799 4798
4800 4798 4801
4802 4803 4804
4802 4804 4805
4786 4806 4783
4805 4807 4808
4805 4808 4802
4809 4810 4811
4809 4811 4812
4813 4814 4815
4813 4815 4816
4817 4818 4809
4817 4809 4812
4811 4819 4820
4811 4820 4812
4815 4821 4822
4815 4822 4816
4821 4823 4822
4824 4774 4820
4825 4696 4826
4825 4826 4827
4828 4827 4826
4828 4826 4829
4825 4830 4696
4831 4832 4833
4831 4833 4834
4835 4834 4833
4835 4833 4836
4837 4838 4839
4837 4839 4840
4841 4842 4843
4841 4843 4844
4845 4837 4840
4846 4847 4848
4846 4848 4849
4850 4848 4847
4850 4847 4841
4849 4848 4851
4849 4851 4852
4853 4851 4848
4853 4848 4850
4854 4855 4856
4854 4856 4857
4696 4830 4694
4854 4857 4858
4854 4858 4859
4860 4841 4844
4860 4844 4861
4841 4860 4862
4841 4862 4850
4850 4862 4863
4850 4863 4853
4864 4860 4861
4864 4861 4865
4860 4864 4866
4860 4866 4862
4862 4866 4867
4862 4867 4863
4868 4772 4771
4868 4771 4869
4870 4871 4868
4870 4868 4869
4775 4872 4873
4775 4873 4770
4873 4872 4874
4873 4874 4875
4876 4872 4775
4876 4775 4774
4872 4876 4877
4872 4877 4874
4878 4879 4880
4855 4881 4882
4855 4882 4856
4694 4883 4695
4807 4884 4808
4786 4885 4886
4786 4886 4806
4887 4885 4888
4885 4887 4886
4889 4882 4881
4824 4890 4876
4824 4876 4774
4876 4890 4891
4876 4891 4877
4892 4893 4887
4892 4887 4888
4894 4895 4867
4894 4867 4866
4896 4894 4866
4896 4866 4864
4864 4865 4897
4864 4897 4896
4898 4899 4900
4900 4901 4902
4903 4901 4904
4900 4899 4905
4900 4905 4906
4901 4900 4906
4904 4907 4908
4904 4908 4903
4909 4908 4907
4909 4907 4910
4911 4909 4910
4911 4910 4912
4913 4911 4912
4913 4912 4914
4915 4913 4914
4915 4914 4916
4917 4915 4916
4917 4916 4918
4919 4917 4918
4919 4918 4920
4921 4919 4920
4921 4920 4922
4919 4921 4923
4924 4925 4921
4924 4921 4922
4904 4901 4906
4898 4902 4926
4903 4927 4901
4902 4928 4929
4902 4929 4926
4901 4928 4902
4908 4930 4927
4908 4927 4903
4909 4931 4930
4909 4930 4908
4911 4932 4931
4911 4931 4909
4911 4913 4933
4911 4933 4932
4915 4934 4933
4915 4933 4913
4917 4935 4934
4917 4934 4915
4919 4936 4935
4919 4935 4917
4919 4923 4937
4919 4937 4936
4923 4938 4939
4923 4939 4937
4927 4928 4901
4940 4941 4942
4940 4942 4943
4944 4945 4946
4944 4946 4947
4948 4949 4950
4948 4950 4951
3612 3611 3604
3612 3604 3603
4952 4953 4168
4954 3990 3989
4954 3989 4955
4898 4900 4902
4187 4186 4554
4411 4414 4413
4411 4413 4408
4419 4418 4412
4419 4412 4415
4442 4445 4553
4442 4553 4552
4449 4545 4548
4449 4548 4446
4303 4551 4956
4303 4956 4304
4551 4550 4956
4187 4554 4549
4183 4182 4185
4183 4185 4184
4188 4302 4305
4188 4305 4189
4441 4410 4409
4441 4409 4438
4423 4422 4417
4423 4417 4416
4453 4448 4447
4453 4447 4450
4468 4467 4444
4468 4444 4443
4179 4178 4181
4179 4181 4180
4440 4439 4434
4440 4434 4437
4465 4464 4466
4465 4466 4469
4192 4193 4534
4192 4534 4533
4540 4455 4454
4540 4454 4541
4538 4539 4425
4538 4425 4424
4199 4198 4177
4199 4177 4176
4436 4435 4431
4436 4431 4430
4461 4460 4463
4461 4463 4462
4222 4224 4957
4223 4226 4224
4226 4225 4537
4214 4222 4957
4205 4207 4958
4207 4206 4215
4228 4232 4229
4232 4231 4234
4959 4235 4960
4237 4236 4239
4235 4237 4960
4961 4962 4963
3875 4964 4965
3875 4965 3873
3808 4966 3809
3809 4966 3810
3805 3806 3808
3857 3856 4967
3857 4967 4968
3800 3802 4969
3799 3801 3815
3803 3805 4970
3854 3855 3902
3855 3853 3827
4001 4971 4972
4001 4972 4002
4971 4973 4974
4971 4974 4972
4975 4976 4977
4975 4977 4978
4976 4979 4980
4976 4980 4977
4979 4981 4982
4981 4175 3999
4981 3999 4983
4310 3941 3940
4310 3940 4307
3934 3937 3936
3934 3933 3937
3963 3964 3965
3964 3960 4321
3916 4473 4472
3916 4472 3913
4474 3905 3912
4474 3912 3911
4477 4476 3919
3919 4476 3959
3907 3909 4471
3983 3982 4500
4034 4033 4503
4032 4034 4516
3981 3983 4984
4984 4135 4136
4984 4136 3981
4138 4137 4094
4138 4094 4093
4037 4036 4129
4035 4037 4503
4511 4506 4505
4511 4505 4508
4172 4171 4985
4050 4052 4502
4986 4161 4156
4133 4987 4047
4052 4987 4133
4052 4051 4987
4986 4156 4159
4160 4162 4165
4162 4161 4986
4047 4049 4132
4130 4129 4036
4131 4130 4038
3987 4954 4955
3987 4955 3984
4071 4073 4518
4518 4073 4519
4040 4039 4988
4038 4040 4131
4088 4092 4091
4088 4091 4089
4070 4069 4067
4149 4519 4150
4146 4145 4143
4167 4169 4989
4952 4168 4167
4143 4145 4141
4067 4066 4063
4063 4066 4064
4078 4128 4082
4062 4061 4126
4062 4126 4125
4480 4140 4119
4083 4082 4128
4141 4140 4142
4480 4119 4990
4119 4121 4990
4081 4083 4086
4078 4080 4127
4079 4092 4080
3993 3992 3988
3993 3988 3990
4151 4152 4153
4152 4148 4150
4042 4041 4988
4042 4988 4039
3432 3436 3435
3432 3435 3433
3417 3420 3419
3417 3419 3416
3450 3447 3434
3450 3434 3437
3409 3404 3407
3409 3407 3410
3390 3391 4991
4992 3459 3458
4992 3458 4993
3460 3458 3455
3460 3455 3457
3441 3440 4994
3441 4994 3478
3458 3461 4993
3477 3478 4994
3478 3443 3442
4978 4974 4973
4978 4973 4975
3858 4968 4967
3858 4967 3859
4970 4969 3803
3800 4969 4970
4964 3865 3864
4964 3864 4965
4979 4982 4980
4982 4981 4983
3808 3807 4966
4213 4564 4572
4213 4572 4222
4214 4213 4222
4566 4213 4206
4559 4557 4233
4559 4233 4231
4959 4233 4235
4234 4233 4959
4961 4238 4962
4238 4555 4568
4569 4299 4250
4238 4568 4962
4567 4206 4205
4239 4238 4961
4995 4996 4997
4995 4997 4998
4999 5000 4996
4999 4996 4995
5001 5002 5000
5001 5000 4999
5003 5004 5002
5003 5002 5001
5005 5006 5004
5005 5004 5003
5007 5008 5006
5007 5006 5005
5009 5010 5008
5009 5008 5007
5011 5012 5010
5011 5010 5009
4999 4995 5013
5014 5001 4999
5015 5003 5001
5015 5001 5014
5016 5005 5003
5016 5003 5015
5017 5007 5005
5017 5005 5016
5018 5009 5007
5018 5007 5017
5019 5011 5009
5019 5009 5018
5013 4995 5020
5021 5013 5020
5021 5020 5022
5023 5015 5014
5024 5016 5015
5024 5015 5023
5025 5017 5016
5025 5016 5024
5026 5018 5017
5026 5017 5025
5027 5019 5018
5027 5018 5026
5028 5029 5030
5028 5030 5031
5021 5014 5013
5032 5021 5022
5032 5022 5033
5034 5035 5036
5037 5038 5035
5037 5035 5034
5039 5040 5038
5039 5038 5037
5041 5042 5040
5041 5040 5039
5043 5044 5045
5043 5045 5046
5047 5048 5044
5047 5044 5043
5049 5050 5048
5049 5048 5047
5051 5052 5050
5051 5050 5049
5045 5029 5028
5045 5028 5046
5023 5021 5032
5053 5024 5023
5053 5023 5032
5054 5025 5024
5054 5024 5053
5055 5026 5025
5055 5025 5054
5056 5027 5026
5056 5026 5055
5053 5035 5038
5053 5038 5054
5035 5053 5032
5057 5055 5054
5057 5054 5038
5058 5056 5055
5058 5055 5057
5057 5040 5042
5057 5042 5058
5040 5057 5038
5032 5033 5036
5035 5032 5036
5059 5058 5042
5060 5061 5052
5060 5052 5051
5062 5063 5061
5062 5061 5060
5064 5065 5066
5064 5066 5067
5068 5069 5066
5068 5066 5065
5070 5071 5072
5070 5072 5073
5074 5075 5071
5074 5071 5070
5076 5077 5069
5076 5069 5068
5078 5079 5080
5078 5080 5081
5081 5080 5082
5081 5082 5083
5075 5074 5084
5085 5086 5087
5083 5082 5088
5083 5088 5089
5090 5091 5092
5090 5092 5093
5094 5095 5096
5094 5096 5097
5098 5099 5095
5098 5095 5094
5100 5074 5070
5100 5070 5073
5100 5073 5101
5102 5103 5064
5102 5064 5067
5104 5105 5106
5104 5106 5107
5104 5108 5109
5104 5109 5105
5110 5111 5109
5110 5109 5108
5112 5113 5114
5112 5114 5115
5116 5117 5113
5116 5113 5112
5118 5119 5099
5118 5099 5098
5120 5121 5122
5120 5122 5123
5124 5089 5088
5124 5088 5125
5124 5125 5126
5124 5126 5127
5128 5129 5130
5128 5130 5131
5131 5132 5128
5133 5120 5134
5135 5136 5137
5135 5137 5133
5135 5138 5139
5115 5114 5111
5115 5111 5110
5139 5136 5135
5132 5140 5128
5141 5073 5072
5141 5072 5142
5143 5101 5073
5143 5073 5141
5141 5142 5144
5141 5144 5145
5146 5145 5147
5101 5143 5148
5149 5150 5151
5149 5151 5152
5153 5154 5151
5153 5151 5150
5155 5156 5157
5155 5157 5158
5159 5160 5158
5159 5158 5157
5146 5147 5161
5149 5152 5162
5163 5164 5129
5135 5165 5138
5140 5166 5128
5167 5168 5169
5170 5171 5172
5173 5167 5169
5173 5169 5174
5175 5176 5177
5175 5177 5178
5179 5180 5181
5179 5181 5182
5183 5184 5185
5183 5185 5186
5185 5187 5186
5179 5182 5177
5179 5177 5176
5168 5171 5170
5168 5170 5169
5185 5188 5187
5188 5189 5187
5181 5180 5190
5181 5190 5191
5192 5189 5188
5193 5194 5195
5193 5195 5196
5197 5198 5199
5200 5201 5202
5203 5204 5205
5203 5205 5206
5207 5208 5204
5207 5204 5203
5209 5210 5208
5209 5208 5207
5211 5212 5210
5211 5210 5209
5213 5214 5212
5213 5212 5211
5215 5216 5214
5215 5214 5213
5217 5218 5216
5217 5216 5215
5197 5219 5198
5196 5195 5220
5196 5220 5221
5222 5223 5224
5222 5224 5225
5198 5219 5206
5198 5206 5205
5226 5227 5194
5226 5194 5193
5228 5229 5227
5228 5227 5226
5230 5231 5229
5230 5229 5228
5232 5233 5231
5232 5231 5230
5234 5235 5233
5234 5233 5232
5236 5237 5235
5236 5235 5234
5238 5239 5237
5238 5237 5236
5240 5241 5239
5240 5239 5238
5217 5242 5243
5217 5243 5218
5244 5245 5241
5244 5241 5240
5246 5247 5245
5246 5245 5244
5248 5249 5247
5248 5247 5246
5250 5243 5251
5250 5252 5243
5243 5242 5251
5253 5254 5201
5253 5201 5200
5255 5256 5254
5255 5254 5253
5257 5258 5256
5257 5256 5255
5259 5260 5258
5259 5258 5257
5261 5262 5260
5261 5260 5259
5263 5264 5262
5263 5262 5261
5265 5266 5264
5265 5264 5263
5267 5268 5266
5267 5266 5265
5268 5267 5269
5267 5270 5271
5267 5271 5269
5272 5273 5274
5272 5274 5275
5276 5277 5278
5276 5278 5279
5280 5279 5278
5281 5282 5278
5283 5272 5275
5283 5275 5284
5285 5277 5276
5285 5276 5286
5287 5283 5284
5287 5284 5288
5289 5285 5286
5289 5286 5290
5291 5287 5288
5291 5288 5292
5293 5291 5292
5293 5292 5294
5295 5296 5297
5295 5297 5298
5299 5300 5301
5302 5303 5299
5302 5299 5304
5305 5304 5299
5305 5299 5301
5306 5307 5308
5306 5308 5309
5278 5310 5311
5278 5311 5281
5312 5313 5311
5312 5311 5310
5309 5308 5314
5309 5314 5315
5309 5315 5305
5309 5305 5301
5300 5306 5309
5300 5309 5301
5306 5300 5316
5306 5316 5317
5318 5310 5278
5318 5278 5277
5319 5312 5310
5319 5310 5318
5320 5318 5277
5320 5277 5285
5321 5319 5318
5321 5318 5320
5322 5323 5324
5322 5324 5325
5326 5327 5328
5326 5328 5329
5330 5331 5327
5330 5327 5326
5332 5333 5331
5332 5331 5330
5334 5335 5333
5334 5333 5332
5336 5337 5312
5336 5312 5319
5338 5336 5319
5338 5319 5321
5339 5289 5296
5339 5296 5340
5289 5339 5320
5289 5320 5285
5341 5342 5343
5341 5343 5344
5336 5338 5342
5336 5342 5341
5345 5346 5342
5345 5342 5338
5347 5345 5338
5347 5338 5321
5339 5347 5321
5339 5321 5320
5348 5337 5336
5348 5336 5341
5349 5348 5341
5349 5341 5344
5350 5349 5344
5350 5344 5351
5322 5325 5352
5340 5353 5347
5340 5347 5339
5354 5355 5302
5356 5357 5354
5356 5354 5358
5354 5302 5358
5354 5359 5360
5354 5360 5355
5361 5359 5354
5361 5354 5357
5362 5363 5364
5362 5364 5365
5366 5367 5363
5366 5363 5362
5368 5369 5370
5368 5370 5371
5372 5373 5369
5372 5369 5368
5374 5373 5372
5375 5376 5377
5355 5303 5302
5378 5379 5380
5381 5382 5383
5381 5383 5384
5381 5385 5386
5381 5386 5382
5385 5387 5388
5385 5388 5386
5387 5389 5390
5387 5390 5388
5391 5392 5393
5391 5393 5394
5395 5396 5392
5397 5396 5395
5398 5399 5381
5398 5381 5384
5400 5399 5398
5401 5402 5403
5401 5403 5404
5405 5400 5406
5407 5385 5381
5407 5381 5399
5407 5408 5409
5410 5387 5407
5411 5389 5387
5411 5387 5410
5412 5413 5392
5412 5392 5391
5392 5413 5395
5396 5393 5392
5387 5385 5407
5407 5414 5410
5400 5405 5399
5394 5390 5389
5394 5389 5391
5391 5389 5412
5415 5416 5417
5415 5417 5418
5419 5415 5418
5419 5418 5420
5421 5419 5420
5421 5420 5422
5423 5421 5422
5423 5422 5424
5425 5423 5424
5425 5424 5426
5427 5425 5426
5427 5426 5428
5429 5430 5431
5429 5431 5432
5433 5429 5432
5433 5432 5434
5435 5433 5434
5435 5434 5436
5437 5435 5436
5437 5436 5438
5439 5437 5438
5439 5438 5440
5441 5442 5443
5440 5444 5445
5440 5445 5439
5446 5445 5444
5446 5444 5447
5448 5449 5450
5451 5448 5450
5451 5450 5452
5449 5441 5443
5449 5443 5450
5453 5454 5455
5453 5455 5456
5457 5454 5453
5457 5453 5458
5459 5457 5458
5459 5458 5460
5459 5460 5461
5460 5462 5461
5463 5464 5465
5463 5465 5466
5467 5468 5469
5467 5469 5470
5471 5472 5473
5471 5473 5474
5475 5476 5473
5475 5473 5472
5477 5478 5476
5477 5476 5475
5479 5480 5478
5479 5478 5477
5481 5482 5480
5481 5480 5479
5483 5484 5482
5483 5482 5481
5467 5470 5465
5467 5465 5464
5399 5405 5408
5407 5399 5408
5474 5469 5468
5474 5468 5471
5407 5409 5414
5389 5411 5412
5485 5486 5487
5485 5487 5488
5489 5490 5491
5491 5490 5492
5492 5493 5494
5495 5496 5497
5495 5497 5498
5495 5498 5499
5495 5499 5500
5501 5502 5503
5501 5503 5486
5504 5505 5506
5504 5506 5507
5508 5509 5510
5508 5510 5511
5512 5513 5514
5515 5516 5517
5515 5517 5518
5519 5520 5521
5522 5523 5524
5522 5524 5525
5526 5527 5528
5526 5528 5529
5530 5531 5532
5530 5532 5533
5516 5534 5517
5535 5536 5537
5535 5537 5538
5514 5513 5539
5540 5541 5539
5542 5540 5539
5542 5539 5543
5544 5545 5546
5544 5546 5547
5548 5544 5547
5548 5547 5549
5550 5548 5549
5550 5549 5551
5521 5552 5519
5553 5554 5520
5555 5556 5557
5555 5557 5558
5559 5560 5561
5560 5562 5563
5563 5562 5564
5565 5566 5567
5568 5569 5570
5568 5570 5571
5572 5573 5574
5575 5576 5577
5575 5577 5578
5579 5580 5581
5573 5582 5574
5582 5583 5584
5585 5559 5586
5587 5588 5540
5589 5590 5591
5589 5591 5592
5593 5594 5595
5596 5597 5598
5599 5600 5601
5599 5601 5602
5603 5604 5605
5606 5607 5608
5606 5608 5609
5610 5611 5612
5610 5612 5613
5614 5615 5612
5614 5612 5611
5616 5605 5617
5618 5619 5620
5621 5622 5623
5621 5623 5624
5579 5581 5625
5625 5581 5626
5625 5626 5627
5618 5620 5628
5629 5630 5631
5629 5631 5632
5633 5634 5635
5636 5630 5629
5636 5629 5637
5638 5636 5637
5638 5637 5639
5640 5641 5642
5642 5643 5640
5616 5644 5605
5596 5640 5597
5603 5645 5604
5646 5647 5648
5649 5650 5646
5651 5652 5653
5651 5653 5649
5654 5588 5655
5656 5657 5658
5656 5658 5659
5657 5660 5661
5661 5662 5663
5661 5663 5664
5665 5666 5664
5665 5664 5663
5667 5668 5669
5670 5671 5672
5670 5672 5673
5674 5675 5676
5677 5678 5679
5677 5679 5680
5677 5681 5682
5677 5682 5678
5683 5684 5685
5686 5687 5688
5686 5688 5689
5690 5691 5692
5693 5694 5695
5693 5695 5696
5697 5698 5699
5697 5699 5700
5701 5702 5703
5559 5561 5704
5705 5691 5690
5706 5707 5708
5703 5702 5709
5703 5709 5710
5711 5712 5713
5711 5713 5714
5715 5710 5709
5715 5709 5716
5715 5716 5717
5718 5719 5720
5721 5722 5723
5724 5725 5726
5727 5728 5729
5727 5729 5730
5729 5728 5731
5729 5731 5732
5733 5734 5735
5736 5737 5738
5739 5740 5736
5741 5742 5743
5741 5743 5744
5745 5746 5747
5745 5747 5748
5746 5749 5750
5746 5750 5747
5751 5752 5753
5754 5755 5756
5757 5758 5759
5760 5761 5762
5760 5762 5763
5764 5765 5766
5767 5768 5769
5770 5771 5772
5770 5772 5773
5774 5775 5776
5766 5777 5778
5779 5780 5760
5779 5760 5763
5708 5707 5781
5559 5704 5586
5586 5704 5782
5560 5563 5561
5767 5769 5783
5764 5784 5769
5785 5786 5787
5785 5788 5786
5789 5790 5791
5789 5791 5792
5793 5794 5795
5793 5795 5796
5797 5798 5799
5797 5799 5800
5801 5802 5803
5801 5803 5804
5805 5806 5807
5808 5809 5810
5811 5743 5742
5811 5742 5812
5813 5764 5814
5815 5816 5817
5733 5818 5819
5820 5757 5759
5673 5672 5821
5673 5821 5822
5820 5823 5824
5825 5826 5827
5826 5828 5829
5830 5831 5832
5830 5832 5833
5834 5835 5836
5837 5838 5834
5839 5840 5841
5839 5841 5837
5842 5843 5844
5842 5844 5845
5846 5847 5848
5849 5850 5846
5849 5846 5851
5852 5724 5726
5853 5854 5855
5856 5857 5858
5859 5857 5860
5684 5683 5861
5862 5863 5864
5862 5864 5865
5866 5867 5868
5866 5868 5869
5870 5871 5872
5870 5872 5873
5874 5875 5876
5874 5876 5877
5876 5875 5878
5876 5878 5879
5880 5881 5882
5880 5882 5883
5881 5884 5885
5881 5885 5882
5886 5887 5888
5886 5889 5890
5886 5890 5887
5891 5892 5893
5894 5888 5895
5894 5895 5896
5897 5886 5894
5898 5889 5886
5898 5886 5897
5893 5899 5900
5893 5900 5901
5902 5894 5896
5902 5896 5903
5904 5905 5902
5904 5906 5907
5904 5907 5905
5908 5909 5910
5910 5911 5912
5913 5914 5915
5913 5915 5916
5916 5917 5918
5918 5919 5920
5921 5922 5923
5923 5924 5925
5926 5903 5927
5926 5927 5928
5929 5930 5931
5931 5932 5933
5934 5935 5936
5937 5936 5935
5937 5935 5938
5939 5937 5938
5939 5938 5940
5941 5942 5943
5941 5944 5945
5941 5945 5942
5946 5947 5926
5946 5926 5928
5948 5949 5946
5948 5946 5950
5951 5950 5952
5951 5952 5953
5954 5955 5956
5954 5956 5957
5954 5929 5958
5959 5960 5961
5959 5961 5958
5959 5933 5962
5963 5964 5962
5965 5966 5967
5965 5967 5968
5966 5969 5970
5966 5970 5967
5971 5972 5973
5971 5973 5974
5971 5936 5975
5976 5977 5975
5976 5975 5978
5978 5937 5939
5978 5939 5979
5980 5976 5978
5980 5978 5979
5981 5982 5974
5934 5936 5971
5934 5971 5974
5967 5970 5983
5967 5983 5984
5985 5934 5965
5962 5964 5960
5962 5960 5959
5962 5933 5986
5962 5986 5984
5953 5957 5951
5987 5948 5950
5987 5950 5951
5942 5904 5902
5942 5902 5943
5945 5906 5904
5945 5904 5942
5943 5902 5903
5988 5989 5990
5988 5990 5991
5886 5888 5894
5973 5981 5974
5992 5987 5951
5929 5954 5957
5953 5929 5957
5993 5994 5995
5993 5995 5996
5632 5631 5994
5632 5994 5993
5613 5607 5606
5613 5606 5610
5609 5608 5600
5609 5600 5599
5605 5997 5998
5605 5998 5617
5644 5603 5605
5640 5596 5641
5999 6000 5640
5643 5999 5640
5634 5633 6001
5634 6001 5628
5634 6002 5635
6003 6004 5648
5647 6005 5648
6004 6006 5648
6005 6003 5648
5646 6007 5647
5620 5634 5628
6008 6009 6010
6008 6010 6011
4998 4997 6012
4998 6012 6013
6014 6015 6009
6013 6012 6015
5020 4998 6016
6017 6018 6019
6020 6016 6019
6020 6019 6018
6020 6021 6022
6020 6022 6016
6012 6023 6010
6012 6010 6009
4997 6023 6012
6019 6015 6024
6016 6013 6019
6025 6026 6018
6025 6018 6017
6027 6028 6026
6027 6026 6025
6029 6030 6031
6029 6031 6032
6030 6033 6034
6030 6034 6031
6035 6036 6034
6035 6034 6033
6037 6038 6036
6037 6036 6035
6039 6020 6018
6039 6018 6026
6040 6021 6020
6040 6020 6039
6041 6039 6026
6041 6026 6028
6042 6040 6039
6042 6039 6041
6043 6041 6028
6043 6028 6032
6042 6041 6043
6044 6045 6034
6044 6034 6036
6044 6036 6038
5022 5020 6022
5022 6022 6046
6047 6048 6049
6047 6049 6050
6051 6047 6050
6051 6050 6052
6053 6054 6049
6053 6049 6048
6055 6056 6054
6055 6054 6053
6057 6058 6056
6057 6056 6055
6059 6060 6058
6059 6058 6057
6061 6062 6063
6061 6063 6064
6065 6066 6063
6065 6063 6062
6067 6068 6066
6067 6066 6065
6069 6070 6068
6069 6068 6067
6071 6072 6073
6071 6073 6074
6075 6072 6071
6075 6071 6076
6077 6075 6076
6077 6076 6078
6079 6077 6078
6079 6078 6080
6079 6080 6081
6079 6081 6082
6083 6084 6085
6083 6085 6086
6087 6083 6086
6087 6086 6088
6089 6087 6088
6089 6088 6090
6082 6081 6085
6082 6085 6084
6031 6034 6045
6031 6045 6091
6032 6028 6027
6032 6027 6029
6061 6064 6060
6061 6060 6059
6043 6032 6031
6043 6031 6091
6022 6021 6046
6074 6073 6092
6074 6092 6093
6022 5020 6016
4998 6013 6016
6013 6015 6019
5278 5282 5280
6094 6095 6096
6094 6096 6097
6098 6099 6100
6098 6100 6101
6102 6103 6104
6102 6104 6105
6106 6107 6108
6106 6108 6109
6107 6110 6111
6107 6111 6108
6112 6113 6114
6112 6114 6115
6116 6117 6118
6116 6118 6119
6120 6121 6122
6120 6122 6123
6124 6125 6126
6124 6126 6127
6128 6129 6130
6128 6130 6131
6132 6133 6134
6132 6134 6135
6136 6137 6138
6136 6138 6139
6139 6138 6140
6139 6140 6141
6142 6143 6144
6142 6144 6145
6142 6145 6146
6142 6146 6147
6148 6149 6150
6148 6150 6151
6152 6153 6154
6152 6154 6155
6156 5968 5986
6157 6158 6159
6157 6159 5594
5590 6160 5591
6161 6162 6163
5520 5519 5553
5773 6164 5770
5827 5805 6165
5829 6166 5827
6167 6168 6169
6167 6169 6170
6171 6172 6173
6171 6173 5761
5757 5820 5824
5761 5760 6171
6174 6175 6176
6174 6176 6177
5661 5660 5662
5584 5574 5582
5657 5656 5660
6178 6179 6180
6178 6180 6181
6178 6181 6182
5717 5716 6183
5717 6183 6184
5561 6185 5704
5666 5665 5669
5666 5669 6186
6183 6187 6184
5736 5740 6188
5860 5857 5856
6189 5721 5720
6190 6191 6192
6190 6192 6193
6194 6195 6196
6194 6196 6197
6198 6199 6200
6198 6200 6201
6183 6202 6187
6202 5718 6187
5771 5767 5772
5579 6203 5580
6204 5836 6205
5752 5751 5756
6206 6207 6208
6206 6208 6209
6171 6210 6172
6211 5565 5567
6212 6213 5566
5564 5562 6214
5564 6214 6215
5565 6212 5566
5654 6216 5541
5654 5541 5588
5810 5807 5806
5810 5806 5808
5744 6217 6218
5744 6218 5741
6219 6220 6221
6219 6221 6222
6223 5914 5913
6223 5913 5912
6115 6114 6224
6115 6224 6225
6226 6227 6228
6226 6228 6229
6230 5953 5952
5953 6230 5930
5953 5930 5929
5962 5984 5963
5951 5957 5992
6231 6232 6233
6231 6233 6234
6235 6236 6237
6238 6232 6231
6238 6231 6239
6235 6237 6240
6241 5923 5925
5923 6242 5921
5920 5921 6242
5920 6242 6243
5918 6244 6245
5918 6245 5916
5916 6245 6246
5916 6246 5913
5913 6246 6247
5913 6247 5912
5912 6247 6248
5912 6248 5910
6249 6250 6251
6250 5903 5896
6250 5896 6252
6252 5896 5895
6252 5895 6253
6241 6254 5940
6241 5940 5938
6255 6241 5938
6255 5938 5935
6256 5923 6241
6256 6241 6255
6257 6256 6255
6257 6255 5985
6257 5985 6156
5965 5982 5966
5934 5985 5935
6258 5908 5910
6258 5910 6248
6230 5927 6249
6253 5893 6252
6250 6252 5901
6250 5901 6251
6249 5927 5903
6249 5903 6250
5923 6256 6242
6243 6242 6256
6243 6256 6257
6245 6244 6156
6245 6156 5932
6246 6245 5932
6246 5932 5930
6246 5930 6230
6246 6230 6247
6247 6230 6249
6247 6249 6248
6248 6249 6251
6248 6251 6258
5941 5943 5926
5941 5926 5947
5944 5941 5947
5944 5947 6259
6260 5969 5966
6260 5966 5982
5934 5974 5982
5965 5934 5982
5981 6260 5982
5968 5967 5984
5968 5984 5986
5985 5965 5968
5930 5932 5931
5932 6156 5986
5932 5986 5933
6244 6243 6257
6244 6257 6156
6156 5985 5968
5928 5952 5950
5928 5950 5946
5949 6259 5947
5949 5947 5946
5927 6230 5928
6230 5952 5928
5926 5943 5903
5984 5983 5963
5959 5931 5933
5961 5955 5958
5929 5931 5958
5931 5959 5958
5955 5954 5958
5957 5956 5992
5977 5972 5971
5977 5971 5975
5936 5937 5975
5937 5978 5975
5905 5907 5898
5905 5898 5897
5905 5897 5894
5905 5894 5902
5512 6261 5513
5222 5225 5202
5201 5222 5202
5455 6262 5456
5442 6263 5443
6264 5360 5359
6265 5359 5361
6264 5359 6265
6266 5431 5430
5401 5404 5378
5401 5378 6267
6268 6269 6270
6271 6272 6269
6271 6269 6268
6273 6274 6272
6273 6272 6271
6275 6276 6274
6275 6274 6273
6277 6278 6276
6277 6276 6275
6279 6280 6281
6282 6283 6284
6282 6284 6285
6286 6287 6284
6286 6284 6283
6288 6289 6290
6291 6290 6289
6291 6289 6292
6293 6291 6292
6293 6292 6294
6293 6294 6295
6293 6295 6296
6297 6298 6299
6297 6299 6300
6301 6302 6300
6301 6300 6299
6303 6304 6305
6306 6305 6304
6306 6304 6307
6308 6306 6307
6308 6307 6309
6310 6308 6309
6310 6309 6311
6310 6311 6312
6310 6312 6313
6314 6315 6316
6314 6316 6317
6318 6319 6320
6318 6320 6321
6321 6320 6316
6321 6316 6315
6322 5377 5376
6322 5376 6323
6324 6325 6326
6324 6326 6327
6328 6324 6327
6328 6327 6329
6330 6331 6332
6330 6332 6333
6334 6330 6333
6334 6333 6335
6336 6337 6338
6336 6338 6339
6340 6336 6339
6340 6339 6341
6342 6343 6344
6342 6344 6345
6346 6342 6345
6346 6345 6347
6348 6349 6350
6348 6350 6351
6352 6348 6351
6352 6351 6353
6354 6352 6353
6354 6353 6355
6356 6354 6355
6356 6355 6357
6358 6359 6360
6358 6360 6361
6362 6363 6364
6362 6364 6365
6366 6367 6363
6366 6363 6362
6368 6369 6367
6368 6367 6366
6370 6371 6372
6370 6372 6373
6374 6375 6376
6377 6378 6379
6377 6379 6380
6381 6382 6383
6278 6277 6281
6280 6278 6281
6384 6385 6386
6384 6386 6387
6388 6389 6385
6388 6385 6384
6390 6389 6388
6390 6388 6391
6392 6390 6391
6393 6394 6387
6393 6387 6386
6394 6393 6395
6394 6395 6396
6397 6398 6399
6397 6399 6400
6401 6402 6403
6401 6403 6404
6405 6406 6407
6405 6407 6408
6409 6410 6407
6409 6407 6406
6411 6412 6413
6411 6413 6414
6411 6414 6415
6416 6417 6418
6416 6418 6419
6417 6416 6420
6421 6422 6423
6421 6423 6380
6424 6425 6426
6424 6426 6427
6424 6427 6428
6424 6428 6429
6430 6431 6432
6430 6432 6433
6434 6435 6436
6437 6438 6439
6440 6441 6439
6441 6437 6439
6442 6443 6371
6442 6371 6370
6375 6443 6442
6375 6442 6376
6444 6445 6430
6444 6430 6433
6446 6447 6427
6446 6427 6426
6421 6380 6448
6448 6380 6449
6380 6379 6449
6450 6451 6436
6452 6453 6441
6452 6441 6440
6454 6455 6456
6454 6456 6457
6458 6459 6453
6458 6453 6452
6448 6449 6460
6461 6462 6447
6434 6436 6451
6457 6456 6444
6457 6444 6463
6464 6465 6466
6464 6466 6467
6464 6467 6468
6469 6470 6471
6472 6473 6474
6472 6474 6469
6473 6472 6475
6473 6475 6476
6476 6475 6477
6478 6479 6480
6478 6480 6481
6482 6483 6484
6482 6484 6485
6486 6487 6484
6486 6484 6483
6488 6489 6490
6488 6490 6491
6472 6469 6492
6493 6494 6489
6493 6489 6488
6495 6496 6497
6495 6497 6498
6499 6500 6501
6499 6501 6502
6497 6503 6504
6497 6504 6498
6505 6506 6495
6505 6495 6498
6507 6508 6499
6507 6499 6502
6508 6507 6509
6510 6506 6505
6511 6512 6513
6511 6513 6382
6514 6515 6513
6514 6513 6512
6511 6382 6516
6517 6518 6519
6517 6519 6520
6521 6522 6519
6521 6519 6518
6523 6524 6525
6523 6525 6526
6527 6528 6529
6527 6529 6530
6531 6524 6523
6532 6533 6534
6532 6534 6535
6536 6527 6533
6536 6533 6532
6537 6532 6535
6537 6535 6538
6539 6536 6532
6539 6532 6537
6540 6541 6542
6540 6542 6543
6382 6381 6516
6542 6544 6545
6542 6545 6543
6546 6547 6528
6546 6528 6527
6548 6546 6527
6548 6527 6536
6549 6548 6536
6549 6536 6539
6550 6551 6547
6550 6547 6546
6552 6550 6546
6552 6546 6548
6553 6552 6548
6553 6548 6549
6554 6555 6459
6554 6459 6458
6554 6556 6557
6554 6557 6555
6558 6559 6560
6558 6560 6455
6561 6559 6558
6561 6558 6562
6563 6461 6560
6563 6560 6559
6564 6563 6559
6564 6559 6561
6565 6566 6567
6568 6569 6541
6568 6541 6540
6381 6383 6570
6494 6493 6571
6472 6492 6572
6472 6572 6573
6574 6575 6573
6573 6572 6574
6576 6569 6568
6563 6577 6510
6563 6510 6461
6578 6577 6563
6578 6563 6564
6579 6575 6574
6579 6574 6580
6581 6552 6553
6581 6553 6582
6583 6550 6552
6583 6552 6581
6550 6583 6584
6550 6584 6551
5296 5289 5290
5296 5290 5297
6585 5855 6586
5676 5675 6587
5676 6587 6588
5871 6240 5872
6101 6100 6095
6101 6095 6094
6105 6099 6098
6105 6098 6102
6130 6238 6239
6130 6239 6131
6234 6233 6133
6234 6133 6132
6589 6236 5989
6589 5989 5988
6236 6589 6237
5871 6235 6240
5867 5870 5873
5867 5873 5868
5991 5990 5874
5991 5874 5877
6097 6096 6125
6097 6125 6124
6109 6104 6103
6109 6103 6106
6135 6134 6137
6135 6137 6136
6154 6129 6128
6154 6128 6155
5863 5866 5869
5863 5869 5864
6126 6121 6120
6126 6120 6127
6151 6153 6152
6151 6152 6148
5878 6219 6222
5878 6222 5879
6141 6140 6226
6141 6226 6229
6224 6111 6110
6224 6110 6225
5884 5862 5865
5884 5865 5885
6122 6118 6117
6122 6117 6123
6146 6150 6149
6146 6149 6147
5908 6590 5909
5910 5909 5911
5911 6223 5912
5900 6590 5908
5891 6591 5892
5892 5899 5893
5916 5915 5917
5917 5919 5918
6592 6593 5921
5922 5924 5923
5921 6593 5922
6594 6595 6596
6597 6598 5560
6597 5560 5559
5493 5497 6599
5497 5496 6599
5490 5493 5492
5543 6600 6601
5543 6601 5542
5487 6602 5488
5485 5501 5486
5489 6603 5490
5540 5588 5541
5541 5514 5539
5689 5688 6604
5689 6604 6605
6605 6604 6606
6605 6606 6607
6608 6609 6610
6608 6610 6611
6611 6610 6612
6611 6612 6613
6613 6614 6615
6615 6616 5684
6615 5684 5861
5627 5626 5996
5627 5996 5995
5619 5624 5623
5619 5623 5620
5649 5653 5650
5650 6007 5646
6159 6158 5602
6159 5602 5601
6160 5597 5591
6160 5598 5597
6162 5604 6163
5604 5645 6163
5593 6157 5594
5668 6186 5669
5719 6189 5720
5718 6202 5719
5667 6617 5668
5822 5821 6617
5822 6617 5667
5823 5779 5824
5823 5780 5779
5722 5815 5723
5721 6189 5722
6193 6192 6195
6193 6195 6194
5857 6618 5858
5736 6188 5737
6619 5844 5848
5818 5733 6620
5737 5818 6620
5737 6620 5738
6619 5845 5844
5846 5850 5847
5847 6619 5848
5733 5819 5734
5817 5723 5815
5816 5724 5817
6588 6587 5671
6588 5671 5670
5757 6204 5758
6204 6205 5758
5725 6621 5726
5724 5816 5725
5778 5777 5774
5778 5774 5776
5755 5752 5756
5836 5835 6205
5832 5828 5833
5853 6622 5854
6585 5853 5855
5828 5826 5833
5752 5750 5753
5750 5749 5753
5764 5769 5814
5748 5811 5812
5748 5812 5745
6166 5805 5827
5768 5814 5769
5826 5829 5827
6166 6623 5805
5805 6623 5806
5767 5771 5768
5764 5813 5765
5766 5765 5777
5679 5674 5680
5679 5675 5674
5837 5841 5838
5838 5835 5834
5730 6621 5727
5730 5726 6621
5123 5122 5119
5123 5119 5118
5107 5106 5103
5107 5103 5102
5120 5133 5137
5120 5137 5121
5093 5092 5097
5093 5097 5096
5076 6624 5077
5145 5144 6625
5145 6625 6626
5146 5143 5141
5146 5141 5145
5126 5164 6627
5126 6627 5127
5145 6626 5147
5163 6627 5164
5164 5130 5129
6607 6606 6609
6607 6609 6608
6601 6600 5546
6601 5546 5545
6603 5489 6602
5487 6603 6602
5550 5551 6598
5550 6598 6597
6613 6612 6614
6614 6616 6615
5493 6599 5494
5901 6258 6251
5901 5908 6258
5900 5908 5901
6252 5893 5901
5920 6243 6244
5920 6244 5918
6592 5921 5920
5919 6592 5920
6594 6596 5925
5925 6254 6241
6255 5935 5985
5925 6596 6254
6253 5891 5893
5924 6594 5925
6628 6629 6630
6631 6629 6628
6632 6633 6634
6634 6633 6635
6636 6637 6638
6639 6640 6641
6642 6643 6644
6645 6646 6647
6648 6649 6650
6643 6648 6641
6651 6652 6653
6654 6655 6638
6638 6637 6656
6657 6654 6651
6658 6659 6660
6658 6660 6648
6643 6642 6649
6655 6636 6638
6639 6660 6636
6651 6661 6657
6647 6662 6644
6663 6637 6664
6652 6656 6665
6662 6642 6644
6666 6667 6668
6669 6670 6671
6663 6672 6656
6660 6639 6641
6660 6641 6648
6647 6643 6645
6660 6673 6636
6659 6673 6660
6640 6645 6641
6640 6646 6645
6665 6656 6674
6653 6661 6651
6649 6648 6643
6645 6643 6641
6668 6667 6675
6676 6671 6670
6677 6664 6637
6674 6656 6672
6669 6667 6666
6666 6670 6669
6656 6654 6638
6678 6640 6639
6639 6636 6655
6656 6652 6651
6651 6654 6656
6656 6637 6663
6643 6647 6644
6639 6655 6678
6679 6680 6681
6682 6683 6684
6685 6686 6687
6688 6689 6690
6691 6692 6693
6687 6683 6691
6694 6695 6696
6697 6680 6698
6680 6699 6681
6700 6694 6697
6692 6691 6701
6692 6701 6702
6687 6703 6685
6698 6680 6679
6682 6679 6701
6694 6700 6704
6689 6686 6705
6706 6707 6681
6696 6708 6699
6705 6686 6685
6709 6710 6711
6712 6713 6714
6706 6699 6715
6701 6691 6683
6701 6683 6682
6689 6688 6687
6701 6679 6716
6702 6701 6716
6684 6683 6688
6684 6688 6690
6708 6717 6699
6695 6694 6704
6703 6687 6691
6688 6683 6687
6710 6718 6711
6719 6714 6713
6720 6681 6707
6717 6715 6699
6712 6709 6711
6709 6712 6714
6699 6680 6697
6721 6682 6684
6682 6698 6679
6699 6694 6696
6694 6699 6697
6699 6706 6681
6687 6686 6689
6682 6721 6698
6722 6723 6724
6725 6726 6727
6725 6727 6728
6729 6730 6731
6732 6733 6734
6732 6734 6729
6735 6733 6736
6735 6736 6737
6738 6739 6723
6740 6727 6726
6740 6726 6741
6740 6742 6727
6743 6744 6737
6743 6737 6736
6745 6744 6743
6745 6743 6746
6733 6732 6747
6733 6747 6736
6748 6747 6732
6748 6732 6749
6750 6751 6747
6750 6747 6748
6752 6753 6745
6752 6745 6746
6754 6755 6753
6754 6753 6752
6756 6755 6754
6756 6754 6757
6758 6759 6760
6761 6758 6762
6750 6763 6751
6763 6764 6746
6752 6765 6766
6752 6766 6754
6766 6757 6754
6767 6768 6769
6767 6769 6770
6771 6770 6769
6771 6769 6772
6773 6771 6772
6773 6772 6774
6775 6773 6774
6775 6774 6776
6777 6775 6776
6777 6776 6778
6779 6777 6778
6779 6778 6780
6781 6782 6783
6784 6781 6785
6730 6742 6731
6728 6730 6729
6728 6729 6786
6787 6724 6788
6732 6729 6731
6747 6751 6743
6747 6743 6736
6726 6724 6723
6726 6723 6741
6788 6724 6726
6788 6726 6725
6723 6739 6741
6722 6724 6787
6738 6723 6722
6789 6790 6791
6789 6791 6792
6793 6792 6791
6793 6791 6794
6794 6795 6796
6794 6796 6793
6797 6798 6790
6797 6790 6789
6799 6800 6798
6799 6798 6797
6800 6799 6801
6800 6801 6802
6802 6801 6803
6802 6803 6804
6803 6805 6804
6738 6806 6739
6795 6807 6808
6795 6808 6796
6752 6764 6765
6809 6810 6811
6809 6811 6812
6811 6813 6812
6809 6814 6815
6809 6815 6810
6815 6814 6816
6815 6816 6817
6817 6816 6818
6817 6818 6819
6820 6821 6733
6820 6733 6735
6822 6821 6820
6822 6820 6823
6824 6825 6822
6824 6822 6823
6788 6826 6787
6788 6827 6828
6788 6828 6826
6788 6725 6829
6788 6829 6827
6786 6829 6725
6786 6725 6728
6727 6742 6730
6727 6730 6728
6751 6763 6746
6751 6746 6743
6830 6831 6734
6732 6731 6749
6830 6832 6833
6830 6833 6831
6832 6834 6833
6835 6836 6837
6835 6837 6838
6839 6840 6841
6842 6843 6844
6842 6844 6845
6846 6847 6848
6846 6848 6849
6850 6849 6851
6850 6851 6852
6853 6841 6854
6855 6856 6843
6855 6843 6842
6855 6842 6857
6852 6858 6859
6852 6859 6850
6860 6861 6859
6860 6859 6858
6862 6846 6849
6862 6849 6850
6846 6862 6863
6846 6863 6864
6862 6865 6866
6862 6866 6863
6860 6867 6868
6860 6868 6861
6867 6869 6870
6867 6870 6868
6871 6872 6873
6874 6875 6871
6876 6877 6874
6866 6865 6878
6878 6861 6879
6880 6881 6868
6880 6868 6870
6880 6870 6872
6882 6883 6884
6882 6884 6885
6886 6887 6884
6886 6884 6883
6888 6889 6887
6888 6887 6886
6890 6891 6889
6890 6889 6888
6892 6893 6891
6892 6891 6890
6894 6895 6896
6894 6896 6897
6898 6899 6896
6900 6901 6902
6903 6904 6857
6847 6903 6845
6847 6845 6905
6906 6907 6840
6846 6864 6903
6846 6903 6847
6862 6850 6859
6862 6859 6865
6841 6840 6843
6841 6843 6856
6907 6844 6843
6907 6843 6840
6841 6856 6854
6839 6906 6840
6853 6839 6841
6908 6909 6910
6908 6910 6911
6912 6913 6910
6912 6910 6909
6913 6912 6914
6913 6914 6915
6916 6908 6911
6916 6911 6917
6918 6916 6917
6918 6917 6919
6920 6918 6919
6920 6919 6921
6922 6920 6921
6922 6921 6923
6922 6923 6924
6853 6854 6925
6926 6927 6915
6926 6915 6914
6868 6881 6879
6928 6929 6930
6931 6932 6933
6931 6933 6934
6935 6931 6934
6935 6934 6936
6937 6938 6939
6937 6939 6848
6907 6906 6940
6907 6940 6941
6907 6941 6942
6943 6844 6907
6943 6907 6942
6905 6845 6844
6905 6844 6943
6842 6845 6903
6842 6903 6857
6865 6859 6861
6865 6861 6878
6944 6945 6946
6944 6946 6947
6947 6946 6948
6949 6948 6950
6951 6952 6948
6953 6951 6948
6953 6948 6949
6954 6955 6938
6954 6938 6937
6956 6957 6958
6956 6958 6959
6960 6961 6962
6960 6962 6963
6964 6965 6966
6964 6966 6967
6968 6969 6965
6970 6960 6963
6970 6963 6971
6972 6973 6974
6972 6974 6975
6972 6976 6973
6977 6970 6971
6978 6975 6974
6978 6974 6979
6980 6981 6982
6983 6984 6768
6983 6768 6767
6984 6983 6985
6984 6985 6986
6986 6985 6987
6986 6987 6988
6989 6882 6885
6989 6885 6990
6991 6989 6990
6991 6990 6992
6987 6993 6988
6994 6995 6996
6994 6996 6997
6998 6999 7000
6998 7000 7001
7002 7003 7004
7002 7004 7005
7006 7007 7008
7006 7008 7009
7010 7009 7008
7010 7008 7011
7012 7010 7011
7012 7011 7013
6904 6903 6864
6904 6864 7014
6864 6863 7014
7015 7016 7017
7018 7019 7020
6892 6894 6897
6892 6897 6893
6873 6870 6869
6873 6872 6870
6871 6875 6872
6874 6877 6875
7021 7022 6779
7021 6779 6780
6760 6759 6757
6757 6759 6756
6762 6758 6760
6746 6764 6752
6879 6861 6868
7023 7024 7025
7026 7027 7028
7025 7024 7029
7029 7030 7031
7031 7032 7033
7033 7034 7035
7033 7032 7034
7031 7030 7032
7029 7024 7030
7021 6782 7022
6783 6782 7021
7013 7036 7037
7013 7037 7012
6849 6848 6939
6849 6939 6851
7000 6999 7038
7000 7038 7039
7040 7041 7042
7043 7044 7045
7043 7045 7046
7047 7048 7049
7047 7049 7050
7046 7051 7052
7046 7052 7043
7053 7054 7055
7053 7055 7056
7055 7054 7057
7055 7057 7058
7059 7040 7042
7059 7060 7061
7059 7061 7040
7059 7062 7060
7063 6995 6994
7063 6994 7064
6847 6905 6945
6847 6945 6848
7065 7066 7049
7067 7068 7069
7048 7065 7049
6958 6957 7070
6958 7070 7071
6961 7002 7005
6961 7005 6962
6827 6829 6833
6827 6833 6837
7006 7072 7073
7006 7073 7007
7074 7075 7076
7074 7076 7077
7078 7074 7077
7079 7080 7081
7039 7038 6997
7039 6997 6996
6948 6952 6947
7082 7083 7084
7082 7084 7085
7086 7087 7088
7075 7089 7076
7090 7091 6991
7090 6991 6992
7092 7093 7094
7092 7094 7095
7071 6955 6954
7096 7097 7098
7096 7098 7099
7100 7097 7096
7100 7096 7101
7082 7085 7047
7082 7047 7050
7102 7006 7009
6967 6966 7091
6967 7091 7090
7071 7070 6955
7103 7092 7095
7104 6968 6965
7104 6965 6964
6824 6823 7105
7094 7106 7107
7108 7107 7027
7109 6929 6928
7109 6928 7110
7109 7110 6933
7109 6933 6932
7111 7112 7113
7114 7111 7115
7111 7116 7117
7116 7111 7118
7119 7116 7118
7120 7121 7119
7120 7119 7122
7119 7123 7116
7121 7124 7123
7121 7123 7119
7116 7123 7117
7123 7124 7125
7126 7127 7128
7127 7114 7129
7130 7126 7131
7132 7133 7134
7132 7134 7135
7133 7127 7134
7117 7136 7137
7136 7138 7139
7112 7117 7140
7111 7117 7112
7141 7142 7143
7128 7131 7126
7144 7142 7145
7146 7147 7144
7146 7144 7145
7147 7146 7148
7149 7148 7150
7151 7152 7153
7154 7155 7156
7157 7154 7158
7157 7158 7159
7160 7157 7159
7161 7162 7163
7164 7165 7166
7167 7164 7168
7169 7170 7167
7169 7167 7171
7164 7166 7172
7167 7168 7171
7173 7170 7174
7175 7176 7177
7178 7179 7180
7181 7182 7183
7184 7185 7186
7187 7188 7189
7144 7190 7140
7147 7190 7144
7148 7190 7147
7191 7192 7190
7193 7192 7191
7152 7192 7193
7154 7194 7195
7157 7194 7154
7162 7194 7196
7165 7197 7194
7164 7197 7165
7167 7198 7197
7167 7197 7164
7170 7198 7167
7173 7199 7170
7175 7200 7176
7178 7201 7179
7184 7202 7185
7203 7129 7189
7154 7195 7155
7144 7140 7142
7179 7204 7205
7179 7205 7206
7185 7202 7207
7187 7189 7208
7209 7184 7186
7189 7129 7208
7131 7128 7210
7128 7129 7203
7128 7127 7129
7191 7211 7193
7193 7211 7153
7136 7125 7138
7212 7125 7136
7213 7214 7215
7165 7216 7166
7165 7194 7162
7157 7160 7196
7155 7195 7192
7192 7152 7155
7152 7217 7218
7174 7170 7169
7170 7199 7198
7219 7214 7213
7220 7176 7219
7176 7221 7214
7176 7200 7221
7179 7201 7204
7182 7222 7201
7182 7201 7178
7182 7181 7207
7178 7180 7183
7207 7222 7182
7207 7202 7222
7207 7181 7223
7207 7224 7225
7207 7225 7226
7227 7208 7184
7208 7202 7184
7208 7129 7202
7120 7122 7228
7120 7228 7229
7122 7118 7228
7118 7111 7114
7118 7114 7127
7230 7134 7126
7134 7127 7126
7134 7230 7231
7230 7126 7130
7189 7232 7233
7189 7233 7203
7187 7208 7227
7189 7188 7232
7150 7148 7234
7148 7235 7191
7136 7139 7137
7140 7137 7142
7142 7137 7236
7142 7236 7143
7117 7137 7140
7137 7139 7236
7125 7212 7123
7117 7212 7136
7191 7235 7211
7148 7149 7235
7152 7151 7217
7134 7231 7135
7148 7237 7234
7207 7238 7185
7207 7226 7238
7119 7118 7122
7117 7123 7212
7115 7111 7113
7207 7223 7224
7196 7239 7240
7196 7194 7157
7196 7240 7163
7196 7160 7239
7241 7242 7243
7241 7243 7244
7245 7244 7243
7245 7243 7246
6951 6953 7247
7248 7020 7242
7248 7242 7241
6950 6942 6941
6950 6948 6942
6943 6946 6945
6943 6945 6905
6948 6946 6943
6948 6943 6942
6848 6945 6944
6831 6833 6829
6831 6829 6786
6827 6837 6836
6827 6836 6828
6837 6833 6834
6837 6834 6838
6729 6831 6786
6734 6831 6729
7249 7245 7246
7250 7251 7252
7250 7252 7253
7250 7254 7251
7255 7256 7257
7252 7258 7253
7258 7259 7253
7260 7255 7261
7262 7261 7263
7255 7260 7256
7264 7265 7266
7261 7255 7263
7018 7020 7248
7219 7176 7214
7267 7185 7238
7185 7267 7186
7148 7146 7237
7145 7142 7141
7196 7163 7162
7179 7206 7268
7175 7269 7204
7204 7200 7175
7204 7201 7200
7270 7179 7268
7178 7183 7182
7271 7179 7270
7180 7179 7271
7227 7184 7209
7210 7203 7233
7210 7128 7203
7229 7228 7133
7229 7133 7132
7228 7127 7133
7228 7118 7127
7191 7190 7148
7153 7152 7193
7154 7156 7158
7156 7155 7218
7152 7218 7155
7162 7161 7216
7162 7216 7165
7164 7172 7168
7175 7177 7269
7177 7176 7220
7204 7269 7205
7272 7115 7113
7272 7113 7273
7273 7274 7275
7273 7275 7272
7276 7277 7278
7279 7280 7276
7276 7281 7282
7282 7283 7276
7284 7283 7282
7284 7285 7286
7284 7286 7287
7284 7282 7288
7285 7284 7288
7285 7288 7289
7282 7281 7288
7288 7290 7289
7291 7292 7293
7293 7294 7279
7295 7296 7291
7297 7298 7299
7297 7299 7300
7300 7299 7293
7281 7301 7302
7302 7303 7304
7278 7305 7281
7276 7278 7281
7306 7307 7308
7292 7291 7296
7309 7310 7308
7309 7311 7312
7309 7312 7310
7311 7313 7312
7314 7315 7313
7316 7317 7318
7319 7320 7321
7322 7323 7324
7322 7324 7319
7325 7323 7322
7326 7327 7328
7329 7330 7331
7332 7333 7329
7332 7334 7335
7332 7335 7336
7329 7337 7330
7332 7336 7333
7338 7339 7334
7340 7341 7342
7343 7344 7345
7346 7347 7348
7349 7350 7351
7352 7353 7354
7309 7305 7355
7311 7309 7355
7313 7311 7355
7356 7355 7357
7358 7356 7357
7318 7358 7357
7319 7359 7360
7322 7319 7360
7328 7361 7360
7331 7360 7362
7329 7331 7362
7332 7329 7362
7332 7362 7363
7334 7332 7363
7338 7334 7364
7340 7342 7365
7343 7345 7366
7349 7351 7367
7368 7353 7294
7319 7321 7359
7309 7308 7305
7369 7370 7345
7369 7345 7371
7351 7372 7367
7352 7373 7353
7374 7350 7349
7353 7373 7294
7296 7375 7292
7292 7368 7294
7292 7294 7293
7356 7358 7376
7358 7317 7376
7302 7304 7290
7377 7302 7290
7378 7379 7380
7331 7330 7381
7331 7328 7360
7322 7361 7325
7321 7357 7359
7357 7321 7318
7318 7382 7383
7339 7335 7334
7334 7363 7364
7384 7378 7380
7385 7384 7342
7342 7380 7386
7342 7386 7365
7345 7370 7366
7348 7343 7366
7348 7366 7387
7348 7372 7346
7343 7347 7344
7372 7348 7387
7372 7387 7367
7372 7388 7346
7372 7389 7390
7372 7391 7389
7392 7349 7373
7373 7349 7367
7373 7367 7294
7286 7393 7394
7286 7394 7287
7287 7394 7283
7283 7279 7276
7283 7293 7279
7395 7291 7299
7299 7291 7293
7299 7396 7395
7395 7295 7291
7353 7397 7398
7353 7368 7397
7352 7392 7373
7353 7398 7354
7315 7399 7313
7313 7356 7400
7302 7301 7303
7305 7308 7301
7401 7301 7308
7401 7308 7307
7281 7305 7301
7301 7401 7303
7290 7288 7377
7281 7302 7377
7356 7376 7400
7313 7400 7314
7318 7383 7316
7299 7298 7396
7313 7399 7402
7372 7351 7403
7372 7403 7391
7284 7287 7283
7281 7377 7288
7280 7277 7276
7372 7390 7388
7361 7404 7405
7361 7322 7360
7361 7327 7404
7361 7405 7325
7384 7380 7342
7406 7403 7351
7351 7350 7406
7313 7402 7312
7310 7306 7308
7361 7328 7327
7345 7407 7371
7340 7370 7408
7370 7340 7365
7370 7365 7366
7409 7407 7345
7343 7348 7347
7410 7409 7345
7344 7410 7345
7392 7374 7349
7375 7397 7368
7375 7368 7292
7393 7297 7300
7393 7300 7394
7394 7300 7293
7394 7293 7283
7356 7313 7355
7317 7358 7318
7319 7324 7320
7320 7382 7321
7318 7321 7382
7328 7331 7381
7328 7381 7326
7329 7333 7337
7340 7408 7341
7341 7385 7342
7370 7369 7408
7277 7280 7411
7277 7411 7412
7412 7411 7413
7412 7413 7414
7094 7093 7106
6902 6901 6899
6899 6898 6902
6898 6896 6895
7108 7027 7026
7094 7107 7108
7093 7415 7106
6785 6781 6783
7416 7417 7418
7418 7419 7420
7421 7422 7423
7421 7423 7424
7425 7426 7423
7425 7423 7427
7428 7429 7430
7431 7432 7433
7431 7433 7434
7435 7436 7437
7437 7436 7438
7438 7439 7440
7438 7440 7441
7442 7441 7440
7442 7440 7443
7444 7445 7446
7447 7448 7449
7450 7451 7452
7450 7452 7453
7454 7455 7456
7457 7456 7455
7457 7455 7458
7459 7460 7461
7462 7463 7464
7465 7464 7466
7466 7467 7468
7469 7470 7463
7469 7463 7471
7468 7467 7472
7468 7472 7473
7474 7475 7476
7476 7477 7478
7479 7480 7481
7482 7483 7484
7485 7486 7422
7485 7422 7421
7487 7488 7489
7490 7491 7475
7490 7475 7492
7479 7478 7477
7479 7477 7480
7493 7483 7494
7495 7496 7448
7495 7448 7447
7420 7419 7432
7497 7473 7472
7497 7472 7498
7499 7457 7458
7499 7458 7500
7501 7502 7451
7501 7451 7450
7497 7498 7503
7503 7498 7491
7503 7491 7504
7505 7506 7507
7505 7507 7508
7508 7507 7509
7481 7506 7505
7510 7511 7512
7510 7512 7513
7509 7507 7514
7515 7516 7511
7515 7511 7510
7494 7488 7487
7517 7417 7416
7518 7519 7520
7518 7520 7429
7519 7425 7427
7519 7427 7520
7485 7521 7522
7485 7522 7486
7523 7489 7521
7524 7445 7496
7434 7433 7525
7435 7525 7526
7435 7526 7436
7446 7445 7524
7527 7528 7529
7530 7528 7527
7531 7528 7532
7532 7528 7533
7534 7528 7535
7536 7528 7537
7537 7528 7538
7539 7528 7540
7541 7528 7542
7540 7528 7541
7542 7528 7543
7544 7528 7545
7546 7528 7547
7548 7528 7549
7550 7528 7551
7551 7528 7552
7545 7528 7548
7529 7528 7553
7538 7528 7539
7543 7528 7550
7552 7528 7554
7554 7528 7555
7555 7528 7544
7547 7528 7530
7549 7528 7546
7533 7528 7534
7553 7528 7556
7556 7528 7531
7518 7429 7428
7499 7500 7557
7558 7459 7461
7558 7461 7470
7559 7470 7469
7444 7560 7445
7442 7443 7561
7561 7443 7444
7513 7512 7482
7428 7430 7417
7428 7417 7562
7419 7417 7529
7423 7422 7547
7427 7423 7547
7527 7430 7429
7527 7429 7530
7433 7432 7553
7439 7436 7531
7532 7440 7439
7532 7439 7531
7443 7440 7532
7502 7448 7534
7536 7452 7451
7536 7451 7535
7537 7455 7452
7537 7452 7536
7458 7455 7537
7540 7461 7460
7540 7460 7539
7464 7463 7541
7467 7464 7542
7463 7470 7540
7463 7540 7541
7472 7467 7542
7472 7542 7543
7506 7480 7552
7512 7544 7545
7547 7422 7486
7547 7486 7546
7489 7488 7548
7475 7491 7550
7480 7477 7551
7488 7483 7545
7448 7496 7534
7432 7419 7529
7498 7472 7543
7500 7458 7538
7451 7502 7534
7451 7534 7535
7491 7498 7550
7507 7506 7554
7512 7511 7544
7516 7507 7554
7511 7516 7555
7429 7520 7530
7520 7427 7547
7546 7486 7522
7546 7522 7549
7522 7489 7549
7534 7496 7445
7534 7445 7533
7526 7433 7553
7526 7553 7556
7436 7526 7556
7460 7500 7538
7460 7538 7539
7458 7537 7538
7470 7461 7540
7445 7560 7532
7445 7532 7533
7560 7443 7532
7483 7512 7545
7417 7430 7527
7520 7547 7530
7489 7548 7549
7488 7545 7548
7494 7483 7488
7487 7489 7523
7482 7512 7483
7516 7554 7555
7515 7514 7507
7515 7507 7516
7511 7555 7544
7554 7506 7552
7481 7480 7506
7477 7550 7551
7475 7550 7477
7480 7551 7552
7476 7475 7477
7550 7498 7543
7466 7464 7467
7464 7541 7542
7557 7460 7459
7557 7500 7460
7535 7528 7536
7436 7556 7531
7525 7433 7526
7432 7529 7553
7529 7417 7527
7418 7417 7419
7420 7432 7431
7524 7496 7495
7444 7443 7560
7438 7436 7439
7484 7483 7493
7449 7448 7501
7501 7448 7502
7521 7489 7522
7417 7517 7562
7455 7454 7453
7455 7453 7452
7470 7559 7558
7463 7462 7471
7462 7464 7465
7491 7490 7504
7475 7474 7492
7423 7426 7424
7563 7564 7565
7564 7566 7567
7568 7569 7570
7568 7570 7571
7570 7572 7573
7570 7573 7574
7575 7576 7577
7578 7579 7580
7578 7580 7581
7582 7583 7584
7583 7585 7584
7585 7586 7587
7585 7587 7588
7587 7586 7589
7587 7589 7590
7591 7592 7593
7594 7595 7596
7597 7598 7599
7597 7599 7600
7601 7602 7603
7603 7602 7604
7603 7604 7605
7606 7607 7608
7609 7610 7611
7612 7613 7610
7613 7614 7615
7616 7617 7611
7616 7611 7618
7614 7619 7620
7614 7620 7615
7621 7622 7623
7622 7624 7625
7626 7627 7628
7629 7630 7631
7632 7568 7571
7632 7571 7633
7634 7635 7636
7637 7638 7623
7637 7623 7639
7625 7624 7626
7625 7626 7628
7640 7641 7631
7642 7594 7596
7642 7596 7643
7566 7581 7567
7620 7619 7644
7620 7644 7645
7605 7604 7646
7605 7646 7647
7648 7597 7600
7648 7600 7649
7644 7650 7645
7650 7651 7639
7650 7639 7645
7652 7653 7654
7652 7654 7655
7653 7656 7654
7627 7652 7655
7657 7658 7659
7657 7659 7660
7656 7661 7654
7662 7657 7660
7662 7660 7663
7641 7634 7636
7664 7563 7565
7665 7666 7667
7665 7667 7577
7574 7573 7666
7574 7666 7665
7668 7669 7632
7668 7632 7633
7670 7669 7635
7671 7643 7593
7579 7672 7580
7673 7672 7582
7673 7582 7584
7592 7671 7593
7674 7675 7676
7677 7674 7676
7678 7679 7676
7679 7680 7676
7681 7682 7676
7683 7684 7676
7684 7685 7676
7686 7687 7676
7688 7689 7676
7687 7688 7676
7689 7690 7676
7691 7692 7676
7693 7694 7676
7695 7696 7676
7697 7698 7676
7698 7699 7676
7692 7695 7676
7675 7700 7676
7685 7686 7676
7690 7697 7676
7699 7701 7676
7701 7702 7676
7702 7691 7676
7694 7677 7676
7696 7693 7676
7680 7681 7676
7700 7703 7676
7703 7678 7676
7667 7575 7577
7646 7704 7647
7607 7606 7705
7607 7705 7618
7706 7616 7618
7591 7593 7707
7589 7708 7590
7708 7591 7590
7658 7629 7659
7575 7709 7565
7575 7565 7576
7567 7675 7565
7570 7694 7571
7574 7694 7570
7577 7576 7674
7577 7674 7677
7580 7700 7581
7588 7678 7584
7588 7587 7679
7588 7679 7678
7590 7679 7587
7649 7681 7596
7600 7599 7683
7600 7683 7682
7599 7603 7684
7599 7684 7683
7605 7684 7603
7608 7607 7687
7608 7687 7686
7610 7688 7611
7615 7689 7610
7611 7688 7687
7611 7687 7618
7620 7690 7689
7620 7689 7615
7655 7699 7628
7659 7692 7691
7633 7571 7694
7633 7694 7693
7635 7695 7636
7623 7697 7639
7628 7698 7625
7636 7692 7631
7596 7681 7643
7581 7675 7567
7645 7690 7620
7647 7685 7605
7600 7682 7681
7600 7681 7649
7639 7697 7645
7654 7701 7655
7659 7691 7660
7663 7701 7654
7660 7702 7663
7577 7677 7665
7665 7694 7574
7668 7633 7693
7668 7693 7696
7668 7696 7635
7593 7643 7681
7593 7681 7680
7673 7703 7700
7673 7700 7580
7584 7703 7673
7608 7686 7685
7608 7685 7647
7605 7685 7684
7618 7687 7607
7593 7680 7679
7593 7679 7707
7707 7679 7590
7631 7692 7659
7565 7674 7576
7665 7677 7694
7635 7696 7695
7636 7695 7692
7641 7636 7631
7634 7670 7635
7629 7631 7659
7663 7702 7701
7654 7661 7662
7654 7662 7663
7660 7691 7702
7701 7699 7655
7627 7655 7628
7625 7698 7697
7623 7625 7697
7628 7699 7698
7622 7625 7623
7697 7690 7645
7613 7615 7610
7610 7689 7688
7704 7606 7608
7704 7608 7647
7682 7683 7676
7584 7678 7703
7672 7673 7580
7581 7700 7675
7675 7674 7565
7564 7567 7565
7566 7578 7581
7671 7642 7643
7591 7707 7590
7585 7588 7584
7630 7640 7631
7595 7648 7596
7648 7649 7596
7669 7668 7635
7565 7709 7664
7603 7599 7598
7603 7598 7601
7618 7705 7706
7611 7617 7609
7609 7612 7610
7639 7651 7637
7623 7638 7621
7570 7569 7572
7710 7711 7712
7713 7714 7711
7715 7714 7716
7717 7715 7716
7717 7716 7718
7719 7720 7721
7719 7721 7722
7723 7719 7722
7723 7722 7724
7725 7726 7721
7725 7721 7720
7727 7728 7714
7727 7714 7715
7729 7727 7715
7729 7715 7717
7730 7731 7712
7730 7712 7711
7728 7730 7711
7728 7711 7714
7732 7733 7728
7732 7728 7727
7734 7732 7727
7734 7727 7729
7731 7730 7735
7731 7735 7736
7733 7735 7730
7733 7730 7728
7737 7738 7733
7737 7733 7732
7739 7737 7732
7739 7732 7734
7740 7741 7736
7740 7736 7735
7742 7741 7743
7744 7745 7742
7724 7746 7747
7724 7747 7723
7748 7747 7746
7748 7746 7749
7750 7748 7749
7750 7749 7751
7738 7752 7735
7738 7735 7733
7753 7754 7738
7753 7738 7737
7755 7753 7737
7755 7737 7739
7756 7757 7754
7758 7759 7756
7758 7756 7754
7760 7761 7759
7760 7759 7758
7762 7761 7763
7764 7765 7762
7754 7753 7766
7754 7766 7758
7753 7755 7767
7753 7767 7766
7758 7766 7768
7758 7768 7769
7770 7768 7766
7770 7766 7767
7771 7772 7773
7771 7773 7774
7772 7771 7775
7772 7775 7776
7776 7775 7777
7776 7777 7778
7778 7777 7779
7778 7779 7780
7780 7779 7781
7780 7781 7782
7782 7781 7783
7782 7783 7784
7784 7783 7785
7784 7785 7786
7787 7788 7789
7790 7787 7789
7790 7789 7791
7792 7793 7794
7795 7796 7793
7795 7793 7792
7795 7797 7796
7798 7789 7768
7798 7768 7770
7789 7798 7799
7789 7799 7800
7801 7802 7803
7804 7805 7801
7804 7801 7803
7806 7807 7805
7806 7805 7804
7808 7809 7807
7808 7807 7806
7808 7810 7809
7811 7812 7813
7811 7813 7814
7815 7816 7817
7812 7818 7819
7812 7819 7813
7820 7821 7822
7820 7822 7823
7824 7820 7823
7824 7823 7825
7826 7824 7825
7826 7825 7827
7828 7826 7827
7828 7827 7829
7830 7831 7832
7830 7832 7833
7831 7834 7835
7831 7835 7832
7836 7837 7838
7839 7840 7841
7839 7841 7842
7843 7844 7845
7843 7845 7846
7847 7843 7846
7847 7846 7848
7849 7850 7851
7849 7851 7852
7851 7850 7853
7851 7853 7854
7853 7855 7856
7853 7856 7854
7857 7858 7859
7857 7859 7860
7861 7857 7860
7861 7860 7862
7863 7861 7862
7863 7862 7864
7865 7863 7864
7865 7864 7866
7867 7868 7786
7867 7786 7785
7868 7867 7869
7868 7869 7870
7870 7869 7871
7870 7871 7872
7872 7871 7873
7872 7873 7874
7874 7873 7875
7874 7875 7876
7876 7875 7877
7876 7877 7878
7877 7879 7880
7877 7880 7878
7713 7711 7710
7710 7712 7881
7716 7714 7713
7794 7793 7790
7803 7802 7799
7842 7845 7844
7842 7844 7839
7882 7883 7859
7882 7859 7858
7830 7833 7884
7837 7836 7841
7837 7841 7840
7763 7761 7760
7762 7763 7764
7768 7788 7769
7789 7788 7768
7885 7883 7886
7794 7790 7791
7811 7814 7887
7816 7815 7822
7816 7822 7821
7743 7741 7740
7742 7743 7744
7754 7757 7738
7738 7757 7752
7802 7800 7799
7888 7889 7890
7889 7849 7852
7889 7852 7890
7883 7882 7886
7891 7884 7892
7884 7833 7892
7893 7894 7887
7894 7811 7887
7895 7896 7897
7898 7897 7899
7900 7901 7899
7902 7903 7901
7902 7901 7900
7904 7905 7906
7904 7906 7907
7908 7909 7905
7908 7905 7904
7906 7910 7911
7906 7911 7907
7912 7900 7899
7912 7899 7913
7914 7902 7900
7914 7900 7912
7915 7897 7896
7915 7896 7916
7913 7899 7897
7913 7897 7915
7917 7912 7913
7917 7913 7918
7919 7914 7912
7919 7912 7917
7920 7915 7916
7920 7916 7921
7918 7913 7915
7918 7915 7920
7922 7917 7918
7922 7918 7923
7924 7919 7917
7924 7917 7922
7921 7925 7926
7921 7926 7920
7927 7928 7925
7929 7927 7930
7931 7932 7909
7931 7909 7908
7933 7934 7932
7933 7932 7931
7935 7936 7934
7935 7934 7933
7923 7918 7920
7923 7920 7937
7938 7922 7923
7938 7923 7939
7940 7924 7922
7940 7922 7938
7941 7939 7942
7941 7943 7944
7941 7944 7939
7943 7945 7946
7943 7946 7944
7947 7948 7945
7949 7947 7950
7951 7938 7939
7951 7939 7944
7952 7940 7938
7952 7938 7951
7953 7951 7944
7953 7944 7954
7955 7952 7951
7955 7951 7953
7956 7957 7958
7956 7958 7959
7960 7956 7959
7960 7959 7961
7962 7960 7961
7962 7961 7963
7964 7962 7963
7964 7963 7965
7966 7964 7965
7966 7965 7967
7968 7966 7967
7968 7967 7969
7970 7968 7969
7970 7969 7971
7972 7973 7974
7975 7976 7973
7975 7973 7972
7977 7978 7979
7979 7980 7981
7979 7981 7977
7981 7980 7982
7983 7955 7953
7983 7953 7973
7984 7983 7973
7984 7973 7985
7986 7987 7988
7986 7989 7990
7986 7990 7987
7989 7991 7992
7989 7992 7990
7991 7993 7994
7991 7994 7992
7994 7993 7995
7996 7997 7998
7996 7998 7999
8000 8001 8002
7997 7996 8003
7997 8003 8004
8005 8006 8007
8005 8007 8008
8009 8010 8006
8009 8006 8005
8011 8012 8010
8011 8010 8009
8013 8014 8012
8013 8012 8011
8015 8016 8017
8015 8017 8018
8016 8015 8019
8016 8019 8020
8021 8022 8023
8024 8025 8026
8024 8026 8027
8028 8029 8030
8028 8030 8031
8032 8033 8029
8032 8029 8028
8034 8035 8036
8034 8036 8037
8038 8035 8034
8038 8034 8039
8038 8039 8040
8038 8040 8041
8042 8043 8044
8042 8044 8045
8046 8047 8043
8046 8043 8042
8048 8049 8047
8048 8047 8046
8050 8051 8049
8050 8049 8048
8052 7970 7971
8052 7971 8053
8054 8052 8053
8054 8053 8055
8056 8054 8055
8056 8055 8057
8058 8056 8057
8058 8057 8059
8060 8058 8059
8060 8059 8061
8062 8060 8061
8062 8061 8063
8062 8063 8064
8062 8064 8065
7898 7895 7897
7895 8066 7896
7901 7898 7899
7978 7975 7979
7987 7984 7988
8031 8030 8025
8031 8025 8024
8067 8045 8044
8067 8044 8068
8017 8069 8018
8023 8027 8026
8023 8026 8021
7948 7946 7945
7947 7949 7948
7953 7954 7974
7973 7953 7974
8070 8071 8068
7978 7976 7975
7998 8072 7999
8002 8008 8007
8002 8007 8000
7928 7926 7925
7927 7929 7928
7939 7923 7942
7923 7937 7942
7988 7984 7985
8073 8074 8075
8075 8074 8037
8075 8037 8036
8068 8071 8067
8076 8077 8069
8069 8077 8018
8078 8072 8079
8079 8072 7998
4331 4333 4335
6017 6019 6024
8080 8081 8082
8083 8084 8085
8086 8087 8088
8089 8090 8091
8092 8093 8094
8095 8096 8097
8098 8099 8100
8101 8102 8103
8104 8105 8106
8107 8108 8106
8105 8109 8110
8111 8112 8113
8111 8113 8114
8114 8113 8115
8114 8115 8116
8116 8115 8117
8116 8117 8118
8118 8117 8119
8118 8119 8120
8120 8119 8121
8120 8121 8122
8122 8121 8123
8122 8123 8124
8125 8126 8127
8125 8127 8128
8129 8125 8128
8129 8128 8130
8131 8129 8130
8131 8130 8132
8133 8131 8132
8133 8132 8134
8135 8133 8134
8135 8134 8136
8137 8135 8136
8137 8136 8138
8139 8140 8141
8139 8141 8142
8142 8141 8143
8142 8143 8144
8144 8143 8145
8144 8145 8146
8146 8145 8147
8146 8147 8148
8148 8147 8149
8148 8149 8150
8150 8149 8151
8150 8151 8152
8153 8154 8155
8156 8157 8158
8159 8160 8161
8162 8163 8164
8165 8166 8167
8168 8169 8170
8171 8172 8173
8174 8175 8176
8177 8178 8179
8180 8181 8182
8180 8182 8183
8183 8182 8184
8183 8184 8185
8185 8184 8186
8185 8186 8187
8187 8186 8188
8187 8188 8189
8189 8188 8190
8189 8190 8191
8191 8190 8192
8191 8192 8193
8194 8195 8196
8194 8196 8197
8198 8194 8197
8198 8197 8199
8200 8198 8199
8200 8199 8201
8202 8200 8201
8202 8201 8203
8204 8202 8203
8204 8203 8205
8206 8204 8205
8206 8205 8207
8208 8209 8210
8208 8210 8211
8212 8213 8214
8212 8214 8215
8216 8217 8209
8216 8209 8208
8215 8214 8218
8215 8218 8219
8220 8221 8217
8220 8217 8216
8219 8218 8222
8219 8222 8223
8224 8225 8221
8224 8221 8220
8223 8222 8226
8223 8226 8227
8228 8229 8225
8228 8225 8224
8227 8226 8230
8227 8230 8231
8232 8233 8229
8232 8229 8228
8231 8230 8234
8231 8234 8235
8236 8237 8238
8236 8238 8239
8239 8238 8240
8239 8240 8241
8241 8240 8242
8241 8242 8243
8243 8242 8244
8243 8244 8245
8245 8244 8246
8245 8246 8247
8247 8246 8248
8247 8248 8249
8250 8251 8252
8250 8252 8253
8253 8252 8254
8253 8254 8255
8255 8254 8256
8255 8256 8257
8257 8256 8258
8257 8258 8259
8259 8258 8260
8259 8260 8261
8261 8260 8262
8261 8262 8263
8264 8265 8266
8264 8266 8267
8268 8264 8267
8268 8267 8269
8270 8268 8269
8270 8269 8271
8272 8270 8271
8272 8271 8273
8274 8272 8273
8274 8273 8275
8276 8274 8275
8276 8275 8277
8278 8279 8280
8278 8280 8281
8282 8278 8281
8282 8281 8283
8284 8282 8283
8284 8283 8285
8286 8284 8285
8286 8285 8287
8288 8286 8287
8288 8287 8289
8290 8288 8289
8290 8289 8291
8292 8293 8294
8292 8294 8295
8296 8297 8293
8296 8293 8292
8298 8299 8297
8298 8297 8296
8300 8301 8299
8300 8299 8298
8302 8303 8301
8302 8301 8300
8304 8305 8303
8304 8303 8302
8306 8307 8308
8306 8308 8309
8310 8311 8307
8310 8307 8306
8312 8313 8311
8312 8311 8310
8314 8315 8313
8314 8313 8312
8316 8317 8315
8316 8315 8314
8318 8319 8317
8318 8317 8316
8320 8321 8322
8320 8322 8323
8323 8322 8324
8323 8324 8325
8325 8324 8326
8325 8326 8327
8327 8326 8328
8327 8328 8329
8329 8328 8330
8329 8330 8331
8331 8330 8332
8331 8332 8333
8334 8335 8336
8334 8336 8337
8337 8336 8338
8337 8338 8339
8339 8338 8340
8339 8340 8341
8341 8340 8342
8341 8342 8343
8343 8342 8344
8343 8344 8345
8345 8344 8346
8345 8346 8347
8348 8349 8350
8348 8350 8351
8352 8348 8351
8352 8351 8353
8354 8352 8353
8354 8353 8355
8356 8354 8355
8356 8355 8357
8358 8356 8357
8358 8357 8359
8360 8358 8359
8360 8359 8361
8362 8363 8364
8362 8364 8365
8366 8362 8365
8366 8365 8367
8368 8366 8367
8368 8367 8369
8370 8368 8369
8370 8369 8371
8372 8370 8371
8372 8371 8373
8374 8372 8373
8374 8373 8375
8376 8377 8378
8376 8378 8379
8379 8378 8380
8379 8380 8381
8381 8380 8382
8381 8382 8383
8383 8382 8384
8383 8384 8385
8385 8384 8386
8385 8386 8387
8387 8386 8388
8387 8388 8389
8390 8391 8392
8390 8392 8393
8393 8392 8394
8393 8394 8395
8395 8394 8396
8395 8396 8397
8397 8396 8398
8397 8398 8399
8399 8398 8400
8399 8400 8401
8401 8400 8402
8401 8402 8403
8404 8405 8406
8404 8406 8407
8405 8408 8409
8405 8409 8406
8408 8410 8411
8408 8411 8409
8410 8412 8413
8410 8413 8411
8412 8414 8415
8412 8415 8413
8414 8416 8417
8414 8417 8415
8418 8419 8420
8418 8420 8421
8419 8404 8407
8419 8407 8420
8422 8423 8424
8425 8426 8427
8428 8422 8424
8426 8429 8427
8430 8428 8424
8429 8431 8427
8432 8430 8424
8431 8433 8427
8434 8432 8424
8433 8435 8427
8423 8436 8424
8437 8425 8427
8438 8439 8440
8438 8440 8441
8441 8440 8442
8441 8442 8443
8443 8442 8444
8443 8444 8445
8445 8444 8446
8445 8446 8447
8447 8446 8448
8447 8448 8449
8449 8448 8450
8449 8450 8451
8452 8453 8454
8452 8454 8455
8456 8452 8455
8456 8455 8457
8458 8456 8457
8458 8457 8459
8460 8458 8459
8460 8459 8461
8462 8460 8461
8462 8461 8463
8464 8462 8463
8464 8463 8465
8466 8467 8468
8466 8468 8469
8470 8471 8467
8470 8467 8466
8472 8473 8471
8472 8471 8470
8474 8475 8473
8474 8473 8472
8476 8477 8475
8476 8475 8474
8478 8479 8477
8478 8477 8476
8480 8481 8482
8480 8482 8483
8481 8484 8485
8481 8485 8482
8484 8486 8487
8484 8487 8485
8486 8488 8489
8486 8489 8487
8488 8490 8491
8488 8491 8489
8490 8492 8493
8490 8493 8491
8494 8495 8496
8494 8496 8497
8498 8499 8500
8498 8500 8501
8502 8494 8497
8502 8497 8503
8501 8500 8504
8501 8504 8505
8506 8502 8503
8506 8503 8507
8505 8504 8508
8505 8508 8509
8510 8506 8507
8510 8507 8511
8509 8508 8512
8509 8512 8513
8514 8510 8511
8514 8511 8515
8513 8512 8516
8513 8516 8517
8518 8514 8515
8518 8515 8519
8517 8516 8520
8517 8520 8521
8522 8523 8524
8522 8524 8525
8526 8527 8528
8526 8528 8529
8530 8531 8523
8530 8523 8522
8529 8528 8532
8529 8532 8533
8534 8535 8531
8534 8531 8530
8533 8532 8536
8533 8536 8537
8538 8539 8535
8538 8535 8534
8537 8536 8540
8537 8540 8541
8542 8543 8539
8542 8539 8538
8541 8540 8544
8541 8544 8545
8546 8547 8543
8546 8543 8542
8545 8544 8548
8545 8548 8549
8550 8551 8552
8550 8552 8553
8554 8555 8556
8554 8556 8557
8558 8559 8551
8558 8551 8550
8557 8556 8560
8557 8560 8561
8562 8563 8559
8562 8559 8558
8561 8560 8564
8561 8564 8565
8566 8567 8563
8566 8563 8562
8565 8564 8568
8565 8568 8569
8570 8571 8567
8570 8567 8566
8569 8568 8572
8569 8572 8573
8574 8575 8571
8574 8571 8570
8573 8572 8576
8573 8576 8577
8578 8579 8580
8578 8580 8581
8582 8583 8584
8582 8584 8585
8581 8580 8586
8581 8586 8587
8588 8589 8583
8588 8583 8582
8587 8586 8590
8587 8590 8591
8592 8593 8589
8592 8589 8588
8591 8590 8594
8591 8594 8595
8596 8597 8593
8596 8593 8592
8595 8594 8598
8595 8598 8599
8600 8601 8597
8600 8597 8596
8599 8598 8602
8599 8602 8603
8604 8605 8601
8604 8601 8600
8606 8607 8608
8606 8608 8609
8610 8611 8612
8610 8612 8613
8609 8608 8614
8609 8614 8615
8616 8617 8611
8616 8611 8610
8615 8614 8618
8615 8618 8619
8620 8621 8617
8620 8617 8616
8619 8618 8622
8619 8622 8623
8624 8625 8621
8624 8621 8620
8623 8622 8626
8623 8626 8627
8628 8629 8625
8628 8625 8624
8627 8626 8630
8627 8630 8631
8632 8633 8629
8632 8629 8628
8107 8110 8634
8106 8105 8110
8106 8110 8107
8635 8636 8637
8636 8155 8638
8153 8635 8639
8635 8153 8155
8635 8155 8636
8640 8641 8642
8640 8642 8643
8641 8644 8645
8641 8645 8642
8644 8646 8647
8644 8647 8645
8646 8648 8649
8646 8649 8647
8648 8650 8651
8648 8651 8649
8650 8652 8653
8650 8653 8651
8654 8655 8656
8654 8656 8657
8658 8659 8655
8658 8655 8654
8660 8661 8659
8660 8659 8658
8662 8663 8661
8662 8661 8660
8664 8665 8663
8664 8663 8662
8666 8667 8665
8666 8665 8664
8668 8669 8670
8668 8670 8671
8669 8672 8673
8669 8673 8670
8672 8674 8675
8672 8675 8673
8674 8676 8677
8674 8677 8675
8676 8678 8679
8676 8679 8677
8678 8680 8681
8678 8681 8679
8682 8683 8684
8682 8684 8685
8683 8686 8687
8683 8687 8684
8686 8688 8689
8686 8689 8687
8688 8690 8691
8688 8691 8689
8690 8692 8693
8690 8693 8691
8692 8694 8695
8692 8695 8693
8696 8697 8698
8696 8698 8699
8700 8701 8697
8700 8697 8696
8702 8703 8701
8702 8701 8700
8704 8705 8703
8704 8703 8702
8706 8707 8705
8706 8705 8704
8708 8709 8707
8708 8707 8706
8710 8711 8712
8710 8712 8713
8714 8715 8716
8714 8716 8717
8718 8710 8713
8718 8713 8719
8715 8720 8721
8715 8721 8716
8722 8718 8719
8722 8719 8723
8720 8724 8725
8720 8725 8721
8726 8722 8723
8726 8723 8727
8724 8728 8729
8724 8729 8725
8730 8726 8727
8730 8727 8731
8728 8732 8733
8728 8733 8729
8734 8730 8731
8734 8731 8735
8732 8736 8737
8732 8737 8733
8738 8739 8740
8738 8740 8741
8739 8742 8743
8739 8743 8740
8742 8744 8745
8742 8745 8743
8744 8746 8747
8744 8747 8745
8746 8748 8749
8746 8749 8747
8748 8750 8751
8748 8751 8749
8752 8753 8754
8752 8754 8755
8753 8756 8757
8753 8757 8754
8756 8758 8759
8756 8759 8757
8758 8760 8761
8758 8761 8759
8760 8762 8763
8760 8763 8761
8762 8764 8765
8762 8765 8763
8766 8767 8768
8766 8768 8769
8770 8771 8767
8770 8767 8766
8772 8773 8771
8772 8771 8770
8774 8775 8773
8774 8773 8772
8776 8777 8775
8776 8775 8774
8778 8779 8777
8778 8777 8776
8780 8781 8782
8780 8782 8783
8784 8785 8781
8784 8781 8780
8786 8787 8785
8786 8785 8784
8788 8789 8787
8788 8787 8786
8790 8791 8789
8790 8789 8788
8792 8793 8791
8792 8791 8790
8794 8795 8796
8794 8796 8797
8795 8798 8799
8795 8799 8796
8798 8800 8801
8798 8801 8799
8800 8802 8803
8800 8803 8801
8802 8804 8805
8802 8805 8803
8804 8806 8807
8804 8807 8805
8808 8809 8810
8808 8810 8811
8809 8812 8813
8809 8813 8810
8812 8814 8815
8812 8815 8813
8814 8816 8817
8814 8817 8815
8816 8818 8819
8816 8819 8817
8818 8820 8821
8818 8821 8819
8822 8823 8824
8822 8824 8825
8823 8826 8827
8823 8827 8824
8826 8828 8829
8826 8829 8827
8828 8830 8831
8828 8831 8829
8830 8832 8833
8830 8833 8831
8832 8834 8835
8832 8835 8833
8836 8837 8838
8836 8838 8839
8837 8840 8841
8837 8841 8838
8840 8842 8843
8840 8843 8841
8842 8844 8845
8842 8845 8843
8844 8846 8847
8844 8847 8845
8846 8848 8849
8846 8849 8847
8850 8851 8852
8850 8852 8853
8854 8855 8851
8854 8851 8850
8856 8857 8855
8856 8855 8854
8858 8859 8857
8858 8857 8856
8860 8861 8859
8860 8859 8858
8862 8863 8861
8862 8861 8860
8864 8865 8866
8864 8866 8867
8868 8869 8865
8868 8865 8864
8870 8871 8869
8870 8869 8868
8872 8873 8871
8872 8871 8870
8874 8875 8873
8874 8873 8872
8876 8877 8875
8876 8875 8874
8878 8879 8880
8878 8880 8881
8882 8878 8881
8882 8881 8883
8884 8882 8883
8884 8883 8885
8886 8884 8885
8886 8885 8887
8888 8886 8887
8888 8887 8889
8890 8888 8889
8890 8889 8891
8892 8893 8894
8892 8894 8895
8896 8892 8895
8896 8895 8897
8898 8896 8897
8898 8897 8899
8900 8898 8899
8900 8899 8901
8902 8900 8901
8902 8901 8903
8904 8902 8903
8904 8903 8905
8906 8907 8908
8906 8908 8909
8909 8908 8910
8909 8910 8911
8911 8910 8912
8911 8912 8913
8913 8912 8914
8913 8914 8915
8915 8914 8916
8915 8916 8917
8917 8916 8918
8917 8918 8919
8920 8921 8922
8920 8922 8923
8923 8922 8907
8923 8907 8906
8924 8925 8926
8927 8928 8929
8930 8925 8924
8929 8928 8931
8932 8925 8930
8931 8928 8933
8934 8925 8932
8933 8928 8935
8936 8925 8934
8935 8928 8937
8926 8925 8938
8939 8928 8927
8940 8941 8942
8940 8942 8943
8941 8944 8945
8941 8945 8942
8944 8946 8947
8944 8947 8945
8946 8948 8949
8946 8949 8947
8948 8950 8951
8948 8951 8949
8950 8952 8953
8950 8953 8951
8954 8955 8956
8954 8956 8957
8958 8959 8955
8958 8955 8954
8960 8961 8959
8960 8959 8958
8962 8963 8961
8962 8961 8960
8964 8965 8963
8964 8963 8962
8966 8967 8965
8966 8965 8964
8968 8969 8970
8968 8970 8971
8972 8968 8971
8972 8971 8973
8974 8972 8973
8974 8973 8975
8976 8974 8975
8976 8975 8977
8978 8976 8977
8978 8977 8979
8980 8978 8979
8980 8979 8981
8982 8983 8984
8982 8984 8985
8985 8984 8986
8985 8986 8987
8987 8986 8988
8987 8988 8989
8989 8988 8990
8989 8990 8991
8991 8990 8992
8991 8992 8993
8993 8992 8994
8993 8994 8995
8996 8997 8998
8996 8998 8999
9000 9001 9002
9000 9002 9003
9004 9005 8997
9004 8997 8996
9006 9000 9003
9006 9003 9007
9008 9009 9005
9008 9005 9004
9010 9006 9007
9010 9007 9011
9012 9013 9009
9012 9009 9008
9014 9010 9011
9014 9011 9015
9016 9017 9013
9016 9013 9012
9018 9014 9015
9018 9015 9019
9020 9021 9017
9020 9017 9016
9022 9018 9019
9022 9019 9023
9024 9025 9026
9024 9026 9027
9028 9029 9030
9028 9030 9031
9025 9032 9033
9025 9033 9026
9034 9028 9031
9034 9031 9035
9032 9036 9037
9032 9037 9033
9038 9034 9035
9038 9035 9039
9036 9040 9041
9036 9041 9037
9042 9038 9039
9042 9039 9043
9040 9044 9045
9040 9045 9041
9046 9042 9043
9046 9043 9047
9044 9048 9049
9044 9049 9045
9050 9046 9047
9050 9047 9051
9052 9053 9054
9052 9054 9055
9056 9057 9058
9056 9058 9059
9053 9060 9061
9053 9061 9054
9062 9056 9059
9062 9059 9063
9060 9064 9065
9060 9065 9061
9066 9062 9063
9066 9063 9067
9064 9068 9069
9064 9069 9065
9070 9066 9067
9070 9067 9071
9068 9072 9073
9068 9073 9069
9074 9070 9071
9074 9071 9075
9072 9076 9077
9072 9077 9073
9078 9074 9075
9078 9075 9079
9080 9081 9082
9080 9082 9083
9084 9085 9086
9084 9086 9087
9088 9080 9083
9088 9083 9089
9085 9090 9091
9085 9091 9086
9092 9088 9089
9092 9089 9093
9090 9094 9095
9090 9095 9091
9096 9092 9093
9096 9093 9097
9094 9098 9099
9094 9099 9095
9100 9096 9097
9100 9097 9101
9098 9102 9103
9098 9103 9099
9104 9100 9101
9104 9101 9105
9102 9106 9107
9102 9107 9103
9108 9109 9110
9108 9110 9111
9112 9113 9114
9112 9114 9115
9116 9108 9111
9116 9111 9117
9113 9118 9119
9113 9119 9114
9120 9116 9117
9120 9117 9121
9118 9122 9123
9118 9123 9119
9124 9120 9121
9124 9121 9125
9122 9126 9127
9122 9127 9123
9128 9124 9125
9128 9125 9129
9126 9130 9131
9126 9131 9127
9132 9128 9129
9132 9129 9133
9130 9134 9135
9130 9135 9131
9136 9137 9138
9136 9138 9139
9140 9141 9142
9140 9142 9143
9140 9143 9144
9140 9144 9145
9146 9145 9144
9146 9144 9147
9148 9149 9150
9148 9150 9151
9152 9151 9150
9152 9150 9153
9154 9155 9156
9157 9158 9159
9160 9161 9162
9160 9162 9163
9160 9163 9164
9160 9164 9165
9166 9165 9164
9166 9164 9167
9168 9169 9170
9168 9170 9171
9172 9171 9170
9172 9170 9173
9174 9175 9176
9177 9178 9179
9177 9179 9180
9181 9177 9180
9181 9180 9182
9183 9184 9185
9183 9185 9186
9178 9183 9186
9178 9186 9179
9187 9188 9189
9190 9188 9187
9191 9188 9192
9189 9188 9191
9193 9194 9195
9195 9194 9196
9197 9194 9198
9198 9194 9193
9199 9200 9201
9199 9201 9202
9203 9204 9200
9203 9200 9199
9205 9206 9207
9205 9207 9208
9202 9201 9206
9202 9206 9205
9209 9210 9211
9209 9211 9212
9213 9214 9210
9213 9210 9209
9215 9216 9217
9215 9217 9218
9212 9211 9216
9212 9216 9215
9210 9199 9202
9210 9202 9211
9179 9201 9200
9179 9200 9180
9214 9203 9199
9214 9199 9210
9180 9200 9204
9180 9204 9182
9216 9205 9208
9216 9208 9217
9185 9207 9206
9185 9206 9186
9211 9202 9205
9211 9205 9216
9186 9206 9201
9186 9201 9179
9219 9220 9221
9219 9221 9222
9223 9224 9225
9223 9225 9226
9227 9228 9229
9227 9229 9230
9231 9232 9233
9231 9233 9234
9235 9236 9237
9235 9237 9238
9239 9240 9241
9239 9241 9242
9239 9242 9243
9239 9243 9244
9245 9244 9243
9245 9243 9246
9247 9248 9249
9247 9249 9250
9251 9250 9249
9251 9249 9252
9253 9254 9255
9256 9257 9258
9259 9260 9261
9259 9261 9262
9259 9263 9264
9259 9264 9260
9265 9266 9267
9265 9267 9268
9269 9270 9266
9269 9266 9265
9269 9271 9272
9269 9272 9270
9273 9274 9275
9276 9277 9278
9268 9267 9264
9268 9264 9263
9275 9274 9279
9280 9277 9281
9279 9274 9282
9283 9284 9285
9283 9285 9286
9286 9285 9287
9286 9287 9288
9288 9287 9289
9288 9289 9290
9290 9289 9291
9290 9291 9292
9292 9291 9293
9292 9293 9294
9294 9293 9295
9294 9295 9296
9297 9298 9299
9297 9299 9300
9300 9299 9301
9300 9301 9302
9302 9301 9303
9302 9303 9304
9304 9303 9305
9304 9305 9306
9306 9305 9307
9306 9307 9308
9308 9307 9309
9308 9309 9310
9311 9312 9313
9311 9313 9314
9315 9311 9314
9315 9314 9316
9317 9315 9316
9317 9316 9318
9319 9317 9318
9319 9318 9320
9321 9319 9320
9321 9320 9322
9323 9321 9322
9323 9322 9324
9325 9326 9327
9325 9327 9328
9329 9325 9328
9329 9328 9330
9331 9329 9330
9331 9330 9332
9333 9331 9332
9333 9332 9334
9335 9333 9334
9335 9334 9336
9337 9335 9336
9337 9336 9338
9339 9340 9341
9339 9341 9342
9343 9344 9340
9343 9340 9339
9345 9346 9344
9345 9344 9343
9347 9348 9346
9347 9346 9345
9349 9350 9348
9349 9348 9347
9351 9352 9350
9351 9350 9349
9353 9354 9355
9353 9355 9356
9357 9358 9354
9357 9354 9353
9359 9360 9358
9359 9358 9357
9361 9362 9360
9361 9360 9359
9363 9364 9362
9363 9362 9361
9365 9366 9364
9365 9364 9363
9367 9368 9369
9367 9369 9370
9371 9367 9370
9371 9370 9372
9373 9371 9372
9373 9372 9374
9375 9376 9377
9375 9377 9378
9379 9375 9378
9379 9378 9380
9368 9379 9380
9368 9380 9369
9381 9370 9369
9381 9369 9382
9383 9372 9370
9383 9370 9381
9384 9374 9372
9384 9372 9383
9385 9378 9377
9385 9377 9386
9387 9380 9378
9387 9378 9385
9382 9369 9380
9382 9380 9387
9388 9389 9390
9390 9389 9391
9391 9389 9392
9393 9389 9388
9394 9395 9396
9396 9395 9397
9398 9395 9399
9399 9395 9394
9148 9146 9147
9148 9147 9149
9168 9166 9167
9168 9167 9169
9273 9400 9401
9273 9275 9400
9280 9281 9402
9402 9281 9403
9278 9277 9280
9159 9158 9404
9174 9176 9405
9176 9175 9406
9174 9405 9407
9406 9175 9408
9154 9156 9409
9156 9155 9410
9156 9410 9411
9154 9409 9412
9247 9245 9246
9247 9246 9248
9253 9255 9413
9258 9257 9414
9255 9254 9415
9256 9258 9416
9253 9413 9417
9414 9257 9418
9415 9254 9419
9256 9416 9420
9421 9422 9423
9424 9425 9426
9427 9428 9429
9427 9429 9430
9430 9429 9431
9430 9431 9432
9433 9434 9435
9433 9435 9436
9436 9435 9428
9436 9428 9427
9437 9438 9439
9440 9437 9439
9441 9442 9439
9438 9441 9439
9443 9444 9445
9444 9446 9445
9447 9448 9445
9448 9443 9445
9449 9450 9451
9449 9451 9452
9450 9453 9454
9450 9454 9451
9455 9456 9457
9455 9457 9458
9456 9449 9452
9456 9452 9457
9459 9460 9461
9459 9461 9462
9460 9463 9464
9460 9464 9461
9465 9466 9467
9465 9467 9468
9466 9459 9462
9466 9462 9467
9452 9451 9460
9452 9460 9459
9450 9449 9427
9450 9427 9430
9451 9454 9463
9451 9463 9460
9453 9450 9430
9453 9430 9432
9458 9457 9466
9458 9466 9465
9456 9455 9433
9456 9433 9436
9457 9452 9459
9457 9459 9466
9449 9456 9436
9449 9436 9427
9469 9470 9471
9469 9471 9472
9473 9474 9475
9473 9475 9476
9475 9477 9478
9475 9478 9476
9478 9477 9479
9478 9479 9480
9481 9482 9483
9481 9483 9484
9483 9482 9485
9483 9485 9486
9487 9488 9489
9490 9491 9492
9493 9494 9495
9493 9495 9496
9497 9498 9493
9497 9493 9496
9499 9500 9501
9499 9501 9502
9503 9499 9502
9503 9502 9504
9505 9506 9503
9505 9503 9504
9507 9508 9509
9510 9511 9512
9500 9498 9497
9500 9497 9501
9508 9513 9509
9514 9515 9512
9513 9516 9509
9517 9518 9519
9517 9519 9520
9518 9521 9522
9518 9522 9519
9521 9523 9524
9521 9524 9522
9523 9525 9526
9523 9526 9524
9525 9527 9528
9525 9528 9526
9527 9529 9530
9527 9530 9528
9531 9532 9533
9531 9533 9534
9532 9535 9536
9532 9536 9533
9535 9537 9538
9535 9538 9536
9537 9539 9540
9537 9540 9538
9539 9541 9542
9539 9542 9540
9541 9543 9544
9541 9544 9542
9545 9546 9547
9545 9547 9548
9549 9550 9546
9549 9546 9545
9551 9552 9550
9551 9550 9549
9553 9554 9552
9553 9552 9551
9555 9556 9554
9555 9554 9553
9557 9558 9556
9557 9556 9555
9559 9560 9561
9559 9561 9562
9563 9564 9560
9563 9560 9559
9565 9566 9564
9565 9564 9563
9567 9568 9566
9567 9566 9565
9569 9570 9568
9569 9568 9567
9571 9572 9570
9571 9570 9569
9573 9574 9575
9573 9575 9576
9577 9573 9576
9577 9576 9578
9579 9577 9578
9579 9578 9580
9581 9579 9580
9581 9580 9582
9583 9581 9582
9583 9582 9584
9585 9583 9584
9585 9584 9586
9587 9588 9589
9587 9589 9590
9591 9587 9590
9591 9590 9592
9593 9591 9592
9593 9592 9594
9595 9593 9594
9595 9594 9596
9597 9595 9596
9597 9596 9598
9599 9597 9598
9599 9598 9600
9601 9602 9603
9601 9603 9604
9604 9603 9605
9604 9605 9606
9606 9605 9607
9606 9607 9608
9609 9610 9611
9609 9611 9612
9612 9611 9613
9612 9613 9614
9614 9613 9602
9614 9602 9601
9601 9604 9615
9601 9615 9616
9604 9606 9617
9604 9617 9615
9606 9608 9618
9606 9618 9617
9609 9612 9619
9609 9619 9620
9612 9614 9621
9612 9621 9619
9614 9601 9616
9614 9616 9621
9622 9623 9624
9623 9625 9624
9625 9626 9624
9627 9622 9624
9628 9629 9630
9629 9631 9630
9632 9633 9630
9633 9628 9630
9507 9634 9635
9507 9635 9508
9514 9636 9515
9636 9637 9515
9511 9514 9512
9424 9638 9425
9425 9639 9426
9424 9640 9638
9639 9641 9426
9421 9642 9422
9422 9643 9644
9422 9644 9423
9421 9645 9642
9480 9479 9481
9480 9481 9484
9487 9646 9488
9491 9647 9492
9488 9648 9489
9490 9649 9491
9487 9650 9646
9647 9651 9492
9648 9652 9489
9490 9653 9649
9654 9655 9656
9657 9658 9659
9660 9661 9662
9663 9664 9665
9666 9667 9668
9669 9670 9671
9672 9673 9674
9675 9676 9677
9678 9679 9680
9681 9682 9683
9679 9678 9681
9679 9681 9683
9678 9684 9681
9683 9685 9679
9686 9687 9688
9689 9690 9691
9692 9693 9694
9695 9696 9697
9698 9699 9700
9701 9702 9703
9704 9705 9706
9707 9708 9709
9710 9711 9712
9713 9714 9715
9713 9710 9712
9713 9712 9714
9710 9713 9716
9714 9712 9717
9718 9719 9720
9721 9722 9723
9721 9723 9724
9725 9726 9724
9725 9724 9723
9719 9718 9726
9719 9726 9725
9725 9723 9727
9725 9727 9728
9723 9722 9729
9723 9729 9727
9719 9725 9728
9719 9728 9730
9731 9732 9733
9734 9735 9736
9734 9736 9737
9738 9739 9737
9738 9737 9736
9740 9731 9735
9740 9735 9734
9731 9733 9741
9738 9736 9742
9738 9742 9743
9736 9735 9744
9736 9744 9742
9735 9731 9741
9735 9741 9744
9745 9746 9747
9745 9747 9748
9749 9750 9751
9749 9751 9752
9753 9754 9755
9753 9755 9756
9751 9757 9758
9751 9758 9752
9758 9757 9747
9758 9747 9746
9759 9756 9755
9759 9755 9760
9761 9762 9763
9761 9763 9764
9759 9760 9762
9759 9762 9761
9765 9766 9718
9765 9718 9720
9726 9767 9768
9726 9768 9724
9768 9769 9721
9768 9721 9724
9718 9766 9767
9718 9767 9726
9730 9770 9771
9730 9771 9772
9729 9773 9774
9729 9774 9727
9774 9775 9728
9774 9728 9727
9770 9730 9728
9770 9728 9775
9740 9776 9777
9740 9777 9732
9739 9778 9779
9739 9779 9737
9779 9780 9734
9779 9734 9737
9776 9740 9734
9776 9734 9780
9781 9782 9741
9781 9741 9733
9744 9783 9784
9744 9784 9742
9785 9743 9742
9785 9742 9784
9741 9782 9783
9741 9783 9744
9772 9786 9787
9772 9787 9720
9732 9788 9789
9732 9789 9733
9763 9790 9764
9748 9791 9745
9719 9772 9720
9719 9730 9772
9731 9740 9732
9787 9765 9720
9789 9781 9733
9772 9771 9786
9732 9777 9788
9792 9793 9794
9795 9796 9797
9795 9797 9798
9798 9797 9799
9798 9799 9800
9800 9799 9801
9800 9801 9802
9802 9801 9803
9802 9803 9804
9805 9806 9796
9807 9808 9809
9807 9809 9810
9794 9809 9808
9811 9812 9813
9811 9813 9814
9810 9813 9812
9810 9812 9807
9815 9816 9817
9818 9819 9820
9818 9820 9821
9822 9823 9820
9822 9820 9819
9822 9824 9825
9822 9825 9823
9826 9825 9824
9826 9824 9827
9828 9818 9821
9829 9830 9831
9829 9831 9832
9832 9831 9817
9833 9834 9835
9833 9835 9836
9836 9835 9830
9836 9830 9829
9837 9838 9839
9837 9839 9840
9841 9842 9843
9841 9843 9844
9839 9845 9846
9839 9846 9840
9794 9796 9806
9821 9817 9816
9847 9848 9849
9850 9851 9842
9850 9842 9841
9852 9853 9846
9852 9846 9845
9854 9855 9856
9851 9850 9857
9851 9857 9858
9810 9809 9859
9810 9859 9860
9794 9793 9859
9794 9859 9809
9814 9813 9861
9814 9861 9862
9860 9861 9813
9860 9813 9810
9817 9831 9863
9817 9863 9864
9830 9865 9863
9830 9863 9831
9830 9835 9866
9830 9866 9865
9867 9866 9835
9867 9835 9834
9799 9797 9808
9799 9808 9807
9803 9801 9812
9803 9812 9811
9807 9812 9801
9807 9801 9799
9821 9820 9832
9829 9832 9820
9829 9820 9823
9823 9825 9836
9823 9836 9829
9833 9836 9825
9833 9825 9826
9852 9856 9855
9852 9855 9853
9849 9848 9844
9849 9844 9843
9794 9808 9796
9832 9817 9821
9796 9808 9797
9792 9794 9806
9805 9796 9795
9815 9817 9864
9828 9821 9816
9868 9869 9870
9871 9872 9873
9871 9873 9874
9872 9875 9876
9872 9876 9873
9875 9877 9878
9875 9878 9876
9877 9879 9880
9877 9880 9878
9881 9874 9882
9883 9884 9885
9883 9885 9886
9869 9886 9885
9887 9888 9889
9887 9889 9890
9884 9883 9890
9884 9890 9889
9891 9892 9893
9894 9895 9896
9894 9896 9897
9896 9898 9899
9896 9899 9897
9899 9898 9900
9899 9900 9901
9902 9903 9901
9902 9901 9900
9904 9895 9894
9905 9906 9907
9905 9907 9908
9906 9892 9907
9909 9910 9911
9909 9911 9912
9910 9905 9908
9910 9908 9911
9913 9914 9915
9913 9915 9916
9917 9918 9919
9917 9919 9920
9921 9922 9915
9921 9915 9914
9869 9882 9874
9895 9893 9892
9923 9924 9925
9926 9917 9920
9926 9920 9927
9928 9922 9921
9928 9921 9929
9930 9931 9932
9933 9926 9927
9933 9927 9934
9884 9935 9936
9884 9936 9885
9936 9870 9869
9936 9869 9885
9888 9937 9938
9888 9938 9889
9935 9884 9889
9935 9889 9938
9892 9939 9940
9892 9940 9907
9940 9941 9908
9940 9908 9907
9908 9941 9942
9908 9942 9911
9943 9912 9911
9943 9911 9942
9876 9883 9886
9876 9886 9873
9880 9887 9890
9880 9890 9878
9883 9876 9878
9883 9878 9890
9895 9906 9896
9905 9898 9896
9905 9896 9906
9898 9905 9910
9898 9910 9900
9909 9902 9900
9909 9900 9910
9932 9931 9928
9932 9928 9929
9924 9919 9918
9924 9918 9925
9869 9874 9886
9906 9895 9892
9874 9873 9886
9868 9882 9869
9881 9871 9874
9891 9939 9892
9904 9893 9895
9944 9945 9946
9947 9948 9949
9947 9949 9950
9950 9949 9951
9950 9951 9952
9952 9951 9953
9952 9953 9954
9954 9953 9955
9954 9955 9956
9957 9944 9946
9957 9946 9958
9959 9960 9961
9959 9961 9962
9963 9961 9960
9963 9960 9964
9965 9966 9967
9965 9967 9968
9962 9967 9966
9962 9966 9959
9969 9970 9971
9969 9971 9972
9973 9974 9975
9973 9975 9976
9977 9978 9975
9977 9975 9974
9977 9979 9980
9977 9980 9978
9981 9980 9979
9981 9979 9982
9970 9983 9971
9984 9985 9986
9984 9986 9987
9987 9986 9988
9987 9988 9989
9990 9991 9992
9990 9992 9993
9993 9992 9985
9993 9985 9984
9994 9995 9996
9994 9996 9997
9998 9999 10000
9998 10000 10001
10002 10003 10004
10002 10004 10005
10006 10007 10008
10006 10008 10009
9958 9946 9964
10010 9958 9948
10010 9948 9947
10011 9972 9988
10011 9988 10012
9972 9971 9989
10013 10005 10004
10013 10004 10014
10015 10016 10017
10006 10009 9995
10006 9995 9994
10013 10014 9999
10013 9999 9998
10018 10019 10008
10018 10008 10007
10020 10019 10018
10018 10021 10020
10018 10022 10021
9962 9961 10023
9962 10023 10024
9963 10025 10023
9963 10023 9961
9968 9967 10026
9968 10026 10027
10024 10026 9967
10024 9967 9962
9988 9986 10028
9988 10028 10012
9985 10029 10028
9985 10028 9986
9985 9992 10030
9985 10030 10029
10031 10030 9992
10031 9992 9991
9963 9946 9945
9963 9945 10025
9988 9972 9989
9951 9949 9960
9951 9960 9959
9964 9960 9949
9964 9949 9948
9955 9953 9966
9955 9966 9965
9959 9966 9953
9959 9953 9951
9976 9975 9987
9976 9987 9989
9984 9987 9975
9984 9975 9978
9978 9980 9993
9978 9993 9984
9990 9993 9980
9990 9980 9981
9948 9958 9964
9976 9971 9983
9976 9983 9973
9964 9946 9963
9989 9971 9976
9969 9972 10011
9957 9958 10010
10017 10016 10001
10017 10001 10000
10032 10033 10034
10035 10036 10037
10035 10037 10038
10036 10039 10040
10036 10040 10037
10039 10041 10042
10039 10042 10040
10041 10043 10044
10041 10044 10042
10045 10046 10033
10045 10033 10032
10047 10048 10049
10047 10049 10050
10051 10052 10050
10051 10050 10049
10053 10054 10055
10053 10055 10056
10048 10047 10056
10048 10056 10055
10057 10058 10059
10057 10059 10060
10061 10062 10063
10061 10063 10064
10063 10065 10066
10063 10066 10064
10066 10065 10067
10066 10067 10068
10069 10070 10068
10069 10068 10067
10060 10059 10071
10072 10073 10074
10072 10074 10075
10073 10076 10077
10073 10077 10074
10078 10079 10080
10078 10080 10081
10079 10072 10075
10079 10075 10080
10082 10083 10084
10082 10084 10085
10086 10087 10088
10086 10088 10089
10090 10091 10092
10090 10092 10093
10094 10095 10096
10094 10096 10097
10046 10052 10033
10098 10035 10038
10098 10038 10046
10099 10100 10077
10099 10077 10058
10058 10076 10059
10092 10091 10101
10092 10101 10102
10103 10088 10087
10087 10104 10103
10087 10105 10104
10096 10082 10085
10096 10085 10097
10101 10086 10089
10101 10089 10102
10106 10095 10094
10106 10094 10107
10106 10107 10108
10108 10109 10106
10109 10110 10106
10048 10111 10112
10048 10112 10049
10112 10113 10051
10112 10051 10049
10054 10114 10115
10054 10115 10055
10111 10048 10055
10111 10055 10115
10077 10100 10116
10077 10116 10074
10116 10117 10075
10116 10075 10074
10075 10117 10118
10075 10118 10080
10119 10081 10080
10119 10080 10118
10051 10113 10034
10051 10034 10033
10077 10076 10058
10040 10047 10050
10040 10050 10037
10052 10038 10037
10052 10037 10050
10044 10053 10056
10044 10056 10042
10047 10040 10042
10047 10042 10056
10062 10076 10073
10062 10073 10063
10072 10065 10063
10072 10063 10073
10065 10072 10079
10065 10079 10067
10078 10069 10067
10078 10067 10079
10038 10052 10046
10062 10061 10071
10062 10071 10059
10052 10051 10033
10076 10062 10059
10057 10099 10058
10045 10098 10046
10120 10121 10122
10123 10124 10125
10123 10125 10126
10126 10125 10127
10126 10127 10128
10128 10127 10129
10128 10129 10130
10130 10129 10131
10130 10131 10132
10133 10134 10124
10135 10136 10137
10135 10137 10138
10122 10137 10136
10139 10140 10141
10139 10141 10142
10138 10141 10140
10138 10140 10135
10143 10144 10145
10146 10147 10148
10146 10148 10149
10150 10151 10148
10150 10148 10147
10150 10152 10153
10150 10153 10151
10154 10153 10152
10154 10152 10155
10156 10146 10149
10157 10158 10159
10157 10159 10160
10160 10159 10145
10161 10162 10163
10161 10163 10164
10164 10163 10158
10164 10158 10157
10165 10166 10167
10165 10167 10168
10169 10170 10171
10169 10171 10172
10173 10174 10175
10173 10175 10176
10165 10177 10178
10165 10178 10166
10122 10124 10134
10149 10145 10144
10179 10180 10181
10176 10175 10170
10176 10170 10169
10182 10183 10178
10182 10178 10177
10184 10185 10186
10138 10137 10187
10138 10187 10188
10122 10121 10187
10122 10187 10137
10142 10141 10189
10142 10189 10190
10188 10189 10141
10188 10141 10138
10145 10159 10191
10145 10191 10192
10158 10193 10191
10158 10191 10159
10158 10163 10194
10158 10194 10193
10195 10194 10163
10195 10163 10162
10127 10125 10136
10127 10136 10135
10131 10129 10140
10131 10140 10139
10135 10140 10129
10135 10129 10127
10149 10148 10160
10157 10160 10148
10157 10148 10151
10151 10153 10164
10151 10164 10157
10161 10164 10153
10161 10153 10154
10182 10186 10185
10182 10185 10183
10181 10180 10172
10181 10172 10171
10120 10122 10134
10133 10124 10123
10143 10145 10192
10156 10149 10144
10122 10136 10124
10160 10145 10149
10124 10136 10125
10196 10197 10198
10199 10200 10201
10199 10201 10202
10200 10203 10204
10200 10204 10201
10203 10205 10206
10203 10206 10204
10205 10207 10208
10205 10208 10206
10209 10202 10210
10211 10212 10213
10211 10213 10214
10197 10214 10213
10215 10216 10217
10215 10217 10218
10212 10211 10218
10212 10218 10217
10219 10220 10221
10222 10223 10224
10222 10224 10225
10224 10226 10227
10224 10227 10225
10227 10226 10228
10227 10228 10229
10230 10231 10229
10230 10229 10228
10232 10223 10222
10233 10234 10235
10233 10235 10236
10234 10220 10235
10237 10238 10239
10237 10239 10240
10238 10233 10236
10238 10236 10239
10241 10242 10243
10241 10243 10244
10245 10246 10247
10245 10247 10248
10249 10250 10251
10249 10251 10252
10253 10254 10241
10253 10241 10244
10197 10210 10202
10223 10221 10220
10255 10256 10257
10250 10245 10248
10250 10248 10251
10258 10254 10253
10258 10253 10259
10260 10261 10262
10212 10263 10264
10212 10264 10213
10264 10198 10197
10264 10197 10213
10216 10265 10266
10216 10266 10217
10263 10212 10217
10263 10217 10266
10220 10267 10268
10220 10268 10235
10268 10269 10236
10268 10236 10235
10236 10269 10270
10236 10270 10239
10271 10240 10239
10271 10239 10270
10204 10211 10214
10204 10214 10201
10208 10215 10218
10208 10218 10206
10211 10204 10206
10211 10206 10218
10223 10234 10224
10233 10226 10224
10233 10224 10234
10226 10233 10238
10226 10238 10228
10237 10230 10228
10237 10228 10238
10262 10261 10258
10262 10258 10259
10256 10247 10246
10256 10246 10257
10196 10210 10197
10209 10199 10202
10219 10267 10220
10232 10221 10223
10197 10202 10214
10234 10223 10220
10202 10201 10214
10272 10273 10274
10272 10274 10275
10276 10277 10278
10276 10278 10279
10273 10279 10278
10273 10278 10274
10280 10281 10282
10280 10282 10283
10284 10285 10286
10284 10286 10287
10283 10282 10286
10283 10286 10285
10288 10289 10290
10288 10290 10291
10292 10293 10294
10292 10294 10295
10296 10297 10298
10296 10298 10299
10300 10301 10302
10303 10296 10299
10303 10299 10304
10302 10301 10295
10302 10295 10294
10297 10305 10298
10306 10307 10308
10306 10308 10309
10306 10310 10311
10306 10311 10307
10312 10313 10314
10312 10314 10315
10316 10317 10318
10316 10318 10319
10309 10308 10312
10309 10312 10315
10319 10314 10313
10319 10313 10316
10320 10321 10322
10323 10324 10325
10323 10325 10326
10327 10325 10324
10327 10324 10328
10322 10327 10328
10322 10328 10320
10327 10329 10330
10327 10330 10325
10325 10330 10331
10325 10331 10326
10322 10332 10329
10322 10329 10327
10333 10334 10335
10336 10337 10338
10336 10338 10339
10340 10338 10337
10340 10337 10341
10342 10336 10339
10342 10339 10333
10333 10343 10334
10340 10344 10345
10340 10345 10338
10338 10345 10346
10338 10346 10339
10339 10346 10343
10339 10343 10333
10347 10348 10349
10347 10349 10350
10351 10352 10353
10351 10353 10354
10355 10356 10357
10355 10357 10358
10359 10360 10353
10359 10353 10352
10347 10360 10359
10347 10359 10348
10361 10362 10357
10361 10357 10356
10363 10364 10365
10363 10365 10366
10361 10363 10366
10361 10366 10362
10320 10367 10368
10320 10368 10321
10328 10324 10369
10328 10369 10370
10323 10371 10369
10323 10369 10324
10320 10328 10370
10320 10370 10367
10332 10372 10373
10332 10373 10374
10331 10330 10375
10331 10375 10376
10329 10377 10375
10329 10375 10330
10374 10377 10329
10374 10329 10332
10342 10335 10378
10342 10378 10379
10341 10337 10380
10341 10380 10381
10336 10382 10380
10336 10380 10337
10379 10382 10336
10379 10336 10342
10343 10383 10384
10343 10384 10334
10346 10345 10385
10346 10385 10386
10387 10385 10345
10387 10345 10344
10343 10346 10386
10343 10386 10383
10372 10321 10388
10372 10388 10389
10335 10334 10390
10335 10390 10391
10365 10364 10392
10350 10349 10393
10322 10321 10372
10322 10372 10332
10333 10335 10342
10388 10321 10368
10390 10334 10384
10372 10389 10373
10335 10391 10378
10394 10395 10396
10397 10398 10399
10397 10399 10400
10398 10401 10402
10398 10402 10399
10401 10403 10404
10401 10404 10402
10403 10405 10406
10403 10406 10404
10407 10400 10408
10409 10410 10411
10409 10411 10412
10395 10412 10411
10413 10414 10415
10413 10415 10416
10410 10409 10416
10410 10416 10415
10417 10418 10419
10420 10421 10422
10420 10422 10423
10422 10424 10425
10422 10425 10423
10425 10424 10426
10425 10426 10427
10428 10429 10427
10428 10427 10426
10430 10421 10420
10431 10432 10433
10431 10433 10434
10432 10418 10433
10435 10436 10437
10435 10437 10438
10436 10431 10434
10436 10434 10437
10439 10440 10441
10439 10441 10442
10443 10444 10445
10443 10445 10446
10447 10448 10441
10447 10441 10440
10395 10408 10400
10421 10419 10418
10449 10450 10451
10452 10443 10446
10452 10446 10453
10454 10448 10447
10454 10447 10455
10456 10457 10458
10459 10452 10453
10459 10453 10460
10410 10461 10462
10410 10462 10411
10462 10396 10395
10462 10395 10411
10414 10463 10464
10414 10464 10415
10461 10410 10415
10461 10415 10464
10418 10465 10466
10418 10466 10433
10466 10467 10434
10466 10434 10433
10434 10467 10468
10434 10468 10437
10469 10438 10437
10469 10437 10468
10402 10409 10412
10402 10412 10399
10406 10413 10416
10406 10416 10404
10409 10402 10404
10409 10404 10416
10421 10432 10422
10431 10424 10422
10431 10422 10432
10424 10431 10436
10424 10436 10426
10435 10428 10426
10435 10426 10436
10458 10457 10454
10458 10454 10455
10450 10445 10444
10450 10444 10451
10395 10400 10412
10432 10421 10418
10400 10399 10412
10394 10408 10395
10407 10397 10400
10417 10465 10418
10430 10419 10421
10470 10471 10472
10473 10474 10475
10473 10475 10476
10476 10475 10477
10476 10477 10478
10478 10477 10479
10478 10479 10480
10480 10479 10481
10480 10481 10482
10483 10484 10474
10485 10486 10487
10485 10487 10488
10472 10487 10486
10489 10490 10491
10489 10491 10492
10488 10491 10490
10488 10490 10485
10493 10494 10495
10496 10497 10498
10496 10498 10499
10500 10501 10498
10500 10498 10497
10500 10502 10503
10500 10503 10501
10504 10503 10502
10504 10502 10505
10506 10496 10499
10507 10508 10509
10507 10509 10510
10510 10509 10495
10511 10512 10513
10511 10513 10514
10514 10513 10508
10514 10508 10507
10515 10516 10517
10515 10517 10518
10519 10520 10521
10519 10521 10522
10517 10523 10524
10517 10524 10518
10472 10474 10484
10499 10495 10494
10525 10526 10527
10528 10529 10520
10528 10520 10519
10530 10531 10524
10530 10524 10523
10532 10533 10534
10529 10528 10535
10529 10535 10536
10488 10487 10537
10488 10537 10538
10472 10471 10537
10472 10537 10487
10492 10491 10539
10492 10539 10540
10538 10539 10491
10538 10491 10488
10495 10509 10541
10495 10541 10542
10508 10543 10541
10508 10541 10509
10508 10513 10544
10508 10544 10543
10545 10544 10513
10545 10513 10512
10477 10475 10486
10477 10486 10485
10481 10479 10490
10481 10490 10489
10485 10490 10479
10485 10479 10477
10499 10498 10510
10507 10510 10498
10507 10498 10501
10501 10503 10514
10501 10514 10507
10511 10514 10503
10511 10503 10504
10530 10534 10533
10530 10533 10531
10527 10526 10522
10527 10522 10521
10472 10486 10474
10510 10495 10499
10474 10486 10475
10470 10472 10484
10483 10474 10473
10493 10495 10542
10506 10499 10494
10546 10547 10548
10549 10550 10551
10549 10551 10552
10550 10553 10554
10550 10554 10551
10553 10555 10556
10553 10556 10554
10555 10557 10558
10555 10558 10556
10559 10560 10547
10559 10547 10546
10561 10562 10563
10561 10563 10564
10565 10566 10564
10565 10564 10563
10567 10568 10569
10567 10569 10570
10562 10561 10570
10562 10570 10569
10571 10572 10573
10571 10573 10574
10575 10576 10577
10575 10577 10578
10577 10579 10580
10577 10580 10578
10580 10579 10581
10580 10581 10582
10583 10584 10582
10583 10582 10581
10574 10573 10585
10586 10587 10588
10586 10588 10589
10587 10590 10591
10587 10591 10588
10592 10593 10594
10592 10594 10595
10593 10586 10589
10593 10589 10594
10596 10597 10598
10596 10598 10599
10600 10601 10602
10600 10602 10603
10604 10605 10606
10604 10606 10607
10608 10609 10610
10608 10610 10611
10560 10566 10547
10612 10549 10552
10612 10552 10560
10613 10614 10591
10613 10591 10572
10572 10590 10573
10606 10605 10615
10606 10615 10616
10617 10618 10619
10610 10596 10599
10610 10599 10611
10615 10600 10603
10615 10603 10616
10620 10609 10608
10620 10608 10621
10622 10620 10621
10621 10623 10622
10621 10624 10623
10562 10625 10626
10562 10626 10563
10626 10627 10565
10626 10565 10563
10568 10628 10629
10568 10629 10569
10625 10562 10569
10625 10569 10629
10591 10614 10630
10591 10630 10588
10630 10631 10589
10630 10589 10588
10589 10631 10632
10589 10632 10594
10633 10595 10594
10633 10594 10632
10565 10627 10548
10565 10548 10547
10591 10590 10572
10554 10561 10564
10554 10564 10551
10566 10552 10551
10566 10551 10564
10558 10567 10570
10558 10570 10556
10561 10554 10556
10561 10556 10570
10576 10590 10587
10576 10587 10577
10586 10579 10577
10586 10577 10587
10579 10586 10593
10579 10593 10581
10592 10583 10581
10592 10581 10593
10552 10566 10560
10576 10575 10585
10576 10585 10573
10566 10565 10547
10590 10576 10573
10571 10613 10572
10559 10612 10560
10618 10602 10601
10618 10601 10619
10634 10635 10636
10637 10638 10639
10637 10639 10640
10640 10639 10641
10640 10641 10642
10642 10641 10643
10642 10643 10644
10644 10643 10645
10644 10645 10646
10647 10634 10636
10647 10636 10648
10649 10650 10651
10649 10651 10652
10653 10651 10650
10653 10650 10654
10655 10656 10657
10655 10657 10658
10652 10657 10656
10652 10656 10649
10659 10660 10661
10659 10661 10662
10663 10664 10665
10663 10665 10666
10667 10668 10665
10667 10665 10664
10667 10669 10670
10667 10670 10668
10671 10670 10669
10671 10669 10672
10660 10673 10661
10674 10675 10676
10674 10676 10677
10677 10676 10678
10677 10678 10679
10680 10681 10682
10680 10682 10683
10683 10682 10675
10683 10675 10674
10684 10685 10686
10684 10686 10687
10688 10689 10690
10688 10690 10691
10692 10693 10694
10692 10694 10695
10696 10697 10698
10696 10698 10699
10648 10636 10654
10700 10648 10638
10700 10638 10637
10701 10662 10678
10701 10678 10702
10662 10661 10679
10703 10695 10694
10703 10694 10704
10705 10706 10691
10691 10690 10705
10690 10707 10705
10696 10699 10685
10696 10685 10684
10703 10704 10689
10703 10689 10688
10708 10709 10698
10708 10698 10697
10708 10710 10711
10711 10709 10708
10711 10712 10709
10652 10651 10713
10652 10713 10714
10653 10715 10713
10653 10713 10651
10658 10657 10716
10658 10716 10717
10714 10716 10657
10714 10657 10652
10678 10676 10718
10678 10718 10702
10675 10719 10718
10675 10718 10676
10675 10682 10720
10675 10720 10719
10721 10720 10682
10721 10682 10681
10653 10636 10635
10653 10635 10715
10678 10662 10679
10641 10639 10650
10641 10650 10649
10654 10650 10639
10654 10639 10638
10645 10643 10656
10645 10656 10655
10649 10656 10643
10649 10643 10641
10666 10665 10677
10666 10677 10679
10674 10677 10665
10674 10665 10668
10668 10670 10683
10668 10683 10674
10680 10683 10670
10680 10670 10671
10638 10648 10654
10666 10661 10673
10666 10673 10663
10654 10636 10653
10679 10661 10666
10659 10662 10701
10647 10648 10700
10722 10723 10724
10725 10726 10727
10725 10727 10728
10726 10729 10730
10726 10730 10727
10729 10731 10732
10729 10732 10730
10731 10733 10734
10731 10734 10732
10735 10728 10736
10737 10738 10739
10737 10739 10740
10723 10740 10739
10741 10742 10743
10741 10743 10744
10738 10737 10744
10738 10744 10743
10745 10746 10747
10748 10749 10750
10748 10750 10751
10750 10752 10753
10750 10753 10751
10753 10752 10754
10753 10754 10755
10756 10757 10755
10756 10755 10754
10758 10749 10748
10759 10760 10761
10759 10761 10762
10760 10746 10761
10763 10764 10765
10763 10765 10766
10764 10759 10762
10764 10762 10765
10767 10768 10769
10767 10769 10770
10771 10772 10773
10771 10773 10774
10775 10776 10777
10775 10777 10778
10779 10780 10767
10779 10767 10770
10723 10736 10728
10749 10747 10746
10781 10782 10783
10776 10771 10774
10776 10774 10777
10784 10780 10779
10784 10779 10785
10786 10787 10788
10738 10789 10790
10738 10790 10739
10790 10724 10723
10790 10723 10739
10742 10791 10792
10742 10792 10743
10789 10738 10743
10789 10743 10792
10746 10793 10794
10746 10794 10761
10794 10795 10762
10794 10762 10761
10762 10795 10796
10762 10796 10765
10797 10766 10765
10797 10765 10796
10730 10737 10740
10730 10740 10727
10734 10741 10744
10734 10744 10732
10737 10730 10732
10737 10732 10744
10749 10760 10750
10759 10752 10750
10759 10750 10760
10752 10759 10764
10752 10764 10754
10763 10756 10754
10763 10754 10764
10788 10787 10784
10788 10784 10785
10782 10773 10772
10782 10772 10783
10722 10736 10723
10735 10725 10728
10745 10793 10746
10758 10747 10749
10723 10728 10740
10760 10749 10746
10728 10727 10740
10798 10799 10800
10801 10802 10803
10801 10803 10804
10804 10803 10805
10804 10805 10806
10806 10805 10807
10806 10807 10808
10808 10807 10809
10808 10809 10810
10811 10812 10802
10813 10814 10815
10813 10815 10816
10800 10815 10814
10817 10818 10819
10817 10819 10820
10816 10819 10818
10816 10818 10813
10821 10822 10823
10824 10825 10826
10824 10826 10827
10828 10829 10826
10828 10826 10825
10828 10830 10831
10828 10831 10829
10832 10831 10830
10832 10830 10833
10834 10824 10827
10835 10836 10837
10835 10837 10838
10838 10837 10823
10839 10840 10841
10839 10841 10842
10842 10841 10836
10842 10836 10835
10843 10844 10845
10843 10845 10846
10847 10848 10849
10847 10849 10850
10851 10852 10853
10851 10853 10854
10843 10855 10856
10843 10856 10844
10800 10802 10812
10827 10823 10822
10857 10858 10859
10854 10853 10848
10854 10848 10847
10860 10861 10856
10860 10856 10855
10862 10863 10864
10816 10815 10865
10816 10865 10866
10800 10799 10865
10800 10865 10815
10820 10819 10867
10820 10867 10868
10866 10867 10819
10866 10819 10816
10823 10837 10869
10823 10869 10870
10836 10871 10869
10836 10869 10837
10836 10841 10872
10836 10872 10871
10873 10872 10841
10873 10841 10840
10805 10803 10814
10805 10814 10813
10809 10807 10818
10809 10818 10817
10813 10818 10807
10813 10807 10805
10827 10826 10838
10835 10838 10826
10835 10826 10829
10829 10831 10842
10829 10842 10835
10839 10842 10831
10839 10831 10832
10860 10864 10863
10860 10863 10861
10859 10858 10850
10859 10850 10849
10798 10800 10812
10811 10802 10801
10821 10823 10870
10834 10827 10822
10800 10814 10802
10838 10823 10827
10802 10814 10803
10874 10875 10876
10874 10876 10877
10878 10879 10880
10878 10880 10881
10877 10876 10880
10877 10880 10879
10882 10883 10884
10882 10884 10885
10886 10887 10888
10886 10888 10889
10883 10889 10888
10883 10888 10884
10890 10891 10892
10890 10892 10893
10894 10895 10896
10894 10896 10897
10898 10899 10900
10898 10900 10901
10902 10903 10904
10905 10906 10901
10905 10901 10900
10897 10904 10903
10897 10903 10894
10899 10898 10907
10908 10909 10910
10908 10910 10911
10912 10913 10910
10912 10910 10909
10914 10915 10916
10914 10916 10917
10918 10919 10920
10918 10920 10921
10911 10915 10914
10911 10914 10908
10917 10916 10921
10917 10921 10920
10922 10923 10924
10922 10924 10925
10923 10926 10927
10923 10927 10924
10926 10928 10929
10926 10929 10927
10928 10930 10931
10928 10931 10929
10927 10932 10933
10927 10933 10924
10925 10924 10933
10925 10933 10934
10931 10935 10936
10931 10936 10929
10932 10927 10929
10932 10929 10936
10937 10938 10939
10937 10939 10940
10941 10940 10939
10941 10939 10942
10941 10942 10943
10941 10943 10944
10945 10946 10944
10945 10944 10943
10947 10938 10937
10948 10939 10938
10948 10938 10949
10948 10950 10942
10948 10942 10939
10950 10951 10943
10950 10943 10942
10951 10952 10945
10951 10945 10943
10953 10954 10955
10953 10955 10956
10957 10958 10959
10957 10959 10960
10961 10938 10947
10962 10925 10963
10964 10955 10954
10954 10965 10964
10954 10966 10965
10967 10953 10956
10967 10956 10968
10969 10957 10960
10969 10960 10970
10971 10972 10973
10973 10970 10971
10973 10969 10970
10968 10974 10975
10968 10975 10967
10976 10959 10958
10976 10958 10977
10962 10922 10925
10961 10949 10938
10925 10934 10963
10978 10979 10980
10978 10980 10981
10981 10980 10982
10981 10982 10983
10983 10982 10984
10983 10984 10985
10985 10984 10986
10985 10986 10987
10982 10980 10988
10982 10988 10989
10979 10990 10988
10979 10988 10980
10986 10984 10991
10986 10991 10992
10984 10982 10989
10984 10989 10991
10993 10994 10995
10993 10995 10996
10997 10998 10995
10997 10995 10994
10997 10999 11000
10997 11000 10998
10999 11001 11002
10999 11002 11000
11003 10993 10996
10996 10995 11004
10996 11004 11005
11004 10995 10998
11004 10998 11006
11006 10998 11000
11006 11000 11007
11007 11000 11002
11007 11002 11008
11009 11010 11011
11009 11011 11012
11013 11014 11015
11013 11015 11016
11017 11003 10996
11018 11019 10979
11020 11012 11011
11011 11021 11020
11011 11022 11021
11023 11024 11010
11023 11010 11009
11025 11026 11014
11025 11014 11013
11027 11028 11029
11029 11026 11027
11026 11025 11027
11030 11031 11024
11030 11024 11023
11016 11015 11032
11016 11032 11033
11018 10979 10978
11017 10996 11005
10979 11019 10990
11034 11035 11036
11034 11036 11037
11037 11036 11038
11037 11038 11039
11039 11038 11040
11039 11040 11041
11041 11040 11042
11041 11042 11043
11038 11036 11044
11038 11044 11045
11035 11046 11044
11035 11044 11036
11042 11040 11047
11042 11047 11048
11040 11038 11045
11040 11045 11047
11049 11050 11051
11049 11051 11052
11053 11054 11051
11053 11051 11050
11053 11055 11056
11053 11056 11054
11055 11057 11058
11055 11058 11056
11059 11049 11052
11052 11051 11060
11052 11060 11061
11060 11051 11054
11060 11054 11062
11062 11054 11056
11062 11056 11063
11063 11056 11058
11063 11058 11064
11065 11066 11067
11065 11067 11068
11069 11070 11071
11069 11071 11072
11073 11059 11052
11074 11075 11035
11068 11067 11076
11076 11077 11068
11077 11078 11068
11079 11080 11066
11079 11066 11065
11081 11082 11070
11081 11070 11069
11083 11082 11081
11081 11084 11083
11081 11085 11084
11086 11087 11080
11086 11080 11079
11072 11071 11088
11072 11088 11089
11074 11035 11034
11073 11052 11061
11035 11075 11046
11090 11091 11092
11090 11092 11093
11091 11094 11095
11091 11095 11092
11094 11096 11097
11094 11097 11095
11096 11098 11099
11096 11099 11097
11095 11100 11101
11095 11101 11092
11093 11092 11101
11093 11101 11102
11099 11103 11104
11099 11104 11097
11100 11095 11097
11100 11097 11104
11105 11106 11107
11105 11107 11108
11109 11108 11107
11109 11107 11110
11109 11110 11111
11109 11111 11112
11113 11114 11112
11113 11112 11111
11115 11106 11105
11116 11107 11106
11116 11106 11117
11116 11118 11110
11116 11110 11107
11118 11119 11111
11118 11111 11110
11119 11120 11113
11119 11113 11111
11121 11122 11123
11121 11123 11124
11125 11126 11127
11125 11127 11128
11129 11106 11115
11130 11093 11131
11123 11122 11132
11132 11133 11123
11133 11134 11123
11135 11121 11124
11135 11124 11136
11137 11125 11128
11137 11128 11138
11139 11137 11138
11138 11140 11139
11138 11141 11140
11136 11142 11143
11136 11143 11135
11144 11127 11126
11144 11126 11145
11130 11090 11093
11129 11117 11106
11093 11102 11131
11146 11147 11148
11149 11150 11151
11149 11151 11152
11153 11154 11155
11156 11153 11157
11158 11159 11160
11158 11160 11161
11162 11163 11157
11162 11157 11155
11161 11164 11165
11161 11165 11158
11146 11166 11167
11152 11168 11169
11152 11169 11149
11157 11153 11155
11170 11171 11172
11170 11172 11173
11167 11147 11146
11174 11175 11176
11177 11178 11179
11177 11179 11180
11181 11182 11183
11184 11185 11181
11186 11187 11188
11186 11188 11189
11190 11182 11185
11190 11185 11191
11192 11193 11189
11192 11189 11188
11174 11194 11195
11196 11197 11180
11196 11180 11179
11185 11182 11181
11198 11199 11200
11198 11200 11201
11194 11174 11176
11202 11203 11204
11202 11204 11205
11203 11206 11207
11203 11207 11204
11208 11209 11210
11208 11210 11211
11212 11213 11214
11212 11214 11215
11209 11202 11205
11209 11205 11210
11216 11217 11218
11216 11218 11219
11219 11220 11221
11219 11221 11216
11222 11223 11224
11225 11226 11224
11227 11224 11226
11223 11225 11224
11228 11229 11224
11220 11214 11213
11220 11213 11221
11224 11227 11228
11230 11231 11232
11233 11231 11234
11235 11234 11231
11232 11231 11233
11236 11231 11237
11231 11236 11235
11238 11239 11240
11238 11240 11241
11242 11243 11244
11242 11244 11245
11246 11241 11240
11246 11240 11247
11248 11249 11250
11248 11250 11251
11252 11239 11238
11252 11238 11253
11254 11243 11242
11254 11242 11255
11249 11245 11244
11249 11244 11250
11256 11257 11258
11259 11260 11257
11256 11261 11257
11259 11257 11261
11260 11262 11257
11263 11264 11265
11266 11265 11267
11263 11265 11268
11266 11268 11265
11267 11265 11269
11270 11271 11272
11270 11272 11273
11274 11273 11272
11274 11272 11275
11276 11271 11270
11276 11270 11277
11278 11279 11280
11278 11280 11281
11282 11283 11284
11282 11284 11285
11286 11287 11288
11286 11289 11290
11291 11292 11287
11285 11293 11294
11285 11294 11282
11283 11295 11296
11283 11296 11284
11286 11291 11287
11295 11281 11280
11295 11280 11296
11286 11290 11291
11291 11290 11297
11298 11299 11300
11298 11301 11302
11303 11300 11304
11298 11300 11303
11298 11303 11301
11303 11305 11301
11306 11307 11308
11306 11308 11309
11310 11311 11312
11310 11312 11313
11314 11309 11308
11314 11308 11315
11316 11317 11318
11316 11318 11319
11320 11321 11322
11321 11320 11323
11324 11325 11326
11324 11326 11327
11328 11310 11313
11328 11313 11329
11325 11307 11306
11325 11306 11326
11316 11312 11311
11316 11311 11317
11323 11320 11330
11320 11331 11332
11333 11320 11322
11330 11320 11332
11334 11335 11336
11336 11337 11334
11337 11338 11334
11334 11339 11340
11341 11335 11334
11338 11339 11334
11342 11343 11344
11342 11344 11345
11343 11342 11346
11343 11346 11347
11348 11349 11350
11348 11350 11351
11352 11353 11354
11352 11354 11355
11345 11344 11349
11345 11349 11348
11356 11357 11358
11356 11358 11359
11360 11361 11359
11360 11359 11358
11362 11363 11364
11365 11363 11366
11367 11366 11363
11364 11363 11365
11368 11363 11369
11355 11354 11361
11355 11361 11360
11363 11368 11367
11370 11371 11372
11373 11374 11372
11375 11372 11374
11371 11373 11372
11376 11377 11372
11372 11375 11376
11378 11379 11380
11378 11380 11381
11382 11383 11384
11382 11384 11385
11380 11379 11386
11380 11386 11387
11388 11389 11390
11388 11390 11391
11378 11381 11392
11378 11392 11393
11394 11395 11382
11394 11382 11385
11384 11383 11391
11384 11391 11390
11396 11397 11398
11399 11398 11400
11396 11398 11401
11399 11401 11398
11400 11398 11402
11403 11404 11405
11406 11407 11404
11403 11408 11404
11406 11404 11408
11407 11409 11404
11410 11411 11412
11410 11412 11413
11412 11411 11414
11412 11414 11415
11410 11413 11416
11410 11416 11417
11418 11419 11420
11418 11420 11421
11422 11423 11424
11422 11424 11425
11426 11427 11428
11426 11429 11430
11431 11428 11432
11433 11434 11425
11433 11425 11424
11435 11436 11423
11435 11423 11422
11426 11428 11431
11418 11421 11436
11418 11436 11435
11426 11431 11429
11431 11437 11429
11438 11439 11440
11438 11441 11442
11443 11444 11439
11438 11443 11439
11438 11442 11443
11443 11442 11445
11446 11447 11448
11446 11448 11449
11450 11451 11452
11450 11452 11453
11448 11447 11454
11448 11454 11455
11456 11457 11458
11456 11458 11459
11460 11461 11462
11462 11463 11460
11464 11465 11466
11464 11466 11467
11453 11452 11468
11453 11468 11469
11446 11449 11465
11446 11465 11464
11451 11450 11456
11451 11456 11459
11463 11470 11460
11460 11471 11472
11473 11461 11460
11470 11471 11460
11474 11475 11476
11475 11474 11477
11477 11474 11478
11474 11479 11480
11481 11474 11476
11478 11474 11480
11482 11483 11484
11485 11486 11487
11487 11486 11488
11489 11485 11487
11489 11487 11482
11490 11482 11484
11488 11491 11487
11487 11491 11483
11487 11483 11482
11485 11492 11486
11488 11493 11491
11490 11489 11482
11494 11495 11496
11497 11498 11499
11500 11495 11501
11502 11503 11504
11502 11496 11495
11502 11495 11505
11495 11500 11499
11495 11499 11505
11494 11501 11495
11498 11503 11505
11498 11505 11499
11502 11505 11503
11506 11507 11508
11509 11510 11511
11512 11513 11508
11514 11515 11516
11514 11517 11508
11514 11508 11507
11508 11517 11510
11508 11510 11512
11506 11508 11513
11511 11517 11516
11511 11510 11517
11514 11516 11517
11518 11519 11520
11521 11522 11523
11524 11519 11518
11522 11525 11526
11527 11525 11528
11527 11520 11519
11527 11519 11526
11519 11529 11523
11519 11523 11526
11527 11526 11525
11522 11526 11523
11524 11529 11519
11530 11531 11532
11533 11532 11534
11533 11534 11535
11536 11535 11537
11538 11530 11532
11537 11534 11539
11540 11541 11539
11534 11532 11531
11534 11531 11540
11537 11535 11534
11540 11539 11534
11538 11532 11533
11542 11543 11544
11542 11544 11545
11546 11547 11548
11549 11550 11543
11548 11551 11552
11553 11552 11551
11554 11553 11551
11554 11551 11544
11544 11543 11555
11544 11555 11554
11545 11544 11551
11545 11551 11547
11549 11543 11542
11543 11550 11555
11556 11557 11558
11556 11558 11559
11560 11561 11562
11560 11562 11563
11563 11559 11558
11563 11558 11560
11564 11565 11566
11564 11566 11567
11567 11568 11569
11567 11569 11564
11570 11571 11566
11570 11566 11565
11572 11569 11568
11572 11568 11573
11573 11562 11561
11573 11561 11572
11574 11575 11576
11577 11578 11579
11577 11579 11580
11581 11582 11578
11583 11575 11574
11584 11577 11580
11584 11580 11575
11585 11586 11587
11579 11585 11588
11579 11588 11580
11575 11580 11588
11575 11588 11576
11582 11579 11578
11582 11586 11579
11583 11584 11575
11585 11579 11586
11547 11551 11548
11553 11589 11552
11590 11591 11592
11593 11594 11595
11594 11596 11595
11597 11590 11594
11597 11594 11593
11598 11591 11590
11596 11594 11599
11594 11590 11592
11594 11592 11599
11593 11595 11600
11596 11599 11601
11598 11590 11597
11602 11603 11604
11605 11606 11607
11608 11609 11604
11610 11611 11612
11610 11613 11604
11610 11604 11603
11604 11613 11606
11604 11606 11608
11602 11604 11609
11607 11613 11612
11607 11606 11613
11610 11612 11613
11614 11615 11616
11617 11618 11619
11620 11615 11621
11622 11623 11624
11622 11616 11615
11622 11615 11625
11615 11620 11619
11615 11619 11625
11614 11621 11615
11618 11623 11625
11618 11625 11619
11622 11625 11623
11626 11627 11628
11629 11630 11631
11632 11626 11628
11631 11633 11634
11635 11636 11634
11635 11633 11628
11635 11628 11627
11628 11633 11630
11628 11630 11637
11635 11634 11633
11631 11630 11633
11632 11628 11637
11638 11639 11640
11641 11642 11643
11641 11643 11639
11644 11645 11642
11646 11639 11638
11645 11647 11643
11648 11647 11649
11643 11648 11640
11643 11640 11639
11645 11643 11642
11648 11643 11647
11646 11641 11639
11650 11651 11652
11650 11652 11653
11654 11655 11656
11657 11653 11658
11655 11659 11660
11661 11660 11659
11660 11661 11662
11660 11662 11652
11652 11662 11663
11652 11663 11653
11660 11652 11651
11660 11651 11656
11657 11650 11653
11653 11663 11658
11664 11665 11666
11664 11666 11667
11668 11669 11670
11668 11670 11671
11669 11668 11664
11669 11664 11667
11672 11673 11674
11672 11674 11675
11673 11672 11676
11673 11676 11677
11678 11675 11674
11678 11674 11679
11677 11676 11680
11677 11680 11681
11671 11670 11681
11671 11681 11680
11682 11683 11684
11685 11686 11687
11685 11687 11688
11689 11688 11690
11691 11682 11684
11692 11684 11686
11692 11686 11685
11693 11694 11695
11687 11686 11696
11687 11696 11693
11696 11686 11684
11696 11684 11683
11690 11688 11687
11690 11687 11695
11691 11684 11692
11693 11695 11687
11656 11655 11660
11661 11659 11697
11698 11699 11700
11701 11702 11703
11701 11703 11698
11703 11702 11704
11704 11705 11703
11703 11706 11707
11703 11707 11698
11705 11706 11703
11700 11701 11698
11698 11707 11699
11702 11708 11704
11705 11709 11706
11710 11711 11712
11713 11710 11714
11713 11714 11715
11714 11716 11715
11716 11714 11717
11714 11710 11718
11714 11718 11719
11717 11714 11719
11711 11710 11713
11710 11712 11718
11715 11716 11720
11717 11719 11721
11722 11723 11724
11725 11722 11726
11725 11726 11727
11726 11728 11727
11728 11726 11729
11726 11722 11730
11726 11730 11731
11729 11726 11731
11723 11722 11725
11722 11724 11730
11727 11728 11732
11729 11731 11733
11734 11735 11736
11737 11738 11739
11737 11739 11734
11739 11738 11740
11740 11741 11739
11739 11742 11743
11739 11743 11734
11741 11742 11739
11736 11737 11734
11734 11743 11735
11738 11744 11740
11741 11745 11742
11746 11747 11748
11746 11748 11749
11750 11746 11749
11750 11749 11751
11752 11753 11754
11752 11754 11755
11755 11754 11756
11755 11756 11757
11758 11759 11760
11758 11760 11761
11762 11763 11764
11762 11764 11765
11766 11767 11768
11766 11768 11769
11770 11771 11772
11770 11772 11773
11774 11775 11776
11774 11776 11777
11778 11779 11780
11778 11780 11781
11781 11780 11782
11781 11782 11783
11783 11782 11784
11783 11784 11785
11785 11784 11786
11785 11786 11787
11787 11786 11788
11787 11788 11789
11789 11788 11790
11789 11790 11791
11792 11793 11794
11792 11794 11795
11795 11794 11796
11795 11796 11797
11797 11796 11798
11797 11798 11799
11799 11798 11800
11799 11800 11801
11801 11800 11802
11801 11802 11803
11803 11802 11804
11803 11804 11805
11806 11807 11808
11806 11808 11809
11810 11811 11807
11810 11807 11806
11812 11813 11814
11815 11816 11811
11815 11811 11810
11814 11813 11817
11818 11819 11816
11818 11816 11815
11817 11813 11820
11821 11822 11819
11821 11819 11818
11820 11813 11823
11824 11825 11822
11824 11822 11821
11823 11813 11826
11827 11828 11829
11827 11829 11830
11826 11813 11831
11832 11833 11828
11832 11828 11827
11831 11813 11834
11835 11836 11833
11835 11833 11832
11834 11813 11837
11838 11839 11836
11838 11836 11835
11837 11813 11840
11841 11842 11839
11841 11839 11838
11840 11813 11843
11841 11844 11845
11841 11845 11842
11846 11847 11848
11847 11849 11848
11849 11850 11848
11850 11851 11848
11851 11852 11848
11852 11853 11848
11853 11854 11848
11854 11855 11848
11855 11856 11848
11856 11857 11848
11858 11859 11860
11858 11860 11861
11861 11860 11862
11861 11862 11863
11863 11862 11864
11863 11864 11865
11865 11864 11866
11865 11866 11867
11867 11866 11868
11867 11868 11869
11869 11868 11870
11869 11870 11871
11872 11873 11874
11872 11874 11875
11875 11874 11876
11875 11876 11877
11877 11876 11878
11877 11878 11879
11879 11878 11880
11879 11880 11881
11881 11880 11882
11881 11882 11883
11883 11882 11884
11883 11884 11885
11886 11887 11888
11886 11888 11889
11890 11891 11887
11890 11887 11886
11892 11893 11894
11895 11896 11891
11895 11891 11890
11894 11893 11897
11898 11899 11896
11898 11896 11895
11897 11893 11900
11901 11902 11899
11901 11899 11898
11900 11893 11903
11904 11905 11902
11904 11902 11901
11903 11893 11906
11907 11908 11909
11907 11909 11910
11906 11893 11911
11912 11913 11908
11912 11908 11907
11911 11893 11914
11915 11916 11913
11915 11913 11912
11914 11893 11917
11918 11919 11916
11918 11916 11915
11917 11893 11920
11921 11922 11919
11921 11919 11918
11920 11893 11923
11921 11924 11925
11921 11925 11922
11926 11927 11928
11927 11929 11928
11929 11930 11928
11930 11931 11928
11931 11932 11928
11932 11933 11928
11933 11934 11928
11934 11935 11928
11935 11936 11928
11936 11937 11928
11938 11939 11940
11938 11940 11941
11942 11943 11944
11942 11944 11945
11946 11947 11948
11946 11948 11949
11950 11951 11952
11950 11952 11953
11954 11955 11956
11954 11956 11957
11958 11959 11960
11958 11960 11961
11959 11962 11963
11959 11963 11960
11962 11964 11965
11962 11965 11963
11964 11966 11967
11964 11967 11965
11966 11968 11969
11966 11969 11967
11968 11970 11971
11968 11971 11969
11972 11973 11974
11972 11974 11975
11973 11976 11977
11973 11977 11974
11976 11978 11979
11976 11979 11977
11978 11980 11981
11978 11981 11979
11980 11982 11983
11980 11983 11981
11982 11984 11985
11982 11985 11983
11986 11987 11988
11986 11988 11989
11990 11986 11989
11990 11989 11991
11992 11993 11994
11995 11990 11991
11995 11991 11996
11993 11997 11994
11998 11995 11996
11998 11996 11999
11997 12000 11994
12001 11998 11999
12001 11999 12002
12000 12003 11994
12004 12001 12002
12004 12002 12005
12003 12006 11994
12007 12008 12009
12007 12009 12010
12006 12011 11994
12012 12007 12010
12012 12010 12013
12011 12014 11994
12015 12012 12013
12015 12013 12016
12014 12017 11994
12018 12015 12016
12018 12016 12019
12017 12020 11994
12021 12018 12019
12021 12019 12022
12020 12023 11994
12024 12025 12021
12024 12021 12022
12026 12027 12028
12028 12027 12029
12029 12027 12030
12030 12027 12031
12031 12027 12032
12032 12027 12033
12033 12027 12034
12034 12027 12035
12035 12027 12036
12036 12027 12037
12038 12039 12040
12038 12040 12041
12039 12042 12043
12039 12043 12040
12042 12044 12045
12042 12045 12043
12044 12046 12047
12044 12047 12045
12046 12048 12049
12046 12049 12047
12048 12050 12051
12048 12051 12049
12052 12053 12054
12052 12054 12055
12053 12056 12057
12053 12057 12054
12056 12058 12059
12056 12059 12057
12058 12060 12061
12058 12061 12059
12060 12062 12063
12060 12063 12061
12062 12064 12065
12062 12065 12063
12066 12067 12068
12066 12068 12069
12070 12066 12069
12070 12069 12071
12072 12073 12074
12075 12070 12071
12075 12071 12076
12073 12077 12074
12078 12075 12076
12078 12076 12079
12077 12080 12074
12081 12078 12079
12081 12079 12082
12080 12083 12074
12084 12081 12082
12084 12082 12085
12083 12086 12074
12087 12088 12089
12087 12089 12090
12086 12091 12074
12092 12087 12090
12092 12090 12093
12091 12094 12074
12095 12092 12093
12095 12093 12096
12094 12097 12074
12098 12095 12096
12098 12096 12099
12097 12100 12074
12101 12098 12099
12101 12099 12102
12100 12103 12074
12104 12105 12101
12104 12101 12102
12106 12107 12108
12108 12107 12109
12109 12107 12110
12110 12107 12111
12111 12107 12112
12112 12107 12113
12113 12107 12114
12114 12107 12115
12115 12107 12116
12116 12107 12117
12118 12119 12120
12118 12120 12121
12121 12120 12122
12121 12122 12123
12124 12125 12126
12124 12126 12127
12119 12118 12126
12119 12126 12125
12128 12129 12130
12128 12130 12131
12131 12130 12132
12131 12132 12133
12134 12135 12136
12134 12136 12137
12138 12136 12135
12138 12135 12139
12140 12141 12142
12140 12142 12143
12143 12142 12144
12143 12144 12145
12146 12147 12148
12146 12148 12149
12129 12128 12148
12129 12148 12147
12122 12150 12151
12122 12151 12123
12144 12151 12150
12144 12150 12145
12137 12152 12153
12137 12153 12134
12132 12153 12152
12132 12152 12133
12119 12154 12120
12124 12155 12125
12129 12156 12130
12134 12157 12135
12145 12158 12143
12146 12159 12147
12122 12160 12150
12132 12161 12153
12123 12162 12121
12118 12163 12126
12133 12164 12131
12138 12165 12136
12141 12166 12142
12128 12167 12148
12144 12168 12151
12137 12169 12152
12120 12160 12122
12120 12154 12160
12125 12154 12119
12125 12155 12154
12130 12161 12132
12130 12156 12161
12135 12170 12139
12135 12157 12170
12143 12171 12140
12143 12158 12171
12147 12156 12129
12147 12159 12156
12150 12158 12145
12150 12160 12158
12153 12157 12134
12153 12161 12157
12121 12163 12118
12121 12162 12163
12126 12172 12127
12126 12163 12172
12131 12167 12128
12131 12164 12167
12136 12169 12137
12136 12165 12169
12142 12168 12144
12142 12166 12168
12148 12173 12149
12148 12167 12173
12151 12162 12123
12151 12168 12162
12152 12164 12133
12152 12169 12164
12174 12175 12176
12176 12175 12177
12178 12179 12180
12181 12182 12178
12182 12183 12179
12178 12182 12179
12184 12185 12186
12187 12184 12186
12185 12184 12188
12184 12187 12189
12185 12188 12190
12189 12187 12191
12188 12184 12192
12184 12189 12192
12193 12194 12195
12193 12195 12196
12193 12197 12198
12193 12196 12199
12193 12199 12197
12199 12200 12197
12193 12198 12201
12193 12201 12194
12199 12202 12200
12203 12204 12205
12206 12203 12207
12203 12208 12209
12203 12209 12204
12203 12205 12207
12210 12209 12208
12210 12208 12211
12212 12208 12203
12212 12203 12206
12212 12213 12208
12214 12212 12206
12209 12215 12204
12216 12215 12209
12216 12209 12210
12216 12217 12215
12218 12216 12210
12216 12218 12219
12216 12219 12217
12217 12219 12220
12217 12220 12221
12221 12220 12222
12221 12222 12223
12224 12225 12226
12224 12227 12225
12228 12226 12229
12224 12226 12228
12230 12228 12229
12231 12230 12232
12230 12233 12228
12233 12230 12234
12231 12235 12234
12236 12231 12237
12231 12232 12237
12230 12229 12232
12234 12230 12231
12231 12236 12238
12231 12238 12235
12239 12236 12237
12239 12237 12240
12236 12239 12241
12236 12241 12242
12243 12239 12240
12243 12240 12244
12244 12223 12222
12244 12222 12243
12239 12243 12245
12239 12245 12241
12246 12245 12243
12246 12243 12222
12220 12246 12222
12236 12242 12238
12208 12213 12211
12202 12212 12214
12202 12214 12200
12212 12202 12247
12212 12247 12248
12249 12250 12251
12249 12251 12252
12249 12253 12254
12255 12250 12249
12255 12249 12254
12255 12254 12256
12249 12252 12257
12249 12257 12253
12255 12256 12258
12259 12260 12261
12262 12263 12259
12264 12265 12259
12264 12259 12261
12259 12263 12260
12266 12267 12265
12266 12265 12264
12268 12262 12259
12268 12259 12265
12268 12265 12269
12270 12262 12268
12264 12261 12271
12272 12266 12264
12272 12264 12271
12272 12271 12273
12274 12266 12272
12275 12274 12272
12275 12272 12273
12276 12275 12273
12276 12273 12277
12278 12276 12277
12278 12277 12279
12280 12281 12282
12280 12282 12283
12284 12285 12281
12280 12284 12281
12286 12285 12284
12287 12288 12286
12286 12284 12289
12289 12290 12286
12287 12290 12291
12292 12293 12287
12287 12293 12288
12286 12288 12285
12290 12287 12286
12294 12292 12287
12294 12287 12291
12295 12296 12293
12295 12293 12292
12297 12295 12292
12297 12292 12298
12299 12300 12296
12299 12296 12295
12300 12299 12278
12300 12278 12279
12301 12299 12295
12301 12295 12297
12302 12278 12299
12302 12299 12301
12276 12278 12302
12292 12294 12298
12265 12267 12269
12258 12256 12270
12258 12270 12268
12268 12303 12304
12268 12304 12258
12305 12306 12307
12305 12307 12308
12306 12309 12310
12306 12310 12307
12311 12312 12313
12314 12315 12312
12314 12312 12316
12317 12311 12313
12317 12313 12318
12310 12309 12319
12310 12319 12320
12318 12320 12319
12318 12319 12317
12321 12322 12323
12321 12323 12324
12308 12322 12321
12308 12321 12305
12316 12325 12326
12316 12326 12314
12327 12328 12329
12330 12331 12332
12333 12334 12335
12336 12337 12338
12339 12330 12340
12341 12342 12343
12328 12344 12345
12337 12336 12346
12337 12346 12347
12346 12336 12335
12346 12335 12348
12309 12306 12349
12345 12350 12332
12317 12319 12350
12317 12351 12311
12311 12352 12353
12311 12353 12312
12354 12355 12325
12354 12325 12316
12341 12331 12356
12341 12356 12357
12342 12341 12357
12352 12344 12358
12335 12336 12359
12335 12359 12360
12306 12305 12348
12341 12343 12329
12309 12349 12332
12321 12346 12348
12321 12348 12305
12327 12329 12343
12361 12328 12327
12362 12353 12358
12354 12363 12364
12354 12364 12355
12328 12361 12358
12365 12366 12367
12365 12367 12361
12368 12369 12362
12368 12362 12358
12364 12363 12370
12364 12370 12371
12368 12358 12361
12368 12361 12367
12367 12366 12372
12367 12372 12373
12374 12369 12368
12374 12368 12375
12369 12374 12376
12369 12376 12370
12375 12368 12367
12375 12367 12373
12330 12339 12356
12334 12333 12340
12333 12335 12360
12336 12338 12359
12338 12337 12377
12356 12331 12330
12331 12341 12329
12347 12346 12321
12347 12321 12324
12348 12335 12334
12348 12334 12349
12330 12349 12334
12332 12349 12330
12332 12331 12345
12312 12353 12354
12312 12354 12316
12362 12363 12354
12362 12354 12353
12369 12370 12363
12369 12363 12362
12370 12376 12378
12370 12378 12371
12379 12380 12327
12365 12327 12380
12381 12382 12383
12382 12381 12372
12384 12382 12366
12385 12384 12366
12386 12387 12388
12386 12389 12387
12390 12391 12392
12383 12382 12384
12366 12382 12372
12393 12394 12395
12393 12395 12396
12397 12398 12399
12400 12401 12402
12403 12404 12405
12406 12407 12408
12409 12410 12411
12409 12411 12412
12413 12414 12415
12413 12415 12416
12408 12407 12417
12418 12419 12399
12420 12399 12419
12421 12422 12423
12424 12425 12426
12400 12427 12428
12401 12404 12403
12420 12419 12429
12430 12431 12423
12432 12433 12420
12432 12420 12429
12434 12435 12436
12434 12436 12437
12393 12438 12439
12412 12423 12431
12417 12407 12440
12421 12441 12422
12435 12421 12442
12399 12420 12433
12399 12433 12397
12443 12444 12445
12440 12446 12398
12447 12448 12449
12449 12405 12404
12449 12404 12447
12450 12451 12424
12427 12400 12445
12452 12453 12454
12452 12454 12455
12435 12453 12452
12435 12452 12436
12438 12393 12396
12438 12396 12456
12416 12415 12457
12416 12457 12458
12422 12430 12423
12459 12434 12437
12459 12437 12460
12435 12434 12421
12434 12459 12421
12461 12441 12462
12441 12463 12462
12435 12442 12453
12442 12454 12453
12406 12408 12428
12418 12446 12440
12429 12425 12424
12442 12421 12423
12426 12450 12424
12464 12342 12465
12387 12389 12391
12464 12379 12342
12386 12388 12383
12306 12348 12349
12340 12330 12334
12351 12350 12345
12422 12441 12461
12381 12383 12388
12431 12466 12412
12466 12409 12412
12391 12389 12392
12467 12360 12359
12467 12359 12468
12340 12333 12469
12340 12469 12470
12360 12467 12469
12360 12469 12333
12342 12471 12465
12472 12473 12338
12472 12338 12377
12357 12474 12342
12340 12470 12475
12340 12475 12339
12473 12468 12359
12473 12359 12338
12357 12356 12476
12357 12476 12474
12356 12339 12475
12356 12475 12476
12328 12345 12329
12331 12329 12345
12379 12327 12343
12332 12350 12319
12342 12379 12343
12342 12474 12471
12391 12477 12387
12478 12479 12480
12481 12482 12483
12484 12478 12480
12456 12458 12457
12456 12457 12438
12395 12394 12485
12485 12394 12486
12486 12439 12411
12414 12413 12455
12414 12455 12454
12412 12487 12423
12410 12485 12486
12410 12486 12411
12411 12488 12412
12459 12460 12463
12459 12463 12441
12421 12459 12441
12429 12419 12425
12424 12451 12432
12423 12487 12442
12487 12414 12454
12487 12488 12414
12439 12415 12414
12439 12414 12488
12442 12487 12454
12394 12439 12486
12393 12439 12394
12439 12438 12457
12439 12457 12415
12411 12439 12488
12412 12488 12487
12365 12380 12385
12385 12366 12365
12358 12353 12352
12345 12344 12351
12344 12352 12351
12332 12319 12309
12317 12350 12351
12361 12327 12365
12313 12312 12315
12311 12351 12352
12358 12344 12328
12440 12489 12448
12440 12407 12418
12400 12443 12445
12400 12402 12443
12448 12447 12417
12447 12404 12408
12404 12428 12408
12404 12401 12400
12447 12408 12417
12448 12417 12440
12440 12398 12489
12399 12398 12446
12424 12432 12429
12418 12399 12446
12404 12400 12428
12428 12427 12406
12490 12491 12323
12490 12323 12322
12322 12308 12492
12322 12492 12490
12405 12449 12493
12494 12495 12496
12494 12496 12497
12497 12496 12498
12497 12498 12499
12500 12501 12502
12503 12504 12502
12503 12502 12505
12506 12507 12501
12506 12501 12500
12498 12508 12509
12498 12509 12499
12507 12506 12509
12507 12509 12508
12510 12511 12512
12510 12512 12513
12495 12494 12510
12495 12510 12513
12504 12503 12514
12504 12514 12515
12516 12517 12518
12519 12520 12521
12522 12523 12524
12525 12526 12527
12528 12529 12519
12530 12531 12532
12518 12533 12534
12527 12535 12536
12527 12536 12525
12536 12537 12523
12536 12523 12525
12499 12538 12497
12533 12520 12539
12506 12539 12509
12506 12500 12540
12500 12502 12541
12500 12541 12542
12543 12504 12515
12543 12515 12544
12530 12545 12546
12530 12546 12521
12532 12545 12530
12542 12547 12534
12523 12548 12549
12523 12549 12525
12497 12537 12494
12530 12517 12531
12499 12520 12538
12510 12494 12537
12510 12537 12536
12516 12531 12517
12550 12516 12518
12551 12547 12541
12543 12544 12552
12543 12552 12553
12518 12547 12550
12554 12550 12555
12554 12555 12556
12557 12547 12551
12557 12551 12558
12552 12559 12560
12552 12560 12553
12557 12555 12550
12557 12550 12547
12555 12561 12562
12555 12562 12556
12563 12564 12557
12563 12557 12558
12558 12560 12565
12558 12565 12563
12564 12561 12555
12564 12555 12557
12519 12546 12528
12524 12529 12522
12522 12548 12523
12525 12549 12526
12526 12566 12527
12546 12519 12521
12521 12517 12530
12535 12511 12510
12535 12510 12536
12537 12538 12524
12537 12524 12523
12519 12524 12538
12520 12519 12538
12520 12533 12521
12502 12504 12543
12502 12543 12541
12551 12541 12543
12551 12543 12553
12558 12551 12553
12558 12553 12560
12560 12559 12567
12560 12567 12565
12568 12516 12569
12554 12569 12516
12570 12571 12572
12572 12562 12570
12573 12556 12572
12574 12556 12573
12575 12576 12577
12575 12577 12578
12579 12580 12581
12571 12573 12572
12556 12562 12572
12582 12583 12584
12582 12584 12585
12586 12587 12588
12589 12590 12591
12592 12593 12594
12595 12596 12597
12598 12599 12600
12598 12600 12601
12602 12603 12604
12602 12604 12605
12596 12606 12597
12607 12587 12608
12609 12608 12587
12610 12611 12612
12613 12614 12615
12589 12616 12617
12591 12592 12594
12609 12618 12608
12619 12611 12620
12621 12618 12609
12621 12609 12622
12623 12624 12625
12623 12625 12626
12582 12627 12628
12599 12620 12611
12606 12629 12597
12610 12612 12630
12626 12631 12610
12587 12586 12622
12587 12622 12609
12632 12633 12634
12629 12588 12635
12636 12637 12638
12637 12636 12594
12637 12594 12593
12639 12613 12640
12617 12633 12589
12641 12642 12643
12641 12643 12644
12626 12625 12641
12626 12641 12644
12628 12645 12583
12628 12583 12582
12603 12646 12647
12603 12647 12604
12612 12611 12619
12648 12649 12624
12648 12624 12623
12626 12610 12623
12623 12610 12648
12650 12651 12630
12630 12651 12652
12626 12644 12631
12631 12644 12643
12595 12616 12596
12607 12629 12635
12618 12613 12615
12631 12611 12610
12614 12613 12639
12653 12654 12532
12577 12581 12578
12653 12532 12568
12575 12571 12576
12497 12538 12537
12529 12524 12519
12540 12533 12539
12612 12650 12630
12570 12576 12571
12620 12599 12655
12655 12599 12598
12581 12580 12578
12656 12657 12549
12656 12549 12548
12529 12658 12659
12529 12659 12522
12548 12522 12659
12548 12659 12656
12532 12654 12660
12661 12566 12526
12661 12526 12662
12545 12532 12663
12529 12528 12664
12529 12664 12658
12662 12526 12549
12662 12549 12657
12545 12663 12665
12545 12665 12546
12546 12665 12664
12546 12664 12528
12518 12517 12533
12521 12533 12517
12568 12531 12516
12520 12509 12539
12532 12531 12568
12532 12660 12663
12581 12577 12666
12667 12668 12669
12670 12671 12672
12673 12668 12667
12645 12628 12647
12645 12647 12646
12584 12674 12585
12674 12675 12585
12675 12600 12627
12605 12643 12642
12605 12642 12602
12599 12611 12676
12601 12600 12675
12601 12675 12674
12600 12599 12677
12648 12630 12652
12648 12652 12649
12610 12630 12648
12618 12615 12608
12613 12621 12640
12611 12631 12676
12676 12643 12605
12676 12605 12677
12627 12677 12605
12627 12605 12604
12631 12643 12676
12585 12675 12627
12582 12585 12627
12627 12647 12628
12627 12604 12647
12600 12677 12627
12599 12676 12677
12554 12574 12569
12574 12554 12556
12547 12542 12541
12533 12540 12534
12534 12540 12542
12520 12499 12509
12506 12540 12539
12550 12554 12516
12501 12505 12502
12500 12542 12540
12547 12518 12534
12629 12638 12678
12629 12607 12597
12589 12633 12632
12589 12632 12590
12638 12606 12636
12636 12596 12594
12594 12596 12616
12594 12589 12591
12636 12606 12596
12638 12629 12606
12629 12678 12588
12587 12635 12588
12613 12618 12621
12607 12635 12587
12594 12616 12589
12616 12595 12617
12679 12513 12512
12679 12512 12680
12513 12681 12495
12513 12679 12681
12593 12682 12637
12683 12684 12685
12683 12686 12687
12687 12686 12688
12686 12689 12690
12689 12691 12692
12693 12694 12695
12694 12696 12697
12698 12699 12696
12683 12700 12701
12683 12701 12686
12686 12701 12702
12686 12702 12689
12689 12702 12703
12689 12703 12691
12693 12704 12705
12693 12705 12694
12694 12705 12706
12694 12706 12696
12696 12706 12707
12696 12707 12708
12709 12710 12711
12712 12713 12714
12715 12710 12716
12713 12717 12714
12718 12719 12720
12721 12722 12723
12721 12723 12724
12725 12726 12727
12725 12727 12728
12726 12729 12730
12726 12730 12727
12729 12731 12730
12732 12733 12734
12732 12734 12735
12713 12736 12737
12713 12737 12717
12738 12739 12731
12740 12741 12729
12740 12729 12726
12742 12740 12726
12742 12726 12725
12722 12743 12744
12722 12744 12723
12745 12746 12747
12748 12749 12750
12751 12752 12753
12751 12753 12754
12755 12756 12757
12755 12757 12758
12757 12759 12760
12757 12760 12758
12759 12761 12762
12759 12762 12760
12761 12763 12764
12761 12764 12762
12765 12766 12767
12765 12767 12768
12759 12769 12770
12759 12770 12761
12761 12770 12771
12761 12771 12763
12766 12772 12767
12773 12774 12748
12748 12775 12776
12748 12776 12749
12752 12777 12778
12752 12778 12753
12756 12779 12780
12756 12780 12757
12757 12780 12769
12757 12769 12759
12769 12781 12782
12769 12782 12770
12770 12782 12783
12770 12783 12771
12771 12783 12784
12771 12784 12785
12774 12786 12787
12774 12787 12775
12775 12787 12788
12775 12788 12776
12776 12788 12789
12776 12789 12777
12779 12790 12791
12779 12791 12780
12780 12791 12781
12780 12781 12769
12782 12792 12793
12782 12793 12783
12783 12793 12794
12783 12794 12784
12786 12795 12796
12786 12796 12787
12787 12796 12797
12787 12797 12788
12788 12797 12798
12788 12798 12789
12790 12799 12800
12790 12800 12791
12791 12800 12801
12791 12801 12781
12781 12801 12792
12781 12792 12782
12802 12803 12804
12805 12806 12807
12808 12809 12810
12811 12812 12813
12814 12815 12816
12814 12816 12817
12817 12816 12818
12819 12820 12821
12819 12821 12822
12822 12821 12823
12824 12825 12826
12711 12710 12827
12828 12829 12830
12829 12736 12734
12829 12734 12733
12708 12831 12698
12832 12833 12715
12741 12738 12731
12741 12731 12729
12719 12746 12743
12719 12743 12722
12745 12750 12743
12743 12750 12751
12743 12751 12744
12742 12755 12758
12742 12758 12740
12758 12760 12741
12758 12741 12740
12747 12834 12835
12747 12835 12745
12830 12836 12837
12830 12837 12828
12835 12750 12745
12762 12838 12739
12762 12764 12838
12836 12765 12768
12836 12768 12837
12839 12835 12834
12748 12750 12835
12741 12760 12762
12741 12762 12738
12773 12840 12774
12840 12841 12786
12840 12786 12774
12841 12842 12795
12841 12795 12786
12723 12744 12843
12723 12843 12844
12777 12789 12845
12777 12845 12778
12789 12798 12846
12789 12846 12845
12847 12848 12849
12847 12849 12850
12744 12751 12754
12744 12754 12843
12776 12777 12752
12776 12752 12749
12752 12751 12750
12752 12750 12749
12702 12724 12851
12702 12851 12703
12748 12774 12775
12732 12852 12853
12853 12852 12854
12853 12854 12855
12855 12854 12856
12855 12856 12857
12857 12856 12858
12857 12858 12859
12828 12860 12829
12715 12833 12861
12715 12861 12735
12862 12852 12732
12785 12784 12841
12785 12841 12772
12853 12855 12836
12853 12836 12830
12836 12855 12857
12836 12857 12765
12765 12857 12859
12765 12859 12766
12766 12859 12785
12766 12785 12772
12841 12784 12794
12841 12794 12842
12732 12853 12733
12733 12853 12830
12830 12829 12733
12827 12710 12713
12858 12785 12859
12773 12748 12839
12842 12794 12808
12793 12792 12802
12793 12802 12805
12794 12793 12805
12794 12805 12808
12795 12842 12808
12795 12808 12811
12796 12795 12811
12796 12811 12814
12797 12796 12814
12797 12814 12817
12846 12798 12847
12846 12847 12850
12800 12799 12819
12800 12819 12822
12801 12800 12822
12801 12822 12824
12792 12801 12824
12792 12824 12802
12798 12797 12817
12798 12817 12847
12700 12720 12721
12700 12721 12701
12701 12721 12724
12701 12724 12702
12728 12727 12705
12728 12705 12704
12727 12730 12706
12727 12706 12705
12706 12730 12863
12706 12863 12707
12735 12734 12710
12735 12710 12715
12860 12737 12736
12860 12736 12829
12710 12734 12736
12710 12736 12713
12844 12851 12724
12844 12724 12723
12735 12861 12862
12735 12862 12732
12721 12719 12722
12720 12719 12721
12863 12731 12864
12730 12731 12863
12698 12696 12708
12683 12687 12684
12824 12823 12825
12822 12823 12824
12802 12826 12803
12824 12826 12802
12805 12804 12806
12802 12804 12805
12805 12807 12808
12811 12810 12812
12808 12810 12811
12814 12813 12815
12811 12813 12814
12847 12818 12848
12817 12818 12847
12808 12807 12809
12694 12697 12695
12865 12697 12696
12693 12695 12866
12692 12867 12689
12686 12690 12688
12868 12692 12691
12687 12688 12869
12699 12870 12865
12699 12865 12696
12715 12716 12832
12716 12710 12709
12713 12712 12827
12689 12867 12690
12871 12764 12763
12871 12763 12872
12873 12739 12838
12873 12838 12874
12838 12764 12871
12838 12871 12874
12864 12739 12873
12731 12739 12864
12872 12763 12771
12872 12771 12785
12762 12739 12738
12743 12746 12745
12718 12746 12719
12747 12746 12718
12875 12876 12877
12875 12877 12878
12879 12880 12881
12879 12881 12882
12883 12884 12877
12883 12877 12876
12885 12886 12887
12885 12887 12888
12889 12890 12884
12889 12884 12883
12888 12887 12890
12888 12890 12889
12885 12891 12886
12882 12892 12893
12882 12893 12879
12892 12894 12895
12892 12895 12893
12894 12896 12897
12894 12897 12895
12898 12899 12900
12898 12900 12901
12896 12902 12897
12903 12875 12878
12903 12878 12904
12880 12900 12899
12880 12899 12881
12839 12748 12835
12905 12906 12907
12905 12908 12909
12908 12910 12909
12909 12911 12912
12912 12913 12914
12915 12916 12917
12917 12918 12919
12920 12919 12921
12922 12923 12905
12922 12905 12909
12924 12922 12909
12924 12909 12912
12925 12924 12912
12925 12912 12914
12926 12927 12915
12926 12915 12917
12928 12926 12917
12928 12917 12919
12929 12928 12919
12929 12919 12930
12931 12932 12933
12934 12935 12936
12937 12938 12933
12936 12935 12939
12940 12941 12942
12943 12944 12945
12943 12945 12946
12947 12948 12949
12947 12949 12950
12950 12949 12951
12950 12951 12952
12952 12951 12953
12954 12955 12956
12954 12956 12957
12936 12939 12958
12936 12958 12959
12960 12953 12961
12962 12950 12952
12962 12952 12963
12964 12947 12950
12964 12950 12962
12965 12966 12944
12965 12944 12943
12967 12968 12969
12970 12971 12972
12973 12974 12975
12973 12975 12976
12977 12978 12979
12977 12979 12980
12977 12980 12981
12977 12981 12982
12982 12981 12983
12982 12983 12984
12984 12983 12985
12984 12985 12986
12987 12988 12989
12987 12989 12990
12982 12984 12991
12982 12991 12992
12984 12986 12993
12984 12993 12991
12988 12987 12994
12995 12970 12996
12970 12972 12997
12970 12997 12998
12976 12975 12999
12976 12999 13000
12978 12977 13001
12978 13001 13002
12977 12982 12992
12977 12992 13001
12992 12991 13003
12992 13003 13004
12991 12993 13005
12991 13005 13003
12993 13006 13007
12993 13007 13005
12996 12998 13008
12996 13008 13009
12998 12997 13010
12998 13010 13008
12997 13000 13011
12997 13011 13010
13002 13001 13012
13002 13012 13013
13001 12992 13004
13001 13004 13012
13003 13005 13014
13003 13014 13015
13005 13007 13016
13005 13016 13014
13009 13008 13017
13009 13017 13018
13008 13010 13019
13008 13019 13017
13010 13011 13020
13010 13020 13019
13013 13012 13021
13013 13021 13022
13012 13004 13023
13012 13023 13021
13004 13003 13015
13004 13015 13023
13024 13025 13026
13027 13028 13029
13030 13031 13032
13033 13034 13035
13036 13037 13038
13036 13038 13039
13037 13040 13038
13041 13042 13043
13041 13043 13044
13042 13045 13043
13046 13047 13048
12932 13049 12933
13050 13051 13052
13052 12957 12956
13052 12956 12959
12930 12920 13053
13054 12937 13055
12953 12960 12963
12953 12963 12952
12942 12944 12966
12942 12966 12969
12967 12966 12971
12973 12971 12966
12973 12966 12965
12980 12979 12964
12980 12964 12962
12980 12962 12963
12980 12963 12981
13056 13057 12968
13056 12968 12967
13058 13059 13051
13058 13051 13050
13056 12967 12971
12983 12961 13060
12983 13060 12985
12990 12989 13059
12990 13059 13058
13061 13057 13056
12970 13056 12971
12983 12981 12963
12983 12963 12960
12995 12996 13062
13062 12996 13009
13062 13009 13063
13063 13009 13018
13063 13018 13064
12943 13065 13066
12943 13066 12965
13000 12999 13067
13000 13067 13011
13011 13067 13068
13011 13068 13020
13069 13070 13071
13069 13071 13072
12965 13066 12974
12965 12974 12973
12976 13000 12997
12976 12997 12972
12976 12972 12971
12976 12971 12973
12924 12925 13073
12924 13073 12946
12970 12998 12996
12954 13074 13075
13076 13075 13074
13076 13074 13077
13078 13076 13077
13078 13077 13079
13080 13078 13079
13080 13079 13081
13050 13052 13082
13083 13055 12937
13083 12937 12955
13084 12954 13075
13006 12994 13063
13006 13063 13007
13074 13051 13059
13074 13059 13077
13079 13077 13059
13079 13059 12989
13081 13079 12989
13081 12989 12988
13006 13081 12988
13006 12988 12994
13016 13007 13063
13016 13063 13064
12954 12957 13074
12957 13051 13074
13051 12957 13052
13049 12936 12933
13080 13081 13006
12995 13061 12970
13064 13030 13016
13014 13027 13024
13014 13024 13015
13016 13030 13027
13016 13027 13014
13018 13033 13030
13018 13030 13064
13017 13036 13033
13017 13033 13018
13019 13037 13036
13019 13036 13017
13068 13070 13069
13068 13069 13020
13021 13042 13041
13021 13041 13022
13023 13046 13042
13023 13042 13021
13015 13024 13046
13015 13046 13023
13020 13069 13037
13020 13037 13019
12945 12941 12923
12945 12923 12922
12946 12945 12922
12946 12922 12924
12948 12927 12926
12948 12926 12949
12949 12926 12928
12949 12928 12951
13085 12951 12928
13085 12928 12929
12955 12937 12933
12955 12933 12956
12959 12958 13082
12959 13082 13052
12959 12956 12933
12959 12933 12936
12946 13073 13065
12946 13065 12943
12955 12954 13084
12955 13084 13083
12945 12944 12942
12941 12945 12942
13085 13086 12953
12951 13085 12953
12920 12930 12919
12905 12907 12908
13046 13048 13045
13042 13046 13045
13024 13026 13047
13046 13024 13047
13027 13029 13025
13024 13027 13025
13027 13030 13028
13033 13035 13031
13030 13033 13031
13036 13039 13034
13033 13036 13034
13069 13072 13040
13037 13069 13040
13030 13032 13028
12917 12916 12918
13087 12919 12918
12915 13088 12916
12913 12912 13089
12909 12910 12911
13090 12914 12913
12908 13091 12910
13087 13092 12921
13087 12921 12919
12937 13054 12938
12938 12931 12933
12936 13049 12934
12912 12911 13089
12986 12985 13093
12986 13093 13094
13060 12961 13095
13060 13095 13096
13060 13096 13093
13060 13093 12985
13086 13095 12961
12953 13086 12961
12993 12986 13094
12993 13094 13006
12983 12960 12961
12966 12967 12969
12940 12942 12969
12968 12940 12969
13097 13098 13099
13097 13099 13100
13101 13102 13103
13101 13103 13104
13105 13098 13097
13105 13097 13106
13107 13108 13109
13107 13109 13110
13111 13105 13106
13111 13106 13112
13108 13111 13112
13108 13112 13109
13107 13110 13113
13104 13103 13114
13104 13114 13115
13115 13114 13116
13115 13116 13117
13117 13116 13118
13117 13118 13119
13120 13121 13122
13120 13122 13123
13119 13118 13124
13100 13099 13125
13100 13125 13126
13123 13122 13102
13123 13102 13101
13061 13056 12970
13127 13128 13129
13127 13129 13130
13131 13132 13133
13134 13135 13133
13134 13133 13136
13137 13138 13139
13137 13139 13140
13141 13142 13143
13144 13145 13146
13147 13148 13149
13147 13149 13150
13142 13151 13143
13152 13153 13146
13152 13146 13145
13154 13155 13128
13154 13128 13156
13147 13128 13155
13147 13155 13153
13148 13147 13153
13148 13153 13152
13157 13146 13153
13157 13153 13155
13151 13142 13158
13151 13158 13159
13127 13130 13141
13160 13157 13155
13160 13155 13154
13161 13162 13163
13133 13164 13131
13131 13165 13137
13137 13166 13167
13137 13167 13138
13154 13163 13162
13154 13162 13160
13168 13169 13170
13171 13172 13173
13171 13173 13174
13135 13171 13174
13135 13174 13175
13164 13133 13135
13164 13135 13175
13176 13177 13169
13176 13169 13168
13178 13144 13146
13146 13157 13179
13146 13179 13178
13157 13160 13173
13157 13173 13179
13162 13161 13175
13162 13175 13174
13180 13164 13161
13164 13180 13181
13164 13181 13165
13165 13181 13170
13165 13170 13166
13166 13170 13169
13166 13169 13167
13160 13162 13174
13160 13174 13173
13142 13141 13130
13142 13130 13158
13129 13150 13158
13129 13158 13130
13150 13149 13159
13150 13159 13158
13129 13128 13147
13129 13147 13150
13156 13163 13154
13127 13156 13128
13182 13176 13168
13139 13138 13183
13139 13183 13184
13183 13138 13167
13183 13167 13185
13185 13167 13169
13185 13169 13177
13137 13140 13131
13186 13187 13188
13186 13188 13189
13190 13191 13192
13193 13194 13191
13193 13191 13195
13196 13197 13198
13196 13198 13199
13200 13201 13202
13203 13204 13205
13206 13207 13208
13206 13208 13209
13202 13201 13210
13211 13205 13204
13211 13204 13212
13213 13214 13189
13213 13189 13215
13206 13212 13215
13206 13215 13189
13209 13211 13212
13209 13212 13206
13216 13215 13212
13216 13212 13204
13210 13217 13218
13210 13218 13202
13186 13200 13187
13219 13213 13215
13219 13215 13216
13220 13221 13222
13191 13190 13223
13190 13196 13224
13190 13224 13225
13196 13199 13226
13196 13226 13224
13213 13219 13222
13213 13222 13221
13227 13228 13229
13230 13231 13232
13230 13232 13233
13195 13234 13231
13195 13231 13230
13223 13234 13195
13223 13195 13191
13235 13227 13229
13235 13229 13236
13237 13204 13203
13204 13237 13238
13204 13238 13216
13216 13238 13232
13216 13232 13219
13222 13231 13234
13222 13234 13220
13239 13220 13234
13239 13234 13223
13223 13225 13239
13225 13224 13228
13225 13228 13240
13229 13228 13224
13229 13224 13226
13219 13232 13231
13219 13231 13222
13202 13218 13187
13202 13187 13200
13188 13187 13218
13188 13218 13207
13207 13218 13217
13207 13217 13208
13188 13207 13206
13188 13206 13189
13214 13213 13221
13186 13189 13214
13241 13227 13235
13198 13242 13243
13198 13243 13199
13226 13199 13243
13226 13243 13244
13229 13226 13244
13229 13244 13236
13196 13190 13197
13245 13246 13247
13248 13246 13249
13250 13248 13251
13252 13253 13254
13252 13254 13255
13256 13246 13248
13256 13248 13257
13258 13257 13248
13258 13248 13255
13259 13258 13255
13259 13255 13254
13246 13256 13260
13246 13260 13247
13261 13262 13257
13261 13257 13258
13257 13262 13263
13257 13263 13256
13256 13263 13264
13256 13264 13260
13265 13261 13258
13265 13258 13259
13266 13263 13262
13266 13262 13267
13268 13267 13262
13268 13262 13261
13263 13266 13269
13263 13269 13264
13270 13271 13260
13270 13260 13264
13272 13270 13264
13272 13264 13269
13271 13273 13274
13275 13268 13261
13275 13261 13265
13276 13277 13275
13276 13275 13265
13278 13276 13265
13278 13265 13259
13279 13277 13276
13279 13276 13280
13281 13282 13283
13281 13283 13284
13285 13286 13287
13285 13287 13288
13289 13290 13285
13289 13285 13288
13291 13290 13289
13291 13289 13292
13292 13270 13272
13292 13272 13291
13292 13293 13273
13284 13283 13294
13284 13295 13296
13287 13297 13298
13288 13298 13299
13300 13266 13267
13300 13267 13301
13302 13301 13267
13302 13267 13268
13266 13300 13303
13266 13303 13269
13269 13303 13304
13269 13304 13272
13305 13302 13268
13305 13268 13275
13306 13305 13275
13306 13275 13277
13307 13306 13277
13307 13277 13308
13283 13309 13307
13283 13307 13308
13272 13304 13310
13272 13310 13291
13291 13310 13311
13291 13311 13290
13290 13311 13312
13290 13312 13285
13313 13309 13283
13313 13283 13282
13314 13286 13285
13314 13285 13312
13315 13316 13300
13315 13300 13301
13317 13315 13301
13317 13301 13302
13300 13316 13318
13300 13318 13303
13303 13318 13319
13303 13319 13304
13304 13319 13320
13304 13320 13310
13310 13320 13321
13310 13321 13311
13322 13317 13302
13322 13302 13305
13323 13322 13305
13323 13305 13306
13324 13323 13306
13324 13306 13307
13325 13324 13307
13325 13307 13309
13326 13325 13309
13326 13309 13313
13311 13321 13327
13311 13327 13312
13312 13327 13328
13312 13328 13314
13329 13316 13315
13329 13315 13330
13331 13330 13315
13331 13315 13317
13316 13329 13332
13316 13332 13318
13333 13331 13317
13333 13317 13322
13332 13334 13319
13332 13319 13318
13335 13333 13322
13335 13322 13323
13336 13330 13337
13338 13339 13331
13340 13338 13331
13340 13331 13333
13341 13340 13333
13341 13333 13335
13342 13343 13335
13342 13335 13344
13329 13345 13346
13329 13346 13332
13332 13346 13347
13332 13347 13334
13334 13347 13348
13334 13348 13349
13350 13351 13342
13350 13342 13344
13352 13353 13351
13352 13351 13350
13354 13355 13356
13354 13356 13357
13348 13358 13349
13359 13354 13357
13359 13357 13360
13324 13344 13335
13324 13335 13323
13334 13349 13320
13334 13320 13319
13325 13350 13344
13325 13344 13324
13326 13352 13350
13326 13350 13325
13357 13356 13328
13357 13328 13327
13349 13360 13321
13349 13321 13320
13360 13357 13327
13360 13327 13321
13289 13361 13362
13284 13294 13363
13284 13363 13295
13280 13364 13365
13292 13271 13270
13260 13271 13274
13260 13274 13247
13246 13245 13366
13248 13250 13255
13255 13250 13252
13278 13259 13254
13278 13254 13367
13367 13254 13253
13367 13253 13368
13276 13278 13364
13276 13364 13280
13278 13369 13364
13292 13273 13271
13292 13289 13370
13292 13370 13371
13288 13361 13289
13365 13363 13294
13365 13294 13280
13294 13279 13280
13369 13372 13373
13292 13371 13293
13289 13362 13370
13288 13299 13361
13287 13298 13288
13281 13296 13374
13284 13296 13281
13245 13375 13366
13335 13343 13341
13330 13339 13337
13331 13339 13330
13347 13376 13348
13377 13340 13341
13330 13336 13329
13329 13336 13345
13378 13379 13336
13378 13336 13337
13379 13380 13381
13379 13381 13382
13382 13381 13383
13382 13383 13384
13385 13379 13378
13378 13386 13385
13387 13388 13389
13387 13389 13390
13388 13386 13391
13388 13391 13389
13391 13386 13378
13392 13387 13390
13383 13393 13384
13360 13358 13359
13349 13358 13360
13278 13367 13369
13367 13372 13369
13294 13283 13279
13380 13379 13385
13367 13368 13372
13248 13249 13251
13249 13246 13366
13394 13395 13396
13397 13398 13396
13399 13400 13397
13401 13402 13403
13401 13403 13404
13405 13406 13397
13405 13397 13396
13407 13404 13397
13407 13397 13406
13408 13401 13404
13408 13404 13407
13409 13405 13396
13409 13396 13395
13406 13410 13411
13406 13411 13407
13412 13410 13406
13412 13406 13405
13413 13412 13405
13413 13405 13409
13414 13408 13407
13414 13407 13411
13415 13416 13410
13415 13410 13412
13417 13411 13410
13417 13410 13416
13418 13415 13412
13418 13412 13413
13409 13419 13420
13409 13420 13413
13421 13418 13413
13421 13413 13420
13419 13422 13423
13424 13414 13411
13424 13411 13417
13424 13425 13426
13424 13426 13414
13427 13408 13414
13427 13414 13426
13428 13429 13426
13428 13426 13425
13430 13431 13432
13430 13432 13433
13434 13435 13436
13434 13436 13437
13434 13438 13439
13434 13439 13435
13440 13441 13439
13440 13439 13438
13441 13440 13421
13441 13421 13420
13441 13423 13442
13432 13443 13433
13432 13444 13445
13436 13446 13447
13435 13448 13446
13449 13450 13416
13449 13416 13415
13451 13417 13416
13451 13416 13450
13452 13449 13415
13452 13415 13418
13453 13452 13418
13453 13418 13421
13454 13424 13417
13454 13417 13451
13455 13425 13424
13455 13424 13454
13425 13456 13428
13456 13433 13428
13457 13453 13421
13457 13421 13440
13458 13457 13440
13458 13440 13438
13459 13458 13438
13459 13438 13434
13460 13430 13433
13460 13433 13461
13437 13462 13459
13437 13459 13434
13449 13463 13464
13449 13464 13450
13465 13451 13450
13465 13450 13464
13466 13463 13449
13466 13449 13452
13467 13466 13452
13467 13452 13453
13468 13467 13453
13468 13453 13457
13469 13468 13457
13469 13457 13458
13470 13454 13451
13470 13451 13465
13471 13455 13454
13471 13454 13470
13472 13473 13455
13472 13455 13471
13474 13461 13473
13474 13473 13472
13475 13460 13461
13475 13461 13474
13476 13469 13458
13476 13458 13459
13476 13459 13462
13476 13462 13477
13478 13479 13464
13478 13464 13463
13480 13465 13464
13480 13464 13479
13481 13478 13463
13481 13463 13466
13482 13470 13465
13482 13465 13480
13481 13466 13467
13481 13467 13483
13484 13471 13470
13484 13470 13482
13485 13486 13479
13487 13480 13488
13489 13482 13480
13489 13480 13487
13490 13484 13482
13490 13482 13489
13491 13492 13484
13491 13484 13493
13494 13495 13478
13494 13478 13481
13496 13494 13481
13496 13481 13483
13497 13496 13483
13497 13483 13498
13491 13499 13500
13491 13500 13492
13499 13501 13502
13499 13502 13500
13503 13504 13505
13503 13505 13506
13497 13498 13507
13508 13509 13504
13508 13504 13503
13484 13492 13472
13484 13472 13471
13483 13467 13468
13483 13468 13498
13492 13500 13474
13492 13474 13472
13500 13502 13475
13500 13475 13474
13504 13476 13477
13504 13477 13505
13498 13468 13469
13498 13469 13509
13509 13469 13476
13509 13476 13504
13439 13510 13511
13432 13445 13512
13432 13512 13443
13429 13513 13514
13441 13420 13419
13422 13419 13409
13422 13409 13395
13396 13515 13394
13397 13404 13399
13404 13403 13399
13401 13408 13427
13401 13427 13516
13402 13401 13516
13402 13516 13517
13426 13429 13514
13426 13514 13427
13427 13514 13518
13441 13419 13423
13519 13439 13441
13519 13441 13520
13435 13439 13511
13443 13512 13513
13443 13513 13429
13443 13429 13428
13518 13521 13522
13441 13442 13520
13439 13519 13510
13435 13511 13448
13436 13435 13446
13431 13523 13444
13432 13431 13444
13394 13515 13524
13484 13490 13493
13479 13486 13488
13480 13479 13488
13496 13497 13525
13526 13490 13489
13479 13478 13485
13478 13495 13485
13527 13486 13485
13527 13485 13528
13528 13529 13530
13528 13530 13531
13532 13530 13529
13532 13529 13533
13534 13527 13528
13527 13534 13535
13536 13537 13538
13536 13538 13539
13539 13540 13535
13539 13538 13540
13540 13527 13535
13541 13537 13536
13532 13533 13542
13509 13508 13507
13498 13509 13507
13427 13518 13516
13516 13518 13522
13443 13428 13433
13531 13534 13528
13516 13522 13517
13397 13400 13398
13398 13515 13396
13283 13308 13279
13308 13277 13279
13433 13456 13473
13433 13473 13461
13473 13456 13425
13473 13425 13455
4655 4654 4653
4655 4653 4656
6340 6341 6344
6340 6344 6343
6648 6650 6658
6691 6693 6703
13543 13544 13545
13546 13547 13548
13546 13548 13549
13546 13550 13551
13546 13551 13547
13552 13543 13548
13552 13548 13547
13547 13551 13553
13547 13553 13552
13554 13555 13556
13554 13556 13557
13555 13558 13559
13555 13559 13556
13558 13560 13561
13558 13561 13559
13562 13563 13561
13562 13561 13560
13562 13564 13565
13562 13565 13563
13564 13566 13567
13564 13567 13565
13568 13569 13567
13568 13567 13566
13570 13571 13569
13570 13569 13568
13570 13572 13573
13570 13573 13571
13574 13575 13573
13574 13573 13572
13574 13576 13577
13574 13577 13575
13578 13579 13557
13578 13557 13556
13580 13578 13556
13580 13556 13559
13581 13580 13559
13581 13559 13561
13582 13581 13561
13582 13561 13563
13582 13583 13584
13585 13584 13583
13585 13583 13586
13587 13585 13586
13587 13586 13588
13589 13587 13588
13589 13588 13590
13591 13589 13590
13591 13590 13592
13593 13591 13592
13593 13592 13594
13593 13594 13595
13593 13595 13596
13597 13579 13598
13599 13580 13600
13600 13581 13601
13601 13581 13602
13603 13604 13582
13603 13582 13584
13605 13603 13584
13605 13584 13585
13605 13585 13587
13605 13587 13606
13606 13607 13608
13609 13610 13611
13609 13611 13612
13613 13546 13597
13550 13546 13614
13615 13616 13617
13615 13617 13618
13617 13600 13601
13619 13620 13601
13619 13601 13602
13621 13622 13604
13621 13604 13603
13623 13621 13603
13623 13603 13605
13624 13625 13626
13624 13626 13627
13628 13629 13630
13628 13630 13627
13631 13550 13614
13631 13614 13632
13631 13633 13634
13635 13636 13619
13635 13619 13622
13637 13638 13639
13637 13639 13640
13641 13642 13643
13641 13643 13644
13645 13646 13637
13647 13635 13637
13648 13636 13635
13648 13635 13647
13649 13650 13640
13649 13640 13651
13652 13649 13651
13652 13651 13641
13652 13641 13644
13652 13644 13653
13622 13621 13638
13622 13638 13635
13654 13599 13616
13654 13616 13655
13599 13600 13617
13599 13617 13616
13645 13637 13640
13645 13640 13650
13656 13657 13610
13656 13610 13607
13658 13626 13659
13605 13659 13660
13605 13660 13623
13661 13662 13642
13661 13642 13663
13664 13661 13663
13664 13663 13639
13627 13626 13658
13627 13658 13628
13630 13665 13624
13630 13624 13627
13626 13660 13659
13626 13625 13660
13607 13610 13609
13607 13609 13608
13611 13610 13657
13611 13657 13666
13587 13656 13607
13606 13587 13607
13590 13588 13569
13590 13569 13571
13592 13590 13571
13592 13571 13573
13594 13592 13573
13594 13573 13575
13595 13594 13575
13595 13575 13577
13586 13583 13565
13586 13565 13567
13563 13565 13583
13582 13563 13583
13588 13586 13567
13588 13567 13569
13667 13613 13597
13667 13597 13598
13615 13655 13616
13617 13620 13618
13618 13620 13668
13618 13668 13669
13669 13634 13615
13669 13615 13618
13654 13655 13667
13654 13667 13598
13579 13578 13598
13578 13599 13654
13599 13578 13580
13578 13654 13598
13546 13549 13597
13619 13602 13604
13619 13604 13622
13600 13580 13581
13617 13601 13620
13581 13582 13602
13582 13604 13602
13670 13669 13668
13636 13668 13620
13636 13620 13619
13670 13668 13648
13648 13668 13636
13615 13634 13633
13615 13633 13655
13670 13634 13669
13655 13633 13632
13655 13632 13667
13632 13614 13613
13614 13546 13613
13632 13613 13667
13631 13632 13633
13631 13634 13670
13671 13672 13673
13674 13675 13676
13674 13676 13677
13678 13679 13674
13678 13674 13677
13676 13671 13680
13676 13680 13677
13681 13678 13677
13681 13677 13680
13682 13683 13684
13682 13684 13685
13686 13687 13683
13686 13683 13682
13688 13689 13687
13688 13687 13686
13690 13689 13688
13690 13688 13691
13692 13693 13690
13692 13690 13691
13694 13695 13693
13694 13693 13692
13696 13695 13694
13696 13694 13697
13698 13696 13697
13698 13697 13699
13700 13701 13698
13700 13698 13699
13702 13701 13700
13702 13700 13703
13704 13705 13702
13704 13702 13703
13685 13706 13707
13685 13707 13682
13682 13707 13708
13682 13708 13686
13686 13708 13709
13686 13709 13688
13688 13709 13710
13688 13710 13691
13710 13711 13712
13712 13711 13713
13712 13713 13714
13714 13713 13715
13714 13715 13716
13716 13715 13717
13716 13717 13718
13718 13717 13719
13718 13719 13720
13720 13719 13721
13720 13721 13722
13721 13723 13724
13721 13724 13722
13725 13726 13706
13727 13728 13708
13728 13729 13709
13729 13730 13709
13710 13731 13732
13710 13732 13711
13711 13732 13733
13711 13733 13713
13733 13734 13715
13733 13715 13713
13734 13735 13736
13737 13738 13739
13737 13739 13740
13741 13725 13674
13679 13742 13674
13743 13744 13745
13743 13745 13746
13743 13729 13728
13729 13747 13748
13729 13748 13730
13731 13749 13750
13731 13750 13732
13732 13750 13751
13732 13751 13733
13752 13753 13754
13752 13754 13755
13756 13757 13758
13756 13758 13755
13759 13760 13679
13759 13761 13762
13748 13763 13764
13748 13764 13749
13765 13766 13767
13765 13767 13768
13769 13770 13771
13769 13771 13772
13773 13765 13774
13775 13774 13765
13776 13775 13764
13776 13764 13763
13766 13777 13778
13766 13778 13779
13779 13778 13780
13779 13780 13769
13780 13781 13770
13780 13770 13769
13768 13750 13749
13768 13749 13764
13782 13783 13744
13782 13744 13727
13727 13744 13743
13727 13743 13728
13766 13765 13773
13766 13773 13777
13740 13784 13785
13740 13785 13736
13786 13787 13752
13788 13787 13733
13788 13733 13751
13772 13789 13790
13772 13790 13791
13791 13790 13792
13791 13792 13767
13786 13752 13755
13786 13755 13758
13756 13755 13754
13756 13754 13793
13752 13787 13788
13752 13788 13753
13737 13740 13736
13737 13736 13735
13784 13740 13739
13784 13739 13794
13715 13736 13785
13734 13736 13715
13697 13716 13718
13697 13718 13699
13699 13718 13720
13699 13720 13700
13700 13720 13722
13700 13722 13703
13703 13722 13724
13703 13724 13704
13692 13712 13714
13692 13714 13694
13691 13712 13692
13710 13712 13691
13694 13714 13716
13694 13716 13697
13795 13726 13725
13795 13725 13741
13745 13744 13783
13743 13746 13747
13746 13796 13797
13746 13797 13747
13745 13761 13796
13745 13796 13746
13795 13783 13782
13795 13782 13726
13706 13726 13707
13707 13782 13727
13727 13708 13707
13707 13726 13782
13674 13725 13675
13731 13730 13748
13731 13748 13749
13728 13709 13708
13743 13747 13729
13709 13730 13710
13710 13730 13731
13798 13797 13796
13747 13797 13763
13747 13763 13748
13798 13776 13797
13776 13763 13797
13745 13783 13762
13745 13762 13761
13798 13796 13761
13760 13762 13783
13760 13783 13795
13760 13741 13742
13742 13741 13674
13760 13795 13741
13759 13762 13760
13759 13798 13761
13799 13800 13801
13799 13801 13802
13803 13804 13805
13803 13805 13806
13807 13808 13809
13807 13809 13810
13811 13812 13813
13811 13813 13814
13815 13816 13817
13815 13817 13818
13819 13820 13821
13819 13821 13822
13823 13824 13825
13823 13825 13826
13827 13828 13829
13827 13829 13830
13831 13832 13833
13831 13833 13834
13835 13836 13837
13835 13837 13838
13839 13840 13841
13839 13841 13842
13843 13844 13845
13843 13845 13846
13847 13830 13829
13847 13829 13848
13849 13850 13851
13849 13851 13852
13853 13854 13855
13853 13855 13856
13857 13858 13859
13857 13859 13860
13861 13862 13863
13861 13863 13864
13865 13866 13867
13865 13867 13868
13869 13870 13871
13869 13871 13872
13873 13874 13875
13873 13875 13876
13877 13878 13879
13877 13879 13880
13881 13882 13883
13881 13883 13884
13885 13886 13887
13885 13887 13888
13889 13890 13891
13889 13891 13892
13892 13891 13893
13892 13893 13894
13894 13893 13895
13894 13895 13896
13896 13895 13897
13896 13897 13898
13899 13900 13901
13899 13901 13902
13902 13901 13903
13902 13903 13904
13904 13903 13905
13904 13905 13906
13906 13905 13907
13906 13907 13908
13909 13910 13911
13909 13911 13912
13913 13914 13910
13913 13910 13909
13915 13916 13914
13915 13914 13913
13917 13918 13916
13917 13916 13915
13919 13920 13918
13919 13918 13917
13921 13922 13920
13921 13920 13919
13923 13924 13922
13923 13922 13921
13912 13911 13924
13912 13924 13923
13811 13810 13809
13811 13809 13812
13925 13835 13838
13925 13838 13926
13874 13869 13872
13874 13872 13875
13803 13814 13813
13803 13813 13804
13836 13839 13842
13836 13842 13837
13862 13873 13876
13862 13876 13863
13823 13806 13805
13823 13805 13824
13840 13831 13834
13840 13834 13841
13886 13861 13864
13886 13864 13887
13815 13826 13825
13815 13825 13816
13832 13849 13852
13832 13852 13833
13878 13885 13888
13878 13888 13879
13819 13818 13817
13819 13817 13820
13850 13843 13846
13850 13846 13851
13881 13877 13880
13881 13880 13882
13802 13822 13821
13802 13821 13799
13844 13847 13848
13844 13848 13845
13884 13883 13858
13884 13858 13857
13927 13928 13929
13927 13929 13930
13931 13932 13928
13931 13928 13927
13933 13934 13932
13933 13932 13931
13935 13936 13937
13935 13937 13938
13939 13940 13936
13939 13936 13935
13941 13942 13940
13941 13940 13939
13930 13929 13943
13930 13943 13944
13945 13946 13942
13945 13942 13941
13947 13948 13949
13947 13949 13950
13951 13952 13953
13951 13953 13954
13955 13956 13957
13955 13957 13958
13959 13960 13961
13959 13961 13962
13963 13964 13965
13963 13965 13966
13967 13968 13969
13967 13969 13970
13971 13972 13973
13971 13973 13974
13975 13976 13977
13975 13977 13978
13979 13975 13978
13979 13978 13980
13981 13979 13980
13981 13980 13982
13983 13981 13982
13983 13982 13984
13985 13983 13984
13985 13984 13986
13987 13985 13986
13987 13986 13988
13989 13987 13988
13989 13988 13990
13976 13989 13990
13976 13990 13977
13958 13957 13960
13958 13960 13959
13962 13961 13952
13962 13952 13951
13954 13953 13972
13954 13972 13971
13974 13973 13964
13974 13964 13963
13966 13965 13967
13966 13967 13970
13968 13947 13950
13968 13950 13969
13991 13992 13993
13991 13993 13994
13994 13993 13995
13994 13995 13996
13997 13998 13999
13997 13999 14000
14000 13999 13992
14000 13992 13991
14001 14002 14003
14003 14002 14004
14005 14002 14006
14006 14002 14001
14007 14008 14009
14010 14008 14007
14011 14008 14012
14009 14008 14011
14013 14014 14015
14013 14015 14016
14014 14017 14018
14014 14018 14015
14019 14020 14021
14019 14021 14022
14020 14013 14016
14020 14016 14021
14023 14024 14025
14024 14026 14025
14027 14028 14025
14028 14023 14025
14029 14030 14031
14032 14029 14031
14033 14034 14031
14030 14033 14031
14035 14036 14037
14035 14037 14038
14038 14037 14039
14038 14039 14040
14040 14039 14041
14040 14041 14042
14042 14041 14043
14042 14043 14044
14044 14043 14045
14044 14045 14046
14046 14045 14047
14046 14047 14048
14049 14050 14051
14049 14051 14052
14053 14049 14052
14053 14052 14054
14055 14053 14054
14055 14054 14056
14057 14055 14056
14057 14056 14058
14059 14057 14058
14059 14058 14060
14061 14059 14060
14061 14060 14062
14063 14064 14065
14063 14065 14066
14067 14068 14069
14067 14069 14070
14071 14072 14064
14071 14064 14063
14070 14069 14073
14070 14073 14074
14075 14076 14072
14075 14072 14071
14074 14073 14077
14074 14077 14078
14079 14080 14076
14079 14076 14075
14078 14077 14081
14078 14081 14082
14083 14084 14080
14083 14080 14079
14082 14081 14085
14082 14085 14086
14087 14088 14084
14087 14084 14083
14086 14085 14089
14086 14089 14090
14091 14092 14093
14091 14093 14094
14092 14095 14096
14092 14096 14093
14095 14097 14098
14095 14098 14096
14097 14099 14100
14097 14100 14098
14099 14101 14102
14099 14102 14100
14101 14103 14104
14101 14104 14102
14105 14106 14107
14105 14107 14108
14109 14110 14106
14109 14106 14105
14111 14112 14110
14111 14110 14109
14113 14114 14112
14113 14112 14111
14115 14116 14114
14115 14114 14113
14117 14118 14116
14117 14116 14115
14119 14120 14121
14119 14121 14122
14123 14124 14125
14123 14125 14126
14127 14119 14122
14127 14122 14128
14124 14129 14130
14124 14130 14125
14131 14127 14128
14131 14128 14132
14129 14133 14134
14129 14134 14130
14135 14131 14132
14135 14132 14136
14133 14137 14138
14133 14138 14134
14139 14135 14136
14139 14136 14140
14137 14141 14142
14137 14142 14138
14143 14139 14140
14143 14140 14144
14141 14145 14146
14141 14146 14142
14147 14148 14149
14147 14150 14148
14147 14151 14150
14147 14152 14151
14147 14153 14152
14149 14148 14154
14149 14154 14155
14148 14150 14156
14148 14156 14154
14150 14151 14157
14150 14157 14156
14151 14152 14158
14151 14158 14157
14152 14153 14159
14152 14159 14158
14155 14154 14160
14155 14160 14161
14154 14156 14162
14154 14162 14160
14156 14157 14163
14156 14163 14162
14157 14158 14164
14157 14164 14163
14158 14159 14165
14158 14165 14164
14161 14160 14166
14161 14166 14167
14160 14162 14168
14160 14168 14166
14162 14163 14169
14162 14169 14168
14163 14164 14170
14163 14170 14169
14164 14165 14171
14164 14171 14170
14172 14167 14166
14172 14166 14168
14172 14168 14169
14172 14169 14170
14172 14170 14171
14173 14174 14175
14173 14175 14176
14173 14176 14177
14173 14177 14178
14173 14178 14179
14174 14180 14181
14174 14181 14175
14175 14181 14182
14175 14182 14176
14176 14182 14183
14176 14183 14177
14177 14183 14184
14177 14184 14178
14178 14184 14185
14178 14185 14179
14180 14186 14187
14180 14187 14181
14181 14187 14188
14181 14188 14182
14182 14188 14189
14182 14189 14183
14183 14189 14190
14183 14190 14184
14184 14190 14191
14184 14191 14185
14186 14192 14193
14186 14193 14187
14187 14193 14194
14187 14194 14188
14188 14194 14195
14188 14195 14189
14189 14195 14196
14189 14196 14190
14190 14196 14197
14190 14197 14191
14198 14193 14192
14198 14194 14193
14198 14195 14194
14198 14196 14195
14198 14197 14196
14199 14200 14201
14199 14201 14202
14203 14204 14205
14203 14205 14206
14207 14208 14209
14207 14209 14210
14211 14212 14213
14211 14213 14214
14211 14201 14200
14211 14200 14212
14215 14207 14210
14215 14210 14216
14216 14199 14202
14216 14202 14215
14217 14214 14213
14217 14213 14218
14219 14220 14221
14222 14221 14223
14219 14221 14222
14220 14224 14221
14225 14221 14224
14223 14221 14226
14227 14228 14229
14230 14231 14228
14227 14230 14228
14229 14228 14232
14233 14232 14228
14231 14234 14228
14235 14236 14237
14235 14237 14238
14239 14240 14241
14239 14241 14242
14243 14244 14245
14243 14245 14246
14247 14248 14249
14247 14249 14250
14251 14252 14244
14251 14244 14243
14253 14254 14255
14253 14255 14256
14257 14258 14259
14257 14259 14260
14261 14262 14263
14261 14263 14264
14265 14266 14267
14265 14267 14268
14264 14263 14267
14264 14267 14266
14263 14262 14256
14257 14260 14269
14270 14238 14237
14270 14237 14271
14253 14256 14262
14253 14262 14261
14263 14256 14255
14263 14255 14267
14272 14273 14274
14272 14274 14275
14276 14277 14278
14276 14278 14279
14280 14281 14282
14280 14282 14283
14284 14285 14286
14284 14286 14287
14281 14285 14284
14281 14284 14282
14282 14275 14283
14276 14288 14277
14274 14280 14283
14274 14283 14275
14282 14284 14272
14282 14272 14275
14289 14290 14291
14289 14291 14292
14293 14294 14295
14293 14295 14296
14297 14298 14268
14297 14268 14299
14300 14301 14298
14300 14298 14259
14302 14297 14299
14302 14299 14303
14287 14304 14305
14287 14305 14306
14304 14307 14308
14304 14308 14278
14306 14305 14309
14306 14309 14310
14301 14265 14268
14301 14268 14298
14287 14286 14307
14287 14307 14304
14235 14289 14292
14235 14292 14236
14251 14293 14296
14251 14296 14252
14299 14268 14267
14299 14267 14255
14303 14299 14255
14303 14255 14254
14284 14287 14306
14284 14306 14272
14272 14306 14310
14272 14310 14273
14290 14242 14241
14290 14241 14291
14294 14247 14250
14294 14250 14295
14260 14259 14298
14260 14298 14297
14302 14269 14260
14302 14260 14297
14304 14278 14277
14304 14277 14305
14305 14277 14288
14305 14288 14309
14300 14259 14258
14278 14308 14279
14311 14312 14313
14314 14315 14316
14314 14316 14317
14318 14319 14320
14320 14319 14321
14322 14323 14324
14322 14324 14325
14319 14326 14327
14319 14327 14321
14328 14329 14324
14328 14324 14323
14330 14331 14316
14330 14316 14315
14332 14312 14333
14320 14321 14334
14335 14336 14337
14335 14337 14338
14332 14313 14312
14339 14340 14341
14342 14343 14344
14342 14344 14345
14346 14347 14348
14347 14349 14348
14350 14351 14352
14350 14352 14353
14348 14349 14354
14348 14354 14355
14350 14356 14357
14350 14357 14351
14344 14358 14359
14344 14359 14345
14360 14361 14341
14347 14362 14349
14363 14364 14365
14363 14365 14366
14360 14341 14340
14367 14368 14369
14367 14369 14370
14371 14369 14372
14373 14374 14375
14373 14375 14376
14377 14378 14376
14377 14376 14375
14378 14377 14368
14378 14368 14367
14369 14368 14379
14369 14379 14380
14377 14375 14381
14377 14381 14382
14375 14374 14383
14375 14383 14381
14368 14377 14382
14368 14382 14379
14384 14385 14386
14387 14388 14386
14387 14386 14385
14389 14390 14391
14389 14391 14392
14374 14373 14393
14374 14393 14394
14390 14389 14388
14390 14388 14387
14387 14385 14395
14387 14395 14396
14385 14397 14395
14374 14394 14398
14374 14398 14383
14391 14390 14399
14391 14399 14400
14390 14387 14396
14390 14396 14399
14401 14402 14403
14401 14403 14404
14405 14406 14407
14405 14407 14408
14409 14410 14411
14409 14411 14412
14407 14413 14414
14407 14414 14408
14413 14415 14416
14413 14416 14414
14403 14402 14416
14403 14416 14415
14417 14418 14419
14417 14419 14420
14412 14411 14419
14412 14419 14418
14421 14422 14423
14421 14423 14424
14422 14421 14417
14422 14417 14420
14372 14425 14426
14372 14426 14371
14371 14427 14428
14371 14428 14370
14428 14429 14367
14428 14367 14370
14378 14430 14431
14378 14431 14376
14431 14432 14373
14431 14373 14376
14430 14378 14367
14430 14367 14429
14379 14433 14434
14379 14434 14380
14434 14435 14372
14434 14372 14380
14383 14436 14437
14383 14437 14381
14437 14438 14382
14437 14382 14381
14382 14438 14433
14382 14433 14379
14388 14439 14440
14388 14440 14386
14440 14441 14384
14440 14384 14386
14373 14432 14442
14373 14442 14393
14443 14444 14389
14443 14389 14392
14389 14444 14439
14389 14439 14388
14384 14445 14446
14384 14446 14397
14397 14447 14448
14397 14448 14395
14448 14449 14396
14448 14396 14395
14399 14450 14451
14399 14451 14400
14436 14383 14398
14436 14398 14452
14450 14399 14396
14450 14396 14449
14423 14453 14424
14404 14454 14401
14371 14370 14369
14369 14380 14372
14384 14397 14385
14372 14435 14425
14426 14427 14371
14446 14447 14397
14384 14441 14445
14455 14456 14457
14455 14457 14458
14459 14460 14457
14461 14462 14463
14461 14463 14464
14465 14463 14462
14465 14462 14466
14466 14455 14458
14466 14458 14465
14457 14467 14468
14457 14468 14458
14465 14469 14470
14465 14470 14463
14463 14470 14471
14463 14471 14464
14458 14468 14469
14458 14469 14465
14472 14473 14474
14475 14474 14473
14475 14473 14476
14477 14478 14479
14477 14479 14480
14464 14481 14482
14464 14482 14461
14480 14475 14476
14480 14476 14477
14475 14483 14484
14475 14484 14474
14474 14484 14485
14464 14471 14486
14464 14486 14481
14479 14487 14488
14479 14488 14480
14480 14488 14483
14480 14483 14475
14489 14490 14491
14489 14491 14492
14493 14494 14495
14493 14495 14496
14497 14498 14499
14497 14499 14500
14495 14494 14501
14495 14501 14502
14503 14504 14502
14503 14502 14501
14489 14504 14503
14489 14503 14490
14505 14506 14507
14505 14507 14508
14498 14508 14507
14498 14507 14499
14509 14510 14511
14509 14511 14512
14505 14509 14512
14505 14512 14506
14460 14459 14513
14460 14513 14514
14459 14456 14515
14459 14515 14516
14455 14517 14515
14455 14515 14456
14466 14462 14518
14466 14518 14519
14461 14520 14518
14461 14518 14462
14519 14517 14455
14519 14455 14466
14468 14467 14521
14468 14521 14522
14460 14523 14521
14460 14521 14467
14471 14470 14524
14471 14524 14525
14469 14526 14524
14469 14524 14470
14469 14468 14522
14469 14522 14526
14476 14473 14527
14476 14527 14528
14472 14529 14527
14472 14527 14473
14461 14482 14530
14461 14530 14520
14477 14531 14532
14477 14532 14478
14477 14476 14528
14477 14528 14531
14472 14485 14533
14472 14533 14534
14485 14484 14535
14485 14535 14536
14483 14537 14535
14483 14535 14484
14488 14487 14538
14488 14538 14539
14525 14540 14486
14525 14486 14471
14539 14537 14483
14539 14483 14488
14511 14510 14541
14492 14491 14542
14459 14457 14456
14457 14460 14467
14472 14474 14485
14460 14514 14523
14513 14459 14516
14533 14485 14536
14472 14534 14529
14543 14544 14545
14543 14545 14546
14547 14545 14548
14549 14550 14551
14549 14551 14552
14553 14554 14552
14553 14552 14551
14554 14553 14544
14554 14544 14543
14545 14544 14555
14545 14555 14556
14553 14551 14557
14553 14557 14558
14551 14550 14559
14551 14559 14557
14544 14553 14558
14544 14558 14555
14560 14561 14562
14563 14564 14562
14563 14562 14561
14565 14566 14567
14565 14567 14568
14550 14549 14569
14550 14569 14570
14566 14565 14564
14566 14564 14563
14563 14561 14571
14563 14571 14572
14561 14573 14571
14550 14570 14574
14550 14574 14559
14567 14566 14575
14567 14575 14576
14566 14563 14572
14566 14572 14575
14577 14578 14579
14577 14579 14580
14581 14582 14583
14581 14583 14584
14585 14586 14587
14585 14587 14588
14583 14589 14590
14583 14590 14584
14589 14591 14592
14589 14592 14590
14579 14578 14592
14579 14592 14591
14593 14594 14595
14593 14595 14596
14588 14587 14595
14588 14595 14594
14597 14598 14599
14597 14599 14600
14598 14597 14593
14598 14593 14596
14548 14601 14602
14548 14602 14547
14547 14603 14604
14547 14604 14546
14604 14605 14543
14604 14543 14546
14554 14606 14607
14554 14607 14552
14607 14608 14549
14607 14549 14552
14606 14554 14543
14606 14543 14605
14555 14609 14610
14555 14610 14556
14610 14611 14548
14610 14548 14556
14559 14612 14613
14559 14613 14557
14613 14614 14558
14613 14558 14557
14558 14614 14609
14558 14609 14555
14564 14615 14616
14564 14616 14562
14616 14617 14560
14616 14560 14562
14549 14608 14618
14549 14618 14569
14619 14620 14565
14619 14565 14568
14565 14620 14615
14565 14615 14564
14560 14621 14622
14560 14622 14573
14573 14623 14624
14573 14624 14571
14624 14625 14572
14624 14572 14571
14575 14626 14627
14575 14627 14576
14612 14559 14574
14612 14574 14628
14626 14575 14572
14626 14572 14625
14599 14629 14600
14580 14630 14577
14547 14546 14545
14545 14556 14548
14560 14573 14561
14548 14611 14601
14602 14603 14547
14622 14623 14573
14560 14617 14621
14631 14632 14633
14631 14633 14634
14635 14636 14633
14637 14638 14639
14637 14639 14640
14641 14639 14638
14641 14638 14642
14642 14631 14634
14642 14634 14641
14633 14643 14644
14633 14644 14634
14641 14645 14646
14641 14646 14639
14639 14646 14647
14639 14647 14640
14634 14644 14645
14634 14645 14641
14648 14649 14650
14651 14650 14649
14651 14649 14652
14653 14654 14655
14653 14655 14656
14640 14657 14658
14640 14658 14637
14656 14651 14652
14656 14652 14653
14651 14659 14660
14651 14660 14650
14650 14660 14661
14640 14647 14662
14640 14662 14657
14655 14663 14664
14655 14664 14656
14656 14664 14659
14656 14659 14651
14665 14666 14667
14665 14667 14668
14669 14670 14671
14669 14671 14672
14673 14674 14675
14673 14675 14676
14671 14670 14677
14671 14677 14678
14679 14680 14678
14679 14678 14677
14665 14680 14679
14665 14679 14666
14681 14682 14683
14681 14683 14684
14674 14684 14683
14674 14683 14675
14685 14686 14687
14685 14687 14688
14681 14685 14688
14681 14688 14682
14636 14635 14689
14636 14689 14690
14635 14632 14691
14635 14691 14692
14631 14693 14691
14631 14691 14632
14642 14638 14694
14642 14694 14695
14637 14696 14694
14637 14694 14638
14695 14693 14631
14695 14631 14642
14644 14643 14697
14644 14697 14698
14636 14699 14697
14636 14697 14643
14647 14646 14700
14647 14700 14701
14645 14702 14700
14645 14700 14646
14645 14644 14698
14645 14698 14702
14652 14649 14703
14652 14703 14704
14648 14705 14703
14648 14703 14649
14637 14658 14706
14637 14706 14696
14653 14707 14708
14653 14708 14654
14653 14652 14704
14653 14704 14707
14648 14661 14709
14648 14709 14710
14661 14660 14711
14661 14711 14712
14659 14713 14711
14659 14711 14660
14664 14663 14714
14664 14714 14715
14701 14716 14662
14701 14662 14647
14715 14713 14659
14715 14659 14664
14687 14686 14717
14668 14667 14718
14635 14633 14632
14633 14636 14643
14648 14650 14661
14636 14690 14699
14689 14635 14692
14709 14661 14712
14648 14710 14705
14719 14720 14721
14722 14723 14724
14722 14724 14725
14726 14727 14728
14728 14727 14729
14730 14731 14732
14730 14732 14733
14727 14734 14735
14727 14735 14729
14736 14737 14732
14736 14732 14731
14738 14739 14724
14738 14724 14723
14740 14720 14741
14728 14729 14742
14743 14744 14745
14743 14745 14746
14740 14721 14720
14747 14748 14749
14750 14751 14752
14750 14752 14753
14754 14755 14756
14755 14757 14756
14758 14759 14760
14758 14760 14761
14756 14757 14762
14756 14762 14763
14758 14764 14765
14758 14765 14759
14752 14766 14767
14752 14767 14753
14768 14769 14749
14755 14770 14757
14771 14772 14773
14771 14773 14774
14768 14749 14748
14775 14776 14777
14775 14777 14778
14779 14780 14781
14779 14781 14782
14783 14784 14785
14783 14785 14786
14787 14788 14789
14787 14789 14790
14791 14792 14793
14791 14793 14794
14795 14796 14783
14795 14783 14786
14780 14797 14798
14799 14800 14801
14799 14801 14802
14782 14803 14804
14778 14777 14805
14778 14805 14803
14806 14800 14799
14806 14799 14807
14782 14804 14808
14782 14808 14809
14810 14797 14779
14810 14779 14811
14804 14812 14813
14804 14813 14808
14781 14780 14814
14781 14814 14815
14778 14781 14815
14778 14815 14775
14809 14811 14779
14809 14779 14782
14816 14789 14788
14816 14788 14817
14791 14816 14817
14791 14817 14792
14818 14819 14785
14818 14785 14784
14795 14820 14821
14795 14821 14796
14822 14823 14824
14822 14824 14825
14818 14826 14819
14810 14827 14797
14797 14828 14798
14790 14829 14787
14798 14814 14780
14827 14828 14797
14780 14779 14797
14802 14801 14824
14802 14824 14823
14803 14805 14812
14803 14812 14804
14782 14781 14803
14781 14778 14803
14830 14831 14832
14830 14832 14833
14834 14835 14836
14834 14836 14837
14838 14839 14840
14838 14840 14841
14842 14843 14844
14842 14844 14845
14846 14847 14848
14846 14848 14849
14838 14850 14851
14838 14851 14839
14837 14852 14853
14854 14855 14856
14854 14856 14857
14835 14858 14859
14860 14832 14831
14860 14831 14859
14856 14855 14861
14856 14861 14862
14835 14863 14864
14835 14864 14858
14834 14853 14865
14834 14865 14866
14867 14868 14858
14867 14858 14864
14869 14837 14836
14869 14836 14870
14870 14836 14831
14870 14831 14830
14834 14866 14863
14834 14863 14835
14845 14844 14871
14845 14871 14872
14872 14871 14848
14872 14848 14847
14840 14873 14874
14840 14874 14841
14875 14876 14851
14875 14851 14850
14877 14878 14879
14877 14879 14880
14874 14873 14881
14865 14853 14882
14853 14852 14883
14843 14842 14884
14852 14837 14869
14882 14853 14883
14837 14853 14834
14877 14854 14857
14877 14857 14878
14868 14860 14859
14868 14859 14858
14835 14859 14836
14836 14859 14831
14885 14886 14887
14888 14887 14886
14889 14890 14891
14889 14891 14892
14893 14894 14895
14893 14895 14896
14895 14894 14897
14895 14897 14898
14899 14900 14901
14899 14901 14886
14902 14903 14904
14902 14904 14905
14906 14907 14899
14906 14899 14885
14908 14885 14887
14909 14906 14885
14909 14885 14908
14910 14911 14912
14910 14912 14913
14914 14915 14916
14917 14903 14902
14917 14902 14918
14908 14919 14920
14921 14888 14914
14921 14914 14922
14908 14920 14923
14908 14923 14909
14899 14907 14924
14899 14924 14900
14888 14921 14887
14925 14886 14901
14892 14926 14927
14892 14927 14889
14913 14905 14904
14913 14904 14910
14896 14928 14929
14896 14929 14893
14926 14930 14931
14926 14931 14927
14932 14929 14928
14932 14928 14933
14934 14935 14936
14934 14936 14937
14915 14914 14888
14915 14888 14925
14914 14938 14922
14932 14933 14939
14932 14939 14940
14934 14937 14891
14934 14891 14890
14914 14916 14938
14908 14887 14919
14885 14899 14886
14921 14919 14887
14925 14888 14886
14941 14942 14943
14944 14943 14942
14945 14946 14947
14945 14947 14948
14949 14950 14951
14949 14951 14952
14953 14952 14951
14953 14951 14954
14955 14956 14957
14955 14957 14943
14958 14959 14960
14958 14960 14961
14962 14941 14957
14962 14957 14963
14964 14942 14941
14965 14964 14941
14965 14941 14962
14966 14967 14968
14966 14968 14969
14970 14971 14972
14960 14959 14973
14960 14973 14974
14964 14975 14976
14970 14944 14977
14970 14977 14978
14964 14965 14979
14964 14979 14975
14980 14963 14957
14980 14957 14956
14944 14942 14977
14981 14955 14943
14982 14983 14946
14982 14946 14945
14958 14961 14969
14958 14969 14968
14984 14985 14950
14984 14950 14949
14986 14987 14983
14986 14983 14982
14988 14989 14985
14988 14985 14984
14990 14991 14992
14990 14992 14993
14944 14970 14972
14944 14972 14981
14970 14978 14994
14995 14989 14988
14995 14988 14996
14947 14991 14990
14947 14990 14948
14970 14994 14971
14964 14976 14942
14941 14943 14957
14977 14942 14976
14981 14943 14944
14997 14998 14999
14997 15000 14998
15001 15002 15003
15001 15004 15005
15001 15005 15002
15000 14997 15002
15000 15002 15005
14997 14999 15006
15007 15008 14998
15008 15009 14998
14998 15000 15010
15011 15012 15013
15014 15015 15016
15010 15000 15005
15010 15005 15016
15005 15004 15013
15005 15013 15016
15017 15018 15019
15017 15019 15020
15021 15022 15018
15022 15023 15018
15022 15024 15025
15022 15021 15026
15022 15026 15024
15027 15028 15024
15027 15024 15026
15028 15029 15030
15031 15032 15018
15033 15034 15035
15021 15018 15035
15034 15036 15035
15037 15038 15039
15027 15026 15039
15027 15039 15040
15026 15021 15035
15026 15035 15039
15041 15042 15043
15041 15043 15044
15045 15046 15047
15045 15047 15048
15049 15050 15051
15052 15017 15020
15053 15041 15044
15053 15044 15054
15043 15042 15055
15043 15055 15056
15057 15045 15048
15057 15048 15058
15059 15060 15061
15059 15061 15062
15063 15053 15054
15063 15054 15064
15065 15066 15067
15065 15067 15068
15062 15061 15069
15062 15069 15070
15071 15072 15073
15073 15074 15071
15074 15075 15071
15076 15077 15017
15049 15078 15050
15078 15079 15050
15052 15076 15017
15080 14998 15050
15080 15050 15079
15033 15035 15018
15056 15055 15072
15056 15072 15071
14997 15006 15002
15025 15024 15081
15022 15025 15023
15002 15006 15082
15028 15083 15024
15003 15002 15082
15024 15083 15081
14999 14998 15080
15018 15023 15019
15028 15030 15083
15070 15069 15057
15070 15057 15058
15035 15036 15039
15039 15036 15037
15010 15015 15007
15007 14998 15010
15060 15059 15084
15016 15015 15010
15016 15012 15014
15013 15012 15016
15039 15038 15040
15040 15038 15085
15068 15047 15046
15068 15046 15065
14998 15009 15086
15018 15032 15033
15087 15067 15066
15087 15066 15088
15051 15050 15086
15017 15077 15031
15031 15018 15017
14998 15086 15050
15089 15090 15091
15089 15091 15092
15093 15094 15095
15093 15095 15096
15093 15096 15097
15092 15096 15095
15092 15095 15089
15089 15098 15090
15099 15091 15100
15100 15091 15101
15091 15102 15092
15103 15104 15105
15106 15107 15108
15096 15092 15102
15096 15102 15107
15096 15107 15104
15096 15104 15097
15109 15110 15111
15109 15111 15112
15113 15112 15114
15114 15112 15115
15114 15116 15117
15114 15117 15118
15114 15118 15113
15119 15118 15117
15119 15117 15120
15120 15121 15122
15123 15112 15124
15125 15126 15127
15113 15126 15112
15127 15126 15128
15129 15130 15131
15119 15132 15130
15119 15130 15118
15118 15130 15126
15118 15126 15113
15133 15134 15135
15133 15135 15136
15137 15138 15139
15137 15139 15140
15141 15142 15143
15144 15110 15109
15145 15146 15134
15145 15134 15133
15147 15136 15135
15147 15135 15148
15149 15150 15138
15149 15138 15137
15151 15152 15153
15151 15153 15154
15146 15145 15155
15146 15155 15156
15157 15158 15159
15157 15159 15160
15161 15153 15152
15161 15152 15162
15163 15164 15165
15165 15166 15163
15165 15167 15166
15168 15109 15169
15141 15143 15170
15170 15143 15171
15144 15109 15168
15143 15091 15172
15143 15172 15171
15125 15112 15126
15148 15165 15164
15148 15164 15147
15089 15095 15098
15116 15173 15117
15114 15115 15116
15095 15174 15098
15120 15117 15175
15094 15174 15095
15117 15173 15175
15090 15172 15091
15112 15111 15115
15120 15175 15121
15162 15150 15149
15162 15149 15161
15126 15130 15128
15130 15129 15128
15102 15099 15108
15099 15102 15091
15154 15176 15151
15107 15102 15108
15107 15106 15105
15104 15107 15105
15130 15132 15131
15132 15177 15131
15140 15139 15158
15140 15158 15157
15091 15178 15101
15112 15125 15124
15160 15159 15179
15160 15179 15180
15142 15178 15143
15109 15123 15169
15123 15109 15112
15091 15143 15178
15181 15182 15183
15181 15183 15184
15185 15186 15187
15183 15188 15184
15189 15190 15191
15189 15191 15192
15193 15194 15195
15193 15195 15196
15190 15189 15196
15190 15196 15195
15197 15198 15199
15197 15199 15200
15201 15202 15203
15204 15205 15202
15206 15207 15208
15206 15208 15209
15207 15210 15208
15211 15212 15213
15211 15213 15214
15212 15206 15209
15212 15209 15213
15215 15210 15216
15217 15218 15219
15217 15219 15220
15221 15222 15223
15224 15191 15190
15225 15191 15226
15227 15228 15194
15224 15190 15229
15230 15208 15210
15231 15209 15232
15231 15233 15209
15234 15214 15235
15184 15189 15192
15184 15192 15181
15236 15193 15196
15236 15196 15186
15189 15184 15186
15189 15186 15196
15210 15207 15199
15206 15200 15199
15206 15199 15207
15200 15206 15212
15200 15212 15202
15211 15203 15202
15211 15202 15212
15219 15218 15237
15219 15237 15238
15239 15221 15223
15239 15223 15240
15241 15242 15243
15241 15243 15244
15245 15246 15247
15245 15247 15248
15249 15250 15251
15252 15253 15210
15215 15252 15210
15230 15232 15208
15238 15237 15254
15238 15254 15255
15256 15239 15240
15256 15240 15257
15233 15213 15209
15233 15235 15213
15195 15258 15229
15190 15195 15229
15228 15258 15195
15228 15195 15194
15214 15213 15235
15205 15200 15202
15205 15197 15200
15188 15186 15184
15188 15187 15186
15255 15254 15259
15255 15259 15260
15243 15256 15257
15243 15257 15244
15203 15261 15201
15185 15236 15186
15201 15204 15202
15262 15263 15264
15262 15264 15265
15266 15267 15217
15266 15217 15220
15199 15198 15268
15210 15199 15268
15192 15191 15269
15192 15269 15270
15271 15182 15181
15271 15181 15272
15247 15267 15266
15247 15266 15248
15250 15273 15251
15210 15268 15216
15253 15230 15210
15265 15271 15272
15265 15272 15262
15192 15270 15272
15192 15272 15181
15270 15269 15274
15262 15270 15274
15272 15270 15262
15269 15275 15274
15274 15276 15277
15274 15277 15278
15262 15274 15278
15262 15278 15263
15269 15225 15275
15275 15276 15274
15273 15222 15279
15273 15279 15251
15249 15280 15250
15221 15279 15222
15225 15269 15191
15224 15226 15191
15209 15208 15232
15281 15282 15283
15281 15283 15284
15285 15286 15287
15281 15284 15288
15289 15290 15291
15289 15291 15292
15293 15294 15295
15293 15295 15296
15292 15295 15294
15292 15294 15289
15297 15298 15299
15297 15299 15300
15301 15302 15303
15304 15303 15305
15306 15307 15308
15306 15308 15309
15309 15308 15310
15311 15312 15313
15311 15313 15314
15314 15313 15307
15314 15307 15306
15315 15316 15310
15317 15318 15319
15317 15319 15320
15321 15322 15323
15324 15292 15291
15325 15326 15291
15327 15296 15328
15324 15329 15292
15330 15310 15308
15331 15332 15307
15331 15307 15333
15334 15335 15312
15284 15283 15290
15284 15290 15289
15336 15287 15294
15336 15294 15293
15289 15294 15287
15289 15287 15284
15310 15299 15309
15306 15309 15299
15306 15299 15298
15298 15303 15314
15298 15314 15306
15311 15314 15303
15311 15303 15302
15337 15320 15319
15337 15319 15338
15339 15340 15322
15339 15322 15321
15341 15342 15343
15341 15343 15344
15345 15346 15347
15345 15347 15348
15349 15350 15351
15352 15310 15353
15315 15310 15352
15330 15308 15332
15354 15337 15338
15354 15338 15355
15356 15357 15340
15356 15340 15339
15333 15307 15313
15333 15313 15335
15295 15329 15358
15292 15329 15295
15328 15295 15358
15328 15296 15295
15312 15335 15313
15305 15303 15298
15305 15298 15297
15288 15284 15287
15288 15287 15286
15359 15354 15355
15359 15355 15360
15341 15344 15357
15341 15357 15356
15302 15301 15361
15285 15287 15336
15301 15303 15304
15362 15363 15364
15362 15364 15365
15317 15366 15367
15317 15367 15318
15299 15368 15300
15310 15368 15299
15290 15369 15370
15290 15370 15291
15371 15372 15283
15371 15283 15282
15347 15346 15367
15347 15367 15366
15351 15350 15373
15310 15316 15368
15353 15310 15330
15365 15364 15372
15365 15372 15371
15372 15369 15290
15372 15290 15283
15369 15374 15370
15364 15374 15369
15372 15364 15369
15370 15374 15375
15374 15376 15377
15374 15377 15378
15364 15363 15376
15364 15376 15374
15370 15375 15325
15375 15374 15378
15373 15379 15323
15373 15350 15379
15349 15351 15380
15321 15323 15379
15325 15291 15370
15324 15291 15326
15307 15332 15308
15381 15382 15383
15381 15383 15384
15382 15385 15386
15382 15386 15383
15385 15387 15386
15388 15389 15390
15391 15392 15393
15391 15393 15394
15395 15396 15394
15395 15394 15393
15397 15398 15399
15397 15399 15400
15392 15391 15400
15392 15400 15399
15401 15402 15403
15401 15403 15404
15405 15404 15403
15405 15403 15406
15405 15406 15407
15408 15407 15409
15410 15411 15412
15410 15412 15413
15411 15414 15415
15411 15415 15412
15416 15417 15418
15416 15418 15419
15417 15410 15413
15417 15413 15418
15420 15421 15422
15420 15422 15423
15424 15425 15426
15424 15426 15427
15428 15429 15430
15428 15430 15431
15432 15433 15434
15435 15395 15436
15437 15392 15438
15415 15414 15439
15440 15439 15441
15440 15441 15442
15443 15444 15413
15443 15413 15412
15445 15419 15446
15386 15391 15394
15386 15394 15383
15396 15384 15383
15396 15383 15394
15390 15397 15400
15390 15400 15447
15391 15386 15447
15391 15447 15400
15384 15396 15448
15449 15448 15450
15449 15450 15451
15402 15414 15411
15402 15411 15403
15410 15406 15403
15410 15403 15411
15406 15410 15417
15406 15417 15409
15416 15452 15409
15416 15409 15417
15392 15437 15453
15392 15453 15393
15398 15454 15399
15455 15415 15439
15455 15439 15456
15415 15455 15443
15415 15443 15412
15413 15457 15418
15384 15448 15458
15384 15458 15381
15459 15441 15402
15459 15402 15401
15423 15460 15461
15423 15461 15420
15462 15450 15395
15462 15395 15435
15460 15424 15427
15460 15427 15461
15425 15463 15464
15425 15464 15426
15465 15429 15428
15465 15428 15466
15467 15434 15468
15469 15470 15471
15469 15471 15472
15471 15473 15474
15471 15474 15472
15463 15475 15476
15463 15476 15464
15440 15456 15439
15449 15458 15448
15441 15459 15442
15450 15462 15451
15414 15441 15439
15396 15450 15448
15396 15395 15450
15414 15402 15441
15409 15477 15408
15447 15387 15478
15406 15409 15407
15387 15447 15386
15473 15467 15468
15473 15468 15474
15399 15479 15438
15392 15399 15438
15413 15444 15457
15457 15446 15418
15390 15447 15388
15409 15452 15477
15447 15478 15388
15475 15480 15481
15475 15481 15476
15398 15482 15454
15454 15479 15399
15419 15418 15446
15393 15453 15436
15395 15393 15436
15465 15466 15433
15432 15465 15433
15467 15432 15434
15483 15484 15485
15483 15485 15486
15486 15485 15487
15486 15487 15488
15488 15487 15489
15490 15491 15492
15493 15494 15495
15493 15495 15496
15497 15495 15494
15497 15494 15498
15499 15500 15501
15499 15501 15502
15496 15501 15500
15496 15500 15493
15503 15504 15505
15503 15505 15506
15507 15508 15505
15507 15505 15504
15507 15509 15508
15510 15511 15509
15512 15513 15514
15512 15514 15515
15515 15514 15516
15515 15516 15517
15518 15519 15520
15518 15520 15521
15521 15520 15513
15521 15513 15512
15522 15523 15524
15522 15524 15525
15526 15527 15528
15526 15528 15529
15530 15531 15532
15530 15532 15533
15534 15535 15536
15537 15538 15497
15539 15540 15496
15516 15541 15517
15542 15543 15544
15542 15544 15541
15513 15545 15546
15513 15546 15514
15547 15548 15519
15487 15485 15494
15487 15494 15493
15498 15494 15485
15498 15485 15484
15491 15549 15500
15491 15500 15499
15493 15500 15549
15493 15549 15487
15484 15550 15498
15551 15552 15553
15551 15553 15550
15506 15505 15515
15506 15515 15517
15512 15515 15505
15512 15505 15508
15508 15511 15521
15508 15521 15512
15518 15521 15511
15518 15511 15554
15496 15495 15555
15496 15555 15539
15502 15501 15556
15541 15516 15557
15541 15557 15558
15516 15514 15546
15516 15546 15557
15513 15520 15559
15484 15483 15560
15484 15560 15550
15506 15544 15561
15506 15561 15503
15523 15522 15562
15523 15562 15563
15497 15553 15564
15497 15564 15537
15563 15562 15527
15563 15527 15526
15529 15528 15565
15529 15565 15566
15567 15568 15532
15567 15532 15531
15569 15570 15535
15571 15572 15573
15571 15573 15574
15571 15574 15575
15571 15575 15576
15566 15565 15577
15566 15577 15578
15542 15541 15558
15551 15550 15560
15544 15543 15561
15553 15552 15564
15517 15541 15544
15498 15550 15553
15498 15553 15497
15517 15544 15506
15511 15510 15579
15549 15580 15489
15508 15509 15511
15489 15487 15549
15576 15575 15570
15576 15570 15569
15501 15540 15581
15496 15540 15501
15513 15559 15545
15559 15520 15548
15491 15490 15549
15511 15579 15554
15549 15490 15580
15578 15577 15582
15578 15582 15583
15502 15556 15584
15556 15501 15581
15519 15548 15520
15495 15538 15555
15497 15538 15495
15567 15536 15568
15534 15536 15567
15569 15535 15534
15585 15586 15587
15585 15587 15588
15588 15587 15589
15588 15589 15590
15590 15589 15591
15590 15591 15592
15592 15591 15593
15592 15593 15594
15594 15593 15595
15594 15595 15596
15596 15595 15597
15596 15597 15598
15599 15600 15601
15599 15601 15602
15603 15599 15602
15603 15602 15604
15605 15603 15604
15605 15604 15606
15607 15605 15606
15607 15606 15608
15609 15607 15608
15609 15608 15610
15611 15609 15610
15611 15610 15612
15613 15614 15615
15613 15615 15616
15617 15618 15619
15617 15619 15620
15621 15622 15614
15621 15614 15613
15620 15619 15623
15620 15623 15624
15625 15626 15622
15625 15622 15621
15624 15623 15627
15624 15627 15628
15629 15630 15626
15629 15626 15625
15628 15627 15631
15628 15631 15632
15633 15634 15630
15633 15630 15629
15632 15631 15635
15632 15635 15636
15637 15638 15634
15637 15634 15633
15636 15635 15639
15636 15639 15640
15641 15642 15643
15641 15643 15644
15642 15645 15646
15642 15646 15643
15645 15647 15648
15645 15648 15646
15647 15649 15650
15647 15650 15648
15649 15651 15652
15649 15652 15650
15651 15653 15654
15651 15654 15652
15655 15656 15657
15655 15657 15658
15659 15660 15656
15659 15656 15655
15661 15662 15660
15661 15660 15659
15663 15664 15662
15663 15662 15661
15665 15666 15664
15665 15664 15663
15667 15668 15666
15667 15666 15665
15669 15670 15671
15669 15671 15672
15673 15674 15675
15673 15675 15676
15677 15669 15672
15677 15672 15678
15674 15679 15680
15674 15680 15675
15681 15677 15678
15681 15678 15682
15679 15683 15684
15679 15684 15680
15685 15681 15682
15685 15682 15686
15683 15687 15688
15683 15688 15684
15689 15685 15686
15689 15686 15690
15687 15691 15692
15687 15692 15688
15693 15689 15690
15693 15690 15694
15691 15695 15696
15691 15696 15692
15697 15698 15699
15697 15699 15700
15697 15700 15701
15697 15701 15702
15703 15702 15701
15703 15701 15704
15705 15706 15707
15705 15707 15708
15709 15708 15707
15709 15707 15710
15711 15712 15713
15705 15703 15704
15705 15704 15706
15711 15714 15715
15711 15713 15714
15713 15712 15716
15716 15712 15717
15718 15719 15720
15718 15721 15722
15718 15722 15719
15719 15723 15720
15723 15724 15720
15725 15726 15727
15728 15729 15730
15728 15730 15731
15732 15733 15734
15735 15736 15737
15735 15737 15738
15739 15740 15741
15739 15741 15742
15743 15744 15745
15743 15745 15746
15747 15748 15732
15747 15732 15734
15749 15750 15751
15747 15752 15753
15754 15755 15756
15754 15756 15734
15739 15736 15735
15739 15735 15740
15757 15758 15759
15760 15761 15737
15734 15756 15752
15734 15752 15747
15752 15762 15763
15752 15763 15764
15755 15765 15756
15764 15763 15766
15764 15766 15767
15756 15762 15752
15768 15757 15759
15768 15759 15769
15731 15730 15770
15731 15770 15771
15772 15764 15767
15772 15767 15773
15726 15774 15775
15776 15736 15739
15777 15778 15737
15777 15737 15776
15779 15780 15781
15782 15783 15784
15768 15785 15757
15777 15776 15786
15766 15787 15769
15766 15769 15767
15779 15788 15789
15790 15791 15792
15779 15781 15742
15775 15793 15788
15775 15788 15727
15774 15744 15743
15750 15728 15751
15794 15751 15728
15794 15728 15795
15796 15797 15782
15796 15782 15784
15785 15746 15796
15798 15768 15769
15798 15769 15787
15799 15793 15800
15799 15800 15798
15785 15768 15798
15786 15776 15781
15786 15781 15780
15791 15727 15792
15791 15725 15727
15727 15788 15779
15727 15779 15792
15789 15788 15793
15789 15793 15799
15774 15743 15775
15750 15729 15728
15757 15801 15758
15770 15802 15803
15770 15803 15771
15752 15764 15753
15764 15772 15753
15785 15796 15784
15733 15754 15734
15733 15804 15754
15759 15758 15805
15746 15745 15797
15746 15797 15796
15743 15800 15793
15743 15793 15775
15743 15746 15800
15800 15785 15798
15737 15736 15776
15737 15761 15738
15760 15737 15778
15760 15778 15806
15746 15785 15800
15726 15775 15727
15779 15789 15780
15742 15741 15790
15742 15790 15792
15742 15781 15739
15779 15742 15792
15776 15739 15781
15756 15765 15762
15807 15808 15809
15810 15811 15812
15810 15812 15813
15814 15815 15816
15817 15818 15819
15817 15819 15820
15821 15822 15823
15821 15823 15824
15825 15826 15827
15825 15827 15828
15814 15829 15830
15814 15830 15815
15831 15832 15833
15830 15834 15835
15836 15815 15837
15836 15837 15838
15817 15820 15823
15817 15823 15822
15839 15840 15841
15842 15819 15843
15815 15830 15835
15815 15835 15837
15835 15844 15845
15835 15845 15846
15838 15837 15847
15844 15848 15849
15844 15849 15845
15837 15835 15846
15850 15851 15840
15850 15840 15839
15852 15812 15811
15852 15811 15853
15848 15844 15854
15848 15854 15855
15809 15856 15857
15858 15823 15820
15859 15858 15819
15859 15819 15860
15861 15862 15863
15864 15865 15866
15850 15839 15867
15859 15868 15858
15851 15869 15849
15851 15849 15848
15861 15870 15871
15872 15873 15874
15861 15824 15862
15871 15875 15856
15871 15856 15808
15857 15827 15826
15833 15832 15810
15810 15832 15876
15810 15876 15877
15864 15878 15879
15864 15879 15865
15867 15879 15828
15851 15850 15880
15851 15880 15869
15881 15875 15882
15881 15882 15880
15867 15880 15850
15862 15858 15868
15862 15868 15863
15874 15873 15808
15874 15808 15807
15861 15871 15808
15861 15808 15873
15875 15871 15870
15875 15870 15882
15857 15856 15827
15833 15810 15813
15839 15841 15883
15852 15853 15884
15852 15884 15885
15835 15834 15844
15844 15834 15854
15867 15865 15879
15816 15815 15836
15816 15836 15886
15840 15887 15841
15878 15825 15828
15878 15828 15879
15875 15881 15827
15875 15827 15856
15827 15881 15828
15881 15880 15867
15819 15858 15820
15819 15818 15843
15860 15819 15842
15860 15842 15888
15828 15881 15867
15809 15808 15856
15861 15863 15870
15824 15873 15872
15824 15872 15821
15824 15823 15862
15861 15873 15824
15858 15862 15823
15837 15846 15847
15889 15890 15891
15892 15893 15894
15892 15894 15895
15896 15897 15898
15899 15900 15901
15899 15901 15902
15899 15903 15904
15899 15904 15905
15906 15907 15908
15906 15908 15909
15910 15911 15896
15912 15913 15902
15914 15915 15895
15914 15895 15916
15917 15906 15914
15903 15918 15919
15903 15919 15904
15910 15917 15920
15910 15920 15921
15922 15923 15924
15922 15924 15925
15913 15926 15918
15913 15918 15903
15927 15928 15919
15929 15927 15918
15920 15930 15931
15920 15931 15921
15920 15917 15914
15920 15914 15932
15933 15934 15935
15936 15899 15905
15937 15938 15939
15940 15941 15942
15943 15940 15934
15914 15916 15932
15944 15945 15915
15889 15891 15946
15889 15946 15947
15948 15949 15950
15951 15949 15948
15951 15948 15952
15953 15954 15955
15956 15949 15957
15897 15958 15898
15950 15949 15956
15950 15956 15931
15959 15960 15961
15913 15903 15902
15962 15941 15943
15963 15964 15942
15925 15965 15966
15925 15966 15922
15951 15952 15946
15951 15946 15891
15909 15944 15915
15909 15915 15906
15932 15967 15930
15932 15930 15920
15968 15937 15969
15970 15971 15972
15970 15972 15925
15903 15899 15902
15973 15974 15975
15917 15907 15906
15906 15915 15914
15910 15898 15907
15910 15907 15917
15956 15911 15910
15955 15976 15911
15955 15911 15957
15957 15911 15956
15894 15893 15977
15894 15977 15963
15978 15941 15916
15979 15973 15980
15954 15981 15976
15954 15976 15955
15958 15907 15898
15958 15908 15907
15890 15953 15955
15890 15955 15891
15891 15955 15957
15891 15957 15951
15945 15895 15915
15980 15939 15938
15980 15938 15979
15982 15912 15902
15960 15983 15984
15969 15985 15986
15969 15986 15968
15945 15892 15895
15949 15951 15957
15981 15987 15976
15932 15962 15967
15962 15932 15941
15943 15941 15940
15934 15940 15935
15897 15896 15987
15896 15911 15976
15910 15896 15898
15987 15896 15976
15929 15918 15926
15904 15919 15923
15904 15923 15922
15927 15919 15918
15919 15928 15923
15905 15904 15922
15905 15922 15966
15978 15894 15963
15937 15939 15969
15925 15972 15965
15988 15989 15985
15964 15990 15988
15916 15895 15894
15916 15941 15932
15916 15894 15978
15940 15942 15991
15942 15941 15978
15963 15942 15978
15988 15992 15993
15988 15990 15992
15988 15993 15994
15988 15994 15995
15988 15995 15996
15988 15996 15989
15985 15989 15986
15910 15921 15956
15921 15931 15956
15977 15990 15964
15977 15964 15963
15942 15964 15988
15997 15998 15999
16000 16001 16002
16000 16002 16003
16004 16005 16006
16007 16008 16009
16007 16009 16010
16009 16011 16012
16009 16012 16013
16014 16015 16016
16014 16016 16017
16018 16004 16019
16020 16010 16021
16022 16023 16001
16022 16001 16024
16025 16022 16016
16013 16012 16026
16013 16026 16027
16028 16025 16018
16028 16018 16029
16030 16031 16032
16030 16032 16033
16021 16013 16027
16021 16027 16034
16035 16026 16036
16037 16027 16035
16038 16039 16028
16038 16028 16029
16028 16040 16022
16028 16022 16025
16041 16042 16043
16044 16011 16009
16045 16046 16047
16048 16049 16050
16051 16043 16048
16022 16040 16023
16052 16024 16053
16054 15998 15997
16054 15997 16055
16056 16057 16058
16056 16058 16059
16056 16059 16060
16061 16062 16063
16064 16065 16058
16006 16005 16066
16057 16038 16064
16057 16064 16058
16067 16068 16069
16021 16010 16013
16070 16051 16050
16071 16049 16072
16073 16074 16031
16073 16031 16030
16054 16060 16059
16054 16059 15998
16017 16016 16024
16017 16024 16052
16040 16028 16039
16040 16039 16075
16076 16077 16045
16078 16079 16080
16078 16080 16031
16013 16010 16009
16081 16082 16083
16025 16016 16015
16016 16022 16024
16015 16005 16018
16015 16018 16025
16064 16018 16019
16062 16065 16019
16062 16019 16084
16065 16064 16019
16002 16071 16085
16002 16085 16003
16086 16023 16050
16087 16088 16081
16063 16062 16084
16063 16084 16089
16066 16005 16015
16066 16015 16014
15999 15998 16062
15999 16062 16061
15998 16059 16065
15998 16065 16062
16053 16024 16001
16088 16087 16047
16088 16047 16046
16090 16010 16020
16069 16091 16092
16077 16076 16093
16077 16093 16094
16053 16001 16000
16058 16065 16059
16089 16084 16095
16040 16075 16070
16070 16050 16040
16051 16048 16050
16043 16042 16048
16006 16095 16004
16004 16084 16019
16018 16005 16004
16095 16084 16004
16037 16034 16027
16012 16030 16033
16012 16033 16026
16035 16027 16026
16026 16033 16036
16011 16073 16030
16011 16030 16012
16086 16071 16002
16045 16077 16046
16031 16074 16078
16096 16094 16097
16072 16096 16098
16023 16002 16001
16023 16040 16050
16023 16086 16002
16048 16099 16049
16049 16086 16050
16071 16086 16049
16096 16100 16101
16096 16101 16098
16096 16102 16100
16096 16103 16102
16096 16104 16103
16096 16097 16104
16094 16093 16097
16018 16064 16029
16029 16064 16038
16072 16098 16085
16072 16085 16071
16049 16096 16072
16105 16106 16107
16105 16107 16108
16109 16110 16111
16112 16113 16114
16112 16114 16115
16116 16117 16118
16116 16118 16119
16120 16121 16122
16120 16122 16123
16124 16118 16125
16124 16125 16126
16127 16114 16128
16127 16128 16129
16130 16115 16131
16132 16122 16133
16134 16135 16136
16134 16136 16137
16138 16139 16140
16141 16142 16143
16141 16143 16144
16145 16142 16141
16145 16141 16146
16147 16148 16149
16138 16150 16151
16138 16151 16152
16134 16153 16154
16134 16154 16135
16138 16152 16155
16138 16155 16139
16141 16144 16156
16141 16156 16157
16146 16141 16157
16152 16151 16158
16152 16158 16159
16151 16160 16158
16142 16127 16129
16142 16129 16143
16131 16127 16142
16131 16142 16145
16137 16136 16161
16137 16161 16162
16163 16128 16164
16165 16133 16166
16165 16166 16149
16119 16118 16167
16168 16125 16118
16168 16118 16117
16169 16125 16170
16136 16135 16171
16172 16173 16162
16172 16162 16161
16174 16112 16115
16174 16115 16130
16131 16115 16127
16127 16115 16114
16140 16175 16176
16140 16176 16177
16176 16178 16179
16180 16181 16165
16178 16176 16182
16183 16134 16137
16183 16137 16184
16137 16162 16108
16185 16153 16134
16185 16134 16183
16152 16159 16186
16152 16186 16155
16187 16188 16153
16189 16190 16191
16189 16191 16192
16110 16193 16190
16125 16169 16126
16111 16110 16194
16160 16151 16169
16160 16169 16170
16181 16195 16196
16176 16179 16177
16197 16177 16179
16191 16198 16140
16191 16140 16177
16177 16197 16191
16191 16197 16192
16198 16138 16140
16110 16199 16200
16132 16196 16201
16202 16203 16204
16202 16204 16205
16105 16108 16206
16184 16137 16108
16184 16108 16107
16135 16154 16207
16135 16207 16208
16154 16188 16209
16153 16185 16187
16123 16122 16201
16154 16209 16207
16153 16188 16154
16210 16161 16211
16211 16161 16136
16211 16136 16171
16206 16108 16162
16206 16162 16173
16172 16161 16210
16212 16205 16204
16205 16213 16214
16205 16214 16202
16171 16135 16208
16210 16211 16212
16121 16215 16122
16181 16196 16132
16167 16118 16216
16164 16128 16114
16164 16114 16113
16139 16175 16140
16110 16200 16126
16169 16150 16193
16169 16193 16126
16217 16216 16124
16218 16217 16200
16200 16124 16126
16217 16124 16200
16110 16109 16199
16189 16194 16110
16189 16110 16190
16200 16199 16218
16118 16124 16216
16168 16117 16181
16168 16181 16180
16116 16195 16117
16195 16181 16117
16215 16202 16122
16133 16122 16202
16133 16202 16214
16176 16219 16182
16144 16143 16139
16144 16139 16155
16143 16129 16175
16143 16175 16139
16156 16144 16155
16156 16155 16186
16219 16176 16175
16175 16129 16219
16219 16128 16163
16219 16163 16182
16129 16128 16219
16193 16198 16191
16193 16191 16190
16150 16169 16151
16150 16138 16198
16150 16198 16193
16110 16126 16193
16168 16180 16148
16168 16148 16170
16170 16148 16147
16170 16147 16160
16160 16147 16220
16160 16220 16158
16215 16203 16202
16133 16214 16221
16133 16221 16166
16214 16213 16208
16214 16208 16221
16221 16208 16207
16221 16207 16222
16222 16207 16209
16222 16209 16223
16166 16221 16222
16205 16211 16171
16205 16171 16213
16213 16171 16208
16212 16211 16205
16125 16168 16170
16220 16147 16222
16220 16222 16223
16122 16132 16201
16180 16165 16149
16180 16149 16148
16165 16132 16133
16165 16181 16132
16222 16149 16166
16147 16149 16222
16224 16225 16226
16224 16226 16227
16228 16229 16230
16231 16232 16233
16231 16233 16234
16235 16236 16237
16235 16237 16238
16239 16240 16241
16239 16242 16240
16243 16244 16245
16243 16245 16237
16246 16231 16247
16246 16247 16248
16249 16250 16234
16251 16252 16240
16253 16254 16255
16253 16255 16256
16257 16258 16259
16260 16261 16262
16260 16262 16263
16264 16265 16262
16264 16262 16261
16266 16267 16268
16257 16269 16270
16257 16270 16271
16272 16273 16253
16272 16253 16256
16274 16269 16257
16274 16257 16259
16262 16275 16276
16262 16276 16263
16265 16275 16262
16269 16277 16278
16269 16278 16270
16270 16278 16279
16248 16247 16261
16248 16261 16260
16250 16264 16261
16250 16261 16247
16254 16280 16281
16254 16281 16255
16282 16283 16246
16284 16252 16285
16284 16285 16267
16236 16286 16237
16237 16245 16287
16237 16287 16238
16288 16289 16245
16255 16290 16256
16280 16291 16292
16280 16292 16281
16234 16233 16293
16234 16293 16249
16250 16247 16234
16247 16231 16234
16294 16295 16258
16294 16258 16296
16294 16297 16298
16299 16285 16300
16298 16301 16294
16254 16253 16302
16254 16302 16303
16254 16227 16280
16304 16302 16253
16304 16253 16273
16305 16277 16269
16305 16269 16274
16306 16273 16307
16308 16309 16310
16308 16310 16311
16230 16311 16312
16245 16244 16288
16229 16313 16230
16279 16289 16288
16279 16288 16270
16300 16314 16315
16294 16296 16297
16316 16297 16296
16310 16296 16258
16310 16258 16317
16296 16310 16316
16310 16309 16316
16317 16258 16257
16230 16318 16319
16251 16320 16314
16321 16322 16323
16321 16323 16324
16226 16325 16227
16227 16254 16303
16227 16303 16224
16256 16326 16327
16256 16327 16272
16272 16328 16307
16273 16306 16304
16242 16320 16240
16272 16327 16328
16273 16272 16307
16329 16330 16281
16255 16281 16330
16255 16330 16290
16325 16291 16280
16325 16280 16227
16292 16329 16281
16331 16323 16322
16332 16333 16322
16332 16322 16321
16290 16326 16256
16329 16331 16330
16241 16240 16334
16300 16251 16314
16286 16335 16237
16283 16232 16231
16283 16231 16246
16259 16258 16295
16230 16244 16318
16288 16244 16312
16288 16312 16271
16336 16243 16335
16337 16318 16336
16318 16244 16243
16336 16318 16243
16230 16319 16228
16308 16311 16230
16308 16230 16313
16318 16337 16319
16237 16335 16243
16300 16238 16287
16300 16287 16299
16235 16238 16315
16315 16238 16300
16334 16240 16321
16321 16240 16252
16321 16252 16332
16294 16301 16338
16259 16260 16263
16259 16263 16274
16295 16248 16260
16295 16260 16259
16274 16263 16276
16274 16276 16305
16338 16295 16294
16295 16338 16248
16338 16282 16246
16338 16301 16282
16248 16338 16246
16312 16311 16310
16312 16310 16317
16271 16270 16288
16271 16312 16317
16271 16317 16257
16230 16312 16244
16287 16289 16268
16287 16268 16299
16289 16279 16266
16289 16266 16268
16279 16278 16339
16279 16339 16266
16334 16321 16324
16252 16284 16340
16252 16340 16332
16332 16340 16326
16332 16326 16333
16340 16341 16327
16340 16327 16326
16341 16342 16328
16341 16328 16327
16284 16341 16340
16322 16333 16290
16322 16290 16330
16333 16326 16290
16331 16322 16330
16245 16289 16287
16341 16266 16339
16341 16339 16342
16240 16320 16251
16267 16285 16299
16267 16299 16268
16285 16252 16251
16285 16251 16300
16341 16284 16267
16266 16341 16267
16343 16344 16345
16343 16345 16346
16347 16348 16349
16347 16349 16350
16351 16343 16346
16351 16346 16352
16352 16347 16350
16352 16350 16351
16353 16354 16355
16353 16355 16356
16357 16358 16359
16357 16359 16360
16361 16362 16363
16361 16363 16364
16344 16363 16362
16344 16362 16345
16365 16366 16367
16365 16367 16368
16369 16370 16371
16369 16371 16372
16373 16374 16375
16376 16377 16378
16376 16378 16379
16380 16381 16382
16380 16382 16383
16384 16385 16386
16384 16386 16387
16388 16389 16390
16388 16390 16391
16392 16381 16393
16392 16393 16394
16381 16380 16395
16381 16395 16393
16380 16384 16396
16380 16396 16395
16397 16377 16376
16397 16376 16398
16399 16400 16401
16399 16401 16402
16403 16404 16405
16403 16405 16406
16407 16400 16399
16407 16399 16408
16409 16410 16411
16409 16411 16412
16413 16405 16414
16413 16414 16415
16416 16417 16418
16419 16420 16421
16419 16421 16422
16423 16424 16425
16423 16425 16426
16427 16428 16429
16427 16429 16430
16431 16407 16408
16431 16408 16432
16410 16433 16434
16410 16434 16411
16413 16415 16435
16413 16435 16427
16436 16437 16425
16436 16425 16424
16438 16418 16439
16440 16441 16442
16440 16442 16443
16444 16445 16446
16444 16446 16447
16448 16449 16450
16448 16450 16451
16452 16453 16454
16452 16454 16455
16456 16457 16458
16456 16458 16459
16442 16460 16461
16442 16461 16443
16462 16463 16444
16462 16444 16464
16465 16420 16457
16465 16457 16456
16466 16467 16468
16466 16468 16469
16470 16471 16472
16467 16466 16473
16467 16473 16474
16475 16470 16472
16475 16472 16476
16477 16478 16479
16477 16479 16480
16437 16436 16481
16437 16481 16482
16438 16439 16483
16484 16485 16486
16484 16486 16487
16474 16473 16488
16474 16488 16489
16490 16475 16476
16490 16476 16491
16492 16485 16484
16492 16484 16477
16493 16494 16495
16493 16495 16496
16497 16494 16498
16497 16498 16499
16438 16483 16500
16438 16500 16501
16494 16493 16502
16494 16502 16503
16504 16505 16506
16504 16506 16507
16508 16509 16510
16508 16510 16511
16510 16512 16499
16510 16499 16498
16500 16513 16514
16500 16514 16515
16516 16517 16514
16516 16514 16507
16511 16518 16519
16511 16519 16508
16503 16520 16521
16522 16523 16524
16522 16524 16525
16526 16527 16465
16526 16465 16528
16529 16530 16365
16529 16365 16531
16532 16533 16534
16532 16534 16535
16535 16534 16536
16537 16524 16523
16537 16523 16538
16537 16539 16530
16537 16530 16529
16540 16541 16542
16540 16542 16543
16544 16540 16543
16544 16543 16545
16546 16506 16505
16546 16505 16547
16548 16549 16414
16548 16414 16550
16549 16551 16415
16549 16415 16414
16435 16423 16426
16435 16426 16552
16435 16415 16551
16435 16551 16423
16553 16470 16466
16553 16466 16469
16554 16496 16492
16554 16492 16555
16485 16492 16496
16485 16496 16495
16556 16557 16558
16556 16558 16559
16560 16440 16443
16560 16443 16561
16446 16448 16451
16446 16451 16447
16562 16563 16564
16562 16564 16461
16443 16461 16564
16443 16564 16561
16447 16451 16565
16447 16565 16566
16420 16567 16568
16569 16436 16424
16481 16436 16569
16406 16570 16571
16406 16571 16403
16572 16460 16573
16572 16573 16574
16462 16575 16576
16462 16576 16463
16577 16442 16441
16577 16441 16578
16579 16580 16581
16579 16581 16582
16583 16584 16585
16583 16585 16586
16587 16538 16523
16587 16523 16588
16384 16380 16383
16384 16383 16385
16387 16386 16589
16387 16589 16590
16591 16519 16518
16591 16518 16592
16445 16444 16463
16445 16463 16593
16566 16464 16444
16566 16444 16447
16594 16595 16596
16572 16597 16460
16413 16598 16406
16413 16406 16405
16427 16430 16598
16427 16598 16413
16477 16480 16555
16477 16555 16492
16477 16484 16599
16477 16599 16478
16600 16599 16484
16600 16484 16487
16422 16551 16549
16422 16549 16419
16422 16424 16423
16422 16423 16551
16451 16450 16568
16451 16568 16565
16481 16493 16496
16481 16496 16554
16601 16602 16603
16601 16603 16604
16528 16456 16459
16528 16459 16605
16528 16465 16456
16392 16394 16606
16607 16396 16384
16607 16384 16387
16608 16609 16610
16608 16610 16611
16391 16390 16612
16391 16612 16613
16614 16607 16387
16614 16387 16590
16584 16583 16615
16584 16615 16616
16465 16527 16421
16465 16421 16420
16449 16458 16457
16449 16457 16450
16420 16568 16450
16420 16450 16457
16601 16520 16503
16601 16503 16502
16617 16618 16586
16617 16586 16585
16602 16527 16526
16602 16526 16603
16396 16607 16363
16396 16363 16344
16357 16619 16388
16357 16388 16391
16391 16613 16358
16391 16358 16357
16356 16355 16608
16356 16608 16611
16350 16349 16620
16350 16620 16394
16393 16351 16350
16393 16350 16394
16393 16395 16343
16393 16343 16351
16344 16343 16395
16344 16395 16396
16619 16357 16360
16619 16360 16621
16622 16623 16624
16538 16625 16539
16538 16539 16537
16625 16538 16587
16625 16587 16626
16449 16448 16557
16449 16557 16617
16448 16446 16558
16448 16558 16557
16445 16596 16558
16445 16558 16446
16431 16627 16628
16431 16628 16629
16474 16483 16439
16474 16439 16467
16488 16630 16631
16488 16631 16489
16445 16593 16594
16445 16594 16596
16632 16633 16634
16632 16634 16635
16588 16523 16522
16588 16522 16636
16637 16638 16639
16610 16606 16611
16620 16349 16356
16620 16356 16611
16349 16348 16353
16349 16353 16356
16517 16516 16640
16517 16640 16641
16642 16643 16644
16645 16646 16575
16645 16575 16462
16645 16462 16464
16645 16464 16647
16464 16566 16648
16464 16648 16647
16649 16648 16566
16649 16566 16565
16650 16649 16565
16650 16565 16568
16568 16567 16651
16568 16651 16650
16651 16567 16419
16651 16419 16652
16552 16428 16427
16552 16427 16435
16653 16654 16655
16653 16655 16409
16412 16656 16409
16399 16402 16657
16399 16657 16412
16652 16419 16549
16652 16549 16548
16637 16639 16658
16637 16658 16520
16604 16637 16520
16604 16520 16601
16637 16604 16659
16637 16659 16638
16659 16603 16368
16368 16526 16528
16368 16528 16365
16528 16605 16531
16528 16531 16365
16660 16661 16432
16660 16432 16434
16660 16434 16662
16497 16663 16495
16497 16495 16494
16555 16664 16665
16555 16665 16554
16664 16555 16480
16664 16480 16666
16667 16666 16480
16667 16480 16479
16479 16668 16669
16479 16669 16667
16482 16481 16554
16482 16554 16665
16491 16670 16490
16658 16671 16672
16658 16672 16673
16674 16675 16676
16674 16676 16677
16515 16514 16517
16515 16517 16674
16678 16509 16679
16678 16679 16680
16505 16504 16681
16505 16681 16682
16599 16600 16683
16599 16683 16684
16685 16686 16687
16685 16687 16491
16476 16688 16685
16476 16685 16491
16466 16470 16475
16466 16475 16473
16689 16430 16429
16689 16429 16690
16691 16692 16693
16691 16693 16433
16410 16694 16691
16410 16691 16433
16410 16409 16655
16410 16655 16694
16411 16434 16432
16411 16432 16408
16411 16408 16399
16411 16399 16412
16550 16414 16405
16550 16405 16404
16559 16558 16596
16595 16559 16596
16597 16562 16461
16597 16461 16460
16695 16696 16697
16695 16697 16698
16607 16614 16364
16607 16364 16363
16697 16699 16700
16697 16700 16698
16701 16702 16373
16701 16373 16375
16567 16420 16419
16493 16481 16569
16493 16569 16502
16602 16601 16502
16602 16502 16569
16602 16569 16421
16602 16421 16527
16421 16569 16424
16421 16424 16422
16503 16498 16494
16498 16503 16510
16673 16521 16520
16703 16704 16705
16703 16705 16706
16381 16392 16707
16381 16707 16382
16708 16707 16606
16671 16658 16639
16671 16639 16709
16379 16709 16639
16710 16711 16712
16713 16714 16711
16713 16711 16715
16398 16610 16609
16398 16609 16397
16708 16606 16398
16710 16712 16612
16710 16612 16390
16716 16701 16717
16716 16717 16718
16719 16720 16716
16719 16716 16718
16622 16624 16719
16622 16719 16721
16417 16452 16455
16417 16455 16722
16407 16418 16417
16407 16417 16400
16723 16722 16724
16723 16724 16725
16725 16401 16400
16725 16400 16723
16439 16418 16407
16439 16407 16431
16432 16661 16627
16432 16627 16431
16629 16628 16468
16629 16468 16467
16489 16500 16483
16489 16483 16474
16489 16631 16726
16489 16726 16727
16515 16728 16501
16515 16501 16500
16728 16515 16674
16728 16674 16677
16729 16513 16727
16729 16727 16726
16417 16723 16400
16629 16439 16431
16489 16727 16500
16525 16730 16731
16525 16731 16522
16732 16369 16372
16732 16372 16733
16731 16734 16636
16731 16636 16522
16635 16634 16735
16635 16735 16736
16737 16738 16739
16737 16739 16717
16737 16632 16635
16737 16635 16738
16452 16417 16416
16452 16416 16740
16730 16525 16369
16730 16369 16732
16741 16389 16742
16388 16619 16697
16388 16697 16696
16699 16697 16619
16699 16619 16621
16702 16742 16743
16702 16743 16373
16743 16742 16744
16617 16585 16458
16617 16458 16449
16459 16458 16585
16459 16585 16584
16616 16605 16459
16616 16459 16584
16453 16452 16740
16453 16740 16745
16531 16746 16371
16736 16735 16747
16736 16747 16748
16749 16731 16730
16749 16730 16750
16751 16752 16753
16751 16753 16733
16706 16579 16582
16706 16582 16703
16750 16730 16732
16750 16732 16754
16734 16731 16749
16734 16749 16755
16733 16753 16754
16733 16754 16732
16748 16581 16580
16748 16580 16736
16756 16757 16721
16756 16721 16719
16375 16737 16717
16375 16717 16701
16632 16374 16758
16632 16758 16633
16529 16370 16524
16529 16524 16537
16738 16580 16579
16738 16579 16739
16736 16580 16738
16736 16738 16635
16759 16739 16579
16759 16579 16706
16677 16676 16760
16677 16760 16536
16677 16536 16534
16677 16534 16728
16501 16533 16622
16501 16622 16438
16721 16416 16438
16721 16438 16622
16416 16721 16757
16416 16757 16740
16761 16757 16756
16367 16366 16383
16367 16383 16382
16385 16383 16366
16385 16366 16530
16386 16385 16539
16386 16539 16625
16762 16367 16382
16762 16382 16707
16763 16762 16707
16763 16707 16708
16525 16524 16370
16525 16370 16369
16696 16744 16389
16696 16389 16388
16589 16386 16625
16589 16625 16626
16764 16741 16742
16373 16743 16765
16373 16765 16766
16767 16765 16743
16767 16743 16744
16696 16695 16767
16696 16767 16744
16370 16529 16371
16365 16530 16366
16746 16768 16769
16746 16769 16371
16659 16368 16367
16659 16367 16762
16762 16763 16638
16762 16638 16659
16379 16638 16763
16379 16763 16376
16708 16398 16376
16708 16376 16763
16706 16705 16770
16706 16770 16759
16769 16771 16772
16769 16772 16372
16733 16372 16772
16733 16772 16751
16773 16756 16774
16539 16385 16530
16674 16517 16641
16674 16641 16675
16518 16673 16672
16518 16672 16592
16518 16511 16521
16518 16521 16673
16503 16521 16511
16503 16511 16510
16720 16719 16624
16573 16460 16442
16573 16442 16577
16593 16463 16576
16593 16576 16775
16594 16776 16777
16594 16777 16595
16776 16594 16593
16776 16593 16775
16778 16779 16780
16781 16532 16535
16781 16535 16713
16714 16536 16782
16379 16378 16709
16759 16774 16718
16759 16718 16739
16720 16624 16623
16720 16623 16783
16779 16778 16741
16741 16778 16389
16784 16544 16545
16784 16545 16785
16546 16644 16786
16546 16786 16506
16785 16787 16788
16785 16788 16784
16547 16505 16789
16478 16790 16668
16478 16668 16479
16478 16599 16684
16478 16684 16790
16791 16792 16793
16791 16793 16472
16476 16472 16793
16476 16793 16688
16663 16486 16485
16663 16485 16495
16794 16630 16488
16794 16488 16490
16488 16473 16475
16488 16475 16490
16795 16598 16430
16795 16430 16689
16598 16795 16570
16598 16570 16406
16471 16791 16472
16470 16553 16471
16670 16794 16490
16491 16687 16670
16656 16653 16409
16412 16657 16656
16434 16433 16662
16433 16693 16662
16564 16563 16724
16564 16724 16722
16722 16455 16561
16722 16561 16564
16560 16561 16455
16560 16455 16454
16557 16556 16618
16557 16618 16617
16727 16513 16500
16629 16467 16439
16417 16722 16723
16796 16797 16541
16796 16541 16540
16544 16798 16796
16544 16796 16540
16679 16798 16544
16679 16544 16784
16680 16679 16784
16680 16784 16788
16513 16504 16507
16513 16507 16514
16798 16679 16509
16798 16509 16508
16507 16506 16786
16507 16786 16516
16508 16519 16796
16508 16796 16798
16796 16519 16591
16796 16591 16797
16799 16640 16516
16799 16516 16786
16512 16510 16509
16512 16509 16678
16504 16513 16729
16504 16729 16681
16745 16740 16757
16745 16757 16761
16769 16372 16371
16800 16771 16769
16800 16769 16768
16603 16526 16368
16659 16604 16603
16375 16374 16632
16375 16632 16737
16766 16758 16374
16438 16416 16418
16716 16801 16702
16716 16702 16701
16720 16764 16801
16720 16801 16716
16783 16779 16764
16783 16764 16720
16780 16779 16783
16780 16783 16781
16742 16702 16801
16389 16744 16742
16373 16766 16374
16782 16536 16760
16533 16532 16623
16533 16623 16622
16728 16534 16533
16728 16533 16501
16710 16778 16780
16710 16780 16715
16532 16781 16783
16532 16783 16623
16713 16715 16780
16713 16780 16781
16778 16390 16389
16778 16710 16390
16802 16711 16714
16802 16714 16782
16711 16802 16712
16710 16715 16711
16714 16535 16536
16714 16713 16535
16638 16379 16639
16673 16520 16658
16803 16804 16805
16803 16805 16806
16805 16804 16807
16805 16807 16808
16809 16810 16811
16809 16811 16812
16813 16814 16815
16813 16815 16816
16808 16807 16812
16808 16812 16811
16817 16818 16819
16820 16821 16822
16820 16822 16823
16824 16825 16826
16824 16826 16827
16828 16829 16830
16831 16832 16833
16832 16831 16821
16832 16821 16820
16834 16835 16836
16825 16837 16838
16825 16838 16826
16839 16840 16841
16842 16843 16844
16845 16846 16847
16845 16847 16848
16849 16850 16851
16852 16853 16854
16852 16854 16855
16856 16857 16858
16856 16858 16859
16855 16854 16848
16855 16848 16847
16860 16861 16851
16862 16863 16864
16862 16864 16865
16866 16867 16868
16866 16868 16869
16870 16871 16872
16873 16874 16862
16873 16862 16865
16875 16876 16877
16878 16879 16880
16878 16880 16881
16882 16868 16867
16882 16867 16883
16884 16885 16886
16884 16886 16887
16880 16888 16875
16880 16875 16874
16889 16875 16888
16890 16891 16892
16893 16894 16895
16893 16895 16896
16897 16898 16899
16897 16899 16900
16901 16902 16903
16901 16903 16904
16901 16905 16906
16901 16906 16902
16907 16908 16909
16910 16895 16894
16910 16894 16911
16912 16913 16897
16912 16897 16900
16914 16915 16916
16914 16916 16917
16918 16919 16920
16918 16920 16921
16922 16923 16924
16922 16924 16925
16926 16927 16928
16929 16930 16931
16929 16931 16817
16932 16820 16823
16932 16823 16933
16934 16832 16935
16934 16935 16936
16832 16820 16932
16832 16932 16935
16937 16938 16939
16937 16939 16940
16941 16942 16943
16941 16943 16944
16945 16840 16839
16945 16839 16946
16945 16947 16948
16945 16948 16840
16949 16861 16950
16951 16952 16948
16951 16948 16947
16877 16953 16954
16877 16954 16955
16867 16866 16956
16867 16956 16957
16958 16959 16888
16958 16888 16960
16961 16883 16867
16961 16867 16957
16873 16865 16962
16873 16962 16963
16964 16868 16882
16964 16882 16965
16865 16864 16966
16865 16966 16962
16869 16868 16964
16869 16964 16967
16807 16795 16689
16807 16689 16812
16804 16570 16795
16804 16795 16807
16790 16847 16846
16790 16846 16668
16684 16855 16847
16684 16847 16790
16968 16969 16793
16968 16793 16792
16577 16821 16831
16577 16831 16573
16970 16971 16775
16970 16775 16576
16818 16777 16776
16818 16776 16972
16973 16974 16975
16976 16977 16836
16978 16979 16980
16981 16982 16983
16984 16985 16986
16987 16988 16989
16990 16991 16992
16991 16990 16993
16902 16891 16994
16902 16994 16903
16893 16891 16902
16893 16902 16906
16995 16908 16915
16995 16915 16914
16925 16911 16894
16925 16894 16922
16996 16997 16998
16999 16892 16748
16999 16748 16747
16900 16899 16749
16900 16749 16750
17000 16753 16752
17000 16752 16907
16703 16582 16895
16703 16895 16910
16754 16912 16900
16754 16900 16750
16829 16828 17001
17002 17003 16977
17004 16898 16897
17004 16897 16997
16897 16913 16998
16897 16998 16997
16939 16805 16808
16939 16808 17005
17005 16808 16811
17005 16811 16941
16971 16970 16825
16971 16825 16824
16970 17006 16837
16970 16837 16825
16845 16848 16850
16845 16850 16849
16854 16860 16850
16854 16850 16848
16877 16862 16874
16877 16874 16875
16881 16880 16874
16881 16874 16873
16811 16810 16942
16811 16942 16941
16854 16853 16950
16854 16950 16860
16955 16863 16862
16955 16862 16877
16917 16916 17007
17008 16901 16904
16827 16826 17009
17010 16826 17011
16935 16932 17012
16935 17012 17003
17012 16932 16933
17012 16933 16973
17013 16931 16930
17013 16930 16829
17003 17002 16936
17003 16936 16935
17005 17014 16939
17005 16941 17015
17016 16980 16979
17016 16979 17017
16927 16937 16940
16927 16940 17018
17019 17020 16944
17019 16944 16943
17021 17022 17023
17024 17025 17026
17027 16984 17028
17025 17024 16861
17025 16861 16949
16986 16987 16947
16986 16947 16945
16986 16945 16946
16986 16946 17028
17029 17030 16917
17031 17032 17033
17034 17035 17036
16981 17037 17038
17039 17040 17041
17039 17041 16978
17042 17043 17039
17044 17045 17019
16988 16856 16859
16988 16859 16989
16985 16984 17027
16985 17027 17046
17047 17048 17049
17050 17051 17052
17053 17054 16885
17053 16885 16884
17053 16884 16990
17053 16990 16992
17055 17056 17057
16959 16958 17052
16959 17052 17058
17059 16991 16957
17059 16957 16956
16953 17060 16871
16953 16871 16954
16971 16972 16776
16971 16776 16775
16972 16971 16824
16972 16824 16819
16827 17061 16930
16827 16930 16929
16829 16930 17061
16829 17061 17062
16929 16819 16824
16929 16824 16827
16899 17063 16755
16899 16755 16749
17063 16899 16898
17063 16898 17064
17004 17065 17066
17004 17066 17067
17068 17066 17065
17068 17065 17069
16994 16891 16890
16908 16995 16909
17067 17064 16898
17067 16898 17004
16917 17070 17071
16917 17071 16914
16914 17071 16998
16914 16998 16995
16909 16995 16998
16909 16998 16913
17000 16909 16913
17000 16913 16912
16912 16754 16753
16912 16753 17000
16960 16888 16880
16960 16880 16879
17072 16882 17073
16961 17074 17075
16961 17075 16883
17074 16961 17022
17074 17022 17021
17033 17076 17077
17033 17077 17078
17078 17077 16838
17078 16838 17079
17079 16838 16837
17079 16837 17080
17006 17081 17080
17006 17080 16837
16805 16939 16938
16805 16938 16806
17082 17016 17017
17082 17017 17083
17084 17082 17083
17085 17086 16655
17085 16655 16654
17087 17088 17089
17090 17091 17092
17090 17092 17088
16982 17038 17091
16982 17091 17090
16846 17093 16669
16846 16669 16668
17093 16846 16845
17093 16845 17094
17095 17094 16845
17095 16845 16849
16849 17096 17095
16844 17097 17096
16844 17096 16842
17098 16952 17099
16951 17100 17101
16951 17101 16952
17055 17057 17100
17055 17100 16951
17102 17047 17059
17102 17059 16956
17103 17102 16956
17103 16956 16866
16866 16869 17104
17105 16869 16967
17105 16967 17106
16793 16969 17107
16793 17107 16688
17088 17108 17109
17088 17109 17090
17107 16969 16840
17107 16840 16948
16892 16891 16893
16892 16893 16896
16923 16922 16906
16923 16906 16905
16894 16893 16906
16894 16906 16922
16892 16896 16581
16892 16581 16748
17110 16910 16911
17110 16911 17111
17112 17113 16925
17112 16925 16924
17113 17111 16911
17113 16911 16925
17114 17112 16924
17114 16924 17115
16923 16905 17116
16923 17116 17117
17118 16975 17036
17118 17036 16834
17118 17119 17012
17077 17120 17011
17009 17010 17121
17009 17121 17122
17037 16981 16983
16944 17123 17015
17124 17125 17126
17124 17126 17014
17018 16940 17127
17108 17083 17017
17108 17017 17109
17109 17017 16979
17109 16979 17128
17128 16979 17041
16856 17046 17129
16856 17129 16857
16851 17130 17131
17132 17133 17134
17132 17134 16876
17060 16953 17135
17136 17054 17053
17136 17053 17048
16959 17137 16889
16905 16901 17008
16905 17008 17116
16923 17117 17115
16923 17115 16924
17117 17116 17138
17117 17138 16918
17139 17138 17116
17139 17116 17008
17117 16918 16921
17117 16921 17115
17140 17141 17138
17140 17138 17139
17069 17142 17068
17143 17114 17115
17143 17115 16921
17069 17065 17144
17071 17145 16996
17146 17147 17148
17146 17148 17149
16582 16581 16896
16582 16896 16895
16910 17110 16704
16910 16704 16703
16574 16573 16831
16574 16831 17150
17006 16970 16576
17006 16576 16575
16821 16577 16578
16821 16578 16822
17006 16575 16646
17006 16646 17081
17083 17108 17151
17083 17151 17086
17108 17088 17087
17108 17087 17151
17089 17088 17092
17084 17083 17086
17098 17107 16948
17098 16948 16952
16841 16840 16969
17099 16952 17101
17073 16882 16883
17104 16869 17105
17011 17152 17121
17011 17121 17010
17061 17009 17153
17015 17154 17125
17015 17125 17124
16940 17014 17127
16851 17131 17096
16851 17155 17130
16953 16876 17135
16889 17156 17133
16889 17133 17132
16996 17157 17148
16996 17148 17147
17065 17146 17144
17146 16997 17147
17004 16997 17146
16997 16996 17147
16838 17077 17011
17009 16826 17010
17014 17005 17124
17005 17015 17124
16876 16875 17132
16875 16889 17132
16866 17104 17103
17073 16883 17075
17098 17099 17158
16841 16969 16968
17087 17089 17159
17084 17086 17085
16803 16571 16570
16803 16570 16804
16684 16683 16852
16684 16852 16855
17158 16686 16685
17158 16685 17098
16685 16688 17107
16685 17107 17098
16812 16689 16690
16812 16690 16809
17159 16692 16691
17159 16691 17087
16691 16694 17151
16691 17151 17087
16694 16655 17086
16694 17086 17151
16907 16909 17000
16890 16892 16999
16877 16876 16953
16889 16888 16959
16849 16851 17096
16860 16851 16850
16861 17155 16851
16939 17014 16940
17015 16941 16944
16827 17009 17061
16838 17011 16826
17096 17131 16842
16861 17024 17155
16881 17160 17161
16881 17161 16878
16873 16963 17160
16873 17160 16881
17072 17162 16965
17072 16965 16882
16859 16858 17163
16859 17163 17164
17165 17129 17046
17165 17046 17027
16989 16859 17164
16989 17164 17056
16988 16985 17046
16988 17046 16856
16987 16985 16988
16986 16985 16987
17055 16989 17056
16993 16887 17166
16993 17166 17023
17048 17053 16992
17048 16992 17049
16992 17059 17049
16992 16991 17059
16991 16993 17022
17022 16993 17023
16816 16815 17037
17167 17041 17040
17167 17040 16813
16813 17040 17043
16813 17043 16814
16816 16983 17167
16816 17167 16813
16983 17128 17167
16983 16982 17128
17128 17041 17167
17041 16979 16978
16836 17168 17169
16836 17119 17118
16836 17118 16834
16834 17036 16835
17170 17036 16974
16973 16975 17012
17003 17119 16977
17012 17119 17003
17012 16975 17118
16829 17001 17013
17002 16977 16976
16978 16980 17039
16981 17038 16982
17028 16984 16986
17057 17056 17164
16917 17007 17029
17008 16904 17139
17047 17049 17059
17021 17023 17166
16606 16394 16620
16611 16606 16620
16606 16707 16392
16398 16606 16610
16773 16774 16759
16773 16759 16770
16719 16774 16756
16718 16774 16719
16761 16756 17171
16371 16529 16531
16800 16768 16616
16800 16616 16615
17171 16756 16773
16739 16718 16717
16764 16742 16801
16779 16741 16764
16768 16746 16616
16746 16531 16605
16746 16605 16616
16362 17172 17173
16362 17173 16345
17173 17174 16346
17173 16346 16345
16352 16346 17174
16352 17174 17175
16347 17176 17177
16347 17177 16348
16359 17178 17179
16359 17179 16360
17177 17180 16353
17177 16353 16348
17180 17181 16354
17180 16354 16353
17182 16621 16360
17182 16360 17179
17172 16362 16361
17172 16361 17183
17184 16699 16621
17184 16621 17182
16700 16699 17184
16700 17184 17185
16347 16352 17175
16347 17175 17176
17128 16982 17090
17128 17090 17109
16947 16987 17055
16947 17055 16951
16990 16884 16887
16990 16887 16993
16961 16957 16991
16961 16991 17022
16987 16989 17055
17186 17187 17188
17186 17188 17189
17190 17191 17192
17190 17192 17188
17193 17194 17195
17196 17197 17198
17196 17198 17199
17200 17201 17202
17200 17202 17203
17204 17205 17206
17186 17202 17205
17186 17205 17196
17207 17203 17189
17207 17189 17208
17209 17190 17210
17209 17210 17211
17193 17195 17199
17193 17199 17198
17191 17190 17209
17208 17189 17188
17208 17188 17192
17190 17188 17187
17190 17187 17210
17186 17196 17199
17186 17199 17187
17196 17205 17204
17196 17204 17197
17189 17203 17202
17189 17202 17186
17187 17199 17195
17187 17195 17210
17210 17195 17194
17210 17194 17211
17206 17205 17202
17206 17202 17201
17200 17203 17207
17212 17213 17214
17212 17214 17215
17216 17217 17214
17216 17214 17218
17219 17220 17221
17222 17223 17224
17222 17224 17225
17226 17227 17228
17226 17228 17229
17230 17231 17232
17212 17228 17231
17212 17231 17222
17233 17229 17215
17233 17215 17234
17235 17218 17236
17235 17236 17237
17219 17221 17225
17219 17225 17224
17216 17218 17235
17215 17214 17217
17215 17217 17234
17218 17214 17213
17218 17213 17236
17212 17222 17225
17212 17225 17213
17222 17231 17230
17222 17230 17223
17215 17229 17228
17215 17228 17212
17213 17225 17221
17213 17221 17236
17236 17221 17220
17236 17220 17237
17232 17231 17228
17232 17228 17227
17226 17229 17233
17238 17239 17240
17238 17240 17241
17242 17243 17240
17242 17240 17244
17245 17246 17247
17248 17249 17250
17248 17250 17251
17252 17253 17254
17252 17254 17255
17256 17257 17258
17238 17254 17257
17238 17257 17248
17259 17255 17241
17259 17241 17260
17261 17244 17262
17261 17262 17263
17245 17247 17251
17245 17251 17250
17242 17244 17261
17241 17240 17243
17241 17243 17260
17244 17240 17239
17244 17239 17262
17238 17248 17251
17238 17251 17239
17248 17257 17256
17248 17256 17249
17241 17255 17254
17241 17254 17238
17239 17251 17247
17239 17247 17262
17262 17247 17246
17262 17246 17263
17258 17257 17254
17258 17254 17253
17252 17255 17259
17264 17265 17266
17264 17266 17267
17268 17269 17266
17268 17266 17270
17271 17272 17273
17274 17275 17276
17274 17276 17277
17278 17279 17280
17278 17280 17281
17282 17283 17284
17264 17280 17283
17264 17283 17274
17285 17281 17267
17285 17267 17286
17287 17270 17288
17287 17288 17289
17271 17273 17277
17271 17277 17276
17268 17270 17287
17267 17266 17269
17267 17269 17286
17270 17266 17265
17270 17265 17288
17264 17274 17277
17264 17277 17265
17274 17283 17282
17274 17282 17275
17267 17281 17280
17267 17280 17264
17265 17277 17273
17265 17273 17288
17288 17273 17272
17288 17272 17289
17284 17283 17280
17284 17280 17279
17278 17281 17285
17290 17291 17292
17290 17292 17293
17294 17295 17296
17294 17296 17292
17297 17298 17299
17300 17301 17302
17300 17302 17303
17304 17305 17306
17304 17306 17307
17308 17309 17310
17290 17306 17309
17290 17309 17303
17311 17307 17293
17311 17293 17312
17313 17314 17294
17313 17294 17315
17301 17297 17299
17301 17299 17302
17295 17294 17314
17312 17293 17292
17312 17292 17296
17294 17292 17291
17294 17291 17315
17290 17303 17302
17290 17302 17291
17303 17309 17308
17303 17308 17300
17293 17307 17306
17293 17306 17290
17291 17302 17299
17291 17299 17315
17299 17298 17313
17299 17313 17315
17310 17309 17306
17310 17306 17305
17304 17307 17311
17316 17317 17318
17316 17318 17319
17320 17321 17322
17320 17322 17323
17324 17325 17322
17324 17322 17321
17326 17320 17323
17326 17323 17327
17328 17325 17324
17328 17324 17329
17070 17145 17071
17318 17317 17330
17318 17330 17331
17332 17333 17334
17332 17334 17335
17336 17337 17334
17336 17334 17333
17020 17123 16944
17338 17332 17335
17338 17335 17339
17340 17337 17336
17340 17336 17341
16918 17138 17141
16918 17141 16919
16921 16920 17342
16921 17342 17143
17343 17316 17319
17343 17319 17344
17331 17330 17345
17331 17345 17346
17347 17348 17349
17350 17348 17347
17351 17348 17350
17351 17352 17353
17351 17353 17348
17354 17355 17353
17354 17353 17352
17356 17355 17354
17357 17355 17356
17358 17355 17357
17153 17062 17061
17076 17120 17077
17166 16887 16886
17166 16886 17359
17360 17361 17362
17363 17364 17361
17363 17361 17360
17363 17365 17366
17363 17366 17364
17367 17368 17366
17367 17366 17365
17367 17369 17370
17367 17370 17368
17369 17371 17370
17058 17137 16959
17361 17372 17362
17373 17370 17371
16833 16832 16934
16831 16833 17150
16817 16819 16929
16819 16818 16972
16547 16789 17374
16789 16505 16682
16786 16643 16799
16644 16643 16786
16545 16963 16962
16545 16962 16785
16546 16964 16965
16546 16965 16644
16962 16966 16787
16962 16787 16785
16967 16964 16546
16967 16546 16547
17374 17106 16967
17374 16967 16547
16542 17161 17160
16542 17160 16543
16543 17160 16963
16543 16963 16545
16965 17162 16642
16965 16642 16644
17153 17009 17122
17011 17120 17152
16836 16835 17168
16835 17036 17035
17068 17142 17375
16917 17030 17070
17033 17032 17076
16830 16829 17062
17015 17123 17154
17127 17014 17126
17019 17045 17020
16928 16927 17018
16950 16861 16860
17095 17096 17097
16844 16843 17376
17026 17025 17377
17052 17051 17058
16872 16871 17060
16974 17036 16975
16836 16977 17119
17034 17036 17170
16836 17169 16976
17037 16983 16816
17037 16815 17378
17039 17043 17040
16889 17137 17156
17135 16876 17134
16996 16998 17071
16996 17145 17157
17144 17146 17149
17004 17146 17065
17379 17380 17381
17379 17381 17382
17383 17384 17385
17383 17385 17386
17387 17388 17380
17387 17380 17379
17388 17387 17384
17388 17384 17383
17389 17390 17391
17389 17391 17392
17393 17394 17395
17393 17395 17396
17397 17398 17399
17397 17399 17400
17382 17381 17400
17382 17400 17399
17401 17402 17403
17401 17403 17404
17405 17406 17407
17405 17407 17408
17409 17410 17411
17412 17413 17414
17412 17414 17415
17416 17417 17418
17416 17418 17419
17420 17421 17422
17420 17422 17423
17424 17425 17426
17424 17426 17427
17428 17429 17430
17428 17430 17419
17419 17430 17431
17419 17431 17416
17416 17431 17432
17416 17432 17420
17433 17434 17412
17433 17412 17415
17435 17436 17437
17435 17437 17438
17439 17440 17441
17439 17441 17442
17443 17444 17435
17443 17435 17438
17445 17446 17447
17445 17447 17448
17449 17450 17451
17449 17451 17441
17452 17453 17454
17455 17456 17457
17455 17457 17458
17459 17460 17461
17459 17461 17462
17463 17464 17465
17463 17465 17466
17467 17468 17444
17467 17444 17443
17448 17447 17469
17448 17469 17470
17449 17463 17471
17449 17471 17450
17472 17462 17461
17472 17461 17473
17474 17475 17453
17476 17477 17478
17476 17478 17479
17480 17481 17482
17480 17482 17483
17484 17485 17486
17484 17486 17487
17488 17489 17490
17488 17490 17491
17492 17493 17494
17492 17494 17495
17478 17477 17496
17478 17496 17497
17498 17499 17480
17498 17480 17500
17501 17492 17495
17501 17495 17458
17502 17503 17504
17502 17504 17505
17506 17507 17508
17505 17509 17510
17505 17510 17502
17511 17512 17507
17511 17507 17506
17513 17514 17515
17513 17515 17516
17473 17517 17518
17473 17518 17472
17474 17519 17475
17520 17521 17522
17520 17522 17523
17509 17524 17525
17509 17525 17510
17526 17527 17512
17526 17512 17511
17528 17513 17520
17528 17520 17523
17529 17530 17531
17529 17531 17532
17533 17534 17535
17533 17535 17532
17474 17536 17537
17474 17537 17519
17532 17538 17539
17532 17539 17529
17540 17541 17542
17540 17542 17543
17544 17545 17546
17544 17546 17547
17546 17535 17534
17546 17534 17548
17537 17549 17550
17537 17550 17551
17552 17541 17550
17552 17550 17553
17545 17544 17554
17545 17554 17555
17538 17556 17557
17558 17559 17560
17558 17560 17561
17562 17563 17501
17562 17501 17564
17565 17566 17401
17565 17401 17567
17568 17569 17570
17568 17570 17571
17569 17572 17570
17573 17574 17561
17573 17561 17560
17573 17565 17567
17573 17567 17575
17576 17577 17578
17576 17578 17579
17580 17581 17577
17580 17577 17576
17582 17583 17543
17582 17543 17542
17584 17585 17451
17584 17451 17586
17586 17451 17450
17586 17450 17587
17471 17588 17460
17471 17460 17459
17471 17459 17587
17471 17587 17450
17589 17503 17502
17589 17502 17506
17590 17591 17528
17590 17528 17530
17523 17531 17530
17523 17530 17528
17592 17593 17594
17592 17594 17595
17596 17597 17477
17596 17477 17476
17482 17481 17485
17482 17485 17484
17598 17496 17599
17598 17599 17600
17477 17597 17599
17477 17599 17496
17481 17601 17602
17481 17602 17485
17458 17603 17604
17605 17462 17472
17518 17605 17472
17440 17439 17606
17440 17606 17607
17608 17609 17610
17608 17610 17497
17498 17500 17611
17498 17611 17612
17613 17614 17479
17613 17479 17478
17615 17616 17617
17615 17617 17618
17619 17620 17621
17619 17621 17622
17623 17624 17561
17623 17561 17574
17420 17423 17417
17420 17417 17416
17421 17625 17626
17421 17626 17422
17627 17628 17555
17627 17555 17554
17483 17629 17500
17483 17500 17480
17601 17481 17480
17601 17480 17499
17630 17631 17632
17608 17497 17633
17449 17441 17440
17449 17440 17634
17463 17449 17634
17463 17634 17464
17513 17528 17591
17513 17591 17514
17513 17516 17635
17513 17635 17520
17636 17521 17520
17636 17520 17635
17456 17455 17586
17456 17586 17587
17456 17587 17459
17456 17459 17462
17485 17602 17603
17485 17603 17486
17518 17590 17530
17518 17530 17529
17637 17638 17639
17637 17639 17640
17563 17641 17493
17563 17493 17492
17563 17492 17501
17428 17642 17429
17643 17421 17420
17643 17420 17432
17644 17645 17646
17644 17646 17647
17425 17648 17649
17425 17649 17426
17650 17625 17421
17650 17421 17643
17622 17651 17652
17622 17652 17619
17501 17458 17457
17501 17457 17564
17487 17486 17495
17487 17495 17494
17458 17495 17486
17458 17486 17603
17637 17539 17538
17637 17538 17557
17653 17621 17620
17653 17620 17654
17640 17639 17562
17640 17562 17564
17432 17382 17399
17432 17399 17643
17393 17425 17424
17393 17424 17655
17425 17393 17396
17425 17396 17648
17390 17645 17644
17390 17644 17391
17384 17429 17656
17384 17656 17385
17430 17429 17384
17430 17384 17387
17430 17387 17379
17430 17379 17431
17382 17432 17431
17382 17431 17379
17655 17657 17394
17655 17394 17393
17658 17659 17660
17574 17573 17575
17574 17575 17661
17661 17662 17623
17661 17623 17574
17487 17653 17595
17487 17595 17484
17484 17595 17594
17484 17594 17482
17483 17482 17594
17483 17594 17631
17467 17663 17664
17467 17664 17665
17509 17505 17475
17509 17475 17519
17525 17524 17666
17525 17666 17667
17483 17631 17630
17483 17630 17629
17668 17669 17670
17668 17670 17671
17624 17672 17558
17624 17558 17561
17673 17674 17675
17646 17645 17642
17656 17645 17390
17656 17390 17385
17385 17390 17389
17385 17389 17386
17553 17676 17677
17553 17677 17552
17678 17679 17680
17681 17498 17612
17681 17612 17682
17681 17683 17499
17681 17499 17498
17499 17683 17684
17499 17684 17601
17685 17602 17601
17685 17601 17684
17686 17603 17602
17686 17602 17685
17603 17686 17687
17603 17687 17604
17687 17688 17455
17687 17455 17604
17588 17471 17463
17588 17463 17466
17689 17445 17690
17689 17690 17691
17446 17445 17692
17435 17446 17693
17435 17693 17436
17688 17584 17586
17688 17586 17455
17673 17557 17694
17673 17694 17674
17638 17637 17557
17638 17557 17673
17673 17675 17695
17673 17695 17638
17695 17402 17639
17402 17401 17563
17402 17563 17562
17563 17401 17566
17563 17566 17641
17696 17469 17468
17696 17468 17697
17696 17698 17469
17533 17532 17531
17533 17531 17699
17591 17590 17700
17591 17700 17701
17701 17702 17514
17701 17514 17591
17703 17515 17514
17703 17514 17702
17515 17703 17704
17515 17704 17705
17517 17700 17590
17517 17590 17518
17527 17526 17706
17694 17707 17708
17694 17708 17709
17710 17711 17712
17710 17712 17713
17549 17710 17553
17549 17553 17550
17714 17715 17716
17714 17716 17547
17543 17717 17718
17543 17718 17540
17635 17719 17720
17635 17720 17636
17721 17527 17722
17721 17722 17723
17512 17527 17721
17512 17721 17724
17502 17510 17511
17502 17511 17506
17725 17726 17465
17725 17465 17464
17727 17470 17728
17727 17728 17729
17448 17470 17727
17448 17727 17730
17448 17730 17690
17448 17690 17445
17447 17444 17468
17447 17468 17469
17447 17446 17435
17447 17435 17444
17585 17442 17441
17585 17441 17451
17593 17631 17594
17632 17631 17593
17633 17496 17598
17633 17497 17496
17731 17732 17733
17731 17733 17734
17643 17399 17398
17643 17398 17650
17733 17732 17735
17733 17735 17736
17737 17410 17409
17737 17409 17738
17604 17455 17458
17529 17539 17605
17529 17605 17518
17640 17605 17539
17640 17539 17637
17640 17564 17457
17640 17457 17605
17457 17456 17462
17457 17462 17605
17538 17532 17535
17535 17546 17538
17707 17557 17556
17739 17740 17741
17739 17741 17742
17419 17418 17743
17419 17743 17428
17744 17642 17743
17709 17745 17674
17709 17674 17694
17413 17674 17745
17746 17747 17748
17749 17750 17748
17749 17748 17751
17434 17433 17647
17434 17647 17646
17744 17434 17642
17746 17426 17649
17746 17649 17747
17752 17753 17754
17752 17754 17737
17755 17753 17752
17755 17752 17756
17658 17757 17755
17658 17755 17659
17454 17758 17489
17454 17489 17488
17443 17438 17454
17443 17454 17453
17759 17760 17761
17759 17761 17758
17760 17759 17438
17760 17438 17437
17475 17467 17443
17475 17443 17453
17468 17467 17665
17468 17665 17697
17663 17505 17504
17663 17504 17664
17524 17509 17519
17524 17519 17537
17524 17762 17763
17524 17763 17666
17549 17537 17536
17549 17536 17764
17764 17711 17710
17764 17710 17549
17765 17763 17762
17765 17762 17551
17454 17438 17759
17663 17467 17475
17524 17537 17762
17559 17558 17766
17559 17766 17767
17768 17769 17406
17768 17406 17405
17766 17558 17672
17766 17672 17770
17669 17771 17772
17669 17772 17670
17773 17754 17774
17773 17774 17775
17773 17775 17669
17773 17669 17668
17488 17776 17452
17488 17452 17454
17767 17768 17405
17767 17405 17559
17777 17778 17427
17424 17734 17733
17424 17733 17655
17736 17657 17655
17736 17655 17733
17738 17409 17779
17738 17779 17778
17779 17780 17778
17653 17487 17494
17653 17494 17621
17493 17622 17621
17493 17621 17494
17651 17622 17493
17651 17493 17641
17491 17781 17776
17491 17776 17488
17566 17407 17782
17771 17783 17784
17771 17784 17772
17785 17786 17767
17785 17767 17766
17787 17769 17788
17787 17788 17789
17740 17739 17616
17740 17616 17615
17786 17790 17768
17786 17768 17767
17770 17791 17785
17770 17785 17766
17769 17768 17790
17769 17790 17788
17783 17771 17618
17783 17618 17617
17792 17755 17757
17792 17757 17793
17410 17737 17754
17410 17754 17773
17668 17671 17794
17668 17794 17411
17565 17573 17560
17565 17560 17408
17775 17774 17615
17775 17615 17618
17771 17669 17775
17771 17775 17618
17795 17740 17615
17795 17615 17774
17711 17572 17796
17711 17796 17712
17711 17764 17570
17711 17570 17572
17536 17474 17658
17536 17658 17571
17757 17658 17474
17757 17474 17452
17452 17776 17793
17452 17793 17757
17797 17792 17793
17403 17418 17417
17403 17417 17404
17423 17567 17404
17423 17404 17417
17422 17661 17575
17422 17575 17423
17798 17743 17418
17798 17418 17403
17799 17744 17743
17799 17743 17798
17559 17405 17408
17559 17408 17560
17734 17424 17427
17734 17427 17780
17626 17662 17661
17626 17661 17422
17800 17778 17777
17409 17801 17802
17409 17802 17779
17803 17780 17779
17803 17779 17802
17734 17780 17803
17734 17803 17731
17408 17407 17565
17401 17404 17567
17782 17407 17804
17782 17804 17805
17695 17798 17403
17695 17403 17402
17798 17695 17675
17798 17675 17799
17413 17412 17799
17413 17799 17675
17744 17799 17412
17744 17412 17434
17740 17795 17806
17740 17806 17741
17804 17406 17807
17804 17807 17808
17769 17787 17807
17769 17807 17406
17809 17810 17792
17575 17567 17423
17710 17713 17676
17710 17676 17553
17555 17628 17708
17555 17708 17707
17555 17707 17556
17555 17556 17545
17538 17546 17545
17538 17545 17556
17756 17659 17755
17610 17613 17478
17610 17478 17497
17629 17811 17611
17629 17611 17500
17630 17632 17812
17630 17812 17813
17813 17811 17629
17813 17629 17630
17814 17815 17816
17817 17749 17569
17817 17569 17568
17751 17818 17572
17413 17745 17414
17795 17753 17810
17795 17774 17753
17756 17819 17660
17756 17660 17659
17816 17777 17814
17777 17427 17814
17820 17821 17581
17820 17581 17580
17822 17679 17582
17822 17582 17542
17821 17820 17823
17821 17823 17824
17583 17825 17543
17516 17515 17705
17516 17705 17826
17516 17826 17719
17516 17719 17635
17827 17507 17828
17827 17828 17829
17512 17724 17828
17512 17828 17507
17699 17531 17523
17699 17523 17522
17830 17526 17525
17830 17525 17667
17525 17526 17511
17525 17511 17510
17831 17725 17464
17831 17464 17634
17634 17440 17607
17634 17607 17831
17508 17507 17827
17506 17508 17589
17706 17526 17830
17527 17706 17722
17692 17445 17689
17446 17692 17693
17469 17698 17470
17470 17698 17728
17599 17758 17761
17599 17761 17600
17758 17599 17597
17758 17597 17489
17596 17490 17489
17596 17489 17597
17595 17653 17654
17595 17654 17592
17762 17537 17551
17663 17475 17505
17454 17759 17758
17832 17576 17579
17832 17579 17833
17580 17576 17832
17580 17832 17834
17716 17820 17580
17716 17580 17834
17715 17823 17820
17715 17820 17716
17551 17550 17541
17551 17541 17540
17834 17544 17547
17834 17547 17716
17541 17552 17822
17541 17822 17542
17544 17834 17832
17544 17832 17554
17832 17833 17627
17832 17627 17554
17835 17822 17552
17835 17552 17677
17548 17714 17547
17548 17547 17546
17540 17718 17765
17540 17765 17551
17781 17797 17793
17781 17793 17776
17804 17407 17406
17836 17805 17804
17836 17804 17808
17639 17402 17562
17695 17639 17638
17410 17773 17668
17410 17668 17411
17801 17411 17794
17474 17453 17452
17752 17737 17738
17752 17738 17837
17756 17752 17837
17756 17837 17800
17819 17756 17800
17819 17800 17816
17815 17817 17819
17815 17819 17816
17778 17837 17738
17427 17778 17780
17409 17411 17801
17818 17796 17572
17571 17658 17660
17571 17660 17568
17764 17536 17571
17764 17571 17570
17746 17750 17815
17746 17815 17814
17568 17660 17819
17568 17819 17817
17749 17817 17815
17749 17815 17750
17814 17427 17426
17814 17426 17746
17838 17818 17751
17838 17751 17748
17748 17747 17838
17746 17748 17750
17751 17572 17569
17751 17569 17749
17675 17674 17413
17707 17694 17557
17839 17840 17841
17839 17841 17842
17841 17843 17844
17841 17844 17842
17845 17846 17847
17845 17847 17848
17849 17850 17851
17849 17851 17852
17843 17847 17846
17843 17846 17844
17853 17854 17855
17856 17857 17858
17856 17858 17859
17860 17861 17862
17860 17862 17863
17864 17865 17866
17867 17868 17869
17869 17856 17859
17869 17859 17867
17870 17871 17872
17863 17862 17873
17863 17873 17874
17875 17876 17877
17878 17879 17880
17881 17882 17883
17881 17883 17884
17885 17886 17887
17888 17889 17890
17888 17890 17891
17892 17893 17894
17892 17894 17895
17889 17883 17882
17889 17882 17890
17896 17886 17897
17898 17899 17900
17898 17900 17901
17902 17903 17904
17902 17904 17905
17906 17907 17908
17909 17899 17898
17909 17898 17910
17911 17912 17913
17914 17915 17916
17914 17916 17917
17918 17919 17905
17918 17905 17904
17920 17921 17922
17920 17922 17923
17916 17910 17911
17916 17911 17924
17925 17924 17911
17926 17927 17928
17929 17930 17931
17929 17931 17932
17933 17934 17935
17933 17935 17936
17937 17938 17939
17937 17939 17940
17937 17940 17941
17937 17941 17942
17943 17944 17945
17946 17947 17932
17946 17932 17931
17948 17934 17933
17948 17933 17949
17950 17951 17952
17950 17952 17953
17954 17955 17956
17954 17956 17957
17958 17959 17960
17958 17960 17961
17962 17963 17964
17965 17853 17966
17965 17966 17967
17968 17969 17857
17968 17857 17856
17970 17971 17972
17970 17972 17869
17869 17972 17968
17869 17968 17856
17973 17974 17975
17973 17975 17976
17977 17978 17979
17977 17979 17980
17981 17982 17875
17981 17875 17877
17981 17877 17983
17981 17983 17984
17985 17986 17897
17987 17984 17983
17987 17983 17988
17912 17989 17990
17912 17990 17991
17905 17992 17993
17905 17993 17902
17994 17995 17924
17994 17924 17996
17997 17992 17905
17997 17905 17919
17909 17998 17999
17909 17999 17899
17918 17904 18000
17918 18000 18001
17899 17999 18002
17899 18002 17900
18000 17904 17903
18000 17903 18003
17844 17846 17725
17844 17725 17831
17842 17844 17831
17842 17831 17607
17826 17705 17884
17826 17884 17883
17719 17826 17883
17719 17883 17889
18004 17829 17828
18004 17828 18005
17613 17610 17867
17613 17867 17859
18006 17611 17811
18006 17811 18007
17855 18008 17813
17855 17813 17812
18009 18010 18011
18012 17871 18013
18014 18015 18016
18017 18018 18019
18020 18021 18022
18023 18024 18025
18026 18027 18028
18028 18029 18026
17940 17939 18030
17940 18030 17928
17929 17941 17940
17929 17940 17928
18031 17950 17953
18031 17953 17945
17959 17958 17932
17959 17932 17947
18032 18033 18034
18035 17784 17783
18035 17783 17927
17934 17786 17785
17934 17785 17935
18036 17943 17789
18036 17789 17788
17739 17946 17931
17739 17931 17616
17790 17786 17934
17790 17934 17948
17866 18037 17864
18038 18013 18039
18040 18034 17933
18040 17933 17936
17933 18034 18033
17933 18033 17949
17975 18041 17843
17975 17843 17841
18041 17977 17847
18041 17847 17843
18007 17860 17863
18007 17863 18006
18006 17863 17874
18006 17874 18042
17881 17885 17887
17881 17887 17882
17890 17882 17887
17890 17887 17896
17912 17911 17910
17912 17910 17898
17915 17909 17910
17915 17910 17916
17847 17977 17980
17847 17980 17848
17890 17896 17986
17890 17986 17891
17989 17912 17898
17989 17898 17901
17951 18043 17952
18044 17938 17937
17861 18045 17862
18046 18047 17862
17972 18039 18048
17972 18048 17968
18048 18009 17969
18048 17969 17968
18049 17866 17967
18049 17967 17966
18039 17972 17971
18039 17971 18038
18041 17975 18050
18041 18051 17977
18052 18053 18016
18052 18016 18015
17964 18054 17974
17964 17974 17973
18055 17979 17978
18055 17978 18056
18057 18058 18059
18060 18061 18062
18063 18064 18020
18062 17985 17897
18062 17897 18060
18021 17981 17984
18021 17984 18023
18021 18064 17982
18021 17982 17981
18065 17951 18066
18067 18068 18069
18070 18071 18072
18017 18073 18074
18075 18014 18076
18075 18076 18077
18078 18075 18079
18080 18055 18081
18025 18024 17893
18025 17893 17892
18022 18082 18063
18022 18063 18020
18083 18084 18085
18086 18087 18088
18089 17920 17923
18089 17923 18090
18089 18027 18026
18089 18026 17920
18091 18092 18093
17996 18094 18087
17996 18087 17994
18095 17993 17992
18095 17992 18028
17991 17990 17908
17991 17908 18096
18007 17811 17813
18007 17813 18008
18008 17854 17860
18008 17860 18007
17861 17965 17967
17861 17967 18097
17866 18098 18097
17866 18097 17967
17965 17861 17860
17965 17860 17854
17935 17785 17791
17935 17791 18099
18099 18100 17936
18099 17936 17935
18040 18101 18102
18040 18102 18103
18104 18105 18103
18104 18103 18102
18030 17926 17928
17945 17944 18031
18101 18040 17936
18101 17936 18100
17951 17950 18106
17951 18106 18107
17950 18031 18033
17950 18033 18106
17944 17949 18033
17944 18033 18031
18036 17948 17949
18036 17949 17944
17948 18036 17788
17948 17788 17790
17995 17917 17916
17995 17916 17924
18108 18109 17918
17997 17919 18110
17997 18110 18111
18111 18057 18059
18111 18059 17997
18068 18112 18113
18068 18113 18114
18112 18115 17873
18112 17873 18113
18115 18116 17874
18115 17874 17873
18042 17874 18116
18042 18116 18117
17841 17840 17976
17841 17976 17975
18118 18119 18053
18118 18053 18052
18120 18119 18118
18121 17691 17690
18121 17690 18122
18123 18124 18125
18126 18125 18127
18126 18127 18128
18019 18126 18128
18019 18128 18073
17884 17705 17704
17884 17704 18129
18129 18130 17881
18129 17881 17884
18131 17885 17881
18131 17881 18130
17885 18131 18132
17879 17878 18132
17879 18132 18133
18134 18135 17988
17987 17988 18136
17987 18136 18137
18091 17987 18137
18091 18137 18092
18138 17993 18095
18138 18095 18083
18139 17902 17993
18139 17993 18138
17902 18140 17903
18141 18142 18003
18141 18003 17903
17828 17724 18143
17828 18143 18005
18125 18126 18144
18125 18144 18145
18143 17983 17877
18143 17877 18005
17927 17930 17929
17927 17929 17928
17961 17942 17941
17961 17941 17958
17932 17958 17941
17932 17941 17929
17927 17783 17617
17927 17617 17930
18146 18147 17947
18146 17947 17946
18148 17960 17959
18148 17959 18149
18149 17959 17947
18149 17947 18147
18150 18151 17960
18150 17960 18148
17961 18152 18153
17961 18153 17942
18154 17870 18071
18154 18071 18010
18154 18048 18155
18113 18047 18156
18045 18157 18158
18045 18158 18046
18074 18018 18017
17978 18051 18159
18160 18050 18161
18160 18161 18162
18054 18163 17974
18145 18144 18053
18145 18053 18119
18144 18164 18016
18144 18016 18053
18164 18076 18016
17892 17895 18165
17892 18165 18082
17886 18166 18167
18168 17913 18169
18168 18169 18170
18096 18171 17991
18089 18090 18172
18089 18172 18085
17996 17925 18173
17942 18153 18044
17942 18044 17937
17961 17960 18151
17961 18151 18152
18152 17954 18174
18152 18174 18153
18175 18044 18153
18175 18153 18174
18152 18151 17955
18152 17955 17954
18174 18176 18177
18174 18177 18175
18105 18104 18178
18179 17955 18151
18179 18151 18150
18105 18180 18103
18106 18032 18181
18182 18183 18184
18182 18184 18185
17616 17931 17930
17616 17930 17617
17946 17739 17742
17946 17742 18146
17609 18186 17867
17609 17867 17610
18042 17612 17611
18042 17611 18006
17859 17858 17614
17859 17614 17613
18042 18117 17682
18042 17682 17612
18119 18122 18187
18119 18187 18145
18145 18187 18123
18145 18123 18125
18124 18127 18125
18120 18122 18119
18134 17988 17983
18134 17983 18143
17876 18005 17877
18135 18136 17988
18109 17919 17918
18140 18141 17903
18047 18046 18158
18047 18158 18188
18097 18189 18045
18051 18160 18162
18051 18162 18190
17974 18163 18050
17886 18132 18166
17886 18167 18191
17991 18171 17913
17925 18168 18170
17925 18170 18192
18032 18185 18184
18032 18184 18193
18103 18180 18182
18182 18185 18034
18040 18182 18034
18034 18185 18032
17873 18047 18113
18045 18046 17862
18050 18160 18041
18041 18160 18051
17913 18168 17911
17911 18168 17925
17902 18139 18140
18109 18110 17919
18134 18194 18135
17876 18004 18005
18123 18195 18124
18120 18121 18122
17839 17842 17607
17839 17607 17606
17719 17889 17888
17719 17888 17720
18194 18134 17721
18194 17721 17723
17721 18134 18143
17721 18143 17724
17846 17845 17726
17846 17726 17725
18195 18123 17727
18195 17727 17729
17727 18123 18187
17727 18187 17730
17730 18187 18122
17730 18122 17690
17943 18036 17944
17926 18035 17927
17912 17991 17913
17925 17996 17924
17885 18132 17886
17896 17887 17886
17897 17886 18191
17975 17974 18050
18051 17978 17977
17861 18097 18045
17873 17862 18047
18132 17878 18166
17897 18191 18060
17915 17914 18196
17915 18196 18197
17909 17915 18197
17909 18197 17998
18108 17918 18001
18108 18001 18198
17893 18199 18200
17893 18200 17894
18201 18063 18082
18201 18082 18165
18024 18093 18199
18024 18199 17893
18025 17892 18082
18025 18082 18022
18023 18025 18022
18021 18023 18022
18091 18093 18024
18029 18058 18202
18029 18202 17921
18085 18084 18027
18085 18027 18089
18027 18084 18095
18027 18095 18028
18028 18059 18029
18059 18058 18029
17850 18074 17851
18203 17849 18077
18203 18077 18076
17849 17852 18079
17849 18079 18077
17850 17849 18203
17850 18203 18018
18018 18203 18164
18018 18164 18019
18164 18203 18076
18076 18014 18016
17871 18204 18205
17871 17870 18154
17871 18154 18155
17870 17872 18071
18206 18011 18071
18009 18048 18010
18039 18013 18155
18048 18039 18155
18048 18154 18010
17866 18049 18037
18038 18012 18013
18014 18075 18015
18017 18019 18073
18064 18021 18020
18092 18199 18093
17951 18065 18043
18044 18175 17938
18083 18095 18084
18057 18202 18058
17642 17656 17429
17645 17656 17642
17642 17428 17743
17434 17646 17642
17809 17806 17795
17809 17795 17810
17755 17792 17810
17753 17755 17810
17797 18207 17792
17407 17566 17565
17836 17652 17651
17836 17651 17805
18207 17809 17792
17774 17754 17753
17800 17837 17778
17816 17800 17777
17805 17651 17782
17782 17641 17566
17782 17651 17641
17400 17381 18208
17400 18208 18209
18208 17381 17380
18208 17380 18210
17388 18211 18210
17388 18210 17380
18212 18213 17383
18212 17383 17386
18214 18215 17395
18214 17395 17394
18212 17386 17389
18212 17389 18216
18216 17389 17392
18216 17392 18217
18218 18214 17394
18218 17394 17657
18209 18219 17397
18209 17397 17400
18220 18218 17657
18220 17657 17736
18220 17736 17735
18220 17735 18221
17383 18213 18211
17383 18211 17388
18164 18144 18126
18164 18126 18019
17984 17987 18091
17984 18091 18023
18026 18029 17921
18026 17921 17920
17997 18059 18028
17997 18028 17992
18023 18091 18024
18222 18223 18224
18222 18224 18225
18226 18227 18228
18226 18228 18222
18229 18230 18231
18232 18233 18234
18232 18234 18235
18236 18237 18238
18236 18238 18239
18240 18241 18242
18224 18234 18242
18224 18242 18236
18243 18244 18225
18243 18225 18239
18245 18246 18247
18245 18247 18228
18229 18232 18235
18229 18235 18230
18227 18245 18228
18222 18225 18244
18222 18244 18226
18228 18247 18223
18228 18223 18222
18235 18234 18224
18235 18224 18223
18234 18233 18240
18234 18240 18242
18225 18224 18236
18225 18236 18239
18230 18235 18223
18230 18223 18247
18231 18230 18247
18231 18247 18246
18241 18237 18236
18241 18236 18242
18238 18243 18239
18248 18249 18250
18248 18250 18251
18252 18253 18248
18252 18248 18254
18255 18256 18257
18258 18259 18260
18258 18260 18261
18262 18263 18264
18262 18264 18265
18266 18267 18268
18250 18260 18268
18250 18268 18262
18269 18270 18251
18269 18251 18265
18271 18272 18273
18271 18273 18253
18255 18258 18261
18255 18261 18256
18252 18271 18253
18251 18270 18254
18251 18254 18248
18253 18273 18249
18253 18249 18248
18261 18260 18250
18261 18250 18249
18260 18259 18266
18260 18266 18268
18251 18250 18262
18251 18262 18265
18256 18261 18249
18256 18249 18273
18257 18256 18273
18257 18273 18272
18267 18263 18262
18267 18262 18268
18264 18269 18265
18274 18275 18276
18274 18276 18277
18278 18279 18274
18278 18274 18280
18281 18282 18283
18284 18285 18286
18284 18286 18287
18288 18289 18290
18288 18290 18291
18292 18293 18294
18276 18286 18294
18276 18294 18288
18295 18296 18277
18295 18277 18291
18297 18298 18299
18297 18299 18279
18281 18284 18287
18281 18287 18282
18278 18297 18279
18277 18296 18280
18277 18280 18274
18279 18299 18275
18279 18275 18274
18287 18286 18276
18287 18276 18275
18286 18285 18292
18286 18292 18294
18277 18276 18288
18277 18288 18291
18282 18287 18275
18282 18275 18299
18283 18282 18299
18283 18299 18298
18293 18289 18288
18293 18288 18294
18290 18295 18291
18300 18301 18302
18300 18302 18303
18304 18305 18300
18304 18300 18306
18307 18308 18309
18310 18311 18312
18310 18312 18313
18314 18315 18316
18314 18316 18317
18318 18319 18320
18302 18312 18320
18302 18320 18314
18321 18322 18303
18321 18303 18317
18323 18324 18325
18323 18325 18305
18307 18310 18313
18307 18313 18308
18304 18323 18305
18303 18322 18306
18303 18306 18300
18305 18325 18301
18305 18301 18300
18313 18312 18302
18313 18302 18301
18312 18311 18318
18312 18318 18320
18303 18302 18314
18303 18314 18317
18308 18313 18301
18308 18301 18325
18309 18308 18325
18309 18325 18324
18319 18315 18314
18319 18314 18320
18316 18321 18317
18326 18327 18328
18326 18328 18329
18330 18331 18332
18330 18332 18326
18333 18334 18335
18336 18337 18338
18336 18338 18339
18340 18341 18342
18340 18342 18343
18344 18345 18346
18328 18337 18346
18328 18346 18340
18347 18348 18329
18347 18329 18343
18332 18349 18350
18332 18350 18351
18334 18333 18339
18334 18339 18338
18331 18349 18332
18326 18329 18348
18326 18348 18330
18332 18351 18327
18332 18327 18326
18338 18337 18328
18338 18328 18327
18337 18336 18344
18337 18344 18346
18329 18328 18340
18329 18340 18343
18334 18338 18327
18334 18327 18351
18334 18351 18350
18334 18350 18335
18345 18341 18340
18345 18340 18346
18342 18347 18343
18352 18353 18354
18352 18354 18355
18356 18357 18358
18356 18358 18359
18360 18357 18356
18360 18356 18361
18359 18358 18362
18359 18362 18363
18360 18361 18364
18360 18364 18365
18107 18106 18181
18354 18366 18367
18354 18367 18355
18368 18369 18370
18368 18370 18371
18372 18369 18368
18372 18368 18373
18056 17978 18159
18371 18370 18374
18371 18374 18375
18372 18373 18376
18372 18376 18377
18176 18174 17954
18176 17954 17957
17955 18179 18378
17955 18378 17956
18353 18352 18379
18353 18379 18380
18366 18381 18382
18366 18382 18367
18383 18384 18385
18386 18383 18385
18387 18386 18385
18388 18389 18387
18388 18387 18385
18390 18389 18388
18390 18388 18391
18392 18390 18391
18393 18392 18391
18394 18393 18391
18189 18097 18098
18114 18113 18156
17922 17921 18202
17922 18202 18395
18396 18397 18398
18399 18396 18398
18399 18398 18400
18401 18402 18399
18401 18399 18400
18403 18402 18401
18403 18401 18404
18405 18406 18403
18405 18403 18404
18406 18405 18407
18094 17996 18173
18398 18397 18408
18409 18407 18405
17868 17970 17869
17867 18186 17868
17853 17965 17854
17854 18008 17855
17583 18410 17825
17825 17717 17543
17822 17835 17680
17679 17822 17680
17999 17998 17581
17999 17581 17821
18001 18000 17582
18001 17582 17679
17999 17821 17824
17999 17824 18002
18003 17583 17582
18003 17582 18000
18003 18142 18410
18003 18410 17583
18197 18196 17578
18197 17578 17577
17998 18197 17577
17998 17577 17581
18001 17679 17678
18001 17678 18198
18189 18157 18045
18047 18188 18156
17871 18205 17872
17872 18072 18071
18104 18411 18178
17951 18107 18066
18068 18114 18069
17865 18098 17866
18051 18190 18159
18163 18161 18050
18055 18056 18081
17963 18054 17964
17986 17896 17897
18131 18133 18132
17879 18412 17880
18061 18413 18062
18087 18094 18088
17907 18096 17908
18011 18010 18071
17871 18155 18013
18070 18206 18071
17871 18012 18204
18074 17850 18018
18074 18414 17851
18075 18077 18079
17925 18192 18173
18171 18169 17913
18032 18106 18033
18032 18193 18181
18180 18183 18182
18040 18103 18182
4329 4332 4328
6024 6015 6014
3309 3334 3310
5020 4995 4998
4328 4325 4329
6014 6009 6008
4327 4329 4325
6015 6012 6009
3328 3313 3315
5014 4999 5013
3337 3328 3329
5023 5014 5021
15784 15783 15801
15866 15865 15883
15784 15801 15757
15883 15865 15839
15757 15785 15784
15867 15839 15865
3608 3607 18415
3608 18415 18416
18417 18418 3610
18417 3610 3609
18416 18415 18419
18416 18419 18420
18421 18422 18418
18421 18418 18417
18420 18419 18423
18420 18423 18424
18425 18426 18422
18425 18422 18421
18424 18423 18427
18424 18427 18428
18429 18430 18426
18429 18426 18425
18428 18427 18431
18428 18431 18432
18433 18434 18430
18433 18430 18429
18432 18431 18435
18432 18435 18436
18437 18438 18433
18437 18439 18440
18441 18442 18443
18444 18445 18446
18447 18448 18444
18447 18444 18446
18449 18450 18451
18449 18451 18452
18453 18452 18451
18453 18451 18454
18455 18453 18454
18455 18454 18456
18457 18455 18456
18457 18456 18458
18459 18460 18461
18462 18463 18439
18462 18439 18437
18464 18462 18433
18465 18464 18433
18465 18433 18429
18466 18465 18429
18466 18429 18425
18467 18466 18425
18467 18425 18421
18468 18467 18421
18468 18421 18417
18469 18468 18417
18469 18417 3609
3654 18469 3609
3654 3609 3612
18470 18471 18447
18470 18447 18446
18472 18471 18470
18472 18470 18473
18474 18475 18476
18477 18474 18476
18477 18476 18478
18479 18477 18480
18481 18479 18480
18481 18480 18482
3665 18481 18482
3665 18482 18483
3656 3665 18483
3656 18483 3657
18484 18470 18485
18470 18484 18486
18470 18486 18473
18473 18486 18487
18473 18487 18476
18476 18487 18488
18476 18488 18478
18488 18489 18480
18480 18489 18490
18480 18490 18482
18482 18490 18491
18482 18491 18483
18483 18491 18492
18483 18492 3657
18492 3659 3658
18492 3658 3657
18493 18484 18485
18493 18485 18449
18484 18493 18494
18484 18494 18486
18486 18494 18495
18486 18495 18487
18487 18495 18496
18487 18496 18488
18496 18497 18489
18489 18497 18498
18489 18498 18490
18490 18498 18499
18490 18499 18491
18491 18499 18500
18491 18500 18492
18492 18500 18501
18492 18501 3659
3659 18501 18502
3659 18502 3660
3660 18502 3667
3660 3667 3661
18449 18452 18503
18449 18503 18493
18493 18503 18504
18493 18504 18494
18494 18504 18505
18494 18505 18495
18495 18505 18506
18495 18506 18496
18506 18507 18497
18497 18507 18508
18497 18508 18498
18498 18508 18509
18498 18509 18499
18499 18509 18510
18499 18510 18500
18500 18510 18511
18500 18511 18501
18501 18511 18512
18501 18512 18502
18502 18512 18513
18502 18513 3667
3667 18513 18469
3667 18469 3654
18514 18503 18452
18514 18452 18453
18503 18514 18515
18503 18515 18504
18504 18515 18516
18504 18516 18505
18505 18516 18517
18505 18517 18506
18506 18517 18518
18506 18518 18507
18507 18518 18519
18507 18519 18508
18508 18519 18520
18508 18520 18509
18509 18520 18521
18509 18521 18510
18510 18521 18522
18510 18522 18511
18511 18522 18523
18511 18523 18512
18512 18523 18524
18512 18524 18513
18513 18524 18468
18513 18468 18469
18525 18514 18453
18525 18453 18455
18526 18525 18457
18460 18526 18457
18527 18528 18463
18527 18463 18462
18529 18527 18462
18529 18462 18464
18530 18529 18464
18530 18464 18465
18531 18530 18465
18531 18465 18466
18532 18531 18466
18532 18466 18467
18467 18468 18524
18467 18524 18532
18533 18515 18514
18533 18514 18525
18515 18533 18534
18515 18534 18516
18516 18534 18535
18516 18535 18517
18517 18535 18536
18517 18536 18518
18518 18536 18537
18518 18537 18519
18519 18537 18538
18519 18538 18520
18520 18538 18539
18520 18539 18521
18539 18540 18522
18522 18540 18523
18523 18540 18532
18523 18532 18524
18541 18534 18533
18534 18541 18542
18534 18542 18535
18542 18543 18536
18536 18543 18544
18536 18544 18537
18537 18544 18538
18544 18545 18538
18539 18545 18540
18540 18545 18531
18540 18531 18532
18525 18526 18533
18542 18527 18543
18541 18528 18527
18541 18527 18542
18544 18543 18529
18544 18529 18530
18538 18545 18539
18539 18522 18521
18541 18533 18526
3664 18481 3665
18544 18530 18531
18544 18531 18545
18526 18528 18541
18473 18475 18472
18476 18475 18473
18440 18439 18459
18445 18450 18449
18546 18443 18547
18528 18526 18460
18528 18460 18463
18463 18460 18459
18463 18459 18439
18457 18525 18455
18548 18549 18550
18548 18550 18551
18549 18552 18550
18553 18552 4899
18553 4899 4898
18554 18555 18551
18556 18554 18551
18556 18551 18550
18550 18552 18553
18557 18555 18554
18549 18548 18558
18549 18558 18559
18560 18552 18549
18560 18549 18559
18560 4905 4899
18560 4899 18552
18550 18553 18556
18561 18562 18563
18561 18563 18564
18564 18563 18565
18553 4898 4926
18553 4926 18565
18554 18562 18566
18556 18563 18562
18556 18562 18554
18563 18553 18565
18557 18554 18566
18564 18567 18568
18564 18568 18561
18564 18565 18569
18564 18569 18567
4926 4929 18569
4926 18569 18565
18563 18556 18553
18461 18460 18457
18458 18461 18457
18496 18489 18488
18488 18480 18478
18543 18527 18529
18433 18462 18437
18542 18536 18535
18506 18497 18496
18570 5293 5294
18570 5294 18571
18572 5295 5298
18572 5298 18573
18574 18570 18571
18574 18571 18575
18576 18572 18573
18576 18573 18577
18578 18574 18575
18578 18575 18579
18580 18576 18577
18580 18577 18581
18582 18578 18579
18582 18579 18583
18584 18580 18581
18584 18581 18585
18586 18582 18583
18586 18583 18587
18588 18584 18585
18588 18585 18589
18590 18586 18587
18590 18587 18591
18592 18588 18593
18592 18593 18594
18595 18596 18597
18598 18599 18600
18598 18600 18601
18598 18602 18603
18598 18603 18599
18604 18605 18606
18604 18606 18607
18608 18609 18606
18608 18606 18605
18610 18611 18609
18610 18609 18608
18612 18613 18611
18612 18611 18610
18614 18615 18616
18617 18592 18618
18617 18618 18619
18620 18588 18617
18621 18584 18588
18621 18588 18620
18622 18580 18584
18622 18584 18621
18623 18576 18580
18623 18580 18622
18624 18572 18576
18624 18576 18623
18625 5295 18572
18625 18572 18624
5340 5296 5295
5340 5295 18625
18603 18626 18627
18603 18627 18599
18628 18629 18627
18628 18627 18626
18630 18631 18632
18633 18634 18631
18633 18631 18630
18635 18636 18634
18635 18634 18633
18637 18638 18636
18637 18636 18635
5351 18639 18638
5351 18638 18637
5344 5343 18639
5344 18639 5351
18640 18600 18599
18640 18599 18627
18641 18640 18627
18641 18627 18629
18642 18641 18629
18642 18629 18631
18643 18642 18631
18643 18631 18634
18643 18636 18644
18645 18644 18636
18645 18636 18638
18646 18645 18638
18646 18638 18639
18647 18646 18639
18647 18639 5343
18647 5343 5342
18647 5342 5346
18648 18604 18600
18648 18600 18640
18649 18648 18640
18649 18640 18641
18650 18649 18641
18650 18641 18642
18651 18650 18642
18651 18642 18643
18651 18644 18652
18653 18652 18644
18653 18644 18645
18654 18653 18645
18654 18645 18646
18655 18654 18646
18655 18646 18647
18656 18655 18647
18656 18647 5346
18657 18656 5346
18657 5346 5345
5353 18657 5345
5353 5345 5347
18658 18605 18604
18658 18604 18648
18659 18658 18648
18659 18648 18649
18660 18659 18649
18660 18649 18650
18661 18660 18650
18661 18650 18651
18661 18652 18662
18663 18662 18652
18663 18652 18653
18664 18663 18653
18664 18653 18654
18665 18664 18654
18665 18654 18655
18666 18665 18655
18666 18655 18656
18667 18666 18656
18667 18656 18657
18668 18667 18657
18668 18657 5353
18625 18668 5353
18625 5353 5340
18669 18608 18605
18669 18605 18658
18670 18669 18658
18670 18658 18659
18671 18670 18659
18671 18659 18660
18672 18671 18660
18672 18660 18661
18673 18672 18661
18673 18661 18662
18674 18673 18662
18674 18662 18663
18675 18674 18663
18675 18663 18664
18676 18675 18664
18676 18664 18665
18677 18676 18665
18677 18665 18666
18678 18677 18666
18678 18666 18667
18679 18678 18667
18679 18667 18668
18624 18679 18668
18624 18668 18625
18680 18610 18608
18680 18608 18669
18681 18612 18680
18616 18612 18681
18682 18617 18619
18682 18619 18683
18684 18620 18617
18684 18617 18682
18685 18621 18620
18685 18620 18684
18686 18622 18621
18686 18621 18685
18687 18623 18622
18687 18622 18686
18623 18687 18679
18623 18679 18624
18688 18680 18669
18688 18669 18670
18689 18688 18670
18689 18670 18671
18690 18689 18671
18690 18671 18672
18691 18690 18672
18691 18672 18673
18692 18691 18673
18692 18673 18674
18693 18692 18674
18693 18674 18675
18694 18693 18675
18694 18675 18676
18694 18677 18695
18677 18678 18695
18687 18695 18678
18687 18678 18679
18696 18688 18689
18697 18696 18689
18697 18689 18690
18697 18691 18698
18699 18698 18691
18699 18691 18692
18692 18693 18699
18699 18693 18700
18694 18695 18700
18686 18700 18695
18686 18695 18687
18680 18688 18681
18697 18698 18682
18696 18697 18682
18696 18682 18683
18684 18698 18699
18684 18699 18685
18693 18694 18700
18694 18676 18677
18696 18681 18688
5350 5351 18637
18686 18685 18699
18686 18699 18700
18681 18696 18683
18629 18628 18632
18631 18629 18632
18594 18614 18618
18601 18600 18604
18701 18702 18596
18616 18681 18683
18616 18683 18619
18614 18616 18619
18614 18619 18618
18612 18610 18680
18615 18612 18616
18613 18612 18615
18651 18643 18644
18643 18634 18636
18698 18684 18682
18588 18592 18617
18697 18690 18691
18661 18651 18652
18703 18704 18705
18703 18705 18706
18707 18708 18709
18707 18709 18710
18706 18705 18711
18706 18711 18712
18713 18714 18715
18716 18717 18712
18716 18712 18711
18717 18716 18718
18717 18718 18719
18720 18721 18722
18723 18724 18725
18723 18725 18726
18727 18728 18729
18727 18729 18730
18727 18730 18731
18727 18731 18732
18733 18731 18734
18733 18734 18735
18736 18733 18735
18736 18735 18737
18738 18736 18737
18738 18737 18739
18725 18740 18741
18725 18741 18726
18742 18743 18744
18731 18730 18734
18745 18732 18731
18745 18731 18733
18746 18747 18744
18748 18745 18733
18748 18733 18736
18749 18750 18746
18751 18748 18736
18751 18736 18738
18752 18753 18749
18740 18738 18739
18740 18739 18741
18754 18755 18756
18754 18756 18757
18758 18759 18760
18758 18760 18761
18762 18763 18759
18762 18759 18758
18764 18765 18766
18764 18766 18767
18768 18769 18770
18768 18770 18771
18772 18773 18774
18775 18776 18777
18775 18777 18764
18773 18772 18778
18779 18775 18767
18780 18781 18782
18780 18782 18783
18761 18760 18784
18761 18784 18785
18772 18774 18786
18752 18783 18782
18752 18782 18753
18787 18788 18789
18790 18778 18772
18791 18792 18793
18781 18791 18794
18781 18794 18795
18791 18793 18794
18796 18789 18780
18796 18780 18797
18787 18789 18796
18773 18778 18798
18773 18798 18799
18764 18767 18775
18800 18801 18802
18803 18804 18805
18806 18807 18808
18806 18808 18809
18810 18811 18812
18810 18812 18813
18814 18815 18816
18817 18818 18819
18817 18819 18820
18819 18818 18821
18819 18821 18822
18822 18821 18823
18822 18823 18824
18825 18826 18827
18825 18827 18828
18826 18829 18827
18830 18831 18832
18830 18832 18833
18813 18812 18807
18813 18807 18806
18834 18835 18836
18837 18836 18838
18837 18838 18839
18839 18838 18840
18839 18840 18841
18825 18828 18816
18825 18816 18842
18817 18820 18843
18797 18780 18783
18781 18795 18782
18844 18845 18846
18846 18845 18847
18802 18848 18844
18849 18850 18851
18849 18851 18852
18853 18849 18852
18853 18852 18854
18855 18853 18854
18855 18854 18856
18857 18858 18855
18857 18855 18856
18859 18860 18858
18859 18858 18857
18833 18832 18811
18833 18811 18810
18754 18809 18808
18754 18808 18755
18816 18861 18842
18816 18815 18861
18862 18836 18837
18834 18836 18862
18827 18829 18863
18863 18829 18864
18840 18865 18866
18840 18866 18841
18867 18722 18723
18723 18721 18724
18863 18864 18868
18863 18868 18869
18870 18871 18872
18870 18872 18873
18871 18874 18872
18875 18870 18873
18875 18873 18876
18876 18877 18878
18876 18878 18875
18879 18880 18881
18879 18881 18882
18881 18880 18883
18884 18885 18882
18884 18882 18881
18886 18887 18885
18886 18885 18884
18888 18889 18890
18891 18847 18892
18893 18891 18892
18894 18891 18895
18896 18897 18898
18896 18898 18899
18900 18898 18897
18897 18901 18900
18897 18902 18901
18896 18899 18903
18904 18860 18859
18904 18859 18905
18904 18905 18906
18904 18906 18907
18886 18889 18887
18890 18889 18886
18896 18908 18909
18896 18903 18908
18890 18910 18911
18890 18911 18888
18888 18911 18868
18888 18868 18864
18912 18913 18914
18912 18914 18915
18916 18917 18918
18916 18918 18919
18723 18722 18721
18867 18719 18718
18867 18718 18722
18920 18921 18720
18920 18720 18722
18919 18922 18923
18919 18923 18916
18924 18894 18895
18925 18894 18924
18925 18924 18926
18927 18928 18929
18930 18931 18929
18930 18929 18928
18713 18932 18714
18931 18930 18933
18931 18933 18934
18933 18935 18934
18936 18937 18938
18937 18939 18940
18937 18940 18938
18941 18940 18939
18941 18939 18942
18943 18941 18942
18943 18942 18944
18920 18945 18946
18920 18946 18921
18947 18946 18945
18947 18945 18948
18949 18947 18948
18949 18948 18950
18922 18951 18952
18922 18952 18923
18953 18952 18951
18953 18951 18954
18955 18953 18954
18955 18954 18956
18926 18957 18958
18926 18958 18925
18959 18958 18957
18959 18957 18960
18959 18960 18961
18962 18961 18960
18962 18960 18963
18964 18955 18956
18964 18956 18965
18965 18966 18964
18963 18967 18968
18963 18968 18962
18969 18968 18967
18969 18967 18970
18971 18972 18949
18971 18949 18950
18971 18973 18974
18971 18974 18972
18975 18976 18943
18975 18943 18944
18976 18975 18977
18892 18847 18845
18978 18979 18980
18978 18981 18979
18982 18983 18984
18980 18985 18986
18710 18709 18987
18988 18984 18989
18990 18991 18992
18993 18991 18990
18994 18993 18995
18994 18995 18996
18997 18994 18996
18998 18997 18999
19000 19001 19002
19000 19002 19003
19001 19000 19004
19001 19004 19005
19005 19004 19006
19005 19006 19007
19008 19009 19010
19008 19010 19011
19012 19010 19009
19012 19009 19013
19014 19012 19013
19014 19013 19015
19016 19014 19015
19016 19015 19017
19018 19019 19020
18992 19021 19022
19023 19024 19025
19023 19025 19026
19027 19028 19029
19030 19031 19027
19032 19033 19031
19032 19031 19030
19034 19035 19033
18998 19036 19037
19038 19025 19024
19038 19024 19039
19040 19038 19039
19040 19039 19041
19042 19040 19041
19042 19041 19043
19044 19045 18986
19044 18986 18985
19046 19047 19045
19046 19045 19044
19048 19049 19047
19048 19047 19046
19050 19051 19049
19050 19049 19048
19052 19053 19054
18982 19028 18983
19029 19028 18982
18992 18991 19021
18800 18802 18844
18800 18844 18846
18844 18848 18845
19055 19056 19003
19055 19003 19002
19057 19056 19055
19058 19023 19026
19059 19060 19061
19059 19061 19062
19063 19064 19065
19063 19065 19066
19067 19068 19069
19067 19069 19070
19070 19071 19072
19070 19072 19067
19073 19065 19064
19073 19064 19074
19061 19060 19075
19061 19075 19076
19074 19059 19062
19074 19062 19073
19066 19069 19068
19066 19068 19063
19077 19078 19079
19077 19079 19080
19081 19082 19083
19081 19083 19084
19085 19086 19087
19085 19087 19088
19089 19090 19091
19089 19091 19092
19093 19094 19095
19093 19095 19096
19097 19098 19094
19097 19094 19093
19099 19100 19101
19099 19101 19102
19092 19091 19103
19092 19103 19104
19088 19087 19105
19088 19105 19106
19107 19108 19082
19107 19082 19081
19109 19110 19078
19109 19078 19077
19111 19112 19110
19111 19110 19109
19080 19079 19108
19080 19108 19107
19106 19105 19113
19106 19113 19114
19096 19095 19086
19096 19086 19085
19084 19083 19090
19084 19090 19089
19115 19116 19117
19115 19117 19118
19119 19120 19121
19119 19121 19122
19123 19124 19125
19123 19125 19126
19127 19128 19129
19127 19129 19130
19131 19130 19129
19131 19129 19132
19119 19115 19118
19119 19118 19120
19133 19131 19132
19133 19132 19134
19135 19136 19137
19135 19137 19138
19139 19140 19141
19139 19141 19142
19140 19135 19138
19140 19138 19141
19143 19144 19145
19143 19145 19146
19147 19146 19145
19147 19145 19148
19149 19150 19151
19149 19151 19152
19143 19149 19152
19143 19152 19144
19153 19154 19155
19156 19157 19158
19159 19154 19160
19161 19157 19162
19155 19154 19159
19162 19157 19156
19163 19164 19165
19163 19165 19166
19167 19168 19169
19167 19169 19170
19171 19172 19173
19171 19173 19174
19172 19171 19175
19172 19175 19176
19177 19178 19170
19177 19170 19169
19165 19179 19180
19165 19180 19166
19178 19177 19164
19178 19164 19163
19168 19167 19174
19168 19174 19173
19181 19182 19183
19181 19183 19184
19185 19186 19187
19185 19187 19188
19189 19190 19191
19189 19191 19192
19193 19194 19195
19193 19195 19196
19197 19198 19199
19197 19199 19200
19201 19197 19200
19201 19200 19202
19203 19204 19205
19203 19205 19206
19194 19207 19208
19194 19208 19195
19190 19209 19210
19190 19210 19191
19211 19185 19188
19211 19188 19212
19213 19181 19184
19213 19184 19214
19215 19213 19214
19215 19214 19216
19182 19211 19212
19182 19212 19183
19209 19217 19218
19209 19218 19210
19198 19189 19192
19198 19192 19199
19186 19193 19196
19186 19196 19187
19219 19220 19221
19219 19221 19222
19223 19224 19225
19223 19225 19226
19222 19221 19224
19222 19224 19223
19227 19228 19229
19227 19229 19230
19229 19228 19231
19229 19231 19232
19233 19234 19235
19233 19235 19236
19236 19235 19227
19236 19227 19230
19237 19238 19239
19240 19241 19242
19243 19244 19239
19245 19246 19242
19238 19243 19239
19246 19240 19242
19247 19248 19249
19247 19249 19250
19250 19249 19251
19250 19251 19252
19252 19251 19253
19252 19253 19254
19254 19253 19255
19254 19255 19256
19256 19255 19257
19256 19257 19258
19258 19257 19259
19258 19259 19260
19261 19262 19263
19261 19263 19264
19265 19261 19264
19265 19264 19266
19267 19265 19266
19267 19266 19268
19269 19267 19268
19269 19268 19270
19271 19269 19270
19271 19270 19272
19273 19271 19272
19273 19272 19274
19275 19276 19277
19275 19277 19278
19279 19280 19276
19279 19276 19275
19281 19282 19280
19281 19280 19279
19283 19284 19282
19283 19282 19281
19285 19286 19284
19285 19284 19283
19287 19288 19286
19287 19286 19285
19289 19290 19291
19289 19291 19292
19290 19293 19294
19290 19294 19291
19293 19295 19296
19293 19296 19294
19295 19297 19298
19295 19298 19296
19297 19299 19300
19297 19300 19298
19299 19301 19302
19299 19302 19300
19303 19304 19305
19303 19305 19306
19307 19308 19304
19307 19304 19303
19309 19310 19308
19309 19308 19307
19311 19312 19310
19311 19310 19309
19313 19314 19312
19313 19312 19311
19315 19316 19314
19315 19314 19313
19317 19318 19319
19317 19319 19320
19321 19317 19320
19321 19320 19322
19323 19321 19322
19323 19322 19324
19325 19323 19324
19325 19324 19326
19327 19325 19326
19327 19326 19328
19329 19327 19328
19329 19328 19330
19331 19332 19333
19331 19334 19332
19331 19335 19334
19331 19336 19335
19331 19337 19336
19333 19332 19338
19333 19338 19339
19332 19334 19340
19332 19340 19338
19334 19335 19341
19334 19341 19340
19335 19336 19342
19335 19342 19341
19336 19337 19343
19336 19343 19342
19339 19338 19344
19339 19344 19345
19338 19340 19346
19338 19346 19344
19340 19341 19347
19340 19347 19346
19341 19342 19348
19341 19348 19347
19342 19343 19349
19342 19349 19348
19345 19344 19350
19345 19350 19351
19344 19346 19352
19344 19352 19350
19346 19347 19353
19346 19353 19352
19347 19348 19354
19347 19354 19353
19348 19349 19355
19348 19355 19354
19356 19351 19350
19356 19350 19352
19356 19352 19353
19356 19353 19354
19356 19354 19355
19357 19358 19359
19357 19359 19360
19357 19360 19361
19357 19361 19362
19357 19362 19363
19358 19364 19365
19358 19365 19359
19359 19365 19366
19359 19366 19360
19360 19366 19367
19360 19367 19361
19361 19367 19368
19361 19368 19362
19362 19368 19369
19362 19369 19363
19364 19370 19371
19364 19371 19365
19365 19371 19372
19365 19372 19366
19366 19372 19373
19366 19373 19367
19367 19373 19374
19367 19374 19368
19368 19374 19375
19368 19375 19369
19370 19376 19377
19370 19377 19371
19371 19377 19378
19371 19378 19372
19372 19378 19379
19372 19379 19373
19373 19379 19380
19373 19380 19374
19374 19380 19381
19374 19381 19375
19382 19377 19376
19382 19378 19377
19382 19379 19378
19382 19380 19379
19382 19381 19380
19383 19384 19385
19383 19385 19386
19387 19384 19388
19389 19390 19391
19389 19391 19392
19393 19392 19391
19393 19391 19394
19394 19387 19395
19396 19386 19385
19396 19385 19397
19387 19388 19398
19388 19384 19383
19394 19395 19393
19395 19387 19398
19399 19400 19401
19400 19402 19403
19404 19405 19406
19405 19407 19406
19399 19401 19408
19409 19410 19411
19411 19412 19413
19414 19415 19416
19416 19415 19417
19409 19418 19410
19403 19402 19419
19413 19412 19420
19401 19400 19403
19411 19410 19412
18746 18750 18747
18749 18753 18750
18744 18747 18742
19421 19422 19423
19421 19423 13172
19424 19425 19426
19424 19426 19427
19428 19429 19430
19431 19428 19432
19433 19431 19432
19433 19432 19434
19435 19436 19437
19435 19437 19438
19439 19440 19441
19442 19443 19444
19445 19446 19447
19448 19449 19450
19448 19450 19451
19452 19453 19454
19452 19454 19455
19450 19449 19456
19450 19456 19457
19458 19459 19460
19458 19460 19461
19462 19463 19464
19462 19464 19465
19455 19424 19427
19455 19427 19452
19454 19465 19466
19454 19466 19467
19465 19454 19453
19465 19453 19462
13134 19468 13171
13134 13171 13135
19422 19433 19434
19422 19434 19423
13144 13178 19434
13144 19434 19432
19430 13144 19432
19462 19453 19422
19462 19422 19421
19453 19452 19433
19453 19433 19422
19428 19431 19427
19428 19427 19426
19431 19433 19452
19431 19452 19427
19426 19429 19428
19469 19470 13139
19469 13139 13184
19470 19447 13140
19470 13140 13139
13132 19471 13136
19451 19463 19468
19451 19468 13134
19451 13134 13136
19451 13136 19448
19468 19421 13172
19468 13172 13171
19463 19462 19421
19463 19421 19468
19464 19463 19451
19464 19451 19450
19438 19437 19472
19438 19472 19473
19425 19424 19474
19466 19465 19464
19466 19464 19475
19476 19473 19472
19476 19472 19461
19424 19455 19441
19424 19441 19474
19440 19439 19477
19440 19477 19436
19464 19450 19457
19464 19457 19475
19423 19434 13178
19423 13178 13179
13172 19423 13179
13172 13179 13173
19478 19443 19442
19425 19443 19426
19479 19444 19425
19480 19481 19460
19449 19446 19456
19482 19470 19469
19482 19469 19480
19439 19441 19467
19474 19441 19483
19474 19483 19484
19471 19446 19449
19471 19449 19448
13140 19447 13132
19446 19445 19459
19482 19445 19470
19479 19474 19484
19485 13233 19486
19485 19486 19487
19488 19489 19490
19488 19490 19491
19492 19493 19494
19495 19496 19492
19497 19498 19496
19497 19496 19495
19499 19500 19501
19499 19501 19502
19503 19504 19505
19506 19507 19508
19509 19510 19511
19509 19511 19512
19513 19514 19515
19513 19515 19516
19517 19518 19519
19517 19519 19520
19521 19516 19515
19521 19515 19522
19523 19524 19525
19523 19525 19526
19527 19528 19529
19527 19529 19530
19518 19517 19491
19518 19491 19490
19519 19531 19532
19519 19532 19528
19528 19527 19520
19528 19520 19519
13193 13195 13230
13193 13230 19533
19487 19486 19498
19487 19498 19497
13203 19496 19498
13203 19498 13237
19493 19496 13203
19527 19485 19487
19527 19487 19520
19520 19487 19497
19520 19497 19517
19492 19488 19491
19492 19491 19495
19495 19491 19517
19495 19517 19497
19488 19494 19508
19534 13242 13198
19534 13198 19535
13197 19510 19535
13197 19535 13198
13192 13194 19511
19514 13193 19533
19514 19533 19530
19514 19513 13194
19514 13194 13193
19533 13230 13233
19533 13233 19485
19530 19533 19485
19530 19485 19527
19529 19515 19514
19529 19514 19530
19500 19536 19537
19500 19537 19501
19489 19538 19539
19489 19539 19490
19529 19528 19532
19529 19532 19540
19537 19536 19541
19537 19541 19526
19490 19539 19542
19490 19542 19518
19543 19544 19503
19543 19503 19502
19522 19515 19529
19522 19529 19540
19486 13238 13237
19486 13237 19498
13233 13232 13238
13233 13238 19486
19545 19508 19494
19489 19508 19507
19538 19489 19507
19546 19547 19523
19516 19521 19512
19547 19546 19534
19547 19534 19535
19544 19531 19542
19539 19548 19504
19539 19504 19542
19511 19513 19516
19511 19516 19512
13197 13192 19510
19512 19524 19509
19547 19535 19510
19547 19510 19509
19538 19548 19539
19432 19428 19430
19492 19496 19493
19429 19426 19443
19443 19425 19444
19494 19488 19492
19508 19489 19488
19443 19478 19429
19508 19545 19506
19457 19456 19458
19457 19458 19549
19439 19467 19466
19439 19466 19477
19477 19466 19475
19477 19475 19550
19475 19457 19549
19525 19521 19522
19525 19522 19551
19532 19531 19544
19532 19544 19543
19540 19532 19543
19540 19543 19552
19522 19540 19551
19456 19459 19458
19456 19446 19459
19467 19455 19454
19467 19441 19455
19518 19531 19519
19542 19531 19518
19524 19521 19525
19512 19521 19524
19550 19437 19436
19550 19436 19477
19549 19472 19437
19549 19437 19550
19461 19472 19549
19461 19549 19458
19553 19440 19436
19553 19436 19435
19502 19501 19552
19502 19552 19543
19501 19537 19551
19501 19551 19552
19551 19537 19526
19551 19526 19525
19502 19503 19505
19502 19505 19499
19483 19440 19553
19441 19440 19483
19504 19503 19542
19542 19503 19544
19461 19460 19481
19461 19481 19476
19554 19523 19526
19554 19526 19541
19546 19523 19554
19523 19547 19524
19482 19460 19459
19480 19460 19482
19459 19445 19482
19509 19524 19547
19447 19446 19471
19470 19445 19447
19551 19540 19552
19475 19549 19550
13545 19555 19556
19556 19555 19557
19558 19559 19557
19557 19559 19560
19559 19561 19560
19555 19558 19557
13549 13548 19556
13549 19556 19562
13545 19556 13548
13545 13548 13543
19563 19562 19557
19563 19557 19560
19564 19563 19560
19564 19560 19565
19565 19560 19561
19565 19561 19566
19564 13554 13557
19564 13557 19563
13579 19562 19563
13579 19563 13557
19556 19557 19562
13597 13549 19562
13597 19562 13579
13672 19567 19568
19567 19569 19568
19570 19569 19571
19569 19572 19571
19571 19572 19573
19568 19569 19570
13675 19567 13676
13675 19574 19567
13672 13671 13676
13672 13676 19567
19569 19574 19575
19569 19575 19572
19572 19575 19576
19572 19576 19577
19577 19578 19573
19577 19573 19572
13685 13684 19576
13685 19576 19575
13706 13685 19575
13706 19575 19574
19567 19574 19569
13725 13706 19574
13725 19574 13675
18437 18440 18438
18433 18438 18434
19425 19474 19479
18593 18588 18589
18998 18999 19579
19006 19020 19580
19006 19580 19007
19581 19053 19042
19581 19042 19043
18998 19579 19036
18547 18443 18442
19020 19019 19580
18997 18996 18999
18445 18449 18485
18485 18470 18446
18446 18445 18485
18480 18477 18478
18993 18990 18995
18998 19035 19034
18998 19037 19035
18895 18891 18893
19054 19053 19581
18601 18604 18607
19034 19033 19032
19030 19027 19029
18592 18594 18618
18982 18984 18988
18978 18980 18986
18596 18702 18597
19582 18803 18805
19583 19584 19585
19583 19585 19586
19587 19588 19589
19587 19589 19590
19589 19591 19592
19589 19592 19590
19585 19584 19593
19585 19593 19594
19593 19595 19596
19593 19596 19594
19597 19598 19599
19597 19599 19600
19599 19601 19602
19599 19602 19600
19601 19603 19604
19601 19604 19602
19603 19588 19587
19603 19587 19604
19605 19606 19607
19605 19607 19608
19609 19610 19611
19609 19611 19612
19613 19614 19609
19613 19609 19612
19615 19616 19617
19617 19616 19614
19617 19614 19613
19618 19619 19620
19610 19618 19620
19610 19620 19611
19606 19621 19622
19606 19622 19607
19622 19621 19583
19622 19583 19586
19623 19624 19625
19623 19625 19626
19627 19628 19624
19627 19624 19623
19629 19630 19631
19629 19631 19632
19632 19631 19628
19632 19628 19627
19633 19634 19635
19633 19635 19636
19636 19635 19630
19636 19630 19629
19637 19638 19639
19637 19639 19640
19640 19639 19641
19640 19641 19642
19643 19644 19645
19643 19645 19646
19646 19645 19638
19646 19638 19637
19647 19648 19649
19647 19649 19650
19650 19649 19644
19650 19644 19643
19651 19652 19653
19651 19653 19654
19655 19656 19657
19655 19657 19658
19657 19656 19659
19657 19659 19660
19653 19661 19662
19653 19662 19654
19662 19661 19663
19662 19663 19664
19665 19666 19667
19665 19667 19668
19667 19666 19669
19667 19669 19670
19670 19669 19671
19670 19671 19672
19672 19671 19655
19672 19655 19658
19673 19674 19675
19673 19675 19676
19677 19678 19679
19677 19679 19680
19681 19678 19677
19681 19677 19682
19683 19684 19685
19684 19681 19682
19684 19682 19685
19686 19687 19688
19680 19679 19687
19680 19687 19686
19676 19675 19689
19676 19689 19690
19689 19652 19651
19689 19651 19690
19691 19692 19693
19691 19693 19694
19695 19691 19694
19695 19694 19696
19697 19698 19699
19697 19699 19700
19698 19695 19696
19698 19696 19699
19701 19702 19703
19701 19703 19704
19702 19697 19700
19702 19700 19703
19705 19706 19707
19705 19707 19708
19706 19709 19710
19706 19710 19707
19711 19712 19713
19711 19713 19714
19712 19705 19708
19712 19708 19713
19715 19716 19717
19715 19717 19718
19716 19711 19714
19716 19714 19717
3692 3694 19719
5378 5380 6267
6403 6402 19720
6403 19720 19721
6397 6400 6415
19722 19723 6471
19722 6471 19724
6480 6479 19725
6480 19725 19726
6470 6469 6474
6469 6471 19723
19727 6415 6414
6397 6415 19727
4785 4784 19728
4785 19728 19729
19730 4795 4794
19730 4794 19731
19732 4717 4716
19732 4716 19733
4711 4710 4727
4783 19734 4787
4783 4785 19734
4727 19735 4728
4727 4710 19735
4744 4758 4776
4744 4776 4707
4770 4769 19736
4770 19736 4775
4769 4758 4757
4769 4757 19736
4770 4873 19737
4770 19737 4767
4873 4875 19738
4873 19738 19737
6463 6444 6433
6463 6433 6393
19739 6456 6455
19739 6455 6560
6445 6444 6456
6445 6456 19739
19740 6558 6455
19740 6455 6454
19741 6562 6558
19741 6558 19740
6393 6433 6432
6393 6432 6395
4745 4744 4707
4745 4707 4709
6428 6427 6447
6428 6447 6462
19742 6505 6498
19742 6498 6504
6461 6447 6560
6461 6505 19742
6510 6505 6461
6560 6447 6446
4760 4738 4742
4760 4742 19743
4812 4820 19744
4812 19744 4817
4774 4760 19743
4760 4775 4759
4824 4820 4819
4820 4774 19744
13664 13639 13638
13664 13638 13621
13663 13642 13641
13663 13641 13651
13640 13639 13663
13640 13663 13651
13768 13767 13792
13768 13792 13750
13769 13772 13791
13769 13791 13779
13791 13767 13766
13791 13766 13779
13643 13642 13662
13643 13662 19745
13789 13772 13771
13789 13771 19746
13647 13637 13646
13775 13765 13764
13635 13638 13637
13768 13764 13765
13137 13165 13166
13131 13140 13132
13161 13164 13175
13239 13225 13240
13223 13190 13225
13197 13190 13192
19510 13192 19511
13192 13191 13194
19511 13194 19513
13132 19447 19471
13133 13132 13136
13131 13164 13165
13136 19471 19448
13679 13760 13742
19747 19748 19749
19750 19751 19752
19750 19752 19753
19754 19755 19756
19754 19756 19757
19758 19759 19760
19758 19760 19761
19762 19763 19764
19762 19764 19765
19766 19767 19768
19766 19768 19769
19770 19771 19772
19770 19772 19773
19774 19775 19776
19774 19776 19777
19778 19779 19780
19778 19780 19781
19782 19783 19784
19785 19786 19787
19785 19787 19788
19789 19790 19791
19789 19791 19792
19793 19794 19749
19793 19749 19795
19747 19796 19797
19798 19799 19800
19801 19802 19803
19801 19803 19804
19805 19806 19807
19805 19807 19808
19809 19810 19811
19809 19811 19812
19813 19814 19815
19813 19815 19816
19817 19818 19819
19817 19819 19820
19821 19822 19823
19821 19823 19824
19825 19826 19827
19825 19827 19828
19829 19830 19831
19829 19831 19832
19833 19834 19835
19836 19837 19838
19836 19838 19839
19840 19841 19842
19840 19842 19843
19844 19845 19800
19844 19800 19846
19798 19847 19848
19796 19747 19749
19796 19749 19794
19849 19850 19851
19852 19853 19854
19796 19794 19855
19847 19798 19800
19847 19800 19845
19856 19857 19858
19859 19860 19861
19847 19845 19862
19863 19864 19865
19863 19865 19866
19867 19868 19869
19867 19869 19870
19871 19872 19873
19793 19795 19874
19875 19876 19877
19875 19877 19878
19879 19880 19881
19879 19881 19882
19883 19884 19885
19844 19846 19886
19887 19888 19889
19890 19891 19892
19890 19892 19893
19894 19895 19896
19894 19896 19897
19898 19899 19900
19898 19900 19901
19902 19903 19904
19902 19904 19905
19906 19907 19908
19906 19908 19909
19910 19911 19912
19910 19912 19913
19914 19915 19916
19914 19916 19917
19918 19919 19920
19918 19920 19921
19922 19923 19924
19925 19926 19927
19925 19927 19928
19929 19930 19931
19929 19931 19932
19888 19933 19934
19888 19934 19935
19887 19936 19937
19938 19939 19940
19941 19942 19943
19941 19943 19944
19945 19946 19947
19945 19947 19948
19949 19950 19951
19949 19951 19952
19953 19954 19955
19953 19955 19956
19957 19958 19959
19957 19959 19960
19961 19962 19963
19961 19963 19964
19965 19966 19967
19965 19967 19968
19969 19970 19971
19969 19971 19972
19973 19974 19975
19976 19977 19978
19976 19978 19979
19980 19981 19982
19980 19982 19983
19939 19984 19985
19939 19985 19986
19938 19987 19988
19888 19887 19937
19888 19937 19933
19989 19990 19991
19992 19993 19994
19937 19995 19933
19939 19938 19988
19939 19988 19984
19996 19997 19998
19999 20000 20001
19988 20002 19984
20003 20004 20005
20003 20005 20006
20007 20008 20009
20007 20009 20010
20011 20012 20013
19934 20014 19935
20015 20016 20017
20015 20017 20018
20019 20020 20021
20019 20021 20022
20023 20024 20025
19985 20026 19986
20027 20028 20029
20028 20030 20029
20030 20031 20029
20031 20032 20029
20032 20033 20029
20033 20034 20029
20034 20035 20029
20035 20027 20029
20036 20037 20038
20039 20037 20040
20041 20042 20043
20044 20045 20046
20047 20048 20049
20050 20051 20052
20053 20054 20055
20053 20056 20057
20058 20059 20060
20054 20053 20061
20062 20048 20047
20043 20042 20063
20038 20037 20039
20059 20064 20065
20060 20059 20065
20049 20048 20066
20053 20055 20056
20067 20068 20069
20069 20070 20071
20069 20068 20070
20069 20071 20072
20069 20072 20073
20074 20075 20076
20077 20078 20076
20079 20080 20081
20082 20083 20084
20085 20086 20087
20088 20089 20090
20091 20092 20093
20091 20094 20095
20096 20097 20098
20093 20099 20091
20100 20085 20087
20080 20101 20081
20075 20077 20076
20102 20103 20104
20105 20106 20107
20086 20108 20087
20091 20095 20092
20109 20110 20111
20110 20112 20113
20110 20113 20111
20110 20114 20112
20110 20115 20114
