byte offset: 0
first index: 0
index count: 64626
topology: trianglelist
format: DXGI_FORMAT_R16_UINT

0 1 2
0 2 3
4 5 6
4 6 7
2 8 9
2 9 3
4 1 0
4 0 5
10 11 12
10 12 13
14 15 16
14 16 17
18 19 20
18 20 21
22 23 15
22 15 14
24 25 19
24 19 18
26 27 28
26 28 29
30 31 32
30 32 33
21 20 34
21 34 35
29 28 23
29 23 22
35 34 36
35 36 37
38 39 40
38 40 41
40 42 43
44 45 46
45 47 48
45 48 46
44 46 49
44 49 50
38 49 39
49 48 51
49 51 42
49 42 39
44 50 52
44 52 53
52 38 41
42 51 54
42 54 43
54 48 47
46 48 49
50 49 38
39 42 40
53 45 44
50 38 52
51 48 54
55 56 57
55 57 58
57 59 60
61 62 63
63 62 64
63 64 65
61 66 67
61 67 62
55 58 67
67 68 64
67 58 60
67 60 68
61 69 70
61 70 66
70 56 55
60 59 71
60 71 68
71 65 64
62 67 64
66 55 67
58 57 60
69 61 63
66 70 55
68 71 64
72 73 74
72 74 75
74 76 77
78 79 80
80 79 81
80 81 82
78 83 84
78 84 79
72 75 84
84 85 81
84 75 77
84 77 85
78 86 87
78 87 83
87 73 72
77 76 88
77 88 85
88 82 81
79 84 81
83 72 84
75 74 77
86 78 80
83 87 72
85 88 81
89 90 91
89 91 92
91 93 94
95 96 97
96 98 99
96 99 97
95 97 100
95 100 101
89 100 90
100 99 102
100 102 93
100 93 90
95 101 103
95 103 104
103 89 92
93 102 105
93 105 94
105 99 98
97 99 100
101 100 89
90 93 91
104 96 95
101 89 103
102 99 105
106 107 108
106 108 109
107 110 111
107 111 108
112 106 109
112 109 113
114 115 116
114 116 117
118 119 120
118 120 121
115 118 121
115 121 116
122 123 124
122 124 125
125 124 126
125 126 127
128 129 123
128 123 122
130 131 132
130 132 133
134 135 136
134 136 137
133 132 135
133 135 134
138 139 140
138 140 141
141 140 142
141 142 143
144 145 139
144 139 138
146 147 148
146 148 149
150 151 152
150 152 153
149 148 151
149 151 150
154 155 156
154 156 157
155 158 159
155 159 156
160 154 157
160 157 161
162 163 164
162 164 165
166 167 168
166 168 169
163 166 169
163 169 164
170 171 172
170 172 173
173 172 174
175 176 177
178 179 180
178 180 181
181 180 182
181 182 183
184 185 186
184 186 187
185 188 189
185 189 186
175 190 176
191 190 175
192 193 194
192 194 195
193 196 194
197 198 199
200 201 202
200 202 203
201 204 205
201 205 202
206 207 208
206 208 209
209 208 210
209 210 211
197 199 212
213 197 212
214 215 216
214 216 217
218 219 220
218 220 221
215 218 221
215 221 216
222 223 224
225 226 227
225 227 228
228 227 229
230 214 217
230 217 231
224 223 232
224 232 233
234 235 236
234 236 237
238 239 240
238 240 241
237 236 239
237 239 238
242 243 244
245 246 247
245 247 248
246 249 247
250 251 235
250 235 234
243 252 253
243 253 244
254 255 256
254 256 257
258 259 260
258 260 261
262 256 255
262 255 263
264 265 266
264 266 267
268 265 264
269 270 271
272 273 274
272 274 275
267 266 276
267 276 277
271 270 273
271 273 272
278 261 260
278 260 279
280 262 263
280 263 281
259 258 254
259 254 257
282 283 284
282 284 285
286 287 288
286 288 289
290 291 285
290 285 284
292 293 294
292 294 295
296 292 295
297 298 299
300 301 302
300 302 303
293 304 305
293 305 294
298 300 303
298 303 299
306 307 288
306 288 287
308 309 291
308 291 290
289 283 282
289 282 286
310 311 312
310 312 313
314 315 316
314 316 317
318 319 316
318 316 315
312 319 318
312 318 313
320 321 322
320 322 323
324 325 326
324 326 327
328 327 326
328 326 329
322 321 328
322 328 329
330 331 332
330 332 333
334 335 336
334 336 337
338 337 336
338 336 339
332 331 338
332 338 339
340 341 342
340 342 343
344 345 346
344 346 347
348 349 346
348 346 345
342 349 348
342 348 343
350 351 352
350 352 353
354 355 356
354 356 357
358 359 360
358 360 361
362 363 364
362 364 365
366 362 365
366 365 367
368 369 370
368 370 371
372 373 374
357 375 376
357 376 354
377 378 379
377 379 380
381 370 369
382 383 384
382 384 385
386 387 383
386 383 382
367 387 386
367 386 366
388 374 373
388 373 389
355 361 360
355 360 356
380 379 388
380 388 389
377 390 391
377 391 378
392 391 390
393 394 395
393 395 396
396 395 368
396 368 371
393 397 398
393 398 394
399 398 397
352 359 358
352 358 353
363 376 375
363 375 364
400 401 402
400 402 403
404 405 406
404 406 407
408 409 410
408 410 411
412 413 414
412 414 415
416 417 413
416 413 412
418 419 420
418 420 421
422 423 424
405 404 425
405 425 426
427 428 429
427 429 430
431 421 420
432 433 434
432 434 435
436 432 435
436 435 437
417 416 436
417 436 437
438 439 424
438 424 423
407 406 410
407 410 409
428 439 438
428 438 429
427 430 440
427 440 441
442 441 440
443 444 445
443 445 446
444 419 418
444 418 445
443 446 447
443 447 448
449 448 447
402 401 408
402 408 411
415 414 426
415 426 425
450 451 452
450 452 453
454 455 456
454 456 457
458 459 460
458 460 461
462 463 464
462 464 465
466 467 463
466 463 462
468 469 470
468 470 471
472 473 474
455 454 475
455 475 476
477 478 479
477 479 480
481 471 470
482 483 484
482 484 485
486 482 485
486 485 487
467 466 486
467 486 487
488 489 474
488 474 473
457 456 460
457 460 459
478 489 488
478 488 479
477 480 490
477 490 491
492 491 490
493 494 495
493 495 496
494 469 468
494 468 495
493 496 497
493 497 498
499 498 497
452 451 458
452 458 461
465 464 476
465 476 475
500 501 502
500 502 503
504 505 506
504 506 507
508 509 510
508 510 511
512 513 514
512 514 515
516 512 515
516 515 517
518 519 520
518 520 521
522 523 524
507 525 526
507 526 504
527 528 529
527 529 530
531 520 519
532 533 534
532 534 535
536 537 533
536 533 532
517 537 536
517 536 516
538 524 523
538 523 539
505 511 510
505 510 506
530 529 538
530 538 539
527 540 541
527 541 528
542 541 540
543 544 545
543 545 546
546 545 518
546 518 521
543 547 548
543 548 544
549 548 547
502 509 508
502 508 503
513 526 525
513 525 514
550 551 552
550 552 553
554 555 556
554 556 557
558 559 560
558 560 561
559 562 563
559 563 560
564 563 562
564 562 565
555 554 558
555 558 561
566 550 553
566 553 567
551 557 556
551 556 552
568 566 567
568 567 569
570 571 572
573 574 575
576 570 572
576 572 577
578 573 575
578 575 579
580 576 577
580 577 581
582 578 579
582 579 583
583 584 582
580 585 586
580 586 587
581 585 580
584 583 588
584 588 589
590 591 592
590 592 593
594 595 596
594 596 597
598 599 600
598 600 601
601 600 602
601 602 603
604 605 603
604 603 602
597 599 598
597 598 594
606 607 591
606 591 590
593 592 596
593 596 595
608 609 607
608 607 606
610 611 612
613 614 615
616 617 611
616 611 610
618 619 614
618 614 613
620 621 617
620 617 616
622 623 619
622 619 618
623 622 624
620 625 626
620 626 627
621 620 627
624 628 629
624 629 623
630 631 632
630 632 633
634 635 636
634 636 637
631 638 639
631 639 632
635 640 641
635 641 636
642 643 644
642 644 645
646 647 648
646 648 649
643 630 633
643 633 644
647 634 637
647 637 648
650 651 652
650 652 653
654 655 656
654 656 657
651 642 645
651 645 652
655 646 649
655 649 656
658 659 660
658 660 661
662 663 664
662 664 665
661 660 666
661 666 667
665 664 668
665 668 669
670 671 672
670 672 673
674 675 676
674 676 677
673 672 659
673 659 658
677 676 663
677 663 662
678 679 680
678 680 681
682 683 684
682 684 685
681 680 671
681 671 670
685 684 675
685 675 674
686 687 688
686 688 689
690 691 692
690 692 693
689 688 694
689 694 695
693 692 696
693 696 697
698 699 700
698 700 701
702 703 704
702 704 705
701 700 687
701 687 686
705 704 691
705 691 690
706 707 708
706 708 709
710 711 712
710 712 713
709 708 699
709 699 698
713 712 703
713 703 702
714 715 716
714 716 717
718 719 720
718 720 721
715 722 723
715 723 716
719 724 725
719 725 720
726 727 728
726 728 729
730 731 732
730 732 733
727 714 717
727 717 728
731 718 721
731 721 732
734 735 736
734 736 737
738 739 740
738 740 741
735 726 729
735 729 736
739 730 733
739 733 740
742 743 744
742 744 745
746 747 748
749 750 751
749 751 752
753 754 743
753 743 742
755 756 757
755 757 747
758 759 760
761 762 763
761 763 764
764 763 765
764 765 766
745 744 767
745 767 768
766 765 759
766 759 758
769 770 762
769 762 761
771 772 754
771 754 753
773 774 775
773 775 776
777 772 771
746 755 747
774 778 779
774 779 775
773 776 757
773 757 756
780 781 782
780 782 783
784 785 786
787 788 789
787 789 790
791 780 783
791 783 792
793 786 794
793 794 795
796 797 798
799 800 801
799 801 802
800 803 804
800 804 801
781 805 806
781 806 782
803 796 798
803 798 804
807 799 802
807 802 808
809 791 792
809 792 810
811 812 813
811 813 814
815 809 810
784 786 793
814 813 816
814 816 817
811 795 794
811 794 812
818 819 820
818 820 821
822 823 824
825 826 827
825 827 828
829 818 821
829 821 830
831 824 832
831 832 833
834 835 836
837 838 839
837 839 840
838 841 842
838 842 839
819 843 844
819 844 820
841 834 836
841 836 842
845 837 840
845 840 846
847 829 830
847 830 848
849 850 851
849 851 852
853 847 848
822 824 831
852 851 854
852 854 855
849 833 832
849 832 850
856 857 858
856 858 859
860 861 862
863 864 865
863 865 866
867 868 857
867 857 856
869 870 871
869 871 861
872 873 874
875 876 877
875 877 878
878 877 879
878 879 880
859 858 881
859 881 882
880 879 873
880 873 872
883 884 876
883 876 875
885 886 868
885 868 867
887 888 889
887 889 890
891 886 885
860 869 861
888 892 893
888 893 889
887 890 871
887 871 870
894 895 896
897 898 899
897 899 900
901 902 903
901 903 904
905 906 907
905 907 908
894 896 909
910 901 904
910 904 911
912 913 914
915 895 894
916 914 917
917 914 913
918 919 920
921 922 923
921 923 924
925 926 927
925 927 928
929 930 931
929 931 932
918 933 919
934 935 926
934 926 925
936 937 938
939 918 920
940 941 937
941 938 937
942 943 944
942 944 945
946 947 948
946 948 949
950 948 947
950 947 951
945 952 953
945 953 942
954 955 956
954 956 957
957 956 958
959 960 955
959 955 954
961 944 943
961 943 962
963 964 965
963 965 966
964 967 965
968 963 966
968 966 969
952 946 949
952 949 953
970 971 972
970 972 973
974 975 976
977 975 974
976 975 978
973 972 976
973 976 978
979 980 981
979 981 982
983 984 985
986 983 985
984 987 985
980 987 984
980 984 981
988 989 990
991 992 993
994 995 996
994 996 997
998 999 1000
1001 1002 998
1001 998 1000
990 989 1003
1004 989 988
1005 1002 1001
1005 1001 1006
1007 1008 1009
1007 1009 1010
989 1011 1012
1013 997 996
1014 1005 1006
1015 1016 1017
1015 1017 1018
1003 989 1012
1012 1019 1020
1012 1020 1003
1021 1009 1008
1021 1008 1022
1011 989 1004
1016 1020 1019
1016 1019 1017
1010 1004 988
1010 988 1007
991 993 995
991 995 994
1023 1024 1025
1026 1027 1028
1029 1030 1031
1029 1031 1032
1033 1034 1035
1036 1034 1033
1036 1033 1037
1024 1038 1025
1039 1023 1025
1040 1041 1036
1040 1036 1037
1042 1043 1044
1042 1044 1045
1025 1046 1047
1048 1031 1030
1049 1041 1040
1050 1051 1052
1050 1052 1053
1038 1046 1025
1046 1038 1054
1046 1054 1055
1056 1057 1045
1056 1045 1044
1047 1039 1025
1053 1052 1055
1053 1055 1054
1043 1042 1023
1043 1023 1039
1026 1029 1032
1026 1032 1027
1058 1059 1060
1058 1060 1061
1062 1063 1064
1062 1064 1065
1060 1066 1067
1060 1067 1061
1062 1059 1058
1062 1058 1063
1068 1069 1070
1068 1070 1071
1072 1073 1074
1072 1074 1075
1076 1077 1078
1076 1078 1079
1080 1081 1073
1080 1073 1072
1082 1083 1077
1082 1077 1076
1084 1085 1086
1084 1086 1087
1088 1089 1090
1088 1090 1091
1079 1078 1092
1079 1092 1093
1087 1086 1081
1087 1081 1080
1093 1092 1094
1093 1094 1095
1096 1097 1098
1096 1098 1099
1100 1101 1102
1100 1102 1103
1104 1105 1106
1104 1106 1107
1096 1099 1106
1096 1106 1105
1100 1104 1107
1100 1107 1101
1108 1109 1110
1108 1110 1111
1112 1113 1114
1112 1114 1115
1116 1117 1113
1116 1113 1112
1118 1119 1120
1118 1120 1121
1122 1123 1124
1122 1124 1125
1126 1127 1128
1126 1128 1129
1130 1131 1132
1130 1132 1133
1134 1135 1136
1134 1136 1137
1121 1120 1131
1121 1131 1130
1138 1139 1117
1138 1117 1116
1133 1132 1135
1133 1135 1134
1125 1124 1139
1125 1139 1138
1140 1141 1142
1140 1142 1143
1144 1145 1146
1144 1146 1147
1148 1142 1141
1148 1141 1149
1150 1151 1152
1150 1152 1153
1154 1151 1150
1155 1156 1157
1158 1159 1160
1158 1160 1161
1153 1152 1162
1153 1162 1163
1157 1156 1159
1157 1159 1158
1164 1147 1146
1164 1146 1165
1166 1148 1149
1166 1149 1167
1145 1144 1140
1145 1140 1143
1168 1169 1170
1168 1170 1171
1172 1173 1174
1172 1174 1175
1176 1177 1171
1176 1171 1170
1178 1179 1180
1178 1180 1181
1182 1178 1181
1183 1184 1185
1186 1187 1188
1186 1188 1189
1179 1190 1191
1179 1191 1180
1184 1186 1189
1184 1189 1185
1192 1193 1174
1192 1174 1173
1194 1195 1177
1194 1177 1176
1175 1169 1168
1175 1168 1172
1196 1197 1198
1196 1198 1199
1200 1201 1202
1200 1202 1203
1204 1205 1202
1204 1202 1201
1198 1205 1204
1198 1204 1199
1206 1207 1208
1206 1208 1209
1210 1211 1212
1210 1212 1213
1214 1213 1212
1214 1212 1215
1208 1207 1214
1208 1214 1215
1216 1217 1218
1216 1218 1219
1220 1221 1222
1220 1222 1223
1224 1223 1222
1224 1222 1225
1218 1217 1224
1218 1224 1225
1226 1227 1228
1226 1228 1229
1230 1231 1232
1230 1232 1233
1234 1235 1232
1234 1232 1231
1228 1235 1234
1228 1234 1229
1236 1237 1238
1236 1238 1239
1240 1241 1242
1240 1242 1243
1244 1245 1246
1244 1246 1247
1248 1249 1250
1248 1250 1251
1252 1248 1251
1252 1251 1253
1254 1255 1256
1254 1256 1257
1258 1259 1260
1243 1261 1262
1243 1262 1240
1263 1264 1265
1263 1265 1266
1267 1256 1255
1268 1269 1270
1268 1270 1271
1272 1273 1269
1272 1269 1268
1253 1273 1272
1253 1272 1252
1274 1260 1259
1274 1259 1275
1241 1247 1246
1241 1246 1242
1266 1265 1274
1266 1274 1275
1263 1276 1277
1263 1277 1264
1278 1277 1276
1279 1280 1281
1279 1281 1282
1282 1281 1254
1282 1254 1257
1279 1283 1284
1279 1284 1280
1285 1284 1283
1238 1245 1244
1238 1244 1239
1249 1262 1261
1249 1261 1250
1286 1287 1288
1286 1288 1289
1290 1291 1292
1290 1292 1293
1294 1295 1296
1294 1296 1297
1298 1299 1300
1298 1300 1301
1302 1303 1299
1302 1299 1298
1304 1305 1306
1304 1306 1307
1308 1309 1310
1291 1290 1311
1291 1311 1312
1313 1314 1315
1313 1315 1316
1317 1307 1306
1318 1319 1320
1318 1320 1321
1322 1318 1321
1322 1321 1323
1303 1302 1322
1303 1322 1323
1324 1325 1310
1324 1310 1309
1293 1292 1296
1293 1296 1295
1314 1325 1324
1314 1324 1315
1313 1316 1326
1313 1326 1327
1328 1327 1326
1329 1330 1331
1329 1331 1332
1330 1305 1304
1330 1304 1331
1329 1332 1333
1329 1333 1334
1335 1334 1333
1288 1287 1294
1288 1294 1297
1301 1300 1312
1301 1312 1311
1336 1337 1338
1336 1338 1339
1340 1341 1342
1340 1342 1343
1344 1345 1346
1344 1346 1347
1348 1349 1350
1348 1350 1351
1352 1353 1349
1352 1349 1348
1354 1355 1356
1354 1356 1357
1358 1359 1360
1341 1340 1361
1341 1361 1362
1363 1364 1365
1363 1365 1366
1367 1357 1356
1368 1369 1370
1368 1370 1371
1372 1368 1371
1372 1371 1373
1353 1352 1372
1353 1372 1373
1374 1375 1360
1374 1360 1359
1343 1342 1346
1343 1346 1345
1364 1375 1374
1364 1374 1365
1363 1366 1376
1363 1376 1377
1378 1377 1376
1379 1380 1381
1379 1381 1382
1380 1355 1354
1380 1354 1381
1379 1382 1383
1379 1383 1384
1385 1384 1383
1338 1337 1344
1338 1344 1347
1351 1350 1362
1351 1362 1361
1386 1387 1388
1386 1388 1389
1390 1391 1392
1390 1392 1393
1394 1395 1396
1394 1396 1397
1398 1399 1400
1398 1400 1401
1402 1398 1401
1402 1401 1403
1404 1405 1406
1404 1406 1407
1408 1409 1410
1393 1411 1412
1393 1412 1390
1413 1414 1415
1413 1415 1416
1417 1406 1405
1418 1419 1420
1418 1420 1421
1422 1423 1419
1422 1419 1418
1403 1423 1422
1403 1422 1402
1424 1410 1409
1424 1409 1425
1391 1397 1396
1391 1396 1392
1416 1415 1424
1416 1424 1425
1413 1426 1427
1413 1427 1414
1428 1427 1426
1429 1430 1431
1429 1431 1432
1432 1431 1404
1432 1404 1407
1429 1433 1434
1429 1434 1430
1435 1434 1433
1388 1395 1394
1388 1394 1389
1399 1412 1411
1399 1411 1400
1436 1437 1438
1436 1438 1439
1438 1440 1439
1441 1442 1436
1441 1436 1439
1443 1444 1445
1446 1447 1448
1446 1448 1449
1445 1444 1450
1445 1450 1451
1452 1453 1454
1455 1456 1440
1455 1440 1457
1456 1439 1440
1458 1459 1460
1458 1460 1461
1451 1450 1462
1451 1462 1463
1463 1462 1464
1463 1464 1465
1466 1467 1468
1469 1470 1466
1468 1454 1453
1460 1436 1442
1460 1442 1461
1441 1439 1456
1436 1460 1471
1436 1471 1437
1472 1459 1458
1465 1464 1473
1474 1469 1475
1476 1459 1477
1478 1447 1446
1477 1459 1472
1479 1477 1472
1479 1472 1480
1449 1448 1479
1449 1479 1480
1470 1467 1466
1467 1454 1468
1474 1470 1469
1471 1460 1459
1471 1459 1476
1481 1447 1478
1482 1483 1484
1482 1484 1485
1484 1483 1486
1487 1483 1482
1487 1482 1488
1489 1490 1491
1492 1493 1494
1492 1494 1495
1490 1496 1497
1490 1497 1491
1498 1499 1500
1501 1502 1486
1501 1486 1503
1503 1486 1483
1504 1505 1506
1504 1506 1507
1496 1508 1509
1496 1509 1497
1508 1510 1511
1508 1511 1509
1512 1513 1514
1515 1512 1516
1513 1500 1499
1506 1505 1488
1506 1488 1482
1487 1503 1483
1482 1485 1517
1482 1517 1506
1518 1504 1507
1510 1519 1511
1520 1521 1515
1522 1523 1507
1524 1492 1495
1523 1518 1507
1525 1526 1518
1525 1518 1523
1493 1526 1525
1493 1525 1494
1516 1512 1514
1514 1513 1499
1520 1515 1516
1517 1522 1507
1517 1507 1506
1527 1524 1495
1528 1529 1530
1528 1530 1531
1530 1529 1532
1533 1529 1528
1533 1528 1534
1535 1536 1537
1538 1539 1540
1538 1540 1541
1536 1542 1543
1536 1543 1537
1544 1545 1546
1547 1548 1532
1547 1532 1549
1549 1532 1529
1550 1551 1552
1550 1552 1553
1542 1554 1555
1542 1555 1543
1554 1556 1557
1554 1557 1555
1558 1559 1560
1561 1558 1562
1559 1546 1545
1552 1551 1534
1552 1534 1528
1533 1549 1529
1528 1531 1563
1528 1563 1552
1564 1550 1553
1556 1565 1557
1566 1567 1561
1568 1569 1553
1570 1538 1541
1569 1564 1553
1571 1572 1564
1571 1564 1569
1539 1572 1571
1539 1571 1540
1562 1558 1560
1560 1559 1545
1566 1561 1562
1563 1568 1553
1563 1553 1552
1573 1570 1541
1574 1575 1576
1574 1576 1577
1576 1578 1577
1579 1580 1574
1579 1574 1577
1581 1582 1583
1584 1585 1586
1584 1586 1587
1583 1582 1588
1583 1588 1589
1590 1591 1592
1593 1594 1578
1593 1578 1595
1594 1577 1578
1596 1597 1598
1596 1598 1599
1589 1588 1600
1589 1600 1601
1601 1600 1602
1601 1602 1603
1604 1605 1606
1607 1608 1604
1606 1592 1591
1598 1574 1580
1598 1580 1599
1579 1577 1594
1574 1598 1609
1574 1609 1575
1610 1597 1596
1603 1602 1611
1612 1607 1613
1614 1597 1615
1616 1585 1584
1615 1597 1610
1617 1615 1610
1617 1610 1618
1587 1586 1617
1587 1617 1618
1608 1605 1604
1605 1592 1606
1612 1608 1607
1609 1598 1597
1609 1597 1614
1619 1585 1616
1620 1621 1622
1620 1622 1623
1624 1625 1626
1624 1626 1627
1628 1626 1625
1628 1625 1629
1623 1630 1631
1623 1631 1620
1632 1633 1634
1632 1634 1635
1635 1634 1636
1637 1638 1633
1637 1633 1632
1639 1622 1621
1639 1621 1640
1641 1642 1643
1641 1643 1644
1642 1645 1643
1646 1641 1644
1646 1644 1647
1630 1624 1627
1630 1627 1631
1648 1649 1650
1648 1650 1651
1652 1653 1654
1655 1653 1652
1654 1653 1656
1651 1650 1654
1651 1654 1656
1657 1658 1659
1657 1659 1660
1661 1662 1663
1664 1661 1663
1662 1665 1663
1658 1665 1662
1658 1662 1659
1666 1667 1668
1669 1670 1671
1672 1673 1674
1672 1674 1675
1676 1677 1678
1679 1680 1676
1679 1676 1678
1668 1667 1681
1682 1667 1666
1683 1680 1679
1683 1679 1684
1685 1686 1687
1685 1687 1688
1667 1689 1690
1691 1675 1674
1692 1683 1684
1693 1694 1695
1693 1695 1696
1681 1667 1690
1690 1697 1698
1690 1698 1681
1699 1687 1686
1699 1686 1700
1689 1667 1682
1694 1698 1697
1694 1697 1695
1688 1682 1666
1688 1666 1685
1669 1671 1673
1669 1673 1672
1701 1702 1703
1704 1705 1706
1707 1708 1709
1707 1709 1710
1711 1712 1713
1714 1712 1711
1714 1711 1715
1702 1716 1703
1717 1701 1703
1718 1719 1714
1718 1714 1715
1720 1721 1722
1720 1722 1723
1703 1724 1725
1726 1709 1708
1727 1719 1718
1728 1729 1730
1728 1730 1731
1716 1724 1703
1724 1716 1732
1724 1732 1733
1734 1735 1723
1734 1723 1722
1725 1717 1703
1731 1730 1733
1731 1733 1732
1721 1720 1701
1721 1701 1717
1704 1707 1710
1704 1710 1705
1736 1737 1738
1736 1738 1739
1740 1741 1742
1740 1742 1743
1744 1742 1741
1744 1741 1745
1739 1746 1747
1739 1747 1736
1748 1749 1750
1748 1750 1751
1751 1750 1752
1753 1754 1749
1753 1749 1748
1755 1738 1737
1755 1737 1756
1757 1758 1759
1757 1759 1760
1758 1761 1759
1762 1757 1760
1762 1760 1763
1746 1740 1743
1746 1743 1747
1764 1765 1766
1764 1766 1767
1768 1769 1770
1771 1769 1768
1770 1769 1772
1767 1766 1770
1767 1770 1772
1773 1774 1775
1773 1775 1776
1777 1778 1779
1780 1777 1779
1778 1781 1779
1774 1781 1778
1774 1778 1775
1782 1783 1784
1785 1786 1787
1788 1789 1790
1788 1790 1791
1792 1793 1794
1795 1796 1792
1795 1792 1794
1784 1783 1797
1798 1783 1782
1799 1796 1795
1799 1795 1800
1801 1802 1803
1801 1803 1804
1783 1805 1806
1807 1791 1790
1808 1799 1800
1809 1810 1811
1809 1811 1812
1797 1783 1806
1806 1813 1814
1806 1814 1797
1815 1803 1802
1815 1802 1816
1805 1783 1798
1810 1814 1813
1810 1813 1811
1804 1798 1782
1804 1782 1801
1785 1787 1789
1785 1789 1788
1817 1818 1819
1820 1821 1822
1823 1824 1825
1823 1825 1826
1827 1828 1829
1830 1828 1827
1830 1827 1831
1818 1832 1819
1833 1817 1819
1834 1835 1830
1834 1830 1831
1836 1837 1838
1836 1838 1839
1819 1840 1841
1842 1825 1824
1843 1835 1834
1844 1845 1846
1844 1846 1847
1832 1840 1819
1840 1832 1848
1840 1848 1849
1850 1851 1839
1850 1839 1838
1841 1833 1819
1847 1846 1849
1847 1849 1848
1837 1836 1817
1837 1817 1833
1820 1823 1826
1820 1826 1821
1852 1853 1854
1855 1856 1857
1858 1859 1860
1861 1862 1863
1864 1865 1866
1867 1868 1869
1870 1871 1872
1873 1874 1875
1876 1877 1878
1879 1880 1881
1882 1883 1884
1885 1886 1887
1888 1889 1890
1891 1892 1893
1894 1895 1896
1897 1898 1899
1900 1901 1902
1903 1904 1905
1906 1907 1908
1909 1910 1911
1912 1913 1914
1915 1916 1917
1918 1919 1920
1921 1922 1923
1924 1925 1926
1927 1928 1929
1930 1931 1932
1933 1934 1935
1936 1937 1938
1939 1940 1941
1942 1943 1944
1945 1946 1947
1948 1949 1950
1951 1952 1953
1954 1955 1956
1957 1958 1959
1960 1961 1962
1963 1964 1965
1966 1967 1968
1969 1970 1971
1972 1973 1974
1975 1976 1977
1978 1979 1980
1981 1982 1983
1984 1985 1986
1987 1988 1989
1990 1991 1992
1993 1994 1995
1996 1997 1998
1999 2000 2001
2002 2003 2004
2005 2006 2007
2008 2009 2010
2011 2012 2013
2014 2015 2016
2017 2018 2019
2020 2021 2022
2023 2024 2025
2026 2027 2028
2029 2030 2031
2032 2033 2034
2035 2036 2037
2038 2039 2040
2041 2042 2043
2044 2045 2046
2047 2048 2049
2050 2051 2052
2053 2054 2055
2056 2057 2058
2059 2060 2061
2062 2063 2064
2065 2066 2067
2068 2069 2070
2071 2072 2073
2074 2075 2076
2077 2078 2079
2080 2071 2073
2081 2082 2083
2084 2085 2086
2087 2088 2089
2090 2091 2092
2093 2094 2095
2096 2097 2098
2099 2100 2101
2102 2103 2104
2105 2106 2107
2108 2109 2110
2111 2112 2113
2114 2094 2093
2115 2116 2117
2118 2119 2120
2121 2122 2123
2124 2125 2126
2127 2128 2129
2130 2131 2132
2133 2134 2135
2136 2137 2138
2139 2140 2141
2142 2143 2144
2145 2146 2147
2148 2149 2150
2151 2152 2153
2154 2133 2135
2155 2156 2157
2158 2159 2160
2161 2162 2163
2164 2165 2166
2164 2166 2167
2168 2169 2170
2168 2170 2171
2172 2164 2167
2172 2167 2173
2169 2174 2175
2169 2175 2170
2174 2176 2177
2174 2177 2175
2168 2171 2178
2168 2178 2179
2180 2181 2182
2182 2181 2183
2182 2183 2184
2184 2183 2185
2184 2185 2186
2187 2186 2185
2187 2185 2188
2189 2190 2191
2189 2191 2192
2193 2191 2190
2193 2190 2194
2195 2193 2194
2195 2194 2196
2165 2197 2198
2165 2198 2166
2199 2195 2196
2176 2172 2173
2176 2173 2177
2200 2201 2202
2200 2202 2203
2204 2205 2206
2204 2206 2207
2208 2209 2201
2208 2201 2200
2207 2206 2210
2207 2210 2211
2211 2210 2212
2211 2212 2213
2204 2214 2215
2204 2215 2205
2216 2217 2218
2217 2219 2220
2217 2220 2218
2219 2221 2222
2219 2222 2220
2223 2224 2222
2223 2222 2221
2225 2226 2227
2225 2227 2228
2229 2230 2228
2229 2228 2227
2231 2232 2230
2231 2230 2229
2203 2202 2233
2203 2233 2234
2235 2232 2231
2213 2212 2209
2213 2209 2208
2236 2237 2238
2236 2238 2239
2240 2241 2242
2240 2242 2243
2237 2244 2245
2237 2245 2238
2241 2246 2247
2241 2247 2242
2248 2249 2250
2248 2250 2251
2252 2253 2254
2252 2254 2255
2249 2236 2239
2249 2239 2250
2253 2240 2243
2253 2243 2254
2256 2257 2258
2256 2258 2259
2260 2261 2262
2260 2262 2263
2257 2248 2251
2257 2251 2258
2261 2252 2255
2261 2255 2262
2264 2265 2266
2264 2266 2267
2268 2269 2270
2268 2270 2271
2267 2266 2272
2267 2272 2273
2271 2270 2274
2271 2274 2275
2276 2277 2278
2276 2278 2279
2280 2281 2282
2280 2282 2283
2279 2278 2265
2279 2265 2264
2283 2282 2269
2283 2269 2268
2284 2285 2286
2284 2286 2287
2288 2289 2290
2288 2290 2291
2287 2286 2277
2287 2277 2276
2291 2290 2281
2291 2281 2280
2292 2293 2294
2292 2294 2295
2296 2297 2298
2296 2298 2299
2295 2294 2300
2295 2300 2301
2299 2298 2302
2299 2302 2303
2304 2305 2306
2304 2306 2307
2308 2309 2310
2308 2310 2311
2307 2306 2293
2307 2293 2292
2311 2310 2297
2311 2297 2296
2312 2313 2314
2312 2314 2315
2316 2317 2318
2316 2318 2319
2315 2314 2305
2315 2305 2304
2319 2318 2309
2319 2309 2308
2320 2321 2322
2320 2322 2323
2324 2325 2326
2324 2326 2327
2321 2328 2329
2321 2329 2322
2325 2330 2331
2325 2331 2326
2332 2333 2334
2332 2334 2335
2336 2337 2338
2336 2338 2339
2333 2320 2323
2333 2323 2334
2337 2324 2327
2337 2327 2338
2340 2341 2342
2340 2342 2343
2344 2345 2346
2344 2346 2347
2341 2332 2335
2341 2335 2342
2345 2336 2339
2345 2339 2346
2348 2349 2350
2351 2352 2353
2354 2355 2356
2357 2358 2359
2360 2361 2362
2360 2362 2363
2364 2365 2366
2367 2368 2369
2370 2371 2372
2373 2370 2372
2373 2372 2374
2375 2363 2362
2375 2362 2365
2360 2376 2361
2377 2378 2379
2380 2381 2382
2383 2384 2385
2386 2387 2388
2389 2375 2364
2376 2390 2361
2391 2392 2393
2394 2395 2392
2394 2392 2391
2364 2375 2365
2396 2376 2360
2397 2398 2399
2400 2381 2380
2401 2352 2351
2402 2403 2404
2405 2406 2407
2408 2409 2410
2411 2412 2413
2414 2415 2416
2414 2416 2417
2418 2419 2420
2421 2422 2423
2424 2425 2426
2427 2428 2425
2427 2425 2424
2429 2420 2416
2429 2416 2415
2414 2417 2430
2431 2432 2433
2434 2435 2436
2437 2438 2439
2440 2441 2442
2443 2418 2429
2430 2417 2444
2445 2446 2447
2448 2445 2447
2448 2447 2449
2418 2420 2429
2450 2414 2430
2451 2452 2453
2454 2434 2436
2455 2405 2407
2456 2457 2458
2456 2458 2459
2460 2459 2461
2460 2461 2462
2463 2464 2465
2466 2467 2468
2469 2470 2471
2469 2471 2460
2472 2473 2474
2472 2474 2475
2458 2476 2477
2458 2477 2478
2479 2480 2481
2469 2482 2470
2483 2484 2485
2483 2485 2486
2480 2472 2475
2480 2475 2481
2487 2488 2489
2463 2465 2484
2463 2484 2483
2459 2458 2478
2459 2478 2461
2490 2491 2492
2493 2479 2494
2477 2476 2495
2457 2496 2476
2457 2476 2458
2473 2468 2467
2473 2467 2474
2486 2485 2488
2486 2488 2487
2497 2498 2499
2500 2501 2499
2500 2499 2498
2493 2480 2479
2500 2495 2502
2500 2502 2501
2492 2482 2503
2492 2503 2490
2504 2469 2505
2495 2476 2502
2502 2476 2496
2492 2491 2506
2456 2459 2460
2456 2460 2471
2469 2460 2462
2469 2462 2505
2482 2504 2503
2504 2482 2469
2507 2508 2509
2507 2509 2510
2511 2512 2513
2511 2513 2508
2514 2515 2516
2517 2518 2519
2520 2511 2521
2520 2521 2522
2523 2524 2525
2523 2525 2526
2509 2527 2528
2509 2528 2529
2530 2531 2532
2520 2522 2533
2534 2535 2536
2534 2536 2537
2532 2531 2524
2532 2524 2523
2538 2539 2540
2514 2534 2537
2514 2537 2515
2508 2513 2527
2508 2527 2509
2541 2542 2543
2544 2545 2530
2528 2546 2529
2510 2509 2529
2510 2529 2547
2526 2525 2519
2526 2519 2518
2535 2538 2540
2535 2540 2536
2548 2549 2550
2551 2550 2549
2551 2549 2552
2544 2530 2532
2551 2552 2553
2551 2553 2546
2542 2541 2554
2542 2554 2533
2555 2556 2520
2546 2553 2529
2553 2547 2529
2542 2557 2543
2507 2521 2511
2507 2511 2508
2520 2556 2512
2520 2512 2511
2533 2554 2555
2555 2520 2533
2558 2559 2560
2558 2560 2561
2562 2563 2564
2562 2564 2559
2565 2566 2567
2568 2569 2570
2571 2562 2572
2571 2572 2573
2574 2575 2576
2574 2576 2577
2560 2578 2579
2560 2579 2580
2581 2582 2583
2571 2573 2584
2585 2586 2587
2585 2587 2588
2583 2582 2575
2583 2575 2574
2589 2590 2591
2565 2585 2588
2565 2588 2566
2559 2564 2578
2559 2578 2560
2592 2593 2594
2595 2596 2581
2579 2597 2580
2561 2560 2580
2561 2580 2598
2577 2576 2570
2577 2570 2569
2586 2589 2591
2586 2591 2587
2599 2600 2601
2602 2601 2600
2602 2600 2603
2595 2581 2583
2602 2603 2604
2602 2604 2597
2593 2592 2605
2593 2605 2584
2606 2607 2571
2597 2604 2580
2604 2598 2580
2593 2608 2594
2558 2572 2562
2558 2562 2559
2571 2607 2563
2571 2563 2562
2584 2605 2606
2606 2571 2584
2609 2610 2611
2609 2611 2612
2613 2612 2614
2613 2614 2615
2616 2617 2618
2619 2620 2621
2622 2623 2624
2622 2624 2613
2625 2626 2627
2625 2627 2628
2611 2629 2630
2611 2630 2631
2632 2633 2634
2622 2635 2623
2636 2637 2638
2636 2638 2639
2633 2625 2628
2633 2628 2634
2640 2641 2642
2616 2618 2637
2616 2637 2636
2612 2611 2631
2612 2631 2614
2643 2644 2645
2646 2632 2647
2630 2629 2648
2610 2649 2629
2610 2629 2611
2626 2621 2620
2626 2620 2627
2639 2638 2641
2639 2641 2640
2650 2651 2652
2653 2654 2652
2653 2652 2651
2646 2633 2632
2653 2648 2655
2653 2655 2654
2645 2635 2656
2645 2656 2643
2657 2622 2658
2648 2629 2655
2655 2629 2649
2645 2644 2659
2609 2612 2613
2609 2613 2624
2622 2613 2615
2622 2615 2658
2635 2657 2656
2657 2635 2622
2660 2661 2662
2660 2662 2663
2664 2665 2666
2664 2666 2667
2663 2662 2668
2663 2668 2669
2665 2661 2660
2665 2660 2666
2670 2671 2672
2670 2672 2673
2669 2668 2674
2669 2674 2675
2676 2677 2670
2676 2670 2673
2678 2677 2676
2679 2675 2674
2679 2674 2680
2681 2682 2683
2681 2683 2684
2685 2682 2681
2685 2681 2686
2687 2685 2686
2688 2689 2690
2688 2690 2691
2692 2693 2694
2692 2694 2695
2689 2696 2697
2689 2697 2690
2695 2694 2688
2695 2688 2691
2698 2699 2700
2698 2700 2701
2696 2702 2703
2696 2703 2697
2704 2699 2698
2704 2698 2705
2706 2704 2705
2707 2708 2703
2707 2703 2702
2709 2710 2711
2709 2711 2712
2713 2714 2709
2713 2709 2712
2715 2714 2713
2716 2717 2718
2719 2720 2721
2722 2723 2724
2722 2724 2725
2726 2727 2728
2726 2728 2729
2730 2731 2732
2733 2734 2735
2733 2735 2736
2733 2737 2738
2733 2738 2734
2739 2740 2720
2739 2720 2719
2741 2742 2743
2741 2743 2744
2744 2743 2745
2744 2745 2746
2747 2731 2748
2749 2738 2737
2750 2751 2740
2750 2740 2739
2752 2729 2728
2752 2728 2753
2741 2736 2735
2741 2735 2742
2754 2725 2724
2754 2724 2755
2755 2756 2757
2755 2757 2754
2748 2731 2730
2758 2759 2760
2758 2760 2761
2761 2760 2751
2761 2751 2750
2748 2730 2723
2748 2723 2722
2762 2763 2764
2765 2766 2767
2768 2769 2770
2768 2770 2771
2772 2773 2774
2772 2774 2775
2776 2777 2778
2779 2780 2781
2779 2781 2782
2779 2782 2783
2779 2783 2784
2785 2765 2767
2785 2767 2786
2787 2788 2789
2787 2789 2790
2788 2791 2792
2788 2792 2789
2793 2794 2778
2795 2784 2783
2796 2785 2786
2796 2786 2797
2798 2799 2774
2798 2774 2773
2787 2790 2781
2787 2781 2780
2800 2801 2770
2800 2770 2769
2801 2800 2802
2801 2802 2803
2794 2776 2778
2804 2805 2806
2804 2806 2807
2805 2796 2797
2805 2797 2806
2794 2768 2771
2794 2771 2776
2808 2809 2810
2811 2812 2813
2814 2815 2816
2814 2816 2817
2818 2819 2820
2818 2820 2821
2822 2823 2824
2825 2826 2827
2825 2827 2828
2825 2828 2829
2825 2829 2830
2831 2811 2813
2831 2813 2832
2833 2834 2835
2833 2835 2836
2834 2837 2838
2834 2838 2835
2839 2840 2824
2841 2830 2829
2842 2831 2832
2842 2832 2843
2844 2845 2820
2844 2820 2819
2833 2836 2827
2833 2827 2826
2846 2847 2816
2846 2816 2815
2847 2846 2848
2847 2848 2849
2840 2822 2824
2850 2851 2852
2850 2852 2853
2851 2842 2843
2851 2843 2852
2840 2814 2817
2840 2817 2822
2854 2855 2856
2857 2858 2859
2860 2861 2862
2860 2862 2863
2864 2865 2866
2864 2866 2867
2868 2869 2870
2871 2872 2873
2871 2873 2874
2871 2875 2876
2871 2876 2872
2877 2878 2858
2877 2858 2857
2879 2880 2881
2879 2881 2882
2882 2881 2883
2882 2883 2884
2885 2869 2886
2887 2876 2875
2888 2889 2878
2888 2878 2877
2890 2867 2866
2890 2866 2891
2879 2874 2873
2879 2873 2880
2892 2863 2862
2892 2862 2893
2893 2894 2895
2893 2895 2892
2886 2869 2868
2896 2897 2898
2896 2898 2899
2899 2898 2889
2899 2889 2888
2886 2868 2861
2886 2861 2860
2900 2901 2902
2900 2902 2903
2904 2905 2906
2904 2906 2902
2907 2908 2909
2908 2907 2910
2901 2909 2911
2911 2909 2908
2912 2907 2909
2913 2902 2906
2902 2901 2911
2902 2911 2904
2900 2912 2909
2900 2909 2901
2906 2905 2914
2906 2914 2915
2916 2917 2918
2916 2918 2919
2913 2903 2902
2920 2903 2913
2921 2922 2923
2921 2923 2924
2924 2923 2925
2924 2925 2926
2927 2928 2929
2927 2929 2930
2930 2929 2931
2930 2931 2932
2933 2934 2935
2936 2937 2938
2936 2938 2939
2940 2941 2942
2940 2942 2943
2944 2945 2946
2947 2948 2949
2947 2949 2950
2950 2949 2928
2950 2928 2927
2951 2952 2937
2951 2937 2936
2943 2942 2945
2943 2945 2944
2935 2934 2948
2935 2948 2947
2953 2954 2941
2953 2941 2940
2955 2956 2915
2957 2955 2914
2914 2955 2915
2958 2919 2918
2958 2918 2959
2960 2961 2962
2960 2962 2963
2964 2962 2965
2964 2965 2966
2967 2968 2969
2969 2762 2967
2963 2970 2968
2970 2969 2968
2971 2968 2967
2972 2965 2962
2962 2964 2970
2962 2970 2963
2960 2963 2968
2960 2968 2971
2965 2973 2974
2965 2974 2966
2975 2976 2977
2975 2977 2978
2972 2962 2961
2979 2972 2961
2980 2981 2982
2980 2982 2983
2981 2984 2985
2981 2985 2982
2986 2987 2988
2986 2988 2989
2987 2990 2991
2987 2991 2988
2992 2993 2994
2995 2996 2997
2995 2997 2998
2999 3000 3001
2999 3001 3002
3003 3004 3005
3006 3007 3008
3006 3008 3009
3007 2986 2989
3007 2989 3008
3010 2995 2998
3010 2998 3011
3000 3003 3005
3000 3005 3001
2993 3006 3009
2993 3009 2994
3012 2999 3002
3012 3002 3013
3014 2973 3015
3016 2974 3014
2974 2973 3014
3017 3018 2977
3017 2977 2976
3019 3020 3021
3019 3021 3022
3023 3021 3024
3023 3024 3025
3026 3027 3028
3028 2808 3026
3022 3029 3027
3029 3028 3027
3030 3027 3026
3031 3024 3021
3021 3023 3029
3021 3029 3022
3019 3022 3027
3019 3027 3030
3024 3032 3033
3024 3033 3025
3034 3035 3036
3034 3036 3037
3031 3021 3020
3038 3031 3020
3039 3040 3041
3039 3041 3042
3040 3043 3044
3040 3044 3041
3045 3046 3047
3045 3047 3048
3046 3049 3050
3046 3050 3047
3051 3052 3053
3054 3055 3056
3054 3056 3057
3058 3059 3060
3058 3060 3061
3062 3063 3064
3065 3066 3067
3065 3067 3068
3066 3045 3048
3066 3048 3067
3069 3054 3057
3069 3057 3070
3059 3062 3064
3059 3064 3060
3052 3065 3068
3052 3068 3053
3071 3058 3061
3071 3061 3072
3073 3032 3074
3075 3033 3073
3033 3032 3073
3076 3077 3036
3076 3036 3035
3078 3079 3080
3078 3080 3081
3082 3083 3084
3082 3084 3080
3085 3086 3087
3086 3085 2854
3079 3087 3088
3088 3087 3086
3089 3085 3087
3090 3080 3084
3080 3079 3088
3080 3088 3082
3078 3089 3087
3078 3087 3079
3084 3083 3091
3084 3091 3092
3093 3094 3095
3093 3095 3096
3090 3081 3080
3097 3081 3090
3098 3099 3100
3098 3100 3101
3101 3100 3102
3101 3102 3103
3104 3105 3106
3104 3106 3107
3107 3106 3108
3107 3108 3109
3110 3111 3112
3113 3114 3115
3113 3115 3116
3117 3118 3119
3117 3119 3120
3121 3122 3123
3124 3125 3126
3124 3126 3127
3127 3126 3105
3127 3105 3104
3128 3129 3114
3128 3114 3113
3120 3119 3122
3120 3122 3121
3112 3111 3125
3112 3125 3124
3130 3131 3118
3130 3118 3117
3132 3133 3092
3134 3132 3091
3091 3132 3092
3135 3096 3095
3135 3095 3136
3137 3138 3139
3140 3141 3142
3143 3144 3145
3146 3147 3148
3149 3150 3151
3152 3153 3154
3155 3156 3157
3158 3159 3160
3161 3162 3163
3164 3165 3166
3167 3147 3146
3168 3169 3170
3171 3172 3173
3174 3175 3176
3177 3178 3179
3177 3179 3180
3181 3177 3180
3181 3180 3182
3183 3181 3182
3183 3182 3184
3185 3183 3184
3185 3184 3186
3187 3185 3186
3187 3186 3188
3189 3187 3188
3189 3188 3190
3191 3189 3190
3191 3190 3192
3193 3191 3192
3193 3192 3194
3181 3195 3177
3196 3195 3181
3197 3196 3183
3197 3183 3185
3198 3197 3185
3198 3185 3187
3199 3198 3187
3199 3187 3189
3200 3199 3189
3200 3189 3191
3201 3200 3191
3201 3191 3193
3195 3202 3177
3203 3204 3202
3203 3202 3195
3205 3203 3196
3206 3205 3197
3206 3197 3198
3207 3206 3198
3207 3198 3199
3208 3207 3199
3208 3199 3200
3209 3208 3200
3209 3200 3201
3210 3211 3212
3210 3212 3213
3203 3195 3196
3204 3203 3214
3204 3214 3215
3216 3217 3218
3219 3216 3218
3219 3218 3220
3221 3219 3220
3221 3220 3222
3223 3221 3222
3223 3222 3224
3225 3226 3227
3225 3227 3228
3229 3227 3226
3229 3226 3230
3231 3229 3230
3231 3230 3232
3233 3231 3232
3233 3232 3234
3225 3228 3210
3225 3210 3213
3205 3214 3203
3235 3214 3205
3235 3205 3206
3236 3235 3206
3236 3206 3207
3237 3236 3207
3237 3207 3208
3238 3237 3208
3238 3208 3209
3220 3218 3235
3220 3235 3236
3218 3214 3235
3239 3220 3236
3239 3236 3237
3240 3239 3237
3240 3237 3238
3224 3222 3239
3224 3239 3240
3222 3220 3239
3214 3217 3215
3218 3217 3214
3241 3224 3240
3242 3233 3234
3242 3234 3243
3244 3242 3243
3244 3243 3245
3246 3247 3248
3246 3248 3249
3250 3247 3246
3250 3246 3251
3252 3253 3254
3252 3254 3255
3256 3252 3255
3256 3255 3257
3258 3250 3251
3258 3251 3259
3260 3261 3262
3260 3262 3263
3263 3264 3265
3263 3265 3260
3257 3266 3256
3267 3268 3269
3264 3270 3271
3264 3271 3265
3272 3273 3274
3272 3274 3275
3276 3277 3278
3276 3278 3279
3280 3276 3279
3280 3279 3281
3282 3252 3256
3253 3252 3282
3253 3282 3283
3284 3249 3248
3284 3248 3285
3286 3287 3288
3286 3288 3289
3290 3291 3286
3290 3286 3289
3292 3291 3290
3292 3290 3293
3294 3295 3296
3294 3296 3297
3298 3294 3297
3298 3297 3299
3281 3300 3301
3281 3301 3280
3302 3303 3304
3302 3304 3305
3306 3307 3271
3306 3271 3270
3306 3308 3309
3306 3309 3307
3310 3311 3312
3310 3312 3313
3313 3312 3314
3315 3316 3302
3317 3315 3318
3317 3318 3319
3317 3320 3321
3293 3296 3295
3293 3295 3292
3320 3317 3319
3314 3312 3322
3323 3324 3254
3323 3254 3253
3325 3323 3253
3325 3253 3283
3323 3326 3327
3323 3327 3324
3328 3329 3326
3283 3330 3325
3331 3332 3333
3331 3333 3334
3335 3334 3333
3335 3333 3336
3337 3338 3339
3337 3339 3340
3341 3337 3340
3341 3340 3342
3328 3343 3329
3331 3344 3332
3345 3311 3346
3317 3321 3347
3322 3312 3348
3349 3350 3351
3352 3353 3354
3350 3349 3355
3350 3355 3356
3357 3358 3359
3357 3359 3360
3361 3362 3363
3361 3363 3364
3365 3366 3367
3365 3367 3368
3365 3368 3369
3359 3364 3363
3359 3363 3360
3351 3352 3354
3351 3350 3352
3365 3369 3370
3370 3369 3371
3361 3372 3373
3361 3373 3362
3374 3370 3371
3375 3376 3377
3375 3377 3378
3379 3380 3381
3382 3383 3384
3385 3386 3387
3385 3387 3388
3389 3387 3386
3389 3386 3390
3391 3389 3390
3391 3390 3392
3393 3391 3392
3393 3392 3394
3395 3393 3394
3395 3394 3396
3397 3395 3396
3397 3396 3398
3399 3397 3398
3399 3398 3400
3379 3381 3401
3402 3377 3376
3402 3376 3403
3404 3405 3406
3404 3406 3407
3388 3401 3381
3388 3381 3385
3408 3375 3378
3408 3378 3409
3410 3408 3409
3410 3409 3411
3412 3410 3411
3412 3411 3413
3414 3412 3413
3414 3413 3415
3416 3414 3415
3416 3415 3417
3418 3416 3417
3418 3417 3419
3420 3418 3419
3420 3419 3421
3422 3420 3421
3422 3421 3423
3399 3400 3424
3399 3424 3425
3426 3422 3423
3426 3423 3427
3428 3426 3427
3428 3427 3429
3430 3428 3429
3430 3429 3431
3432 3433 3424
3432 3424 3434
3424 3433 3425
3435 3382 3384
3435 3384 3436
3437 3435 3436
3437 3436 3438
3439 3437 3438
3439 3438 3440
3441 3439 3440
3441 3440 3442
3443 3441 3442
3443 3442 3444
3445 3443 3444
3445 3444 3446
3447 3445 3446
3447 3446 3448
3449 3447 3448
3449 3448 3450
3450 3451 3449
3449 3452 3453
3449 3451 3452
3454 3455 3456
3454 3456 3457
3458 3459 3460
3458 3460 3461
3462 3458 3461
3463 3458 3464
3455 3454 3465
3455 3465 3466
3467 3468 3460
3467 3460 3459
3466 3465 3469
3466 3469 3470
3471 3472 3468
3471 3468 3467
3470 3469 3473
3470 3473 3474
3474 3473 3475
3474 3475 3476
3477 3478 3479
3477 3479 3480
3481 3482 3483
3484 3485 3481
3484 3481 3486
3487 3482 3481
3487 3481 3485
3488 3489 3490
3488 3490 3491
3492 3493 3458
3492 3458 3463
3494 3493 3492
3494 3492 3495
3489 3496 3497
3489 3497 3490
3489 3482 3487
3489 3487 3496
3489 3488 3483
3489 3483 3482
3488 3498 3499
3488 3499 3483
3500 3459 3458
3500 3458 3493
3501 3500 3493
3501 3493 3494
3459 3500 3502
3459 3502 3467
3503 3502 3500
3503 3500 3501
3504 3505 3506
3504 3506 3507
3508 3509 3510
3508 3510 3511
3512 3508 3511
3512 3511 3513
3514 3512 3513
3514 3513 3515
3516 3514 3515
3516 3515 3517
3518 3501 3494
3518 3494 3519
3501 3518 3520
3501 3520 3503
3521 3522 3480
3521 3480 3471
3471 3467 3502
3471 3502 3521
3523 3524 3525
3523 3525 3526
3518 3523 3526
3518 3526 3520
3526 3527 3528
3526 3528 3520
3520 3528 3529
3520 3529 3503
3503 3529 3521
3503 3521 3502
3518 3519 3530
3518 3530 3523
3523 3530 3531
3523 3531 3524
3524 3531 3532
3524 3532 3533
3504 3534 3505
3529 3535 3522
3529 3522 3521
3536 3484 3537
3538 3539 3536
3538 3536 3540
3536 3539 3484
3541 3542 3536
3541 3536 3537
3536 3542 3543
3536 3543 3540
3544 3545 3546
3544 3546 3547
3548 3544 3547
3548 3547 3549
3550 3551 3552
3550 3552 3553
3554 3550 3553
3554 3553 3555
3556 3554 3555
3557 3558 3559
3537 3484 3486
3560 3561 3562
3563 3564 3565
3563 3565 3566
3567 3563 3566
3567 3566 3568
3569 3570 3567
3569 3567 3568
3571 3572 3570
3571 3570 3569
3573 3574 3575
3573 3575 3576
3577 3574 3578
3579 3577 3578
3580 3564 3563
3580 3563 3581
3582 3580 3581
3583 3584 3585
3583 3585 3586
3587 3588 3582
3589 3581 3563
3589 3563 3567
3589 3590 3591
3592 3589 3570
3593 3592 3570
3593 3570 3572
3574 3594 3595
3574 3595 3575
3574 3577 3594
3578 3574 3573
3570 3589 3567
3589 3592 3596
3582 3581 3587
3576 3575 3572
3576 3572 3571
3575 3595 3572
3597 3598 3599
3597 3599 3600
3598 3597 3601
3598 3601 3602
3602 3601 3603
3602 3603 3604
3604 3603 3605
3604 3605 3606
3606 3605 3607
3606 3607 3608
3608 3607 3609
3608 3609 3610
3611 3612 3613
3611 3613 3614
3614 3613 3615
3614 3615 3616
3616 3615 3617
3616 3617 3618
3618 3617 3619
3618 3619 3620
3620 3619 3621
3620 3621 3622
3623 3624 3625
3622 3621 3626
3622 3626 3627
3627 3626 3628
3627 3628 3629
3630 3631 3632
3631 3630 3633
3631 3633 3634
3632 3624 3623
3632 3631 3624
3635 3636 3637
3635 3637 3638
3637 3636 3639
3637 3639 3640
3640 3639 3641
3640 3641 3642
3641 3643 3642
3642 3643 3644
3645 3646 3647
3645 3647 3648
3649 3650 3651
3649 3651 3652
3653 3654 3655
3653 3655 3656
3657 3654 3653
3657 3653 3658
3659 3657 3658
3659 3658 3660
3661 3659 3660
3661 3660 3662
3663 3661 3662
3663 3662 3664
3665 3663 3664
3665 3664 3666
3647 3652 3651
3647 3651 3648
3581 3591 3587
3589 3591 3581
3656 3655 3650
3656 3650 3649
3589 3596 3590
3572 3595 3593
3667 3668 3669
3667 3670 3668
3671 3672 3673
3672 3674 3673
3674 3675 3676
3677 3678 3679
3677 3679 3680
3681 3680 3679
3681 3679 3682
3683 3669 3684
3683 3684 3685
3686 3687 3688
3686 3688 3689
3690 3691 3692
3690 3692 3693
3694 3695 3696
3697 3698 3699
3697 3699 3700
3701 3702 3703
3704 3705 3706
3704 3706 3707
3708 3709 3710
3708 3710 3711
3712 3713 3714
3712 3714 3715
3700 3699 3716
3717 3718 3719
3717 3719 3720
3695 3721 3696
3722 3721 3723
3721 3722 3724
3721 3724 3725
3726 3727 3728
3726 3728 3729
3729 3728 3730
3729 3730 3731
3731 3730 3732
3731 3732 3733
3702 3701 3734
3735 3703 3736
3737 3738 3739
3737 3739 3740
3741 3742 3743
3743 3744 3745
3744 3746 3745
3747 3748 3749
3750 3751 3752
3750 3752 3753
3754 3755 3756
3757 3758 3759
3757 3759 3760
3761 3762 3763
3756 3755 3764
3764 3765 3766
3767 3768 3741
3769 3722 3770
3771 3772 3773
3771 3773 3774
3775 3776 3777
3778 3779 3780
3781 3782 3783
3781 3783 3784
3785 3786 3787
3788 3789 3790
3788 3790 3791
3792 3793 3794
3792 3794 3795
3796 3793 3792
3796 3792 3797
3798 3799 3786
3800 3801 3802
3803 3804 3805
3803 3805 3806
3761 3807 3762
3807 3808 3809
3807 3809 3762
3800 3810 3801
3811 3812 3813
3811 3813 3814
3815 3816 3817
3818 3819 3813
3818 3813 3812
3819 3818 3820
3819 3820 3821
3822 3823 3824
3823 3822 3825
3798 3786 3826
3778 3780 3822
3785 3787 3827
3828 3829 3830
3831 3828 3832
3833 3834 3835
3833 3835 3831
3836 3837 3770
3838 3839 3840
3838 3840 3841
3839 3842 3843
3842 3844 3845
3842 3845 3846
3844 3847 3848
3844 3848 3845
3849 3850 3851
3852 3853 3854
3852 3854 3855
3856 3857 3858
3859 3860 3861
3859 3861 3862
3863 3864 3859
3863 3859 3862
3865 3866 3867
3868 3869 3870
3868 3870 3871
3872 3873 3874
3875 3876 3877
3875 3877 3878
3879 3880 3881
3879 3881 3882
3883 3884 3885
3741 3886 3742
3887 3872 3874
3888 3889 3890
3891 3885 3884
3891 3884 3892
3893 3894 3895
3893 3895 3896
3897 3898 3891
3897 3891 3892
3897 3899 3898
3900 3901 3902
3903 3904 3905
3906 3907 3908
3909 3910 3911
3909 3911 3912
3911 3913 3914
3911 3914 3912
3915 3916 3917
3918 3919 3920
3921 3918 3922
3923 3924 3925
3923 3925 3926
3927 3928 3929
3927 3929 3930
3931 3932 3928
3931 3928 3927
3933 3934 3935
3936 3937 3938
3939 3940 3941
3942 3943 3944
3942 3944 3945
3946 3947 3948
3949 3950 3951
3952 3953 3954
3952 3955 3953
3956 3957 3958
3947 3959 3960
3942 3961 3962
3942 3962 3943
3889 3963 3890
3741 3768 3886
3768 3964 3886
3743 3742 3744
3949 3965 3950
3946 3950 3966
3967 3968 3969
3967 3969 3970
3971 3972 3973
3971 3973 3974
3975 3976 3977
3975 3977 3978
3979 3980 3981
3979 3981 3982
3983 3984 3985
3983 3985 3986
3987 3988 3989
3990 3991 3992
3993 3994 3924
3993 3924 3923
3995 3996 3946
3997 3998 3999
3915 4000 4001
4002 3940 3939
4003 3854 3853
4003 3853 4004
4002 4005 4006
4007 4008 4009
4009 4010 4011
4012 4013 4014
4012 4014 4015
4016 4017 4018
4019 4016 4020
4021 4022 4023
4021 4023 4019
4024 4025 4026
4024 4026 4027
4028 4029 4030
4031 4032 4028
4031 4028 4033
4034 3907 3906
4035 4036 4037
4038 4039 4040
4041 4042 4040
3867 4043 3865
4044 4045 4046
4044 4046 4047
4048 4049 4050
4048 4050 4051
4052 4053 4054
4052 4054 4055
4056 4057 4058
4056 4058 4059
4060 4059 4058
4060 4058 4061
4062 4063 4064
4062 4064 4065
4065 4064 4066
4065 4066 4067
4068 4069 4070
4071 4072 4068
4071 4068 4070
4073 4074 4075
4076 4077 4078
4076 4078 4069
4079 4076 4068
4080 4079 4068
4080 4068 4072
4074 4081 4082
4074 4082 4083
4084 4085 4077
4084 4077 4076
4086 4084 4087
4088 4089 4086
4088 4086 4087
4090 4091 4092
4091 4093 4094
4095 4096 4097
4095 4097 4098
4096 4099 4100
4099 4101 4102
4103 4104 4105
4104 4106 4107
4108 4109 4085
4108 4110 4109
4111 4112 4113
4112 4114 4115
4116 4117 4118
4118 4117 4119
4118 4119 4120
4120 4119 4121
4120 4121 4122
4123 4124 4125
4126 4127 4123
4126 4123 4125
4108 4128 4129
4108 4129 4110
4130 4131 4129
4130 4129 4132
4133 4131 4134
4133 4134 4135
4136 4137 4138
4136 4138 4139
4138 4140 4111
4141 4142 4143
4141 4143 4140
4143 4144 4114
4145 4144 4146
4147 4148 4149
4147 4149 4150
4151 4152 4150
4151 4150 4149
4153 4154 4155
4153 4155 4156
4155 4157 4117
4158 4159 4157
4158 4157 4160
4159 4161 4121
4159 4121 4119
4159 4158 4162
4159 4162 4161
4163 4156 4164
4116 4156 4155
4116 4155 4117
4165 4151 4149
4165 4149 4166
4167 4147 4116
4142 4146 4144
4142 4144 4143
4168 4114 4144
4168 4144 4166
4135 4134 4139
4169 4134 4131
4169 4131 4130
4125 4124 4084
4125 4084 4086
4126 4125 4086
4126 4086 4089
4124 4085 4084
4170 4171 4172
4170 4172 4173
4068 4076 4069
4153 4156 4163
4174 4134 4169
4111 4139 4138
4135 4139 4111
4175 4176 4177
4175 4177 4178
4176 3811 3814
4176 3814 4177
3795 3794 3788
3795 3788 3791
3782 3790 3789
3782 3789 3783
3786 4179 4180
3786 3799 4179
3826 3786 3785
3822 3824 3778
4181 3822 4182
3825 3822 4181
3817 4183 3815
3817 3810 4183
3817 3816 4184
4185 3829 4186
3830 3829 4187
4186 3829 4188
4187 3829 4185
3828 3830 4189
3801 3810 3817
4190 4191 4192
4190 4192 4193
3178 4194 4195
3178 4195 3179
4196 4190 4193
4194 4197 4195
3202 4198 3178
4199 4200 4201
4202 4203 4201
4202 4201 4198
4204 4205 4202
4204 4202 4198
4192 4206 4195
4192 4195 4193
3179 4195 4206
4201 4200 4197
4198 4201 4194
4207 4199 4203
4207 4203 4208
4209 4207 4208
4209 4208 4210
4211 4212 4213
4211 4213 4214
4215 4216 4212
4215 4212 4211
4217 4216 4215
4217 4215 4218
4219 4217 4218
4219 4218 4220
4221 4208 4203
4221 4203 4202
4222 4221 4202
4222 4202 4205
4208 4221 4223
4208 4223 4210
4224 4223 4221
4224 4221 4222
4210 4223 4225
4210 4225 4214
4224 4225 4223
4215 4226 4227
4215 4227 4218
4227 4220 4218
3204 4228 4204
3204 4204 3202
4229 4230 4231
4229 4231 4232
4230 4229 4233
4230 4233 4234
4235 4232 4231
4235 4231 4236
4237 4235 4236
4237 4236 4238
4239 4237 4238
4239 4238 4240
4241 4239 4240
4241 4240 4242
4243 4244 4245
4243 4245 4246
4247 4244 4243
4247 4243 4248
4249 4247 4248
4249 4248 4250
4251 4249 4250
4251 4250 4252
4253 4254 4255
4253 4255 4256
4255 4254 4257
4255 4257 4258
4258 4257 4259
4258 4259 4260
4260 4259 4261
4260 4261 4262
4261 4263 4264
4261 4264 4262
4265 4266 4267
4265 4267 4268
4268 4267 4269
4268 4269 4270
4270 4269 4271
4270 4271 4272
4265 4264 4263
4265 4263 4266
4211 4273 4226
4211 4226 4215
4214 4213 4209
4214 4209 4210
4242 4246 4245
4242 4245 4241
4211 4214 4225
4211 4225 4273
4204 4228 4205
4274 4253 4256
4274 4256 4275
4204 4198 3202
3178 4198 4194
4194 4201 4197
3458 3462 3464
4276 4277 4278
4276 4278 4279
4280 4281 4282
4280 4282 4283
4284 4285 4286
4284 4286 4287
4288 4289 4290
4288 4290 4291
4292 4293 4289
4292 4289 4288
4294 4295 4296
4294 4296 4297
4298 4299 4300
4298 4300 4301
4302 4303 4304
4302 4304 4305
4306 4307 4308
4306 4308 4309
4310 4311 4312
4310 4312 4313
4314 4315 4316
4314 4316 4317
4318 4319 4320
4318 4320 4321
4319 4322 4323
4319 4323 4320
4324 4325 4326
4324 4326 4327
4326 4328 4329
4326 4329 4327
4330 4331 4332
4330 4332 4333
4334 4335 4336
4334 4336 4337
4338 4168 4148
4339 3777 4340
4339 4340 4341
3774 3773 4342
4343 4344 4345
3703 3735 3701
3955 3952 4346
4008 4347 3987
4010 4008 4348
4349 4350 4351
4349 4351 4352
4353 3945 4354
4353 4354 4355
3939 4005 4002
3945 4353 3942
4356 4357 4358
4356 4358 4359
3842 3846 3843
3765 3764 3755
3839 3843 3840
4360 4361 4362
4360 4362 4363
4362 4364 4363
4365 3898 3899
4365 3899 4366
3742 3886 4367
3850 3848 3847
3850 3847 4368
4365 4366 4369
3918 4370 3922
4042 4038 4040
4371 3901 3903
4372 4373 4374
4372 4374 4375
4376 4377 4378
4376 4378 4379
4380 4381 4382
4380 4382 4383
4365 4369 4384
4384 4369 3900
3954 3953 3949
3761 3763 4385
4386 4387 4017
3935 3937 3933
4388 4389 4390
4388 4390 4391
4353 4355 4392
4393 3748 3747
4394 3749 4395
4396 3745 3746
4396 3746 4397
3747 3749 4394
3836 3770 3723
3836 3723 4398
3991 3990 3989
3991 3989 3988
3926 3925 4399
3926 4399 4400
4401 4402 4403
4401 4403 4404
4405 4093 4095
4405 4095 4098
4406 4296 4295
4406 4295 4407
4408 4409 4410
4408 4410 4411
4412 4133 4135
4113 4412 4135
4113 4135 4111
4144 4145 4166
4134 4174 4139
4413 4414 4415
4413 4415 4416
4417 4418 4419
4420 4421 4415
4420 4415 4414
4417 4422 4418
4423 4106 4104
4104 4103 4424
4424 4103 4101
4424 4101 4425
4099 4096 4426
4099 4426 4427
4096 4095 4428
4096 4428 4426
4095 4093 4429
4095 4429 4428
4093 4091 4430
4093 4430 4429
4431 4432 4433
4433 4434 4077
4433 4077 4085
4434 4435 4078
4434 4078 4077
4122 4436 4423
4122 4423 4120
4120 4423 4437
4120 4437 4118
4423 4104 4438
4423 4438 4437
4437 4438 4439
4437 4439 4167
4439 4338 4167
4147 4150 4164
4116 4118 4167
4440 4430 4091
4440 4091 4090
4412 4431 4109
4435 4434 4074
4081 4434 4433
4081 4433 4432
4431 4433 4085
4431 4085 4109
4104 4424 4438
4438 4424 4425
4438 4425 4439
4338 4427 4426
4338 4426 4115
4115 4426 4428
4115 4428 4113
4428 4429 4412
4428 4412 4113
4429 4430 4431
4429 4431 4412
4430 4440 4432
4430 4432 4431
4108 4124 4123
4108 4123 4128
4128 4123 4127
4128 4127 4441
4442 4164 4150
4442 4150 4152
4116 4164 4156
4147 4164 4116
4163 4164 4442
4166 4149 4148
4166 4148 4168
4167 4148 4147
4113 4112 4115
4115 4114 4168
4115 4168 4338
4427 4338 4439
4427 4439 4425
4338 4148 4167
4110 4129 4131
4110 4131 4133
4132 4129 4128
4132 4128 4441
4109 4110 4412
4412 4110 4133
4108 4085 4124
4166 4145 4165
4143 4114 4112
4141 4140 4137
4111 4140 4112
4112 4140 4143
4137 4140 4138
4139 4174 4136
4160 4157 4155
4160 4155 4154
4117 4157 4119
4119 4157 4159
4080 4088 4087
4080 4087 4079
4087 4076 4079
4087 4084 4076
3694 3696 4443
3404 3383 3405
3384 3383 3404
3635 3638 4444
3625 3624 4445
4446 3542 3541
4447 3543 3542
4446 4447 3542
4448 3612 3611
3583 3561 3560
3583 3560 3584
4449 4450 4451
4452 4449 4451
4452 4451 4453
4454 4452 4453
4454 4453 4455
4456 4454 4455
4456 4455 4457
4458 4456 4457
4458 4457 4459
4460 4461 4462
4463 4464 4465
4463 4465 4466
4467 4466 4465
4467 4465 4468
4469 4470 4471
4471 4470 4472
4471 4472 4473
4473 4472 4474
4473 4474 4475
4474 4476 4477
4474 4477 4475
4478 4479 4480
4478 4480 4481
4482 4478 4481
4482 4481 4483
4484 4485 4486
4486 4485 4487
4486 4487 4488
4488 4487 4489
4488 4489 4490
4490 4489 4491
4490 4491 4492
4491 4493 4494
4491 4494 4492
4495 4496 4497
4495 4497 4498
4499 4500 4501
4499 4501 4502
4497 4501 4500
4497 4500 4498
4503 4504 3559
4503 3559 3558
4505 4506 4507
4505 4507 4508
4508 4507 4509
4508 4509 4510
4511 4512 4513
4511 4513 4514
4514 4513 4515
4514 4515 4516
4517 4518 4519
4517 4519 4520
4520 4519 4521
4520 4521 4522
4523 4524 4525
4523 4525 4526
4526 4525 4527
4526 4527 4528
4529 4530 4531
4529 4531 4532
4532 4531 4533
4532 4533 4534
4534 4533 4535
4534 4535 4536
4536 4535 4537
4536 4537 4538
4539 4540 4541
4539 4541 4542
4543 4544 4545
4543 4545 4546
4547 4543 4546
4547 4546 4548
4549 4547 4548
4549 4548 4550
4551 4552 4553
4551 4553 4554
4555 4556 4557
4558 4559 4560
4558 4560 4561
4562 4563 4564
4459 4461 4458
4462 4461 4459
4565 4566 4567
4565 4567 4568
4566 4569 4570
4566 4570 4567
4571 4572 4570
4571 4570 4569
4573 4572 4571
4568 4574 4575
4568 4575 4565
4574 4576 4577
4574 4577 4575
4578 4579 4580
4578 4580 4581
4582 4583 4584
4582 4584 4585
4586 4587 4588
4586 4588 4589
4590 4589 4588
4590 4588 4591
4592 4593 4594
4592 4595 4596
4592 4596 4593
4597 4598 4599
4597 4599 4600
4600 4601 4597
4602 4559 4603
4602 4603 4604
4605 4606 4607
4605 4607 4608
4605 4609 4610
4605 4610 4606
4611 4612 4613
4611 4613 4614
4615 4616 4617
4618 4619 4620
4621 4619 4622
4622 4619 4618
4554 4623 4624
4554 4624 4551
4624 4623 4557
4624 4557 4556
4611 4625 4626
4611 4626 4612
4627 4607 4606
4627 4606 4628
4602 4629 4559
4629 4630 4559
4559 4630 4560
4631 4616 4632
4622 4633 4634
4622 4634 4621
4635 4636 4637
4635 4637 4638
4633 4639 4640
4633 4640 4634
4629 4641 4630
4642 4643 4628
4615 4632 4616
4636 4644 4626
4636 4626 4637
4645 4646 4647
4645 4647 4648
4647 4649 4648
4619 4621 4650
4651 4652 4653
4654 4651 4655
4654 4655 4656
4657 4654 4656
4657 4656 4658
4658 4659 4657
4660 4661 4662
4660 4662 4663
4664 4665 4666
4664 4666 4667
4668 4667 4666
4668 4666 4669
4670 4671 4672
4670 4672 4673
4654 4674 4651
4673 4675 4676
4673 4676 4670
4677 4678 4679
4677 4679 4680
4681 4682 4683
4681 4683 4684
4685 4686 4677
4685 4677 4680
4679 4687 4688
4679 4688 4680
4683 4689 4690
4683 4690 4684
4689 4691 4690
4692 4642 4688
4693 4564 4694
4693 4694 4695
4696 4695 4694
4696 4694 4697
4693 4698 4564
4699 4700 4701
4699 4701 4702
4703 4702 4701
4703 4701 4704
4705 4706 4707
4705 4707 4708
4709 4710 4711
4709 4711 4712
4713 4705 4708
4714 4715 4716
4714 4716 4717
4718 4716 4715
4718 4715 4709
4717 4716 4719
4717 4719 4720
4721 4719 4716
4721 4716 4718
4722 4723 4724
4722 4724 4725
4564 4698 4562
4722 4725 4726
4722 4726 4727
4728 4709 4712
4728 4712 4729
4709 4728 4730
4709 4730 4718
4718 4730 4731
4718 4731 4721
4732 4728 4729
4732 4729 4733
4728 4732 4734
4728 4734 4730
4730 4734 4735
4730 4735 4731
4736 4640 4639
4736 4639 4737
4738 4739 4736
4738 4736 4737
4643 4740 4741
4643 4741 4638
4741 4740 4742
4741 4742 4743
4744 4740 4643
4744 4643 4642
4740 4744 4745
4740 4745 4742
4746 4747 4748
4723 4749 4750
4723 4750 4724
4562 4751 4563
4675 4752 4676
4654 4753 4754
4654 4754 4674
4755 4753 4756
4753 4755 4754
4757 4750 4749
4692 4758 4744
4692 4744 4642
4744 4758 4759
4744 4759 4745
4760 4761 4755
4760 4755 4756
4762 4763 4735
4762 4735 4734
4764 4762 4734
4764 4734 4732
4732 4733 4765
4732 4765 4764
4766 4767 4768
4768 4769 4770
4771 4769 4772
4768 4767 4773
4768 4773 4774
4769 4768 4774
4772 4775 4776
4772 4776 4771
4777 4776 4775
4777 4775 4778
4779 4777 4778
4779 4778 4780
4781 4779 4780
4781 4780 4782
4783 4781 4782
4783 4782 4784
4785 4783 4784
4785 4784 4786
4787 4785 4786
4787 4786 4788
4789 4787 4788
4789 4788 4790
4787 4789 4791
4792 4793 4789
4792 4789 4790
4772 4769 4774
4766 4770 4794
4771 4795 4769
4770 4796 4797
4770 4797 4794
4769 4796 4770
4776 4798 4795
4776 4795 4771
4777 4799 4798
4777 4798 4776
4779 4800 4799
4779 4799 4777
4779 4781 4801
4779 4801 4800
4783 4802 4801
4783 4801 4781
4785 4803 4802
4785 4802 4783
4787 4804 4803
4787 4803 4785
4787 4791 4805
4787 4805 4804
4791 4806 4807
4791 4807 4805
4795 4796 4769
4808 4809 4810
4808 4810 4811
4812 4813 4814
4812 4814 4815
4816 4817 4818
4816 4818 4819
3480 3479 3472
3480 3472 3471
4820 4821 4036
4822 3858 3857
4822 3857 4823
4766 4768 4770
4055 4054 4422
4279 4282 4281
4279 4281 4276
4287 4286 4280
4287 4280 4283
4310 4313 4421
4310 4421 4420
4317 4413 4416
4317 4416 4314
4171 4419 4824
4171 4824 4172
4419 4418 4824
4055 4422 4417
4051 4050 4053
4051 4053 4052
4056 4170 4173
4056 4173 4057
4309 4278 4277
4309 4277 4306
4291 4290 4285
4291 4285 4284
4321 4316 4315
4321 4315 4318
4336 4335 4312
4336 4312 4311
4047 4046 4049
4047 4049 4048
4308 4307 4302
4308 4302 4305
4333 4332 4334
4333 4334 4337
4060 4061 4402
4060 4402 4401
4408 4323 4322
4408 4322 4409
4406 4407 4293
4406 4293 4292
4067 4066 4045
4067 4045 4044
4304 4303 4299
4304 4299 4298
4329 4328 4331
4329 4331 4330
4090 4092 4825
4091 4094 4092
4094 4093 4405
4082 4090 4825
4073 4075 4826
4075 4074 4083
4096 4100 4097
4100 4099 4102
4827 4103 4828
4105 4104 4107
4103 4105 4828
4829 4830 4831
3743 4832 4833
3743 4833 3741
3676 4834 3677
3677 4834 3678
3673 3674 3676
3725 3724 4835
3725 4835 4836
3668 3670 4837
3667 3669 3683
3671 3673 4838
3722 3723 3770
3723 3721 3695
3869 4839 4840
3869 4840 3870
4839 4841 4842
4839 4842 4840
4843 4844 4845
4843 4845 4846
4844 4847 4848
4844 4848 4845
4847 4849 4850
4849 4043 3867
4849 3867 4851
4178 3809 3808
4178 3808 4175
3802 3805 3804
3802 3801 3805
3831 3832 3833
3832 3828 4189
3784 4341 4340
3784 4340 3781
4342 3773 3780
4342 3780 3779
4345 4344 3787
3787 4344 3827
3775 3777 4339
3851 3850 4368
3902 3901 4371
3900 3902 4384
3849 3851 4852
4852 4003 4004
4852 4004 3849
4006 4005 3962
4006 3962 3961
3905 3904 3997
3903 3905 4371
4379 4374 4373
4379 4373 4376
4040 4039 4853
3918 3920 4370
4854 4029 4024
4001 4855 3915
3920 4855 4001
3920 3919 4855
4854 4024 4027
4028 4030 4033
4030 4029 4854
3915 3917 4000
3998 3997 3904
3999 3998 3906
3855 4822 4823
3855 4823 3852
3939 3941 4386
4386 3941 4387
3908 3907 4856
3906 3908 3999
3956 3960 3959
3956 3959 3957
3938 3937 3935
4017 4387 4018
4014 4013 4011
4035 4037 4857
4820 4036 4035
4011 4013 4009
3935 3934 3931
3931 3934 3932
3946 3996 3950
3930 3929 3994
3930 3994 3993
4348 4008 3987
3951 3950 3996
4009 4008 4010
4348 3987 4858
3987 3989 4858
3949 3951 3954
3946 3948 3995
3947 3960 3948
3861 3860 3856
3861 3856 3858
4019 4020 4021
4020 4016 4018
3910 3909 4856
3910 4856 3907
3300 3304 3303
3300 3303 3301
3285 3288 3287
3285 3287 3284
3318 3315 3302
3318 3302 3305
3277 3272 3275
3277 3275 3278
3258 3259 4859
4860 3327 3326
4860 3326 4861
3328 3326 3323
3328 3323 3325
3309 3308 4862
3309 4862 3346
3326 3329 4861
3345 3346 4862
3346 3311 3310
4846 4842 4841
4846 4841 4843
3726 4836 4835
3726 4835 3727
4838 4837 3671
3668 4837 4838
4832 3733 3732
4832 3732 4833
4847 4850 4848
4850 4849 4851
3676 3675 4834
4081 4432 4440
4081 4440 4090
4082 4081 4090
4434 4081 4074
4427 4425 4101
4427 4101 4099
4827 4101 4103
4102 4101 4827
4829 4106 4830
4106 4423 4436
4437 4167 4118
4106 4436 4830
4435 4074 4073
4107 4106 4829
4863 4864 4865
4863 4865 4866
4867 4868 4864
4867 4864 4863
4869 4870 4868
4869 4868 4867
4871 4872 4870
4871 4870 4869
4873 4874 4872
4873 4872 4871
4875 4876 4874
4875 4874 4873
4877 4878 4876
4877 4876 4875
4879 4880 4878
4879 4878 4877
4867 4863 4881
4882 4869 4867
4883 4871 4869
4883 4869 4882
4884 4873 4871
4884 4871 4883
4885 4875 4873
4885 4873 4884
4886 4877 4875
4886 4875 4885
4887 4879 4877
4887 4877 4886
4881 4863 4888
4889 4881 4888
4889 4888 4890
4891 4883 4882
4892 4884 4883
4892 4883 4891
4893 4885 4884
4893 4884 4892
4894 4886 4885
4894 4885 4893
4895 4887 4886
4895 4886 4894
4896 4897 4898
4896 4898 4899
4889 4882 4881
4900 4889 4890
4900 4890 4901
4902 4903 4904
4905 4906 4903
4905 4903 4902
4907 4908 4906
4907 4906 4905
4909 4910 4908
4909 4908 4907
4911 4912 4913
4911 4913 4914
4915 4916 4912
4915 4912 4911
4917 4918 4916
4917 4916 4915
4919 4920 4918
4919 4918 4917
4913 4897 4896
4913 4896 4914
4891 4889 4900
4921 4892 4891
4921 4891 4900
4922 4893 4892
4922 4892 4921
4923 4894 4893
4923 4893 4922
4924 4895 4894
4924 4894 4923
4921 4903 4906
4921 4906 4922
4903 4921 4900
4925 4923 4922
4925 4922 4906
4926 4924 4923
4926 4923 4925
4925 4908 4910
4925 4910 4926
4908 4925 4906
4900 4901 4904
4903 4900 4904
4927 4926 4910
4928 4929 4920
4928 4920 4919
4930 4931 4929
4930 4929 4928
4932 4933 4934
4932 4934 4935
4936 4937 4934
4936 4934 4933
4938 4939 4940
4938 4940 4941
4942 4943 4939
4942 4939 4938
4944 4945 4937
4944 4937 4936
4946 4947 4948
4946 4948 4949
4949 4948 4950
4949 4950 4951
4943 4942 4952
4953 4954 4955
4951 4950 4956
4951 4956 4957
4958 4959 4960
4958 4960 4961
4962 4963 4964
4962 4964 4965
4966 4967 4963
4966 4963 4962
4968 4942 4938
4968 4938 4941
4968 4941 4969
4970 4971 4932
4970 4932 4935
4972 4973 4974
4972 4974 4975
4972 4976 4977
4972 4977 4973
4978 4979 4977
4978 4977 4976
4980 4981 4982
4980 4982 4983
4984 4985 4981
4984 4981 4980
4986 4987 4967
4986 4967 4966
4988 4989 4990
4988 4990 4991
4992 4957 4956
4992 4956 4993
4992 4993 4994
4992 4994 4995
4996 4997 4998
4996 4998 4999
4999 5000 4996
5001 4988 5002
5003 5004 5005
5003 5005 5001
5003 5006 5007
4983 4982 4979
4983 4979 4978
5007 5004 5003
5000 5008 4996
5009 4941 4940
5009 4940 5010
5011 4969 4941
5011 4941 5009
5009 5010 5012
5009 5012 5013
5014 5013 5015
4969 5011 5016
5017 5018 5019
5017 5019 5020
5021 5022 5019
5021 5019 5018
5023 5024 5025
5023 5025 5026
5027 5028 5026
5027 5026 5025
5014 5015 5029
5017 5020 5030
5031 5032 4997
5003 5033 5006
5008 5034 4996
5035 5036 5037
5038 5039 5040
5041 5035 5037
5041 5037 5042
5043 5044 5045
5043 5045 5046
5047 5048 5049
5047 5049 5050
5051 5052 5053
5051 5053 5054
5053 5055 5054
5047 5050 5045
5047 5045 5044
5036 5039 5038
5036 5038 5037
5053 5056 5055
5056 5057 5055
5049 5048 5058
5049 5058 5059
5060 5057 5056
5061 5062 5063
5061 5063 5064
5065 5066 5067
5068 5069 5070
5071 5072 5073
5071 5073 5074
5075 5076 5072
5075 5072 5071
5077 5078 5076
5077 5076 5075
5079 5080 5078
5079 5078 5077
5081 5082 5080
5081 5080 5079
5083 5084 5082
5083 5082 5081
5085 5086 5084
5085 5084 5083
5065 5087 5066
5064 5063 5088
5064 5088 5089
5090 5091 5092
5090 5092 5093
5066 5087 5074
5066 5074 5073
5094 5095 5062
5094 5062 5061
5096 5097 5095
5096 5095 5094
5098 5099 5097
5098 5097 5096
5100 5101 5099
5100 5099 5098
5102 5103 5101
5102 5101 5100
5104 5105 5103
5104 5103 5102
5106 5107 5105
5106 5105 5104
5108 5109 5107
5108 5107 5106
5085 5110 5111
5085 5111 5086
5112 5113 5109
5112 5109 5108
5114 5115 5113
5114 5113 5112
5116 5117 5115
5116 5115 5114
5118 5111 5119
5118 5120 5111
5111 5110 5119
5121 5122 5069
5121 5069 5068
5123 5124 5122
5123 5122 5121
5125 5126 5124
5125 5124 5123
5127 5128 5126
5127 5126 5125
5129 5130 5128
5129 5128 5127
5131 5132 5130
5131 5130 5129
5133 5134 5132
5133 5132 5131
5135 5136 5134
5135 5134 5133
5136 5135 5137
5135 5138 5139
5135 5139 5137
5140 5141 5142
5140 5142 5143
5144 5145 5146
5144 5146 5147
5148 5147 5146
5149 5150 5146
5151 5140 5143
5151 5143 5152
5153 5145 5144
5153 5144 5154
5155 5151 5152
5155 5152 5156
5157 5153 5154
5157 5154 5158
5159 5155 5156
5159 5156 5160
5161 5159 5160
5161 5160 5162
5163 5164 5165
5163 5165 5166
5167 5168 5169
5170 5171 5167
5170 5167 5172
5173 5172 5167
5173 5167 5169
5174 5175 5176
5174 5176 5177
5146 5178 5179
5146 5179 5149
5180 5181 5179
5180 5179 5178
5177 5176 5182
5177 5182 5183
5177 5183 5173
5177 5173 5169
5168 5174 5177
5168 5177 5169
5174 5168 5184
5174 5184 5185
5186 5178 5146
5186 5146 5145
5187 5180 5178
5187 5178 5186
5188 5186 5145
5188 5145 5153
5189 5187 5186
5189 5186 5188
5190 5191 5192
5190 5192 5193
5194 5195 5196
5194 5196 5197
5198 5199 5195
5198 5195 5194
5200 5201 5199
5200 5199 5198
5202 5203 5201
5202 5201 5200
5204 5205 5180
5204 5180 5187
5206 5204 5187
5206 5187 5189
5207 5157 5164
5207 5164 5208
5157 5207 5188
5157 5188 5153
5209 5210 5211
5209 5211 5212
5204 5206 5210
5204 5210 5209
5213 5214 5210
5213 5210 5206
5215 5213 5206
5215 5206 5189
5207 5215 5189
5207 5189 5188
5216 5205 5204
5216 5204 5209
5217 5216 5209
5217 5209 5212
5218 5217 5212
5218 5212 5219
5190 5193 5220
5208 5221 5215
5208 5215 5207
5222 5223 5170
5224 5225 5222
5224 5222 5226
5222 5170 5226
5222 5227 5228
5222 5228 5223
5229 5227 5222
5229 5222 5225
5230 5231 5232
5230 5232 5233
5234 5235 5231
5234 5231 5230
5236 5237 5238
5236 5238 5239
5240 5241 5237
5240 5237 5236
5242 5241 5240
5243 5244 5245
5223 5171 5170
5246 5247 5248
5249 5250 5251
5249 5251 5252
5249 5253 5254
5249 5254 5250
5253 5255 5256
5253 5256 5254
5255 5257 5258
5255 5258 5256
5259 5260 5261
5259 5261 5262
5263 5264 5260
5265 5264 5263
5266 5267 5249
5266 5249 5252
5268 5267 5266
5269 5270 5271
5269 5271 5272
5273 5268 5274
5275 5253 5249
5275 5249 5267
5275 5276 5277
5278 5255 5275
5279 5257 5255
5279 5255 5278
5280 5281 5260
5280 5260 5259
5260 5281 5263
5264 5261 5260
5255 5253 5275
5275 5282 5278
5268 5273 5267
5262 5258 5257
5262 5257 5259
5259 5257 5280
5283 5284 5285
5283 5285 5286
5287 5283 5286
5287 5286 5288
5289 5287 5288
5289 5288 5290
5291 5289 5290
5291 5290 5292
5293 5291 5292
5293 5292 5294
5295 5293 5294
5295 5294 5296
5297 5298 5299
5297 5299 5300
5301 5297 5300
5301 5300 5302
5303 5301 5302
5303 5302 5304
5305 5303 5304
5305 5304 5306
5307 5305 5306
5307 5306 5308
5309 5310 5311
5308 5312 5313
5308 5313 5307
5314 5313 5312
5314 5312 5315
5316 5317 5318
5319 5316 5318
5319 5318 5320
5317 5309 5311
5317 5311 5318
5321 5322 5323
5321 5323 5324
5325 5322 5321
5325 5321 5326
5327 5325 5326
5327 5326 5328
5327 5328 5329
5328 5330 5329
5331 5332 5333
5331 5333 5334
5335 5336 5337
5335 5337 5338
5339 5340 5341
5339 5341 5342
5343 5344 5341
5343 5341 5340
5345 5346 5344
5345 5344 5343
5347 5348 5346
5347 5346 5345
5349 5350 5348
5349 5348 5347
5351 5352 5350
5351 5350 5349
5335 5338 5333
5335 5333 5332
5267 5273 5276
5275 5267 5276
5342 5337 5336
5342 5336 5339
5275 5277 5282
5257 5279 5280
5353 5354 5355
5353 5355 5356
5357 5358 5359
5359 5358 5360
5360 5361 5362
5363 5364 5365
5363 5365 5366
5363 5366 5367
5363 5367 5368
5369 5370 5371
5369 5371 5354
5372 5373 5374
5372 5374 5375
5376 5377 5378
5376 5378 5379
5380 5381 5382
5383 5384 5385
5383 5385 5386
5387 5388 5389
5390 5391 5392
5390 5392 5393
5394 5395 5396
5394 5396 5397
5398 5399 5400
5398 5400 5401
5384 5402 5385
5403 5404 5405
5403 5405 5406
5382 5381 5407
5408 5409 5407
5410 5408 5407
5410 5407 5411
5412 5413 5414
5412 5414 5415
5416 5412 5415
5416 5415 5417
5418 5416 5417
5418 5417 5419
5389 5420 5387
5421 5422 5388
5423 5424 5425
5423 5425 5426
5427 5428 5429
5428 5430 5431
5431 5430 5432
5433 5434 5435
5436 5437 5438
5436 5438 5439
5440 5441 5442
5443 5444 5445
5443 5445 5446
5447 5448 5449
5441 5450 5442
5450 5451 5452
5453 5427 5454
5455 5456 5408
5457 5458 5459
5457 5459 5460
5461 5462 5463
5464 5465 5466
5467 5468 5469
5467 5469 5470
5471 5472 5473
5474 5475 5476
5474 5476 5477
5478 5479 5480
5478 5480 5481
5482 5483 5480
5482 5480 5479
5484 5473 5485
5486 5487 5488
5489 5490 5491
5489 5491 5492
5447 5449 5493
5493 5449 5494
5493 5494 5495
5486 5488 5496
5497 5498 5499
5497 5499 5500
5501 5502 5503
5504 5498 5497
5504 5497 5505
5506 5504 5505
5506 5505 5507
5508 5509 5510
5510 5511 5508
5484 5512 5473
5464 5508 5465
5471 5513 5472
5514 5515 5516
5517 5518 5514
5519 5520 5521
5519 5521 5517
5522 5456 5523
5524 5525 5526
5524 5526 5527
5525 5528 5529
5529 5530 5531
5529 5531 5532
5533 5534 5532
5533 5532 5531
5535 5536 5537
5538 5539 5540
5538 5540 5541
5542 5543 5544
5545 5546 5547
5545 5547 5548
5545 5549 5550
5545 5550 5546
5551 5552 5553
5554 5555 5556
5554 5556 5557
5558 5559 5560
5561 5562 5563
5561 5563 5564
5565 5566 5567
5565 5567 5568
5569 5570 5571
5427 5429 5572
5573 5559 5558
5574 5575 5576
5571 5570 5577
5571 5577 5578
5579 5580 5581
5579 5581 5582
5583 5578 5577
5583 5577 5584
5583 5584 5585
5586 5587 5588
5589 5590 5591
5592 5593 5594
5595 5596 5597
5595 5597 5598
5597 5596 5599
5597 5599 5600
5601 5602 5603
5604 5605 5606
5607 5608 5604
5609 5610 5611
5609 5611 5612
5613 5614 5615
5613 5615 5616
5614 5617 5618
5614 5618 5615
5619 5620 5621
5622 5623 5624
5625 5626 5627
5628 5629 5630
5628 5630 5631
5632 5633 5634
5635 5636 5637
5638 5639 5640
5638 5640 5641
5642 5643 5644
5634 5645 5646
5647 5648 5628
5647 5628 5631
5576 5575 5649
5427 5572 5454
5454 5572 5650
5428 5431 5429
5635 5637 5651
5632 5652 5637
5653 5654 5655
5653 5656 5654
5657 5658 5659
5657 5659 5660
5661 5662 5663
5661 5663 5664
5665 5666 5667
5665 5667 5668
5669 5670 5671
5669 5671 5672
5673 5674 5675
5676 5677 5678
5679 5611 5610
5679 5610 5680
5681 5632 5682
5683 5684 5685
5601 5686 5687
5688 5625 5627
5541 5540 5689
5541 5689 5690
5688 5691 5692
5693 5694 5695
5694 5696 5697
5698 5699 5700
5698 5700 5701
5702 5703 5704
5705 5706 5702
5707 5708 5709
5707 5709 5705
5710 5711 5712
5710 5712 5713
5714 5715 5716
5717 5718 5714
5717 5714 5719
5720 5592 5594
5721 5722 5723
5724 5725 5726
5727 5725 5728
5552 5551 5729
5730 5731 5732
5730 5732 5733
5734 5735 5736
5734 5736 5737
5738 5739 5740
5738 5740 5741
5742 5743 5744
5742 5744 5745
5744 5743 5746
5744 5746 5747
5748 5749 5750
5748 5750 5751
5749 5752 5753
5749 5753 5750
5754 5755 5756
5754 5757 5758
5754 5758 5755
5759 5760 5761
5762 5756 5763
5762 5763 5764
5765 5754 5762
5766 5757 5754
5766 5754 5765
5761 5767 5768
5761 5768 5769
5770 5762 5764
5770 5764 5771
5772 5773 5770
5772 5774 5775
5772 5775 5773
5776 5777 5778
5778 5779 5780
5781 5782 5783
5781 5783 5784
5784 5785 5786
5786 5787 5788
5789 5790 5791
5791 5792 5793
5794 5771 5795
5794 5795 5796
5797 5798 5799
5799 5800 5801
5802 5803 5804
5805 5804 5803
5805 5803 5806
5807 5805 5806
5807 5806 5808
5809 5810 5811
5809 5812 5813
5809 5813 5810
5814 5815 5794
5814 5794 5796
5816 5817 5814
5816 5814 5818
5819 5818 5820
5819 5820 5821
5822 5823 5824
5822 5824 5825
5822 5797 5826
5827 5828 5829
5827 5829 5826
5827 5801 5830
5831 5832 5830
5833 5834 5835
5833 5835 5836
5834 5837 5838
5834 5838 5835
5839 5840 5841
5839 5841 5842
5839 5804 5843
5844 5845 5843
5844 5843 5846
5846 5805 5807
5846 5807 5847
5848 5844 5846
5848 5846 5847
5849 5850 5842
5802 5804 5839
5802 5839 5842
5835 5838 5851
5835 5851 5852
5853 5802 5833
5830 5832 5828
5830 5828 5827
5830 5801 5854
5830 5854 5852
5821 5825 5819
5855 5816 5818
5855 5818 5819
5810 5772 5770
5810 5770 5811
5813 5774 5772
5813 5772 5810
5811 5770 5771
5856 5857 5858
5856 5858 5859
5754 5756 5762
5841 5849 5842
5860 5855 5819
5797 5822 5825
5821 5797 5825
5861 5862 5863
5861 5863 5864
5500 5499 5862
5500 5862 5861
5481 5475 5474
5481 5474 5478
5477 5476 5468
5477 5468 5467
5473 5865 5866
5473 5866 5485
5512 5471 5473
5508 5464 5509
5867 5868 5508
5511 5867 5508
5502 5501 5869
5502 5869 5496
5502 5870 5503
5871 5872 5516
5515 5873 5516
5872 5874 5516
5873 5871 5516
5514 5875 5515
5488 5502 5496
5876 5877 5878
5876 5878 5879
4866 4865 5880
4866 5880 5881
5882 5883 5877
5881 5880 5883
4888 4866 5884
5885 5886 5887
5888 5884 5887
5888 5887 5886
5888 5889 5890
5888 5890 5884
5880 5891 5878
5880 5878 5877
4865 5891 5880
5887 5883 5892
5884 5881 5887
5893 5894 5886
5893 5886 5885
5895 5896 5894
5895 5894 5893
5897 5898 5899
5897 5899 5900
5898 5901 5902
5898 5902 5899
5903 5904 5902
5903 5902 5901
5905 5906 5904
5905 5904 5903
5907 5888 5886
5907 5886 5894
5908 5889 5888
5908 5888 5907
5909 5907 5894
5909 5894 5896
5910 5908 5907
5910 5907 5909
5911 5909 5896
5911 5896 5900
5910 5909 5911
5912 5913 5902
5912 5902 5904
5912 5904 5906
4890 4888 5890
4890 5890 5914
5915 5916 5917
5915 5917 5918
5919 5915 5918
5919 5918 5920
5921 5922 5917
5921 5917 5916
5923 5924 5922
5923 5922 5921
5925 5926 5924
5925 5924 5923
5927 5928 5926
5927 5926 5925
5929 5930 5931
5929 5931 5932
5933 5934 5931
5933 5931 5930
5935 5936 5934
5935 5934 5933
5937 5938 5936
5937 5936 5935
5939 5940 5941
5939 5941 5942
5943 5940 5939
5943 5939 5944
5945 5943 5944
5945 5944 5946
5947 5945 5946
5947 5946 5948
5947 5948 5949
5947 5949 5950
5951 5952 5953
5951 5953 5954
5955 5951 5954
5955 5954 5956
5957 5955 5956
5957 5956 5958
5950 5949 5953
5950 5953 5952
5899 5902 5913
5899 5913 5959
5900 5896 5895
5900 5895 5897
5929 5932 5928
5929 5928 5927
5911 5900 5899
5911 5899 5959
5890 5889 5914
5942 5941 5960
5942 5960 5961
5890 4888 5884
4866 5881 5884
5881 5883 5887
5146 5150 5148
5962 5963 5964
5962 5964 5965
5966 5967 5968
5966 5968 5969
5970 5971 5972
5970 5972 5973
5974 5975 5976
5974 5976 5977
5975 5978 5979
5975 5979 5976
5980 5981 5982
5980 5982 5983
5984 5985 5986
5984 5986 5987
5988 5989 5990
5988 5990 5991
5992 5993 5994
5992 5994 5995
5996 5997 5998
5996 5998 5999
6000 6001 6002
6000 6002 6003
6004 6005 6006
6004 6006 6007
6007 6006 6008
6007 6008 6009
6010 6011 6012
6010 6012 6013
6010 6013 6014
6010 6014 6015
6016 6017 6018
6016 6018 6019
6020 6021 6022
6020 6022 6023
6024 5836 5854
6025 6026 6027
6025 6027 5462
5458 6028 5459
6029 6030 6031
5388 5387 5421
5641 6032 5638
5695 5673 6033
5697 6034 5695
6035 6036 6037
6035 6037 6038
6039 6040 6041
6039 6041 5629
5625 5688 5692
5629 5628 6039
6042 6043 6044
6042 6044 6045
5529 5528 5530
5452 5442 5450
5525 5524 5528
6046 6047 6048
6046 6048 6049
6046 6049 6050
5585 5584 6051
5585 6051 6052
5429 6053 5572
5534 5533 5537
5534 5537 6054
6051 6055 6052
5604 5608 6056
5728 5725 5724
6057 5589 5588
6058 6059 6060
6058 6060 6061
6062 6063 6064
6062 6064 6065
6066 6067 6068
6066 6068 6069
6051 6070 6055
6070 5586 6055
5639 5635 5640
5447 6071 5448
6072 5704 6073
5620 5619 5624
6074 6075 6076
6074 6076 6077
6039 6078 6040
6079 5433 5435
6080 6081 5434
5432 5430 6082
5432 6082 6083
5433 6080 5434
5522 6084 5409
5522 5409 5456
5678 5675 5674
5678 5674 5676
5612 6085 6086
5612 6086 5609
6087 6088 6089
6087 6089 6090
6091 5782 5781
6091 5781 5780
5983 5982 6092
5983 6092 6093
6094 6095 6096
6094 6096 6097
6098 5821 5820
5821 6098 5798
5821 5798 5797
5830 5852 5831
5819 5825 5860
6099 6100 6101
6099 6101 6102
6103 6104 6105
6106 6100 6099
6106 6099 6107
6103 6105 6108
6109 5791 5793
5791 6110 5789
5788 5789 6110
5788 6110 6111
5786 6112 6113
5786 6113 5784
5784 6113 6114
5784 6114 5781
5781 6114 6115
5781 6115 5780
5780 6115 6116
5780 6116 5778
6117 6118 6119
6118 5771 5764
6118 5764 6120
6120 5764 5763
6120 5763 6121
6109 6122 5808
6109 5808 5806
6123 6109 5806
6123 5806 5803
6124 5791 6109
6124 6109 6123
6125 6124 6123
6125 6123 5853
6125 5853 6024
5833 5850 5834
5802 5853 5803
6126 5776 5778
6126 5778 6116
6098 5795 6117
6121 5761 6120
6118 6120 5769
6118 5769 6119
6117 5795 5771
6117 5771 6118
5791 6124 6110
6111 6110 6124
6111 6124 6125
6113 6112 6024
6113 6024 5800
6114 6113 5800
6114 5800 5798
6114 5798 6098
6114 6098 6115
6115 6098 6117
6115 6117 6116
6116 6117 6119
6116 6119 6126
5809 5811 5794
5809 5794 5815
5812 5809 5815
5812 5815 6127
6128 5837 5834
6128 5834 5850
5802 5842 5850
5833 5802 5850
5849 6128 5850
5836 5835 5852
5836 5852 5854
5853 5833 5836
5798 5800 5799
5800 6024 5854
5800 5854 5801
6112 6111 6125
6112 6125 6024
6024 5853 5836
5796 5820 5818
5796 5818 5814
5817 6127 5815
5817 5815 5814
5795 6098 5796
6098 5820 5796
5794 5811 5771
5852 5851 5831
5827 5799 5801
5829 5823 5826
5797 5799 5826
5799 5827 5826
5823 5822 5826
5825 5824 5860
5845 5840 5839
5845 5839 5843
5804 5805 5843
5805 5846 5843
5773 5775 5766
5773 5766 5765
5773 5765 5762
5773 5762 5770
5380 6129 5381
5090 5093 5070
5069 5090 5070
5323 6130 5324
5310 6131 5311
6132 5228 5227
6133 5227 5229
6132 5227 6133
6134 5299 5298
5269 5272 5246
5269 5246 6135
6136 6137 6138
6139 6140 6137
6139 6137 6136
6141 6142 6140
6141 6140 6139
6143 6144 6142
6143 6142 6141
6145 6146 6144
6145 6144 6143
6147 6148 6149
6150 6151 6152
6150 6152 6153
6154 6155 6152
6154 6152 6151
6156 6157 6158
6159 6158 6157
6159 6157 6160
6161 6159 6160
6161 6160 6162
6161 6162 6163
6161 6163 6164
6165 6166 6167
6165 6167 6168
6169 6170 6168
6169 6168 6167
6171 6172 6173
6174 6173 6172
6174 6172 6175
6176 6174 6175
6176 6175 6177
6178 6176 6177
6178 6177 6179
6178 6179 6180
6178 6180 6181
6182 6183 6184
6182 6184 6185
6186 6187 6188
6186 6188 6189
6189 6188 6184
6189 6184 6183
6190 5245 5244
6190 5244 6191
6192 6193 6194
6192 6194 6195
6196 6192 6195
6196 6195 6197
6198 6199 6200
6198 6200 6201
6202 6198 6201
6202 6201 6203
6204 6205 6206
6204 6206 6207
6208 6204 6207
6208 6207 6209
6210 6211 6212
6210 6212 6213
6214 6210 6213
6214 6213 6215
6216 6217 6218
6216 6218 6219
6220 6216 6219
6220 6219 6221
6222 6220 6221
6222 6221 6223
6224 6222 6223
6224 6223 6225
6226 6227 6228
6226 6228 6229
6230 6231 6232
6230 6232 6233
6234 6235 6231
6234 6231 6230
6236 6237 6235
6236 6235 6234
6238 6239 6240
6238 6240 6241
6242 6243 6244
6245 6246 6247
6245 6247 6248
6249 6250 6251
6146 6145 6149
6148 6146 6149
6252 6253 6254
6252 6254 6255
6256 6257 6253
6256 6253 6252
6258 6257 6256
6258 6256 6259
6260 6258 6259
6261 6262 6255
6261 6255 6254
6262 6261 6263
6262 6263 6264
6265 6266 6267
6265 6267 6268
6269 6270 6271
6269 6271 6272
6273 6274 6275
6273 6275 6276
6277 6278 6275
6277 6275 6274
6279 6280 6281
6279 6281 6282
6279 6282 6283
6284 6285 6286
6284 6286 6287
6285 6284 6288
6289 6290 6291
6289 6291 6248
6292 6293 6294
6292 6294 6295
6292 6295 6296
6292 6296 6297
6298 6299 6300
6298 6300 6301
6302 6303 6304
6305 6306 6307
6308 6309 6307
6309 6305 6307
6310 6311 6239
6310 6239 6238
6243 6311 6310
6243 6310 6244
6312 6313 6298
6312 6298 6301
6314 6315 6295
6314 6295 6294
6289 6248 6316
6316 6248 6317
6248 6247 6317
6318 6319 6304
6320 6321 6309
6320 6309 6308
6322 6323 6324
6322 6324 6325
6326 6327 6321
6326 6321 6320
6316 6317 6328
6329 6330 6315
6302 6304 6319
6325 6324 6312
6325 6312 6331
6332 6333 6334
6332 6334 6335
6332 6335 6336
6337 6338 6339
6340 6341 6342
6340 6342 6337
6341 6340 6343
6341 6343 6344
6344 6343 6345
6346 6347 6348
6346 6348 6349
6350 6351 6352
6350 6352 6353
6354 6355 6352
6354 6352 6351
6356 6357 6358
6356 6358 6359
6340 6337 6360
6361 6362 6357
6361 6357 6356
6363 6364 6365
6363 6365 6366
6367 6368 6369
6367 6369 6370
6365 6371 6372
6365 6372 6366
6373 6374 6363
6373 6363 6366
6375 6376 6367
6375 6367 6370
6376 6375 6377
6378 6374 6373
6379 6380 6381
6379 6381 6250
6382 6383 6381
6382 6381 6380
6379 6250 6384
6385 6386 6387
6385 6387 6388
6389 6390 6387
6389 6387 6386
6391 6392 6393
6391 6393 6394
6395 6396 6397
6395 6397 6398
6399 6392 6391
6400 6401 6402
6400 6402 6403
6404 6395 6401
6404 6401 6400
6405 6400 6403
6405 6403 6406
6407 6404 6400
6407 6400 6405
6408 6409 6410
6408 6410 6411
6250 6249 6384
6410 6412 6413
6410 6413 6411
6414 6415 6396
6414 6396 6395
6416 6414 6395
6416 6395 6404
6417 6416 6404
6417 6404 6407
6418 6419 6415
6418 6415 6414
6420 6418 6414
6420 6414 6416
6421 6420 6416
6421 6416 6417
6422 6423 6327
6422 6327 6326
6422 6424 6425
6422 6425 6423
6426 6427 6428
6426 6428 6323
6429 6427 6426
6429 6426 6430
6431 6329 6428
6431 6428 6427
6432 6431 6427
6432 6427 6429
6433 6434 6435
6436 6437 6409
6436 6409 6408
6249 6251 6438
6362 6361 6439
6340 6360 6440
6340 6440 6441
6442 6443 6441
6441 6440 6442
6444 6437 6436
6431 6445 6378
6431 6378 6329
6446 6445 6431
6446 6431 6432
6447 6443 6442
6447 6442 6448
6449 6420 6421
6449 6421 6450
6451 6418 6420
6451 6420 6449
6418 6451 6452
6418 6452 6419
5164 5157 5158
5164 5158 5165
6453 5723 6454
5544 5543 6455
5544 6455 6456
5739 6108 5740
5969 5968 5963
5969 5963 5962
5973 5967 5966
5973 5966 5970
5998 6106 6107
5998 6107 5999
6102 6101 6001
6102 6001 6000
6457 6104 5857
6457 5857 5856
6104 6457 6105
5739 6103 6108
5735 5738 5741
5735 5741 5736
5859 5858 5742
5859 5742 5745
5965 5964 5993
5965 5993 5992
5977 5972 5971
5977 5971 5974
6003 6002 6005
6003 6005 6004
6022 5997 5996
6022 5996 6023
5731 5734 5737
5731 5737 5732
5994 5989 5988
5994 5988 5995
6019 6021 6020
6019 6020 6016
5746 6087 6090
5746 6090 5747
6009 6008 6094
6009 6094 6097
6092 5979 5978
6092 5978 6093
5752 5730 5733
5752 5733 5753
5990 5986 5985
5990 5985 5991
6014 6018 6017
6014 6017 6015
5776 6458 5777
5778 5777 5779
5779 6091 5780
5768 6458 5776
5759 6459 5760
5760 5767 5761
5784 5783 5785
5785 5787 5786
6460 6461 5789
5790 5792 5791
5789 6461 5790
6462 6463 6464
6465 6466 5428
6465 5428 5427
5361 5365 6467
5365 5364 6467
5358 5361 5360
5411 6468 6469
5411 6469 5410
5355 6470 5356
5353 5369 5354
5357 6471 5358
5408 5456 5409
5409 5382 5407
5557 5556 6472
5557 6472 6473
6473 6472 6474
6473 6474 6475
6476 6477 6478
6476 6478 6479
6479 6478 6480
6479 6480 6481
6481 6482 6483
6483 6484 5552
6483 5552 5729
5495 5494 5864
5495 5864 5863
5487 5492 5491
5487 5491 5488
5517 5521 5518
5518 5875 5514
6027 6026 5470
6027 5470 5469
6028 5465 5459
6028 5466 5465
6030 5472 6031
5472 5513 6031
5461 6025 5462
5536 6054 5537
5587 6057 5588
5586 6070 5587
5535 6485 5536
5690 5689 6485
5690 6485 5535
5691 5647 5692
5691 5648 5647
5590 5683 5591
5589 6057 5590
6061 6060 6063
6061 6063 6062
5725 6486 5726
5604 6056 5605
6487 5712 5716
5686 5601 6488
5605 5686 6488
5605 6488 5606
6487 5713 5712
5714 5718 5715
5715 6487 5716
5601 5687 5602
5685 5591 5683
5684 5592 5685
6456 6455 5539
6456 5539 5538
5625 6072 5626
6072 6073 5626
5593 6489 5594
5592 5684 5593
5646 5645 5642
5646 5642 5644
5623 5620 5624
5704 5703 6073
5700 5696 5701
5721 6490 5722
6453 5721 5723
5696 5694 5701
5620 5618 5621
5618 5617 5621
5632 5637 5682
5616 5679 5680
5616 5680 5613
6034 5673 5695
5636 5682 5637
5694 5697 5695
6034 6491 5673
5673 6491 5674
5635 5639 5636
5632 5681 5633
5634 5633 5645
5547 5542 5548
5547 5543 5542
5705 5709 5706
5706 5703 5702
5598 6489 5595
5598 5594 6489
4991 4990 4987
4991 4987 4986
4975 4974 4971
4975 4971 4970
4988 5001 5005
4988 5005 4989
4961 4960 4965
4961 4965 4964
4944 6492 4945
5013 5012 6493
5013 6493 6494
5014 5011 5009
5014 5009 5013
4994 5032 6495
4994 6495 4995
5013 6494 5015
5031 6495 5032
5032 4998 4997
6475 6474 6477
6475 6477 6476
6469 6468 5414
6469 5414 5413
6471 5357 6470
5355 6471 6470
5418 5419 6466
5418 6466 6465
6481 6480 6482
6482 6484 6483
5361 6467 5362
5769 6126 6119
5769 5776 6126
5768 5776 5769
6120 5761 5769
5788 6111 6112
5788 6112 5786
6460 5789 5788
5787 6460 5788
6462 6464 5793
5793 6122 6109
6123 5803 5853
5793 6464 6122
6121 5759 5761
5792 6462 5793
6496 6497 6498
6499 6497 6496
6500 6501 6502
6502 6501 6503
6504 6505 6506
6507 6508 6509
6510 6511 6512
6513 6514 6515
6516 6517 6518
6511 6516 6509
6519 6520 6521
6522 6523 6506
6506 6505 6524
6525 6522 6519
6526 6527 6528
6526 6528 6516
6511 6510 6517
6523 6504 6506
6507 6528 6504
6519 6529 6525
6515 6530 6512
6531 6505 6532
6520 6524 6533
6530 6510 6512
6534 6535 6536
6537 6538 6539
6531 6540 6524
6528 6507 6509
6528 6509 6516
6515 6511 6513
6528 6541 6504
6527 6541 6528
6508 6513 6509
6508 6514 6513
6533 6524 6542
6521 6529 6519
6517 6516 6511
6513 6511 6509
6536 6535 6543
6544 6539 6538
6545 6532 6505
6542 6524 6540
6537 6535 6534
6534 6538 6537
6524 6522 6506
6546 6508 6507
6507 6504 6523
6524 6520 6519
6519 6522 6524
6524 6505 6531
6511 6515 6512
6507 6523 6546
6547 6548 6549
6550 6551 6552
6553 6554 6555
6556 6557 6558
6559 6560 6561
6555 6551 6559
6562 6563 6564
6565 6548 6566
6548 6567 6549
6568 6562 6565
6560 6559 6569
6560 6569 6570
6555 6571 6553
6566 6548 6547
6550 6547 6569
6562 6568 6572
6557 6554 6573
6574 6575 6549
6564 6576 6567
6573 6554 6553
6577 6578 6579
6580 6581 6582
6574 6567 6583
6569 6559 6551
6569 6551 6550
6557 6556 6555
6569 6547 6584
6570 6569 6584
6552 6551 6556
6552 6556 6558
6576 6585 6567
6563 6562 6572
6571 6555 6559
6556 6551 6555
6578 6586 6579
6587 6582 6581
6588 6549 6575
6585 6583 6567
6580 6577 6579
6577 6580 6582
6567 6548 6565
6589 6550 6552
6550 6566 6547
6567 6562 6564
6562 6567 6565
6567 6574 6549
6555 6554 6557
6550 6589 6566
6590 6591 6592
6593 6594 6595
6593 6595 6596
6597 6598 6599
6600 6601 6602
6600 6602 6597
6603 6601 6604
6603 6604 6605
6606 6607 6591
6608 6595 6594
6608 6594 6609
6608 6610 6595
6611 6612 6605
6611 6605 6604
6613 6612 6611
6613 6611 6614
6601 6600 6615
6601 6615 6604
6616 6615 6600
6616 6600 6617
6618 6619 6615
6618 6615 6616
6620 6621 6613
6620 6613 6614
6622 6623 6621
6622 6621 6620
6624 6623 6622
6624 6622 6625
6626 6627 6628
6629 6626 6630
6618 6631 6619
6631 6632 6614
6620 6633 6634
6620 6634 6622
6634 6625 6622
6635 6636 6637
6635 6637 6638
6639 6638 6637
6639 6637 6640
6641 6639 6640
6641 6640 6642
6643 6641 6642
6643 6642 6644
6645 6643 6644
6645 6644 6646
6647 6645 6646
6647 6646 6648
6649 6650 6651
6652 6649 6653
6598 6610 6599
6596 6598 6597
6596 6597 6654
6655 6592 6656
6600 6597 6599
6615 6619 6611
6615 6611 6604
6594 6592 6591
6594 6591 6609
6656 6592 6594
6656 6594 6593
6591 6607 6609
6590 6592 6655
6606 6591 6590
6657 6658 6659
6657 6659 6660
6661 6660 6659
6661 6659 6662
6662 6663 6664
6662 6664 6661
6665 6666 6658
6665 6658 6657
6667 6668 6666
6667 6666 6665
6668 6667 6669
6668 6669 6670
6670 6669 6671
6670 6671 6672
6671 6673 6672
6606 6674 6607
6663 6675 6676
6663 6676 6664
6620 6632 6633
6677 6678 6679
6677 6679 6680
6679 6681 6680
6677 6682 6683
6677 6683 6678
6683 6682 6684
6683 6684 6685
6685 6684 6686
6685 6686 6687
6688 6689 6601
6688 6601 6603
6690 6689 6688
6690 6688 6691
6692 6693 6690
6692 6690 6691
6656 6694 6655
6656 6695 6696
6656 6696 6694
6656 6593 6697
6656 6697 6695
6654 6697 6593
6654 6593 6596
6595 6610 6598
6595 6598 6596
6619 6631 6614
6619 6614 6611
6698 6699 6602
6600 6599 6617
6698 6700 6701
6698 6701 6699
6700 6702 6701
6703 6704 6705
6703 6705 6706
6707 6708 6709
6710 6711 6712
6710 6712 6713
6714 6715 6716
6714 6716 6717
6718 6717 6719
6718 6719 6720
6721 6709 6722
6723 6724 6711
6723 6711 6710
6723 6710 6725
6720 6726 6727
6720 6727 6718
6728 6729 6727
6728 6727 6726
6730 6714 6717
6730 6717 6718
6714 6730 6731
6714 6731 6732
6730 6733 6734
6730 6734 6731
6728 6735 6736
6728 6736 6729
6735 6737 6738
6735 6738 6736
6739 6740 6741
6742 6743 6739
6744 6745 6742
6734 6733 6746
6746 6729 6747
6748 6749 6736
6748 6736 6738
6748 6738 6740
6750 6751 6752
6750 6752 6753
6754 6755 6752
6754 6752 6751
6756 6757 6755
6756 6755 6754
6758 6759 6757
6758 6757 6756
6760 6761 6759
6760 6759 6758
6762 6763 6764
6762 6764 6765
6766 6767 6764
6768 6769 6770
6771 6772 6725
6715 6771 6713
6715 6713 6773
6774 6775 6708
6714 6732 6771
6714 6771 6715
6730 6718 6727
6730 6727 6733
6709 6708 6711
6709 6711 6724
6775 6712 6711
6775 6711 6708
6709 6724 6722
6707 6774 6708
6721 6707 6709
6776 6777 6778
6776 6778 6779
6780 6781 6778
6780 6778 6777
6781 6780 6782
6781 6782 6783
6784 6776 6779
6784 6779 6785
6786 6784 6785
6786 6785 6787
6788 6786 6787
6788 6787 6789
6790 6788 6789
6790 6789 6791
6790 6791 6792
6721 6722 6793
6794 6795 6783
6794 6783 6782
6736 6749 6747
6796 6797 6798
6799 6800 6801
6799 6801 6802
6803 6799 6802
6803 6802 6804
6805 6806 6807
6805 6807 6716
6775 6774 6808
6775 6808 6809
6775 6809 6810
6811 6712 6775
6811 6775 6810
6773 6713 6712
6773 6712 6811
6710 6713 6771
6710 6771 6725
6733 6727 6729
6733 6729 6746
6812 6813 6814
6812 6814 6815
6815 6814 6816
6817 6816 6818
6819 6820 6816
6821 6819 6816
6821 6816 6817
6822 6823 6806
6822 6806 6805
6824 6825 6826
6824 6826 6827
6828 6829 6830
6828 6830 6831
6832 6833 6834
6832 6834 6835
6836 6837 6833
6838 6828 6831
6838 6831 6839
6840 6841 6842
6840 6842 6843
6840 6844 6841
6845 6838 6839
6846 6843 6842
6846 6842 6847
6848 6849 6850
6851 6852 6636
6851 6636 6635
6852 6851 6853
6852 6853 6854
6854 6853 6855
6854 6855 6856
6857 6750 6753
6857 6753 6858
6859 6857 6858
6859 6858 6860
6855 6861 6856
6862 6863 6864
6862 6864 6865
6866 6867 6868
6866 6868 6869
6870 6871 6872
6870 6872 6873
6874 6875 6876
6874 6876 6877
6878 6877 6876
6878 6876 6879
6880 6878 6879
6880 6879 6881
6772 6771 6732
6772 6732 6882
6732 6731 6882
6883 6884 6885
6886 6887 6888
6760 6762 6765
6760 6765 6761
6741 6738 6737
6741 6740 6738
6739 6743 6740
6742 6745 6743
6889 6890 6647
6889 6647 6648
6628 6627 6625
6625 6627 6624
6630 6626 6628
6614 6632 6620
6747 6729 6736
6891 6892 6893
6894 6895 6896
6893 6892 6897
6897 6898 6899
6899 6900 6901
6901 6902 6903
6901 6900 6902
6899 6898 6900
6897 6892 6898
6889 6650 6890
6651 6650 6889
6881 6904 6905
6881 6905 6880
6717 6716 6807
6717 6807 6719
6868 6867 6906
6868 6906 6907
6908 6909 6910
6911 6912 6913
6911 6913 6914
6915 6916 6917
6915 6917 6918
6914 6919 6920
6914 6920 6911
6921 6922 6923
6921 6923 6924
6923 6922 6925
6923 6925 6926
6927 6908 6910
6927 6928 6929
6927 6929 6908
6927 6930 6928
6931 6863 6862
6931 6862 6932
6715 6773 6813
6715 6813 6716
6933 6934 6917
6935 6936 6937
6916 6933 6917
6826 6825 6938
6826 6938 6939
6829 6870 6873
6829 6873 6830
6695 6697 6701
6695 6701 6705
6874 6940 6941
6874 6941 6875
6942 6943 6944
6942 6944 6945
6946 6942 6945
6947 6948 6949
6907 6906 6865
6907 6865 6864
6816 6820 6815
6950 6951 6952
6950 6952 6953
6954 6955 6956
6943 6957 6944
6958 6959 6859
6958 6859 6860
6960 6961 6962
6960 6962 6963
6939 6823 6822
6964 6965 6966
6964 6966 6967
6968 6965 6964
6968 6964 6969
6950 6953 6915
6950 6915 6918
6970 6874 6877
6835 6834 6959
6835 6959 6958
6939 6938 6823
6971 6960 6963
6972 6836 6833
6972 6833 6832
6692 6691 6973
6962 6974 6975
6976 6975 6895
6977 6797 6796
6977 6796 6978
6977 6978 6801
6977 6801 6800
6979 6980 6981
6982 6979 6983
6979 6984 6985
6984 6979 6986
6987 6984 6986
6988 6989 6987
6988 6987 6990
6987 6991 6984
6989 6992 6991
6989 6991 6987
6984 6991 6985
6991 6992 6993
6994 6995 6996
6995 6982 6997
6998 6994 6999
7000 7001 7002
7000 7002 7003
7001 6995 7002
6985 7004 7005
7004 7006 7007
6980 6985 7008
6979 6985 6980
7009 7010 7011
6996 6999 6994
7012 7010 7013
7014 7015 7012
7014 7012 7013
7015 7014 7016
7017 7016 7018
7019 7020 7021
7022 7023 7024
7025 7022 7026
7025 7026 7027
7028 7025 7027
7029 7030 7031
7032 7033 7034
7035 7032 7036
7037 7038 7035
7037 7035 7039
7032 7034 7040
7035 7036 7039
7041 7038 7042
7043 7044 7045
7046 7047 7048
7049 7050 7051
7052 7053 7054
7055 7056 7057
7012 7058 7008
7015 7058 7012
7016 7058 7015
7059 7060 7058
7061 7060 7059
7020 7060 7061
7022 7062 7063
7025 7062 7022
7030 7062 7064
7033 7065 7062
7032 7065 7033
7035 7066 7065
7035 7065 7032
7038 7066 7035
7041 7067 7038
7043 7068 7044
7046 7069 7047
7052 7070 7053
7071 6997 7057
7022 7063 7023
7012 7008 7010
7047 7072 7073
7047 7073 7074
7053 7070 7075
7055 7057 7076
7077 7052 7054
7057 6997 7076
6999 6996 7078
6996 6997 7071
6996 6995 6997
7059 7079 7061
7061 7079 7021
7004 6993 7006
7080 6993 7004
7081 7082 7083
7033 7084 7034
7033 7062 7030
7025 7028 7064
7023 7063 7060
7060 7020 7023
7020 7085 7086
7042 7038 7037
7038 7067 7066
7087 7082 7081
7088 7044 7087
7044 7089 7082
7044 7068 7089
7047 7069 7072
7050 7090 7069
7050 7069 7046
7050 7049 7075
7046 7048 7051
7075 7090 7050
7075 7070 7090
7075 7049 7091
7075 7092 7093
7075 7093 7094
7095 7076 7052
7076 7070 7052
7076 6997 7070
6988 6990 7096
6988 7096 7097
6990 6986 7096
6986 6979 6982
6986 6982 6995
7098 7002 6994
7002 6995 6994
7002 7098 7099
7098 6994 6998
7057 7100 7101
7057 7101 7071
7055 7076 7095
7057 7056 7100
7018 7016 7102
7016 7103 7059
7004 7007 7005
7008 7005 7010
7010 7005 7104
7010 7104 7011
6985 7005 7008
7005 7007 7104
6993 7080 6991
6985 7080 7004
7059 7103 7079
7016 7017 7103
7020 7019 7085
7002 7099 7003
7016 7105 7102
7075 7106 7053
7075 7094 7106
6987 6986 6990
6985 6991 7080
6983 6979 6981
7075 7091 7092
7064 7107 7108
7064 7062 7025
7064 7108 7031
7064 7028 7107
7109 7110 7111
7109 7111 7112
7113 7112 7111
7113 7111 7114
6819 6821 7115
7116 6888 7110
7116 7110 7109
6818 6810 6809
6818 6816 6810
6811 6814 6813
6811 6813 6773
6816 6814 6811
6816 6811 6810
6716 6813 6812
6699 6701 6697
6699 6697 6654
6695 6705 6704
6695 6704 6696
6705 6701 6702
6705 6702 6706
6597 6699 6654
6602 6699 6597
7117 7113 7114
7118 7119 7120
7118 7120 7121
7118 7122 7119
7123 7124 7125
7120 7126 7121
7126 7127 7121
7128 7123 7129
7130 7129 7131
7123 7128 7124
7132 7133 7134
7129 7123 7131
6886 6888 7116
7087 7044 7082
7135 7053 7106
7053 7135 7054
7016 7014 7105
7013 7010 7009
7064 7031 7030
7047 7074 7136
7043 7137 7072
7072 7068 7043
7072 7069 7068
7138 7047 7136
7046 7051 7050
7139 7047 7138
7048 7047 7139
7095 7052 7077
7078 7071 7101
7078 6996 7071
7097 7096 7001
7097 7001 7000
7096 6995 7001
7096 6986 6995
7059 7058 7016
7021 7020 7061
7022 7024 7026
7024 7023 7086
7020 7086 7023
7030 7029 7084
7030 7084 7033
7032 7040 7036
7043 7045 7137
7045 7044 7088
7072 7137 7073
7140 6983 6981
7140 6981 7141
7141 7142 7143
7141 7143 7140
7144 7145 7146
7147 7148 7144
7144 7149 7150
7150 7151 7144
7152 7151 7150
7152 7153 7154
7152 7154 7155
7152 7150 7156
7153 7152 7156
7153 7156 7157
7150 7149 7156
7156 7158 7157
7159 7160 7161
7161 7162 7147
7163 7164 7159
7165 7166 7167
7165 7167 7168
7168 7167 7161
7149 7169 7170
7170 7171 7172
7146 7173 7149
7144 7146 7149
7174 7175 7176
7160 7159 7164
7177 7178 7176
7177 7179 7180
7177 7180 7178
7179 7181 7180
7182 7183 7181
7184 7185 7186
7187 7188 7189
7190 7191 7192
7190 7192 7187
7193 7191 7190
7194 7195 7196
7197 7198 7199
7200 7201 7197
7200 7202 7203
7200 7203 7204
7197 7205 7198
7200 7204 7201
7206 7207 7202
7208 7209 7210
7211 7212 7213
7214 7215 7216
7217 7218 7219
7220 7221 7222
7177 7173 7223
7179 7177 7223
7181 7179 7223
7224 7223 7225
7226 7224 7225
7186 7226 7225
7187 7227 7228
7190 7187 7228
7196 7229 7228
7199 7228 7230
7197 7199 7230
7200 7197 7230
7200 7230 7231
7202 7200 7231
7206 7202 7232
7208 7210 7233
7211 7213 7234
7217 7219 7235
7236 7221 7162
7187 7189 7227
7177 7176 7173
7237 7238 7213
7237 7213 7239
7219 7240 7235
7220 7241 7221
7242 7218 7217
7221 7241 7162
7164 7243 7160
7160 7236 7162
7160 7162 7161
7224 7226 7244
7226 7185 7244
7170 7172 7158
7245 7170 7158
7246 7247 7248
7199 7198 7249
7199 7196 7228
7190 7229 7193
7189 7225 7227
7225 7189 7186
7186 7250 7251
7207 7203 7202
7202 7231 7232
7252 7246 7248
7253 7252 7210
7210 7248 7254
7210 7254 7233
7213 7238 7234
7216 7211 7234
7216 7234 7255
7216 7240 7214
7211 7215 7212
7240 7216 7255
7240 7255 7235
7240 7256 7214
7240 7257 7258
7240 7259 7257
7260 7217 7241
7241 7217 7235
7241 7235 7162
7154 7261 7262
7154 7262 7155
7155 7262 7151
7151 7147 7144
7151 7161 7147
7263 7159 7167
7167 7159 7161
7167 7264 7263
7263 7163 7159
7221 7265 7266
7221 7236 7265
7220 7260 7241
7221 7266 7222
7183 7267 7181
7181 7224 7268
7170 7169 7171
7173 7176 7169
7269 7169 7176
7269 7176 7175
7149 7173 7169
7169 7269 7171
7158 7156 7245
7149 7170 7245
7224 7244 7268
7181 7268 7182
7186 7251 7184
7167 7166 7264
7181 7267 7270
7240 7219 7271
7240 7271 7259
7152 7155 7151
7149 7245 7156
7148 7145 7144
7240 7258 7256
7229 7272 7273
7229 7190 7228
7229 7195 7272
7229 7273 7193
7252 7248 7210
7274 7271 7219
7219 7218 7274
7181 7270 7180
7178 7174 7176
7229 7196 7195
7213 7275 7239
7208 7238 7276
7238 7208 7233
7238 7233 7234
7277 7275 7213
7211 7216 7215
7278 7277 7213
7212 7278 7213
7260 7242 7217
7243 7265 7236
7243 7236 7160
7261 7165 7168
7261 7168 7262
7262 7168 7161
7262 7161 7151
7224 7181 7223
7185 7226 7186
7187 7192 7188
7188 7250 7189
7186 7189 7250
7196 7199 7249
7196 7249 7194
7197 7201 7205
7208 7276 7209
7209 7253 7210
7238 7237 7276
7145 7148 7279
7145 7279 7280
7280 7279 7281
7280 7281 7282
6962 6961 6974
6770 6769 6767
6767 6766 6770
6766 6764 6763
6976 6895 6894
6962 6975 6976
6961 7283 6974
6653 6649 6651
7284 7285 7286
7286 7287 7288
7289 7290 7291
7289 7291 7292
7293 7294 7291
7293 7291 7295
7296 7297 7298
7299 7300 7301
7299 7301 7302
7303 7304 7305
7305 7304 7306
7306 7307 7308
7306 7308 7309
7310 7309 7308
7310 7308 7311
7312 7313 7314
7315 7316 7317
7318 7319 7320
7318 7320 7321
7322 7323 7324
7325 7324 7323
7325 7323 7326
7327 7328 7329
7330 7331 7332
7333 7332 7334
7334 7335 7336
7337 7338 7331
7337 7331 7339
7336 7335 7340
7336 7340 7341
7342 7343 7344
7344 7345 7346
7347 7348 7349
7350 7351 7352
7353 7354 7290
7353 7290 7289
7355 7356 7357
7358 7359 7343
7358 7343 7360
7347 7346 7345
7347 7345 7348
7361 7351 7362
7363 7364 7316
7363 7316 7315
7288 7287 7300
7365 7341 7340
7365 7340 7366
7367 7325 7326
7367 7326 7368
7369 7370 7319
7369 7319 7318
7365 7366 7371
7371 7366 7359
7371 7359 7372
7373 7374 7375
7373 7375 7376
7376 7375 7377
7349 7374 7373
7378 7379 7380
7378 7380 7381
7377 7375 7382
7383 7384 7379
7383 7379 7378
7362 7356 7355
7385 7285 7284
7386 7387 7388
7386 7388 7297
7387 7293 7295
7387 7295 7388
7353 7389 7390
7353 7390 7354
7391 7357 7389
7392 7313 7364
7302 7301 7393
7303 7393 7394
7303 7394 7304
7314 7313 7392
7395 7396 7397
7398 7396 7395
7399 7396 7400
7400 7396 7401
7402 7396 7403
7404 7396 7405
7405 7396 7406
7407 7396 7408
7409 7396 7410
7408 7396 7409
7410 7396 7411
7412 7396 7413
7414 7396 7415
7416 7396 7417
7418 7396 7419
7419 7396 7420
7413 7396 7416
7397 7396 7421
7406 7396 7407
7411 7396 7418
7420 7396 7422
7422 7396 7423
7423 7396 7412
7415 7396 7398
7417 7396 7414
7401 7396 7402
7421 7396 7424
7424 7396 7399
7386 7297 7296
7367 7368 7425
7426 7327 7329
7426 7329 7338
7427 7338 7337
7312 7428 7313
7310 7311 7429
7429 7311 7312
7381 7380 7350
7296 7298 7285
7296 7285 7430
7287 7285 7397
7291 7290 7415
7295 7291 7415
7395 7298 7297
7395 7297 7398
7301 7300 7421
7307 7304 7399
7400 7308 7307
7400 7307 7399
7311 7308 7400
7370 7316 7402
7404 7320 7319
7404 7319 7403
7405 7323 7320
7405 7320 7404
7326 7323 7405
7408 7329 7328
7408 7328 7407
7332 7331 7409
7335 7332 7410
7331 7338 7408
7331 7408 7409
7340 7335 7410
7340 7410 7411
7374 7348 7420
7380 7412 7413
7415 7290 7354
7415 7354 7414
7357 7356 7416
7343 7359 7418
7348 7345 7419
7356 7351 7413
7316 7364 7402
7300 7287 7397
7366 7340 7411
7368 7326 7406
7319 7370 7402
7319 7402 7403
7359 7366 7418
7375 7374 7422
7380 7379 7412
7384 7375 7422
7379 7384 7423
7297 7388 7398
7388 7295 7415
7414 7354 7390
7414 7390 7417
7390 7357 7417
7402 7364 7313
7402 7313 7401
7394 7301 7421
7394 7421 7424
7304 7394 7424
7328 7368 7406
7328 7406 7407
7326 7405 7406
7338 7329 7408
7313 7428 7400
7313 7400 7401
7428 7311 7400
7351 7380 7413
7285 7298 7395
7388 7415 7398
7357 7416 7417
7356 7413 7416
7362 7351 7356
7355 7357 7391
7350 7380 7351
7384 7422 7423
7383 7382 7375
7383 7375 7384
7379 7423 7412
7422 7374 7420
7349 7348 7374
7345 7418 7419
7343 7418 7345
7348 7419 7420
7344 7343 7345
7418 7366 7411
7334 7332 7335
7332 7409 7410
7425 7328 7327
7425 7368 7328
7403 7396 7404
7304 7424 7399
7393 7301 7394
7300 7397 7421
7397 7285 7395
7286 7285 7287
7288 7300 7299
7392 7364 7363
7312 7311 7428
7306 7304 7307
7352 7351 7361
7317 7316 7369
7369 7316 7370
7389 7357 7390
7285 7385 7430
7323 7322 7321
7323 7321 7320
7338 7427 7426
7331 7330 7339
7330 7332 7333
7359 7358 7372
7343 7342 7360
7291 7294 7292
7431 7432 7433
7432 7434 7435
7436 7437 7438
7436 7438 7439
7438 7440 7441
7438 7441 7442
7443 7444 7445
7446 7447 7448
7446 7448 7449
7450 7451 7452
7451 7453 7452
7453 7454 7455
7453 7455 7456
7455 7454 7457
7455 7457 7458
7459 7460 7461
7462 7463 7464
7465 7466 7467
7465 7467 7468
7469 7470 7471
7471 7470 7472
7471 7472 7473
7474 7475 7476
7477 7478 7479
7480 7481 7478
7481 7482 7483
7484 7485 7479
7484 7479 7486
7482 7487 7488
7482 7488 7483
7489 7490 7491
7490 7492 7493
7494 7495 7496
7497 7498 7499
7500 7436 7439
7500 7439 7501
7502 7503 7504
7505 7506 7491
7505 7491 7507
7493 7492 7494
7493 7494 7496
7508 7509 7499
7510 7462 7464
7510 7464 7511
7434 7449 7435
7488 7487 7512
7488 7512 7513
7473 7472 7514
7473 7514 7515
7516 7465 7468
7516 7468 7517
7512 7518 7513
7518 7519 7507
7518 7507 7513
7520 7521 7522
7520 7522 7523
7521 7524 7522
7495 7520 7523
7525 7526 7527
7525 7527 7528
7524 7529 7522
7530 7525 7528
7530 7528 7531
7509 7502 7504
7532 7431 7433
7533 7534 7535
7533 7535 7445
7442 7441 7534
7442 7534 7533
7536 7537 7500
7536 7500 7501
7538 7537 7503
7539 7511 7461
7447 7540 7448
7541 7540 7450
7541 7450 7452
7460 7539 7461
7542 7543 7544
7545 7542 7544
7546 7547 7544
7547 7548 7544
7549 7550 7544
7551 7552 7544
7552 7553 7544
7554 7555 7544
7556 7557 7544
7555 7556 7544
7557 7558 7544
7559 7560 7544
7561 7562 7544
7563 7564 7544
7565 7566 7544
7566 7567 7544
7560 7563 7544
7543 7568 7544
7553 7554 7544
7558 7565 7544
7567 7569 7544
7569 7570 7544
7570 7559 7544
7562 7545 7544
7564 7561 7544
7548 7549 7544
7568 7571 7544
7571 7546 7544
7535 7443 7445
7514 7572 7515
7475 7474 7573
7475 7573 7486
7574 7484 7486
7459 7461 7575
7457 7576 7458
7576 7459 7458
7526 7497 7527
7443 7577 7433
7443 7433 7444
7435 7543 7433
7438 7562 7439
7442 7562 7438
7445 7444 7542
7445 7542 7545
7448 7568 7449
7456 7546 7452
7456 7455 7547
7456 7547 7546
7458 7547 7455
7517 7549 7464
7468 7467 7551
7468 7551 7550
7467 7471 7552
7467 7552 7551
7473 7552 7471
7476 7475 7555
7476 7555 7554
7478 7556 7479
7483 7557 7478
7479 7556 7555
7479 7555 7486
7488 7558 7557
7488 7557 7483
7523 7567 7496
7527 7560 7559
7501 7439 7562
7501 7562 7561
7503 7563 7504
7491 7565 7507
7496 7566 7493
7504 7560 7499
7464 7549 7511
7449 7543 7435
7513 7558 7488
7515 7553 7473
7468 7550 7549
7468 7549 7517
7507 7565 7513
7522 7569 7523
7527 7559 7528
7531 7569 7522
7528 7570 7531
7445 7545 7533
7533 7562 7442
7536 7501 7561
7536 7561 7564
7536 7564 7503
7461 7511 7549
7461 7549 7548
7541 7571 7568
7541 7568 7448
7452 7571 7541
7476 7554 7553
7476 7553 7515
7473 7553 7552
7486 7555 7475
7461 7548 7547
7461 7547 7575
7575 7547 7458
7499 7560 7527
7433 7542 7444
7533 7545 7562
7503 7564 7563
7504 7563 7560
7509 7504 7499
7502 7538 7503
7497 7499 7527
7531 7570 7569
7522 7529 7530
7522 7530 7531
7528 7559 7570
7569 7567 7523
7495 7523 7496
7493 7566 7565
7491 7493 7565
7496 7567 7566
7490 7493 7491
7565 7558 7513
7481 7483 7478
7478 7557 7556
7572 7474 7476
7572 7476 7515
7550 7551 7544
7452 7546 7571
7540 7541 7448
7449 7568 7543
7543 7542 7433
7432 7435 7433
7434 7446 7449
7539 7510 7511
7459 7575 7458
7453 7456 7452
7498 7508 7499
7463 7516 7464
7516 7517 7464
7537 7536 7503
7433 7577 7532
7471 7467 7466
7471 7466 7469
7486 7573 7574
7479 7485 7477
7477 7480 7478
7507 7519 7505
7491 7506 7489
7438 7437 7440
7578 7579 7580
7581 7582 7579
7583 7582 7584
7585 7583 7584
7585 7584 7586
7587 7588 7589
7587 7589 7590
7591 7587 7590
7591 7590 7592
7593 7594 7589
7593 7589 7588
7595 7596 7582
7595 7582 7583
7597 7595 7583
7597 7583 7585
7598 7599 7580
7598 7580 7579
7596 7598 7579
7596 7579 7582
7600 7601 7596
7600 7596 7595
7602 7600 7595
7602 7595 7597
7599 7598 7603
7599 7603 7604
7601 7603 7598
7601 7598 7596
7605 7606 7601
7605 7601 7600
7607 7605 7600
7607 7600 7602
7608 7609 7604
7608 7604 7603
7610 7609 7611
7612 7613 7610
7592 7614 7615
7592 7615 7591
7616 7615 7614
7616 7614 7617
7618 7616 7617
7618 7617 7619
7606 7620 7603
7606 7603 7601
7621 7622 7606
7621 7606 7605
7623 7621 7605
7623 7605 7607
7624 7625 7622
7626 7627 7624
7626 7624 7622
7628 7629 7627
7628 7627 7626
7630 7629 7631
7632 7633 7630
7622 7621 7634
7622 7634 7626
7621 7623 7635
7621 7635 7634
7626 7634 7636
7626 7636 7637
7638 7636 7634
7638 7634 7635
7639 7640 7641
7639 7641 7642
7640 7639 7643
7640 7643 7644
7644 7643 7645
7644 7645 7646
7646 7645 7647
7646 7647 7648
7648 7647 7649
7648 7649 7650
7650 7649 7651
7650 7651 7652
7652 7651 7653
7652 7653 7654
7655 7656 7657
7658 7655 7657
7658 7657 7659
7660 7661 7662
7663 7664 7661
7663 7661 7660
7663 7665 7664
7666 7657 7636
7666 7636 7638
7657 7666 7667
7657 7667 7668
7669 7670 7671
7672 7673 7669
7672 7669 7671
7674 7675 7673
7674 7673 7672
7676 7677 7675
7676 7675 7674
7676 7678 7677
7679 7680 7681
7679 7681 7682
7683 7684 7685
7680 7686 7687
7680 7687 7681
7688 7689 7690
7688 7690 7691
7692 7688 7691
7692 7691 7693
7694 7692 7693
7694 7693 7695
7696 7694 7695
7696 7695 7697
7698 7699 7700
7698 7700 7701
7699 7702 7703
7699 7703 7700
7704 7705 7706
7707 7708 7709
7707 7709 7710
7711 7712 7713
7711 7713 7714
7715 7711 7714
7715 7714 7716
7717 7718 7719
7717 7719 7720
7719 7718 7721
7719 7721 7722
7721 7723 7724
7721 7724 7722
7725 7726 7727
7725 7727 7728
7729 7725 7728
7729 7728 7730
7731 7729 7730
7731 7730 7732
7733 7731 7732
7733 7732 7734
7735 7736 7654
7735 7654 7653
7736 7735 7737
7736 7737 7738
7738 7737 7739
7738 7739 7740
7740 7739 7741
7740 7741 7742
7742 7741 7743
7742 7743 7744
7744 7743 7745
7744 7745 7746
7745 7747 7748
7745 7748 7746
7581 7579 7578
7578 7580 7749
7584 7582 7581
7662 7661 7658
7671 7670 7667
7710 7713 7712
7710 7712 7707
7750 7751 7727
7750 7727 7726
7698 7701 7752
7705 7704 7709
7705 7709 7708
7631 7629 7628
7630 7631 7632
7636 7656 7637
7657 7656 7636
7753 7751 7754
7662 7658 7659
7679 7682 7755
7684 7683 7690
7684 7690 7689
7611 7609 7608
7610 7611 7612
7622 7625 7606
7606 7625 7620
7670 7668 7667
7756 7757 7758
7757 7717 7720
7757 7720 7758
7751 7750 7754
7759 7752 7760
7752 7701 7760
7761 7762 7755
7762 7679 7755
7763 7764 7765
7766 7765 7767
7768 7769 7767
7770 7771 7769
7770 7769 7768
7772 7773 7774
7772 7774 7775
7776 7777 7773
7776 7773 7772
7774 7778 7779
7774 7779 7775
7780 7768 7767
7780 7767 7781
7782 7770 7768
7782 7768 7780
7783 7765 7764
7783 7764 7784
7781 7767 7765
7781 7765 7783
7785 7780 7781
7785 7781 7786
7787 7782 7780
7787 7780 7785
7788 7783 7784
7788 7784 7789
7786 7781 7783
7786 7783 7788
7790 7785 7786
7790 7786 7791
7792 7787 7785
7792 7785 7790
7789 7793 7794
7789 7794 7788
7795 7796 7793
7797 7795 7798
7799 7800 7777
7799 7777 7776
7801 7802 7800
7801 7800 7799
7803 7804 7802
7803 7802 7801
7791 7786 7788
7791 7788 7805
7806 7790 7791
7806 7791 7807
7808 7792 7790
7808 7790 7806
7809 7807 7810
7809 7811 7812
7809 7812 7807
7811 7813 7814
7811 7814 7812
7815 7816 7813
7817 7815 7818
7819 7806 7807
7819 7807 7812
7820 7808 7806
7820 7806 7819
7821 7819 7812
7821 7812 7822
7823 7820 7819
7823 7819 7821
7824 7825 7826
7824 7826 7827
7828 7824 7827
7828 7827 7829
7830 7828 7829
7830 7829 7831
7832 7830 7831
7832 7831 7833
7834 7832 7833
7834 7833 7835
7836 7834 7835
7836 7835 7837
7838 7836 7837
7838 7837 7839
7840 7841 7842
7843 7844 7841
7843 7841 7840
7845 7846 7847
7847 7848 7849
7847 7849 7845
7849 7848 7850
7851 7823 7821
7851 7821 7841
7852 7851 7841
7852 7841 7853
7854 7855 7856
7854 7857 7858
7854 7858 7855
7857 7859 7860
7857 7860 7858
7859 7861 7862
7859 7862 7860
7862 7861 7863
7864 7865 7866
7864 7866 7867
7868 7869 7870
7865 7864 7871
7865 7871 7872
7873 7874 7875
7873 7875 7876
7877 7878 7874
7877 7874 7873
7879 7880 7878
7879 7878 7877
7881 7882 7880
7881 7880 7879
7883 7884 7885
7883 7885 7886
7884 7883 7887
7884 7887 7888
7889 7890 7891
7892 7893 7894
7892 7894 7895
7896 7897 7898
7896 7898 7899
7900 7901 7897
7900 7897 7896
7902 7903 7904
7902 7904 7905
7906 7903 7902
7906 7902 7907
7906 7907 7908
7906 7908 7909
7910 7911 7912
7910 7912 7913
7914 7915 7911
7914 7911 7910
7916 7917 7915
7916 7915 7914
7918 7919 7917
7918 7917 7916
7920 7838 7839
7920 7839 7921
7922 7920 7921
7922 7921 7923
7924 7922 7923
7924 7923 7925
7926 7924 7925
7926 7925 7927
7928 7926 7927
7928 7927 7929
7930 7928 7929
7930 7929 7931
7930 7931 7932
7930 7932 7933
7766 7763 7765
7763 7934 7764
7769 7766 7767
7846 7843 7847
7855 7852 7856
7899 7898 7893
7899 7893 7892
7935 7913 7912
7935 7912 7936
7885 7937 7886
7891 7895 7894
7891 7894 7889
7816 7814 7813
7815 7817 7816
7821 7822 7842
7841 7821 7842
7938 7939 7936
7846 7844 7843
7866 7940 7867
7870 7876 7875
7870 7875 7868
7796 7794 7793
7795 7797 7796
7807 7791 7810
7791 7805 7810
7856 7852 7853
7941 7942 7943
7943 7942 7905
7943 7905 7904
7936 7939 7935
7944 7945 7937
7937 7945 7886
7946 7940 7947
7947 7940 7866
4199 4201 4203
5885 5887 5892
7948 7949 7950
7951 7952 7953
7954 7955 7956
7957 7958 7959
7960 7961 7962
7963 7964 7965
7966 7967 7968
7969 7970 7971
7972 7973 7974
7975 7976 7974
7973 7977 7978
7979 7980 7981
7979 7981 7982
7982 7981 7983
7982 7983 7984
7984 7983 7985
7984 7985 7986
7986 7985 7987
7986 7987 7988
7988 7987 7989
7988 7989 7990
7990 7989 7991
7990 7991 7992
7993 7994 7995
7993 7995 7996
7997 7993 7996
7997 7996 7998
7999 7997 7998
7999 7998 8000
8001 7999 8000
8001 8000 8002
8003 8001 8002
8003 8002 8004
8005 8003 8004
8005 8004 8006
8007 8008 8009
8007 8009 8010
8010 8009 8011
8010 8011 8012
8012 8011 8013
8012 8013 8014
8014 8013 8015
8014 8015 8016
8016 8015 8017
8016 8017 8018
8018 8017 8019
8018 8019 8020
8021 8022 8023
8024 8025 8026
8027 8028 8029
8030 8031 8032
8033 8034 8035
8036 8037 8038
8039 8040 8041
8042 8043 8044
8045 8046 8047
8048 8049 8050
8048 8050 8051
8051 8050 8052
8051 8052 8053
8053 8052 8054
8053 8054 8055
8055 8054 8056
8055 8056 8057
8057 8056 8058
8057 8058 8059
8059 8058 8060
8059 8060 8061
8062 8063 8064
8062 8064 8065
8066 8062 8065
8066 8065 8067
8068 8066 8067
8068 8067 8069
8070 8068 8069
8070 8069 8071
8072 8070 8071
8072 8071 8073
8074 8072 8073
8074 8073 8075
8076 8077 8078
8076 8078 8079
8080 8081 8082
8080 8082 8083
8084 8085 8077
8084 8077 8076
8083 8082 8086
8083 8086 8087
8088 8089 8085
8088 8085 8084
8087 8086 8090
8087 8090 8091
8092 8093 8089
8092 8089 8088
8091 8090 8094
8091 8094 8095
8096 8097 8093
8096 8093 8092
8095 8094 8098
8095 8098 8099
8100 8101 8097
8100 8097 8096
8099 8098 8102
8099 8102 8103
8104 8105 8106
8104 8106 8107
8107 8106 8108
8107 8108 8109
8109 8108 8110
8109 8110 8111
8111 8110 8112
8111 8112 8113
8113 8112 8114
8113 8114 8115
8115 8114 8116
8115 8116 8117
8118 8119 8120
8118 8120 8121
8121 8120 8122
8121 8122 8123
8123 8122 8124
8123 8124 8125
8125 8124 8126
8125 8126 8127
8127 8126 8128
8127 8128 8129
8129 8128 8130
8129 8130 8131
8132 8133 8134
8132 8134 8135
8136 8132 8135
8136 8135 8137
8138 8136 8137
8138 8137 8139
8140 8138 8139
8140 8139 8141
8142 8140 8141
8142 8141 8143
8144 8142 8143
8144 8143 8145
8146 8147 8148
8146 8148 8149
8150 8146 8149
8150 8149 8151
8152 8150 8151
8152 8151 8153
8154 8152 8153
8154 8153 8155
8156 8154 8155
8156 8155 8157
8158 8156 8157
8158 8157 8159
8160 8161 8162
8160 8162 8163
8164 8165 8161
8164 8161 8160
8166 8167 8165
8166 8165 8164
8168 8169 8167
8168 8167 8166
8170 8171 8169
8170 8169 8168
8172 8173 8171
8172 8171 8170
8174 8175 8176
8174 8176 8177
8178 8179 8175
8178 8175 8174
8180 8181 8179
8180 8179 8178
8182 8183 8181
8182 8181 8180
8184 8185 8183
8184 8183 8182
8186 8187 8185
8186 8185 8184
8188 8189 8190
8188 8190 8191
8191 8190 8192
8191 8192 8193
8193 8192 8194
8193 8194 8195
8195 8194 8196
8195 8196 8197
8197 8196 8198
8197 8198 8199
8199 8198 8200
8199 8200 8201
8202 8203 8204
8202 8204 8205
8205 8204 8206
8205 8206 8207
8207 8206 8208
8207 8208 8209
8209 8208 8210
8209 8210 8211
8211 8210 8212
8211 8212 8213
8213 8212 8214
8213 8214 8215
8216 8217 8218
8216 8218 8219
8220 8216 8219
8220 8219 8221
8222 8220 8221
8222 8221 8223
8224 8222 8223
8224 8223 8225
8226 8224 8225
8226 8225 8227
8228 8226 8227
8228 8227 8229
8230 8231 8232
8230 8232 8233
8234 8230 8233
8234 8233 8235
8236 8234 8235
8236 8235 8237
8238 8236 8237
8238 8237 8239
8240 8238 8239
8240 8239 8241
8242 8240 8241
8242 8241 8243
8244 8245 8246
8244 8246 8247
8247 8246 8248
8247 8248 8249
8249 8248 8250
8249 8250 8251
8251 8250 8252
8251 8252 8253
8253 8252 8254
8253 8254 8255
8255 8254 8256
8255 8256 8257
8258 8259 8260
8258 8260 8261
8261 8260 8262
8261 8262 8263
8263 8262 8264
8263 8264 8265
8265 8264 8266
8265 8266 8267
8267 8266 8268
8267 8268 8269
8269 8268 8270
8269 8270 8271
8272 8273 8274
8272 8274 8275
8273 8276 8277
8273 8277 8274
8276 8278 8279
8276 8279 8277
8278 8280 8281
8278 8281 8279
8280 8282 8283
8280 8283 8281
8282 8284 8285
8282 8285 8283
8286 8287 8288
8286 8288 8289
8287 8272 8275
8287 8275 8288
8290 8291 8292
8293 8294 8295
8296 8290 8292
8294 8297 8295
8298 8296 8292
8297 8299 8295
8300 8298 8292
8299 8301 8295
8302 8300 8292
8301 8303 8295
8291 8304 8292
8305 8293 8295
8306 8307 8308
8306 8308 8309
8309 8308 8310
8309 8310 8311
8311 8310 8312
8311 8312 8313
8314 8315 8316
8314 8316 8317
8317 8316 8318
8317 8318 8319
8319 8318 8320
8319 8320 8321
8322 8323 8324
8322 8324 8325
8326 8322 8325
8326 8325 8327
8328 8329 8327
8328 8327 8330
8331 8332 8330
8331 8330 8333
8334 8331 8333
8334 8333 8335
8336 8334 8335
8336 8335 8337
8338 8339 8340
8338 8340 8341
8342 8343 8339
8342 8339 8344
8345 8346 8343
8345 8343 8347
8348 8349 8346
8348 8346 8345
8350 8351 8349
8350 8349 8348
8352 8353 8351
8352 8351 8350
8354 8355 8356
8354 8356 8357
8355 8358 8359
8355 8359 8356
8358 8360 8361
8358 8361 8359
8360 8362 8363
8360 8363 8361
8362 8364 8365
8362 8365 8363
8364 8366 8367
8364 8367 8365
8368 8369 8370
8368 8370 8371
8372 8373 8374
8372 8374 8375
8376 8368 8371
8376 8371 8377
8378 8374 8379
8378 8379 8380
8381 8382 8377
8381 8377 8383
8380 8379 8384
8380 8384 8385
8386 8381 8383
8386 8383 8387
8388 8389 8390
8388 8390 8391
8392 8386 8387
8392 8387 8393
8391 8390 8394
8391 8394 8395
8396 8392 8393
8396 8393 8397
8395 8394 8398
8395 8398 8399
8400 8401 8402
8400 8402 8403
8404 8405 8406
8404 8406 8407
8408 8409 8401
8408 8401 8400
8407 8406 8410
8407 8410 8411
8412 8413 8409
8412 8409 8408
8411 8410 8414
8411 8414 8415
8416 8417 8413
8416 8413 8412
8415 8414 8418
8415 8418 8419
8420 8421 8417
8420 8417 8416
8419 8418 8422
8419 8422 8423
8424 8425 8421
8424 8421 8420
8423 8422 8426
8423 8426 8427
8428 8429 8430
8428 8430 8431
8432 8433 8434
8432 8434 8435
8436 8437 8429
8436 8429 8428
8435 8434 8438
8435 8438 8439
8440 8441 8437
8440 8437 8436
8439 8438 8442
8439 8442 8443
8444 8445 8441
8444 8441 8440
8443 8442 8446
8443 8446 8447
8448 8449 8445
8448 8445 8444
8447 8446 8450
8447 8450 8451
8452 8453 8449
8452 8449 8448
8451 8450 8454
8451 8454 8455
8456 8457 8458
8456 8458 8459
8460 8461 8462
8460 8462 8463
8459 8458 8464
8459 8464 8465
8466 8467 8461
8466 8461 8460
8465 8464 8468
8465 8468 8469
8470 8471 8467
8470 8467 8466
8469 8468 8472
8469 8472 8473
8474 8475 8471
8474 8471 8470
8473 8472 8476
8473 8476 8477
8478 8479 8475
8478 8475 8474
8477 8476 8480
8477 8480 8481
8482 8483 8479
8482 8479 8478
8484 8485 8486
8484 8486 8487
8488 8489 8490
8488 8490 8491
8487 8486 8492
8487 8492 8493
8494 8495 8489
8494 8489 8488
8493 8492 8496
8493 8496 8497
8498 8499 8495
8498 8495 8494
8497 8496 8500
8497 8500 8501
8502 8503 8499
8502 8499 8498
8501 8500 8504
8501 8504 8505
8506 8507 8503
8506 8503 8502
8505 8504 8508
8505 8508 8509
8510 8511 8507
8510 8507 8506
7975 7978 8512
7974 7973 7978
7974 7978 7975
8513 8514 8515
8514 8023 8516
8021 8513 8517
8513 8021 8023
8513 8023 8514
8518 8519 8520
8518 8520 8521
8519 8522 8523
8519 8523 8520
8522 8524 8525
8522 8525 8523
8524 8526 8527
8524 8527 8525
8526 8528 8529
8526 8529 8527
8528 8530 8531
8528 8531 8529
8532 8533 8534
8532 8534 8535
8536 8537 8533
8536 8533 8532
8538 8539 8537
8538 8537 8536
8540 8541 8539
8540 8539 8538
8542 8543 8541
8542 8541 8540
8544 8545 8543
8544 8543 8542
8546 8547 8548
8546 8548 8549
8547 8550 8551
8547 8551 8548
8550 8552 8553
8550 8553 8551
8552 8554 8555
8552 8555 8553
8554 8556 8557
8554 8557 8555
8556 8558 8559
8556 8559 8557
8560 8561 8562
8560 8562 8563
8561 8564 8565
8561 8565 8562
8564 8566 8567
8564 8567 8565
8566 8568 8569
8566 8569 8567
8568 8570 8571
8568 8571 8569
8570 8572 8573
8570 8573 8571
8574 8575 8576
8574 8576 8577
8578 8579 8575
8578 8575 8574
8580 8581 8579
8580 8579 8578
8582 8583 8581
8582 8581 8580
8584 8585 8583
8584 8583 8582
8586 8587 8585
8586 8585 8584
8588 8589 8590
8588 8590 8591
8592 8593 8594
8592 8594 8595
8596 8588 8591
8596 8591 8597
8593 8598 8599
8593 8599 8594
8600 8596 8597
8600 8597 8601
8598 8602 8603
8598 8603 8599
8604 8600 8601
8604 8601 8605
8602 8606 8607
8602 8607 8603
8608 8604 8605
8608 8605 8609
8606 8610 8611
8606 8611 8607
8612 8608 8609
8612 8609 8613
8610 8614 8615
8610 8615 8611
8616 8617 8618
8616 8618 8619
8617 8620 8621
8617 8621 8618
8620 8622 8623
8620 8623 8621
8622 8624 8625
8622 8625 8623
8624 8626 8627
8624 8627 8625
8626 8628 8629
8626 8629 8627
8630 8631 8632
8630 8632 8633
8631 8634 8635
8631 8635 8632
8634 8636 8637
8634 8637 8635
8636 8638 8639
8636 8639 8637
8638 8640 8641
8638 8641 8639
8640 8642 8643
8640 8643 8641
8644 8645 8646
8644 8646 8647
8648 8649 8645
8648 8645 8644
8650 8651 8649
8650 8649 8648
8652 8653 8651
8652 8651 8650
8654 8655 8653
8654 8653 8652
8656 8657 8655
8656 8655 8654
8658 8659 8660
8658 8660 8661
8662 8663 8659
8662 8659 8658
8664 8665 8663
8664 8663 8662
8666 8667 8665
8666 8665 8664
8668 8669 8667
8668 8667 8666
8670 8671 8669
8670 8669 8668
8672 8673 8674
8672 8674 8675
8673 8676 8677
8673 8677 8674
8676 8678 8679
8676 8679 8677
8678 8680 8681
8678 8681 8679
8680 8682 8683
8680 8683 8681
8682 8684 8685
8682 8685 8683
8686 8687 8688
8686 8688 8689
8687 8690 8691
8687 8691 8688
8690 8692 8693
8690 8693 8691
8692 8694 8695
8692 8695 8693
8694 8696 8697
8694 8697 8695
8696 8698 8699
8696 8699 8697
8700 8701 8702
8700 8702 8703
8701 8704 8705
8701 8705 8702
8704 8706 8707
8704 8707 8705
8706 8708 8709
8706 8709 8707
8708 8710 8711
8708 8711 8709
8710 8712 8713
8710 8713 8711
8714 8715 8716
8714 8716 8717
8715 8718 8719
8715 8719 8716
8718 8720 8721
8718 8721 8719
8720 8722 8723
8720 8723 8721
8722 8724 8725
8722 8725 8723
8724 8726 8727
8724 8727 8725
8728 8729 8730
8728 8730 8731
8732 8733 8729
8732 8729 8728
8734 8735 8733
8734 8733 8732
8736 8737 8735
8736 8735 8734
8738 8739 8737
8738 8737 8736
8740 8741 8739
8740 8739 8738
8742 8743 8744
8742 8744 8745
8746 8747 8743
8746 8743 8742
8748 8749 8747
8748 8747 8746
8750 8751 8749
8750 8749 8748
8752 8753 8751
8752 8751 8750
8754 8755 8753
8754 8753 8752
8756 8757 8758
8756 8758 8759
8760 8756 8759
8760 8759 8761
8762 8760 8761
8762 8761 8763
8764 8762 8763
8764 8763 8765
8766 8764 8765
8766 8765 8767
8768 8766 8767
8768 8767 8769
8770 8771 8772
8770 8772 8773
8774 8770 8773
8774 8773 8775
8776 8774 8775
8776 8775 8777
8778 8776 8777
8778 8777 8779
8780 8778 8779
8780 8779 8781
8782 8780 8781
8782 8781 8783
8784 8785 8786
8784 8786 8787
8787 8786 8788
8787 8788 8789
8789 8788 8790
8789 8790 8791
8791 8790 8792
8791 8792 8793
8793 8792 8794
8793 8794 8795
8795 8794 8796
8795 8796 8797
8798 8799 8800
8798 8800 8801
8801 8800 8785
8801 8785 8784
8802 8803 8804
8805 8806 8807
8808 8803 8802
8807 8806 8809
8810 8803 8808
8809 8806 8811
8812 8803 8810
8811 8806 8813
8814 8803 8812
8813 8806 8815
8804 8803 8816
8817 8806 8805
8818 8819 8820
8818 8820 8821
8819 8822 8823
8819 8823 8820
8822 8824 8825
8822 8825 8823
8824 8826 8827
8824 8827 8825
8826 8828 8829
8826 8829 8827
8828 8830 8831
8828 8831 8829
8832 8833 8834
8832 8834 8835
8836 8837 8833
8836 8833 8832
8838 8839 8840
8838 8840 8841
8842 8843 8839
8842 8839 8844
8845 8846 8843
8845 8843 8842
8847 8848 8846
8847 8846 8845
8849 8850 8851
8849 8851 8852
8853 8854 8852
8853 8852 8855
8856 8857 8855
8856 8855 8858
8859 8856 8858
8859 8858 8860
8861 8859 8860
8861 8860 8862
8863 8861 8862
8863 8862 8864
8865 8866 8867
8865 8867 8868
8868 8867 8869
8868 8869 8870
8870 8869 8871
8870 8871 8872
8872 8871 8873
8872 8873 8874
8874 8873 8875
8874 8875 8876
8876 8875 8877
8876 8877 8878
8879 8880 8881
8879 8881 8882
8883 8884 8885
8883 8885 8886
8887 8888 8880
8887 8880 8879
8889 8883 8890
8889 8890 8891
8892 8893 8888
8892 8888 8894
8895 8889 8891
8895 8891 8896
8897 8898 8893
8897 8893 8892
8899 8900 8896
8899 8896 8901
8902 8903 8898
8902 8898 8897
8904 8899 8901
8904 8901 8905
8906 8907 8903
8906 8903 8902
8908 8904 8905
8908 8905 8909
8910 8911 8912
8910 8912 8913
8914 8915 8916
8914 8916 8917
8911 8918 8919
8911 8919 8912
8920 8914 8917
8920 8917 8921
8918 8922 8923
8918 8923 8919
8924 8920 8921
8924 8921 8925
8922 8926 8927
8922 8927 8923
8928 8924 8925
8928 8925 8929
8926 8930 8931
8926 8931 8927
8932 8928 8929
8932 8929 8933
8930 8934 8935
8930 8935 8931
8936 8932 8933
8936 8933 8937
8938 8939 8940
8938 8940 8941
8942 8943 8944
8942 8944 8945
8939 8946 8947
8939 8947 8940
8948 8942 8945
8948 8945 8949
8946 8950 8951
8946 8951 8947
8952 8948 8949
8952 8949 8953
8950 8954 8955
8950 8955 8951
8956 8952 8953
8956 8953 8957
8954 8958 8959
8954 8959 8955
8960 8956 8957
8960 8957 8961
8958 8962 8963
8958 8963 8959
8964 8960 8961
8964 8961 8965
8966 8967 8968
8966 8968 8969
8970 8971 8972
8970 8972 8973
8974 8966 8969
8974 8969 8975
8971 8976 8977
8971 8977 8972
8978 8974 8975
8978 8975 8979
8976 8980 8981
8976 8981 8977
8982 8978 8979
8982 8979 8983
8980 8984 8985
8980 8985 8981
8986 8982 8983
8986 8983 8987
8984 8988 8989
8984 8989 8985
8990 8986 8987
8990 8987 8991
8988 8992 8993
8988 8993 8989
8994 8995 8996
8994 8996 8997
8998 8999 9000
8998 9000 9001
9002 8994 8997
9002 8997 9003
8999 9004 9005
8999 9005 9000
9006 9002 9003
9006 9003 9007
9004 9008 9009
9004 9009 9005
9010 9006 9007
9010 9007 9011
9008 9012 9013
9008 9013 9009
9014 9010 9011
9014 9011 9015
9012 9016 9017
9012 9017 9013
9018 9014 9015
9018 9015 9019
9016 9020 9021
9016 9021 9017
9022 9023 9024
9022 9024 9025
9026 9027 9028
9026 9028 9029
9026 9029 9030
9026 9030 9031
9032 9031 9030
9032 9030 9033
9034 9035 9036
9034 9036 9037
9038 9037 9036
9038 9036 9039
9040 9041 9042
9043 9044 9045
9046 9047 9048
9046 9048 9049
9046 9049 9050
9046 9050 9051
9052 9051 9050
9052 9050 9053
9054 9055 9056
9054 9056 9057
9058 9057 9056
9058 9056 9059
9060 9061 9062
9063 9064 9065
9063 9065 9066
9067 9063 9066
9067 9066 9068
9069 9070 9071
9069 9071 9072
9064 9069 9072
9064 9072 9065
9073 9074 9075
9076 9074 9073
9077 9074 9078
9075 9074 9077
9079 9080 9081
9081 9080 9082
9083 9080 9084
9084 9080 9079
9085 9086 9087
9085 9087 9088
9089 9090 9086
9089 9086 9085
9091 9092 9093
9091 9093 9094
9088 9087 9092
9088 9092 9091
9095 9096 9097
9095 9097 9098
9099 9100 9096
9099 9096 9095
9101 9102 9103
9101 9103 9104
9098 9097 9102
9098 9102 9101
9096 9085 9088
9096 9088 9097
9065 9087 9086
9065 9086 9066
9100 9089 9085
9100 9085 9096
9066 9086 9090
9066 9090 9068
9102 9091 9094
9102 9094 9103
9071 9093 9092
9071 9092 9072
9097 9088 9091
9097 9091 9102
9072 9092 9087
9072 9087 9065
9105 9106 9107
9105 9107 9108
9109 9110 9111
9109 9111 9112
9113 9114 9115
9113 9115 9116
9117 9118 9119
9117 9119 9120
9121 9122 9123
9121 9123 9124
9125 9126 9127
9125 9127 9128
9125 9128 9129
9125 9129 9130
9131 9130 9129
9131 9129 9132
9133 9134 9135
9133 9135 9136
9137 9136 9135
9137 9135 9138
9139 9140 9141
9142 9143 9144
9145 9146 9147
9145 9147 9148
9145 9149 9150
9145 9150 9146
9151 9152 9153
9151 9153 9154
9155 9156 9152
9155 9152 9151
9155 9157 9158
9155 9158 9156
9159 9160 9161
9162 9163 9164
9154 9153 9150
9154 9150 9149
9161 9160 9165
9166 9163 9167
9165 9160 9168
9169 9170 9171
9169 9171 9172
9172 9171 9173
9172 9173 9174
9174 9173 9175
9174 9175 9176
9176 9175 9177
9176 9177 9178
9178 9177 9179
9178 9179 9180
9180 9179 9181
9180 9181 9182
9183 9184 9185
9183 9185 9186
9186 9185 9187
9186 9187 9188
9188 9187 9189
9188 9189 9190
9190 9189 9191
9190 9191 9192
9192 9191 9193
9192 9193 9194
9194 9193 9195
9194 9195 9196
9197 9198 9199
9197 9199 9200
9201 9197 9200
9201 9200 9202
9203 9201 9202
9203 9202 9204
9205 9203 9204
9205 9204 9206
9207 9205 9206
9207 9206 9208
9209 9207 9208
9209 9208 9210
9211 9212 9213
9211 9213 9214
9215 9211 9214
9215 9214 9216
9217 9215 9216
9217 9216 9218
9219 9217 9218
9219 9218 9220
9221 9219 9220
9221 9220 9222
9223 9221 9222
9223 9222 9224
9225 9226 9227
9225 9227 9228
9229 9230 9226
9229 9226 9225
9231 9232 9230
9231 9230 9229
9233 9234 9232
9233 9232 9231
9235 9236 9234
9235 9234 9233
9237 9238 9236
9237 9236 9235
9239 9240 9241
9239 9241 9242
9243 9244 9240
9243 9240 9239
9245 9246 9244
9245 9244 9243
9247 9248 9246
9247 9246 9245
9249 9250 9248
9249 9248 9247
9251 9252 9250
9251 9250 9249
9253 9254 9255
9253 9255 9256
9257 9253 9256
9257 9256 9258
9259 9257 9258
9259 9258 9260
9261 9262 9263
9261 9263 9264
9265 9261 9264
9265 9264 9266
9254 9265 9266
9254 9266 9255
9267 9256 9255
9267 9255 9268
9269 9258 9256
9269 9256 9267
9270 9260 9258
9270 9258 9271
9272 9264 9263
9272 9263 9273
9274 9266 9264
9274 9264 9272
9268 9255 9266
9268 9266 9274
9275 9276 9277
9277 9276 9278
9278 9276 9279
9280 9276 9275
9281 9282 9283
9283 9282 9284
9285 9282 9286
9286 9282 9281
9034 9032 9033
9034 9033 9035
9054 9052 9053
9054 9053 9055
9159 9287 9288
9159 9161 9287
9166 9167 9289
9289 9167 9290
9164 9163 9166
9045 9044 9291
9060 9062 9292
9062 9061 9293
9060 9292 9294
9293 9061 9295
9040 9042 9296
9042 9041 9297
9042 9297 9298
9040 9296 9299
9133 9131 9132
9133 9132 9134
9139 9141 9300
9144 9143 9301
9141 9140 9302
9142 9144 9303
9139 9300 9304
9301 9143 9305
9302 9140 9306
9142 9303 9307
9308 9309 9310
9311 9312 9313
9314 9315 9316
9314 9316 9317
9317 9316 9318
9317 9318 9319
9320 9321 9322
9320 9322 9323
9323 9322 9315
9323 9315 9314
9324 9325 9326
9327 9324 9326
9328 9329 9326
9325 9328 9326
9330 9331 9332
9331 9333 9332
9334 9335 9332
9335 9330 9332
9336 9337 9338
9336 9338 9339
9337 9340 9341
9337 9341 9338
9342 9343 9344
9342 9344 9345
9343 9336 9339
9343 9339 9344
9346 9347 9348
9346 9348 9349
9347 9350 9351
9347 9351 9348
9352 9353 9354
9352 9354 9355
9353 9346 9349
9353 9349 9354
9339 9338 9347
9339 9347 9346
9337 9336 9314
9337 9314 9317
9338 9341 9350
9338 9350 9347
9340 9337 9317
9340 9317 9319
9345 9344 9353
9345 9353 9352
9343 9342 9320
9343 9320 9323
9344 9339 9346
9344 9346 9353
9336 9343 9323
9336 9323 9314
9356 9357 9358
9356 9358 9359
9360 9361 9362
9360 9362 9363
9362 9364 9365
9362 9365 9363
9365 9364 9366
9365 9366 9367
9368 9369 9370
9368 9370 9371
9370 9369 9372
9370 9372 9373
9374 9375 9376
9377 9378 9379
9380 9381 9382
9380 9382 9383
9384 9385 9380
9384 9380 9383
9386 9387 9388
9386 9388 9389
9390 9386 9389
9390 9389 9391
9392 9393 9390
9392 9390 9391
9394 9395 9396
9397 9398 9399
9387 9385 9384
9387 9384 9388
9395 9400 9396
9401 9402 9399
9400 9403 9396
9404 9405 9406
9404 9406 9407
9405 9408 9409
9405 9409 9406
9408 9410 9411
9408 9411 9409
9410 9412 9413
9410 9413 9411
9412 9414 9415
9412 9415 9413
9414 9416 9417
9414 9417 9415
9418 9419 9420
9418 9420 9421
9419 9422 9423
9419 9423 9420
9422 9424 9425
9422 9425 9423
9424 9426 9427
9424 9427 9425
9426 9428 9429
9426 9429 9427
9428 9430 9431
9428 9431 9429
9432 9433 9434
9432 9434 9435
9436 9437 9433
9436 9433 9432
9438 9439 9437
9438 9437 9436
9440 9441 9439
9440 9439 9438
9442 9443 9441
9442 9441 9440
9444 9445 9443
9444 9443 9442
9446 9447 9448
9446 9448 9449
9450 9451 9447
9450 9447 9446
9452 9453 9451
9452 9451 9450
9454 9455 9453
9454 9453 9452
9456 9457 9455
9456 9455 9454
9458 9459 9457
9458 9457 9456
9460 9461 9462
9460 9462 9463
9464 9460 9463
9464 9463 9465
9466 9464 9465
9466 9465 9467
9468 9466 9467
9468 9467 9469
9470 9468 9469
9470 9469 9471
9472 9470 9471
9472 9471 9473
9474 9475 9476
9474 9476 9477
9478 9474 9477
9478 9477 9479
9480 9478 9479
9480 9479 9481
9482 9480 9481
9482 9481 9483
9484 9482 9483
9484 9483 9485
9486 9484 9485
9486 9485 9487
9488 9489 9490
9488 9490 9491
9491 9490 9492
9491 9492 9493
9493 9492 9494
9493 9494 9495
9496 9497 9498
9496 9498 9499
9499 9498 9500
9499 9500 9501
9501 9500 9489
9501 9489 9488
9488 9491 9502
9488 9502 9503
9491 9493 9504
9491 9504 9502
9493 9495 9505
9493 9505 9506
9496 9499 9507
9496 9507 9508
9499 9501 9509
9499 9509 9507
9501 9488 9510
9501 9510 9509
9511 9512 9513
9512 9514 9513
9514 9515 9513
9516 9511 9513
9517 9518 9519
9518 9520 9519
9521 9522 9519
9522 9517 9519
9394 9523 9524
9394 9524 9395
9401 9525 9402
9525 9526 9402
9398 9401 9399
9311 9527 9312
9312 9528 9313
9311 9529 9527
9528 9530 9313
9308 9531 9309
9309 9532 9533
9309 9533 9310
9308 9534 9531
9367 9366 9368
9367 9368 9371
9374 9535 9375
9378 9536 9379
9375 9537 9376
9377 9538 9378
9374 9539 9535
9536 9540 9379
9537 9541 9376
9377 9542 9538
9543 9544 9545
9546 9547 9548
9549 9550 9551
9552 9553 9554
9555 9556 9557
9558 9559 9560
9561 9562 9563
9564 9565 9566
9567 9568 9569
9570 9571 9572
9568 9567 9570
9568 9570 9572
9567 9573 9570
9572 9574 9568
9575 9576 9577
9578 9579 9580
9581 9582 9583
9584 9585 9586
9587 9588 9589
9590 9591 9592
9593 9594 9595
9596 9597 9598
9599 9600 9601
9602 9603 9604
9602 9599 9601
9602 9601 9603
9599 9602 9605
9603 9601 9606
9607 9608 9609
9610 9611 9612
9610 9612 9613
9614 9615 9613
9614 9613 9612
9608 9607 9615
9608 9615 9614
9614 9612 9616
9614 9616 9617
9612 9611 9618
9612 9618 9616
9608 9614 9617
9608 9617 9619
9620 9621 9622
9623 9624 9625
9623 9625 9626
9627 9628 9626
9627 9626 9625
9629 9620 9624
9629 9624 9623
9620 9622 9630
9627 9625 9631
9627 9631 9632
9625 9624 9633
9625 9633 9631
9624 9620 9630
9624 9630 9633
9634 9635 9636
9634 9636 9637
9638 9639 9640
9638 9640 9641
9642 9643 9644
9642 9644 9645
9640 9646 9647
9640 9647 9641
9647 9646 9636
9647 9636 9635
9648 9645 9644
9648 9644 9649
9650 9651 9652
9650 9652 9653
9648 9649 9651
9648 9651 9650
9654 9655 9607
9654 9607 9609
9615 9656 9657
9615 9657 9613
9657 9658 9610
9657 9610 9613
9607 9655 9656
9607 9656 9615
9619 9659 9660
9619 9660 9661
9618 9662 9663
9618 9663 9616
9663 9664 9617
9663 9617 9616
9659 9619 9617
9659 9617 9664
9629 9665 9666
9629 9666 9621
9628 9667 9668
9628 9668 9626
9668 9669 9623
9668 9623 9626
9665 9629 9623
9665 9623 9669
9670 9671 9630
9670 9630 9622
9633 9672 9673
9633 9673 9631
9674 9632 9631
9674 9631 9673
9630 9671 9672
9630 9672 9633
9661 9675 9676
9661 9676 9609
9621 9677 9678
9621 9678 9622
9652 9679 9653
9637 9680 9634
9608 9661 9609
9608 9619 9661
9620 9629 9621
9676 9654 9609
9678 9670 9622
9661 9660 9675
9621 9666 9677
9681 9682 9683
9684 9685 9686
9684 9686 9687
9687 9686 9688
9687 9688 9689
9689 9688 9690
9689 9690 9691
9691 9690 9692
9691 9692 9693
9694 9695 9685
9696 9697 9698
9696 9698 9699
9683 9698 9697
9700 9701 9702
9700 9702 9703
9699 9702 9701
9699 9701 9696
9704 9705 9706
9707 9708 9709
9707 9709 9710
9711 9712 9709
9711 9709 9708
9711 9713 9714
9711 9714 9712
9715 9714 9713
9715 9713 9716
9717 9707 9710
9718 9719 9720
9718 9720 9721
9721 9720 9706
9722 9723 9724
9722 9724 9725
9725 9724 9719
9725 9719 9718
9726 9727 9728
9726 9728 9729
9730 9731 9732
9730 9732 9733
9728 9734 9735
9728 9735 9729
9683 9685 9695
9710 9706 9705
9736 9737 9738
9739 9740 9731
9739 9731 9730
9741 9742 9735
9741 9735 9734
9743 9744 9745
9740 9739 9746
9740 9746 9747
9699 9698 9748
9699 9748 9749
9683 9682 9748
9683 9748 9698
9703 9702 9750
9703 9750 9751
9749 9750 9702
9749 9702 9699
9706 9720 9752
9706 9752 9753
9719 9754 9752
9719 9752 9720
9719 9724 9755
9719 9755 9754
9756 9755 9724
9756 9724 9723
9688 9686 9697
9688 9697 9696
9692 9690 9701
9692 9701 9700
9696 9701 9690
9696 9690 9688
9710 9709 9721
9718 9721 9709
9718 9709 9712
9712 9714 9725
9712 9725 9718
9722 9725 9714
9722 9714 9715
9741 9745 9744
9741 9744 9742
9738 9737 9733
9738 9733 9732
9683 9697 9685
9721 9706 9710
9685 9697 9686
9681 9683 9695
9694 9685 9684
9704 9706 9753
9717 9710 9705
9757 9758 9759
9760 9761 9762
9760 9762 9763
9761 9764 9765
9761 9765 9762
9764 9766 9767
9764 9767 9765
9766 9768 9769
9766 9769 9767
9770 9763 9771
9772 9773 9774
9772 9774 9775
9758 9775 9774
9776 9777 9778
9776 9778 9779
9773 9772 9779
9773 9779 9778
9780 9781 9782
9783 9784 9785
9783 9785 9786
9785 9787 9788
9785 9788 9786
9788 9787 9789
9788 9789 9790
9791 9792 9790
9791 9790 9789
9793 9784 9783
9794 9795 9796
9794 9796 9797
9795 9781 9796
9798 9799 9800
9798 9800 9801
9799 9794 9797
9799 9797 9800
9802 9803 9804
9802 9804 9805
9806 9807 9808
9806 9808 9809
9810 9811 9804
9810 9804 9803
9758 9771 9763
9784 9782 9781
9812 9813 9814
9815 9806 9809
9815 9809 9816
9817 9811 9810
9817 9810 9818
9819 9820 9821
9822 9815 9816
9822 9816 9823
9773 9824 9825
9773 9825 9774
9825 9759 9758
9825 9758 9774
9777 9826 9827
9777 9827 9778
9824 9773 9778
9824 9778 9827
9781 9828 9829
9781 9829 9796
9829 9830 9797
9829 9797 9796
9797 9830 9831
9797 9831 9800
9832 9801 9800
9832 9800 9831
9765 9772 9775
9765 9775 9762
9769 9776 9779
9769 9779 9767
9772 9765 9767
9772 9767 9779
9784 9795 9785
9794 9787 9785
9794 9785 9795
9787 9794 9799
9787 9799 9789
9798 9791 9789
9798 9789 9799
9821 9820 9817
9821 9817 9818
9813 9808 9807
9813 9807 9814
9758 9763 9775
9795 9784 9781
9763 9762 9775
9757 9771 9758
9770 9760 9763
9780 9828 9781
9793 9782 9784
9833 9834 9835
9836 9837 9838
9836 9838 9839
9839 9838 9840
9839 9840 9841
9841 9840 9842
9841 9842 9843
9843 9842 9844
9843 9844 9845
9846 9833 9835
9846 9835 9847
9848 9849 9850
9848 9850 9851
9852 9850 9849
9852 9849 9853
9854 9855 9856
9854 9856 9857
9851 9856 9855
9851 9855 9848
9858 9859 9860
9858 9860 9861
9862 9863 9864
9862 9864 9865
9866 9867 9864
9866 9864 9863
9866 9868 9869
9866 9869 9867
9870 9869 9868
9870 9868 9871
9859 9872 9860
9873 9874 9875
9873 9875 9876
9876 9875 9877
9876 9877 9878
9879 9880 9881
9879 9881 9882
9882 9881 9874
9882 9874 9873
9883 9884 9885
9883 9885 9886
9887 9888 9889
9887 9889 9890
9891 9892 9893
9891 9893 9894
9895 9896 9897
9895 9897 9898
9847 9835 9853
9899 9847 9837
9899 9837 9836
9900 9861 9877
9900 9877 9901
9861 9860 9878
9902 9894 9893
9902 9893 9903
9904 9905 9906
9895 9898 9884
9895 9884 9883
9902 9903 9888
9902 9888 9887
9907 9908 9897
9907 9897 9896
9909 9908 9907
9907 9910 9909
9907 9911 9910
9851 9850 9912
9851 9912 9913
9852 9914 9912
9852 9912 9850
9857 9856 9915
9857 9915 9916
9913 9915 9856
9913 9856 9851
9877 9875 9917
9877 9917 9901
9874 9918 9917
9874 9917 9875
9874 9881 9919
9874 9919 9918
9920 9919 9881
9920 9881 9880
9852 9835 9834
9852 9834 9914
9877 9861 9878
9840 9838 9849
9840 9849 9848
9853 9849 9838
9853 9838 9837
9844 9842 9855
9844 9855 9854
9848 9855 9842
9848 9842 9840
9865 9864 9876
9865 9876 9878
9873 9876 9864
9873 9864 9867
9867 9869 9882
9867 9882 9873
9879 9882 9869
9879 9869 9870
9837 9847 9853
9865 9860 9872
9865 9872 9862
9853 9835 9852
9878 9860 9865
9858 9861 9900
9846 9847 9899
9906 9905 9890
9906 9890 9889
9921 9922 9923
9924 9925 9926
9924 9926 9927
9925 9928 9929
9925 9929 9926
9928 9930 9931
9928 9931 9929
9930 9932 9933
9930 9933 9931
9934 9935 9922
9934 9922 9921
9936 9937 9938
9936 9938 9939
9940 9941 9939
9940 9939 9938
9942 9943 9944
9942 9944 9945
9937 9936 9945
9937 9945 9944
9946 9947 9948
9946 9948 9949
9950 9951 9952
9950 9952 9953
9952 9954 9955
9952 9955 9953
9955 9954 9956
9955 9956 9957
9958 9959 9957
9958 9957 9956
9949 9948 9960
9961 9962 9963
9961 9963 9964
9962 9965 9966
9962 9966 9963
9967 9968 9969
9967 9969 9970
9968 9961 9964
9968 9964 9969
9971 9972 9973
9971 9973 9974
9975 9976 9977
9975 9977 9978
9979 9980 9981
9979 9981 9982
9983 9984 9985
9983 9985 9986
9935 9941 9922
9987 9924 9927
9987 9927 9935
9988 9989 9966
9988 9966 9947
9947 9965 9948
9981 9980 9990
9981 9990 9991
9992 9977 9976
9976 9993 9992
9976 9994 9993
9985 9971 9974
9985 9974 9986
9990 9975 9978
9990 9978 9991
9995 9984 9983
9995 9983 9996
9995 9996 9997
9997 9998 9995
9998 9999 9995
9937 10000 10001
9937 10001 9938
10001 10002 9940
10001 9940 9938
9943 10003 10004
9943 10004 9944
10000 9937 9944
10000 9944 10004
9966 9989 10005
9966 10005 9963
10005 10006 9964
10005 9964 9963
9964 10006 10007
9964 10007 9969
10008 9970 9969
10008 9969 10007
9940 10002 9923
9940 9923 9922
9966 9965 9947
9929 9936 9939
9929 9939 9926
9941 9927 9926
9941 9926 9939
9933 9942 9945
9933 9945 9931
9936 9929 9931
9936 9931 9945
9951 9965 9962
9951 9962 9952
9961 9954 9952
9961 9952 9962
9954 9961 9968
9954 9968 9956
9967 9958 9956
9967 9956 9968
9927 9941 9935
9951 9950 9960
9951 9960 9948
9941 9940 9922
9965 9951 9948
9946 9988 9947
9934 9987 9935
10009 10010 10011
10012 10013 10014
10012 10014 10015
10015 10014 10016
10015 10016 10017
10017 10016 10018
10017 10018 10019
10019 10018 10020
10019 10020 10021
10022 10023 10013
10024 10025 10026
10024 10026 10027
10011 10026 10025
10028 10029 10030
10028 10030 10031
10027 10030 10029
10027 10029 10024
10032 10033 10034
10035 10036 10037
10035 10037 10038
10039 10040 10037
10039 10037 10036
10039 10041 10042
10039 10042 10040
10043 10042 10041
10043 10041 10044
10045 10035 10038
10046 10047 10048
10046 10048 10049
10049 10048 10034
10050 10051 10052
10050 10052 10053
10053 10052 10047
10053 10047 10046
10054 10055 10056
10054 10056 10057
10058 10059 10060
10058 10060 10061
10062 10063 10064
10062 10064 10065
10054 10066 10067
10054 10067 10055
10011 10013 10023
10038 10034 10033
10068 10069 10070
10065 10064 10059
10065 10059 10058
10071 10072 10067
10071 10067 10066
10073 10074 10075
10027 10026 10076
10027 10076 10077
10011 10010 10076
10011 10076 10026
10031 10030 10078
10031 10078 10079
10077 10078 10030
10077 10030 10027
10034 10048 10080
10034 10080 10081
10047 10082 10080
10047 10080 10048
10047 10052 10083
10047 10083 10082
10084 10083 10052
10084 10052 10051
10016 10014 10025
10016 10025 10024
10020 10018 10029
10020 10029 10028
10024 10029 10018
10024 10018 10016
10038 10037 10049
10046 10049 10037
10046 10037 10040
10040 10042 10053
10040 10053 10046
10050 10053 10042
10050 10042 10043
10071 10075 10074
10071 10074 10072
10070 10069 10061
10070 10061 10060
10009 10011 10023
10022 10013 10012
10032 10034 10081
10045 10038 10033
10011 10025 10013
10049 10034 10038
10013 10025 10014
10085 10086 10087
10088 10089 10090
10088 10090 10091
10089 10092 10093
10089 10093 10090
10092 10094 10095
10092 10095 10093
10094 10096 10097
10094 10097 10095
10098 10091 10099
10100 10101 10102
10100 10102 10103
10086 10103 10102
10104 10105 10106
10104 10106 10107
10101 10100 10107
10101 10107 10106
10108 10109 10110
10111 10112 10113
10111 10113 10114
10113 10115 10116
10113 10116 10114
10116 10115 10117
10116 10117 10118
10119 10120 10118
10119 10118 10117
10121 10112 10111
10122 10123 10124
10122 10124 10125
10123 10109 10124
10126 10127 10128
10126 10128 10129
10127 10122 10125
10127 10125 10128
10130 10131 10132
10130 10132 10133
10134 10135 10136
10134 10136 10137
10138 10139 10140
10138 10140 10141
10142 10143 10130
10142 10130 10133
10086 10099 10091
10112 10110 10109
10144 10145 10146
10139 10134 10137
10139 10137 10140
10147 10143 10142
10147 10142 10148
10149 10150 10151
10101 10152 10153
10101 10153 10102
10153 10087 10086
10153 10086 10102
10105 10154 10155
10105 10155 10106
10152 10101 10106
10152 10106 10155
10109 10156 10157
10109 10157 10124
10157 10158 10125
10157 10125 10124
10125 10158 10159
10125 10159 10128
10160 10129 10128
10160 10128 10159
10093 10100 10103
10093 10103 10090
10097 10104 10107
10097 10107 10095
10100 10093 10095
10100 10095 10107
10112 10123 10113
10122 10115 10113
10122 10113 10123
10115 10122 10127
10115 10127 10117
10126 10119 10117
10126 10117 10127
10151 10150 10147
10151 10147 10148
10145 10136 10135
10145 10135 10146
10085 10099 10086
10098 10088 10091
10108 10156 10109
10121 10110 10112
10086 10091 10103
10123 10112 10109
10091 10090 10103
10161 10162 10163
10161 10163 10164
10165 10166 10167
10165 10167 10168
10162 10168 10167
10162 10167 10163
10169 10170 10171
10169 10171 10172
10173 10174 10175
10173 10175 10176
10172 10171 10175
10172 10175 10174
10177 10178 10179
10177 10179 10180
10181 10182 10183
10181 10183 10184
10185 10186 10187
10185 10187 10188
10189 10190 10191
10192 10185 10188
10192 10188 10193
10191 10190 10184
10191 10184 10183
10186 10194 10187
10195 10196 10197
10195 10197 10198
10195 10199 10200
10195 10200 10196
10201 10202 10203
10201 10203 10204
10205 10206 10207
10205 10207 10208
10198 10197 10201
10198 10201 10204
10208 10203 10202
10208 10202 10205
10209 10210 10211
10212 10213 10214
10212 10214 10215
10216 10214 10213
10216 10213 10217
10211 10216 10217
10211 10217 10209
10216 10218 10219
10216 10219 10214
10214 10219 10220
10214 10220 10215
10211 10221 10218
10211 10218 10216
10222 10223 10224
10225 10226 10227
10225 10227 10228
10229 10227 10226
10229 10226 10230
10231 10225 10228
10231 10228 10222
10222 10232 10223
10229 10233 10234
10229 10234 10227
10227 10234 10235
10227 10235 10228
10228 10235 10232
10228 10232 10222
10236 10237 10238
10236 10238 10239
10240 10241 10242
10240 10242 10243
10244 10245 10246
10244 10246 10247
10248 10249 10242
10248 10242 10241
10236 10249 10248
10236 10248 10237
10250 10251 10246
10250 10246 10245
10252 10253 10254
10252 10254 10255
10250 10252 10255
10250 10255 10251
10209 10256 10257
10209 10257 10210
10217 10213 10258
10217 10258 10259
10212 10260 10258
10212 10258 10213
10209 10217 10259
10209 10259 10256
10221 10261 10262
10221 10262 10263
10220 10219 10264
10220 10264 10265
10218 10266 10264
10218 10264 10219
10263 10266 10218
10263 10218 10221
10231 10224 10267
10231 10267 10268
10230 10226 10269
10230 10269 10270
10225 10271 10269
10225 10269 10226
10268 10271 10225
10268 10225 10231
10232 10272 10273
10232 10273 10223
10235 10234 10274
10235 10274 10275
10276 10274 10234
10276 10234 10233
10232 10235 10275
10232 10275 10272
10261 10210 10277
10261 10277 10278
10224 10223 10279
10224 10279 10280
10254 10253 10281
10239 10238 10282
10211 10210 10261
10211 10261 10221
10222 10224 10231
10277 10210 10257
10279 10223 10273
10261 10278 10262
10224 10280 10267
10283 10284 10285
10286 10287 10288
10286 10288 10289
10287 10290 10291
10287 10291 10288
10290 10292 10293
10290 10293 10291
10292 10294 10295
10292 10295 10293
10296 10289 10297
10298 10299 10300
10298 10300 10301
10284 10301 10300
10302 10303 10304
10302 10304 10305
10299 10298 10305
10299 10305 10304
10306 10307 10308
10309 10310 10311
10309 10311 10312
10311 10313 10314
10311 10314 10312
10314 10313 10315
10314 10315 10316
10317 10318 10316
10317 10316 10315
10319 10310 10309
10320 10321 10322
10320 10322 10323
10321 10307 10322
10324 10325 10326
10324 10326 10327
10325 10320 10323
10325 10323 10326
10328 10329 10330
10328 10330 10331
10332 10333 10334
10332 10334 10335
10336 10337 10330
10336 10330 10329
10284 10297 10289
10310 10308 10307
10338 10339 10340
10341 10332 10335
10341 10335 10342
10343 10337 10336
10343 10336 10344
10345 10346 10347
10348 10341 10342
10348 10342 10349
10299 10350 10351
10299 10351 10300
10351 10285 10284
10351 10284 10300
10303 10352 10353
10303 10353 10304
10350 10299 10304
10350 10304 10353
10307 10354 10355
10307 10355 10322
10355 10356 10323
10355 10323 10322
10323 10356 10357
10323 10357 10326
10358 10327 10326
10358 10326 10357
10291 10298 10301
10291 10301 10288
10295 10302 10305
10295 10305 10293
10298 10291 10293
10298 10293 10305
10310 10321 10311
10320 10313 10311
10320 10311 10321
10313 10320 10325
10313 10325 10315
10324 10317 10315
10324 10315 10325
10347 10346 10343
10347 10343 10344
10339 10334 10333
10339 10333 10340
10284 10289 10301
10321 10310 10307
10289 10288 10301
10283 10297 10284
10296 10286 10289
10306 10354 10307
10319 10308 10310
10359 10360 10361
10362 10363 10364
10362 10364 10365
10365 10364 10366
10365 10366 10367
10367 10366 10368
10367 10368 10369
10369 10368 10370
10369 10370 10371
10372 10373 10363
10374 10375 10376
10374 10376 10377
10361 10376 10375
10378 10379 10380
10378 10380 10381
10377 10380 10379
10377 10379 10374
10382 10383 10384
10385 10386 10387
10385 10387 10388
10389 10390 10387
10389 10387 10386
10389 10391 10392
10389 10392 10390
10393 10392 10391
10393 10391 10394
10395 10385 10388
10396 10397 10398
10396 10398 10399
10399 10398 10384
10400 10401 10402
10400 10402 10403
10403 10402 10397
10403 10397 10396
10404 10405 10406
10404 10406 10407
10408 10409 10410
10408 10410 10411
10406 10412 10413
10406 10413 10407
10361 10363 10373
10388 10384 10383
10414 10415 10416
10417 10418 10409
10417 10409 10408
10419 10420 10413
10419 10413 10412
10421 10422 10423
10418 10417 10424
10418 10424 10425
10377 10376 10426
10377 10426 10427
10361 10360 10426
10361 10426 10376
10381 10380 10428
10381 10428 10429
10427 10428 10380
10427 10380 10377
10384 10398 10430
10384 10430 10431
10397 10432 10430
10397 10430 10398
10397 10402 10433
10397 10433 10432
10434 10433 10402
10434 10402 10401
10366 10364 10375
10366 10375 10374
10370 10368 10379
10370 10379 10378
10374 10379 10368
10374 10368 10366
10388 10387 10399
10396 10399 10387
10396 10387 10390
10390 10392 10403
10390 10403 10396
10400 10403 10392
10400 10392 10393
10419 10423 10422
10419 10422 10420
10416 10415 10411
10416 10411 10410
10361 10375 10363
10399 10384 10388
10363 10375 10364
10359 10361 10373
10372 10363 10362
10382 10384 10431
10395 10388 10383
10435 10436 10437
10438 10439 10440
10438 10440 10441
10439 10442 10443
10439 10443 10440
10442 10444 10445
10442 10445 10443
10444 10446 10447
10444 10447 10445
10448 10449 10436
10448 10436 10435
10450 10451 10452
10450 10452 10453
10454 10455 10453
10454 10453 10452
10456 10457 10458
10456 10458 10459
10451 10450 10459
10451 10459 10458
10460 10461 10462
10460 10462 10463
10464 10465 10466
10464 10466 10467
10466 10468 10469
10466 10469 10467
10469 10468 10470
10469 10470 10471
10472 10473 10471
10472 10471 10470
10463 10462 10474
10475 10476 10477
10475 10477 10478
10476 10479 10480
10476 10480 10477
10481 10482 10483
10481 10483 10484
10482 10475 10478
10482 10478 10483
10485 10486 10487
10485 10487 10488
10489 10490 10491
10489 10491 10492
10493 10494 10495
10493 10495 10496
10497 10498 10499
10497 10499 10500
10449 10455 10436
10501 10438 10441
10501 10441 10449
10502 10503 10480
10502 10480 10461
10461 10479 10462
10495 10494 10504
10495 10504 10505
10506 10507 10508
10499 10485 10488
10499 10488 10500
10504 10489 10492
10504 10492 10505
10509 10498 10497
10509 10497 10510
10511 10509 10510
10510 10512 10511
10510 10513 10512
10451 10514 10515
10451 10515 10452
10515 10516 10454
10515 10454 10452
10457 10517 10518
10457 10518 10458
10514 10451 10458
10514 10458 10518
10480 10503 10519
10480 10519 10477
10519 10520 10478
10519 10478 10477
10478 10520 10521
10478 10521 10483
10522 10484 10483
10522 10483 10521
10454 10516 10437
10454 10437 10436
10480 10479 10461
10443 10450 10453
10443 10453 10440
10455 10441 10440
10455 10440 10453
10447 10456 10459
10447 10459 10445
10450 10443 10445
10450 10445 10459
10465 10479 10476
10465 10476 10466
10475 10468 10466
10475 10466 10476
10468 10475 10482
10468 10482 10470
10481 10472 10470
10481 10470 10482
10441 10455 10449
10465 10464 10474
10465 10474 10462
10455 10454 10436
10479 10465 10462
10460 10502 10461
10448 10501 10449
10507 10491 10490
10507 10490 10508
10523 10524 10525
10526 10527 10528
10526 10528 10529
10529 10528 10530
10529 10530 10531
10531 10530 10532
10531 10532 10533
10533 10532 10534
10533 10534 10535
10536 10523 10525
10536 10525 10537
10538 10539 10540
10538 10540 10541
10542 10540 10539
10542 10539 10543
10544 10545 10546
10544 10546 10547
10541 10546 10545
10541 10545 10538
10548 10549 10550
10548 10550 10551
10552 10553 10554
10552 10554 10555
10556 10557 10554
10556 10554 10553
10556 10558 10559
10556 10559 10557
10560 10559 10558
10560 10558 10561
10549 10562 10550
10563 10564 10565
10563 10565 10566
10566 10565 10567
10566 10567 10568
10569 10570 10571
10569 10571 10572
10572 10571 10564
10572 10564 10563
10573 10574 10575
10573 10575 10576
10577 10578 10579
10577 10579 10580
10581 10582 10583
10581 10583 10584
10585 10586 10587
10585 10587 10588
10537 10525 10543
10589 10537 10527
10589 10527 10526
10590 10551 10567
10590 10567 10591
10551 10550 10568
10592 10584 10583
10592 10583 10593
10594 10595 10580
10580 10579 10594
10579 10596 10594
10585 10588 10574
10585 10574 10573
10592 10593 10578
10592 10578 10577
10597 10598 10587
10597 10587 10586
10597 10599 10600
10600 10598 10597
10600 10601 10598
10541 10540 10602
10541 10602 10603
10542 10604 10602
10542 10602 10540
10547 10546 10605
10547 10605 10606
10603 10605 10546
10603 10546 10541
10567 10565 10607
10567 10607 10591
10564 10608 10607
10564 10607 10565
10564 10571 10609
10564 10609 10608
10610 10609 10571
10610 10571 10570
10542 10525 10524
10542 10524 10604
10567 10551 10568
10530 10528 10539
10530 10539 10538
10543 10539 10528
10543 10528 10527
10534 10532 10545
10534 10545 10544
10538 10545 10532
10538 10532 10530
10555 10554 10566
10555 10566 10568
10563 10566 10554
10563 10554 10557
10557 10559 10572
10557 10572 10563
10569 10572 10559
10569 10559 10560
10527 10537 10543
10555 10550 10562
10555 10562 10552
10543 10525 10542
10568 10550 10555
10548 10551 10590
10536 10537 10589
10611 10612 10613
10614 10615 10616
10614 10616 10617
10615 10618 10619
10615 10619 10616
10618 10620 10621
10618 10621 10619
10620 10622 10623
10620 10623 10621
10624 10617 10625
10626 10627 10628
10626 10628 10629
10612 10629 10628
10630 10631 10632
10630 10632 10633
10627 10626 10633
10627 10633 10632
10634 10635 10636
10637 10638 10639
10637 10639 10640
10639 10641 10642
10639 10642 10640
10642 10641 10643
10642 10643 10644
10645 10646 10644
10645 10644 10643
10647 10638 10637
10648 10649 10650
10648 10650 10651
10649 10635 10650
10652 10653 10654
10652 10654 10655
10653 10648 10651
10653 10651 10654
10656 10657 10658
10656 10658 10659
10660 10661 10662
10660 10662 10663
10664 10665 10666
10664 10666 10667
10668 10669 10656
10668 10656 10659
10612 10625 10617
10638 10636 10635
10670 10671 10672
10665 10660 10663
10665 10663 10666
10673 10669 10668
10673 10668 10674
10675 10676 10677
10627 10678 10679
10627 10679 10628
10679 10613 10612
10679 10612 10628
10631 10680 10681
10631 10681 10632
10678 10627 10632
10678 10632 10681
10635 10682 10683
10635 10683 10650
10683 10684 10651
10683 10651 10650
10651 10684 10685
10651 10685 10654
10686 10655 10654
10686 10654 10685
10619 10626 10629
10619 10629 10616
10623 10630 10633
10623 10633 10621
10626 10619 10621
10626 10621 10633
10638 10649 10639
10648 10641 10639
10648 10639 10649
10641 10648 10653
10641 10653 10643
10652 10645 10643
10652 10643 10653
10677 10676 10673
10677 10673 10674
10671 10662 10661
10671 10661 10672
10611 10625 10612
10624 10614 10617
10634 10682 10635
10647 10636 10638
10612 10617 10629
10649 10638 10635
10617 10616 10629
10687 10688 10689
10690 10691 10692
10690 10692 10693
10693 10692 10694
10693 10694 10695
10695 10694 10696
10695 10696 10697
10697 10696 10698
10697 10698 10699
10700 10701 10691
10702 10703 10704
10702 10704 10705
10689 10704 10703
10706 10707 10708
10706 10708 10709
10705 10708 10707
10705 10707 10702
10710 10711 10712
10713 10714 10715
10713 10715 10716
10717 10718 10715
10717 10715 10714
10717 10719 10720
10717 10720 10718
10721 10720 10719
10721 10719 10722
10723 10713 10716
10724 10725 10726
10724 10726 10727
10727 10726 10712
10728 10729 10730
10728 10730 10731
10731 10730 10725
10731 10725 10724
10732 10733 10734
10732 10734 10735
10736 10737 10738
10736 10738 10739
10740 10741 10742
10740 10742 10743
10732 10744 10745
10732 10745 10733
10689 10691 10701
10716 10712 10711
10746 10747 10748
10743 10742 10737
10743 10737 10736
10749 10750 10745
10749 10745 10744
10751 10752 10753
10705 10704 10754
10705 10754 10755
10689 10688 10754
10689 10754 10704
10709 10708 10756
10709 10756 10757
10755 10756 10708
10755 10708 10705
10712 10726 10758
10712 10758 10759
10725 10760 10758
10725 10758 10726
10725 10730 10761
10725 10761 10760
10762 10761 10730
10762 10730 10729
10694 10692 10703
10694 10703 10702
10698 10696 10707
10698 10707 10706
10702 10707 10696
10702 10696 10694
10716 10715 10727
10724 10727 10715
10724 10715 10718
10718 10720 10731
10718 10731 10724
10728 10731 10720
10728 10720 10721
10749 10753 10752
10749 10752 10750
10748 10747 10739
10748 10739 10738
10687 10689 10701
10700 10691 10690
10710 10712 10759
10723 10716 10711
10689 10703 10691
10727 10712 10716
10691 10703 10692
10763 10764 10765
10763 10765 10766
10767 10768 10769
10767 10769 10770
10766 10765 10769
10766 10769 10768
10771 10772 10773
10771 10773 10774
10775 10776 10777
10775 10777 10778
10772 10778 10777
10772 10777 10773
10779 10780 10781
10779 10781 10782
10783 10784 10785
10783 10785 10786
10787 10788 10789
10787 10789 10790
10791 10792 10793
10794 10795 10790
10794 10790 10789
10786 10793 10792
10786 10792 10783
10788 10787 10796
10797 10798 10799
10797 10799 10800
10801 10802 10799
10801 10799 10798
10803 10804 10805
10803 10805 10806
10807 10808 10809
10807 10809 10810
10800 10804 10803
10800 10803 10797
10806 10805 10810
10806 10810 10809
10811 10812 10813
10811 10813 10814
10812 10815 10816
10812 10816 10813
10815 10817 10818
10815 10818 10816
10817 10819 10820
10817 10820 10818
10816 10821 10822
10816 10822 10813
10814 10813 10822
10814 10822 10823
10820 10824 10825
10820 10825 10818
10821 10816 10818
10821 10818 10825
10826 10827 10828
10826 10828 10829
10830 10829 10828
10830 10828 10831
10830 10831 10832
10830 10832 10833
10834 10835 10833
10834 10833 10832
10836 10827 10826
10837 10828 10827
10837 10827 10838
10837 10839 10831
10837 10831 10828
10839 10840 10832
10839 10832 10831
10840 10841 10834
10840 10834 10832
10842 10843 10844
10842 10844 10845
10846 10847 10848
10846 10848 10849
10850 10827 10836
10851 10814 10852
10853 10844 10843
10843 10854 10853
10843 10855 10854
10856 10842 10845
10856 10845 10857
10858 10846 10849
10858 10849 10859
10860 10861 10862
10862 10859 10860
10862 10858 10859
10857 10863 10864
10857 10864 10856
10865 10848 10847
10865 10847 10866
10851 10811 10814
10850 10838 10827
10814 10823 10852
10867 10868 10869
10867 10869 10870
10870 10869 10871
10870 10871 10872
10872 10871 10873
10872 10873 10874
10874 10873 10875
10874 10875 10876
10871 10869 10877
10871 10877 10878
10868 10879 10877
10868 10877 10869
10875 10873 10880
10875 10880 10881
10873 10871 10878
10873 10878 10880
10882 10883 10884
10882 10884 10885
10886 10887 10884
10886 10884 10883
10886 10888 10889
10886 10889 10887
10888 10890 10891
10888 10891 10889
10892 10882 10885
10885 10884 10893
10885 10893 10894
10893 10884 10887
10893 10887 10895
10895 10887 10889
10895 10889 10896
10896 10889 10891
10896 10891 10897
10898 10899 10900
10898 10900 10901
10902 10903 10904
10902 10904 10905
10906 10892 10885
10907 10908 10868
10909 10901 10900
10900 10910 10909
10900 10911 10910
10912 10913 10899
10912 10899 10898
10914 10915 10903
10914 10903 10902
10916 10917 10918
10918 10915 10916
10915 10914 10916
10919 10920 10913
10919 10913 10912
10905 10904 10921
10905 10921 10922
10907 10868 10867
10906 10885 10894
10868 10908 10879
10923 10924 10925
10923 10925 10926
10926 10925 10927
10926 10927 10928
10928 10927 10929
10928 10929 10930
10930 10929 10931
10930 10931 10932
10927 10925 10933
10927 10933 10934
10924 10935 10933
10924 10933 10925
10931 10929 10936
10931 10936 10937
10929 10927 10934
10929 10934 10936
10938 10939 10940
10938 10940 10941
10942 10943 10940
10942 10940 10939
10942 10944 10945
10942 10945 10943
10944 10946 10947
10944 10947 10945
10948 10938 10941
10941 10940 10949
10941 10949 10950
10949 10940 10943
10949 10943 10951
10951 10943 10945
10951 10945 10952
10952 10945 10947
10952 10947 10953
10954 10955 10956
10954 10956 10957
10958 10959 10960
10958 10960 10961
10962 10948 10941
10963 10964 10924
10957 10956 10965
10965 10966 10957
10966 10967 10957
10968 10969 10955
10968 10955 10954
10970 10971 10959
10970 10959 10958
10972 10971 10970
10970 10973 10972
10970 10974 10973
10975 10976 10969
10975 10969 10968
10961 10960 10977
10961 10977 10978
10963 10924 10923
10962 10941 10950
10924 10964 10935
10979 10980 10981
10979 10981 10982
10980 10983 10984
10980 10984 10981
10983 10985 10986
10983 10986 10984
10985 10987 10988
10985 10988 10986
10984 10989 10990
10984 10990 10981
10982 10981 10990
10982 10990 10991
10988 10992 10993
10988 10993 10986
10989 10984 10986
10989 10986 10993
10994 10995 10996
10994 10996 10997
10998 10997 10996
10998 10996 10999
10998 10999 11000
10998 11000 11001
11002 11003 11001
11002 11001 11000
11004 10995 10994
11005 10996 10995
11005 10995 11006
11005 11007 10999
11005 10999 10996
11007 11008 11000
11007 11000 10999
11008 11009 11002
11008 11002 11000
11010 11011 11012
11010 11012 11013
11014 11015 11016
11014 11016 11017
11018 10995 11004
11019 10982 11020
11012 11011 11021
11021 11022 11012
11022 11023 11012
11024 11010 11013
11024 11013 11025
11026 11014 11017
11026 11017 11027
11028 11026 11027
11027 11029 11028
11027 11030 11029
11025 11031 11032
11025 11032 11024
11033 11016 11015
11033 11015 11034
11019 10979 10982
11018 11006 10995
10982 10991 11020
11035 11036 11037
11038 11039 11040
11038 11040 11041
11042 11043 11044
11045 11042 11046
11047 11048 11049
11047 11049 11050
11051 11052 11046
11051 11046 11044
11050 11053 11054
11050 11054 11047
11035 11055 11056
11041 11057 11058
11041 11058 11038
11046 11042 11044
11059 11060 11061
11059 11061 11062
11056 11036 11035
11063 11064 11065
11066 11067 11068
11066 11068 11069
11070 11071 11072
11073 11074 11070
11075 11076 11077
11075 11077 11078
11079 11071 11074
11079 11074 11080
11081 11082 11078
11081 11078 11077
11063 11083 11084
11085 11086 11069
11085 11069 11068
11074 11071 11070
11087 11088 11089
11087 11089 11090
11083 11063 11065
11091 11092 11093
11091 11093 11094
11092 11095 11096
11092 11096 11093
11097 11098 11099
11097 11099 11100
11101 11102 11103
11101 11103 11104
11098 11091 11094
11098 11094 11099
11105 11106 11107
11105 11107 11108
11108 11109 11110
11108 11110 11105
11111 11112 11113
11114 11115 11113
11116 11113 11115
11112 11114 11113
11117 11118 11113
11109 11103 11102
11109 11102 11110
11113 11116 11117
11119 11120 11121
11122 11120 11123
11124 11123 11120
11121 11120 11122
11125 11120 11126
11120 11125 11124
11127 11128 11129
11127 11129 11130
11131 11132 11133
11131 11133 11134
11135 11130 11129
11135 11129 11136
11137 11138 11139
11137 11139 11140
11141 11128 11127
11141 11127 11142
11143 11132 11131
11143 11131 11144
11138 11134 11133
11138 11133 11139
11145 11146 11147
11148 11149 11146
11145 11150 11146
11148 11146 11150
11149 11151 11146
11152 11153 11154
11155 11154 11156
11152 11154 11157
11155 11157 11154
11156 11154 11158
11159 11160 11161
11159 11161 11162
11163 11162 11161
11163 11161 11164
11165 11160 11159
11165 11159 11166
11167 11168 11169
11167 11169 11170
11171 11172 11173
11171 11173 11174
11175 11176 11177
11175 11178 11179
11180 11181 11176
11174 11182 11183
11174 11183 11171
11172 11184 11185
11172 11185 11173
11175 11180 11176
11184 11170 11169
11184 11169 11185
11175 11179 11180
11180 11179 11186
11187 11188 11189
11187 11190 11191
11192 11189 11193
11187 11189 11192
11187 11192 11190
11192 11194 11190
11195 11196 11197
11195 11197 11198
11199 11200 11201
11199 11201 11202
11203 11198 11197
11203 11197 11204
11205 11206 11207
11205 11207 11208
11209 11210 11211
11210 11209 11212
11213 11214 11215
11213 11215 11216
11217 11199 11202
11217 11202 11218
11214 11196 11195
11214 11195 11215
11205 11201 11200
11205 11200 11206
11212 11209 11219
11209 11220 11221
11222 11209 11211
11219 11209 11221
11223 11224 11225
11225 11226 11223
11226 11227 11223
11223 11228 11229
11230 11224 11223
11227 11228 11223
11231 11232 11233
11231 11233 11234
11232 11231 11235
11232 11235 11236
11237 11238 11239
11237 11239 11240
11241 11242 11243
11241 11243 11244
11234 11233 11238
11234 11238 11237
11245 11246 11247
11245 11247 11248
11249 11250 11248
11249 11248 11247
11251 11252 11253
11254 11252 11255
11256 11255 11252
11253 11252 11254
11257 11252 11258
11244 11243 11250
11244 11250 11249
11252 11257 11256
11259 11260 11261
11262 11263 11261
11264 11261 11263
11260 11262 11261
11265 11266 11261
11261 11264 11265
11267 11268 11269
11267 11269 11270
11271 11272 11273
11271 11273 11274
11269 11268 11275
11269 11275 11276
11277 11278 11279
11277 11279 11280
11267 11270 11281
11267 11281 11282
11283 11284 11271
11283 11271 11274
11273 11272 11280
11273 11280 11279
11285 11286 11287
11288 11287 11289
11285 11287 11290
11288 11290 11287
11289 11287 11291
11292 11293 11294
11295 11296 11293
11292 11297 11293
11295 11293 11297
11296 11298 11293
11299 11300 11301
11299 11301 11302
11301 11300 11303
11301 11303 11304
11299 11302 11305
11299 11305 11306
11307 11308 11309
11307 11309 11310
11311 11312 11313
11311 11313 11314
11315 11316 11317
11315 11318 11319
11320 11317 11321
11322 11323 11314
11322 11314 11313
11324 11325 11312
11324 11312 11311
11315 11317 11320
11307 11310 11325
11307 11325 11324
11315 11320 11318
11320 11326 11318
11327 11328 11329
11327 11330 11331
11332 11333 11328
11327 11332 11328
11327 11331 11332
11332 11331 11334
11335 11336 11337
11335 11337 11338
11339 11340 11341
11339 11341 11342
11337 11336 11343
11337 11343 11344
11345 11346 11347
11345 11347 11348
11349 11350 11351
11351 11352 11349
11353 11354 11355
11353 11355 11356
11342 11341 11357
11342 11357 11358
11335 11338 11354
11335 11354 11353
11340 11339 11345
11340 11345 11348
11352 11359 11349
11349 11360 11361
11362 11350 11349
11359 11360 11349
11363 11364 11365
11364 11363 11366
11366 11363 11367
11363 11368 11369
11370 11363 11365
11367 11363 11369
11371 11372 11373
11374 11375 11376
11376 11375 11377
11378 11374 11376
11378 11376 11371
11379 11371 11373
11377 11380 11376
11376 11380 11372
11376 11372 11371
11374 11381 11375
11377 11382 11380
11379 11378 11371
11383 11384 11385
11386 11387 11388
11389 11384 11390
11391 11392 11393
11391 11385 11384
11391 11384 11394
11384 11389 11388
11384 11388 11394
11383 11390 11384
11387 11392 11394
11387 11394 11388
11391 11394 11392
11395 11396 11397
11398 11399 11400
11401 11402 11397
11403 11404 11405
11403 11406 11397
11403 11397 11396
11397 11406 11399
11397 11399 11401
11395 11397 11402
11400 11406 11405
11400 11399 11406
11403 11405 11406
11407 11408 11409
11410 11411 11412
11413 11408 11407
11411 11414 11415
11416 11414 11417
11416 11409 11408
11416 11408 11415
11408 11418 11412
11408 11412 11415
11416 11415 11414
11411 11415 11412
11413 11418 11408
11419 11420 11421
11422 11421 11423
11422 11423 11424
11425 11424 11426
11427 11419 11421
11426 11423 11428
11429 11430 11428
11423 11421 11420
11423 11420 11429
11426 11424 11423
11429 11428 11423
11427 11421 11422
11431 11432 11433
11431 11433 11434
11435 11436 11437
11438 11439 11432
11437 11440 11441
11442 11441 11440
11443 11442 11440
11443 11440 11433
11433 11432 11444
11433 11444 11443
11434 11433 11440
11434 11440 11436
11438 11432 11431
11432 11439 11444
11445 11446 11447
11445 11447 11448
11449 11450 11451
11449 11451 11452
11452 11448 11447
11452 11447 11449
11453 11454 11455
11453 11455 11456
11456 11457 11458
11456 11458 11453
11459 11460 11455
11459 11455 11454
11461 11458 11457
11461 11457 11462
11462 11451 11450
11462 11450 11461
11463 11464 11465
11466 11467 11468
11466 11468 11469
11470 11471 11467
11472 11464 11463
11473 11466 11469
11473 11469 11464
11474 11475 11476
11468 11474 11477
11468 11477 11469
11464 11469 11477
11464 11477 11465
11471 11468 11467
11471 11475 11468
11472 11473 11464
11474 11468 11475
11436 11440 11437
11442 11478 11441
11479 11480 11481
11482 11483 11484
11483 11485 11484
11486 11479 11483
11486 11483 11482
11487 11480 11479
11485 11483 11488
11483 11479 11481
11483 11481 11488
11482 11484 11489
11485 11488 11490
11487 11479 11486
11491 11492 11493
11494 11495 11496
11497 11498 11493
11499 11500 11501
11499 11502 11493
11499 11493 11492
11493 11502 11495
11493 11495 11497
11491 11493 11498
11496 11502 11501
11496 11495 11502
11499 11501 11502
11503 11504 11505
11506 11507 11508
11509 11504 11510
11511 11512 11513
11511 11505 11504
11511 11504 11514
11504 11509 11508
11504 11508 11514
11503 11510 11504
11507 11512 11514
11507 11514 11508
11511 11514 11512
11515 11516 11517
11518 11519 11520
11521 11515 11517
11520 11522 11523
11524 11525 11523
11524 11522 11517
11524 11517 11516
11517 11522 11519
11517 11519 11526
11524 11523 11522
11520 11519 11522
11521 11517 11526
11527 11528 11529
11530 11531 11532
11530 11532 11528
11533 11534 11531
11535 11528 11527
11534 11536 11532
11537 11536 11538
11532 11537 11529
11532 11529 11528
11534 11532 11531
11537 11532 11536
11535 11530 11528
11539 11540 11541
11539 11541 11542
11543 11544 11545
11546 11542 11547
11544 11548 11549
11550 11549 11548
11549 11550 11551
11549 11551 11541
11541 11551 11552
11541 11552 11542
11549 11541 11540
11549 11540 11545
11546 11539 11542
11542 11552 11547
11553 11554 11555
11553 11555 11556
11557 11558 11559
11557 11559 11560
11558 11557 11553
11558 11553 11556
11561 11562 11563
11561 11563 11564
11562 11561 11565
11562 11565 11566
11567 11564 11563
11567 11563 11568
11566 11565 11569
11566 11569 11570
11560 11559 11570
11560 11570 11569
11571 11572 11573
11574 11575 11576
11574 11576 11577
11578 11577 11579
11580 11571 11573
11581 11573 11575
11581 11575 11574
11582 11583 11584
11576 11575 11585
11576 11585 11582
11585 11575 11573
11585 11573 11572
11579 11577 11576
11579 11576 11584
11580 11573 11581
11582 11584 11576
11545 11544 11549
11550 11548 11586
11587 11588 11589
11590 11591 11592
11590 11592 11587
11592 11591 11593
11593 11594 11592
11592 11595 11596
11592 11596 11587
11594 11595 11592
11589 11590 11587
11587 11596 11588
11591 11597 11593
11594 11598 11595
11599 11600 11601
11602 11599 11603
11602 11603 11604
11603 11605 11604
11605 11603 11606
11603 11599 11607
11603 11607 11608
11606 11603 11608
11600 11599 11602
11599 11601 11607
11604 11605 11609
11606 11608 11610
11611 11612 11613
11614 11611 11615
11614 11615 11616
11615 11617 11616
11617 11615 11618
11615 11611 11619
11615 11619 11620
11618 11615 11620
11612 11611 11614
11611 11613 11619
11616 11617 11621
11618 11620 11622
11623 11624 11625
11626 11627 11628
11626 11628 11623
11628 11627 11629
11629 11630 11628
11628 11631 11632
11628 11632 11623
11630 11631 11628
11625 11626 11623
11623 11632 11624
11627 11633 11629
11630 11634 11631
11635 11636 11637
11635 11637 11638
11639 11635 11638
11639 11638 11640
11641 11642 11643
11641 11643 11644
11644 11643 11645
11644 11645 11646
11647 11648 11649
11647 11649 11650
11651 11652 11653
11651 11653 11654
11655 11656 11657
11655 11657 11658
11659 11660 11661
11659 11661 11662
11663 11664 11665
11663 11665 11666
11667 11668 11669
11667 11669 11670
11670 11669 11671
11670 11671 11672
11672 11671 11673
11672 11673 11674
11674 11673 11675
11674 11675 11676
11676 11675 11677
11676 11677 11678
11678 11677 11679
11678 11679 11680
11681 11682 11683
11681 11683 11684
11684 11683 11685
11684 11685 11686
11686 11685 11687
11686 11687 11688
11688 11687 11689
11688 11689 11690
11690 11689 11691
11690 11691 11692
11692 11691 11693
11692 11693 11694
11695 11696 11697
11695 11697 11698
11699 11700 11696
11699 11696 11695
11701 11702 11703
11704 11705 11700
11704 11700 11699
11703 11702 11706
11707 11708 11705
11707 11705 11704
11706 11702 11709
11710 11711 11708
11710 11708 11707
11709 11702 11712
11713 11714 11711
11713 11711 11710
11712 11702 11715
11716 11717 11718
11716 11718 11719
11715 11702 11720
11721 11722 11717
11721 11717 11716
11720 11702 11723
11724 11725 11722
11724 11722 11721
11723 11702 11726
11727 11728 11725
11727 11725 11724
11726 11702 11729
11730 11731 11728
11730 11728 11727
11729 11702 11732
11730 11733 11734
11730 11734 11731
11735 11736 11737
11736 11738 11737
11738 11739 11737
11739 11740 11737
11740 11741 11737
11741 11742 11737
11742 11743 11737
11743 11744 11737
11744 11745 11737
11745 11746 11737
11747 11748 11749
11747 11749 11750
11750 11749 11751
11750 11751 11752
11752 11751 11753
11752 11753 11754
11754 11753 11755
11754 11755 11756
11756 11755 11757
11756 11757 11758
11758 11757 11759
11758 11759 11760
11761 11762 11763
11761 11763 11764
11764 11763 11765
11764 11765 11766
11766 11765 11767
11766 11767 11768
11768 11767 11769
11768 11769 11770
11770 11769 11771
11770 11771 11772
11772 11771 11773
11772 11773 11774
11775 11776 11777
11775 11777 11778
11779 11780 11776
11779 11776 11775
11781 11782 11783
11784 11785 11780
11784 11780 11779
11783 11782 11786
11787 11788 11785
11787 11785 11784
11786 11782 11789
11790 11791 11788
11790 11788 11787
11789 11782 11792
11793 11794 11791
11793 11791 11790
11792 11782 11795
11796 11797 11798
11796 11798 11799
11795 11782 11800
11801 11802 11797
11801 11797 11796
11800 11782 11803
11804 11805 11802
11804 11802 11801
11803 11782 11806
11807 11808 11805
11807 11805 11804
11806 11782 11809
11810 11811 11808
11810 11808 11807
11809 11782 11812
11810 11813 11814
11810 11814 11811
11815 11816 11817
11816 11818 11817
11818 11819 11817
11819 11820 11817
11820 11821 11817
11821 11822 11817
11822 11823 11817
11823 11824 11817
11824 11825 11817
11825 11826 11817
11827 11828 11829
11827 11829 11830
11831 11832 11833
11831 11833 11834
11835 11836 11837
11835 11837 11838
11839 11840 11841
11839 11841 11842
11843 11844 11845
11843 11845 11846
11847 11848 11849
11847 11849 11850
11848 11851 11852
11848 11852 11849
11851 11853 11854
11851 11854 11852
11853 11855 11856
11853 11856 11854
11855 11857 11858
11855 11858 11856
11857 11859 11860
11857 11860 11858
11861 11862 11863
11861 11863 11864
11862 11865 11866
11862 11866 11863
11865 11867 11868
11865 11868 11866
11867 11869 11870
11867 11870 11868
11869 11871 11872
11869 11872 11870
11871 11873 11874
11871 11874 11872
11875 11876 11877
11875 11877 11878
11879 11875 11878
11879 11878 11880
11881 11882 11883
11884 11879 11880
11884 11880 11885
11882 11886 11883
11887 11884 11885
11887 11885 11888
11886 11889 11883
11890 11887 11888
11890 11888 11891
11889 11892 11883
11893 11890 11891
11893 11891 11894
11892 11895 11883
11896 11897 11898
11896 11898 11899
11895 11900 11883
11901 11896 11899
11901 11899 11902
11900 11903 11883
11904 11901 11902
11904 11902 11905
11903 11906 11883
11907 11904 11905
11907 11905 11908
11906 11909 11883
11910 11907 11908
11910 11908 11911
11909 11912 11883
11913 11914 11910
11913 11910 11911
11915 11916 11917
11917 11916 11918
11918 11916 11919
11919 11916 11920
11920 11916 11921
11921 11916 11922
11922 11916 11923
11923 11916 11924
11924 11916 11925
11925 11916 11926
11927 11928 11929
11927 11929 11930
11928 11931 11932
11928 11932 11929
11931 11933 11934
11931 11934 11932
11933 11935 11936
11933 11936 11934
11935 11937 11938
11935 11938 11936
11937 11939 11940
11937 11940 11938
11941 11942 11943
11941 11943 11944
11942 11945 11946
11942 11946 11943
11945 11947 11948
11945 11948 11946
11947 11949 11950
11947 11950 11948
11949 11951 11952
11949 11952 11950
11951 11953 11954
11951 11954 11952
11955 11956 11957
11955 11957 11958
11959 11955 11958
11959 11958 11960
11961 11962 11963
11964 11959 11960
11964 11960 11965
11962 11966 11963
11967 11964 11965
11967 11965 11968
11966 11969 11963
11970 11967 11968
11970 11968 11971
11969 11972 11963
11973 11970 11971
11973 11971 11974
11972 11975 11963
11976 11977 11978
11976 11978 11979
11975 11980 11963
11981 11976 11979
11981 11979 11982
11980 11983 11963
11984 11981 11982
11984 11982 11985
11983 11986 11963
11987 11984 11985
11987 11985 11988
11986 11989 11963
11990 11987 11988
11990 11988 11991
11989 11992 11963
11993 11994 11990
11993 11990 11991
11995 11996 11997
11997 11996 11998
11998 11996 11999
11999 11996 12000
12000 11996 12001
12001 11996 12002
12002 11996 12003
12003 11996 12004
12004 11996 12005
12005 11996 12006
12007 12008 12009
12007 12009 12010
12010 12009 12011
12010 12011 12012
12013 12014 12015
12013 12015 12016
12008 12007 12015
12008 12015 12014
12017 12018 12019
12017 12019 12020
12020 12019 12021
12020 12021 12022
12023 12024 12025
12023 12025 12026
12027 12025 12024
12027 12024 12028
12029 12030 12031
12029 12031 12032
12032 12031 12033
12032 12033 12034
12035 12036 12037
12035 12037 12038
12018 12017 12037
12018 12037 12036
12011 12039 12040
12011 12040 12012
12033 12040 12039
12033 12039 12034
12026 12041 12042
12026 12042 12023
12021 12042 12041
12021 12041 12022
12008 12043 12009
12013 12044 12014
12018 12045 12019
12023 12046 12024
12034 12047 12032
12035 12048 12036
12011 12049 12039
12021 12050 12042
12012 12051 12010
12007 12052 12015
12022 12053 12020
12027 12054 12025
12030 12055 12031
12017 12056 12037
12033 12057 12040
12026 12058 12041
12009 12049 12011
12009 12043 12049
12014 12043 12008
12014 12044 12043
12019 12050 12021
12019 12045 12050
12024 12059 12028
12024 12046 12059
12032 12060 12029
12032 12047 12060
12036 12045 12018
12036 12048 12045
12039 12047 12034
12039 12049 12047
12042 12046 12023
12042 12050 12046
12010 12052 12007
12010 12051 12052
12015 12061 12016
12015 12052 12061
12020 12056 12017
12020 12053 12056
12025 12058 12026
12025 12054 12058
12031 12057 12033
12031 12055 12057
12037 12062 12038
12037 12056 12062
12040 12051 12012
12040 12057 12051
12041 12053 12022
12041 12058 12053
12063 12064 12065
12065 12064 12066
12067 12068 12069
12070 12071 12067
12071 12072 12068
12067 12071 12068
12073 12074 12075
12076 12073 12075
12074 12073 12077
12073 12076 12078
12074 12077 12079
12078 12076 12080
12077 12073 12081
12073 12078 12081
12082 12083 12084
12082 12084 12085
12082 12086 12087
12082 12085 12088
12082 12088 12086
12088 12089 12086
12082 12087 12090
12082 12090 12083
12088 12091 12089
12092 12093 12094
12095 12092 12096
12092 12097 12098
12092 12098 12093
12092 12094 12096
12099 12098 12097
12099 12097 12100
12101 12097 12092
12101 12092 12095
12101 12102 12097
12103 12101 12095
12098 12104 12093
12105 12104 12098
12105 12098 12099
12105 12106 12104
12107 12105 12099
12105 12107 12108
12105 12108 12106
12106 12108 12109
12106 12109 12110
12110 12109 12111
12110 12111 12112
12113 12114 12115
12113 12116 12114
12117 12115 12118
12113 12115 12117
12119 12117 12118
12120 12119 12121
12119 12122 12117
12122 12119 12123
12120 12124 12123
12125 12120 12126
12120 12121 12126
12119 12118 12121
12123 12119 12120
12120 12125 12127
12120 12127 12124
12128 12125 12126
12128 12126 12129
12125 12128 12130
12125 12130 12131
12132 12128 12129
12132 12129 12133
12133 12112 12111
12133 12111 12132
12128 12132 12134
12128 12134 12130
12135 12134 12132
12135 12132 12111
12109 12135 12111
12125 12131 12127
12097 12102 12100
12091 12101 12103
12091 12103 12089
12101 12091 12136
12101 12136 12137
12138 12139 12140
12138 12140 12141
12138 12142 12143
12144 12139 12138
12144 12138 12143
12144 12143 12145
12138 12141 12146
12138 12146 12142
12144 12145 12147
12148 12149 12150
12151 12152 12148
12153 12154 12148
12153 12148 12150
12148 12152 12149
12155 12156 12154
12155 12154 12153
12157 12151 12148
12157 12148 12154
12157 12154 12158
12159 12151 12157
12153 12150 12160
12161 12155 12153
12161 12153 12160
12161 12160 12162
12163 12155 12161
12164 12163 12161
12164 12161 12162
12165 12164 12162
12165 12162 12166
12167 12165 12166
12167 12166 12168
12169 12170 12171
12169 12171 12172
12173 12174 12170
12169 12173 12170
12175 12174 12173
12176 12177 12175
12175 12173 12178
12178 12179 12175
12176 12179 12180
12181 12182 12176
12176 12182 12177
12175 12177 12174
12179 12176 12175
12183 12181 12176
12183 12176 12180
12184 12185 12182
12184 12182 12181
12186 12184 12181
12186 12181 12187
12188 12189 12185
12188 12185 12184
12189 12188 12167
12189 12167 12168
12190 12188 12184
12190 12184 12186
12191 12167 12188
12191 12188 12190
12165 12167 12191
12181 12183 12187
12154 12156 12158
12147 12145 12159
12147 12159 12157
12157 12192 12193
12157 12193 12147
12194 12195 12196
12194 12196 12197
12195 12198 12199
12195 12199 12196
12200 12201 12202
12203 12204 12201
12203 12201 12205
12206 12200 12202
12206 12202 12207
12199 12198 12208
12199 12208 12209
12207 12209 12208
12207 12208 12206
12210 12211 12212
12210 12212 12213
12197 12211 12210
12197 12210 12194
12205 12214 12215
12205 12215 12203
12216 12217 12218
12219 12220 12221
12222 12223 12224
12225 12226 12227
12228 12219 12229
12230 12231 12232
12217 12233 12234
12226 12225 12235
12226 12235 12236
12235 12225 12224
12235 12224 12237
12198 12195 12238
12234 12239 12221
12206 12208 12239
12206 12240 12200
12200 12241 12242
12200 12242 12201
12243 12244 12214
12243 12214 12205
12230 12220 12245
12230 12245 12246
12231 12230 12246
12241 12233 12247
12224 12225 12248
12224 12248 12249
12195 12194 12237
12230 12232 12218
12198 12238 12221
12210 12235 12237
12210 12237 12194
12216 12218 12232
12250 12217 12216
12251 12242 12247
12243 12252 12253
12243 12253 12244
12217 12250 12247
12254 12255 12256
12254 12256 12250
12257 12258 12251
12257 12251 12247
12253 12252 12259
12253 12259 12260
12257 12247 12250
12257 12250 12256
12256 12255 12261
12256 12261 12262
12263 12258 12257
12263 12257 12264
12258 12263 12265
12258 12265 12259
12264 12257 12256
12264 12256 12262
12219 12228 12245
12223 12222 12229
12222 12224 12249
12225 12227 12248
12227 12226 12266
12245 12220 12219
12220 12230 12218
12236 12235 12210
12236 12210 12213
12237 12224 12223
12237 12223 12238
12219 12238 12223
12221 12238 12219
12221 12220 12234
12201 12242 12243
12201 12243 12205
12251 12252 12243
12251 12243 12242
12258 12259 12252
12258 12252 12251
12259 12265 12267
12259 12267 12260
12268 12269 12216
12254 12216 12269
12270 12271 12272
12271 12270 12261
12273 12271 12255
12274 12273 12255
12275 12276 12277
12275 12278 12276
12279 12280 12281
12272 12271 12273
12255 12271 12261
12282 12283 12284
12282 12284 12285
12286 12287 12288
12289 12290 12291
12292 12293 12294
12295 12296 12297
12298 12299 12300
12298 12300 12301
12302 12303 12304
12302 12304 12305
12297 12296 12306
12307 12308 12288
12309 12288 12308
12310 12311 12312
12313 12314 12315
12289 12316 12317
12290 12293 12292
12309 12308 12318
12319 12320 12312
12321 12322 12309
12321 12309 12318
12323 12324 12325
12323 12325 12326
12282 12327 12328
12301 12312 12320
12306 12296 12329
12310 12330 12311
12324 12310 12331
12288 12309 12322
12288 12322 12286
12332 12333 12334
12329 12335 12287
12336 12337 12338
12338 12294 12293
12338 12293 12336
12339 12340 12313
12316 12289 12334
12341 12342 12343
12341 12343 12344
12324 12342 12341
12324 12341 12325
12327 12282 12285
12327 12285 12345
12305 12304 12346
12305 12346 12347
12311 12319 12312
12348 12323 12326
12348 12326 12349
12324 12323 12310
12323 12348 12310
12350 12330 12351
12330 12352 12351
12324 12331 12342
12331 12343 12342
12295 12297 12317
12307 12335 12329
12318 12314 12313
12331 12310 12312
12315 12339 12313
12353 12231 12354
12276 12278 12280
12353 12268 12231
12275 12277 12272
12195 12237 12238
12229 12219 12223
12240 12239 12234
12311 12330 12350
12270 12272 12277
12320 12355 12301
12355 12298 12301
12280 12278 12281
12356 12249 12248
12356 12248 12357
12229 12222 12358
12229 12358 12359
12249 12356 12358
12249 12358 12222
12231 12360 12354
12361 12362 12227
12361 12227 12266
12246 12363 12231
12229 12359 12364
12229 12364 12228
12362 12357 12248
12362 12248 12227
12246 12245 12365
12246 12365 12363
12245 12228 12364
12245 12364 12365
12217 12234 12218
12220 12218 12234
12268 12216 12232
12221 12239 12208
12231 12268 12232
12231 12363 12360
12280 12366 12276
12367 12368 12369
12370 12371 12372
12373 12367 12369
12345 12347 12346
12345 12346 12327
12284 12283 12374
12374 12283 12375
12375 12328 12300
12303 12302 12344
12303 12344 12343
12301 12376 12312
12299 12374 12375
12299 12375 12300
12300 12377 12301
12348 12349 12352
12348 12352 12330
12310 12348 12330
12318 12308 12314
12313 12340 12321
12312 12376 12331
12376 12303 12343
12376 12377 12303
12328 12304 12303
12328 12303 12377
12331 12376 12343
12283 12328 12375
12282 12328 12283
12328 12327 12346
12328 12346 12304
12300 12328 12377
12301 12377 12376
12254 12269 12274
12274 12255 12254
12247 12242 12241
12234 12233 12240
12233 12241 12240
12221 12208 12198
12206 12239 12240
12250 12216 12254
12202 12201 12204
12200 12240 12241
12247 12233 12217
12329 12378 12337
12329 12296 12307
12289 12332 12334
12289 12291 12332
12337 12336 12306
12336 12293 12297
12293 12317 12297
12293 12290 12289
12336 12297 12306
12337 12306 12329
12329 12287 12378
12288 12287 12335
12313 12321 12318
12307 12288 12335
12293 12289 12317
12317 12316 12295
12379 12380 12212
12379 12212 12211
12211 12197 12381
12211 12381 12379
12294 12338 12382
12383 12384 12385
12383 12385 12386
12386 12385 12387
12386 12387 12388
12389 12390 12391
12392 12393 12391
12392 12391 12394
12395 12396 12390
12395 12390 12389
12387 12397 12398
12387 12398 12388
12396 12395 12398
12396 12398 12397
12399 12400 12401
12399 12401 12402
12384 12383 12399
12384 12399 12402
12393 12392 12403
12393 12403 12404
12405 12406 12407
12408 12409 12410
12411 12412 12413
12414 12415 12416
12417 12418 12408
12419 12420 12421
12407 12422 12423
12416 12424 12425
12416 12425 12414
12425 12426 12412
12425 12412 12414
12388 12427 12386
12422 12409 12428
12395 12428 12398
12395 12389 12429
12389 12391 12430
12389 12430 12431
12432 12393 12404
12432 12404 12433
12419 12434 12435
12419 12435 12410
12421 12434 12419
12431 12436 12423
12412 12437 12438
12412 12438 12414
12386 12426 12383
12419 12406 12420
12388 12409 12427
12399 12383 12426
12399 12426 12425
12405 12420 12406
12439 12405 12407
12440 12436 12430
12432 12433 12441
12432 12441 12442
12407 12436 12439
12443 12439 12444
12443 12444 12445
12446 12436 12440
12446 12440 12447
12441 12448 12449
12441 12449 12442
12446 12444 12439
12446 12439 12436
12444 12450 12451
12444 12451 12445
12452 12453 12446
12452 12446 12447
12447 12449 12454
12447 12454 12452
12453 12450 12444
12453 12444 12446
12408 12435 12417
12413 12418 12411
12411 12437 12412
12414 12438 12415
12415 12455 12416
12435 12408 12410
12410 12406 12419
12424 12400 12399
12424 12399 12425
12426 12427 12413
12426 12413 12412
12408 12413 12427
12409 12408 12427
12409 12422 12410
12391 12393 12432
12391 12432 12430
12440 12430 12432
12440 12432 12442
12447 12440 12442
12447 12442 12449
12449 12448 12456
12449 12456 12454
12457 12405 12458
12443 12458 12405
12459 12460 12461
12461 12451 12459
12462 12445 12461
12463 12445 12462
12464 12465 12466
12464 12466 12467
12468 12469 12470
12460 12462 12461
12445 12451 12461
12471 12472 12473
12471 12473 12474
12475 12476 12477
12478 12479 12480
12481 12482 12483
12484 12485 12486
12487 12488 12489
12487 12489 12490
12491 12492 12493
12491 12493 12494
12485 12495 12486
12496 12476 12497
12498 12497 12476
12499 12500 12501
12502 12503 12504
12478 12505 12506
12480 12481 12483
12498 12507 12497
12508 12500 12509
12510 12507 12498
12510 12498 12511
12512 12513 12514
12512 12514 12515
12471 12516 12517
12488 12509 12500
12495 12518 12486
12499 12501 12519
12515 12520 12499
12476 12475 12511
12476 12511 12498
12521 12522 12523
12518 12477 12524
12525 12526 12527
12526 12525 12483
12526 12483 12482
12528 12502 12529
12506 12522 12478
12530 12531 12532
12530 12532 12533
12515 12514 12530
12515 12530 12533
12517 12534 12472
12517 12472 12471
12492 12535 12536
12492 12536 12493
12501 12500 12508
12537 12538 12513
12537 12513 12512
12515 12499 12512
12512 12499 12537
12539 12540 12519
12519 12540 12541
12515 12533 12520
12520 12533 12532
12484 12505 12485
12496 12518 12524
12507 12502 12504
12520 12500 12499
12503 12502 12528
12542 12543 12421
12466 12470 12467
12542 12421 12457
12464 12460 12465
12386 12427 12426
12418 12413 12408
12429 12422 12428
12501 12539 12519
12459 12465 12460
12509 12488 12544
12544 12488 12487
12470 12469 12467
12545 12546 12438
12545 12438 12437
12418 12547 12548
12418 12548 12411
12437 12411 12548
12437 12548 12545
12421 12543 12549
12550 12455 12415
12550 12415 12551
12434 12421 12552
12418 12417 12553
12418 12553 12547
12551 12415 12438
12551 12438 12546
12434 12552 12554
12434 12554 12435
12435 12554 12553
12435 12553 12417
12407 12406 12422
12410 12422 12406
12457 12420 12405
12409 12398 12428
12421 12420 12457
12421 12549 12552
12470 12466 12555
12556 12557 12558
12559 12560 12561
12562 12557 12556
12534 12517 12536
12534 12536 12535
12473 12563 12474
12563 12564 12474
12564 12489 12516
12494 12532 12531
12494 12531 12491
12488 12500 12565
12490 12489 12564
12490 12564 12563
12489 12488 12566
12537 12519 12541
12537 12541 12538
12499 12519 12537
12507 12504 12497
12502 12510 12529
12500 12520 12565
12565 12532 12494
12565 12494 12566
12516 12566 12494
12516 12494 12493
12520 12532 12565
12474 12564 12516
12471 12474 12516
12516 12536 12517
12516 12493 12536
12489 12566 12516
12488 12565 12566
12443 12463 12458
12463 12443 12445
12436 12431 12430
12422 12429 12423
12423 12429 12431
12409 12388 12398
12395 12429 12428
12439 12443 12405
12390 12394 12391
12389 12431 12429
12436 12407 12423
12518 12527 12567
12518 12496 12486
12478 12522 12521
12478 12521 12479
12527 12495 12525
12525 12485 12483
12483 12485 12505
12483 12478 12480
12525 12495 12485
12527 12518 12495
12518 12567 12477
12476 12524 12477
12502 12507 12510
12496 12524 12476
12483 12505 12478
12505 12484 12506
12568 12402 12401
12568 12401 12569
12402 12570 12384
12402 12568 12570
12482 12571 12526
12572 12573 12574
12572 12575 12576
12576 12575 12577
12575 12578 12579
12578 12580 12581
12582 12583 12584
12583 12585 12586
12587 12588 12585
12572 12589 12590
12572 12590 12575
12575 12590 12591
12575 12591 12578
12578 12591 12592
12578 12592 12580
12582 12593 12594
12582 12594 12583
12583 12594 12595
12583 12595 12585
12585 12595 12596
12585 12596 12597
12598 12599 12600
12601 12602 12603
12604 12599 12605
12602 12606 12603
12607 12608 12609
12610 12611 12612
12610 12612 12613
12614 12615 12616
12614 12616 12617
12615 12618 12619
12615 12619 12616
12618 12620 12619
12621 12622 12623
12621 12623 12624
12602 12625 12626
12602 12626 12606
12627 12628 12620
12629 12630 12618
12629 12618 12615
12631 12629 12615
12631 12615 12614
12611 12632 12633
12611 12633 12612
12634 12635 12636
12637 12638 12639
12640 12641 12642
12640 12642 12643
12644 12645 12646
12644 12646 12647
12646 12648 12649
12646 12649 12647
12648 12650 12651
12648 12651 12649
12650 12652 12653
12650 12653 12651
12654 12655 12656
12654 12656 12657
12648 12658 12659
12648 12659 12650
12650 12659 12660
12650 12660 12652
12655 12661 12656
12662 12663 12637
12637 12664 12665
12637 12665 12638
12641 12666 12667
12641 12667 12642
12645 12668 12669
12645 12669 12646
12646 12669 12658
12646 12658 12648
12658 12670 12671
12658 12671 12659
12659 12671 12672
12659 12672 12660
12660 12672 12673
12660 12673 12674
12663 12675 12676
12663 12676 12664
12664 12676 12677
12664 12677 12665
12665 12677 12678
12665 12678 12666
12668 12679 12680
12668 12680 12669
12669 12680 12670
12669 12670 12658
12671 12681 12682
12671 12682 12672
12672 12682 12683
12672 12683 12673
12675 12684 12685
12675 12685 12676
12676 12685 12686
12676 12686 12677
12677 12686 12687
12677 12687 12678
12679 12688 12689
12679 12689 12680
12680 12689 12690
12680 12690 12670
12670 12690 12681
12670 12681 12671
12691 12692 12693
12694 12695 12696
12697 12698 12699
12700 12701 12702
12703 12704 12705
12703 12705 12706
12706 12705 12707
12708 12709 12710
12708 12710 12711
12711 12710 12712
12713 12714 12715
12600 12599 12716
12717 12718 12719
12718 12625 12623
12718 12623 12622
12597 12720 12587
12721 12722 12604
12630 12627 12620
12630 12620 12618
12608 12635 12632
12608 12632 12611
12634 12639 12632
12632 12639 12640
12632 12640 12633
12631 12644 12647
12631 12647 12629
12647 12649 12630
12647 12630 12629
12636 12723 12724
12636 12724 12634
12719 12725 12726
12719 12726 12717
12724 12639 12634
12651 12727 12628
12651 12653 12727
12725 12654 12657
12725 12657 12726
12728 12724 12723
12637 12639 12724
12630 12649 12651
12630 12651 12627
12662 12729 12663
12729 12730 12675
12729 12675 12663
12730 12731 12684
12730 12684 12675
12612 12633 12732
12612 12732 12733
12666 12678 12734
12666 12734 12667
12678 12687 12735
12678 12735 12734
12736 12737 12738
12736 12738 12739
12633 12640 12643
12633 12643 12732
12665 12666 12641
12665 12641 12638
12641 12640 12639
12641 12639 12638
12591 12613 12740
12591 12740 12592
12637 12663 12664
12621 12741 12742
12742 12741 12743
12742 12743 12744
12744 12743 12745
12744 12745 12746
12746 12745 12747
12746 12747 12748
12717 12749 12718
12604 12722 12750
12604 12750 12624
12751 12741 12621
12674 12673 12730
12674 12730 12661
12742 12744 12725
12742 12725 12719
12725 12744 12746
12725 12746 12654
12654 12746 12748
12654 12748 12655
12655 12748 12674
12655 12674 12661
12730 12673 12683
12730 12683 12731
12621 12742 12622
12622 12742 12719
12719 12718 12622
12716 12599 12602
12747 12674 12748
12662 12637 12728
12731 12683 12697
12682 12681 12691
12682 12691 12694
12683 12682 12694
12683 12694 12697
12684 12731 12697
12684 12697 12700
12685 12684 12700
12685 12700 12703
12686 12685 12703
12686 12703 12706
12735 12687 12736
12735 12736 12739
12689 12688 12708
12689 12708 12711
12690 12689 12711
12690 12711 12713
12681 12690 12713
12681 12713 12691
12687 12686 12706
12687 12706 12736
12589 12609 12610
12589 12610 12590
12590 12610 12613
12590 12613 12591
12617 12616 12594
12617 12594 12593
12616 12619 12595
12616 12595 12594
12595 12619 12752
12595 12752 12596
12624 12623 12599
12624 12599 12604
12749 12626 12625
12749 12625 12718
12599 12623 12625
12599 12625 12602
12733 12740 12613
12733 12613 12612
12624 12750 12751
12624 12751 12621
12610 12608 12611
12609 12608 12610
12752 12620 12753
12619 12620 12752
12587 12585 12597
12572 12576 12573
12713 12712 12714
12711 12712 12713
12691 12715 12692
12713 12715 12691
12694 12693 12695
12691 12693 12694
12694 12696 12697
12700 12699 12701
12697 12699 12700
12703 12702 12704
12700 12702 12703
12736 12707 12737
12706 12707 12736
12697 12696 12698
12583 12586 12584
12754 12586 12585
12582 12584 12755
12581 12756 12578
12575 12579 12577
12757 12581 12580
12576 12577 12758
12588 12759 12754
12588 12754 12585
12604 12605 12721
12605 12599 12598
12602 12601 12716
12578 12756 12579
12760 12653 12652
12760 12652 12761
12762 12628 12727
12762 12727 12763
12727 12653 12760
12727 12760 12763
12753 12628 12762
12620 12628 12753
12761 12652 12660
12761 12660 12674
12651 12628 12627
12632 12635 12634
12607 12635 12608
12636 12635 12607
12764 12765 12766
12764 12766 12767
12768 12769 12770
12768 12770 12771
12772 12773 12766
12772 12766 12765
12774 12775 12776
12774 12776 12777
12778 12779 12773
12778 12773 12772
12777 12776 12779
12777 12779 12778
12774 12780 12775
12771 12781 12782
12771 12782 12768
12781 12783 12784
12781 12784 12782
12783 12785 12786
12783 12786 12784
12787 12788 12789
12787 12789 12790
12785 12791 12786
12792 12764 12767
12792 12767 12793
12769 12789 12788
12769 12788 12770
12728 12637 12724
12794 12795 12796
12794 12797 12798
12797 12799 12798
12798 12800 12801
12801 12802 12803
12804 12805 12806
12806 12807 12808
12809 12808 12810
12811 12812 12794
12811 12794 12798
12813 12811 12798
12813 12798 12801
12814 12813 12801
12814 12801 12803
12815 12816 12804
12815 12804 12806
12817 12815 12806
12817 12806 12808
12818 12817 12808
12818 12808 12819
12820 12821 12822
12823 12824 12825
12826 12827 12822
12825 12824 12828
12829 12830 12831
12832 12833 12834
12832 12834 12835
12836 12837 12838
12836 12838 12839
12839 12838 12840
12839 12840 12841
12841 12840 12842
12843 12844 12845
12843 12845 12846
12825 12828 12847
12825 12847 12848
12849 12842 12850
12851 12839 12841
12851 12841 12852
12853 12836 12839
12853 12839 12851
12854 12855 12833
12854 12833 12832
12856 12857 12858
12859 12860 12861
12862 12863 12864
12862 12864 12865
12866 12867 12868
12866 12868 12869
12866 12869 12870
12866 12870 12871
12871 12870 12872
12871 12872 12873
12873 12872 12874
12873 12874 12875
12876 12877 12878
12876 12878 12879
12871 12873 12880
12871 12880 12881
12873 12875 12882
12873 12882 12880
12877 12876 12883
12884 12859 12885
12859 12861 12886
12859 12886 12887
12865 12864 12888
12865 12888 12889
12867 12866 12890
12867 12890 12891
12866 12871 12881
12866 12881 12890
12881 12880 12892
12881 12892 12893
12880 12882 12894
12880 12894 12892
12882 12895 12896
12882 12896 12894
12885 12887 12897
12885 12897 12898
12887 12886 12899
12887 12899 12897
12886 12889 12900
12886 12900 12899
12891 12890 12901
12891 12901 12902
12890 12881 12893
12890 12893 12901
12892 12894 12903
12892 12903 12904
12894 12896 12905
12894 12905 12903
12898 12897 12906
12898 12906 12907
12897 12899 12908
12897 12908 12906
12899 12900 12909
12899 12909 12908
12902 12901 12910
12902 12910 12911
12901 12893 12912
12901 12912 12910
12893 12892 12904
12893 12904 12912
12913 12914 12915
12916 12917 12918
12919 12920 12921
12922 12923 12924
12925 12926 12927
12925 12927 12928
12926 12929 12927
12930 12931 12932
12930 12932 12933
12931 12934 12932
12935 12936 12937
12821 12938 12822
12939 12940 12941
12941 12846 12845
12941 12845 12848
12819 12809 12942
12943 12826 12944
12842 12849 12852
12842 12852 12841
12831 12833 12855
12831 12855 12858
12856 12855 12860
12862 12860 12855
12862 12855 12854
12869 12868 12853
12869 12853 12851
12869 12851 12852
12869 12852 12870
12945 12946 12857
12945 12857 12856
12947 12948 12940
12947 12940 12939
12945 12856 12860
12872 12850 12949
12872 12949 12874
12879 12878 12948
12879 12948 12947
12950 12946 12945
12859 12945 12860
12872 12870 12852
12872 12852 12849
12884 12885 12951
12951 12885 12898
12951 12898 12952
12952 12898 12907
12952 12907 12953
12832 12954 12955
12832 12955 12854
12889 12888 12956
12889 12956 12900
12900 12956 12957
12900 12957 12909
12958 12959 12960
12958 12960 12961
12854 12955 12863
12854 12863 12862
12865 12889 12886
12865 12886 12861
12865 12861 12860
12865 12860 12862
12813 12814 12962
12813 12962 12835
12859 12887 12885
12843 12963 12964
12965 12964 12963
12965 12963 12966
12967 12965 12966
12967 12966 12968
12969 12967 12968
12969 12968 12970
12939 12941 12971
12972 12944 12826
12972 12826 12844
12973 12843 12964
12895 12883 12952
12895 12952 12896
12963 12940 12948
12963 12948 12966
12968 12966 12948
12968 12948 12878
12970 12968 12878
12970 12878 12877
12895 12970 12877
12895 12877 12883
12905 12896 12952
12905 12952 12953
12843 12846 12963
12846 12940 12963
12940 12846 12941
12938 12825 12822
12969 12970 12895
12884 12950 12859
12953 12919 12905
12903 12916 12913
12903 12913 12904
12905 12919 12916
12905 12916 12903
12907 12922 12919
12907 12919 12953
12906 12925 12922
12906 12922 12907
12908 12926 12925
12908 12925 12906
12957 12959 12958
12957 12958 12909
12910 12931 12930
12910 12930 12911
12912 12935 12931
12912 12931 12910
12904 12913 12935
12904 12935 12912
12909 12958 12926
12909 12926 12908
12834 12830 12812
12834 12812 12811
12835 12834 12811
12835 12811 12813
12837 12816 12815
12837 12815 12838
12838 12815 12817
12838 12817 12840
12974 12840 12817
12974 12817 12818
12844 12826 12822
12844 12822 12845
12848 12847 12971
12848 12971 12941
12848 12845 12822
12848 12822 12825
12835 12962 12954
12835 12954 12832
12844 12843 12973
12844 12973 12972
12834 12833 12831
12830 12834 12831
12974 12975 12842
12840 12974 12842
12809 12819 12808
12794 12796 12797
12935 12937 12934
12931 12935 12934
12913 12915 12936
12935 12913 12936
12916 12918 12914
12913 12916 12914
12916 12919 12917
12922 12924 12920
12919 12922 12920
12925 12928 12923
12922 12925 12923
12958 12961 12929
12926 12958 12929
12919 12921 12917
12806 12805 12807
12976 12808 12807
12804 12977 12805
12802 12801 12978
12798 12799 12800
12979 12803 12802
12797 12980 12799
12976 12981 12810
12976 12810 12808
12826 12943 12827
12827 12820 12822
12825 12938 12823
12801 12800 12978
12875 12874 12982
12875 12982 12983
12949 12850 12984
12949 12984 12985
12949 12985 12982
12949 12982 12874
12975 12984 12850
12842 12975 12850
12882 12875 12983
12882 12983 12895
12872 12849 12850
12855 12856 12858
12829 12831 12858
12857 12829 12858
12986 12987 12988
12986 12988 12989
12990 12991 12992
12990 12992 12993
12994 12987 12986
12994 12986 12995
12996 12997 12998
12996 12998 12999
13000 12994 12995
13000 12995 13001
12997 13000 13001
12997 13001 12998
12996 12999 13002
12993 12992 13003
12993 13003 13004
13004 13003 13005
13004 13005 13006
13006 13005 13007
13006 13007 13008
13009 13010 13011
13009 13011 13012
13008 13007 13013
12989 12988 13014
12989 13014 13015
13012 13011 12991
13012 12991 12990
12950 12945 12859
13016 13017 13018
13016 13018 13019
13020 13021 13022
13023 13024 13022
13023 13022 13025
13026 13027 13028
13026 13028 13029
13030 13031 13032
13033 13034 13035
13036 13037 13038
13036 13038 13039
13031 13040 13032
13041 13042 13035
13041 13035 13034
13043 13044 13017
13043 13017 13045
13036 13017 13044
13036 13044 13042
13037 13036 13042
13037 13042 13041
13046 13035 13042
13046 13042 13044
13040 13031 13047
13040 13047 13048
13016 13019 13030
13049 13046 13044
13049 13044 13043
13050 13051 13052
13022 13053 13020
13020 13054 13026
13026 13055 13056
13026 13056 13027
13043 13052 13051
13043 13051 13049
13057 13058 13059
13060 13061 13062
13060 13062 13063
13024 13060 13063
13024 13063 13064
13053 13022 13024
13053 13024 13064
13065 13066 13058
13065 13058 13057
13067 13033 13035
13035 13046 13068
13035 13068 13067
13046 13049 13062
13046 13062 13068
13051 13050 13064
13051 13064 13063
13069 13053 13050
13053 13069 13070
13053 13070 13054
13054 13070 13059
13054 13059 13055
13055 13059 13058
13055 13058 13056
13049 13051 13063
13049 13063 13062
13031 13030 13019
13031 13019 13047
13018 13039 13047
13018 13047 13019
13039 13038 13048
13039 13048 13047
13018 13017 13036
13018 13036 13039
13045 13052 13043
13016 13045 13017
13071 13065 13057
13028 13027 13072
13028 13072 13073
13072 13027 13056
13072 13056 13074
13074 13056 13058
13074 13058 13066
13026 13029 13020
13075 13076 13077
13075 13077 13078
13079 13080 13081
13082 13083 13080
13082 13080 13084
13085 13086 13087
13085 13087 13088
13089 13090 13091
13092 13093 13094
13095 13096 13097
13095 13097 13098
13091 13090 13099
13100 13094 13093
13100 13093 13101
13102 13103 13078
13102 13078 13104
13095 13101 13104
13095 13104 13078
13098 13100 13101
13098 13101 13095
13105 13104 13101
13105 13101 13093
13099 13106 13107
13099 13107 13091
13075 13089 13076
13108 13102 13104
13108 13104 13105
13109 13110 13111
13080 13079 13112
13079 13085 13113
13079 13113 13114
13085 13088 13115
13085 13115 13113
13102 13108 13111
13102 13111 13110
13116 13117 13118
13119 13120 13121
13119 13121 13122
13084 13123 13120
13084 13120 13119
13112 13123 13084
13112 13084 13080
13124 13116 13118
13124 13118 13125
13126 13093 13092
13093 13126 13127
13093 13127 13105
13105 13127 13121
13105 13121 13108
13111 13120 13123
13111 13123 13109
13128 13109 13123
13128 13123 13112
13112 13114 13128
13114 13113 13117
13114 13117 13129
13118 13117 13113
13118 13113 13115
13108 13121 13120
13108 13120 13111
13091 13107 13076
13091 13076 13089
13077 13076 13107
13077 13107 13096
13096 13107 13106
13096 13106 13097
13077 13096 13095
13077 13095 13078
13103 13102 13110
13075 13078 13103
13130 13116 13124
13087 13131 13132
13087 13132 13088
13115 13088 13132
13115 13132 13133
13118 13115 13133
13118 13133 13125
13085 13079 13086
4523 4522 4521
4523 4521 4524
6208 6209 6212
6208 6212 6211
6516 6518 6526
6559 6561 6571
13134 13135 13136
13137 13138 13139
13137 13139 13140
13137 13141 13142
13137 13142 13138
13143 13134 13139
13143 13139 13138
13138 13142 13144
13138 13144 13143
13145 13146 13147
13145 13147 13148
13146 13149 13150
13146 13150 13147
13149 13151 13152
13149 13152 13150
13153 13154 13152
13153 13152 13151
13153 13155 13156
13153 13156 13154
13155 13157 13158
13155 13158 13156
13159 13160 13158
13159 13158 13157
13161 13162 13160
13161 13160 13159
13161 13163 13164
13161 13164 13162
13165 13166 13164
13165 13164 13163
13165 13167 13168
13165 13168 13166
13169 13170 13148
13169 13148 13147
13171 13169 13147
13171 13147 13150
13172 13171 13150
13172 13150 13152
13173 13172 13152
13173 13152 13154
13173 13174 13175
13176 13175 13174
13176 13174 13177
13178 13176 13177
13178 13177 13179
13180 13178 13179
13180 13179 13181
13182 13180 13181
13182 13181 13183
13184 13182 13183
13184 13183 13185
13184 13185 13186
13184 13186 13187
13188 13170 13189
13190 13171 13191
13191 13172 13192
13192 13172 13193
13194 13195 13173
13194 13173 13175
13196 13194 13175
13196 13175 13176
13196 13176 13178
13196 13178 13197
13197 13198 13199
13200 13201 13202
13200 13202 13203
13204 13137 13188
13141 13137 13205
13206 13207 13208
13206 13208 13209
13208 13191 13192
13210 13211 13192
13210 13192 13193
13212 13213 13195
13212 13195 13194
13214 13212 13194
13214 13194 13196
13215 13216 13217
13215 13217 13218
13219 13220 13221
13219 13221 13218
13222 13141 13205
13222 13205 13223
13222 13224 13225
13226 13227 13210
13226 13210 13213
13228 13229 13230
13228 13230 13231
13232 13233 13234
13232 13234 13235
13236 13237 13228
13238 13226 13228
13239 13227 13226
13239 13226 13238
13240 13241 13231
13240 13231 13242
13243 13240 13242
13243 13242 13232
13243 13232 13235
13243 13235 13244
13213 13212 13229
13213 13229 13226
13245 13190 13207
13245 13207 13246
13190 13191 13208
13190 13208 13207
13236 13228 13231
13236 13231 13241
13247 13248 13201
13247 13201 13198
13249 13217 13250
13196 13250 13251
13196 13251 13214
13252 13253 13233
13252 13233 13254
13255 13252 13254
13255 13254 13230
13218 13217 13249
13218 13249 13219
13221 13256 13215
13221 13215 13218
13217 13251 13250
13217 13216 13251
13198 13201 13200
13198 13200 13199
13202 13201 13248
13202 13248 13257
13178 13247 13198
13197 13178 13198
13181 13179 13160
13181 13160 13162
13183 13181 13162
13183 13162 13164
13185 13183 13164
13185 13164 13166
13186 13185 13166
13186 13166 13168
13177 13174 13156
13177 13156 13158
13154 13156 13174
13173 13154 13174
13179 13177 13158
13179 13158 13160
13258 13204 13188
13258 13188 13189
13206 13246 13207
13208 13211 13209
13209 13211 13259
13209 13259 13260
13260 13225 13206
13260 13206 13209
13245 13246 13258
13245 13258 13189
13170 13169 13189
13169 13190 13245
13190 13169 13171
13169 13245 13189
13137 13140 13188
13210 13193 13195
13210 13195 13213
13191 13171 13172
13208 13192 13211
13172 13173 13193
13173 13195 13193
13261 13260 13259
13227 13259 13211
13227 13211 13210
13261 13259 13239
13239 13259 13227
13206 13225 13224
13206 13224 13246
13261 13225 13260
13246 13224 13223
13246 13223 13258
13223 13205 13204
13205 13137 13204
13223 13204 13258
13222 13223 13224
13222 13225 13261
13262 13263 13264
13265 13266 13267
13265 13267 13268
13269 13270 13265
13269 13265 13268
13267 13262 13271
13267 13271 13268
13272 13269 13268
13272 13268 13271
13273 13274 13275
13273 13275 13276
13277 13278 13274
13277 13274 13273
13279 13280 13278
13279 13278 13277
13281 13280 13279
13281 13279 13282
13283 13284 13281
13283 13281 13282
13285 13286 13284
13285 13284 13283
13287 13286 13285
13287 13285 13288
13289 13287 13288
13289 13288 13290
13291 13292 13289
13291 13289 13290
13293 13292 13291
13293 13291 13294
13295 13296 13293
13295 13293 13294
13276 13297 13298
13276 13298 13273
13273 13298 13299
13273 13299 13277
13277 13299 13300
13277 13300 13279
13279 13300 13301
13279 13301 13282
13301 13302 13303
13303 13302 13304
13303 13304 13305
13305 13304 13306
13305 13306 13307
13307 13306 13308
13307 13308 13309
13309 13308 13310
13309 13310 13311
13311 13310 13312
13311 13312 13313
13312 13314 13315
13312 13315 13313
13316 13317 13297
13318 13319 13299
13319 13320 13300
13320 13321 13300
13301 13322 13323
13301 13323 13302
13302 13323 13324
13302 13324 13304
13324 13325 13306
13324 13306 13304
13325 13326 13327
13328 13329 13330
13328 13330 13331
13332 13316 13265
13270 13333 13265
13334 13335 13336
13334 13336 13337
13334 13320 13319
13320 13338 13339
13320 13339 13321
13322 13340 13341
13322 13341 13323
13323 13341 13342
13323 13342 13324
13343 13344 13345
13343 13345 13346
13347 13348 13349
13347 13349 13346
13350 13351 13270
13350 13352 13353
13339 13354 13355
13339 13355 13340
13356 13357 13358
13356 13358 13359
13360 13361 13362
13360 13362 13363
13364 13356 13365
13366 13365 13356
13367 13366 13355
13367 13355 13354
13357 13368 13369
13357 13369 13370
13370 13369 13371
13370 13371 13360
13371 13372 13361
13371 13361 13360
13359 13341 13340
13359 13340 13355
13373 13374 13335
13373 13335 13318
13318 13335 13334
13318 13334 13319
13357 13356 13364
13357 13364 13368
13331 13375 13376
13331 13376 13327
13377 13378 13343
13379 13378 13324
13379 13324 13342
13363 13380 13381
13363 13381 13382
13382 13381 13383
13382 13383 13358
13377 13343 13346
13377 13346 13349
13347 13346 13345
13347 13345 13384
13343 13378 13379
13343 13379 13344
13328 13331 13327
13328 13327 13326
13375 13331 13330
13375 13330 13385
13306 13327 13376
13325 13327 13306
13288 13307 13309
13288 13309 13290
13290 13309 13311
13290 13311 13291
13291 13311 13313
13291 13313 13294
13294 13313 13315
13294 13315 13295
13283 13303 13305
13283 13305 13285
13282 13303 13283
13301 13303 13282
13285 13305 13307
13285 13307 13288
13386 13317 13316
13386 13316 13332
13336 13335 13374
13334 13337 13338
13337 13387 13388
13337 13388 13338
13336 13352 13387
13336 13387 13337
13386 13374 13373
13386 13373 13317
13297 13317 13298
13298 13373 13318
13318 13299 13298
13298 13317 13373
13265 13316 13266
13322 13321 13339
13322 13339 13340
13319 13300 13299
13334 13338 13320
13300 13321 13301
13301 13321 13322
13389 13388 13387
13338 13388 13354
13338 13354 13339
13389 13367 13388
13367 13354 13388
13336 13374 13353
13336 13353 13352
13389 13387 13352
13351 13353 13374
13351 13374 13386
13351 13332 13333
13333 13332 13265
13351 13386 13332
13350 13353 13351
13350 13389 13352
13390 13391 13392
13390 13392 13393
13394 13395 13396
13394 13396 13397
13398 13399 13400
13398 13400 13401
13402 13403 13404
13402 13404 13405
13406 13407 13408
13406 13408 13409
13410 13411 13412
13410 13412 13413
13414 13415 13416
13414 13416 13417
13418 13419 13420
13418 13420 13421
13422 13423 13424
13422 13424 13425
13426 13427 13428
13426 13428 13429
13430 13431 13432
13430 13432 13433
13434 13435 13436
13434 13436 13437
13438 13421 13420
13438 13420 13439
13440 13441 13442
13440 13442 13443
13444 13445 13446
13444 13446 13447
13448 13449 13450
13448 13450 13451
13452 13453 13454
13452 13454 13455
13456 13457 13458
13456 13458 13459
13460 13461 13462
13460 13462 13463
13464 13465 13466
13464 13466 13467
13468 13469 13470
13468 13470 13471
13472 13473 13474
13472 13474 13475
13476 13477 13478
13476 13478 13479
13480 13481 13482
13480 13482 13483
13483 13482 13484
13483 13484 13485
13485 13484 13486
13485 13486 13487
13487 13486 13488
13487 13488 13489
13490 13491 13492
13490 13492 13493
13493 13492 13494
13493 13494 13495
13495 13494 13496
13495 13496 13497
13497 13496 13498
13497 13498 13499
13500 13501 13502
13500 13502 13503
13504 13505 13501
13504 13501 13500
13506 13507 13505
13506 13505 13504
13508 13509 13507
13508 13507 13506
13510 13511 13509
13510 13509 13508
13512 13513 13511
13512 13511 13510
13514 13515 13513
13514 13513 13512
13503 13502 13515
13503 13515 13514
13402 13401 13400
13402 13400 13403
13516 13426 13429
13516 13429 13517
13465 13460 13463
13465 13463 13466
13394 13405 13404
13394 13404 13395
13427 13430 13433
13427 13433 13428
13453 13464 13467
13453 13467 13454
13414 13397 13396
13414 13396 13415
13431 13422 13425
13431 13425 13432
13477 13452 13455
13477 13455 13478
13406 13417 13416
13406 13416 13407
13423 13440 13443
13423 13443 13424
13469 13476 13479
13469 13479 13470
13410 13409 13408
13410 13408 13411
13441 13434 13437
13441 13437 13442
13472 13468 13471
13472 13471 13473
13393 13413 13412
13393 13412 13390
13435 13438 13439
13435 13439 13436
13475 13474 13449
13475 13449 13448
13518 13519 13520
13518 13520 13521
13522 13523 13519
13522 13519 13518
13524 13525 13523
13524 13523 13522
13526 13527 13528
13526 13528 13529
13530 13531 13527
13530 13527 13526
13532 13533 13531
13532 13531 13530
13521 13520 13534
13521 13534 13535
13536 13537 13533
13536 13533 13532
13538 13539 13540
13538 13540 13541
13542 13543 13544
13542 13544 13545
13546 13547 13548
13546 13548 13549
13550 13551 13552
13550 13552 13553
13554 13555 13556
13554 13556 13557
13558 13559 13560
13558 13560 13561
13562 13563 13564
13562 13564 13565
13566 13567 13568
13566 13568 13569
13570 13566 13569
13570 13569 13571
13572 13570 13571
13572 13571 13573
13574 13572 13573
13574 13573 13575
13576 13574 13575
13576 13575 13577
13578 13576 13577
13578 13577 13579
13580 13578 13579
13580 13579 13581
13567 13580 13581
13567 13581 13568
13549 13548 13551
13549 13551 13550
13553 13552 13543
13553 13543 13542
13545 13544 13563
13545 13563 13562
13565 13564 13555
13565 13555 13554
13557 13556 13558
13557 13558 13561
13559 13538 13541
13559 13541 13560
13582 13583 13584
13582 13584 13585
13585 13584 13586
13585 13586 13587
13588 13589 13590
13588 13590 13591
13591 13590 13583
13591 13583 13582
13592 13593 13594
13594 13593 13595
13596 13593 13597
13597 13593 13592
13598 13599 13600
13601 13599 13598
13602 13599 13603
13600 13599 13602
13604 13605 13606
13604 13606 13607
13605 13608 13609
13605 13609 13606
13610 13611 13612
13610 13612 13613
13611 13604 13607
13611 13607 13612
13614 13615 13616
13615 13617 13616
13618 13619 13616
13619 13614 13616
13620 13621 13622
13623 13620 13622
13624 13625 13622
13621 13624 13622
13626 13627 13628
13626 13628 13629
13629 13628 13630
13629 13630 13631
13631 13630 13632
13631 13632 13633
13633 13632 13634
13633 13634 13635
13635 13634 13636
13635 13636 13637
13637 13636 13638
13637 13638 13639
13640 13641 13642
13640 13642 13643
13644 13640 13643
13644 13643 13645
13646 13644 13645
13646 13645 13647
13648 13646 13647
13648 13647 13649
13650 13648 13649
13650 13649 13651
13652 13650 13651
13652 13651 13653
13654 13655 13656
13654 13656 13657
13658 13659 13660
13658 13660 13661
13662 13663 13655
13662 13655 13654
13661 13660 13664
13661 13664 13665
13666 13667 13663
13666 13663 13662
13665 13664 13668
13665 13668 13669
13670 13671 13667
13670 13667 13666
13669 13668 13672
13669 13672 13673
13674 13675 13671
13674 13671 13670
13673 13672 13676
13673 13676 13677
13678 13679 13675
13678 13675 13674
13677 13676 13680
13677 13680 13681
13682 13683 13684
13682 13684 13685
13683 13686 13687
13683 13687 13684
13686 13688 13689
13686 13689 13687
13688 13690 13691
13688 13691 13689
13690 13692 13693
13690 13693 13691
13692 13694 13695
13692 13695 13693
13696 13697 13698
13696 13698 13699
13700 13701 13697
13700 13697 13696
13702 13703 13701
13702 13701 13700
13704 13705 13703
13704 13703 13702
13706 13707 13705
13706 13705 13704
13708 13709 13707
13708 13707 13706
13710 13711 13712
13710 13712 13713
13714 13715 13716
13714 13716 13717
13718 13710 13713
13718 13713 13719
13715 13720 13721
13715 13721 13716
13722 13718 13719
13722 13719 13723
13720 13724 13725
13720 13725 13721
13726 13722 13723
13726 13723 13727
13724 13728 13729
13724 13729 13725
13730 13726 13727
13730 13727 13731
13728 13732 13733
13728 13733 13729
13734 13730 13731
13734 13731 13735
13732 13736 13737
13732 13737 13733
13738 13739 13740
13738 13741 13739
13738 13742 13741
13738 13743 13742
13738 13744 13743
13740 13739 13745
13740 13745 13746
13739 13741 13747
13739 13747 13745
13741 13742 13748
13741 13748 13747
13742 13743 13749
13742 13749 13748
13743 13744 13750
13743 13750 13749
13746 13745 13751
13746 13751 13752
13745 13747 13753
13745 13753 13751
13747 13748 13754
13747 13754 13753
13748 13749 13755
13748 13755 13754
13749 13750 13756
13749 13756 13755
13752 13751 13757
13752 13757 13758
13751 13753 13759
13751 13759 13757
13753 13754 13760
13753 13760 13759
13754 13755 13761
13754 13761 13760
13755 13756 13762
13755 13762 13761
13763 13758 13757
13763 13757 13759
13763 13759 13760
13763 13760 13761
13763 13761 13762
13764 13765 13766
13764 13766 13767
13764 13767 13768
13764 13768 13769
13764 13769 13770
13765 13771 13772
13765 13772 13766
13766 13772 13773
13766 13773 13767
13767 13773 13774
13767 13774 13768
13768 13774 13775
13768 13775 13769
13769 13775 13776
13769 13776 13770
13771 13777 13778
13771 13778 13772
13772 13778 13779
13772 13779 13773
13773 13779 13780
13773 13780 13774
13774 13780 13781
13774 13781 13775
13775 13781 13782
13775 13782 13776
13777 13783 13784
13777 13784 13778
13778 13784 13785
13778 13785 13779
13779 13785 13786
13779 13786 13780
13780 13786 13787
13780 13787 13781
13781 13787 13788
13781 13788 13782
13789 13784 13783
13789 13785 13784
13789 13786 13785
13789 13787 13786
13789 13788 13787
13790 13791 13792
13790 13792 13793
13794 13795 13796
13794 13796 13797
13798 13799 13800
13798 13800 13801
13802 13803 13804
13802 13804 13805
13802 13792 13791
13802 13791 13803
13806 13798 13801
13806 13801 13807
13807 13790 13793
13807 13793 13806
13808 13805 13804
13808 13804 13809
13810 13811 13812
13813 13812 13814
13810 13812 13813
13811 13815 13812
13816 13812 13815
13814 13812 13817
13818 13819 13820
13821 13822 13819
13818 13821 13819
13820 13819 13823
13824 13823 13819
13822 13825 13819
13826 13827 13828
13826 13828 13829
13830 13831 13832
13830 13832 13833
13834 13835 13836
13834 13836 13837
13838 13839 13840
13838 13840 13841
13842 13843 13835
13842 13835 13834
13844 13845 13846
13844 13846 13847
13848 13849 13850
13848 13850 13851
13852 13853 13854
13852 13854 13855
13856 13857 13858
13856 13858 13859
13855 13854 13858
13855 13858 13857
13854 13853 13847
13848 13851 13860
13861 13829 13828
13861 13828 13862
13844 13847 13853
13844 13853 13852
13854 13847 13846
13854 13846 13858
13863 13864 13865
13863 13865 13866
13867 13868 13869
13867 13869 13870
13871 13872 13873
13871 13873 13874
13875 13876 13877
13875 13877 13878
13872 13876 13875
13872 13875 13873
13873 13866 13874
13867 13879 13868
13865 13871 13874
13865 13874 13866
13873 13875 13863
13873 13863 13866
13880 13881 13882
13880 13882 13883
13884 13885 13886
13884 13886 13887
13888 13889 13859
13888 13859 13890
13891 13892 13889
13891 13889 13850
13893 13888 13890
13893 13890 13894
13878 13895 13896
13878 13896 13897
13895 13898 13899
13895 13899 13869
13897 13896 13900
13897 13900 13901
13892 13856 13859
13892 13859 13889
13878 13877 13898
13878 13898 13895
13826 13880 13883
13826 13883 13827
13842 13884 13887
13842 13887 13843
13890 13859 13858
13890 13858 13846
13894 13890 13846
13894 13846 13845
13875 13878 13897
13875 13897 13863
13863 13897 13901
13863 13901 13864
13881 13833 13832
13881 13832 13882
13885 13838 13841
13885 13841 13886
13851 13850 13889
13851 13889 13888
13893 13860 13851
13893 13851 13888
13895 13869 13868
13895 13868 13896
13896 13868 13879
13896 13879 13900
13891 13850 13849
13869 13899 13870
13902 13903 13904
13905 13906 13907
13905 13907 13908
13909 13910 13911
13911 13910 13912
13913 13914 13915
13913 13915 13916
13910 13917 13918
13910 13918 13912
13919 13920 13915
13919 13915 13914
13921 13922 13907
13921 13907 13906
13923 13903 13924
13911 13912 13925
13926 13927 13928
13926 13928 13929
13923 13904 13903
13930 13931 13932
13933 13934 13935
13933 13935 13936
13937 13938 13939
13938 13940 13939
13941 13942 13943
13941 13943 13944
13939 13940 13945
13939 13945 13946
13941 13947 13948
13941 13948 13942
13935 13949 13950
13935 13950 13936
13951 13952 13932
13938 13953 13940
13954 13955 13956
13954 13956 13957
13951 13932 13931
13958 13959 13960
13958 13960 13961
13962 13960 13963
13964 13965 13966
13964 13966 13967
13968 13969 13967
13968 13967 13966
13969 13968 13959
13969 13959 13958
13960 13959 13970
13960 13970 13971
13968 13966 13972
13968 13972 13973
13966 13965 13974
13966 13974 13972
13959 13968 13973
13959 13973 13970
13975 13976 13977
13978 13979 13977
13978 13977 13976
13980 13981 13982
13980 13982 13983
13965 13964 13984
13965 13984 13985
13981 13980 13979
13981 13979 13978
13978 13976 13986
13978 13986 13987
13976 13988 13986
13965 13985 13989
13965 13989 13974
13982 13981 13990
13982 13990 13991
13981 13978 13987
13981 13987 13990
13992 13993 13994
13992 13994 13995
13996 13997 13998
13996 13998 13999
14000 14001 14002
14000 14002 14003
13998 14004 14005
13998 14005 13999
14004 14006 14007
14004 14007 14005
13994 13993 14007
13994 14007 14006
14008 14009 14010
14008 14010 14011
14003 14002 14010
14003 14010 14009
14012 14013 14014
14012 14014 14015
14013 14012 14008
14013 14008 14011
13963 14016 14017
13963 14017 13962
13962 14018 14019
13962 14019 13961
14019 14020 13958
14019 13958 13961
13969 14021 14022
13969 14022 13967
14022 14023 13964
14022 13964 13967
14021 13969 13958
14021 13958 14020
13970 14024 14025
13970 14025 13971
14025 14026 13963
14025 13963 13971
13974 14027 14028
13974 14028 13972
14028 14029 13973
14028 13973 13972
13973 14029 14024
13973 14024 13970
13979 14030 14031
13979 14031 13977
14031 14032 13975
14031 13975 13977
13964 14023 14033
13964 14033 13984
14034 14035 13980
14034 13980 13983
13980 14035 14030
13980 14030 13979
13975 14036 14037
13975 14037 13988
13988 14038 14039
13988 14039 13986
14039 14040 13987
14039 13987 13986
13990 14041 14042
13990 14042 13991
14027 13974 13989
14027 13989 14043
14041 13990 13987
14041 13987 14040
14014 14044 14015
13995 14045 13992
13962 13961 13960
13960 13971 13963
13975 13988 13976
13963 14026 14016
14017 14018 13962
14037 14038 13988
13975 14032 14036
14046 14047 14048
14046 14048 14049
14050 14051 14048
14052 14053 14054
14052 14054 14055
14056 14054 14053
14056 14053 14057
14057 14046 14049
14057 14049 14056
14048 14058 14059
14048 14059 14049
14056 14060 14061
14056 14061 14054
14054 14061 14062
14054 14062 14055
14049 14059 14060
14049 14060 14056
14063 14064 14065
14066 14065 14064
14066 14064 14067
14068 14069 14070
14068 14070 14071
14055 14072 14073
14055 14073 14052
14071 14066 14067
14071 14067 14068
14066 14074 14075
14066 14075 14065
14065 14075 14076
14055 14062 14077
14055 14077 14072
14070 14078 14079
14070 14079 14071
14071 14079 14074
14071 14074 14066
14080 14081 14082
14080 14082 14083
14084 14085 14086
14084 14086 14087
14088 14089 14090
14088 14090 14091
14086 14085 14092
14086 14092 14093
14094 14095 14093
14094 14093 14092
14080 14095 14094
14080 14094 14081
14096 14097 14098
14096 14098 14099
14089 14099 14098
14089 14098 14090
14100 14101 14102
14100 14102 14103
14096 14100 14103
14096 14103 14097
14051 14050 14104
14051 14104 14105
14050 14047 14106
14050 14106 14107
14046 14108 14106
14046 14106 14047
14057 14053 14109
14057 14109 14110
14052 14111 14109
14052 14109 14053
14110 14108 14046
14110 14046 14057
14059 14058 14112
14059 14112 14113
14051 14114 14112
14051 14112 14058
14062 14061 14115
14062 14115 14116
14060 14117 14115
14060 14115 14061
14060 14059 14113
14060 14113 14117
14067 14064 14118
14067 14118 14119
14063 14120 14118
14063 14118 14064
14052 14073 14121
14052 14121 14111
14068 14122 14123
14068 14123 14069
14068 14067 14119
14068 14119 14122
14063 14076 14124
14063 14124 14125
14076 14075 14126
14076 14126 14127
14074 14128 14126
14074 14126 14075
14079 14078 14129
14079 14129 14130
14116 14131 14077
14116 14077 14062
14130 14128 14074
14130 14074 14079
14102 14101 14132
14083 14082 14133
14050 14048 14047
14048 14051 14058
14063 14065 14076
14051 14105 14114
14104 14050 14107
14124 14076 14127
14063 14125 14120
14134 14135 14136
14134 14136 14137
14138 14136 14139
14140 14141 14142
14140 14142 14143
14144 14145 14143
14144 14143 14142
14145 14144 14135
14145 14135 14134
14136 14135 14146
14136 14146 14147
14144 14142 14148
14144 14148 14149
14142 14141 14150
14142 14150 14148
14135 14144 14149
14135 14149 14146
14151 14152 14153
14154 14155 14153
14154 14153 14152
14156 14157 14158
14156 14158 14159
14141 14140 14160
14141 14160 14161
14157 14156 14155
14157 14155 14154
14154 14152 14162
14154 14162 14163
14152 14164 14162
14141 14161 14165
14141 14165 14150
14158 14157 14166
14158 14166 14167
14157 14154 14163
14157 14163 14166
14168 14169 14170
14168 14170 14171
14172 14173 14174
14172 14174 14175
14176 14177 14178
14176 14178 14179
14174 14180 14181
14174 14181 14175
14180 14182 14183
14180 14183 14181
14170 14169 14183
14170 14183 14182
14184 14185 14186
14184 14186 14187
14179 14178 14186
14179 14186 14185
14188 14189 14190
14188 14190 14191
14189 14188 14184
14189 14184 14187
14139 14192 14193
14139 14193 14138
14138 14194 14195
14138 14195 14137
14195 14196 14134
14195 14134 14137
14145 14197 14198
14145 14198 14143
14198 14199 14140
14198 14140 14143
14197 14145 14134
14197 14134 14196
14146 14200 14201
14146 14201 14147
14201 14202 14139
14201 14139 14147
14150 14203 14204
14150 14204 14148
14204 14205 14149
14204 14149 14148
14149 14205 14200
14149 14200 14146
14155 14206 14207
14155 14207 14153
14207 14208 14151
14207 14151 14153
14140 14199 14209
14140 14209 14160
14210 14211 14156
14210 14156 14159
14156 14211 14206
14156 14206 14155
14151 14212 14213
14151 14213 14164
14164 14214 14215
14164 14215 14162
14215 14216 14163
14215 14163 14162
14166 14217 14218
14166 14218 14167
14203 14150 14165
14203 14165 14219
14217 14166 14163
14217 14163 14216
14190 14220 14191
14171 14221 14168
14138 14137 14136
14136 14147 14139
14151 14164 14152
14139 14202 14192
14193 14194 14138
14213 14214 14164
14151 14208 14212
14222 14223 14224
14222 14224 14225
14226 14227 14224
14228 14229 14230
14228 14230 14231
14232 14230 14229
14232 14229 14233
14233 14222 14225
14233 14225 14232
14224 14234 14235
14224 14235 14225
14232 14236 14237
14232 14237 14230
14230 14237 14238
14230 14238 14231
14225 14235 14236
14225 14236 14232
14239 14240 14241
14242 14241 14240
14242 14240 14243
14244 14245 14246
14244 14246 14247
14231 14248 14249
14231 14249 14228
14247 14242 14243
14247 14243 14244
14242 14250 14251
14242 14251 14241
14241 14251 14252
14231 14238 14253
14231 14253 14248
14246 14254 14255
14246 14255 14247
14247 14255 14250
14247 14250 14242
14256 14257 14258
14256 14258 14259
14260 14261 14262
14260 14262 14263
14264 14265 14266
14264 14266 14267
14262 14261 14268
14262 14268 14269
14270 14271 14269
14270 14269 14268
14256 14271 14270
14256 14270 14257
14272 14273 14274
14272 14274 14275
14265 14275 14274
14265 14274 14266
14276 14277 14278
14276 14278 14279
14272 14276 14279
14272 14279 14273
14227 14226 14280
14227 14280 14281
14226 14223 14282
14226 14282 14283
14222 14284 14282
14222 14282 14223
14233 14229 14285
14233 14285 14286
14228 14287 14285
14228 14285 14229
14286 14284 14222
14286 14222 14233
14235 14234 14288
14235 14288 14289
14227 14290 14288
14227 14288 14234
14238 14237 14291
14238 14291 14292
14236 14293 14291
14236 14291 14237
14236 14235 14289
14236 14289 14293
14243 14240 14294
14243 14294 14295
14239 14296 14294
14239 14294 14240
14228 14249 14297
14228 14297 14287
14244 14298 14299
14244 14299 14245
14244 14243 14295
14244 14295 14298
14239 14252 14300
14239 14300 14301
14252 14251 14302
14252 14302 14303
14250 14304 14302
14250 14302 14251
14255 14254 14305
14255 14305 14306
14292 14307 14253
14292 14253 14238
14306 14304 14250
14306 14250 14255
14278 14277 14308
14259 14258 14309
14226 14224 14223
14224 14227 14234
14239 14241 14252
14227 14281 14290
14280 14226 14283
14300 14252 14303
14239 14301 14296
14310 14311 14312
14313 14314 14315
14313 14315 14316
14317 14318 14319
14319 14318 14320
14321 14322 14323
14321 14323 14324
14318 14325 14326
14318 14326 14320
14327 14328 14323
14327 14323 14322
14329 14330 14315
14329 14315 14314
14331 14311 14332
14319 14320 14333
14334 14335 14336
14334 14336 14337
14331 14312 14311
14338 14339 14340
14341 14342 14343
14341 14343 14344
14345 14346 14347
14346 14348 14347
14349 14350 14351
14349 14351 14352
14347 14348 14353
14347 14353 14354
14349 14355 14356
14349 14356 14350
14343 14357 14358
14343 14358 14344
14359 14360 14340
14346 14361 14348
14362 14363 14364
14362 14364 14365
14359 14340 14339
14366 14367 14368
14366 14368 14369
14370 14371 14372
14370 14372 14373
14374 14375 14376
14374 14376 14377
14378 14379 14380
14378 14380 14381
14382 14383 14384
14382 14384 14385
14386 14387 14374
14386 14374 14377
14371 14388 14389
14390 14391 14392
14390 14392 14393
14373 14394 14395
14369 14368 14396
14369 14396 14394
14397 14391 14390
14397 14390 14398
14373 14395 14399
14373 14399 14400
14401 14388 14370
14401 14370 14402
14395 14403 14404
14395 14404 14399
14372 14371 14405
14372 14405 14406
14369 14372 14406
14369 14406 14366
14400 14402 14370
14400 14370 14373
14407 14380 14379
14407 14379 14408
14382 14407 14408
14382 14408 14383
14409 14410 14376
14409 14376 14375
14386 14411 14412
14386 14412 14387
14413 14414 14415
14413 14415 14416
14409 14417 14410
14401 14418 14388
14388 14419 14389
14381 14420 14378
14389 14405 14371
14418 14419 14388
14371 14370 14388
14393 14392 14415
14393 14415 14414
14394 14396 14403
14394 14403 14395
14373 14372 14394
14372 14369 14394
14421 14422 14423
14421 14423 14424
14425 14426 14427
14425 14427 14428
14429 14430 14431
14429 14431 14432
14433 14434 14435
14433 14435 14436
14437 14438 14439
14437 14439 14440
14429 14441 14442
14429 14442 14430
14428 14443 14444
14445 14446 14447
14445 14447 14448
14426 14449 14450
14451 14423 14422
14451 14422 14450
14447 14446 14452
14447 14452 14453
14426 14454 14455
14426 14455 14449
14425 14444 14456
14425 14456 14457
14458 14459 14449
14458 14449 14455
14460 14428 14427
14460 14427 14461
14461 14427 14422
14461 14422 14421
14425 14457 14454
14425 14454 14426
14436 14435 14462
14436 14462 14463
14463 14462 14439
14463 14439 14438
14431 14464 14465
14431 14465 14432
14466 14467 14442
14466 14442 14441
14468 14469 14470
14468 14470 14471
14465 14464 14472
14456 14444 14473
14444 14443 14474
14434 14433 14475
14443 14428 14460
14473 14444 14474
14428 14444 14425
14468 14445 14448
14468 14448 14469
14459 14451 14450
14459 14450 14449
14426 14450 14427
14427 14450 14422
14476 14477 14478
14479 14478 14477
14480 14481 14482
14480 14482 14483
14484 14485 14486
14484 14486 14487
14486 14485 14488
14486 14488 14489
14490 14491 14492
14490 14492 14477
14493 14494 14495
14493 14495 14496
14497 14498 14490
14497 14490 14476
14499 14476 14478
14500 14497 14476
14500 14476 14499
14501 14502 14503
14501 14503 14504
14505 14506 14507
14508 14494 14493
14508 14493 14509
14499 14510 14511
14512 14479 14505
14512 14505 14513
14499 14511 14514
14499 14514 14500
14490 14498 14515
14490 14515 14491
14479 14512 14478
14516 14477 14492
14483 14517 14518
14483 14518 14480
14504 14496 14495
14504 14495 14501
14487 14519 14520
14487 14520 14484
14517 14521 14522
14517 14522 14518
14523 14520 14519
14523 14519 14524
14525 14526 14527
14525 14527 14528
14506 14505 14479
14506 14479 14516
14505 14529 14513
14523 14524 14530
14523 14530 14531
14525 14528 14482
14525 14482 14481
14505 14507 14529
14499 14478 14510
14476 14490 14477
14512 14510 14478
14516 14479 14477
14532 14533 14534
14535 14534 14533
14536 14537 14538
14536 14538 14539
14540 14541 14542
14540 14542 14543
14544 14543 14542
14544 14542 14545
14546 14547 14548
14546 14548 14534
14549 14550 14551
14549 14551 14552
14553 14532 14548
14553 14548 14554
14555 14533 14532
14556 14555 14532
14556 14532 14553
14557 14558 14559
14557 14559 14560
14561 14562 14563
14551 14550 14564
14551 14564 14565
14555 14566 14567
14561 14535 14568
14561 14568 14569
14555 14556 14570
14555 14570 14566
14571 14554 14548
14571 14548 14547
14535 14533 14568
14572 14546 14534
14573 14574 14537
14573 14537 14536
14549 14552 14560
14549 14560 14559
14575 14576 14541
14575 14541 14540
14577 14578 14574
14577 14574 14573
14579 14580 14576
14579 14576 14575
14581 14582 14583
14581 14583 14584
14535 14561 14563
14535 14563 14572
14561 14569 14585
14586 14580 14579
14586 14579 14587
14538 14582 14581
14538 14581 14539
14561 14585 14562
14555 14567 14533
14532 14534 14548
14568 14533 14567
14572 14534 14535
14588 14589 14590
14588 14591 14589
14592 14593 14594
14592 14595 14596
14592 14596 14593
14591 14588 14593
14591 14593 14596
14588 14590 14597
14598 14599 14589
14599 14600 14589
14589 14591 14601
14602 14603 14604
14605 14606 14607
14601 14591 14596
14601 14596 14607
14596 14595 14604
14596 14604 14607
14608 14609 14610
14608 14610 14611
14612 14613 14609
14613 14614 14609
14613 14615 14616
14613 14612 14617
14613 14617 14615
14618 14619 14615
14618 14615 14617
14619 14620 14621
14622 14623 14609
14624 14625 14626
14612 14609 14626
14625 14627 14626
14628 14629 14630
14618 14617 14630
14618 14630 14631
14617 14612 14626
14617 14626 14630
14632 14633 14634
14632 14634 14635
14636 14637 14638
14636 14638 14639
14640 14641 14642
14643 14608 14611
14644 14632 14635
14644 14635 14645
14634 14633 14646
14634 14646 14647
14648 14636 14639
14648 14639 14649
14650 14651 14652
14650 14652 14653
14654 14644 14645
14654 14645 14655
14656 14657 14658
14656 14658 14659
14653 14652 14660
14653 14660 14661
14662 14663 14664
14664 14665 14662
14665 14666 14662
14667 14668 14608
14640 14669 14641
14669 14670 14641
14643 14667 14608
14671 14589 14641
14671 14641 14670
14624 14626 14609
14647 14646 14663
14647 14663 14662
14588 14597 14593
14616 14615 14672
14613 14616 14614
14593 14597 14673
14619 14674 14615
14594 14593 14673
14615 14674 14672
14590 14589 14671
14609 14614 14610
14619 14621 14674
14661 14660 14648
14661 14648 14649
14626 14627 14630
14630 14627 14628
14601 14606 14598
14598 14589 14601
14651 14650 14675
14607 14606 14601
14607 14603 14605
14604 14603 14607
14630 14629 14631
14631 14629 14676
14659 14638 14637
14659 14637 14656
14589 14600 14677
14609 14623 14624
14678 14658 14657
14678 14657 14679
14642 14641 14677
14608 14668 14622
14622 14609 14608
14589 14677 14641
14680 14681 14682
14680 14682 14683
14684 14685 14686
14684 14686 14687
14684 14687 14688
14683 14687 14686
14683 14686 14680
14680 14689 14681
14690 14682 14691
14691 14682 14692
14682 14693 14683
14694 14695 14696
14697 14698 14699
14687 14683 14693
14687 14693 14698
14687 14698 14695
14687 14695 14688
14700 14701 14702
14700 14702 14703
14704 14703 14705
14705 14703 14706
14705 14707 14708
14705 14708 14709
14705 14709 14704
14710 14709 14708
14710 14708 14711
14711 14712 14713
14714 14703 14715
14716 14717 14718
14704 14717 14703
14718 14717 14719
14720 14721 14722
14710 14723 14721
14710 14721 14709
14709 14721 14717
14709 14717 14704
14724 14725 14726
14724 14726 14727
14728 14729 14730
14728 14730 14731
14732 14733 14734
14735 14701 14700
14736 14737 14725
14736 14725 14724
14738 14727 14726
14738 14726 14739
14740 14741 14729
14740 14729 14728
14742 14743 14744
14742 14744 14745
14737 14736 14746
14737 14746 14747
14748 14749 14750
14748 14750 14751
14752 14744 14743
14752 14743 14753
14754 14755 14756
14756 14757 14754
14756 14758 14757
14759 14700 14760
14732 14734 14761
14761 14734 14762
14735 14700 14759
14734 14682 14763
14734 14763 14762
14716 14703 14717
14739 14756 14755
14739 14755 14738
14680 14686 14689
14707 14764 14708
14705 14706 14707
14686 14765 14689
14711 14708 14766
14685 14765 14686
14708 14764 14766
14681 14763 14682
14703 14702 14706
14711 14766 14712
14753 14741 14740
14753 14740 14752
14717 14721 14719
14721 14720 14719
14693 14690 14699
14690 14693 14682
14745 14767 14742
14698 14693 14699
14698 14697 14696
14695 14698 14696
14721 14723 14722
14723 14768 14722
14731 14730 14749
14731 14749 14748
14682 14769 14692
14703 14716 14715
14751 14750 14770
14751 14770 14771
14733 14769 14734
14700 14714 14760
14714 14700 14703
14682 14734 14769
14772 14773 14774
14772 14774 14775
14776 14777 14778
14774 14779 14775
14780 14781 14782
14780 14782 14783
14784 14785 14786
14784 14786 14787
14781 14780 14787
14781 14787 14786
14788 14789 14790
14788 14790 14791
14792 14793 14794
14795 14796 14793
14797 14798 14799
14797 14799 14800
14798 14801 14799
14802 14803 14804
14802 14804 14805
14803 14797 14800
14803 14800 14804
14806 14801 14807
14808 14809 14810
14808 14810 14811
14812 14813 14814
14815 14782 14781
14816 14782 14817
14818 14819 14785
14815 14781 14820
14821 14799 14801
14822 14800 14823
14822 14824 14800
14825 14805 14826
14775 14780 14783
14775 14783 14772
14827 14784 14787
14827 14787 14777
14780 14775 14777
14780 14777 14787
14801 14798 14790
14797 14791 14790
14797 14790 14798
14791 14797 14803
14791 14803 14793
14802 14794 14793
14802 14793 14803
14810 14809 14828
14810 14828 14829
14830 14812 14814
14830 14814 14831
14832 14833 14834
14832 14834 14835
14836 14837 14838
14836 14838 14839
14840 14841 14842
14843 14844 14801
14806 14843 14801
14821 14823 14799
14829 14828 14845
14829 14845 14846
14847 14830 14831
14847 14831 14848
14824 14804 14800
14824 14826 14804
14786 14849 14820
14781 14786 14820
14819 14849 14786
14819 14786 14785
14805 14804 14826
14796 14791 14793
14796 14788 14791
14779 14777 14775
14779 14778 14777
14846 14845 14850
14846 14850 14851
14834 14847 14848
14834 14848 14835
14794 14852 14792
14776 14827 14777
14792 14795 14793
14853 14854 14855
14853 14855 14856
14857 14858 14808
14857 14808 14811
14790 14789 14859
14801 14790 14859
14783 14782 14860
14783 14860 14861
14862 14773 14772
14862 14772 14863
14838 14858 14857
14838 14857 14839
14841 14864 14842
14801 14859 14807
14844 14821 14801
14856 14862 14863
14856 14863 14853
14783 14861 14863
14783 14863 14772
14861 14860 14865
14853 14861 14865
14863 14861 14853
14860 14866 14865
14865 14867 14868
14865 14868 14869
14853 14865 14869
14853 14869 14854
14860 14816 14866
14866 14867 14865
14864 14813 14870
14864 14870 14842
14840 14871 14841
14812 14870 14813
14816 14860 14782
14815 14817 14782
14800 14799 14823
14872 14873 14874
14872 14874 14875
14876 14877 14878
14872 14875 14879
14880 14881 14882
14880 14882 14883
14884 14885 14886
14884 14886 14887
14883 14886 14885
14883 14885 14880
14888 14889 14890
14888 14890 14891
14892 14893 14894
14895 14894 14896
14897 14898 14899
14897 14899 14900
14900 14899 14901
14902 14903 14904
14902 14904 14905
14905 14904 14898
14905 14898 14897
14906 14907 14901
14908 14909 14910
14908 14910 14911
14912 14913 14914
14915 14883 14882
14916 14917 14882
14918 14887 14919
14915 14920 14883
14921 14901 14899
14922 14923 14898
14922 14898 14924
14925 14926 14903
14875 14874 14881
14875 14881 14880
14927 14878 14885
14927 14885 14884
14880 14885 14878
14880 14878 14875
14901 14890 14900
14897 14900 14890
14897 14890 14889
14889 14894 14905
14889 14905 14897
14902 14905 14894
14902 14894 14893
14928 14911 14910
14928 14910 14929
14930 14931 14913
14930 14913 14912
14932 14933 14934
14932 14934 14935
14936 14937 14938
14936 14938 14939
14940 14941 14942
14943 14901 14944
14906 14901 14943
14921 14899 14923
14945 14928 14929
14945 14929 14946
14947 14948 14931
14947 14931 14930
14924 14898 14904
14924 14904 14926
14886 14920 14949
14883 14920 14886
14919 14886 14949
14919 14887 14886
14903 14926 14904
14896 14894 14889
14896 14889 14888
14879 14875 14878
14879 14878 14877
14950 14945 14946
14950 14946 14951
14932 14935 14948
14932 14948 14947
14893 14892 14952
14876 14878 14927
14892 14894 14895
14953 14954 14955
14953 14955 14956
14908 14957 14958
14908 14958 14909
14890 14959 14891
14901 14959 14890
14881 14960 14961
14881 14961 14882
14962 14963 14874
14962 14874 14873
14938 14937 14958
14938 14958 14957
14942 14941 14964
14901 14907 14959
14944 14901 14921
14956 14955 14963
14956 14963 14962
14963 14960 14881
14963 14881 14874
14960 14965 14961
14955 14965 14960
14963 14955 14960
14961 14965 14966
14965 14967 14968
14965 14968 14969
14955 14954 14967
14955 14967 14965
14961 14966 14916
14966 14965 14969
14964 14970 14914
14964 14941 14970
14940 14942 14971
14912 14914 14970
14916 14882 14961
14915 14882 14917
14898 14923 14899
14972 14973 14974
14972 14974 14975
14973 14976 14977
14973 14977 14974
14976 14978 14977
14979 14980 14981
14982 14983 14984
14982 14984 14985
14986 14987 14985
14986 14985 14984
14988 14989 14990
14988 14990 14991
14983 14982 14991
14983 14991 14990
14992 14993 14994
14992 14994 14995
14996 14995 14994
14996 14994 14997
14996 14997 14998
14999 14998 15000
15001 15002 15003
15001 15003 15004
15002 15005 15006
15002 15006 15003
15007 15008 15009
15007 15009 15010
15008 15001 15004
15008 15004 15009
15011 15012 15013
15011 15013 15014
15015 15016 15017
15015 15017 15018
15019 15020 15021
15019 15021 15022
15023 15024 15025
15026 14986 15027
15028 14983 15029
15006 15005 15030
15031 15030 15032
15031 15032 15033
15034 15035 15004
15034 15004 15003
15036 15010 15037
14977 14982 14985
14977 14985 14974
14987 14975 14974
14987 14974 14985
14981 14988 14991
14981 14991 15038
14982 14977 15038
14982 15038 14991
14975 14987 15039
15040 15039 15041
15040 15041 15042
14993 15005 15002
14993 15002 14994
15001 14997 14994
15001 14994 15002
14997 15001 15008
14997 15008 15000
15007 15043 15000
15007 15000 15008
14983 15028 15044
14983 15044 14984
14989 15045 14990
15046 15006 15030
15046 15030 15047
15006 15046 15034
15006 15034 15003
15004 15048 15009
14975 15039 15049
14975 15049 14972
15050 15032 14993
15050 14993 14992
15014 15051 15052
15014 15052 15011
15053 15041 14986
15053 14986 15026
15051 15015 15018
15051 15018 15052
15016 15054 15055
15016 15055 15017
15056 15020 15019
15056 15019 15057
15058 15025 15059
15060 15061 15062
15060 15062 15063
15062 15064 15065
15062 15065 15063
15054 15066 15067
15054 15067 15055
15031 15047 15030
15040 15049 15039
15032 15050 15033
15041 15053 15042
15005 15032 15030
14987 15041 15039
14987 14986 15041
15005 14993 15032
15000 15068 14999
15038 14978 15069
14997 15000 14998
14978 15038 14977
15064 15058 15059
15064 15059 15065
14990 15070 15029
14983 14990 15029
15004 15035 15048
15048 15037 15009
14981 15038 14979
15000 15043 15068
15038 15069 14979
15066 15071 15072
15066 15072 15067
14989 15073 15045
15045 15070 14990
15010 15009 15037
14984 15044 15027
14986 14984 15027
15056 15057 15024
15023 15056 15024
15058 15023 15025
15074 15075 15076
15074 15076 15077
15077 15076 15078
15077 15078 15079
15079 15078 15080
15081 15082 15083
15084 15085 15086
15084 15086 15087
15088 15086 15085
15088 15085 15089
15090 15091 15092
15090 15092 15093
15087 15092 15091
15087 15091 15084
15094 15095 15096
15094 15096 15097
15098 15099 15096
15098 15096 15095
15098 15100 15099
15101 15102 15100
15103 15104 15105
15103 15105 15106
15106 15105 15107
15106 15107 15108
15109 15110 15111
15109 15111 15112
15112 15111 15104
15112 15104 15103
15113 15114 15115
15113 15115 15116
15117 15118 15119
15117 15119 15120
15121 15122 15123
15121 15123 15124
15125 15126 15127
15128 15129 15088
15130 15131 15087
15107 15132 15108
15133 15134 15135
15133 15135 15132
15104 15136 15137
15104 15137 15105
15138 15139 15110
15078 15076 15085
15078 15085 15084
15089 15085 15076
15089 15076 15075
15082 15140 15091
15082 15091 15090
15084 15091 15140
15084 15140 15078
15075 15141 15089
15142 15143 15144
15142 15144 15141
15097 15096 15106
15097 15106 15108
15103 15106 15096
15103 15096 15099
15099 15102 15112
15099 15112 15103
15109 15112 15102
15109 15102 15145
15087 15086 15146
15087 15146 15130
15093 15092 15147
15132 15107 15148
15132 15148 15149
15107 15105 15137
15107 15137 15148
15104 15111 15150
15075 15074 15151
15075 15151 15141
15097 15135 15152
15097 15152 15094
15114 15113 15153
15114 15153 15154
15088 15144 15155
15088 15155 15128
15154 15153 15118
15154 15118 15117
15120 15119 15156
15120 15156 15157
15158 15159 15123
15158 15123 15122
15160 15161 15126
15162 15163 15164
15162 15164 15165
15162 15165 15166
15162 15166 15167
15157 15156 15168
15157 15168 15169
15133 15132 15149
15142 15141 15151
15135 15134 15152
15144 15143 15155
15108 15132 15135
15089 15141 15144
15089 15144 15088
15108 15135 15097
15102 15101 15170
15140 15171 15080
15099 15100 15102
15080 15078 15140
15167 15166 15161
15167 15161 15160
15092 15131 15172
15087 15131 15092
15104 15150 15136
15150 15111 15139
15082 15081 15140
15102 15170 15145
15140 15081 15171
15169 15168 15173
15169 15173 15174
15093 15147 15175
15147 15092 15172
15110 15139 15111
15086 15129 15146
15088 15129 15086
15158 15127 15159
15125 15127 15158
15160 15126 15125
15176 15177 15178
15176 15178 15179
15179 15178 15180
15179 15180 15181
15181 15180 15182
15181 15182 15183
15183 15182 15184
15183 15184 15185
15185 15184 15186
15185 15186 15187
15187 15186 15188
15187 15188 15189
15190 15191 15192
15190 15192 15193
15194 15190 15193
15194 15193 15195
15196 15194 15195
15196 15195 15197
15198 15196 15197
15198 15197 15199
15200 15198 15199
15200 15199 15201
15202 15200 15201
15202 15201 15203
15204 15205 15206
15204 15206 15207
15208 15209 15210
15208 15210 15211
15212 15213 15205
15212 15205 15204
15211 15210 15214
15211 15214 15215
15216 15217 15213
15216 15213 15212
15215 15214 15218
15215 15218 15219
15220 15221 15217
15220 15217 15216
15219 15218 15222
15219 15222 15223
15224 15225 15221
15224 15221 15220
15223 15222 15226
15223 15226 15227
15228 15229 15225
15228 15225 15224
15227 15226 15230
15227 15230 15231
15232 15233 15234
15232 15234 15235
15233 15236 15237
15233 15237 15234
15236 15238 15239
15236 15239 15237
15238 15240 15241
15238 15241 15239
15240 15242 15243
15240 15243 15241
15242 15244 15245
15242 15245 15243
15246 15247 15248
15246 15248 15249
15250 15251 15247
15250 15247 15246
15252 15253 15251
15252 15251 15250
15254 15255 15253
15254 15253 15252
15256 15257 15255
15256 15255 15254
15258 15259 15257
15258 15257 15256
15260 15261 15262
15260 15262 15263
15264 15265 15266
15264 15266 15267
15268 15260 15263
15268 15263 15269
15265 15270 15271
15265 15271 15266
15272 15268 15269
15272 15269 15273
15270 15274 15275
15270 15275 15271
15276 15272 15273
15276 15273 15277
15274 15278 15279
15274 15279 15275
15280 15276 15277
15280 15277 15281
15278 15282 15283
15278 15283 15279
15284 15280 15281
15284 15281 15285
15282 15286 15287
15282 15287 15283
15288 15289 15290
15288 15290 15291
15288 15291 15292
15288 15292 15293
15294 15293 15292
15294 15292 15295
15296 15297 15298
15296 15298 15299
15300 15299 15298
15300 15298 15301
15302 15303 15304
15296 15294 15295
15296 15295 15297
15302 15305 15306
15302 15304 15305
15304 15303 15307
15307 15303 15308
15309 15310 15311
15309 15312 15313
15309 15313 15310
15310 15314 15311
15314 15315 15311
15316 15317 15318
15319 15320 15321
15319 15321 15322
15323 15324 15325
15326 15327 15328
15326 15328 15329
15330 15331 15332
15330 15332 15333
15334 15335 15336
15334 15336 15337
15338 15339 15323
15338 15323 15325
15340 15341 15342
15338 15343 15344
15345 15346 15347
15345 15347 15325
15330 15327 15326
15330 15326 15331
15348 15349 15342
15350 15351 15328
15325 15347 15343
15325 15343 15338
15343 15352 15353
15343 15353 15354
15346 15355 15347
15354 15353 15356
15354 15356 15357
15347 15352 15343
15358 15348 15342
15358 15342 15359
15322 15321 15360
15322 15360 15344
15322 15354 15357
15322 15357 15319
15317 15361 15362
15363 15327 15330
15364 15365 15328
15364 15328 15363
15366 15367 15368
15369 15370 15371
15358 15372 15348
15364 15363 15373
15356 15374 15359
15356 15359 15357
15366 15375 15376
15377 15378 15379
15366 15368 15333
15362 15380 15375
15362 15375 15318
15361 15335 15334
15341 15319 15342
15359 15342 15319
15359 15319 15357
15381 15382 15369
15381 15369 15371
15372 15337 15381
15383 15358 15359
15383 15359 15374
15384 15380 15385
15384 15385 15383
15372 15358 15383
15373 15363 15368
15373 15368 15367
15378 15318 15379
15378 15316 15318
15318 15375 15366
15318 15366 15379
15376 15375 15380
15376 15380 15384
15361 15334 15362
15341 15320 15319
15348 15386 15349
15360 15339 15338
15360 15338 15344
15343 15354 15344
15354 15322 15344
15372 15381 15371
15324 15345 15325
15324 15387 15345
15342 15349 15340
15337 15336 15382
15337 15382 15381
15334 15385 15380
15334 15380 15362
15334 15337 15385
15385 15372 15383
15328 15327 15363
15328 15351 15329
15350 15328 15365
15350 15365 15388
15337 15372 15385
15317 15362 15318
15366 15376 15367
15333 15332 15377
15333 15377 15379
15333 15368 15330
15366 15333 15379
15363 15330 15368
15347 15355 15352
15389 15390 15391
15392 15393 15394
15392 15394 15395
15396 15397 15398
15399 15400 15401
15399 15401 15402
15403 15404 15405
15403 15405 15406
15407 15408 15409
15407 15409 15410
15396 15411 15412
15396 15412 15397
15413 15414 15415
15412 15416 15417
15418 15397 15419
15418 15419 15420
15399 15402 15405
15399 15405 15404
15421 15414 15422
15423 15401 15424
15397 15412 15417
15397 15417 15419
15417 15425 15426
15417 15426 15427
15420 15419 15428
15425 15429 15430
15425 15430 15426
15419 15417 15427
15431 15432 15414
15431 15414 15421
15433 15394 15393
15433 15393 15416
15429 15425 15393
15429 15393 15392
15391 15434 15435
15436 15405 15402
15437 15436 15401
15437 15401 15438
15439 15440 15441
15442 15443 15444
15431 15421 15445
15437 15446 15436
15432 15447 15430
15432 15430 15429
15439 15448 15449
15450 15451 15452
15439 15406 15440
15449 15453 15434
15449 15434 15390
15435 15409 15408
15415 15414 15392
15392 15414 15432
15392 15432 15429
15442 15454 15455
15442 15455 15443
15445 15455 15410
15432 15431 15456
15432 15456 15447
15457 15453 15458
15457 15458 15456
15445 15456 15431
15440 15436 15446
15440 15446 15441
15452 15451 15390
15452 15390 15389
15439 15449 15390
15439 15390 15451
15453 15449 15448
15453 15448 15458
15435 15434 15409
15415 15392 15395
15421 15422 15459
15433 15416 15412
15433 15412 15411
15417 15416 15425
15425 15416 15393
15445 15443 15455
15398 15397 15418
15398 15418 15460
15414 15413 15422
15454 15407 15410
15454 15410 15455
15453 15457 15409
15453 15409 15434
15409 15457 15410
15457 15456 15445
15401 15436 15402
15401 15400 15424
15438 15401 15423
15438 15423 15461
15410 15457 15445
15391 15390 15434
15439 15441 15448
15406 15451 15450
15406 15450 15403
15406 15405 15440
15439 15451 15406
15436 15440 15405
15419 15427 15428
15462 15463 15464
15465 15466 15467
15465 15467 15468
15469 15470 15471
15472 15473 15474
15472 15474 15475
15472 15476 15477
15472 15477 15478
15479 15480 15481
15479 15481 15482
15483 15484 15469
15485 15486 15475
15487 15488 15468
15487 15468 15489
15490 15479 15487
15476 15491 15492
15476 15492 15477
15483 15490 15493
15483 15493 15494
15495 15496 15497
15495 15497 15498
15486 15499 15491
15486 15491 15476
15500 15501 15492
15502 15500 15491
15493 15503 15504
15493 15504 15494
15493 15490 15487
15493 15487 15505
15501 15506 15496
15507 15472 15478
15508 15509 15510
15497 15511 15512
15513 15497 15506
15487 15489 15505
15514 15515 15488
15462 15464 15516
15462 15516 15517
15518 15519 15520
15521 15519 15518
15521 15518 15522
15523 15524 15525
15526 15519 15527
15470 15528 15471
15520 15519 15526
15520 15526 15504
15474 15529 15475
15486 15476 15475
15530 15511 15513
15531 15532 15512
15498 15533 15510
15498 15510 15495
15521 15522 15516
15521 15516 15464
15482 15514 15488
15482 15488 15479
15505 15534 15503
15505 15503 15493
15535 15508 15533
15512 15536 15537
15512 15537 15498
15476 15472 15475
15507 15473 15472
15490 15480 15479
15479 15488 15487
15483 15471 15480
15483 15480 15490
15526 15484 15483
15525 15538 15484
15525 15484 15527
15527 15484 15526
15467 15466 15539
15467 15539 15531
15540 15511 15489
15541 15507 15478
15524 15542 15538
15524 15538 15525
15528 15480 15471
15528 15481 15480
15463 15523 15525
15463 15525 15464
15464 15525 15527
15464 15527 15521
15515 15468 15488
15478 15510 15509
15478 15509 15541
15529 15485 15475
15529 15543 15485
15533 15537 15544
15533 15544 15535
15515 15465 15468
15519 15521 15527
15542 15545 15538
15505 15530 15534
15530 15505 15511
15513 15511 15497
15506 15497 15496
15470 15469 15545
15469 15484 15538
15483 15469 15471
15545 15469 15538
15502 15491 15499
15477 15492 15496
15477 15496 15495
15500 15492 15491
15492 15501 15496
15478 15477 15495
15478 15495 15510
15540 15467 15531
15508 15510 15533
15498 15537 15533
15536 15546 15537
15532 15547 15536
15489 15468 15467
15489 15511 15505
15489 15467 15540
15497 15512 15498
15512 15511 15540
15531 15512 15540
15536 15548 15549
15536 15547 15548
15536 15549 15550
15536 15550 15551
15536 15551 15552
15536 15552 15546
15537 15546 15544
15483 15494 15526
15494 15504 15526
15539 15547 15532
15539 15532 15531
15512 15532 15536
15553 15554 15555
15556 15557 15558
15556 15558 15559
15560 15561 15562
15563 15564 15565
15563 15565 15566
15565 15567 15568
15565 15568 15569
15570 15571 15572
15570 15572 15573
15574 15560 15575
15576 15566 15577
15578 15579 15557
15578 15557 15580
15581 15578 15572
15569 15568 15582
15569 15582 15583
15584 15581 15574
15584 15574 15585
15586 15587 15588
15586 15588 15589
15577 15569 15583
15577 15583 15590
15591 15582 15592
15593 15583 15591
15594 15595 15584
15594 15584 15585
15584 15596 15578
15584 15578 15581
15592 15589 15597
15598 15567 15565
15599 15600 15601
15588 15602 15603
15604 15597 15588
15578 15596 15579
15605 15580 15606
15607 15554 15553
15607 15553 15608
15609 15610 15611
15609 15611 15612
15609 15612 15613
15614 15615 15616
15617 15618 15611
15562 15561 15619
15610 15594 15617
15610 15617 15611
15563 15566 15620
15577 15566 15569
15621 15604 15603
15622 15602 15623
15600 15624 15587
15600 15587 15586
15607 15613 15612
15607 15612 15554
15573 15572 15580
15573 15580 15605
15596 15584 15595
15596 15595 15625
15626 15624 15599
15627 15628 15602
15627 15602 15587
15569 15566 15565
15598 15565 15564
15581 15572 15571
15572 15578 15580
15571 15561 15574
15571 15574 15581
15617 15574 15575
15615 15618 15575
15615 15575 15629
15618 15617 15575
15558 15622 15630
15558 15630 15559
15631 15579 15603
15632 15567 15598
15616 15615 15629
15616 15629 15633
15619 15561 15571
15619 15571 15570
15555 15554 15615
15555 15615 15614
15554 15612 15618
15554 15618 15615
15606 15580 15557
15567 15632 15601
15567 15601 15600
15620 15566 15576
15620 15576 15634
15624 15626 15635
15624 15635 15627
15606 15557 15556
15611 15618 15612
15633 15629 15636
15596 15625 15621
15621 15603 15596
15604 15588 15603
15597 15589 15588
15562 15636 15560
15560 15629 15575
15574 15561 15560
15636 15629 15560
15593 15590 15583
15568 15586 15589
15568 15589 15582
15591 15583 15582
15582 15589 15592
15567 15600 15586
15567 15586 15568
15631 15622 15558
15599 15624 15600
15587 15624 15627
15628 15627 15637
15623 15628 15638
15579 15558 15557
15579 15596 15603
15579 15631 15558
15588 15587 15602
15602 15631 15603
15622 15631 15602
15628 15639 15640
15628 15640 15638
15628 15641 15639
15628 15642 15641
15628 15643 15642
15628 15637 15643
15627 15635 15637
15574 15617 15585
15585 15617 15594
15623 15638 15630
15623 15630 15622
15602 15628 15623
15644 15645 15646
15644 15646 15647
15648 15649 15650
15651 15652 15653
15651 15653 15654
15655 15656 15657
15655 15657 15658
15659 15660 15661
15659 15661 15662
15663 15657 15664
15663 15664 15665
15666 15653 15667
15666 15667 15668
15669 15654 15670
15671 15661 15672
15673 15674 15675
15673 15675 15676
15677 15678 15679
15680 15681 15682
15680 15682 15683
15684 15681 15680
15684 15680 15685
15686 15687 15688
15677 15689 15690
15677 15690 15691
15673 15692 15693
15673 15693 15674
15677 15691 15694
15677 15694 15678
15680 15683 15695
15680 15695 15696
15685 15680 15696
15691 15690 15697
15691 15697 15698
15690 15699 15697
15681 15666 15668
15681 15668 15682
15670 15666 15681
15670 15681 15684
15676 15675 15700
15676 15700 15701
15702 15667 15703
15704 15672 15705
15704 15705 15688
15658 15657 15706
15707 15664 15657
15707 15657 15656
15708 15664 15709
15675 15674 15710
15711 15712 15701
15711 15701 15700
15713 15651 15654
15713 15654 15669
15670 15654 15666
15666 15654 15653
15679 15714 15715
15679 15715 15716
15715 15717 15718
15719 15720 15704
15717 15715 15721
15722 15673 15676
15722 15676 15723
15676 15701 15647
15724 15692 15673
15724 15673 15722
15691 15698 15725
15691 15725 15694
15726 15727 15692
15728 15729 15730
15728 15730 15731
15649 15732 15729
15664 15708 15665
15650 15649 15733
15699 15690 15708
15699 15708 15709
15720 15734 15735
15715 15718 15716
15736 15716 15718
15730 15737 15679
15730 15679 15716
15716 15736 15730
15730 15736 15731
15737 15677 15679
15649 15738 15739
15671 15735 15740
15741 15742 15743
15741 15743 15744
15644 15647 15745
15723 15676 15647
15723 15647 15646
15674 15693 15746
15674 15746 15747
15693 15727 15748
15692 15724 15726
15662 15661 15740
15693 15748 15746
15692 15727 15693
15749 15700 15750
15750 15700 15675
15750 15675 15710
15745 15647 15701
15745 15701 15712
15711 15700 15749
15751 15744 15743
15744 15752 15753
15744 15753 15741
15710 15674 15747
15749 15750 15751
15660 15754 15661
15720 15735 15671
15706 15657 15755
15703 15667 15653
15703 15653 15652
15678 15714 15679
15649 15739 15665
15708 15689 15732
15708 15732 15665
15756 15755 15663
15757 15756 15739
15739 15663 15665
15756 15663 15739
15649 15648 15738
15728 15733 15649
15728 15649 15729
15739 15738 15757
15657 15663 15755
15707 15656 15720
15707 15720 15719
15655 15734 15656
15734 15720 15656
15754 15741 15661
15672 15661 15741
15672 15741 15753
15715 15758 15721
15683 15682 15678
15683 15678 15694
15682 15668 15714
15682 15714 15678
15695 15683 15694
15695 15694 15725
15758 15715 15714
15714 15668 15758
15758 15667 15702
15758 15702 15721
15668 15667 15758
15732 15737 15730
15732 15730 15729
15689 15708 15690
15689 15677 15737
15689 15737 15732
15649 15665 15732
15707 15719 15687
15707 15687 15709
15709 15687 15686
15709 15686 15699
15699 15686 15759
15699 15759 15697
15754 15742 15741
15672 15753 15760
15672 15760 15705
15753 15752 15747
15753 15747 15760
15760 15747 15746
15760 15746 15761
15761 15746 15748
15761 15748 15762
15705 15760 15761
15744 15750 15710
15744 15710 15752
15752 15710 15747
15751 15750 15744
15664 15707 15709
15759 15686 15761
15759 15761 15762
15661 15671 15740
15719 15704 15688
15719 15688 15687
15704 15671 15672
15704 15720 15671
15761 15688 15705
15686 15688 15761
15763 15764 15765
15763 15765 15766
15767 15768 15769
15770 15771 15772
15770 15772 15773
15774 15775 15776
15774 15776 15777
15778 15779 15780
15778 15781 15779
15782 15783 15784
15782 15784 15776
15785 15770 15786
15785 15786 15787
15788 15789 15773
15790 15791 15779
15792 15793 15794
15792 15794 15795
15796 15797 15798
15799 15800 15801
15799 15801 15802
15803 15804 15801
15803 15801 15800
15805 15806 15807
15796 15808 15809
15796 15809 15810
15811 15812 15792
15811 15792 15795
15813 15808 15796
15813 15796 15798
15801 15814 15815
15801 15815 15802
15804 15814 15801
15808 15816 15817
15808 15817 15809
15809 15817 15818
15787 15786 15800
15787 15800 15799
15789 15803 15800
15789 15800 15786
15793 15819 15820
15793 15820 15794
15821 15822 15785
15823 15791 15824
15823 15824 15806
15775 15825 15776
15776 15784 15826
15776 15826 15777
15827 15828 15784
15794 15829 15795
15819 15830 15831
15819 15831 15820
15773 15772 15832
15773 15832 15788
15789 15786 15773
15786 15770 15773
15833 15834 15797
15833 15797 15835
15833 15836 15837
15838 15824 15839
15837 15840 15833
15793 15792 15841
15793 15841 15842
15793 15766 15819
15843 15841 15792
15843 15792 15812
15844 15816 15808
15844 15808 15813
15845 15812 15846
15847 15848 15849
15847 15849 15850
15769 15850 15851
15784 15783 15827
15768 15852 15769
15818 15828 15827
15818 15827 15809
15839 15853 15854
15833 15835 15836
15855 15836 15835
15849 15835 15797
15849 15797 15856
15835 15849 15855
15849 15848 15855
15856 15797 15796
15769 15857 15858
15790 15859 15853
15860 15861 15862
15860 15862 15863
15765 15864 15766
15766 15793 15842
15766 15842 15763
15795 15865 15866
15795 15866 15811
15811 15867 15846
15812 15845 15843
15781 15859 15779
15811 15866 15867
15812 15811 15846
15868 15869 15820
15794 15820 15869
15794 15869 15829
15864 15830 15819
15864 15819 15766
15831 15868 15820
15870 15862 15861
15871 15872 15861
15871 15861 15860
15829 15865 15795
15868 15870 15869
15780 15779 15873
15839 15790 15853
15825 15874 15776
15822 15771 15770
15822 15770 15785
15798 15797 15834
15769 15783 15857
15827 15783 15875
15827 15875 15810
15876 15782 15874
15877 15857 15876
15857 15783 15782
15876 15857 15782
15769 15858 15767
15847 15850 15769
15847 15769 15852
15857 15877 15858
15776 15874 15782
15839 15777 15826
15839 15826 15838
15774 15777 15854
15854 15777 15839
15873 15779 15860
15860 15779 15791
15860 15791 15871
15833 15840 15878
15798 15799 15802
15798 15802 15813
15834 15787 15799
15834 15799 15798
15813 15802 15815
15813 15815 15844
15878 15834 15833
15834 15878 15787
15878 15821 15785
15878 15840 15821
15787 15878 15785
15875 15850 15849
15875 15849 15856
15810 15809 15827
15810 15875 15856
15810 15856 15796
15769 15851 15783
15826 15828 15807
15826 15807 15838
15828 15818 15805
15828 15805 15807
15818 15817 15879
15818 15879 15805
15873 15860 15863
15791 15823 15880
15791 15880 15871
15871 15880 15865
15871 15865 15872
15880 15881 15866
15880 15866 15865
15881 15882 15867
15881 15867 15866
15823 15881 15880
15861 15872 15829
15861 15829 15869
15872 15865 15829
15870 15861 15869
15784 15828 15826
15881 15805 15879
15881 15879 15882
15779 15859 15790
15806 15824 15838
15806 15838 15807
15824 15791 15790
15824 15790 15839
15881 15823 15806
15805 15881 15806
15883 15884 15885
15883 15885 15886
15887 15888 15889
15887 15889 15890
15891 15883 15886
15891 15886 15892
15892 15887 15890
15892 15890 15891
15893 15894 15895
15893 15895 15896
15897 15898 15899
15897 15899 15900
15901 15902 15903
15901 15903 15904
15884 15903 15902
15884 15902 15885
15905 15906 15907
15905 15907 15908
15909 15910 15911
15909 15911 15912
15913 15914 15915
15916 15917 15918
15916 15918 15919
15920 15921 15922
15920 15922 15923
15924 15925 15926
15924 15926 15927
15928 15929 15930
15928 15930 15931
15932 15921 15933
15932 15933 15934
15921 15920 15935
15921 15935 15933
15920 15924 15936
15920 15936 15935
15937 15917 15916
15937 15916 15938
15939 15940 15941
15939 15941 15942
15943 15944 15945
15943 15945 15946
15947 15940 15939
15947 15939 15948
15949 15950 15951
15949 15951 15952
15953 15945 15954
15953 15954 15955
15956 15957 15958
15959 15960 15961
15959 15961 15962
15963 15964 15965
15963 15965 15966
15967 15968 15969
15967 15969 15970
15971 15947 15948
15971 15948 15972
15950 15973 15974
15950 15974 15951
15953 15955 15975
15953 15975 15967
15976 15977 15965
15976 15965 15964
15978 15958 15979
15980 15981 15982
15980 15982 15983
15984 15985 15986
15984 15986 15987
15988 15989 15990
15988 15990 15991
15992 15993 15994
15992 15994 15995
15996 15997 15998
15996 15998 15999
15982 16000 16001
15982 16001 15983
16002 16003 15984
16002 15984 16004
16005 15960 15997
16005 15997 15996
16006 16007 16008
16006 16008 16009
16010 16011 16012
16007 16006 16013
16007 16013 16014
16015 16010 16012
16015 16012 16016
16017 16018 16019
16017 16019 16020
15977 15976 16021
15977 16021 16022
15978 15979 16023
16024 16025 16026
16024 16026 16027
16014 16013 16028
16014 16028 16029
16030 16015 16016
16030 16016 16031
16032 16025 16024
16032 16024 16017
16033 16034 16035
16033 16035 16036
16037 16034 16038
16037 16038 16039
15978 16023 16040
15978 16040 16041
16034 16033 16042
16034 16042 16043
16044 16045 16046
16044 16046 16047
16048 16049 16050
16048 16050 16051
16050 16052 16039
16050 16039 16038
16040 16053 16054
16040 16054 16055
16056 16057 16054
16056 16054 16047
16051 16058 16059
16051 16059 16048
16043 16060 16061
16062 16063 16064
16062 16064 16065
16066 16067 16005
16066 16005 16068
16069 16070 15905
16069 15905 16071
16072 16073 16074
16072 16074 16075
16075 16074 16076
16077 16064 16063
16077 16063 16078
16077 16079 16070
16077 16070 16069
16080 16081 16082
16080 16082 16083
16084 16080 16083
16084 16083 16085
16086 16046 16045
16086 16045 16087
16088 16089 15954
16088 15954 16090
16089 16091 15955
16089 15955 15954
15975 15963 15966
15975 15966 16092
15975 15955 16091
15975 16091 15963
16093 16010 16006
16093 16006 16009
16094 16036 16032
16094 16032 16095
16025 16032 16036
16025 16036 16035
16096 16097 16098
16096 16098 16099
16100 15980 15983
16100 15983 16101
15986 15988 15991
15986 15991 15987
16102 16103 16104
16102 16104 16001
15983 16001 16104
15983 16104 16101
15987 15991 16105
15987 16105 16106
15960 16107 16108
16109 15976 15964
16021 15976 16109
15946 16110 16111
15946 16111 15943
16112 16000 16113
16112 16113 16114
16002 16115 16116
16002 16116 16003
16117 15982 15981
16117 15981 16118
16119 16120 16121
16119 16121 16122
16123 16124 16125
16123 16125 16126
16127 16078 16063
16127 16063 16128
15924 15920 15923
15924 15923 15925
15927 15926 16129
15927 16129 16130
16131 16059 16058
16131 16058 16132
15985 15984 16003
15985 16003 16133
16106 16004 15984
16106 15984 15987
16134 16135 16136
16112 16137 16000
15953 16138 15946
15953 15946 15945
15967 15970 16138
15967 16138 15953
16017 16020 16095
16017 16095 16032
16017 16024 16139
16017 16139 16018
16140 16139 16024
16140 16024 16027
15962 16091 16089
15962 16089 15959
15962 15964 15963
15962 15963 16091
15991 15990 16108
15991 16108 16105
16021 16033 16036
16021 16036 16094
16141 16142 16143
16141 16143 16144
16068 15996 15999
16068 15999 16145
16068 16005 15996
15932 15934 16146
16147 15936 15924
16147 15924 15927
16148 16149 16150
16148 16150 16151
15931 15930 16152
15931 16152 16153
16154 16147 15927
16154 15927 16130
16124 16123 16155
16124 16155 16156
16005 16067 15961
16005 15961 15960
15989 15998 15997
15989 15997 15990
15960 16108 15990
15960 15990 15997
16141 16060 16043
16141 16043 16042
16157 16158 16126
16157 16126 16125
16142 16067 16066
16142 16066 16143
15936 16147 15903
15936 15903 15884
15897 16159 15928
15897 15928 15931
15931 16153 15898
15931 15898 15897
15896 15895 16148
15896 16148 16151
15890 15889 16160
15890 16160 15934
15933 15891 15890
15933 15890 15934
15933 15935 15883
15933 15883 15891
15884 15883 15935
15884 15935 15936
16159 15897 15900
16159 15900 16161
16162 16163 16164
16078 16165 16079
16078 16079 16077
16165 16078 16127
16165 16127 16166
15989 15988 16097
15989 16097 16157
15988 15986 16098
15988 16098 16097
15985 16136 16098
15985 16098 15986
15971 16167 16168
15971 16168 16169
16014 16023 15979
16014 15979 16007
16028 16170 16171
16028 16171 16029
15985 16133 16134
15985 16134 16136
16172 16173 16174
16172 16174 16175
16128 16063 16062
16128 16062 16176
16177 16178 16179
16150 16146 16151
16160 15889 15896
16160 15896 16151
15889 15888 15893
15889 15893 15896
16057 16056 16180
16057 16180 16181
16182 16183 16184
16185 16186 16115
16185 16115 16002
16185 16002 16004
16185 16004 16187
16004 16106 16188
16004 16188 16187
16189 16188 16106
16189 16106 16105
16190 16189 16105
16190 16105 16108
16108 16107 16191
16108 16191 16190
16191 16107 15959
16191 15959 16192
16092 15968 15967
16092 15967 15975
16193 16194 16195
16193 16195 15949
15952 16196 15949
15939 15942 16197
15939 16197 15952
16192 15959 16089
16192 16089 16088
16177 16179 16198
16177 16198 16060
16144 16177 16060
16144 16060 16141
16177 16144 16199
16177 16199 16178
16199 16143 15908
15908 16066 16068
15908 16068 15905
16068 16145 16071
16068 16071 15905
16200 16201 15972
16200 15972 15974
16200 15974 16202
16037 16203 16035
16037 16035 16034
16095 16204 16205
16095 16205 16094
16204 16095 16020
16204 16020 16206
16207 16206 16020
16207 16020 16019
16019 16208 16209
16019 16209 16207
16022 16021 16094
16022 16094 16205
16031 16210 16030
16198 16211 16212
16198 16212 16213
16214 16215 16216
16214 16216 16217
16055 16054 16057
16055 16057 16214
16218 16049 16219
16218 16219 16220
16045 16044 16221
16045 16221 16222
16139 16140 16223
16139 16223 16224
16225 16226 16227
16225 16227 16031
16016 16228 16225
16016 16225 16031
16006 16010 16015
16006 16015 16013
16229 15970 15969
16229 15969 16230
16231 16232 16233
16231 16233 15973
15950 16234 16231
15950 16231 15973
15950 15949 16195
15950 16195 16234
15951 15974 15972
15951 15972 15948
15951 15948 15939
15951 15939 15952
16090 15954 15945
16090 15945 15944
16099 16098 16136
16135 16099 16136
16137 16102 16001
16137 16001 16000
16235 16236 16237
16235 16237 16238
16147 16154 15904
16147 15904 15903
16237 16239 16240
16237 16240 16238
16241 16242 15913
16241 15913 15915
16107 15960 15959
16033 16021 16109
16033 16109 16042
16142 16141 16042
16142 16042 16109
16142 16109 15961
16142 15961 16067
15961 16109 15964
15961 15964 15962
16043 16038 16034
16038 16043 16050
16213 16061 16060
16243 16244 16245
16243 16245 16246
15921 15932 16247
15921 16247 15922
16248 16247 16146
16211 16198 16179
16211 16179 16249
15919 16249 16179
16250 16251 16252
16253 16254 16251
16253 16251 16255
15938 16150 16149
15938 16149 15937
16248 16146 15938
16250 16252 16152
16250 16152 15930
16256 16241 16257
16256 16257 16258
16259 16260 16256
16259 16256 16258
16162 16164 16259
16162 16259 16261
15957 15992 15995
15957 15995 16262
15947 15958 15957
15947 15957 15940
16263 16262 16264
16263 16264 16265
16265 15941 15940
16265 15940 16263
15979 15958 15947
15979 15947 15971
15972 16201 16167
15972 16167 15971
16169 16168 16008
16169 16008 16007
16029 16040 16023
16029 16023 16014
16029 16171 16266
16029 16266 16267
16055 16268 16041
16055 16041 16040
16268 16055 16214
16268 16214 16217
16269 16053 16267
16269 16267 16266
15957 16263 15940
16169 15979 15971
16029 16267 16040
16065 16270 16271
16065 16271 16062
16272 15909 15912
16272 15912 16273
16271 16274 16176
16271 16176 16062
16175 16174 16275
16175 16275 16276
16277 16278 16279
16277 16279 16257
16277 16172 16175
16277 16175 16278
15992 15957 15956
15992 15956 16280
16270 16065 15909
16270 15909 16272
16281 15929 16282
15928 16159 16237
15928 16237 16236
16239 16237 16159
16239 16159 16161
16242 16282 16283
16242 16283 15913
16283 16282 16284
16157 16125 15998
16157 15998 15989
15999 15998 16125
15999 16125 16124
16156 16145 15999
16156 15999 16124
15993 15992 16280
15993 16280 16285
16071 16286 15911
16276 16275 16287
16276 16287 16288
16289 16271 16270
16289 16270 16290
16291 16292 16293
16291 16293 16273
16246 16119 16122
16246 16122 16243
16290 16270 16272
16290 16272 16294
16274 16271 16289
16274 16289 16295
16273 16293 16294
16273 16294 16272
16288 16121 16120
16288 16120 16276
16296 16297 16261
16296 16261 16259
15915 16277 16257
15915 16257 16241
16172 15914 16298
16172 16298 16173
16069 15910 16064
16069 16064 16077
16278 16120 16119
16278 16119 16279
16276 16120 16278
16276 16278 16175
16299 16279 16119
16299 16119 16246
16217 16216 16300
16217 16300 16076
16217 16076 16074
16217 16074 16268
16041 16073 16162
16041 16162 15978
16261 15956 15978
16261 15978 16162
15956 16261 16297
15956 16297 16280
16301 16297 16296
15907 15906 15923
15907 15923 15922
15925 15923 15906
15925 15906 16070
15926 15925 16079
15926 16079 16165
16302 15907 15922
16302 15922 16247
16303 16302 16247
16303 16247 16248
16065 16064 15910
16065 15910 15909
16236 16284 15929
16236 15929 15928
16129 15926 16165
16129 16165 16166
16304 16281 16282
15913 16283 16305
15913 16305 16306
16307 16305 16283
16307 16283 16284
16236 16235 16307
16236 16307 16284
15910 16069 15911
15905 16070 15906
16286 16308 16309
16286 16309 15911
16199 15908 15907
16199 15907 16302
16302 16303 16178
16302 16178 16199
15919 16178 16303
15919 16303 15916
16248 15938 15916
16248 15916 16303
16246 16245 16310
16246 16310 16299
16309 16311 16312
16309 16312 15912
16273 15912 16312
16273 16312 16291
16313 16296 16314
16079 15925 16070
16214 16057 16181
16214 16181 16215
16058 16213 16212
16058 16212 16132
16058 16051 16061
16058 16061 16213
16043 16061 16051
16043 16051 16050
16260 16259 16164
16113 16000 15982
16113 15982 16117
16133 16003 16116
16133 16116 16315
16134 16316 16317
16134 16317 16135
16316 16134 16133
16316 16133 16315
16318 16319 16320
16321 16072 16075
16321 16075 16253
16254 16076 16322
15919 15918 16249
16299 16314 16258
16299 16258 16279
16260 16164 16163
16260 16163 16323
16319 16318 16281
16281 16318 15929
16324 16084 16085
16324 16085 16325
16086 16184 16326
16086 16326 16046
16325 16327 16328
16325 16328 16324
16087 16045 16329
16018 16330 16208
16018 16208 16019
16018 16139 16224
16018 16224 16330
16331 16332 16333
16331 16333 16012
16016 16012 16333
16016 16333 16228
16203 16026 16025
16203 16025 16035
16334 16170 16028
16334 16028 16030
16028 16013 16015
16028 16015 16030
16335 16138 15970
16335 15970 16229
16138 16335 16110
16138 16110 15946
16011 16331 16012
16010 16093 16011
16210 16334 16030
16031 16227 16210
16196 16193 15949
15952 16197 16196
15974 15973 16202
15973 16233 16202
16104 16103 16264
16104 16264 16262
16262 15995 16101
16262 16101 16104
16100 16101 15995
16100 15995 15994
16097 16096 16158
16097 16158 16157
16267 16053 16040
16169 16007 15979
15957 16262 16263
16336 16337 16081
16336 16081 16080
16084 16338 16336
16084 16336 16080
16219 16338 16084
16219 16084 16324
16220 16219 16324
16220 16324 16328
16053 16044 16047
16053 16047 16054
16338 16219 16049
16338 16049 16048
16047 16046 16326
16047 16326 16056
16048 16059 16336
16048 16336 16338
16336 16059 16131
16336 16131 16337
16339 16180 16056
16339 16056 16326
16052 16050 16049
16052 16049 16218
16044 16053 16269
16044 16269 16221
16285 16280 16297
16285 16297 16301
16309 15912 15911
16340 16311 16309
16340 16309 16308
16143 16066 15908
16199 16144 16143
15915 15914 16172
15915 16172 16277
16306 16298 15914
15978 15956 15958
16256 16341 16242
16256 16242 16241
16260 16304 16341
16260 16341 16256
16323 16319 16304
16323 16304 16260
16320 16319 16323
16320 16323 16321
16282 16242 16341
15929 16284 16282
15913 16306 15914
16322 16076 16300
16073 16072 16163
16073 16163 16162
16268 16074 16073
16268 16073 16041
16250 16318 16320
16250 16320 16255
16072 16321 16323
16072 16323 16163
16253 16255 16320
16253 16320 16321
16318 15930 15929
16318 16250 15930
16342 16251 16254
16342 16254 16322
16251 16342 16252
16250 16255 16251
16254 16075 16076
16254 16253 16075
16178 15919 16179
16213 16060 16198
16343 16344 16345
16343 16345 16346
16345 16344 16347
16345 16347 16348
16349 16350 16351
16349 16351 16352
16353 16354 16355
16353 16355 16356
16348 16347 16352
16348 16352 16351
16357 16358 16359
16360 16361 16362
16360 16362 16363
16364 16365 16366
16364 16366 16367
16368 16369 16370
16371 16372 16373
16372 16371 16361
16372 16361 16360
16374 16375 16376
16365 16377 16378
16365 16378 16366
16379 16380 16381
16382 16383 16384
16385 16386 16387
16385 16387 16388
16389 16390 16391
16392 16393 16394
16392 16394 16395
16396 16397 16398
16396 16398 16399
16395 16394 16388
16395 16388 16387
16400 16401 16391
16402 16403 16404
16402 16404 16405
16406 16407 16408
16406 16408 16409
16410 16411 16412
16413 16414 16402
16413 16402 16405
16415 16416 16417
16418 16419 16420
16418 16420 16421
16422 16408 16407
16422 16407 16423
16424 16425 16426
16424 16426 16427
16420 16428 16415
16420 16415 16414
16429 16415 16428
16430 16431 16432
16433 16434 16435
16433 16435 16436
16437 16438 16439
16437 16439 16440
16441 16442 16443
16441 16443 16444
16441 16445 16446
16441 16446 16442
16447 16448 16449
16450 16435 16434
16450 16434 16451
16452 16453 16437
16452 16437 16440
16454 16455 16456
16454 16456 16457
16458 16459 16460
16458 16460 16461
16462 16463 16464
16462 16464 16465
16466 16467 16468
16469 16470 16471
16469 16471 16357
16472 16360 16363
16472 16363 16473
16474 16372 16475
16474 16475 16476
16372 16360 16472
16372 16472 16475
16477 16478 16479
16477 16479 16480
16481 16482 16483
16481 16483 16484
16485 16380 16379
16485 16379 16486
16485 16487 16488
16485 16488 16380
16489 16401 16490
16491 16492 16488
16491 16488 16487
16417 16493 16494
16417 16494 16495
16407 16406 16496
16407 16496 16497
16498 16499 16428
16498 16428 16500
16501 16423 16407
16501 16407 16497
16413 16405 16502
16413 16502 16503
16504 16408 16422
16504 16422 16505
16405 16404 16506
16405 16506 16502
16409 16408 16504
16409 16504 16507
16347 16335 16229
16347 16229 16352
16344 16110 16335
16344 16335 16347
16330 16387 16386
16330 16386 16208
16224 16395 16387
16224 16387 16330
16508 16509 16333
16508 16333 16332
16117 16361 16371
16117 16371 16113
16510 16511 16315
16510 16315 16116
16358 16317 16316
16358 16316 16512
16513 16514 16515
16516 16517 16376
16518 16519 16520
16521 16522 16523
16524 16525 16526
16527 16528 16529
16530 16531 16532
16531 16530 16533
16442 16431 16534
16442 16534 16443
16433 16431 16442
16433 16442 16446
16535 16448 16455
16535 16455 16454
16465 16451 16434
16465 16434 16462
16536 16537 16538
16539 16432 16288
16539 16288 16287
16440 16439 16289
16440 16289 16290
16540 16293 16292
16540 16292 16447
16243 16122 16435
16243 16435 16450
16294 16452 16440
16294 16440 16290
16369 16368 16541
16542 16543 16517
16544 16438 16437
16544 16437 16537
16437 16453 16538
16437 16538 16537
16479 16345 16348
16479 16348 16545
16545 16348 16351
16545 16351 16481
16511 16510 16365
16511 16365 16364
16510 16546 16377
16510 16377 16365
16385 16388 16390
16385 16390 16389
16394 16400 16390
16394 16390 16388
16417 16402 16414
16417 16414 16415
16421 16420 16414
16421 16414 16413
16351 16350 16482
16351 16482 16481
16394 16393 16490
16394 16490 16400
16495 16403 16402
16495 16402 16417
16457 16456 16547
16548 16441 16444
16367 16366 16549
16550 16366 16551
16475 16472 16552
16475 16552 16543
16552 16472 16473
16552 16473 16513
16553 16471 16470
16553 16470 16369
16543 16542 16476
16543 16476 16475
16545 16554 16479
16545 16481 16555
16556 16520 16519
16556 16519 16557
16467 16477 16480
16467 16480 16558
16559 16560 16484
16559 16484 16483
16561 16562 16563
16564 16565 16566
16567 16524 16568
16565 16564 16401
16565 16401 16489
16526 16527 16487
16526 16487 16485
16526 16485 16486
16526 16486 16568
16569 16570 16457
16571 16572 16573
16574 16575 16576
16521 16577 16578
16579 16580 16581
16579 16581 16518
16582 16583 16579
16584 16585 16559
16528 16396 16399
16528 16399 16529
16525 16524 16567
16525 16567 16586
16587 16588 16589
16590 16591 16592
16593 16594 16425
16593 16425 16424
16593 16424 16530
16593 16530 16532
16595 16596 16597
16499 16498 16592
16499 16592 16598
16599 16531 16497
16599 16497 16496
16493 16600 16411
16493 16411 16494
16511 16512 16316
16511 16316 16315
16512 16511 16364
16512 16364 16359
16367 16601 16470
16367 16470 16469
16369 16470 16601
16369 16601 16602
16469 16359 16364
16469 16364 16367
16439 16603 16295
16439 16295 16289
16603 16439 16438
16603 16438 16604
16544 16605 16606
16544 16606 16607
16608 16606 16605
16608 16605 16609
16534 16431 16430
16448 16535 16449
16607 16604 16438
16607 16438 16544
16457 16610 16611
16457 16611 16454
16454 16611 16538
16454 16538 16535
16449 16535 16538
16449 16538 16453
16540 16449 16453
16540 16453 16452
16452 16294 16293
16452 16293 16540
16500 16428 16420
16500 16420 16419
16612 16422 16613
16501 16614 16615
16501 16615 16423
16614 16501 16562
16614 16562 16561
16573 16616 16617
16573 16617 16618
16618 16617 16378
16618 16378 16619
16619 16378 16377
16619 16377 16620
16546 16621 16620
16546 16620 16377
16345 16479 16478
16345 16478 16346
16622 16556 16557
16622 16557 16623
16624 16622 16623
16625 16626 16195
16625 16195 16194
16627 16628 16629
16630 16631 16632
16630 16632 16628
16522 16578 16631
16522 16631 16630
16386 16633 16209
16386 16209 16208
16633 16386 16385
16633 16385 16634
16635 16634 16385
16635 16385 16389
16389 16636 16635
16384 16637 16636
16384 16636 16382
16638 16492 16639
16491 16640 16641
16491 16641 16492
16595 16597 16640
16595 16640 16491
16642 16587 16599
16642 16599 16496
16643 16642 16496
16643 16496 16406
16406 16409 16644
16645 16409 16507
16645 16507 16646
16333 16509 16647
16333 16647 16228
16628 16648 16649
16628 16649 16630
16647 16509 16380
16647 16380 16488
16432 16431 16433
16432 16433 16436
16463 16462 16446
16463 16446 16445
16434 16433 16446
16434 16446 16462
16432 16436 16121
16432 16121 16288
16650 16450 16451
16650 16451 16651
16652 16653 16465
16652 16465 16464
16653 16651 16451
16653 16451 16465
16654 16652 16464
16654 16464 16655
16463 16445 16656
16463 16656 16657
16658 16515 16576
16658 16576 16374
16658 16659 16552
16617 16660 16551
16549 16550 16661
16549 16661 16662
16577 16521 16523
16484 16663 16555
16664 16665 16666
16664 16666 16554
16558 16480 16667
16648 16623 16557
16648 16557 16649
16649 16557 16519
16649 16519 16668
16668 16519 16581
16396 16586 16669
16396 16669 16397
16391 16670 16671
16672 16673 16674
16672 16674 16416
16600 16493 16675
16676 16594 16593
16676 16593 16588
16499 16677 16429
16445 16441 16548
16445 16548 16656
16463 16657 16655
16463 16655 16464
16657 16656 16678
16657 16678 16458
16679 16678 16656
16679 16656 16548
16657 16458 16461
16657 16461 16655
16680 16681 16678
16680 16678 16679
16609 16682 16608
16683 16654 16655
16683 16655 16461
16609 16605 16684
16611 16685 16536
16686 16687 16688
16686 16688 16689
16122 16121 16436
16122 16436 16435
16450 16650 16244
16450 16244 16243
16114 16113 16371
16114 16371 16690
16546 16510 16116
16546 16116 16115
16361 16117 16118
16361 16118 16362
16546 16115 16186
16546 16186 16621
16623 16648 16691
16623 16691 16626
16648 16628 16627
16648 16627 16691
16629 16628 16632
16624 16623 16626
16638 16647 16488
16638 16488 16492
16381 16380 16509
16639 16492 16641
16613 16422 16423
16644 16409 16645
16551 16692 16661
16551 16661 16550
16601 16549 16693
16555 16694 16665
16555 16665 16664
16480 16554 16667
16391 16671 16636
16391 16695 16670
16493 16416 16675
16429 16696 16673
16429 16673 16672
16536 16697 16688
16536 16688 16687
16605 16686 16684
16686 16537 16687
16544 16537 16686
16537 16536 16687
16378 16617 16551
16549 16366 16550
16554 16545 16664
16545 16555 16664
16416 16415 16672
16415 16429 16672
16406 16644 16643
16613 16423 16615
16638 16639 16698
16381 16509 16508
16627 16629 16699
16624 16626 16625
16343 16111 16110
16343 16110 16344
16224 16223 16392
16224 16392 16395
16698 16226 16225
16698 16225 16638
16225 16228 16647
16225 16647 16638
16352 16229 16230
16352 16230 16349
16699 16232 16231
16699 16231 16627
16231 16234 16691
16231 16691 16627
16234 16195 16626
16234 16626 16691
16447 16449 16540
16430 16432 16539
16417 16416 16493
16429 16428 16499
16389 16391 16636
16400 16391 16390
16401 16695 16391
16479 16554 16480
16555 16481 16484
16367 16549 16601
16378 16551 16366
16636 16671 16382
16401 16564 16695
16421 16700 16701
16421 16701 16418
16413 16503 16700
16413 16700 16421
16612 16702 16505
16612 16505 16422
16399 16398 16703
16399 16703 16704
16705 16669 16586
16705 16586 16567
16529 16399 16704
16529 16704 16596
16528 16525 16586
16528 16586 16396
16527 16525 16528
16526 16525 16527
16595 16529 16596
16533 16427 16706
16533 16706 16563
16588 16593 16532
16588 16532 16589
16532 16599 16589
16532 16531 16599
16531 16533 16562
16562 16533 16563
16356 16355 16577
16707 16581 16580
16707 16580 16353
16353 16580 16583
16353 16583 16354
16356 16523 16707
16356 16707 16353
16523 16668 16707
16523 16522 16668
16668 16581 16707
16581 16519 16518
16376 16708 16709
16376 16659 16658
16376 16658 16374
16374 16576 16375
16710 16576 16514
16513 16515 16552
16543 16659 16517
16552 16659 16543
16552 16515 16658
16369 16541 16553
16542 16517 16516
16518 16520 16579
16521 16578 16522
16568 16524 16526
16597 16596 16704
16457 16547 16569
16548 16444 16679
16587 16589 16599
16561 16563 16706
16146 15934 16160
16151 16146 16160
16146 16247 15932
15938 16146 16150
16313 16314 16299
16313 16299 16310
16259 16314 16296
16258 16314 16259
16301 16296 16711
15911 16069 16071
16340 16308 16156
16340 16156 16155
16711 16296 16313
16279 16258 16257
16304 16282 16341
16319 16281 16304
16308 16286 16156
16286 16071 16145
16286 16145 16156
15902 16712 16713
15902 16713 15885
16713 16714 15886
16713 15886 15885
15892 15886 16714
15892 16714 16715
15887 16716 16717
15887 16717 15888
15899 16718 16719
15899 16719 15900
16717 16720 15893
16717 15893 15888
16720 16721 15894
16720 15894 15893
16722 16161 15900
16722 15900 16719
16712 15902 15901
16712 15901 16723
16724 16239 16161
16724 16161 16722
16240 16239 16724
16240 16724 16725
15887 15892 16715
15887 16715 16716
16668 16522 16630
16668 16630 16649
16487 16527 16595
16487 16595 16491
16530 16424 16427
16530 16427 16533
16501 16497 16531
16501 16531 16562
16527 16529 16595
16726 16727 16728
16726 16728 16729
16730 16731 16732
16730 16732 16728
16733 16734 16735
16736 16737 16738
16736 16738 16739
16740 16741 16742
16740 16742 16743
16744 16745 16746
16726 16742 16745
16726 16745 16736
16747 16743 16729
16747 16729 16748
16749 16730 16750
16749 16750 16751
16733 16735 16739
16733 16739 16738
16731 16730 16749
16748 16729 16728
16748 16728 16732
16730 16728 16727
16730 16727 16750
16726 16736 16739
16726 16739 16727
16736 16745 16744
16736 16744 16737
16729 16743 16742
16729 16742 16726
16727 16739 16735
16727 16735 16750
16750 16735 16734
16750 16734 16751
16746 16745 16742
16746 16742 16741
16740 16743 16747
16752 16753 16754
16752 16754 16755
16756 16757 16754
16756 16754 16758
16759 16760 16761
16762 16763 16764
16762 16764 16765
16766 16767 16768
16766 16768 16769
16770 16771 16772
16752 16768 16771
16752 16771 16762
16773 16769 16755
16773 16755 16774
16775 16758 16776
16775 16776 16777
16759 16761 16765
16759 16765 16764
16756 16758 16775
16755 16754 16757
16755 16757 16774
16758 16754 16753
16758 16753 16776
16752 16762 16765
16752 16765 16753
16762 16771 16770
16762 16770 16763
16755 16769 16768
16755 16768 16752
16753 16765 16761
16753 16761 16776
16776 16761 16760
16776 16760 16777
16772 16771 16768
16772 16768 16767
16766 16769 16773
16778 16779 16780
16778 16780 16781
16782 16783 16780
16782 16780 16784
16785 16786 16787
16788 16789 16790
16788 16790 16791
16792 16793 16794
16792 16794 16795
16796 16797 16798
16778 16794 16797
16778 16797 16788
16799 16795 16781
16799 16781 16800
16801 16784 16802
16801 16802 16803
16785 16787 16791
16785 16791 16790
16782 16784 16801
16781 16780 16783
16781 16783 16800
16784 16780 16779
16784 16779 16802
16778 16788 16791
16778 16791 16779
16788 16797 16796
16788 16796 16789
16781 16795 16794
16781 16794 16778
16779 16791 16787
16779 16787 16802
16802 16787 16786
16802 16786 16803
16798 16797 16794
16798 16794 16793
16792 16795 16799
16804 16805 16806
16804 16806 16807
16808 16809 16806
16808 16806 16810
16811 16812 16813
16814 16815 16816
16814 16816 16817
16818 16819 16820
16818 16820 16821
16822 16823 16824
16804 16820 16823
16804 16823 16814
16825 16821 16807
16825 16807 16826
16827 16810 16828
16827 16828 16829
16811 16813 16817
16811 16817 16816
16808 16810 16827
16807 16806 16809
16807 16809 16826
16810 16806 16805
16810 16805 16828
16804 16814 16817
16804 16817 16805
16814 16823 16822
16814 16822 16815
16807 16821 16820
16807 16820 16804
16805 16817 16813
16805 16813 16828
16828 16813 16812
16828 16812 16829
16824 16823 16820
16824 16820 16819
16818 16821 16825
16830 16831 16832
16830 16832 16833
16834 16835 16836
16834 16836 16832
16837 16838 16839
16840 16841 16842
16840 16842 16843
16844 16845 16846
16844 16846 16847
16848 16849 16850
16830 16846 16849
16830 16849 16843
16851 16847 16833
16851 16833 16852
16853 16854 16834
16853 16834 16855
16841 16837 16839
16841 16839 16842
16835 16834 16854
16852 16833 16832
16852 16832 16836
16834 16832 16831
16834 16831 16855
16830 16843 16842
16830 16842 16831
16843 16849 16848
16843 16848 16840
16833 16847 16846
16833 16846 16830
16831 16842 16839
16831 16839 16855
16839 16838 16853
16839 16853 16855
16850 16849 16846
16850 16846 16845
16844 16847 16851
16856 16857 16858
16856 16858 16859
16860 16861 16862
16860 16862 16863
16864 16865 16862
16864 16862 16861
16866 16860 16863
16866 16863 16867
16868 16865 16864
16868 16864 16869
16610 16685 16611
16858 16857 16870
16858 16870 16871
16872 16873 16874
16872 16874 16875
16876 16877 16874
16876 16874 16873
16560 16663 16484
16878 16872 16875
16878 16875 16879
16880 16877 16876
16880 16876 16881
16458 16678 16681
16458 16681 16459
16461 16460 16882
16461 16882 16683
16883 16856 16859
16883 16859 16884
16871 16870 16885
16871 16885 16886
16887 16888 16889
16890 16888 16887
16891 16888 16890
16891 16892 16893
16891 16893 16888
16894 16895 16893
16894 16893 16892
16896 16895 16894
16897 16895 16896
16898 16895 16897
16693 16602 16601
16616 16660 16617
16706 16427 16426
16706 16426 16899
16900 16901 16902
16903 16904 16901
16903 16901 16900
16903 16905 16906
16903 16906 16904
16907 16908 16906
16907 16906 16905
16907 16909 16910
16907 16910 16908
16909 16911 16910
16598 16677 16499
16901 16912 16902
16913 16910 16911
16373 16372 16474
16371 16373 16690
16357 16359 16469
16359 16358 16512
16087 16329 16914
16329 16045 16222
16326 16183 16339
16184 16183 16326
16085 16503 16502
16085 16502 16325
16086 16504 16505
16086 16505 16184
16502 16506 16327
16502 16327 16325
16507 16504 16086
16507 16086 16087
16914 16646 16507
16914 16507 16087
16082 16701 16700
16082 16700 16083
16083 16700 16503
16083 16503 16085
16505 16702 16182
16505 16182 16184
16693 16549 16662
16551 16660 16692
16376 16375 16708
16375 16576 16575
16608 16682 16915
16457 16570 16610
16573 16572 16616
16370 16369 16602
16555 16663 16694
16667 16554 16666
16559 16585 16560
16468 16467 16558
16490 16401 16400
16635 16636 16637
16384 16383 16916
16566 16565 16917
16592 16591 16598
16412 16411 16600
16514 16576 16515
16376 16517 16659
16574 16576 16710
16376 16709 16516
16577 16523 16356
16577 16355 16918
16579 16583 16580
16429 16677 16696
16675 16416 16674
16536 16538 16611
16536 16685 16697
16684 16686 16689
16544 16686 16605
16919 16920 16921
16919 16921 16922
16923 16924 16925
16923 16925 16926
16927 16928 16920
16927 16920 16919
16928 16927 16924
16928 16924 16923
16929 16930 16931
16929 16931 16932
16933 16934 16935
16933 16935 16936
16937 16938 16939
16937 16939 16940
16922 16921 16940
16922 16940 16939
16941 16942 16943
16941 16943 16944
16945 16946 16947
16945 16947 16948
16949 16950 16951
16952 16953 16954
16952 16954 16955
16956 16957 16958
16956 16958 16959
16960 16961 16962
16960 16962 16963
16964 16965 16966
16964 16966 16967
16968 16969 16970
16968 16970 16959
16959 16970 16971
16959 16971 16956
16956 16971 16972
16956 16972 16960
16973 16974 16952
16973 16952 16955
16975 16976 16977
16975 16977 16978
16979 16980 16981
16979 16981 16982
16983 16984 16975
16983 16975 16978
16985 16986 16987
16985 16987 16988
16989 16990 16991
16989 16991 16981
16992 16993 16994
16995 16996 16997
16995 16997 16998
16999 17000 17001
16999 17001 17002
17003 17004 17005
17003 17005 17006
17007 17008 16984
17007 16984 16983
16988 16987 17009
16988 17009 17010
16989 17003 17011
16989 17011 16990
17012 17002 17001
17012 17001 17013
17014 17015 16993
17016 17017 17018
17016 17018 17019
17020 17021 17022
17020 17022 17023
17024 17025 17026
17024 17026 17027
17028 17029 17030
17028 17030 17031
17032 17033 17034
17032 17034 17035
17018 17017 17036
17018 17036 17037
17038 17039 17020
17038 17020 17040
17041 17032 17035
17041 17035 16998
17042 17043 17044
17042 17044 17045
17046 17047 17048
17045 17049 17050
17045 17050 17042
17051 17052 17047
17051 17047 17046
17053 17054 17055
17053 17055 17056
17013 17057 17058
17013 17058 17012
17014 17059 17015
17060 17061 17062
17060 17062 17063
17049 17064 17065
17049 17065 17050
17066 17067 17052
17066 17052 17051
17068 17053 17060
17068 17060 17063
17069 17070 17071
17069 17071 17072
17073 17074 17075
17073 17075 17072
17014 17076 17077
17014 17077 17059
17072 17078 17079
17072 17079 17069
17080 17081 17082
17080 17082 17083
17084 17085 17086
17084 17086 17087
17086 17075 17074
17086 17074 17088
17077 17089 17090
17077 17090 17091
17092 17081 17090
17092 17090 17093
17085 17084 17094
17085 17094 17095
17078 17096 17097
17098 17099 17100
17098 17100 17101
17102 17103 17041
17102 17041 17104
17105 17106 16941
17105 16941 17107
17108 17109 17110
17108 17110 17111
17109 17112 17110
17113 17114 17101
17113 17101 17100
17113 17105 17107
17113 17107 17115
17116 17117 17118
17116 17118 17119
17120 17121 17117
17120 17117 17116
17122 17123 17083
17122 17083 17082
17124 17125 16991
17124 16991 17126
17126 16991 16990
17126 16990 17127
17011 17128 17000
17011 17000 16999
17011 16999 17127
17011 17127 16990
17129 17043 17042
17129 17042 17046
17130 17131 17068
17130 17068 17070
17063 17071 17070
17063 17070 17068
17132 17133 17134
17132 17134 17135
17136 17137 17017
17136 17017 17016
17022 17021 17025
17022 17025 17024
17138 17036 17139
17138 17139 17140
17017 17137 17139
17017 17139 17036
17021 17141 17142
17021 17142 17025
16998 17143 17144
17145 17002 17012
17058 17145 17012
16980 16979 17146
16980 17146 17147
17148 17149 17150
17148 17150 17037
17038 17040 17151
17038 17151 17152
17153 17154 17019
17153 17019 17018
17155 17156 17157
17155 17157 17158
17159 17160 17161
17159 17161 17162
17163 17164 17101
17163 17101 17114
16960 16963 16957
16960 16957 16956
16961 17165 17166
16961 17166 16962
17167 17168 17095
17167 17095 17094
17023 17169 17040
17023 17040 17020
17141 17021 17020
17141 17020 17039
17170 17171 17172
17148 17037 17173
16989 16981 16980
16989 16980 17174
17003 16989 17174
17003 17174 17004
17053 17068 17131
17053 17131 17054
17053 17056 17175
17053 17175 17060
17176 17061 17060
17176 17060 17175
16996 16995 17126
16996 17126 17127
16996 17127 16999
16996 16999 17002
17025 17142 17143
17025 17143 17026
17058 17130 17070
17058 17070 17069
17177 17178 17179
17177 17179 17180
17103 17181 17033
17103 17033 17032
17103 17032 17041
16968 17182 16969
17183 16961 16960
17183 16960 16972
17184 17185 17186
17184 17186 17187
16965 17188 17189
16965 17189 16966
17190 17165 16961
17190 16961 17183
17162 17191 17192
17162 17192 17159
17041 16998 16997
17041 16997 17104
17027 17026 17035
17027 17035 17034
16998 17035 17026
16998 17026 17143
17177 17079 17078
17177 17078 17097
17193 17161 17160
17193 17160 17194
17180 17179 17102
17180 17102 17104
16972 16922 16939
16972 16939 17183
16933 16965 16964
16933 16964 17195
16965 16933 16936
16965 16936 17188
16930 17185 17184
16930 17184 16931
16924 16969 17196
16924 17196 16925
16970 16969 16924
16970 16924 16927
16970 16927 16919
16970 16919 16971
16922 16972 16971
16922 16971 16919
17195 17197 16934
17195 16934 16933
17198 17199 17200
17114 17113 17115
17114 17115 17201
17201 17202 17163
17201 17163 17114
17027 17193 17135
17027 17135 17024
17024 17135 17134
17024 17134 17022
17023 17022 17134
17023 17134 17171
17007 17203 17204
17007 17204 17205
17049 17045 17015
17049 17015 17059
17065 17064 17206
17065 17206 17207
17023 17171 17170
17023 17170 17169
17208 17209 17210
17208 17210 17211
17164 17212 17098
17164 17098 17101
17213 17214 17215
17186 17185 17182
17196 17185 16930
17196 16930 16925
16925 16930 16929
16925 16929 16926
17093 17216 17217
17093 17217 17092
17218 17219 17220
17221 17038 17152
17221 17152 17222
17221 17223 17039
17221 17039 17038
17039 17223 17224
17039 17224 17141
17225 17142 17141
17225 17141 17224
17226 17143 17142
17226 17142 17225
17143 17226 17227
17143 17227 17144
17227 17228 16995
17227 16995 17144
17128 17011 17003
17128 17003 17006
17229 16985 17230
17229 17230 17231
16986 16985 17232
16975 16986 17233
16975 17233 16976
17228 17124 17126
17228 17126 16995
17213 17097 17234
17213 17234 17214
17178 17177 17097
17178 17097 17213
17213 17215 17235
17213 17235 17178
17235 16942 17179
16942 16941 17103
16942 17103 17102
17103 16941 17106
17103 17106 17181
17236 17009 17008
17236 17008 17237
17236 17238 17009
17073 17072 17071
17073 17071 17239
17131 17130 17240
17131 17240 17241
17241 17242 17054
17241 17054 17131
17243 17055 17054
17243 17054 17242
17055 17243 17244
17055 17244 17245
17057 17240 17130
17057 17130 17058
17067 17066 17246
17234 17247 17248
17234 17248 17249
17250 17251 17252
17250 17252 17253
17089 17250 17093
17089 17093 17090
17254 17255 17256
17254 17256 17087
17083 17257 17258
17083 17258 17080
17175 17259 17260
17175 17260 17176
17261 17067 17262
17261 17262 17263
17052 17067 17261
17052 17261 17264
17042 17050 17051
17042 17051 17046
17265 17266 17005
17265 17005 17004
17267 17010 17268
17267 17268 17269
16988 17010 17267
16988 17267 17270
16988 17270 17230
16988 17230 16985
16987 16984 17008
16987 17008 17009
16987 16986 16975
16987 16975 16984
17125 16982 16981
17125 16981 16991
17133 17171 17134
17172 17171 17133
17173 17036 17138
17173 17037 17036
17271 17272 17273
17271 17273 17274
17183 16939 16938
17183 16938 17190
17273 17272 17275
17273 17275 17276
17277 16950 16949
17277 16949 17278
17144 16995 16998
17069 17079 17145
17069 17145 17058
17180 17145 17079
17180 17079 17177
17180 17104 16997
17180 16997 17145
16997 16996 17002
16997 17002 17145
17078 17072 17075
17075 17086 17078
17247 17097 17096
17279 17280 17281
17279 17281 17282
16959 16958 17283
16959 17283 16968
17284 17182 17283
17249 17285 17214
17249 17214 17234
16953 17214 17285
17286 17287 17288
17289 17290 17288
17289 17288 17291
16974 16973 17187
16974 17187 17186
17284 16974 17182
17286 16966 17189
17286 17189 17287
17292 17293 17294
17292 17294 17277
17295 17293 17292
17295 17292 17296
17198 17297 17295
17198 17295 17199
16994 17298 17029
16994 17029 17028
16983 16978 16994
16983 16994 16993
17299 17300 17301
17299 17301 17298
17300 17299 16978
17300 16978 16977
17015 17007 16983
17015 16983 16993
17008 17007 17205
17008 17205 17237
17203 17045 17044
17203 17044 17204
17064 17049 17059
17064 17059 17077
17064 17302 17303
17064 17303 17206
17089 17077 17076
17089 17076 17304
17304 17251 17250
17304 17250 17089
17305 17303 17302
17305 17302 17091
16994 16978 17299
17203 17007 17015
17064 17077 17302
17099 17098 17306
17099 17306 17307
17308 17309 16946
17308 16946 16945
17306 17098 17212
17306 17212 17310
17209 17311 17312
17209 17312 17210
17313 17294 17314
17313 17314 17315
17313 17315 17209
17313 17209 17208
17028 17316 16992
17028 16992 16994
17307 17308 16945
17307 16945 17099
17317 17318 16967
16964 17274 17273
16964 17273 17195
17276 17197 17195
17276 17195 17273
17278 16949 17319
17278 17319 17318
17319 17320 17318
17193 17027 17034
17193 17034 17161
17033 17162 17161
17033 17161 17034
17191 17162 17033
17191 17033 17181
17031 17321 17316
17031 17316 17028
17106 16947 17322
17311 17323 17324
17311 17324 17312
17325 17326 17307
17325 17307 17306
17327 17309 17328
17327 17328 17329
17280 17279 17156
17280 17156 17155
17326 17330 17308
17326 17308 17307
17310 17331 17325
17310 17325 17306
17309 17308 17330
17309 17330 17328
17323 17311 17158
17323 17158 17157
17332 17295 17297
17332 17297 17333
16950 17277 17294
16950 17294 17313
17208 17211 17334
17208 17334 16951
17105 17113 17100
17105 17100 16948
17315 17314 17155
17315 17155 17158
17311 17209 17315
17311 17315 17158
17335 17280 17155
17335 17155 17314
17251 17112 17336
17251 17336 17252
17251 17304 17110
17251 17110 17112
17076 17014 17198
17076 17198 17111
17297 17198 17014
17297 17014 16992
16992 17316 17333
16992 17333 17297
17337 17332 17333
16943 16958 16957
16943 16957 16944
16963 17107 16944
16963 16944 16957
16962 17201 17115
16962 17115 16963
17338 17283 16958
17338 16958 16943
17339 17284 17283
17339 17283 17338
17099 16945 16948
17099 16948 17100
17274 16964 16967
17274 16967 17320
17166 17202 17201
17166 17201 16962
17340 17318 17317
16949 17341 17342
16949 17342 17319
17343 17320 17319
17343 17319 17342
17274 17320 17343
17274 17343 17271
16948 16947 17105
16941 16944 17107
17322 16947 17344
17322 17344 17345
17235 17338 16943
17235 16943 16942
17338 17235 17215
17338 17215 17339
16953 16952 17339
16953 17339 17215
17284 17339 16952
17284 16952 16974
17280 17335 17346
17280 17346 17281
17344 16946 17347
17344 17347 17348
17309 17327 17347
17309 17347 16946
17349 17350 17332
17115 17107 16963
17250 17253 17216
17250 17216 17093
17095 17168 17248
17095 17248 17247
17095 17247 17096
17095 17096 17085
17078 17086 17085
17078 17085 17096
17296 17199 17295
17150 17153 17018
17150 17018 17037
17169 17351 17151
17169 17151 17040
17170 17172 17352
17170 17352 17353
17353 17351 17169
17353 17169 17170
17354 17355 17356
17357 17289 17109
17357 17109 17108
17291 17358 17112
16953 17285 16954
17335 17293 17350
17335 17314 17293
17296 17359 17200
17296 17200 17199
17356 17317 17354
17317 16967 17354
17360 17361 17121
17360 17121 17120
17362 17219 17122
17362 17122 17082
17361 17360 17363
17361 17363 17364
17123 17365 17083
17056 17055 17245
17056 17245 17366
17056 17366 17259
17056 17259 17175
17367 17047 17368
17367 17368 17369
17052 17264 17368
17052 17368 17047
17239 17071 17063
17239 17063 17062
17370 17066 17065
17370 17065 17207
17065 17066 17051
17065 17051 17050
17371 17265 17004
17371 17004 17174
17174 16980 17147
17174 17147 17371
17048 17047 17367
17046 17048 17129
17246 17066 17370
17067 17246 17262
17232 16985 17229
16986 17232 17233
17009 17238 17010
17010 17238 17268
17139 17298 17301
17139 17301 17140
17298 17139 17137
17298 17137 17029
17136 17030 17029
17136 17029 17137
17135 17193 17194
17135 17194 17132
17302 17077 17091
17203 17015 17045
16994 17299 17298
17372 17116 17119
17372 17119 17373
17120 17116 17372
17120 17372 17374
17256 17360 17120
17256 17120 17374
17255 17363 17360
17255 17360 17256
17091 17090 17081
17091 17081 17080
17374 17084 17087
17374 17087 17256
17081 17092 17362
17081 17362 17082
17084 17374 17372
17084 17372 17094
17372 17373 17167
17372 17167 17094
17375 17362 17092
17375 17092 17217
17088 17254 17087
17088 17087 17086
17080 17258 17305
17080 17305 17091
17321 17337 17333
17321 17333 17316
17344 16947 16946
17376 17345 17344
17376 17344 17348
17179 16942 17102
17235 17179 17178
16950 17313 17208
16950 17208 16951
17341 16951 17334
17014 16993 16992
17292 17277 17278
17292 17278 17377
17296 17292 17377
17296 17377 17340
17359 17296 17340
17359 17340 17356
17355 17357 17359
17355 17359 17356
17318 17377 17278
16967 17318 17320
16949 16951 17341
17358 17336 17112
17111 17198 17200
17111 17200 17108
17304 17076 17111
17304 17111 17110
17286 17290 17355
17286 17355 17354
17108 17200 17359
17108 17359 17357
17289 17357 17355
17289 17355 17290
17354 16967 16966
17354 16966 17286
17378 17358 17291
17378 17291 17288
17288 17287 17378
17286 17288 17290
17291 17112 17109
17291 17109 17289
17215 17214 16953
17247 17234 17097
17379 17380 17381
17379 17381 17382
17381 17383 17384
17381 17384 17382
17385 17386 17387
17385 17387 17388
17389 17390 17391
17389 17391 17392
17383 17387 17386
17383 17386 17384
17393 17394 17395
17396 17397 17398
17396 17398 17399
17400 17401 17402
17400 17402 17403
17404 17405 17406
17407 17408 17409
17409 17396 17399
17409 17399 17407
17410 17411 17412
17403 17402 17413
17403 17413 17414
17415 17416 17417
17418 17419 17420
17421 17422 17423
17421 17423 17424
17425 17426 17427
17428 17429 17430
17428 17430 17431
17432 17433 17434
17432 17434 17435
17429 17423 17422
17429 17422 17430
17436 17426 17437
17438 17439 17440
17438 17440 17441
17442 17443 17444
17442 17444 17445
17446 17447 17448
17449 17439 17438
17449 17438 17450
17451 17452 17453
17454 17455 17456
17454 17456 17457
17458 17459 17445
17458 17445 17444
17460 17461 17462
17460 17462 17463
17456 17450 17451
17456 17451 17464
17465 17464 17451
17466 17467 17468
17469 17470 17471
17469 17471 17472
17473 17474 17475
17473 17475 17476
17477 17478 17479
17477 17479 17480
17477 17480 17481
17477 17481 17482
17483 17484 17485
17486 17487 17472
17486 17472 17471
17488 17474 17473
17488 17473 17489
17490 17491 17492
17490 17492 17493
17494 17495 17496
17494 17496 17497
17498 17499 17500
17498 17500 17501
17502 17503 17504
17505 17393 17506
17505 17506 17507
17508 17509 17397
17508 17397 17396
17510 17511 17512
17510 17512 17409
17409 17512 17508
17409 17508 17396
17513 17514 17515
17513 17515 17516
17517 17518 17519
17517 17519 17520
17521 17522 17415
17521 17415 17417
17521 17417 17523
17521 17523 17524
17525 17526 17437
17527 17524 17523
17527 17523 17528
17452 17529 17530
17452 17530 17531
17445 17532 17533
17445 17533 17442
17534 17535 17464
17534 17464 17536
17537 17532 17445
17537 17445 17459
17449 17538 17539
17449 17539 17439
17458 17444 17540
17458 17540 17541
17439 17539 17542
17439 17542 17440
17540 17444 17443
17540 17443 17543
17384 17386 17265
17384 17265 17371
17382 17384 17371
17382 17371 17147
17366 17245 17424
17366 17424 17423
17259 17366 17423
17259 17423 17429
17544 17369 17368
17544 17368 17545
17153 17150 17407
17153 17407 17399
17546 17151 17351
17546 17351 17547
17395 17548 17353
17395 17353 17352
17549 17550 17551
17552 17411 17553
17554 17555 17556
17557 17558 17559
17560 17561 17562
17563 17564 17565
17566 17567 17568
17568 17569 17566
17480 17479 17570
17480 17570 17468
17469 17481 17480
17469 17480 17468
17571 17490 17493
17571 17493 17485
17499 17498 17472
17499 17472 17487
17572 17573 17574
17575 17324 17323
17575 17323 17467
17474 17326 17325
17474 17325 17475
17576 17483 17329
17576 17329 17328
17279 17486 17471
17279 17471 17156
17330 17326 17474
17330 17474 17488
17406 17577 17404
17578 17553 17579
17580 17574 17473
17580 17473 17476
17473 17574 17573
17473 17573 17489
17515 17581 17383
17515 17383 17381
17581 17517 17387
17581 17387 17383
17547 17400 17403
17547 17403 17546
17546 17403 17414
17546 17414 17582
17421 17425 17427
17421 17427 17422
17430 17422 17427
17430 17427 17436
17452 17451 17450
17452 17450 17438
17455 17449 17450
17455 17450 17456
17387 17517 17520
17387 17520 17388
17430 17436 17526
17430 17526 17431
17529 17452 17438
17529 17438 17441
17491 17583 17492
17584 17478 17477
17401 17585 17402
17586 17587 17402
17512 17579 17588
17512 17588 17508
17588 17549 17509
17588 17509 17508
17589 17406 17507
17589 17507 17506
17579 17512 17511
17579 17511 17578
17581 17515 17590
17581 17591 17517
17592 17593 17556
17592 17556 17555
17504 17594 17514
17504 17514 17513
17595 17519 17518
17595 17518 17596
17597 17598 17599
17600 17601 17602
17603 17604 17560
17602 17525 17437
17602 17437 17600
17561 17521 17524
17561 17524 17563
17561 17604 17522
17561 17522 17521
17605 17491 17606
17607 17608 17609
17610 17611 17612
17557 17613 17614
17615 17554 17616
17615 17616 17617
17618 17615 17619
17620 17595 17621
17565 17564 17433
17565 17433 17432
17562 17622 17603
17562 17603 17560
17623 17624 17625
17626 17627 17628
17629 17460 17463
17629 17463 17630
17629 17567 17566
17629 17566 17460
17631 17632 17633
17536 17634 17627
17536 17627 17534
17635 17533 17532
17635 17532 17568
17531 17530 17448
17531 17448 17636
17547 17351 17353
17547 17353 17548
17548 17394 17400
17548 17400 17547
17401 17505 17507
17401 17507 17637
17406 17638 17637
17406 17637 17507
17505 17401 17400
17505 17400 17394
17475 17325 17331
17475 17331 17639
17639 17640 17476
17639 17476 17475
17580 17641 17642
17580 17642 17643
17644 17645 17643
17644 17643 17642
17570 17466 17468
17485 17484 17571
17641 17580 17476
17641 17476 17640
17491 17490 17646
17491 17646 17647
17490 17571 17573
17490 17573 17646
17484 17489 17573
17484 17573 17571
17576 17488 17489
17576 17489 17484
17488 17576 17328
17488 17328 17330
17535 17457 17456
17535 17456 17464
17648 17649 17458
17537 17459 17650
17537 17650 17651
17651 17597 17599
17651 17599 17537
17608 17652 17653
17608 17653 17654
17652 17655 17413
17652 17413 17653
17655 17656 17414
17655 17414 17413
17582 17414 17656
17582 17656 17657
17381 17380 17516
17381 17516 17515
17658 17659 17593
17658 17593 17592
17660 17659 17658
17661 17231 17230
17661 17230 17662
17663 17664 17665
17666 17665 17667
17666 17667 17668
17559 17666 17668
17559 17668 17613
17424 17245 17244
17424 17244 17669
17669 17670 17421
17669 17421 17424
17671 17425 17421
17671 17421 17670
17425 17671 17672
17419 17418 17672
17419 17672 17673
17674 17675 17528
17527 17528 17676
17527 17676 17677
17631 17527 17677
17631 17677 17632
17678 17533 17635
17678 17635 17623
17679 17442 17533
17679 17533 17678
17442 17680 17443
17681 17682 17543
17681 17543 17443
17368 17264 17683
17368 17683 17545
17665 17666 17684
17665 17684 17685
17683 17523 17417
17683 17417 17545
17467 17470 17469
17467 17469 17468
17501 17482 17481
17501 17481 17498
17472 17498 17481
17472 17481 17469
17467 17323 17157
17467 17157 17470
17686 17687 17487
17686 17487 17486
17688 17500 17499
17688 17499 17689
17689 17499 17487
17689 17487 17687
17690 17691 17500
17690 17500 17688
17501 17692 17693
17501 17693 17482
17694 17410 17611
17694 17611 17550
17694 17588 17695
17653 17587 17696
17585 17697 17698
17585 17698 17586
17614 17558 17557
17518 17591 17699
17700 17590 17701
17700 17701 17702
17594 17703 17514
17685 17684 17593
17685 17593 17659
17684 17704 17556
17684 17556 17593
17704 17616 17556
17432 17435 17705
17432 17705 17622
17426 17706 17707
17708 17453 17709
17708 17709 17710
17636 17711 17531
17629 17630 17712
17629 17712 17625
17536 17465 17713
17482 17693 17584
17482 17584 17477
17501 17500 17691
17501 17691 17692
17692 17494 17714
17692 17714 17693
17715 17584 17693
17715 17693 17714
17692 17691 17495
17692 17495 17494
17714 17716 17717
17714 17717 17715
17645 17644 17718
17719 17495 17691
17719 17691 17690
17645 17720 17643
17646 17572 17721
17722 17723 17724
17722 17724 17725
17156 17471 17470
17156 17470 17157
17486 17279 17282
17486 17282 17686
17149 17726 17407
17149 17407 17150
17582 17152 17151
17582 17151 17546
17399 17398 17154
17399 17154 17153
17582 17657 17222
17582 17222 17152
17659 17662 17727
17659 17727 17685
17685 17727 17663
17685 17663 17665
17664 17667 17665
17660 17662 17659
17674 17528 17523
17674 17523 17683
17416 17545 17417
17675 17676 17528
17649 17459 17458
17680 17681 17443
17587 17586 17698
17587 17698 17728
17637 17729 17585
17591 17700 17702
17591 17702 17730
17514 17703 17590
17426 17672 17706
17426 17707 17731
17531 17711 17453
17465 17708 17710
17465 17710 17732
17572 17725 17724
17572 17724 17733
17643 17720 17722
17722 17725 17574
17580 17722 17574
17574 17725 17572
17413 17587 17653
17585 17586 17402
17590 17700 17581
17581 17700 17591
17453 17708 17451
17451 17708 17465
17442 17679 17680
17649 17650 17459
17674 17734 17675
17416 17544 17545
17663 17735 17664
17660 17661 17662
17379 17382 17147
17379 17147 17146
17259 17429 17428
17259 17428 17260
17734 17674 17261
17734 17261 17263
17261 17674 17683
17261 17683 17264
17386 17385 17266
17386 17266 17265
17735 17663 17267
17735 17267 17269
17267 17663 17727
17267 17727 17270
17270 17727 17662
17270 17662 17230
17483 17576 17484
17466 17575 17467
17452 17531 17453
17465 17536 17464
17425 17672 17426
17436 17427 17426
17437 17426 17731
17515 17514 17590
17591 17518 17517
17401 17637 17585
17413 17402 17587
17672 17418 17706
17437 17731 17600
17455 17454 17736
17455 17736 17737
17449 17455 17737
17449 17737 17538
17648 17458 17541
17648 17541 17738
17433 17739 17740
17433 17740 17434
17741 17603 17622
17741 17622 17705
17564 17633 17739
17564 17739 17433
17565 17432 17622
17565 17622 17562
17563 17565 17562
17561 17563 17562
17631 17633 17564
17569 17598 17742
17569 17742 17461
17625 17624 17567
17625 17567 17629
17567 17624 17635
17567 17635 17568
17568 17599 17569
17599 17598 17569
17390 17614 17391
17743 17389 17617
17743 17617 17616
17389 17392 17619
17389 17619 17617
17390 17389 17743
17390 17743 17558
17558 17743 17704
17558 17704 17559
17704 17743 17616
17616 17554 17556
17411 17744 17745
17411 17410 17694
17411 17694 17695
17410 17412 17611
17746 17551 17611
17549 17588 17550
17579 17553 17695
17588 17579 17695
17588 17694 17550
17406 17589 17577
17578 17552 17553
17554 17615 17555
17557 17559 17613
17604 17561 17560
17632 17739 17633
17491 17605 17583
17584 17715 17478
17623 17635 17624
17597 17742 17598
17182 17196 16969
17185 17196 17182
17182 16968 17283
16974 17186 17182
17349 17346 17335
17349 17335 17350
17295 17332 17350
17293 17295 17350
17337 17747 17332
16947 17106 17105
17376 17192 17191
17376 17191 17345
17747 17349 17332
17314 17294 17293
17340 17377 17318
17356 17340 17317
17345 17191 17322
17322 17181 17106
17322 17191 17181
16940 16921 17748
16940 17748 17749
17748 16921 16920
17748 16920 17750
16928 17751 17750
16928 17750 16920
17752 17753 16923
17752 16923 16926
17754 17755 16935
17754 16935 16934
17752 16926 16929
17752 16929 17756
17756 16929 16932
17756 16932 17757
17758 17754 16934
17758 16934 17197
17749 17759 16937
17749 16937 16940
17760 17758 17197
17760 17197 17276
17760 17276 17275
17760 17275 17761
16923 17753 17751
16923 17751 16928
17704 17684 17666
17704 17666 17559
17524 17527 17631
17524 17631 17563
17566 17569 17461
17566 17461 17460
17537 17599 17568
17537 17568 17532
17563 17631 17564
17762 17763 17764
17762 17764 17765
17766 17767 17768
17766 17768 17762
17769 17770 17771
17772 17773 17774
17772 17774 17775
17776 17777 17778
17776 17778 17779
17780 17781 17782
17764 17774 17782
17764 17782 17776
17783 17784 17765
17783 17765 17779
17785 17786 17787
17785 17787 17768
17769 17772 17775
17769 17775 17770
17767 17785 17768
17762 17765 17784
17762 17784 17766
17768 17787 17763
17768 17763 17762
17775 17774 17764
17775 17764 17763
17774 17773 17780
17774 17780 17782
17765 17764 17776
17765 17776 17779
17770 17775 17763
17770 17763 17787
17771 17770 17787
17771 17787 17786
17781 17777 17776
17781 17776 17782
17778 17783 17779
17788 17789 17790
17788 17790 17791
17792 17793 17788
17792 17788 17794
17795 17796 17797
17798 17799 17800
17798 17800 17801
17802 17803 17804
17802 17804 17805
17806 17807 17808
17790 17800 17808
17790 17808 17802
17809 17810 17791
17809 17791 17805
17811 17812 17813
17811 17813 17793
17795 17798 17801
17795 17801 17796
17792 17811 17793
17791 17810 17794
17791 17794 17788
17793 17813 17789
17793 17789 17788
17801 17800 17790
17801 17790 17789
17800 17799 17806
17800 17806 17808
17791 17790 17802
17791 17802 17805
17796 17801 17789
17796 17789 17813
17797 17796 17813
17797 17813 17812
17807 17803 17802
17807 17802 17808
17804 17809 17805
17814 17815 17816
17814 17816 17817
17818 17819 17814
17818 17814 17820
17821 17822 17823
17824 17825 17826
17824 17826 17827
17828 17829 17830
17828 17830 17831
17832 17833 17834
17816 17826 17834
17816 17834 17828
17835 17836 17817
17835 17817 17831
17837 17838 17839
17837 17839 17819
17821 17824 17827
17821 17827 17822
17818 17837 17819
17817 17836 17820
17817 17820 17814
17819 17839 17815
17819 17815 17814
17827 17826 17816
17827 17816 17815
17826 17825 17832
17826 17832 17834
17817 17816 17828
17817 17828 17831
17822 17827 17815
17822 17815 17839
17823 17822 17839
17823 17839 17838
17833 17829 17828
17833 17828 17834
17830 17835 17831
17840 17841 17842
17840 17842 17843
17844 17845 17840
17844 17840 17846
17847 17848 17849
17850 17851 17852
17850 17852 17853
17854 17855 17856
17854 17856 17857
17858 17859 17860
17842 17852 17860
17842 17860 17854
17861 17862 17843
17861 17843 17857
17863 17864 17865
17863 17865 17845
17847 17850 17853
17847 17853 17848
17844 17863 17845
17843 17862 17846
17843 17846 17840
17845 17865 17841
17845 17841 17840
17853 17852 17842
17853 17842 17841
17852 17851 17858
17852 17858 17860
17843 17842 17854
17843 17854 17857
17848 17853 17841
17848 17841 17865
17849 17848 17865
17849 17865 17864
17859 17855 17854
17859 17854 17860
17856 17861 17857
17866 17867 17868
17866 17868 17869
17870 17871 17872
17870 17872 17866
17873 17874 17875
17876 17877 17878
17876 17878 17879
17880 17881 17882
17880 17882 17883
17884 17885 17886
17868 17877 17886
17868 17886 17880
17887 17888 17869
17887 17869 17883
17872 17889 17890
17872 17890 17891
17874 17873 17879
17874 17879 17878
17871 17889 17872
17866 17869 17888
17866 17888 17870
17872 17891 17867
17872 17867 17866
17878 17877 17868
17878 17868 17867
17877 17876 17884
17877 17884 17886
17869 17868 17880
17869 17880 17883
17874 17878 17867
17874 17867 17891
17874 17891 17890
17874 17890 17875
17885 17881 17880
17885 17880 17886
17882 17887 17883
17892 17893 17894
17892 17894 17895
17896 17897 17898
17896 17898 17899
17900 17897 17896
17900 17896 17901
17899 17898 17902
17899 17902 17903
17900 17901 17904
17900 17904 17905
17647 17646 17721
17894 17906 17907
17894 17907 17895
17908 17909 17910
17908 17910 17911
17912 17909 17908
17912 17908 17913
17596 17518 17699
17911 17910 17914
17911 17914 17915
17912 17913 17916
17912 17916 17917
17716 17714 17494
17716 17494 17497
17495 17719 17918
17495 17918 17496
17893 17892 17919
17893 17919 17920
17906 17921 17922
17906 17922 17907
17923 17924 17925
17926 17923 17925
17927 17926 17925
17928 17929 17927
17928 17927 17925
17930 17929 17928
17930 17928 17931
17932 17930 17931
17933 17932 17931
17934 17933 17931
17729 17637 17638
17654 17653 17696
17462 17461 17742
17462 17742 17935
17936 17937 17938
17939 17936 17938
17939 17938 17940
17941 17942 17939
17941 17939 17940
17943 17942 17941
17943 17941 17944
17945 17946 17943
17945 17943 17944
17946 17945 17947
17634 17536 17713
17938 17937 17948
17949 17947 17945
17408 17510 17409
17407 17726 17408
17393 17505 17394
17394 17548 17395
17123 17950 17365
17365 17257 17083
17362 17375 17220
17219 17362 17220
17539 17538 17121
17539 17121 17361
17541 17540 17122
17541 17122 17219
17539 17361 17364
17539 17364 17542
17543 17123 17122
17543 17122 17540
17543 17682 17950
17543 17950 17123
17737 17736 17118
17737 17118 17117
17538 17737 17117
17538 17117 17121
17541 17219 17218
17541 17218 17738
17729 17697 17585
17587 17728 17696
17411 17745 17412
17412 17612 17611
17644 17951 17718
17491 17647 17606
17608 17654 17609
17405 17638 17406
17591 17730 17699
17703 17701 17590
17595 17596 17621
17503 17594 17504
17526 17436 17437
17671 17673 17672
17419 17952 17420
17601 17953 17602
17627 17634 17628
17447 17636 17448
17551 17550 17611
17411 17695 17553
17610 17746 17611
17411 17552 17744
17614 17390 17558
17614 17954 17391
17615 17617 17619
17465 17732 17713
17711 17709 17453
17572 17646 17573
17572 17733 17721
17720 17723 17722
17580 17643 17722
4197 4200 4196
5892 5883 5882
3177 3202 3178
4888 4863 4866
4196 4193 4197
5882 5877 5876
4195 4197 4193
5883 5880 5877
3196 3181 3183
4882 4867 4881
3205 3196 3197
4891 4882 4889
15371 15370 15386
15444 15443 15459
15371 15386 15348
15459 15443 15421
15348 15372 15371
15445 15421 15443
3476 3475 17955
3476 17955 17956
17957 17958 3478
17957 3478 3477
17956 17955 17959
17956 17959 17960
17961 17962 17958
17961 17958 17957
17960 17959 17963
17960 17963 17964
17965 17966 17962
17965 17962 17961
17964 17963 17967
17964 17967 17968
17969 17970 17966
17969 17966 17965
17968 17967 17971
17968 17971 17972
17973 17974 17970
17973 17970 17969
17972 17971 17975
17972 17975 17976
17977 17978 17973
17977 17979 17980
17981 17982 17983
17984 17985 17986
17987 17988 17984
17987 17984 17986
17989 17990 17991
17989 17991 17992
17993 17992 17991
17993 17991 17994
17995 17993 17994
17995 17994 17996
17997 17995 17996
17997 17996 17998
17999 18000 18001
18002 18003 17979
18002 17979 17977
18004 18002 17973
18005 18004 17973
18005 17973 17969
18006 18005 17969
18006 17969 17965
18007 18006 17965
18007 17965 17961
18008 18007 17961
18008 17961 17957
18009 18008 17957
18009 17957 3477
3522 18009 3477
3522 3477 3480
18010 18011 17987
18010 17987 17986
18012 18011 18010
18012 18010 18013
18014 18015 18016
18017 18014 18016
18017 18016 18018
18019 18017 18020
18021 18019 18020
18021 18020 18022
3533 18021 18022
3533 18022 18023
3524 3533 18023
3524 18023 3525
18024 18010 18025
18010 18024 18026
18010 18026 18013
18013 18026 18027
18013 18027 18016
18016 18027 18028
18016 18028 18018
18028 18029 18020
18020 18029 18030
18020 18030 18022
18022 18030 18031
18022 18031 18023
18023 18031 18032
18023 18032 3525
18032 3527 3526
18032 3526 3525
18033 18024 18025
18033 18025 17989
18024 18033 18034
18024 18034 18026
18026 18034 18035
18026 18035 18027
18027 18035 18036
18027 18036 18028
18036 18037 18029
18029 18037 18038
18029 18038 18030
18030 18038 18039
18030 18039 18031
18031 18039 18040
18031 18040 18032
18032 18040 18041
18032 18041 3527
3527 18041 18042
3527 18042 3528
3528 18042 3535
3528 3535 3529
17989 17992 18043
17989 18043 18033
18033 18043 18044
18033 18044 18034
18034 18044 18045
18034 18045 18035
18035 18045 18046
18035 18046 18036
18046 18047 18037
18037 18047 18048
18037 18048 18038
18038 18048 18049
18038 18049 18039
18039 18049 18050
18039 18050 18040
18040 18050 18051
18040 18051 18041
18041 18051 18052
18041 18052 18042
18042 18052 18053
18042 18053 3535
3535 18053 18009
3535 18009 3522
18054 18043 17992
18054 17992 17993
18043 18054 18055
18043 18055 18044
18044 18055 18056
18044 18056 18045
18045 18056 18057
18045 18057 18046
18046 18057 18058
18046 18058 18047
18047 18058 18059
18047 18059 18048
18048 18059 18060
18048 18060 18049
18049 18060 18061
18049 18061 18050
18050 18061 18062
18050 18062 18051
18051 18062 18063
18051 18063 18052
18052 18063 18064
18052 18064 18053
18053 18064 18008
18053 18008 18009
18065 18054 17993
18065 17993 17995
18066 18065 17997
18000 18066 17997
18067 18068 18003
18067 18003 18002
18069 18067 18002
18069 18002 18004
18070 18069 18004
18070 18004 18005
18071 18070 18005
18071 18005 18006
18072 18071 18006
18072 18006 18007
18007 18008 18064
18007 18064 18072
18073 18055 18054
18073 18054 18065
18055 18073 18074
18055 18074 18056
18056 18074 18075
18056 18075 18057
18057 18075 18076
18057 18076 18058
18058 18076 18077
18058 18077 18059
18059 18077 18078
18059 18078 18060
18060 18078 18079
18060 18079 18061
18079 18080 18062
18062 18080 18063
18063 18080 18072
18063 18072 18064
18081 18074 18073
18074 18081 18082
18074 18082 18075
18082 18083 18076
18076 18083 18084
18076 18084 18077
18077 18084 18078
18084 18085 18078
18079 18085 18080
18080 18085 18071
18080 18071 18072
18065 18066 18073
18082 18067 18083
18081 18068 18067
18081 18067 18082
18084 18083 18069
18084 18069 18070
18078 18085 18079
18079 18062 18061
18081 18073 18066
3532 18021 3533
18084 18070 18071
18084 18071 18085
18066 18068 18081
18013 18015 18012
18016 18015 18013
17980 17979 17999
17985 17990 17989
18086 17983 18087
18068 18066 18000
18068 18000 18003
18003 18000 17999
18003 17999 17979
17997 18065 17995
18088 18089 18090
18088 18090 18091
18089 18092 18090
18093 18092 4767
18093 4767 4766
18094 18095 18091
18096 18094 18091
18096 18091 18090
18090 18092 18093
18097 18095 18094
18089 18088 18098
18089 18098 18099
18100 18092 18089
18100 18089 18099
18100 4773 4767
18100 4767 18092
18090 18093 18096
18101 18102 18103
18101 18103 18104
18104 18103 18105
18093 4766 4794
18093 4794 18105
18094 18102 18106
18096 18103 18102
18096 18102 18094
18103 18093 18105
18097 18094 18106
18104 18107 18108
18104 18108 18101
18104 18105 18109
18104 18109 18107
4794 4797 18109
4794 18109 18105
18103 18096 18093
18001 18000 17997
17998 18001 17997
18036 18029 18028
18028 18020 18018
18083 18067 18069
17973 18002 17977
18082 18076 18075
18046 18037 18036
18110 5161 5162
18110 5162 18111
18112 5163 5166
18112 5166 18113
18114 18110 18111
18114 18111 18115
18116 18112 18113
18116 18113 18117
18118 18114 18115
18118 18115 18119
18120 18116 18117
18120 18117 18121
18122 18118 18119
18122 18119 18123
18124 18120 18121
18124 18121 18125
18126 18122 18123
18126 18123 18127
18128 18124 18125
18128 18125 18129
18130 18126 18127
18130 18127 18131
18132 18128 18133
18132 18133 18134
18135 18136 18137
18138 18139 18140
18138 18140 18141
18138 18142 18143
18138 18143 18139
18144 18145 18146
18144 18146 18147
18148 18149 18146
18148 18146 18145
18150 18151 18149
18150 18149 18148
18152 18153 18151
18152 18151 18150
18154 18155 18156
18157 18132 18158
18157 18158 18159
18160 18128 18157
18161 18124 18128
18161 18128 18160
18162 18120 18124
18162 18124 18161
18163 18116 18120
18163 18120 18162
18164 18112 18116
18164 18116 18163
18165 5163 18112
18165 18112 18164
5208 5164 5163
5208 5163 18165
18143 18166 18167
18143 18167 18139
18168 18169 18167
18168 18167 18166
18170 18171 18172
18173 18174 18171
18173 18171 18170
18175 18176 18174
18175 18174 18173
18177 18178 18176
18177 18176 18175
5219 18179 18178
5219 18178 18177
5212 5211 18179
5212 18179 5219
18180 18140 18139
18180 18139 18167
18181 18180 18167
18181 18167 18169
18182 18181 18169
18182 18169 18171
18183 18182 18171
18183 18171 18174
18183 18176 18184
18185 18184 18176
18185 18176 18178
18186 18185 18178
18186 18178 18179
18187 18186 18179
18187 18179 5211
18187 5211 5210
18187 5210 5214
18188 18144 18140
18188 18140 18180
18189 18188 18180
18189 18180 18181
18190 18189 18181
18190 18181 18182
18191 18190 18182
18191 18182 18183
18191 18184 18192
18193 18192 18184
18193 18184 18185
18194 18193 18185
18194 18185 18186
18195 18194 18186
18195 18186 18187
18196 18195 18187
18196 18187 5214
18197 18196 5214
18197 5214 5213
5221 18197 5213
5221 5213 5215
18198 18145 18144
18198 18144 18188
18199 18198 18188
18199 18188 18189
18200 18199 18189
18200 18189 18190
18201 18200 18190
18201 18190 18191
18201 18192 18202
18203 18202 18192
18203 18192 18193
18204 18203 18193
18204 18193 18194
18205 18204 18194
18205 18194 18195
18206 18205 18195
18206 18195 18196
18207 18206 18196
18207 18196 18197
18208 18207 18197
18208 18197 5221
18165 18208 5221
18165 5221 5208
18209 18148 18145
18209 18145 18198
18210 18209 18198
18210 18198 18199
18211 18210 18199
18211 18199 18200
18212 18211 18200
18212 18200 18201
18213 18212 18201
18213 18201 18202
18214 18213 18202
18214 18202 18203
18215 18214 18203
18215 18203 18204
18216 18215 18204
18216 18204 18205
18217 18216 18205
18217 18205 18206
18218 18217 18206
18218 18206 18207
18219 18218 18207
18219 18207 18208
18164 18219 18208
18164 18208 18165
18220 18150 18148
18220 18148 18209
18221 18152 18220
18156 18152 18221
18222 18157 18159
18222 18159 18223
18224 18160 18157
18224 18157 18222
18225 18161 18160
18225 18160 18224
18226 18162 18161
18226 18161 18225
18227 18163 18162
18227 18162 18226
18163 18227 18219
18163 18219 18164
18228 18220 18209
18228 18209 18210
18229 18228 18210
18229 18210 18211
18230 18229 18211
18230 18211 18212
18231 18230 18212
18231 18212 18213
18232 18231 18213
18232 18213 18214
18233 18232 18214
18233 18214 18215
18234 18233 18215
18234 18215 18216
18234 18217 18235
18217 18218 18235
18227 18235 18218
18227 18218 18219
18236 18228 18229
18237 18236 18229
18237 18229 18230
18237 18231 18238
18239 18238 18231
18239 18231 18232
18232 18233 18239
18239 18233 18240
18234 18235 18240
18226 18240 18235
18226 18235 18227
18220 18228 18221
18237 18238 18222
18236 18237 18222
18236 18222 18223
18224 18238 18239
18224 18239 18225
18233 18234 18240
18234 18216 18217
18236 18221 18228
5218 5219 18177
18226 18225 18239
18226 18239 18240
18221 18236 18223
18169 18168 18172
18171 18169 18172
18134 18154 18158
18141 18140 18144
18241 18242 18136
18156 18221 18223
18156 18223 18159
18154 18156 18159
18154 18159 18158
18152 18150 18220
18155 18152 18156
18153 18152 18155
18191 18183 18184
18183 18174 18176
18238 18224 18222
18128 18132 18157
18237 18230 18231
18201 18191 18192
18243 18244 18245
18243 18245 18246
18247 18248 18249
18247 18249 18250
18251 18252 18253
18254 18255 18256
18254 18256 18257
18258 18259 18260
18258 18261 18259
18262 18263 18264
18260 18265 18266
18250 18249 18267
18268 18264 18269
18270 18271 18272
18273 18271 18270
18274 18273 18275
18274 18275 18276
18277 18274 18276
18278 18277 18279
18280 18281 18282
18280 18282 18283
18281 18280 18284
18281 18284 18285
18285 18284 18286
18285 18286 18287
18288 18289 18290
18288 18290 18291
18292 18290 18289
18292 18289 18293
18294 18292 18293
18294 18293 18295
18296 18294 18295
18296 18295 18297
18298 18299 18300
18272 18301 18302
18303 18304 18305
18303 18305 18306
18307 18308 18309
18310 18311 18307
18312 18313 18311
18312 18311 18310
18314 18315 18313
18278 18316 18317
18318 18305 18304
18318 18304 18319
18320 18318 18319
18320 18319 18321
18322 18320 18321
18322 18321 18323
18324 18325 18266
18324 18266 18265
18326 18327 18325
18326 18325 18324
18328 18329 18327
18328 18327 18326
18330 18331 18329
18330 18329 18328
18332 18333 18334
18262 18308 18263
18309 18308 18262
18272 18271 18301
18335 18336 18283
18335 18283 18282
18337 18336 18335
18338 18303 18306
18339 18340 18341
18339 18341 18342
18343 18344 18345
18343 18345 18346
18347 18348 18349
18347 18349 18350
18350 18351 18352
18350 18352 18347
18353 18345 18344
18353 18344 18354
18341 18340 18355
18341 18355 18356
18354 18339 18342
18354 18342 18353
18346 18349 18348
18346 18348 18343
18357 18358 18359
18357 18359 18360
18361 18362 18363
18361 18363 18364
18365 18366 18367
18365 18367 18368
18369 18370 18371
18369 18371 18372
18373 18374 18375
18373 18375 18376
18377 18378 18374
18377 18374 18373
18379 18380 18381
18379 18381 18382
18372 18371 18383
18372 18383 18384
18368 18367 18385
18368 18385 18386
18387 18388 18362
18387 18362 18361
18389 18390 18358
18389 18358 18357
18391 18392 18390
18391 18390 18389
18360 18359 18388
18360 18388 18387
18386 18385 18393
18386 18393 18394
18376 18375 18366
18376 18366 18365
18364 18363 18370
18364 18370 18369
18395 18396 18397
18395 18397 18398
18399 18400 18401
18399 18401 18402
18403 18404 18405
18403 18405 18406
18407 18408 18409
18407 18409 18410
18411 18410 18409
18411 18409 18412
18399 18395 18398
18399 18398 18400
18413 18411 18412
18413 18412 18414
18415 18416 18417
18415 18417 18418
18419 18420 18421
18419 18421 18422
18420 18415 18418
18420 18418 18421
18423 18424 18425
18423 18425 18426
18427 18426 18425
18427 18425 18428
18429 18430 18431
18429 18431 18432
18423 18429 18432
18423 18432 18424
18433 18434 18435
18436 18437 18438
18439 18434 18440
18441 18437 18442
18435 18434 18439
18442 18437 18436
18443 18444 18445
18443 18445 18446
18447 18448 18449
18447 18449 18450
18451 18452 18453
18451 18453 18454
18452 18451 18455
18452 18455 18456
18457 18458 18450
18457 18450 18449
18445 18459 18460
18445 18460 18446
18458 18457 18444
18458 18444 18443
18448 18447 18454
18448 18454 18453
18461 18462 18463
18461 18463 18464
18465 18466 18467
18465 18467 18468
18469 18470 18471
18469 18471 18472
18473 18474 18475
18473 18475 18476
18477 18478 18479
18477 18479 18480
18481 18477 18480
18481 18480 18482
18483 18484 18485
18483 18485 18486
18474 18487 18488
18474 18488 18475
18470 18489 18490
18470 18490 18471
18491 18465 18468
18491 18468 18492
18493 18461 18464
18493 18464 18494
18495 18493 18494
18495 18494 18496
18462 18491 18492
18462 18492 18463
18489 18497 18498
18489 18498 18490
18478 18469 18472
18478 18472 18479
18466 18473 18476
18466 18476 18467
18499 18500 18501
18499 18501 18502
18503 18504 18505
18503 18505 18506
18502 18501 18504
18502 18504 18503
18507 18508 18509
18507 18509 18510
18509 18508 18511
18509 18511 18512
18513 18514 18515
18513 18515 18516
18516 18515 18507
18516 18507 18510
18517 18518 18519
18520 18521 18522
18523 18524 18519
18525 18526 18522
18518 18523 18519
18526 18520 18522
18527 18528 18529
18527 18529 18530
18530 18529 18531
18530 18531 18532
18532 18531 18533
18532 18533 18534
18534 18533 18535
18534 18535 18536
18536 18535 18537
18536 18537 18538
18538 18537 18539
18538 18539 18540
18541 18542 18543
18541 18543 18544
18545 18541 18544
18545 18544 18546
18547 18545 18546
18547 18546 18548
18549 18547 18548
18549 18548 18550
18551 18549 18550
18551 18550 18552
18553 18551 18552
18553 18552 18554
18555 18556 18557
18555 18557 18558
18559 18560 18556
18559 18556 18555
18561 18562 18560
18561 18560 18559
18563 18564 18562
18563 18562 18561
18565 18566 18564
18565 18564 18563
18567 18568 18566
18567 18566 18565
18569 18570 18571
18569 18571 18572
18570 18573 18574
18570 18574 18571
18573 18575 18576
18573 18576 18574
18575 18577 18578
18575 18578 18576
18577 18579 18580
18577 18580 18578
18579 18581 18582
18579 18582 18580
18583 18584 18585
18583 18585 18586
18587 18588 18584
18587 18584 18583
18589 18590 18588
18589 18588 18587
18591 18592 18590
18591 18590 18589
18593 18594 18592
18593 18592 18591
18595 18596 18594
18595 18594 18593
18597 18598 18599
18597 18599 18600
18601 18597 18600
18601 18600 18602
18603 18601 18602
18603 18602 18604
18605 18603 18604
18605 18604 18606
18607 18605 18606
18607 18606 18608
18609 18607 18608
18609 18608 18610
18611 18612 18613
18611 18614 18612
18611 18615 18614
18611 18616 18615
18611 18617 18616
18613 18612 18618
18613 18618 18619
18612 18614 18620
18612 18620 18618
18614 18615 18621
18614 18621 18620
18615 18616 18622
18615 18622 18621
18616 18617 18623
18616 18623 18622
18619 18618 18624
18619 18624 18625
18618 18620 18626
18618 18626 18624
18620 18621 18627
18620 18627 18626
18621 18622 18628
18621 18628 18627
18622 18623 18629
18622 18629 18628
18625 18624 18630
18625 18630 18631
18624 18626 18632
18624 18632 18630
18626 18627 18633
18626 18633 18632
18627 18628 18634
18627 18634 18633
18628 18629 18635
18628 18635 18634
18636 18631 18630
18636 18630 18632
18636 18632 18633
18636 18633 18634
18636 18634 18635
18637 18638 18639
18637 18639 18640
18637 18640 18641
18637 18641 18642
18637 18642 18643
18638 18644 18645
18638 18645 18639
18639 18645 18646
18639 18646 18640
18640 18646 18647
18640 18647 18641
18641 18647 18648
18641 18648 18642
18642 18648 18649
18642 18649 18643
18644 18650 18651
18644 18651 18645
18645 18651 18652
18645 18652 18646
18646 18652 18653
18646 18653 18647
18647 18653 18654
18647 18654 18648
18648 18654 18655
18648 18655 18649
18650 18656 18657
18650 18657 18651
18651 18657 18658
18651 18658 18652
18652 18658 18659
18652 18659 18653
18653 18659 18660
18653 18660 18654
18654 18660 18661
18654 18661 18655
18662 18657 18656
18662 18658 18657
18662 18659 18658
18662 18660 18659
18662 18661 18660
18663 18664 18665
18664 18666 18667
18668 18669 18670
18669 18671 18670
18663 18665 18672
18673 18674 18675
18675 18676 18677
18678 18679 18680
18680 18679 18681
18673 18682 18674
18667 18666 18683
18677 18676 18684
18665 18664 18667
18675 18674 18676
18685 18686 18687
18685 18687 13061
18688 18689 18690
18688 18690 18691
18692 18693 18694
18695 18692 18696
18697 18695 18696
18697 18696 18698
18699 18700 18701
18699 18701 18702
18703 18704 18705
18706 18707 18708
18709 18710 18711
18712 18713 18714
18712 18714 18715
18716 18717 18718
18716 18718 18719
18714 18713 18720
18714 18720 18721
18722 18723 18724
18722 18724 18725
18726 18727 18728
18726 18728 18729
18719 18688 18691
18719 18691 18716
18718 18729 18730
18718 18730 18731
18729 18718 18717
18729 18717 18726
13023 18732 13060
13023 13060 13024
18686 18697 18698
18686 18698 18687
13033 13067 18698
13033 18698 18696
18694 13033 18696
18726 18717 18686
18726 18686 18685
18717 18716 18697
18717 18697 18686
18692 18695 18691
18692 18691 18690
18695 18697 18716
18695 18716 18691
18690 18693 18692
18733 18734 13028
18733 13028 13073
18734 18711 13029
18734 13029 13028
13021 18735 13025
18715 18727 18732
18715 18732 13023
18715 13023 13025
18715 13025 18712
18732 18685 13061
18732 13061 13060
18727 18726 18685
18727 18685 18732
18728 18727 18715
18728 18715 18714
18702 18701 18736
18702 18736 18737
18689 18688 18738
18730 18729 18728
18730 18728 18739
18740 18737 18736
18740 18736 18725
18688 18719 18705
18688 18705 18738
18704 18703 18741
18704 18741 18700
18728 18714 18721
18728 18721 18739
18687 18698 13067
18687 13067 13068
13061 18687 13068
13061 13068 13062
18742 18707 18706
18689 18707 18690
18743 18708 18689
18744 18745 18724
18713 18710 18720
18746 18734 18733
18746 18733 18744
18703 18705 18731
18738 18705 18747
18738 18747 18748
18735 18710 18713
18735 18713 18712
13029 18711 13021
18710 18709 18723
18746 18709 18734
18743 18738 18748
18749 13122 18750
18749 18750 18751
18752 18753 18754
18752 18754 18755
18756 18757 18758
18759 18760 18756
18761 18762 18760
18761 18760 18759
18763 18764 18765
18763 18765 18766
18767 18768 18769
18770 18771 18772
18773 18774 18775
18773 18775 18776
18777 18778 18779
18777 18779 18780
18781 18782 18783
18781 18783 18784
18785 18780 18779
18785 18779 18786
18787 18788 18789
18787 18789 18790
18791 18792 18793
18791 18793 18794
18782 18781 18755
18782 18755 18754
18783 18795 18796
18783 18796 18792
18792 18791 18784
18792 18784 18783
13082 13084 13119
13082 13119 18797
18751 18750 18762
18751 18762 18761
13092 18760 18762
13092 18762 13126
18757 18760 13092
18791 18749 18751
18791 18751 18784
18784 18751 18761
18784 18761 18781
18756 18752 18755
18756 18755 18759
18759 18755 18781
18759 18781 18761
18752 18758 18772
18798 13131 13087
18798 13087 18799
13086 18774 18799
13086 18799 13087
13081 13083 18775
18778 13082 18797
18778 18797 18794
18778 18777 13083
18778 13083 13082
18797 13119 13122
18797 13122 18749
18794 18797 18749
18794 18749 18791
18793 18779 18778
18793 18778 18794
18764 18800 18801
18764 18801 18765
18753 18802 18803
18753 18803 18754
18793 18792 18796
18793 18796 18804
18801 18800 18805
18801 18805 18790
18754 18803 18806
18754 18806 18782
18807 18808 18767
18807 18767 18766
18786 18779 18793
18786 18793 18804
18750 13127 13126
18750 13126 18762
13122 13121 13127
13122 13127 18750
18809 18772 18758
18753 18772 18771
18802 18753 18771
18810 18811 18787
18780 18785 18776
18811 18810 18798
18811 18798 18799
18808 18795 18806
18803 18812 18768
18803 18768 18806
18775 18777 18780
18775 18780 18776
13086 13081 18774
18776 18788 18773
18811 18799 18774
18811 18774 18773
18802 18812 18803
18696 18692 18694
18756 18760 18757
18693 18690 18707
18707 18689 18708
18758 18752 18756
18772 18753 18752
18707 18742 18693
18772 18809 18770
18721 18720 18722
18721 18722 18813
18703 18731 18730
18703 18730 18741
18741 18730 18739
18741 18739 18814
18739 18721 18813
18789 18785 18786
18789 18786 18815
18796 18795 18808
18796 18808 18807
18804 18796 18807
18804 18807 18816
18786 18804 18815
18720 18723 18722
18720 18710 18723
18731 18719 18718
18731 18705 18719
18782 18795 18783
18806 18795 18782
18788 18785 18789
18776 18785 18788
18814 18701 18700
18814 18700 18741
18813 18736 18701
18813 18701 18814
18725 18736 18813
18725 18813 18722
18817 18704 18700
18817 18700 18699
18766 18765 18816
18766 18816 18807
18765 18801 18815
18765 18815 18816
18815 18801 18790
18815 18790 18789
18766 18767 18769
18766 18769 18763
18747 18704 18817
18705 18704 18747
18768 18767 18806
18806 18767 18808
18725 18724 18745
18725 18745 18740
18818 18787 18790
18818 18790 18805
18810 18787 18818
18787 18811 18788
18746 18724 18723
18744 18724 18746
18723 18709 18746
18773 18788 18811
18711 18710 18735
18734 18709 18711
18815 18804 18816
18739 18813 18814
13136 18819 18820
18820 18819 18821
18822 18823 18821
18821 18823 18824
18823 18825 18824
18819 18822 18821
13140 13139 18820
13140 18820 18826
13136 18820 13139
13136 13139 13134
18827 18826 18821
18827 18821 18824
18828 18827 18824
18828 18824 18829
18829 18824 18825
18829 18825 18830
18828 13145 13148
18828 13148 18827
13170 18826 18827
13170 18827 13148
18820 18821 18826
13188 13140 18826
13188 18826 13170
13263 18831 18832
18831 18833 18832
18834 18833 18835
18833 18836 18835
18835 18836 18837
18832 18833 18834
13266 18831 13267
13266 18838 18831
13263 13262 13267
13263 13267 18831
18833 18838 18839
18833 18839 18836
18836 18839 18840
18836 18840 18841
18841 18842 18837
18841 18837 18836
13276 13275 18840
13276 18840 18839
13297 13276 18839
13297 18839 18838
18831 18838 18833
13316 13297 18838
13316 18838 13266
17977 17980 17978
17973 17978 17974
18689 18738 18843
18133 18128 18129
18278 18279 18844
18286 18300 18845
18286 18845 18287
18846 18333 18322
18846 18322 18323
18278 18844 18316
18087 17983 17982
18300 18299 18845
18277 18276 18279
17985 17989 18025
18025 18010 17986
17986 17985 18025
18020 18017 18018
18273 18270 18275
18278 18315 18314
18278 18317 18315
18334 18333 18846
18141 18144 18147
18314 18313 18312
18310 18307 18309
18132 18134 18158
18262 18264 18268
18258 18260 18266
18136 18242 18137
18847 18848 18849
18847 18849 18850
18851 18852 18853
18851 18853 18854
18853 18855 18856
18853 18856 18854
18849 18848 18857
18849 18857 18858
18857 18859 18860
18857 18860 18858
18861 18862 18863
18861 18863 18864
18863 18865 18866
18863 18866 18864
18865 18867 18868
18865 18868 18866
18867 18852 18851
18867 18851 18868
18869 18870 18871
18869 18871 18872
18873 18874 18875
18873 18875 18876
18877 18878 18873
18877 18873 18876
18879 18880 18881
18881 18880 18878
18881 18878 18877
18882 18883 18884
18874 18882 18884
18874 18884 18875
18870 18885 18886
18870 18886 18871
18886 18885 18847
18886 18847 18850
18887 18888 18889
18887 18889 18890
18891 18892 18888
18891 18888 18887
18893 18894 18895
18893 18895 18896
18896 18895 18892
18896 18892 18891
18897 18898 18899
18897 18899 18900
18900 18899 18894
18900 18894 18893
18901 18902 18903
18901 18903 18904
18904 18903 18905
18904 18905 18906
18907 18908 18909
18907 18909 18910
18910 18909 18902
18910 18902 18901
18911 18912 18913
18911 18913 18914
18914 18913 18908
18914 18908 18907
18915 18916 18917
18915 18917 18918
18919 18920 18921
18919 18921 18922
18921 18920 18923
18921 18923 18924
18917 18925 18926
18917 18926 18918
18926 18925 18927
18926 18927 18928
18929 18930 18931
18929 18931 18932
18931 18930 18933
18931 18933 18934
18934 18933 18935
18934 18935 18936
18936 18935 18919
18936 18919 18922
18937 18938 18939
18937 18939 18940
18941 18942 18943
18941 18943 18944
18945 18942 18941
18945 18941 18946
18947 18948 18949
18948 18945 18946
18948 18946 18949
18950 18951 18952
18944 18943 18951
18944 18951 18950
18940 18939 18953
18940 18953 18954
18953 18916 18915
18953 18915 18954
18955 18956 18957
18955 18957 18958
18959 18955 18958
18959 18958 18960
18961 18962 18963
18961 18963 18964
18962 18959 18960
18962 18960 18963
18965 18966 18967
18965 18967 18968
18966 18961 18964
18966 18964 18967
18969 18970 18971
18969 18971 18972
18970 18973 18974
18970 18974 18971
18975 18976 18977
18975 18977 18978
18976 18969 18972
18976 18972 18977
18979 18980 18981
18979 18981 18982
18980 18975 18978
18980 18978 18981
3560 3562 18983
5246 5248 6135
6271 6270 18984
6271 18984 18985
6265 6268 6283
18986 18987 6339
18986 6339 18988
6348 6347 18989
6348 18989 18990
6338 6337 6342
6337 6339 18987
18991 6283 6282
6265 6283 18991
4653 4652 18992
4653 18992 18993
18994 4663 4662
18994 4662 18995
18996 4585 4584
18996 4584 18997
4579 4578 4595
4651 18998 4655
4651 4653 18998
4595 18999 4596
4595 4578 18999
4612 4626 4644
4612 4644 4575
4638 4637 19000
4638 19000 4643
4637 4626 4625
4637 4625 19000
4638 4741 19001
4638 19001 4635
4741 4743 19002
4741 19002 19001
6331 6312 6301
6331 6301 6261
19003 6324 6323
19003 6323 6428
6313 6312 6324
6313 6324 19003
19004 6426 6323
19004 6323 6322
19005 6430 6426
19005 6426 19004
6261 6301 6300
6261 6300 6263
4613 4612 4575
4613 4575 4577
6296 6295 6315
6296 6315 6330
19006 6373 6366
19006 6366 6372
6329 6315 6428
6329 6373 19006
6378 6373 6329
6428 6315 6314
4628 4606 4610
4628 4610 19007
4680 4688 19008
4680 19008 4685
4642 4628 19007
4628 4643 4627
4692 4688 4687
4688 4642 19008
13255 13230 13229
13255 13229 13212
13254 13233 13232
13254 13232 13242
13231 13230 13254
13231 13254 13242
13359 13358 13383
13359 13383 13341
13360 13363 13382
13360 13382 13370
13382 13358 13357
13382 13357 13370
13234 13233 13253
13234 13253 19009
13380 13363 13362
13380 13362 19010
13238 13228 13237
13366 13356 13355
13226 13229 13228
13359 13355 13356
13026 13054 13055
13020 13029 13021
13050 13053 13064
13128 13114 13129
13112 13079 13114
13086 13079 13081
18774 13081 18775
13081 13080 13083
18775 13083 18777
13021 18711 18735
13022 13021 13025
13020 13053 13054
13025 18735 18712
13270 13351 13333
19011 19012 19013
19014 19015 19016
19014 19016 19017
19018 19019 19020
19018 19020 19021
19022 19023 19024
19022 19024 19025
19026 19027 19028
19026 19028 19029
19030 19031 19032
19030 19032 19033
19034 19035 19036
19034 19036 19037
19038 19039 19040
19038 19040 19041
19042 19043 19044
19042 19044 19045
19046 19047 19048
19049 19050 19051
19049 19051 19052
19053 19054 19055
19053 19055 19056
19057 19058 19013
19057 19013 19059
19011 19060 19061
19062 19063 19064
19065 19066 19067
19065 19067 19068
19069 19070 19071
19069 19071 19072
19073 19074 19075
19073 19075 19076
19077 19078 19079
19077 19079 19080
19081 19082 19083
19081 19083 19084
19085 19086 19087
19085 19087 19088
19089 19090 19091
19089 19091 19092
19093 19094 19095
19093 19095 19096
19097 19098 19099
19100 19101 19102
19100 19102 19103
19104 19105 19106
19104 19106 19107
19108 19109 19064
19108 19064 19110
19062 19111 19112
19060 19011 19013
19060 19013 19058
19113 19114 19115
19116 19117 19118
19060 19058 19119
19111 19062 19064
19111 19064 19109
19120 19121 19122
19123 19124 19125
19111 19109 19126
19127 19128 19129
19127 19129 19130
19131 19034 19037
19131 19037 19132
19052 19051 19133
19057 19059 19134
19135 19136 19137
19135 19137 19138
19139 19140 19141
19139 19141 19142
19103 19102 19143
19108 19110 19144
19145 19146 19147
19148 19149 19150
19148 19150 19151
19152 19153 19154
19152 19154 19155
19156 19157 19158
19156 19158 19159
19160 19161 19162
19160 19162 19163
19164 19165 19166
19164 19166 19167
19168 19169 19170
19168 19170 19171
19172 19173 19174
19172 19174 19175
19176 19177 19178
19176 19178 19179
19180 19181 19182
19183 19184 19185
19183 19185 19186
19187 19188 19189
19187 19189 19190
19146 19191 19192
19146 19192 19193
19145 19194 19195
19196 19197 19198
19199 19200 19201
19199 19201 19202
19203 19204 19205
19203 19205 19206
19207 19208 19209
19207 19209 19210
19211 19212 19213
19211 19213 19214
19215 19216 19217
19215 19217 19218
19219 19220 19221
19219 19221 19222
19223 19224 19225
19223 19225 19226
19227 19228 19229
19227 19229 19230
19231 19232 19233
19234 19235 19236
19234 19236 19237
19238 19239 19240
19238 19240 19241
19197 19242 19243
19197 19243 19244
19196 19245 19246
19146 19145 19195
19146 19195 19191
19247 19248 19249
19250 19251 19252
19195 19253 19191
19197 19196 19246
19197 19246 19242
19254 19255 19256
19257 19258 19259
19246 19260 19242
19261 19262 19263
19261 19263 19264
19171 19170 19265
19171 19265 19266
19184 19267 19185
19192 19268 19193
19269 19270 19271
19269 19271 19272
19273 19274 19275
19273 19275 19276
19235 19277 19236
19243 19278 19244
19279 19280 19281
19280 19282 19281
19282 19283 19281
19283 19284 19281
19284 19285 19281
19285 19286 19281
19286 19287 19281
19287 19279 19281
19288 19289 19290
19291 19289 19292
19293 19294 19295
19296 19295 19297
19298 19295 19299
19300 19289 19301
19295 19302 19303
19295 19304 19305
19292 19289 19306
19302 19295 19307
19293 19295 19298
19289 19308 19301
19290 19289 19291
19289 19300 19309
19306 19289 19309
19299 19295 19296
19295 19303 19304
19305 19310 19295
19295 19311 19312
19295 19310 19311
19295 19312 19313
19295 19313 19297
19314 19315 19316
19317 19318 19316
19319 19320 19321
19322 19323 19320
19324 19325 19320
19326 19327 19316
19320 19328 19329
19320 19330 19331
19318 19332 19316
19329 19333 19320
19319 19324 19320
19316 19327 19334
19315 19317 19316
19316 19335 19326
19332 19335 19316
19325 19322 19320
19320 19331 19328
19330 19320 19336
19320 19337 19338
19320 19338 19336
19320 19339 19337
19320 19323 19339
19340 19341 19342
19340 19342 19343
19344 19345 19343
19344 19343 19342
19345 19344 19346
19345 19346 19347
19348 19349 19350
19348 19350 19351
19352 19353 19354
19352 19354 19355
19356 19357 19352
19356 19352 19355
19358 19357 19356
19358 19356 19359
19350 19360 19361
19350 19361 19351
19362 19363 19364
19365 19366 19364
19367 19368 19365
19369 19358 19359
19369 19359 19361
19370 19371 19368
19369 19361 19360
19372 19373 19374
19375 19376 19377
19378 19374 19373
19379 19378 19373
19380 19378 19381
19375 19382 19346
19375 19346 19376
19383 19384 19385
19383 19385 19376
19386 19387 19388
19386 19388 19389
19390 19380 19391
19392 19393 19394
19395 19396 19394
19395 19394 19393
19396 19395 19397
19396 19397 19398
19397 19399 19398
19400 19401 19402
19401 19403 19404
19401 19404 19402
19405 19404 19403
19405 19403 19406
19407 19405 19406
19407 19406 19408
19383 19409 19410
19383 19410 19384
19411 19410 19409
19411 19409 19412
19413 19411 19412
19413 19412 19414
19387 19415 19416
19387 19416 19388
19417 19416 19415
19417 19415 19418
19419 19417 19418
19419 19418 19420
19391 19421 19422
19391 19422 19390
19423 19422 19421
19423 19421 19424
19423 19424 19425
19426 19425 19424
19426 19424 19427
19428 19419 19420
19428 19420 19429
19429 19430 19428
19427 19431 19432
19427 19432 19426
19433 19432 19431
19433 19431 19434
19435 19436 19413
19435 19413 19414
19435 19437 19438
19435 19438 19436
19439 19440 19407
19439 19407 19408
19440 19439 19441
19442 19443 19444
19442 19444 19445
19446 19443 19447
19448 19449 19450
19448 19450 19451
19452 19451 19450
19452 19450 19453
19453 19446 19452
19454 19445 19444
19454 19444 19455
19446 19447 19456
19447 19443 19442
19452 19446 19456
19365 19368 19366
19364 19366 19362
19457 19458 19459
19457 19459 19460
19461 19462 19463
19461 19463 19464
19462 19465 19466
19462 19466 19463
19467 19468 19469
19467 19469 19470
19471 19472 19473
19471 19473 19474
19475 19476 19477
19478 19469 19479
19478 19479 19480
19477 19481 19475
19482 19470 19478
19483 19484 19485
19483 19485 19486
19464 19487 19488
19464 19488 19461
19475 19489 19476
19483 19486 19490
19483 19490 19491
19492 19493 19494
19495 19475 19481
19496 19497 19498
19499 19496 19484
19499 19484 19500
19496 19499 19497
19501 19502 19485
19501 19485 19493
19492 19501 19493
19477 19503 19504
19477 19504 19481
19469 19478 19470
19505 19506 19507
19505 19507 19508
19509 19510 19511
19509 19511 19512
19513 19514 19515
19516 19517 19518
19516 19518 19519
19520 19517 19521
19520 19521 19522
19523 19520 19522
19523 19522 19524
19525 19526 19527
19525 19527 19528
19526 19525 19529
19530 19531 19532
19530 19532 19533
19512 19507 19506
19512 19506 19509
19534 19535 19536
19537 19538 19539
19537 19539 19535
19538 19540 19541
19538 19541 19539
19527 19542 19514
19527 19514 19528
19518 19543 19519
19502 19486 19485
19484 19483 19500
19544 19545 19546
19544 19546 19547
19548 19549 19545
19548 19545 19544
19550 19551 19549
19550 19549 19548
19550 19552 19553
19550 19553 19551
19552 19554 19555
19552 19555 19553
19531 19511 19510
19531 19510 19532
19505 19508 19459
19505 19459 19458
19514 19542 19556
19514 19556 19515
19557 19537 19535
19534 19557 19535
19525 19558 19529
19558 19559 19529
19541 19560 19561
19541 19540 19560
19562 19559 19558
19562 19558 19563
19564 19565 19566
19564 19566 19567
19565 19564 19568
19569 19570 19567
19569 19567 19566
19570 19569 19571
19570 19571 19572
19573 19574 19575
19573 19576 19574
19574 19577 19575
19578 19574 19576
19578 19576 19579
19580 19581 19579
19580 19579 19582
19583 19584 19585
19586 19587 19588
19586 19588 19589
19587 19586 19590
19590 19591 19587
19591 19592 19587
19588 19593 19589
19555 19554 19594
19555 19594 19595
19594 19596 19597
19594 19597 19595
19580 19582 19585
19584 19580 19585
19588 19598 19599
19588 19599 19593
19584 19583 19600
19584 19600 19601
19562 19600 19583
19562 19583 19559
19602 19603 19604
19602 19604 19605
19377 19376 19606
19380 19381 19607
19370 19368 19367
19348 19375 19377
19348 19377 19349
19608 19607 19609
19385 19610 19606
19606 19376 19385
19380 19607 19608
19611 19378 19379
19612 19373 19372
19604 19603 19613
19588 19614 19598
19391 19380 19608
19381 19378 19611
19615 19616 19612
19615 19612 19372
18251 19617 18252
19618 19619 19620
19618 19620 19621
19622 19623 19624
19622 19624 19625
19626 19621 19627
19626 19627 19628
19626 19618 19621
19629 19625 19624
19630 19631 19632
19630 19632 19633
19625 19629 19634
19625 19634 19635
19631 19630 19636
19631 19636 19637
19638 19637 19636
19638 19636 19639
19640 19641 19642
19640 19642 19643
19644 19645 19646
19644 19646 19647
19648 19649 19650
19648 19650 19651
19652 19653 19654
19652 19654 19645
19652 19645 19644
19655 19650 19649
19656 19657 19658
19656 19658 19659
19649 19660 19661
19649 19661 19655
19659 19662 19663
19659 19663 19656
19664 19665 19663
19664 19663 19662
19666 19667 19668
19666 19668 19669
19670 19671 19672
19670 19672 19673
19674 19675 19676
19674 19676 19677
19678 19679 19680
19678 19680 19681
19682 19683 19684
19682 19684 19685
19677 19686 19687
19677 19687 19674
19679 19688 19689
19679 19689 19680
19690 19691 19692
19690 19692 19693
19694 19695 19689
19694 19689 19688
19696 19697 19698
19696 19698 19699
19700 19682 19685
19700 19685 19701
19702 19703 19704
19702 19704 19705
19706 19707 19708
19706 19708 19709
19703 19702 19710
19703 19710 19711
19709 19708 19712
19709 19712 19713
19707 19706 19714
19707 19714 19715
19716 19717 19687
19716 19687 19686
19718 19719 19720
19718 19720 19721
19722 19723 19724
19722 19724 19725
19726 19718 19721
19726 19721 19727
19728 19729 19730
19728 19730 19731
19732 19733 19734
19732 19734 19735
19735 19734 19736
19735 19736 19737
19737 19736 19738
19737 19738 19739
19740 19741 19729
19740 19729 19728
19673 19672 19742
19673 19742 19743
19720 19719 19744
19720 19744 19745
19746 19747 19748
19746 19748 19749
19750 19751 19752
19750 19752 19753
19754 19755 19756
19754 19756 19757
19758 19759 19760
19758 19760 19761
19751 19750 19762
19751 19762 19763
19757 19756 19764
19757 19764 19765
19766 19767 19768
19766 19768 19769
19770 19765 19764
19770 19764 19771
19772 19773 19774
19772 19774 19775
19776 19777 19759
19776 19759 19758
19778 19779 19780
19778 19780 19781
19782 19783 19784
19782 19784 19785
19781 19786 19787
19781 19787 19778
19783 19788 19789
19783 19789 19784
19785 19790 19791
19785 19791 19782
19792 19763 19762
19792 19762 19793
19794 19795 19796
19794 19796 19797
19798 19799 19800
19798 19800 19801
19802 19803 19795
19802 19795 19794
19804 19805 19806
19804 19806 19807
19808 19809 19810
19808 19810 19811
19809 19812 19813
19809 19813 19810
19812 19814 19815
19812 19815 19813
19816 19804 19807
19816 19807 19817
19747 19818 19819
19747 19819 19748
19796 19820 19821
19796 19821 19797
19822 19823 19824
19825 19823 19826
19827 19825 19828
19829 19830 19831
19829 19831 19832
19833 19823 19825
19833 19825 19834
19835 19834 19825
19835 19825 19832
19836 19835 19832
19836 19832 19831
19823 19833 19837
19823 19837 19824
19838 19839 19840
19838 19840 19841
19840 19839 19842
19840 19842 19843
19842 19844 19845
19842 19845 19843
19846 19838 19841
19846 19841 19847
19848 19849 19850
19848 19850 19851
19852 19851 19850
19852 19850 19853
19848 19854 19855
19848 19855 19849
19856 19837 19845
19854 19857 19858
19854 19858 19855
19856 19859 19860
19861 19852 19853
19861 19853 19862
19863 19864 19861
19863 19861 19862
19836 19865 19866
19836 19866 19847
19867 19864 19863
19868 19869 19870
19868 19870 19871
19872 19873 19874
19872 19874 19875
19876 19877 19872
19876 19872 19875
19878 19877 19879
19880 19881 19858
19880 19858 19879
19880 19882 19859
19871 19870 19883
19871 19884 19885
19874 19886 19887
19875 19887 19888
19889 19890 19891
19889 19891 19892
19893 19894 19892
19893 19892 19891
19889 19895 19896
19889 19896 19890
19895 19897 19898
19895 19898 19896
19899 19900 19894
19899 19894 19893
19901 19902 19900
19901 19900 19899
19903 19902 19901
19870 19904 19903
19870 19903 19905
19897 19906 19907
19897 19907 19898
19906 19908 19907
19877 19908 19909
19877 19909 19872
19910 19904 19870
19910 19870 19869
19911 19873 19872
19911 19872 19909
19912 19913 19914
19912 19914 19915
19916 19917 19915
19916 19915 19914
19912 19918 19919
19912 19919 19913
19918 19920 19921
19918 19921 19919
19920 19922 19923
19920 19923 19921
19922 19924 19923
19925 19926 19917
19925 19917 19916
19927 19928 19926
19927 19926 19925
19929 19928 19927
19930 19929 19903
19930 19903 19904
19931 19930 19904
19931 19904 19910
19908 19924 19932
19908 19932 19909
19909 19932 19933
19909 19933 19911
19934 19935 19936
19934 19936 19937
19938 19939 19937
19938 19937 19936
19934 19940 19941
19934 19941 19935
19942 19943 19939
19942 19939 19938
19940 19944 19945
19940 19945 19941
19946 19947 19943
19946 19943 19942
19948 19937 19949
19950 19951 19939
19952 19950 19939
19952 19939 19943
19953 19952 19943
19953 19943 19947
19954 19955 19947
19954 19947 19956
19934 19957 19958
19934 19958 19940
19940 19958 19959
19940 19959 19944
19944 19959 19960
19944 19960 19961
19962 19963 19954
19962 19954 19956
19964 19965 19963
19964 19963 19962
19966 19967 19968
19966 19968 19969
19960 19970 19961
19971 19966 19969
19971 19969 19972
19956 19947 19946
19944 19961 19973
19944 19973 19945
19930 19962 19956
19930 19956 19929
19931 19964 19962
19931 19962 19930
19969 19968 19933
19969 19933 19932
19961 19972 19973
19972 19969 19932
19972 19932 19924
19876 19974 19975
19871 19883 19976
19871 19976 19884
19977 19978 19979
19880 19856 19881
19837 19856 19860
19837 19860 19824
19823 19822 19980
19825 19827 19832
19832 19827 19829
19865 19836 19831
19865 19831 19981
19981 19831 19830
19981 19830 19982
19983 19866 19977
19865 19984 19978
19880 19859 19856
19880 19876 19985
19880 19985 19986
19875 19974 19876
19979 19976 19883
19979 19883 19977
19883 19867 19977
19984 19987 19988
19880 19986 19882
19876 19975 19985
19875 19888 19974
19874 19887 19875
19868 19885 19989
19871 19885 19868
19822 19990 19980
19947 19955 19953
19937 19951 19949
19939 19951 19937
19959 19991 19960
19992 19952 19953
19937 19948 19934
19934 19948 19957
19993 19994 19948
19993 19948 19949
19994 19995 19996
19994 19996 19997
19997 19996 19998
19997 19998 19999
20000 19994 19993
19993 20001 20000
20002 20003 20004
20002 20004 20005
20003 20001 20006
20003 20006 20004
20006 20001 19993
20007 20002 20005
19998 20008 19999
19972 19970 19971
19961 19970 19972
19865 19981 19984
19981 19987 19984
19883 19870 19867
19995 19994 20000
19981 19982 19987
19825 19826 19828
19826 19823 19980
19870 19905 19867
19905 19864 19867
19850 19849 19842
19850 19842 19839
19853 19850 19839
19853 19839 19838
19849 19855 19844
19849 19844 19842
19855 19858 19881
19855 19881 19844
19862 19853 19838
19862 19838 19846
19983 19863 19862
19983 19862 19846
19879 19858 19857
19879 19857 19878
19851 19891 19890
19851 19890 19848
19852 19893 19891
19852 19891 19851
19890 19896 19854
19890 19854 19848
19896 19898 19857
19896 19857 19854
19861 19899 19893
19861 19893 19852
19864 19901 19899
19864 19899 19861
19898 19907 19878
19898 19878 19857
19892 19914 19913
19892 19913 19889
19894 19916 19914
19894 19914 19892
19913 19919 19895
19913 19895 19889
19919 19921 19897
19919 19897 19895
19921 19923 19906
19921 19906 19897
19900 19925 19916
19900 19916 19894
19902 19927 19925
19902 19925 19900
19915 19936 19935
19915 19935 19912
19917 19938 19936
19917 19936 19915
19935 19941 19918
19935 19918 19912
19926 19942 19938
19926 19938 19917
19941 19945 19920
19941 19920 19918
19928 19946 19942
19928 19942 19926
19945 19973 19922
19945 19922 19920
19973 19924 19922
19973 19972 19924
19923 19924 19908
19923 19908 19906
19907 19908 19877
19907 19877 19878
19879 19876 19880
19879 19877 19876
19929 19946 19928
19956 19946 19929
19929 19927 19903
19903 19927 19902
19903 19901 19905
19905 19901 19864
19841 19840 19834
19841 19834 19835
19840 19843 19833
19840 19833 19834
19843 19845 19837
19843 19837 19833
19847 19841 19835
19847 19835 19836
19847 19866 19983
19847 19983 19846
19856 19845 19881
19881 19845 19844
19867 19863 19977
19977 19863 19983
19978 19866 19865
19977 19866 19978
20009 20010 20011
20012 20013 20011
20014 20015 20012
20016 20017 20018
20016 20018 20019
20020 20021 20012
20020 20012 20011
20022 20019 20012
20022 20012 20021
20023 20016 20019
20023 20019 20022
20024 20020 20011
20024 20011 20010
20025 20026 20027
20025 20027 20028
20029 20026 20025
20029 20025 20030
20029 20030 20031
20029 20031 20032
20033 20034 20028
20033 20028 20027
20035 20036 20037
20035 20037 20038
20039 20040 20037
20039 20037 20036
20035 20038 20041
20035 20041 20042
20043 20031 20024
20044 20045 20042
20044 20042 20041
20043 20046 20047
20048 20049 20040
20048 20040 20039
20048 20050 20051
20048 20051 20049
20052 20053 20023
20052 20023 20034
20054 20051 20050
20055 20056 20057
20055 20057 20058
20059 20060 20061
20059 20061 20062
20059 20063 20064
20059 20064 20060
20065 20066 20063
20067 20066 20044
20067 20044 20068
20067 20047 20069
20058 20070 20055
20058 20071 20072
20061 20073 20074
20060 20075 20073
20076 20077 20078
20076 20078 20079
20077 20080 20081
20077 20081 20078
20076 20079 20082
20076 20082 20083
20083 20082 20084
20083 20084 20085
20080 20086 20087
20080 20087 20081
20086 20088 20089
20086 20089 20087
20090 20089 20088
20090 20091 20055
20090 20055 20092
20085 20084 20093
20085 20093 20094
20094 20093 20095
20096 20095 20063
20096 20063 20059
20097 20056 20055
20097 20055 20091
20059 20062 20098
20059 20098 20096
20099 20100 20101
20099 20101 20102
20100 20103 20104
20100 20104 20101
20099 20102 20105
20099 20105 20106
20106 20105 20107
20106 20107 20108
20108 20107 20109
20108 20109 20110
20110 20109 20111
20103 20112 20113
20103 20113 20104
20112 20114 20115
20112 20115 20113
20116 20115 20114
20117 20091 20090
20117 20090 20116
20118 20097 20091
20118 20091 20117
20119 20111 20095
20119 20095 20096
20120 20119 20096
20120 20096 20098
20121 20122 20123
20121 20123 20124
20122 20125 20126
20122 20126 20123
20121 20124 20127
20121 20127 20128
20125 20129 20130
20125 20130 20126
20128 20127 20131
20128 20131 20132
20129 20133 20134
20129 20134 20130
20135 20136 20122
20137 20125 20138
20139 20129 20125
20139 20125 20137
20140 20133 20129
20140 20129 20139
20141 20142 20133
20141 20133 20143
20144 20145 20121
20144 20121 20128
20146 20144 20128
20146 20128 20132
20147 20146 20132
20147 20132 20148
20141 20149 20150
20141 20150 20142
20149 20151 20152
20149 20152 20150
20153 20154 20155
20153 20155 20156
20147 20148 20157
20158 20159 20154
20158 20154 20153
20142 20134 20133
20132 20131 20160
20132 20160 20148
20142 20150 20117
20142 20117 20116
20150 20152 20118
20150 20118 20117
20154 20119 20120
20154 20120 20155
20148 20160 20159
20159 20111 20119
20159 20119 20154
20064 20161 20162
20058 20072 20163
20058 20163 20070
20164 20165 20166
20067 20068 20043
20046 20043 20024
20046 20024 20010
20011 20167 20009
20012 20019 20014
20019 20018 20014
20016 20023 20053
20016 20053 20168
20017 20016 20168
20017 20168 20169
20170 20164 20052
20053 20166 20171
20067 20043 20047
20172 20064 20067
20172 20067 20173
20060 20064 20162
20070 20163 20165
20070 20165 20164
20070 20164 20054
20171 20174 20175
20067 20069 20173
20064 20172 20161
20060 20162 20075
20061 20060 20073
20057 20176 20071
20058 20057 20071
20009 20167 20177
20133 20140 20143
20122 20136 20138
20125 20122 20138
20146 20147 20178
20179 20140 20139
20122 20121 20135
20121 20145 20135
20180 20136 20135
20180 20135 20181
20181 20182 20183
20181 20183 20184
20185 20183 20182
20185 20182 20186
20187 20180 20181
20180 20187 20188
20189 20190 20191
20189 20191 20192
20192 20193 20188
20192 20191 20193
20193 20180 20188
20194 20190 20189
20185 20186 20195
20159 20158 20157
20148 20159 20157
20053 20171 20168
20168 20171 20175
20070 20054 20055
20184 20187 20181
20168 20175 20169
20012 20015 20013
20013 20167 20011
20055 20054 20092
20092 20054 20050
20037 20026 20029
20037 20029 20038
20040 20027 20026
20040 20026 20037
20038 20029 20032
20038 20032 20041
20041 20032 20068
20041 20068 20044
20049 20033 20027
20049 20027 20040
20049 20051 20170
20049 20170 20033
20066 20065 20045
20066 20045 20044
20079 20078 20036
20079 20036 20035
20078 20081 20039
20078 20039 20036
20079 20035 20042
20079 20042 20082
20082 20042 20045
20082 20045 20084
20081 20087 20048
20081 20048 20039
20087 20089 20050
20087 20050 20048
20084 20045 20065
20084 20065 20093
20102 20101 20077
20102 20077 20076
20101 20104 20080
20101 20080 20077
20102 20076 20083
20102 20083 20105
20105 20083 20085
20105 20085 20107
20107 20085 20094
20107 20094 20109
20104 20113 20086
20104 20086 20080
20113 20115 20088
20113 20088 20086
20124 20123 20100
20124 20100 20099
20123 20126 20103
20123 20103 20100
20124 20099 20106
20124 20106 20127
20126 20130 20112
20126 20112 20103
20127 20106 20108
20127 20108 20131
20130 20134 20114
20130 20114 20112
20131 20108 20110
20131 20110 20160
20160 20110 20111
20160 20111 20159
20109 20095 20111
20109 20094 20095
20093 20063 20095
20093 20065 20063
20066 20067 20064
20066 20064 20063
20116 20114 20134
20142 20116 20134
20116 20090 20115
20090 20088 20115
20090 20092 20089
20092 20050 20089
20028 20022 20021
20028 20021 20025
20025 20021 20020
20025 20020 20030
20030 20020 20024
20030 20024 20031
20034 20023 20022
20034 20022 20028
20034 20033 20170
20034 20170 20052
20043 20068 20031
20068 20032 20031
20054 20164 20051
20164 20170 20051
20166 20053 20052
20164 20166 20052
