byte offset: 0
first index: 0
index count: 42759
topology: trianglelist
format: DXGI_FORMAT_R16_UINT

0 1 2
0 2 3
4 5 6
7 4 8
4 9 5
10 11 12
10 12 13
14 15 16
13 12 17
13 17 18
19 20 15
19 15 14
21 22 23
16 24 25
26 27 25
28 14 16
28 16 3
0 13 1
29 19 28
30 23 29
3 16 25
3 25 0
31 29 28
31 28 32
32 28 3
32 3 2
33 34 35
35 30 36
9 37 38
9 38 39
9 40 37
41 17 12
41 12 42
26 43 44
26 44 27
45 24 15
45 15 46
20 47 48
20 48 49
42 12 11
42 11 50
45 43 26
45 26 24
51 52 22
51 22 34
29 31 30
34 22 21
34 33 53
34 53 51
23 47 20
23 20 19
23 19 29
47 52 48
27 11 10
0 25 10
27 44 50
27 50 11
10 13 0
31 36 30
24 26 25
15 24 16
6 54 4
46 15 20
46 20 49
9 39 5
7 55 4
4 54 8
47 22 52
55 56 4
13 18 1
19 14 28
30 21 23
27 10 25
35 21 30
34 21 35
22 47 23
57 58 2
57 2 1
59 60 61
62 63 59
59 61 64
65 66 67
65 67 68
69 70 71
66 18 17
66 17 67
72 69 71
72 71 73
74 75 76
70 77 78
79 77 80
81 58 70
81 70 69
57 1 66
82 81 72
83 82 75
58 57 77
58 77 70
31 32 81
31 81 82
32 2 58
32 58 81
33 35 84
35 36 83
64 85 86
64 86 87
64 87 88
67 17 41
67 41 89
90 91 79
90 79 80
71 78 92
71 92 93
73 94 95
73 95 96
89 97 68
89 68 67
79 91 92
79 92 78
76 98 99
76 99 84
82 83 31
84 74 76
84 99 53
84 53 33
73 96 75
73 75 72
75 82 72
96 95 98
80 65 68
57 65 77
97 90 80
97 80 68
65 57 66
31 83 36
78 77 79
71 70 78
60 59 100
73 71 93
73 93 94
64 61 85
62 59 101
59 63 100
96 98 76
101 59 102
66 1 18
72 81 69
83 75 74
80 77 65
35 83 74
84 35 74
76 75 96
103 104 105
106 107 108
109 110 111
110 112 113
114 110 109
114 109 115
116 110 117
116 117 118
119 104 120
121 122 123
124 122 125
126 127 128
126 128 129
130 131 132
130 132 133
129 128 134
135 136 137
138 139 140
138 140 141
105 131 130
113 107 106
113 106 110
132 131 104
132 104 119
122 142 103
143 106 108
143 108 144
120 142 145
146 147 148
148 147 136
147 149 136
150 147 146
103 142 104
103 105 151
103 151 152
110 116 111
141 140 127
141 127 126
117 110 106
117 106 153
150 154 155
122 103 152
120 156 157
120 157 119
123 124 158
123 158 159
125 160 161
125 161 162
163 133 132
163 132 164
135 137 165
135 165 166
164 132 119
164 119 157
167 145 121
167 121 168
110 114 112
149 150 130
133 137 149
133 149 130
155 151 105
155 105 150
163 165 137
163 137 133
169 170 153
169 153 106
106 171 169
171 106 143
171 143 172
129 134 173
134 128 174
149 147 150
137 136 149
130 150 105
150 146 154
124 125 162
124 162 158
125 175 160
125 122 175
123 159 168
123 168 121
123 122 124
145 167 156
145 156 120
145 142 121
122 152 175
121 142 122
155 154 176
105 104 131
120 104 142
177 178 179
180 181 182
183 184 185
186 187 184
185 184 188
185 188 189
190 118 117
190 117 184
191 178 192
193 194 195
196 194 197
198 199 200
198 200 201
202 203 204
202 204 205
206 198 201
207 208 209
138 210 211
138 211 139
204 203 177
182 181 186
182 186 184
202 192 178
202 178 203
179 212 194
180 182 213
180 213 214
215 212 191
216 217 218
208 217 216
208 219 217
218 217 220
178 212 179
179 152 151
179 151 177
183 190 184
210 200 199
210 199 211
117 153 182
117 182 184
155 221 220
152 179 194
222 223 191
222 191 192
193 224 225
193 225 197
196 226 161
196 161 160
227 228 202
227 202 205
209 229 230
209 230 207
228 222 192
228 192 202
231 232 195
231 195 215
187 188 184
204 220 219
205 204 219
205 219 207
155 220 177
155 177 151
227 205 207
227 207 230
233 182 153
233 153 170
233 234 182
213 182 234
213 234 235
236 206 201
237 198 206
220 217 219
219 208 207
177 220 204
221 218 220
197 225 226
197 226 196
160 175 196
175 194 196
193 195 232
193 232 224
197 194 193
215 191 223
215 223 231
195 212 215
175 152 194
194 212 195
176 221 155
203 178 177
212 178 191
238 239 240
238 240 241
242 243 244
242 244 245
246 247 248
246 248 249
249 248 250
249 250 251
252 253 254
252 254 255
256 257 253
256 253 252
258 259 260
258 260 261
261 260 262
261 262 263
264 265 266
267 268 269
268 267 247
268 247 246
265 264 259
265 259 258
270 271 272
270 272 273
274 270 273
274 273 275
276 277 278
276 278 279
277 280 281
277 281 278
282 255 254
282 254 283
284 282 283
284 283 285
286 287 288
286 288 289
287 290 291
287 291 288
292 293 294
295 296 297
296 276 279
296 279 297
293 286 289
293 289 294
298 299 300
298 300 301
300 302 303
300 303 301
303 304 305
303 305 306
305 307 308
305 308 306
309 310 311
309 311 312
309 312 313
309 313 314
315 314 313
315 313 316
317 318 319
317 319 320
321 322 323
321 323 324
324 323 325
324 325 326
326 325 327
326 327 328
329 328 327
329 327 330
303 302 304
315 316 318
315 318 317
331 332 333
331 333 334
331 334 335
331 335 336
337 338 335
337 335 339
337 339 308
337 308 307
311 310 340
311 340 341
340 342 343
340 343 341
343 342 344
343 344 345
346 347 348
346 348 349
350 351 352
350 352 353
351 354 355
351 355 352
354 356 357
354 357 355
357 356 329
357 329 330
336 335 338
344 346 349
344 349 345
358 359 360
358 360 361
362 363 364
362 364 365
366 367 368
366 369 367
366 370 369
366 371 370
366 372 371
366 373 372
366 374 373
366 375 374
368 367 376
368 376 377
367 369 378
367 378 376
369 370 379
369 379 378
370 371 380
370 380 379
371 372 381
371 381 380
372 373 382
372 382 381
373 374 383
373 383 382
374 375 384
374 384 383
377 376 385
377 385 386
376 378 387
376 387 385
378 379 388
378 388 387
379 380 389
379 389 388
380 381 390
380 390 389
381 382 391
381 391 390
382 383 392
382 392 391
383 384 393
383 393 392
386 385 394
386 394 395
385 387 396
385 396 394
387 388 397
387 397 396
388 389 398
388 398 397
389 390 399
389 399 398
390 391 400
390 400 399
391 392 401
391 401 400
392 393 402
392 402 401
403 404 405
403 405 406
404 407 408
404 408 405
407 409 410
407 410 408
409 411 412
409 412 410
411 413 414
411 414 412
413 415 416
413 416 414
415 417 418
415 418 416
417 419 420
417 420 418
421 422 423
421 423 424
425 426 422
425 422 421
427 428 426
427 426 425
429 430 428
429 428 427
431 432 430
431 430 429
433 434 432
433 432 431
435 436 434
435 434 433
437 438 436
437 436 435
439 440 441
442 440 439
443 440 442
444 440 443
445 440 444
446 440 445
447 440 446
441 440 447
448 449 450
451 452 453
454 455 456
457 456 458
449 459 460
461 458 462
463 464 465
463 465 466
467 468 469
467 469 470
471 472 473
471 473 474
475 476 477
475 477 478
479 480 481
482 483 484
482 484 485
459 486 460
487 488 489
490 491 492
493 494 495
496 497 498
496 498 499
500 501 502
503 504 505
503 505 506
507 452 508
486 509 510
488 511 512
513 514 474
513 474 473
449 461 462
487 510 488
484 515 485
516 517 518
516 518 495
519 520 504
519 504 503
521 522 523
458 524 462
468 467 464
468 464 463
501 476 525
462 450 449
451 526 527
461 487 457
478 528 529
478 529 530
531 532 533
531 533 534
526 535 527
479 481 530
479 530 529
472 471 532
472 532 531
487 461 460
487 460 510
449 460 461
527 512 452
456 457 454
456 536 537
505 494 493
505 493 506
452 512 538
452 538 508
524 458 537
524 537 539
454 489 527
515 492 540
517 496 499
517 499 518
455 454 535
477 528 478
470 469 534
470 534 533
535 454 527
455 536 456
451 527 452
521 541 542
521 543 522
520 519 514
520 514 513
544 453 452
545 546 539
545 539 537
536 545 537
502 501 525
502 525 547
476 475 525
521 548 541
521 542 543
494 516 495
549 550 481
550 551 481
552 549 481
480 553 481
553 552 481
515 540 485
491 540 492
462 554 450
456 537 458
454 457 489
527 489 512
488 512 489
487 489 457
461 457 458
486 510 460
509 555 510
488 510 555
488 555 556
511 538 512
488 556 511
507 557 452
557 544 452
524 554 462
448 459 449
521 558 548
448 450 559
560 561 562
563 564 565
566 567 564
559 568 569
570 571 567
572 573 574
572 574 575
576 577 578
576 578 579
580 581 582
580 582 583
584 585 586
584 586 587
588 589 590
591 592 593
591 593 594
569 568 595
596 597 598
599 600 601
602 603 604
605 606 607
605 607 608
609 610 611
612 613 614
612 614 615
616 617 562
595 618 619
598 620 621
622 582 581
622 581 623
559 571 570
596 598 618
593 592 624
625 603 626
625 626 627
628 612 615
628 615 629
630 631 632
567 571 524
579 572 575
579 575 576
611 633 587
571 559 450
560 634 635
570 566 596
585 636 637
585 637 638
639 640 641
639 641 642
635 634 643
588 637 636
588 636 589
583 639 642
583 642 580
596 568 570
596 618 568
559 570 568
634 562 620
564 563 566
564 644 645
614 613 602
614 602 604
562 617 646
562 646 620
524 539 644
524 644 567
563 634 597
624 647 600
627 626 606
627 606 605
565 643 563
586 585 638
577 641 640
577 640 578
643 634 563
565 564 645
560 562 634
630 648 649
630 632 650
629 622 623
629 623 628
651 562 561
652 539 546
652 644 539
645 644 652
633 611 610
633 610 653
587 633 584
630 649 654
630 650 648
604 603 625
655 589 656
656 589 657
658 589 655
590 589 659
659 589 658
624 592 647
601 600 647
571 450 554
564 567 644
563 597 566
634 620 597
598 597 620
596 566 597
570 567 566
595 568 618
619 618 660
598 661 660
598 660 618
621 620 646
598 621 661
616 562 662
662 562 651
524 571 554
448 559 569
630 654 663
664 665 666
667 668 669
667 669 670
671 672 673
671 673 674
675 671 674
675 674 676
677 678 679
677 679 680
680 681 682
680 682 677
683 684 685
676 686 687
676 687 675
688 689 690
691 692 685
666 693 688
694 669 668
694 668 695
696 697 664
696 664 698
699 700 701
699 701 702
703 696 698
703 698 690
672 694 695
672 695 673
693 683 685
688 685 689
704 705 706
704 706 707
708 709 710
711 712 713
711 713 714
715 716 717
715 717 718
719 715 718
719 718 720
721 722 723
721 723 724
724 723 705
724 705 704
725 726 727
725 727 728
720 729 730
720 730 719
728 731 732
728 732 733
734 731 728
734 728 727
710 735 728
710 728 733
736 713 712
736 712 737
738 739 740
738 740 741
742 743 744
742 744 745
738 741 746
707 706 742
707 742 745
716 736 737
716 737 717
735 725 728
701 700 682
701 682 681
697 696 747
741 740 708
741 708 733
746 741 733
746 733 732
747 696 748
749 750 699
749 699 702
748 696 703
685 684 691
685 692 689
693 685 688
666 688 698
708 710 733
664 666 698
688 690 698
664 751 665
667 670 752
667 752 753
754 755 756
754 756 757
758 759 755
758 755 754
760 761 762
760 762 763
761 760 764
761 764 765
766 767 768
759 758 769
759 769 770
771 772 773
774 767 775
751 771 776
777 778 753
777 753 752
779 780 664
779 664 697
781 782 783
781 783 784
785 772 780
785 780 779
757 756 778
757 778 777
776 767 766
771 773 767
786 787 788
786 788 789
708 790 709
711 714 791
711 791 792
793 794 795
793 795 796
797 798 794
797 794 793
799 800 801
799 801 802
800 786 789
800 789 801
803 804 805
803 805 806
798 797 807
798 807 808
804 809 810
804 810 811
812 805 804
812 804 811
790 809 804
790 804 813
814 815 792
814 792 791
816 817 740
816 740 739
818 819 820
818 820 821
816 822 817
787 819 818
787 818 788
796 795 815
796 815 814
813 804 803
783 765 764
783 764 784
697 747 779
817 809 708
817 708 740
822 810 809
822 809 817
747 823 779
824 782 781
824 781 825
823 785 779
767 774 768
767 773 775
776 771 767
751 780 771
708 809 790
664 780 751
771 780 772
826 827 828
829 827 826
830 827 829
831 827 830
832 827 831
833 827 832
834 827 833
828 827 834
835 836 837
835 837 838
836 839 840
836 840 837
839 841 842
839 842 840
841 843 844
841 844 842
843 845 846
843 846 844
845 847 848
845 848 846
847 849 850
847 850 848
849 851 852
849 852 850
853 854 855
853 855 856
857 858 854
857 854 853
859 860 861
859 861 862
862 861 858
862 858 857
863 864 865
863 865 866
867 868 864
867 864 863
869 870 871
869 871 872
872 871 868
872 868 867
873 874 875
876 877 878
877 876 860
874 873 870
874 870 869
879 856 855
879 855 880
881 879 880
881 880 882
883 884 885
883 885 886
884 881 882
884 882 885
887 866 865
887 865 888
889 887 888
889 888 890
891 892 893
891 893 894
892 889 890
892 890 893
895 896 897
898 899 900
899 883 886
896 891 894
896 894 897
901 902 903
901 903 904
904 905 906
904 906 901
907 908 909
907 909 910
911 903 902
911 902 912
913 911 912
913 912 914
915 913 914
915 914 916
917 918 919
917 919 920
921 922 923
921 923 924
925 926 927
925 927 928
929 928 927
929 927 930
931 929 930
931 930 932
920 931 932
920 932 917
933 934 935
933 935 936
937 938 939
937 939 940
941 942 943
941 943 944
944 943 945
944 945 946
946 945 947
946 947 948
949 948 947
949 947 950
919 918 922
919 922 921
940 939 942
940 942 941
951 952 915
951 915 916
905 909 908
905 908 906
923 953 954
923 954 924
937 936 935
937 935 938
955 956 957
955 957 958
959 960 961
959 961 962
963 964 965
963 965 966
967 968 969
967 969 970
971 972 973
971 973 974
975 976 977
975 977 978
979 980 981
979 981 982
983 984 985
986 972 987
988 989 990
988 990 991
992 970 969
992 969 993
994 995 996
994 996 997
997 998 999
997 999 1000
1001 1002 1003
1001 1003 1004
1005 1006 1007
1005 1007 1008
1009 1010 1011
1009 1011 1012
998 1013 1014
998 1014 999
1015 1016 1017
1015 1017 1018
1019 1020 1004
1019 1004 1003
1021 1022 1023
1021 1023 1024
1025 1026 1027
1025 1027 1028
1029 1030 1031
1029 1031 1032
1033 1005 1030
1033 1030 1029
1034 1035 1036
1034 1036 1037
1038 1039 1040
1038 1040 1037
1015 1041 1042
1015 1042 1016
1043 1020 1019
1044 1038 1045
1044 1045 1046
1047 1048 1049
1047 1049 1050
1051 1048 1052
1051 1052 1053
1054 1020 1043
1054 1043 1055
1056 1057 1048
1056 1048 1047
1058 1059 1060
1058 1060 1061
1053 1052 1060
1053 1060 1062
1055 1063 1064
1055 1064 1065
1066 1067 1064
1066 1064 1068
1061 1069 1070
1061 1070 1058
1071 1057 1072
1071 1072 1073
1074 1075 1076
1074 1076 1077
1033 1078 1079
1033 1079 1080
1081 956 1082
1081 1082 1083
1084 1085 1086
1087 1084 1086
1088 1076 1075
1088 1075 1089
1088 1090 1081
1088 1081 1083
1091 1005 1092
1018 1093 1015
1093 1041 1015
1094 1095 1096
1094 1096 1026
1075 1097 1098
1075 1098 1089
1099 975 978
1099 978 991
977 976 1100
977 1100 1101
1070 1069 1102
1070 1102 1103
1008 1007 1104
1008 1104 1105
1104 1007 1018
1104 1018 1012
1021 1106 1091
1021 1091 1107
1050 1108 1041
1050 1041 1047
1109 1110 1111
1109 1111 1112
1113 1029 1032
1113 1032 1114
1115 984 983
1116 978 977
1117 1118 1119
1120 1116 977
1095 1094 1121
1095 1121 1122
1006 1005 1033
1006 1033 1080
1123 1031 1030
1123 1030 1106
1106 1030 1005
1106 1005 1091
1056 1109 1072
1124 1027 1026
1124 1026 1096
1110 1080 1079
1110 1079 1111
1089 1125 1090
1089 1090 1088
1125 1089 1098
1125 1098 1126
1127 1128 1123
1127 1123 1024
1014 1129 1130
1014 1130 1131
1039 1043 1019
1039 1019 1040
1132 1044 1046
1132 1046 1133
1134 1097 1135
1134 1135 1136
1097 1075 1074
1097 1074 1135
1137 1138 1139
1137 1139 1140
1117 1119 1141
1067 1066 1142
1067 1142 1143
1091 1144 1107
1092 1145 1144
1092 1144 1091
1092 1008 1146
1092 1146 1145
1105 1147 1146
1105 1146 1008
1138 1137 1148
1138 1148 1073
1072 1109 1112
1072 1112 1149
1150 1139 1138
1150 1138 1149
1151 1152 1153
1151 1153 1154
955 1155 1156
955 1156 1157
1158 1113 1114
1158 1114 1159
1049 1048 1051
1049 1051 1160
1108 1161 1042
1108 1042 1041
1148 1162 1163
1148 1163 1164
1165 1166 1167
1165 1167 1168
1065 1064 1067
1065 1067 1165
1169 1170 1171
1169 1171 1172
1173 1174 964
1173 964 963
1008 1092 1005
1047 1041 1093
1047 1093 1056
1110 1109 1056
1110 1056 1093
1006 1080 1110
1006 1110 1093
1007 1006 1093
1007 1093 1018
1048 1057 1052
1060 1052 1057
1164 1071 1073
1164 1073 1148
985 984 1175
985 1175 1176
1115 1141 1177
1115 1177 1178
1162 1148 1137
1162 1137 1179
1180 1140 968
1180 968 967
993 1119 1181
993 1181 992
993 1177 1141
993 1141 1119
1173 1182 1183
1173 1183 1184
1185 1184 1183
1002 1025 1028
1002 1028 1186
1002 1000 999
1002 999 1003
1186 1187 1188
1186 1188 1189
1190 1000 1189
1190 1189 1188
1019 1003 999
1019 999 1014
1191 1013 1192
1191 1192 1193
1130 1194 1040
1130 1040 1131
1039 1195 1055
1039 1055 1043
1195 1196 1197
1195 1197 1198
1065 1199 1054
1065 1054 1055
1199 1065 1165
1199 1165 1168
1200 1063 1198
1200 1198 1197
1000 1002 1189
1014 1131 1019
1055 1195 1198
1077 1201 1202
1077 1202 1074
1203 959 962
1203 962 1204
1202 1205 1135
1202 1135 1074
1136 1135 1205
1136 1205 1206
1207 1208 1182
1207 1182 1209
1209 1134 1136
1209 1136 1207
1001 1210 1025
1001 1025 1002
1201 1077 959
1201 959 1203
1211 1212 964
1211 964 1174
1211 1213 982
1211 982 1214
1128 1215 1031
1128 1031 1123
1032 1031 1215
1032 1215 1216
1114 1032 1216
1114 1216 1217
1026 1025 1210
1026 1210 1094
961 1082 1159
961 1159 1218
1219 1220 1221
1219 1221 1185
963 1209 1182
963 1182 1173
966 1098 1097
966 1097 1134
1083 960 1076
1083 1076 1088
1222 1223 1208
1222 1208 1207
1206 1222 1207
1206 1207 1136
1224 1208 1223
1224 1223 1225
1168 1167 1226
1168 1226 1087
1168 1087 1086
1168 1086 1199
1054 1227 1228
1054 1228 1020
1004 1228 1221
1004 1221 1001
1001 1221 1220
1001 1220 1210
1220 1219 1229
1220 1229 1121
958 957 1230
958 1230 974
1099 1230 1231
1232 976 975
1232 975 1233
1176 1175 1234
1176 1234 1235
1178 1177 1236
1178 1236 1237
1077 1076 960
1077 960 959
1238 1239 1214
1240 1100 976
1240 976 1232
1241 965 964
1241 964 1212
1242 1243 1101
1242 1101 1100
1239 1120 1101
960 1083 1082
960 1082 961
1218 1244 1245
1218 1245 961
1151 1155 1246
1151 1246 1235
1247 1152 1234
1247 1234 1237
968 1248 1236
968 1236 969
1177 993 969
1177 969 1236
1225 1249 1250
1225 1250 1224
1251 1252 1253
1251 1253 1250
1251 1250 1249
1251 1249 1254
1255 1253 1229
1255 1229 1219
1067 1143 1166
1067 1166 1165
1164 1163 1102
1164 1102 1069
1069 1061 1071
1069 1071 1164
1057 1071 1061
1057 1061 1060
1256 1184 1185
1257 1258 1213
1257 1213 1259
1260 1085 1084
1260 1084 1261
1262 1261 1084
1262 1084 1263
1183 1224 1255
1208 1224 1183
1208 1183 1182
982 1213 1258
982 1258 979
1187 1264 1265
1187 1265 1266
1267 1264 1186
1267 1186 1028
1267 1268 1269
1267 1269 1270
1271 1272 1269
1271 1269 1268
1055 1198 1063
1019 1131 1040
1189 1002 1186
1063 1170 1068
1063 1068 1064
1059 1058 1273
1059 1273 1274
1275 1276 1070
1275 1070 1103
1062 1060 1059
1062 1059 1277
1170 1063 1200
1170 1200 1171
1210 1220 1121
1210 1121 1094
1253 1252 1278
1253 1278 1229
966 1134 1209
966 1209 963
1126 1098 966
1126 966 965
1259 1174 1173
1259 1173 1184
1259 1184 1260
1259 1260 1257
1227 1085 1256
1227 1256 1228
1199 1086 1227
1199 1227 1054
1258 1257 1279
1258 1279 1280
1085 1260 1184
1085 1184 1256
1279 1257 1260
1279 1260 1261
1281 1279 1261
1281 1261 1262
1250 1253 1255
1250 1255 1224
1219 1185 1255
1185 1183 1255
1229 1278 1122
1229 1122 1121
1217 1244 1218
1218 1159 1114
1218 1114 1217
986 985 972
972 985 1176
972 1176 973
973 1176 1235
973 1235 1246
1152 1151 1235
1152 1235 1234
1156 1154 1111
1156 1111 1079
1155 955 958
1155 958 1246
971 974 1230
971 1230 990
989 987 971
989 971 990
1158 1157 1078
1158 1078 1113
1246 958 974
1246 974 973
1078 1033 1029
1078 1029 1113
980 979 1282
980 1282 1283
979 1258 1280
979 1280 1282
1283 1282 1284
1283 1284 1285
1282 1280 1286
1282 1286 1284
1280 1279 1281
1280 1281 1286
1238 982 981
1241 1242 1100
1241 1100 1240
1243 1242 1211
1243 1211 1214
1239 1243 1214
1115 1287 1141
1073 1072 1149
1073 1149 1138
1153 1150 1149
1153 1149 1112
984 1115 1178
984 1178 1175
1175 1178 1237
1175 1237 1234
1248 1247 1237
1248 1237 1236
1140 1139 1248
1140 1248 968
1139 1150 1247
1139 1247 1248
1154 1153 1112
1154 1112 1111
1078 1157 1156
1078 1156 1079
1158 1159 1082
1158 1082 956
1140 1180 1179
1140 1179 1137
1263 1084 1087
1154 1156 1155
1154 1155 1151
1157 1158 956
1157 956 955
1150 1153 1152
1150 1152 1247
988 991 978
1099 991 990
1099 990 1230
1231 1081 1090
1231 1090 1233
1213 1211 1174
1213 1174 1259
1190 994 997
1190 997 1000
998 997 996
998 996 1288
1017 1009 1012
1017 1012 1018
1013 998 1288
1013 1288 1192
1106 1021 1024
1106 1024 1123
1194 1034 1037
1194 1037 1040
1045 1038 1037
1045 1037 1036
1038 1044 1195
1038 1195 1039
1050 1049 1289
1050 1289 1290
1291 1068 1170
1291 1170 1169
1292 1105 1104
1292 1104 1293
1012 1011 1293
1012 1293 1104
1107 1294 1022
1107 1022 1021
1108 1050 1290
1108 1290 1295
1296 1127 1024
1296 1024 1023
1044 1132 1196
1044 1196 1195
1294 1107 1144
1294 1144 1297
1105 1292 1298
1105 1298 1147
1049 1160 1299
1049 1299 1289
1161 1108 1295
1161 1295 1300
1277 1059 1274
1277 1274 1301
1013 1191 1129
1013 1129 1014
1264 1187 1186
1264 1267 1270
1264 1270 1265
1268 1267 1028
1268 1028 1027
1271 1268 1027
1271 1027 1124
1302 1066 1068
1302 1068 1291
1273 1058 1070
1273 1070 1276
1303 1142 1066
1303 1066 1302
1125 1232 1233
1125 1233 1090
1126 1240 1232
1126 1232 1125
1242 1241 1212
1242 1212 1211
965 1241 1240
965 1240 1126
1231 1233 975
1231 975 1099
1231 957 1081
1228 1256 1185
1228 1185 1221
1228 1004 1020
962 961 1245
962 1245 1304
1204 962 1304
1204 1304 1305
995 1306 1307
995 1307 996
1288 996 1307
1288 1307 1308
1288 1308 1309
1288 1309 1192
1193 1192 1309
1193 1309 1310
1011 1010 1311
1011 1311 1312
1011 1312 1313
1011 1313 1293
1292 1293 1313
1292 1313 1314
1298 1292 1314
1298 1314 1315
1022 1316 1317
1022 1317 1023
1296 1023 1317
1296 1317 1318
1272 1319 1320
1272 1320 1269
1269 1320 1321
1269 1321 1270
1270 1321 1322
1270 1322 1265
1266 1265 1322
1266 1322 1323
1297 1324 1325
1297 1325 1294
1022 1294 1325
1022 1325 1316
1035 1326 1327
1035 1327 1036
1036 1327 1328
1036 1328 1045
1046 1045 1328
1046 1328 1329
1133 1046 1329
1133 1329 1330
1299 1331 1332
1299 1332 1289
1290 1289 1332
1290 1332 1333
1290 1333 1334
1290 1334 1295
1300 1295 1334
1300 1334 1335
1169 1336 1337
1169 1337 1291
1302 1291 1337
1302 1337 1338
1303 1302 1338
1303 1338 1339
1275 1340 1341
1275 1341 1276
1276 1341 1342
1276 1342 1273
1274 1273 1342
1274 1342 1343
1301 1274 1343
1301 1343 1344
1172 1345 1336
1172 1336 1169
1202 1201 1346
1202 1346 1347
1205 1202 1347
1205 1347 1348
1206 1205 1348
1206 1348 1349
1206 1349 1350
1206 1350 1222
1223 1222 1350
1223 1350 1351
1225 1223 1351
1225 1351 1352
1249 1225 1352
1249 1352 1353
1249 1353 1354
1249 1354 1254
1204 1305 1355
1204 1355 1356
1203 1204 1356
1203 1356 1357
1203 1357 1346
1203 1346 1201
1056 1072 1057
1358 1359 1360
1358 1360 1361
1362 1363 1364
1362 1364 1365
1363 1366 1367
1363 1367 1364
1368 1369 1370
1371 1372 1373
1362 1374 1375
1362 1375 1363
1376 1366 1363
1376 1363 1375
1377 1378 1379
1377 1379 1380
1381 1382 1383
1381 1383 1384
1385 1386 1387
1385 1387 1388
1389 1390 1391
1389 1391 1392
1393 1394 1395
1393 1395 1396
1389 1375 1374
1389 1374 1397
1392 1376 1375
1392 1375 1389
1379 1378 1394
1379 1394 1393
1398 1399 1400
1398 1400 1401
1402 1403 1399
1402 1399 1398
1404 1405 1406
1404 1406 1407
1408 1409 1410
1407 1406 1411
1407 1411 1412
1410 1413 1414
1410 1414 1415
1416 1417 1418
1416 1418 1419
1420 1421 1422
1420 1422 1423
1359 1358 1362
1359 1362 1365
1424 1368 1425
1419 1418 1397
1419 1397 1374
1374 1362 1358
1374 1358 1419
1426 1397 1418
1426 1418 1427
1428 1429 1430
1428 1430 1431
1405 1408 1432
1406 1432 1433
1406 1433 1411
1377 1434 1367
1377 1367 1366
1366 1376 1378
1366 1378 1377
1435 1436 1437
1391 1395 1394
1391 1394 1392
1378 1376 1392
1378 1392 1394
1438 1439 1440
1441 1442 1443
1441 1443 1444
1445 1446 1447
1445 1447 1448
1442 1449 1450
1442 1450 1443
1451 1452 1453
1451 1453 1454
1441 1444 1455
1449 1456 1457
1449 1457 1450
1436 1435 1384
1436 1384 1383
1458 1459 1460
1381 1386 1385
1381 1385 1382
1412 1411 1461
1412 1461 1462
1411 1433 1463
1411 1463 1461
1360 1359 1405
1360 1405 1404
1365 1364 1409
1365 1409 1408
1364 1367 1464
1364 1464 1409
1365 1408 1405
1365 1405 1359
1465 1430 1429
1465 1429 1466
1467 1468 1469
1470 1471 1472
1473 1474 1475
1473 1475 1476
1473 1476 1477
1473 1477 1478
1479 1480 1481
1478 1477 1482
1478 1482 1483
1484 1485 1474
1484 1474 1486
1487 1488 1489
1486 1474 1473
1486 1473 1490
1478 1491 1490
1478 1490 1473
1483 1468 1488
1483 1488 1492
1493 1491 1492
1484 1486 1494
1494 1486 1490
1494 1490 1495
1490 1491 1495
1487 1496 1497
1487 1497 1488
1498 1499 1500
1498 1500 1501
1502 1503 1504
1502 1504 1505
1506 1507 1508
1506 1508 1509
1510 1511 1512
1513 1514 1515
1513 1515 1516
1517 1518 1519
1517 1519 1520
1521 1520 1519
1521 1519 1522
1523 1524 1525
1523 1525 1526
1527 1528 1529
1527 1529 1530
1528 1527 1531
1528 1531 1532
1532 1531 1533
1532 1533 1534
1499 1535 1536
1499 1536 1500
1537 1538 1539
1537 1539 1540
1538 1530 1529
1538 1529 1539
1541 1488 1497
1542 1481 1543
1542 1543 1472
1493 1541 1544
1484 1494 1545
1546 1494 1495
1546 1495 1547
1547 1495 1493
1547 1493 1548
1523 1521 1522
1523 1522 1524
1534 1533 1536
1534 1536 1535
1541 1481 1480
1549 1485 1550
1485 1484 1551
1551 1484 1545
1390 1389 1397
1390 1397 1426
1417 1552 1427
1417 1427 1418
1553 1384 1435
1553 1435 1554
1555 1556 1459
1555 1459 1458
1557 1386 1381
1557 1381 1558
1402 1559 1560
1402 1560 1403
1432 1408 1410
1561 1562 1563
1561 1563 1425
1432 1410 1415
1432 1415 1433
1564 1463 1433
1564 1433 1415
1370 1565 1566
1370 1566 1567
1361 1360 1568
1361 1568 1569
1570 1404 1407
1570 1407 1571
1571 1407 1412
1571 1412 1572
1573 1462 1567
1573 1567 1566
1360 1404 1570
1360 1570 1568
1574 1575 1576
1574 1576 1577
1370 1578 1565
1559 1428 1431
1559 1431 1560
1369 1368 1424
1561 1368 1579
1580 1581 1416
1580 1416 1419
1580 1361 1569
1580 1569 1581
1580 1419 1358
1582 1583 1584
1582 1585 1586
1582 1587 1585
1582 1588 1589
1582 1590 1591
1582 1592 1593
1582 1591 1587
1582 1584 1590
1582 1594 1595
1596 1597 1598
1586 1599 1582
1600 1440 1601
1600 1601 1401
1545 1494 1546
1541 1480 1544
1410 1409 1413
1405 1432 1406
1425 1368 1561
1517 1513 1516
1517 1516 1518
1514 1512 1602
1514 1602 1515
1543 1497 1496
1543 1496 1470
1541 1497 1481
1481 1497 1543
1370 1369 1578
1603 1398 1401
1603 1401 1601
1604 1402 1398
1604 1398 1603
1605 1423 1466
1605 1466 1606
1428 1607 1608
1428 1608 1429
1606 1466 1429
1606 1429 1608
1402 1604 1609
1402 1609 1559
1428 1559 1609
1428 1609 1607
1610 1600 1401
1610 1401 1400
1565 1578 1611
1390 1553 1554
1390 1554 1391
1556 1555 1396
1556 1396 1395
1427 1557 1558
1427 1558 1426
1554 1556 1395
1554 1395 1391
1553 1390 1426
1553 1426 1558
1557 1427 1552
1557 1552 1612
1613 1614 1562
1615 1414 1616
1616 1414 1617
1618 1619 1413
1620 1464 1367
1621 1622 1563
1623 1624 1439
1625 1623 1438
1610 1625 1438
1610 1438 1600
1372 1622 1373
1563 1622 1372
1621 1562 1614
1621 1563 1562
1626 1415 1627
1618 1409 1464
1618 1413 1409
1620 1367 1434
1628 1434 1377
1629 1542 1472
1629 1472 1630
1472 1471 1631
1470 1472 1543
1526 1525 1537
1526 1537 1540
1627 1415 1414
1479 1542 1632
1479 1481 1542
1632 1542 1629
1472 1631 1630
1582 1599 1588
1589 1594 1582
1501 1633 1634
1501 1634 1498
1628 1377 1380
1628 1380 1635
1558 1381 1384
1558 1384 1553
1554 1435 1459
1554 1459 1556
1387 1386 1557
1387 1557 1612
1462 1461 1579
1462 1579 1567
1461 1463 1561
1461 1561 1579
1463 1564 1562
1463 1562 1561
1462 1573 1572
1462 1572 1412
1626 1564 1415
1613 1564 1626
1613 1562 1564
1493 1544 1548
1619 1617 1414
1619 1414 1413
1627 1414 1615
1504 1508 1507
1504 1507 1505
1506 1509 1636
1506 1636 1510
1489 1488 1468
1489 1468 1637
1485 1638 1475
1485 1475 1474
1468 1467 1637
1467 1469 1639
1485 1549 1638
1485 1551 1550
1640 1641 1642
1640 1642 1643
1644 1645 1646
1644 1646 1647
1646 1645 1648
1646 1648 1649
1650 1651 1652
1653 1654 1655
1647 1646 1656
1647 1656 1657
1646 1649 1658
1646 1658 1656
1659 1660 1661
1659 1661 1662
1663 1664 1665
1663 1665 1666
1388 1387 1667
1388 1667 1668
1669 1670 1671
1669 1671 1672
1673 1674 1675
1673 1675 1676
1671 1677 1657
1671 1657 1656
1672 1671 1656
1672 1656 1658
1673 1676 1662
1673 1662 1661
1678 1679 1680
1678 1680 1681
1682 1678 1681
1682 1681 1683
1684 1685 1686
1684 1686 1687
1688 1689 1690
1687 1691 1692
1687 1692 1684
1693 1694 1695
1693 1695 1688
1416 1696 1697
1416 1697 1417
1698 1699 1421
1698 1421 1420
1647 1640 1643
1647 1643 1644
1700 1652 1701
1677 1697 1696
1677 1696 1657
1640 1647 1657
1640 1657 1696
1697 1677 1702
1697 1702 1703
1704 1705 1706
1704 1706 1707
1708 1690 1685
1684 1692 1709
1684 1709 1708
1648 1710 1659
1648 1659 1649
1662 1658 1649
1662 1649 1659
1711 1712 1713
1676 1675 1669
1676 1669 1672
1662 1676 1672
1662 1672 1658
1714 1715 1716
1714 1716 1717
1445 1448 1718
1445 1718 1719
1717 1716 1720
1717 1720 1721
1452 1451 1722
1452 1722 1723
1719 1718 1715
1719 1715 1714
1712 1665 1664
1712 1664 1713
1711 1724 1725
1663 1666 1668
1663 1668 1667
1691 1726 1727
1691 1727 1692
1692 1727 1728
1692 1728 1709
1686 1685 1643
1686 1643 1642
1689 1645 1644
1689 1644 1690
1729 1648 1645
1729 1645 1689
1690 1644 1643
1690 1643 1685
1704 1707 1730
1704 1730 1731
1469 1732 1733
1734 1735 1736
1737 1476 1475
1737 1475 1738
1739 1477 1476
1739 1476 1737
1740 1741 1742
1477 1739 1743
1477 1743 1482
1744 1745 1738
1744 1738 1746
1747 1748 1749
1745 1750 1737
1745 1737 1738
1750 1751 1739
1750 1739 1737
1752 1748 1732
1752 1732 1743
1752 1751 1753
1754 1745 1744
1754 1755 1750
1754 1750 1745
1753 1751 1755
1748 1756 1757
1758 1759 1760
1758 1760 1761
1762 1763 1503
1762 1503 1502
1764 1765 1766
1764 1766 1767
1768 1769 1770
1768 1770 1771
1772 1773 1774
1772 1774 1775
1776 1777 1778
1776 1778 1779
1780 1781 1776
1780 1776 1779
1782 1783 1784
1782 1784 1785
1786 1787 1788
1786 1788 1789
1790 1788 1787
1790 1787 1791
1792 1790 1791
1792 1791 1793
1761 1760 1794
1761 1794 1795
1796 1797 1798
1796 1798 1799
1786 1789 1797
1786 1797 1796
1756 1748 1800
1801 1734 1802
1801 1802 1740
1803 1800 1753
1804 1754 1744
1805 1806 1755
1805 1755 1754
1807 1753 1755
1807 1755 1806
1782 1785 1781
1782 1781 1780
1795 1794 1792
1795 1792 1793
1741 1740 1800
1808 1746 1809
1810 1744 1746
1804 1744 1810
1677 1671 1670
1677 1670 1702
1417 1697 1703
1417 1703 1552
1713 1664 1811
1713 1811 1812
1813 1724 1814
1813 1814 1815
1816 1663 1667
1816 1667 1817
1682 1683 1818
1682 1818 1819
1688 1690 1708
1820 1700 1821
1820 1821 1822
1709 1693 1688
1709 1688 1708
1823 1693 1709
1823 1709 1728
1650 1824 1566
1650 1566 1565
1641 1569 1568
1641 1568 1642
1570 1571 1687
1570 1687 1686
1571 1572 1691
1571 1691 1687
1573 1566 1824
1573 1824 1726
1642 1568 1570
1642 1570 1686
1652 1825 1824
1652 1824 1650
1565 1826 1650
1819 1818 1706
1819 1706 1705
1701 1652 1651
1825 1652 1820
1827 1696 1416
1827 1416 1581
1827 1581 1569
1827 1569 1641
1827 1641 1640
1828 1829 1582
1830 1831 1582
1831 1832 1582
1833 1834 1582
1835 1592 1582
1832 1833 1582
1834 1828 1582
1836 1837 1582
1838 1839 1840
1582 1841 1830
1842 1679 1843
1842 1843 1844
1805 1754 1804
1803 1741 1800
1695 1689 1688
1684 1708 1685
1820 1652 1700
1777 1845 1846
1777 1846 1778
1775 1774 1847
1775 1847 1848
1802 1849 1850
1802 1850 1756
1740 1756 1800
1802 1756 1740
1826 1651 1650
1851 1843 1679
1851 1679 1678
1852 1851 1678
1852 1678 1682
1853 1854 1731
1853 1731 1698
1855 1856 1705
1855 1705 1704
1854 1855 1704
1854 1704 1731
1857 1852 1682
1857 1682 1819
1705 1856 1857
1705 1857 1819
1858 1680 1679
1858 1679 1842
1859 1826 1565
1670 1669 1812
1670 1812 1811
1674 1815 1814
1674 1814 1675
1703 1702 1816
1703 1816 1817
1675 1814 1812
1675 1812 1669
1811 1816 1702
1811 1702 1670
1817 1612 1552
1817 1552 1703
1822 1860 1861
1862 1694 1863
1864 1694 1862
1695 1865 1866
1648 1729 1867
1821 1868 1869
1870 1868 1654
1654 1868 1821
1860 1822 1869
1822 1821 1869
1871 1693 1872
1729 1689 1866
1689 1695 1866
1710 1648 1867
1659 1710 1873
1874 1875 1734
1874 1734 1801
1876 1735 1734
1802 1734 1849
1783 1799 1798
1783 1798 1784
1694 1693 1871
1877 1801 1742
1801 1740 1742
1874 1801 1877
1875 1876 1734
1840 1841 1582
1582 1837 1840
1634 1633 1759
1634 1759 1758
1660 1659 1873
1878 1660 1873
1816 1811 1664
1816 1664 1663
1812 1814 1724
1812 1724 1713
1387 1612 1817
1387 1817 1667
1726 1824 1825
1726 1825 1727
1727 1825 1820
1727 1820 1728
1728 1820 1822
1728 1822 1823
1726 1691 1572
1726 1572 1573
1693 1823 1872
1872 1823 1861
1823 1822 1861
1807 1803 1753
1865 1695 1694
1865 1694 1864
1863 1694 1871
1767 1766 1763
1767 1763 1762
1769 1768 1765
1769 1765 1764
1732 1748 1747
1879 1732 1747
1475 1638 1746
1475 1746 1738
1879 1733 1732
1639 1469 1733
1880 1809 1638
1808 1810 1746
1653 1655 1881
1773 1772 1846
1773 1846 1845
1870 1654 1653
1734 1736 1849
1847 1771 1770
1847 1770 1848
1882 1881 1883
1884 1885 1858
1886 1884 1844
1838 1840 1837
1883 1881 1655
1844 1884 1842
1511 1510 1636
1512 1511 1602
1887 1888 1889
1371 1888 1887
1371 1373 1888
1589 1598 1594
1890 1597 1596
1596 1598 1589
1623 1439 1438
1438 1440 1600
1757 1756 1850
1748 1757 1749
1884 1858 1842
983 985 986
1115 983 1287
1117 1141 1287
1119 1118 1181
988 978 1116
1120 977 1101
1454 1453 1457
1454 1457 1456
1238 1214 982
1460 1459 1437
1458 1460 1891
1723 1722 1892
1723 1892 1893
1725 1724 1813
1725 1813 1894
1239 1101 1243
1435 1437 1459
1455 1444 1447
1455 1447 1446
987 972 971
1231 1230 957
1081 957 956
1893 1892 1721
1893 1721 1720
1711 1713 1724
1895 1896 1897
1895 1897 1898
1899 1900 1901
1899 1901 1902
1897 1903 1904
1897 1904 1905
1906 1907 1908
1906 1908 1909
1899 1910 1911
1899 1911 1900
1904 1912 1906
1904 1906 1905
1913 1914 1915
1913 1915 1916
1917 1918 1919
1917 1919 1920
1915 1921 1922
1915 1922 1916
1923 1924 1917
1923 1917 1925
1926 1927 1928
1929 1927 1926
1929 1926 1930
1931 1932 1933
1931 1933 1934
1935 1936 1937
1935 1937 1938
1939 1929 1930
1939 1930 1940
1941 1935 1938
1941 1938 1934
1942 1943 1944
1942 1944 1945
1942 1945 1946
1942 1946 1947
1948 1949 1950
1948 1950 1951
1952 1953 1903
1952 1903 1954
1953 1955 1904
1953 1904 1903
1912 1956 1957
1912 1957 1958
1904 1955 1956
1904 1956 1912
1959 1927 1960
1959 1960 1961
1962 1963 1941
1962 1941 1964
1935 1941 1963
1935 1963 1965
1966 1913 1967
1966 1967 1968
1967 1913 1916
1967 1916 1969
1919 1970 1971
1919 1971 1920
1972 1922 1973
1972 1973 1974
1916 1922 1972
1916 1972 1969
1975 1976 1920
1975 1920 1971
1898 1977 1978
1898 1978 1895
1979 1921 1980
1979 1980 1981
1982 1983 1924
1982 1924 1923
1984 1915 1914
1984 1914 1985
1918 1917 1924
1918 1924 1986
1925 1917 1920
1925 1920 1976
1987 1988 1914
1921 1979 1989
1905 1990 1898
1905 1898 1897
1906 1909 1990
1906 1990 1905
1934 1933 1964
1934 1964 1941
1934 1938 1991
1934 1991 1931
1992 1991 1938
1992 1938 1937
1919 1993 1994
1919 1994 1970
1918 1995 1993
1918 1993 1919
1986 1996 1995
1986 1995 1918
1997 1998 1999
1997 1999 2000
2001 2002 1982
2001 1982 1923
1923 1925 2003
1923 2003 2001
1976 2004 2003
1976 2003 1925
2004 1976 1975
2004 1975 2005
1907 1906 1912
1907 1912 1958
2006 2007 1902
2006 1902 2008
1902 1901 2009
2010 2011 2012
2010 2012 1901
2013 2014 2015
2013 2015 1911
2016 2013 1911
1964 2017 2018
1964 2018 1962
1964 1933 2019
1964 2019 2017
2020 2019 1933
2020 1933 1932
1932 2021 2022
1932 2022 2020
1939 1940 2023
1991 1992 2024
1991 2024 2025
2026 2027 1940
2026 1940 2028
2029 2028 1940
2029 1940 1930
1929 2030 1960
1929 1960 1927
1909 1908 2031
1909 2031 2032
2033 2034 2035
2033 2035 1910
2036 2033 1910
2036 1910 1899
1899 1902 2007
1899 2007 2036
1900 1911 2015
1900 2015 2037
2037 2010 1901
2037 1901 1900
1903 1897 1896
1903 1896 1954
1987 1913 1966
1987 1914 1913
1922 1989 1973
1921 1989 1922
2038 2039 2040
2038 2040 2041
2042 2043 2044
2042 2044 2045
2046 2047 2048
2046 2048 2049
2050 2045 2051
2052 2043 2042
2052 2042 2053
2054 2055 2056
1921 1915 1984
1921 1984 1980
1924 1983 2057
1924 2057 1986
1988 2058 1985
1988 1985 1914
1986 2057 2059
1986 2059 1996
1947 1946 2060
1947 2060 2061
1948 2062 2000
1948 2000 1999
2063 2064 2061
2063 2061 2060
1951 2065 2066
1951 2066 2067
1931 2068 2021
1931 2021 1932
1931 1991 2025
1931 2025 2068
2069 2070 2071
2069 2071 1926
1930 1926 2071
1930 2071 2029
1936 1935 1965
1936 1965 2072
2073 2074 2075
2073 2075 1939
2075 2030 1929
2075 1929 1939
2076 1990 1909
2076 1909 2032
1990 2076 1977
1990 1977 1898
1926 1928 2069
1928 1927 1959
1939 2023 2073
2023 1940 2027
1902 2009 2008
2009 1901 2012
2016 1911 1910
2016 1910 2035
2077 2078 1943
2077 1943 1942
2079 2077 1942
2079 1942 1947
1948 1951 2067
1948 2067 2062
2080 2081 1999
2080 1999 1998
1947 2061 2082
1947 2082 2079
1999 2081 1949
1999 1949 1948
2061 2064 2083
2061 2083 2082
2084 2065 1951
2084 1951 1950
2085 2086 2087
2085 2087 2088
2089 2090 2086
2089 2086 2085
2091 2092 2093
2091 2093 2094
2094 2093 2090
2094 2090 2089
2095 2096 2097
2098 2099 2096
2098 2096 2095
2100 2101 2102
2100 2102 2103
2104 2105 2106
2104 2106 2107
2108 2109 2110
2099 2098 2108
2099 2108 2110
2111 2102 2101
2111 2101 2112
2113 2114 2115
2113 2115 2116
2117 2118 2119
2120 2121 2122
2120 2122 2123
2124 2125 2126
2124 2126 2127
2128 2129 2130
2131 2132 2133
2131 2133 2134
2134 2133 2125
2134 2125 2124
2128 2135 2136
2137 2138 2139
2137 2139 2140
2141 2142 2143
2141 2143 2144
2145 2146 2147
2145 2147 2148
2137 2140 2149
2137 2149 2150
2151 2152 2153
2154 2155 2156
2154 2156 2157
2143 2142 2158
2143 2158 2159
2152 2150 2156
2152 2156 2160
2160 2161 2152
2162 2163 2164
2165 2166 2167
2165 2167 2168
2169 2170 2171
2169 2171 2172
2173 2174 2175
2173 2175 2176
2177 2178 2179
2176 2180 2181
2176 2181 2173
2182 2183 2184
2185 2166 2165
2185 2165 2186
2187 2188 2171
2187 2171 2170
2189 2190 2191
2189 2191 2192
2193 2194 2195
2193 2195 2196
2197 2198 2199
2197 2199 2200
2201 2202 2203
2201 2203 2204
2205 2206 2207
2205 2207 2208
2209 2095 2210
2209 2210 2211
2212 2098 2095
2212 2095 2209
2213 2108 2214
2213 2214 2215
2108 2098 2212
2108 2212 2214
2216 2217 2218
2216 2218 2219
2220 2221 2222
2220 2222 2223
2119 2118 2224
2119 2224 2225
2226 2119 2225
2226 2225 2227
2228 2229 2135
2228 2135 2230
2226 2227 2231
2226 2231 2232
2151 2233 2234
2151 2234 2235
2236 2237 2142
2236 2142 2141
2238 2239 2160
2238 2160 2240
2241 2158 2142
2241 2142 2237
2149 2140 2060
2149 2060 1946
2159 2000 2062
2159 2062 2143
2140 2139 2063
2140 2063 2060
2062 2067 2144
2062 2144 2143
2089 2076 2032
2089 2032 2094
2085 1977 2076
2085 2076 2089
2127 2021 2068
2127 2068 2124
2124 2068 2025
2124 2025 2134
2242 2243 2071
2242 2071 2070
2110 1980 1984
2110 1984 2099
2244 2245 2057
2244 2057 1983
2096 1985 2058
2096 2058 2246
2247 2248 2249
2250 2251 2247
2252 2253 2254
2255 2256 2257
2258 2259 2260
2261 2174 2173
2261 2173 2164
2164 2173 2181
2164 2181 2168
2184 2190 2189
2184 2189 2262
2165 2199 2198
2165 2198 2186
2263 2264 2265
2263 2265 2266
2267 2162 2041
2267 2041 2040
2170 2169 2042
2170 2042 2045
2268 2046 2049
2268 2049 2183
2166 2185 2269
2166 2269 2270
2050 2187 2170
2050 2170 2045
2249 2271 2272
2273 2274 2275
2172 2171 2264
2172 2264 2276
2188 2265 2264
2188 2264 2171
2090 2277 2218
2090 2218 2086
2277 2090 2093
2277 2093 2220
2101 2100 2245
2101 2245 2244
2112 2101 2244
2112 2244 2278
2125 2130 2129
2125 2129 2126
2133 2135 2130
2133 2130 2125
2150 2152 2151
2150 2151 2137
2150 2149 2157
2150 2157 2156
2092 2221 2220
2092 2220 2093
2133 2132 2230
2133 2230 2135
2138 2137 2151
2138 2151 2235
2279 2192 2191
2175 2280 2176
2281 2103 2102
2282 2283 2102
2284 2275 2214
2284 2214 2212
2284 2212 2209
2284 2209 2248
2211 2271 2248
2211 2248 2209
2215 2214 2275
2215 2275 2274
2218 2277 2285
2286 2277 2220
2287 2252 2254
2287 2254 2288
2219 2201 2204
2219 2204 2216
2223 2222 2289
2223 2289 2290
2291 2292 2293
2291 2293 2257
2294 2295 2296
2297 2298 2299
2297 2299 2300
2301 2302 2303
2301 2303 2304
2305 2306 2307
2305 2307 2308
2309 2310 2259
2305 2311 2312
2229 2228 2302
2229 2302 2301
2313 2314 2231
2313 2231 2227
2258 2313 2227
2258 2227 2225
2224 2309 2258
2224 2258 2225
2315 2316 2317
2315 2317 2318
2319 2320 2321
2319 2321 2322
2323 2324 2325
2323 2325 2326
2113 2116 2327
2113 2327 2328
2104 2107 2329
2330 2256 2331
2253 2332 2255
2207 2206 2333
2207 2333 2334
2203 2202 2335
2290 2289 2336
2290 2336 2337
2260 2259 2310
2305 2308 2338
2305 2338 2339
2340 2341 2342
2343 2344 2345
2343 2345 2346
2347 2314 2348
2346 2345 2239
2346 2239 2238
2241 2237 2349
2241 2349 2296
2237 2236 2350
2237 2350 2349
2233 2147 2146
2233 2146 2234
2351 2297 2352
2059 2057 2245
2059 2245 2353
2353 2245 2100
2353 2100 2354
2103 2355 2356
2103 2356 2357
2355 2106 2105
2355 2105 2356
2357 2354 2100
2357 2100 2103
2169 2358 2053
2169 2053 2042
2358 2169 2172
2358 2172 2359
2276 2360 2361
2276 2361 2362
2363 2361 2360
2363 2360 2364
2163 2261 2164
2182 2184 2262
2359 2172 2276
2359 2276 2362
2266 2365 2316
2266 2316 2315
2365 2266 2265
2365 2265 2366
2265 2188 2367
2265 2367 2366
2368 2367 2188
2368 2188 2187
2187 2050 2056
2187 2056 2368
2160 2156 2155
2160 2155 2240
2369 2370 2159
2371 2158 2241
2371 2241 2372
2296 2295 2372
2296 2372 2241
2373 2374 2324
2373 2324 2323
2374 2373 2111
2374 2111 2375
2112 2376 2375
2112 2375 2111
2377 2376 2112
2377 2112 2278
2086 2218 2217
2086 2217 2087
2287 2288 2378
2287 2378 2379
2378 2380 2379
2007 2006 2381
2007 2381 2382
2383 2384 2385
2386 2385 2291
2386 2291 2387
2387 2291 2257
2387 2257 2330
2022 2021 2127
2022 2127 2388
2388 2127 2126
2388 2126 2389
2390 2389 2126
2390 2126 2129
2129 2391 2392
2129 2392 2390
2391 2120 2123
2391 2123 2392
2393 2394 2232
2395 2396 2232
2395 2232 2231
2395 2231 2314
2395 2314 2347
2397 2341 2350
2397 2350 2236
2397 2236 2141
2397 2141 2398
2399 2141 2144
2400 2144 2067
2400 2067 2066
2243 2401 2029
2243 2029 2071
2385 2402 2292
2385 2292 2291
2403 2352 2297
2403 2297 2300
2095 2097 2210
2119 2226 2401
2119 2401 2243
2108 2213 2109
2168 2167 2162
2168 2162 2164
2181 2180 2200
2181 2200 2199
2168 2181 2199
2168 2199 2165
2162 2167 2404
2162 2404 2041
2183 2185 2186
2183 2186 2184
2198 2197 2191
2198 2191 2190
2184 2186 2198
2184 2198 2190
2197 2405 2279
2197 2279 2191
2200 2180 2406
2200 2406 2407
2116 2408 2327
2409 2410 2411
2116 2115 2412
2410 2413 2414
2415 2331 2255
2206 2416 2333
2417 2418 2419
2206 2205 2420
2418 2421 2422
2288 2292 2402
2288 2402 2378
2288 2254 2293
2288 2293 2292
2255 2293 2254
2308 2423 2338
2424 2425 2426
2427 2424 2428
2308 2307 2429
2300 2430 2403
2431 2298 2297
2432 2433 2434
2435 2432 2436
2300 2299 2437
2280 2406 2180
2280 2180 2176
2405 2197 2200
2405 2200 2407
2407 2406 2438
2407 2438 2439
2440 2438 2406
2440 2406 2280
2441 2405 2407
2441 2407 2439
2195 2442 2179
2195 2179 2196
2177 2363 2364
2177 2364 2178
2405 2441 2443
2405 2443 2279
2317 2194 2193
2322 2444 2319
2322 2445 2446
2447 2322 2321
2447 2321 2448
2449 2450 2451
2452 2449 2451
2453 2454 2455
2456 2457 2458
2270 2404 2167
2270 2167 2166
2049 2269 2185
2049 2185 2183
1980 2110 2459
1980 2459 1981
2244 1983 1982
2244 1982 2278
2099 1984 1985
2099 1985 2096
2278 1982 2002
2278 2002 2377
2378 2402 2460
2378 2460 2382
2402 2385 2384
2402 2384 2460
2386 2383 2385
2382 2380 2378
2401 2226 2232
2401 2232 2394
2243 2117 2119
2396 2393 2232
2158 2369 2159
2400 2399 2144
2461 2462 2264
2462 2360 2276
2462 2276 2264
2461 2264 2263
2282 2111 2373
2283 2281 2102
2463 2285 2277
2463 2277 2286
2464 2153 2152
2464 2152 2161
2465 2431 2297
2466 2297 2351
2467 2468 2305
2306 2305 2312
2339 2469 2305
2470 2471 2207
2472 2473 2207
2208 2207 2473
2334 2474 2207
2475 2476 2113
2477 2478 2113
2114 2113 2478
2328 2479 2113
2480 2481 2321
2482 2483 2321
2448 2321 2483
2320 2484 2321
2485 2486 2322
2447 2445 2322
2442 2177 2179
2318 2317 2193
2398 2141 2399
2371 2369 2158
2487 2394 2393
2242 2117 2243
2488 2384 2383
2381 2380 2382
1978 1977 2085
1978 2085 2088
2025 2024 2131
2025 2131 2134
2028 2394 2487
2028 2487 2026
2028 2029 2401
2028 2401 2394
2031 2091 2094
2031 2094 2032
2033 2384 2488
2033 2488 2034
2033 2036 2460
2033 2460 2384
2036 2007 2382
2036 2382 2460
2268 2183 2182
2267 2163 2162
2233 2151 2153
2239 2161 2160
2489 2129 2128
2130 2135 2128
2219 2218 2285
2223 2286 2220
2355 2103 2281
2102 2111 2282
2229 2136 2135
2391 2129 2489
1944 2154 2157
1944 2157 1945
1945 2157 2149
1945 2149 1946
2000 2159 2370
2000 2370 1997
2490 2491 2308
2491 2423 2308
2492 2308 2429
2490 2308 2492
2428 2424 2493
2493 2424 2426
2494 2424 2427
2495 2424 2494
2303 2496 2497
2121 2497 2122
2348 2260 2498
2313 2258 2260
2314 2313 2260
2348 2314 2260
2499 2500 2300
2500 2430 2300
2499 2300 2501
2501 2300 2437
2436 2432 2502
2502 2432 2434
2503 2432 2435
2504 2432 2503
2343 2505 2506
2294 2507 2508
2148 2506 2145
2342 2509 2507
2340 2507 2350
2350 2507 2349
2296 2349 2507
2294 2296 2507
2510 2511 2206
2511 2416 2206
2512 2418 2417
2513 2206 2420
2419 2418 2514
2514 2418 2422
2515 2418 2512
2510 2206 2513
2336 2516 2335
2293 2255 2257
2253 2255 2254
2517 2518 2116
2518 2408 2116
2517 2116 2519
2519 2116 2412
2520 2410 2409
2411 2410 2521
2521 2410 2414
2522 2410 2520
2325 2523 2329
2272 2250 2247
2284 2248 2247
2273 2275 2247
2275 2284 2247
2248 2271 2249
2251 2274 2273
2332 2253 2252
2257 2256 2330
2258 2309 2259
2498 2347 2348
2443 2192 2279
2440 2280 2175
2444 2322 2486
2485 2322 2446
2455 2454 2452
2457 2454 2453
2454 2449 2452
2458 2457 2453
2350 2341 2340
2508 2295 2294
2524 2465 2297
2524 2297 2466
2468 2311 2305
2469 2467 2305
2474 2470 2207
2471 2472 2207
2479 2475 2113
2476 2477 2113
2484 2480 2321
2481 2482 2321
2269 2049 2048
2269 2048 2525
2270 2269 2525
2270 2525 2526
2404 2270 2526
2404 2526 2527
2041 2404 2527
2041 2527 2038
2054 2050 2051
2051 2045 2044
2054 2056 2050
1582 1595 2528
1836 1582 2528
2255 2332 2415
2203 2335 2516
2255 2331 2256
2336 2335 2337
2247 2251 2273
2104 2329 2523
2325 2329 2326
2272 2247 2249
2260 2310 2529
2303 2497 2304
2122 2497 2496
2498 2260 2529
2343 2506 2344
2508 2507 2509
2145 2506 2505
2342 2507 2340
2097 2096 2246
2110 2109 2459
1483 1482 1469
1483 1469 1468
1483 1492 1491
1483 1491 1478
1482 1743 1732
1482 1732 1469
1751 1752 1743
1751 1743 1739
1541 1492 1488
1752 1800 1748
1495 1491 1493
1755 1751 1750
1493 1492 1541
1752 1753 1800
1638 1549 1880
1638 1809 1746
1086 1085 1227
1263 1087 1226
1466 1423 1422
1466 1422 1465
1423 1605 2530
1423 2530 1420
1699 1698 1731
1699 1731 1730
2530 1853 1698
2530 1698 1420
1565 1611 2531
1859 1565 2531
1582 1593 1583
1835 1582 1829
2532 2533 2534
2532 2534 2535
2532 2535 2536
2532 2536 2537
2538 2539 2540
2538 2540 2541
2542 2543 2539
2542 2539 2538
2544 2545 2546
2544 2546 2547
2548 2549 2545
2548 2545 2544
2550 2551 2552
2550 2552 2553
2554 2551 2550
2554 2550 2555
2556 2557 2558
2556 2558 2559
2560 2556 2559
2560 2559 2561
2562 2563 2564
2562 2564 2565
2566 2562 2565
2566 2565 2567
2568 2569 2570
2568 2570 2571
2572 2573 2574
2572 2574 2575
2576 2572 2577
2576 2577 2578
2568 2579 2580
2568 2580 2569
2581 2577 2572
2581 2572 2575
2576 2582 2573
2576 2573 2572
2583 2584 2585
2583 2585 2586
2575 2587 2581
2588 2589 2590
2588 2590 2591
2575 2574 2592
2541 2540 2549
2541 2549 2548
2557 2566 2567
2557 2567 2558
2592 2570 2569
2592 2569 2575
2569 2580 2587
2569 2587 2575
2593 2588 2591
2594 2586 2585
2553 2552 2593
2553 2593 2591
2533 2586 2594
2595 2596 2597
2595 2597 2598
2599 2598 2597
2599 2597 2600
2601 2602 2603
2601 2603 2604
2605 2601 2604
2605 2604 2606
2607 2547 2546
2607 2546 2608
2609 2607 2608
2609 2608 2610
2611 2612 2613
2611 2613 2614
2615 2616 2613
2615 2613 2612
2617 2618 2619
2617 2619 2620
2621 2622 2618
2621 2618 2617
2623 2624 2564
2623 2564 2563
2625 2626 2624
2625 2624 2623
2627 2628 2629
2627 2629 2630
2631 2632 2633
2631 2633 2634
2576 2578 2635
2576 2635 2631
2627 2630 2636
2627 2636 2637
2638 2632 2631
2638 2631 2635
2576 2631 2634
2576 2634 2582
2583 2639 2640
2583 2640 2584
2638 2641 2632
2642 2643 2590
2642 2590 2589
2644 2633 2632
2602 2609 2610
2602 2610 2603
2626 2625 2620
2626 2620 2619
2644 2632 2630
2644 2630 2629
2630 2632 2641
2630 2641 2636
2643 2642 2645
2646 2640 2639
2645 2611 2614
2645 2614 2643
2646 2639 2596
2647 2648 2649
2647 2649 2650
2651 2650 2649
2651 2649 2652
2653 2654 2655
2653 2655 2656
2657 2653 2656
2657 2656 2658
2659 2660 2661
2659 2661 2662
2663 2659 2662
2663 2662 2664
2665 2666 2667
2665 2667 2668
2669 2670 2667
2669 2667 2666
2671 2672 2673
2671 2673 2674
2675 2676 2672
2675 2672 2671
2677 2678 2679
2677 2679 2680
2681 2682 2678
2681 2678 2677
2683 2684 2685
2683 2685 2686
2687 2688 2689
2687 2689 2690
2691 2692 2693
2691 2693 2687
2683 2686 2694
2683 2694 2695
2696 2688 2687
2696 2687 2693
2691 2687 2690
2691 2690 2697
2698 2699 2700
2698 2700 2701
2696 2702 2688
2703 2704 2705
2703 2705 2706
2707 2689 2688
2654 2663 2664
2654 2664 2655
2682 2681 2674
2682 2674 2673
2707 2688 2686
2707 2686 2685
2686 2688 2702
2686 2702 2694
2704 2703 2708
2709 2700 2699
2668 2708 2665
2709 2699 2648
2710 2711 2712
2710 2712 2713
2710 2713 2599
2710 2599 2600
2714 2715 2716
2714 2716 2717
2605 2606 2715
2605 2715 2714
2718 2719 2661
2718 2661 2660
2720 2721 2719
2720 2719 2718
2722 2723 2724
2722 2724 2725
2615 2723 2722
2615 2722 2616
2726 2727 2728
2726 2728 2729
2621 2726 2729
2621 2729 2622
2730 2680 2679
2730 2679 2731
2732 2730 2731
2732 2731 2733
2627 2734 2735
2627 2735 2628
2736 2737 2738
2736 2738 2739
2691 2736 2740
2691 2740 2692
2627 2637 2741
2627 2741 2734
2742 2740 2736
2742 2736 2739
2691 2697 2737
2691 2737 2736
2698 2701 2743
2698 2743 2744
2739 2745 2742
2746 2706 2705
2746 2705 2747
2739 2738 2748
2717 2716 2721
2717 2721 2720
2727 2732 2733
2727 2733 2728
2748 2735 2734
2748 2734 2739
2734 2741 2745
2734 2745 2739
2749 2746 2747
2750 2744 2743
2725 2749 2747
2711 2744 2750
2712 2711 2750
2647 2709 2648
2704 2708 2668
2724 2749 2725
2534 2533 2594
2595 2646 2596
2751 2752 2753
2754 2755 2756
2757 2758 2759
2760 2761 2762
2763 2764 2765
2766 2767 2768
2769 2770 2771
2772 2773 2774
2775 2776 2777
2778 2779 2780
2778 2780 2781
2782 2783 2784
2785 2786 2787
2788 2789 2790
2791 2792 2793
2794 2795 2796
2797 2798 2799
2800 2801 2802
2803 2804 2805
2806 2807 2808
2809 2810 2811
2812 2813 2814
2815 2816 2817
2818 2819 2820
2818 2820 2821
2822 2823 2824
2822 2824 2825
2826 2827 2828
2826 2828 2829
2830 2831 2832
2830 2832 2833
2834 2835 2836
2834 2836 2837
2838 2839 2840
2838 2840 2841
2842 2843 2844
2842 2844 2845
2846 2847 2848
2846 2848 2849
2850 2851 2852
2850 2852 2853
2854 2855 2856
2854 2856 2857
2858 2859 2860
2858 2860 2861
2862 2818 2821
2862 2821 2863
2864 2822 2825
2864 2825 2865
2866 2826 2829
2866 2829 2867
2868 2830 2833
2868 2833 2869
2870 2834 2837
2870 2837 2871
2872 2838 2841
2872 2841 2873
2874 2842 2845
2874 2845 2875
2876 2846 2849
2876 2849 2877
2878 2850 2853
2878 2853 2879
2880 2854 2857
2880 2857 2881
2882 2858 2861
2882 2861 2883
2783 2884 2784
2783 2885 2884
2816 2886 2817
2815 2887 2816
2780 2888 2781
2813 2889 2814
2812 2890 2813
2776 2891 2777
2776 2892 2891
2810 2893 2811
2809 2894 2810
2773 2895 2774
2773 2896 2895
2807 2897 2808
2806 2898 2807
2770 2899 2771
2770 2900 2899
2804 2901 2805
2803 2902 2804
2767 2903 2768
2767 2904 2903
2801 2905 2802
2800 2906 2801
2764 2907 2765
2764 2908 2907
2798 2909 2799
2797 2910 2798
2761 2911 2912
2794 2913 2795
2761 2912 2762
2795 2914 2796
2752 2915 2916
2785 2917 2786
2752 2916 2753
2786 2918 2787
2755 2919 2920
2755 2920 2756
2789 2921 2790
2788 2922 2789
2758 2923 2759
2758 2924 2923
2792 2925 2793
2791 2926 2792
2927 2928 2929
2927 2929 2930
2931 2932 2933
2931 2933 2934
2935 2928 2927
2935 2927 2936
2937 2938 2933
2937 2933 2932
2934 2933 2930
2934 2930 2939
2940 2941 2938
2940 2938 2937
2937 2932 2942
2937 2942 2943
2931 2944 2942
2931 2942 2932
2940 2937 2943
2940 2943 2945
2943 2942 2946
2943 2946 2947
2946 2942 2944
2946 2944 2948
2945 2943 2947
2945 2947 2949
2938 2927 2930
2938 2930 2933
2941 2936 2927
2941 2927 2938
2950 2939 2930
2950 2930 2929
2951 2952 2953
2951 2953 2954
2955 2952 2956
2955 2956 2957
2952 2955 2958
2952 2958 2953
2959 2951 2954
2959 2954 2960
2951 2961 2956
2951 2956 2952
2957 2956 2962
2957 2962 2963
2959 2964 2961
2959 2961 2951
2954 2953 2965
2954 2965 2966
2958 2967 2965
2958 2965 2953
2960 2954 2966
2960 2966 2968
2966 2965 2969
2966 2969 2970
2969 2965 2967
2969 2967 2971
2968 2966 2970
2968 2970 2972
2961 2973 2962
2961 2962 2956
2964 2974 2973
2964 2973 2961
2975 2976 2977
2975 2977 2978
2979 2980 2981
2979 2981 2982
2983 2984 2985
2983 2985 2986
2987 2988 2989
2987 2989 2990
2991 2992 2993
2991 2993 2994
2995 2996 2994
2995 2994 2993
2997 2996 2995
2997 2995 2998
2999 3000 3001
3002 3003 3004
3002 3004 3005
3005 3004 3006
3005 3006 3007
3008 3002 3005
3008 3005 3009
3010 3011 3012
3012 3013 3014
3012 3011 3013
3015 3016 2992
3015 2992 2991
3015 3017 3016
3015 3018 3017
3019 3011 3010
3020 3021 3022
3020 3017 3018
3020 3018 3023
3023 3024 3021
3023 3021 3020
3005 3007 3025
3005 3025 3009
3000 3026 3001
3027 3026 3000
3022 3028 3029
3022 3029 3020
3030 3031 3032
3033 3031 3026
3027 3033 3026
3020 3029 3017
3024 3034 3035
3024 3035 3021
3036 3037 3022
3036 3022 3038
3039 3040 3041
3039 3041 3042
3022 3021 3035
3022 3035 3043
3044 3045 3046
3044 3046 3047
3045 3007 3006
3045 3006 3046
3045 3044 3048
3045 3048 3049
3050 3051 3043
3052 3053 3024
3052 3024 3023
3053 3054 3034
3053 3034 3024
3045 3049 3025
3045 3025 3007
3055 3056 3057
3055 3057 3058
3059 3056 3055
3059 3060 3061
3060 3059 3055
3062 3034 3054
3062 3054 3063
3064 3063 3065
3062 3063 3064
3062 3035 3034
3066 3062 3064
3062 3066 3035
3002 3067 3068
3002 3068 3069
3070 3018 3015
3070 3052 3023
3070 3023 3018
3008 3071 3067
3008 3067 3002
3070 3072 3052
3073 3074 3058
3075 3076 3077
3057 3073 3058
3073 3078 3074
3073 3079 3078
3073 3080 3079
3081 3075 3077
3075 3081 3082
3083 3073 3084
3080 3073 3083
3063 3085 3065
3072 3070 3086
3072 3086 3087
3071 3087 3086
3071 3086 3067
3088 3089 3090
3088 3090 3091
3092 3090 3089
3092 3089 3088
3092 3088 3093
3090 3094 3091
3094 3001 3091
3094 2999 3001
3095 3096 2996
2994 2996 3096
3097 3070 3015
3086 3097 3068
3086 3068 3067
3093 3098 3092
3097 3086 3070
3099 3100 3101
3102 2991 2994
3102 2994 3103
3102 3097 3015
3102 3015 2991
3100 3104 3105
3106 3104 3100
3106 3100 3099
3094 3090 3092
3094 3092 3107
3098 3107 3092
3095 2996 2997
2994 3096 3103
3032 3031 3033
3050 3043 3035
3108 3109 3110
3108 3110 3111
3112 3113 3114
3112 3114 3115
3112 3116 3117
3112 3117 3113
3118 3119 3120
3118 3120 3121
3108 3111 3122
3108 3122 3123
3123 3122 3124
3123 3124 3125
3126 3127 3128
3126 3128 3129
3130 3131 3127
3130 3127 3126
3132 3133 3131
3132 3131 3130
3124 3129 3128
3124 3128 3125
3115 3114 3110
3115 3110 3109
3134 3135 3136
3134 3136 3137
3138 3139 3140
3138 3140 3141
3142 3139 3138
3142 3138 3143
3142 3143 3144
3142 3144 3145
3135 3134 3146
3135 3146 3147
3146 3148 3149
3146 3149 3147
3150 3151 3152
3150 3152 3153
3151 3154 3155
3151 3155 3152
3156 3155 3154
3156 3154 3157
3153 3149 3148
3153 3148 3150
3136 3141 3140
3136 3140 3137
3158 3159 3160
3158 3160 3161
3162 3163 3164
3162 3164 3165
3166 3167 3168
3166 3168 3169
3170 3171 3166
3170 3166 3169
3162 3165 3172
3162 3172 3173
3171 3170 3174
3171 3174 3175
3176 3173 3172
3176 3172 3177
3178 3179 3161
3178 3161 3160
3180 3181 3182
3180 3182 3183
3184 3179 3178
3184 3178 3185
3186 3180 3183
3186 3183 3187
3188 3189 3190
3188 3190 3191
3192 3193 3194
3192 3194 3195
3196 3197 3189
3196 3189 3188
3192 3195 3198
3192 3198 3199
3196 3200 3201
3196 3201 3197
3199 3198 3202
3199 3202 3203
3187 3194 3193
3187 3193 3186
3190 3184 3185
3190 3185 3191
3158 3164 3163
3158 3163 3159
3181 3204 3205
3181 3205 3182
3205 3204 3168
3205 3168 3167
3206 3207 3208
3206 3208 3209
3210 3211 3212
3210 3212 3213
3213 3212 3214
3213 3214 3215
3216 3217 3215
3216 3215 3214
3218 3219 3207
3218 3207 3206
3219 3218 3220
3219 3220 3221
3222 3223 3224
3222 3224 3225
3226 3223 3222
3226 3222 3227
3228 3229 3226
3228 3226 3227
3225 3224 3221
3225 3221 3220
3210 3209 3208
3210 3208 3211
3230 3231 3232
3230 3232 3233
3234 3235 3236
3234 3236 3237
3238 3239 3235
3238 3235 3234
3238 3240 3241
3238 3241 3239
3232 3231 3242
3232 3242 3243
3243 3242 3244
3243 3244 3245
3246 3247 3248
3246 3248 3249
3250 3251 3246
3250 3246 3249
3252 3251 3250
3252 3250 3253
3248 3247 3245
3248 3245 3244
3230 3233 3237
3230 3237 3236
3254 3255 3256
3254 3256 3257
3258 3259 3260
3258 3260 3261
3262 3263 3264
3262 3264 3265
3266 3267 3268
3266 3268 3269
3270 3271 3272
3270 3272 3273
3274 3275 3276
3274 3276 3277
3278 3279 3280
3278 3280 3281
3257 3256 3282
3257 3282 3283
3284 3285 3286
3284 3286 3287
3288 3289 3283
3288 3283 3282
3290 3284 3287
3290 3287 3291
3292 3293 3294
3292 3294 3295
3296 3297 3298
3296 3298 3299
3294 3293 3300
3294 3300 3301
3299 3298 3302
3299 3302 3303
3304 3301 3300
3304 3300 3305
3306 3307 3303
3306 3303 3302
3290 3291 3297
3290 3297 3296
3289 3288 3292
3289 3292 3295
3254 3261 3260
3254 3260 3255
3286 3285 3308
3286 3308 3309
3262 3309 3308
3262 3308 3263
3310 3311 3312
3310 3312 3313
3310 3313 3314
3310 3314 3315
3310 3315 3316
3310 3316 3317
3310 3317 3318
3310 3318 3319
3311 3320 3321
3311 3321 3312
3312 3321 3322
3312 3322 3313
3313 3322 3323
3313 3323 3314
3314 3323 3324
3314 3324 3315
3315 3324 3325
3315 3325 3316
3316 3325 3326
3316 3326 3317
3317 3326 3327
3317 3327 3318
3318 3327 3328
3318 3328 3319
3320 3329 3330
3320 3330 3321
3321 3330 3331
3321 3331 3322
3322 3331 3332
3322 3332 3323
3323 3332 3333
3323 3333 3324
3324 3333 3334
3324 3334 3325
3325 3334 3335
3325 3335 3326
3326 3335 3336
3326 3336 3327
3327 3336 3337
3327 3337 3328
3338 3330 3329
3338 3329 3339
3340 3331 3330
3340 3330 3338
3341 3332 3331
3341 3331 3340
3342 3333 3332
3342 3332 3341
3343 3334 3333
3343 3333 3342
3344 3335 3334
3344 3334 3343
3345 3336 3335
3345 3335 3344
3346 3337 3336
3346 3336 3345
3347 3348 3349
3347 3349 3350
3351 3352 3348
3351 3348 3347
3353 3354 3352
3353 3352 3351
3355 3356 3354
3355 3354 3353
3357 3358 3356
3357 3356 3355
3359 3360 3358
3359 3358 3357
3361 3362 3360
3361 3360 3359
3363 3364 3362
3363 3362 3361
3365 3366 3367
3365 3367 3368
3369 3365 3368
3369 3368 3370
3371 3369 3370
3371 3370 3372
3373 3371 3372
3373 3372 3374
3375 3373 3374
3375 3374 3376
3377 3375 3376
3377 3376 3378
3379 3377 3378
3379 3378 3380
3381 3379 3380
3381 3380 3382
3383 3384 3385
3386 3383 3385
3387 3386 3385
3388 3387 3385
3389 3388 3385
3390 3389 3385
3391 3390 3385
3384 3391 3385
3392 3393 3394
3395 3392 3394
3396 3395 3394
3397 3396 3394
3398 3397 3394
3399 3398 3394
3400 3399 3394
3393 3400 3394
3401 3402 3403
3401 3403 3404
3404 3403 3405
3404 3405 3406
3406 3405 3407
3406 3407 3408
3408 3407 3409
3408 3409 3410
3410 3409 3411
3410 3411 3412
3412 3411 3413
3412 3413 3414
3414 3413 3415
3414 3415 3416
3416 3415 3417
3416 3417 3418
3419 3420 3421
3419 3421 3422
3423 3424 3425
3423 3425 3426
3427 3428 3429
3427 3429 3430
3431 3432 3433
3431 3433 3434
3435 3436 3437
3423 3438 3424
3435 3439 3436
3440 3441 3442
3428 3443 3444
3445 3446 3442
3424 3428 3425
3439 3447 3448
3449 3438 3420
3449 3420 3419
3447 3432 3431
3425 3450 3451
3425 3451 3426
3429 3444 3445
3452 3453 3442
3429 3442 3454
3429 3454 3430
3428 3444 3429
3455 3456 3457
3455 3457 3458
3459 3460 3461
3459 3461 3462
3463 3464 3465
3463 3465 3466
3467 3468 3460
3467 3460 3459
3456 3464 3463
3456 3463 3457
3466 3465 3468
3466 3468 3467
3469 3470 3471
3469 3471 3472
3462 3461 3469
3462 3469 3472
3473 3474 3475
3473 3475 3476
3477 3478 3479
3477 3479 3480
3481 3473 3476
3481 3476 3482
3483 3477 3480
3483 3480 3484
3485 3481 3482
3485 3482 3486
3487 3488 3489
3487 3489 3490
3491 3492 3493
3491 3493 3494
3495 3496 3497
3495 3497 3498
3499 3500 3501
3499 3501 3502
3503 3504 3505
3503 3505 3506
3507 3508 3509
3507 3509 3510
3511 3512 3496
3511 3496 3495
3508 3512 3511
3508 3511 3509
3504 3513 3514
3504 3514 3505
3513 3499 3502
3513 3502 3514
3450 3515 3516
3517 3485 3486
3517 3486 3518
3519 3520 3521
3519 3522 3520
3519 3523 3522
3524 3525 3526
3524 3526 3527
3519 3528 3529
3519 3530 3528
3519 3531 3530
3519 3532 3531
3525 3524 3533
3525 3533 3534
3519 3521 3535
3519 3535 3536
3519 3536 3537
3519 3537 3538
3519 3539 3540
3519 3540 3541
3519 3542 3523
3519 3543 3544
3545 3443 3546
3443 3424 3547
3498 3497 3548
3498 3548 3549
3550 3419 3422
3550 3422 3551
3552 3449 3419
3552 3419 3550
3424 3449 3547
3519 3553 3542
3490 3493 3492
3490 3492 3487
3510 3489 3488
3510 3488 3507
3442 3441 3452
3442 3453 3554
3484 3471 3470
3484 3470 3483
3450 3555 3451
3450 3556 3557
3450 3516 3556
3450 3557 3555
3558 3532 3538
3425 3559 3560
3518 3479 3478
3518 3478 3517
3425 3560 3450
3450 3560 3515
3494 3475 3474
3494 3474 3491
3561 3442 3554
3442 3561 3454
3442 3446 3440
3428 3424 3443
3558 3538 3527
3558 3527 3526
3437 3436 3562
3424 3438 3449
3519 3563 3539
3519 3544 3563
3519 3564 3565
3519 3529 3564
3519 3565 3543
3447 3431 3448
3436 3439 3448
3425 3428 3427
3425 3427 3559
3545 3546 3566
3546 3443 3567
3444 3443 3545
3445 3442 3429
3443 3547 3567
3547 3449 3552
3519 3541 3553
3538 3532 3519
3521 3520 3568
3569 3422 3421
3569 3421 3570
3571 3572 3573
3571 3573 3574
3575 3576 3577
3575 3577 3578
3579 3434 3433
3579 3433 3580
3581 3582 3583
3571 3574 3584
3581 3583 3585
3586 3587 3588
3578 3589 3590
3591 3587 3592
3574 3573 3578
3585 3593 3594
3595 3569 3570
3595 3570 3584
3594 3579 3580
3573 3572 3596
3573 3596 3597
3577 3591 3589
3598 3587 3599
3577 3576 3600
3577 3600 3587
3578 3577 3589
3601 3602 3603
3601 3603 3604
3605 3606 3607
3605 3607 3608
3609 3610 3611
3609 3611 3612
3613 3605 3608
3613 3608 3614
3604 3603 3609
3604 3609 3612
3610 3613 3614
3610 3614 3611
3615 3616 3617
3615 3617 3618
3606 3616 3615
3606 3615 3607
3619 3620 3621
3619 3621 3622
3623 3624 3625
3623 3625 3626
3627 3628 3620
3627 3620 3619
3629 3630 3624
3629 3624 3623
3631 3632 3628
3631 3628 3627
3633 3634 3635
3633 3635 3636
3637 3638 3639
3637 3639 3640
3641 3642 3643
3641 3643 3644
3645 3646 3647
3645 3647 3648
3649 3650 3651
3649 3651 3652
3653 3654 3655
3653 3655 3656
3657 3641 3644
3657 3644 3658
3656 3655 3657
3656 3657 3658
3652 3651 3659
3652 3659 3660
3660 3659 3646
3660 3646 3645
3597 3661 3662
3663 3664 3632
3663 3632 3631
3665 3666 3667
3665 3667 3668
3665 3668 3669
3670 3671 3672
3670 3672 3673
3665 3674 3675
3665 3675 3676
3665 3676 3677
3665 3677 3678
3673 3679 3680
3673 3680 3670
3665 3681 3666
3665 3682 3681
3665 3683 3682
3665 3684 3683
3665 3685 3686
3665 3687 3685
3665 3669 3688
3665 3689 3690
3691 3692 3590
3590 3693 3574
3642 3694 3695
3642 3695 3643
3696 3551 3422
3696 3422 3569
3697 3696 3569
3697 3569 3595
3574 3693 3595
3665 3688 3698
3634 3633 3640
3634 3640 3639
3654 3653 3636
3654 3636 3635
3587 3598 3588
3587 3699 3599
3630 3629 3618
3630 3618 3617
3597 3596 3700
3597 3701 3702
3597 3702 3661
3597 3700 3701
3703 3684 3678
3573 3704 3705
3664 3663 3626
3664 3626 3625
3573 3597 3704
3597 3662 3704
3638 3637 3622
3638 3622 3621
3706 3699 3587
3587 3600 3706
3587 3586 3592
3578 3590 3574
3703 3672 3671
3703 3671 3684
3582 3707 3583
3574 3595 3584
3665 3686 3708
3665 3708 3689
3665 3709 3710
3665 3710 3674
3665 3690 3709
3594 3593 3579
3583 3593 3585
3573 3705 3575
3573 3575 3578
3691 3711 3692
3692 3712 3590
3589 3691 3590
3591 3577 3587
3590 3712 3693
3693 3697 3595
3665 3698 3687
3684 3665 3678
3666 3713 3667
877 860 859
899 886 900
1580 1358 1361
1827 1640 1696
3714 3715 3716
3714 3716 3717
3718 3719 3720
3718 3720 3721
3722 3723 3724
3722 3724 3725
3726 3727 3728
3726 3728 3729
3730 3731 3732
3730 3732 3733
3734 3735 3736
3734 3736 3737
3738 3739 3740
3738 3740 3741
3742 3743 3744
3742 3744 3745
3746 3747 3748
3746 3748 3749
3750 3751 3752
3750 3752 3753
3754 3755 3756
3754 3756 3757
3758 3759 3760
3758 3760 3761
3762 3763 3764
3762 3764 3765
3766 3767 3768
3766 3768 3769
3770 3771 3772
3770 3772 3773
3774 3775 3776
3774 3776 3777
3778 3779 3780
3778 3780 3781
3782 3783 3784
3782 3784 3785
3786 3787 3788
3786 3788 3789
3790 3791 3792
3790 3792 3793
3794 3795 3796
3794 3796 3797
3798 3799 3800
3798 3800 3801
3802 3803 3804
3802 3804 3805
3806 3807 3808
3806 3808 3809
3810 3811 3812
3810 3812 3813
3814 3815 3816
3814 3816 3817
3818 3819 3820
3818 3820 3821
3822 3823 3824
3822 3824 3825
3826 3827 3828
3826 3828 3829
3830 3831 3832
3830 3832 3833
3834 3835 3836
3834 3836 3837
3838 3839 3840
3838 3840 3841
3842 3843 3844
3842 3844 3845
3846 3840 3839
3846 3839 3847
3848 3849 3835
3848 3835 3834
3837 3836 3838
3837 3838 3841
3842 3845 3850
3844 3843 3848
3851 3852 3853
3854 3855 3856
3857 3858 3859
3860 3861 3854
3853 3862 3857
3856 3863 3851
3864 3865 3866
3859 3858 3865
3867 3868 3869
3870 3871 3872
3869 3873 3874
3872 3871 3868
3875 3876 3877
3874 3878 3876
3879 3880 3870
3864 3866 3881
3876 3882 3883
3884 3885 3886
3884 3886 3887
3888 3889 3890
3885 3884 3891
3885 3891 3892
3893 3894 3895
3892 3896 3897
3892 3897 3885
3898 3899 3900
3898 3900 3901
3885 3897 3902
3885 3902 3903
3904 3905 3906
3895 3905 3907
3908 3909 3901
3908 3901 3900
3896 3892 3910
3896 3910 3911
3886 3885 3903
3893 3899 3898
3911 3910 3909
3911 3909 3908
3912 3909 3910
3912 3910 3913
3888 3898 3901
3913 3910 3892
3913 3892 3891
3914 3901 3909
3914 3909 3912
3915 3916 3917
3915 3917 3918
3919 3915 3918
3919 3918 3920
3920 3921 3922
3920 3922 3919
3923 3924 3925
3926 3925 3924
3926 3924 3927
3928 3929 3922
3928 3922 3921
3926 3927 3929
3926 3929 3928
3930 3931 3932
3930 3932 3933
3934 3935 3936
3934 3936 3937
3938 3939 3940
3941 3942 3930
3876 3943 3882
3944 3945 3946
3944 3946 3940
3876 3883 3947
3933 3932 3948
3933 3948 3946
3949 3950 3941
3949 3941 3951
3881 3866 3952
3953 3952 3866
3953 3866 3954
3955 3956 3957
3955 3957 3931
3931 3957 3958
3931 3958 3932
3958 3959 3948
3958 3948 3932
3959 3960 3961
3959 3961 3948
3960 3962 3938
3960 3938 3961
3938 3962 3963
3938 3963 3939
3939 3963 3964
3939 3964 3944
3944 3964 3965
3944 3965 3945
3945 3965 3949
3945 3949 3951
3966 3967 3968
3966 3968 3969
3967 3966 3970
3971 3972 3973
3971 3973 3974
3975 3976 3977
3975 3977 3978
3979 3980 3981
3969 3968 3982
3969 3982 3983
3984 3985 3986
3984 3986 3987
3988 3975 3978
3988 3978 3974
3989 3990 3991
3992 3993 3974
3994 3995 3990
3994 3990 3989
3985 3996 3997
3978 3998 3971
3978 3971 3974
3995 3994 3985
3995 3985 3984
3994 3983 3996
3994 3996 3985
3999 4000 3986
3986 3997 3999
3969 3989 3966
3983 3994 3989
3983 3989 3969
3996 4001 4002
3983 3982 4001
3983 4001 3996
4002 4003 4004
4005 4006 4007
4005 4007 4008
4009 4010 4011
4009 4011 4012
4013 4014 4015
4013 4015 4016
4017 4018 4019
4017 4019 4020
4021 4022 4023
4021 4023 4024
4024 4025 4026
4024 4026 4021
4027 4018 4017
4027 4017 4028
4029 4030 4031
4029 4031 4032
3976 3987 3977
4033 4034 3977
4035 4036 4037
4035 4037 4038
4039 4040 4037
4039 4037 4036
4038 4041 4042
4038 4042 4035
4043 4044 4045
4043 4045 4046
4047 4048 4046
4047 4046 4045
4002 4049 4050
4042 4041 4048
4042 4048 4047
4040 4039 4051
4040 4051 4052
4052 4051 4053
4052 4053 4054
4055 4054 4053
3850 3845 4056
3876 3947 3877
3966 3989 3991
4057 4058 4059
4060 4061 4062
4063 4064 4065
4066 4067 4068
4066 4068 4069
4070 4071 4072
4070 4072 4073
4074 4075 4076
4074 4076 4077
4062 4078 4063
4079 4080 4081
4075 4079 4082
4078 4064 4063
4083 4084 4071
4083 4071 4070
4085 4086 4058
4063 4065 4087
4063 4087 4059
4086 4060 4059
4088 4057 4059
4089 4090 4091
4089 4091 4092
4058 4093 4085
4093 4094 4095
4067 4089 4092
4067 4092 4068
4096 4097 4095
4098 4099 4100
4098 4100 4101
4102 4103 4104
4102 4104 4105
4106 4107 4108
4100 4109 4110
4100 4110 4101
4111 4112 4113
4111 4113 4114
4109 4115 4116
4109 4116 4110
4103 4102 4116
4103 4116 4117
4098 4101 4118
4098 4118 4119
4101 4110 4120
4101 4120 4118
4121 4122 4123
4121 4123 4124
4125 4126 4124
4125 4124 4127
4113 4128 4129
4113 4129 4114
4130 4131 4132
4133 4134 4129
4133 4129 4135
4102 4120 4110
4102 4110 4116
4115 4136 4117
4115 4117 4116
4121 4137 4138
4139 4140 4141
4128 4142 4135
4128 4135 4129
4143 4128 4113
4143 4113 4144
4112 4145 4144
4112 4144 4113
4146 4147 4128
4130 4148 4149
4111 4114 4126
4111 4126 4125
4122 4150 4151
4152 4153 4154
4155 4156 4157
4155 4157 4158
4159 4160 4161
4159 4161 4162
4155 4163 4156
4164 4165 4166
4165 4158 4167
4168 4169 4170
4168 4170 4171
4172 4173 4174
4172 4174 4175
4176 4177 4178
4176 4178 4179
4153 4180 4181
4153 4181 4154
4182 4183 4184
4182 4184 4185
4186 4187 4188
4186 4188 4189
4190 4191 4192
4190 4192 4193
4193 4192 4189
4193 4189 4188
4194 4195 4196
4194 4196 4197
4198 4199 4200
4198 4200 4201
4202 4203 4204
4202 4204 4205
4206 4207 4208
4206 4208 4209
4210 4211 4212
4210 4212 4213
4214 4215 4216
4214 4216 4217
4218 4198 4201
4218 4201 4219
4220 4221 4222
4220 4222 4223
4199 4224 4225
4199 4225 4200
4226 4227 4228
4226 4228 4229
4230 4220 4223
4230 4223 4231
4183 4182 4195
4183 4195 4194
4138 4232 4122
4233 4146 4128
4233 4128 4143
4234 4174 4173
4234 4173 4235
4236 4237 4149
4107 4137 4108
4121 4124 4238
4121 4238 4108
4238 4124 4126
4238 4126 4134
4239 4240 4149
4134 4126 4114
4134 4114 4129
4185 4184 4241
4185 4241 4242
4169 4168 4243
4169 4243 4244
4180 4245 4246
4180 4246 4181
4163 4152 4247
4127 4124 4123
4127 4123 4248
4145 4131 4130
4145 4130 4144
4144 4130 4149
4144 4149 4143
4160 4164 4249
4160 4249 4161
4222 4221 4209
4222 4209 4208
4143 4149 4250
4143 4250 4233
4215 4214 4251
4215 4251 4252
4253 4210 4213
4253 4213 4254
4255 4256 4257
4258 4141 4259
4258 4259 4255
4260 4261 4262
4262 4255 4259
4262 4259 4260
4263 4264 4262
4265 4139 4258
4266 4261 4260
4118 4120 4267
4118 4267 4268
4120 4102 4105
4120 4105 4267
4119 4118 4268
4119 4268 4269
4217 4216 4270
4217 4270 4271
4272 4218 4219
4272 4219 4273
4225 4224 4203
4225 4203 4202
4133 4136 4115
4133 4115 4134
4115 4109 4238
4115 4238 4134
4109 4100 4108
4109 4108 4238
4108 4100 4106
4242 4241 4191
4242 4191 4190
4147 4142 4128
4205 4204 4230
4205 4230 4231
4165 4167 4166
3977 3987 3986
4274 3972 3971
4177 4246 4245
4177 4245 4178
4275 4276 4197
4275 4197 4196
3988 3993 3979
3979 3993 3980
3974 3993 3988
4077 4277 4278
4079 4081 4082
4076 4075 4082
3898 3890 3894
4279 4280 4281
4088 4059 4087
4108 4137 4121
4279 4281 4282
4122 4232 4283
4123 4284 4248
4123 4285 4284
4122 4151 4123
4123 4151 4285
4122 4283 4150
4121 4138 4122
4156 4163 4247
4152 4154 4247
4286 4287 4288
4030 4029 4020
4030 4020 4019
3893 3898 3894
4095 4094 4096
4083 4091 4090
4083 4090 4084
4016 4015 4032
4016 4032 4031
4289 3997 4002
3997 3996 4002
3985 3997 3986
4010 4007 4006
4010 4006 4011
3977 4034 3978
3978 4034 3998
4014 4013 4009
4014 4009 4012
3986 4000 3977
3977 4000 4033
3999 3997 4289
4171 4170 4159
4171 4159 4162
4286 4288 4049
4288 4287 4290
4130 4291 4148
4130 4132 4291
3974 3973 3992
4002 4001 4003
4252 4251 4292
4252 4292 4293
4254 4228 4227
4254 4227 4253
4258 4257 4265
4255 4257 4258
4262 4264 4255
4255 4264 4256
4105 4104 4266
4259 4141 4268
4259 4268 4267
4260 4259 4267
4260 4267 4105
4141 4140 4268
4187 4186 4271
4187 4271 4270
4273 4212 4211
4273 4211 4272
4294 4295 4296
4294 4296 4297
4298 4299 4296
4298 4296 4295
4300 4301 4302
4300 4302 4303
4303 4302 4299
4303 4299 4298
4297 4027 4028
4297 4028 4294
4025 4301 4300
4025 4300 4026
4304 4305 4306
4307 4308 4309
4307 4309 4310
4311 4305 4309
4304 4306 4312
4304 4312 4313
4306 4305 4311
4311 4309 4308
4313 4312 4314
4313 4314 4315
4315 4314 4316
4317 4318 4319
4317 4319 4320
4318 4316 4321
4318 4321 4319
4315 4316 4318
4044 4043 4322
4149 4148 4239
4323 4003 4324
4234 4235 4244
4234 4244 4243
4002 4004 4049
4004 4003 4323
4149 4240 4236
4149 4237 4250
3874 3873 3878
3876 3878 3943
3874 3876 3875
3869 3868 3873
3882 3943 4325
3930 3933 3951
3930 3951 3941
3961 3940 3946
3961 3946 3948
3933 3946 3945
3933 3945 3951
3942 3955 3930
3930 3955 3931
3875 3877 4326
3940 3939 3944
3938 3940 3961
3859 3865 3864
3857 3862 3858
3853 3852 3862
3851 3863 3852
3856 3855 3863
3854 3861 3855
3893 3895 3907
3907 3905 3904
3935 3934 4327
3888 3901 3914
3888 3890 3898
4060 4062 4063
4065 4064 4328
4093 4095 4085
4058 4086 4059
4059 4060 4063
4077 4076 4277
3842 4329 4330
4167 4158 4157
4164 4166 4249
4106 4100 4099
3866 3865 3954
3842 3850 4329
3872 3868 3867
3870 3880 3871
4331 4332 4333
4331 4333 3970
4331 3966 3991
3970 3966 4331
3935 4327 4334
4327 3934 4335
4336 4337 4338
4336 4338 4339
4258 4139 4141
4262 4261 4263
4105 4266 4260
4268 4140 4269
4050 4049 4288
4289 4002 4050
4340 4341 4342
4340 4342 4343
4344 4345 4346
4344 4346 4347
4348 4349 4350
4348 4350 4351
3846 3847 4347
3846 4347 4346
4352 4340 4343
4352 4343 4353
4341 4345 4344
4341 4344 4342
4348 4354 4349
4350 4352 4353
4350 4353 4351
4355 4356 4357
4358 4359 4360
4361 4362 4363
3860 4358 3861
4356 4361 4364
4359 4355 4365
4366 4367 4368
4362 4368 4363
4369 4370 4371
4372 4373 4374
4370 4375 4376
4373 4371 4374
4377 4378 4379
4375 4379 4380
4381 4372 4382
4366 4383 4367
4379 4384 4385
3884 3887 4386
3884 4386 4387
3888 4388 3889
4387 4389 3891
4387 3891 3884
4390 4391 4392
4389 4387 4393
4389 4393 4394
4395 4396 4397
4395 4397 4398
4387 4399 4400
4387 4400 4393
4401 4402 4403
4391 4404 4403
4405 4397 4396
4405 4396 4406
4394 4407 4408
4394 4408 4389
4386 4399 4387
4390 4395 4398
4407 4405 4406
4407 4406 4408
3912 3913 4408
3912 4408 4406
3888 4396 4395
3913 3891 4389
3913 4389 4408
3914 3912 4406
3914 4406 4396
4409 4410 4411
4409 4411 4412
4413 4414 4410
4413 4410 4409
4414 4413 4415
4414 4415 4416
4417 4418 4419
4420 4421 4419
4420 4419 4418
4422 4416 4415
4422 4415 4423
4420 4422 4423
4420 4423 4421
4424 4425 4426
4424 4426 4427
4428 4429 4430
4428 4430 4431
4432 4433 4434
4435 4424 4436
4379 4385 4437
4438 4433 4439
4438 4439 4440
4379 4441 4384
4425 4439 4442
4425 4442 4426
4443 4444 4435
4443 4435 4445
4445 4435 4436
4446 4447 4367
4446 4367 4448
4449 4427 4450
4449 4450 4451
4427 4426 4452
4427 4452 4450
4452 4426 4442
4452 4442 4453
4453 4442 4454
4453 4454 4455
4455 4454 4432
4455 4432 4456
4432 4434 4457
4432 4457 4456
4434 4438 4458
4434 4458 4457
4438 4440 4459
4438 4459 4458
4440 4444 4443
4440 4443 4459
4460 4461 4462
4460 4462 4463
4463 4464 4460
4465 4466 4467
4465 4467 4468
4469 4470 4471
4469 4471 4472
4473 4474 4475
4476 4462 4461
4476 4461 4477
4478 4479 4480
4478 4480 4481
4482 4466 4470
4482 4470 4469
4483 4484 4485
4486 4466 4487
4488 4483 4485
4488 4485 4489
4481 4490 4491
4465 4492 4470
4465 4470 4466
4489 4478 4481
4489 4481 4488
4488 4481 4491
4488 4491 4477
4493 4480 4494
4480 4493 4490
4461 4460 4483
4477 4461 4483
4477 4483 4488
4491 4495 4496
4496 4476 4477
4496 4477 4491
4495 4497 4498
4499 4500 4501
4499 4501 4502
4503 4504 4505
4503 4505 4506
4507 4508 4509
4507 4509 4510
4511 4512 4513
4511 4513 4514
4515 4516 4517
4515 4517 4518
4516 4515 4519
4516 4519 4520
4521 4522 4511
4521 4511 4514
4523 4524 4525
4523 4525 4526
4472 4471 4479
4527 4471 4528
4529 4530 4531
4529 4531 4532
4533 4532 4531
4533 4531 4534
4530 4529 4535
4530 4535 4536
4537 4538 4539
4537 4539 4540
4541 4539 4538
4541 4538 4542
4495 4543 4544
4535 4541 4542
4535 4542 4536
4534 4545 4546
4534 4546 4533
4545 4547 4548
4545 4548 4546
4549 4548 4547
4354 4550 4349
4379 4378 4441
4460 4484 4483
4551 4552 4553
4060 4554 4061
4555 4556 4557
4558 4559 4560
4558 4560 4561
4562 4563 4564
4562 4564 4565
4566 4567 4568
4566 4569 4567
4554 4555 4570
4571 4081 4080
4568 4572 4571
4570 4555 4557
4573 4562 4565
4573 4565 4574
4085 4553 4086
4555 4552 4575
4555 4575 4556
4086 4552 4060
4576 4552 4551
4577 4578 4579
4577 4579 4580
4553 4085 4581
4581 4095 4582
4561 4560 4578
4561 4578 4577
4583 4095 4097
4584 4585 4586
4584 4586 4587
4588 4589 4590
4588 4590 4591
4592 4593 4594
4586 4585 4595
4586 4595 4596
4597 4598 4599
4597 4599 4600
4596 4595 4601
4596 4601 4602
4591 4603 4601
4591 4601 4588
4584 4604 4605
4584 4605 4585
4585 4605 4606
4585 4606 4595
4607 4608 4609
4607 4609 4610
4611 4612 4608
4611 4608 4613
4599 4598 4614
4599 4614 4615
4616 4617 4618
4619 4620 4614
4619 4614 4621
4588 4601 4595
4588 4595 4606
4602 4601 4603
4602 4603 4622
4607 4623 4624
4625 4626 4627
4615 4614 4620
4615 4620 4628
4629 4630 4599
4629 4599 4615
4600 4599 4630
4600 4630 4631
4632 4615 4633
4616 4634 4635
4597 4611 4613
4597 4613 4598
4610 4636 4637
4638 4639 4640
4641 4642 4643
4641 4643 4644
4645 4646 4647
4645 4647 4648
4641 4644 4649
4650 4651 4652
4652 4653 4642
4654 4655 4656
4654 4656 4657
4658 4659 4660
4658 4660 4661
4662 4663 4664
4662 4664 4665
4640 4639 4666
4640 4666 4667
4668 4669 4670
4668 4670 4671
4672 4673 4674
4672 4674 4675
4676 4677 4678
4676 4678 4679
4677 4674 4673
4677 4673 4678
4680 4681 4682
4680 4682 4683
4684 4685 4686
4684 4686 4687
4688 4689 4690
4688 4690 4691
4692 4693 4694
4692 4694 4695
4696 4697 4698
4696 4698 4699
4700 4701 4702
4700 4702 4703
4704 4705 4685
4704 4685 4684
4706 4707 4708
4706 4708 4709
4687 4686 4710
4687 4710 4711
4712 4713 4714
4712 4714 4715
4716 4717 4707
4716 4707 4706
4671 4680 4683
4671 4683 4668
4623 4610 4718
4719 4629 4615
4719 4615 4632
4720 4721 4661
4720 4661 4660
4722 4634 4723
4594 4593 4624
4607 4593 4724
4607 4724 4608
4724 4621 4613
4724 4613 4608
4725 4634 4726
4621 4614 4598
4621 4598 4613
4669 4727 4728
4669 4728 4670
4657 4729 4730
4657 4730 4654
4667 4666 4731
4667 4731 4732
4649 4733 4638
4612 4734 4609
4612 4609 4608
4631 4630 4616
4631 4616 4618
4630 4629 4634
4630 4634 4616
4648 4647 4735
4648 4735 4650
4708 4694 4693
4708 4693 4709
4629 4719 4736
4629 4736 4634
4703 4737 4738
4703 4738 4700
4739 4740 4697
4739 4697 4696
4741 4742 4743
4744 4741 4745
4744 4745 4626
4746 4747 4748
4747 4746 4745
4747 4745 4741
4749 4747 4750
4751 4744 4625
4752 4746 4748
4605 4753 4754
4605 4754 4606
4606 4754 4589
4606 4589 4588
4604 4755 4753
4604 4753 4605
4701 4756 4757
4701 4757 4702
4758 4759 4705
4758 4705 4704
4710 4688 4691
4710 4691 4711
4619 4621 4602
4619 4602 4622
4602 4621 4724
4602 4724 4596
4596 4724 4593
4596 4593 4586
4593 4592 4586
4727 4676 4679
4727 4679 4728
4633 4615 4628
4689 4717 4716
4689 4716 4690
4652 4651 4653
4471 4480 4479
4760 4465 4468
4665 4664 4732
4665 4732 4731
4761 4682 4681
4761 4681 4762
4482 4473 4487
4473 4475 4487
4466 4482 4487
4569 4763 4764
4571 4572 4081
4567 4572 4568
4395 4392 4388
4765 4766 4767
4576 4575 4552
4593 4607 4624
4765 4768 4766
4610 4769 4718
4609 4734 4770
4609 4770 4771
4610 4609 4636
4609 4771 4636
4610 4637 4769
4607 4610 4623
4644 4733 4649
4638 4733 4639
4772 4773 4774
4526 4513 4512
4526 4512 4523
4390 4392 4395
4095 4583 4582
4573 4574 4580
4573 4580 4579
4508 4525 4524
4508 4524 4509
4775 4495 4490
4490 4495 4491
4481 4480 4490
4506 4505 4502
4506 4502 4501
4471 4470 4528
4470 4492 4528
4510 4504 4503
4510 4503 4507
4480 4471 4494
4471 4527 4494
4493 4775 4490
4655 4646 4645
4655 4645 4656
4772 4544 4773
4773 4776 4774
4616 4635 4777
4616 4777 4617
4466 4486 4467
4495 4498 4496
4737 4778 4779
4737 4779 4738
4740 4739 4715
4740 4715 4714
4744 4751 4742
4741 4744 4742
4747 4741 4750
4741 4743 4750
4589 4752 4590
4745 4754 4753
4745 4753 4626
4746 4589 4754
4746 4754 4745
4626 4753 4627
4675 4757 4756
4675 4756 4672
4759 4758 4699
4759 4699 4698
4780 4781 4782
4780 4782 4783
4784 4783 4782
4784 4782 4785
4786 4787 4788
4786 4788 4789
4787 4784 4785
4787 4785 4788
4781 4780 4522
4781 4522 4521
4520 4519 4786
4520 4786 4789
4790 4791 4792
4793 4794 4795
4793 4795 4796
4797 4795 4792
4790 4798 4799
4790 4799 4791
4791 4797 4792
4797 4796 4795
4798 4800 4801
4798 4801 4799
4800 4802 4801
4803 4804 4805
4803 4805 4806
4806 4807 4802
4806 4805 4807
4800 4806 4802
4540 4808 4537
4634 4725 4635
4809 4810 4498
4720 4730 4729
4720 4729 4721
4495 4544 4497
4497 4809 4498
4634 4722 4726
4634 4736 4723
4375 4380 4376
4379 4437 4380
4375 4377 4379
4370 4376 4371
4385 4811 4437
4424 4435 4444
4424 4444 4425
4454 4442 4439
4454 4439 4433
4425 4444 4440
4425 4440 4439
4436 4424 4449
4424 4427 4449
4377 4812 4378
4433 4438 4434
4432 4454 4433
4362 4366 4368
4361 4363 4364
4356 4364 4357
4355 4357 4365
4359 4365 4360
4358 4360 3861
4390 4404 4391
4404 4401 4403
4431 4813 4428
3888 3914 4396
3888 4395 4388
4060 4555 4554
4556 4814 4557
4581 4085 4095
4553 4552 4086
4552 4555 4060
4569 4764 4567
4348 4815 4816
4653 4643 4642
4650 4735 4651
4592 4587 4586
4367 4447 4368
4348 4816 4354
4373 4369 4371
4372 4374 4382
4817 4818 4819
4817 4464 4818
4817 4484 4460
4464 4817 4460
4431 4820 4813
4813 4821 4428
4822 4823 4824
4822 4825 4823
4744 4626 4625
4747 4749 4748
4589 4746 4752
4753 4755 4627
4543 4773 4544
4775 4543 4495
3950 3942 3941
4383 4448 4367
3848 3843 3849
4826 4827 4828
4826 4828 4829
4830 4828 4827
4830 4827 4831
4831 4827 4826
4831 4826 4832
4832 4826 4829
4832 4829 4833
4833 4829 4828
4833 4828 4830
4834 4835 4836
4834 4836 4837
4838 4836 4835
4838 4835 4839
4839 4835 4834
4839 4834 4840
4840 4834 4837
4840 4837 4841
4841 4837 4836
4841 4836 4838
4842 4843 4844
4842 4844 4845
4846 4844 4843
4846 4843 4847
4847 4843 4842
4847 4842 4848
4848 4842 4845
4848 4845 4849
4849 4845 4844
4849 4844 4846
4850 4851 4852
4850 4852 4853
4854 4852 4851
4854 4851 4855
4855 4851 4850
4855 4850 4856
4856 4850 4853
4856 4853 4857
4857 4853 4852
4857 4852 4854
4858 4859 4860
4858 4860 4861
4862 4860 4859
4862 4859 4863
4863 4859 4858
4863 4858 4864
4864 4858 4861
4864 4861 4865
4865 4861 4860
4865 4860 4862
4866 4867 4868
4866 4868 4869
4870 4868 4867
4870 4867 4871
4871 4867 4866
4871 4866 4872
4872 4866 4869
4872 4869 4873
4873 4869 4868
4873 4868 4870
4874 4875 4876
4874 4876 4877
4878 4879 4880
4878 4880 4881
4882 4883 4884
4882 4884 4885
4886 4887 4888
4886 4888 4889
4890 4891 4892
4890 4892 4893
4894 4895 4896
4894 4896 4897
4881 4876 4875
4881 4875 4878
4891 4890 4898
4891 4898 4899
4895 4894 4900
4895 4900 4901
4902 4903 4904
4902 4904 4905
4906 4907 4908
4906 4908 4909
4910 4911 4912
4910 4912 4913
4914 4915 4916
4914 4916 4917
4918 4919 4920
4918 4920 4921
4922 4923 4924
4922 4924 4925
4926 4927 4928
4926 4928 4929
4906 4909 4903
4906 4903 4902
4930 4931 4932
4930 4932 4933
4934 4935 4936
4934 4936 4937
4938 4939 4940
4938 4940 4941
4942 4943 4944
4942 4944 4945
4946 4947 4948
4946 4948 4949
4950 4951 4952
4950 4952 4953
4954 4955 4956
4954 4956 4957
4958 4959 4960
4958 4960 4961
4942 4938 4941
4942 4941 4943
4955 4954 4962
4955 4962 4963
4964 4965 4966
4964 4966 4967
4968 4969 4970
4971 4972 4973
4971 4973 4974
4975 4976 4977
4978 4979 4980
4981 4982 4983
4984 4985 4986
4980 4987 4978
4988 4989 4990
4991 4992 4993
4994 4982 4995
4996 4997 4998
4996 4998 4999
5000 5001 4919
5000 4919 4918
5002 5003 4951
5002 4951 4950
5004 5005 5006
5007 5008 4999
5007 4999 4998
5009 5010 5011
5009 5011 5012
5013 5014 5015
5013 5015 5016
5017 5018 4935
5017 4935 4934
5019 5020 5021
5019 5021 5022
5023 5024 5025
4899 4898 5026
4899 5026 5027
4931 4922 4925
4931 4925 4932
4963 4962 4966
4963 4966 4965
4981 4983 5028
4882 4885 5029
4882 5029 5030
4949 4948 5031
4949 5031 5032
5033 4990 5034
4915 5035 5036
4915 5036 4916
4901 4900 5027
4901 5027 5026
4937 4936 4930
4937 4930 4933
4959 4964 4967
4959 4967 4960
5037 4995 5038
5029 4880 4879
5029 4879 5030
4913 4908 4907
4913 4907 4910
4945 4944 5032
4945 5032 5031
5034 5039 5040
4917 4912 4911
4917 4911 4914
5041 5042 4884
5041 4884 4883
5043 5044 4947
5043 4947 4946
5045 5046 4989
4886 4889 5042
4886 5042 5041
4953 4952 5044
4953 5044 5043
5047 4993 5046
5048 5036 5035
5048 5035 5049
4888 4887 4996
5000 5048 5049
5000 5049 5001
5004 4992 5005
5002 5009 5012
5002 5012 5003
5007 5016 5015
5007 5015 5008
4921 4920 4927
4921 4927 4926
5010 5019 5022
5010 5022 5011
4970 4976 4968
5013 4897 4896
5013 4896 5014
4929 4928 5018
4929 5018 5017
5020 4958 4961
5020 4961 5021
5023 5050 5024
4975 4977 5050
4968 4976 4975
4970 4969 5006
5004 5006 4969
5024 5050 4977
5023 5025 5038
5037 5038 5025
4994 4995 5037
4981 5028 5051
4983 4982 4994
4996 4887 4997
5005 4992 4991
4991 4993 5047
5047 5046 5045
5045 4989 4988
4988 4990 5033
5033 5034 5040
5040 5039 4987
4978 4987 5039
4980 4979 4985
4986 4985 4979
5052 4893 4892
5052 4892 5053
5054 4924 4923
5054 4923 5055
4957 4956 5056
4957 5056 5057
5028 4974 4973
5028 4973 5051
5058 5059 5060
5058 5060 5061
5062 5063 5064
5062 5064 5065
5066 5067 5068
5066 5068 5069
5070 5071 5072
5070 5072 5073
5074 5075 5076
5074 5076 5077
5078 5079 5080
5078 5080 5081
5082 5083 5084
5082 5084 5085
5086 5087 5088
5086 5088 5089
5090 5091 5092
5090 5092 5093
5094 5095 5096
5094 5096 5097
5098 5099 5100
5098 5100 5101
5102 5103 5104
5102 5104 5105
5106 5107 5108
5106 5108 5109
5110 5111 5112
5110 5112 5113
5114 5115 5116
5114 5116 5117
5118 5119 5120
5118 5120 5121
5122 5123 5124
5122 5124 5125
5126 5127 5128
5126 5128 5129
5130 5131 5132
5130 5132 5133
5134 5135 5136
5134 5136 5137
5138 5139 5140
5138 5140 5141
5142 5143 5144
5142 5144 5145
5146 5147 5148
5146 5148 5149
5150 5151 5152
5150 5152 5153
5154 5155 5156
5154 5156 5157
5158 5159 5160
5158 5160 5161
5162 5163 5164
5162 5164 5165
5166 5167 5168
5166 5168 5169
5170 5171 5172
5170 5172 5173
5174 5175 5176
5174 5176 5177
5178 5179 5180
5178 5180 5181
5182 5183 5184
5182 5184 5185
5186 5187 5188
5186 5188 5189
5190 5191 5192
5190 5192 5193
5194 5195 5196
5197 5198 5199
5197 5199 5200
5201 5202 5203
5201 5203 5204
5197 5205 5206
5197 5206 5207
5208 5209 5210
5211 5201 5204
5211 5204 5212
5213 5214 5215
5213 5215 5216
5217 5218 5219
5217 5219 5220
5216 5215 5221
5216 5221 5222
5209 5207 5210
5223 5224 5225
5223 5225 5226
5207 5195 5198
5207 5198 5197
5207 5209 5195
5227 5228 5229
5230 5231 5232
5233 5228 5234
5233 5234 5235
5236 5237 5238
5236 5238 5239
5240 5241 5242
5240 5242 5243
5244 5245 5246
5244 5246 5247
5220 5219 5214
5220 5214 5213
5231 5227 5229
5198 5248 5249
5198 5249 5199
5195 5194 5248
5195 5248 5198
5205 5197 5200
5205 5200 5250
5226 5190 5193
5226 5193 5223
5212 5225 5224
5212 5224 5211
5191 5251 5252
5191 5252 5192
5253 5254 5233
5232 5229 5254
5232 5254 5255
5256 5257 5258
5259 5260 5261
5262 5263 5257
5264 5258 5265
5266 5265 5258
5266 5258 5257
5267 5268 5269
5267 5269 5270
5268 5271 5272
5268 5272 5269
5271 5273 5274
5271 5274 5272
5273 5275 5276
5273 5276 5274
5275 5277 5278
5275 5278 5276
5279 5280 5281
5279 5282 5283
5279 5283 5280
5282 5284 5285
5282 5285 5283
5284 5286 5285
5287 5288 5286
5288 5287 5289
5290 5291 5292
5200 5293 5294
5200 5294 5250
5199 5295 5293
5199 5293 5200
5249 5296 5295
5249 5295 5199
5277 5297 5298
5277 5298 5278
5279 5281 5299
5300 5301 5267
5300 5267 5270
5302 5291 5290
5303 5195 5304
5292 5291 5208
5299 5281 5305
5287 5286 5284
5303 5304 5306
5262 5257 5256
5307 5253 5233
5307 5233 5235
5233 5254 5229
5231 5229 5232
5260 5259 5308
5260 5257 5263
5260 5308 5309
5260 5309 5257
5257 5309 5266
5229 5228 5233
5310 5311 5312
5310 5312 5313
5314 5315 5316
5317 5318 5319
5317 5319 5320
5321 5322 5323
5321 5323 5324
5317 5325 5326
5317 5326 5327
5328 5329 5316
5330 5331 5332
5333 5334 5322
5333 5322 5321
5335 5336 5337
5335 5337 5338
5217 5339 5340
5217 5340 5218
5336 5341 5342
5336 5342 5337
5329 5332 5325
5343 5344 5345
5343 5345 5346
5325 5317 5320
5325 5320 5316
5347 5348 5349
5350 5351 5352
5353 5349 5354
5353 5354 5355
5356 5357 5358
5356 5358 5359
5360 5361 5362
5360 5362 5363
5364 5365 5366
5364 5366 5367
5339 5335 5338
5339 5338 5340
5352 5348 5347
5320 5319 5368
5320 5368 5369
5316 5320 5369
5316 5369 5314
5327 5370 5318
5327 5318 5317
5344 5343 5311
5344 5311 5310
5334 5333 5346
5334 5346 5345
5313 5312 5252
5313 5252 5251
5371 5354 5372
5351 5373 5372
5351 5372 5348
5374 5375 5376
5377 5378 5379
5380 5376 5381
5382 5383 5375
5384 5376 5375
5384 5375 5383
5385 5386 5387
5385 5387 5388
5388 5387 5389
5388 5389 5390
5390 5389 5391
5390 5391 5392
5392 5391 5393
5392 5393 5394
5394 5393 5395
5394 5395 5396
5397 5398 5399
5397 5399 5400
5397 5400 5401
5401 5400 5402
5401 5402 5403
5403 5402 5404
5405 5404 5406
5406 5407 5405
5408 5331 5409
5318 5370 5294
5318 5294 5293
5319 5318 5293
5319 5293 5295
5368 5319 5295
5368 5295 5296
5396 5395 5410
5396 5410 5411
5397 5412 5398
5413 5386 5385
5413 5385 5414
5415 5416 5408
5417 5328 5316
5332 5326 5325
5331 5330 5409
5412 5418 5398
5405 5403 5404
5417 5419 5328
5380 5374 5376
5354 5371 5420
5354 5420 5355
5354 5348 5372
5352 5351 5348
5421 5422 5377
5421 5381 5376
5421 5376 5423
5421 5423 5422
5376 5384 5423
5348 5354 5349
5330 5332 5329
5208 5210 5292
5424 5342 5341
5424 5341 5425
5316 5315 5417
5426 5367 5366
5426 5366 5427
5364 5358 5357
5364 5357 5365
5363 5362 5428
5363 5428 5429
5328 5419 5430
5239 5238 5431
5239 5431 5432
5432 5431 5245
5432 5245 5244
5433 5290 5434
5222 5221 5435
5222 5435 5436
5196 5195 5303
5242 5241 5437
5242 5437 5438
5306 5304 5439
5195 5209 5304
5316 5329 5325
5302 5290 5433
5440 5408 5409
5441 5442 5443
5444 5445 5446
5444 5446 5447
5442 5441 5448
5448 5449 5450
5444 5451 5452
5444 5452 5445
5443 5442 5453
5448 5450 5454
5448 5454 5455
5442 5448 5455
5442 5455 5456
5444 5457 5458
5444 5458 5451
5445 5452 5459
5445 5459 5460
5445 5460 5461
5445 5461 5446
5462 5458 5457
5463 5464 5465
5463 5465 5466
5467 5468 5469
5467 5469 5470
5471 5472 5473
5471 5473 5474
5475 5463 5466
5475 5466 5476
5477 5478 5479
5477 5479 5480
5481 5482 5483
5484 5485 5486
5487 5485 5484
5487 5484 5488
5459 5489 5460
5460 5489 5461
5490 5479 5478
5490 5478 5491
5492 5493 5453
5469 5475 5476
5469 5476 5470
5456 5492 5442
5448 5441 5449
5450 5449 5494
5492 5453 5442
5481 5487 5488
5481 5483 5495
5481 5495 5487
5496 5497 5498
5499 5500 5501
5498 5502 5496
5502 5503 5504
5499 5505 5506
5499 5506 5507
5497 5508 5498
5502 5509 5510
5502 5510 5503
5509 5502 5498
5509 5498 5511
5507 5512 5513
5507 5513 5499
5505 5514 5515
5505 5515 5506
5505 5516 5517
5505 5517 5514
5518 5513 5512
5519 5520 5521
5519 5521 5522
5523 5524 5525
5523 5525 5526
5527 5528 5529
5527 5529 5530
5531 5532 5520
5531 5520 5519
5533 5534 5535
5533 5535 5536
5537 5538 5539
5540 5541 5542
5543 5544 5540
5543 5540 5542
5515 5514 5545
5514 5517 5545
5546 5547 5536
5546 5536 5535
5548 5508 5549
5525 5524 5532
5525 5532 5531
5511 5498 5548
5513 5500 5499
5502 5504 5496
5503 5550 5504
5548 5498 5508
5537 5544 5543
5537 5543 5551
5537 5551 5538
5530 5529 5534
5530 5534 5533
5499 5501 5516
5499 5516 5505
5480 5473 5472
5480 5472 5477
5444 5447 5552
5444 5552 5457
5415 5408 5440
5408 5416 5553
5434 5290 5554
5210 5207 5206
5377 5555 5421
5377 5556 5555
5377 5379 5556
5259 5557 5558
5259 5559 5557
5259 5261 5559
5560 5561 5562
5563 5564 5565
5566 5567 5568
5569 5570 5571
5572 5573 5574
5575 5576 5564
5577 5578 5573
5579 5580 5581
5582 5583 5584
5585 5584 5586
5587 5588 5583
5589 5587 5582
5589 5582 5590
5590 5582 5585
5590 5585 5591
5591 5585 5592
5591 5592 5593
5594 5595 5579
5594 5579 5596
5597 5596 5579
5597 5579 5598
5599 5600 5601
5599 5601 5602
5603 5575 5604
5603 5604 5605
5605 5604 5606
5605 5606 5607
5608 5609 5610
5608 5610 5611
5611 5610 5612
5611 5612 5613
5614 5562 5561
5614 5561 5615
5615 5561 5560
5615 5560 5616
5617 5574 5573
5617 5573 5618
5618 5573 5578
5618 5578 5619
5620 5565 5564
5620 5564 5621
5621 5564 5576
5621 5576 5622
5622 5576 5623
5622 5623 5624
5625 5570 5581
5625 5581 5626
5627 5580 5628
5627 5628 5629
5630 5631 5567
5630 5567 5586
5632 5584 5583
5632 5583 5633
5633 5583 5588
5633 5588 5634
5635 5636 5637
5635 5637 5638
5639 5640 5641
5642 5643 5644
5642 5644 5637
5645 5646 5647
5645 5647 5648
5649 5650 5651
5649 5651 5647
5652 5653 5654
5652 5654 5655
5656 5657 5658
5656 5658 5659
5657 5660 5661
5657 5661 5658
5662 5663 5664
5662 5664 5665
5663 5666 5667
5663 5667 5664
5666 5668 5669
5666 5669 5667
5598 5581 5570
5599 5597 5598
5599 5598 5569
5626 5581 5580
5626 5580 5627
5653 5656 5659
5653 5659 5654
5670 5565 5578
5607 5606 5609
5607 5609 5671
5619 5578 5565
5619 5565 5620
5672 5673 5674
5672 5674 5675
5592 5586 5567
5593 5592 5566
5593 5566 5676
5632 5630 5586
5632 5586 5584
5677 5662 5665
5677 5665 5678
5610 5679 5612
5609 5680 5610
5606 5681 5609
5604 5682 5606
5575 5683 5604
5569 5571 5601
5598 5570 5569
5579 5581 5598
5595 5580 5579
5592 5567 5566
5585 5586 5592
5582 5584 5585
5587 5583 5582
5684 5685 5686
5684 5686 5687
5685 5688 5689
5685 5689 5686
5688 5690 5691
5688 5691 5689
5690 5692 5693
5690 5693 5691
5692 5694 5695
5692 5695 5693
5694 5696 5697
5694 5697 5695
5698 5699 5700
5698 5700 5701
5699 5684 5687
5699 5687 5700
5702 5703 5704
5702 5704 5705
5705 5704 5706
5705 5706 5707
5707 5706 5708
5707 5708 5709
5709 5708 5710
5709 5710 5711
5711 5710 5712
5711 5712 5713
5713 5712 5714
5713 5714 5715
5716 5717 5718
5716 5718 5719
5719 5718 5703
5719 5703 5702
5720 5721 5722
5720 5722 5723
5723 5722 5724
5723 5724 5725
5725 5724 5726
5725 5726 5727
5727 5726 5728
5727 5728 5729
5729 5728 5730
5729 5730 5731
5731 5730 5732
5731 5732 5733
5734 5735 5736
5734 5736 5737
5737 5736 5721
5737 5721 5720
5738 5739 5740
5738 5740 5741
5742 5743 5739
5742 5739 5738
5744 5745 5743
5744 5743 5742
5746 5747 5748
5746 5748 5749
5750 5751 5747
5750 5747 5746
5752 5753 5751
5752 5751 5750
5754 5755 5753
5754 5753 5752
5741 5740 5755
5741 5755 5754
5756 5757 5758
5756 5758 5759
5760 5761 5757
5760 5757 5756
5762 5763 5761
5762 5761 5760
5764 5765 5763
5764 5763 5762
5766 5767 5765
5766 5765 5764
5768 5769 5767
5768 5767 5766
5770 5771 5772
5770 5772 5773
5759 5758 5771
5759 5771 5770
5774 5775 5776
5775 5777 5776
5777 5778 5776
5778 5779 5776
5779 5780 5776
5780 5781 5776
5781 5782 5776
5782 5774 5776
5783 5784 5785
5786 5783 5785
5787 5786 5785
5788 5787 5785
5789 5788 5785
5790 5789 5785
5791 5790 5785
5784 5791 5785
5792 5793 5794
5792 5794 5795
5793 5796 5797
5793 5797 5794
5797 5796 5798
5797 5798 5799
5800 5801 5802
5800 5802 5803
5802 5804 5805
5802 5805 5803
5804 5792 5795
5804 5795 5805
5806 5807 5808
5806 5808 5809
5807 5810 5811
5807 5811 5808
5811 5810 5812
5811 5812 5813
5814 5815 5816
5814 5816 5817
5816 5818 5819
5816 5819 5817
5818 5806 5809
5818 5809 5819
5807 5806 5820
5807 5820 5821
5822 5810 5807
5822 5807 5821
5810 5822 5823
5810 5823 5812
5816 5815 5824
5816 5824 5825
5818 5816 5825
5818 5825 5826
5806 5818 5826
5806 5826 5820
5827 5828 5829
5827 5829 5830
5830 5829 5831
5830 5831 5832
5831 5833 5834
5831 5834 5832
5835 5836 5837
5835 5837 5838
5837 5836 5839
5837 5839 5840
5840 5839 5828
5840 5828 5827
5841 5842 5843
5841 5843 5844
5844 5843 5845
5844 5845 5846
5845 5847 5848
5845 5848 5846
5849 5850 5851
5849 5851 5852
5851 5850 5853
5851 5853 5854
5854 5853 5842
5854 5842 5841
5843 5842 5855
5843 5855 5856
5845 5843 5856
5845 5856 5857
5858 5847 5845
5858 5845 5857
5859 5850 5849
5859 5849 5860
5853 5850 5859
5853 5859 5861
5842 5853 5861
5842 5861 5855
5862 5863 5864
5862 5864 5865
5863 5866 5867
5863 5867 5864
5867 5866 5868
5867 5868 5869
5870 5871 5872
5870 5872 5873
5872 5874 5875
5872 5875 5873
5874 5862 5865
5874 5865 5875
5876 5877 5878
5876 5879 5877
5876 5880 5879
5876 5881 5880
5876 5882 5881
5876 5878 5882
5883 5884 5827
5883 5827 5830
5885 5883 5830
5885 5830 5832
5834 5886 5885
5834 5885 5832
5837 5887 5888
5837 5888 5838
5889 5887 5837
5889 5837 5840
5884 5889 5840
5884 5840 5827
5844 5890 5891
5844 5891 5841
5846 5892 5890
5846 5890 5844
5893 5892 5846
5893 5846 5848
5894 5895 5852
5894 5852 5851
5854 5896 5894
5854 5894 5851
5841 5891 5896
5841 5896 5854
5793 5792 5809
5793 5809 5808
5796 5793 5808
5796 5808 5811
5813 5798 5796
5813 5796 5811
5817 5802 5801
5817 5801 5814
5804 5802 5817
5804 5817 5819
5792 5804 5819
5792 5819 5809
5794 5897 5898
5794 5898 5795
5797 5899 5897
5797 5897 5794
5900 5899 5797
5900 5797 5799
5901 5902 5800
5901 5800 5803
5805 5903 5901
5805 5901 5803
5795 5898 5903
5795 5903 5805
5890 5829 5828
5890 5828 5891
5892 5831 5829
5892 5829 5890
5833 5831 5892
5833 5892 5893
5836 5835 5895
5836 5895 5894
5896 5839 5836
5896 5836 5894
5891 5828 5839
5891 5839 5896
5821 5820 5884
5821 5884 5883
5822 5821 5883
5822 5883 5885
5886 5823 5822
5886 5822 5885
5887 5825 5824
5887 5824 5888
5826 5825 5887
5826 5887 5889
5820 5826 5889
5820 5889 5884
5904 5905 5906
5904 5906 5907
5908 5909 5910
5908 5910 5911
5912 5913 5914
5912 5914 5915
5916 5917 5918
5916 5918 5919
5920 5921 5922
5920 5922 5923
5924 5925 5926
5924 5926 5927
5928 5929 5930
5928 5930 5931
5932 5933 5934
5932 5934 5935
5936 5937 5938
5936 5938 5939
5940 5941 5942
5940 5942 5943
5944 5945 5946
5944 5946 5947
5948 5949 5950
5948 5950 5951
5952 5953 5954
5952 5954 5955
5956 5957 5958
5956 5958 5959
5960 5961 5962
5960 5962 5963
5964 5965 5966
5964 5966 5967
5968 5969 5970
5968 5970 5971
5972 5973 5974
5972 5974 5975
5976 5977 5978
5976 5978 5979
5980 5981 5982
5980 5982 5983
5984 5985 5986
5984 5986 5987
5988 5989 5990
5988 5990 5991
5992 5993 5994
5992 5994 5995
5996 5997 5998
5996 5998 5999
6000 6001 6002
6000 6002 6003
6004 6005 6006
6004 6006 6007
6008 6009 6010
6008 6010 6011
6009 6012 6013
6009 6013 6010
6012 6014 6015
6012 6015 6013
6014 6016 6017
6014 6017 6015
6016 6018 6019
6016 6019 6017
6018 6020 6021
6018 6021 6019
6022 6023 6024
6022 6024 6025
6023 6008 6011
6023 6011 6024
6026 6027 6028
6026 6028 6029
6029 6028 6030
6029 6030 6031
6031 6030 6032
6031 6032 6033
6033 6032 6034
6033 6034 6035
6035 6034 6036
6035 6036 6037
6037 6036 6038
6037 6038 6039
6040 6041 6042
6040 6042 6043
6043 6042 6027
6043 6027 6026
6044 6045 6046
6044 6046 6047
6047 6046 6048
6047 6048 6049
6049 6048 6050
6049 6050 6051
6051 6050 6052
6051 6052 6053
6053 6052 6054
6053 6054 6055
6055 6054 6056
6055 6056 6057
6058 6059 6060
6058 6060 6061
6061 6060 6045
6061 6045 6044
6062 6063 6064
6062 6064 6065
6066 6067 6063
6066 6063 6062
6068 6069 6067
6068 6067 6066
6070 6071 6072
6070 6072 6073
6074 6075 6071
6074 6071 6070
6076 6077 6075
6076 6075 6074
6078 6079 6077
6078 6077 6076
6065 6064 6079
6065 6079 6078
6080 6081 6082
6080 6082 6083
6084 6085 6081
6084 6081 6080
6086 6087 6085
6086 6085 6084
6088 6089 6087
6088 6087 6086
6090 6091 6089
6090 6089 6088
6092 6093 6091
6092 6091 6090
6094 6095 6096
6094 6096 6097
6083 6082 6095
6083 6095 6094
6098 6099 6100
6099 6101 6100
6101 6102 6100
6102 6103 6100
6103 6104 6100
6104 6105 6100
6105 6106 6100
6106 6098 6100
6107 6108 6109
6110 6107 6109
6111 6110 6109
6112 6111 6109
6113 6112 6109
6114 6113 6109
6115 6114 6109
6108 6115 6109
6116 6117 6118
6116 6118 6119
6117 6120 6121
6117 6121 6118
6121 6120 6122
6121 6122 6123
6124 6125 6126
6124 6126 6127
6126 6128 6129
6126 6129 6127
6128 6116 6119
6128 6119 6129
6130 6131 6132
6130 6132 6133
6131 6134 6135
6131 6135 6132
6135 6134 6136
6135 6136 6137
6138 6139 6140
6138 6140 6141
6140 6142 6143
6140 6143 6141
6142 6130 6133
6142 6133 6143
6131 6130 6144
6131 6144 6145
6146 6134 6131
6146 6131 6145
6134 6146 6147
6134 6147 6136
6140 6139 6148
6140 6148 6149
6142 6140 6149
6142 6149 6150
6130 6142 6150
6130 6150 6144
6151 6152 6153
6151 6153 6154
6154 6153 6155
6154 6155 6156
6155 6157 6158
6155 6158 6156
6159 6160 6161
6159 6161 6162
6161 6160 6163
6161 6163 6164
6164 6163 6152
6164 6152 6151
6165 6166 6167
6165 6167 6168
6168 6167 6169
6168 6169 6170
6169 6171 6172
6169 6172 6170
6173 6174 6175
6173 6175 6176
6175 6174 6177
6175 6177 6178
6178 6177 6166
6178 6166 6165
6167 6166 6179
6167 6179 6180
6169 6167 6180
6169 6180 6181
6182 6171 6169
6182 6169 6181
6183 6174 6173
6183 6173 6184
6177 6174 6183
6177 6183 6185
6166 6177 6185
6166 6185 6179
6186 6187 6188
6186 6188 6189
6187 6190 6191
6187 6191 6188
6191 6190 6192
6191 6192 6193
6194 6195 6196
6194 6196 6197
6196 6198 6199
6196 6199 6197
6198 6186 6189
6198 6189 6199
6200 6201 6202
6200 6203 6201
6200 6204 6203
6200 6205 6204
6200 6206 6205
6200 6202 6206
6207 6208 6151
6207 6151 6154
6209 6207 6154
6209 6154 6156
6158 6210 6209
6158 6209 6156
6161 6211 6212
6161 6212 6162
6213 6211 6161
6213 6161 6164
6208 6213 6164
6208 6164 6151
6168 6214 6215
6168 6215 6165
6170 6216 6214
6170 6214 6168
6217 6216 6170
6217 6170 6172
6218 6219 6176
6218 6176 6175
6178 6220 6218
6178 6218 6175
6165 6215 6220
6165 6220 6178
6117 6116 6133
6117 6133 6132
6120 6117 6132
6120 6132 6135
6137 6122 6120
6137 6120 6135
6141 6126 6125
6141 6125 6138
6128 6126 6141
6128 6141 6143
6116 6128 6143
6116 6143 6133
6118 6221 6222
6118 6222 6119
6121 6223 6221
6121 6221 6118
6224 6223 6121
6224 6121 6123
6225 6226 6124
6225 6124 6127
6129 6227 6225
6129 6225 6127
6119 6222 6227
6119 6227 6129
6214 6153 6152
6214 6152 6215
6216 6155 6153
6216 6153 6214
6157 6155 6216
6157 6216 6217
6160 6159 6219
6160 6219 6218
6220 6163 6160
6220 6160 6218
6215 6152 6163
6215 6163 6220
6145 6144 6208
6145 6208 6207
6146 6145 6207
6146 6207 6209
6210 6147 6146
6210 6146 6209
6211 6149 6148
6211 6148 6212
6150 6149 6211
6150 6211 6213
6144 6150 6213
6144 6213 6208
6228 6229 6230
6228 6230 6231
6232 6233 6234
6232 6234 6235
6236 6237 6238
6236 6238 6239
6240 6241 6242
6240 6242 6243
6244 6245 6246
6244 6246 6247
6248 6249 6250
6248 6250 6251
6252 6253 6254
6252 6254 6255
6256 6257 6258
6256 6258 6259
6260 6261 6262
6260 6262 6263
6264 6265 6266
6264 6266 6267
6268 6269 6270
6268 6270 6271
6272 6273 6274
6272 6274 6275
6276 6277 6278
6276 6278 6279
6280 6281 6282
6280 6282 6283
6284 6279 6278
6284 6278 6285
6286 6287 6288
6286 6288 6289
6290 6291 6292
6290 6292 6293
6294 6295 6296
6294 6296 6297
6280 6284 6285
6280 6285 6281
6298 6299 6300
6298 6300 6295
6301 6302 6303
6301 6303 6304
6305 6306 6307
6305 6307 6308
6309 6310 6311
6309 6311 6312
6313 6314 6315
6313 6315 6316
6317 6318 6319
6317 6319 6320
6315 6314 6321
6315 6321 6322
6323 6286 6289
6323 6289 6324
6325 6326 6327
6325 6327 6328
6301 6304 6308
6301 6308 6307
6322 6321 6317
6322 6317 6320
6329 6303 6302
6329 6302 6330
6331 6332 6333
6331 6333 6334
6335 6336 6337
6335 6337 6338
6272 6339 6340
6272 6340 6273
6341 6342 6343
6341 6343 6344
6345 6346 6347
6345 6347 6348
6343 6342 6349
6343 6349 6350
6351 6352 6353
6351 6353 6354
6355 6356 6357
6355 6357 6358
6359 6360 6361
6359 6361 6362
6331 6334 6338
6331 6338 6337
6350 6349 6345
6350 6345 6348
6363 6333 6332
6363 6332 6364
6365 6366 6367
6365 6367 6358
6368 6369 6370
6368 6370 6371
6372 6373 6374
6372 6374 6375
6309 6312 6376
6309 6376 6377
6378 6379 6380
6378 6380 6381
6382 6383 6384
6382 6384 6385
6386 6381 6380
6386 6380 6387
6352 6388 6389
6352 6389 6353
6390 6391 6392
6390 6392 6393
6375 6371 6370
6375 6370 6372
6382 6386 6387
6382 6387 6383
6369 6368 6394
6369 6394 6395
6392 6391 6396
6392 6396 6397
6398 6399 6400
6398 6400 6401
6401 6400 6402
6401 6402 6403
6268 6271 6399
6268 6399 6398
6270 6269 6404
6270 6404 6294
6290 6405 6403
6290 6403 6402
6300 6299 6306
6300 6306 6305
6329 6330 6326
6329 6326 6325
6355 6406 6336
6355 6336 6335
6407 6408 6409
6407 6409 6410
6366 6365 6411
6366 6411 6412
6394 6413 6414
6394 6414 6395
6415 6416 6277
6415 6277 6276
6283 6282 6417
6283 6417 6418
6400 6291 6290
6400 6290 6402
6270 6294 6297
6270 6297 6271
6419 6420 6421
6419 6421 6422
6399 6271 6297
6399 6297 6423
6424 6425 6313
6424 6313 6316
6319 6318 6426
6319 6426 6427
6325 6428 6303
6325 6303 6329
6308 6429 6300
6308 6300 6305
6304 6303 6428
6304 6428 6430
6308 6304 6430
6308 6430 6429
6431 6432 6341
6431 6341 6344
6347 6346 6433
6347 6433 6434
6359 6435 6333
6359 6333 6363
6356 6355 6335
6356 6335 6338
6334 6333 6435
6334 6435 6436
6356 6338 6334
6356 6334 6436
6437 6438 6379
6437 6379 6378
6385 6384 6439
6385 6439 6440
6391 6390 6441
6391 6441 6442
6365 6443 6444
6365 6444 6411
6391 6442 6445
6391 6445 6396
6396 6445 6444
6396 6444 6443
6359 6362 6446
6359 6446 6435
6325 6328 6447
6325 6447 6428
6392 6397 6448
6392 6448 6449
6296 6295 6300
6296 6300 6429
6365 6358 6357
6365 6357 6443
6436 6397 6357
6436 6357 6356
6450 6397 6421
6450 6421 6451
6298 6295 6294
6298 6294 6404
6355 6358 6367
6355 6367 6406
6290 6293 6452
6290 6452 6405
6390 6393 6327
6390 6327 6453
6357 6397 6396
6357 6396 6443
6448 6397 6450
6448 6450 6454
6446 6397 6436
6446 6436 6435
6421 6397 6446
6421 6446 6422
6455 6456 6457
6455 6457 6458
6458 6457 6459
6458 6459 6460
6460 6459 6461
6460 6461 6462
6462 6461 6463
6462 6463 6464
6464 6463 6465
6464 6465 6466
6466 6465 6467
6466 6467 6468
6468 6467 6469
6468 6469 6470
6470 6469 6471
6470 6471 6472
6472 6471 6473
6472 6473 6474
6475 6476 6477
6475 6477 6478
6478 6477 6479
6478 6479 6480
6480 6479 6456
6480 6456 6455
6481 6482 6483
6484 6482 6485
6485 6482 6486
6487 6482 6488
6488 6482 6489
6490 6491 6492
6492 6491 6493
6494 6482 6481
6489 6491 6490
6493 6491 6494
6483 6482 6484
6487 6486 6482
6495 6496 6497
6495 6497 6498
6499 6500 6501
6499 6501 6502
6503 6504 6505
6503 6505 6506
6507 6508 6509
6507 6509 6510
6505 6504 6511
6505 6511 6512
6513 6514 6515
6513 6515 6516
6517 6518 6519
6517 6519 6520
6521 6522 6523
6521 6523 6524
6512 6511 6507
6512 6507 6510
6525 6526 6527
6525 6527 6524
6528 6529 6530
6528 6530 6531
6532 6533 6534
6532 6534 6535
6536 6537 6538
6536 6538 6539
6540 6541 6542
6540 6542 6543
6544 6545 6546
6544 6546 6547
6548 6543 6542
6548 6542 6549
6550 6551 6516
6550 6516 6515
6552 6553 6554
6552 6554 6555
6530 6532 6535
6530 6535 6531
6544 6548 6549
6544 6549 6545
6529 6528 6556
6529 6556 6557
6558 6559 6560
6558 6560 6561
6562 6563 6564
6562 6564 6565
6499 6502 6566
6499 6566 6567
6568 6569 6570
6568 6570 6571
6572 6573 6574
6572 6574 6575
6576 6571 6570
6576 6570 6577
6578 6579 6580
6578 6580 6581
6582 6583 6584
6582 6584 6585
6586 6587 6588
6586 6588 6589
6560 6562 6565
6560 6565 6561
6572 6576 6577
6572 6577 6573
6559 6558 6590
6559 6590 6591
6592 6593 6594
6592 6594 6583
6595 6596 6597
6595 6597 6598
6599 6600 6601
6599 6601 6602
6536 6603 6604
6536 6604 6537
6605 6606 6607
6605 6607 6608
6609 6610 6611
6609 6611 6612
6607 6606 6613
6607 6613 6614
6615 6616 6581
6615 6581 6580
6617 6618 6619
6617 6619 6620
6595 6598 6602
6595 6602 6601
6614 6613 6609
6614 6609 6612
6596 6621 6622
6596 6622 6597
6623 6618 6617
6623 6617 6624
6625 6626 6627
6625 6627 6628
6626 6629 6630
6626 6630 6627
6497 6625 6628
6497 6628 6498
6495 6521 6631
6495 6631 6496
6519 6630 6629
6519 6629 6632
6525 6534 6533
6525 6533 6526
6556 6552 6555
6556 6555 6557
6582 6564 6563
6582 6563 6633
6634 6635 6636
6634 6636 6637
6638 6594 6593
6638 6593 6639
6640 6641 6622
6640 6622 6621
6642 6503 6506
6642 6506 6643
6508 6644 6645
6508 6645 6509
6519 6518 6627
6519 6627 6630
6522 6521 6495
6522 6495 6498
6646 6647 6648
6646 6648 6649
6628 6650 6522
6628 6522 6498
6651 6541 6540
6651 6540 6652
6546 6653 6654
6546 6654 6547
6552 6556 6528
6552 6528 6655
6525 6656 6535
6525 6535 6534
6531 6657 6655
6531 6655 6528
6535 6656 6657
6535 6657 6531
6658 6569 6568
6658 6568 6659
6574 6660 6661
6574 6661 6575
6586 6590 6558
6586 6558 6662
6585 6565 6564
6585 6564 6582
6561 6663 6662
6561 6662 6558
6561 6565 6585
6561 6585 6663
6664 6605 6608
6664 6608 6665
6610 6666 6667
6610 6667 6611
6618 6668 6669
6618 6669 6619
6594 6638 6670
6594 6670 6671
6672 6668 6618
6672 6618 6623
6670 6672 6623
6670 6623 6671
6673 6587 6586
6673 6586 6662
6674 6553 6552
6674 6552 6655
6617 6675 6676
6617 6676 6624
6523 6656 6525
6523 6525 6524
6584 6583 6594
6584 6594 6671
6584 6624 6663
6584 6663 6585
6677 6678 6648
6677 6648 6624
6527 6631 6521
6527 6521 6524
6592 6583 6582
6592 6582 6633
6679 6520 6519
6679 6519 6632
6554 6620 6619
6554 6619 6680
6623 6624 6584
6623 6584 6671
6676 6681 6677
6676 6677 6624
6663 6624 6673
6663 6673 6662
6648 6647 6673
6648 6673 6624
6682 6683 6684
6682 6684 6685
6683 6686 6687
6683 6687 6684
6686 6688 6689
6686 6689 6687
6688 6690 6691
6688 6691 6689
6690 6692 6693
6690 6693 6691
6692 6694 6695
6692 6695 6693
6694 6696 6697
6694 6697 6695
6696 6698 6699
6696 6699 6697
6698 6700 6701
6698 6701 6699
6702 6703 6704
6702 6704 6705
6703 6706 6707
6703 6707 6704
6706 6682 6685
6706 6685 6707
6708 6709 6710
6711 6712 6710
6712 6713 6710
6714 6715 6710
6715 6716 6710
6717 6718 6719
6718 6720 6719
6721 6708 6710
6716 6717 6719
6720 6721 6719
6709 6711 6710
6714 6710 6713
6722 6723 6724
6722 6724 6725
6726 6727 6728
6726 6728 6729
6730 6731 6732
6730 6732 6733
6734 6735 6736
6734 6736 6737
6738 6739 6740
6738 6740 6741
6742 6743 6744
6742 6744 6745
6746 6747 6748
6746 6748 6749
6750 6751 6752
6750 6752 6753
6754 6755 6756
6754 6756 6757
6758 6759 6760
6758 6760 6761
6762 6763 6764
6762 6764 6765
6766 6767 6768
6766 6768 6769
6770 6771 6772
6770 6772 6773
6774 6775 6776
6774 6776 6777
6778 6779 6780
6778 6780 6781
6782 6783 6784
6782 6784 6785
6786 6787 6788
6786 6788 6789
6790 6791 6792
6790 6792 6793
6794 6795 6796
6794 6796 6797
6798 6799 6800
6798 6800 6801
6802 6803 6804
6802 6804 6805
6806 6807 6808
6806 6808 6809
6810 6811 6812
6810 6812 6813
6814 6815 6816
6814 6816 6817
6818 6819 6820
6818 6820 6821
6822 6823 6824
6822 6824 6825
6826 6827 6828
6826 6828 6829
6830 6831 6832
6830 6832 6833
6834 6835 6836
6834 6836 6837
6838 6839 6840
6838 6840 6841
6842 6843 6844
6845 6846 6847
6845 6847 6848
6849 6850 6851
6849 6851 6852
6853 6854 6846
6853 6846 6845
6855 6856 6857
6855 6857 6858
6859 6860 6861
6859 6861 6862
6863 6864 6865
6863 6865 6866
6867 6868 6869
6867 6869 6870
6871 6872 6868
6871 6868 6867
6873 6874 6875
6873 6875 6876
6877 6878 6879
6877 6879 6880
6881 6882 6878
6881 6878 6877
6883 6884 6882
6883 6882 6881
6885 6886 6887
6885 6887 6888
6889 6890 6891
6889 6891 6892
6893 6894 6895
6893 6895 6896
6897 6898 6899
6897 6899 6900
6855 6858 6901
6848 6857 6856
6848 6856 6845
6902 6903 6899
6902 6899 6898
6904 6905 6906
6852 6907 6908
6852 6908 6849
6888 6889 6892
6888 6892 6885
6842 6909 6910
6851 6850 6911
6842 6844 6906
6842 6912 6909
6909 6913 6910
6911 6850 6914
6915 6916 6917
6918 6919 6920
6918 6920 6921
6922 6923 6924
6922 6924 6925
6926 6918 6921
6926 6921 6927
6928 6929 6930
6928 6930 6931
6932 6933 6934
6932 6934 6935
6936 6937 6938
6936 6938 6939
6940 6936 6941
6940 6941 6942
6943 6940 6942
6943 6942 6944
6945 6946 6947
6945 6947 6948
6949 6950 6951
6949 6951 6952
6953 6949 6952
6953 6952 6954
6955 6953 6954
6955 6954 6956
6957 6958 6959
6957 6959 6960
6961 6962 6963
6961 6963 6964
6965 6966 6967
6965 6967 6968
6969 6970 6971
6969 6971 6972
6973 6974 6975
6931 6930 6919
6931 6919 6918
6976 6970 6969
6976 6969 6977
6978 6916 6979
6980 6981 6925
6980 6925 6924
6962 6961 6958
6962 6958 6957
6915 6982 6983
6922 6984 6923
6915 6985 6979
6915 6983 6985
6983 6982 6986
6984 6987 6923
6915 6979 6916
6842 6906 6912
6904 6906 6844
6906 6905 6912
6988 6979 6985
6978 6979 6988
6989 6990 6991
6989 6991 6992
6993 6994 6995
6996 6997 6998
6999 7000 7001
7002 7003 7004
7005 7006 7007
7005 7007 6997
7008 7009 7003
7008 7003 7002
7010 7011 7012
7010 7012 7013
7014 7015 7016
7014 7016 7017
7018 7017 7016
7019 7020 7021
7021 7020 7022
7020 7023 7024
7020 7024 7025
7026 7018 7027
7028 7029 7030
7028 7030 7031
7025 7032 7033
7025 7033 7022
7032 7025 7024
7032 7024 7034
7035 7036 7037
7035 7037 7038
7039 7037 7036
7039 7036 7040
7041 7034 7024
7041 7024 7042
7043 7044 7036
7043 7036 7035
7045 7046 7047
7043 7048 7049
7043 7049 7050
7051 7043 7035
7051 7035 7052
7053 7054 7055
7053 7055 7056
7007 7006 7047
7047 7006 7057
7058 7059 7060
7040 7047 7057
7040 7057 7039
7044 7045 7040
7044 7040 7036
7061 7062 7003
7061 7003 7063
6993 7004 7062
7059 7064 7060
6996 6998 7064
7044 7065 7045
7046 7045 7058
6993 6995 7066
7007 7046 7060
7022 7031 7067
7022 7067 7021
7028 7031 7022
7028 7022 7033
7068 7069 7070
7068 7070 7071
7070 6991 7071
7072 7006 7005
7072 7005 7073
7074 7033 7032
7074 7032 7075
7075 7032 7034
7075 7034 7076
7041 7077 7078
7041 7078 7079
7077 7080 7081
7077 7081 7078
7076 7034 7041
7076 7041 7079
7057 7006 7072
7082 7083 7084
7082 7084 7057
7085 7028 7033
7085 7033 7074
7086 7087 6991
7086 6991 6990
7071 7088 7068
7088 7071 7087
7089 7090 7091
7089 7091 7092
7093 7094 7013
7093 7013 7012
7095 7096 7097
7095 7097 7098
7099 7100 7101
7102 7103 7104
7104 7075 7105
7106 7107 7108
7109 7078 7110
7106 7111 7107
7096 7112 7113
7096 7113 7114
7091 7115 7116
7091 7116 7092
7115 7110 7081
7115 7081 7116
7063 7117 7118
7063 7118 7061
7118 7086 6990
7118 6990 7061
7119 7120 7121
7119 7121 7122
7123 7124 7125
7123 7125 7126
7127 7128 7129
7127 7129 7130
7131 7132 7133
7131 7133 7134
7131 7134 7135
7131 7135 7136
7137 7136 7138
7137 7138 7139
7140 7131 7136
7140 7136 7137
7141 7142 7143
7141 7143 7144
7145 7140 7137
7145 7137 7146
7147 7141 7144
7147 7144 7089
7148 7149 7138
7148 7138 7150
7151 7129 7128
7151 7128 7152
7153 7154 7152
7153 7152 7128
7155 7156 7157
7155 7157 7122
7158 7119 7122
7158 7122 7157
7140 7159 7132
7140 7132 7131
7143 7160 7161
7143 7161 7144
7146 7005 6997
7146 6997 7145
7145 7162 7159
7145 7159 7140
7150 7138 7136
7150 7136 7135
7090 7089 7144
7090 7144 7161
7130 7163 7121
7130 7121 7127
6997 6996 7162
6997 7162 7145
7128 7127 7164
7128 7164 7153
7127 7121 7120
7127 7120 7164
7122 7121 7163
7122 7163 7155
7126 7125 7165
7126 7165 7166
7167 7132 7168
7167 7169 7170
7171 7168 7162
6996 7172 7173
7174 7175 7129
7176 7174 7177
7178 7156 7155
7179 7163 7175
7180 7181 7182
7180 7182 7183
7184 7185 7172
7125 7167 7186
7124 7169 7167
7165 7186 7187
7151 7152 7126
7151 7126 7166
7188 7189 7190
7188 7190 7191
7177 7192 7176
7193 7194 7195
7196 7197 7198
7196 7198 7199
7200 7201 7202
7200 7202 7203
7201 7200 7204
7205 7206 7207
7205 7207 7208
7194 7193 7209
7194 7209 7210
7211 7212 7213
7211 7213 7214
7215 7216 7217
7215 7217 7218
7219 7220 7221
7219 7221 7222
7223 7224 7221
7225 7226 7227
7225 7227 7228
7229 7230 7226
7229 7226 7225
7223 7228 7227
7223 7227 7224
7211 7214 7231
7232 7231 7233
7232 7233 7234
7235 7236 7237
7238 7239 7240
7238 7240 7241
7215 7242 7243
7244 7245 7246
7229 7225 7247
7245 7248 7249
7241 7250 7251
7241 7251 7238
7229 7247 7251
7229 7251 7250
7252 7215 7243
7253 7254 7255
7253 7255 7256
7257 7258 7259
7257 7259 7260
7261 7262 7263
7261 7263 7264
7265 7266 7267
7265 7267 7268
7267 7269 7270
7267 7270 7268
7271 7272 7273
7271 7273 7269
7274 7271 7269
7274 7269 7267
7275 7276 7272
7275 7272 7277
7278 7279 7271
7278 7271 7274
7280 7240 7276
7280 7276 7275
7148 7281 7273
7148 7273 7149
7282 7283 7262
7282 7262 7261
7283 7284 7285
7283 7285 7262
7286 7287 7288
7286 7288 7254
7254 7253 7289
7254 7289 7286
7266 7290 7274
7266 7274 7267
7272 7276 7291
7272 7291 7292
7290 7293 7278
7290 7278 7274
7281 7270 7269
7281 7269 7273
7276 7240 7239
7276 7239 7291
7264 7263 7255
7264 7255 7294
7262 7285 7295
7262 7295 7263
7263 7295 7256
7263 7256 7255
7254 7288 7294
7254 7294 7255
7296 7297 7298
7290 7266 7299
7300 7266 7265
7293 7290 7299
7301 7302 7257
7302 7303 7258
7304 7305 7306
7282 7297 7260
7282 7260 7283
7307 7308 7309
7307 7309 7310
7311 7101 7242
7312 7311 7242
7313 7314 7204
7315 7316 7317
7318 7319 7315
7318 7315 7320
7321 7322 7319
7321 7319 7323
7196 7324 7325
7196 7325 7197
7326 7327 7210
7326 7210 7209
7328 7329 7326
7328 7326 7209
7330 7331 7329
7330 7329 7328
7236 7331 7237
7332 7026 7027
7333 7334 7335
7333 7335 7336
7018 7016 7337
7018 7338 7017
7332 7339 7029
7333 7217 7334
7333 7340 7217
7341 7342 7343
7341 7344 7342
7139 7138 7149
7139 7149 7345
7149 7273 7272
7149 7272 7346
7252 7347 7215
7200 7313 7204
7348 7349 7095
7332 7029 7350
7100 7242 7101
7351 7171 7173
7124 7167 7125
7298 7301 7296
7302 7258 7257
7018 7026 7338
7087 7071 6991
7070 6992 6991
7085 7352 7350
7215 7353 7216
7354 7242 7100
7104 7103 7075
7355 7103 7102
7350 7029 7085
7027 7018 7337
7027 7337 7356
7204 7314 7335
7246 7245 7249
7108 7107 7357
7104 7105 7358
7153 7164 7359
7153 7359 7360
7124 7123 7361
7362 7363 7364
7362 7364 7365
7134 7133 7366
7134 7366 7367
7368 7369 7370
7368 7370 7371
7360 7372 7153
7373 7370 7135
7373 7135 7134
7373 7134 7367
7364 7374 7375
7364 7375 7365
7359 7164 7120
7359 7120 7376
7370 7369 7150
7373 7377 7371
7378 7377 7373
7378 7373 7367
7379 7380 7381
7379 7381 7382
7383 7361 7123
7119 7384 7376
7119 7376 7120
7385 7384 7119
7385 7119 7158
7372 7386 7154
7372 7154 7153
7387 7388 7389
7368 7371 7390
7391 7392 7393
7388 7361 7383
7394 7368 7390
7377 7395 7390
7391 7396 7397
7391 7397 7398
7399 7400 7401
7402 7403 7404
7405 7406 7407
7405 7407 7408
7366 7133 7170
7366 7170 7408
7409 7400 7410
7411 7412 7413
7411 7413 7414
7387 7415 7416
7416 7406 7388
7188 7417 7189
7386 7389 7383
7418 7394 7390
7419 7420 7421
7419 7421 7422
7423 7419 7422
7420 7424 7425
7420 7425 7421
7425 7424 7426
7425 7426 7427
7426 7428 7429
7426 7429 7427
7430 7431 7432
7430 7432 7433
7429 7428 7430
7429 7430 7433
7434 7435 7436
7434 7436 7437
7438 7364 7363
7404 7438 7439
7440 7441 7442
7440 7442 7443
7444 7440 7443
7444 7443 7445
7402 7404 7409
7446 7447 7448
7446 7448 7449
7450 7451 7452
7399 7451 7453
7389 7388 7383
7454 7455 7456
7454 7456 7457
7377 7390 7371
7373 7371 7370
7458 7417 7188
7459 7460 7461
7462 7463 7434
7464 7465 7466
7464 7466 7467
7462 7434 7437
7135 7370 7150
7150 7369 7148
7468 7469 7470
7471 7472 7473
7471 7473 7474
7475 7476 7477
7475 7477 7478
7479 7480 7481
7482 7483 7484
7480 7485 7486
7480 7486 7481
7482 7468 7470
7487 7295 7285
7487 7285 7488
7489 7259 7258
7490 7265 7268
7490 7268 7491
7492 7369 7368
7492 7368 7493
7285 7494 7488
7270 7492 7495
7495 7491 7268
7495 7268 7270
7256 7295 7487
7256 7487 7496
7281 7369 7492
7497 7498 7394
7493 7499 7495
7495 7499 7500
7495 7500 7491
7501 7502 7503
7501 7503 7504
7259 7489 7505
7496 7506 7253
7496 7253 7256
7253 7506 7507
7253 7507 7289
7494 7285 7284
7494 7284 7508
7509 7510 7511
7512 7493 7368
7498 7513 7514
7505 7489 7510
7512 7368 7394
7512 7498 7515
7516 7517 7514
7516 7514 7518
7519 7520 7521
7522 7523 7524
7525 7526 7527
7525 7527 7528
7490 7526 7300
7490 7300 7265
7519 7529 7530
7531 7532 7533
7531 7533 7534
7535 7511 7510
7308 7536 7309
7505 7509 7508
7512 7394 7498
7537 7538 7539
7537 7539 7540
7538 7537 7541
7540 7539 7542
7540 7542 7543
7544 7543 7542
7544 7542 7545
7544 7545 7546
7544 7546 7547
7548 7549 7550
7548 7550 7551
7548 7547 7546
7548 7546 7549
7552 7553 7554
7555 7556 7523
7555 7523 7554
7557 7553 7552
7522 7558 7559
7560 7561 7562
7560 7562 7563
7562 7561 7564
7562 7564 7565
7558 7522 7566
7567 7500 7499
7567 7499 7515
7568 7569 7570
7528 7527 7571
7505 7510 7509
7572 7573 7574
7572 7574 7575
7493 7512 7499
7492 7493 7495
7309 7536 7576
7577 7578 7579
7580 7581 7582
7580 7582 7583
7556 7555 7584
7281 7492 7270
7148 7369 7281
7585 7586 7587
7588 7589 7590
7588 7590 7591
7592 7593 7594
7592 7594 7595
7596 7597 7598
7599 7587 7590
7599 7590 7600
7601 7597 7602
7601 7602 7603
7585 7587 7599
7558 7566 7604
7402 7409 7605
6998 6997 7007
7007 7047 7046
7057 7072 7082
7211 7231 7232
7606 7067 7031
7606 7031 7030
7607 7606 7339
7356 7607 7339
7608 7337 7016
7609 7610 7611
7609 7611 7612
7009 7008 7610
7009 7610 7609
7066 7002 7004
7613 7614 7049
7613 7049 7048
7050 7065 7044
7615 7616 7617
7615 7617 7618
7617 7619 7620
7617 7620 7618
7163 7179 7155
7356 7339 7027
7027 7339 7332
7029 7339 7030
7022 7020 7025
7045 7065 7058
7004 7003 7062
6993 7066 7004
7621 7622 7623
7621 7623 7624
7620 7619 7622
7620 7622 7621
7623 7625 7624
7175 7163 7130
7178 7155 7179
7626 7627 7628
7629 7628 7630
7195 7194 7631
7632 7214 7213
7632 7213 7627
7194 7633 7634
7194 7634 7631
7635 7636 7637
7638 7639 7640
7638 7640 7641
7216 7642 7643
7216 7643 7217
7639 7644 7222
7639 7222 7221
7640 7639 7221
7640 7221 7224
7645 7646 7647
7645 7647 7648
7648 7647 7233
7648 7233 7649
7227 7650 7640
7227 7640 7224
7651 7645 7648
7651 7648 7652
7653 7649 7654
7653 7654 7655
7651 7656 7657
7651 7657 7658
7658 7659 7645
7658 7645 7651
7654 7214 7632
7231 7214 7654
7660 7661 7662
7231 7654 7649
7231 7649 7233
7652 7648 7649
7652 7649 7653
7661 7660 7629
7629 7626 7628
7653 7663 7652
7655 7660 7662
7660 7655 7632
7664 7665 7636
7664 7636 7635
7666 7642 7216
7666 7216 7353
7279 7278 7627
7279 7627 7213
7628 7627 7278
7628 7278 7293
7304 7630 7628
7667 7261 7264
7667 7264 7668
7669 7670 7667
7288 7287 7671
7668 7294 7672
7673 7674 7675
7673 7675 7676
7304 7306 7677
7669 7678 7670
7679 7201 7204
7217 7680 7334
7335 7681 7679
7335 7679 7204
7632 7627 7626
7655 7654 7632
7682 7665 7664
7683 7680 7643
7683 7643 7682
7680 7683 7681
7201 7679 7684
7685 7686 7687
7685 7687 7688
7633 7685 7688
7633 7688 7634
7195 7631 7689
7690 7691 7658
7690 7658 7657
7656 7651 7652
7692 7693 7694
7692 7694 7695
7694 7693 7696
7694 7696 7697
7288 7672 7294
7335 7680 7681
7334 7680 7335
7643 7680 7217
7662 7663 7653
7698 7699 7700
7698 7700 7701
7696 7698 7701
7696 7701 7697
7673 7676 7702
7699 7703 7700
7264 7294 7668
7672 7288 7671
7704 6995 6994
7705 6993 7062
7705 7062 7061
7705 7061 6990
7705 6990 6989
7704 6994 7706
7707 7708 7330
7707 7330 7328
7709 7710 7711
7193 7195 7711
7689 7709 7711
7235 7237 7712
7235 7712 7713
7237 7330 7712
7330 7708 7712
7195 7689 7711
7710 7709 7714
7193 7711 7715
7209 7193 7715
7328 7209 7715
7707 7328 7715
7716 7710 7714
7237 7331 7330
7717 7718 7719
7717 7719 7720
7721 7722 7723
7721 7723 7724
7720 7719 7725
7720 7725 7726
7727 7728 7729
7727 7729 7730
7731 7732 7733
7731 7733 7734
7735 7718 7736
7735 7736 7737
7738 7722 7721
7738 7721 7739
7738 7740 7722
7741 7742 7743
7741 7743 7744
7744 7731 7734
7744 7734 7741
7745 7739 7721
7718 7735 7742
7718 7742 7719
7719 7742 7741
7719 7741 7725
7746 7735 7740
7746 7743 7742
7746 7742 7735
7733 7732 7747
7748 7749 7750
7751 7752 7753
7754 7755 7756
7757 7758 7759
7757 7759 7760
7761 7762 7763
7761 7763 7764
7765 7766 7767
7765 7767 7768
7769 7770 7771
7769 7771 7764
7765 7772 7760
7765 7760 7759
7773 7774 7775
7773 7775 7776
7747 7732 7777
7747 7777 7778
7779 7728 7780
7779 7780 7781
7782 7783 7784
7782 7784 7785
7782 7786 7787
7782 7787 7788
7738 7739 7789
7771 7743 7746
7771 7746 7790
7740 7791 7790
7740 7790 7746
7791 7740 7738
7791 7738 7789
7770 7744 7743
7770 7743 7771
7792 7777 7732
7792 7732 7731
7793 7794 7781
7793 7781 7780
7795 7796 7775
7795 7775 7797
7798 7799 7794
7798 7794 7793
7800 7801 7802
7803 7804 7805
7806 7752 7756
7806 7756 7783
7781 7794 7807
7781 7807 7808
7809 7753 7752
7809 7752 7806
7810 7811 7812
7810 7812 7813
7814 7815 7767
7814 7767 7816
7766 7817 7816
7766 7816 7767
7817 7766 7813
7817 7813 7812
7761 7790 7791
7761 7791 7818
7762 7768 7819
7762 7819 7763
7814 7773 7776
7814 7776 7815
7788 7810 7806
7818 7791 7789
7818 7789 7820
7757 7760 7820
7821 7795 7797
7821 7797 7822
7763 7819 7823
7763 7823 7824
7802 7825 7778
7802 7778 7777
7803 7758 7757
7826 7793 7780
7826 7780 7827
7727 7747 7778
7727 7778 7827
7823 7796 7801
7823 7801 7824
7770 7792 7731
7770 7731 7744
7800 7769 7824
7800 7824 7801
7828 7779 7781
7828 7781 7808
7755 7784 7783
7755 7783 7756
7809 7803 7753
7772 7765 7768
7772 7768 7762
7766 7765 7759
7766 7759 7813
7768 7767 7815
7768 7815 7819
7823 7819 7815
7823 7815 7776
7776 7775 7796
7776 7796 7823
7809 7758 7803
7825 7802 7795
7825 7795 7821
7783 7782 7788
7783 7788 7806
7787 7811 7810
7787 7810 7788
7799 7829 7807
7799 7807 7794
7782 7785 7830
7782 7830 7786
7802 7801 7796
7802 7796 7795
7774 7831 7797
7774 7797 7775
7831 7832 7822
7831 7822 7797
7833 7822 7832
7834 7835 7836
7834 7836 7837
7838 7839 7840
7838 7840 7841
7839 7838 7842
7839 7842 7843
7844 7845 7834
7844 7834 7837
7835 7846 7847
7835 7847 7836
7848 7843 7842
7848 7842 7849
7850 7851 7852
7850 7852 7853
7848 7849 7851
7848 7851 7850
7846 7854 7855
7846 7855 7847
7856 7857 7858
7856 7858 7859
7860 7861 7862
7860 7862 7863
7860 7864 7865
7860 7865 7861
7866 7867 7868
7866 7868 7869
7864 7870 7871
7864 7871 7865
7870 7872 7873
7870 7873 7871
7874 7875 7876
7874 7876 7877
7877 7878 7879
7877 7879 7874
7880 7881 7882
7880 7882 7883
7883 7882 7866
7883 7866 7869
7863 7862 7881
7863 7881 7880
7884 7885 7886
7884 7886 7887
7885 7884 7868
7885 7868 7867
7888 7889 7873
7888 7873 7878
7890 7891 7892
7890 7892 7893
7894 7892 7861
7894 7861 7865
7895 7896 7897
7895 7897 7898
7899 7894 7865
7899 7865 7871
7899 7889 7900
7899 7900 7901
7902 7903 7904
7902 7904 7905
7888 7902 7905
7888 7905 7906
7907 7908 7909
7907 7909 7910
7910 7909 7896
7910 7896 7895
7907 7881 7862
7907 7862 7891
7911 7886 7885
7911 7885 7912
7898 7897 7913
7898 7913 7912
7893 7914 7915
7893 7915 7916
7915 7917 7916
7915 7914 7901
7915 7901 7918
7919 7890 7893
7919 7893 7916
7919 7916 7920
7919 7920 7921
7901 7900 7922
7901 7922 7918
7923 7919 7921
7924 7922 7900
7924 7900 7906
7925 7926 7927
7925 7927 7928
7906 7905 7929
7906 7929 7924
7929 7930 7931
7929 7931 7932
7926 7933 7934
7926 7934 7927
7935 7934 7933
7935 7933 7936
7927 7909 7908
7927 7908 7928
7930 7929 7905
7930 7905 7904
7919 7923 7928
7896 7909 7927
7896 7927 7934
7890 7919 7928
7890 7928 7908
7937 7938 7918
7937 7918 7922
7939 7937 7922
7939 7922 7924
7932 7939 7924
7932 7924 7929
7913 7940 7941
7913 7941 7942
7941 7940 7943
7941 7943 7944
7945 7946 7915
7918 7938 7945
7918 7945 7915
7934 7935 7897
7934 7897 7896
7940 7913 7897
7940 7897 7935
7936 7943 7940
7936 7940 7935
7758 7810 7813
7758 7813 7759
7872 7879 7878
7872 7878 7873
7947 7948 7949
7947 7949 7950
7950 7949 7951
7950 7951 7952
7953 7954 7952
7953 7952 7951
7955 7956 7957
7955 7957 7958
7959 7960 7961
7959 7961 7962
7963 7958 7957
7963 7957 7964
7964 7960 7959
7964 7959 7963
7962 7961 7965
7962 7965 7966
7948 7947 7967
7948 7967 7968
7969 7970 7971
7969 7971 7972
7972 7968 7967
7972 7967 7969
7956 7955 7954
7956 7954 7953
7973 7951 7949
7973 7949 7974
7956 7975 7976
7956 7976 7957
7973 7977 7953
7973 7953 7951
7977 7975 7956
7977 7956 7953
7960 7964 7978
7960 7978 7979
7980 7961 7960
7980 7960 7979
7981 7948 7968
7981 7968 7982
7974 7949 7948
7974 7948 7981
7983 7984 7985
7983 7985 7986
7987 7988 7989
7987 7989 7990
7991 7992 7993
7994 7995 7996
7994 7996 7997
7998 7999 8000
7998 8000 8001
8002 8003 8004
8002 8004 8005
8006 8007 8008
8006 8008 8009
8010 8011 8012
8010 8012 8013
8012 8011 8014
8012 8014 8015
8015 8014 8016
8015 8016 8017
7997 8018 8019
7997 8019 7994
8020 8021 8022
8020 8022 8023
8024 8025 8026
8024 8026 8027
8028 8029 8020
8028 8020 8023
8030 8031 8032
8030 8032 8033
8026 8034 8035
8026 8035 8036
8037 8038 8039
8040 8041 8042
8040 8042 8043
8044 8045 8046
8044 8046 8047
8048 8049 8029
8048 8029 8028
8030 8033 8050
8030 8050 8051
8035 8034 8044
8035 8044 8052
8053 8054 8055
8053 8055 8056
8039 8057 8058
8059 8060 8061
8059 8061 8062
8063 8064 8065
8063 8065 8066
8067 8068 8069
8067 8069 8070
8071 8072 8073
8071 8073 8074
8075 8076 8077
8075 8077 8078
8061 8060 8079
8061 8079 8080
8081 8082 8063
8081 8063 8083
8084 8075 8078
8084 8078 8040
8085 8086 8087
8085 8087 8088
8089 8090 8091
8088 8092 8093
8088 8093 8085
8094 8095 8091
8094 8091 8090
8096 8097 8098
8096 8098 8099
8053 8056 8100
8053 8100 8101
8058 8057 8102
8103 8104 8105
8103 8105 8106
8093 8092 8107
8093 8107 8108
8109 8110 8095
8109 8095 8094
8111 8097 8104
8111 8104 8103
8112 8113 8114
8112 8114 8115
8116 8117 8118
8116 8118 8112
8102 8057 8119
8102 8119 8120
8112 8121 8122
8112 8122 8113
8123 8124 8125
8123 8125 8126
8127 8128 8129
8127 8129 8130
8131 8129 8118
8131 8118 8117
8120 8132 8133
8120 8133 8134
8135 8124 8133
8135 8133 8136
8128 8127 8137
8128 8137 8138
8139 8121 8140
8141 8142 8143
8141 8143 8144
8145 8146 8147
8145 8147 8084
8148 8149 8150
8148 8150 7986
8151 8152 8153
8151 8153 8154
8153 8152 8155
8156 8157 8144
8156 8144 8143
8156 8149 8148
8156 8148 8158
8159 8160 8161
8159 8161 8162
8159 8163 8164
8159 8164 8160
8165 8166 8126
8165 8126 8125
8167 8168 8036
8167 8036 8169
8169 8036 8035
8169 8035 8170
8052 8171 8172
8052 8172 8173
8035 8052 8173
8035 8173 8170
8174 8086 8085
8174 8085 8090
8175 8176 8111
8175 8111 8114
8103 8115 8114
8103 8114 8111
8177 8178 8059
8177 8059 8179
8178 8180 8060
8178 8060 8059
8065 8064 8068
8065 8068 8067
8181 8182 8079
8181 8079 8183
8060 8180 8183
8060 8183 8079
8068 8064 8184
8068 8184 8185
8186 8040 8187
8053 8188 8054
8053 8101 8188
8025 8024 8189
8025 8189 8190
8191 8192 8193
8191 8193 8080
8194 8081 8083
8194 8083 8195
8196 8197 8062
8196 8062 8061
8198 8199 8200
8198 8200 8201
8202 8074 8203
8202 8203 8204
8157 8205 8206
8157 8206 8144
8003 8002 7999
8003 7999 7998
8004 8207 8208
8004 8208 8005
8137 8209 8210
8137 8210 8138
8066 8211 8083
8066 8083 8063
8082 8184 8064
8082 8064 8063
8062 8212 8213
8214 8191 8080
8034 8026 8025
8034 8025 8215
8044 8034 8215
8044 8215 8045
8097 8111 8176
8097 8176 8098
8097 8096 8216
8097 8216 8104
8217 8105 8104
8217 8104 8216
8042 8041 8218
8042 8218 8219
8042 8219 8220
8042 8220 8054
8069 8068 8185
8069 8185 8187
8101 8175 8114
8101 8114 8113
8221 8222 8223
8221 8223 8224
8147 8225 8076
8147 8076 8075
8084 8147 8075
8013 8226 8227
8013 8227 8010
8228 8229 8017
8228 8017 8016
8230 8231 8232
8230 8232 8233
8008 8007 8230
8008 8230 8233
8234 8235 8229
8234 8229 8228
8204 8236 8237
8204 8237 8202
8145 8084 8040
8145 8040 8043
8070 8069 8078
8070 8078 8077
8187 8040 8078
8187 8078 8069
8221 8122 8121
8221 8121 8139
8238 8203 8074
8238 8074 8073
8145 8224 8223
8145 8223 8146
8228 8016 7974
8228 7974 7981
8239 7980 8007
8239 8007 8006
8007 7980 7979
8007 7979 8230
7979 7978 8231
7979 8231 8230
7975 8010 8227
7975 8227 7976
7977 8011 8010
7977 8010 7975
7977 7973 8014
7977 8014 8011
7974 8016 8014
7974 8014 7973
8239 7965 7961
8239 7961 7980
8240 8241 8242
8156 8158 8243
8156 8243 8157
8243 8244 8205
8243 8205 8157
8070 8245 8246
8070 8246 8067
8065 8067 8246
8065 8246 8247
8066 8065 8247
8066 8247 8248
8048 8249 8250
8048 8250 8251
8092 8088 8058
8092 8058 8102
8108 8107 8252
8108 8252 8253
8211 8066 8248
8211 8248 8254
8255 8256 8257
8255 8257 8258
8206 8259 8141
8206 8141 8144
8260 8261 8262
8226 8232 8231
8226 8231 8227
7976 8227 8231
7976 8231 7978
7976 7978 7964
7976 7964 7957
8136 8263 8264
8136 8264 8135
8265 8266 8267
8265 8267 8268
8269 8081 8194
8269 8194 8270
8081 8269 8271
8081 8271 8082
8184 8082 8271
8184 8271 8272
8273 8185 8184
8273 8184 8272
8274 8187 8185
8274 8185 8273
8186 8187 8274
8186 8274 8275
8186 8275 8276
8186 8276 8041
8047 8171 8052
8047 8052 8044
8277 8278 8031
8277 8031 8279
8280 8032 8031
8281 8032 8282
8281 8282 8283
8276 8284 8218
8276 8218 8041
8261 8139 8285
8261 8285 8262
8222 8221 8139
8222 8139 8261
8261 8260 8286
8261 8286 8222
8223 8286 7983
7983 7986 8147
7983 8147 8146
8225 8147 7986
8225 7986 8150
8287 8050 8288
8287 8288 8289
8050 8287 8290
8116 8112 8115
8116 8115 8291
8176 8175 8292
8176 8292 8293
8176 8293 8294
8176 8294 8098
8295 8099 8098
8295 8098 8294
8099 8295 8296
8099 8296 8297
8100 8292 8175
8100 8175 8101
8298 8110 8109
8285 8299 8300
8285 8300 8301
8302 8303 8304
8302 8304 8305
8132 8302 8136
8132 8136 8133
8306 8307 8308
8306 8308 8130
8126 8309 8310
8126 8310 8123
8216 8311 8312
8216 8312 8217
8313 8314 8110
8313 8110 8315
8316 8095 8110
8316 8110 8314
8090 8085 8093
8090 8093 8094
8045 8317 8318
8045 8318 8046
8319 8051 8320
8319 8320 8321
8322 8030 8051
8322 8051 8319
8030 8322 8279
8030 8279 8031
8033 8323 8288
8033 8288 8050
8323 8033 8032
8323 8032 8281
8036 8168 8027
8036 8027 8026
8179 8059 8213
8059 8062 8213
8182 8214 8079
8079 8214 8080
8234 7982 8324
8234 8324 8325
8228 7981 7982
8228 7982 8234
8324 7982 7968
8324 7968 7972
8326 7993 7992
8326 7992 8327
8040 8186 8041
8113 8122 8188
8113 8188 8101
8224 8188 8122
8224 8122 8221
8188 8224 8145
8188 8145 8043
8043 8042 8054
8043 8054 8188
8118 8121 8112
8121 8118 8129
8140 8299 8139
8328 8329 8330
8328 8330 8331
8001 8000 8332
8001 8332 8333
8334 8335 8333
8334 8333 8332
8301 8336 8262
8301 8262 8285
8336 7995 8262
8337 8338 8339
8340 8341 8337
8340 8337 8342
8019 8018 8343
8019 8343 8344
8335 8334 8019
8335 8019 8344
8338 8345 8346
8338 8346 8339
8347 8348 8326
8347 8326 8349
8350 8351 8347
8350 8347 8349
8242 8241 8352
8242 8352 8351
8037 8353 8072
8037 8072 8071
8037 8039 8028
8037 8028 8023
8354 8355 8356
8354 8356 8353
8023 8022 8355
8023 8355 8354
8058 8048 8028
8058 8028 8039
8251 8357 8049
8251 8049 8048
8249 8088 8087
8249 8087 8250
8120 8107 8092
8120 8092 8102
8107 8358 8359
8107 8359 8252
8132 8120 8119
8132 8119 8360
8360 8303 8302
8360 8302 8132
8361 8359 8358
8361 8358 8134
8354 8037 8023
8058 8249 8048
8358 8107 8120
8142 8141 8362
8142 8362 8363
8364 8365 7988
8364 7988 7987
8362 8141 8259
8362 8259 8366
8256 8367 8368
8256 8368 8257
8369 8370 8348
8369 8348 8371
8370 8369 8256
8370 8256 8255
8038 8037 8071
8038 8071 8372
8363 8364 7987
8363 7987 8142
8373 8374 8375
8376 8325 8324
8376 8324 8377
7972 7971 8377
7972 8377 8324
8327 7992 8378
8327 8378 8375
8375 8378 8379
8245 8070 8077
8245 8077 8380
8076 8381 8380
8076 8380 8077
8225 8382 8381
8225 8381 8076
8074 8202 8372
8074 8372 8071
8383 8150 7989
8367 8384 8385
8367 8385 8368
8386 8387 8363
8386 8363 8362
8330 8388 8389
8330 8389 8331
8329 8328 8199
8329 8199 8198
8387 8390 8364
8387 8364 8363
8366 8391 8386
8366 8386 8362
8365 8364 8390
8365 8390 8392
8384 8367 8201
8384 8201 8200
8393 8351 8352
8393 8352 8394
7993 8326 8348
7993 8348 8370
8258 8395 7991
8258 7991 8255
8149 8156 8143
8149 8143 7990
8201 8369 8371
8201 8371 8198
8367 8256 8369
8367 8369 8201
8396 8329 8198
8396 8198 8371
8303 8155 8397
8303 8397 8304
8303 8360 8153
8303 8153 8155
8119 8057 8241
8119 8241 8154
8352 8241 8057
8352 8057 8038
8038 8372 8394
8038 8394 8352
8394 8237 8393
7985 7984 8000
7985 8000 7999
7999 8002 8148
7999 8148 7985
8005 8243 8158
8005 8158 8002
8398 8332 8000
8398 8000 7984
8399 8334 8332
8399 8332 8398
8142 7987 7990
8142 7990 8143
8400 8325 8376
8400 8376 8401
8005 8208 8244
8005 8244 8243
8374 8402 8375
7992 8403 8404
7992 8404 8378
8405 8379 8378
8405 8378 8404
8234 8325 8400
8234 8400 8235
8149 7990 7989
8148 7986 7985
8383 7989 8406
8383 8406 8407
8286 8398 7984
8286 7984 7983
8398 8286 8260
8398 8260 8399
7995 7994 8399
7995 8399 8260
8334 8399 7994
8334 7994 8019
8329 8396 8408
8329 8408 8330
8409 8410 8408
8409 8408 8411
8388 8330 8408
8388 8408 8410
8393 8411 8412
8002 8158 8148
8305 8263 8136
8305 8136 8302
8299 8138 8210
8299 8210 8300
8138 8299 8140
8138 8140 8128
8121 8129 8128
8121 8128 8140
8351 8350 8242
8080 8193 8196
8080 8196 8061
8413 8195 8083
8413 8083 8211
8212 8062 8197
8212 8197 8414
8254 8415 8413
8254 8413 8211
8416 8417 8418
8419 8340 8152
8419 8152 8151
8155 8342 8420
7996 7995 8336
8412 8396 8347
8347 8396 8371
8242 8350 8421
8242 8421 8240
8417 8416 8374
8417 8374 8373
8163 8422 8423
8163 8423 8164
8165 8267 8266
8165 8266 8424
8425 8423 8422
8425 8422 8426
8166 8427 8428
8166 8428 8429
8096 8099 8297
8096 8297 8430
8096 8430 8311
8096 8311 8216
8431 8091 8432
8431 8432 8433
8095 8316 8432
8095 8432 8091
8106 8291 8115
8106 8115 8103
8434 8109 8108
8434 8108 8253
8108 8109 8094
8108 8094 8093
8435 8317 8045
8435 8045 8215
8215 8025 8190
8215 8190 8435
8431 8089 8091
8174 8090 8089
8434 8298 8109
8315 8110 8298
8278 8280 8031
8282 8032 8280
8051 8050 8290
8320 8051 8290
8183 8353 8356
8183 8356 8181
8353 8183 8180
8353 8180 8072
8178 8073 8072
8178 8072 8180
8177 8238 8073
8177 8073 8178
8134 8358 8120
8088 8249 8058
8353 8037 8354
8436 8159 8162
8436 8162 8437
8438 8163 8159
8438 8159 8436
8165 8424 8427
8165 8427 8166
8268 8267 8439
8268 8439 8440
8438 8308 8422
8438 8422 8163
8267 8165 8125
8267 8125 8439
8308 8307 8426
8308 8426 8422
8126 8166 8429
8126 8429 8309
8134 8133 8124
8134 8124 8123
8438 8127 8130
8438 8130 8308
8124 8135 8439
8124 8439 8125
8137 8127 8438
8137 8438 8436
8436 8437 8209
8436 8209 8137
8440 8439 8135
8440 8135 8264
8131 8306 8130
8131 8130 8129
8123 8310 8361
8123 8361 8134
8202 8237 8394
8202 8394 8372
7988 8406 7989
8411 8441 8442
8411 8442 8409
8146 8223 7983
8222 8286 8223
8370 8255 7991
8370 7991 7993
8395 8403 7991
8038 8057 8039
8349 8326 8327
8349 8327 8443
8402 8350 8349
8402 8349 8443
8421 8350 8402
8421 8402 8416
8419 8421 8416
8419 8416 8418
8327 8375 8443
8379 8373 8375
8403 7992 7991
8155 8420 8397
8154 8241 8240
8154 8240 8151
8360 8119 8154
8360 8154 8153
8341 8418 8417
8341 8417 8338
8151 8240 8421
8151 8421 8419
8341 8340 8419
8341 8419 8418
8345 8417 8373
8338 8417 8345
8420 8342 8337
8420 8337 8444
8444 8337 8339
8341 8338 8337
8152 8342 8155
8340 8342 8152
7995 8260 8262
8139 8299 8285
8445 8446 8447
8445 8447 8448
8446 8449 8450
8446 8450 8447
8451 8452 8453
8451 8453 8454
8449 8453 8452
8449 8452 8450
8455 8456 8457
8456 8458 8459
8456 8459 8460
8461 8462 8463
8461 8463 8464
8465 8466 8467
8465 8467 8468
8469 8470 8471
8458 8471 8472
8458 8472 8459
8464 8463 8473
8464 8473 8474
8475 8476 8477
8475 8477 8478
8479 8480 8481
8482 8483 8484
8482 8484 8485
8486 8487 8488
8486 8488 8489
8490 8491 8492
8493 8494 8495
8493 8495 8496
8494 8488 8487
8494 8487 8495
8497 8498 8492
8499 8500 8501
8499 8501 8502
8503 8504 8505
8503 8505 8506
8507 8508 8509
8507 8509 8510
8511 8500 8499
8511 8499 8512
8513 8514 8515
8516 8517 8518
8516 8518 8519
8505 8520 8521
8505 8521 8506
8518 8512 8514
8518 8514 8522
8514 8523 8522
8524 8525 8526
8527 8528 8529
8527 8529 8530
8531 8532 8533
8531 8533 8534
8535 8536 8537
8535 8537 8538
8539 8540 8541
8538 8537 8542
8538 8542 8543
8544 8545 8546
8547 8548 8529
8547 8529 8528
8549 8532 8531
8549 8531 8550
8551 8552 8553
8551 8553 8554
8555 8556 8557
8555 8557 8558
8559 8560 8561
8559 8561 8562
8563 8564 8565
8563 8565 8566
8567 8568 8569
8567 8569 8570
8571 8460 8572
8571 8572 8573
8574 8572 8460
8574 8460 8459
8575 8576 8577
8575 8577 8472
8472 8577 8574
8472 8574 8459
8578 8579 8580
8578 8580 8581
8582 8583 8584
8582 8584 8585
8586 8480 8479
8586 8479 8587
8587 8479 8588
8587 8588 8589
8590 8591 8498
8590 8498 8592
8593 8589 8588
8593 8588 8594
8515 8595 8596
8515 8596 8597
8506 8598 8599
8506 8599 8503
8600 8601 8522
8600 8522 8602
8603 8598 8506
8603 8506 8521
8511 8164 8423
8511 8423 8500
8520 8505 8424
8520 8424 8266
8500 8423 8425
8500 8425 8501
8504 8427 8424
8504 8424 8505
8450 8452 8317
8450 8317 8435
8447 8450 8435
8447 8435 8190
8430 8297 8489
8430 8489 8488
8311 8430 8488
8311 8488 8494
8604 8433 8432
8604 8432 8605
8196 8193 8471
8196 8471 8458
8606 8195 8413
8606 8413 8607
8456 8455 8414
8456 8414 8197
8608 8609 8610
8611 8612 8610
8613 8614 8615
8616 8617 8618
8619 8620 8621
8537 8536 8622
8537 8622 8524
8524 8530 8542
8524 8542 8537
8551 8554 8544
8551 8544 8623
8560 8559 8529
8560 8529 8548
8624 8625 8626
8627 8385 8384
8627 8384 8526
8532 8387 8386
8532 8386 8533
8628 8545 8331
8628 8331 8389
8328 8547 8528
8328 8528 8199
8390 8387 8532
8390 8532 8549
8629 8630 8608
8631 8632 8611
8534 8633 8624
8534 8624 8531
8550 8531 8624
8550 8624 8626
8580 8634 8449
8580 8449 8446
8634 8582 8453
8634 8453 8449
8607 8461 8464
8607 8464 8606
8606 8464 8474
8606 8474 8635
8491 8490 8487
8491 8487 8486
8495 8487 8490
8495 8490 8498
8515 8514 8512
8515 8512 8499
8517 8511 8512
8517 8512 8518
8582 8585 8454
8582 8454 8453
8495 8498 8591
8495 8591 8496
8515 8499 8502
8515 8502 8595
8553 8552 8636
8538 8637 8535
8463 8462 8638
8463 8639 8640
8577 8631 8641
8577 8641 8574
8641 8609 8572
8641 8572 8574
8609 8630 8573
8609 8573 8572
8631 8577 8576
8631 8576 8632
8642 8634 8580
8582 8634 8643
8644 8645 8613
8644 8613 8615
8566 8565 8579
8566 8579 8578
8646 8584 8583
8646 8583 8647
8648 8649 8650
8648 8650 8616
8651 8652 8653
8654 8655 8656
8654 8656 8657
8658 8659 8660
8658 8660 8661
8662 8663 8664
8662 8664 8665
8620 8666 8667
8668 8669 8662
8661 8590 8592
8661 8592 8658
8593 8670 8671
8593 8671 8589
8621 8587 8589
8621 8589 8671
8621 8667 8586
8621 8586 8587
8672 8673 8674
8672 8674 8675
8676 8677 8678
8676 8678 8679
8680 8681 8682
8680 8682 8683
8475 8684 8685
8475 8685 8476
8686 8466 8465
8687 8617 8688
8689 8690 8618
8569 8691 8692
8569 8692 8570
8693 8564 8563
8694 8646 8647
8694 8647 8695
8666 8620 8619
8662 8696 8697
8662 8697 8663
8698 8699 8700
8701 8702 8703
8701 8703 8704
8705 8670 8706
8602 8703 8702
8602 8702 8600
8603 8651 8707
8603 8707 8598
8708 8599 8598
8708 8598 8707
8597 8596 8510
8597 8510 8509
8709 8654 8710
8607 8413 8415
8607 8415 8711
8711 8712 8461
8711 8461 8607
8462 8713 8714
8462 8714 8715
8468 8467 8715
8468 8715 8714
8713 8462 8461
8713 8461 8712
8533 8386 8391
8533 8391 8716
8716 8717 8534
8716 8534 8533
8633 8718 8719
8633 8719 8720
8721 8722 8720
8721 8720 8719
8524 8622 8525
8623 8544 8546
8633 8534 8717
8633 8717 8718
8673 8723 8724
8673 8724 8674
8723 8725 8626
8723 8626 8724
8726 8550 8626
8726 8626 8725
8727 8549 8550
8727 8550 8726
8549 8727 8392
8549 8392 8390
8519 8518 8522
8519 8522 8601
8520 8728 8729
8603 8521 8730
8603 8730 8731
8731 8652 8651
8731 8651 8603
8681 8732 8733
8681 8733 8682
8732 8734 8473
8732 8473 8733
8473 8734 8735
8473 8735 8474
8736 8635 8474
8736 8474 8735
8446 8445 8581
8446 8581 8580
8644 8737 8738
8644 8738 8645
8737 8739 8738
8740 8277 8279
8740 8279 8741
8742 8743 8744
8745 8650 8742
8745 8742 8746
8616 8650 8745
8616 8745 8688
8489 8297 8296
8489 8296 8747
8747 8748 8486
8747 8486 8489
8749 8491 8486
8749 8486 8748
8491 8749 8750
8491 8750 8751
8483 8482 8751
8483 8751 8750
8594 8752 8753
8754 8593 8594
8754 8594 8755
8670 8593 8754
8670 8754 8706
8756 8599 8708
8756 8708 8699
8756 8757 8503
8756 8503 8599
8504 8503 8758
8759 8428 8427
8759 8427 8504
8605 8432 8316
8605 8316 8760
8742 8650 8649
8742 8649 8761
8654 8709 8762
8654 8762 8655
8760 8588 8479
8760 8479 8605
8526 8527 8530
8526 8530 8524
8562 8543 8542
8562 8542 8559
8530 8529 8559
8530 8559 8542
8526 8384 8200
8526 8200 8527
8545 8544 8548
8545 8548 8547
8553 8561 8560
8553 8560 8554
8560 8548 8544
8560 8544 8554
8636 8763 8561
8636 8561 8553
8562 8764 8765
8562 8765 8543
8685 8766 8476
8767 8768 8769
8770 8477 8476
8771 8772 8768
8617 8687 8618
8692 8773 8570
8774 8775 8776
8777 8567 8570
8778 8779 8775
8761 8649 8645
8761 8645 8738
8645 8649 8648
8645 8648 8613
8613 8648 8618
8697 8780 8663
8781 8782 8783
8784 8783 8785
8786 8664 8663
8762 8787 8655
8654 8657 8788
8789 8790 8791
8792 8791 8793
8794 8656 8655
8543 8765 8637
8543 8637 8538
8562 8561 8763
8562 8763 8764
8764 8795 8796
8764 8796 8765
8797 8637 8765
8797 8765 8796
8764 8763 8798
8764 8798 8795
8555 8558 8539
8555 8539 8799
8722 8721 8541
8722 8541 8540
8800 8798 8763
8800 8763 8636
8557 8556 8672
8678 8801 8679
8802 8803 8679
8804 8805 8676
8804 8676 8679
8806 8807 8808
8806 8808 8809
8810 8811 8812
8813 8814 8815
8199 8528 8527
8199 8527 8200
8547 8328 8331
8547 8331 8545
8469 8471 8193
8469 8193 8192
8606 8635 8194
8606 8194 8195
8458 8456 8197
8458 8197 8196
8635 8736 8270
8635 8270 8194
8738 8741 8816
8738 8816 8761
8761 8816 8743
8761 8743 8742
8742 8744 8746
8738 8739 8741
8760 8752 8594
8760 8594 8588
8479 8481 8605
8594 8753 8755
8520 8729 8521
8504 8758 8759
8624 8817 8818
8817 8624 8633
8625 8624 8818
8733 8473 8640
8463 8638 8639
8634 8642 8819
8643 8634 8819
8514 8513 8820
8523 8514 8820
8654 8788 8821
8710 8654 8822
8662 8823 8824
8668 8662 8665
8662 8825 8696
8569 8826 8827
8569 8828 8829
8828 8569 8568
8569 8830 8691
8475 8831 8832
8475 8833 8834
8833 8475 8478
8475 8835 8684
8676 8836 8837
8676 8838 8839
8838 8676 8805
8676 8840 8677
8679 8841 8842
8679 8803 8804
8539 8541 8799
8557 8672 8675
8758 8503 8757
8521 8729 8730
8753 8752 8843
8605 8481 8604
8744 8743 8844
8741 8739 8740
8189 8448 8447
8189 8447 8190
8311 8494 8493
8311 8493 8312
8843 8752 8314
8843 8314 8313
8314 8752 8760
8314 8760 8316
8452 8451 8318
8452 8318 8317
8844 8743 8319
8844 8319 8321
8319 8743 8816
8319 8816 8322
8322 8816 8741
8322 8741 8279
8546 8545 8628
8526 8525 8627
8513 8515 8597
8522 8523 8602
8492 8491 8845
8492 8498 8490
8642 8580 8579
8582 8643 8583
8638 8462 8715
8640 8473 8463
8498 8497 8592
8845 8491 8751
8517 8516 8161
8517 8161 8160
8511 8517 8160
8511 8160 8164
8728 8520 8266
8728 8266 8265
8663 8846 8847
8663 8780 8846
8786 8663 8848
8848 8663 8847
8849 8783 8784
8781 8783 8849
8785 8783 8850
8850 8783 8851
8852 8853 8660
8853 8852 8484
8854 8619 8855
8619 8621 8671
8619 8671 8670
8619 8670 8705
8655 8856 8857
8655 8787 8856
8858 8655 8857
8794 8655 8858
8859 8791 8792
8789 8791 8859
8793 8791 8860
8860 8791 8861
8862 8863 8701
8864 8865 8866
8863 8862 8507
8865 8864 8698
8708 8865 8700
8707 8865 8708
8865 8707 8651
8865 8651 8653
8570 8867 8868
8570 8773 8867
8776 8775 8869
8777 8570 8870
8871 8775 8774
8778 8775 8871
8869 8775 8872
8870 8570 8868
8693 8873 8694
8616 8618 8648
8613 8618 8614
8476 8874 8875
8476 8766 8874
8876 8476 8875
8770 8476 8876
8769 8768 8877
8878 8768 8767
8771 8768 8878
8877 8768 8879
8686 8880 8680
8610 8881 8629
8610 8609 8641
8610 8631 8611
8610 8641 8631
8608 8630 8609
8611 8632 8612
8615 8614 8690
8688 8617 8616
8620 8667 8621
8705 8706 8855
8636 8552 8800
8535 8637 8797
8841 8679 8801
8802 8679 8842
8809 8811 8810
8812 8811 8814
8809 8808 8811
8812 8814 8813
8700 8699 8708
8653 8652 8866
8654 8821 8882
8822 8654 8882
8662 8669 8823
8662 8824 8825
8569 8827 8830
8569 8829 8826
8475 8832 8835
8475 8834 8831
8676 8837 8840
8676 8839 8836
8412 8411 8408
8412 8408 8396
8412 8351 8393
8412 8347 8351
8393 8237 8441
8149 7989 8150
8441 8237 8236
8441 8236 8442
8393 8441 8411
8347 8371 8348
8375 8402 8443
8374 8416 8402
8383 8407 8382
8150 8383 8225
8225 8383 8382
7833 7793 7826
7734 7725 7741
8883 8884 7734
8883 7734 7733
7745 8885 8886
7748 7745 8886
7748 8886 7749
7853 7852 7858
7853 7858 7857
7870 7864 8887
7870 8887 8888
7884 7887 8889
7884 8889 8890
7906 7900 7889
7906 7889 7888
7891 7862 7861
7891 7861 7892
7914 7893 7892
7914 7892 7894
7898 7867 7866
7898 7866 7895
7901 7914 7894
7901 7894 7899
7871 7873 7889
7871 7889 7899
7877 7876 7903
7877 7903 7902
7878 7877 7902
7878 7902 7888
7910 7882 7881
7910 7881 7907
7895 7866 7882
7895 7882 7910
7891 7890 7908
7891 7908 7907
7912 7913 7942
7912 7942 7911
7912 7885 7867
7912 7867 7898
7718 7717 8891
7718 8891 7736
7736 8891 8892
7737 7736 8892
7737 8892 8893
7722 8893 7723
7725 8884 7726
8894 7756 7752
8894 7752 8895
7827 7780 7728
7827 7728 7727
7822 7833 7821
7821 7833 7826
7827 7778 7825
7827 7825 7826
8896 8897 7828
7805 7748 7753
8898 7729 7728
8898 7728 7779
7730 8899 7747
8899 8883 7733
8884 7725 7734
7805 7745 7748
7737 8893 7722
7745 7721 8885
7805 7739 7745
7810 7758 7809
7790 7761 7764
7790 7764 7771
7824 7769 7764
7824 7764 7763
7762 7761 7818
7762 7818 7772
7772 7818 7820
7772 7820 7760
7804 7820 7789
7769 7800 7792
7769 7792 7770
7789 7739 7804
7803 7757 7804
7757 7820 7804
7800 7777 7792
7800 7802 7777
7833 7832 7798
7833 7798 7793
7821 7826 7825
7740 7735 7737
7722 7740 7737
7805 7804 7739
7806 7810 7809
7748 7750 7753
7753 7803 7805
8900 8901 8902
8900 8902 8903
8901 8904 8905
8901 8905 8902
8904 8906 8907
8904 8907 8905
8908 8909 8907
8908 8907 8906
8910 8911 8909
8910 8909 8908
8912 8913 8911
8912 8911 8910
8912 8914 8915
8912 8915 8913
8914 8916 8917
8914 8917 8915
8918 8919 8917
8918 8917 8916
8920 8921 8919
8920 8919 8918
8922 8923 8921
8922 8921 8920
8924 8925 8923
8924 8923 8922
8926 8927 8928
8926 8928 8929
8929 8928 8930
8929 8930 8931
8931 8930 8932
8931 8932 8933
8932 8934 8935
8932 8935 8933
8934 8936 8937
8934 8937 8935
8936 8938 8939
8936 8939 8937
8939 8938 8940
8939 8940 8941
8941 8940 8942
8941 8942 8943
8943 8942 8944
8943 8944 8945
8944 8946 8947
8944 8947 8945
8946 8948 8949
8946 8949 8947
8948 8950 8951
8948 8951 8949
8952 8953 8954
8952 8954 8955
8956 8957 8958
8953 8959 8960
8961 8956 8962
8959 8963 8964
8965 8961 8966
8963 8967 8968
8969 8965 8970
8969 8970 8971
8967 8972 8973
8974 8975 8976
8977 8974 8976
8978 8979 8980
8981 8977 8982
8983 8979 8984
8985 8981 8986
8984 8987 8988
8989 8985 8990
8987 8991 8992
8991 8993 8994
8995 8996 8997
8998 8993 8952
8998 8952 8955
8957 8995 8999
8900 9000 9001
8900 9001 8901
9001 9002 8904
9001 8904 8901
9002 9003 8906
9002 8906 8904
9003 9004 8908
9003 8908 8906
8908 9004 9005
8908 9005 8910
8910 9005 9006
8910 9006 8912
8912 9006 9007
8912 9007 8914
8914 9007 9008
8914 9008 8916
8916 9008 9009
8916 9009 8918
8918 9009 9010
8918 9010 8920
8920 9010 9011
8920 9011 8922
8922 9011 9012
8922 9012 8924
9000 8926 8929
9000 8929 9001
9001 8929 8931
9001 8931 9002
9002 8931 8933
9002 8933 9003
8933 8935 9004
8933 9004 9003
8935 8937 9005
8935 9005 9004
9005 8937 8939
9005 8939 9006
9006 8939 8941
9006 8941 9007
9007 8941 8943
9007 8943 9008
9008 8943 8945
9008 8945 9009
9009 8945 8947
9009 8947 9010
8947 8949 9011
8947 9011 9010
9011 8949 8951
9011 8951 9012
8980 8979 8983
8964 8963 8968
8960 8959 8964
8953 8960 8954
8988 8987 8992
8992 8991 8994
8994 8993 8998
8968 8967 9013
8967 8973 9013
8973 8972 8978
8973 8978 8980
8977 8976 8982
8981 8982 8986
8985 8986 8990
8962 8956 9014
8966 8961 8962
8970 8965 8966
8975 8974 8969
8975 8969 8971
8989 9015 8996
8996 9015 8997
8989 8990 9015
8995 8997 8999
8957 8999 8958
8956 8958 9014
7915 7946 7917
7916 7917 7920
9016 9017 9018
9019 9020 9021
9019 9021 9022
9023 9024 9022
9025 9026 9027
9025 9027 9028
9029 9030 9031
9029 9031 9032
9027 9033 9034
9035 9036 9019
9035 9019 9037
9038 9039 9040
9038 9040 9041
9042 9043 9044
9039 9045 9046
9039 9046 9040
9047 9045 9048
9049 9050 9043
9051 9052 9053
9051 9053 9054
9055 9056 9057
9055 9057 9058
9059 9060 9061
9059 9061 9062
9063 9059 9062
9063 9062 9064
7958 9065 9066
7958 9066 7955
9067 7952 7954
9067 7954 9068
7963 9069 9065
7963 9065 7958
9070 7947 7950
9070 7950 9071
9071 7950 7952
9071 7952 9067
7962 9072 9073
7962 9073 7959
9070 9074 7967
9070 7967 7947
9075 9076 7970
9075 7970 7969
9027 9026 9032
9027 9032 9031
7963 7959 9073
7963 9073 9069
7966 9077 9072
7966 9072 7962
9078 9079 9030
9078 9030 9029
9079 9080 9081
9082 9083 9084
9082 9084 9085
9060 9033 9027
9028 9086 9087
9028 9087 9025
9088 9089 9022
9088 9022 9021
9090 9020 9036
9069 9091 9092
9069 9092 9065
9065 9092 9093
9065 9093 9066
9021 9094 9095
9021 9095 9088
9068 9095 9094
9068 9094 9067
9096 9097 9070
9096 9070 9071
9098 9041 9040
9098 9040 9099
9040 9046 9100
9040 9100 9099
9029 9101 9102
9029 9102 9078
9101 9029 9032
9101 9032 9103
9091 9069 9073
9091 9073 9103
9052 9104 9105
9052 9105 9053
9106 9107 9108
9054 9053 9034
9054 9034 9033
9060 9059 9054
9060 9054 9033
9109 9110 9111
9109 9111 9112
9113 9038 9041
9090 9041 9098
9090 9098 9097
9025 9092 9091
9025 9091 9026
9092 9025 9087
9092 9087 9093
9020 9090 9097
9020 9097 9096
9074 9098 9099
9074 9099 9075
9099 9100 9076
9099 9076 9075
9102 9101 9072
9102 9072 9077
9072 9101 9103
9072 9103 9073
9026 9091 9103
9026 9103 9032
9074 9070 9097
9074 9097 9098
9114 9042 9038
9115 9116 9117
9115 9117 9118
9018 9034 9053
9018 9053 9105
9119 9120 9121
9119 9121 9122
9123 9124 9125
9123 9125 9126
9104 9127 9128
9104 9128 9105
9129 9130 9050
9129 9050 9131
9132 9089 9133
9120 9119 9134
9120 9134 9135
9124 9128 9127
9124 9127 9125
9074 9075 7969
9074 7969 7967
7955 9066 9068
7955 9068 7954
9066 9093 9095
9066 9095 9068
9093 9087 9088
9093 9088 9095
9087 9086 9089
9087 9089 9088
9035 9117 9116
9035 9116 9114
9114 9113 9036
9114 9036 9035
9117 9035 9037
9117 9037 9136
9137 9138 9139
9039 9038 9042
9042 9114 9116
9022 9024 9140
9020 9096 9094
9020 9094 9021
9096 9071 9067
9096 9067 9094
9117 9136 9141
9123 9126 9142
9123 9142 9136
9117 9141 9118
9064 9062 9083
9064 9083 9082
9054 9059 9063
9054 9063 9051
9116 9115 9049
9036 9113 9090
9143 9144 9145
9143 9145 9146
9147 9143 9146
9147 9146 9148
9147 9148 9149
9147 9149 9150
9151 9150 9149
9151 9149 9152
9153 9151 9152
9153 9152 9154
9153 9154 9155
9153 9155 9156
9157 9156 9155
9157 9155 9158
9157 9158 9159
9157 9159 9160
9161 9160 9159
9161 9159 9162
9163 9161 9162
9163 9162 9164
9165 9163 9164
9165 9164 9166
9165 9166 9167
9165 9167 9168
9169 9170 9171
9169 9171 9172
9173 9169 9172
9173 9172 9174
9173 9174 9175
9173 9175 9176
9144 9176 9175
9144 9175 9145
9141 9136 9142
9043 9050 9130
9049 9043 9116
9177 9178 9124
9179 9016 9128
9121 9139 9138
9121 9138 9122
9022 9140 9019
9037 9180 9136
9140 9180 9037
9019 9140 9037
9177 9123 9180
9177 9124 9123
9023 9089 9132
9023 9022 9089
9135 9134 9181
9135 9181 9182
9179 9124 9178
9179 9128 9124
9133 9089 9086
9133 9086 9183
9184 9182 9181
9018 9017 9028
9016 9018 9105
9017 9183 9086
9185 9044 9130
9186 9187 9084
9055 9058 9110
9055 9110 9109
9048 9045 9039
9048 9039 9188
9185 9130 9129
9185 9129 9189
9111 9106 9108
9111 9108 9112
9186 9083 9190
9186 9084 9083
9030 9081 9191
9079 9081 9030
9061 9190 9062
9192 9190 9061
9030 9192 9031
9191 9192 9030
9192 9061 9031
9193 9057 9056
9044 9043 9130
9028 9034 9018
9027 9034 9028
9060 9027 9031
9060 9031 9061
9017 9086 9028
9016 9105 9128
9062 9190 9083
9036 9020 9019
9113 9041 9090
9136 9180 9123
9042 9116 9043
9114 9038 9113
9039 9042 9188
8610 8612 8881
8686 8465 8880
8686 8680 8683
8610 8629 8608
8618 8690 8614
8693 8563 8873
8618 8687 8689
8693 8694 8695
8666 8619 8854
8852 8660 8659
8484 8852 8485
8855 8619 8705
8862 8701 8704
8866 8865 8653
8507 8862 8508
8865 8698 8700
8626 8625 8724
8817 8633 8720
8457 8460 8571
8457 8456 8460
8472 8470 8575
8471 8470 8472
9194 9195 9196
9194 9196 9197
9198 9199 9200
9198 9200 9201
9202 9194 9197
9203 9197 9198
9204 9205 9194
9195 9194 9205
9195 9205 9206
9197 9196 9199
9197 9199 9198
9207 9201 9208
9207 9208 9209
9210 9211 9212
9210 9212 9213
9206 9205 9214
9206 9214 9215
9216 9210 9213
9216 9213 9217
9218 9219 9212
9218 9212 9211
9204 9220 9221
9204 9221 9222
9223 9224 9225
9223 9225 9226
9218 9211 9227
9218 9227 9228
9227 9229 9230
9227 9230 9231
9232 9233 9234
9232 9234 9235
9236 9237 9238
9236 9238 9239
9240 9241 9242
9240 9242 9243
9244 9245 9246
9247 9229 9210
9247 9210 9216
9248 9224 9249
9204 9202 9220
9250 9225 9224
9250 9224 9251
9252 9253 9254
9252 9254 9255
9210 9229 9227
9210 9227 9211
9228 9227 9231
9228 9231 9256
9257 9256 9231
9257 9231 9258
9259 9258 9231
9259 9231 9230
9260 9261 9259
9260 9259 9230
9241 9262 9263
9241 9263 9242
9264 9265 9262
9264 9262 9241
9266 9267 9259
9266 9259 9261
9268 9263 9262
9268 9262 9269
9263 9268 9266
9263 9266 9261
9267 9270 9258
9267 9258 9259
9258 9270 9271
9258 9271 9257
9272 9273 9274
9272 9274 9275
9276 9277 9273
9276 9273 9272
9278 9279 9280
9278 9280 9281
9282 9283 9279
9282 9279 9278
9284 9285 9286
9275 9287 9288
9275 9288 9272
9276 9272 9288
9289 9290 9291
9289 9291 9292
9289 9292 9293
9289 9293 9294
9295 9296 9297
9295 9297 9298
9299 9300 9301
9299 9301 9302
9303 9304 9305
9303 9305 9306
9307 9308 9309
9310 9311 9304
9312 9313 9311
9312 9311 9310
9314 9315 9312
9316 9317 9318
9316 9318 9319
9320 9321 9315
9320 9315 9322
9323 9324 9325
9323 9325 9326
9327 9320 9322
9327 9322 9328
9329 9316 9319
9329 9319 9330
9331 9332 9333
9331 9333 9334
9299 9302 9323
9299 9323 9326
9310 9334 9333
9310 9333 9312
9312 9333 9335
9312 9335 9314
9326 9325 9314
9326 9314 9335
9298 9336 9337
9298 9337 9295
9316 9329 9300
9316 9300 9299
9299 9326 9317
9299 9317 9316
9318 9317 9335
9296 9338 9339
9296 9339 9297
9340 9341 9342
9340 9342 9296
9340 9296 9295
9338 9296 9342
9338 9342 9343
9310 9341 9340
9310 9340 9334
9295 9331 9334
9295 9334 9340
9332 9331 9295
9332 9295 9337
9261 9260 9242
9261 9242 9263
9283 9282 9277
9283 9277 9276
9319 9318 9332
9319 9332 9337
9318 9335 9333
9318 9333 9332
9330 9319 9337
9330 9337 9336
9214 9205 9204
9344 9345 9346
9344 9346 9347
9238 9254 9253
9238 9253 9348
9349 9350 9351
9349 9351 9352
9353 9354 9355
9353 9355 9356
9352 9351 9357
9352 9357 9358
9359 9352 9358
9359 9358 9360
9361 9357 9351
9361 9351 9362
9362 9351 9350
9362 9350 9363
9352 9359 9364
9352 9364 9349
9365 9366 9354
9365 9354 9353
9367 9368 9369
9367 9369 9370
9363 9371 9372
9363 9372 9362
9373 9374 9368
9373 9368 9367
9370 9369 9375
9370 9375 9376
9377 9378 9361
9377 9361 9379
9378 9377 9380
9378 9380 9381
9376 9382 9383
9376 9383 9370
9383 9384 9385
9383 9385 9386
9387 9388 9389
9387 9389 9390
9391 9392 9393
9394 9395 9396
9394 9396 9397
9398 9399 9400
9373 9367 9386
9373 9386 9388
9378 9381 9401
9402 9357 9378
9403 9404 9405
9403 9405 9406
9386 9367 9370
9386 9370 9383
9389 9386 9385
9389 9385 9407
9408 9384 9383
9408 9383 9382
9409 9384 9408
9409 9408 9410
9384 9409 9411
9384 9411 9385
9385 9411 9412
9385 9412 9407
9397 9413 9414
9397 9414 9391
9414 9415 9392
9414 9392 9391
9411 9416 9417
9411 9417 9412
9418 9419 9413
9418 9413 9420
9420 9412 9417
9420 9417 9418
9411 9409 9421
9411 9421 9416
9409 9410 9422
9409 9422 9421
9423 9424 9425
9423 9425 9426
9427 9424 9423
9427 9423 9428
9429 9430 9431
9429 9431 9432
9433 9432 9431
9433 9431 9434
9435 9436 9437
9435 9437 9438
9439 9440 9441
9439 9441 9442
9440 9437 9436
9440 9436 9441
9443 9444 9445
9443 9445 9446
9444 9447 9448
9444 9448 9445
9449 9450 9451
9449 9451 9452
9453 9454 9455
9453 9455 9456
9457 9458 9459
9457 9459 9460
9309 9308 9461
9462 9463 9464
9462 9464 9465
9466 9464 9463
9466 9463 9467
9467 9468 9469
9467 9469 9466
9470 9469 9471
9472 9473 9470
9472 9470 9474
9471 9475 9476
9471 9476 9477
9478 9479 9480
9478 9480 9456
9452 9309 9461
9452 9461 9449
9473 9472 9458
9473 9458 9457
9464 9466 9479
9464 9479 9478
9466 9469 9481
9466 9481 9479
9469 9470 9473
9469 9473 9481
9456 9480 9482
9456 9482 9453
9460 9483 9484
9460 9484 9457
9457 9484 9481
9457 9481 9473
9454 9450 9449
9454 9449 9455
9485 9461 9486
9485 9486 9465
9456 9455 9485
9456 9485 9478
9461 9485 9455
9461 9455 9449
9465 9464 9478
9465 9478 9485
9487 9388 9387
9488 9407 9412
9488 9412 9420
9427 9428 9433
9427 9433 9434
9484 9480 9479
9484 9479 9481
9483 9482 9480
9483 9480 9484
9362 9372 9379
9362 9379 9361
9489 9490 9374
9489 9374 9373
9388 9487 9489
9388 9489 9373
9491 9492 9493
9491 9493 9494
9495 9496 9222
9495 9222 9221
9348 9253 9225
9252 9226 9225
9252 9225 9253
9214 9497 9498
9214 9498 9215
9214 9222 9497
9490 9489 9372
9490 9372 9371
9377 9379 9499
9380 9377 9406
9494 9493 9500
9372 9489 9487
9372 9487 9379
9501 9502 9503
9504 9505 9506
9507 9501 9508
9502 9509 9503
9510 9511 9512
9510 9512 9513
9514 9507 9515
9516 9517 9518
9516 9518 9519
9513 9512 9520
9513 9520 9521
9516 9522 9523
9524 9525 9526
9524 9526 9527
9528 9529 9530
9531 9526 9525
9531 9525 9532
9527 9528 9524
9533 9534 9535
9533 9535 9536
9537 9531 9532
9537 9532 9538
9539 9536 9535
9539 9535 9540
9533 9541 9542
9533 9542 9534
9539 9540 9543
9539 9543 9544
9522 9545 9546
9544 9543 9537
9544 9537 9538
9201 9200 9547
9201 9547 9208
9203 9207 9244
9203 9244 9249
9237 9241 9240
9248 9251 9224
9250 9251 9548
9269 9262 9265
9269 9265 9549
9275 9274 9550
9275 9550 9551
9552 9553 9554
9552 9554 9555
9338 9452 9451
9338 9451 9339
9307 9309 9343
9309 9452 9338
9309 9338 9343
9556 9239 9238
9556 9238 9348
9348 9250 9557
9558 9506 9509
9491 9393 9559
9491 9559 9492
9237 9236 9264
9240 9243 9255
9237 9240 9254
9560 9401 9561
9244 9248 9249
9562 9251 9248
9202 9197 9203
9220 9202 9249
9249 9224 9223
9244 9207 9209
9244 9209 9245
9201 9207 9203
9201 9203 9198
9202 9203 9249
9204 9194 9202
9346 9497 9496
9497 9346 9345
9497 9345 9498
9546 9523 9522
9346 9496 9232
9346 9232 9347
9497 9222 9496
9233 9232 9496
9234 9243 9242
9347 9216 9217
9347 9217 9344
9247 9216 9232
9519 9518 9511
9519 9511 9510
9235 9247 9232
9243 9234 9233
9243 9233 9563
9233 9496 9495
9563 9233 9495
9560 9400 9564
9565 9566 9567
9561 9565 9568
9391 9393 9569
9414 9570 9571
9414 9571 9415
9572 9573 9574
9572 9574 9575
9576 9577 9555
9576 9555 9554
9578 9579 9580
9578 9580 9306
9404 9491 9494
9404 9494 9405
9393 9491 9404
9393 9404 9569
9405 9494 9566
9405 9566 9380
9360 9358 9402
9360 9402 9564
9365 9360 9564
9365 9564 9400
9364 9359 9353
9364 9353 9356
9360 9365 9353
9360 9353 9359
9530 9529 9581
9366 9365 9400
9366 9400 9399
9402 9401 9564
9378 9401 9402
9561 9401 9565
9582 9583 9398
9358 9357 9402
9234 9242 9260
9234 9260 9235
9232 9216 9347
9584 9247 9235
9247 9584 9229
9584 9235 9260
9584 9230 9229
9584 9260 9230
9220 9223 9226
9220 9226 9221
9495 9252 9255
9495 9255 9563
9221 9226 9252
9221 9252 9495
9255 9243 9563
9240 9255 9254
9249 9223 9220
9390 9389 9407
9390 9407 9488
9403 9394 9569
9403 9569 9404
9393 9392 9559
9386 9389 9388
9569 9394 9397
9569 9397 9391
9585 9403 9406
9585 9406 9499
9394 9403 9585
9394 9585 9395
9579 9462 9580
9413 9419 9570
9413 9570 9414
9426 9425 9573
9426 9573 9572
9413 9397 9396
9576 9439 9442
9576 9442 9577
9387 9390 9395
9387 9395 9585
9488 9396 9395
9488 9395 9390
9499 9487 9387
9499 9387 9585
9406 9377 9499
9380 9406 9405
9560 9564 9401
9378 9357 9361
9499 9379 9487
9488 9420 9396
9413 9396 9420
9335 9317 9326
9237 9254 9238
9282 9267 9266
9282 9266 9277
9273 9268 9269
9273 9269 9274
9277 9266 9268
9277 9268 9273
9270 9267 9282
9270 9282 9278
9281 9271 9270
9281 9270 9278
9428 9417 9416
9428 9416 9433
9419 9418 9423
9419 9423 9426
9418 9417 9428
9418 9428 9423
9416 9421 9432
9416 9432 9433
9432 9421 9422
9432 9422 9429
9274 9269 9549
9274 9549 9550
9575 9571 9570
9575 9570 9572
9572 9570 9419
9572 9419 9426
9342 9341 9343
9307 9343 9341
9461 9308 9486
9237 9264 9241
9348 9225 9250
9214 9204 9222
9551 9586 9287
9551 9287 9275
9587 9287 9586
9587 9586 9588
9589 9590 9573
9589 9573 9425
9590 9591 9574
9590 9574 9573
9590 9592 9593
9590 9593 9591
9594 9592 9590
9594 9590 9589
9288 9287 9587
9424 9589 9425
9276 9288 9595
9288 9587 9596
9597 9594 9589
9598 9597 9424
9598 9424 9427
9447 9598 9448
9597 9589 9424
9595 9294 9293
9599 9600 9601
9602 9603 9604
9602 9604 9605
9606 9607 9608
9606 9608 9609
9438 9606 9609
9438 9609 9435
9610 9611 9612
9613 9610 9612
9613 9612 9614
9613 9614 9601
9613 9601 9600
9285 9284 9615
9595 9288 9596
9604 9616 9605
9615 9553 9552
9615 9552 9617
9548 9618 9619
9548 9619 9557
9620 9567 9621
9620 9621 9622
9618 9548 9623
9618 9623 9624
9567 9500 9625
9567 9625 9621
9567 9620 9565
9626 9562 9627
9626 9627 9628
9556 9557 9619
9348 9557 9556
9250 9548 9557
9548 9251 9623
9500 9493 9625
9494 9500 9566
9565 9381 9380
9565 9380 9566
9567 9566 9500
9565 9401 9381
9251 9562 9626
9562 9248 9246
9562 9246 9627
9629 9568 9620
9629 9620 9622
9582 9398 9560
9582 9560 9561
9623 9626 9628
9623 9628 9624
9568 9629 9583
9568 9583 9582
9561 9568 9582
9568 9565 9620
9251 9626 9623
9244 9246 9248
9398 9400 9560
9285 9615 9617
9284 9286 9616
9605 9616 9286
9514 9515 9630
9507 9508 9515
9501 9503 9508
9558 9509 9502
9630 9545 9514
9546 9545 9630
9516 9523 9517
9524 9528 9530
9504 9506 9558
9581 9529 9631
8899 7733 7747
7730 7747 7727
7721 7724 8885
7752 7751 8895
7751 7753 7750
7828 8897 7779
7779 8897 8898
7755 7754 9632
7754 7756 8894
8220 9633 8055
8220 8055 8054
9634 9635 9636
9634 9636 9637
9637 9636 9638
9637 9638 9639
9640 9641 9642
9640 9642 9643
9638 9640 9643
9638 9643 9639
9644 9645 9635
9644 9635 9634
9641 9646 9647
9641 9647 9642
9648 9649 9647
9648 9647 9646
9650 9651 9645
9650 9645 9644
9652 9653 9654
9652 9654 9655
9656 9652 9655
9656 9655 9657
9658 9656 9657
9658 9657 9659
9658 9659 9660
9658 9660 9661
9662 9661 9660
9662 9660 9663
9664 9662 9663
9664 9663 9665
9666 9667 9668
9666 9668 9669
9666 9669 9654
9666 9654 9653
9670 9671 9672
9670 9672 9673
9674 9673 9672
9674 9672 9675
9676 9674 9675
9676 9675 9677
9678 9679 9680
9678 9680 9681
9678 9681 9682
9678 9682 9683
9684 9683 9682
9684 9682 9685
9686 9684 9685
9686 9685 9687
9670 9686 9687
9670 9687 9671
7085 7029 7028
7247 7225 9688
7110 7078 7081
7928 7923 7925
8983 8984 8988
7837 7836 9689
7837 9689 9690
7838 7841 8887
7838 8887 9691
9692 7842 7838
9692 7838 9691
8888 7844 7837
8888 7837 9690
7836 7847 9693
7836 9693 9689
9694 7849 7842
9694 7842 9692
9695 7852 7851
9695 7851 9696
9696 7851 7849
9696 7849 9694
7847 7855 9697
7847 9697 9693
8890 7859 7858
8890 7858 9698
9698 7858 7852
9698 7852 9695
7845 7844 7841
7845 7841 7840
7859 9699 9700
7859 9700 7856
8888 8887 7841
8888 7841 7844
8890 8889 9699
8890 9699 7859
9690 9689 7879
9690 7879 7872
9691 8887 7864
9691 7864 7860
7863 9692 9691
7863 9691 7860
8888 9690 7872
8888 7872 7870
9689 9693 7874
9689 7874 7879
7880 9694 9692
7880 9692 7863
7869 9695 9696
7869 9696 7883
7883 9696 9694
7883 9694 7880
9693 9697 7875
9693 7875 7874
7884 8890 9698
7884 9698 7868
7868 9698 9695
7868 9695 7869
7669 9701 7678
9701 9702 9703
9704 9705 7675
9704 7675 9706
9702 9707 7630
9708 9705 9704
7304 7628 7293
7629 7630 9707
7064 7172 6996
7655 7662 7653
7660 7632 7626
7304 9702 7630
7629 7660 7626
7060 7064 6998
7046 7058 7060
7184 9709 9710
9711 7181 7180
7183 7182 7001
7183 7001 7000
7064 9712 7172
9713 7172 9712
7192 9710 9709
7129 7175 7130
9714 9715 9716
9714 9716 9717
9718 9719 9720
9718 9720 9721
9722 9723 9724
9722 9725 9726
9722 9726 9723
9727 9728 9729
9730 9731 9723
9730 9723 9727
9728 9727 9723
9728 9723 9726
9732 9730 9733
9734 9724 9735
9734 9735 9736
9737 9738 9731
9737 9731 9730
9739 9740 9716
9730 9727 9733
9737 9730 9741
9742 9743 9744
9742 9744 9745
9721 9745 9744
9728 9726 9746
9728 9746 9747
9748 9729 9728
9726 9725 9749
9719 9750 9751
9719 9751 9720
9752 9753 9754
9738 9737 9715
9738 9715 9714
9736 9735 9743
9736 9743 9742
9741 9755 9737
9756 9740 9757
9716 9756 9718
9716 9718 9717
9719 9718 9756
9719 9756 9754
9750 9719 9754
9750 9754 9753
9715 9758 9739
9759 9760 9761
9759 9761 9762
9762 9761 9763
9762 9763 9764
9765 9766 9764
9765 9764 9763
9766 9765 9767
9766 9767 9768
9769 9770 9771
9769 9771 9772
9769 9773 9770
9774 9775 9776
9774 9776 9777
9775 9778 9779
9775 9779 9776
9778 9780 9781
9778 9781 9779
9780 9782 9783
9780 9783 9781
9783 9782 9784
9783 9784 9785
9785 9784 9786
9785 9786 9787
9787 9786 9788
9787 9788 9789
9789 9788 9790
9789 9790 9791
9791 9790 9792
9791 9792 9793
9794 9795 9796
9794 9796 9797
9794 9760 9759
9794 9759 9795
9727 9729 9733
9730 9732 9741
9737 9755 9715
9758 9715 9798
9768 9767 9772
9768 9772 9771
9798 9715 9755
9715 9739 9716
9748 9728 9747
9757 9754 9756
9752 9754 9757
9716 9740 9756
9799 9800 9801
9802 9803 9804
9805 9806 9803
9807 9808 9809
9807 9809 9810
9808 9811 9812
9808 9812 9809
9813 9814 9815
9816 9817 9818
9819 9820 9821
9822 9823 9824
9816 9825 9821
9813 9826 9827
9813 9827 9828
9829 9828 9830
9831 9807 9810
9831 9810 9832
9806 9805 9833
9834 9835 9815
9834 9815 9814
9831 9832 9836
9831 9836 9833
9824 9837 9838
9824 9838 9822
9820 9822 9838
9820 9838 9839
9806 9840 9803
9834 9806 9836
9832 9835 9836
9841 9835 9832
9841 9832 9810
9810 9809 9842
9843 9842 9809
9844 9818 9829
9844 9829 9845
9830 9845 9829
9835 9841 9815
9846 9799 9847
9846 9847 9804
9819 9848 9822
9819 9822 9820
9803 9840 9839
9829 9814 9813
9806 9817 9840
9804 9803 9839
9834 9817 9806
9826 9813 9849
9813 9815 9850
9813 9850 9851
9852 9841 9842
9852 9842 9853
9854 9853 9842
9854 9842 9843
9852 9850 9815
9852 9815 9841
9855 9856 9857
9851 9856 9849
9858 9859 9860
9858 9860 9861
9862 9863 9864
9859 9855 9857
9865 9862 9864
9861 9865 9864
9816 9844 9825
9821 9825 9819
9822 9848 9823
9823 9866 9824
9827 9867 9830
9861 9864 9858
9827 9830 9828
9829 9813 9828
9844 9816 9818
9818 9834 9814
9818 9814 9829
9804 9838 9837
9804 9837 9846
9839 9838 9804
9820 9839 9840
9820 9840 9821
9840 9816 9821
9840 9817 9816
9818 9817 9834
9857 9860 9859
9843 9809 9812
9810 9842 9841
9836 9835 9834
9799 9801 9847
9805 9803 9802
9806 9833 9836
9802 9804 9847
9858 9868 9859
9827 9869 9870
9849 9855 9868
9849 9868 9826
9871 9869 9864
9864 9869 9868
9864 9868 9858
9826 9869 9827
9826 9868 9869
9859 9868 9855
9849 9813 9851
9849 9856 9855
9869 9871 9872
9871 9864 9863
9827 9870 9867
9870 9869 9872
9717 9744 9743
9717 9743 9714
9714 9743 9735
9714 9735 9738
9721 9744 9718
9718 9744 9717
9735 9724 9731
9735 9731 9738
9722 9724 9734
9724 9723 9731
9873 9874 9875
9873 9875 9876
9877 9873 9876
9877 9876 9878
9879 9877 9878
9875 9874 9880
9875 9880 9881
9880 9882 9881
9883 9884 9885
9883 9885 9886
9887 9888 9889
9887 9889 9890
9891 9892 9893
9894 9895 9891
9894 9891 9893
9896 9897 9898
9899 9896 9893
9899 9893 9900
9893 9896 9898
9893 9898 9894
9901 9902 9899
9903 9904 9905
9903 9905 9892
9906 9899 9900
9906 9900 9907
9908 9885 9909
9899 9902 9896
9906 9910 9899
9911 9912 9913
9911 9913 9914
9888 9913 9912
9898 9915 9916
9898 9916 9894
9917 9898 9897
9894 9916 9918
9890 9889 9919
9890 9919 9920
9921 9922 9923
9907 9883 9886
9907 9886 9906
9904 9911 9914
9904 9914 9905
9910 9906 9924
9925 9926 9909
9885 9884 9887
9885 9887 9925
9890 9922 9925
9890 9925 9887
9920 9923 9922
9920 9922 9890
9886 9908 9927
9928 9929 9930
9928 9930 9931
9929 9932 9933
9929 9933 9930
9934 9933 9932
9934 9932 9935
9935 9936 9937
9935 9937 9934
9938 9939 9940
9938 9940 9941
9938 9941 9942
9943 9944 9945
9943 9945 9946
9946 9945 9947
9946 9947 9948
9948 9947 9949
9948 9949 9950
9950 9949 9951
9950 9951 9952
9951 9953 9954
9951 9954 9952
9953 9955 9956
9953 9956 9954
9955 9957 9958
9955 9958 9956
9957 9959 9960
9957 9960 9958
9959 9961 9962
9959 9962 9960
9963 9964 9965
9963 9965 9966
9963 9966 9928
9963 9928 9931
9896 9902 9897
9899 9910 9901
9906 9886 9924
9927 9967 9886
9936 9940 9939
9936 9939 9937
9967 9924 9886
9886 9885 9908
9917 9915 9898
9926 9925 9922
9921 9926 9922
9885 9925 9909
9968 9969 9970
9971 9972 9973
9974 9973 9975
9976 9977 9978
9976 9978 9979
9979 9978 9980
9979 9980 9981
9982 9983 9984
9985 9986 9987
9988 9989 9990
9991 9992 9993
9985 9989 9994
9982 9995 9996
9982 9996 9997
9998 9999 9995
10000 10001 9977
10000 9977 9976
9975 10002 9974
10003 9984 9983
10003 9983 10004
10000 10002 10005
10000 10005 10001
9992 9991 10006
9992 10006 10007
10006 9991 9990
10006 9990 10008
9975 9973 10009
10003 10005 9975
10001 10005 10004
10010 9977 10001
10010 10001 10004
9977 10011 9978
10012 9978 10011
9998 9986 10013
9998 10013 10014
9999 9998 10014
10004 9983 10010
10015 9972 10016
10015 10016 9968
9988 9990 9991
9988 9991 10017
9973 10008 10009
9998 9982 9984
9975 10009 9987
9972 10008 9973
10003 9975 9987
9997 10018 9982
9982 10019 10020
9982 10020 9983
10011 10010 10021
10011 10021 10022
10023 10012 10011
10023 10011 10022
10021 10010 9983
10021 9983 10020
10024 10025 10026
10019 10018 10026
10027 10028 10029
10027 10029 10030
10031 10032 10033
10030 10025 10024
10034 10032 10031
10028 10032 10034
9985 9994 10013
9989 9988 9994
9991 9993 10017
9993 9992 10035
9996 9999 10036
10028 10027 10032
9996 9995 9999
9998 9995 9982
10013 9986 9985
9984 10003 9986
9984 9986 9998
10007 10006 9972
10007 9972 10015
10008 9972 10006
10009 10008 9990
10009 9990 9989
10009 9989 9985
10009 9985 9987
9986 10003 9987
10025 10030 10029
10012 9980 9978
9977 10010 10011
10005 10003 10004
9968 10016 9969
9974 9971 9973
9975 10005 10002
9971 10016 9972
10027 10030 10037
9996 10038 10039
10037 10024 10018
10037 10018 9997
10040 10032 10039
10037 10039 10032
10037 10032 10027
9997 9996 10039
9997 10039 10037
10030 10024 10037
10018 10019 9982
10018 10024 10026
10039 10041 10040
10040 10033 10032
9996 10036 10038
10038 10041 10039
9914 9913 9884
9914 9884 9883
9905 9914 9883
9905 9883 9907
9888 9887 9913
9887 9884 9913
9905 9907 9900
9905 9900 9892
9891 9903 9892
9892 9900 9893
10042 10043 10044
10042 10044 10045
10045 10044 10046
10045 10046 10047
10048 10047 10046
10042 10049 10050
10042 10050 10043
10050 10049 10051
9894 9918 9895
9726 9749 9746
7260 7297 7296
7260 7296 7257
7296 7301 7257
7678 9703 10052
9703 7677 7298
7677 7306 7298
7306 7305 7301
7306 7301 7298
7305 7299 7301
7293 7305 7304
7299 7302 7301
7299 7266 7302
7293 7299 7305
7670 10052 7297
10052 7298 7297
7667 7670 7261
7670 7678 10052
9703 9702 7677
10052 9703 7298
7670 7297 7282
7304 7677 9702
7186 7165 7125
7166 7165 7187
7187 10053 7166
7173 7185 7351
7185 9710 7187
9710 7192 10053
7192 7177 10053
7166 7177 7151
10053 7177 7166
7168 7171 7186
7171 7351 7187
7171 7187 7186
7162 7168 7159
7171 7162 7173
7167 7168 7186
7168 7132 7159
7176 7192 9709
7177 7174 7129
7177 7129 7151
7261 7670 7282
7184 9710 7185
7351 7185 7187
7172 7185 7173
9701 9703 7678
9710 10053 7187
10054 10055 10056
10057 10058 10059
10060 10061 10058
10060 10058 10062
10058 10063 10062
10064 10061 10060
10064 10060 10065
10066 10064 10065
10066 10065 10067
10068 10069 10070
10068 10070 10071
10072 10073 10064
10072 10064 10066
10074 10056 10075
10074 10075 10076
10077 10078 10054
10062 10079 10080
10062 10080 10060
10081 10079 10082
10083 10084 10071
10083 10071 10070
10065 10085 10086
10065 10086 10067
10087 10088 10081
10087 10081 10082
10089 10082 10063
10090 10089 10063
10091 10055 10054
10091 10054 10078
10092 10093 10094
10092 10094 10095
10055 10096 10075
10097 10098 10099
10097 10099 10096
10063 10057 10090
10073 10100 10061
10073 10061 10064
10059 10058 10061
10059 10061 10100
10057 10101 10102
10057 10102 10103
10078 10104 10105
10078 10105 10091
10101 10057 10059
10101 10059 10106
10095 10094 10098
10095 10098 10097
10100 10107 10106
10100 10106 10059
10072 10105 10104
10072 10104 10073
10108 10109 10090
10110 10111 10112
10110 10112 10113
10114 10115 10116
10114 10116 10117
10116 10118 10119
10116 10119 10117
10120 10090 10109
10121 10087 10122
10123 10108 10103
10102 10123 10103
10124 10088 10121
10125 10110 10126
10127 10116 10115
10127 10115 10128
10129 10130 10131
10129 10131 10132
10133 10134 10135
10133 10135 10136
10136 10135 10137
10136 10137 10138
10139 10140 10138
10139 10138 10137
10140 10139 10141
10140 10141 10142
10143 10144 10145
10143 10145 10146
10147 10148 10149
10147 10149 10150
10151 10118 10116
10151 10116 10127
10151 10140 10142
10151 10142 10152
10150 10149 10153
10150 10153 10154
10148 10155 10156
10148 10156 10149
10124 10121 10153
10124 10153 10157
10158 10157 10156
10159 10155 10160
10159 10160 10161
10162 10131 10130
10162 10130 10163
10131 10162 10164
10131 10164 10134
10139 10137 10165
10139 10165 10166
10141 10139 10167
10168 10169 10170
10145 10171 10172
10145 10172 10146
10173 10174 10148
10174 10160 10155
10174 10155 10148
10174 10175 10176
10174 10176 10160
10175 10174 10177
10171 10178 10179
10171 10179 10172
10180 10181 10182
10183 10184 10185
10183 10185 10186
10187 10188 10189
10187 10189 10163
10190 10191 10188
10190 10188 10187
10192 10185 10184
10192 10184 10193
10109 10194 10195
10109 10195 10120
10164 10180 10168
10164 10168 10196
10154 10153 10121
10154 10121 10122
10196 10168 10166
10196 10166 10165
10135 10196 10165
10135 10165 10137
10109 10197 10152
10109 10152 10194
10145 10144 10142
10145 10142 10141
10167 10171 10145
10167 10145 10141
10169 10198 10178
10169 10178 10170
10199 10191 10184
10199 10184 10183
10193 10184 10191
10193 10191 10190
10200 10176 10175
10200 10175 10201
10126 10132 10133
10126 10133 10125
10202 10129 10132
10202 10132 10126
10194 10144 10143
10194 10143 10195
10152 10142 10144
10152 10144 10194
10128 10136 10138
10128 10138 10127
10140 10151 10127
10140 10127 10138
10149 10156 10157
10149 10157 10153
10066 10067 10070
10066 10070 10069
10072 10066 10069
10072 10069 10092
10083 10070 10067
10083 10067 10086
10111 10203 10204
10069 10068 10093
10069 10093 10092
10105 10072 10092
10105 10092 10095
10091 10097 10096
10091 10096 10055
10105 10095 10097
10105 10097 10091
10076 10075 10205
10076 10205 10206
10099 10205 10096
10107 10100 10073
10107 10073 10104
10080 10085 10065
10080 10065 10060
10104 10078 10077
10104 10077 10107
10115 10111 10110
10128 10115 10125
10134 10133 10132
10134 10132 10131
10134 10164 10196
10134 10196 10135
10168 10180 10207
10198 10208 10209
10198 10209 10210
10211 10212 10201
10162 10181 10180
10162 10180 10164
10169 10207 10208
10169 10208 10198
10176 10213 10161
10176 10161 10160
10214 10215 10216
10214 10216 10213
10125 10133 10136
10125 10136 10128
10217 10119 10118
10217 10118 10123
10197 10108 10123
10197 10123 10118
10108 10197 10109
10118 10151 10152
10118 10152 10197
10203 10115 10114
10122 10089 10120
10150 10143 10146
10150 10146 10147
10143 10150 10154
10143 10154 10195
10147 10146 10172
10147 10172 10173
10173 10172 10179
10173 10179 10177
10218 10219 10185
10195 10154 10122
10195 10122 10120
10211 10210 10209
10211 10209 10212
10103 10108 10090
10087 10089 10122
10120 10089 10090
10055 10075 10056
10205 10075 10096
10089 10087 10082
10057 10103 10090
10102 10217 10123
10115 10203 10111
10218 10185 10192
10220 10221 10222
10202 10126 10113
10112 10111 10204
10110 10113 10126
10223 10161 10213
10223 10213 10216
10224 10158 10225
10226 10227 10228
10229 10088 10230
10085 10231 10232
10085 10232 10086
10084 10083 10233
10084 10233 10234
10086 10232 10233
10086 10233 10083
10235 10080 10079
10081 10236 10235
10081 10235 10079
10088 10229 10081
10229 10237 10236
10224 10124 10157
10158 10159 10238
10158 10238 10225
10161 10223 10238
10161 10238 10159
10224 10157 10158
10079 10062 10082
10063 10082 10062
10057 10063 10058
10219 10186 10185
10158 10156 10155
10158 10155 10159
10088 10087 10121
10231 10085 10080
10231 10080 10239
10115 10110 10125
10240 10241 10054
10242 10243 10204
10056 10074 10244
10056 10244 10240
10245 10107 10077
10246 10217 10102
10246 10102 10247
10248 10249 10117
10248 10117 10119
10247 10102 10101
10250 10106 10251
10252 10242 10204
10252 10204 10203
10107 10245 10106
10054 10241 10077
10253 10252 10203
10253 10203 10114
10119 10217 10246
10119 10246 10248
10249 10253 10114
10249 10114 10117
10254 10245 10077
10056 10240 10054
10241 10254 10077
10106 10250 10101
10101 10250 10255
10247 10101 10255
10106 10245 10251
10239 10080 10235
10239 10235 10256
10235 10236 10256
10229 10236 10081
10256 10236 10237
10257 10258 10259
10260 10261 10262
10263 10264 10262
10263 10262 10265
10262 10264 10266
10267 10268 10263
10267 10263 10265
10269 10270 10268
10269 10268 10267
10271 10272 10273
10271 10273 10274
10275 10269 10267
10275 10267 10276
10277 10278 10279
10277 10279 10258
10280 10257 10281
10264 10263 10282
10264 10282 10283
10284 10285 10283
10286 10273 10272
10286 10272 10287
10288 10289 10268
10288 10268 10270
10290 10285 10284
10290 10284 10291
10292 10266 10285
10293 10266 10292
10294 10281 10257
10294 10257 10259
10295 10296 10297
10295 10297 10298
10259 10279 10299
10300 10299 10301
10300 10301 10302
10266 10293 10260
10276 10267 10265
10276 10265 10303
10261 10303 10265
10261 10265 10262
10260 10304 10305
10260 10305 10306
10281 10294 10307
10281 10307 10308
10306 10309 10261
10306 10261 10260
10296 10300 10302
10296 10302 10297
10303 10261 10309
10303 10309 10310
10275 10276 10308
10275 10308 10307
10311 10293 10312
10313 10314 10315
10313 10315 10316
10317 10318 10319
10317 10319 10320
10319 10318 10321
10319 10321 10322
10323 10312 10293
10324 10325 10290
10326 10304 10311
10305 10304 10326
10327 10324 10291
10328 10329 10313
10330 10331 10320
10330 10320 10319
10332 10333 10334
10332 10334 10335
10336 10337 10338
10336 10338 10339
10337 10340 10341
10337 10341 10338
10342 10341 10340
10342 10340 10343
10344 10342 10343
10344 10343 10345
10346 10347 10348
10346 10348 10349
10350 10351 10352
10350 10352 10353
10354 10330 10319
10354 10319 10322
10345 10343 10354
10345 10354 10355
10351 10356 10357
10351 10357 10352
10353 10352 10358
10353 10358 10359
10327 10360 10357
10327 10357 10324
10361 10358 10360
10362 10363 10364
10362 10364 10359
10365 10366 10335
10365 10335 10334
10334 10339 10367
10334 10367 10365
10342 10368 10369
10342 10369 10341
10344 10370 10342
10371 10368 10372
10348 10347 10373
10348 10373 10374
10375 10350 10353
10376 10353 10359
10376 10359 10364
10376 10364 10377
10376 10377 10378
10378 10379 10380
10374 10373 10381
10374 10381 10382
10383 10384 10385
10386 10387 10388
10386 10388 10389
10390 10366 10365
10390 10365 10385
10391 10392 10393
10391 10393 10394
10395 10396 10389
10395 10389 10388
10397 10398 10312
10397 10312 10323
10367 10399 10371
10367 10371 10383
10356 10325 10324
10356 10324 10357
10399 10369 10368
10399 10368 10371
10338 10341 10369
10338 10369 10399
10312 10398 10355
10312 10355 10400
10345 10349 10348
10345 10348 10344
10370 10344 10348
10370 10348 10374
10401 10402 10372
10401 10372 10382
10403 10404 10389
10403 10389 10394
10396 10391 10394
10396 10394 10389
10405 10378 10377
10405 10377 10406
10329 10328 10336
10329 10336 10333
10407 10329 10333
10407 10333 10332
10346 10349 10398
10346 10398 10397
10349 10345 10355
10349 10355 10398
10331 10330 10340
10331 10340 10337
10343 10340 10330
10343 10330 10354
10352 10357 10360
10352 10360 10358
10273 10270 10269
10273 10269 10274
10274 10269 10275
10274 10275 10295
10270 10273 10286
10270 10286 10288
10316 10408 10409
10274 10295 10298
10274 10298 10271
10295 10275 10307
10295 10307 10296
10294 10259 10299
10294 10299 10300
10307 10294 10300
10307 10300 10296
10278 10410 10411
10278 10411 10279
10301 10299 10411
10310 10308 10276
10310 10276 10303
10282 10263 10268
10282 10268 10289
10308 10310 10280
10308 10280 10281
10320 10313 10316
10331 10328 10320
10339 10334 10333
10339 10333 10336
10339 10338 10399
10339 10399 10367
10371 10402 10412
10401 10413 10414
10401 10414 10415
10416 10417 10418
10365 10367 10383
10365 10383 10385
10402 10401 10415
10402 10415 10412
10377 10364 10363
10377 10363 10406
10405 10406 10419
10405 10419 10420
10328 10331 10337
10328 10337 10336
10322 10321 10421
10322 10421 10326
10400 10322 10326
10400 10326 10311
10311 10312 10400
10355 10354 10322
10355 10322 10400
10409 10317 10320
10325 10323 10292
10351 10350 10347
10351 10347 10346
10346 10397 10356
10346 10356 10351
10350 10375 10373
10350 10373 10347
10381 10373 10375
10381 10375 10380
10422 10388 10418
10397 10323 10325
10397 10325 10356
10379 10423 10414
10379 10414 10413
10304 10293 10311
10290 10325 10292
10323 10293 10292
10259 10258 10279
10411 10299 10279
10292 10285 10290
10260 10293 10304
10305 10326 10421
10320 10316 10409
10422 10395 10388
10424 10422 10418
10424 10418 10417
10407 10314 10329
10315 10408 10316
10313 10329 10314
10425 10419 10406
10425 10406 10363
10426 10427 10361
10428 10426 10327
10429 10430 10431
10432 10433 10289
10432 10289 10288
10287 10434 10435
10287 10435 10286
10435 10432 10288
10435 10288 10286
10436 10283 10282
10284 10283 10436
10284 10436 10437
10291 10284 10438
10438 10437 10439
10291 10428 10327
10426 10360 10327
10361 10427 10440
10361 10440 10362
10363 10362 10440
10363 10440 10425
10426 10361 10360
10283 10285 10264
10266 10264 10285
10260 10262 10266
10418 10388 10387
10361 10362 10359
10361 10359 10358
10291 10324 10290
10282 10289 10433
10282 10433 10441
10320 10328 10313
10442 10257 10443
10444 10408 10445
10258 10442 10446
10258 10446 10277
10447 10280 10310
10448 10449 10305
10448 10305 10421
10450 10321 10318
10450 10318 10451
10449 10306 10305
10452 10453 10309
10454 10409 10408
10454 10408 10444
10310 10309 10447
10257 10280 10443
10455 10317 10409
10455 10409 10454
10448 10421 10321
10448 10321 10450
10451 10318 10317
10451 10317 10455
10456 10280 10447
10258 10257 10442
10443 10280 10456
10309 10306 10452
10449 10452 10306
10309 10453 10447
10436 10282 10441
10436 10441 10457
10436 10457 10437
10438 10284 10437
10457 10439 10437
10458 10459 10460
10461 10462 10463
10459 10464 10460
10464 10461 10465
10461 10466 10462
10467 10468 10469
10468 10470 10471
10468 10471 10463
10472 10467 10473
10474 10473 10475
10476 10475 10473
10475 10477 10478
10475 10478 10474
10479 10480 10476
10476 10467 10479
10481 10475 10482
10477 10475 10481
10477 10481 10483
10474 10484 10473
10473 10484 10485
10473 10485 10472
10467 10469 10486
10466 10459 10458
10469 10468 10487
10470 10468 10472
10470 10472 10485
10459 10466 10461
10473 10467 10476
10482 10480 10488
10482 10488 10489
10475 10476 10482
10490 10468 10463
10462 10490 10463
10487 10468 10490
10472 10468 10467
10491 10461 10463
10491 10463 10471
10476 10480 10482
10464 10459 10461
10479 10467 10486
10465 10461 10491
10474 10478 10492
10474 10492 10493
10494 10465 10491
10494 10491 10495
10484 10496 10497
10484 10497 10485
10493 10496 10484
10498 10471 10470
10498 10470 10499
10485 10497 10499
10485 10499 10470
10495 10491 10471
10495 10471 10498
10493 10484 10474
10481 10482 10489
10500 10460 10464
10500 10464 10501
10500 10501 10502
10501 10503 10502
10504 10501 10464
10494 10504 10465
10504 10464 10465
10505 10506 10507
10508 10509 10510
10507 10506 10511
10511 10512 10508
10508 10510 10513
10514 10515 10516
10516 10509 10517
10516 10517 10518
10519 10520 10514
10521 10522 10520
10523 10520 10522
10522 10521 10524
10522 10524 10525
10526 10523 10527
10523 10526 10514
10528 10529 10522
10528 10522 10525
10528 10525 10530
10521 10520 10531
10520 10519 10532
10520 10532 10531
10514 10533 10515
10513 10505 10507
10515 10534 10516
10518 10532 10519
10518 10519 10516
10507 10508 10513
10520 10523 10514
10529 10535 10536
10529 10536 10527
10522 10529 10523
10537 10509 10516
10510 10509 10537
10534 10537 10516
10519 10514 10516
10538 10517 10509
10538 10509 10508
10523 10529 10527
10511 10508 10507
10526 10533 10514
10512 10538 10508
10524 10521 10539
10524 10539 10540
10541 10542 10538
10541 10538 10512
10531 10532 10543
10531 10543 10544
10539 10531 10544
10545 10546 10518
10545 10518 10517
10532 10518 10546
10532 10546 10543
10542 10547 10538
10539 10521 10531
10528 10535 10529
10548 10511 10506
10548 10549 10550
10548 10550 10511
10550 10549 10551
10552 10511 10550
10541 10512 10552
10552 10512 10511
10517 10547 10545
10538 10547 10517
9313 9321 10553
10553 9321 9320
10553 9320 10554
10554 9320 9327
10554 9327 10555
10556 9476 9475
10556 9475 10557
9279 9292 9291
9279 9291 9280
9283 9293 9292
9283 9292 9279
9430 9446 9445
9430 9445 9431
9595 9293 9276
9276 9293 9283
9431 9445 9448
9431 9448 9434
9448 9598 9427
9448 9427 9434
9304 9303 9307
9304 9311 9305
9303 10558 9486
9303 9486 9308
10558 9462 9465
10558 9465 9486
9578 9306 9305
9578 9305 10559
9306 9580 10558
9306 10558 9303
9305 9311 10559
9310 9304 9341
9580 9462 10558
9475 9468 10557
9470 9471 9477
9470 9477 9474
9324 9328 9322
9324 9322 9325
9322 9315 9314
9322 9314 9325
9313 9315 9321
9312 9315 9313
9471 9469 9468
9471 9468 9475
9304 9307 9341
9307 9303 9308
10382 10381 10413
10382 10413 10401
10382 10372 10370
10382 10370 10374
10415 10414 10560
10415 10560 10561
10384 10412 10415
10384 10415 10561
10381 10380 10379
10381 10379 10413
10414 10423 10560
10378 10380 10376
10405 10423 10378
10376 10380 10375
10378 10423 10379
10371 10372 10402
10372 10368 10370
10371 10412 10383
10383 10412 10384
10393 10403 10394
10387 10416 10418
10375 10353 10376
10342 10370 10368
10186 10562 10563
10186 10563 10183
10564 10208 10207
10564 10207 10565
10212 10209 10566
10567 10186 10219
10210 10179 10178
10210 10178 10198
10167 10170 10178
10167 10178 10171
10211 10177 10179
10211 10179 10210
10175 10177 10211
10175 10211 10201
10177 10174 10173
10173 10148 10147
10168 10207 10169
10207 10180 10182
10199 10188 10191
10168 10170 10166
10166 10170 10167
10167 10139 10166
7557 7552 7559
7522 7559 7552
10568 10569 7418
10568 7418 7393
7524 7523 7556
7554 7523 7552
7565 7564 7582
7565 7582 7581
7586 10570 7591
10571 7600 10572
10571 10572 7596
7552 7523 7522
7522 7524 7566
7535 10573 7511
7436 7403 7437
7436 7435 7438
7466 7444 7445
7466 7445 7467
10574 7472 7469
10574 7469 7468
10575 10574 7484
10575 7484 10576
7435 7374 7364
7362 7365 10577
7463 7375 7374
7438 7363 7439
7436 7438 7404
7432 7431 7442
7432 7442 7441
7550 7560 7563
7550 7563 7551
7519 7530 10578
7535 7510 7528
7535 7530 10573
7530 7558 7604
7530 7604 10573
7404 7439 7409
7404 7403 7436
7416 7410 7453
7409 7410 7605
7410 7416 7415
7605 7410 7415
10579 10580 10581
7598 7601 10582
10583 10584 10585
10586 10587 10588
7513 10589 10590
7513 10590 10591
10590 10592 10591
10591 10592 7553
10591 7553 7557
7553 10592 10593
7553 10593 10594
10593 10595 10594
10595 7584 7555
10596 10597 10598
10596 10598 10599
10600 10601 10602
10600 10602 10603
10604 10605 10606
10604 10606 10607
10594 10595 7555
10594 7555 7554
10596 10599 10604
10596 10604 10607
10608 10609 10606
10608 10606 10605
7463 7374 7434
7434 7374 7435
10610 10611 10612
10610 10612 10613
10613 10612 10614
10613 10614 10615
10616 10617 10618
10616 10618 10619
10620 10621 10622
10620 10622 10623
10610 10623 10622
10610 10622 10611
10569 10624 7418
7418 10624 7394
10625 10626 10627
10626 10618 10627
10627 10618 10617
7474 10628 10629
10630 10631 10632
10630 10632 10633
10630 10633 10634
10630 10634 10635
10636 10637 10638
10636 10638 10639
10640 10637 10636
10640 10636 10641
10640 10641 10632
10640 10632 10631
10642 10643 10644
10642 10644 10645
10644 10646 10647
10644 10647 10645
10648 10649 10650
10651 10652 10653
10651 10653 10654
10651 10643 10642
10651 10642 10652
10655 10656 10657
10655 10657 10658
10659 10660 10661
10659 10661 10662
10663 10664 10665
10663 10665 10666
10664 10661 10660
10664 10660 10665
10663 10666 10667
10663 10667 10668
10667 10669 10670
10667 10670 10668
10671 10672 10673
10671 10673 10674
10675 10676 10677
10678 10679 10680
10678 10680 10681
10679 10682 10683
10679 10683 10680
10682 10674 10673
10682 10673 10683
10684 10685 10686
10684 10686 10687
10688 10689 10690
10688 10690 10691
10692 10693 10694
10692 10694 10695
10691 10690 10693
10691 10693 10692
10694 10696 10697
10694 10697 10695
10697 10696 10698
10697 10698 10699
10700 10701 10702
10700 10702 10703
10704 10705 10706
10704 10706 10707
10707 10706 10708
10707 10708 10709
10709 10708 10710
10709 10710 10711
10711 10710 10702
10711 10702 10701
10712 10713 10714
10712 10715 10713
10712 10716 10715
10712 10717 10716
10712 10718 10717
10712 10719 10718
10712 10720 10719
10712 10721 10720
10712 10722 10721
10712 10723 10722
10712 10724 10723
10712 10714 10724
10714 10713 10725
10714 10725 10726
10713 10715 10727
10713 10727 10725
10715 10716 10728
10715 10728 10727
10716 10717 10729
10716 10729 10728
10717 10718 10730
10717 10730 10729
10718 10719 10731
10718 10731 10730
10719 10720 10732
10719 10732 10731
10720 10721 10733
10720 10733 10732
10721 10722 10734
10721 10734 10733
10722 10723 10735
10722 10735 10734
10723 10724 10736
10723 10736 10735
10724 10714 10726
10724 10726 10736
10726 10725 10737
10726 10737 10738
10725 10727 10739
10725 10739 10737
10727 10728 10740
10727 10740 10739
10728 10729 10741
10728 10741 10740
10729 10730 10742
10729 10742 10741
10730 10731 10743
10730 10743 10742
10731 10732 10744
10731 10744 10743
10732 10733 10745
10732 10745 10744
10733 10734 10746
10733 10746 10745
10734 10735 10747
10734 10747 10746
10735 10736 10748
10735 10748 10747
10736 10726 10738
10736 10738 10748
10749 10750 10751
10749 10752 10750
10749 10753 10752
10749 10754 10753
10749 10755 10754
10749 10756 10755
10749 10757 10756
10749 10758 10757
10749 10759 10758
10749 10760 10759
10749 10761 10760
10749 10751 10761
10762 10763 10764
10762 10764 10765
10763 10766 10767
10763 10767 10764
10766 10768 10769
10766 10769 10767
10753 10754 10770
10753 10770 10771
10754 10755 10772
10754 10772 10770
10755 10756 10773
10755 10773 10772
10756 10757 10774
10756 10774 10773
10757 10758 10775
10757 10775 10774
10758 10759 10776
10758 10776 10775
10759 10760 10777
10759 10777 10776
10760 10761 10778
10760 10778 10777
10779 10762 10765
10779 10765 10780
10765 10764 10781
10765 10781 10782
10764 10767 10783
10764 10783 10781
10767 10769 10784
10767 10784 10783
10769 10785 10786
10769 10786 10784
10785 10772 10787
10785 10787 10786
10772 10773 10788
10772 10788 10787
10773 10789 10790
10773 10790 10788
10789 10791 10792
10789 10792 10790
10791 10776 10793
10791 10793 10792
10776 10777 10794
10776 10794 10793
10777 10778 10795
10777 10795 10796
10780 10765 10782
10780 10782 10797
10798 10799 10800
10798 10800 10801
10798 10801 10802
10798 10802 10803
10798 10803 10804
10798 10804 10805
10798 10805 10806
10798 10806 10807
10798 10807 10808
10798 10808 10809
10798 10809 10810
10798 10810 10799
10799 10811 10812
10799 10812 10800
10800 10812 10813
10800 10813 10801
10801 10813 10814
10801 10814 10802
10802 10814 10815
10802 10815 10803
10803 10815 10816
10803 10816 10804
10804 10816 10817
10804 10817 10805
10805 10817 10818
10805 10818 10806
10806 10818 10819
10806 10819 10807
10807 10819 10820
10807 10820 10808
10808 10820 10821
10808 10821 10809
10809 10821 10822
10809 10822 10810
10810 10822 10811
10810 10811 10799
10811 10823 10824
10811 10824 10812
10812 10824 10825
10812 10825 10813
10813 10825 10826
10813 10826 10814
10814 10826 10827
10814 10827 10815
10815 10827 10828
10815 10828 10816
10816 10828 10829
10816 10829 10817
10817 10829 10830
10817 10830 10818
10818 10830 10831
10818 10831 10819
10819 10831 10832
10819 10832 10820
10820 10832 10833
10820 10833 10821
10821 10833 10834
10821 10834 10822
10822 10834 10823
10822 10823 10811
10835 10836 10837
10835 10837 10838
10835 10838 10839
10835 10839 10840
10835 10840 10841
10835 10841 10842
10835 10842 10843
10835 10843 10844
10835 10844 10845
10835 10845 10846
10835 10846 10847
10835 10847 10836
10848 10849 10850
10848 10850 10851
10851 10850 10852
10851 10852 10853
10853 10852 10854
10853 10854 10855
10839 10856 10857
10839 10857 10840
10840 10857 10858
10840 10858 10841
10841 10858 10859
10841 10859 10842
10842 10859 10860
10842 10860 10843
10843 10860 10861
10843 10861 10844
10844 10861 10862
10844 10862 10845
10845 10862 10863
10845 10863 10846
10846 10863 10864
10846 10864 10847
10865 10866 10849
10865 10849 10848
10849 10867 10868
10849 10868 10850
10850 10868 10869
10850 10869 10852
10852 10869 10870
10852 10870 10854
10854 10870 10871
10854 10871 10872
10872 10871 10873
10872 10873 10858
10858 10873 10874
10858 10874 10859
10859 10874 10875
10859 10875 10876
10876 10875 10877
10876 10877 10878
10878 10877 10879
10878 10879 10862
10862 10879 10880
10862 10880 10863
10863 10881 10882
10863 10882 10864
10866 10883 10867
10866 10867 10849
10884 10885 10886
10886 10887 10430
7007 7060 6998
10888 10889 10228
10228 10889 10226
6996 7173 7162
10887 10431 10430
10438 10428 10291
10224 10230 10124
10230 10088 10124
10890 10227 10226
7435 7364 7438
7554 7553 10594
7339 7606 7030
10891 10892 10893
10891 10893 10894
10895 10896 10897
10895 10897 10898
10899 10900 10892
10899 10892 10901
10901 10892 10891
10901 10891 10902
10903 10904 10897
10903 10897 10905
10906 10907 10908
10906 10908 10909
10910 10903 10911
10912 10913 10914
10915 10916 10917
10915 10917 10918
10916 10919 10920
10916 10920 10917
10921 10922 10923
10893 10892 10900
10893 10900 10924
10898 10897 10904
10898 10904 10925
10926 10927 10928
10926 10928 10929
10930 10931 10932
10930 10932 10933
10934 10935 10936
10937 10938 10928
10937 10928 10939
10940 10937 10939
10940 10939 10941
10929 10930 10942
10929 10942 10926
10916 10915 10943
10944 10945 10946
10944 10946 10947
10947 10946 10948
10947 10948 10949
10950 10951 10944
10950 10944 10952
10953 10954 10955
10953 10955 10956
10956 10957 10958
10956 10958 10953
10926 10942 10959
10936 10935 10960
10961 10927 10962
10960 10961 10962
10938 10963 10929
10938 10929 10928
10964 10965 10934
10964 10934 10966
10927 10961 10939
10927 10939 10928
10941 10939 10961
10941 10961 10935
10931 10930 10929
10931 10929 10963
10967 10942 10930
10967 10930 10933
10936 10968 10969
10952 10963 10938
10952 10938 10950
10970 10950 10938
10970 10938 10937
10971 10932 10931
10971 10931 10972
10973 10974 10965
10973 10965 10964
10975 10976 10957
10975 10957 10956
10931 10963 10952
10931 10952 10972
10964 10977 10978
10964 10978 10973
10979 10980 10913
10979 10913 10912
10966 10969 10977
10966 10977 10964
10936 10981 10968
10974 10973 10982
10974 10982 10983
10973 10978 10984
10953 10985 10986
10953 10986 10954
10945 10944 10951
10945 10951 10987
10988 10989 10982
10988 10982 10984
10990 10991 10986
10990 10986 10985
10992 10986 10991
10985 10953 10958
10985 10958 10922
10972 10947 10949
10972 10949 10971
10947 10972 10952
10947 10952 10944
10993 10994 10919
10992 10995 10994
10941 10934 10965
10941 10965 10940
10996 10997 10979
10996 10979 10958
10974 10998 10940
10974 10940 10965
10912 10922 10958
10912 10958 10979
10922 10921 10990
10922 10990 10985
10926 10959 10962
10999 10959 10942
10960 10935 10961
10962 11000 10960
10999 11000 10959
11001 10918 10917
11001 10917 11002
10920 11003 11002
10920 11002 10917
11004 11005 11006
11006 11007 11008
11006 11008 11009
11004 11002 11003
11002 11004 11001
11010 11011 11009
11004 11003 11005
11009 11008 11012
11012 11010 11009
11000 10962 10959
10960 11000 10981
10999 10942 10967
10926 10962 10927
10912 10914 10923
10941 10935 10934
11013 11014 10891
11013 10891 10894
11015 11016 11017
11015 11017 11018
11019 11020 11014
11019 11014 11021
11020 10902 10891
11020 10891 11014
11022 11023 11017
11022 11017 11024
11025 11023 11026
11025 11026 11027
11028 11029 11022
11030 10914 11031
11032 11033 11034
11032 11034 11035
11035 11034 10920
11035 10920 10919
10921 10923 11036
11013 11037 11021
11013 11021 11014
11016 11038 11024
11016 11024 11017
11039 11040 11041
11039 11041 11042
11043 11044 11045
11043 11045 11046
11047 11048 11049
11050 11051 11041
11050 11041 11052
11053 11054 11051
11053 11051 11050
11040 11039 11055
11040 11055 11045
11035 11056 11057
11058 11059 11060
11058 11060 11061
11061 11062 11063
11061 11063 11058
11060 11064 11065
11060 11065 11066
11067 11068 11069
11067 11069 11070
11071 11072 11068
11071 11068 11067
11039 11073 11055
11049 11074 11075
11076 11077 11042
11075 11077 11076
11052 11041 11040
11052 11040 11078
11079 11048 11047
11079 11047 11080
11042 11041 11051
11042 11051 11076
11054 11081 11076
11054 11076 11051
11040 11045 11044
11040 11044 11078
11082 11046 11045
11082 11045 11055
11049 11048 11083
11052 11078 11066
11052 11066 11065
11084 11050 11052
11084 11052 11065
11044 11043 11085
11044 11085 11086
11087 11088 11080
11087 11080 11089
11050 11084 11090
11050 11090 11053
11044 11086 11066
11044 11066 11078
11079 11087 11091
11079 11091 11092
11031 11093 11094
11031 11094 11030
11048 11079 11092
11048 11092 11083
11049 11095 11074
11089 11096 11097
11089 11097 11087
11087 11097 11098
11067 11070 11099
11067 11099 11100
11101 11102 11064
11101 11064 11060
11097 11026 11103
11097 11103 11098
10990 11100 11099
10990 11099 10991
11059 10995 10991
11071 11067 11100
11071 11100 11036
11062 11061 11086
11062 11086 11085
11061 11060 11066
11061 11066 11086
11056 11035 10919
11059 11056 10994
11054 11053 11080
11054 11080 11047
11104 11071 11094
11104 11094 11105
11089 11080 11053
11089 11053 11106
11071 11036 11030
11071 11030 11094
11036 11100 10990
11036 10990 10921
11039 11077 11073
11107 11055 11073
11075 11076 11081
11077 11075 11108
11107 11073 11108
11109 11110 11034
11109 11034 11033
10920 11034 11110
10920 11110 11003
11111 11112 11006
11006 11112 11113
11006 11113 11007
11111 11003 11110
11110 11109 11111
11114 11112 11115
11111 11005 11003
11112 11116 11113
11116 11112 11114
11108 11073 11077
11075 11074 11108
11107 11082 11055
11039 11042 11077
11030 10923 10914
11054 11047 11081
10923 10922 10912
11036 10923 11030
10992 10991 10995
11059 10991 11099
10992 10994 10993
11059 10994 10995
10993 10919 10916
11056 10919 10994
10916 10943 10993
11035 11057 11032
11004 11006 11009
11111 11006 11005
11009 11011 11004
11115 11112 11111
11111 11109 11115
11001 11004 11011
11117 10909 10908
11117 10908 11118
10989 10905 11025
10989 11025 11027
11119 10978 10977
11119 10977 11120
10984 10978 11121
10988 10984 11121
10988 11121 10911
11092 11091 11122
11092 11122 11123
11091 11098 11124
11124 11098 11103
11124 11103 11029
10988 10905 10989
11023 11103 11026
10910 10911 11121
10910 11121 11125
11124 11029 11028
11124 11028 11126
11091 11124 11122
11122 11127 11126
11128 11119 11125
11121 10978 11119
11023 11029 11103
11022 11029 11023
10911 10905 10988
10911 10903 10905
11087 11098 11091
10973 10984 10982
11129 10969 10968
11129 10968 11130
11095 11083 11131
11095 11131 11132
10977 10969 11129
10977 11129 11120
11131 11083 11092
11131 11092 11123
10968 10981 11130
11074 11095 11132
10936 10960 10981
11049 11075 11081
11047 11049 11081
10934 10936 10966
10936 10969 10966
11049 11083 11095
7656 7652 7663
10176 10200 10213
11133 11134 10221
10200 10201 10212
10213 10200 10214
7639 7638 7637
7639 7637 7644
11135 7637 7638
7353 7222 7644
7353 7644 7666
7644 7637 7636
7644 7636 7666
7219 7222 7353
7635 7637 11135
11136 10200 10212
10222 11134 10219
11134 10567 10219
10222 10219 10218
10222 10221 11134
7636 7665 7642
7636 7642 7666
7665 7682 7643
7665 7643 7642
11135 7638 11137
7050 7044 7043
7045 7047 7040
10653 10649 10648
10653 10648 10654
10620 10616 10619
10620 10619 10621
10577 10568 7393
10577 7393 7362
7391 7393 7418
11138 10584 10629
10602 10601 10609
10602 10609 10608
10589 7513 7498
10589 7498 7497
7514 7513 11139
10588 10587 11140
10638 11141 10639
11142 11143 11144
10575 7486 11145
10575 11145 7473
7481 7486 10575
7481 10575 10576
7479 7481 11146
10629 10628 11138
11147 11148 11149
11150 11151 11152
11150 11152 11153
11154 11155 11156
11157 11158 11159
11160 11161 11162
11160 11162 11163
11164 11165 11166
11164 11166 11167
11168 11169 11170
11168 11170 11171
11172 11173 11174
11175 11162 11176
11175 11176 11165
11177 11178 11179
11177 11179 11180
11181 11182 11183
11181 11183 11184
11170 11169 11185
11170 11185 11186
11187 11188 11189
11190 11191 11192
11190 11192 11193
11194 11195 11196
11194 11196 11197
11198 11199 11200
11198 11200 11201
11202 11203 11204
11202 11204 11205
11201 11200 11195
11201 11195 11194
11147 11149 11206
11147 11206 11207
11208 11209 11210
11208 11210 11211
11212 11213 11214
11212 11214 11215
11216 11217 11218
11216 11218 11219
11220 11221 11222
11223 11220 11222
11223 11222 11224
11225 11226 11227
11225 11227 11228
11229 11225 11228
11229 11228 11230
11173 11231 11181
11173 11181 11174
11231 11166 11182
11231 11182 11181
11232 11233 11203
11232 11203 11202
11234 11209 11235
11236 11167 11166
11236 11166 11231
11182 11166 11165
11182 11165 11176
11237 11183 11182
11237 11182 11176
11238 11239 11240
11236 11231 11173
11236 11173 11241
11242 11243 11244
11174 11242 11245
11246 11192 11191
11246 11191 11247
11168 11160 11163
11168 11163 11169
11248 11163 11162
11248 11162 11175
11249 11250 11217
11249 11217 11216
11251 11252 11253
11251 11253 11254
11157 11255 11256
11157 11256 11158
11257 11258 11190
11257 11190 11193
11259 11260 11261
11259 11261 11262
11190 11258 11263
11190 11263 11264
11158 11256 11259
11158 11259 11262
11265 11246 11247
11265 11247 11266
11255 11267 11268
11255 11268 11256
11232 11202 11258
11232 11258 11257
11199 11198 11260
11199 11260 11259
11258 11202 11205
11258 11205 11263
11268 11199 11256
11269 11270 11271
11207 11272 11273
11207 11273 11147
11274 11275 11276
11277 11278 11279
11277 11280 11281
11282 11283 11284
11285 11286 11195
11188 11239 11287
11268 11285 11200
11285 11268 11267
11285 11267 11288
11239 11188 11187
11245 11239 11286
11285 11195 11200
11289 11204 11203
11289 11203 11172
11288 11290 11286
11288 11286 11285
11197 11196 11187
11197 11187 11291
11292 11247 11191
11292 11191 11293
11205 11204 11288
11205 11288 11267
11238 11240 11294
11295 11296 11297
11295 11297 11298
11299 11266 11292
11157 11159 11293
11263 11255 11157
11263 11157 11264
11205 11267 11255
11205 11255 11263
11289 11290 11288
11289 11288 11204
11300 11301 11302
11303 11304 11301
11303 11301 11300
11305 11306 11307
11305 11307 11308
11309 11310 11311
11309 11311 11312
11313 11314 11315
11313 11315 11316
11313 11317 11318
11313 11318 11319
11320 11321 11318
11320 11318 11317
11321 11320 11322
11302 11323 11324
11325 11326 11327
11328 11329 11326
11328 11326 11330
11331 11332 11329
11331 11329 11328
11331 11333 11334
11331 11334 11332
11335 11336 11334
11335 11334 11333
11337 11336 11335
11337 11338 11336
11339 11340 11341
11342 11343 11338
11344 11323 11345
11346 11347 11348
11349 11347 11350
11348 11347 11349
11351 11320 11347
11341 11340 11352
11353 11354 11355
11161 11237 11176
11161 11176 11162
11356 11357 11358
11356 11358 11359
11360 11361 11153
11360 11153 11152
11150 11362 11363
11150 11363 11151
11355 11354 11361
11355 11361 11360
11362 11364 11356
11362 11356 11363
11171 11148 11365
11366 11367 11368
11366 11368 11369
11148 11370 11283
11271 11371 11261
11371 11159 11262
11269 11265 11266
11269 11266 11270
11266 11299 11270
11299 11159 11371
11284 11370 11372
11284 11372 11373
11184 11353 11243
11374 11375 11154
11376 11377 11378
11376 11378 11379
11380 11381 11382
11380 11382 11383
11370 11278 11372
11384 11209 11208
11385 11373 11386
11347 11387 11350
11210 11209 11234
11387 11347 11388
11374 11156 11389
11390 11391 11392
11390 11392 11393
11186 11206 11149
11186 11149 11170
11394 11395 11396
11394 11396 11397
11398 11212 11215
11398 11215 11230
11399 11400 11401
11290 11289 11245
11181 11242 11174
11184 11242 11181
11402 11243 11353
11403 11239 11244
11244 11243 11403
11375 11404 11405
11184 11243 11242
11239 11187 11196
11299 11292 11293
11299 11293 11159
11292 11266 11247
11264 11293 11191
11264 11191 11190
11157 11293 11264
11173 11172 11406
11173 11406 11241
11172 11203 11233
11172 11233 11406
11242 11244 11245
11403 11243 11402
11244 11239 11245
11402 11240 11403
11374 11407 11404
11240 11239 11403
11345 11323 11408
11238 11287 11239
11409 11410 11155
11297 11296 11411
11412 11413 11296
11412 11296 11295
11187 11189 11291
11414 11415 11416
11195 11286 11196
11268 11200 11199
11245 11289 11174
11256 11199 11259
11417 11340 11339
11342 11338 11337
11330 11326 11325
11325 11327 11418
11172 11174 11289
11281 11419 11277
11420 11421 11422
11422 11421 11423
11424 11425 11420
11425 11426 11427
11428 11429 11430
11431 11432 11433
11434 11431 11433
11434 11433 11435
11426 11425 11424
11426 11424 11436
11437 11427 11438
11439 11440 11441
11442 11439 11443
11444 11445 11446
11447 11448 11446
11447 11449 11450
11447 11450 11451
11452 11453 11454
11452 11454 11455
11456 11452 11455
11456 11455 11457
11458 11459 11460
11458 11460 11461
11459 11456 11457
11459 11457 11460
11462 11458 11461
11462 11461 11463
11436 11424 11464
11436 11464 11465
11440 11466 11467
11449 11454 11453
11449 11453 11450
11468 11429 11469
11470 11464 11471
11472 11471 11464
11472 11464 11423
11473 11423 11474
11473 11474 11475
11476 11425 11437
11477 11437 11478
11479 11480 11481
11468 11469 11478
11470 11471 11434
11482 11483 11484
11482 11484 11485
11486 11487 11488
11489 11490 11491
11489 11491 11492
11485 11493 11494
11485 11494 11482
11490 11477 11495
11490 11495 11491
11496 11497 11498
11496 11498 11499
11478 11469 11500
11478 11500 11501
11434 11471 11502
11434 11502 11503
11493 11504 11505
11493 11505 11494
11506 11507 11508
11477 11478 11501
11477 11501 11495
11509 11510 11511
11512 11513 11514
11515 11516 11347
11512 11517 11513
11517 11518 11513
11519 11520 11513
11513 11521 11522
11523 11524 11525
11523 11525 11526
11527 11528 11525
11527 11525 11524
11489 11529 11530
11424 11422 11423
11471 11497 11496
11471 11496 11502
11530 11420 11425
11531 11532 11530
11490 11530 11476
11477 11476 11437
11507 11484 11533
11534 11428 11535
11448 11444 11446
11536 11479 11481
11500 11469 11428
11500 11428 11534
11536 11428 11430
11445 11442 11443
11489 11530 11490
11529 11537 11530
11533 11484 11483
11428 11538 11535
11508 11507 11533
11537 11531 11530
11490 11476 11477
11539 11540 11541
11542 11539 11541
11543 11542 11541
11544 11543 11541
11545 11546 11541
11547 11545 11541
11548 11547 11541
11549 11550 11541
11550 11548 11541
11540 11551 11541
11551 11549 11541
11546 11544 11541
11552 11553 11554
11552 11554 11555
11556 11557 11553
11556 11553 11552
11558 11559 11557
11558 11557 11556
11560 11561 11562
11560 11562 11563
11564 11561 11560
11564 11560 11565
11566 11564 11565
11566 11565 11567
11568 11566 11567
11568 11567 11569
11570 11568 11569
11570 11569 11571
11572 11570 11571
11572 11571 11573
11574 11572 11573
11574 11573 11575
11576 11574 11575
11576 11575 11577
11555 11554 11576
11555 11576 11577
11516 11578 11347
11579 11468 11478
11469 11429 11428
11580 11428 11536
11580 11536 11481
11347 11578 11388
11421 11474 11423
11465 11464 11470
11435 11470 11434
11446 11445 11443
11443 11439 11441
11441 11440 11467
11466 11462 11463
11466 11463 11467
11579 11478 11438
11478 11437 11438
11437 11425 11427
11432 11480 11479
11480 11432 11431
11451 11448 11447
11476 11530 11425
11422 11424 11420
11464 11424 11423
11581 11582 11513
11519 11513 11522
11583 11521 11513
11277 11419 11278
11420 11532 11421
11530 11532 11420
11373 11276 11584
11373 11584 11386
11276 11585 11584
11513 11586 11583
11302 11301 11323
11324 11323 11344
11513 11587 11586
11148 11147 11273
11351 11347 11588
11347 11346 11588
11322 11320 11351
11299 11371 11270
11353 11355 11405
11405 11404 11353
11154 11156 11374
11155 11410 11156
11297 11411 11589
11239 11196 11286
11245 11286 11290
11262 11159 11158
11271 11270 11371
11261 11371 11262
11148 11273 11279
11230 11215 11590
11230 11590 11229
11235 11214 11591
11592 11215 11214
11592 11214 11593
11234 11235 11591
11228 11227 11594
11228 11594 11595
11596 11597 11598
11596 11598 11599
11600 11601 11419
11224 11222 11602
11224 11602 11603
11224 11227 11226
11224 11226 11223
11222 11221 11604
11222 11604 11602
11605 11400 11399
11272 11279 11273
11372 11278 11419
11591 11214 11213
11486 11531 11537
11374 11404 11375
11365 11148 11283
11284 11373 11385
11148 11279 11370
11370 11279 11278
11149 11171 11170
11149 11148 11171
11284 11283 11370
11606 11607 11608
11607 11609 11608
11607 11610 11609
11611 11612 11613
11606 11614 11615
11606 11615 11607
11615 11616 11607
11617 11618 11619
11620 11615 11614
11620 11614 11621
11622 11623 11624
11622 11624 11625
11626 11618 11617
11627 11628 11629
11611 11630 11612
11516 11515 11621
11515 11620 11621
11631 11632 11633
11518 11517 11627
11517 11512 11628
11634 11635 11636
11627 11517 11628
11637 11638 11639
11640 11641 11642
11640 11642 11643
11644 11645 11646
11647 11648 11649
11650 11651 11652
11650 11652 11653
11654 11655 11656
11654 11656 11657
11658 11659 11660
11658 11660 11661
11662 11663 11664
11665 11650 11666
11665 11666 11657
11667 11668 11669
11667 11669 11670
11671 11672 11673
11671 11673 11674
11660 11675 11676
11660 11676 11661
11677 11678 11679
11680 11681 11682
11680 11682 11683
11684 11685 11686
11684 11686 11687
11688 11689 11690
11688 11690 11691
11692 11693 11694
11692 11694 11695
11685 11688 11691
11685 11691 11686
11637 11696 11697
11637 11697 11638
11698 11699 11700
11698 11700 11701
11702 11703 11704
11702 11704 11705
11706 11707 11708
11706 11708 11709
11710 11711 11712
11713 11714 11711
11713 11711 11710
11715 11716 11717
11715 11717 11718
11719 11720 11716
11719 11716 11715
11664 11663 11671
11664 11671 11721
11721 11671 11674
11721 11674 11656
11695 11722 11723
11695 11723 11692
11724 11725 11701
11656 11655 11726
11656 11726 11721
11674 11665 11657
11674 11657 11656
11674 11673 11727
11674 11727 11665
11728 11729 11730
11726 11731 11664
11726 11664 11721
11732 11733 11734
11663 11735 11732
11683 11682 11736
11683 11736 11737
11653 11652 11658
11653 11658 11661
11738 11666 11650
11738 11650 11653
11739 11708 11707
11739 11707 11740
11741 11742 11743
11741 11743 11744
11745 11746 11647
11745 11647 11649
11747 11681 11680
11747 11680 11748
11749 11750 11751
11749 11751 11752
11753 11748 11680
11753 11680 11754
11749 11745 11649
11749 11649 11750
11737 11736 11755
11737 11755 11756
11757 11758 11746
11757 11746 11745
11723 11747 11748
11723 11748 11692
11689 11749 11752
11689 11752 11690
11693 11692 11748
11693 11748 11753
11757 11745 11689
11759 11760 11761
11762 11763 11696
11762 11696 11637
11764 11765 11766
11767 11768 11769
11770 11771 11772
11773 11774 11775
11776 11685 11777
11679 11778 11730
11757 11688 11776
11776 11779 11758
11776 11758 11757
11730 11677 11679
11735 11777 11730
11776 11688 11685
11695 11694 11780
11695 11780 11662
11777 11781 11779
11777 11779 11776
11687 11782 11677
11687 11677 11684
11683 11737 11783
11683 11783 11784
11693 11758 11779
11693 11779 11694
11728 11785 11729
11786 11787 11788
11786 11788 11789
11790 11783 11756
11647 11784 11648
11647 11746 11753
11647 11753 11754
11746 11758 11693
11746 11693 11753
11779 11781 11780
11779 11780 11694
11791 11792 11793
11794 11791 11793
11794 11793 11795
11796 11797 11798
11796 11798 11799
11800 11801 11802
11800 11802 11803
11804 11805 11806
11804 11806 11807
11808 11809 11804
11808 11804 11807
11810 11809 11808
11810 11808 11811
11811 11812 11810
11792 11813 11814
11815 11816 11817
11818 11819 11817
11818 11817 11820
11821 11818 11820
11821 11820 11822
11823 11824 11821
11823 11821 11822
11825 11824 11823
11825 11823 11826
11827 11825 11826
11827 11826 11828
11829 11830 11831
11832 11828 11833
11834 11835 11814
11836 11837 11838
11839 11840 11838
11837 11839 11838
11841 11838 11810
11830 11842 11831
11843 11844 11845
11651 11650 11665
11651 11665 11727
11846 11847 11848
11846 11848 11849
11643 11850 11851
11643 11851 11640
11642 11641 11852
11642 11852 11853
11850 11845 11844
11850 11844 11851
11853 11852 11848
11853 11848 11854
11659 11855 11639
11856 11857 11858
11856 11858 11859
11639 11775 11860
11760 11751 11861
11861 11750 11648
11756 11755 11759
11756 11759 11761
11756 11761 11790
11790 11861 11648
11774 11862 11863
11774 11863 11860
11672 11734 11864
11865 11644 11866
11867 11868 11869
11867 11869 11870
11871 11872 11873
11871 11873 11874
11860 11863 11769
11875 11698 11701
11876 11877 11862
11838 11840 11878
11700 11724 11701
11878 11879 11838
11865 11880 11645
11881 11882 11883
11881 11883 11884
11638 11697 11675
11638 11675 11660
11885 11886 11887
11885 11887 11888
11705 11704 11889
11705 11889 11720
11890 11891 11892
11781 11735 11780
11671 11663 11732
11672 11671 11732
11893 11864 11734
11894 11733 11730
11733 11894 11734
11866 11895 11896
11672 11732 11734
11730 11684 11677
11784 11783 11790
11784 11790 11648
11783 11737 11756
11754 11680 11683
11754 11683 11784
11647 11754 11784
11664 11731 11897
11664 11897 11662
11662 11897 11722
11662 11722 11695
11732 11735 11733
11894 11893 11734
11733 11735 11730
11893 11894 11729
11865 11896 11898
11729 11894 11730
11835 11899 11814
11728 11730 11778
11900 11646 11901
11788 11900 11789
11789 11902 11903
11789 11903 11786
11677 11782 11678
11782 11904 11905
11685 11684 11777
11757 11689 11688
11735 11663 11780
11745 11749 11689
11906 11829 11831
11832 11827 11828
11819 11815 11817
11815 11907 11816
11662 11780 11663
11771 11770 11908
11909 11910 11911
11910 11912 11911
11913 11909 11914
11914 11915 11916
11917 11918 11919
11920 11921 11922
11923 11924 11921
11923 11921 11920
11916 11925 11913
11916 11913 11914
11926 11927 11915
11928 11929 11930
11931 11932 11928
11933 11934 11935
11936 11934 11937
11936 11938 11939
11936 11939 11940
11941 11942 11943
11941 11943 11944
11945 11946 11942
11945 11942 11941
11947 11948 11949
11947 11949 11950
11950 11949 11946
11950 11946 11945
11951 11952 11948
11951 11948 11947
11925 11953 11954
11925 11954 11913
11930 11955 11956
11940 11939 11944
11940 11944 11943
11957 11958 11919
11959 11960 11954
11961 11912 11954
11961 11954 11960
11962 11912 11961
11962 11961 11963
11964 11926 11914
11965 11966 11926
11967 11968 11969
11957 11966 11958
11959 11923 11960
11970 11971 11972
11970 11972 11973
11974 11975 11976
11977 11978 11979
11977 11979 11980
11971 11970 11981
11971 11981 11982
11980 11979 11983
11980 11983 11965
11984 11985 11986
11984 11986 11987
11966 11988 11989
11966 11989 11958
11923 11990 11991
11923 11991 11960
11982 11981 11992
11982 11992 11993
11994 11995 11996
11965 11983 11988
11965 11988 11966
11997 11998 11999
12000 11999 12001
12002 11838 12003
12000 12001 12004
12004 12001 12005
12006 12001 12007
12001 12008 12009
12010 12011 12012
12010 12012 12013
12014 12013 12012
12014 12012 12015
11977 12016 12017
11913 11912 11910
11960 11991 11984
11960 11984 11987
12016 11914 11909
12018 12016 12019
11980 11964 12016
11965 11926 11964
11996 12020 11972
12021 12022 11917
11937 11934 11933
12023 11968 11967
11989 12021 11917
11989 11917 11958
12023 11918 11917
11935 11932 11931
11977 11980 12016
12017 12016 12024
12020 11973 11972
11917 12022 12025
11995 12020 11996
12024 12016 12018
11980 11965 11964
12026 12027 12028
12029 12027 12026
12030 12027 12029
12031 12027 12030
12032 12027 12033
12034 12027 12032
12035 12027 12034
12036 12027 12037
12037 12027 12035
12028 12027 12038
12038 12027 12036
12033 12027 12031
12039 12040 12041
12039 12041 12042
12043 12039 12042
12043 12042 12044
12045 12043 12044
12045 12044 12046
12047 12048 12049
12047 12049 12050
12051 12052 12047
12051 12047 12050
12053 12054 12052
12053 12052 12051
12055 12056 12054
12055 12054 12053
12057 12058 12056
12057 12056 12055
12059 12060 12058
12059 12058 12057
12061 12062 12060
12061 12060 12059
12063 12064 12062
12063 12062 12061
12040 12064 12063
12040 12063 12041
12003 11838 12065
12066 11966 11957
11958 11917 11919
12067 12023 11917
12067 11968 12023
11838 11879 12065
11911 11912 11962
11953 11959 11954
11924 11923 11959
11934 11932 11935
11932 11929 11928
11929 11955 11930
11956 11955 11952
11956 11952 11951
12066 11927 11966
11966 11927 11926
11926 11915 11914
11922 11967 11969
11969 11920 11922
11938 11936 11937
11964 11914 12016
11910 11909 11913
11954 11912 11913
12068 12001 12069
12006 12008 12001
12070 12001 12009
11770 11769 11908
11909 11911 12019
12016 11909 12019
12071 11765 11862
12071 11862 11877
11765 12071 12072
12001 12070 12073
11792 11814 11793
11813 11834 11814
12001 12073 12074
11639 11762 11637
11841 12075 11838
11838 12075 11836
11812 11841 11810
11790 11761 11861
11843 11895 11844
11895 11843 11896
11644 11865 11645
11646 11645 11901
11788 12076 11900
11730 11777 11684
11735 11781 11777
11750 11649 11648
11760 11861 11761
11751 11750 11861
11639 11768 11762
11720 11719 12077
11720 12077 11705
11725 12078 11702
11702 11705 12079
11702 12079 12080
11724 12078 11725
11716 12081 12082
11716 12082 11717
12083 12084 12085
12083 12085 12086
12087 11908 12088
11714 12089 12090
11714 12090 11711
11714 11713 11718
11714 11718 11717
11711 12091 11712
11711 12090 12091
12092 11890 11892
11763 11762 11768
11863 11908 11769
12078 11703 11702
11974 12024 12018
11865 11866 11896
11855 11775 11639
11774 11876 11862
11639 11860 11768
11860 11769 11768
11638 11660 11659
11638 11659 11639
11774 11860 11775
12093 12094 12095
12095 12094 12096
12095 12096 12097
12098 12099 12100
12101 12102 12093
12101 12093 12095
12101 12095 12103
12104 12105 12106
12107 12108 12102
12107 12102 12101
12109 12110 12111
12109 12111 12112
12113 12104 12106
12114 12115 12116
12098 12100 12117
12003 12108 12002
12002 12108 12107
12118 12119 12120
12005 12114 12004
12004 12116 12000
12121 12122 12123
12114 12116 12004
10705 10704 12124
10681 10677 10676
10681 10676 10678
10584 12125 12126
11145 12127 11138
7473 11145 10628
7473 10628 7474
12125 12128 12126
11145 11138 10628
7473 7472 10574
7473 10574 10575
7469 7472 7471
7481 10576 11146
10576 7484 7483
10576 7483 11146
7482 7484 10574
7482 10574 7468
10587 12129 12130
12129 12131 12130
7588 7591 10570
7588 10570 12132
7586 7591 7590
7586 7590 7587
7589 10572 7600
7589 7600 7590
7599 7600 10571
12130 12131 12133
12134 12135 7588
12134 7588 12132
7589 7602 7597
7589 7597 10572
7598 7597 7601
10572 7597 7596
12136 12135 12137
7589 7588 12135
7589 12135 7602
12137 12135 12134
12138 12139 12140
12141 12142 12143
5911 5910 12144
5911 12144 12145
5927 5922 5921
5927 5921 5924
5940 5943 5950
5940 5950 5949
12146 5944 5947
12146 5947 12147
5963 5962 12148
5963 12148 12149
5979 5974 5973
5979 5973 5976
6001 5992 5995
6001 5995 6002
12150 5996 5999
12150 5999 12151
5907 5906 5913
5907 5913 5912
5915 5914 5909
5915 5909 5908
12152 5918 5917
12152 5917 12153
5919 5926 5925
5919 5925 5916
12154 5928 5931
12154 5931 12155
5932 5935 5954
5932 5954 5953
5948 5951 5930
5948 5930 5929
5945 5952 5955
5945 5955 5946
5959 5958 5965
5959 5965 5964
5967 5966 5961
5967 5961 5960
12156 5970 5969
12156 5969 12157
5971 5978 5977
5971 5977 5968
12158 5980 5983
12158 5983 12159
5984 5987 6006
5984 6006 6005
6000 6003 5982
6000 5982 5981
5997 6004 6007
5997 6007 5998
7392 7398 7363
12160 7401 7439
7393 7392 7362
7391 7398 7392
7439 7398 7397
7410 7400 7399
7391 7395 12161
7391 12161 7396
7399 7452 7451
7399 7401 12162
7439 7401 7409
7453 12163 7416
7453 7410 7399
7409 7401 7400
7408 7407 7450
7408 7450 7366
7408 7170 7169
7408 7169 7405
7132 7170 7133
7167 7170 7132
7407 12163 7451
7418 7395 7391
7390 7395 7418
12164 12165 12166
12167 12164 12168
7407 7451 7450
7453 7451 12163
7362 7392 7363
12169 12170 12171
7516 7518 7559
7529 12172 7558
11139 7513 10591
11139 10591 7557
7559 7518 7557
7518 7514 11139
7557 7518 11139
7363 7398 7439
7530 7529 7558
7519 7521 7529
7559 12172 12173
12174 7527 7526
12174 7526 7490
7303 7300 7526
7303 7526 7525
10578 7571 12175
7266 7300 7302
7302 7300 7303
10578 7530 7535
7558 12172 7559
12174 7571 7527
12176 12177 12178
12176 12178 12179
12180 12181 7570
12175 7571 12174
7512 7515 7499
7515 7498 7514
10578 12175 7519
7416 7388 7387
7406 12163 7407
7529 7521 12172
12182 12183 12184
7521 12173 12172
7535 7571 10578
7528 7571 7535
7568 7570 12185
12186 7570 12187
7416 12163 7406
12174 12188 12175
12188 7519 12175
12167 12189 12164
12189 12165 12190
