byte offset: 0
first index: 0
index count: 21237
topology: trianglelist
format: DXGI_FORMAT_R16_UINT

0 1 2
1 3 2
3 4 2
4 5 2
5 6 2
6 7 2
8 9 10
11 12 13
13 12 14
15 16 12
12 16 14
16 17 18
19 20 11
11 20 12
20 21 12
12 21 15
21 17 15
22 23 24
24 23 25
24 25 26
26 25 27
27 28 26
26 28 29
30 31 32
32 31 33
34 35 36
37 38 39
39 38 40
41 37 42
42 37 39
43 44 45
46 47 48
48 47 49
50 32 51
51 32 33
52 53 44
54 55 56
56 55 57
55 58 57
57 58 59
60 35 61
61 35 62
35 60 63
63 60 64
38 37 30
30 37 31
37 41 31
31 41 65
8 11 9
9 11 13
66 19 8
8 19 11
28 67 29
29 67 68
69 70 71
69 72 73
74 75 76
76 75 77
78 79 71
71 79 69
42 80 81
82 83 84
84 83 85
86 87 88
89 90 91
92 93 94
95 96 97
73 98 99
100 80 42
75 74 101
101 74 102
101 103 75
75 103 104
105 66 10
10 66 8
106 107 108
108 107 109
108 110 106
106 110 111
25 23 107
107 23 112
25 107 27
27 107 106
111 28 106
106 28 27
113 28 111
113 114 67
115 46 116
116 46 48
59 50 57
57 50 51
56 57 117
118 119 120
121 122 123
124 89 125
125 89 126
89 124 127
118 128 129
130 131 132
132 131 133
134 135 136
137 138 139
139 138 140
141 142 143
144 139 145
145 139 140
146 147 129
129 147 119
121 123 148
71 70 149
149 70 150
151 78 149
149 78 71
152 74 153
153 74 76
74 152 102
102 152 154
155 149 156
156 149 150
151 149 155
81 153 151
152 153 80
80 153 81
154 152 157
157 152 80
54 155 156
158 132 159
159 132 133
160 161 162
162 161 163
164 165 166
167 168 169
169 168 170
171 172 173
173 172 174
175 176 119
119 176 120
120 176 177
178 179 85
85 179 84
84 179 180
181 182 183
183 182 184
185 183 186
186 183 187
188 185 189
189 185 186
189 190 188
188 190 191
192 193 190
190 193 191
192 194 193
194 195 196
196 197 198
199 200 201
199 201 202
9 203 34
13 204 203
14 205 204
18 205 16
47 200 49
49 200 199
58 55 198
198 55 196
55 54 196
196 54 194
193 194 54
193 156 191
191 156 150
191 150 188
188 150 70
70 206 188
188 206 185
183 185 206
73 99 183
144 145 171
171 145 172
169 170 143
143 170 207
177 176 208
187 209 210
210 211 190
210 190 189
211 212 192
211 192 190
213 192 212
214 215 216
216 215 217
218 136 219
219 136 135
215 214 220
220 214 221
222 166 223
224 225 162
162 225 160
171 173 175
175 173 226
144 171 147
147 171 175
139 144 146
146 144 147
137 227 228
225 229 160
160 229 165
216 91 214
230 94 231
231 94 232
232 94 233
234 94 93
102 154 235
235 154 236
236 237 238
236 238 235
154 157 236
236 157 239
157 100 239
239 100 240
102 235 101
101 235 234
237 236 239
237 239 241
241 239 242
61 62 243
243 62 244
245 39 246
246 39 40
245 247 39
39 247 42
248 249 250
244 251 252
244 252 243
62 34 244
253 254 26
253 26 29
68 253 29
255 256 257
258 203 259
259 203 204
260 259 205
205 259 204
261 260 18
18 260 205
262 263 22
262 22 24
24 26 254
24 254 262
68 199 202
68 202 264
49 199 68
265 49 68
114 48 265
266 267 268
242 248 250
242 250 269
270 233 271
247 100 42
100 247 240
234 103 101
89 91 126
272 273 103
274 93 92
86 275 87
175 119 147
226 176 175
85 127 276
277 278 179
277 179 279
179 278 280
227 137 135
229 225 134
134 225 281
225 224 281
281 224 282
131 130 283
283 130 284
165 229 136
178 85 285
179 178 279
214 286 221
183 99 181
42 81 151
100 157 80
48 49 265
62 35 34
34 36 9
63 36 35
114 113 287
111 288 113
289 290 291
291 290 273
290 289 292
292 289 293
293 294 292
292 294 295
291 273 296
296 273 297
298 299 300
300 299 301
300 301 302
302 301 303
304 302 305
305 302 303
306 307 308
306 308 309
306 309 294
294 309 295
293 289 82
82 289 310
296 86 291
291 86 88
273 272 297
98 290 99
99 290 292
88 310 291
291 310 289
301 92 303
303 92 230
91 90 302
294 84 306
306 84 180
295 309 181
181 309 182
292 295 99
99 295 181
82 84 293
293 84 294
307 306 180
307 180 280
182 309 308
182 308 311
303 230 305
305 230 231
286 91 304
304 91 302
300 90 298
298 90 312
274 92 299
299 92 301
54 151 155
193 54 156
283 282 131
131 282 224
313 314 138
138 314 315
315 141 138
138 141 140
145 140 207
207 140 141
172 145 170
170 145 207
172 170 174
174 170 168
162 163 133
133 163 159
131 224 133
133 224 162
316 317 318
318 317 127
316 319 317
317 319 320
319 321 320
320 321 322
323 324 325
325 324 326
322 321 327
327 321 328
329 330 327
329 327 328
331 332 333
333 332 334
334 332 335
335 332 336
317 276 127
324 124 326
326 124 125
319 316 337
121 323 338
338 323 325
323 121 318
318 121 148
127 124 324
316 318 337
337 318 148
279 178 327
327 178 322
321 120 328
328 120 177
178 285 322
322 285 320
118 120 319
319 120 321
328 177 329
329 177 208
330 277 279
330 279 327
215 334 217
217 334 335
332 218 336
336 218 219
223 218 331
331 218 332
334 215 333
333 215 220
50 115 32
32 115 339
60 38 64
64 38 30
38 60 40
40 60 61
243 246 61
61 246 40
252 340 246
252 246 243
198 197 201
198 201 200
47 58 200
200 58 198
59 58 46
46 58 47
50 59 115
115 59 46
302 90 300
251 244 256
9 13 203
19 66 110
110 66 288
20 19 108
108 19 110
13 14 204
14 16 205
341 109 112
112 109 107
21 20 109
109 20 108
17 21 341
341 21 109
36 63 339
339 63 64
32 339 30
30 339 64
342 77 104
104 77 75
45 44 343
97 96 344
273 290 98
73 273 98
44 53 345
67 265 68
83 82 346
347 348 349
350 349 348
88 346 310
351 352 348
127 324 318
318 324 323
137 228 138
138 228 313
314 353 315
315 353 142
141 315 142
320 285 317
317 285 276
85 276 285
118 129 119
141 143 207
137 139 146
129 137 146
183 206 73
354 96 355
31 65 33
33 65 117
44 345 343
117 51 33
116 339 115
114 339 116
267 356 357
69 73 206
267 357 358
66 287 288
267 266 356
105 287 66
79 77 72
72 77 342
96 354 344
359 360 361
362 363 359
359 361 364
122 338 365
148 128 337
359 363 360
123 128 148
337 128 118
287 113 288
67 114 265
90 89 275
366 348 347
219 135 365
367 359 364
90 275 312
88 87 346
348 352 350
346 82 310
117 57 51
116 48 114
319 337 118
164 161 165
165 161 160
10 9 36
15 17 16
125 126 217
217 126 216
326 125 335
335 125 217
325 326 336
336 326 335
338 325 219
219 325 336
365 338 219
126 91 216
122 121 338
298 312 296
296 312 86
296 297 298
298 297 299
297 272 299
299 272 274
312 275 86
93 274 103
103 274 272
103 234 93
283 284 314
314 284 353
282 283 313
313 283 314
281 282 228
228 282 313
134 281 227
227 281 228
227 135 134
134 136 229
153 78 151
79 78 77
77 78 76
79 72 69
92 94 230
261 368 369
261 369 260
370 259 260
370 260 369
370 371 258
370 258 259
372 252 251
372 251 373
372 374 340
372 340 252
375 237 241
375 241 376
375 377 238
375 238 237
378 231 232
378 232 379
380 305 231
380 231 378
305 380 381
305 381 304
286 381 382
221 286 382
220 221 383
383 221 384
333 220 385
385 220 383
385 331 333
386 222 223
161 164 387
387 164 388
163 161 389
389 161 387
159 163 390
390 163 389
391 158 390
390 158 159
232 233 270
232 270 379
238 234 235
223 136 218
164 166 392
164 392 388
91 286 214
340 245 246
251 256 255
251 255 373
203 258 34
241 242 269
241 269 376
67 28 113
179 280 180
76 78 153
111 110 288
206 70 69
245 340 393
257 34 258
271 234 238
271 238 377
381 286 304
187 183 184
209 187 394
184 182 311
184 311 395
394 184 395
187 184 394
194 213 195
240 248 242
247 249 248
257 256 34
249 393 340
249 340 374
271 233 234
187 210 189
187 189 186
386 223 331
386 331 385
208 176 396
226 397 396
226 396 176
398 397 226
398 226 173
399 398 173
399 173 174
400 399 174
400 174 168
167 401 400
167 400 168
223 166 136
253 68 402
257 258 371
195 403 197
247 248 240
221 382 384
166 165 136
247 393 249
245 393 247
195 197 196
256 244 34
242 239 240
194 192 213
392 166 222
68 264 402
233 94 234
404 405 406
406 405 407
407 405 408
408 405 409
409 405 410
410 405 411
412 413 414
415 416 417
416 418 417
419 417 420
417 418 420
420 421 422
423 415 424
415 417 424
424 417 425
417 419 425
425 419 422
426 427 428
427 429 428
427 430 429
430 431 429
431 430 432
430 433 432
434 435 436
435 437 436
438 439 440
441 442 443
442 444 443
445 446 441
446 442 441
447 448 449
450 451 452
451 453 452
454 455 435
455 437 435
456 449 457
458 459 460
459 461 460
460 461 462
461 463 462
464 465 440
465 466 440
440 467 464
467 468 464
443 434 441
434 436 441
441 436 445
436 469 445
412 414 415
414 416 415
470 412 423
412 415 423
432 433 471
433 472 471
473 474 475
473 476 477
478 479 480
479 481 480
482 474 483
474 473 483
446 484 485
486 487 488
487 489 488
490 491 492
493 494 495
496 497 498
499 500 501
476 502 503
504 446 485
480 505 478
505 506 478
505 480 507
480 508 507
509 413 470
413 412 470
510 511 512
511 513 512
511 510 514
510 515 514
429 512 428
512 516 428
429 431 512
431 510 512
515 510 432
510 431 432
517 515 432
517 471 518
519 520 450
520 451 450
463 461 454
461 455 454
459 521 461
522 523 524
525 526 527
528 529 493
529 530 493
493 531 528
522 532 533
534 535 536
535 537 536
538 539 540
541 542 543
542 544 543
545 546 547
548 549 542
549 544 542
550 532 551
532 524 551
525 552 526
474 553 475
553 554 475
555 553 482
553 474 482
556 557 478
557 479 478
478 506 556
506 558 556
559 560 553
560 554 553
555 559 553
484 555 557
556 485 557
485 484 557
558 561 556
561 485 556
458 560 559
562 563 535
563 537 535
564 565 566
565 567 566
568 569 570
571 572 573
572 574 573
575 576 577
576 578 577
579 524 580
524 523 580
523 581 580
582 489 583
489 487 583
487 584 583
585 586 587
586 588 587
589 590 586
590 591 586
592 593 589
593 590 589
593 592 594
592 595 594
596 594 597
594 595 597
596 597 598
598 599 600
599 601 602
603 604 605
603 605 606
414 438 607
416 607 608
418 608 609
421 420 609
452 453 606
453 603 606
462 601 460
601 599 460
460 599 458
599 598 458
597 458 598
597 595 560
595 554 560
595 592 554
592 475 554
475 592 610
592 589 610
586 610 589
476 586 502
548 575 549
575 577 549
572 546 574
546 611 574
581 612 580
591 613 614
613 593 594
613 594 615
615 594 596
615 596 616
617 616 596
618 619 620
619 621 620
622 623 539
623 540 539
620 624 618
624 625 618
626 627 569
628 565 629
565 564 629
575 579 576
579 630 576
548 551 575
551 579 575
542 550 548
550 551 548
541 631 632
629 564 633
564 570 633
619 618 494
634 635 497
635 636 497
636 637 497
638 498 497
506 639 558
639 640 558
640 639 641
640 641 642
558 640 561
640 643 561
561 643 504
643 644 504
506 505 639
505 638 639
642 645 643
642 643 640
645 646 643
465 647 466
647 648 466
649 650 442
650 444 442
649 442 651
442 446 651
652 653 654
648 647 655
648 655 656
466 648 438
657 433 430
657 430 658
472 433 657
659 660 661
662 663 607
663 608 607
664 609 663
609 608 663
665 421 664
421 609 664
666 427 426
666 426 667
427 666 658
427 658 430
472 668 604
472 604 603
453 472 603
669 472 453
518 669 451
670 671 672
646 673 653
646 653 652
674 675 637
651 446 504
504 644 651
638 505 507
493 530 494
676 507 677
678 496 498
490 492 679
579 551 524
630 579 580
489 680 531
681 682 583
681 583 683
583 684 683
632 540 541
633 538 629
538 685 629
629 685 628
685 686 628
536 687 534
687 688 534
570 539 633
582 689 489
583 682 582
618 625 690
586 585 502
446 555 484
504 485 561
451 669 453
466 438 440
438 414 439
467 440 439
518 691 517
515 517 692
693 694 695
694 677 695
695 696 693
696 697 693
697 696 698
696 699 698
694 700 677
700 701 677
702 703 704
703 705 704
703 706 705
706 707 705
708 709 706
709 707 706
710 711 712
710 712 713
710 698 711
698 699 711
697 486 693
486 714 693
700 694 490
694 491 490
677 701 676
503 502 695
502 696 695
491 694 714
694 693 714
705 707 496
707 634 496
494 706 495
698 710 487
710 584 487
699 585 711
585 587 711
696 502 699
502 585 699
486 697 487
697 698 487
713 684 584
713 584 710
587 715 712
587 712 711
707 709 634
709 635 634
690 708 494
708 706 494
703 702 495
702 716 495
678 704 496
704 705 496
458 559 555
597 560 458
687 536 686
536 628 686
717 543 718
543 719 718
719 543 545
543 544 545
549 611 544
611 545 544
577 574 549
574 611 549
577 578 574
578 573 574
565 537 567
537 563 567
536 537 628
537 565 628
720 721 722
721 531 722
720 722 723
722 724 723
723 724 725
724 726 725
727 728 729
728 730 729
726 731 725
731 732 725
733 732 731
733 731 734
735 736 737
736 738 737
738 739 737
739 740 737
722 531 680
729 730 528
730 529 528
723 741 720
525 742 727
742 728 727
727 721 525
721 552 525
531 729 528
720 741 721
741 552 721
682 731 582
731 726 582
725 732 523
732 581 523
582 726 689
726 724 689
522 723 523
723 725 523
732 733 581
733 612 581
734 731 682
734 682 681
620 621 738
621 739 738
737 740 622
740 623 622
627 735 622
735 737 622
738 736 620
736 624 620
454 435 519
435 743 519
464 468 443
468 434 443
443 444 464
444 465 464
647 465 650
465 444 650
655 647 650
655 650 744
601 606 605
601 605 602
452 606 462
606 601 462
463 450 462
450 452 462
454 519 463
519 450 463
706 703 495
656 661 648
414 607 416
423 514 470
514 692 470
424 511 423
511 514 423
416 608 418
418 609 420
745 516 513
516 512 513
425 513 424
513 511 424
422 745 425
745 513 425
439 743 467
743 468 467
435 434 743
434 468 743
746 508 481
508 480 481
448 747 449
500 748 501
677 503 695
476 503 677
449 749 457
471 472 669
488 750 486
751 752 753
754 753 752
491 714 750
755 753 756
531 721 729
721 727 729
541 543 631
543 717 631
718 719 757
719 547 757
545 547 719
724 722 689
722 680 689
489 689 680
522 524 532
545 611 546
541 550 542
532 550 541
586 476 610
758 759 501
436 437 469
437 521 469
449 747 749
521 437 455
520 519 743
518 520 743
672 760 761
473 610 476
672 762 760
470 692 691
672 761 670
509 470 691
483 477 481
477 746 481
501 748 758
763 764 765
766 763 767
763 768 764
527 769 742
552 741 533
763 765 767
526 552 533
741 522 533
691 692 517
471 669 518
495 679 493
770 751 753
623 769 540
771 768 763
495 716 679
491 750 492
753 754 756
750 714 486
521 455 461
520 518 451
723 522 741
568 570 566
570 564 566
413 439 414
419 420 422
529 621 530
621 619 530
730 739 529
739 621 529
728 740 730
740 739 730
742 623 728
623 740 728
769 623 742
530 619 494
527 742 525
702 700 716
700 490 716
700 702 701
702 704 701
701 704 676
704 678 676
716 490 679
498 507 678
507 676 678
507 498 638
687 718 688
718 757 688
686 717 687
717 718 687
685 631 686
631 717 686
538 632 685
632 631 685
632 538 540
538 633 539
557 555 482
483 481 482
481 479 482
483 473 477
496 634 497
665 664 772
665 772 773
774 772 664
774 664 663
774 663 662
774 662 775
776 777 656
776 656 655
776 655 744
776 744 778
779 780 645
779 645 642
779 642 641
779 641 781
782 783 636
782 636 635
784 782 635
784 635 709
709 708 785
709 785 784
690 786 785
625 786 690
624 787 625
787 788 625
736 789 624
789 787 624
789 736 735
790 627 626
566 791 568
791 792 568
567 793 566
793 791 566
563 794 567
794 793 567
795 794 562
794 563 562
636 783 674
636 674 637
641 639 638
627 622 539
568 792 796
568 796 569
494 618 690
744 650 649
656 777 659
656 659 661
607 438 662
645 780 673
645 673 646
471 517 432
583 584 684
479 557 482
515 692 514
610 473 475
649 797 744
660 662 438
675 781 641
675 641 638
785 708 690
591 588 586
614 798 591
588 799 715
588 715 587
798 799 588
591 798 588
598 600 617
644 646 652
651 652 654
660 438 661
654 778 744
654 744 797
675 638 637
591 590 593
591 593 613
790 735 627
790 789 735
612 800 580
630 580 800
630 800 801
802 576 630
802 630 801
803 578 576
803 576 802
804 573 578
804 578 803
571 573 804
571 804 805
627 539 569
657 806 472
660 775 662
600 602 807
651 644 652
625 788 786
569 539 570
651 654 797
649 651 797
600 599 602
661 438 648
646 644 643
598 617 596
796 626 569
472 806 668
637 638 497
808 809 810
811 812 813
811 813 814
815 816 817
815 817 818
819 818 817
819 820 821
822 823 824
822 824 821
825 826 827
825 827 828
829 826 825
830 831 832
833 834 835
835 834 836
837 838 839
840 841 842
843 844 841
844 843 845
844 845 846
838 847 848
836 849 847
849 836 834
834 850 849
851 852 853
851 853 854
841 855 843
856 857 840
858 859 860
861 862 863
861 863 864
848 847 865
855 851 854
855 854 843
866 867 862
866 862 861
847 849 868
849 869 868
869 862 867
862 869 870
852 827 826
852 826 853
863 824 823
863 823 864
871 819 824
871 824 863
850 832 870
819 871 818
845 872 846
873 845 854
873 854 853
874 873 829
853 826 873
844 842 841
875 865 868
856 876 877
856 877 866
812 878 813
820 879 880
820 880 821
881 821 880
882 883 884
885 886 813
885 813 887
816 812 888
828 889 890
891 829 825
892 893 894
892 894 895
893 892 896
893 896 897
898 899 897
898 897 896
837 900 899
837 899 898
899 900 901
899 901 902
903 904 905
897 906 893
899 906 897
907 878 908
907 908 909
910 811 814
911 912 913
914 884 915
914 915 916
888 811 879
812 811 888
911 917 880
910 911 880
910 912 911
918 883 882
913 912 919
913 919 920
921 882 884
914 913 920
914 920 922
816 878 812
819 817 888
819 888 820
816 888 817
850 869 849
868 869 867
862 870 871
862 871 863
870 832 818
870 818 871
815 818 832
908 815 831
816 815 908
867 875 868
909 908 831
909 831 833
895 905 904
894 905 895
835 923 833
892 924 923
892 923 896
923 925 898
923 898 896
831 815 832
836 847 838
839 838 848
825 890 891
872 845 874
845 843 854
838 925 836
923 835 836
923 836 925
865 847 868
809 848 865
841 840 855
858 840 842
840 858 860
926 890 889
927 926 889
845 873 874
925 838 837
829 873 826
850 834 830
850 830 832
850 870 869
824 819 821
878 816 908
814 928 929
909 924 895
909 895 907
892 895 924
899 902 930
899 930 906
886 928 814
886 814 813
923 924 833
924 909 833
878 887 813
912 910 814
831 830 834
833 831 834
912 929 919
912 814 929
857 851 855
931 932 933
931 933 915
915 884 883
915 883 931
932 934 935
932 935 933
936 937 938
936 938 939
939 857 856
939 856 936
934 940 941
934 941 935
940 942 943
940 943 941
942 938 937
942 937 943
927 932 931
927 931 918
828 827 942
828 942 940
939 938 852
939 852 851
939 851 857
866 861 936
938 942 827
938 827 852
889 828 940
883 918 931
934 927 889
917 916 915
917 915 933
881 917 933
881 933 935
881 935 941
881 941 822
823 822 941
823 941 943
823 943 937
823 937 864
936 861 864
936 864 937
914 916 911
914 911 913
911 916 917
857 855 840
856 840 876
914 922 921
914 921 884
910 880 879
811 910 879
867 866 877
944 875 867
944 867 877
944 877 876
944 876 860
944 860 859
808 810 859
881 822 821
945 946 947
945 947 948
949 950 951
949 951 952
953 951 950
953 954 955
956 954 957
956 957 958
959 960 961
959 961 962
963 959 962
964 965 966
967 968 969
968 970 969
837 839 971
972 842 973
974 973 975
975 976 977
975 977 974
971 848 978
970 978 979
979 969 970
969 979 980
981 982 983
981 983 984
973 974 985
986 972 987
858 988 859
989 990 991
989 991 992
848 993 978
985 974 982
985 982 981
994 989 992
994 992 995
978 996 979
979 996 997
997 995 992
992 998 997
984 983 962
984 962 961
991 990 958
991 958 957
999 991 957
999 957 953
980 998 965
953 950 999
977 976 1000
1001 982 977
1001 983 982
1002 963 1001
983 1001 962
975 973 842
1003 996 993
986 994 1004
986 1004 1005
948 947 1006
955 954 1007
955 1007 1008
1009 1007 954
1010 1011 1012
952 1013 948
960 959 1014
1015 959 963
1016 1017 1018
1016 1018 1019
1019 1020 1021
1019 1021 1016
1022 1021 1020
1022 1020 1023
837 1022 1023
837 1023 900
1023 1024 1025
1023 1025 900
1020 1019 1026
1023 1020 1026
1027 1028 1029
1027 1029 1006
1030 946 945
1031 1032 1033
1034 1035 1036
1034 1036 1011
955 1008 1013
948 1013 945
1030 1007 1031
1030 1031 1033
1037 1010 1012
1032 1038 1039
1032 1039 1033
1040 1011 1010
1034 1041 1038
1034 1038 1032
952 948 1006
953 955 1013
953 1013 951
952 951 1013
980 979 997
996 995 997
992 991 999
992 999 998
998 999 950
998 950 965
949 965 950
1029 966 949
952 1029 949
995 996 1003
1028 967 966
1028 966 1029
1018 1017 1042
968 967 1043
1016 1021 1043
1016 1043 1044
1043 1021 1022
1043 1022 1045
966 965 949
970 971 978
839 848 971
959 1015 1014
1000 1002 977
977 982 974
971 970 1045
1043 1045 970
1043 970 968
1027 1046 1017
993 996 978
809 993 848
973 985 972
858 842 972
972 1005 988
1047 1048 1014
1049 1048 1047
977 1002 1001
837 971 1045
963 962 1001
980 964 969
980 965 964
980 997 998
957 954 953
1006 1029 952
946 1050 1051
1016 1044 1017
1023 1026 1052
1023 1052 1024
1053 947 946
1053 946 1051
1054 1055 1056
1054 1056 1057
1043 967 1044
1044 967 1028
1028 1027 1017
1028 1017 1044
1054 1057 1006
1033 946 1030
966 969 964
967 969 966
808 1058 809
1033 1039 1050
1033 1050 946
987 985 981
1059 1036 1060
1059 1060 1061
1036 1059 1012
1036 1012 1011
1061 1060 1062
1061 1062 1063
1064 1065 1066
1064 1066 1067
1065 1064 986
1065 986 987
1063 1062 1068
1063 1068 1069
1069 1068 1070
1069 1070 1071
1071 1070 1067
1071 1067 1066
1049 1037 1059
1049 1059 1061
960 1069 1071
960 1071 961
1065 981 984
1065 984 1066
1065 987 981
994 986 1064
1066 984 961
1066 961 1071
1048 1063 1069
1012 1059 1037
1063 1049 1061
1072 1060 1036
1072 1036 1035
1009 1062 1060
1009 1060 1072
1009 956 1068
1009 1068 1062
958 1070 1068
958 1068 956
958 990 1067
958 1067 1070
1064 1067 990
1064 990 989
1034 1032 1031
1034 1031 1035
1031 1072 1035
987 972 985
986 1005 972
1034 1011 1040
1034 1040 1041
1030 1008 1007
945 1008 1030
995 1004 994
1073 1004 995
1073 995 1003
808 859 1058
1073 988 1005
1073 1005 1004
1073 859 988
1009 954 956
1007 1009 1072
1058 1003 993
1073 1003 1058
810 944 859
865 875 810
810 875 944
859 1073 1058
840 860 876
972 988 858
809 865 810
1058 993 809
820 888 879
1008 945 1013
898 925 837
1022 837 1045
917 881 880
1031 1007 1072
889 940 934
1048 1069 960
828 890 825
960 1014 1048
934 932 927
1063 1048 1049
866 936 856
994 1064 989
887 878 1074
1027 1006 1057
1027 1057 1046
1056 1046 1057
907 904 1074
907 1074 878
903 1074 904
1056 1042 1046
887 1074 903
887 903 885
1054 947 1053
1054 1053 1055
1006 947 1054
907 895 904
1046 1042 1017
1075 1076 1077
1078 1079 1080
1078 1080 1081
1082 1080 1079
1082 1079 1083
1084 1085 1086
1084 1086 1087
1088 1086 1085
1088 1085 1089
1090 1091 1092
1092 1093 1094
1095 1090 1078
1083 1079 1090
1083 1090 1096
1097 1098 1099
1097 1099 1077
1099 1100 1101
1099 1101 1077
1084 1087 1102
1084 1102 1103
1094 1093 1075
1076 1097 1077
1090 1095 1091
1078 1090 1079
1096 1094 1089
1096 1089 1085
1100 1104 1105
1100 1105 1101
1084 1103 1082
1084 1082 1083
1085 1084 1083
1085 1083 1096
1094 1075 1077
1094 1077 1101
1105 1104 1106
1105 1106 1088
1105 1089 1094
1105 1094 1101
1088 1089 1105
1092 1094 1096
1092 1096 1090
1107 1108 1109
1110 1111 1112
1110 1112 1113
1114 1115 1113
1114 1113 1112
1116 1117 1118
1116 1118 1119
1120 1121 1119
1120 1119 1118
1122 1123 1124
1123 1125 1126
1127 1110 1122
1115 1128 1122
1115 1122 1113
1129 1108 1130
1129 1130 1131
1130 1108 1132
1130 1132 1133
1116 1134 1135
1116 1135 1117
1125 1107 1126
1109 1108 1129
1122 1124 1127
1110 1113 1122
1128 1119 1121
1128 1121 1125
1133 1132 1136
1133 1136 1137
1116 1115 1114
1116 1114 1134
1119 1128 1115
1119 1115 1116
1125 1132 1108
1125 1108 1107
1136 1120 1138
1136 1138 1137
1136 1132 1125
1136 1125 1121
1120 1136 1121
1123 1122 1128
1123 1128 1125
1139 1140 1141
1139 1141 1142
1143 1144 1145
1143 1145 1146
1147 1148 1149
1147 1149 1150
1151 1152 1139
1151 1139 1153
1154 1155 1156
1154 1156 1157
1158 1154 1157
1158 1157 1159
1160 1161 1162
1160 1162 1142
1163 1164 1165
1163 1165 1166
1143 1146 1152
1143 1152 1151
1153 1139 1142
1153 1142 1162
1167 1168 1169
1167 1169 1170
1147 1171 1172
1147 1172 1148
1146 1145 1173
1146 1173 1174
1175 1176 1177
1175 1177 1178
1164 1179 1180
1164 1180 1165
1171 1181 1182
1171 1182 1172
1146 1174 1183
1146 1183 1152
1179 1184 1185
1179 1185 1180
1182 1186 1187
1182 1187 1188
1152 1183 1140
1152 1140 1139
1176 1167 1170
1176 1170 1177
1189 1187 1186
1189 1186 1190
1172 1182 1188
1172 1188 1191
1148 1172 1191
1148 1191 1192
1190 1186 1193
1190 1193 1194
1148 1192 1195
1148 1195 1149
1196 1197 1198
1196 1198 1199
1181 1193 1186
1181 1186 1182
1200 1160 1142
1200 1142 1141
1184 1196 1199
1184 1199 1185
1201 1202 1203
1201 1203 1204
1205 1206 1207
1205 1207 1208
1209 1205 1208
1209 1208 1210
1211 1212 1213
1211 1213 1214
1215 1216 1217
1215 1217 1218
1216 1201 1204
1216 1204 1217
1219 1220 1221
1219 1221 1222
1222 1221 1223
1222 1223 1224
1225 1224 1223
1225 1223 1226
1227 1228 1229
1227 1229 1230
1231 1232 1233
1231 1233 1234
1235 1225 1226
1235 1226 1236
1232 1231 1237
1232 1237 1238
1238 1237 1239
1238 1239 1240
1241 1240 1239
1241 1239 1242
1202 1211 1214
1202 1214 1203
1243 1241 1242
1243 1242 1244
1236 1245 1246
1236 1246 1235
1247 1248 1249
1247 1249 1250
1251 1252 1253
1251 1253 1254
1255 1251 1254
1255 1254 1256
1257 1258 1259
1257 1259 1260
1261 1260 1262
1248 1263 1264
1248 1264 1249
1265 1266 1267
1265 1267 1268
1269 1270 1271
1269 1271 1272
1273 1269 1272
1273 1272 1274
1275 1273 1274
1275 1274 1276
1277 1271 1270
1277 1270 1278
1277 1278 1279
1277 1279 1280
1281 1282 1283
1281 1283 1284
1285 1265 1268
1285 1268 1286
1287 1288 1270
1287 1270 1269
1287 1269 1273
1287 1273 1289
1289 1273 1275
1289 1275 1290
1270 1288 1291
1270 1291 1278
1278 1291 1292
1278 1292 1279
1282 1293 1294
1282 1294 1283
1285 1286 1261
1285 1261 1262
1286 1295 1296
1286 1296 1261
1268 1297 1295
1268 1295 1286
1267 1298 1297
1267 1297 1268
1299 1257 1261
1299 1261 1296
1299 1300 1258
1299 1258 1257
1301 1255 1256
1301 1256 1302
1303 1304 1305
1303 1305 1306
1307 1308 1309
1307 1309 1310
1307 1310 1311
1307 1311 1312
1313 1314 1315
1313 1315 1316
1311 1310 1317
1311 1317 1318
1314 1305 1304
1314 1304 1315
1319 1320 1321
1319 1321 1322
1323 1324 1325
1323 1325 1326
1327 1328 1329
1327 1329 1330
1331 1323 1326
1331 1326 1332
1320 1333 1334
1320 1334 1321
1335 1331 1332
1335 1332 1317
1336 1337 1338
1336 1338 1339
1325 1340 1341
1325 1341 1326
1337 1336 1342
1337 1342 1343
1344 1339 1338
1344 1338 1345
1346 1343 1342
1346 1342 1347
1348 1327 1330
1348 1330 1349
1350 1351 1346
1350 1346 1347
1350 1347 1352
1350 1352 1353
1333 1354 1355
1333 1355 1334
1356 1352 1347
1356 1347 1342
1335 1317 1310
1335 1310 1309
1356 1342 1336
1356 1336 1357
1357 1336 1339
1357 1339 1358
1358 1339 1344
1358 1344 1359
1332 1326 1341
1332 1341 1360
1360 1318 1317
1360 1317 1332
1261 1257 1260
1361 1362 1363
1361 1363 1364
1365 1366 1367
1368 1369 1370
1368 1370 1371
1362 1372 1373
1362 1373 1363
1374 1375 1362
1374 1362 1361
1376 1377 1378
1376 1378 1379
1380 1381 1369
1380 1369 1368
1375 1382 1372
1375 1372 1362
1366 1383 1384
1366 1384 1367
1385 1386 1387
1388 1379 1378
1388 1378 1389
1390 1385 1391
1376 1379 1375
1376 1375 1374
1385 1378 1377
1385 1377 1386
1392 1393 1381
1392 1381 1380
1375 1379 1388
1375 1388 1382
1392 1384 1383
1392 1383 1393
1390 1389 1378
1390 1378 1385
1394 1395 1396
1394 1396 1397
1398 1399 1400
1398 1400 1401
1402 1394 1397
1403 1404 1405
1403 1405 1406
1406 1405 1407
1406 1407 1408
1408 1407 1409
1408 1409 1410
1411 1412 1413
1403 1414 1415
1403 1415 1404
1416 1405 1404
1416 1404 1417
1405 1416 1418
1405 1418 1407
1409 1407 1418
1409 1418 1419
1411 1413 1420
1421 1417 1404
1421 1404 1415
1422 1423 1424
1422 1424 1425
1423 1426 1427
1423 1427 1424
1426 1428 1429
1426 1429 1427
1428 1430 1431
1428 1431 1429
1425 1432 1433
1425 1433 1422
1424 1434 1435
1424 1435 1425
1427 1436 1434
1427 1434 1424
1429 1437 1436
1429 1436 1427
1437 1429 1431
1437 1431 1438
1439 1432 1425
1439 1425 1435
1440 1441 1435
1440 1435 1434
1434 1436 1442
1434 1442 1440
1437 1443 1442
1437 1442 1436
1444 1443 1437
1444 1437 1438
1445 1439 1435
1445 1435 1441
1446 1402 1397
1446 1397 1447
1448 1400 1399
1448 1399 1449
1450 1451 1452
1450 1452 1453
1450 1454 1455
1450 1455 1451
1454 1456 1457
1454 1457 1455
1458 1448 1449
1458 1449 1459
1460 1461 1462
1460 1462 1463
1464 1462 1461
1464 1461 1465
1464 1465 1466
1464 1466 1467
1468 1412 1411
1460 1463 1469
1460 1469 1470
1463 1462 1471
1463 1471 1472
1473 1471 1462
1473 1462 1464
1474 1473 1464
1474 1464 1467
1411 1475 1468
1463 1472 1476
1463 1476 1469
1472 1471 1477
1472 1477 1478
1479 1477 1471
1479 1471 1473
1479 1473 1474
1479 1474 1480
1481 1475 1411
1472 1478 1482
1472 1482 1476
1483 1484 1485
1483 1485 1486
1487 1488 1489
1487 1489 1490
1491 1492 1493
1491 1493 1494
1495 1496 1497
1495 1497 1498
1499 1500 1498
1499 1498 1497
1499 1501 1502
1499 1502 1500
1502 1501 1503
1502 1503 1504
1495 1505 1506
1495 1506 1496
1496 1507 1508
1496 1508 1497
1509 1499 1497
1509 1497 1508
1510 1501 1499
1510 1499 1509
1511 1503 1501
1511 1501 1510
1506 1512 1507
1507 1513 1514
1507 1514 1508
1515 1509 1508
1515 1508 1514
1515 1516 1510
1515 1510 1509
1516 1517 1511
1516 1511 1510
1512 1518 1513
1492 1487 1490
1492 1490 1493
1484 1519 1520
1484 1520 1485
1519 1521 1522
1519 1522 1520
1523 1524 1525
1523 1525 1526
1523 1526 1527
1523 1527 1528
1527 1529 1530
1527 1530 1528
1531 1491 1494
1531 1494 1532
1533 1534 1535
1536 1537 1538
1536 1538 1539
1537 1540 1541
1537 1541 1538
1540 1542 1543
1540 1543 1541
1533 1535 1544
1545 1546 1547
1545 1547 1548
1549 1550 1551
1551 1552 1553
1551 1553 1554
1552 1555 1556
1552 1556 1553
1555 1557 1558
1555 1558 1556
1559 1560 1561
1559 1561 1562
1563 1564 1560
1563 1560 1559
1565 1566 1564
1565 1564 1563
1567 1568 1566
1567 1566 1565
1569 1570 1562
1569 1562 1561
1566 1571 1572
1566 1572 1564
1573 1560 1564
1573 1564 1572
1574 1561 1560
1574 1560 1573
1575 1569 1561
1575 1561 1574
1571 1566 1568
1571 1568 1576
1577 1545 1548
1577 1548 1578
1579 1577 1578
1579 1578 1580
1581 1543 1542
1581 1542 1582
1583 1533 1544
1496 1506 1507
1507 1512 1513
1549 1554 1584
1549 1551 1554
1585 1586 1587
1585 1587 1588
1589 1590 1591
1592 1593 1594
1592 1594 1595
1586 1596 1597
1586 1597 1587
1598 1599 1586
1598 1586 1585
1600 1601 1602
1600 1602 1603
1604 1605 1593
1604 1593 1592
1599 1606 1596
1599 1596 1586
1590 1607 1608
1590 1608 1591
1609 1610 1611
1612 1603 1602
1612 1602 1613
1614 1609 1615
1600 1603 1599
1600 1599 1598
1609 1602 1601
1609 1601 1610
1616 1617 1605
1616 1605 1604
1599 1603 1612
1599 1612 1606
1616 1608 1607
1616 1607 1617
1614 1613 1602
1614 1602 1609
1618 1588 1587
1618 1587 1619
1620 1595 1594
1620 1594 1621
1619 1587 1597
1619 1597 1622
1623 1624 1625
1623 1625 1626
1624 1627 1628
1624 1628 1625
1627 1629 1630
1627 1630 1628
1629 1631 1632
1629 1632 1630
1631 1633 1634
1631 1634 1632
1633 1635 1636
1633 1636 1634
1635 1637 1638
1635 1638 1636
1637 1639 1640
1637 1640 1638
1641 1642 1643
1641 1643 1644
1645 1642 1646
1645 1646 1647
1648 1649 1650
1651 1649 1648
1642 1652 1643
1645 1652 1642
1651 1648 1653
1648 1650 1654
1648 1655 1653
1656 1648 1654
1657 1658 1659
1657 1659 1660
1661 1662 1663
1661 1663 1664
1665 1666 1667
1665 1667 1668
1669 1670 1657
1669 1657 1671
1672 1673 1674
1672 1674 1675
1676 1677 1673
1676 1673 1672
1678 1658 1679
1678 1679 1680
1681 1682 1683
1681 1683 1684
1661 1669 1671
1661 1671 1662
1670 1679 1658
1670 1658 1657
1685 1686 1687
1685 1687 1688
1665 1668 1689
1665 1689 1690
1662 1691 1692
1662 1692 1663
1693 1694 1695
1693 1695 1696
1684 1683 1697
1684 1697 1698
1690 1689 1699
1690 1699 1700
1662 1671 1701
1662 1701 1691
1698 1697 1702
1698 1702 1703
1699 1704 1705
1699 1705 1706
1671 1657 1660
1671 1660 1701
1696 1695 1686
1696 1686 1685
1707 1708 1706
1707 1706 1705
1689 1709 1704
1689 1704 1699
1668 1710 1709
1668 1709 1689
1708 1711 1712
1708 1712 1706
1668 1667 1713
1668 1713 1710
1714 1715 1716
1714 1716 1717
1700 1699 1706
1700 1706 1712
1718 1659 1658
1718 1658 1678
1703 1702 1715
1703 1715 1714
1719 1720 1721
1719 1721 1722
1723 1724 1725
1723 1725 1726
1727 1728 1724
1727 1724 1723
1729 1730 1731
1729 1731 1732
1733 1734 1735
1733 1735 1736
1736 1735 1720
1736 1720 1719
1737 1738 1739
1737 1739 1740
1738 1741 1742
1738 1742 1739
1743 1744 1742
1743 1742 1741
1745 1746 1747
1745 1747 1748
1749 1750 1751
1749 1751 1752
1753 1754 1744
1753 1744 1743
1752 1755 1756
1752 1756 1749
1755 1757 1758
1755 1758 1756
1759 1760 1758
1759 1758 1757
1722 1721 1730
1722 1730 1729
1761 1762 1760
1761 1760 1759
1754 1753 1763
1754 1763 1764
1765 1766 1767
1765 1767 1768
1769 1770 1771
1769 1771 1772
1773 1774 1770
1773 1770 1769
1775 1776 1777
1775 1777 1778
1779 1780 1776
1768 1767 1781
1768 1781 1782
1783 1784 1785
1783 1785 1786
1787 1788 1789
1787 1789 1790
1791 1792 1788
1791 1788 1787
1793 1794 1792
1793 1792 1791
1795 1796 1790
1795 1790 1789
1795 1797 1798
1795 1798 1796
1799 1800 1801
1799 1801 1802
1803 1804 1784
1803 1784 1783
1805 1787 1790
1805 1790 1806
1805 1807 1791
1805 1791 1787
1807 1808 1793
1807 1793 1791
1790 1796 1809
1790 1809 1806
1796 1798 1810
1796 1810 1809
1802 1801 1811
1802 1811 1812
1803 1780 1779
1803 1779 1804
1804 1779 1813
1804 1813 1814
1784 1804 1814
1784 1814 1815
1785 1784 1815
1785 1815 1816
1817 1813 1779
1817 1779 1775
1817 1775 1778
1817 1778 1818
1819 1820 1774
1819 1774 1773
1821 1822 1823
1821 1823 1824
1825 1826 1827
1825 1827 1828
1825 1829 1830
1825 1830 1826
1831 1832 1833
1831 1833 1834
1830 1835 1836
1830 1836 1826
1834 1833 1824
1834 1824 1823
1837 1838 1839
1837 1839 1840
1841 1842 1843
1841 1843 1844
1845 1846 1847
1845 1847 1848
1849 1850 1842
1849 1842 1841
1840 1839 1851
1840 1851 1852
1853 1836 1850
1853 1850 1849
1854 1855 1856
1854 1856 1857
1843 1842 1858
1843 1858 1859
1857 1860 1861
1857 1861 1854
1862 1863 1856
1862 1856 1855
1864 1865 1861
1864 1861 1860
1866 1867 1846
1866 1846 1845
1868 1865 1864
1868 1864 1869
1868 1870 1871
1868 1871 1865
1852 1851 1872
1852 1872 1873
1874 1861 1865
1874 1865 1871
1853 1827 1826
1853 1826 1836
1874 1875 1854
1874 1854 1861
1875 1876 1855
1875 1855 1854
1876 1877 1862
1876 1862 1855
1850 1878 1858
1850 1858 1842
1878 1850 1836
1878 1836 1835
1779 1776 1775
1879 1880 1881
1879 1881 1882
1883 1884 1885
1886 1887 1888
1886 1888 1889
1882 1881 1890
1882 1890 1891
1892 1879 1882
1892 1882 1893
1894 1895 1896
1894 1896 1897
1898 1886 1889
1898 1889 1899
1893 1882 1891
1893 1891 1900
1885 1884 1901
1885 1901 1902
1903 1904 1905
1906 1907 1896
1906 1896 1895
1908 1909 1903
1894 1892 1893
1894 1893 1895
1903 1905 1897
1903 1897 1896
1910 1898 1899
1910 1899 1911
1893 1900 1906
1893 1906 1895
1910 1911 1902
1910 1902 1901
1908 1903 1896
1908 1896 1907
1912 1913 1914
1912 1914 1915
1916 1917 1918
1916 1918 1919
1920 1913 1912
1921 1922 1923
1921 1923 1924
1922 1925 1926
1922 1926 1923
1925 1927 1928
1925 1928 1926
1929 1930 1931
1921 1924 1932
1921 1932 1933
1934 1935 1924
1934 1924 1923
1923 1926 1936
1923 1936 1934
1928 1937 1936
1928 1936 1926
1929 1938 1930
1939 1932 1924
1939 1924 1935
1940 1941 1942
1940 1942 1943
1943 1942 1944
1943 1944 1945
1945 1944 1946
1945 1946 1947
1947 1946 1948
1947 1948 1949
1941 1940 1950
1941 1950 1951
1942 1941 1952
1942 1952 1953
1944 1942 1953
1944 1953 1954
1946 1944 1954
1946 1954 1955
1955 1956 1948
1955 1948 1946
1957 1952 1941
1957 1941 1951
1958 1953 1952
1958 1952 1959
1953 1958 1960
1953 1960 1954
1955 1954 1960
1955 1960 1961
1962 1956 1955
1962 1955 1961
1963 1959 1952
1963 1952 1957
1964 1965 1913
1964 1913 1920
1966 1967 1919
1966 1919 1918
1968 1969 1970
1968 1970 1971
1968 1971 1972
1968 1972 1973
1973 1972 1974
1973 1974 1975
1976 1977 1967
1976 1967 1966
1978 1979 1980
1978 1980 1981
1982 1983 1981
1982 1981 1980
1982 1984 1985
1982 1985 1983
1986 1929 1931
1978 1987 1988
1978 1988 1979
1979 1989 1990
1979 1990 1980
1991 1982 1980
1991 1980 1990
1992 1984 1982
1992 1982 1991
1929 1986 1993
1979 1988 1994
1979 1994 1989
1989 1995 1996
1989 1996 1990
1997 1991 1990
1997 1990 1996
1997 1998 1992
1997 1992 1991
1999 1929 1993
1989 1994 2000
1989 2000 1995
2001 2002 2003
2001 2003 2004
2005 2006 2007
2005 2007 2008
2009 2010 2011
2009 2011 2012
2013 2014 2015
2013 2015 2016
2017 2015 2014
2017 2014 2018
2017 2018 2019
2017 2019 2020
2019 2021 2022
2019 2022 2020
2013 2016 2023
2013 2023 2024
2016 2015 2025
2016 2025 2026
2027 2025 2015
2027 2015 2017
2028 2027 2017
2028 2017 2020
2029 2028 2020
2029 2020 2022
2023 2026 2030
2026 2025 2031
2026 2031 2032
2033 2031 2025
2033 2025 2027
2033 2027 2028
2033 2028 2034
2034 2028 2029
2034 2029 2035
2030 2032 2036
2012 2011 2006
2012 2006 2005
2004 2003 2037
2004 2037 2038
2038 2037 2039
2038 2039 2040
2041 2042 2043
2041 2043 2044
2041 2045 2046
2041 2046 2042
2046 2045 2047
2046 2047 2048
2049 2050 2010
2049 2010 2009
2051 2052 2053
2054 2055 2056
2054 2056 2057
2057 2056 2058
2057 2058 2059
2059 2058 2060
2059 2060 2061
2051 2062 2052
2063 2064 2065
2063 2065 2066
2067 2068 2069
2068 2070 2071
2068 2071 2072
2072 2071 2073
2072 2073 2074
2074 2073 2075
2074 2075 2076
2077 2078 2079
2077 2079 2080
2081 2077 2080
2081 2080 2082
2083 2081 2082
2083 2082 2084
2085 2083 2084
2085 2084 2086
2087 2079 2078
2087 2078 2088
2084 2082 2089
2084 2089 2090
2091 2089 2082
2091 2082 2080
2092 2091 2080
2092 2080 2079
2093 2092 2079
2093 2079 2087
2090 2094 2086
2090 2086 2084
2095 2096 2064
2095 2064 2063
2097 2098 2096
2097 2096 2095
2099 2100 2061
2099 2061 2060
2101 2062 2051
2016 2026 2023
2026 2032 2030
2067 2102 2070
2067 2070 2068
2103 2104 2105
2103 2105 2106
2107 2108 2109
2110 2111 2112
2110 2112 2113
2106 2105 2114
2106 2114 2115
2116 2103 2106
2116 2106 2117
2118 2119 2120
2118 2120 2121
2122 2110 2113
2122 2113 2123
2117 2106 2115
2117 2115 2124
2109 2108 2125
2109 2125 2126
2127 2128 2129
2130 2131 2120
2130 2120 2119
2132 2133 2127
2118 2116 2117
2118 2117 2119
2127 2129 2121
2127 2121 2120
2134 2122 2123
2134 2123 2135
2117 2124 2130
2117 2130 2119
2134 2135 2126
2134 2126 2125
2132 2127 2120
2132 2120 2131
2136 2137 2105
2136 2105 2104
2138 2139 2112
2138 2112 2111
2137 2140 2114
2137 2114 2105
2141 2142 2143
2141 2143 2144
2144 2143 2145
2144 2145 2146
2146 2145 2147
2146 2147 2148
2148 2147 2149
2148 2149 2150
2150 2149 2151
2150 2151 2152
2152 2151 2153
2152 2153 2154
2154 2153 2155
2154 2155 2156
2156 2155 2157
2156 2157 2158
2159 2160 2161
2159 2161 2162
2163 2164 2165
2163 2165 2162
2166 2167 2168
2169 2166 2168
2162 2161 2170
2163 2162 2170
2169 2171 2166
2166 2172 2167
2166 2171 2173
2174 2172 2166
2175 2176 2177
2178 2179 2180
2181 2182 2183
2181 2183 2184
2185 2186 2187
2185 2187 2188
2189 2190 2191
2192 2193 2194
2195 2196 2197
2195 2197 2198
2199 2200 2201
2199 2201 2202
2203 2204 2205
2203 2205 2206
2196 2207 2208
2196 2208 2197
2209 2205 2204
2209 2204 2210
2207 2209 2210
2207 2210 2208
2211 2212 2213
2211 2213 2214
2211 2203 2206
2211 2206 2212
2188 2199 2202
2188 2202 2185
2176 2187 2186
2176 2186 2177
2190 2214 2213
2190 2213 2191
2215 2216 2201
2215 2201 2200
2217 2218 2216
2217 2216 2215
2183 2182 2218
2183 2218 2217
2198 2178 2180
2198 2180 2195
2184 2192 2194
2184 2194 2181
2219 2220 2221
2222 2223 2224
2225 2226 2227
2228 2229 2230
2228 2230 2231
2221 2220 2232
2221 2232 2233
2224 2223 2234
2224 2234 2235
2230 2229 2236
2237 2238 2226
2237 2226 2225
2239 2233 2232
2239 2232 2240
2241 2242 2243
2241 2243 2244
2245 2246 2247
2245 2247 2248
2249 2228 2231
2249 2231 2250
2251 2252 2238
2251 2238 2237
2244 2243 2253
2244 2253 2254
2247 2255 2256
2247 2256 2248
2254 2253 2249
2254 2249 2250
2255 2252 2251
2255 2251 2256
2257 2258 2235
2257 2235 2234
2239 2240 2242
2239 2242 2241
2257 2246 2245
2257 2245 2258
2259 2260 2261
2259 2261 2262
2260 2263 2264
2260 2264 2261
2263 2265 2266
2263 2266 2264
2265 2267 2268
2265 2268 2266
2267 2269 2270
2267 2270 2268
2269 2271 2272
2269 2272 2270
2271 2273 2274
2271 2274 2272
2273 2275 2276
2273 2276 2274
2277 2278 2279
2278 2280 2281
2282 2283 2284
2282 2285 2286
2287 2288 2289
2287 2289 2290
2288 2291 2292
2288 2292 2289
2291 2293 2294
2291 2294 2292
2293 2295 2296
2293 2296 2294
2295 2297 2298
2295 2298 2296
2297 2299 2300
2297 2300 2298
2299 2301 2302
2299 2302 2300
2301 2303 2304
2301 2304 2302
2305 2306 2307
2305 2308 2309
2310 2311 2312
2310 2313 2314
2315 2316 2317
2315 2317 2318
2319 2320 2321
2319 2321 2322
2323 2324 2325
2323 2325 2326
2327 2328 2329
2330 2331 2332
2330 2332 2333
2334 2335 2336
2337 2338 2339
2337 2339 2340
2341 2342 2343
2341 2343 2344
2345 2346 2347
2345 2347 2348
2349 2350 2351
2349 2351 2352
2353 2354 2355
2353 2355 2356
2357 2358 2359
2360 2361 2362
2360 2362 2363
2329 2328 2344
2329 2344 2343
2364 2365 2366
2364 2366 2367
2368 2369 2370
2368 2370 2371
2372 2373 2374
2372 2374 2375
2376 2377 2378
2376 2378 2379
2348 2347 2371
2348 2371 2370
2380 2381 2382
2380 2382 2383
2384 2385 2386
2384 2386 2387
2388 2389 2379
2388 2379 2378
2390 2391 2392
2390 2392 2393
2394 2395 2383
2394 2383 2382
2325 2396 2397
2325 2397 2326
2398 2399 2334
2398 2334 2336
2400 2391 2390
2400 2390 2401
2402 2403 2387
2402 2387 2386
2404 2405 2357
2404 2357 2359
2406 2407 2389
2406 2389 2388
2401 2395 2394
2401 2394 2400
2398 2397 2396
2398 2396 2399
2402 2369 2368
2402 2368 2403
2341 2393 2392
2341 2392 2342
2406 2324 2323
2406 2323 2407
2404 2346 2345
2404 2345 2405
2337 2318 2317
2337 2317 2338
2349 2322 2321
2349 2321 2350
2353 2332 2331
2353 2331 2354
2408 2409 2316
2408 2316 2315
2410 2411 2320
2410 2320 2319
2412 2413 2330
2412 2330 2333
2360 2340 2339
2360 2339 2361
2364 2352 2351
2364 2351 2365
2372 2356 2355
2372 2355 2373
2376 2363 2362
2376 2362 2377
2380 2367 2366
2380 2366 2381
2384 2375 2374
2384 2374 2385
2414 2409 2408
2415 2411 2410
2416 2413 2412
2417 2418 2419
2417 2419 2420
2421 2422 2423
2424 2425 2426
2424 2426 2427
2427 2428 2429
2427 2429 2424
2428 2430 2431
2428 2431 2429
2430 2432 2433
2430 2433 2431
2432 2434 2435
2432 2435 2433
2436 2437 2435
2436 2435 2434
2438 2439 2440
2438 2440 2441
2442 2443 2419
2442 2419 2418
2423 2422 2439
2423 2439 2438
2444 2443 2442
2445 2446 2447
2445 2447 2448
2449 2450 2451
2449 2451 2452
2453 2454 2455
2453 2455 2456
2453 2457 2458
2453 2458 2454
2457 2459 2460
2457 2460 2458
2459 2461 2462
2459 2462 2460
2461 2463 2464
2461 2464 2462
2463 2465 2466
2463 2466 2464
2465 2467 2468
2465 2468 2466
2467 2469 2470
2467 2470 2468
2469 2471 2472
2469 2472 2470
2471 2473 2474
2471 2474 2472
2473 2475 2476
2473 2476 2474
2475 2477 2478
2475 2478 2476
2477 2479 2480
2477 2480 2478
2479 2481 2482
2479 2482 2480
2452 2483 2484
2452 2484 2449
2485 2486 2487
2488 2447 2446
2488 2446 2489
2483 2490 2491
2483 2491 2484
2490 2492 2493
2490 2493 2491
2489 2494 2495
2489 2495 2488
2494 2496 2497
2494 2497 2495
2492 2498 2499
2492 2499 2493
2498 2500 2501
2498 2501 2499
2496 2502 2503
2496 2503 2497
2500 2504 2501
2502 2485 2487
2502 2487 2503
2505 2506 2507
2505 2507 2508
2509 2510 2511
2512 2513 2514
2512 2514 2515
2514 2516 2517
2514 2517 2515
2518 2519 2517
2518 2517 2516
2518 2520 2521
2518 2521 2519
2520 2522 2523
2520 2523 2521
2522 2524 2525
2522 2525 2523
2526 2527 2528
2526 2528 2529
2530 2531 2507
2530 2507 2506
2511 2510 2527
2511 2527 2526
2532 2531 2530
2533 2534 2535
2533 2535 2536
2537 2538 2539
2537 2539 2540
2541 2542 2543
2541 2543 2544
2543 2542 2545
2543 2545 2546
2546 2545 2547
2546 2547 2548
2548 2547 2549
2548 2549 2550
2550 2549 2551
2550 2551 2552
2552 2551 2553
2552 2553 2554
2554 2553 2555
2554 2555 2556
2556 2555 2557
2556 2557 2558
2558 2557 2559
2558 2559 2560
2560 2559 2561
2560 2561 2562
2562 2561 2563
2562 2563 2564
2564 2563 2565
2564 2565 2566
2566 2565 2567
2566 2567 2568
2569 2570 2568
2569 2568 2567
2537 2540 2571
2537 2571 2572
2573 2574 2575
2576 2577 2535
2576 2535 2534
2572 2571 2578
2572 2578 2579
2579 2578 2580
2579 2580 2581
2577 2576 2582
2577 2582 2583
2583 2582 2584
2583 2584 2585
2581 2580 2586
2581 2586 2587
2587 2586 2588
2587 2588 2589
2585 2584 2590
2585 2590 2591
2589 2588 2592
2591 2590 2574
2591 2574 2573
2278 2281 2593
2305 2309 2306
2277 2280 2278
2305 2307 2594
2278 2595 2279
2596 2278 2593
2305 2597 2308
2305 2594 2598
2599 2285 2282
2310 2312 2600
2282 2286 2601
2310 2602 2311
2603 2282 2601
2310 2314 2602
2599 2282 2284
2310 2600 2604
2605 2606 2607
2605 2607 2608
2605 2609 2610
2605 2610 2606
2611 2612 2613
2611 2613 2614
2611 2615 2616
2611 2616 2612
2617 2618 2616
2617 2616 2615
2617 2610 2609
2617 2609 2618
2619 2620 2621
2619 2621 2622
2607 2619 2622
2623 2624 2625
2623 2626 2627
2623 2627 2624
2628 2629 2630
2628 2630 2631
2631 2630 2632
2631 2632 2633
2634 2635 2636
2634 2636 2629
2634 2627 2626
2634 2626 2635
2613 2623 2625
2612 2616 2626
2612 2626 2623
2609 2636 2635
2609 2635 2618
2618 2635 2626
2618 2626 2616
2605 2637 2636
2605 2636 2609
2605 2638 2639
2605 2639 2637
2640 2633 2632
2640 2632 2641
2642 2634 2629
2642 2629 2628
2642 2643 2627
2642 2627 2634
2644 2624 2627
2644 2627 2643
2624 2645 2625
2646 2647 2639
2646 2639 2638
2648 2649 2650
2648 2613 2625
2648 2625 2649
2651 2649 2625
2651 2625 2645
2651 2652 2649
2653 2654 2655
2653 2655 2656
2657 2647 2646
2657 2646 2658
2656 2655 2640
2656 2640 2641
2652 2659 2660
2652 2660 2650
2647 2657 2661
2647 2661 2662
2663 2639 2647
2663 2647 2662
2664 2637 2639
2664 2639 2663
2629 2636 2637
2629 2637 2664
2665 2666 2667
2665 2667 2622
2607 2622 2608
2622 2667 2608
2652 2650 2649
2668 2669 2670
2668 2670 2671
2668 2671 2672
2668 2672 2673
2674 2675 2676
2674 2676 2677
2677 2678 2679
2677 2679 2674
2680 2679 2678
2680 2678 2681
2680 2681 2673
2680 2673 2672
2682 2683 2684
2682 2684 2685
2676 2675 2686
2676 2686 2687
2688 2689 2687
2688 2687 2686
2670 2683 2682
2690 2691 2692
2690 2692 2693
2690 2693 2694
2690 2694 2695
2696 2697 2698
2696 2698 2699
2697 2700 2701
2697 2701 2698
2702 2699 2703
2702 2703 2704
2702 2704 2695
2702 2695 2694
2677 2676 2691
2677 2691 2690
2677 2690 2695
2677 2695 2678
2673 2681 2704
2673 2704 2703
2681 2678 2695
2681 2695 2704
2668 2673 2703
2668 2703 2705
2668 2705 2706
2668 2706 2707
2708 2709 2701
2708 2701 2700
2710 2696 2699
2710 2699 2702
2710 2702 2694
2710 2694 2711
2712 2711 2694
2712 2694 2693
2712 2693 2692
2712 2692 2713
2714 2707 2706
2714 2706 2715
2716 2717 2718
2716 2718 2719
2717 2692 2691
2717 2691 2718
2719 2718 2687
2719 2687 2689
2687 2718 2691
2687 2691 2676
2720 2713 2692
2720 2692 2717
2720 2717 2716
2721 2722 2723
2721 2723 2724
2725 2726 2714
2725 2714 2715
2722 2709 2708
2722 2708 2723
2727 2728 2729
2715 2730 2731
2715 2731 2725
2732 2730 2715
2732 2715 2706
2733 2732 2706
2733 2706 2705
2699 2733 2705
2699 2705 2703
2734 2683 2735
2734 2735 2736
2670 2669 2683
2683 2669 2735
2737 2738 2739
2737 2739 2740
2741 2742 2743
2741 2743 2744
2744 2743 2745
2744 2745 2746
2747 2748 2749
2747 2749 2750
2751 2752 2748
2751 2748 2747
2753 2754 2752
2753 2752 2751
2746 2745 2754
2746 2754 2753
2755 2756 2757
2755 2757 2758
2759 2760 2761
2759 2761 2762
2763 2764 2765
2763 2765 2766
2750 2749 2767
2750 2767 2768
2766 2765 2742
2766 2742 2741
2769 2770 2771
2769 2771 2772
2773 2774 2775
2773 2775 2776
2772 2771 2777
2772 2777 2778
2779 2780 2774
2779 2774 2773
2781 2782 2783
2781 2783 2784
2785 2786 2780
2785 2780 2779
2778 2777 2787
2778 2787 2788
2789 2790 2770
2789 2770 2769
2791 2792 2790
2791 2790 2789
2793 2794 2792
2793 2792 2791
2795 2796 2794
2795 2794 2793
2797 2798 2782
2797 2782 2781
2799 2800 2796
2799 2796 2795
2801 2802 2800
2801 2800 2799
2803 2804 2805
2803 2805 2806
2807 2808 2809
2807 2809 2810
2811 2812 2813
2811 2813 2814
2815 2816 2817
2815 2817 2818
2819 2820 2798
2819 2798 2797
2806 2805 2786
2806 2786 2785
2788 2787 2808
2788 2808 2807
2821 2822 2802
2821 2802 2801
2823 2824 2825
2823 2825 2826
2827 2828 2816
2827 2816 2815
2829 2830 2824
2829 2824 2823
2831 2832 2830
2831 2830 2829
2833 2834 2832
2833 2832 2831
2835 2836 2837
2835 2837 2838
2839 2840 2841
2839 2841 2842
2843 2844 2845
2843 2845 2846
2740 2739 2840
2740 2840 2839
2768 2767 2847
2848 2849 2850
2851 2852 2853
2729 2854 2851
2855 2856 2857
2855 2857 2858
2859 2860 2848
2858 2857 2861
2858 2861 2862
2863 2864 2856
2863 2856 2855
2865 2859 2848
2863 2866 2864
2867 2868 2869
2870 2871 2872
2870 2872 2873
2874 2870 2873
2874 2873 2875
2871 2867 2869
2871 2869 2872
2876 2874 2875
2876 2875 2877
2878 2862 2861
2878 2861 2879
2821 2878 2879
2821 2879 2822
2660 2659 2880
2660 2880 2881
2882 2883 2881
2882 2881 2880
2612 2623 2613
2644 2645 2624
2851 2854 2852
2729 2728 2854
2727 2716 2728
2720 2716 2727
2719 2689 2884
2719 2884 2885
2885 2884 2886
2885 2886 2887
2887 2886 2888
2887 2888 2889
2889 2888 2890
2889 2890 2860
2719 2885 2728
2719 2728 2716
2884 2689 2688
2884 2688 2891
2891 2892 2886
2891 2886 2884
2886 2892 2893
2886 2893 2888
2854 2728 2885
2854 2885 2887
2852 2887 2889
2894 2889 2860
2860 2890 2848
2859 2894 2860
2894 2852 2889
2852 2854 2887
2865 2895 2896
2865 2848 2897
2897 2848 2850
2894 2853 2852
2849 2848 2890
2849 2890 2888
2849 2888 2893
2895 2865 2897
2895 2897 2898
2899 2876 2877
2899 2877 2900
2901 2902 2903
2901 2903 2904
2905 2906 2907
2908 2909 2910
2911 2912 2910
2911 2910 2909
2911 2913 2914
2911 2914 2912
2914 2913 2915
2914 2915 2916
2917 2918 2919
2917 2919 2920
2920 2919 2921
2920 2921 2922
2923 2924 2925
2926 2927 2901
2926 2901 2904
2928 2903 2902
2929 2930 2927
2929 2927 2926
2929 2931 2932
2929 2932 2930
2932 2931 2922
2932 2922 2921
2933 2934 2935
2933 2935 2936
2933 2937 2938
2933 2938 2934
2938 2937 2916
2938 2916 2915
2939 2940 2941
2939 2941 2942
2941 2940 2907
2941 2907 2906
2939 2942 2918
2939 2918 2917
2935 2924 2923
2935 2923 2936
2943 2944 2945
2946 2947 2948
2946 2949 2947
2946 2950 2951
2946 2951 2952
2950 2948 2953
2948 2954 2955
2948 2955 2956
2948 2956 2957
2958 2959 2960
2958 2960 2961
2962 2960 2959
2962 2959 2963
2964 2958 2961
2964 2961 2965
2966 2967 2968
2966 2968 2969
2970 2962 2963
2970 2963 2971
2972 2955 2954
2972 2954 2973
2974 2975 2976
2972 2973 2977
2972 2977 2978
2947 2979 2954
2978 2977 2976
2978 2976 2975
2980 2981 2982
2980 2982 2983
2983 2984 2985
2983 2985 2980
2986 2985 2984
2987 2988 2989
2987 2989 2990
2991 2992 2993
2991 2993 2994
2995 2996 2997
2995 2997 2998
2983 2999 3000
2983 3000 2984
3001 2999 2983
3001 2983 3002
2997 2996 3003
2997 3003 3004
3005 3006 3007
3008 3009 3010
3011 3007 3006
3011 3006 3012
3013 3014 3015
3013 3015 3016
3017 3018 3019
3017 3019 3020
3021 3022 3023
3021 3023 3024
3025 3026 3027
3025 3027 3028
3029 3030 3031
3029 3031 3032
3033 3034 3035
3033 3035 3036
3037 3038 3039
3037 3039 3040
3041 3042 3043
3044 3045 3046
3044 3046 3047
3048 3049 3050
3048 3050 3051
3043 3042 3045
3043 3045 3044
2971 3052 3053
2971 3053 2970
3054 3055 3056
3057 2986 3058
3057 3058 3059
3060 2993 2992
3060 2992 2998
2992 2991 3061
2992 3061 3062
2998 2992 3062
2998 3062 2995
2998 2997 3063
2998 3063 3060
3058 2984 3000
2986 2984 3058
3064 3065 3066
3064 3066 3067
3068 3069 2991
3068 2991 2994
3070 3071 3057
3070 3057 3059
3068 3072 3073
3068 3073 3069
3070 3055 3054
3070 3054 3071
3074 3075 3076
3074 3076 3077
3065 3078 3079
3065 3079 3066
3072 3080 3081
3072 3081 3073
3078 3082 3083
3078 3083 3079
3084 3085 3086
3084 3086 3087
3088 3089 3090
3088 3090 3091
3009 3092 2990
3009 2990 3010
3093 3094 3095
3096 3097 3098
3099 3100 3101
3090 3089 3102
3090 3102 3103
2980 3063 3104
2980 3104 3105
3010 3106 3104
3010 3104 3008
3104 3106 3107
3104 3107 3105
2985 2986 2993
2985 2993 3060
3108 3109 3110
3108 3110 3111
3014 3013 3112
3014 3112 3113
3084 2949 3114
3115 3116 3117
3115 3117 3118
3063 2980 2985
3063 2985 3060
3071 3068 2994
3071 2994 3057
3071 3054 3072
3071 3072 3068
3054 3056 3080
3054 3080 3072
3057 2994 2993
3057 2993 2986
3110 3109 3113
3110 3113 3112
3119 3084 3114
2957 3120 3121
2957 3121 3122
3123 3077 3076
3123 3076 3124
2953 2948 2957
2953 2957 3122
2997 3125 3008
3104 3063 3008
2989 2988 3126
2989 3126 3127
2989 3127 3107
2989 3107 3106
2989 3106 3010
2989 3010 2990
3128 3129 3085
3119 3128 3084
3115 3130 3131
3115 3131 3116
2997 3008 3063
3055 3132 3056
3133 2950 2953
3134 2950 3133
3134 3133 3135
3075 3074 3136
3075 3136 3137
2967 2966 3053
2967 3053 3052
3094 3086 3085
3094 3085 3095
3097 2990 3092
3097 3092 3098
3100 3138 3139
3100 3139 3101
3102 3140 3103
3141 3142 3047
3141 3047 3046
3003 3011 3012
3003 3012 3004
3049 3088 3091
3049 3091 3050
3125 3009 3008
3084 3087 2979
2947 3084 2979
2948 2947 2954
2949 3084 2947
3143 3144 2952
3143 2952 2951
2981 3145 3146
2981 3146 2982
3018 3147 3148
3018 3148 3019
3149 3150 3022
3149 3022 3021
3119 3151 3128
3128 3085 3084
3152 3153 3154
3152 3154 3155
3156 3155 3154
3156 3154 3157
3158 3156 3157
3158 3157 3159
3160 3158 3159
3160 3159 3161
3162 3160 3161
3162 3161 3163
3164 3162 3163
3164 3163 3165
3166 3164 3165
3166 3165 3167
3168 3166 3167
3168 3167 3169
3170 3168 3169
3170 3169 3171
3172 3170 3171
3172 3171 3173
3174 3175 3176
3174 3176 3177
3178 3179 3180
3178 3180 3181
3182 3180 3179
3182 3179 3183
3184 3178 3181
3185 3186 3187
3185 3187 3188
3189 3190 3191
3189 3191 3192
3193 3189 3192
3193 3192 3194
3195 3186 3185
3195 3185 3196
3197 3195 3196
3197 3196 3198
3199 3193 3194
3199 3194 3200
3201 3197 3198
3201 3198 3202
3203 3199 3200
3203 3200 3204
3205 3201 3202
3205 3202 3206
3207 3203 3204
3207 3204 3208
3209 3205 3206
3209 3206 3210
3211 3207 3208
3211 3208 3212
3213 3211 3212
3213 3212 3214
3215 3213 3214
3215 3214 3216
3217 3215 3216
3217 3216 3218
3219 3217 3218
3219 3218 3220
3221 3222 3223
3224 3225 3191
3224 3191 3190
3226 3227 3228
3226 3228 3229
3229 3228 3225
3229 3225 3224
3230 3231 3232
3230 3232 3233
3187 3234 3235
3187 3235 3188
3236 3227 3226
3234 3231 3230
3234 3230 3235
3237 3238 3239
3183 3153 3152
3183 3152 3182
3240 3233 3232
3241 3242 3243
3241 3243 3244
3245 3246 3247
3245 3247 3248
3249 3245 3248
3249 3248 3250
3251 3249 3250
3251 3250 3252
3253 3251 3252
3253 3252 3254
3255 3253 3254
3255 3254 3256
3257 3255 3256
3257 3256 3258
3259 3257 3258
3259 3258 3260
3261 3259 3260
3261 3260 3262
3263 3261 3262
3263 3262 3264
3265 3263 3264
3265 3264 3266
3267 3265 3266
3267 3266 3268
3269 3267 3268
3269 3268 3270
3237 3269 3270
3237 3270 3238
3172 3173 3177
3172 3177 3176
3222 3219 3220
3222 3220 3223
3247 3246 3243
3247 3243 3242
3271 3272 3273
3271 3273 3274
3275 3276 3272
3275 3272 3271
3277 3275 3271
3277 3271 3278
3278 3271 3274
3278 3274 3279
3280 3278 3279
3280 3279 3281
3282 3277 3278
3282 3278 3280
3283 3280 3281
3283 3281 3284
3285 3282 3280
3285 3280 3283
3286 3283 3284
3286 3284 3287
3288 3285 3283
3288 3283 3286
3289 3286 3287
3289 3287 3290
3291 3288 3286
3291 3286 3289
3292 3289 3290
3292 3290 3293
3294 3291 3289
3294 3289 3292
3273 3272 3295
3272 3276 3295
3296 3297 3298
3296 3298 3299
3296 3299 3300
3296 3300 3301
3302 3303 3304
3302 3304 3305
3302 3305 3306
3302 3306 3307
3308 3307 3306
3308 3306 3309
3308 3309 3301
3308 3301 3300
3310 3311 3312
3310 3312 3313
3298 3311 3310
3314 3315 3316
3314 3316 3317
3314 3317 3318
3319 3320 3321
3319 3321 3322
3320 3323 3324
3320 3324 3321
3325 3322 3326
3325 3326 3327
3325 3327 3318
3325 3318 3317
3304 3315 3314
3305 3314 3318
3305 3318 3306
3301 3309 3327
3301 3327 3326
3309 3306 3318
3309 3318 3327
3296 3301 3326
3296 3326 3328
3296 3328 3329
3296 3329 3330
3331 3332 3324
3331 3324 3323
3333 3319 3322
3333 3322 3325
3333 3325 3317
3333 3317 3334
3335 3334 3317
3335 3317 3316
3316 3315 3336
3337 3330 3329
3337 3329 3338
3339 3340 3341
3339 3341 3315
3339 3315 3304
3342 3336 3315
3342 3315 3341
3342 3341 3343
3344 3345 3346
3344 3346 3347
3348 3349 3337
3348 3337 3338
3345 3332 3331
3345 3331 3346
3343 3340 3350
3343 3350 3351
3338 3352 3353
3338 3353 3348
3354 3352 3338
3354 3338 3329
3355 3354 3329
3355 3329 3328
3322 3355 3328
3322 3328 3326
3356 3311 3357
3356 3357 3358
3298 3297 3311
3311 3297 3357
3343 3341 3340
3359 3360 3361
3359 3361 3362
3359 3363 3364
3359 3364 3360
3365 3366 3367
3365 3367 3368
3366 3365 3369
3366 3369 3370
3371 3372 3370
3371 3370 3369
3371 3364 3363
3371 3363 3372
3373 3374 3375
3373 3375 3376
3367 3377 3378
3367 3378 3368
3379 3378 3377
3379 3377 3380
3361 3373 3376
3381 3382 3383
3381 3383 3384
3381 3385 3386
3381 3386 3382
3387 3388 3389
3387 3389 3390
3390 3389 3391
3390 3391 3392
3393 3394 3395
3393 3395 3388
3393 3386 3385
3393 3385 3394
3366 3381 3384
3366 3384 3367
3366 3370 3385
3366 3385 3381
3363 3395 3394
3363 3394 3372
3372 3394 3385
3372 3385 3370
3359 3396 3395
3359 3395 3363
3359 3397 3398
3359 3398 3396
3399 3392 3391
3399 3391 3400
3401 3393 3388
3401 3388 3387
3401 3402 3386
3401 3386 3393
3403 3382 3386
3403 3386 3402
3403 3404 3383
3403 3383 3382
3405 3406 3398
3405 3398 3397
3407 3408 3409
3407 3409 3410
3410 3409 3384
3410 3384 3383
3408 3380 3377
3408 3377 3409
3377 3367 3384
3377 3384 3409
3411 3410 3383
3411 3383 3404
3411 3407 3410
3412 3413 3414
3412 3414 3415
3416 3406 3405
3416 3405 3417
3415 3414 3399
3415 3399 3400
3418 3419 3420
3406 3416 3421
3406 3421 3422
3423 3398 3406
3423 3406 3422
3424 3396 3398
3424 3398 3423
3388 3395 3396
3388 3396 3424
3425 3426 3427
3425 3427 3376
3361 3376 3362
3376 3427 3362
3428 3429 3430
3428 3430 3431
3432 3433 3434
3432 3434 3435
3433 3436 3437
3433 3437 3434
3438 3439 3440
3438 3440 3441
3442 3438 3441
3442 3441 3443
3444 3442 3443
3444 3443 3445
3436 3444 3445
3436 3445 3437
3446 3447 3448
3446 3448 3449
3450 3451 3452
3450 3452 3453
3454 3455 3456
3454 3456 3457
3439 3458 3459
3439 3459 3440
3455 3432 3435
3455 3435 3456
3460 3461 3462
3460 3462 3463
3464 3465 3466
3464 3466 3467
3461 3468 3469
3461 3469 3462
3470 3464 3467
3470 3467 3471
3472 3473 3474
3472 3474 3475
3476 3470 3471
3476 3471 3477
3468 3478 3479
3468 3479 3469
3480 3460 3463
3480 3463 3481
3482 3480 3481
3482 3481 3483
3484 3482 3483
3484 3483 3485
3486 3484 3485
3486 3485 3487
3488 3472 3475
3488 3475 3489
3490 3486 3487
3490 3487 3491
3492 3490 3491
3492 3491 3493
3494 3495 3496
3494 3496 3497
3498 3499 3500
3498 3500 3501
3502 3503 3504
3502 3504 3505
3506 3507 3508
3506 3508 3509
3510 3488 3489
3510 3489 3511
3495 3476 3477
3495 3477 3496
3478 3498 3501
3478 3501 3479
3512 3492 3493
3512 3493 3513
3514 3515 3516
3514 3516 3517
3518 3506 3509
3518 3509 3519
3520 3514 3517
3520 3517 3521
3522 3520 3521
3522 3521 3523
3524 3522 3523
3524 3523 3525
3526 3527 3528
3526 3528 3529
3530 3531 3532
3530 3532 3533
3534 3535 3536
3534 3536 3537
3429 3530 3533
3429 3533 3430
3458 3538 3459
3539 3540 3541
3542 3543 3544
3419 3542 3545
3546 3547 3548
3546 3548 3549
3550 3539 3551
3547 3552 3553
3547 3553 3548
3554 3546 3549
3554 3549 3555
3556 3539 3550
3554 3555 3557
3558 3559 3560
3561 3562 3563
3561 3563 3564
3565 3566 3562
3565 3562 3561
3564 3563 3559
3564 3559 3558
3567 3568 3566
3567 3566 3565
3569 3570 3553
3569 3553 3552
3512 3513 3570
3512 3570 3569
3350 3571 3572
3350 3572 3351
3573 3572 3571
3573 3571 3574
3305 3304 3314
3335 3316 3336
3542 3544 3545
3419 3545 3420
3418 3420 3407
3411 3418 3407
3408 3575 3576
3408 3576 3380
3575 3577 3578
3575 3578 3576
3577 3579 3580
3577 3580 3578
3579 3551 3581
3579 3581 3580
3408 3407 3420
3408 3420 3575
3576 3582 3379
3576 3379 3380
3582 3576 3578
3582 3578 3583
3578 3580 3584
3578 3584 3583
3545 3577 3575
3545 3575 3420
3544 3579 3577
3585 3551 3579
3551 3539 3581
3550 3551 3585
3585 3579 3544
3544 3577 3545
3556 3586 3587
3556 3588 3539
3588 3540 3539
3585 3544 3543
3541 3581 3539
3541 3584 3580
3541 3580 3581
3587 3589 3588
3587 3588 3556
3590 3591 3568
3590 3568 3567
3592 3593 3594
3592 3594 3595
3596 3597 3598
3599 3600 3601
3602 3601 3600
3602 3600 3603
3602 3603 3604
3602 3604 3605
3604 3606 3607
3604 3607 3605
3608 3609 3610
3608 3610 3611
3609 3612 3613
3609 3613 3610
3614 3615 3616
3617 3593 3592
3617 3592 3618
3619 3595 3594
3620 3617 3618
3620 3618 3621
3620 3621 3622
3620 3622 3623
3622 3613 3612
3622 3612 3623
3624 3625 3626
3624 3626 3627
3624 3627 3628
3624 3628 3629
3628 3607 3606
3628 3606 3629
3630 3631 3632
3630 3632 3633
3632 3598 3597
3632 3597 3633
3630 3608 3611
3630 3611 3631
3626 3625 3614
3626 3614 3616
3634 3635 3636
3634 3636 3637
3634 3638 3639
3634 3639 3640
3640 3635 3634
3635 3641 3642
3635 3642 3643
3635 3644 3641
3645 3646 3647
3645 3647 3648
3649 3650 3648
3649 3648 3647
3651 3652 3646
3651 3646 3645
3653 3654 3655
3653 3655 3656
3657 3658 3650
3657 3650 3649
3659 3660 3643
3659 3643 3642
3661 3662 3663
3659 3664 3665
3659 3665 3660
3636 3643 3666
3664 3663 3662
3664 3662 3665
3667 3668 3669
3667 3669 3670
3668 3667 3671
3668 3671 3672
3673 3672 3671
3674 3675 3676
3674 3676 3677
3678 3679 3680
3678 3680 3681
3682 3683 3684
3682 3684 3685
3668 3672 3686
3668 3686 3687
3688 3689 3668
3688 3668 3687
3684 3690 3691
3684 3691 3685
3692 3693 3694
3695 3696 3697
3698 3699 3694
3698 3694 3693
3700 3701 3702
3700 3702 3703
3704 3705 3706
3704 3706 3707
3708 3709 3710
3708 3710 3711
3712 3713 3714
3712 3714 3715
3716 3717 3718
3716 3718 3719
3720 3721 3722
3720 3722 3723
3724 3725 3726
3724 3726 3727
3728 3729 3730
3731 3732 3733
3731 3733 3734
3735 3736 3737
3735 3737 3738
3729 3731 3734
3729 3734 3730
3658 3657 3739
3658 3739 3740
3741 3742 3743
3744 3745 3746
3744 3746 3673
3747 3683 3681
3747 3681 3680
3681 3748 3749
3681 3749 3678
3683 3682 3748
3683 3748 3681
3683 3747 3750
3683 3750 3684
3746 3686 3672
3673 3746 3672
3678 3749 3751
3678 3751 3752
3753 3679 3678
3753 3678 3752
3754 3745 3744
3754 3744 3755
3753 3752 3756
3753 3756 3757
3754 3755 3741
3754 3741 3743
3758 3759 3760
3758 3760 3761
3752 3751 3762
3752 3762 3756
3757 3756 3763
3757 3763 3764
3756 3762 3765
3756 3765 3763
3766 3767 3768
3766 3768 3769
3770 3771 3772
3770 3772 3773
3697 3696 3675
3697 3675 3774
3775 3776 3777
3778 3779 3780
3781 3782 3783
3772 3784 3785
3772 3785 3773
3667 3786 3787
3667 3787 3750
3696 3695 3787
3696 3787 3788
3787 3786 3789
3787 3789 3788
3671 3747 3680
3671 3680 3673
3790 3791 3792
3790 3792 3793
3703 3794 3795
3703 3795 3700
3766 3796 3637
3797 3798 3799
3797 3799 3800
3750 3747 3671
3750 3671 3667
3755 3744 3679
3755 3679 3753
3755 3753 3757
3755 3757 3741
3741 3757 3764
3741 3764 3742
3744 3673 3680
3744 3680 3679
3792 3795 3794
3792 3794 3793
3801 3796 3766
3644 3802 3803
3644 3803 3804
3804 3803 3760
3804 3760 3759
3805 3802 3644
3805 3644 3635
3684 3695 3806
3787 3695 3750
3676 3807 3808
3676 3808 3677
3676 3788 3789
3676 3789 3807
3676 3675 3696
3676 3696 3788
3809 3769 3810
3801 3766 3809
3797 3800 3811
3797 3811 3812
3684 3750 3695
3743 3742 3813
3814 3805 3640
3815 3816 3814
3815 3814 3640
3761 3817 3818
3761 3818 3758
3656 3740 3739
3656 3739 3653
3777 3776 3769
3777 3769 3768
3780 3779 3774
3780 3774 3675
3783 3782 3819
3783 3819 3820
3785 3784 3821
3822 3733 3732
3822 3732 3823
3691 3690 3699
3691 3699 3698
3738 3737 3771
3738 3771 3770
3806 3695 3697
3766 3666 3767
3636 3666 3766
3635 3643 3636
3637 3636 3766
3824 3639 3638
3824 3638 3825
3670 3669 3826
3670 3826 3827
3707 3706 3828
3707 3828 3829
3830 3708 3711
3830 3711 3831
3801 3809 3832
3809 3766 3769
3833 3834 3835
3833 3835 3836
3837 3838 3835
3837 3835 3834
3839 3840 3838
3839 3838 3837
3841 3842 3840
3841 3840 3839
3843 3844 3842
3843 3842 3841
3845 3846 3844
3845 3844 3843
3847 3848 3846
3847 3846 3845
3849 3850 3848
3849 3848 3847
3851 3852 3850
3851 3850 3849
3853 3854 3852
3853 3852 3851
3855 3856 3857
3855 3857 3858
3859 3860 3861
3859 3861 3862
3863 3864 3862
3863 3862 3861
3865 3860 3859
3866 3867 3868
3866 3868 3869
3870 3871 3872
3870 3872 3873
3874 3875 3871
3874 3871 3870
3876 3877 3866
3876 3866 3869
3878 3879 3877
3878 3877 3876
3880 3881 3875
3880 3875 3874
3882 3883 3879
3882 3879 3878
3884 3885 3881
3884 3881 3880
3886 3887 3883
3886 3883 3882
3888 3889 3885
3888 3885 3884
3890 3891 3887
3890 3887 3886
3892 3893 3889
3892 3889 3888
3894 3895 3893
3894 3893 3892
3896 3897 3895
3896 3895 3894
3898 3899 3897
3898 3897 3896
3900 3901 3899
3900 3899 3898
3902 3903 3904
3905 3873 3872
3905 3872 3906
3907 3908 3909
3907 3909 3910
3908 3905 3906
3908 3906 3909
3911 3912 3913
3911 3913 3914
3868 3867 3915
3868 3915 3916
3917 3907 3910
3916 3915 3911
3916 3911 3914
3918 3919 3920
3864 3863 3833
3864 3833 3836
3921 3913 3912
3922 3923 3924
3922 3924 3925
3926 3927 3928
3926 3928 3929
3930 3931 3927
3930 3927 3926
3932 3933 3931
3932 3931 3930
3934 3935 3933
3934 3933 3932
3936 3937 3935
3936 3935 3934
3938 3939 3937
3938 3937 3936
3940 3941 3939
3940 3939 3938
3942 3943 3941
3942 3941 3940
3944 3945 3943
3944 3943 3942
3946 3947 3945
3946 3945 3944
3948 3949 3947
3948 3947 3946
3950 3951 3949
3950 3949 3948
3918 3920 3951
3918 3951 3950
3853 3857 3856
3853 3856 3854
3904 3903 3901
3904 3901 3900
3928 3925 3924
3928 3924 3929
3952 3953 3954
3952 3954 3955
3956 3952 3955
3956 3955 3957
3958 3959 3952
3958 3952 3956
3959 3960 3953
3959 3953 3952
3961 3962 3960
3961 3960 3959
3963 3961 3959
3963 3959 3958
3964 3965 3962
3964 3962 3961
3966 3964 3961
3966 3961 3963
3967 3968 3965
3967 3965 3964
3969 3967 3964
3969 3964 3966
3970 3971 3968
3970 3968 3967
3972 3970 3967
3972 3967 3969
3973 3974 3971
3973 3971 3970
3975 3973 3970
3975 3970 3972
3954 3976 3955
3955 3976 3957
3977 3978 3979
3977 3979 3980
3981 3982 3983
3981 3983 3984
3985 3986 3987
3985 3987 3988
3978 3977 3986
3978 3986 3985
3989 3990 3980
3989 3980 3979
3989 3991 3992
3989 3992 3990
3993 3983 3982
3994 3981 3984
3994 3984 3995
3988 3987 3994
3988 3994 3995
3996 3997 3982
3996 3982 3981
3998 3996 3981
3998 3981 3994
3987 3999 3998
3987 3998 3994
3986 4000 3999
3986 3999 3987
3977 4001 4000
3977 4000 3986
4001 3977 3980
4001 3980 4002
3990 4003 4002
3990 4002 3980
3992 4004 4003
3992 4003 3990
3997 3993 3982
4005 4006 4007
4005 4007 4008
4007 3992 3991
4007 3991 4008
4009 4006 4005
4007 4010 4004
4007 4004 3992
4009 4011 4006
4006 4011 4010
4006 4010 4007
4012 4013 4014
4012 4014 4015
4016 4017 4018
4016 4018 4019
4020 4021 4022
4020 4022 4023
4015 4020 4023
4015 4023 4012
4024 4014 4013
4024 4013 4025
4024 4025 4026
4024 4026 4027
4028 4019 4018
4029 4030 4017
4029 4017 4016
4021 4030 4029
4021 4029 4022
4031 4016 4019
4031 4019 4032
4033 4029 4016
4033 4016 4031
4022 4029 4033
4022 4033 4034
4023 4022 4034
4023 4034 4035
4012 4023 4035
4012 4035 4036
4036 4037 4013
4036 4013 4012
4025 4013 4037
4025 4037 4038
4026 4025 4038
4026 4038 4039
4032 4019 4028
4040 4041 4042
4040 4042 4043
4041 4044 4045
4041 4045 4042
4045 4044 4027
4045 4027 4026
4046 4040 4043
4045 4026 4039
4045 4039 4047
4046 4043 4048
4043 4042 4049
4043 4049 4048
4042 4045 4047
4042 4047 4049
2950 2946 2948
3640 3805 3635
4050 4051 4052
4050 4052 4053
4054 4055 4050
4054 4050 4053
4056 4057 4055
4056 4055 4054
4058 4059 4057
4058 4057 4056
4059 4060 4061
4057 4061 4062
4062 4063 4055
4064 4065 4062
4065 4066 4062
4067 4050 4068
4069 4051 4070
4071 4072 4073
4062 4055 4057
4064 4062 4061
4052 4051 4074
4051 4050 4070
4075 4076 4077
4078 4079 4080
4078 4080 4081
4082 4078 4081
4082 4081 4083
4084 4085 4079
4084 4079 4078
4082 4086 4084
4087 4086 4088
4075 4077 4085
4075 4085 4084
4089 4090 4091
4092 4088 4086
4092 4086 4093
4086 4082 4094
4086 4094 4093
4081 4080 4095
4081 4095 4096
4083 4081 4096
4083 4096 4097
4087 4084 4086
4098 4084 4087
4098 4075 4084
4099 4075 4098
4096 4095 4100
4097 4096 4100
4074 4071 4101
4071 4074 4051
4102 4103 4104
4071 4073 4101
4075 4104 4076
4105 4106 4107
4108 4090 4089
4102 4104 4075
4066 4109 4110
4059 4061 4057
4063 4050 4055
4071 4051 4111
4112 4111 4113
4111 4051 4069
4072 4112 4113
4114 4107 4106
4109 4068 4110
4115 4060 4059
4062 4066 4063
4066 4110 4063
4110 4068 4050
4063 4110 4050
4116 4070 4067
4069 4070 4116
4070 4050 4067
4099 4098 4117
4082 4084 4078
4075 4099 4102
4099 4117 4118
4091 4090 4093
4091 4093 4094
4092 4093 4090
4092 4090 4108
4071 4112 4072
4071 4111 4112
4119 4120 4121
4120 4122 4123
4124 4125 4126
4124 4126 4127
4128 4124 4127
4128 4127 4129
4130 4131 4132
4123 4122 4133
4134 4123 4135
4136 4137 4138
4119 4121 4136
4139 4138 4137
4134 4136 4121
4120 4123 4134
4134 4137 4136
4133 4122 4140
4138 4139 4141
4141 4136 4138
4142 4124 4143
4142 4144 4124
4145 4146 4147
4148 4145 4147
4129 4145 4148
4126 4137 4149
4146 4145 4130
4150 4145 4129
4140 4122 4151
4143 4124 4128
4124 4144 4125
4131 4130 4150
4131 4152 4153
4132 4131 4153
4154 4155 4156
4131 4155 4154
4131 4154 4152
4150 4127 4149
4126 4149 4127
4120 4134 4121
4155 4150 4149
4156 4157 4158
4139 4137 4126
4129 4127 4150
4135 4123 4133
4130 4145 4150
4156 4155 4157
4102 4099 4159
4118 4160 4099
4159 4161 4102
4162 4163 4164
4162 4164 4165
4164 4166 4167
4164 4167 4165
4168 4169 4170
4169 4171 4172
4169 4172 4170
4173 4174 4175
4173 4175 4176
4177 4173 4176
4177 4176 4178
4179 4180 4181
4182 4183 4184
4182 4184 4185
4186 4184 4183
4186 4183 4187
4188 4186 4187
4189 4190 4191
4189 4191 4192
4193 4194 4195
4196 4197 4193
4198 4199 4196
4198 4196 4200
4196 4199 4201
4196 4201 4202
4201 4203 4204
4193 4195 4205
4193 4205 4206
4200 4196 4193
4200 4193 4206
4207 4198 4200
4207 4200 4208
4208 4200 4206
4208 4206 4209
4209 4206 4205
4209 4205 4210
4211 4212 4213
4211 4213 4214
4214 4213 4215
4214 4215 4216
4217 4218 4219
4217 4219 4220
4221 4222 4223
4224 4225 4226
4224 4226 4227
4228 4229 4230
4228 4230 4231
4232 4233 4234
4235 4236 4237
4235 4237 4238
4239 4237 4236
4239 4236 4240
4241 4242 4243
4241 4243 4234
4244 4239 4240
4244 4240 4245
4246 4244 4245
4246 4245 4247
4248 4249 4250
4248 4250 4251
4250 4243 4242
4250 4242 4251
4230 4229 4224
4230 4224 4227
4252 4253 4222
4252 4222 4254
4232 4216 4217
4235 4214 4216
4235 4216 4232
4211 4214 4235
4211 4235 4238
4213 4212 4207
4213 4207 4208
4213 4208 4209
4213 4209 4215
4226 4225 4255
4226 4255 4256
4256 4255 4257
4256 4257 4258
4248 4259 4260
4248 4260 4249
4261 4228 4231
4261 4231 4262
4263 4264 4265
4263 4265 4266
4267 4268 4263
4267 4263 4266
4269 4270 4271
4269 4271 4272
4273 4269 4272
4273 4272 4274
4273 4274 4275
4276 4275 4277
4276 4277 4278
4279 4276 4278
4279 4278 4280
4281 4279 4280
4281 4280 4282
4283 4281 4282
4283 4282 4284
4285 4286 4268
4285 4268 4267
4171 4287 4286
4171 4286 4285
4169 4288 4287
4169 4287 4171
4289 4288 4169
4289 4169 4290
4291 4292 4293
4291 4293 4294
4295 4296 4297
4295 4297 4298
4266 4265 4299
4266 4299 4300
4300 4301 4267
4300 4267 4266
4301 4302 4285
4301 4285 4267
4172 4303 4304
4302 4305 4172
4303 4306 4307
4303 4307 4304
4308 4307 4306
4308 4306 4309
4309 4310 4311
4309 4311 4308
4310 4312 4313
4310 4313 4311
4314 4315 4261
4314 4261 4316
4317 4261 4262
4318 4319 4246
4320 4321 4322
4320 4322 4323
4324 4322 4321
4324 4321 4325
4326 4324 4325
4326 4325 4327
4327 4328 4329
4327 4329 4326
4328 4330 4331
4328 4331 4329
4330 4332 4333
4330 4333 4331
4332 4334 4335
4332 4335 4333
4336 4335 4334
4336 4334 4337
4338 4336 4337
4338 4337 4339
4319 4340 4244
4319 4244 4246
4340 4341 4239
4340 4239 4244
4341 4342 4237
4341 4237 4239
4343 4344 4345
4343 4345 4346
4344 4343 4347
4344 4347 4348
4345 4349 4350
4345 4350 4346
4351 4352 4353
4351 4353 4354
4355 4356 4357
4355 4357 4358
4354 4353 4359
4354 4359 4360
4360 4359 4356
4360 4356 4355
4361 4362 4363
4361 4363 4364
4365 4366 4364
4365 4364 4363
4367 4368 4366
4367 4366 4365
4369 4368 4370
4371 4369 4370
4371 4370 4372
4373 4371 4372
4373 4372 4374
4317 4375 4376
4317 4376 4316
4375 4377 4378
4375 4378 4376
4379 4380 4381
4379 4381 4382
4379 4383 4384
4379 4384 4380
4385 4386 4387
4385 4387 4388
4386 4389 4390
4386 4390 4387
4391 4390 4389
4391 4389 4392
4393 4394 4395
4393 4395 4396
4397 4271 4270
4397 4270 4398
4246 4247 4399
4246 4399 4400
4401 4402 4403
4401 4403 4404
4404 4405 4406
4404 4406 4401
4405 4407 4408
4405 4408 4406
4407 4409 4410
4407 4410 4408
4411 4410 4409
4411 4409 4412
4412 4413 4414
4412 4414 4411
4413 4415 4416
4413 4416 4414
4417 4418 4419
4417 4419 4420
4421 4422 4423
4424 4425 4426
4427 4426 4425
4427 4425 4428
4429 4427 4428
4429 4428 4430
4430 4431 4432
4430 4432 4429
4433 4432 4431
4433 4431 4434
4435 4433 4434
4435 4434 4436
4436 4437 4438
4436 4438 4435
4439 4438 4437
4439 4437 4440
4441 4273 4275
4275 4442 4443
4275 4443 4441
4444 4443 4442
4444 4442 4445
4445 4446 4447
4445 4447 4444
4446 4448 4449
4446 4449 4447
4353 4352 4450
4353 4450 4451
4359 4353 4451
4359 4451 4452
4356 4359 4452
4356 4452 4453
4357 4356 4453
4357 4453 4369
4357 4454 4455
4357 4455 4358
4456 4457 4458
4456 4458 4459
4458 4460 4461
4458 4461 4459
4462 4461 4460
4462 4460 4463
4464 4462 4463
4464 4463 4465
4466 4467 4468
4466 4468 4469
4469 4470 4471
4469 4471 4466
4472 4473 4474
4472 4474 4475
4476 4474 4473
4476 4473 4477
4467 4478 4479
4467 4479 4468
4480 4373 4374
4481 4482 4483
4454 4481 4483
4454 4483 4455
4319 4318 4484
4319 4484 4485
4486 4487 4488
4486 4488 4489
4487 4490 4491
4487 4491 4488
4490 4492 4493
4490 4493 4491
4492 4494 4495
4492 4495 4493
4494 4496 4497
4494 4497 4495
4496 4498 4499
4496 4499 4497
4498 4500 4501
4498 4501 4499
4500 4502 4503
4500 4503 4501
4502 4504 4505
4502 4505 4503
4340 4319 4485
4340 4485 4506
4341 4340 4506
4507 4508 4509
4507 4509 4510
4511 4507 4510
4512 4513 4511
4341 4506 4514
4475 4515 4516
4475 4516 4472
4515 4517 4518
4515 4518 4516
4517 4519 4520
4517 4520 4518
4519 4521 4522
4519 4522 4520
4521 4523 4524
4521 4524 4522
4525 4524 4523
4525 4523 4526
4527 4525 4526
4527 4526 4528
4529 4338 4339
4529 4339 4530
4505 4504 4531
4505 4531 4532
4533 4534 4535
4533 4535 4536
4537 4533 4536
4537 4536 4538
4539 4537 4538
4539 4538 4540
4541 4539 4540
4541 4540 4542
4543 4541 4542
4543 4542 4544
4545 4543 4544
4545 4544 4546
4534 4547 4548
4534 4548 4535
4549 4393 4396
4549 4396 4550
4387 4550 4551
4552 4553 4554
4555 4471 4470
4555 4470 4556
4557 4555 4556
4557 4556 4558
4558 4559 4560
4558 4560 4557
4561 4560 4559
4561 4559 4562
4563 4554 4553
4563 4553 4564
4565 4566 4567
4565 4567 4568
4568 4569 4570
4568 4570 4565
4569 4571 4572
4569 4572 4570
4567 4566 4573
4574 4575 4576
4574 4576 4577
4577 4578 4579
4577 4579 4574
4580 4579 4578
4580 4578 4581
4581 4582 4583
4581 4583 4580
4584 4583 4582
4584 4582 4585
4586 4548 4547
4586 4547 4587
4588 4576 4575
4588 4575 4589
4587 4590 4591
4587 4591 4586
4589 4592 4593
4589 4593 4588
4590 4594 4591
4592 4509 4508
4592 4508 4593
4595 4596 4597
4595 4597 4598
4349 4599 4600
4601 4600 4599
4602 4603 4604
4596 4605 4606
4596 4606 4597
4607 4606 4605
4607 4605 4608
4609 4602 4610
4609 4610 4611
4612 4609 4611
4613 4614 4615
4616 4368 4453
4616 4453 4452
4369 4453 4368
4617 4613 4615
4617 4615 4618
4619 4620 4621
4619 4621 4622
4623 4624 4625
4623 4625 4626
4627 4623 4626
4627 4626 4628
4629 4630 4631
4629 4631 4632
4632 4346 4633
4632 4633 4629
4634 4635 4636
4634 4636 4637
4638 4639 4640
4638 4640 4641
4639 4642 4643
4639 4643 4640
4644 4645 4646
4644 4646 4647
4645 4648 4649
4645 4649 4646
4650 4651 4652
4653 4654 4655
4653 4655 4651
4650 4653 4651
4650 4656 4657
4563 4564 4658
4563 4658 4659
4658 4660 4661
4658 4661 4659
4660 4662 4663
4660 4663 4661
4664 4665 4666
4664 4666 4667
4668 4669 4670
4668 4670 4671
4672 4668 4671
4672 4671 4673
4674 4672 4673
4674 4673 4675
4676 4677 4678
4676 4678 4679
4680 4681 4375
4680 4375 4317
4317 4262 4680
4681 4682 4377
4681 4377 4375
4682 4683 4377
4684 4685 4686
4684 4686 4683
4686 4685 4687
4686 4687 4688
4687 4689 4690
4687 4690 4688
4689 4691 4692
4689 4692 4690
4691 4693 4694
4691 4694 4692
4695 4694 4693
4695 4693 4696
4696 4697 4698
4696 4698 4695
4699 4700 4701
4699 4701 4702
4702 4701 4703
4702 4703 4704
4700 4705 4706
4700 4706 4701
4701 4706 4707
4701 4707 4703
4708 4709 4706
4708 4706 4705
4709 4692 4707
4709 4707 4706
4709 4710 4690
4709 4690 4692
4711 4710 4709
4711 4709 4708
4703 4707 4694
4703 4694 4712
4712 4713 4714
4712 4714 4703
4384 4383 4683
4384 4683 4686
4715 4716 4386
4715 4386 4385
4716 4717 4718
4716 4718 4386
4717 4719 4720
4717 4720 4718
4719 4721 4722
4719 4722 4720
4378 4379 4382
4378 4382 4723
4377 4383 4379
4377 4379 4378
4683 4383 4377
4724 4725 4726
4724 4726 4727
4728 4729 4730
4728 4730 4731
4732 4733 4734
4732 4734 4735
4736 4737 4735
4736 4735 4734
4738 4708 4737
4738 4737 4736
4739 4711 4708
4739 4708 4738
4740 4741 4742
4740 4742 4743
4743 4744 4745
4743 4745 4740
4602 4609 4746
4602 4746 4747
4603 4602 4747
4609 4748 4746
4749 4750 4751
4749 4751 4752
4753 4754 4755
4753 4755 4756
4710 4757 4688
4710 4688 4690
4758 4757 4710
4736 4759 4760
4736 4760 4738
4382 4381 4761
4382 4761 4762
4723 4382 4762
4763 4764 4765
4763 4765 4766
4762 4767 4723
4767 4768 4769
4767 4769 4723
4770 4771 4772
4770 4772 4773
4736 4770 4773
4736 4773 4728
4774 4775 4776
4774 4776 4777
4778 4776 4775
4778 4775 4779
4766 4774 4777
4766 4777 4763
4780 4781 4782
4780 4782 4783
4781 4784 4785
4781 4785 4782
4752 4786 4787
4752 4787 4749
4788 4789 4790
4791 4788 4790
4791 4790 4792
4793 4794 4795
4793 4795 4796
4797 4791 4792
4797 4792 4798
4794 4799 4800
4794 4800 4795
4801 4797 4798
4801 4798 4802
4799 4803 4804
4799 4804 4800
4805 4806 4807
4808 4809 4753
4808 4753 4756
4810 4811 4805
4810 4805 4812
4813 4814 4815
4813 4815 4816
4814 4817 4818
4814 4818 4815
4817 4819 4820
4817 4820 4818
4821 4822 4823
4821 4823 4824
4822 4825 4826
4822 4826 4823
4827 4828 4829
4827 4829 4830
4831 4832 4833
4831 4833 4834
4835 4836 4837
4835 4837 4838
4839 4840 4841
4839 4841 4842
4843 4844 4845
4843 4845 4846
4847 4848 4849
4847 4849 4850
4850 4851 4852
4850 4852 4847
4851 4853 4854
4851 4854 4852
4855 4856 4857
4855 4857 4858
4859 4860 4861
4859 4861 4862
4860 4863 4864
4860 4864 4861
4602 4604 4610
4865 4866 4867
4865 4867 4868
4869 4870 4871
4869 4871 4872
4237 4342 4238
4873 4874 4875
4873 4875 4876
4877 4878 4879
4877 4879 4880
4880 4616 4452
4880 4452 4877
4881 4882 4883
4881 4883 4884
4885 4882 4881
4886 4887 4888
4886 4888 4889
4890 4891 4892
4890 4892 4633
4893 4894 4895
4893 4895 4896
4222 4253 4223
4897 4898 4899
4897 4899 4900
4550 4897 4900
4550 4900 4901
4902 4903 4904
4902 4904 4905
4903 4906 4907
4903 4907 4904
4906 4908 4909
4906 4909 4907
4910 4911 4912
4910 4912 4913
4911 4914 4915
4911 4915 4912
4916 4917 4918
4916 4918 4919
4917 4920 4918
4921 4922 4923
4921 4923 4924
4925 4926 4764
4925 4764 4927
4928 4929 4926
4928 4926 4925
4761 4381 4929
4761 4929 4928
4930 4931 4932
4930 4932 4933
4934 4932 4931
4934 4931 4935
4936 4934 4935
4936 4935 4937
4938 4936 4937
4938 4937 4939
4940 4938 4939
4940 4939 4941
4942 4940 4941
4942 4941 4943
4943 4944 4945
4943 4945 4942
4946 4947 4948
4946 4948 4949
4947 4950 4951
4947 4951 4948
4950 4952 4953
4950 4953 4951
4954 4955 4956
4957 4958 4959
4960 4961 4958
4962 4961 4963
4764 4962 4964
4764 4964 4927
4388 4387 4551
4388 4551 4965
4292 4289 4290
4292 4290 4293
4188 4966 4967
4188 4967 4968
4969 4970 4971
4969 4971 4972
4973 4974 4975
4973 4975 4976
4976 4248 4977
4976 4977 4973
4403 4402 4978
4403 4978 4979
4933 4975 4974
4933 4974 4930
4711 4739 4980
4711 4980 4758
4981 4739 4738
4981 4738 4760
4982 4926 4929
4983 4727 4726
4825 4984 4826
4985 4902 4905
4764 4926 4982
4764 4982 4765
4986 4987 4988
4980 4739 4981
4457 4989 4990
4991 4992 4993
4992 4966 4188
4992 4188 4993
4349 4600 4994
4349 4994 4350
4993 4188 4995
4996 4997 4998
4996 4998 4999
4999 4678 4677
4999 4677 4996
4674 4675 5000
4376 4378 4723
4376 4723 4769
5001 5002 4595
5001 4595 4598
5003 5002 5001
4188 4187 5004
4728 4759 4736
5005 5006 5007
5005 5007 5008
4675 5009 5000
5010 4573 4566
4221 4223 5011
4682 4684 4683
4479 4478 5012
5013 4476 4477
4551 4550 4901
4387 4549 4550
4679 5014 5015
4679 5015 4676
5016 5017 5018
5016 5018 5019
4758 4710 4711
5020 4193 4197
4204 4203 5021
4692 4694 4707
4650 4657 4653
4960 4963 4961
4962 4963 4964
4957 4960 4958
4318 4246 4400
5022 5023 5024
5022 5024 5025
5023 5026 5027
5023 5027 5024
5028 5029 5030
5031 5032 5033
5031 5033 5034
5035 5036 5032
5035 5032 5031
5037 5038 5039
5037 5039 5040
5041 5042 5043
5044 5045 5046
5044 5046 5047
5048 5049 5050
5048 5050 5051
5052 5053 5054
5052 5054 5055
5056 5057 5058
5056 5058 5059
5057 5060 5061
5057 5061 5058
5062 5063 5037
5062 5037 5040
5064 5065 4219
5064 4219 5066
5067 5068 5069
5020 4194 4193
5070 5071 5072
5073 5074 5075
4203 4201 4199
5070 5076 5077
5065 5078 5079
5065 5079 4219
5068 5045 5044
5068 5044 5069
5074 5049 5048
5074 5048 5075
5078 5080 5081
5078 5081 5079
5080 5056 5059
5080 5059 5081
5046 5063 5062
5046 5062 5047
5050 5022 5025
5050 5025 5051
5082 5034 5033
5082 5033 5083
5084 5085 5086
5087 5088 5089
5087 5089 5090
5039 5038 5089
5039 5089 5088
5027 5026 5085
5027 5085 5084
5035 5055 5054
5035 5054 5036
5061 5060 5043
5061 5043 5042
5028 5030 5082
5028 5082 5083
5091 4953 4952
5091 4952 5092
5093 5094 5095
5095 5096 5097
5095 5097 5093
5098 5097 5096
5098 5096 5099
5098 5100 5101
5099 5100 5098
4971 4970 5102
5103 5104 5105
5103 5105 5106
5107 5108 5109
5107 5109 5110
5107 5111 5112
5107 5112 5108
5111 5113 5114
5111 5114 5112
5113 5115 5116
5113 5116 5114
5117 5116 5115
5117 5115 5118
5118 5119 5120
5118 5120 5117
4422 5120 5119
4422 5119 4423
4972 5121 5122
4972 5122 4969
4967 5123 5124
4967 5124 4968
4297 4296 4291
4297 4291 4294
5121 4417 4420
5121 4420 5122
5123 5125 5126
5123 5126 5124
5109 5103 5106
5109 5106 5110
5127 5128 5126
5127 5126 5125
5129 4979 4978
5129 4978 5130
4259 4248 4976
4894 4725 4724
4894 4724 4895
4728 4731 4759
4892 4887 4886
4892 4886 4633
5131 4635 4634
4888 5132 5133
4888 5133 4889
4637 4636 5134
4637 5134 5135
4730 4729 5136
4730 5136 5137
4893 4896 5138
4893 5138 5139
4350 4890 4633
4350 4633 4346
4995 4188 5004
4994 5140 4890
4994 4890 4350
5141 4891 4890
5141 4890 5140
4989 4457 4456
4811 4806 4805
4918 4920 5142
4275 4274 4277
4196 4202 4197
5076 5143 5077
4205 4195 5144
4205 5144 5145
5066 5145 5064
4233 4217 4220
4233 4220 5146
4241 4233 5146
4241 5146 5147
5147 5148 4242
5147 4242 4241
4216 4215 4218
4216 4218 4217
4215 4209 4210
4215 4210 4218
4195 4194 5077
4178 4180 4179
4178 4179 4177
4221 5149 4254
4221 4254 4222
5150 5151 5149
5150 5149 4221
5152 5151 5150
5153 5154 5155
4314 4316 4376
4314 4376 4769
4314 4769 4768
4314 4768 5156
4315 4314 5156
4315 5156 5157
5158 4315 5157
5158 5157 5159
4252 5158 5159
4252 5159 4253
4317 4316 4261
5160 4977 4248
5160 4248 4251
5148 5160 4251
5148 4251 4242
4168 4170 4167
4168 4167 4166
4285 4172 4171
4302 4172 4285
4305 4303 4172
4370 4368 4367
4240 4243 4250
4240 4250 4245
5030 5029 5161
5070 5072 5076
4236 4234 4243
4236 4243 4240
4232 4234 4236
4232 4236 4235
4513 4507 4511
4399 4247 4249
4399 4249 4260
4247 4245 4250
4247 4250 4249
4228 4261 4315
4228 4315 5158
4229 4228 5158
4229 5158 4252
4224 4229 4252
4224 4252 4254
4225 4224 4254
4225 4254 5149
4255 4225 5149
4255 5149 5151
4257 4255 5151
4257 5151 5152
5162 5068 5067
4234 4233 4241
4232 4217 4233
4210 5066 4219
4210 4219 4218
4210 4205 5145
4210 5145 5066
5163 5164 5165
4258 5166 5167
4257 5168 5169
5170 5171 5152
5152 5171 5168
5169 5166 4257
4257 5166 4258
5152 5168 4257
5153 5155 5163
5077 5143 4195
4195 5143 5144
5172 5170 5173
5152 5150 5174
5170 5174 5175
4131 4150 4155
5163 5155 5164
5176 5177 5178
5176 5178 5154
5153 5176 5154
5165 5179 5163
5180 5179 5165
5181 5179 5180
5182 5181 5180
4161 4159 5183
5184 5181 5182
4159 4099 4160
4160 4118 5185
4101 4073 4106
4101 4106 4105
5186 5187 5188
5152 5174 5170
5173 5170 5175
5185 4118 5189
5190 5191 5192
5190 5192 5193
5194 5191 5190
5194 5190 5195
5196 5194 5195
5196 5195 5197
5198 5196 5197
5198 5197 5199
5199 5200 5201
5197 5202 5200
5202 5195 5203
5204 5202 5205
5205 5202 5206
5207 5208 5190
5209 5210 5193
5211 5212 5213
5202 5197 5195
5204 5200 5202
5192 5214 5193
5193 5210 5190
5215 5216 5217
5218 5219 5220
5218 5220 5221
5222 5223 5219
5222 5219 5218
5224 5218 5221
5224 5221 5225
5222 5224 5226
5227 5228 5226
5215 5224 5225
5215 5225 5216
5229 5230 5231
5232 5233 5226
5232 5226 5228
5226 5233 5234
5226 5234 5222
5219 5235 5236
5219 5236 5220
5223 5237 5235
5223 5235 5219
5227 5226 5224
5238 5227 5224
5238 5224 5215
5239 5238 5215
5235 5240 5236
5237 5240 5235
5214 5241 5211
5211 5193 5214
5242 5243 5244
5211 5241 5212
5215 5217 5243
5245 5246 5247
5248 5229 5231
5242 5215 5243
5206 5249 5250
5199 5197 5200
5203 5195 5190
5211 5251 5193
5252 5253 5251
5251 5209 5193
5213 5253 5252
5254 5247 5246
5250 5249 5208
5255 5199 5201
5202 5203 5206
5206 5203 5249
5249 5190 5208
5203 5190 5249
5256 5207 5210
5209 5256 5210
5210 5207 5190
5239 5257 5238
5222 5218 5224
5215 5242 5239
5239 5258 5257
5230 5234 5233
5230 5233 5231
5232 5248 5231
5232 5231 5233
5211 5213 5252
5211 5252 5251
5259 5260 5261
5261 5262 5263
5264 5265 5266
5264 5266 5267
5268 5269 5265
5268 5265 5264
5270 5271 5272
5262 5273 5263
5274 5275 5262
5276 5277 5278
5259 5276 5260
5279 5278 5277
5274 5260 5276
5261 5274 5262
5274 5276 5278
5273 5280 5263
5277 5281 5279
5281 5277 5276
5282 5283 5264
5282 5264 5284
5285 5286 5287
5288 5286 5285
5269 5288 5285
5266 5289 5278
5287 5270 5285
5290 5269 5285
5280 5291 5263
5283 5268 5264
5264 5267 5284
5272 5290 5270
5272 5292 5293
5271 5292 5272
5294 5295 5296
5272 5294 5296
5272 5293 5294
5290 5289 5265
5266 5265 5289
5261 5260 5274
5296 5289 5290
5295 5297 5298
5279 5266 5278
5269 5290 5265
5275 5273 5262
5270 5290 5285
5295 5298 5296
5242 5299 5239
5258 5239 5300
5299 5242 5301
5302 5303 5304
5302 5304 5305
5304 5303 5306
5304 5306 5307
5308 5309 5310
5310 5309 5311
5310 5311 5312
5313 5314 5315
5313 5315 5316
5317 5318 5314
5317 5314 5313
5319 5320 5321
5322 5323 5324
5322 5324 5325
5326 5327 5325
5326 5325 5324
5328 5327 5326
5329 5330 5331
5329 5331 5332
5333 5334 5335
5336 5333 5337
5338 5339 5336
5338 5336 5340
5336 5341 5342
5336 5342 5340
5342 5343 5344
5333 5345 5346
5333 5346 5334
5339 5345 5333
5339 5333 5336
5347 5348 5339
5347 5339 5338
5348 5349 5345
5348 5345 5339
5349 5350 5346
5349 5346 5345
5351 5352 5353
5351 5353 5354
5352 5355 5356
5352 5356 5353
5357 5358 5359
5357 5359 5360
5361 5362 5363
5364 5365 5366
5364 5366 5367
5368 5369 5370
5368 5370 5371
5372 5373 5374
5375 5376 5377
5375 5377 5378
5379 5380 5378
5379 5378 5377
5381 5373 5382
5381 5382 5383
5384 5385 5380
5384 5380 5379
5386 5387 5385
5386 5385 5384
5388 5389 5390
5388 5390 5391
5390 5389 5383
5390 5383 5382
5370 5365 5364
5370 5364 5371
5392 5393 5363
5392 5363 5394
5372 5357 5355
5375 5372 5355
5375 5355 5352
5351 5376 5375
5351 5375 5352
5353 5348 5347
5353 5347 5354
5353 5356 5349
5353 5349 5348
5366 5395 5396
5366 5396 5367
5395 5397 5398
5395 5398 5396
5388 5391 5399
5388 5399 5400
5401 5402 5369
5401 5369 5368
5403 5404 5405
5403 5405 5406
5407 5404 5403
5407 5403 5408
5409 5410 5411
5409 5411 5412
5413 5414 5410
5413 5410 5409
5413 5415 5414
5416 5417 5418
5416 5418 5415
5419 5420 5417
5419 5417 5416
5421 5422 5420
5421 5420 5419
5423 5424 5422
5423 5422 5421
5425 5407 5408
5425 5408 5426
5312 5425 5426
5312 5426 5427
5310 5312 5427
5310 5427 5428
5429 5430 5310
5429 5310 5428
5431 5432 5433
5431 5433 5434
5435 5436 5437
5435 5437 5438
5404 5439 5440
5404 5440 5405
5439 5404 5407
5439 5407 5441
5441 5407 5425
5441 5425 5442
5311 5443 5444
5442 5311 5445
5444 5443 5446
5444 5446 5447
5448 5449 5447
5448 5447 5446
5449 5448 5450
5449 5450 5451
5451 5450 5452
5451 5452 5453
5454 5455 5401
5454 5401 5456
5457 5402 5401
5458 5386 5459
5460 5461 5462
5460 5462 5463
5464 5465 5463
5464 5463 5462
5466 5467 5465
5466 5465 5464
5467 5466 5468
5467 5468 5469
5469 5468 5470
5469 5470 5471
5471 5470 5472
5471 5472 5473
5473 5472 5474
5473 5474 5475
5476 5477 5475
5476 5475 5474
5478 5479 5477
5478 5477 5476
5459 5386 5384
5459 5384 5480
5480 5384 5379
5480 5379 5481
5481 5379 5377
5481 5377 5482
5483 5484 5485
5483 5485 5486
5486 5487 5488
5486 5488 5483
5485 5484 5489
5485 5489 5490
5491 5492 5493
5491 5493 5494
5495 5496 5497
5495 5497 5498
5492 5499 5500
5492 5500 5493
5499 5495 5498
5499 5498 5500
5501 5502 5503
5501 5503 5504
5505 5503 5502
5505 5502 5506
5507 5505 5506
5507 5506 5508
5509 5510 5508
5511 5512 5510
5511 5510 5509
5513 5514 5512
5513 5512 5511
5457 5455 5515
5457 5515 5516
5516 5515 5517
5516 5517 5518
5519 5520 5521
5519 5521 5522
5519 5522 5523
5519 5523 5524
5525 5526 5527
5525 5527 5528
5528 5527 5529
5528 5529 5530
5531 5532 5530
5531 5530 5529
5533 5534 5535
5533 5535 5536
5537 5538 5412
5537 5412 5411
5386 5539 5540
5386 5540 5387
5541 5542 5543
5541 5543 5544
5542 5541 5545
5542 5545 5546
5546 5545 5547
5546 5547 5548
5548 5547 5549
5548 5549 5550
5551 5552 5550
5551 5550 5549
5552 5551 5553
5552 5553 5554
5554 5553 5555
5554 5555 5556
5557 5558 5559
5557 5559 5560
5561 5562 5563
5564 5565 5566
5567 5568 5566
5567 5566 5565
5569 5570 5568
5569 5568 5567
5570 5569 5571
5570 5571 5572
5573 5574 5572
5573 5572 5571
5575 5576 5574
5575 5574 5573
5576 5575 5577
5576 5577 5578
5579 5580 5578
5579 5578 5577
5581 5415 5413
5415 5581 5582
5415 5582 5583
5584 5585 5583
5584 5583 5582
5585 5584 5586
5585 5586 5587
5587 5586 5588
5587 5588 5589
5493 5590 5591
5493 5591 5494
5500 5592 5590
5500 5590 5493
5498 5593 5592
5498 5592 5500
5497 5509 5593
5497 5593 5498
5497 5496 5594
5497 5594 5595
5596 5597 5598
5596 5598 5599
5598 5597 5600
5598 5600 5601
5602 5603 5601
5602 5601 5600
5604 5605 5603
5604 5603 5602
5606 5607 5608
5606 5608 5609
5607 5606 5610
5607 5610 5611
5612 5613 5614
5612 5614 5615
5616 5617 5615
5616 5615 5614
5609 5608 5618
5609 5618 5619
5620 5514 5513
5621 5622 5623
5595 5594 5622
5595 5622 5621
5459 5624 5625
5459 5625 5458
5626 5627 5628
5626 5628 5629
5629 5628 5630
5629 5630 5631
5631 5630 5632
5631 5632 5633
5633 5632 5634
5633 5634 5635
5635 5634 5636
5635 5636 5637
5637 5636 5638
5637 5638 5639
5639 5638 5640
5639 5640 5641
5641 5640 5642
5641 5642 5643
5643 5642 5644
5643 5644 5645
5480 5646 5624
5480 5624 5459
5481 5646 5480
5647 5648 5649
5647 5649 5650
5651 5648 5647
5652 5651 5653
5481 5654 5646
5613 5612 5655
5613 5655 5656
5656 5655 5657
5656 5657 5658
5658 5657 5659
5658 5659 5660
5660 5659 5661
5660 5661 5662
5662 5661 5663
5662 5663 5664
5665 5666 5664
5665 5664 5663
5667 5668 5666
5667 5666 5665
5669 5670 5479
5669 5479 5478
5644 5671 5672
5644 5672 5645
5673 5674 5675
5673 5675 5676
5677 5678 5674
5677 5674 5673
5679 5680 5678
5679 5678 5677
5681 5682 5680
5681 5680 5679
5683 5684 5682
5683 5682 5681
5685 5686 5684
5685 5684 5683
5676 5675 5687
5676 5687 5688
5689 5690 5534
5689 5534 5533
5527 5691 5690
5692 5693 5694
5695 5696 5611
5695 5611 5610
5697 5698 5696
5697 5696 5695
5698 5697 5699
5698 5699 5700
5701 5702 5700
5701 5700 5699
5703 5704 5694
5703 5694 5693
5705 5706 5707
5705 5707 5708
5706 5705 5709
5706 5709 5710
5710 5709 5711
5710 5711 5712
5707 5713 5708
5714 5715 5716
5714 5716 5717
5715 5714 5718
5715 5718 5719
5720 5721 5719
5720 5719 5718
5721 5720 5722
5721 5722 5723
5724 5725 5723
5724 5723 5722
5726 5727 5688
5726 5688 5687
5728 5729 5717
5728 5717 5716
5727 5726 5730
5727 5730 5731
5729 5728 5732
5729 5732 5733
5731 5730 5734
5733 5732 5650
5733 5650 5649
5735 5736 5737
5735 5737 5738
5490 5739 5740
5741 5740 5739
5742 5743 5744
5738 5737 5745
5738 5745 5746
5747 5748 5746
5747 5746 5745
5749 5750 5751
5749 5751 5742
5752 5750 5749
5753 5754 5755
5756 5592 5593
5756 5593 5508
5509 5508 5593
5757 5758 5754
5757 5754 5753
5759 5760 5761
5759 5761 5762
5763 5764 5765
5763 5765 5766
5767 5768 5764
5767 5764 5763
5769 5770 5771
5769 5771 5772
5770 5769 5773
5770 5773 5484
5774 5775 5776
5774 5776 5777
5778 5779 5780
5778 5780 5781
5781 5780 5782
5781 5782 5783
5784 5785 5786
5784 5786 5787
5787 5786 5788
5787 5788 5789
5790 5791 5792
5793 5792 5794
5793 5794 5795
5790 5792 5793
5790 5796 5797
5703 5798 5799
5703 5799 5704
5799 5798 5800
5799 5800 5801
5801 5800 5802
5801 5802 5803
5804 5805 5806
5804 5806 5807
5808 5809 5810
5808 5810 5811
5812 5813 5809
5812 5809 5808
5814 5815 5813
5814 5813 5812
5816 5817 5818
5816 5818 5819
5820 5457 5516
5820 5516 5821
5457 5820 5402
5821 5516 5518
5821 5518 5822
5822 5518 5823
5824 5823 5825
5824 5825 5826
5825 5827 5828
5825 5828 5826
5828 5827 5829
5828 5829 5830
5830 5829 5831
5830 5831 5832
5832 5831 5833
5832 5833 5834
5835 5836 5834
5835 5834 5833
5836 5835 5837
5836 5837 5838
5839 5840 5841
5839 5841 5842
5840 5843 5844
5840 5844 5841
5842 5841 5845
5842 5845 5846
5841 5844 5847
5841 5847 5845
5848 5846 5845
5848 5845 5849
5849 5845 5847
5849 5847 5831
5849 5831 5829
5849 5829 5850
5851 5848 5849
5851 5849 5850
5844 5852 5833
5844 5833 5847
5852 5844 5853
5852 5853 5854
5523 5825 5823
5523 5823 5524
5855 5525 5528
5855 5528 5856
5856 5528 5857
5856 5857 5858
5858 5857 5859
5858 5859 5860
5860 5859 5861
5860 5861 5862
5517 5863 5520
5517 5520 5519
5518 5517 5519
5518 5519 5524
5823 5518 5524
5864 5865 5866
5864 5866 5867
5868 5869 5870
5868 5870 5871
5872 5873 5874
5872 5874 5875
5876 5874 5873
5876 5873 5877
5878 5876 5877
5878 5877 5848
5879 5878 5848
5879 5848 5851
5880 5881 5882
5880 5882 5883
5881 5880 5884
5881 5884 5885
5742 5886 5887
5742 5887 5749
5744 5886 5742
5749 5887 5888
5889 5890 5891
5889 5891 5892
5893 5894 5895
5893 5895 5896
5850 5829 5827
5850 5827 5897
5898 5850 5897
5876 5878 5899
5876 5899 5900
5520 5901 5902
5520 5902 5521
5863 5901 5520
5903 5904 5905
5903 5905 5906
5901 5863 5907
5907 5863 5908
5907 5908 5909
5910 5911 5912
5910 5912 5913
5876 5868 5911
5876 5911 5910
5914 5915 5916
5914 5916 5917
5918 5919 5917
5918 5917 5916
5904 5903 5915
5904 5915 5914
5920 5921 5922
5920 5922 5923
5923 5922 5924
5923 5924 5925
5890 5889 5926
5890 5926 5927
5928 5929 5930
5931 5932 5929
5931 5929 5928
5933 5934 5935
5933 5935 5936
5937 5938 5932
5937 5932 5931
5936 5935 5939
5936 5939 5940
5941 5942 5938
5941 5938 5937
5940 5939 5943
5940 5943 5944
5945 5946 5947
5948 5894 5893
5948 5893 5949
5950 5951 5945
5950 5945 5952
5953 5954 5955
5953 5955 5956
5956 5955 5957
5956 5957 5958
5958 5957 5959
5958 5959 5960
5961 5962 5963
5961 5963 5964
5964 5963 5965
5964 5965 5966
5967 5968 5969
5967 5969 5970
5971 5972 5973
5971 5973 5974
5975 5976 5977
5975 5977 5978
5979 5980 5981
5979 5981 5982
5983 5984 5985
5983 5985 5986
5987 5988 5989
5987 5989 5990
5988 5987 5991
5988 5991 5992
5992 5991 5993
5992 5993 5994
5995 5996 5997
5995 5997 5998
5999 6000 6001
5999 6001 6002
6002 6001 6003
6002 6003 6004
5742 5751 5743
6005 6006 6007
6005 6007 6008
6009 6010 6011
6009 6011 6012
5377 5376 5482
6013 6014 6015
6013 6015 6016
6017 6018 6019
6017 6019 6020
6018 6017 5592
6018 5592 5756
6021 6022 6023
6021 6023 6024
6025 6021 6024
6026 6027 6028
6026 6028 6029
6030 5773 6031
6030 6031 6032
6033 6034 6035
6033 6035 6036
5363 5362 5394
6037 6038 6039
6037 6039 6040
5690 6041 6038
5690 6038 6037
6042 6043 6044
6042 6044 6045
6045 6044 6046
6045 6046 6047
6047 6046 6048
6047 6048 6049
6050 6051 6052
6050 6052 6053
6053 6052 6054
6053 6054 6055
6056 6057 6058
6056 6058 6059
6059 6058 6060
6061 6062 6063
6061 6063 6064
6065 6066 5906
6065 5906 6067
6068 6065 6067
6068 6067 6069
5902 6068 6069
5902 6069 5521
6070 6071 6072
6070 6072 6073
6074 6075 6073
6074 6073 6072
6076 6077 6075
6076 6075 6074
6078 6079 6077
6078 6077 6076
6080 6081 6079
6080 6079 6078
6082 6083 6081
6082 6081 6080
6083 6082 6084
6083 6084 6085
6086 6087 6088
6086 6088 6089
6089 6088 6090
6089 6090 6091
6091 6090 6092
6091 6092 6093
6094 6095 6096
6097 6098 6099
6100 6099 6101
6102 6103 6101
5906 6066 6104
5906 6104 6102
5526 6105 5691
5526 5691 5527
5434 5433 5430
5434 5430 5429
5328 6106 6107
5328 6107 6108
6109 6110 6111
6109 6111 6112
6113 6114 6115
6113 6115 6116
6114 6113 6117
6114 6117 5388
5543 6118 6119
5543 6119 5544
6071 6070 6116
6071 6116 6115
5851 5898 6120
5851 6120 5879
6121 5899 5878
6121 5878 5879
6122 6069 6067
6123 5866 5865
5966 5965 6124
6125 6043 6042
5906 5905 6122
5906 6122 6067
6126 6127 6128
6120 6121 5879
5599 6129 6130
6131 6132 6133
6133 6132 5328
6133 5328 6108
5490 5489 6134
5490 6134 5739
6132 6135 5328
6136 6137 6138
6136 6138 6139
6137 6136 5819
6137 5819 5818
5814 6140 5815
5515 5908 5863
5515 5863 5517
6141 5736 5735
6141 5735 6142
6143 6141 6142
5328 6144 5327
5868 5876 5900
6145 6146 6147
6145 6147 6148
5815 6140 6149
6150 5708 5713
5361 6151 5362
5822 5823 5824
5618 6152 5619
6153 5617 5616
5691 6041 5690
5527 5690 5689
5817 5816 6154
5817 6154 6155
6156 6157 6158
6156 6158 6159
5898 5851 5850
6160 5337 5333
5343 6161 5344
5831 5847 5833
5790 5793 5796
6100 6101 6103
6102 6104 6103
6097 6099 6100
5458 5539 5386
6162 6163 6164
6162 6164 6165
6165 6164 6166
6165 6166 6167
6168 6169 6170
6171 6172 6173
6171 6173 6174
6175 6171 6174
6175 6174 6176
6177 6178 6179
6177 6179 6180
6181 6182 6183
6184 6185 6186
6184 6186 6187
6188 6189 6190
6188 6190 6191
6192 6193 6194
6192 6194 6195
6196 6197 6198
6196 6198 6199
6199 6198 6200
6199 6200 6201
6202 6178 6177
6202 6177 6203
6204 6205 5359
6204 5359 6206
6207 6208 6209
6160 5333 5335
6210 6211 6212
6213 6214 6215
5344 5340 5342
6210 6216 6217
6206 5359 6218
6206 6218 6219
6209 6208 6184
6209 6184 6187
6215 6214 6188
6215 6188 6191
6219 6218 6220
6219 6220 6221
6221 6220 6197
6221 6197 6196
6186 6185 6202
6186 6202 6203
6190 6189 6163
6190 6163 6162
6222 6223 6173
6222 6173 6172
6224 6225 6226
6227 6228 6229
6227 6229 6230
6179 6230 6229
6179 6229 6180
6166 6224 6226
6166 6226 6167
6175 6176 6194
6175 6194 6193
6200 6183 6182
6200 6182 6201
6168 6223 6222
6168 6222 6169
6231 6232 6093
6231 6093 6092
6233 6234 6235
6234 6233 6236
6234 6236 6237
6238 6239 6237
6238 6237 6236
6238 6240 6241
6239 6238 6241
6111 6242 6112
6243 6244 6245
6243 6245 6246
6247 6248 6249
6247 6249 6250
6247 6250 6251
6247 6251 6252
6252 6251 6253
6252 6253 6254
6254 6253 6255
6254 6255 6256
6257 6258 6256
6257 6256 6255
6258 6257 6259
6258 6259 6260
5563 5562 6260
5563 6260 6259
6110 6109 6261
6110 6261 6262
6107 6106 6263
6107 6263 6264
5437 5432 5431
5437 5431 5438
6262 6261 5558
6262 5558 5557
6264 6263 6265
6264 6265 6266
6249 6248 6244
6249 6244 6243
6267 6266 6265
6267 6265 6268
6269 6270 6119
6269 6119 6118
5400 6114 5388
6036 6035 5864
6036 5864 5867
5868 5900 5869
6031 5773 6026
6031 6026 6029
6271 5774 5777
6028 6027 6272
6028 6272 6273
5775 6274 6275
5775 6275 5776
5870 6276 6277
5870 6277 5871
6033 6278 6279
6033 6279 6034
5489 5484 5773
5489 5773 6030
6135 6144 5328
6134 5489 6030
6134 6030 6280
6281 6280 6030
6281 6030 6032
6130 5596 5599
5952 5945 5947
6058 6282 6060
5415 5418 5414
5336 5337 5341
6217 6216 6283
5346 6284 6285
5346 6285 5334
6205 6204 6284
5374 6286 5358
5374 5358 5357
5381 6287 6286
5381 6286 5374
6287 5381 5383
6287 5383 6288
5355 5357 5360
5355 5360 5356
5356 5360 5350
5356 5350 5349
5334 6216 5335
5318 5317 5319
5318 5319 5321
5361 5363 5393
5361 5393 6289
6290 5361 6289
6290 6289 6291
6292 6290 6291
6293 6294 6295
5454 5908 5515
5454 5515 5455
5454 6296 5909
5454 5909 5908
5456 6297 6296
5456 6296 5454
6298 6299 6297
6298 6297 5456
5392 5394 6299
5392 6299 6298
5457 5401 5455
6300 5389 5388
6300 5388 6117
6288 5383 5389
6288 5389 6300
5308 5306 5309
5308 5307 5306
5425 5312 5311
5442 5425 5311
5445 5311 5444
5510 5507 5508
5380 5385 5390
5380 5390 5382
6169 6301 6170
6210 6217 6211
5378 5380 5382
5378 5382 5373
5372 5375 5378
5372 5378 5373
5653 5651 5647
5540 5399 5391
5540 5391 5387
5387 5391 5390
5387 5390 5385
5368 6298 5456
5368 5456 5401
5371 5392 6298
5371 6298 5368
5364 5393 5392
5364 5392 5371
5367 6289 5393
5367 5393 5364
5396 6291 6289
5396 6289 5367
5398 6292 6291
5398 6291 5396
6302 6207 6209
5373 5381 5374
5372 5374 5357
5350 5360 5359
5350 5359 6205
5350 6205 6284
5350 6284 5346
6303 6304 6305
5397 6306 6307
5398 6308 6309
6310 6292 6311
6292 6309 6311
6308 5398 6307
5398 5397 6307
6292 5398 6309
6293 6303 6294
6216 5334 6283
5334 6285 6283
6312 6313 6310
6292 6314 6290
6310 6315 6314
5272 5296 5290
6303 6305 6294
6316 6295 6317
6316 6317 6318
6293 6295 6316
6304 6303 6319
6320 6304 6319
6321 6320 6319
6322 6320 6321
5301 6323 5299
6324 6322 6321
5299 5300 5239
5300 6325 5258
5241 5247 5212
5241 5245 5247
6326 6327 6328
6292 6310 6314
6313 6315 6310
6325 6329 5258
6330 6331 6332
6333 6334 6335
6333 6335 6336
6331 6330 6337
6331 6337 6338
6339 6338 6333
6339 6333 6340
6341 6336 6342
6342 6343 6344
6340 6333 6336
6340 6336 6341
6345 6331 6338
6345 6338 6339
6334 6333 6338
6334 6338 6337
6346 6343 6336
6346 6336 6335
6332 6331 6347
6347 6331 6345
6344 6343 6346
6348 6349 6350
6348 6350 6351
6352 6353 6354
6355 6356 6357
6355 6357 6358
6351 6350 6356
6351 6356 6355
6358 6357 6359
6358 6359 6360
6360 6359 6353
6360 6353 6352
6361 6362 6363
6364 6365 6366
6367 6368 6369
6367 6369 6370
6365 6371 6372
6369 6365 6364
6369 6364 6373
6362 6374 6363
6375 6376 6377
6378 6379 6380
6378 6380 6381
6382 6383 6384
6385 6386 6387
6388 6389 6390
6391 6385 6387
6391 6387 6392
6393 6394 6395
6393 6395 6392
6389 6396 6390
6392 6387 6397
6392 6397 6393
6398 6389 6388
6398 6388 6399
6386 6400 6387
6400 6397 6387
6401 6402 6403
6404 6405 6406
6404 6406 6407
6402 6404 6407
6402 6407 6403
6408 6409 6410
6365 6369 6368
6365 6368 6371
6369 6373 6411
6369 6411 6370
6380 6379 6382
6380 6382 6384
6411 6361 6363
6411 6363 6370
6370 6363 6374
6370 6374 6367
6377 6376 6378
6377 6378 6381
6412 6413 6414
6415 6416 6417
6415 6417 6418
6412 6419 6420
6412 6420 6413
6421 6422 6423
6421 6423 6424
6425 6418 6426
6427 6415 6418
6427 6418 6425
6428 6413 6420
6428 6420 6429
6416 6415 6423
6416 6423 6430
6418 6417 6426
6431 6414 6432
6433 6434 6435
6436 6437 6438
6436 6438 6439
6440 6441 6442
6440 6442 6443
6444 6445 6446
6444 6446 6447
6447 6446 6448
6432 6414 6413
6441 6435 6434
6441 6434 6442
6449 6414 6431
6432 6413 6428
6412 6414 6449
6450 6451 6452
6453 6454 6455
6453 6455 6456
6450 6452 6457
6450 6457 6458
6459 6460 6461
6459 6461 6462
6463 6464 6456
6456 6455 6465
6456 6465 6463
6457 6452 6466
6457 6466 6467
6461 6455 6454
6461 6454 6468
6456 6464 6453
6469 6470 6451
6471 6472 6473
6474 6475 6476
6474 6476 6477
6478 6479 6480
6478 6480 6481
6482 6483 6484
6482 6484 6485
6483 6486 6484
6470 6452 6451
6473 6472 6479
6473 6479 6478
6487 6469 6451
6470 6466 6452
6450 6487 6451
6342 6336 6343
6398 6488 6396
6398 6396 6389
6395 6398 6399
6395 6399 6489
6490 6491 6408
6490 6408 6410
6395 6394 6488
6395 6488 6398
6490 6406 6405
6490 6405 6491
6395 6489 6391
6395 6391 6392
6492 6458 6457
6492 6457 6462
6462 6457 6467
6462 6467 6459
6481 6480 6475
6481 6475 6474
6420 6419 6493
6420 6493 6422
6429 6420 6422
6429 6422 6421
6437 6440 6443
6437 6443 6438
6427 6424 6423
6427 6423 6415
6493 6430 6423
6493 6423 6422
6444 6436 6439
6444 6439 6445
6461 6460 6465
6461 6465 6455
6461 6468 6492
6461 6492 6462
6477 6476 6482
6477 6482 6485
6494 6401 6403
